first_gen,child,parent
0,f91c53d7d8b29ec3,
0,a0b436b611e100fc,f91c53d7d8b29ec3
0,21fc892c27168b59,a0b436b611e100fc
0,b02d5eb2f2c61574,21fc892c27168b59
0,8ae50b938e6b0a7c,21fc892c27168b59
0,7bdaf50231edc6f7,
0,401204d38c712500,7bdaf50231edc6f7
0,4d3e2d0349fa3dc2,21fc892c27168b59
0,4cf58c1a4eeb65eb,
0,f655ca00939594fd,4d3e2d0349fa3dc2
0,72b718d15b37adc8,
0,5cbbee990e1f174e,
0,2631a807e53d94d1,
0,5eeb40da6604d084,7bdaf50231edc6f7
0,a49e6c9f58d022c2,5eeb40da6604d084
0,efbda39c88498347,4d3e2d0349fa3dc2
0,49c8c1fe990f7183,efbda39c88498347
0,bae191f5e813507c,efbda39c88498347
0,4caa78a21a3621d7,
0,491621dea2663e7b,
0,68734f34877f8c46,efbda39c88498347
0,f1bf26834c92f1ec,68734f34877f8c46
0,d90d84a9de4bc4ba,efbda39c88498347
0,6c626537d3b97efb,efbda39c88498347
0,066a5d6c59bc69d4,6c626537d3b97efb
0,37c9d9a765ca1302,efbda39c88498347
0,be23d0af0a2ae89f,
0,8556a14901cff8cf,
0,b28552559aa109a9,efbda39c88498347
0,eaac07c58f85608e,
0,460b0fbdb4e76edf,eaac07c58f85608e
0,845c43119eab889d,460b0fbdb4e76edf
0,39aad3b2de05a888,460b0fbdb4e76edf
0,845909ec0b36959b,eaac07c58f85608e
0,af4f4beb944292bd,460b0fbdb4e76edf
0,94e5eaa81cf4870f,460b0fbdb4e76edf
0,cd7872aa20e579fc,5eeb40da6604d084
0,8442f355dbb6d1f6,cd7872aa20e579fc
0,68ed068c6fbcdce1,8442f355dbb6d1f6
0,01843a4c50b02a6f,8442f355dbb6d1f6
0,1937c79725818c42,8442f355dbb6d1f6
0,3d040d7291d31901,8442f355dbb6d1f6
0,25da3c3f31103247,8442f355dbb6d1f6
0,45e1b6c3aa702c8b,8442f355dbb6d1f6
0,7adb7d7fd02daf61,8442f355dbb6d1f6
0,219f9b5db78f37e0,8442f355dbb6d1f6
0,b4c36b313e42dfa5,8442f355dbb6d1f6
0,3c3fcda31c5c7cef,8442f355dbb6d1f6
0,231cc5c1410e6b7b,8442f355dbb6d1f6
0,8a30c267333879d1,8442f355dbb6d1f6
0,b28ac4877112faa0,efbda39c88498347
0,ff9fe20cc72bad77,b28ac4877112faa0
0,3ccd47ec3a11f922,b28ac4877112faa0
0,479be21e70e123ee,cd7872aa20e579fc
0,1e0138540753b05b,b28ac4877112faa0
0,8a99a5c2e72e9ac2,b28ac4877112faa0
0,11ad4c52a412eb4d,01843a4c50b02a6f
0,6fc1ffb3f03643b8,1937c79725818c42
0,31af35ffb5bb5845,b28ac4877112faa0
0,957a3d51197a93f8,cd7872aa20e579fc
0,ddf35c48e9c0f9a0,b28ac4877112faa0
0,1376a9588c03df46,b28ac4877112faa0
0,5cbb22439fdd90bf,b28ac4877112faa0
0,87f4fac0ebdc9dfe,b28ac4877112faa0
0,2704a17ab31929af,b28ac4877112faa0
0,c21fcd39052b1a40,7adb7d7fd02daf61
0,ce44438b6cba1fe5,b28ac4877112faa0
0,bf58825b5f462946,b28ac4877112faa0
0,bff879a6d563b593,b28ac4877112faa0
0,330aa90b21e174b1,b28ac4877112faa0
0,15b3644127606cad,8442f355dbb6d1f6
0,97c43f1d9faa7c6f,b28ac4877112faa0
0,a07d09e730b6b267,8442f355dbb6d1f6
0,290f35b83b457dd4,b28ac4877112faa0
0,d6a9944b16b0624b,b28ac4877112faa0
0,d2feb9e443b381fe,b28ac4877112faa0
0,044d6d872cf48beb,b28ac4877112faa0
0,981b4e4a66125e71,af4f4beb944292bd
0,bbc5c0a694e0e931,cd7872aa20e579fc
0,d8571e86c1617b58,b28ac4877112faa0
0,95e42e772205990e,d8571e86c1617b58
0,fe2718163f4eae14,981b4e4a66125e71
0,f2f95eeab1f913bf,bbc5c0a694e0e931
0,a3cce038a6f1c0c2,8442f355dbb6d1f6
0,bd2de118e66c6bec,68734f34877f8c46
0,a38e63effc853067,bd2de118e66c6bec
0,12cebbecf233f7da,bd2de118e66c6bec
0,6755573266345ece,b28ac4877112faa0
0,f06cccc0f27bed17,b28ac4877112faa0
0,5ee4c482842d6b0a,
0,e2116baac8bdde79,
0,d94712dda796a11a,4d3e2d0349fa3dc2
0,5ff13cf2d43cbe96,4d3e2d0349fa3dc2
0,833163e2e0a8159f,d8571e86c1617b58
0,07b00aa38ae053d2,68734f34877f8c46
0,18c91d487724527f,ce44438b6cba1fe5
0,f347b8c69475d763,efbda39c88498347
0,1a58a0643ff24962,68734f34877f8c46
0,55c6ea532e29fe80,68734f34877f8c46
0,05e15340b320088b,
0,65cc69c328ea35e7,
0,b635671650ce1f9f,b28ac4877112faa0
0,102be626f7e10cbc,b28ac4877112faa0
0,d9c5ef293e02a55a,b28ac4877112faa0
0,7021945cf167e827,3ccd47ec3a11f922
0,3b40a1a12f2e1e6f,8442f355dbb6d1f6
0,dc34b583b479060d,01843a4c50b02a6f
0,cbcc83cc8f10d570,01843a4c50b02a6f
0,7fd73e5404e25597,bbc5c0a694e0e931
0,b8e5f9276a4f1995,d6a9944b16b0624b
0,98ee4949ccc0f470,d8571e86c1617b58
0,7680378a9467b618,d8571e86c1617b58
0,4a5a7c5a60e50866,d8571e86c1617b58
0,53d4dc3903ad9e94,d8571e86c1617b58
0,b1cea5c5cde529fa,f2f95eeab1f913bf
0,72c9aa6b3a972c03,bd2de118e66c6bec
0,0e8ace00c0fc3dde,72c9aa6b3a972c03
0,59e9f035ccdf6586,a3cce038a6f1c0c2
0,fadf98998ab23309,bd2de118e66c6bec
0,5f9efa53b14e64e8,4d3e2d0349fa3dc2
0,97454fc1bfb0cb21,4d3e2d0349fa3dc2
0,74e523945bc82076,b28ac4877112faa0
0,d36c8477f462cb22,efbda39c88498347
0,89c26dcd79f0478b,efbda39c88498347
0,5561a3cad8ff374f,efbda39c88498347
0,9e63271b8afd1bf2,efbda39c88498347
0,39c27d2558afa836,efbda39c88498347
0,0ecd4ced254e83a8,68734f34877f8c46
0,5e5a6c5e75cb1cc3,68734f34877f8c46
0,c5b6fe77fa30894e,8442f355dbb6d1f6
0,68e7675923254034,65cc69c328ea35e7
0,90e0676ff5b5f6e8,b28ac4877112faa0
0,0c6b72fea1538484,b28ac4877112faa0
0,7b69204417c5a640,0c6b72fea1538484
0,bf07e70e7a696abc,b28ac4877112faa0
0,3717ac0d4494b49c,cd7872aa20e579fc
0,18d94c593b508f85,b28ac4877112faa0
0,a3f143b92367fab5,b28ac4877112faa0
0,c4f9ba47ba4eebc9,1376a9588c03df46
0,fc146e28136cff86,ce44438b6cba1fe5
0,2a228ac4e381efca,8442f355dbb6d1f6
0,5a9e9c2fe19f41c3,8442f355dbb6d1f6
0,69b1313c95143e48,330aa90b21e174b1
0,5bce52a45b8663cb,a3cce038a6f1c0c2
0,6369b5aad28f1e04,b28ac4877112faa0
0,4fd0e3cbac7c4702,d8571e86c1617b58
0,70214ae60ffb475a,bbc5c0a694e0e931
0,bf989d30fbbbd884,d8571e86c1617b58
0,d81407cfe692bc2e,d8571e86c1617b58
0,21c8db3bdf9ca541,d8571e86c1617b58
0,0d9e789d168f0771,bd2de118e66c6bec
0,6a033d16ce7f2bd8,bd2de118e66c6bec
0,f0c49fc8945d3b33,bd2de118e66c6bec
0,22883043183ef057,bd2de118e66c6bec
0,ce8e424ba9e215ad,b28ac4877112faa0
0,8bae704fee43e41c,39aad3b2de05a888
0,7b5738efd2ab69c8,d8571e86c1617b58
0,67fa9517c2d7545a,68734f34877f8c46
0,7d434b0d2074442f,4d3e2d0349fa3dc2
0,7a9983eb8a20322c,4d3e2d0349fa3dc2
0,6b883a0a7dd70d5b,4fd0e3cbac7c4702
0,926cde58686a1b03,efbda39c88498347
0,b631d9dba2c2a305,efbda39c88498347
0,10d2ef4060954b85,0ecd4ced254e83a8
0,a1617b4678c38e5d,1a58a0643ff24962
0,ea681c6fa43b2ec3,d90d84a9de4bc4ba
0,9f25c27232628402,68734f34877f8c46
0,0fc58724f2df61b2,8a99a5c2e72e9ac2
0,4d283b00c06b74dc,cd7872aa20e579fc
0,135ba5c25aafb0e5,8442f355dbb6d1f6
0,9d42af6c5d2a3c2e,31af35ffb5bb5845
0,3434acafefe94bbe,cd7872aa20e579fc
0,58ba77c2e5ba90a0,cd7872aa20e579fc
0,790023e6bd9b8a22,290f35b83b457dd4
0,c44936da757b50b9,d6a9944b16b0624b
0,477eec1c0791de25,d6a9944b16b0624b
0,4036310eda10f317,d8571e86c1617b58
0,fdc11668bbdacf72,d8571e86c1617b58
0,0d221985c9af2da6,d8571e86c1617b58
0,3ee8fb54ada56621,d8571e86c1617b58
0,a186554732c5f752,b1cea5c5cde529fa
0,195ee540d339ac14,bd2de118e66c6bec
0,d662a8b6900e75e1,bd2de118e66c6bec
0,a7672cb1ecf0f27e,bd2de118e66c6bec
0,b2750e5d92975204,bd2de118e66c6bec
0,c99f5a160f7334b1,b28ac4877112faa0
1,b8aea599a4584465,d8571e86c1617b58
1,3f01903e159d7caa,68734f34877f8c46
1,8e5ee8c1e0ec33e2,68734f34877f8c46
1,9285249b16c4bd41,68734f34877f8c46
1,418490592739db19,f655ca00939594fd
1,ead59b938c1fa6db,07b00aa38ae053d2
1,0e00a64e3cf66621,07b00aa38ae053d2
1,e828f70337879fd1,68734f34877f8c46
1,d44d3d7d98e75ccf,efbda39c88498347
1,232239254a5e3a12,efbda39c88498347
1,130d368e5780ffd7,a07d09e730b6b267
1,ac82776dc525bad5,68734f34877f8c46
1,886ccdabc9b99cce,68734f34877f8c46
1,3ee34819368b8241,1a58a0643ff24962
1,a56d391ec23f3fba,1a58a0643ff24962
1,d1abbd04f1d539fb,68734f34877f8c46
1,666988596c4caa90,68734f34877f8c46
1,fd9ae2bc67c48c3e,68734f34877f8c46
1,619e9a287f8a6119,68734f34877f8c46
1,33023cd271b082ad,68734f34877f8c46
1,42447fd64589ef05,68734f34877f8c46
1,043cf0bfd8669805,68734f34877f8c46
1,1bf388c13cd9063c,eaac07c58f85608e
1,a80d74a14370c8e4,d8571e86c1617b58
1,8d9ed157a99edac0,9f25c27232628402
1,50465841ebd83190,68734f34877f8c46
1,6556c19b29ddaaed,
1,949ffea43fb78f48,68734f34877f8c46
1,297ddccfcabac1e1,af4f4beb944292bd
1,04bc4f61b8157a4c,3ccd47ec3a11f922
1,4688eced01a3a121,8442f355dbb6d1f6
1,c044bea048e607ac,330aa90b21e174b1
1,5cf3d2554b4fc156,a07d09e730b6b267
1,ee7f2a92d26c40b4,290f35b83b457dd4
1,26da1428eae9f833,290f35b83b457dd4
1,33695b51aaa46be7,fdc11668bbdacf72
1,5eed93b5603e0c47,290f35b83b457dd4
1,009d6b93fc25c8ba,290f35b83b457dd4
1,7838aad981b1b7ca,290f35b83b457dd4
1,7954e52a3b86e38c,a07d09e730b6b267
1,737dde18f2c1af28,d6a9944b16b0624b
1,103b3532854852e8,bbc5c0a694e0e931
1,01b59bc0d14e5c80,fdc11668bbdacf72
1,1c40a8069d85d33c,d6a9944b16b0624b
1,3648ac79ed30d619,b8e5f9276a4f1995
1,bd01cead17c44bf2,bbc5c0a694e0e931
1,b041e5796ff9e8c3,4fd0e3cbac7c4702
1,2891cd2cc1b1b090,b28ac4877112faa0
1,6ee813409fc9a3cf,102be626f7e10cbc
1,b060c24946554174,a186554732c5f752
1,a88f2479123efb34,d8571e86c1617b58
1,2fbe1570d4c87b31,d8571e86c1617b58
1,0ecb3785133391ab,d8571e86c1617b58
1,4a4f709ccec2dad8,d8571e86c1617b58
1,b2ffb1368e28923f,d8571e86c1617b58
1,96c0b6b6c412731e,d8571e86c1617b58
1,a223e1a4408a812d,d8571e86c1617b58
1,a6fffeba580cfd3b,d8571e86c1617b58
1,68aae48fa69e88e7,d8571e86c1617b58
1,947c4551a8524bac,d8571e86c1617b58
1,884adbb2a9c99b02,d8571e86c1617b58
1,0eec3a10560d8819,d8571e86c1617b58
1,17bb964dd1a22f6e,fdc11668bbdacf72
1,590803f128d658c9,d8571e86c1617b58
1,b5c4df2a4b19d47d,d8571e86c1617b58
1,6ff43f828421c265,bd2de118e66c6bec
1,f12334c5ac218098,bd2de118e66c6bec
1,b2c16f0f9becddc7,bd2de118e66c6bec
1,d9d044ff9b7d660a,bd2de118e66c6bec
1,3fd1d553d57c6cd6,bd2de118e66c6bec
1,fb5a4cbb99c5db59,bd2de118e66c6bec
1,673d370dfbfee611,bd2de118e66c6bec
1,a22c08603b5646ae,bd2de118e66c6bec
1,9924b4ed46c4c50a,bd2de118e66c6bec
1,7d71e486ac1e7e3d,bd2de118e66c6bec
1,172aaae11c2f73c8,bd2de118e66c6bec
1,2b2556883f44ea21,bd2de118e66c6bec
1,180f84a068678edc,bd2de118e66c6bec
1,7720a1efc4c6b93b,b1cea5c5cde529fa
1,46a4e69f18c355a1,a3cce038a6f1c0c2
1,3da1717015380c7c,bd2de118e66c6bec
1,f3f4de9672d02ed0,68734f34877f8c46
1,b3424a38adb329d5,d8571e86c1617b58
1,ba51294567554253,290f35b83b457dd4
1,d2ffc20dc3792f77,b1cea5c5cde529fa
1,a62ade78d3e18740,d1abbd04f1d539fb
1,8ab119884de0038c,
1,1a893149d7a510a4,4d3e2d0349fa3dc2
1,e5dde21e5086e295,b1cea5c5cde529fa
1,fccd2409b56ff065,e5dde21e5086e295
1,01d6b702d84f3b84,07b00aa38ae053d2
1,7d7e9fc60924557e,07b00aa38ae053d2
1,a5a58b1bee2d4cd1,07b00aa38ae053d2
1,18be9a1bce9eb134,07b00aa38ae053d2
1,b8b4987662455476,e5dde21e5086e295
1,7f9674328cda7c23,e5dde21e5086e295
1,76268f3393a99ada,e5dde21e5086e295
1,2522087e280efc69,07b00aa38ae053d2
1,07594d2d93ddc562,68734f34877f8c46
1,e26a17573faeaf52,efbda39c88498347
1,bc2bb692440af925,1a58a0643ff24962
1,0766971349dcac69,fdc11668bbdacf72
1,6336de5003fc3cda,3ee34819368b8241
1,c66017bb03dbc963,1a58a0643ff24962
1,396453bfefae3156,b1cea5c5cde529fa
1,0edb14001b769711,396453bfefae3156
1,7ce97410598935df,68734f34877f8c46
1,a901f2c45e4ca410,68734f34877f8c46
1,88106f18486191aa,68734f34877f8c46
1,213045ba77ae1e21,68734f34877f8c46
1,9f4c40c1a3bfc110,396453bfefae3156
1,2ba918a0d12be6be,5e5a6c5e75cb1cc3
1,476abf2257c4ae31,68734f34877f8c46
1,564914705f49651e,68734f34877f8c46
1,ede892db28351465,396453bfefae3156
1,c0cdf756b722d1db,68734f34877f8c46
1,ee56750777eb3006,396453bfefae3156
1,4f3a94ffd2af9604,d8571e86c1617b58
1,f806320690848204,d8571e86c1617b58
1,4276c1b4d73fe3db,68734f34877f8c46
1,8b22084401535ba8,290f35b83b457dd4
1,969ffa893804bd74,b1cea5c5cde529fa
1,0aeba8073729f420,5bce52a45b8663cb
1,69c0828483fc523e,d6a9944b16b0624b
1,2a1a69131865ddd0,d6a9944b16b0624b
1,8f21165c44eec015,b060c24946554174
1,38eaa9564e5b9448,8f21165c44eec015
1,517190d4ab1dcb9a,d8571e86c1617b58
1,71a731bbebcc7792,d8571e86c1617b58
1,aa02efd6fac42a83,d8571e86c1617b58
1,5ba2a70d0159db7e,d8571e86c1617b58
1,1318f00725a02624,4fd0e3cbac7c4702
1,ed7b36fc307f2331,b1cea5c5cde529fa
1,6021810fb7dedb47,b1cea5c5cde529fa
1,5054ea5edcdeaa25,b1cea5c5cde529fa
1,1ef2baa5d4cb6e52,b1cea5c5cde529fa
1,4a4dccecd704b18c,b1cea5c5cde529fa
1,d9c9abdf38e4734f,b1cea5c5cde529fa
1,16c983a55d498b7b,bd2de118e66c6bec
1,50301502886ca94a,bd2de118e66c6bec
1,2dbc8bfb22ff0051,b1cea5c5cde529fa
1,9101c26f6475ec77,b1cea5c5cde529fa
1,2226454f211529da,b1cea5c5cde529fa
1,72749fe41bce3b8d,a3cce038a6f1c0c2
1,630f86aa41d8cd43,b1cea5c5cde529fa
1,b968dd9a8de28f19,d8571e86c1617b58
1,c2e0011c006d61da,396453bfefae3156
1,a582ff85cb717c76,68734f34877f8c46
1,05fd8ce22c8fc43c,d6a9944b16b0624b
1,d05a9ec7d11fcdca,d8571e86c1617b58
1,e39e7c4783e26db1,68734f34877f8c46
1,c6c2e4f8b9dee5e1,bbc5c0a694e0e931
1,e038ff1cf8abe293,d8571e86c1617b58
1,d30ea822a57e79f9,4fd0e3cbac7c4702
1,09d97169affc942f,7bdaf50231edc6f7
1,fae56af2d56259bd,833163e2e0a8159f
1,c37bea5563a20120,
1,7cd877f02854ccdf,833163e2e0a8159f
1,e69fc031ddeb2b35,833163e2e0a8159f
1,9af7899f2a7aa98c,07b00aa38ae053d2
1,875503edc4eb6551,efbda39c88498347
1,2beec823b7179504,1a58a0643ff24962
1,c87a531ec0b10063,1a58a0643ff24962
1,ab11cca74873ab05,6336de5003fc3cda
1,bec453727e4cd743,68734f34877f8c46
1,b7498810e48c52f6,68734f34877f8c46
1,7e24cf0e5b898a57,68734f34877f8c46
1,5fa461bc2a32b77c,68734f34877f8c46
1,b40499d45c3f80ec,043cf0bfd8669805
1,a9da869d11faead8,9f25c27232628402
1,1d3886827f7c3b3d,a80d74a14370c8e4
1,38a5b6537d0e3eda,d6a9944b16b0624b
1,96e60c5175d747dd,d8571e86c1617b58
1,5bfbbd235304df57,884adbb2a9c99b02
1,26719c3d0c8b5edd,d8571e86c1617b58
1,9d1adf6d563efce2,39aad3b2de05a888
1,aa7917f17518de3d,cd7872aa20e579fc
1,a2bfc4e96157cf27,290f35b83b457dd4
1,667d06cb85efe661,290f35b83b457dd4
1,f42c94661b3fafd2,d6a9944b16b0624b
1,d4cc7792ecd3627d,d8571e86c1617b58
1,66c0811f71ada452,d8571e86c1617b58
1,9d6ce46d2856463a,4fd0e3cbac7c4702
1,6035d1c589262879,4fd0e3cbac7c4702
1,8ff938a4432f8ad7,884adbb2a9c99b02
1,1de0201e642c0a3c,21c8db3bdf9ca541
1,f9ef0c6e559a9829,a3cce038a6f1c0c2
1,f93d62d0e0773e32,a3cce038a6f1c0c2
1,77154b3b45f3989e,bd2de118e66c6bec
1,502e3459da0ff1b0,180f84a068678edc
1,652320f155571fd6,d6a9944b16b0624b
1,7fbfddb269d294d5,a186554732c5f752
1,daf8f71cfaf3457d,68734f34877f8c46
1,10ae3c7a2d3b6da6,103b3532854852e8
1,858eede96471a5d3,4d283b00c06b74dc
1,526e2eb5db58534a,fdc11668bbdacf72
1,02a4cb3b25b24e90,833163e2e0a8159f
1,5493d796909161cb,7fbfddb269d294d5
1,7311ba6cf5e2ab54,07b00aa38ae053d2
1,71adfdda8708e6d0,4d283b00c06b74dc
1,65f986809114052c,213045ba77ae1e21
1,479d2af3bedbd598,1a58a0643ff24962
1,1da9ec7d366f0a0b,1a58a0643ff24962
1,85a8b729772c7bdb,5493d796909161cb
1,7c4612a18e6813f1,68734f34877f8c46
1,0b909261f3677416,68734f34877f8c46
1,eb4d520900745239,68734f34877f8c46
1,ed5e33acc33a1612,68734f34877f8c46
1,f0e6f2d52accc3b0,68734f34877f8c46
1,df96bfeb88fc5f01,d90d84a9de4bc4ba
1,82809b7694707a9a,fdc11668bbdacf72
1,ee52576bb5de1651,
1,36a5b7a1b3a943a0,a80d74a14370c8e4
1,aa09b6397183c15b,68734f34877f8c46
1,b16ad3db1edf553c,68734f34877f8c46
1,5836393c079778be,6a033d16ce7f2bd8
1,9a4e3a7ef5784260,ddf35c48e9c0f9a0
1,2afaadef9e879184,4d283b00c06b74dc
1,9f04df948fd98ed7,8442f355dbb6d1f6
1,d979c70d416fb21e,d6a9944b16b0624b
1,701f605169aab7b7,b060c24946554174
1,a5b78bb0e4c9c412,fdc11668bbdacf72
1,3c7fed71cf832398,fdc11668bbdacf72
1,a13e61646c8a9996,d4cc7792ecd3627d
1,05bfa76b0773728c,fdc11668bbdacf72
1,6057d0b0e8dcf563,fdc11668bbdacf72
1,d53a7b784aa5cf75,4a4f709ccec2dad8
1,a61744f40c6119b1,4fd0e3cbac7c4702
1,67f3d87a5db7ab3b,fdc11668bbdacf72
1,353b42fc3dc6f282,fdc11668bbdacf72
1,c3a3af24e1662981,b060c24946554174
1,382de6a0f828ce1e,fdc11668bbdacf72
1,dfc29c7a62cb8a99,d4cc7792ecd3627d
1,be037844abe3dc21,fdc11668bbdacf72
1,5d87200594418c89,be037844abe3dc21
1,86c482b9c00dc6cb,4fd0e3cbac7c4702
1,140b24dfd2242914,fdc11668bbdacf72
1,4775a45038bd9768,a186554732c5f752
1,7593d80cf384ec03,a186554732c5f752
1,61616947faa8b7c1,a186554732c5f752
1,3caead0b8144ee65,a186554732c5f752
1,27bb5f4944632bb4,a186554732c5f752
1,b940cd761cd136d4,b1cea5c5cde529fa
1,8659b94fa47c4735,bd2de118e66c6bec
1,3888a2f4cabbaea7,bd2de118e66c6bec
1,3ef3dd7ae493b0c7,b1cea5c5cde529fa
1,c7e154238b0b6cc8,b1cea5c5cde529fa
1,57116d265295ee7e,b1cea5c5cde529fa
1,1705cc2487e2acd1,85a8b729772c7bdb
2,3b6aaa13376b234a,d1abbd04f1d539fb
2,367b4bf27f8b9dca,b060c24946554174
2,6c1bae5834f5f538,5493d796909161cb
2,01c5f5711488b5e4,6c1bae5834f5f538
2,16a0f29cd516ac5b,5493d796909161cb
2,be77f9ce2c229ca3,07b00aa38ae053d2
2,03466768c83da5d7,
2,0548a6ce36cb19bd,526e2eb5db58534a
2,b566536cb9beff18,7f9674328cda7c23
2,5595a4ace95038fd,68734f34877f8c46
2,eff4dff746f7159f,0ecd4ced254e83a8
2,2c6f528a61d12548,68734f34877f8c46
2,0f51e08fcdb24b42,68734f34877f8c46
2,24dade609966f6d1,6c1bae5834f5f538
2,7256d090a93d8e13,1a58a0643ff24962
2,34f7df3107305778,1a58a0643ff24962
2,1f90a3b8d8c3be89,1a58a0643ff24962
2,8ab7eae4f972596f,1a58a0643ff24962
2,b95ca3629acfd4a2,68734f34877f8c46
2,d2112c7eb1bf8ef8,68734f34877f8c46
2,da075888ae61794e,9f4c40c1a3bfc110
2,1945ee6569685214,d1abbd04f1d539fb
2,797cb35fccdaa35f,68734f34877f8c46
2,63d80b17b3c9d8e3,68734f34877f8c46
2,28dd880ca93b6cda,fd9ae2bc67c48c3e
2,d2f282bdc9252620,d1abbd04f1d539fb
2,bc438d7c534bfd23,68734f34877f8c46
2,7b16e7f8f4255580,85a8b729772c7bdb
2,1f82e784ccf258b8,6fc1ffb3f03643b8
2,b81d8c0c07780a91,82809b7694707a9a
2,964d813a45c26dc7,82809b7694707a9a
2,6b2bb8063d36c532,ee56750777eb3006
2,60df1b94d17ba432,b060c24946554174
2,55ead15481c49cb1,cd7872aa20e579fc
2,382cbac4f9727246,a07d09e730b6b267
2,05179766762f72c2,b060c24946554174
2,ee5e47ba37e938aa,d6a9944b16b0624b
2,1bd48307e723cd84,d6a9944b16b0624b
2,c8d06a21beec725f,b060c24946554174
2,c326aeb6a62b72e8,4fd0e3cbac7c4702
2,eb7fc97b10ea6ba6,4fd0e3cbac7c4702
2,de3cd09eeeabff0f,d8571e86c1617b58
2,c8badc6b19a02e43,d8571e86c1617b58
2,6db25379fcfd83da,b060c24946554174
2,cf541429860d692e,b1cea5c5cde529fa
2,a7d0821e14b707ed,a3cce038a6f1c0c2
2,bfbcde76eb19f014,7fbfddb269d294d5
2,d9134feb0cbc1dcd,d8571e86c1617b58
2,1116b0dc7c20037c,396453bfefae3156
2,0abc1e5053c63cfa,e5dde21e5086e295
2,2558899e48f6d507,5493d796909161cb
2,154e8ff3c6aa8f91,07b00aa38ae053d2
2,33f5a647c6dd6d33,07b00aa38ae053d2
2,7a58630ac0fb4b9b,07b00aa38ae053d2
2,8a0c994a8e96f40c,5493d796909161cb
2,492e2e7a0c7a37ce,9af7899f2a7aa98c
2,5c65a4aee2c31dc8,5493d796909161cb
2,e484daca12c0be0e,5c65a4aee2c31dc8
2,cb3765f50ceb57f8,1116b0dc7c20037c
2,4f960c621acea068,24dade609966f6d1
2,d6a2e9c376fb9bae,1a58a0643ff24962
2,8abf1388d1710766,1a58a0643ff24962
2,feaa64d701ca83e1,
2,5fa1f56b1af97f8d,1a58a0643ff24962
2,a4e41a2500a10776,1a58a0643ff24962
2,2dea2f567171906e,396453bfefae3156
2,888278f29befccdb,396453bfefae3156
2,3158b9412bc9cdb9,85a8b729772c7bdb
2,d9d6e0d4314248b7,68734f34877f8c46
2,4de1e2b3b7c89fcc,68734f34877f8c46
2,7f2a07011afce2f4,85a8b729772c7bdb
2,d76e883f4d00bc82,7b16e7f8f4255580
2,f17510c07c0d2916,85a8b729772c7bdb
2,8cf0f725f5ab16b3,ee56750777eb3006
2,94f709ffd79f17f8,ee56750777eb3006
2,ced7ebcac4d7a088,1116b0dc7c20037c
2,c3bdc2638e564923,1116b0dc7c20037c
2,050003021c4e49bc,a07d09e730b6b267
2,da8684eaa219bbde,d6a9944b16b0624b
2,894d0ffa0dd95f17,8f21165c44eec015
2,94958d16ada9e684,d8571e86c1617b58
2,cddaaa003ef2937e,b1cea5c5cde529fa
2,76a18280463e2cd4,b1cea5c5cde529fa
2,f1cfd4397e905183,b1cea5c5cde529fa
2,c8a74d48c857e9ba,b1cea5c5cde529fa
2,d39bee4853b7e624,b1cea5c5cde529fa
2,5cda8f22a7992ebc,b1cea5c5cde529fa
2,b0159b8405fc7492,b1cea5c5cde529fa
2,e6fbb57666f36365,b1cea5c5cde529fa
2,7cdde7fbf763c3c3,b1cea5c5cde529fa
2,c3a568b7598c3417,b1cea5c5cde529fa
2,c9511a2c4cb11507,a3cce038a6f1c0c2
2,ffde288769efeed6,4f960c621acea068
2,46b6167fefcea286,3158b9412bc9cdb9
2,5bd20c8e746f1bb7,9f4c40c1a3bfc110
2,cea11849234c4bdd,c2e0011c006d61da
2,58760ec0dfcb1e3f,4fd0e3cbac7c4702
2,f233f3ee23b18dfd,d1abbd04f1d539fb
2,4e758dc4321c3ef0,0b909261f3677416
2,2b9b921e92b128a3,f655ca00939594fd
2,0d01511ec18ae461,526e2eb5db58534a
2,503cc22d5f8277ad,833163e2e0a8159f
2,da1b2e6d6af3b16b,526e2eb5db58534a
2,acb2e2b9f53b656a,e5dde21e5086e295
2,e3ebf08f2319e00a,07b00aa38ae053d2
2,80ce0f8fc811a56d,4fd0e3cbac7c4702
2,65f6c08741d34411,b7498810e48c52f6
2,128b5937ec23423f,68734f34877f8c46
2,75274d2ad8893299,24dade609966f6d1
2,55a0a501b9348b16,1a58a0643ff24962
2,1de15e70717c1289,6336de5003fc3cda
2,b15dee3c2e27d5a7,24dade609966f6d1
2,bbaf2ed4883ba5e4,d1abbd04f1d539fb
2,d8aa6e910ecc4bd0,85a8b729772c7bdb
2,aef08a1c6a637765,ede892db28351465
2,7966d3a37dba3de8,d8571e86c1617b58
2,afc8146575d38338,fdc11668bbdacf72
2,90166ea61a858665,4a5a7c5a60e50866
2,461686855d130299,68aae48fa69e88e7
2,053aada439238539,3888a2f4cabbaea7
2,ad4ca5205056b78c,bd2de118e66c6bec
2,c09794ee75d53fbf,bd2de118e66c6bec
2,19280a93fc5292aa,a3cce038a6f1c0c2
2,42452265bc8eddc1,172aaae11c2f73c8
2,cfc6ec107a0de641,d6a9944b16b0624b
2,1b693120a3546512,67fa9517c2d7545a
2,714afb837a4c84cd,85a8b729772c7bdb
2,7a1f87a952f54955,fdc11668bbdacf72
2,2542927caef48568,68734f34877f8c46
2,d769fcb670881edb,05bfa76b0773728c
2,b0d8e7383ccb657a,07b00aa38ae053d2
2,f61bc31ca7b3bf4d,a5a58b1bee2d4cd1
2,3a11aa116346611c,d1abbd04f1d539fb
2,6032305b3826521c,ac82776dc525bad5
2,fda3c0c49bddbb38,
2,f881d79c26a1ba25,d1abbd04f1d539fb
2,809b14766f3271fa,24dade609966f6d1
2,c69bdcbc2289fed3,24dade609966f6d1
2,9ba9e93997742fb9,85a8b729772c7bdb
2,f462814a5170ebb1,85a8b729772c7bdb
2,992319bfc717ddb7,68734f34877f8c46
2,6e0cbe506f1407b0,7f2a07011afce2f4
2,082b459d1acdcc3d,9ba9e93997742fb9
2,772c497c52936b5c,d8aa6e910ecc4bd0
2,46168d2b61810385,24dade609966f6d1
2,f2ab4485c4345b42,46168d2b61810385
2,d0fe0b448036617b,9f25c27232628402
2,d7a1f6246274ebdd,68734f34877f8c46
2,c71603bd99b578c9,85a8b729772c7bdb
2,c70bb1f3c764e6c5,85a8b729772c7bdb
2,b6f56e06b3b0c7a1,4d283b00c06b74dc
2,07cdc816b5c5cde5,b060c24946554174
2,71bd2fdec515cf30,b060c24946554174
2,d8bcc9f1a5983d83,fdc11668bbdacf72
2,0f230af2f6c535bb,fdc11668bbdacf72
2,ff85cbc8402d410d,fdc11668bbdacf72
2,4f1f3377dad50391,fdc11668bbdacf72
2,3b033d504a6635ad,fdc11668bbdacf72
2,b395c731f3008535,fdc11668bbdacf72
2,489b6541abaf77f9,b060c24946554174
2,9d47fd30e24780ba,fdc11668bbdacf72
2,64d19b48ed10f18b,fdc11668bbdacf72
2,8ae4a9c64a8a9a81,a186554732c5f752
2,457992d0c8eae2b6,a186554732c5f752
2,cc9c279555e6dc16,a186554732c5f752
2,4c6de1bd72e6d4ab,a3cce038a6f1c0c2
2,761fd59e584247f8,b1cea5c5cde529fa
2,982610acbfef6de1,a3cce038a6f1c0c2
2,b70554da8b7bf6ce,b1cea5c5cde529fa
2,a6a30cf7914d753d,6a033d16ce7f2bd8
2,bacdad3c1a94b8e5,fb5a4cbb99c5db59
2,23ee45f700c7b4cb,1705cc2487e2acd1
2,c950bc44c1029dbe,24dade609966f6d1
2,78d1d35c24dd272c,1705cc2487e2acd1
2,4a0afd1d7d695ec7,1705cc2487e2acd1
2,3637b312bb63602e,1705cc2487e2acd1
2,a0d8385f1bc29dcb,1705cc2487e2acd1
2,fdb5d606b8ae5378,1705cc2487e2acd1
2,634a8d19819daa63,1705cc2487e2acd1
3,94f112b9a3a11895,24dade609966f6d1
3,4e57e18ade89dd20,94f112b9a3a11895
3,bbd72a0f3703d9b2,6c1bae5834f5f538
3,fd6a1320c5cfb9de,6c1bae5834f5f538
3,3d288ae76183042c,6c1bae5834f5f538
3,0de5ddb563525079,fd6a1320c5cfb9de
3,1761b71bf89b29a2,526e2eb5db58534a
3,101b5c28165f7b10,6c1bae5834f5f538
3,cfaee1222daf9f8a,6c1bae5834f5f538
3,36688b734dffb3da,cfaee1222daf9f8a
3,42dff77f49edd041,5493d796909161cb
3,f8e89e3917e01216,07b00aa38ae053d2
3,aa5592bb9f938e0e,07b00aa38ae053d2
3,93753c932c2ea0b0,07b00aa38ae053d2
3,97ea5aac39dd4148,043cf0bfd8669805
3,b6dfcd337d884830,24dade609966f6d1
3,6efdc1034b3729e7,24dade609966f6d1
3,f1e4067d2b828ffc,feaa64d701ca83e1
3,0252f3dd216136d3,24dade609966f6d1
3,20cc8f5a7f5abb35,3158b9412bc9cdb9
3,c32989e77308feac,68734f34877f8c46
3,bccd13d90bc58d1c,7b16e7f8f4255580
3,9c2f088c8764a57b,9ba9e93997742fb9
3,931f6ab375ca1d25,043cf0bfd8669805
3,c0919f9d982c7578,46168d2b61810385
3,6877046aff765814,d1abbd04f1d539fb
3,91b2f2936128cdf4,24dade609966f6d1
3,d50219cd3cf5bb38,4fd0e3cbac7c4702
3,7a574b1c02ba5204,b060c24946554174
3,f39b009e44db89d7,701f605169aab7b7
3,a1f83957ca372392,b060c24946554174
3,3759e58f52f7ffa9,b060c24946554174
3,73f7a25e7a529679,b060c24946554174
3,75653763620dc1b0,b060c24946554174
3,178eb436d076c069,b060c24946554174
3,724fdb473b88aaab,c69bdcbc2289fed3
3,be894904372d40b4,517190d4ab1dcb9a
3,3836bab32b84b099,b060c24946554174
3,8aa22fd7cda418b9,b060c24946554174
3,466f954fd61e3478,b060c24946554174
3,dd4225079743122a,fdc11668bbdacf72
3,daff13ae4e54f0e7,1116b0dc7c20037c
3,3c4bf1a7df6f7cf6,4f960c621acea068
3,19c0ec560fd58a25,6c1bae5834f5f538
3,d2f3afc779850b6a,5493d796909161cb
3,a1ed62db6e1088a0,68734f34877f8c46
3,3861b8e37f9c321e,4f960c621acea068
3,a6de59546529542d,4f960c621acea068
3,ef824a423343a351,4f960c621acea068
3,1853bc7c68c6e33d,4f960c621acea068
3,f55308d44bde9560,1a58a0643ff24962
3,5b7030456c066130,24dade609966f6d1
3,e4b7e69ada6d88a8,1a58a0643ff24962
3,387aea4971ba4791,24dade609966f6d1
3,c6d0f7b9fd20c381,396453bfefae3156
3,c5fd17e6b95b371f,396453bfefae3156
3,a427559a5f24ce05,85a8b729772c7bdb
3,586dbfae883a2894,9f4c40c1a3bfc110
3,0d0a5cf1afc73181,85a8b729772c7bdb
3,f1021b01f7174ae5,85a8b729772c7bdb
3,fb0bf63c136f3361,9ba9e93997742fb9
3,9755556728e7cbee,85a8b729772c7bdb
3,377ea7d12f13ce41,85a8b729772c7bdb
3,76aac666fe436528,46168d2b61810385
3,9c89c932800e8fe0,daff13ae4e54f0e7
3,ce359e17bf7329ef,91b2f2936128cdf4
3,a68c039655ed40ab,1116b0dc7c20037c
3,6f7a057c4b808e1e,b1cea5c5cde529fa
3,ece77974f96c4d04,969ffa893804bd74
3,c310c80a83790e60,1853bc7c68c6e33d
3,862f52a8e4e8c854,b060c24946554174
3,3b3e54b698a3e057,fdc11668bbdacf72
3,c4c9e3ba866bd0ff,b060c24946554174
3,6138ff595b0733f2,b15dee3c2e27d5a7
3,8bab22a321ac9c20,b1cea5c5cde529fa
3,e1e9658b4da514db,b1cea5c5cde529fa
3,093ba298ffa0b742,b1cea5c5cde529fa
3,9720a2b1c3ec81b1,a22c08603b5646ae
3,2678ef5af1e5bd88,673d370dfbfee611
3,1032901c3ef5928e,ffde288769efeed6
3,ed306347e351d373,24dade609966f6d1
3,ae1973ea71cba9f9,ffde288769efeed6
3,bd416f5c5e985fe6,ffde288769efeed6
3,3bb81d155ee3949c,ffde288769efeed6
3,33c11a8decd1e76c,ffde288769efeed6
3,24fdd62ad5ba6617,ed306347e351d373
3,ffe94775c9677974,ed306347e351d373
3,1e663a7d052cc563,ed306347e351d373
3,4e66bdfc38d757f4,
3,a135e8e2297977d7,ed306347e351d373
3,725f43cc5d2e9a21,ed306347e351d373
3,85293ace947445f2,daff13ae4e54f0e7
3,a4d18db36f132073,c2e0011c006d61da
3,002cdc3b980cc51b,a427559a5f24ce05
3,c7bbda5a7920f3ea,0d0a5cf1afc73181
3,13f8559dc4eebe46,b8b4987662455476
3,66d0db6a5e111f48,ede892db28351465
3,a24c534b5be8c481,1116b0dc7c20037c
3,c4a044272154822f,4fd0e3cbac7c4702
3,be7ab684b7f8448a,101b5c28165f7b10
3,3728315d6560fec6,42dff77f49edd041
3,d6101ba51f620ba0,07b00aa38ae053d2
3,8afe854e54ddc9b2,07b00aa38ae053d2
3,5b0f3a770668ae69,55c6ea532e29fe80
3,866bc48a94f97556,6efdc1034b3729e7
3,61727665d8940d25,85a8b729772c7bdb
3,b6a47fe931955908,396453bfefae3156
3,4fdd2da66c444599,9ba9e93997742fb9
3,2850a36e87cad6c9,68734f34877f8c46
3,67eeb3e012fb7567,85a8b729772c7bdb
3,5f9310e155a5fcf8,564914705f49651e
3,5ffeaa2d7df04ff9,9ba9e93997742fb9
3,8e20da0ebf97358e,f17510c07c0d2916
3,47defee2bd19e644,377ea7d12f13ce41
3,d4dca609401e5c08,9f25c27232628402
3,77979f63145fde35,714afb837a4c84cd
3,7f57287cddb6b47e,701f605169aab7b7
3,4d075b2f913898ce,85a8b729772c7bdb
3,dac2a1806828b8e8,6c1bae5834f5f538
3,c451ea16fead6f21,24dade609966f6d1
3,e61dd6541ecdfa0e,5b7030456c066130
3,873e94abe9e404c8,24dade609966f6d1
3,3639bc1543ad3e7e,0766971349dcac69
3,f80d9f4c546a39bc,24dade609966f6d1
3,899896a1d682f856,b15dee3c2e27d5a7
3,c4cd238af7dc0d77,85a8b729772c7bdb
3,4867b836284c2cc7,46168d2b61810385
3,429df22f45b34dc1,46168d2b61810385
3,8b5b5e92c0346470,f2ab4485c4345b42
3,5d1f81d59bff735e,fdc11668bbdacf72
3,f1aaf29f59808d31,24dade609966f6d1
3,7303e15803461ece,8b5b5e92c0346470
3,aea26fb5d8d5076e,fdc11668bbdacf72
3,55f9f6efe06aede7,33695b51aaa46be7
3,3717436a267ecac6,fdc11668bbdacf72
3,14f67c237c17842c,b060c24946554174
3,16954d10ff152a1c,a186554732c5f752
3,16bbaa2ca162c3c8,a186554732c5f752
3,fe5aa6438ae9b661,c950bc44c1029dbe
3,299959407d819294,c950bc44c1029dbe
3,3b580741b017769e,c950bc44c1029dbe
3,a8e3e392874f2168,3b580741b017769e
3,084fd7027e6e7f8d,c950bc44c1029dbe
3,cbb884994c97d317,c950bc44c1029dbe
3,ce2d6c1285f25a38,4fd0e3cbac7c4702
3,c6c8b942c7264689,c950bc44c1029dbe
3,3c9acf87fb1c6e7e,c950bc44c1029dbe
3,b0243de9fb7a09d4,c950bc44c1029dbe
3,563816cf2881a345,c950bc44c1029dbe
3,01be8bf173364c91,1705cc2487e2acd1
3,5f079a3b7fc07715,1705cc2487e2acd1
3,c60c0d95de80f39d,1705cc2487e2acd1
3,a2b37669ac740061,1705cc2487e2acd1
3,36c05f62a6e6b1d3,1705cc2487e2acd1
3,5b89474522945eca,1705cc2487e2acd1
3,74c8c5c844ff4453,1705cc2487e2acd1
3,2f7144efe745e848,1705cc2487e2acd1
3,2cc5166c24d79556,1705cc2487e2acd1
3,1f1bdfc97b1e1fed,1705cc2487e2acd1
3,de7d6154e90f39cc,1f1bdfc97b1e1fed
3,2475a8734dbb3cea,1705cc2487e2acd1
3,b9388b4693c0ee26,2475a8734dbb3cea
3,234a03775a2aef17,1705cc2487e2acd1
3,fe76df159a7153e1,1705cc2487e2acd1
3,b693aa970e687f2d,1705cc2487e2acd1
3,9580b9b5dce6d86e,1705cc2487e2acd1
3,c8a55aedafdf6488,1705cc2487e2acd1
3,bd7654f0aad2a9f3,c8a55aedafdf6488
3,637354b6cb7aa695,1705cc2487e2acd1
3,32248a70ba039fd7,1705cc2487e2acd1
3,c1ef820a4cf2ffb7,78d1d35c24dd272c
3,103959ed493ff950,1705cc2487e2acd1
3,d3989a7e76fb910f,1705cc2487e2acd1
3,0c706aed509a9d18,78d1d35c24dd272c
3,8e79c9a856f7949f,1705cc2487e2acd1
3,be0f189b1d730456,1705cc2487e2acd1
4,1fc8146a6c83761c,24dade609966f6d1
4,e13975241624cf34,7f57287cddb6b47e
4,b65dde5c111888af,24dade609966f6d1
4,2ca48032dff5d2f7,b65dde5c111888af
4,bccb85110bd29331,7f57287cddb6b47e
4,4346bd608fffe538,6c1bae5834f5f538
4,faf0e606051cc683,6c1bae5834f5f538
4,aafbf948522cd2a6,6c1bae5834f5f538
4,cc624e96543a5ba0,6c1bae5834f5f538
4,cdf60c8735b81656,6c1bae5834f5f538
4,443d5441eed403d5,6c1bae5834f5f538
4,71269c2bd84e90bc,6c1bae5834f5f538
4,edd60c22c1f12bb6,faf0e606051cc683
4,c5148f7e6c6ccf1c,6c1bae5834f5f538
4,7a27f22a8db0161d,5493d796909161cb
4,169514f57682e421,d2f3afc779850b6a
4,838e3af2a8ab97b6,b65dde5c111888af
4,fb012c45f19ddc39,ac82776dc525bad5
4,c3206a17460057db,24dade609966f6d1
4,9d9facae9ade7541,24dade609966f6d1
4,4cf25b6848d92dce,24dade609966f6d1
4,12e733882d07f49f,24dade609966f6d1
4,420fb5a0c50b3fa4,24dade609966f6d1
4,a74500fac5759450,24dade609966f6d1
4,b83cdeeec7b60901,9f4c40c1a3bfc110
4,a46b67f684a6c0f7,7b16e7f8f4255580
4,89e695040ec47406,9755556728e7cbee
4,6dbba3f6e213a509,7f57287cddb6b47e
4,9f61c8ef11824d26,46168d2b61810385
4,07b73a836bb1292f,f2ab4485c4345b42
4,14a44fd093834655,b65dde5c111888af
4,f16b42073a04311b,b65dde5c111888af
4,498bcbf6cbffcc8d,b060c24946554174
4,05bbb1b4fd414425,6db25379fcfd83da
4,3405fb72e10d2f61,809b14766f3271fa
4,5576f0a680d35654,b060c24946554174
4,4d1456288174c435,b060c24946554174
4,069aad3b05ee2b94,b2ffb1368e28923f
4,4781cc3a1e15f653,a74500fac5759450
4,e8a7161e029d8336,387aea4971ba4791
4,097cc0c5aead5d04,4fd0e3cbac7c4702
4,934984166e24eb5c,68aae48fa69e88e7
4,ad48f610c18926d7,f80d9f4c546a39bc
4,4dcd9f98b6e213dc,94f112b9a3a11895
4,1b5146e14d22b5ae,4f960c621acea068
4,114c091fea051525,4f960c621acea068
4,67669c24cec0f4b4,1116b0dc7c20037c
4,e68e686337f188cd,4f960c621acea068
4,afd3cdcc7657d4eb,
4,c6248481e07895d6,bccb85110bd29331
4,a13d39650e6fffa5,3d288ae76183042c
4,57b5af208587b9a5,3d288ae76183042c
4,1d0ca5a94e591ec1,6c1bae5834f5f538
4,013fad42eba93a5b,5493d796909161cb
4,efdec928cf3c7f77,4f960c621acea068
4,b81c7b21c22a115c,4f960c621acea068
4,b1f7eb94435e5369,4f960c621acea068
4,5d3965ba8c7ac004,4f960c621acea068
4,455f3623ad370d3d,4f960c621acea068
4,3cb3f9a6f7b97109,4f960c621acea068
4,0a9a3a91e7205a52,4f960c621acea068
4,be78371998c71528,4f960c621acea068
4,988ed44cedc51e1b,4f960c621acea068
4,a2c9c7361c6a17ea,4f960c621acea068
4,a7a91feb3deffbfd,24dade609966f6d1
4,7d83f6c1912dab0b,24dade609966f6d1
4,ebe7f4422ac894fe,24dade609966f6d1
4,64ca3d399ae5fb17,c3206a17460057db
4,ba272a7d7c194d10,24dade609966f6d1
4,236acc8ad6a0b6e1,24dade609966f6d1
4,3470371a867e2d7f,24dade609966f6d1
4,f0e6410125ce7a6b,c3206a17460057db
4,445ca3923c13ee68,3470371a867e2d7f
4,ac3a2ec04e381469,24dade609966f6d1
4,bafc1c593c0295c4,396453bfefae3156
4,1d412e9ee5731c61,85a8b729772c7bdb
4,83820dbeb6716628,85a8b729772c7bdb
4,ec88f7ad62e5203d,46168d2b61810385
4,03dfdcbcc2d8909c,4f960c621acea068
4,731a48314e646e0e,b15dee3c2e27d5a7
4,2d6a0c110e6ad38f,b1cea5c5cde529fa
4,0eb1354d2a3a64a3,14f67c237c17842c
4,c8986588bc1fcf7d,b1cea5c5cde529fa
4,ef965351607f1a10,b1cea5c5cde529fa
4,c016fd2bdaffaf95,3888a2f4cabbaea7
4,0ab5006b16d7d498,b1cea5c5cde529fa
4,3fc3768bbaba2c77,ffde288769efeed6
4,0117db0f4036b120,ffde288769efeed6
4,fde262e8605bee2a,ffde288769efeed6
4,3cc0f7bb04491f5e,ffde288769efeed6
4,33b619d1831a1431,ffde288769efeed6
4,88983b8672d2a46d,ffde288769efeed6
4,679070f76ae2dc7c,ffde288769efeed6
4,ac1cfeb4f83b3130,ffde288769efeed6
4,4942d16ab63e0da9,ed306347e351d373
4,f7c7fd9c76f109b6,ed306347e351d373
4,1d145a29bf4e1ed0,24fdd62ad5ba6617
4,e03f290152a3b433,ed306347e351d373
4,396005a9979516f5,e03f290152a3b433
4,c81792f9b4eb9a47,ed306347e351d373
4,723b27107c1fb7db,ed306347e351d373
4,6cd358b2a054be86,ed306347e351d373
4,2e17cf0a90d90a2f,ed306347e351d373
4,154ae402398d7cc2,ed306347e351d373
4,bd2605712b6532ac,fde262e8605bee2a
4,264189011499fb66,c2e0011c006d61da
4,685bb23c8ca730ba,c2e0011c006d61da
4,a8cb1ffd343e1337,7f2a07011afce2f4
4,989a1ae78947b632,7b16e7f8f4255580
4,20e77d21c6a21354,c950bc44c1029dbe
4,d74f5140dc16cd68,666988596c4caa90
4,7d91eda7bb51205f,faf0e606051cc683
4,213af2837040b599,526e2eb5db58534a
4,87cc189d09311a17,7f9674328cda7c23
4,e6643520df177bf0,5e5a6c5e75cb1cc3
4,0d6b2b0c5cdd154a,ac82776dc525bad5
4,283e24c2e043ba68,0ecd4ced254e83a8
4,84ffa8e2886102b5,7d83f6c1912dab0b
4,c0e86c81abf2cf8c,ba272a7d7c194d10
4,0e2177e3172116c9,0edb14001b769711
4,6dd5497dc4b6ed76,0d0a5cf1afc73181
4,4b82757aa110716d,7b16e7f8f4255580
4,eb1f29f17278786f,83820dbeb6716628
4,0e86e3ce497af567,6dbba3f6e213a509
4,9df88f1ed5f85d67,9f25c27232628402
4,04c2e79cf3e3b4f5,d1abbd04f1d539fb
4,5be0638319036ed2,6a033d16ce7f2bd8
4,4c96f4237232244b,5e5a6c5e75cb1cc3
4,ea9155ce3688486e,b28ac4877112faa0
4,b0fb5d523302f81b,4a5a7c5a60e50866
4,9ff7d8e930edf8d9,74c8c5c844ff4453
4,09baa4ed13e1e8e1,85a8b729772c7bdb
4,b632c7426929a6b8,85a8b729772c7bdb
4,82184d843c4d1445,5493d796909161cb
4,a12143aa34077166,5493d796909161cb
4,1fc48fede75d6230,5493d796909161cb
4,c191ad39a9321471,5493d796909161cb
4,74cafdda027b3aba,5493d796909161cb
4,3177482124db71b9,5493d796909161cb
4,8753ca887db1e692,85a8b729772c7bdb
4,181fc0abb1697f32,85a8b729772c7bdb
4,72fc6e3795ea9e2a,85a8b729772c7bdb
4,1ba185b0b98c5f04,f2ab4485c4345b42
4,a974a80fda63b209,85a8b729772c7bdb
4,39cb1ae9697c5ee8,6336de5003fc3cda
4,3d4ca1568d69051b,85a8b729772c7bdb
4,f147c184aca1b768,23ee45f700c7b4cb
4,ff3f0e22109f0234,7f57287cddb6b47e
4,288b57f459267049,c950bc44c1029dbe
4,87a62ee6b238427a,c950bc44c1029dbe
4,09e7e1698f90171e,c950bc44c1029dbe
4,7d37f444fef7fb72,c950bc44c1029dbe
4,1d14101cb6b146e5,c950bc44c1029dbe
4,baf0fdca40727b1f,c950bc44c1029dbe
4,fe75582851b7b4bc,1705cc2487e2acd1
4,ef412027de66a72b,1705cc2487e2acd1
4,8d2da49d8446418e,1705cc2487e2acd1
4,e70c70715a615075,1705cc2487e2acd1
4,2d54bc0bbad5c151,1705cc2487e2acd1
4,89291dc35a6eae2a,78d1d35c24dd272c
4,b32a3153fc87bfd3,3637b312bb63602e
4,c1da7e57a8000e8b,be0f189b1d730456
5,ceb580715785e015,1fc8146a6c83761c
5,9e5b7b26e69f4d93,b65dde5c111888af
5,b1852e616c74461d,b65dde5c111888af
5,7d5c9e3cac8e697f,b65dde5c111888af
5,cd4533a99b331531,b65dde5c111888af
5,fa6baef0e00e9af5,b65dde5c111888af
5,58056c933ea3db0c,b65dde5c111888af
5,2ddbd22c48105af4,b65dde5c111888af
5,751f1d65af06e462,b65dde5c111888af
5,67843b4efaee06b7,b65dde5c111888af
5,31c5b96a0d27009f,b65dde5c111888af
5,8df77c6cb6dc2ef3,b65dde5c111888af
5,8100631d9fc46234,
5,f737cdceb054d1ae,b65dde5c111888af
5,b922da11f029c905,b65dde5c111888af
5,f601e82a4b55e308,b65dde5c111888af
5,9bd0dc087572f416,6c1bae5834f5f538
5,760012e96c16e099,6c1bae5834f5f538
5,3b5fdb7c056c8a79,
5,28a31e29da6ef47a,6c1bae5834f5f538
5,3595e0089530cf0c,6c1bae5834f5f538
5,c21450672ed3b256,6c1bae5834f5f538
5,e9ecb62f6818ffd2,6c1bae5834f5f538
5,c76a7f24ffa59966,6c1bae5834f5f538
5,871f7729dc3762ee,b6dfcd337d884830
5,184ffc17ecb4fc45,24dade609966f6d1
5,55b65898655ccfbb,24dade609966f6d1
5,f9709ec3583ee31e,9d9facae9ade7541
5,5dd0f9dfd4e6fc3a,46168d2b61810385
5,6a07e0a4d9b8eb9c,b65dde5c111888af
5,81bab4c9c056af5b,969ffa893804bd74
5,5f564b87f7d5984e,b060c24946554174
5,dc31181372e713c7,b6dfcd337d884830
5,781a3882f5fe48b7,184ffc17ecb4fc45
5,3eb7fa48b4c19d70,b060c24946554174
5,29eb39e989aa129c,fa6baef0e00e9af5
5,29f223f6fb28956e,3470371a867e2d7f
5,b004397dabdef5b7,a186554732c5f752
5,81b96042f105d395,b65dde5c111888af
5,4f2cdfb2c831be02,3d288ae76183042c
5,14d2f9a86a0bc105,3d288ae76183042c
5,d8203200dd4dfe7c,6c1bae5834f5f538
5,06a2ab6e41e8104b,81b96042f105d395
5,3ef0be8bc41cc3af,4f960c621acea068
5,424ad7d46a41579b,3861b8e37f9c321e
5,5383488ddc3e88f6,4f960c621acea068
5,86c2e0ac1ebb4487,4f960c621acea068
5,4104fcb63c6cfb9f,4f960c621acea068
5,fb352e08e377bc91,4f960c621acea068
5,ad670843d47b36ce,4f960c621acea068
5,1c54b4ac2d0e1170,4f960c621acea068
5,4345737dc392c21c,c3206a17460057db
5,603ce4cb6412376c,396453bfefae3156
5,4fb39d28e9c3787c,6dbba3f6e213a509
5,77a4b35b83b63fbc,76aac666fe436528
5,dd9014df5d1b1452,81b96042f105d395
5,a5b54dc83b123a64,81b96042f105d395
5,ae6a5ce10bd6432f,6a07e0a4d9b8eb9c
5,70ddeb0df9ab297d,81b96042f105d395
5,7465df83a361ce85,ffde288769efeed6
5,aa0073757e06bb58,ffde288769efeed6
5,43cb010d7448bad0,0117db0f4036b120
5,f8add9834a42be07,ffde288769efeed6
5,7c528646917f830f,7f57287cddb6b47e
5,674582b3013fce0f,ffde288769efeed6
5,ac67e690d9e39ccd,7c528646917f830f
5,72a227a9a316fe14,31c5b96a0d27009f
5,e39b21519842fc51,ed306347e351d373
5,6b5f963a974305e2,b922da11f029c905
5,387e7f7c3f94075c,3d4ca1568d69051b
5,c70a36c5cc2bdf3e,3d4ca1568d69051b
5,568597327e0f4d01,d6a9944b16b0624b
5,f645e53ee65114be,fdc11668bbdacf72
5,38c71e2a1ed61ece,526e2eb5db58534a
5,d7ffdfe5cdfc0f98,cc624e96543a5ba0
5,b795ab88b4bd8603,b8b4987662455476
5,80086ac2f7afb616,c3206a17460057db
5,45160943e564f954,1a58a0643ff24962
5,79de436bbb2cc043,1a58a0643ff24962
5,c10a07b6f04ade83,396453bfefae3156
5,8d6f18910fedbcee,9ba9e93997742fb9
5,5e17f5b1f31cc956,181fc0abb1697f32
5,fffb3f7b3fcbb321,3158b9412bc9cdb9
5,68e9a49c1ae4e53c,9ba9e93997742fb9
5,11dd51051c38ac08,ede892db28351465
5,4747284447faf0b3,fdc11668bbdacf72
5,550df62e50ba07c3,fd9ae2bc67c48c3e
5,d2266f30291b51de,bc438d7c534bfd23
5,1e102f7529d8ae65,fadf98998ab23309
5,700fabf160672697,9ba9e93997742fb9
5,55b7a3a958ff1594,09baa4ed13e1e8e1
5,339774ae4bcf9ac3,9ba9e93997742fb9
5,8134b3c117b692e9,714afb837a4c84cd
5,490c3d36353af81a,f601e82a4b55e308
5,388f7613f99f753e,b65dde5c111888af
5,06a8b64b2f8dc280,1116b0dc7c20037c
5,47ca9aabcccb2035,1761b71bf89b29a2
5,50d8a7713de3a464,5493d796909161cb
5,9f21684de4ba3459,5493d796909161cb
5,10ff0bbeebeb25c5,85a8b729772c7bdb
5,642a515aa8b3cd17,f2ab4485c4345b42
5,d3def20b77fd4d11,f601e82a4b55e308
5,b9823d8139da59c4,f601e82a4b55e308
5,96760d655a51e69d,ed306347e351d373
5,02acfd5e94a19027,3b580741b017769e
5,825be5da3351edf3,c950bc44c1029dbe
5,bb6d0ead536ae10c,c950bc44c1029dbe
5,3a272e534603ce2e,c950bc44c1029dbe
5,a0d7828c92967494,c950bc44c1029dbe
5,7644ad593081073f,c950bc44c1029dbe
5,31fc2cef0cb52bd8,c950bc44c1029dbe
5,ec04844e50dd4ad1,1705cc2487e2acd1
5,50d029cbbde42cd2,a24c534b5be8c481
5,979b21b95a3e391d,1f1bdfc97b1e1fed
5,360d9daf6d157723,78d1d35c24dd272c
5,a683bd91109ff3b3,32248a70ba039fd7
6,d6459ab29c7b9a9f,b65dde5c111888af
6,baf20f737d298b14,b65dde5c111888af
6,09c0d6d92bb7935f,b65dde5c111888af
6,9c8f87006e00f034,09c0d6d92bb7935f
6,4cc2c8de7403151e,81b96042f105d395
6,3af008ca297bc2bd,09c0d6d92bb7935f
6,713d9e86427d9721,09c0d6d92bb7935f
6,c2947ebde93ba540,b65dde5c111888af
6,a4012ef813f5c128,b65dde5c111888af
6,3dc611bb2c032b0f,b65dde5c111888af
6,50738e3edef7226f,b65dde5c111888af
6,09614f05c6cfa13e,b65dde5c111888af
6,6fc69623d6154ccd,b65dde5c111888af
6,6abafa0bd7f152b9,b65dde5c111888af
6,6acc6459cea7830a,b65dde5c111888af
6,2577ccbb325e4581,b65dde5c111888af
6,793fff47812a6f52,b65dde5c111888af
6,4c5153a09335ad8a,751f1d65af06e462
6,3db69052b45c8a21,b65dde5c111888af
6,51e7bde09e95452d,67843b4efaee06b7
6,e776afc022c28da8,b65dde5c111888af
6,89b717625c90834b,b65dde5c111888af
6,3561878c5a513d36,b65dde5c111888af
6,a2127a7e8618bf38,b65dde5c111888af
6,d96a538292d2123d,7f57287cddb6b47e
6,83fbfc6207d6c88d,fa6baef0e00e9af5
6,d6bfcb5c2ba2f84e,b65dde5c111888af
6,b36ef90b894973fd,7f57287cddb6b47e
6,060814707be48b28,f601e82a4b55e308
6,5a6e1d3ad98ab6f9,f601e82a4b55e308
6,04412e61d453e670,f601e82a4b55e308
6,d43eb6a0b880f80a,f601e82a4b55e308
6,712c33fe0ec0a46a,f601e82a4b55e308
6,735548a67643efc4,6c1bae5834f5f538
6,11756b82c458c355,6c1bae5834f5f538
6,0d7cefc357dd1b09,6c1bae5834f5f538
6,6a1d465a6bd39d83,6c1bae5834f5f538
6,aed598a0dc1b97a5,6c1bae5834f5f538
6,d3a74eddf725af26,faf0e606051cc683
6,87e12529eb9f5460,6c1bae5834f5f538
6,59844709611d0f60,6c1bae5834f5f538
6,69f23527a91d482c,58056c933ea3db0c
6,40f32f218c203bc6,24dade609966f6d1
6,62e8af685fe84468,24dade609966f6d1
6,1de26a976e89144d,b65dde5c111888af
6,fcc87083941eae98,751f1d65af06e462
6,98a2b1e728fad2fc,81b96042f105d395
6,8075feb20fd84f77,3861b8e37f9c321e
6,c3d78ce6f1315b51,d2ffc20dc3792f77
6,21b38b7bc3186671,81b96042f105d395
6,81e210830082f8f2,3d288ae76183042c
6,6b7d7523ebdbff20,3d288ae76183042c
6,324efaee36fab37d,ebe7f4422ac894fe
6,8bae67c88c662639,0d6b2b0c5cdd154a
6,fb8c41ee7dd66b9b,
6,8d5ae6dea2255f55,c3206a17460057db
6,b5d80ec9d3e46d00,85a8b729772c7bdb
6,6adb82028ce5128a,396453bfefae3156
6,6e0e1d36b5e3f6ba,76aac666fe436528
6,f1b234654d915d7d,76aac666fe436528
6,fefa5c61cbd841b1,76aac666fe436528
6,68002c286028715a,46168d2b61810385
6,2440f3d969db9477,a2127a7e8618bf38
6,2145e942dce7ad33,2ddbd22c48105af4
6,78d8631ccc436e88,e776afc022c28da8
6,c344c3dc615734ef,ffe94775c9677974
6,c7b5defcd9e17e9f,ffde288769efeed6
6,8de084d637329867,ffde288769efeed6
6,fb5c344418f0f228,ffde288769efeed6
6,1eefb76d4eeb492c,c81792f9b4eb9a47
6,ad0b92bdf0267bea,751f1d65af06e462
6,4d220330de83231a,3d4ca1568d69051b
6,43a15d4e9e740583,07b00aa38ae053d2
6,7b4e43aee00b5188,faf0e606051cc683
6,2613244eb2a4d71a,0d7cefc357dd1b09
6,cf399f4e1c9dc7bb,bccb85110bd29331
6,51dcea4a572d12d9,faf0e606051cc683
6,4c6c2a20ba3f4f36,faf0e606051cc683
6,3864b54f53910cad,faf0e606051cc683
6,8a07adca1e162b5d,faf0e606051cc683
6,94b607a446db8d96,07b00aa38ae053d2
6,310f349465be5c2b,55c6ea532e29fe80
6,6013bd0a9f88adb2,9d9facae9ade7541
6,ff028cf411578240,9f4c40c1a3bfc110
6,51a946c5899e8eaa,1d412e9ee5731c61
6,124dfa61d11be6ab,c4cd238af7dc0d77
6,809639915ddd9fcd,181fc0abb1697f32
6,a2e3c36fa92be814,edd60c22c1f12bb6
6,5d1eeb309674492b,c0919f9d982c7578
6,35c9722995a58ffa,9f25c27232628402
6,fce0701a50e16f89,9f25c27232628402
6,b1b87fa6809cbecb,9f25c27232628402
6,b8e4f3d79d4a7df0,949ffea43fb78f48
6,c4f72f532c91af18,9d47fd30e24780ba
6,004dcbbfe68bd545,fdc11668bbdacf72
6,f27a26ce4b4cdb4c,bbc5c0a694e0e931
6,18ed9de928f04fb4,d4cc7792ecd3627d
6,97bae746549ad854,7fbfddb269d294d5
6,1fcc19f14f56163b,f601e82a4b55e308
6,e216aaedc4d8d047,f601e82a4b55e308
6,c9f37a27d4b5e8c6,f601e82a4b55e308
6,73e79e04a5f29602,f601e82a4b55e308
6,d090a8afd5861ea6,f601e82a4b55e308
6,6232f0efb4e9c62e,5493d796909161cb
6,4dc6b4511daf5e6b,5493d796909161cb
6,0ba92425aa8a8e83,85a8b729772c7bdb
6,df3cf3e1cbf4f2bb,f2ab4485c4345b42
6,1574d7e1f215e61d,23ee45f700c7b4cb
6,8e5ef1b8ab90cd29,6abafa0bd7f152b9
6,eea7d7d3579be334,2577ccbb325e4581
6,38f036f0ba6bc1bb,1705cc2487e2acd1
6,f9a0a220c98902ca,a24c534b5be8c481
6,02652d7f3e4f0cc4,78d1d35c24dd272c
6,2c675f0bec599c4d,78d1d35c24dd272c
6,1e6f902cf24bc0ad,78d1d35c24dd272c
6,5dbc31737232aed0,78d1d35c24dd272c
7,942408b9101897ff,b65dde5c111888af
7,db817d979d28e72d,7f57287cddb6b47e
7,facda05b8c0f8c40,7f57287cddb6b47e
7,770c02e0f98c13c7,b65dde5c111888af
7,a10a759d908c8190,2ddbd22c48105af4
7,4f28cdf2220b4559,7f57287cddb6b47e
7,13931a3c19dbeb98,793fff47812a6f52
7,be38dd9cea0ee618,7f57287cddb6b47e
7,136febed384b794b,7f57287cddb6b47e
7,0355299394e73ec2,f737cdceb054d1ae
7,fb6e4c2115fe938b,b922da11f029c905
7,da9f5064a792cd7d,b922da11f029c905
7,8f93d197aa6d6bce,f601e82a4b55e308
7,2c68d1202520d9f1,f601e82a4b55e308
7,2af86aefa42d56f9,f601e82a4b55e308
7,3e2f4500c3bc0361,f601e82a4b55e308
7,52ead0af3ab018a9,3e2f4500c3bc0361
7,213d711fe8b7ffc6,24dade609966f6d1
7,6d5bef8155a184f2,46168d2b61810385
7,f72395512fd75140,46168d2b61810385
7,43d4d5669e2aa449,7f57287cddb6b47e
7,971b1f9edc986c1f,d6bfcb5c2ba2f84e
7,0e38ddf5af087c41,24dade609966f6d1
7,99b400dc8f438477,3861b8e37f9c321e
7,5e8a362ec1114795,4f960c621acea068
7,45cc128a6c2721cc,9d9facae9ade7541
7,9d46fe4e31bfac0c,ebe7f4422ac894fe
7,133bb0f64733fd18,a74500fac5759450
7,35809d18a47ba7a3,c3206a17460057db
7,e29c218e6f4d77d3,c3206a17460057db
7,5046878c9c6f25db,396453bfefae3156
7,18aa251d91e8b068,ad0b92bdf0267bea
7,6d80ff5a76448c90,154ae402398d7cc2
7,84090d82d5997c30,ffde288769efeed6
7,1d8610e098107a1e,ffde288769efeed6
7,2267d1f708bdd8d8,ffde288769efeed6
7,130e98bff4473090,e39b21519842fc51
7,e9b3cec9342541ea,c2e0011c006d61da
7,164fb6dbfb49cf09,1116b0dc7c20037c
7,d3f8eac9ac4aa16e,8e5ee8c1e0ec33e2
7,3eed0a989d892584,526e2eb5db58534a
7,c3062f717806012d,3eed0a989d892584
7,10baab670c6efb9a,3eed0a989d892584
7,da3e44a5a1bf2fd2,526e2eb5db58534a
7,69e7c964ee4fa6e6,526e2eb5db58534a
7,31a789d7f0f901ce,faf0e606051cc683
7,a3c61f6f3b100903,4346bd608fffe538
7,1298a82c123209a6,11756b82c458c355
7,d992ab803d8209ef,526e2eb5db58534a
7,cfe0210abe09bd1a,faf0e606051cc683
7,12fc5978b8f9638d,3595e0089530cf0c
7,79d370b75554571f,bccb85110bd29331
7,c75e0af1517c0457,faf0e606051cc683
7,b062842dab001384,bccb85110bd29331
7,2fcc0f25579344ef,faf0e606051cc683
7,b2cbc96b6895cfb4,8a0c994a8e96f40c
7,0b159e44f9a6c9a3,a12143aa34077166
7,5c7b0b2f50b67907,a12143aa34077166
7,0b9b89550deb430a,fdc11668bbdacf72
7,630eff76a8c61f28,0ecd4ced254e83a8
7,3f73fb95638a995c,9d9facae9ade7541
7,58564a3c65cc475a,85a8b729772c7bdb
7,c8188eda4af09dc1,fdc11668bbdacf72
7,6b6dccca8a013e8b,bf989d30fbbbd884
7,bd34068a8cae4fa6,6a033d16ce7f2bd8
7,922271aebcd33bed,fdc11668bbdacf72
7,2a67f240fce24027,f601e82a4b55e308
7,d0d3d9b7e30d30d5,f601e82a4b55e308
7,7bc103d1fc02a028,f601e82a4b55e308
7,6e3ee57e6f11da15,5493d796909161cb
7,c8b0f688d1df248e,5493d796909161cb
7,1021f7d55a22fdb3,24dade609966f6d1
7,939ffcedd0a79e48,f2ab4485c4345b42
7,91a64158d6a04cd1,f601e82a4b55e308
7,21f888867d02f033,baf20f737d298b14
7,b955574c92dba105,23ee45f700c7b4cb
7,048db1aa8c62de70,ff3f0e22109f0234
7,bd4234dee596876b,c950bc44c1029dbe
7,e3ed95e2b093128c,20e77d21c6a21354
7,a6f1fd3bfcff83c3,5b89474522945eca
8,1c206815792fb313,baf20f737d298b14
8,57afd3421102aeaa,b65dde5c111888af
8,7e24dc87204a640b,b65dde5c111888af
8,5ab167c1139e0c99,b65dde5c111888af
8,fc95cf430e9d68a0,b65dde5c111888af
8,7524b69f0301ceb2,b65dde5c111888af
8,1b21fad233dc4153,b65dde5c111888af
8,ee4a08fdd8c30e1b,81b96042f105d395
8,d420674ab15c5ac3,2ddbd22c48105af4
8,f0f8f63ce2a56f85,7f57287cddb6b47e
8,668d2dce8cd53220,a2127a7e8618bf38
8,cc7e159c7752d9ec,f601e82a4b55e308
8,2f086fc767a0dac5,6c1bae5834f5f538
8,0f6796f7ac2e66fe,6c1bae5834f5f538
8,3965c43441d15857,5493d796909161cb
8,3755a666a29ec4ea,46168d2b61810385
8,315bcfafe04657cd,46168d2b61810385
8,20c09ce38fd7e131,3db69052b45c8a21
8,269267ea22205722,81b96042f105d395
8,2706ddb7fbd1b176,3d288ae76183042c
8,7b5101e5add3b1c4,4f960c621acea068
8,f6726a1497a9b768,4f960c621acea068
8,cbb4cdb48867de39,4f960c621acea068
8,c353bdaba4a89d43,ebe7f4422ac894fe
8,0e26a55b007afad4,ebe7f4422ac894fe
8,934544936af01bbe,420fb5a0c50b3fa4
8,31c137ff3b441e0a,c3206a17460057db
8,5c26bd69788db159,396453bfefae3156
8,01a1efa3658d04d4,76aac666fe436528
8,d3010f691e3208c7,76aac666fe436528
8,361c96e52ee2530b,1e663a7d052cc563
8,0c46992d4796442d,ffde288769efeed6
8,57697cf27f5fc6bc,ffde288769efeed6
8,2447f687a167eb6e,387e7f7c3f94075c
8,a35aef3a656b404a,fdc11668bbdacf72
8,b2b319ca39eb50a8,6a033d16ce7f2bd8
8,a515cc8d305ed1d5,4c6c2a20ba3f4f36
8,b79d20ec52e6e0a5,aafbf948522cd2a6
8,bb47de8fd9badbc7,526e2eb5db58534a
8,4ccd15e6b639e519,526e2eb5db58534a
8,76a206fda8fbc318,faf0e606051cc683
8,8ff1834b84d8e5f2,bccb85110bd29331
8,a3aff5c1f31fb682,bccb85110bd29331
8,d62fbf07c82b6f1a,faf0e606051cc683
8,1b98a6b7bcb48600,e5dde21e5086e295
8,40f2d31ec9bd3642,a12143aa34077166
8,43afd28cbd3b72e6,07b00aa38ae053d2
8,fef1b109196600cd,ba272a7d7c194d10
8,f38a8a5341c01e36,0e38ddf5af087c41
8,c6fdc9c0c2575865,1021f7d55a22fdb3
8,ad981a4f6c200c04,1a58a0643ff24962
8,d9861f0382bc6860,9d9facae9ade7541
8,7a2565a77db7fb5a,85a8b729772c7bdb
8,0d0ae9ce264309ee,6a07e0a4d9b8eb9c
8,792b01faccc04a5f,fdc11668bbdacf72
8,d5e7778ed04dffff,fdc11668bbdacf72
8,4613fdd9631bcbaa,f601e82a4b55e308
8,04fc7a35cfecaef7,f601e82a4b55e308
8,6d6562cdeb1ae58d,f601e82a4b55e308
8,f714401e43df0e4f,f601e82a4b55e308
8,3e424a1396cb7f04,060814707be48b28
8,454d6fd7f2663cff,2c68d1202520d9f1
8,0a2fe39f721bd1be,f601e82a4b55e308
8,b659ecb5d531c2fb,f601e82a4b55e308
8,646c93e4960a3360,f601e82a4b55e308
8,33d68c96d6f23b00,f601e82a4b55e308
8,9db063f3b5e0adfd,24dade609966f6d1
8,2db8271661c87e6c,24dade609966f6d1
8,e986100664f33d58,85a8b729772c7bdb
8,d4778f531e9b27ba,3158b9412bc9cdb9
8,58ed7133bdb41282,7b16e7f8f4255580
8,89f3a5c0a325eeac,f2ab4485c4345b42
8,2222e4d23a16a17b,2c68d1202520d9f1
8,24ea2512130108a6,c950bc44c1029dbe
8,287f07cdb46f873b,3c9acf87fb1c6e7e
8,2dcd7b40a13ddf0e,78d1d35c24dd272c
8,1c369e68218c1ce8,8e79c9a856f7949f
8,4db3ab52fd7732bf,5f079a3b7fc07715
9,8a6083d4495c50ea,8df77c6cb6dc2ef3
9,de8f804729674dc8,6fc69623d6154ccd
9,2bc16b8352af40f2,7f57287cddb6b47e
9,7a769bbcddc018d8,09c0d6d92bb7935f
9,fbba43677a0af6da,3af008ca297bc2bd
9,06ccacf07ed20b29,6acc6459cea7830a
9,4eeef24c4d5ca56a,2577ccbb325e4581
9,082632bcb57d1fb1,fa6baef0e00e9af5
9,68d26479be3c8f7f,31c5b96a0d27009f
9,2c7d0ade2b18e204,e776afc022c28da8
9,c3ea4200cfa9f9fc,e776afc022c28da8
9,531ddf7b5b58df24,b922da11f029c905
9,35b08ce20615e1db,f601e82a4b55e308
9,75be556de73417ca,09c0d6d92bb7935f
9,f67b296985bcb339,1021f7d55a22fdb3
9,63f6ac1c793cc698,46168d2b61810385
9,b7fedd6310ee4822,f2ab4485c4345b42
9,798762d788e0d8c1,7f57287cddb6b47e
9,4fa9df2a2163c4cf,81b96042f105d395
9,7f7ddfdccab9370b,236acc8ad6a0b6e1
9,5ed83b3293fe8355,a74500fac5759450
9,d8963987084b5125,c3206a17460057db
9,cb24f979ebe7966a,3db69052b45c8a21
9,b91db43b378b3219,daff13ae4e54f0e7
9,fbd3184bffe63525,d43eb6a0b880f80a
9,90465386b47e694b,81e210830082f8f2
9,8b243e8a0110d561,526e2eb5db58534a
9,715c1cbe0c8571b6,bccb85110bd29331
9,a09f0e2c924fb4ba,4f960c621acea068
9,43fcb36ce3ac135a,0766971349dcac69
9,71e7baba9e5de09b,0e38ddf5af087c41
9,12b405db6d9ab0c4,1021f7d55a22fdb3
9,ab5f7f6d9580514f,4f960c621acea068
9,18ef0e50c840e12c,4f960c621acea068
9,aafcc22900394b8e,4f960c621acea068
9,6c2b3cabeca41484,c3206a17460057db
9,03fca131ec336f9f,a7a91feb3deffbfd
9,cc9d4b0cf73bdb40,62e8af685fe84468
9,2008671560f65af5,0252f3dd216136d3
9,2e5ebebcb4f57541,b15dee3c2e27d5a7
9,c8f47dbb8e12bdba,396453bfefae3156
9,2d4311013791280e,f72395512fd75140
9,b68520b79fc4c197,43d4d5669e2aa449
9,75d096766afe9b25,89b717625c90834b
9,eac1b57f8a1c8341,81b96042f105d395
9,fdfda64df6be384e,1116b0dc7c20037c
9,c4da879529255025,2a67f240fce24027
9,6258aacf7dbeffd3,d43eb6a0b880f80a
9,bd3450c274d77562,b1852e616c74461d
9,646f9572107a34fc,b65dde5c111888af
9,480ffbfabcba8c8a,f601e82a4b55e308
9,d237941bc3434b5c,f601e82a4b55e308
9,31e651489dc1cbe7,060814707be48b28
9,bd0a7ab8b4451170,7bc103d1fc02a028
9,f4e28eee0067088a,2af86aefa42d56f9
9,4654a13ff5f59f7a,24dade609966f6d1
9,25a9e4c69756146b,85a8b729772c7bdb
9,4587863d80487460,d090a8afd5861ea6
10,64d78089c30c7041,50738e3edef7226f
10,6bfb9e46a67fc10f,b65dde5c111888af
10,93b6ae8adf29f1eb,b65dde5c111888af
10,0cfc83cc08b70695,a4012ef813f5c128
10,e2e406ad554ae8eb,b65dde5c111888af
10,cc6b239e0c833b6a,81b96042f105d395
10,242ddaa0ce751117,7f57287cddb6b47e
10,fe12945aab7a8c58,b1852e616c74461d
10,cb3b8f336a8795ef,7f57287cddb6b47e
10,3cec9ee90d6d52c8,3db69052b45c8a21
10,2461c47a181616b8,f737cdceb054d1ae
10,4be8f51226fecc12,793fff47812a6f52
10,5992b5c061f3cc52,06a2ab6e41e8104b
10,5826f4007c0494c8,4f960c621acea068
10,346fc15e6bea02ee,873e94abe9e404c8
10,61b7201f22fd4053,b15dee3c2e27d5a7
10,83b33b8fa5f636f0,396453bfefae3156
10,1fb38a3d426c4ff9,46168d2b61810385
10,5cd2b5962a2f9633,46168d2b61810385
10,866b6a611ea6ff5c,70ddeb0df9ab297d
10,1443705079bf0c35,fde262e8605bee2a
10,12b5d4f1fbb49dd6,f7c7fd9c76f109b6
10,dc6f5b051de9410d,b1852e616c74461d
10,1ce35135f8511c88,723b27107c1fb7db
10,19d04a475e8f293a,efdec928cf3c7f77
10,c480a1c9bc49dcac,0e38ddf5af087c41
10,3960df41964ff8cd,f80d9f4c546a39bc
10,bfb7d4c4388eb936,a5b54dc83b123a64
10,90ef152f1b19a2ef,a5b54dc83b123a64
10,df3c0a21d22d2592,6acc6459cea7830a
10,028bb3e5c9814892,6acc6459cea7830a
10,dbfe0452a0afd662,a2127a7e8618bf38
10,9449b7e65928baec,fa6baef0e00e9af5
10,3bb61542a271172d,f601e82a4b55e308
10,55fec781aaeb7dd7,f601e82a4b55e308
10,d42e795c756ec451,f601e82a4b55e308
10,1005dd96a3b2fde1,f601e82a4b55e308
10,efeb28b7316e1b2b,e216aaedc4d8d047
10,611f57c20ac1dff6,060814707be48b28
10,8edf906d8bba7bea,d43eb6a0b880f80a
10,8f95ed3202f14c21,f714401e43df0e4f
10,c0da01c23bc2f7fa,b659ecb5d531c2fb
10,33af74b345124e24,060814707be48b28
10,60188db28d8066c9,060814707be48b28
10,cf3952f0c4b7e561,5493d796909161cb
10,93cef3b6e0c9411e,c3206a17460057db
10,69e6e7927bba3633,f714401e43df0e4f
11,764e69f2fe647bec,58056c933ea3db0c
11,33dff7058bba8571,7f57287cddb6b47e
11,07adcb6bb0635688,751f1d65af06e462
11,6ad2a0a932aa2d11,fa6baef0e00e9af5
11,80844681baafff06,b1852e616c74461d
11,270e503e8fa86014,46168d2b61810385
11,27eab3b3a75f4df0,b1852e616c74461d
11,7815d64c64cf15c2,751f1d65af06e462
11,dff31057641af924,81b96042f105d395
11,a125d80dd7a74615,81b96042f105d395
11,1a665d6ec7689755,81b96042f105d395
11,e0e38539777006df,81b96042f105d395
11,44c5a23a07ad098f,d0d3d9b7e30d30d5
11,e49f728c37a11a2c,ee4a08fdd8c30e1b
11,230fb2ad2ebde783,4f960c621acea068
11,254c68b85d21587e,387aea4971ba4791
11,4cb971880bb157cb,396453bfefae3156
11,c7580704273d115f,0117db0f4036b120
11,b74893f7bacd26c8,24fdd62ad5ba6617
11,196b325e6f91ba81,8f93d197aa6d6bce
11,d954d00d5df273cf,35b08ce20615e1db
11,63ce38958c54a098,81b96042f105d395
11,42004620ab201054,89b717625c90834b
11,cd228501f158ee23,3d288ae76183042c
11,8020ca06b05d2664,3d288ae76183042c
11,a891d8e94cb2166d,bccb85110bd29331
11,6696cbcc67b748bf,b81c7b21c22a115c
11,6c47ae122adc8edd,4f960c621acea068
11,77db57f879b25587,3861b8e37f9c321e
11,71c8eff1d6879136,c3206a17460057db
11,ef8fc5c43d550abb,873e94abe9e404c8
11,26861fb3cf667ace,236acc8ad6a0b6e1
11,5d049645e08ae6d2,c3206a17460057db
11,8a9ad467856dc2b3,43d4d5669e2aa449
11,e9dd2bcc3ab8e2e8,cc6b239e0c833b6a
11,79678117cec586cc,
11,4c20216adcce202c,7f57287cddb6b47e
11,564c634b48702578,060814707be48b28
11,5c2665212ae85ab3,060814707be48b28
11,2c29d122091345ae,060814707be48b28
11,c6cae9d321705624,b1852e616c74461d
11,f67e6ab5b95004e6,85a8b729772c7bdb
12,1cbdf582de1e2fa0,7f57287cddb6b47e
12,5d26023ef0e4092e,8df77c6cb6dc2ef3
12,344ddd76237d240b,04412e61d453e670
12,097b8878f0678ad4,6c1bae5834f5f538
12,8e051a00e833f99c,7f57287cddb6b47e
12,3a51134355a808dd,35b08ce20615e1db
12,952a71ad7523b74b,89b717625c90834b
12,71f092f9a923cf75,81b96042f105d395
12,a427c56b3dcaab1a,3c4bf1a7df6f7cf6
12,4c670552c91a4ebb,1116b0dc7c20037c
12,ce34cffc8eb6ec5d,3d288ae76183042c
12,79c56c087c708e74,1021f7d55a22fdb3
12,9a3aa06e47088704,a7a91feb3deffbfd
12,008290e7967d6158,873e94abe9e404c8
12,557fe7083762b525,c3206a17460057db
12,620e5bb5dac70bef,9d9facae9ade7541
12,0f2d2646ed793470,6dbba3f6e213a509
12,9167fd92be2905bb,6dbba3f6e213a509
12,4dc6c90351e85260,4fa9df2a2163c4cf
12,490a746b8360c017,09c0d6d92bb7935f
12,ac408de0ad4e00c6,7c528646917f830f
12,3b2669a2a3431d6a,a135e8e2297977d7
12,a868de8096fb03ec,2ddbd22c48105af4
12,bde17c4ad705b1e5,81b96042f105d395
12,99970c0edd06178c,a7a91feb3deffbfd
12,2fdb6784c1adc59d,3470371a867e2d7f
12,2024c5247e8c84d5,7f57287cddb6b47e
12,c77b8292f56c4cc9,baf20f737d298b14
12,2b2581b3c13e1a13,baf20f737d298b14
12,75c1b5760af0d230,7f57287cddb6b47e
12,ccd9219101c5f0d6,3561878c5a513d36
12,742c9e9bda2cc03c,3561878c5a513d36
12,8f65e3ac75cf67fc,060814707be48b28
12,6adfc5228f0224f4,
12,bb0a7213ea4d5e0e,f2ab4485c4345b42
13,fe3c10f9a3bc4cd0,b65dde5c111888af
13,9e12a7271d880957,751f1d65af06e462
13,a3e33ad97db137a3,e776afc022c28da8
13,42bb0d818a7a2764,89b717625c90834b
13,abf5f260dccf74d9,6acc6459cea7830a
13,9b006206421ff50f,c2947ebde93ba540
13,4975a2f07e534389,43d4d5669e2aa449
13,48b6ca733f7da42e,4cc2c8de7403151e
13,111dc2edb4249513,81b96042f105d395
13,d7b899f7e3c6e785,e776afc022c28da8
13,f8e06a0eab1ef646,ef824a423343a351
13,51f02201e08b147c,c69bdcbc2289fed3
13,86be73204761f6ca,3470371a867e2d7f
13,62eeace225d3833b,89b717625c90834b
13,6a86a28ab24e4674,3e2f4500c3bc0361
13,558b35acc3faa3e0,43d4d5669e2aa449
13,4d6982189ac0079e,3561878c5a513d36
13,5b8968a71140d147,ef824a423343a351
13,1416215fb9004a41,efdec928cf3c7f77
13,dc37bb580d383efc,b15dee3c2e27d5a7
13,75c16d930cc51fab,46168d2b61810385
13,c608d88a291ff907,46168d2b61810385
13,71c756083cad202c,46168d2b61810385
13,72429ae56eee3c11,a5b54dc83b123a64
13,2e9cf99a0f1ee377,4cc2c8de7403151e
13,d56e3abe11cb7000,baf20f737d298b14
13,d1bb4840d670d9db,81b96042f105d395
13,e63188c36ca98ad0,7f57287cddb6b47e
13,7fb58c1db18a3805,7f57287cddb6b47e
13,5179475cd841d5b7,2c68d1202520d9f1
13,602c712e0eb2d27f,40f32f218c203bc6
13,03f0e0e2834f1632,e776afc022c28da8
14,f1179fc9496d4af7,09c0d6d92bb7935f
14,eac11d0bd8cdd5ff,b1852e616c74461d
14,36670856a9c316da,b65dde5c111888af
14,a805994dd837932d,7f57287cddb6b47e
14,e4d541cf9d62a1e1,3db69052b45c8a21
14,9986d4344339cf02,8df77c6cb6dc2ef3
14,74c9151533e9c064,8df77c6cb6dc2ef3
14,2aa42d2e4956abd8,3561878c5a513d36
14,1085f534425ed503,24dade609966f6d1
14,1042aef39c5c0d9b,89b717625c90834b
14,df81013668d5826e,81b96042f105d395
14,46b88522918bfcd8,81b96042f105d395
14,2e8038e169941f54,b1852e616c74461d
14,6dd8709621ee0e20,2577ccbb325e4581
14,494f025841b3ce4f,24dade609966f6d1
14,9f25dcdd5392d281,83820dbeb6716628
14,6b4e0f4d096a2503,d6bfcb5c2ba2f84e
14,6577227716e645c4,46b88522918bfcd8
14,cb1192af34a1a0c0,242ddaa0ce751117
14,0ab18e37af81070e,6cd358b2a054be86
14,c0e49910b3c15c4d,114c091fea051525
14,871439f1caa6e324,81b96042f105d395
14,858617c490155d7a,81b96042f105d395
14,3f1cf267acb47fd6,d6bfcb5c2ba2f84e
14,a776fcf34a929ea8,81e210830082f8f2
14,17881dfa377cba2a,3d288ae76183042c
14,99b59d9b69ba9dc3,3d288ae76183042c
14,1f5acd73d1f7b172,3861b8e37f9c321e
14,feece074f7697377,24dade609966f6d1
14,1164a8d81e5c7293,5b7030456c066130
14,8ae09f976b2eaa9e,07b73a836bb1292f
14,3b47dd76b811b75e,89b717625c90834b
14,f9a1b63e1edd8b82,baf20f737d298b14
14,c5c51790316fb7be,09c0d6d92bb7935f
14,792592f5459019c5,b1852e616c74461d
14,f26266d2ddc3314a,f737cdceb054d1ae
14,939f4e383d7f2538,7f57287cddb6b47e
14,10ab2bd3aee82c86,6c1bae5834f5f538
14,b6639475ab459fc6,5493d796909161cb
14,14d2e1577da18f18,24dade609966f6d1
14,26e9deb83e4fe9ea,46168d2b61810385
14,b68d511f81c508b3,6dbba3f6e213a509
14,e7be3bf9b3704581,43d4d5669e2aa449
15,cbc94b1fb8aaeed5,2577ccbb325e4581
15,212f1426d7334a2d,fa6baef0e00e9af5
15,00547b0960dbb07c,85a8b729772c7bdb
15,264da3687cbfcfc2,46168d2b61810385
15,5d8d85f844d99817,7f57287cddb6b47e
15,76aca3ce806c3be7,2ddbd22c48105af4
15,f98fc521b287b31f,7f57287cddb6b47e
15,8aa6c7091bc90625,7f57287cddb6b47e
15,a2c251f27feb9e83,f737cdceb054d1ae
15,953cbea94e4df4b3,46168d2b61810385
15,f9d9e69e2fdd6369,baf20f737d298b14
15,92cffb7541bc8922,3d288ae76183042c
15,95b38070959c706b,f80d9f4c546a39bc
15,f45d5ac5358742f8,1021f7d55a22fdb3
15,c5f040323908f009,7d83f6c1912dab0b
15,845e2b32832397a0,ba272a7d7c194d10
15,720d7833867dca67,3470371a867e2d7f
15,3ef9f453fd9a8973,46168d2b61810385
15,831e882f7b844b8d,6acc6459cea7830a
15,1991405937d09770,b65dde5c111888af
15,0746cdb7592e6518,b1852e616c74461d
15,6f43393fd918db48,09c0d6d92bb7935f
15,40d45e51caa3d474,a2127a7e8618bf38
15,3b2a70ad38ed72ab,b1852e616c74461d
15,de451f1b447dd2d6,31c5b96a0d27009f
15,1bb6912c0530edd6,1b21fad233dc4153
16,5d086835ac6cd063,09c0d6d92bb7935f
16,efb72a5e6645b1fd,58056c933ea3db0c
16,47ef0d047bf95fdd,6acc6459cea7830a
16,9174c9bb5d8b5ff7,e776afc022c28da8
16,437e1a030d22c8e1,6d5bef8155a184f2
16,60ab90d31a21e9f0,751f1d65af06e462
16,65d592beb7e55d63,67843b4efaee06b7
16,a1bfaa32d9268c56,3561878c5a513d36
16,ad19be72628d6639,8f93d197aa6d6bce
16,c063d1b8312590c6,89b717625c90834b
16,0f1b6c15d825d6fc,1de0201e642c0a3c
16,5a8b7bd01328649b,baf20f737d298b14
16,7cbcc49f12719d5b,81b96042f105d395
16,0a623d5c89fa50dc,81b96042f105d395
16,4506202f4ed39338,b1852e616c74461d
16,98df8f517c5a0072,7f57287cddb6b47e
16,64c77306aa40f23a,793fff47812a6f52
16,471016e2118f073f,46168d2b61810385
16,2e860331d89b3778,751f1d65af06e462
16,207e6c2474905255,2577ccbb325e4581
16,e99185151b541941,c2947ebde93ba540
16,e7012bf6795e01ac,e776afc022c28da8
16,0cc77a5ec9828fe8,67843b4efaee06b7
16,ee5366ec56448ee5,baf20f737d298b14
16,58827399cedb601b,e216aaedc4d8d047
16,b46ef0d7e9afe052,6abafa0bd7f152b9
17,25774c4d4c27ca2b,7f57287cddb6b47e
17,d9a1c3971edf9656,b1852e616c74461d
17,a786491012810b8c,b1852e616c74461d
17,074c031bbc3a5cf4,b922da11f029c905
17,0817a751f354ceca,bccb85110bd29331
17,c9b430f330135b77,24dade609966f6d1
17,8e9c8511f121e7dc,4f28cdf2220b4559
17,0806c371e7b66e4c,db817d979d28e72d
17,f9c0c821db6afbd2,fa6baef0e00e9af5
17,2e15b118c2d34a0a,6336de5003fc3cda
17,73c068bba76904b3,baf20f737d298b14
17,7f5eb8937778424d,09c0d6d92bb7935f
17,2fde83680b7f8d79,81b96042f105d395
17,5433f73bcd65455e,2ddbd22c48105af4
17,fd119cad2646abd1,1116b0dc7c20037c
17,cba85db43ad76a5d,5b7030456c066130
17,96d84b6d8f46a504,46168d2b61810385
17,83039140e2a5041a,46168d2b61810385
17,690ed2665bc5b677,09c0d6d92bb7935f
17,6314c73f36064ce4,09c0d6d92bb7935f
17,c3769ea0e22267dc,67843b4efaee06b7
17,1050f0c87ff748e3,46168d2b61810385
18,5849be29345f9cc2,6acc6459cea7830a
18,29cd89ad97f539dc,fa6baef0e00e9af5
18,0e98b461782331f3,fa6baef0e00e9af5
18,940318d7c00d4c5f,288b57f459267049
18,e16a9626584c34ad,a2127a7e8618bf38
18,cfa4a4eac18cc3b7,2ddbd22c48105af4
18,0418328bd1c0c268,6acc6459cea7830a
18,99a6ad1b6632ddfa,89b717625c90834b
18,eec6e83d77a6d767,3561878c5a513d36
18,9c2efe7862271a1f,b1852e616c74461d
18,d39416c642a4eb16,f737cdceb054d1ae
18,4fa747691fb79314,d6bfcb5c2ba2f84e
18,fb053ca8593ed0e9,d0d3d9b7e30d30d5
18,f6f365dd45a1ecf4,67843b4efaee06b7
18,5a9cf0f8e0be7871,cd4533a99b331531
18,110362e4ebb39563,67843b4efaee06b7
18,6e5d517e1203764b,f737cdceb054d1ae
18,60984ad6a7a54b25,0a2fe39f721bd1be
18,cce194e9d8a19f58,d0d3d9b7e30d30d5
18,ca561fea5d702bc3,3561878c5a513d36
18,08a60f3046d11a1e,060814707be48b28
18,a2b62cd81ac17099,ebe7f4422ac894fe
19,f2a246ebdb11cb49,baf20f737d298b14
19,111da6a5ec595128,baf20f737d298b14
19,4e96d96c2e3f7a3b,09c0d6d92bb7935f
19,c05c6f5664dc9077,09c0d6d92bb7935f
19,5ba6a195ce00d2bb,6acc6459cea7830a
19,132ddc7f3cbf50c2,bccb85110bd29331
19,75e33019df3b1f6c,bccb85110bd29331
19,02ce1fb3527c1d5a,7f57287cddb6b47e
19,8a2d0910a548eb77,89b717625c90834b
19,1ebe49b47baaf5a8,b1852e616c74461d
19,418314b9069a7774,fc95cf430e9d68a0
19,8b55d70b4193db8e,d090a8afd5861ea6
19,7e31b2371cc9ac1f,3561878c5a513d36
19,e509841cb0d692f3,09c0d6d92bb7935f
19,4f18cd9e2d1e6132,2ddbd22c48105af4
19,08c2f850cf4dbadd,31c5b96a0d27009f
19,e0fd6cb7bfe5aa17,f737cdceb054d1ae
19,039e6f0bce078439,d6bfcb5c2ba2f84e
19,690a2900c582f22b,6dbba3f6e213a509
19,060c3fa1f8cd7d41,09c0d6d92bb7935f
19,3a5714d155f00060,751f1d65af06e462
19,5a1461f4cf71d5ef,89b717625c90834b
19,5800a99cab152584,fa6baef0e00e9af5
19,fd964e3f524f9673,2577ccbb325e4581
19,a4dbbd9bca775633,8df77c6cb6dc2ef3
19,405d11aaa7419a64,c3206a17460057db
19,c622c36fe74fb381,46168d2b61810385
20,7b187f59e48b1583,2577ccbb325e4581
20,5107ef59686806c0,7d5c9e3cac8e697f
20,e5e037a73f0f63b2,baf20f737d298b14
20,a89d411168be8e90,09c0d6d92bb7935f
20,b08e3be3660c01b8,751f1d65af06e462
20,dbd16297efcb2ac5,b1852e616c74461d
20,59185bfa10d210fe,060814707be48b28
20,79cf0abda79270b2,8df77c6cb6dc2ef3
20,b09d169b9eeb82c0,46168d2b61810385
20,52ee8a1dede27dc8,2577ccbb325e4581
20,c6e93280224abe6e,24dade609966f6d1
20,e826c4614d01b2f5,d6bfcb5c2ba2f84e
20,83358e74f95f5387,46168d2b61810385
20,005bbafbbde9d72b,d6bfcb5c2ba2f84e
20,21da3d810c95e5bd,2ddbd22c48105af4
20,efb3dd0ddff5e377,31c5b96a0d27009f
20,481865ec7771affe,50738e3edef7226f
20,813fe6afafd24af0,7f57287cddb6b47e
21,9f38f05728a10808,3db69052b45c8a21
21,c214295c21843378,1cbdf582de1e2fa0
21,a354588dcb1cf36a,b1852e616c74461d
21,ca54643ef059af92,e776afc022c28da8
21,d5070bc5de273657,a2127a7e8618bf38
21,60fca40306005f61,f737cdceb054d1ae
21,991ce652daf86260,c2947ebde93ba540
21,288cbd6a362c49ea,58056c933ea3db0c
21,6b05a1d11e45288e,09c0d6d92bb7935f
21,b32175cb8e2f52f9,6c1bae5834f5f538
21,9108f748f775a56e,bccb85110bd29331
21,b8675658e8aae111,46168d2b61810385
21,642b71009b9eb5cc,46168d2b61810385
21,31f1e03d2eb9c004,6c1bae5834f5f538
21,b217b1863972e0a4,67843b4efaee06b7
21,6d7d4eef94ab18ca,3561878c5a513d36
21,1e021140903c4b2b,94f112b9a3a11895
21,33fed17e7e581c82,8df77c6cb6dc2ef3
21,b2ec76c28d81c593,d8203200dd4dfe7c
21,f71421a8011c728e,490c3d36353af81a
22,aec2ff6425390124,94f112b9a3a11895
22,c36b831dedfc6341,58056c933ea3db0c
22,cdec19fd01359fff,b1852e616c74461d
22,a0cec6b9008de9ff,46168d2b61810385
22,e5c4b40b2f3ddc0f,3e2f4500c3bc0361
22,dd3de337a32889b3,6acc6459cea7830a
22,dc152400a3a20df6,060814707be48b28
22,b38d78594e0e40a1,fa6baef0e00e9af5
22,bbf32dcf96ccaa66,67843b4efaee06b7
22,00692d9ab8e6237d,fa6baef0e00e9af5
22,c36bed89b92cb03b,5b7030456c066130
22,daff3ee61952f1aa,ba272a7d7c194d10
22,fdc6d134cab9f231,33dff7058bba8571
22,f6ca7bfbbf59198b,b922da11f029c905
22,65e38b61d9e68f0b,b65dde5c111888af
22,c09df6468acf35c8,50738e3edef7226f
22,0f91fd93e1e9d57e,31c5b96a0d27009f
22,7bd59935950041e8,f2ab4485c4345b42
22,3953d52665cc62ca,751f1d65af06e462
22,1920e1c9eaa09989,67843b4efaee06b7
23,f816d3b329340409,baf20f737d298b14
23,2072149c5600eabc,c3206a17460057db
23,14d2c3484f22c828,6dbba3f6e213a509
23,f02c6dab7ef7d609,2ddbd22c48105af4
23,65dd1f07bb10806a,67843b4efaee06b7
23,afcf7c5ce6a8f9b9,e776afc022c28da8
23,8ef3a4059f639744,f737cdceb054d1ae
23,3f2408b44386afac,7bc103d1fc02a028
23,e5f219f37e59da3b,24dade609966f6d1
23,07ab6ccbbf41e012,2ddbd22c48105af4
23,204777bd42d2f43a,793fff47812a6f52
23,10477a1a69958319,3db69052b45c8a21
23,6b7f19ec249ce7ac,6c1bae5834f5f538
23,1b9874ef0fc9604b,6c1bae5834f5f538
23,0c8d1bc53fd2e1ec,6d5bef8155a184f2
23,24ce7f64340b11dc,baf20f737d298b14
23,59e0d924ab1a4247,f2ab4485c4345b42
24,154acf15234831a5,31c5b96a0d27009f
24,fce0f90016c68b7d,2ddbd22c48105af4
24,ec059313a7b75635,67843b4efaee06b7
24,9901afb52e3a84d6,3561878c5a513d36
24,a5614690ebeaaaa6,a2127a7e8618bf38
24,f5129c50a563fa2f,6a07e0a4d9b8eb9c
24,71325386d778b633,a2127a7e8618bf38
24,688786605772307c,6acc6459cea7830a
24,793833fc11e133cf,793fff47812a6f52
24,c2caa2d30b244d77,8df77c6cb6dc2ef3
24,9c4390addae5b3a0,490c3d36353af81a
24,ca2c117993b95eb4,e776afc022c28da8
24,b1320165b9280935,490c3d36353af81a
24,df8d988a3dee853d,c77b8292f56c4cc9
24,22db4bdc18e08ff3,89b717625c90834b
24,ed9a81c75321ca9f,f737cdceb054d1ae
24,55f8b50ecbf60634,d6bfcb5c2ba2f84e
24,5378ef01426d4743,04412e61d453e670
24,1003c9bc8748b80f,f714401e43df0e4f
25,dda2a180e536254b,3db69052b45c8a21
25,2d01a79a2caffbc8,67843b4efaee06b7
25,d43a98703c90f3b8,3561878c5a513d36
25,0e4104e1a26fa152,a2127a7e8618bf38
25,f23f34c2b8cf459e,b922da11f029c905
25,42bc91c93e65727b,46168d2b61810385
25,82969576f174897a,f737cdceb054d1ae
25,ea7a017ec7f1df80,8f93d197aa6d6bce
25,cdfb229abcfac661,3db69052b45c8a21
25,1ee4d92032a992a8,7f57287cddb6b47e
25,18ba3b22a58df30e,d6bfcb5c2ba2f84e
25,92d5968eb3232ed5,baf20f737d298b14
25,9a9b999637581712,793fff47812a6f52
25,be2780600722ff02,3db69052b45c8a21
25,3100fcc94e4225db,67843b4efaee06b7
25,c4d5263afda93de1,f601e82a4b55e308
25,e35fa0fbcfab6c13,f601e82a4b55e308
25,0656ef9b47703e66,d6bfcb5c2ba2f84e
25,fea0872eb0e0b0dc,46168d2b61810385
25,c4d5e0f600db971f,751f1d65af06e462
25,34ae10cf09d90a15,f737cdceb054d1ae
25,2320e26b39e4dfa9,e776afc022c28da8
25,9ff8f733c5d6b572,3595e0089530cf0c
25,a83c739efd5cbe87,793fff47812a6f52
26,c3e4506e056a3f79,f737cdceb054d1ae
26,870b2cdc55a7cd29,060814707be48b28
26,5dd5515c8d243af6,873e94abe9e404c8
26,0ae8206c80302591,8df77c6cb6dc2ef3
26,0a816335323b90da,2577ccbb325e4581
26,aed80be83d0492e5,bccb85110bd29331
26,01a14a5b68755ee3,24dade609966f6d1
26,67b4191aec50c6c2,6acc6459cea7830a
26,69256bd1c33d3db3,89b717625c90834b
26,9501af39406f63c4,e776afc022c28da8
26,05966a2e05d317d5,58056c933ea3db0c
26,171d1b0b7aec3cce,6acc6459cea7830a
26,96d069ece4a5c998,31c5b96a0d27009f
26,adc215f3f44221fb,060814707be48b28
26,0a3f241c60e92be4,09c0d6d92bb7935f
26,61db69898388f999,
27,b1f36b60c414ef75,09c0d6d92bb7935f
27,a2636a93c7d63280,c37bea5563a20120
27,2e4975463574f243,67843b4efaee06b7
27,35d45a1da6345e26,0e38ddf5af087c41
27,cf43ec87bd3b1581,6acc6459cea7830a
27,9e8793df122f428a,4e96d96c2e3f7a3b
27,b873cad5009ea1b5,a2127a7e8618bf38
27,2e5819869ba341eb,58056c933ea3db0c
27,0df3a6fd2997e83c,f737cdceb054d1ae
27,1bc106057a938f52,a7a91feb3deffbfd
27,78d13c549271faf4,24dade609966f6d1
27,aa1d316a9898551b,8df77c6cb6dc2ef3
28,bbed852b4cfd2f18,58056c933ea3db0c
28,9d3e26df3ab2743b,baf20f737d298b14
28,b1867c363c517517,b1852e616c74461d
28,42b6ed075e0f3d01,8df77c6cb6dc2ef3
28,5d41e1e3c84fa23a,2c68d1202520d9f1
28,e52d559faf96ddca,1021f7d55a22fdb3
28,5b20f608b76382fa,d237941bc3434b5c
28,6312a809aa005f31,fa6baef0e00e9af5
28,6e64ebbe6cf5a09e,a4012ef813f5c128
28,0e06b71c8ce15644,101b5c28165f7b10
28,37ad384a985d36a1,67843b4efaee06b7
28,c351be2ef3f5de95,b65dde5c111888af
28,43e703249d7e3a9c,3db69052b45c8a21
28,9da67f4f8576ac1d,89b717625c90834b
28,382f8cb122279b79,24dade609966f6d1
28,4e4f491fba703248,68002c286028715a
28,da277e3298a55e23,f2ab4485c4345b42
29,e46a9d08e3ffba8b,f737cdceb054d1ae
29,628a84c2f2696936,b922da11f029c905
29,480f65c44821ee14,3561878c5a513d36
29,8fe3934a9009d755,baf20f737d298b14
29,178c8b1d0002cd59,58056c933ea3db0c
29,8a44c57a02f90e84,e776afc022c28da8
29,204a29f5bbd1d729,baf20f737d298b14
29,942692f125129354,136febed384b794b
29,2ae1bb45655f9305,6acc6459cea7830a
29,78960542f535f8a8,d6bfcb5c2ba2f84e
29,681d82b09ecea793,751f1d65af06e462
29,bc748f7479a2b032,a2127a7e8618bf38
29,e7f07f202c09e815,b1852e616c74461d
29,1e2fa62808a14357,89b717625c90834b
29,d1e0d6f0ba41b4c1,6fc69623d6154ccd
30,fcfc29e123da6fe9,8df77c6cb6dc2ef3
30,bac9f67ff75a4ea5,7f57287cddb6b47e
30,b427855e88d5803e,2577ccbb325e4581
30,d7ee52d8ff83e080,b1852e616c74461d
30,f3db4a78ffa3e786,b922da11f029c905
30,dcef8a5a23d75b2c,8f93d197aa6d6bce
30,af5c9156298302e9,9d9facae9ade7541
30,a047b7cf3bf8e7b8,67843b4efaee06b7
30,4f89d7b3157fda69,3db69052b45c8a21
30,da75a1cc1e059fe3,58056c933ea3db0c
30,ac6308b936bfde6c,3470371a867e2d7f
30,17b86dad21e7d894,5ab167c1139e0c99
30,ef6831e2c57b08a1,490c3d36353af81a
30,5acbebb33c9c7f34,e216aaedc4d8d047
30,9519629029b0f3b8,e2e406ad554ae8eb
30,47cd1b6da6a81012,58056c933ea3db0c
30,b0b126b9a8f0c289,31c5b96a0d27009f
30,8b3a096167c14506,bccb85110bd29331
30,f160b6c7b514a36a,809b14766f3271fa
30,eafdfee709516a10,46168d2b61810385
31,0cef387931b1b3da,baf20f737d298b14
31,803d118f27a2f651,46168d2b61810385
31,a5233c666e5ccdfe,baf20f737d298b14
31,22cb8ba9e4776b58,bbd72a0f3703d9b2
31,ef768c4e872320ba,b1852e616c74461d
31,e8bbc660b7114275,58056c933ea3db0c
31,e65bfa9025c67dc1,b1852e616c74461d
31,bc20bc3da3c8f8bb,04412e61d453e670
31,fc56d49f3a6d2296,c69bdcbc2289fed3
31,19eb0f73fd0ed84d,793fff47812a6f52
31,ff7e0b59e2c730ec,09c0d6d92bb7935f
31,24c485a60e337b76,fa6baef0e00e9af5
31,cb5283a4d70f3df6,2ddbd22c48105af4
31,3effd961439ea618,060814707be48b28
32,68eeb5143a21c2a6,a2127a7e8618bf38
32,d81445906cbc8480,2577ccbb325e4581
32,f7bf4d01f0d7342a,b65dde5c111888af
32,06416478109c5582,58056c933ea3db0c
32,c6eea65bca722bb7,0e38ddf5af087c41
32,37599f5f24e264b6,060814707be48b28
32,6eed2bf3bc54d4c1,c69bdcbc2289fed3
32,a943142b6476b342,baf20f737d298b14
32,0646a479d4551e76,8df77c6cb6dc2ef3
32,5106733674e92659,89b717625c90834b
32,011260a2a4eab51b,e216aaedc4d8d047
33,9052607119f9bdf3,c9f37a27d4b5e8c6
33,2c2a6c128938fdd8,2ddbd22c48105af4
33,66bdc029afbaf334,7f57287cddb6b47e
33,ddb4bf8723c06aa2,91b2f2936128cdf4
33,d9e90958508b4c0b,fc95cf430e9d68a0
33,72180027013e1fc9,b65dde5c111888af
33,7550fea52ff48721,31c5b96a0d27009f
33,b146eb164afa1883,31c5b96a0d27009f
33,a8f5921a0e7d2cfc,a2127a7e8618bf38
33,2fdf492d226d0cf8,09c0d6d92bb7935f
33,52379f3c9fa4e36c,3db69052b45c8a21
33,8c04106c3b8180d7,d6bfcb5c2ba2f84e
33,8f32b0b568969647,7d5c9e3cac8e697f
33,64726f4c74230f57,b659ecb5d531c2fb
33,49ca2f4b931330c7,6fc69623d6154ccd
33,6ffdbfecac6e16df,31c5b96a0d27009f
34,7ca43130dabedcf5,2ddbd22c48105af4
34,f3a56292ca640b84,d6459ab29c7b9a9f
34,ed85c24f01ef3025,f737cdceb054d1ae
34,1a398bc41d63eca9,a74500fac5759450
34,4f5107fafb6b54a4,7f57287cddb6b47e
34,2db39b32ab42ce95,3db69052b45c8a21
34,7760bf66fb0328eb,fa6baef0e00e9af5
34,751786e5f66457e8,d43eb6a0b880f80a
34,2656843261f963b1,33d68c96d6f23b00
34,f2c29310cc55e334,5493d796909161cb
34,9aaf4b79004e106b,23ee45f700c7b4cb
35,b8f7f3c3f6308154,09c0d6d92bb7935f
35,928f0963ee3c8397,315bcfafe04657cd
35,2299e8b6339fd7fa,f2ab4485c4345b42
35,88d584b66acf8f61,3561878c5a513d36
35,5691683f1289fb31,09c0d6d92bb7935f
35,45c01ec6442fc9cd,0e38ddf5af087c41
35,6bcbd5f3ccabae79,7f57287cddb6b47e
35,335f784fe1d4e4e2,fc95cf430e9d68a0
35,c4cca19682660169,50738e3edef7226f
35,0ca6f63896fdaece,31c5b96a0d27009f
35,d15e62fe583184e4,62e8af685fe84468
35,74680ccb8c45e7c2,e216aaedc4d8d047
35,0cae5974e53dc17e,6c1bae5834f5f538
35,3d49632edbd35259,443d5441eed403d5
35,982db8471b188223,f2ab4485c4345b42
36,24f29b7017c91f43,b65dde5c111888af
36,f2c9eb0b59e1be2e,81b96042f105d395
36,c4280f8641767a17,85a8b729772c7bdb
36,eb4a957351115637,58056c933ea3db0c
36,50ee2d68823cd1d7,d6bfcb5c2ba2f84e
36,f9fa75e6d56babcd,db817d979d28e72d
36,eca5829b010591c0,f737cdceb054d1ae
36,998cc051ef42fd31,7f57287cddb6b47e
37,94a90db3e920a7e1,f737cdceb054d1ae
37,eea1528925373f01,6fc69623d6154ccd
37,3fc4d2cf150b11ac,7f57287cddb6b47e
37,496a7f8926f7c6cc,50738e3edef7226f
37,ff58f26f13acbd26,8df77c6cb6dc2ef3
37,01324633c844c2ff,751f1d65af06e462
37,68a52c7565981cf8,8df77c6cb6dc2ef3
37,2ef4dfe45b1e3132,c622c36fe74fb381
37,4ca6e062d72519ff,f72395512fd75140
37,a4ade67eb280662b,d6bfcb5c2ba2f84e
37,87e1e141bc2f3f67,baf20f737d298b14
37,c4456e3fdddb5964,6acc6459cea7830a
37,84c41a7b9b467b68,751f1d65af06e462
37,6f19ab9a0b0aa439,d6bfcb5c2ba2f84e
37,a28eebae7115beb9,
38,f913764dd19c520c,751f1d65af06e462
38,4d4e9cd66cdc7e25,baf20f737d298b14
38,2fd7005a7b2dab55,793fff47812a6f52
38,f349b7cf3d8a4ac9,3561878c5a513d36
38,86ac94b43d50e277,a2127a7e8618bf38
38,73d5c470c4828544,a4012ef813f5c128
38,a489f2a322d6011a,8df77c6cb6dc2ef3
38,b37d45d69dfea264,b1852e616c74461d
38,fbd0a50c1a85fc50,8df77c6cb6dc2ef3
38,07810474315f1361,8df77c6cb6dc2ef3
38,42216df08def439a,b922da11f029c905
38,bb4382e03a175e2c,b1852e616c74461d
38,b0ea95e3b9c9b74f,46168d2b61810385
39,1974f845bfd7f80b,33d68c96d6f23b00
39,4f398503c91139fe,751f1d65af06e462
39,6bf6022be7fca0ae,31c5b96a0d27009f
39,ef8412b81f0e1dc2,baf20f737d298b14
39,d3dd248c93de0392,2af86aefa42d56f9
39,9a6815149b7df74a,0a2fe39f721bd1be
39,1b4df0031648820c,3db69052b45c8a21
39,417eb57e9d5bca06,baf20f737d298b14
39,186d2753d827a33c,751f1d65af06e462
39,4d8317d92c5d0a56,793fff47812a6f52
39,81284b0cea44466c,b1852e616c74461d
40,cdcec9f19c179430,c05c6f5664dc9077
40,ac49501894657b1b,7f57287cddb6b47e
40,8704405ded1ba947,a125d80dd7a74615
40,e0d37f5c6f6181ab,a2127a7e8618bf38
40,5f7a250c081a2449,d6bfcb5c2ba2f84e
40,2a1f1fedb558bba2,04412e61d453e670
40,55c65a186966fcbc,09c0d6d92bb7935f
40,c8c93514a6514fb9,7524b69f0301ceb2
40,aebb9e48316ff72e,31c5b96a0d27009f
40,2bb528c04c67748c,8df77c6cb6dc2ef3
40,4e2ade0c80263a86,9d9facae9ade7541
40,b05ae1abec05db05,d6bfcb5c2ba2f84e
40,b3a637bd382261c2,baf20f737d298b14
40,fd6a4c2018287eda,db817d979d28e72d
41,a4d680c5d6b5f2f7,b1852e616c74461d
41,bc6ce7c461459efc,e216aaedc4d8d047
41,a4a274d1b7f53366,5493d796909161cb
41,a5c855bc90c3f8e4,a4012ef813f5c128
41,a0e7ba775fc06726,fa6baef0e00e9af5
41,60b7d4ea405d0fdb,2577ccbb325e4581
41,fa490f268e88edb5,1021f7d55a22fdb3
41,4d4d3a9c1216d907,09c0d6d92bb7935f
41,aac99ddd67f67e23,770c02e0f98c13c7
41,ac9ce5944fab87db,6acc6459cea7830a
42,5f63c90dd6ea84c1,09614f05c6cfa13e
42,8b5c521c0fd34d49,b922da11f029c905
42,9c57285e342cbc5b,89b717625c90834b
42,55aa10d5b4d370f4,6abafa0bd7f152b9
42,9900a0f337469f55,6acc6459cea7830a
42,8ad2947016bc44f5,e7f07f202c09e815
42,cbb4db5528d1cfee,d0d3d9b7e30d30d5
42,645bde0ecd5158c8,6c1bae5834f5f538
42,36ddc178402644b7,5493d796909161cb
42,bc170aeb7aeed428,1021f7d55a22fdb3
42,6f5e82eb544f4a2b,52ee8a1dede27dc8
43,4df3472146920b28,09c0d6d92bb7935f
43,4dd1ffd8e347a67b,67843b4efaee06b7
43,e632d969813bec1c,e216aaedc4d8d047
43,b1197c208248d0f7,d6459ab29c7b9a9f
43,412a22e7f4d129b5,751f1d65af06e462
43,6e6fdec708fade07,baf20f737d298b14
43,535a27691deb4610,8100631d9fc46234
43,9a4ac71c016c4f3f,793fff47812a6f52
43,1ac21b9fab6f2982,6c1bae5834f5f538
43,e8b9f7302db8f128,5b7030456c066130
43,958ab47121a0dd5e,7524b69f0301ceb2
43,8e77b9823e2bf873,58056c933ea3db0c
43,cb3a197ae7a1e9f3,be38dd9cea0ee618
43,5c32475955b59896,fa6baef0e00e9af5
43,07be853aa1093d1f,751f1d65af06e462
44,cb04e24ccea8deb9,89b717625c90834b
44,f2de3d030ccf0a2c,2e8038e169941f54
44,c58432acd2fcc0be,58056c933ea3db0c
44,f5da01e87633e247,d43eb6a0b880f80a
44,212c1b1be3a90ca0,46168d2b61810385
44,4f9414e0a1c37f95,cd4533a99b331531
44,d244805da13de0b2,793fff47812a6f52
44,5adeaf8f6842213c,6acc6459cea7830a
44,fcc16cbdaba8be1d,1021f7d55a22fdb3
44,96c094c4ad5d1568,6abafa0bd7f152b9
44,bf99c47564c7a5d0,a2127a7e8618bf38
44,884a9a1db0f2b7f1,89b717625c90834b
44,cb61f70b35b4e980,31c5b96a0d27009f
44,897a374f382544bd,e776afc022c28da8
44,582a4e1bc3473436,a2127a7e8618bf38
45,a04b5ce9732c20d5,09c0d6d92bb7935f
45,736d3e5f7ff57f3f,cf43ec87bd3b1581
45,89c42be945b5ec32,f2ab4485c4345b42
45,6392a7d9bbc7cc57,3db69052b45c8a21
45,7ac4492d9e7c2a0c,e776afc022c28da8
45,deb13006a7be5d3a,490c3d36353af81a
45,892bfd44f697891c,5ab167c1139e0c99
45,05f95dafac3cb92a,b15dee3c2e27d5a7
45,533e6db0b9ca5077,f737cdceb054d1ae
45,3bf1133ed2420c32,58056c933ea3db0c
45,3478ed5eca12d5ee,04412e61d453e670
45,1bb00efda7fea2bb,e216aaedc4d8d047
45,1154a562b89aa915,aed598a0dc1b97a5
45,89dad5b05487a22e,873e94abe9e404c8
46,c34db9024d261f75,09c0d6d92bb7935f
46,9ab7e63c22ff685c,7bc103d1fc02a028
46,a0cfe927411225a8,e5dde21e5086e295
46,1447f6e08e297e9a,c3206a17460057db
46,46d2fe1062f2027b,fa6baef0e00e9af5
46,6cad1e11815c86f5,6ad2a0a932aa2d11
46,f7f56b9a4ea8e6aa,baf20f737d298b14
46,03842f6ba7e77e26,b1852e616c74461d
46,e435300d66f7aaf3,7f5eb8937778424d
47,1d54d3eddd27db97,8df77c6cb6dc2ef3
47,0fe27c3d3801fe0e,e776afc022c28da8
47,531f5c6f37a2c8e3,7524b69f0301ceb2
47,836f25b01403fb5b,3dc611bb2c032b0f
47,2303fa42dabc6a4d,1b21fad233dc4153
47,f2468f5dc8034b1a,6acc6459cea7830a
47,6b10f0c8f9ab7b97,0a2fe39f721bd1be
47,c7f4db9cd480f307,5493d796909161cb
47,22d222b334d3ba78,58056c933ea3db0c
47,3511a4e4b113cedf,a4012ef813f5c128
47,acffb8b8ee8b4ea8,baf20f737d298b14
47,ee1a5d88170a9fd8,793fff47812a6f52
47,d918be6590d10556,d6bfcb5c2ba2f84e
47,0b0b614202f03c63,f714401e43df0e4f
47,39309079497141e6,3561878c5a513d36
48,ccad33b4b66bbd44,e216aaedc4d8d047
48,4f378a571a5c5fb8,8f93d197aa6d6bce
48,232a787e4a5c3b0c,712c33fe0ec0a46a
48,c1d0db92d856aa5e,1050f0c87ff748e3
48,98f7442dedb20e20,e216aaedc4d8d047
48,22c1de012adf48dc,c2947ebde93ba540
48,f883641958fde26b,760012e96c16e099
48,9db95fa1ce8a28c4,fa6baef0e00e9af5
48,4ef62062b74920b9,baf20f737d298b14
48,c6ffb970d97aab3b,3561878c5a513d36
49,fa1c1d521ada1ef2,b65dde5c111888af
49,22e2f3c3eb7e9f10,58056c933ea3db0c
49,c44396c9579270a0,67843b4efaee06b7
49,412056439b121b72,1021f7d55a22fdb3
49,9a8c1a08457bf043,6acc6459cea7830a
49,0be2188636101cef,baf20f737d298b14
49,621d3d1b8dbd811a,7d5c9e3cac8e697f
49,3314c650567bc0d2,e216aaedc4d8d047
49,8b40c953c774dc48,e216aaedc4d8d047
49,db5d9bf9f5b71a13,baf20f737d298b14
49,2015fd2d826327cd,09c0d6d92bb7935f
49,4343081dd30616ee,3561878c5a513d36
49,2e73c77e71e39053,4f28cdf2220b4559
49,5b499b44beafba55,751f1d65af06e462
49,f6e81980295a207b,
50,57583500d2b0d7de,3db69052b45c8a21
50,30f96053b7a0fa7a,b922da11f029c905
50,556c6cb5aae3fe8c,c5148f7e6c6ccf1c
50,3961161b164db945,770c02e0f98c13c7
50,f6be6ac86f20a755,c2caa2d30b244d77
50,c8a6638d4f035fa5,2577ccbb325e4581
50,38719cec96483e1d,a74500fac5759450
51,9837128f531182b7,7d5c9e3cac8e697f
51,18b33ea776cdc917,89b717625c90834b
51,738966e3f996312d,31c5b96a0d27009f
51,6b48459536b160da,6acc6459cea7830a
51,514144c17a3dd859,ba272a7d7c194d10
51,464816923fcae406,d6bfcb5c2ba2f84e
51,2e1633aa585cbb0c,a4012ef813f5c128
51,e4bd8b5a312ab06d,f737cdceb054d1ae
51,f143c36fc53bfde1,d6459ab29c7b9a9f
51,db87356a667506d9,0a2fe39f721bd1be
51,f139f14375e35889,a2127a7e8618bf38
51,773aad2c440daf7d,1d0ca5a94e591ec1
51,d7c4925b1a5f030e,46168d2b61810385
52,87be48b24e969a2f,2ddbd22c48105af4
52,b5fa48daea4f4a4a,760012e96c16e099
52,404337830872f59a,09c0d6d92bb7935f
52,27ee81ddbe022cc5,2ddbd22c48105af4
52,1c1ef94d3006cfa5,67843b4efaee06b7
52,d8ff685f2e6694f7,3af008ca297bc2bd
52,4f1a9809ce2437ce,7d83f6c1912dab0b
52,71fe6f47f8c5c1b5,b1852e616c74461d
52,74976c8bb9015425,e776afc022c28da8
52,065de05d5458a6fb,d6bfcb5c2ba2f84e
52,cc8590fe766e1bef,060814707be48b28
52,da15148130f95d42,e2e406ad554ae8eb
53,882ad02d3f5d064c,31c5b96a0d27009f
53,b06b1b54fbedb459,d6bfcb5c2ba2f84e
53,1e052a9fadf9ef79,6c1bae5834f5f538
53,8e8828f4c0b0402d,59844709611d0f60
53,a4d2af32ba8499fd,24dade609966f6d1
53,855b2e9c9d3ac833,b922da11f029c905
53,dcf3262f88febc9c,a2127a7e8618bf38
53,2c68b2b616b96f65,31c5b96a0d27009f
53,a313aa4db253564a,751f1d65af06e462
53,27c6ff2854dcf10f,a74500fac5759450
53,b6c4e6e801e632d5,d8aa6e910ecc4bd0
53,943e2c6c53f26984,6acc6459cea7830a
54,a400d009f656350c,1cbdf582de1e2fa0
54,04ed207bba63971a,e216aaedc4d8d047
54,47996507837745fe,fa6baef0e00e9af5
54,113e3c8c2f065603,793fff47812a6f52
54,5e526df210a593cd,8df77c6cb6dc2ef3
54,66e50efa8c1a50d8,67843b4efaee06b7
54,3faab1bd169a8233,2577ccbb325e4581
54,ad39ee0c085b3205,94f112b9a3a11895
54,4a43789888d1edb7,751f1d65af06e462
54,794eeb17dc5925d9,b1852e616c74461d
55,9b7bed50012fc0f8,31c5b96a0d27009f
55,d80558ec0c44a81f,6acc6459cea7830a
55,2c13a1749bdf41b7,baf20f737d298b14
55,9716203339fba823,6fc69623d6154ccd
55,6d0c97c225aa27f7,751f1d65af06e462
55,3a6613f62e073afa,89b717625c90834b
55,ddb5b76d43e2cd65,387aea4971ba4791
55,7a4d7b7dab0c02a8,6dbba3f6e213a509
55,8b991134cf7de781,770c02e0f98c13c7
55,3ca1af6c6a8cd64e,6acc6459cea7830a
56,318c79ed529c8ccb,87e12529eb9f5460
56,ec68169b48f0f7e8,b65dde5c111888af
56,731b3918770c4bdd,1021f7d55a22fdb3
56,0d63fcc3367c446d,4867b836284c2cc7
56,4d5ecc567f5de4c1,09614f05c6cfa13e
56,3a4226c651bb0606,f2ab4485c4345b42
57,9ff804d8e4254c59,7a769bbcddc018d8
57,bf3e92e0b19dc160,942408b9101897ff
57,a8a938e48ec3d7c9,b922da11f029c905
57,3d1e8015bb1b3d6e,646c93e4960a3360
57,1395b92e2f649d3e,09c0d6d92bb7935f
57,e91c3282dae0d614,a2127a7e8618bf38
57,3bf68e56cf492b13,3db69052b45c8a21
57,eb33cefd7076b82a,baf20f737d298b14
58,a66ea13e27357881,09c0d6d92bb7935f
58,8f6fccbf93f3d3b6,f737cdceb054d1ae
58,98869c02e91fdea4,09c0d6d92bb7935f
58,d7cc832cbd08f6ff,f2ab4485c4345b42
58,cf7024fd4577b949,ac3a2ec04e381469
58,c87031edd1199a9c,67843b4efaee06b7
58,631ac42504b1f2b7,8df77c6cb6dc2ef3
59,f439bb044d220c98,fa6baef0e00e9af5
59,6b5ecdbd37e103d9,33dff7058bba8571
59,c1949d58c770cf10,baf20f737d298b14
59,cbf663496a6a3f7b,baf20f737d298b14
59,98b97fc1fd1ce151,f714401e43df0e4f
59,dc3fe1b2e300841e,1b21fad233dc4153
59,d23881982ff706f6,793fff47812a6f52
60,b483d23d68f94976,04412e61d453e670
60,3beb161b45b3de6a,7bc103d1fc02a028
60,e7f12700c711095c,060814707be48b28
60,45d80cccfa58a687,793fff47812a6f52
60,e4c7d631f9e2b4b8,3561878c5a513d36
60,8c37436b9148b3f3,b922da11f029c905
60,eaebd27fc01fd5a9,3db69052b45c8a21
61,42321f7360a2abdf,3db69052b45c8a21
61,a4928f64379857d8,5493d796909161cb
61,89dfe35986f04a42,fa6baef0e00e9af5
61,506c9f31833724b7,db817d979d28e72d
61,e7d81082680aab6e,ba272a7d7c194d10
61,41bccfa4b39128f9,7f57287cddb6b47e
61,e2167909ff826b12,b922da11f029c905
61,f491627ddddc5bef,b1852e616c74461d
61,096b8149e33d9ab9,7524b69f0301ceb2
62,9af9d0050e771de6,1116b0dc7c20037c
62,ff77feaaf3863806,e776afc022c28da8
62,6c1c1d41afe89ea2,b659ecb5d531c2fb
62,a7b83b40b05773a3,e776afc022c28da8
62,6448af4a2d6c702d,58056c933ea3db0c
62,7e3a0de3c7fb20bc,1cbdf582de1e2fa0
62,977c60daf67467ad,07b73a836bb1292f
63,ecace2eba7bc1c7f,b922da11f029c905
63,8e884fa03b631024,9c8f87006e00f034
63,33d07dba65925dbc,dac2a1806828b8e8
63,9fbafd0218621e9c,62e8af685fe84468
63,20c4afb2ed61afbd,bccb85110bd29331
63,043856a00c602d28,e776afc022c28da8
63,4689045a299dafc8,b1852e616c74461d
63,cf840d2913ed890e,2ddbd22c48105af4
63,d95dc4609303e6a0,d6bfcb5c2ba2f84e
63,3e286a36311e5eaa,420fb5a0c50b3fa4
64,23691f9cd9048971,2577ccbb325e4581
64,f237e200cc05c207,690ed2665bc5b677
64,7ca3084b180be13f,793fff47812a6f52
64,957cf8afa9082b9b,7524b69f0301ceb2
64,9a0ed35194fa60df,b1852e616c74461d
64,f80bb35565c8357d,3561878c5a513d36
64,c23ba5cfb4c8728b,3561878c5a513d36
64,5e4498543578a294,35b08ce20615e1db
64,ce77b7818a5bf5e0,e2e406ad554ae8eb
64,1ba9e31e1ddf3f05,3561878c5a513d36
64,fd2c582af566ec95,8df77c6cb6dc2ef3
65,5cbde7c445588c0f,3db69052b45c8a21
65,9461187aff34d199,2577ccbb325e4581
65,71a2ffa8c9d27a6f,35b08ce20615e1db
65,cb4da800086ed6e2,3db69052b45c8a21
65,2194c718ecae6aac,89b717625c90834b
66,6a45e0894d163d0e,6fc69623d6154ccd
66,41d3c56f42c332f5,89b717625c90834b
66,1e9543a0d91e59ce,c5148f7e6c6ccf1c
66,1ffc84d4f9360152,5a6e1d3ad98ab6f9
66,7b646fab042d90dc,6c1bae5834f5f538
66,b921429afac5ebee,b1852e616c74461d
66,c32404f9e0a46f88,3561878c5a513d36
67,7596fd9b53386c21,67843b4efaee06b7
67,a0e955661e7192a8,420fb5a0c50b3fa4
67,0c0fe9388871ff56,4fa9df2a2163c4cf
67,a53b1713904c3d8b,67843b4efaee06b7
67,9e8d5b579b0e326b,f737cdceb054d1ae
67,226eb0f1ce44570b,91b2f2936128cdf4
68,22cde653675b78ba,6acc6459cea7830a
68,e6d5a0ba6c1992e0,751f1d65af06e462
68,7232380b19591fd4,f737cdceb054d1ae
68,64d144c6403b28df,184ffc17ecb4fc45
68,f8070aee8a0ec6f6,793fff47812a6f52
68,c79d71cbe37a206c,a2127a7e8618bf38
68,da2e0bd98f4892fa,b922da11f029c905
69,57f1029f7f8466c9,6abafa0bd7f152b9
69,78c29c79ce933b03,6abafa0bd7f152b9
69,d2516c9dbfbd5297,d0d3d9b7e30d30d5
69,bc5db6a1c30803a4,fa6baef0e00e9af5
69,bad2ec1d4cd60c1a,a2127a7e8618bf38
69,f48da0b0fbfc0a5d,760012e96c16e099
70,a5511f37c31726ed,58056c933ea3db0c
70,72da088a76600690,a2127a7e8618bf38
70,75a756b9615ada36,ec88f7ad62e5203d
70,c65265c40ac8e4c2,1021f7d55a22fdb3
70,5be2e2ebec5fa6f2,be2780600722ff02
70,a938777234d5b9cd,9d9facae9ade7541
70,69aacbe048a8c5bc,1fb38a3d426c4ff9
70,c73412d64358e77c,cd4533a99b331531
70,f2978a78b7f6b876,1116b0dc7c20037c
70,1670d46e07fba813,c2947ebde93ba540
70,1550ee07e45493ca,6336de5003fc3cda
70,1c3eb18169a6f71d,a2127a7e8618bf38
71,df7363221d6ab101,6abafa0bd7f152b9
71,55f63d0c3e052bd8,b922da11f029c905
71,23e3a1d2d04eb317,d090a8afd5861ea6
71,a77c805b3240df65,3dc611bb2c032b0f
72,26d0a5fb070c7dbd,81b96042f105d395
72,407560e4252e97a5,3db69052b45c8a21
72,3ca053eed87b11ef,8df77c6cb6dc2ef3
72,70b6e96d1c0a4661,d6bfcb5c2ba2f84e
72,120d365c04899a63,751f1d65af06e462
72,8622332637a7993e,111da6a5ec595128
72,c241e83b64c964a4,2577ccbb325e4581
72,526e5b52670ffc6b,58056c933ea3db0c
72,f351e4d6979c47f1,793fff47812a6f52
72,2e63a4786fb9fc54,89b717625c90834b
72,7802d956ae2e798b,1050f0c87ff748e3
73,d917009ce89ba74a,09c0d6d92bb7935f
73,05fc69e8d4af68f6,060814707be48b28
73,220dc50e14713ab5,7d83f6c1912dab0b
73,eb408ddc4fa484e6,46168d2b61810385
73,02e3e94aadba20a9,e776afc022c28da8
73,08d50d404c3ca507,751f1d65af06e462
73,4ca369671b927935,0a2fe39f721bd1be
73,8fea33fe26eb6053,b659ecb5d531c2fb
73,531b03724d272f33,62e8af685fe84468
73,ad22fee09af56147,3db69052b45c8a21
73,0c0924d7fb5ec4b9,e776afc022c28da8
73,136b1aa216d107ee,a4012ef813f5c128
74,fc08efa4e99ed19d,bbd72a0f3703d9b2
74,e109a275cb119b1b,1021f7d55a22fdb3
74,4e765f399104bf01,05966a2e05d317d5
74,fe290591b08e56bf,751f1d65af06e462
74,d9ccf90ea9113dcf,2ddbd22c48105af4
74,de1f005182ad76e4,d6bfcb5c2ba2f84e
74,bcabf7038cbd66f9,bccb85110bd29331
74,c72bba718fe966d4,760012e96c16e099
74,ba8e3c035ebb8049,58056c933ea3db0c
74,ec6fcdd050201b86,c76a7f24ffa59966
74,c447ea4a18078334,9d9facae9ade7541
75,9765ad7e5ba9dea0,ba272a7d7c194d10
75,f1daa3c28cf7dcf8,6fc69623d6154ccd
75,43db354857949da3,793fff47812a6f52
75,f59ba071387a9567,8df77c6cb6dc2ef3
75,782cf0122f195361,377ea7d12f13ce41
75,bad6747f17f7f733,67843b4efaee06b7
75,c6429cc692f25a08,26e9deb83e4fe9ea
76,143dacfd65ac6768,31c5b96a0d27009f
76,61555ad1ad5d6e47,7524b69f0301ceb2
76,a0ef1cb1fefd7f95,6acc6459cea7830a
76,c02589578c3cfe3a,770c02e0f98c13c7
76,6e33b74c8c01d143,6abafa0bd7f152b9
77,0ff2bc4cdb072d85,09c0d6d92bb7935f
77,385aa1fa1ff70c5d,67843b4efaee06b7
77,a2bb7b00c78d540a,6acc6459cea7830a
77,39165c0f2b936adb,c37bea5563a20120
77,198322564f041ec6,3db69052b45c8a21
77,93188934cd80e2dd,3db69052b45c8a21
77,e4d0a3900d23d647,58056c933ea3db0c
77,a1d9c019d2ee8570,9d9facae9ade7541
77,16243cb12ac4f8c4,8df77c6cb6dc2ef3
77,e87ee3589d5986a4,060814707be48b28
77,e41d2ce7ecd3c71b,c69bdcbc2289fed3
78,5c7c875b3c602623,028bb3e5c9814892
78,a1bb140042f02790,3561878c5a513d36
78,ade85efdb6322061,7f57287cddb6b47e
78,46147124e3f0e3c9,f714401e43df0e4f
78,28782ba9f317e6ee,dac2a1806828b8e8
78,cd54af9d6f526358,8f93d197aa6d6bce
78,b61a091f2049d31d,11756b82c458c355
78,3e6ad1c356605c07,cfaee1222daf9f8a
79,b0d331411d7a7ac5,3561878c5a513d36
79,025c24d22c21d4a0,6abafa0bd7f152b9
79,a87415e5cb8f7eb8,50738e3edef7226f
79,4a3db7d5ea25c4c2,09c0d6d92bb7935f
79,ed5f2488f03cf9d9,24dade609966f6d1
80,26c0f0c65475a3bd,e216aaedc4d8d047
80,b00c2513c02a715b,2ddbd22c48105af4
80,6d3e3daa224dd9a9,d6bfcb5c2ba2f84e
80,c0c1f7080abf6d6b,760012e96c16e099
80,cea5236e0cbc7491,d6bfcb5c2ba2f84e
80,00c7ff4acfc1a09c,89b717625c90834b
80,836d98724107d352,cfaee1222daf9f8a
80,518e675a34294aed,c3206a17460057db
80,f575a596d33c32a2,1021f7d55a22fdb3
80,63e40c4a7434a04f,793fff47812a6f52
80,b5f2b58aed16053e,3561878c5a513d36
81,178341cf72fc8d05,2af86aefa42d56f9
81,407c3620e7bc42ec,6c1bae5834f5f538
81,5399baadd18a8497,31c5b96a0d27009f
81,a6cec24989fbd9dc,91b2f2936128cdf4
81,2ccd8526f845f568,a2127a7e8618bf38
81,a6fa73515b38e83c,c2947ebde93ba540
81,7a8f740074dff3e8,89b717625c90834b
81,acd1961b278556f3,a2127a7e8618bf38
81,d00d668c76d4277f,760012e96c16e099
82,81535123842b4cd1,7d5c9e3cac8e697f
82,6a29657f2ec2db2e,cd4533a99b331531
82,794dce5c73b0049e,89b717625c90834b
82,2b8570a78fb7f4ed,2577ccbb325e4581
82,fcfdc70c9513f565,2577ccbb325e4581
82,e3a6e010a409a577,1116b0dc7c20037c
82,bf5e007db72361ac,d9a1c3971edf9656
83,4c0a6cd9fc0ae466,101b5c28165f7b10
83,3c43e92ea039f03b,67669c24cec0f4b4
83,cd76682d5f1619d6,2577ccbb325e4581
83,c00becd172da5b7a,793fff47812a6f52
83,cb2959231eb9ba6b,7524b69f0301ceb2
83,4d2b21accfbd36cc,5d086835ac6cd063
83,d3c564420b2028f7,31c5b96a0d27009f
83,2909c3e8f7ee338b,060814707be48b28
84,2695da4b41720893,028bb3e5c9814892
84,e7a9814d0cb4a9ff,6acc6459cea7830a
84,4ff52649d31faa13,1021f7d55a22fdb3
84,faff1286c5eb9ba8,89b717625c90834b
84,9e7da6e374019586,f714401e43df0e4f
84,bf4291194abe3dd9,3dc611bb2c032b0f
84,1c34d98be128a67e,f80d9f4c546a39bc
84,4faf80bd0162a90f,3dc611bb2c032b0f
85,b5c6ec28a48831ba,a2127a7e8618bf38
85,dc74e029086fc37a,b922da11f029c905
85,5c624101cc73a160,67843b4efaee06b7
85,4a85e0060dbd17fd,bccb85110bd29331
85,890654151b5c436e,b922da11f029c905
85,49cd52201bc261f3,6fc69623d6154ccd
85,f34e88b492b690b6,09c0d6d92bb7935f
86,a6f50a099eb75f97,3dc611bb2c032b0f
86,69fb057c4c99e888,8df77c6cb6dc2ef3
86,116b7214b4d2696a,2ddbd22c48105af4
86,b448c0416f2f5212,faf0e606051cc683
86,7cb229aa3cf4afeb,cd4533a99b331531
86,09243ff68ca7492d,e776afc022c28da8
87,7e77bbd56ff24b8e,2577ccbb325e4581
87,66e395f38407477d,58056c933ea3db0c
87,f82524e9b1c505c6,1cbdf582de1e2fa0
87,b11559a96f4d6180,793fff47812a6f52
87,50bafd592cdff893,58056c933ea3db0c
87,e09c8033f6f9c314,67843b4efaee06b7
88,e68f2861861d4bfe,b922da11f029c905
88,00bbcdb353e77c26,236acc8ad6a0b6e1
88,df7227d92a6d9a7a,060814707be48b28
88,b02fdf8672480734,5691683f1289fb31
88,2cb07a69b322bbbc,f714401e43df0e4f
88,96108eccc21977f2,58056c933ea3db0c
88,e5b8fc5109d638ca,73c068bba76904b3
88,b2a91103c7d4fc14,490c3d36353af81a
88,d87f6486bef4f968,ebe7f4422ac894fe
88,71e399789baea4df,388f7613f99f753e
88,7e4a9323c24505af,760012e96c16e099
89,76644f028e36578c,f2ab4485c4345b42
89,efdfe16f3e8ffdf4,f737cdceb054d1ae
89,02efbae0241c9c9d,1116b0dc7c20037c
89,139c603fd1beed3f,2ddbd22c48105af4
89,ffef498ef51a83bd,09614f05c6cfa13e
89,b57f995d3160c4f2,6fc69623d6154ccd
89,631af09541d77f8d,ec88f7ad62e5203d
90,89c44611c7d4780b,6acc6459cea7830a
90,8a0bebb2aa202a60,5493d796909161cb
90,08f4047379be55e1,50738e3edef7226f
90,2710081d144ca10d,d090a8afd5861ea6
90,438611f7b23e3b69,6c1bae5834f5f538
90,7114e8de204bbc89,5ab167c1139e0c99
90,c02a2c889beb9059,4fa9df2a2163c4cf
90,8df72172e664ffe3,67843b4efaee06b7
90,06fb663312d1bf49,420fb5a0c50b3fa4
91,59c84e098a4620ac,873e94abe9e404c8
91,62c71d09ca5e80fa,2c68d1202520d9f1
91,8098e7dfb09adba3,d6459ab29c7b9a9f
91,cd7b0bd215bbd475,7d5c9e3cac8e697f
91,356e30f6df97bd74,6fc69623d6154ccd
91,91276b4795b6325b,d6bfcb5c2ba2f84e
92,c10e560c5215f04c,2577ccbb325e4581
92,07559b9ce64ef743,1d0ca5a94e591ec1
92,fdcffb77d795d2c8,31c5b96a0d27009f
92,e4189d678e71b8b4,bccb85110bd29331
92,221665ee91554ca6,3561878c5a513d36
93,22c3d17a4e6913c7,be38dd9cea0ee618
93,4212e34c0ff10744,7d83f6c1912dab0b
93,4856565aed2a44fa,690ed2665bc5b677
94,7415d3e366b7356d,58056c933ea3db0c
94,b5f17ac7f4e7b586,09614f05c6cfa13e
94,aadb920d33c5b036,2ddbd22c48105af4
94,2ab9d243b7e30bff,fa6baef0e00e9af5
94,9e0c38be5b906150,ba272a7d7c194d10
94,8974e83b85fbec66,fc95cf430e9d68a0
94,09f11a33e7224276,bbd72a0f3703d9b2
95,22afe2f833f02e56,f737cdceb054d1ae
95,d555ed2232330d9a,6d5bef8155a184f2
95,bbd66186548e7705,0746cdb7592e6518
95,8901342ae188a7c6,3dc611bb2c032b0f
95,9121a595e4bc466f,6abafa0bd7f152b9
96,aacf4a80c4ae4aeb,770c02e0f98c13c7
96,ed640ea03ecc7f01,7d5c9e3cac8e697f
96,d3babba6a91f0aa6,7524b69f0301ceb2
97,da51ea5b243a1c5f,3db69052b45c8a21
97,6e1ad981ac64d34e,3dc611bb2c032b0f
97,0194a5826c0480c9,09614f05c6cfa13e
97,48cc5a08d1ad95d1,f737cdceb054d1ae
97,f5b24771d34b5176,6acc6459cea7830a
97,a35e1e5c648486c0,9d9facae9ade7541
97,1ec61c6ca5ca86e3,9f61c8ef11824d26
98,6439c46e1da4d6b0,fa6baef0e00e9af5
98,ac1e927ec723cd61,c69bdcbc2289fed3
98,ea32fb6d562e6bf0,1116b0dc7c20037c
98,52a5e6fa97ce4f74,e2e406ad554ae8eb
98,416a89a321e35e0f,6dbba3f6e213a509
98,a4c09e3a536b2223,cd4533a99b331531
98,5898876e45cbf5c9,793fff47812a6f52
98,eac62a69b0157e78,101b5c28165f7b10
99,95c0a86e05bfad46,760012e96c16e099
99,92c15373d05bc88f,8f93d197aa6d6bce
99,eb3f423ea8e00b38,24dade609966f6d1
99,3d5efa45ecf6abd6,a7a91feb3deffbfd
99,84fad8ad1cfd3a67,f737cdceb054d1ae
100,690463f6337bf9e4,a2127a7e8618bf38
100,0df98982eed6039b,646c93e4960a3360
100,6153beee78fb549a,50738e3edef7226f
100,7af687b2525641cd,3e2f4500c3bc0361
100,df64b65f73c8bfa5,31c5b96a0d27009f
100,affcf7da4b3ba0fa,9ba9e93997742fb9
101,6faa807d105cf0e3,f737cdceb054d1ae
101,21651c7a522bb6b8,bbd72a0f3703d9b2
101,3811f34be4df5896,236acc8ad6a0b6e1
101,02203cf5c633903b,a2127a7e8618bf38
101,6ecc3054e26f928e,b922da11f029c905
101,23f24ac5a6ebb081,3561878c5a513d36
101,98cef619f5743992,f2ab4485c4345b42
101,5497b0911b3f5772,91b2f2936128cdf4
102,19b45006164d60f2,be38dd9cea0ee618
102,fa641e84c36a82fd,ac3a2ec04e381469
102,fbd5a87ca793b998,2b2581b3c13e1a13
102,968310fdc5b9702f,5493d796909161cb
102,a66bb682f6c20880,09c0d6d92bb7935f
103,d85c3f29ed9968bd,d96a538292d2123d
103,fe8c470f9937668a,136febed384b794b
103,b518b9918bafc4ff,2ddbd22c48105af4
103,fbd6d579150a3c5d,3561878c5a513d36
103,5466550f4c96045e,50738e3edef7226f
103,75c7ba9da53c4090,3dc611bb2c032b0f
103,a2b56a724d1956ab,793fff47812a6f52
103,804d02d5d7c49828,74976c8bb9015425
103,3fdf888790d3b9e6,d9a1c3971edf9656
104,680e4a86c65a36ed,e216aaedc4d8d047
104,c88fd5b8f57bb457,58056c933ea3db0c
104,837b461c78931326,dac2a1806828b8e8
104,68e9baa0b5ed99ea,59e0d924ab1a4247
105,58c9fa8f662fa153,3dc611bb2c032b0f
105,94f1fbafe851bc31,7fb58c1db18a3805
105,bc9d9e3bde1a3ca4,c21450672ed3b256
105,a68ea177599688fe,fc95cf430e9d68a0
106,84744e3763c2608a,baf20f737d298b14
106,9f06eb210c38e740,89b717625c90834b
106,5216fa0b791bc5bb,d090a8afd5861ea6
106,35cdb792992cf99e,d43eb6a0b880f80a
106,758ac8e511a7b5dc,09c0d6d92bb7935f
106,7ec615cbe602b2ce,b1852e616c74461d
106,a3064143a581d4a2,f2ab4485c4345b42
107,cbad1c270d4a55c9,1fc8146a6c83761c
107,213648b079f2156e,dac2a1806828b8e8
107,4806b0a1cc231adb,ac3a2ec04e381469
107,98bd04b47966643d,2ddbd22c48105af4
107,ca2dd6c31cb3b808,3dc611bb2c032b0f
108,99460fe20d6060dc,7bc103d1fc02a028
108,ccf102da784ef677,baf20f737d298b14
108,4baf6a91e57fbe05,6d5bef8155a184f2
108,84eb95624d64c668,9ba9e93997742fb9
108,ada9f052f47ffd8c,6dbba3f6e213a509
108,9069ca78e7450a28,d6459ab29c7b9a9f
108,ed36cabf482d941a,1cbdf582de1e2fa0
108,51346955066186d5,f0f8f63ce2a56f85
109,3a8bbe989e651df1,873e94abe9e404c8
109,0c430892741c8369,0a2fe39f721bd1be
109,b91460cc05a64427,a2127a7e8618bf38
109,9d658dd7d11f7c6b,d090a8afd5861ea6
109,d319e34e589f0d6c,46168d2b61810385
109,6cdacde1071a4366,f2ab4485c4345b42
109,0d030972f9bd03aa,7fb58c1db18a3805
110,a2641b9982cb7c79,6acc6459cea7830a
110,708d2ae46d9cfcd6,f2ab4485c4345b42
110,ffa5706ea3364d20,50738e3edef7226f
110,f3dd51c1f57b841a,e2e406ad554ae8eb
110,a6ddc0abe8129c53,31c5b96a0d27009f
110,8d75e3f07e0fcc86,a4012ef813f5c128
111,4ae657712213f900,793fff47812a6f52
111,8cfb70fe270b8a42,50738e3edef7226f
111,26e61e2f1009cd3c,f80d9f4c546a39bc
111,43d6b58cccf0ad1e,f2ab4485c4345b42
111,02197e3736a58a70,646c93e4960a3360
111,888383f3f459d612,04412e61d453e670
111,19d07ebd7eb377ff,6abafa0bd7f152b9
111,8ea879698ca518e9,8f93d197aa6d6bce
111,f98bbe8aba5a3723,9d9facae9ade7541
112,fc16dc1332c9d41b,cc624e96543a5ba0
112,97b3a590171b1d62,7d5c9e3cac8e697f
112,022570a0a8dfdb5d,3e2f4500c3bc0361
112,87591be561446e97,782cf0122f195361
112,151d1d2ca82ab83d,75c1b5760af0d230
112,23086bf1a1cd5234,b922da11f029c905
112,80cf2a421d8a3227,7f57287cddb6b47e
112,8254b6de52e3c22d,0252f3dd216136d3
113,3a8f1b69fb1f75fe,b922da11f029c905
113,09b80e7f9ebca59b,8df77c6cb6dc2ef3
114,9e9af0db3ce0970f,712c33fe0ec0a46a
114,df3ab574acba7877,24c485a60e337b76
114,01c0a3c654d08ad5,91b2f2936128cdf4
114,2b0da3325c7ad134,8aa6c7091bc90625
115,4a121fca7307b19e,dbd16297efcb2ac5
115,db254e9838546e88,31c5b96a0d27009f
115,1f22f495d8714c76,e776afc022c28da8
116,e5b51c366403c17b,2577ccbb325e4581
116,54e719ad0e97568f,760012e96c16e099
116,470ca85f20da1fc1,bbd72a0f3703d9b2
116,f98adc668338c19f,f80d9f4c546a39bc
116,cec1a0f2428d9a8b,33d68c96d6f23b00
116,b0431bbd4fc449f2,33d68c96d6f23b00
116,531a50dcc1c6a0a2,3470371a867e2d7f
116,47d70c4171fb1956,5493d796909161cb
117,1d866b9347a93caf,751f1d65af06e462
117,ca3bdef4b80ca4b7,67843b4efaee06b7
117,adf3bdc05ecd18d1,1021f7d55a22fdb3
117,acff4a3f84423ef7,31c5b96a0d27009f
117,700579dcaa15f2f2,7bc103d1fc02a028
117,90c0d8d9edf99f99,982db8471b188223
118,d6f3b1fbb5bb0afb,2af86aefa42d56f9
118,02780fcee38bcb0c,2577ccbb325e4581
118,cf913e28d6788509,2577ccbb325e4581
118,814f7c1c6408a89c,760012e96c16e099
118,9f63f44d23f56c8d,d6459ab29c7b9a9f
118,33a9ca7facb57147,1d0ca5a94e591ec1
119,cf2d3365bce69dab,2af86aefa42d56f9
119,24c6965484d68edd,fa6baef0e00e9af5
119,5b436fc811d421c9,3db69052b45c8a21
119,98ccc1b5b102e36a,6fc69623d6154ccd
119,aeac0bf51e587308,2af86aefa42d56f9
119,cbcb534693b7de72,0e38ddf5af087c41
119,39ed74c97e996a8a,50738e3edef7226f
120,92f36bde368eec8e,b922da11f029c905
120,ad7c7c2586878582,3db69052b45c8a21
120,b39f3a7ac1234993,3e2f4500c3bc0361
120,a7d483557bac9f25,07b73a836bb1292f
120,78444092cb8a1c30,3e2f4500c3bc0361
120,f3edf8c3835a3019,d43eb6a0b880f80a
120,0ad6575de53540d4,c21450672ed3b256
120,6a34f799c25508da,cd76682d5f1619d6
120,da34c3a0dc12c81e,d6459ab29c7b9a9f
120,ba7f5d68411677aa,7d83f6c1912dab0b
121,ba0bfd203e495e33,3dc611bb2c032b0f
121,26bfbe35c7881345,d9a1c3971edf9656
122,07466bc295b489be,33d68c96d6f23b00
122,482b9c0d906846c3,d7ee52d8ff83e080
122,e19b370625e60522,6d6562cdeb1ae58d
122,8367e6ae3751d617,387aea4971ba4791
122,fc58d90177ae6cbd,09614f05c6cfa13e
123,1060e11e4e8cda3d,ec88f7ad62e5203d
123,f965f820700daefe,e776afc022c28da8
124,e28c61495c7147ab,c69bdcbc2289fed3
124,8afd226d89886b79,751f1d65af06e462
124,4944437f88ce3fe7,33d68c96d6f23b00
124,ec833e8c77cdfd47,d43eb6a0b880f80a
124,c4f47942400b6463,b36ef90b894973fd
125,a1f1069c633697cd,71269c2bd84e90bc
125,b15058c84db49f65,6abafa0bd7f152b9
125,3ad46d2ea89436ed,cc7e159c7752d9ec
125,e63e8954e9f3f164,1b21fad233dc4153
125,b8131a6092bfc17a,f737cdceb054d1ae
125,60f3c62eb25540be,fa6baef0e00e9af5
125,7b16cc575bd63541,a4012ef813f5c128
125,d6dff2174b04b18d,35b08ce20615e1db
126,498e95df5ad6437d,f737cdceb054d1ae
126,352ff508f8871f95,2577ccbb325e4581
126,62c4c597ae237efb,35b08ce20615e1db
126,cb64572681f307e2,3470371a867e2d7f
126,94650bd8d428cf90,420fb5a0c50b3fa4
126,5a7f7b10984bd64a,6dbba3f6e213a509
127,6ab16e910203a7be,a805994dd837932d
127,44b8985f29d2d663,6acc6459cea7830a
128,b1fdc9de51b559e2,f737cdceb054d1ae
128,f6ef3f5d68655140,85a8b729772c7bdb
128,149ab102db47b06e,09614f05c6cfa13e
128,0983153019b6946c,cb3b8f336a8795ef
129,bf7aa7795ad2c28a,c0919f9d982c7578
129,4de710546fc8c717,09c0d6d92bb7935f
130,0a10c65dd2f59d61,2a67f240fce24027
130,a3f2898ae24a837f,e776afc022c28da8
130,d05d5ae970094c85,8aa6c7091bc90625
130,8bc7762fae445a33,b15dee3c2e27d5a7
130,94409b91cb9c800f,b922da11f029c905
130,42caec8c381c1afa,c10e560c5215f04c
130,d246ec48c6c87b0c,bccb85110bd29331
130,39744f93e1819d21,3dc611bb2c032b0f
130,93227671d4597d5e,838e3af2a8ab97b6
131,f38124a315d008db,7bc103d1fc02a028
131,cfcb0cfa73a1dbef,6fc69623d6154ccd
131,7d191cd4ff8db0eb,e5e037a73f0f63b2
131,342e813c82ff32d7,35b08ce20615e1db
132,2f529a5b32146c0f,24dade609966f6d1
132,63536484414462ad,58056c933ea3db0c
132,caa4807057091508,1a398bc41d63eca9
132,9fe6110201a8d233,c76a7f24ffa59966
132,2d1290c3a6b62160,136febed384b794b
132,6914a2955a8d2b7b,a74500fac5759450
133,6d00101a90c00653,793fff47812a6f52
133,f758ef0e1749fc71,0e38ddf5af087c41
133,25dbffc10b047fe7,ac3a2ec04e381469
133,009746f3d434556a,59844709611d0f60
133,8ff9306a0ce6a6f3,6fc69623d6154ccd
133,126203f85d911bbb,dac2a1806828b8e8
133,ce57dcdf80f5837b,c21450672ed3b256
134,e604d6c50fe3907a,770c02e0f98c13c7
134,76046e3a888598f4,5ab167c1139e0c99
134,bd52757789426ac4,d6bfcb5c2ba2f84e
134,87384847a14b9167,f737cdceb054d1ae
135,7ad673ab9fef2c2e,2ddbd22c48105af4
135,1e88d7a7b56a07dc,2ddbd22c48105af4
135,d2af68785678d335,f72395512fd75140
135,a2e002ece5aaa839,751f1d65af06e462
135,553012a1088124f5,6fc69623d6154ccd
135,8c09cbdc0ba5aaf6,793fff47812a6f52
136,1e0713642f22f12c,1cbdf582de1e2fa0
136,6082e8812adb9083,7d5c9e3cac8e697f
136,27829b705af4701f,e9ecb62f6818ffd2
136,0c6f47aae7012a82,7524b69f0301ceb2
137,14e339a56c4abf60,242ddaa0ce751117
137,b70688a20efae330,5a6e1d3ad98ab6f9
137,8798a906ccf3882e,b922da11f029c905
138,e242cd1cff554fab,09c0d6d92bb7935f
138,d25ed863a5986456,3af008ca297bc2bd
138,45a8e4ca9695cb87,bc748f7479a2b032
139,c21466cbe4ea2865,a2127a7e8618bf38
139,0faee501c0f39980,5ba6a195ce00d2bb
139,3c585604e87f8559,94f112b9a3a11895
140,820d66aafc9148f9,136febed384b794b
140,f102933749fe6e79,31c5b96a0d27009f
141,08f3ef028b991547,3595e0089530cf0c
141,448486031771a63c,85a8b729772c7bdb
141,469bbe95625c83c8,fa6baef0e00e9af5
141,48cba70abe8b8c7f,7d5c9e3cac8e697f
142,aedbfe0bb7070309,e776afc022c28da8
142,5a1841e0d75ea83e,5a6e1d3ad98ab6f9
142,4c4ad7ea2379aa98,33d68c96d6f23b00
143,6bdb89e5ec3cd255,4df3472146920b28
143,01c9537485fe96fe,1cbdf582de1e2fa0
143,0fbe1a7e5aad12c9,ebe7f4422ac894fe
143,7608958adbb29630,a2127a7e8618bf38
143,6e47f41f59b79293,35b08ce20615e1db
144,10a08fe0ee93246f,73c068bba76904b3
144,5a17f0278f79fe4b,b1852e616c74461d
144,fbe922aff35f39fe,c76a7f24ffa59966
144,61f978da63f24203,59844709611d0f60
144,fe46cce083181a53,1005dd96a3b2fde1
144,f5ef242797e4366f,c69bdcbc2289fed3
145,9c6fb111d70074a5,50738e3edef7226f
145,6e751c5ea0e977b9,7524b69f0301ceb2
145,869f1661142468d5,50738e3edef7226f
145,c13b6c7177e3d4ba,d8203200dd4dfe7c
146,0213b4ef0e427a66,2af86aefa42d56f9
146,aa734689457ab3c1,bbf32dcf96ccaa66
146,167a2d94577c2446,b922da11f029c905
146,641c40a1b91f5b30,dac2a1806828b8e8
146,ce314521a264cb0d,7f9674328cda7c23
146,26d88320842a5d94,46168d2b61810385
146,cd07c1f144f94639,793fff47812a6f52
147,0a0b16370608d2ee,fc95cf430e9d68a0
147,efac9ad0575af282,b922da11f029c905
147,26829a5bc04a8100,3561878c5a513d36
147,6799bac2ec7e2aa8,b1852e616c74461d
148,eff31d8daf3b0052,0252f3dd216136d3
148,78eb47b4ad50ca3e,19c0ec560fd58a25
148,d1f1a89573ec3d48,f80d9f4c546a39bc
149,6bacaf5cd1fd3273,b922da11f029c905
149,58c740a3f4ad5d8f,f737cdceb054d1ae
149,8cad236d57a268e4,58056c933ea3db0c
149,22bc2e24ae03c16d,a12143aa34077166
150,47f4274ed08bd9a9,b659ecb5d531c2fb
150,3732c853d8f8a217,6abafa0bd7f152b9
150,b54c6d120240b64c,62e8af685fe84468
150,03ca7d6e89091b11,793fff47812a6f52
150,7ec7ba2707d88790,b659ecb5d531c2fb
151,4dce10b5f5127459,3bb61542a271172d
151,ef494e9035efa753,404337830872f59a
151,f53f859b06da5473,6abafa0bd7f152b9
152,ead6e40498519b17,b36ef90b894973fd
152,a7e436ca879c7963,3dc611bb2c032b0f
152,d7b4c6f69dd961eb,07b73a836bb1292f
152,c6be912c7ac79655,bccb85110bd29331
153,cf6c33c9809090de,3db69052b45c8a21
153,8f61338c1ed3d853,faf0e606051cc683
153,2b158d83a1b8bd89,3470371a867e2d7f
153,dcaea3deadfcd1e9,26e9deb83e4fe9ea
153,167d97ce827963fd,35b08ce20615e1db
153,c481bfd1c48d0b16,b922da11f029c905
154,a21cfc65884782e4,d6bfcb5c2ba2f84e
154,a68ee227af0d3110,0cc77a5ec9828fe8
155,d7560c4f756ad29e,35b08ce20615e1db
155,fc483a7bb3ae556a,060814707be48b28
155,d8c43ef41de50932,d43eb6a0b880f80a
155,a8ac64dd940f821c,b15dee3c2e27d5a7
156,f879b77cb43f08d6,6abafa0bd7f152b9
156,8f9b3a665607cbb4,8a2d0910a548eb77
156,2f12b26869c7db76,ca561fea5d702bc3
156,25ede638128cf2ac,4fa9df2a2163c4cf
156,a85811e5e1f9a236,8df77c6cb6dc2ef3
156,343166314f44b562,b922da11f029c905
156,e3efd75c481d0f23,04412e61d453e670
157,a8dd218122d3e423,712c33fe0ec0a46a
157,b3db7006631ed024,6dbba3f6e213a509
157,415cd030d6d6c5c4,060814707be48b28
157,61152ed15b052898,e63188c36ca98ad0
157,f60efe13656e5779,50738e3edef7226f
158,ddaf0ed54dfc227c,d6459ab29c7b9a9f
158,045ee9cf3bf33269,e216aaedc4d8d047
158,e6df975fec8d3a2a,3e2f4500c3bc0361
158,2fb3d1608c35d104,4fa747691fb79314
159,6e0d6418943707a5,490c3d36353af81a
159,ff1077a35e47e91f,e776afc022c28da8
159,04e6361a9ebcbd85,26e9deb83e4fe9ea
160,1fe3b4ba52df9baa,a7a91feb3deffbfd
160,8a826722aa2c1f68,420fb5a0c50b3fa4
160,73d1928f20690ce8,6abafa0bd7f152b9
161,1958bb126a7ad534,58056c933ea3db0c
161,54492c85959b550c,3dc611bb2c032b0f
161,0c1678090a47ae80,367b4bf27f8b9dca
161,68f91252cb2bcf50,91b2f2936128cdf4
162,824e54f2fcfbf57a,58056c933ea3db0c
162,781b6bb21d9b1279,89b717625c90834b
162,c73168fd85e67b45,9d9facae9ade7541
162,3010444e1c1535e0,429df22f45b34dc1
162,c0b4d6841c7bd10e,35b08ce20615e1db
162,8f00d5de327e8ae0,2ddbd22c48105af4
162,c05a88654794103a,76644f028e36578c
163,38d6dbdb99f4a492,793fff47812a6f52
163,f9a0949e7204ac8b,f1aaf29f59808d31
163,22abc2f76d4d0ac0,2c13a1749bdf41b7
163,1ae994a744eddd99,8df77c6cb6dc2ef3
164,51f81054df5493ba,2577ccbb325e4581
164,91101db165545fe8,bbd72a0f3703d9b2
164,62d989e0ae9d4c1d,6dbba3f6e213a509
164,4f6de19d9d39b2c5,3561878c5a513d36
164,d7cbdb382b74676e,89b717625c90834b
165,558dd2febfcd3f67,2ddbd22c48105af4
165,943d952d170957f8,33d68c96d6f23b00
165,2107c7cc918d28cd,4fa9df2a2163c4cf
165,44ba09abd54d7091,770c02e0f98c13c7
165,39aa09449eeaafdf,3d288ae76183042c
165,d28f84ed45bf82e6,04412e61d453e670
166,a68a0e223c1d70ea,1d0ca5a94e591ec1
166,44c194ea04449adc,94f112b9a3a11895
166,dea8c8164f47321b,31c5b96a0d27009f
166,fcfbddda251851b9,646c93e4960a3360
166,f25de8e71f4810dc,f714401e43df0e4f
167,7faa0af45d95cde6,50738e3edef7226f
167,fa483a0a2419b68d,8df77c6cb6dc2ef3
167,746c1159c28034c7,2ddbd22c48105af4
168,23d17fd600980376,50738e3edef7226f
168,fe68ddc1d6f911a8,4cc2c8de7403151e
169,80e3d3f8651825fd,b922da11f029c905
169,47e9324fa6a03cf8,1021f7d55a22fdb3
170,18561c83cab3cd4e,6acc6459cea7830a
170,ce1f4c369394ea43,c3206a17460057db
170,344ea7565ea4f0ca,6336de5003fc3cda
170,794b7b43d41ff072,db817d979d28e72d
171,b470493d1d0db5bb,751f1d65af06e462
171,97582332996d48c4,b1f36b60c414ef75
171,65dab21dda5f5686,2af86aefa42d56f9
171,79ae5e8cb106a8bb,3470371a867e2d7f
171,4491f2c63ba65a83,7d5c9e3cac8e697f
171,f2fa52d11a8165a8,50738e3edef7226f
171,a785779222f01e0a,bbd72a0f3703d9b2
172,dcf4c0934e8524f9,bbd72a0f3703d9b2
172,d09a6f6db1a3b672,b15dee3c2e27d5a7
172,1933d3b66b242d46,04412e61d453e670
173,e5b01bbd189ff27c,d0d3d9b7e30d30d5
174,7ac082ca22221a93,aed598a0dc1b97a5
174,cbd32e3482561a4d,89b717625c90834b
174,d12838e01cb187fb,6dbba3f6e213a509
175,9c99f0c237b1eca8,c2947ebde93ba540
175,1911d3382d45e67e,76aac666fe436528
175,a061d1ad6e69f89b,2577ccbb325e4581
175,bbd6d78b9bd121c7,67843b4efaee06b7
176,1c067f589fdc496b,2af86aefa42d56f9
176,09b9efcafc2b6878,7d5c9e3cac8e697f
176,3a4b5ec61e61dc6a,cc7e159c7752d9ec
177,06dbb12537f5c769,94f112b9a3a11895
177,5dea114b1c4d3699,0e38ddf5af087c41
178,f2a95d86b22b7fda,0252f3dd216136d3
178,ebac998810b90916,793fff47812a6f52
178,80153546bf139024,5493d796909161cb
178,053fe06c92199dfe,baf20f737d298b14
178,9f211e596e047b01,fc95cf430e9d68a0
178,bbcc49eea54416ce,7bc103d1fc02a028
178,90f4b1482a8a51ad,5ab167c1139e0c99
179,a990123fed41597d,fa6baef0e00e9af5
180,a4b3e55d4ad77333,94f112b9a3a11895
180,d27e0cf27a8645b0,a4012ef813f5c128
180,c70ae956ea7f8358,81b96042f105d395
180,a56de3120e8fc49a,2ae1bb45655f9305
180,1b4f918816f6c793,31c5b96a0d27009f
181,7c72a2b81122f510,7524b69f0301ceb2
181,ae0cc93b28f03ed3,09614f05c6cfa13e
181,5c36e9e709d509b2,3db69052b45c8a21
181,d5833adc74dd9e03,c76a7f24ffa59966
182,3dc34ba29d7e2daf,58056c933ea3db0c
182,99863beb4b4c2b98,c69bdcbc2289fed3
182,2b682781569549a1,67843b4efaee06b7
182,28575416a169cad5,3bb61542a271172d
182,53e82598b2dcd353,c2947ebde93ba540
182,e33d804222d210e1,0252f3dd216136d3
182,6fb804700d59ef28,1fc8146a6c83761c
183,65f30625d028b953,db817d979d28e72d
183,54d61a9591ae608c,c2947ebde93ba540
183,28c17a1196f9d8a4,09614f05c6cfa13e
184,c45b4087907eabf1,a4012ef813f5c128
184,872e8fe8b27e30cd,f0f8f63ce2a56f85
184,fb0d83c504fe7184,fc95cf430e9d68a0
184,15daf4bdf2ef713f,fa6baef0e00e9af5
184,c7c743d9f9461047,d6bfcb5c2ba2f84e
184,d7a5d4cc6efd06d7,43d4d5669e2aa449
184,0dd287792c0d6725,2ddbd22c48105af4
184,e94bbd13d8739ef2,09c0d6d92bb7935f
185,f40dc9f6582d5cb4,5c32475955b59896
185,2fbac0df3f86e7df,a3064143a581d4a2
185,0770d471f91cccce,a974a80fda63b209
185,b64a31182b632a36,f714401e43df0e4f
185,d6af02771900b1c1,7f5eb8937778424d
186,ff56490ba76eb728,c37bea5563a20120
186,61b9297041309e56,dac2a1806828b8e8
186,a3e333900d59a48f,2c68d1202520d9f1
186,d9376c0fec7831c8,2c68d1202520d9f1
186,816afbcbbd246b73,cfaee1222daf9f8a
187,d3d9d0a68b6771f8,c76a7f24ffa59966
187,f55c07bdea51e8b2,67843b4efaee06b7
187,8c39736352d7bfa3,9c2efe7862271a1f
188,5141a3bee5cf9169,a2c251f27feb9e83
188,680e514d4dd8f64c,1116b0dc7c20037c
188,2efc41d6c55f3e70,e509841cb0d692f3
189,2fedf0d597f7d2c8,7d83f6c1912dab0b
190,519612dfa1cdc472,cf43ec87bd3b1581
190,649a6bf036c9fee9,c69bdcbc2289fed3
190,7c9ad11aa7a3824e,0a2fe39f721bd1be
190,029c2a5986fa8fb5,e2e406ad554ae8eb
190,fee047f061a8655e,1021f7d55a22fdb3
192,32218bd52357705f,a2c251f27feb9e83
192,a99094d48bae1453,6fc69623d6154ccd
193,ec7ff4331a4599a1,1fb38a3d426c4ff9
193,4dbb2d575749d0df,26e9deb83e4fe9ea
193,2f2ac60b2feb046e,1116b0dc7c20037c
193,43b329558c070ca9,c622c36fe74fb381
194,6333e3d97dfe422e,2af86aefa42d56f9
194,2be9551732245f52,a4012ef813f5c128
195,c2a2e6f3881e48fa,db817d979d28e72d
195,d6d37b24b08466b0,31c5b96a0d27009f
196,73093bd3838ffc67,b922da11f029c905
196,1b8ddc85685a7e3c,7fbfddb269d294d5
196,9d17969940cc072d,646c93e4960a3360
197,2c9e1d86f0603f98,8df77c6cb6dc2ef3
197,4c3f7600dc45ec28,28a31e29da6ef47a
197,156366b480160489,0a2fe39f721bd1be
198,d42357718c37c391,e216aaedc4d8d047
198,3507e53991ba5a30,04412e61d453e670
198,623019f8634f5780,443d5441eed403d5
198,10ed471915187853,c9f37a27d4b5e8c6
199,5a995a391b31cb7e,3db69052b45c8a21
199,19711a0b86e31ea1,2ddbd22c48105af4
199,51e39de91e734562,5a6e1d3ad98ab6f9
199,21d17a812d1d9360,751f1d65af06e462
199,a4b0eaddd00335c7,67843b4efaee06b7
199,2fafce970ffb89d1,bbd72a0f3703d9b2
199,273f4d8ba14d5406,f2ab4485c4345b42
199,e1045f0466bb67de,59844709611d0f60
199,e394949b5cdd2a83,a7a91feb3deffbfd
199,a2b4842dc9b24d7b,fc95cf430e9d68a0
200,f39869552bc571ac,101b5c28165f7b10
200,9e3a9d46e2340cee,982db8471b188223
200,5520369ef3c08326,81b96042f105d395
200,b14c193aa75714e9,1cbdf582de1e2fa0
200,b53fe5b688b11910,a2127a7e8618bf38
200,bcf7da3c84c8ed22,c2947ebde93ba540
200,5d0dc6be1e320c57,793fff47812a6f52
200,8595f403b56e2b87,5b499b44beafba55
201,8800788b7f5d0890,d6459ab29c7b9a9f
201,7d4b23a728254fda,fce0f90016c68b7d
201,56e6a558e0063d34,6f43393fd918db48
202,a3093e70c44bfec1,baf20f737d298b14
202,942746ef5ad9b556,751f1d65af06e462
203,fe20061ab9d947c7,2577ccbb325e4581
204,8d32364e7ce9a891,490c3d36353af81a
204,31e4c7110fb09f19,c608d88a291ff907
204,0432dd72b3304795,5ab167c1139e0c99
204,fb2200b6c0d23631,2ddbd22c48105af4
204,33bb8aa99c76633f,e216aaedc4d8d047
205,17aff482c7f0bda5,1cbdf582de1e2fa0
205,dcb9846fbe33cc72,2ca48032dff5d2f7
205,929dcf153e894edf,d2f3afc779850b6a
206,e2d3f50896f7b09b,33d68c96d6f23b00
206,9f81e4ea4c19164f,c21450672ed3b256
206,bf0817e66e98f3f3,060814707be48b28
206,70366ecf6d6affeb,838e3af2a8ab97b6
206,8792fe731ca265ee,a4012ef813f5c128
206,768f2b11d357e11a,6acc6459cea7830a
206,e7958e8a50cba51c,e776afc022c28da8
207,a4cf0919af4e917b,6acc6459cea7830a
207,0e1d012b28db4a3a,cfaee1222daf9f8a
207,ccf42a004ca55559,f72395512fd75140
207,47dd6b55eb432387,2577ccbb325e4581
207,6a45cfcc22bb67a7,793fff47812a6f52
208,606f113541bf8a2e,429df22f45b34dc1
208,be5103e704d98ad1,ac3a2ec04e381469
208,be84d83e5b38ecf5,5adeaf8f6842213c
209,cacb37c42841ea74,db817d979d28e72d
209,e5d181c19d38930d,31c5b96a0d27009f
210,f1604f622c0e78bd,8df77c6cb6dc2ef3
210,fd59f87b17affc9b,33d68c96d6f23b00
210,2eed1a26747c05bb,6c1bae5834f5f538
210,676074404d05600d,a74500fac5759450
210,b67245943ac8a235,6dbba3f6e213a509
211,ab1d6f64e5870146,f23f34c2b8cf459e
211,82909b9f7e0eabaf,5cd2b5962a2f9633
211,6508b1637ebb1140,00692d9ab8e6237d
211,5ed230033817ad82,760012e96c16e099
211,0bf7c0cbe0c8d9c9,6d5bef8155a184f2
212,d6e3e00c93168b5a,1050f0c87ff748e3
212,17e54dee04927cc5,3561878c5a513d36
212,13722b229b8fbff0,7524b69f0301ceb2
213,7d15eeaeeae7797a,770c02e0f98c13c7
213,3f2f4cfd5f5aa225,baf20f737d298b14
213,b3e0a2084e42ce2e,59844709611d0f60
213,5a61987215d45d55,a74500fac5759450
213,b93d5ccec1f19e20,db817d979d28e72d
214,b91d44839d8f113c,98df8f517c5a0072
214,41fe99d5e58d4d91,3561878c5a513d36
215,c3c58d52e43d1e29,0e38ddf5af087c41
215,8efc4d41aec28448,c2947ebde93ba540
215,9c748799d90d9a67,060814707be48b28
216,ee6ea718320e9c16,d43eb6a0b880f80a
216,b1aea5df92ee2882,b922da11f029c905
216,b98add1e21776842,f737cdceb054d1ae
216,951412562666781a,f737cdceb054d1ae
216,c5db15c36a5ac3dd,07b73a836bb1292f
217,ec4e913962b0549e,712c33fe0ec0a46a
217,720f2230f30ffca9,6d5bef8155a184f2
217,f23e36f471abc366,6d5bef8155a184f2
218,cedaa944c2372a00,09c0d6d92bb7935f
218,205346cc1ca1e28c,50738e3edef7226f
218,2f570196decf6d97,b922da11f029c905
218,ba6668dfba288a04,4f28cdf2220b4559
218,c5621aaa3ced37a4,6d5bef8155a184f2
219,7b4c584f9f3fad27,f714401e43df0e4f
219,7612d7f5bea89957,2577ccbb325e4581
219,d2d8380b0006fe1f,7f57287cddb6b47e
219,27fb63ea2341647d,14a44fd093834655
220,052cf258cf670923,5a6e1d3ad98ab6f9
220,b4c46e3332c4b7b3,8f93d197aa6d6bce
220,edc54ffe33c384f7,1116b0dc7c20037c
221,82eb41b98ce87838,42dff77f49edd041
221,bd3b9a3200937d4e,ba272a7d7c194d10
222,8db35907a04ccc72,b1852e616c74461d
222,f80d1664a9ac846a,873e94abe9e404c8
222,395757ffe62e5072,6acc6459cea7830a
222,ae20a47c9e63e823,2015fd2d826327cd
222,310152763e179098,e2e406ad554ae8eb
223,ec66d1047a125daa,236acc8ad6a0b6e1
223,6c1f3a60d0da31fa,f714401e43df0e4f
223,deb846b4194a0bab,cf913e28d6788509
223,2faff3743c142608,f17510c07c0d2916
224,ed16bec648392083,d0d3d9b7e30d30d5
224,7500011a06663532,1447f6e08e297e9a
225,6c70226a1d963def,e2e406ad554ae8eb
225,ba46dfd25a207055,31c5b96a0d27009f
226,79509c75633ca4a7,f80d9f4c546a39bc
226,6eacbf6ffa52b5e2,09614f05c6cfa13e
226,d3e3e063e7bfe15c,fd964e3f524f9673
226,7343e0fa20163a6c,060814707be48b28
227,f707bda211116ac6,f714401e43df0e4f
227,31e6f80b7b5963a3,4f28cdf2220b4559
227,70e811b8c4ce8aa5,f737cdceb054d1ae
227,5ec3e38356907ef8,1447f6e08e297e9a
227,aefa2f5632d36978,d6459ab29c7b9a9f
228,d28769c7abcae77c,0a2fe39f721bd1be
228,0043893613265c34,cd4533a99b331531
228,0e0d0f4c3db75f84,2af86aefa42d56f9
229,821fad5de07d9ea7,793fff47812a6f52
229,57dc29d8db1da4fe,ba272a7d7c194d10
229,23a1b4b64861b531,87e12529eb9f5460
229,6995f6052d4fe900,d5070bc5de273657
230,5575407a860b3ae5,6d6562cdeb1ae58d
231,c806bf34d43f38ca,d43a98703c90f3b8
231,9b32d0e0dfdef660,6acc6459cea7830a
232,aab50da6e7b61707,e2e406ad554ae8eb
232,6c611ac5d0c37468,b1f36b60c414ef75
232,6514acaba2821d06,58056c933ea3db0c
232,f3e2a3df3ba8fb21,242ddaa0ce751117
232,8bfa865add77c384,d6bfcb5c2ba2f84e
232,f8a74bdc7aa5f456,0cef387931b1b3da
232,e246854b16f63f0a,2af86aefa42d56f9
233,e80ef1f9c8b86c52,4df3472146920b28
234,ad7675c72a58e99b,9f61c8ef11824d26
234,c4f049a0180c25da,9901afb52e3a84d6
234,c48cad83effc3196,60fca40306005f61
235,4216f50154374300,7d5c9e3cac8e697f
235,694915e061eb2b07,62e8af685fe84468
236,3764463cfd83f557,fa6baef0e00e9af5
236,2875686ad56fb4d2,94f112b9a3a11895
236,729b88cf7a4ad253,9db063f3b5e0adfd
237,4b533eca904f04a6,fc95cf430e9d68a0
238,974763d498b19dea,3dc611bb2c032b0f
239,c721b0919e484f92,2ddbd22c48105af4
239,1359c3bae5e39890,b659ecb5d531c2fb
239,982bc5c205af3a92,f714401e43df0e4f
239,9737b60ae13841e2,e216aaedc4d8d047
239,72015613cb337252,2577ccbb325e4581
239,99bcb214c0345081,0d0a5cf1afc73181
240,1fb15b0e3a5d034c,ac3a2ec04e381469
241,3217a22fd64f97c9,80844681baafff06
241,6e6e41a755185e3d,faf0e606051cc683
241,27e1ea0ab4247aad,0252f3dd216136d3
242,50b5493f49ffdab9,e776afc022c28da8
242,bfe36ca094d42af7,baf20f737d298b14
242,68cfa615569e2201,9ba9e93997742fb9
243,11e5955a3c6f02a9,a3e33ad97db137a3
243,81ac47995edf5605,7524b69f0301ceb2
243,def8435abbbdc0c4,0e38ddf5af087c41
243,f3ac38ea3d3e4d2b,c608d88a291ff907
243,42dce4bf83205f97,f2ab4485c4345b42
244,e64c98a916db9d98,5ab167c1139e0c99
244,3d0a18627d92742e,85a8b729772c7bdb
245,2762f0f5088328e5,3595e0089530cf0c
245,29e493610fe64f74,264da3687cbfcfc2
245,45621ae57e9b49fb,6fc69623d6154ccd
245,90795ba899de6612,d9a1c3971edf9656
245,243adc91fd71bd79,35b08ce20615e1db
246,28fb63caf655821f,62e8af685fe84468
246,e526950b7caafa9e,388f7613f99f753e
247,d46ecdd53674af81,bad6747f17f7f733
247,1bf090740fd04f6e,1021f7d55a22fdb3
247,2c6791dda226970c,2577ccbb325e4581
247,a18e18145e6589af,f2ab4485c4345b42
249,e7da5fad061688c3,9d9facae9ade7541
249,9f49b62e8c700c13,bccb85110bd29331
250,75002fccfc10f340,db817d979d28e72d
250,6221db39ab927304,6abafa0bd7f152b9
250,f881d3ab81238b1f,
250,8bf3c53374d54eae,7524b69f0301ceb2
250,0576e2a00f29c25e,3595e0089530cf0c
251,a6d6a377bb3baffe,42dff77f49edd041
252,83c31f71307574b9,59844709611d0f60
252,3ef354a339d26f59,a354588dcb1cf36a
252,182b55b5688fe09d,31c5b96a0d27009f
252,f92b655c5ec608ba,31c5b96a0d27009f
252,1e382cbb3dbb80f8,cd4533a99b331531
252,4f0c7e3b83e5a72e,2ddbd22c48105af4
252,c4e40bfbc452d8a4,5ab167c1139e0c99
253,f57bc2090b90907b,8df77c6cb6dc2ef3
253,f5ee60524a782d11,67843b4efaee06b7
253,14f9853a52db6aa8,5a6e1d3ad98ab6f9
253,0aa05ecd8250952e,2af86aefa42d56f9
254,cd55de66d89c4e68,67843b4efaee06b7
254,752685b8d451abf8,19c0ec560fd58a25
254,928fade2ff903733,aed598a0dc1b97a5
254,18bada0845112af0,58564a3c65cc475a
254,a38e5cf8c1b94983,bbd72a0f3703d9b2
254,4547f457c476721c,71e7baba9e5de09b
256,ca0c11925fec06d0,cc7e159c7752d9ec
256,52b56a8b5dde000c,c622c36fe74fb381
256,8df177bd4b4fbc4b,6dbba3f6e213a509
256,9a143bac22c9d45f,35b08ce20615e1db
256,e3f3e467e374c155,c69bdcbc2289fed3
257,dae7071cb016fcab,5ab167c1139e0c99
257,765a155d25024497,ec4e913962b0549e
257,f4246da8040ebcd5,7d83f6c1912dab0b
258,30774003ff1208dd,c69bdcbc2289fed3
258,c835eeba00caa189,2af86aefa42d56f9
258,6cfe1b3cad4eb592,3dc611bb2c032b0f
258,09869d50bab199b4,f714401e43df0e4f
259,0c7bf2e1c4f25b09,7d83f6c1912dab0b
260,b66b0bd01d226db3,6dbba3f6e213a509
260,5e56bc01814c6687,58056c933ea3db0c
261,d858dba32ef6cfbf,09c0d6d92bb7935f
261,521b0ef1e9590e57,fe12945aab7a8c58
261,9bf68a9dd82824a2,24c485a60e337b76
261,4770c26972d056f0,5b7030456c066130
262,a910b94db2acd9c1,6fc69623d6154ccd
262,cb6fce71fdaa49f2,0a2fe39f721bd1be
262,40e649416216291b,a4012ef813f5c128
262,2f41c16d31a8013e,060814707be48b28
262,3cedf97e12550ee4,c622c36fe74fb381
263,6027159aef2c417e,5a6e1d3ad98ab6f9
263,397f4262df479d5f,a4012ef813f5c128
263,5937f702b33e818f,1d0ca5a94e591ec1
263,40c77583e842b5d2,e9ecb62f6818ffd2
263,0a04d109dde1915e,2c68d1202520d9f1
264,f83e5a1271493254,99a6ad1b6632ddfa
265,d678e61adf2d9a97,baf20f737d298b14
265,46e0eea1c2f5ad03,a7a91feb3deffbfd
265,8c9f9126d53ca650,cbb4db5528d1cfee
266,eee418d6cf60fb8d,42dff77f49edd041
266,47927ec48b02388e,212f1426d7334a2d
266,9dbd660b5ae895e1,d090a8afd5861ea6
266,b08277dd9e755c3b,7f57287cddb6b47e
267,f12836d2be1407b8,101b5c28165f7b10
267,5fae2f8b4d42671f,d2f3afc779850b6a
267,73ac0f52853348f0,ee5366ec56448ee5
268,20e60e4252a97023,33d68c96d6f23b00
269,71b79bc7378e054e,e216aaedc4d8d047
269,cc906df9d42698a1,082632bcb57d1fb1
269,061d899c7b4f6a97,cd4533a99b331531
269,4769cd8b44cceca0,7fbfddb269d294d5
269,bbed6ea0133273c9,f714401e43df0e4f
270,e84a0edab8c366b7,acffb8b8ee8b4ea8
270,47c8fab660c0eb6b,e776afc022c28da8
271,8f653d3652b28e22,a89d411168be8e90
271,e614641c56835319,11756b82c458c355
271,48e2c214ca45c548,3561878c5a513d36
271,8cfb9fccea7a0602,a2127a7e8618bf38
271,f90cb5cda746d58c,f72395512fd75140
271,a0853db058832a66,87e1e141bc2f3f67
271,b96f2d365a21a57c,6acc6459cea7830a
272,7f24ab62a8c35e77,3dc611bb2c032b0f
272,576ca169906458e4,2c68d1202520d9f1
272,c9a98a546f69d296,3af008ca297bc2bd
272,eeb96e1c93dc3945,0252f3dd216136d3
273,297308111b6453fe,c69bdcbc2289fed3
273,10bc22334c79921f,9d9facae9ade7541
273,54497449e55951b3,101b5c28165f7b10
273,95b509e1d4c414c9,2af86aefa42d56f9
274,a8b995544d922185,d6bfcb5c2ba2f84e
274,11f47b3f6ac5959d,f72395512fd75140
275,81b9a0b25687dd85,5a6e1d3ad98ab6f9
275,dd638555d2bf46b3,e216aaedc4d8d047
275,4e8fcc40201703d4,387aea4971ba4791
276,7cbb573d7ebb380f,028bb3e5c9814892
276,5b016e61a848a4b6,4ef62062b74920b9
276,589131ecfe81ee0a,c37bea5563a20120
276,436fc20a1724dfcf,ebe7f4422ac894fe
276,002acd677c85e354,ee5366ec56448ee5
277,1befe65fc84a02ed,9d9facae9ade7541
277,f41e021efa09f9df,73e79e04a5f29602
278,25e3eb2c0e8b5be3,a7a91feb3deffbfd
278,2135fd84e5fc3f4c,3af008ca297bc2bd
278,f6bc8e60ca586ecd,443d5441eed403d5
278,27f854fe4eb7610e,8aa6c7091bc90625
278,97e9d45c4e5906f8,3561878c5a513d36
279,b6181f7c23ebeec8,8aa6c7091bc90625
279,394fb404d247043b,760012e96c16e099
279,710c46ffe1cdd3da,1cbdf582de1e2fa0
280,d850737b28a630f7,4c20216adcce202c
280,89bad6059eed009e,6abafa0bd7f152b9
280,141f140033f4bb1e,67eeb3e012fb7567
280,9eca529b42832fb3,09614f05c6cfa13e
280,5ec92b0f0f45cdc2,f737cdceb054d1ae
281,44bda102adaab7af,baf20f737d298b14
281,25e91610831052cf,1116b0dc7c20037c
281,d6c0f52b0b68cc9d,04412e61d453e670
282,7630de068554f13a,db817d979d28e72d
282,94840e1951c619c2,7bc103d1fc02a028
282,13bbb676705b32eb,a12143aa34077166
282,952ba70b3930ee3b,c0919f9d982c7578
282,65b253ef018538e9,d090a8afd5861ea6
282,243edae55ad4d859,f714401e43df0e4f
282,0912bfcebd15c569,0b0b614202f03c63
283,31f4776656d513c1,7d5c9e3cac8e697f
283,3906082f820218f0,3db69052b45c8a21
283,80f8313157b39407,3595e0089530cf0c
284,e6ba00083fa24aca,c8a6638d4f035fa5
284,42fccecf734307a7,6dbba3f6e213a509
284,681ed05df88c7610,490c3d36353af81a
285,322b73687a571186,fc95cf430e9d68a0
285,cab099796798433a,6336de5003fc3cda
285,0f15feab20766a3f,a3064143a581d4a2
286,882a374c09c14046,0746cdb7592e6518
286,0786c61efbc2b720,1021f7d55a22fdb3
286,8a426975fc616d0b,387aea4971ba4791
286,a521ab34f6fdb14f,68002c286028715a
287,add58e193840499f,67843b4efaee06b7
287,40f82ac5d9c8cae8,c37bea5563a20120
287,9b8029966979f437,713d9e86427d9721
288,622ba02d981f470d,73e79e04a5f29602
288,da8f3462fd7efdb2,6dbba3f6e213a509
289,377dbb42ebdd4f33,b659ecb5d531c2fb
289,e2e116ff4f31bb75,fa6baef0e00e9af5
289,cf789b19193604c7,5d086835ac6cd063
289,42aeb673c99f8197,87e12529eb9f5460
290,54171b339db6b0e2,2a67f240fce24027
290,26fb89c214172093,f80d9f4c546a39bc
291,0e8a30a4ec5b8658,a74500fac5759450
292,eeacbe17fa70557a,e216aaedc4d8d047
292,02dd84704ba6ef10,873e94abe9e404c8
292,5ac7ee74aa6ef5f4,bbd72a0f3703d9b2
292,f2cab24e3797e8cc,d0d3d9b7e30d30d5
293,a7c7dd7d48be77b8,5ab167c1139e0c99
293,e9c0bda0f6506d94,6d5bef8155a184f2
294,5f5ea3007cc64b00,46168d2b61810385
294,0ba4fc7d7334cc17,1116b0dc7c20037c
294,4519e8e262e2a844,6c1bae5834f5f538
294,0fc1e497304b11f3,429df22f45b34dc1
295,7c826946d8d1cf37,2c13a1749bdf41b7
295,cf16879054c74909,e216aaedc4d8d047
295,d404e14fad707942,24ce7f64340b11dc
295,b0afd8303caed3e5,19c0ec560fd58a25
296,517023e701ea5489,e776afc022c28da8
296,e0d955555f8edf97,21b38b7bc3186671
297,68f1f281d8b88e7a,751f1d65af06e462
299,e91cbb226d6aee4e,d090a8afd5861ea6
299,3d1465e2219b33ae,8df77c6cb6dc2ef3
299,d50b815d76ebe137,f2ab4485c4345b42
300,3579657c8bb4886b,3bb61542a271172d
300,5082b6738f9c010f,1cbdf582de1e2fa0
300,7dee96ce650d2f37,3db69052b45c8a21
300,04185212734d4d2b,060814707be48b28
300,9c6a3470fc971adf,0e38ddf5af087c41
300,c4123b23648892d9,2577ccbb325e4581
300,d4472bdd99d58c27,1b21fad233dc4153
302,fcb18cdd3804791b,3dc611bb2c032b0f
302,566f6723d9b7693a,81b96042f105d395
302,29935d0ef8f7b4ca,8f93d197aa6d6bce
303,a8b28876d4805021,87a62ee6b238427a
303,40fb374400fac2a5,cfaee1222daf9f8a
303,2c526750a41835ce,c69bdcbc2289fed3
303,868cc6dbd190da12,ba272a7d7c194d10
303,e15ac4686f976c35,b15dee3c2e27d5a7
304,13c0215523c53589,59844709611d0f60
304,aeafad230a9ddfee,939f4e383d7f2538
304,958fced49997aabc,b922da11f029c905
305,e9ccd0c465905359,f349b7cf3d8a4ac9
305,2e3a5d7713c6cead,1fc8146a6c83761c
306,715f500c36a2ec75,ebe7f4422ac894fe
306,abad82934f8f5daa,e776afc022c28da8
306,fb4f4d4a0efa8527,f2ab4485c4345b42
307,7ffe4c23dad935f3,58056c933ea3db0c
307,5d13d02e27e671cb,04412e61d453e670
308,3bd975b5bad1217a,939ffcedd0a79e48
308,bb6be550d70e33d1,387aea4971ba4791
309,eb4505172cfcacab,dbd16297efcb2ac5
309,08ac51b0a3825ebd,94f112b9a3a11895
309,5c36380030215b41,3561878c5a513d36
309,10c74d5e4042e0d8,b659ecb5d531c2fb
310,576048256ebd7090,bad2ec1d4cd60c1a
310,52f833681bf1ecc1,2af86aefa42d56f9
310,6e6b572115963ade,0e38ddf5af087c41
311,7c51e292592f44ba,cd4533a99b331531
311,75f654c2cb51aab0,b659ecb5d531c2fb
311,63b50e19d9b8063a,6abafa0bd7f152b9
312,af6d1437a9ee58f8,712c33fe0ec0a46a
312,037445cb53b6a47b,5a7f7b10984bd64a
312,9ba03a75cd233ab2,8f65e3ac75cf67fc
312,4795ce1d7ef813ae,33d68c96d6f23b00
312,6eb1deff267b48b2,5a6e1d3ad98ab6f9
312,52e64de52f1069d8,bbd72a0f3703d9b2
313,dc0ac760b436ced0,09c0d6d92bb7935f
313,99541ebcacbe78a5,646c93e4960a3360
313,faa084626ca9be74,101b5c28165f7b10
313,7c61dea3bb234349,9901afb52e3a84d6
314,f83c2e861bce472c,f80d9f4c546a39bc
314,9ed791da9e732cb5,
314,64f7cc865490816a,46168d2b61810385
315,02e95bc1df566d29,72da088a76600690
316,73ec7dc98f1a53a8,cd4533a99b331531
316,fe8f67851748d0e5,1b21fad233dc4153
316,47b443fbc8970b83,c9f37a27d4b5e8c6
317,08410dc33de7d166,7f57287cddb6b47e
317,acaada49d9ba2f21,f80d9f4c546a39bc
318,b7450b41c06c73e6,8aa6c7091bc90625
318,3f96f992c8296fb8,1d0ca5a94e591ec1
318,3e5a6aa892dc7a21,b1852e616c74461d
318,78ed27799b6c7d09,a5614690ebeaaaa6
318,3a031aab7d8b7498,7f57287cddb6b47e
320,29dbea9744ad78d5,35b08ce20615e1db
320,4fbb43647f4c6518,b659ecb5d531c2fb
320,62a48342d6b9046f,0e38ddf5af087c41
320,723c7f34364c9c7e,5d086835ac6cd063
321,3c12c2d319c86814,c8b0f688d1df248e
321,1c3a3d92264f2c05,b15dee3c2e27d5a7
321,4b70eced633bbaa8,7bc103d1fc02a028
322,ce7c5b1044e8654b,101b5c28165f7b10
322,d5389dc339504ba0,ae6a5ce10bd6432f
322,198a90bf057a86c5,6336de5003fc3cda
323,869295690299ac3b,09614f05c6cfa13e
325,4afbccd5b539ad25,a2127a7e8618bf38
325,2d743e35ac44335e,178c8b1d0002cd59
326,66b87ad6f0d32279,4fa747691fb79314
326,3ae107aec61498f8,db817d979d28e72d
326,f12dd7f04f396bcf,136febed384b794b
327,b6db42a9839a8a7e,6c1bae5834f5f538
327,1aa4c29267de8af9,3561878c5a513d36
328,0649276f930b6c21,a2127a7e8618bf38
328,5fbbdc822f3d7a61,0e38ddf5af087c41
328,2b5c718f774f789d,73e79e04a5f29602
328,eaff0babc28dc0ff,08c2f850cf4dbadd
329,82bd7281a6acce6b,31c5b96a0d27009f
329,7a013c993f5139e9,9ba9e93997742fb9
329,3c4cdfcb9a0c3e05,181fc0abb1697f32
329,5ee0511a7a810182,7fb58c1db18a3805
330,677f1242e83a4b1a,67843b4efaee06b7
330,16891e667d88d9ac,f80d9f4c546a39bc
330,65ab42999ee0fde3,273f4d8ba14d5406
330,ddf0147947e1ea11,ac3a2ec04e381469
331,13ced56a3ba78ba8,8f93d197aa6d6bce
331,fba9a96503fa22a3,490c3d36353af81a
331,b2f8f73477d29b39,4506202f4ed39338
331,4854344b98d9b7ee,24c485a60e337b76
332,9e1d90f894722a3c,490c3d36353af81a
332,24b6b50a54ef0b0c,6dbba3f6e213a509
332,11cf5939eb230a5f,429df22f45b34dc1
333,3d35d89660f7006b,490c3d36353af81a
333,4c6d0ca57068a00a,33d68c96d6f23b00
333,6bda0bffcee4db21,a7a91feb3deffbfd
333,46c45292903a91f6,d090a8afd5861ea6
334,b53c1b0ac548634c,c5148f7e6c6ccf1c
334,79871fc9e943191c,4f28cdf2220b4559
334,503c768a07e0b553,76aac666fe436528
335,9b5f75dba85ff6dd,2c68d1202520d9f1
335,b6e192ff9b68ebeb,0e38ddf5af087c41
335,5db1655530113900,ac3a2ec04e381469
335,510325baba4ed04c,80844681baafff06
335,fa828f3b90401ad8,bbd72a0f3703d9b2
335,ccca6135d2608195,4867b836284c2cc7
336,548a14cc88cb3475,aed598a0dc1b97a5
337,aafda11b73371cfe,367b4bf27f8b9dca
337,fcdd0002860a0f79,0a2fe39f721bd1be
338,50621a8682282841,236acc8ad6a0b6e1
338,d18424589593aae2,ec88f7ad62e5203d
338,571da4be40ff40c2,3af008ca297bc2bd
338,b00409fc00aebb1a,171d1b0b7aec3cce
339,eb17a65c9d709b7c,46168d2b61810385
340,a193e5a37d3fcced,6fc69623d6154ccd
340,052f3587f5063a3b,3470371a867e2d7f
340,7bce9f9ccb4a457c,712c33fe0ec0a46a
340,16651602e6af9e60,8a0c994a8e96f40c
341,329e5abfcfbc82b4,a74500fac5759450
342,f25a547e61ab2bab,fa6baef0e00e9af5
342,300ab00b3c2452fc,101b5c28165f7b10
342,1504f82f990b53f8,f16b42073a04311b
343,4b3ea11680624754,1021f7d55a22fdb3
343,6b00d50b579a61cd,b1f36b60c414ef75
343,39a701d23b8b501d,a7a91feb3deffbfd
345,3e54aa83aee1cbc3,c21450672ed3b256
346,810eb3ead85f521a,a2127a7e8618bf38
346,db571e75147bee95,ebe7f4422ac894fe
346,b5c9e085e461862c,760012e96c16e099
347,ed7c87cbfa6ec2f0,d43eb6a0b880f80a
347,7f9cff3abd0762b7,fb6e4c2115fe938b
347,de10f0ec4dda8f76,5b7030456c066130
348,3c074dbec4a67fde,0cef387931b1b3da
348,6fedf189d276b99e,42dff77f49edd041
348,03cb92f9a685a2bf,793fff47812a6f52
348,05f82fb00fe9bac3,9ba9e93997742fb9
349,2b0a0920be1aafb2,6dbba3f6e213a509
349,f083408bc4feef8f,f714401e43df0e4f
349,2f611f696bce7895,0edb14001b769711
350,f094055973438194,3470371a867e2d7f
350,560ff85e0df20668,ac3a2ec04e381469
351,aa01ac51f522b1ef,5ab167c1139e0c99
351,4d7ae34d8107d43d,87384847a14b9167
351,e530cd616ab0880b,7524b69f0301ceb2
351,2a83925b969cf607,b15dee3c2e27d5a7
352,e4e96ca2676542f2,8f93d197aa6d6bce
352,78241818e632573f,bbd72a0f3703d9b2
352,da5b02aa6cdcdbc5,4df3472146920b28
352,d6588a8f2c38f042,2a67f240fce24027
353,be1ffae8fe688516,47e9324fa6a03cf8
354,9b6f82d55d9d3745,7bc103d1fc02a028
354,01517c281c78a009,a7a91feb3deffbfd
354,793f53a6dfc9773c,24ce7f64340b11dc
354,a37082518f7d0c55,67843b4efaee06b7
355,fb57fdcdc8635c8b,05966a2e05d317d5
355,6428010d397bd120,6336de5003fc3cda
356,fe3a65946f70f314,d090a8afd5861ea6
356,5e87deae64b425c2,097b8878f0678ad4
356,bea0d09d8d048f4f,7fbfddb269d294d5
356,161d4a399fa5e326,3ef9f453fd9a8973
356,25afc34ab13f432e,81b96042f105d395
356,70a1a92a782ed0d2,ebe7f4422ac894fe
357,812cb7209275c3e1,c5c51790316fb7be
357,28ae78087f64f49e,42dff77f49edd041
358,0b080240c1dad8cb,136febed384b794b
361,8dc7fd879a189744,c2947ebde93ba540
362,9691e7f3cf42d851,712c33fe0ec0a46a
362,19fd43c3adc3c19e,a7a91feb3deffbfd
363,8f1f8df8219e2d81,1021f7d55a22fdb3
363,6e422ccebe1d2ce6,d8203200dd4dfe7c
363,0e1e8c0655fb27d6,420fb5a0c50b3fa4
364,3ea6eb0e9dcc2045,0e38ddf5af087c41
364,abeb7f400f29afd9,082632bcb57d1fb1
365,da045b7a2dbc0dc9,7fbfddb269d294d5
365,31c9e9a74071accb,c2947ebde93ba540
365,7446338744410170,46168d2b61810385
365,01020f7b2c2fd34e,712c33fe0ec0a46a
366,276c25b60d45547a,d6bfcb5c2ba2f84e
366,05e505b43167a47d,58056c933ea3db0c
366,89c3a6611ccb6775,1cbdf582de1e2fa0
367,8489f26fa9c12225,6d5bef8155a184f2
367,fa4c42d6b23296b3,939f4e383d7f2538
369,9fe89a6e6974224b,04412e61d453e670
370,3949ab70df49806a,3561878c5a513d36
370,f4c572120fd7b753,e65bfa9025c67dc1
370,56d5ddb731b9e723,73c068bba76904b3
370,f4d2199ffe5921bf,5a8b7bd01328649b
371,12b14f620c914d96,d918be6590d10556
371,c10f20263db47c88,d0d3d9b7e30d30d5
372,6923342a946c2872,62e8af685fe84468
373,db6b7983a47e8740,91b2f2936128cdf4
373,0757befd51b7bc81,43d4d5669e2aa449
376,d9148c844a760eb4,68002c286028715a
377,c6a9a2f2b29140a1,98df8f517c5a0072
378,9a4b1ea7b29f087e,c69bdcbc2289fed3
379,a8c2ff58641a5b4b,490c3d36353af81a
379,26f1f76cd8cb0227,5cd2b5962a2f9633
379,8fd4371bd34f7c5e,c608d88a291ff907
380,540ac79bc2cdee41,1d0ca5a94e591ec1
380,df827f8998ef8456,f72395512fd75140
381,d512f3d4aa75145e,1116b0dc7c20037c
381,888cba2e53b91f7a,24dade609966f6d1
381,51c7c9de6251a8d3,712c33fe0ec0a46a
383,58f3678c9bfdee76,3595e0089530cf0c
383,a6d2dce3be262511,ed306347e351d373
383,cd42f6930748e9c0,bbd72a0f3703d9b2
384,d6e83f1181699206,4e96d96c2e3f7a3b
385,299c55fcbdbd68fd,760012e96c16e099
386,53f8411da5616c32,6fc69623d6154ccd
386,ed457ad27fb957b7,712c33fe0ec0a46a
386,ecfde0a60b505ebb,f9c0c821db6afbd2
387,6dd38eef12417f7d,420fb5a0c50b3fa4
388,1dda974b4e4ed1e0,04412e61d453e670
388,44cdb63b219bd94e,f714401e43df0e4f
388,134b75b9be28a5cb,87e12529eb9f5460
388,276d5e30f5018fbb,7d83f6c1912dab0b
388,1dc0b4223e187a10,6dbba3f6e213a509
388,5d812509f9ba88ac,8f93d197aa6d6bce
388,59f2616694f660db,242ddaa0ce751117
389,f46cd59bf75f8641,73c068bba76904b3
390,6bfd2fe09ad0b8da,a4012ef813f5c128
390,c93a707db4113ee0,71269c2bd84e90bc
391,f6187d8f90119c7e,1d0ca5a94e591ec1
391,ddc9fcedbe3ba968,a125d80dd7a74615
391,a84bd9398eb0b266,2072149c5600eabc
392,da53fd398cf13c06,33dff7058bba8571
392,183fb7491d7818d0,7524b69f0301ceb2
394,1f9e2b12641db4e5,097b8878f0678ad4
395,26bf9a55e1c87f66,8df77c6cb6dc2ef3
395,0e7beaa2eb2de143,646c93e4960a3360
395,5a355bd3d90430a5,c622c36fe74fb381
396,af1278fc066cb45f,0e38ddf5af087c41
396,c66f2a8650c25f1e,a2127a7e8618bf38
397,b20434464a60f3d6,1050f0c87ff748e3
397,78fced8ffa572872,d56e3abe11cb7000
397,227bf795416c4a60,5a6e1d3ad98ab6f9
398,4bf94bb575280a90,e7f07f202c09e815
398,a131bffaccdb7360,a4ade67eb280662b
400,5d69eaa4e3c3833e,dac2a1806828b8e8
400,207c868748a69d08,b659ecb5d531c2fb
400,988cf0d4747e692a,e9c0bda0f6506d94
401,acfcd438dd238ef3,76aac666fe436528
401,03956d5d39b857b1,ac3a2ec04e381469
402,4bb9cd68a66a149d,f1179fc9496d4af7
403,030ed234ab257c51,1005dd96a3b2fde1
403,b4b6b8c6e7791e5b,40f32f218c203bc6
404,1619957c43b7b381,1fb38a3d426c4ff9
404,f6138a2520a95e84,a3f2898ae24a837f
404,627c669646c550e0,e5e037a73f0f63b2
405,aa7bf714b9cffcfa,4df3472146920b28
405,1694ad39ca3df90b,760012e96c16e099
405,6decc5c044676e56,42dff77f49edd041
406,87618876f355f88c,0d0a5cf1afc73181
406,54f11f456ed9c2da,1fb38a3d426c4ff9
406,406a6127d0ae51a1,5ab167c1139e0c99
407,8c27df4f6dc6123c,6a07e0a4d9b8eb9c
408,a1c3396c7f1ea7b6,fa6baef0e00e9af5
409,b342371ee6c4396d,f80d9f4c546a39bc
409,8aee15145a547c99,50738e3edef7226f
409,a8dabc23a9b295bf,760012e96c16e099
410,f7d60f3387e24540,c2947ebde93ba540
410,8b5209d173f5fef7,04412e61d453e670
412,17eff21068371a24,f0f8f63ce2a56f85
412,0eb9a9bedeb4c867,2af86aefa42d56f9
412,a6c1d8cdffb22251,f2ab4485c4345b42
412,34e8f105e3164582,08c2f850cf4dbadd
413,13ca2f81a5ffee5d,793fff47812a6f52
414,00e6615929c67a7d,939f4e383d7f2538
414,3353dcc70fbab534,f72395512fd75140
415,05d409b180bca921,07b73a836bb1292f
415,9f34451d02b29641,7fb58c1db18a3805
417,69b4dc63ea0efd78,ed7c87cbfa6ec2f0
417,3374d5c0bbe883cf,59844709611d0f60
417,1686f24cac44253f,3af008ca297bc2bd
418,97e49d107617d260,a10a759d908c8190
418,7ef0fe2e1c18f2d3,5a6e1d3ad98ab6f9
419,b1a25883b9c0bf4c,e5e037a73f0f63b2
420,3deb5f18376c57b8,646c93e4960a3360
420,0305814b88c8e2ba,770c02e0f98c13c7
420,50c0e92ed95f8c5c,939f4e383d7f2538
421,34fd8403ac98ffb0,71269c2bd84e90bc
422,fd39943f065507af,2af86aefa42d56f9
422,53a4a05d3d5b5d2b,91b2f2936128cdf4
422,6988100374efa994,58056c933ea3db0c
423,f5eabb56cfe82c85,0e38ddf5af087c41
423,436b251fc3afbb30,713d9e86427d9721
424,11b5b35b1d387f92,c76a7f24ffa59966
424,055f330598f501e0,5a6e1d3ad98ab6f9
425,1cc73d3328ecd9e7,28a31e29da6ef47a
425,edf599377d24ede7,83820dbeb6716628
426,f28223ced7025428,d6bfcb5c2ba2f84e
426,fe3fd9aa08d2119e,e776afc022c28da8
426,fca148e2c854d34a,35b08ce20615e1db
427,4b48675c0c44be3e,1c206815792fb313
427,e0e4aeb8438e564e,f72395512fd75140
427,c931c9881c7e50e1,b1852e616c74461d
427,a17945b51e37c393,c37bea5563a20120
427,87397af05c87fb6f,c9f37a27d4b5e8c6
428,a0a79238407f435d,1d0ca5a94e591ec1
428,78915c85d7bec79f,71c756083cad202c
428,9e8f714f9a3f5871,7bc103d1fc02a028
428,766d9d059ca6d1cf,7d5c9e3cac8e697f
429,13d4a4fe1f9ec008,5cd2b5962a2f9633
429,17361836c1777b60,7524b69f0301ceb2
430,797c919262276300,a125d80dd7a74615
431,3b28eec7fc12ce07,58564a3c65cc475a
431,a171bffa0f4b829b,8df77c6cb6dc2ef3
432,862c54dab15977d0,6acc6459cea7830a
432,be7b0ec053b076ad,1cbdf582de1e2fa0
432,0053d144d0c66cae,e776afc022c28da8
433,a5f239b252d5a52e,94f112b9a3a11895
434,bf136bb3bc6eacce,d43eb6a0b880f80a
435,32cca867f9c8d482,be2780600722ff02
436,d6bc6d50f5ac030d,1fc8146a6c83761c
436,e88a7fd2db0f4dde,00692d9ab8e6237d
436,3aad67a93d6f1586,1b21fad233dc4153
437,5bf902056b36bdad,1b21fad233dc4153
437,4fa119ec764e2917,7d5c9e3cac8e697f
437,c7eb329a80602333,4c20216adcce202c
438,4bc3db3322a549aa,0cef387931b1b3da
439,63d929b050c9198e,1b21fad233dc4153
439,3f89a97ed5d5ce9f,24dade609966f6d1
439,14510536e0e11765,236acc8ad6a0b6e1
440,f636de76a634075f,fc95cf430e9d68a0
440,deddb2dd1ecb0f0f,388f7613f99f753e
440,983131126c5e3940,21b38b7bc3186671
440,d7d402c0ee884fa7,6d5bef8155a184f2
441,e34737ced3940611,7d5c9e3cac8e697f
441,f22ce0f378a1dab9,ba272a7d7c194d10
442,7ee380fe4038c7fa,a4012ef813f5c128
443,9adbb32fa5035d49,c4d5263afda93de1
444,47688b4ae05422e6,793fff47812a6f52
445,62cbd0f793f5f148,bbd72a0f3703d9b2
445,c1b3f3ce9976d45f,5937f702b33e818f
445,5ac172fad6d66783,6fc69623d6154ccd
446,071864567c2bb35d,0a2fe39f721bd1be
446,e3704b51b77cc360,3755a666a29ec4ea
447,7ecbf61e187af78d,443d5441eed403d5
447,9f2bf64fdce18a4f,b15dee3c2e27d5a7
448,7835246abcbea557,55fec781aaeb7dd7
448,8409da185a1666fa,4df3472146920b28
448,3206678c949fc2f6,c69bdcbc2289fed3
448,fb74f1e255b613bb,d43eb6a0b880f80a
450,6ad7fdfe6f3b954f,3af008ca297bc2bd
450,8dda2663af75e93a,0e38ddf5af087c41
450,7b5f07f4d87d981e,b659ecb5d531c2fb
450,8646e40735646049,f16b42073a04311b
450,85c539d16426a49d,a4012ef813f5c128
451,c0d0e82d328d3c32,1cbdf582de1e2fa0
451,1f47b48970cdf2b9,3db69052b45c8a21
451,954f5485b14fb597,2c68b2b616b96f65
452,abca5d29e6038b72,04412e61d453e670
453,e9319cee702eb65b,bbd72a0f3703d9b2
454,8afd033b56524d75,6d6562cdeb1ae58d
454,ce853a935b99f723,c2947ebde93ba540
454,02b580d51090f954,751f1d65af06e462
454,9df8540df2525428,e2e406ad554ae8eb
454,fb15060f9c95e13f,4f28cdf2220b4559
455,27eee041a914a588,2af86aefa42d56f9
455,4299808023124413,e13975241624cf34
455,bb4b14fc97bed6e1,e216aaedc4d8d047
455,b80a7d5b26a3ded2,cd4533a99b331531
456,6e0c32bbf61d3bcc,14a44fd093834655
457,b933688bf5d767ae,f737cdceb054d1ae
457,b381e465a9a9992f,646c93e4960a3360
458,57c4fcca11831ccd,0252f3dd216136d3
459,396692cca15774e4,19c0ec560fd58a25
459,b8f53b6c4867f3cc,ccf102da784ef677
459,564a9f30389b2b5d,490c3d36353af81a
460,a58e60b6d246c09f,a89d411168be8e90
461,cb7198afbdb94d98,a7a91feb3deffbfd
461,436ec8bc0f9fd1a7,420fb5a0c50b3fa4
462,7e617cb57f8c54dd,f3db4a78ffa3e786
463,88561e9beb25de75,a4012ef813f5c128
463,cb72bea5896757a8,d56e3abe11cb7000
463,0f22b0a3e1d79782,0d0a5cf1afc73181
463,836565761eda7849,7524b69f0301ceb2
464,3b0d631bccf70f90,6fc69623d6154ccd
465,36e03a418a08cd54,181fc0abb1697f32
466,70ceaa46815077a3,aed598a0dc1b97a5
466,21a5010965e89f9d,f80d9f4c546a39bc
467,0a3e60046d043337,28a31e29da6ef47a
468,b4d0661dfacdd0af,94f112b9a3a11895
468,79c8a00f3c2537ba,939f4e383d7f2538
468,d1d9852390115cd3,31c5b96a0d27009f
469,a6ae016377b3c01b,0a2fe39f721bd1be
469,7e72e5cf7424ce71,03842f6ba7e77e26
469,fca8d33826d33c95,4c20216adcce202c
470,a42f5d7ee6e08bdd,6d5bef8155a184f2
471,049828763e3d4506,d0d3d9b7e30d30d5
471,2051eed55f627add,dc152400a3a20df6
472,2fc94c5ec4839d26,0e38ddf5af087c41
472,5093f12586130144,b65dde5c111888af
472,faf3c05e906caabf,101b5c28165f7b10
472,708918b457bf5692,f59ba071387a9567
473,1f36174af07e48d5,1cbdf582de1e2fa0
473,b395818e6f70b02e,690ed2665bc5b677
474,dda93ef1756e2948,d9a1c3971edf9656
474,51819477441cca94,028bb3e5c9814892
474,ddbeb38d8c3544c2,9f61c8ef11824d26
474,418194f92e4dee51,712c33fe0ec0a46a
475,8ca16f7ec2a90ab9,8f93d197aa6d6bce
475,8d12cce27753e749,6abafa0bd7f152b9
476,1078e6c2ab11fa3c,f737cdceb054d1ae
476,ef76f8536d317d0d,6d5bef8155a184f2
477,31cc2f60f560975d,760012e96c16e099
477,9318bef409458aed,3dc611bb2c032b0f
477,8d8c11d334b8c0d5,d43eb6a0b880f80a
477,4449bebc87a01228,24ce7f64340b11dc
478,31a0a0772cef8123,f0f8f63ce2a56f85
479,40e167aa9a528d18,d090a8afd5861ea6
479,a5b0d77108fdb257,ee4a08fdd8c30e1b
479,9638871da8fbdc0f,33d68c96d6f23b00
479,a7a0d8663293cdc4,87e12529eb9f5460
480,6672a703bfbe42a3,7d5c9e3cac8e697f
480,0d7622765775f4e4,87e12529eb9f5460
481,5d0ec383ec38b31d,e0d37f5c6f6181ab
481,90db8c6f84a5feca,490c3d36353af81a
481,21e37b7980bcbcb4,387aea4971ba4791
482,b27fbe293c4af431,19c0ec560fd58a25
482,46041139c303b4a1,84c41a7b9b467b68
483,31fec430e255f038,5dd0f9dfd4e6fc3a
483,4cd7bcdb4b29718e,7d5c9e3cac8e697f
483,434ac72c7ffb4ee5,fc95cf430e9d68a0
484,db87a47df8406306,c622c36fe74fb381
484,3be8bf8e96efa767,2c68d1202520d9f1
484,e7add9a6263ddacc,646c93e4960a3360
484,dc140cdcbd6d8225,420fb5a0c50b3fa4
485,68dd23dc2b2b7532,fa6baef0e00e9af5
485,0069941f05b35348,ebe7f4422ac894fe
485,05b4ecc9220037a9,baf20f737d298b14
485,e438c678cd96ff43,50738e3edef7226f
489,59d6f93fc0b2799d,5ab167c1139e0c99
490,761f26b569cd30c6,43d4d5669e2aa449
490,29e2ef7ddd5da96d,ffe94775c9677974
490,cc01dc95f0e2f20c,1b21fad233dc4153
492,f468b38f35397e79,e94bbd13d8739ef2
492,649cde2aa56d9a39,1b21fad233dc4153
495,65c263bfba3966ea,873e94abe9e404c8
495,124e2bd75a4a50ca,e9ecb62f6818ffd2
496,5a249ec98e17632a,0746cdb7592e6518
496,795b9c6e3e0910ac,9f61c8ef11824d26
496,ebfcdee89a083d7e,c622c36fe74fb381
496,1fb4c69454400760,9c57285e342cbc5b
497,4a44355e04db17d1,236acc8ad6a0b6e1
497,c845a00c513c5854,5a6e1d3ad98ab6f9
497,32ce552f65d03a84,bbd72a0f3703d9b2
498,53b1b843e448e163,e216aaedc4d8d047
498,6ea2a3a7c4ea6300,24c485a60e337b76
499,4bb2e76ac969724b,3e2f4500c3bc0361
501,964330d4dd701fc0,3dc611bb2c032b0f
502,d64407e84ba5eee4,490c3d36353af81a
502,304604db03e36488,213d711fe8b7ffc6
502,a2db1c53be6a8c27,5cd2b5962a2f9633
503,e3acf6382b5c2cda,2ddbd22c48105af4
503,2846df5724415ef8,1fb38a3d426c4ff9
504,8dd72ee95d22e0b2,8aa6c7091bc90625
504,96723594a7fb05c2,33d68c96d6f23b00
504,810cc1e49d1e996d,41d3c56f42c332f5
505,9e64990e30aaf009,75c16d930cc51fab
505,1af5716a9d27193c,6a07e0a4d9b8eb9c
505,a689d4a2d0375312,5ab167c1139e0c99
506,a70509e5397ca271,d0d3d9b7e30d30d5
506,70064347a5cf3715,3595e0089530cf0c
506,b2921ec89a622513,d43a98703c90f3b8
507,a12d09f14aa78949,d0d3d9b7e30d30d5
507,ff9ad6e37d204b47,ac3a2ec04e381469
508,4dc56afd11a583f7,a74500fac5759450
508,62211818c6bce319,c622c36fe74fb381
508,30e624e8e3b96393,4613fdd9631bcbaa
508,923d3552c520fa86,f72395512fd75140
509,85434609eb20dff4,10477a1a69958319
510,aec50c264b78c5af,3e2f4500c3bc0361
510,8455bfb561a308b9,9f61c8ef11824d26
510,d8f324a97bd599d7,33d68c96d6f23b00
510,51c6711ff53ff32e,db817d979d28e72d
512,c20d5a58227f358d,c8a6638d4f035fa5
512,76aa94ebc8031eab,6b7f19ec249ce7ac
512,39e588b1bdd72b91,f714401e43df0e4f
512,d9949a82c18afffa,dda2a180e536254b
512,da2748e732ebc52d,3e2f4500c3bc0361
513,1416bbf2416ba1be,3f2408b44386afac
514,6a3ac560ab8098b7,db817d979d28e72d
515,458945ad96bad7d3,2c68d1202520d9f1
515,c7b895baed866148,6d6562cdeb1ae58d
515,cb4edb03ac38da35,3ef9f453fd9a8973
516,976a236fd7accf54,0746cdb7592e6518
516,c3a70c66a665e7b6,3dc611bb2c032b0f
517,291e1a50cde5b2d2,4fa747691fb79314
517,157a89fadf29fd92,f1179fc9496d4af7
518,6fc5a1910ae05054,5cd2b5962a2f9633
518,e7e783322595921f,2ca48032dff5d2f7
519,145febe9cbc6b253,1021f7d55a22fdb3
519,af84884ba0f24791,b470493d1d0db5bb
519,6078ee9fc203947e,cf43ec87bd3b1581
520,72fee888e3bc543a,acffb8b8ee8b4ea8
522,36775a944a594826,3d288ae76183042c
522,7a9672acf13c7ce7,939f4e383d7f2538
522,c07432bc47bdc402,4c20216adcce202c
522,bfdf804300f7a298,3d288ae76183042c
522,0b942ac4db147ada,3e2f4500c3bc0361
523,bdfcaa300b7a7c20,3db69052b45c8a21
523,093d05d169431d46,e2e406ad554ae8eb
524,3f9bb8f4f5dc2144,8f93d197aa6d6bce
525,7b75f77068f5dd24,1fb38a3d426c4ff9
526,04b03f6aa4bdd10e,a7a91feb3deffbfd
526,c5b42076676f5013,c622c36fe74fb381
527,dc05bf3d1be07e31,28a31e29da6ef47a
527,24ceee3073c0ffe2,c69bdcbc2289fed3
527,f538a46c6129c40d,71269c2bd84e90bc
528,8adacb4580b925d7,f80d9f4c546a39bc
528,4a9d81c9f9136366,7524b69f0301ceb2
529,642b33dd68a69eec,751f1d65af06e462
529,b2a94922aa712d75,0a2fe39f721bd1be
529,0477d9da1ecd9acf,b1852e616c74461d
529,40cf80498287e9da,2c68d1202520d9f1
530,b7d8574060817f2d,b659ecb5d531c2fb
530,d9cd6cc5d77fda33,35b08ce20615e1db
530,6c6064539ea716b4,d43eb6a0b880f80a
531,bb215d4d4f878f46,58056c933ea3db0c
531,48160c1e3223f742,83820dbeb6716628
531,d899e381acecde21,f2ab4485c4345b42
531,fba28253a119f3df,26e9deb83e4fe9ea
531,67fe2100a0f2e7d7,d96a538292d2123d
531,2f286aa20981bda2,f714401e43df0e4f
532,823f31d2475a978c,760012e96c16e099
532,5d837ce52c1c8709,d8203200dd4dfe7c
532,1ff0e04b8e440e24,f1021b01f7174ae5
534,1c80dee7d9f2ef2a,6336de5003fc3cda
534,665c9162bab846fc,d090a8afd5861ea6
534,fda2cccef317f840,2c68d1202520d9f1
534,80e485fc5ab2f44c,e9ecb62f6818ffd2
535,1b3435a00df358df,2ae1bb45655f9305
536,23c8a0c5254f7c1b,d0d3d9b7e30d30d5
537,a909648e7c7d080c,b3a637bd382261c2
537,be241cce7b38bd99,c2947ebde93ba540
537,dbd6ea7ac0915366,5cd2b5962a2f9633
538,f6aaf6a767ec88ba,7f57287cddb6b47e
538,9c7d62edce6670d7,7524b69f0301ceb2
538,29af221e2229d3bf,646c93e4960a3360
538,e0eb4e8bfa597fd9,2c68d1202520d9f1
539,5c587d6e2f5ee930,5898876e45cbf5c9
540,214a0df4838bc738,c5148f7e6c6ccf1c
540,d15c9df83782d49e,942408b9101897ff
541,9ebc48b20b8791ff,a74500fac5759450
541,abc86b73201943f2,cd4533a99b331531
542,e656b5b3e9e4ace7,59844709611d0f60
542,4db56bfe71021763,270e503e8fa86014
543,29a52583de10e385,387aea4971ba4791
543,c04b308b0e1c6272,d420674ab15c5ac3
543,48b1cccf49d192a7,28a31e29da6ef47a
544,eef9cb88c1b1f5f1,cf43ec87bd3b1581
545,bba15ef056d7ce2e,2577ccbb325e4581
545,57a1bb987d1dd0b8,c10e560c5215f04c
546,ce6bc5923207d161,c37bea5563a20120
546,72513163b408384d,2a67f240fce24027
547,5f7e655dd82dab4f,c3206a17460057db
549,21bb91c93de27b3d,04412e61d453e670
549,9181d83aa0db1838,838e3af2a8ab97b6
549,a454ca483b4a66b8,d6459ab29c7b9a9f
550,bbd356db8a90534c,cf43ec87bd3b1581
550,2f60cc47e6c3e0ad,387aea4971ba4791
550,638a1162ce7e1041,0355299394e73ec2
551,357ae61490165626,fbd6d579150a3c5d
551,55ca42e701aba955,42dff77f49edd041
552,8b39ebda13ce3578,33d68c96d6f23b00
554,8fa0892b4b8f5e97,d96a538292d2123d
554,be0b6629945fa977,7d5c9e3cac8e697f
554,13e6093757dbd1fc,d090a8afd5861ea6
556,15dd2469e646e0b7,91b2f2936128cdf4
556,c743da1fd7c4cdfb,0746cdb7592e6518
557,7c3e893653130a45,09614f05c6cfa13e
557,a1ccea690fabb07f,770c02e0f98c13c7
558,2c3ba9e568ec609b,c37bea5563a20120
558,6fc5674c983fd3c6,b15dee3c2e27d5a7
559,7d414cf9528856c4,1d0ca5a94e591ec1
560,5224a1af11403153,7f9674328cda7c23
560,5ba97b7b7eb9f4c3,712c33fe0ec0a46a
561,08a4a78cfeeb78b0,c608d88a291ff907
563,d2df387bdd21514e,8f93d197aa6d6bce
563,5f970ab446968101,35b08ce20615e1db
563,dc590121389e20eb,cdec19fd01359fff
564,8cf3493852c0d8fa,0252f3dd216136d3
566,54d7e7cf4e859983,33dff7058bba8571
566,3c10a18744f5ed90,6232f0efb4e9c62e
566,33e4b902b71ba09a,2c68d1202520d9f1
566,dfe6b4d326a2305b,dac2a1806828b8e8
568,63560760850ab45e,b6dfcd337d884830
568,df0538ef39d32b59,c2947ebde93ba540
569,5b67455cd4bc1bc5,b8131a6092bfc17a
570,d294f857cc1beb49,480ffbfabcba8c8a
570,e2c827565018391a,0746cdb7592e6518
570,e48f0cecc62ea042,3ef9f453fd9a8973
571,c6bd87a6d25394be,63f6ac1c793cc698
572,5eadcf92e524712b,b146eb164afa1883
572,cf55f5c36d139e3e,91b2f2936128cdf4
572,0c4db97537826235,adc215f3f44221fb
573,c3fcb432f5d35ad7,04412e61d453e670
573,951275b220cde57b,d8203200dd4dfe7c
573,b7532ebecc6d90cd,793fff47812a6f52
576,dd7af9ebe52b53c1,2ca48032dff5d2f7
576,7e38e9d2612a25f2,db817d979d28e72d
576,7dae8549549e491a,a5614690ebeaaaa6
576,5c3abaaf28af7579,c87031edd1199a9c
577,2551cc6755a8a633,2a67f240fce24027
578,269e2039910f3942,26e9deb83e4fe9ea
578,c0b2c3b5f1154bc2,6336de5003fc3cda
578,6e3d09ad19b615d1,c622c36fe74fb381
578,0d9b22b690f9329d,a0cec6b9008de9ff
579,e56130a3f8083494,236acc8ad6a0b6e1
579,a85c2f8d2fab1911,73c068bba76904b3
579,0152581b8390949b,a4012ef813f5c128
581,2de58d062f187f9a,81b96042f105d395
581,de402d9e7be3ee6b,7d5c9e3cac8e697f
581,0d6bbd1cdb8168c0,3595e0089530cf0c
582,86320b3dd3763998,71c756083cad202c
582,d4b4fb62c7bdbab1,e63188c36ca98ad0
582,a1e76618369977ca,5d837ce52c1c8709
583,fab28a8c4e2dad57,a74500fac5759450
583,c106c06445a36b69,f0f8f63ce2a56f85
583,e63b7357e0cbcc23,1116b0dc7c20037c
584,d7e20fa15939ff55,c2947ebde93ba540
584,26cb33c3b84c36b1,8aa6c7091bc90625
586,07cd7a188d72ace7,c3206a17460057db
586,14da2cfb0d643206,f2ab4485c4345b42
586,f0cb0ace1945220b,c05c6f5664dc9077
586,4b7aba0a491483e6,0355299394e73ec2
587,5e972ebd7c897cae,1de26a976e89144d
587,146deee634afd044,3100fcc94e4225db
587,dcc3c636367930b8,873e94abe9e404c8
589,3e400489557dbe09,873e94abe9e404c8
590,38df9cd65fd4ec32,8aa6c7091bc90625
590,b38b07542e4254ac,236acc8ad6a0b6e1
592,7e60b1645c3a7a83,443d5441eed403d5
592,95ab7be16d343c6e,5a6e1d3ad98ab6f9
593,1e9705a6cfe2b81f,420fb5a0c50b3fa4
593,48c4bc7caca77a0b,b659ecb5d531c2fb
595,41cdcf823086bdb1,09614f05c6cfa13e
596,857bac7cc8c7f81c,c2947ebde93ba540
596,34b9818a83320c1e,faf0e606051cc683
596,d692e3883e78eaee,2c13a1749bdf41b7
596,4e8fc8a9caa80391,387aea4971ba4791
596,0721e364d916e732,6dbba3f6e213a509
596,901dabe9ab161c35,4fa747691fb79314
597,71016cfaec626344,2af86aefa42d56f9
597,ce5c88f0121fa39d,4f28cdf2220b4559
598,005641a64a07af36,d0d3d9b7e30d30d5
599,0e1ba0101f1927a5,fe12945aab7a8c58
599,06c1dfc9395846f8,4e96d96c2e3f7a3b
600,57f1cadefb650bdd,646c93e4960a3360
600,3faf811c62e38a44,db817d979d28e72d
601,eb762464b450eaab,770c02e0f98c13c7
602,6754a71578ffe25f,4c20216adcce202c
602,7b811e2c077b9e39,3ef9f453fd9a8973
603,d5e2d90a66539851,cfaee1222daf9f8a
603,d5fe324a5e1442c7,2c68d1202520d9f1
603,71960e498358cb10,26e9deb83e4fe9ea
605,185948ed32a4e7ee,b922da11f029c905
605,d9581a00daaaa443,9900a0f337469f55
605,fa7c0b051af06fad,7fb58c1db18a3805
605,dbecd902254dc05e,3ef9f453fd9a8973
606,3f2df93f4a9cefb0,4ef62062b74920b9
606,a62ea203216497ac,07adcb6bb0635688
607,5dc741e31b0f021c,6d6562cdeb1ae58d
608,02eb5acded93de1b,f1aaf29f59808d31
608,044804625eccba1b,0df3a6fd2997e83c
608,d121f05948c5ac94,6336de5003fc3cda
610,8a2df2beb152c1ef,2015fd2d826327cd
611,d467c3db94f27f8f,2577ccbb325e4581
612,db2229b5ab73dc36,6abafa0bd7f152b9
612,50d166ebcff6654b,f1179fc9496d4af7
614,0aaf76f425c6e0f4,d6459ab29c7b9a9f
617,4ed4f201f9385338,c37bea5563a20120
617,3be7db97711131ab,6e6fdec708fade07
618,93f5dc30f6de9875,5493d796909161cb
618,94312fc592ee3f32,d6459ab29c7b9a9f
619,e5e7320b3c2c0dce,136febed384b794b
619,44d19fc4e8e7c056,0e38ddf5af087c41
619,f72abe91e2c0d04b,2af86aefa42d56f9
619,1bbded2d0bbb4828,e9ecb62f6818ffd2
620,54e4636c98ba12d5,e5f219f37e59da3b
621,1435ae1d92f1cc22,4346bd608fffe538
621,ec558d1a5ba82382,ebe7f4422ac894fe
621,52ac1cd9241c5b5a,181fc0abb1697f32
622,e39b725de2fb5455,d9a1c3971edf9656
622,b1fec6ca056f62ce,0e38ddf5af087c41
623,f1edf8783e2191ca,136febed384b794b
623,4afbc0b657e33679,0cef387931b1b3da
624,725ac52befd178a2,cc7e159c7752d9ec
624,f0eb23b1943060da,cf43ec87bd3b1581
624,3b6907cd274264d1,c10e560c5215f04c
626,a32451e203b8dcee,c622c36fe74fb381
626,7f2d45f2e0906376,4e96d96c2e3f7a3b
627,1191939a0cfe3c70,242ddaa0ce751117
628,fd1dfc03d8af1709,a74500fac5759450
629,15372d4aa2ae5d2d,4867b836284c2cc7
629,39514a4ca30bc651,c05c6f5664dc9077
629,3f94df79c1e6fa21,690ed2665bc5b677
629,8750ce4646ca6a51,838e3af2a8ab97b6
630,5fb534008dd01589,be38dd9cea0ee618
631,53c701ac9720ed5f,646c93e4960a3360
631,887554ac538c83bf,33d68c96d6f23b00
632,dd99c64003626c04,2b2581b3c13e1a13
632,3bbbf9992ac72c90,87e1e141bc2f3f67
634,284facacaf115f86,8f93d197aa6d6bce
634,4dfaa906a6ef78a1,cc7e159c7752d9ec
634,142362cce1af5f5c,2b2581b3c13e1a13
635,735581ac23ee9651,3db69052b45c8a21
635,71e468f104a67845,2af86aefa42d56f9
636,e8be86b73fc76025,443d5441eed403d5
637,aa58e1bb7f7dd0ac,c9f37a27d4b5e8c6
638,675519980fc18ea0,c2caa2d30b244d77
639,b9d2d978f5dfd47b,0e38ddf5af087c41
641,8cae23cc0b7358f0,429df22f45b34dc1
641,43e85c1091930651,1116b0dc7c20037c
642,ab7e678fa40c6760,1b21fad233dc4153
642,56ceeaf9cfb245b5,bbd72a0f3703d9b2
643,2484539a8e615923,760012e96c16e099
643,19367c30f146bca4,c950bc44c1029dbe
643,9f6a9d5fd4cb9996,87e12529eb9f5460
643,f2e685e887ff401b,5b7030456c066130
644,0ef4180f470cc8b3,ac3a2ec04e381469
645,5718bd0632ff10d0,770c02e0f98c13c7
645,d87c37070adb7669,387aea4971ba4791
646,b61ded4f37eaa5b3,236acc8ad6a0b6e1
646,4b50d74089e50898,75c16d930cc51fab
647,be40cd987af90320,236acc8ad6a0b6e1
649,f59ff2adc8575d49,3561878c5a513d36
650,103345383ea44e1a,c37bea5563a20120
650,073469c03d8cf7c0,cd4533a99b331531
650,d73112d099eeb82f,59844709611d0f60
651,1de3171c7bce63ad,6a07e0a4d9b8eb9c
651,a35c7099250f7dd2,f80d9f4c546a39bc
652,3f910e8461a0a795,6d5bef8155a184f2
653,7a758d60a89cd278,387aea4971ba4791
653,8c03e924febbac06,46168d2b61810385
654,999fb37310022c0a,fb6e4c2115fe938b
654,026c7e315b580df7,3f1cf267acb47fd6
655,67d077a1ce3bebd1,1fb38a3d426c4ff9
655,9715ce5d126f45e9,a3e33ad97db137a3
656,2d4419a1f879099f,f9d9e69e2fdd6369
657,04c126deea2ad44b,42dff77f49edd041
660,5fd72589ae822c8b,55b65898655ccfbb
660,6a6d732cf72e5bf7,1fb38a3d426c4ff9
660,98abc2aeaf91c48d,28a31e29da6ef47a
660,9b4e257f5b94b50b,b15dee3c2e27d5a7
661,9c70a1ba4e6c4cf6,87e1e141bc2f3f67
663,aa664ad3b4dda28e,4f18cd9e2d1e6132
664,a14ec9e13206d85a,1116b0dc7c20037c
665,b23625405a85a4eb,be38dd9cea0ee618
665,dc79ebe96dd199f7,24ce7f64340b11dc
666,f5953331357d6f0b,d6bfcb5c2ba2f84e
666,48ab9de45fa40b8e,89b717625c90834b
666,fc5f5c4cb8493e8a,26e9deb83e4fe9ea
667,0023da7f1172754e,e216aaedc4d8d047
667,707b2974fbc9f094,57583500d2b0d7de
668,c6e7414b5a312ea0,89c42be945b5ec32
670,2139e7a9d3225988,73c068bba76904b3
671,f45a032457cd7dc9,7760bf66fb0328eb
672,4904631f70454a3c,1d0ca5a94e591ec1
672,decf3c83ec5a033f,
673,3d23c81b3f62e584,6d5bef8155a184f2
673,ea015e0d9135cf95,1085f534425ed503
673,3a7518955e99cba9,92d5968eb3232ed5
674,06cda76e895b4ad7,f72395512fd75140
675,a29b93673ac95be9,04412e61d453e670
675,27ba23b767516525,1005dd96a3b2fde1
676,4833d9e291fdba85,420fb5a0c50b3fa4
676,7b969f6b707f8d80,be38dd9cea0ee618
676,ef1d2ff5f42b1c84,7596fd9b53386c21
678,f8dcfb8a7438b5ce,2577ccbb325e4581
678,5ed2afa5f9824da6,3470371a867e2d7f
678,d3f741863df81973,0a816335323b90da
679,fa41f7d7490f9f41,0a2fe39f721bd1be
679,f91512604c040696,4df3472146920b28
679,f0cff110774a30a4,fa6baef0e00e9af5
679,a3c1e0975e764f24,75c16d930cc51fab
680,0c762cb6b27c57a8,d43a98703c90f3b8
681,f468c3571b627e50,f16b42073a04311b
682,4e390873cdbbe36b,760012e96c16e099
682,45579d4fa40acd28,a89d411168be8e90
683,6be42d13cee90333,4613fdd9631bcbaa
685,91ad6da2c52d48e3,a805994dd837932d
685,5bfa2be4074f4d8d,0a2fe39f721bd1be
686,13b022b4eda0c603,942408b9101897ff
686,325810e74586d225,111da6a5ec595128
687,34ec77ddc03f7283,f1179fc9496d4af7
688,d1923557dab60d85,939f4e383d7f2538
688,4b23e72460869d3a,0a2fe39f721bd1be
688,2cf4333a644b7d5f,ec88f7ad62e5203d
689,ea59569088037763,2f086fc767a0dac5
689,f40866785f0a157d,59844709611d0f60
690,e91b4330695f6da2,b1852e616c74461d
690,204cd67b0503ac38,4f28cdf2220b4559
693,5416346a4042d30b,6fc69623d6154ccd
693,74fa2bf2bf674b72,1085f534425ed503
693,a3e7f7bc69e62769,7d37f444fef7fb72
694,65164863e3f074a2,236acc8ad6a0b6e1
694,baaec71b0c9b701d,c76a7f24ffa59966
694,232dba85f5e63c32,387aea4971ba4791
696,0a2db92731d69f99,2c68d1202520d9f1
697,8fbcb38bb94a17a6,7d5c9e3cac8e697f
697,27a664181050552c,ebe7f4422ac894fe
697,8e97e7058112f942,2c68d1202520d9f1
697,1022d908e1594d90,6dbba3f6e213a509
700,56ad7f430a32974f,a805994dd837932d
700,771e16f63b1c5704,bbd72a0f3703d9b2
700,e33b486bbd7a069a,d8203200dd4dfe7c
701,9370438e27f7fa09,420fb5a0c50b3fa4
702,92a9e2d3b8241e41,4cc2c8de7403151e
702,c9a318176d5033f3,27ee81ddbe022cc5
702,3fd62eb538c9ecda,cc7e159c7752d9ec
702,2d637af5ca7674d9,1fb38a3d426c4ff9
703,0e6ccc5508debc0f,6314c73f36064ce4
703,6cb61f898d7387b6,59e0d924ab1a4247
705,6164b6abf075ecec,760012e96c16e099
706,91e3b0e2a11d92b5,83fbfc6207d6c88d
707,d1274eec56ad00b6,d43eb6a0b880f80a
708,30bf00b8a29779d4,2577ccbb325e4581
708,22d39cbb618f6f63,382f8cb122279b79
709,36f910c92191f886,fc95cf430e9d68a0
709,23cd069c5fd49fcd,1b21fad233dc4153
710,7e2d40209c4469db,18b33ea776cdc917
711,aaf5177dde207cde,fc95cf430e9d68a0
712,2de0b2fb4bb7b416,cf43ec87bd3b1581
713,024ea707fcab30d7,67843b4efaee06b7
713,2c0b10c87230f84e,1cbdf582de1e2fa0
713,7d6e5759df5f61c4,bbd72a0f3703d9b2
713,2c062a58fbd18fec,242ddaa0ce751117
714,e1e0f6d19929802c,6a07e0a4d9b8eb9c
715,02087ecc0aa05d04,646c93e4960a3360
715,7976b79c0759bb35,f7c7fd9c76f109b6
718,b3b95a6b3ca32693,71269c2bd84e90bc
719,7ce365b1c1d8ac36,a74500fac5759450
719,1bdb64ff683863dc,03842f6ba7e77e26
719,a93d4e301ed1b923,b15dee3c2e27d5a7
720,7cba4075c69501cf,4c20216adcce202c
721,ca10167ef2c8cc74,87e1e141bc2f3f67
721,973acb4da5992862,c37bea5563a20120
721,b0466a562640c5a8,264da3687cbfcfc2
722,d841f76d25baf752,57583500d2b0d7de
723,121210cf1c34c469,d090a8afd5861ea6
723,17a3ae3f0e884d17,7760bf66fb0328eb
723,6bf259630cc7f05b,7d83f6c1912dab0b
723,a73b69ed23091b15,dcf3262f88febc9c
725,9fca1afc0db5f81b,7d83f6c1912dab0b
725,7a923362e51a7c51,c5148f7e6c6ccf1c
726,9279a62440a0c1db,2af86aefa42d56f9
727,0dc90a32a9c30345,d8203200dd4dfe7c
729,ae986143d3e7f293,fc95cf430e9d68a0
729,94e31411cae6d92b,91b2f2936128cdf4
729,fd3c30abf202d51d,2558899e48f6d507
730,e621f3394a7353b2,3dc611bb2c032b0f
730,ec886821dec50f3d,1021f7d55a22fdb3
731,753957f0db6f8038,0be2188636101cef
731,cd4c9a2dc19b1553,d237941bc3434b5c
731,ddef70a13075b329,1c206815792fb313
732,c5f7e2d694bc6b3d,d9a1c3971edf9656
734,b08cdb028e528186,5a6e1d3ad98ab6f9
735,88cb5a2f16c33aa6,712c33fe0ec0a46a
736,0ac44f8a6d501d53,942408b9101897ff
737,b203f03c9810836c,6acc6459cea7830a
737,97324a3233382edc,1050f0c87ff748e3
738,54d83a237f70d49c,24ce7f64340b11dc
738,27e3aa010e6d5526,02203cf5c633903b
738,0ccdf029c1637699,92d5968eb3232ed5
738,555e7791e442dcf8,bccb85110bd29331
739,9e66e7250fd94e9a,76aac666fe436528
739,8a6818b743431905,92d5968eb3232ed5
739,7e87012baa68c78e,6314c73f36064ce4
741,7e6c5da6d910b22c,04412e61d453e670
741,a353c12c3f42da8e,ec88f7ad62e5203d
741,17d832c8eb8b68c0,eca5829b010591c0
742,5d4918f035ba80d8,be38dd9cea0ee618
743,77fb91ee748ee9fd,f16b42073a04311b
743,f527734a5432813d,07b73a836bb1292f
745,8fdd6c801a05b3f5,171d1b0b7aec3cce
746,38d4d309226debf1,646c93e4960a3360
746,51cd571056021f9e,646c93e4960a3360
747,7b25897ee9313e5e,76644f028e36578c
747,9587655cca1f8032,111da6a5ec595128
747,696dce20c00090ed,73e79e04a5f29602
747,70391585e0e0d6ac,2ae1bb45655f9305
748,161ab68cb87048ca,b2ec76c28d81c593
751,67702dea4f061b7a,3bb61542a271172d
753,7f603abaca7cae67,d9a1c3971edf9656
753,743792b5aa07fb09,68002c286028715a
754,0cbdc244eb22fcc7,c69bdcbc2289fed3
755,233fe150fb1113bc,387aea4971ba4791
755,e502f4c39cea9b12,ebe7f4422ac894fe
755,fd3a954d76199a26,5b7030456c066130
755,e0ec401652d78923,a74500fac5759450
757,f7b405a5d7431f99,a354588dcb1cf36a
757,e9dea41dd3f89a90,236acc8ad6a0b6e1
757,769ca6b20de565e4,33d68c96d6f23b00
758,531622cbd1f5b297,3e2f4500c3bc0361
759,3cfd4e115b01eb42,178c8b1d0002cd59
759,a44bc103c6f46961,09614f05c6cfa13e
762,7077b01316d07539,e2e406ad554ae8eb
763,739c12057b5026a2,aed598a0dc1b97a5
764,f875cc076d2c876d,4867b836284c2cc7
766,6ec594ea735ee722,2c13a1749bdf41b7
767,acca2b514f77103f,e216aaedc4d8d047
767,ca00ade23055ec75,0e38ddf5af087c41
771,9d561398af72762c,e63188c36ca98ad0
772,437a6878738dfe83,367b4bf27f8b9dca
772,8046a49c9c4e055a,5b7030456c066130
772,0b0cb70f78e5c7ae,f714401e43df0e4f
773,ea0d71c284084d6a,c37bea5563a20120
773,03625daf797ced79,e9ecb62f6818ffd2
774,0f65935aaf17c29d,367b4bf27f8b9dca
774,b739f1dd48f79098,aed598a0dc1b97a5
776,050213354a1bb019,097b8878f0678ad4
776,d34faaba0a90c6d2,198322564f041ec6
777,b754d46f087024ee,490c3d36353af81a
779,5bad99222e3cfc81,dbd16297efcb2ac5
780,10f50f18915d24fb,71c756083cad202c
781,b2f1515ea721da6b,760012e96c16e099
782,711a42ca4b608fa5,d96a538292d2123d
782,a468ef8ecbc637fd,19c0ec560fd58a25
783,a08301914aa94dee,0cef387931b1b3da
783,6c445fefe063e9d5,26e9deb83e4fe9ea
786,f8c564b64aacb52e,1021f7d55a22fdb3
786,c319d588452e6896,b659ecb5d531c2fb
786,f2afa7c28d42b82c,50ee2d68823cd1d7
786,1a7d6470abeb4223,a805994dd837932d
787,e37f0de171652a99,fa6baef0e00e9af5
788,f76e48a42a1798d1,faf0e606051cc683
789,3d40ad147d2165a7,4867b836284c2cc7
789,be10147daff65c82,fe12945aab7a8c58
790,860c33ee3fd8a0b1,35b08ce20615e1db
791,52370bce283cc913,2c68b2b616b96f65
793,a0375b9fd2b5af09,6314c73f36064ce4
793,28246c494bea79b7,6acc6459cea7830a
794,00bf71b6c7a48b3c,751f1d65af06e462
794,777f63dc4dd082ab,6d5bef8155a184f2
795,2cad73ca114e691c,490c3d36353af81a
795,9b2692ef6bbfcfc6,c3e4506e056a3f79
795,92513e35e113e03f,c622c36fe74fb381
796,e6599ab207d1a5b4,d6bfcb5c2ba2f84e
796,c40b03f5216489b4,8f00d5de327e8ae0
796,2357b5ac5f0438d5,d7ee52d8ff83e080
797,62100fd3fa4a143a,cd4533a99b331531
798,488d9552603031cc,490c3d36353af81a
798,de4ab7d257a38933,c37bea5563a20120
799,9ddb5cb1c04ecfa2,d43eb6a0b880f80a
799,01587955e54d66ac,b15dee3c2e27d5a7
799,9a6d6ec078ba7bf2,91b2f2936128cdf4
799,356bd74c8f40ef88,d7ee52d8ff83e080
802,e87ea767f375260d,a5614690ebeaaaa6
802,4321e2ce7129edba,a354588dcb1cf36a
802,e33eba42e0fa179d,5b7030456c066130
803,c078dc1e28d86a3d,57583500d2b0d7de
803,6229f2b8d9a16895,3dc611bb2c032b0f
803,22f84c6f1cb147ae,2e5819869ba341eb
804,26fa48d12f53f965,101b5c28165f7b10
804,fb1b21a6ce76e7f7,3d288ae76183042c
804,5b1c426dda5dcbb7,cc7e159c7752d9ec
806,8bebb04da1a0a3a8,3af008ca297bc2bd
806,beb473c4163655b5,1cbdf582de1e2fa0
807,cbe9fae28be4048d,e63188c36ca98ad0
808,5c421857093ef8b5,443d5441eed403d5
809,4e19b9ff25946e3e,028bb3e5c9814892
809,1579278041f461ac,13931a3c19dbeb98
811,f3f44014e6e1c530,387aea4971ba4791
812,79cc731861a5ca32,fc95cf430e9d68a0
812,e6666bdc65792039,59844709611d0f60
813,1edebf427980b8e1,eaebd27fc01fd5a9
813,dc2bc233dc79083e,33d68c96d6f23b00
813,1d0856bc7d71efdf,680e4a86c65a36ed
813,9fa4b661f029db85,14a44fd093834655
813,ec9de0a6fb6cfd20,6ad2a0a932aa2d11
814,dddac2529379efdc,1cbdf582de1e2fa0
815,214885b9535f3e88,2c68d1202520d9f1
816,f4141102a4505d51,63f6ac1c793cc698
816,b434cd7fd26e1cdc,6d5bef8155a184f2
817,cbc26c4a50737461,681d82b09ecea793
817,19906115cfb6c29b,858617c490155d7a
817,710be9b965516b2c,5b7030456c066130
819,4acbb3eea14e958e,d6459ab29c7b9a9f
819,485f183552aa34cd,8f93d197aa6d6bce
820,c60d3cca0ee1568a,4c5153a09335ad8a
820,5e3497e26d32a35b,f2ab4485c4345b42
820,8bd7fc3aded0f5a0,fc95cf430e9d68a0
820,ac3f833d5852e974,35b08ce20615e1db
820,7eb51ca80a0b0bc9,bbd72a0f3703d9b2
820,ebf45292c75e116f,f349b7cf3d8a4ac9
822,239912dca8c7a0cf,e3f3e467e374c155
823,b60a79dde7c6c8b5,a4dbbd9bca775633
824,b60d9c238bcfb779,3e2f4500c3bc0361
824,ab0f7c07236d4175,a805994dd837932d
824,79533b148a002e8d,cd4533a99b331531
825,dffa81f981cb1d9b,a786491012810b8c
827,5387f91ec4a94334,60b7d4ea405d0fdb
828,cadeb9f56be16ebe,c622c36fe74fb381
829,fd7b743c836bf598,1b21fad233dc4153
829,82a078d8da1e9de8,264da3687cbfcfc2
829,e891d4e9bb738933,5800a99cab152584
831,67bd7ecea7e8b1ff,a7a91feb3deffbfd
832,056573ba50572ff0,04412e61d453e670
832,f80969a78011b114,c622c36fe74fb381
832,f1d3b21e59e78de7,6336de5003fc3cda
833,1d48bf2591534b28,bbd72a0f3703d9b2
834,a5dd0ae4e891c57d,873e94abe9e404c8
834,b6e03dadf1556451,ec88f7ad62e5203d
835,7ec0fbdf21f1b386,760012e96c16e099
835,05db89ffc1225f45,e5e037a73f0f63b2
836,3d64876f0d78c469,be38dd9cea0ee618
838,b353cef3e3c8efc8,3755a666a29ec4ea
838,f11a020766c2644f,f0f8f63ce2a56f85
840,2ee8df1420b70421,377ea7d12f13ce41
840,97ef9f80db156578,c37bea5563a20120
842,591d6416f8aac052,50738e3edef7226f
844,7e0267d95a9e2914,62c4c597ae237efb
845,5eea5e9f3426b12b,5ab167c1139e0c99
845,61bc4af8c00fe600,0252f3dd216136d3
846,5e4352f98563aebb,ee56750777eb3006
847,3f096541a26b4800,942408b9101897ff
848,bb68a8272b4ace89,58056c933ea3db0c
848,7f5c72ffa3e7e743,d090a8afd5861ea6
848,a5bc1583e1eb9359,404337830872f59a
848,494dc527d5c26ff4,0a2fe39f721bd1be
849,512ca5d2f4fbbe7c,2e4975463574f243
850,186cb1a973634a86,db817d979d28e72d
852,e597758125d54545,4fa9df2a2163c4cf
852,752f5d73e5252faf,713d9e86427d9721
852,fb9ac4e74937a476,62211818c6bce319
853,3c4eb6a4d0c8f4a8,712c33fe0ec0a46a
853,d340c384f50e559e,be38dd9cea0ee618
855,813eb8be569aeca7,c37bea5563a20120
855,1d28931c27132beb,1b21fad233dc4153
856,9b89de6b8f8aa645,ac3a2ec04e381469
856,9d2ae106081750b1,26e9deb83e4fe9ea
857,4829433597f2b2ff,712c33fe0ec0a46a
857,9117f33c19f22970,5a6e1d3ad98ab6f9
858,b6299ca4467ff838,f714401e43df0e4f
858,ae8fa5881c61ba6d,f714401e43df0e4f
859,87202231a2689699,2072149c5600eabc
861,94a6986b38408ebb,4df3472146920b28
862,de0310aaa6aadcb3,89b717625c90834b
862,86575a6547ed4603,2c13a1749bdf41b7
862,e486b5c132d4ea69,0746cdb7592e6518
863,9ea72e67f28dd6cb,
863,6476b879f00985ad,3dc611bb2c032b0f
863,7426685a61105a78,59844709611d0f60
864,5b16de11235bf0a8,09614f05c6cfa13e
865,abedec8c970d959d,cfaee1222daf9f8a
865,e22c5a25b1c62f56,ac3a2ec04e381469
866,4aa87122aa79f2a8,71c756083cad202c
867,588432fbe6e4229d,b659ecb5d531c2fb
868,6d480cd7edac0f32,43d4d5669e2aa449
869,f7b960ac2a9d9505,264da3687cbfcfc2
869,8b3d01a1703b1b41,e3f3e467e374c155
870,37701ef60de63d9f,5a6e1d3ad98ab6f9
870,bbef211da82e8a8b,db817d979d28e72d
872,e7bd2b4585f77867,2ddbd22c48105af4
872,d4bf537ae0a95e4b,76aac666fe436528
872,08ec8abd6d774ad0,c21450672ed3b256
873,129a3caf70775260,71c756083cad202c
873,2cad9380d5120755,50ee2d68823cd1d7
873,2fb5fd77ec389153,d8203200dd4dfe7c
873,327cf2db63a625e0,50ee2d68823cd1d7
874,440a84e30e93a5fd,d9a1c3971edf9656
874,ebfda7f356a5cf20,7524b69f0301ceb2
874,2179f5c028acffbc,58564a3c65cc475a
874,8dc7e3581a20ccf1,1cbdf582de1e2fa0
874,785edeb009ce6fa2,b36ef90b894973fd
876,1f2c19abe0a45ee8,3e2f4500c3bc0361
877,e9cedffc1266ddaa,028bb3e5c9814892
878,36d394f1253fbe8f,c0919f9d982c7578
879,e8b54cbf0fd313c0,5a6e1d3ad98ab6f9
880,35e160cc8d63d849,ee5366ec56448ee5
880,8224be2ff20c25a7,097b8878f0678ad4
883,4db02ff58320c1eb,242ddaa0ce751117
883,c36e438e4985a9ca,68002c286028715a
884,bc054db7eca7bd08,9449b7e65928baec
884,237d5ee6fea848a2,baf0fdca40727b1f
885,5c7733803c54e5e8,490c3d36353af81a
885,7651175fdff6b224,a805994dd837932d
886,4c88883bcd5035d1,9db063f3b5e0adfd
887,60ce43bc29134b0e,b922da11f029c905
887,3925b3fbb6c62c73,d43eb6a0b880f80a
888,67cf57b7c17dd961,ca561fea5d702bc3
889,243c04ccaa2c2a55,7d5c9e3cac8e697f
889,f55518f842e3082b,73c068bba76904b3
889,5beaa2dc9ffeb9d4,24c485a60e337b76
890,3d333794d5c2165f,2577ccbb325e4581
890,4050fe2c7db783f2,fa6baef0e00e9af5
890,9909cf1c7d91d2c3,89b717625c90834b
890,6d9c6eb521327f6a,e63188c36ca98ad0
894,2c23d2beb2373637,71269c2bd84e90bc
896,c74005c7a747640f,c69bdcbc2289fed3
897,c49a42a791886724,3595e0089530cf0c
897,393117f10ae55cd5,d090a8afd5861ea6
897,fc48c86b8f9c7376,939f4e383d7f2538
898,813ceaf49ac0d2f1,be38dd9cea0ee618
898,da4cc0ddf243529f,7b16e7f8f4255580
899,e69c3f873437c15a,5a6e1d3ad98ab6f9
900,6b5f24cdb311e4a2,2a67f240fce24027
900,d94943c56c72ac02,236acc8ad6a0b6e1
900,49c6fe1692c62725,2c13a1749bdf41b7
901,ab3a0b714e46195f,c2947ebde93ba540
902,5143c160ee38265f,760012e96c16e099
902,d94bb6bf4feefd27,35b08ce20615e1db
903,c592d6d52dee05d3,1085f534425ed503
904,917608b81b920ec1,f0f8f63ce2a56f85
904,b68372aece508afa,f80d9f4c546a39bc
905,775cb7e67e1fddea,d7d402c0ee884fa7
906,412edf65eb5c88e4,fc95cf430e9d68a0
906,b373b1f8795cabff,c5c51790316fb7be
907,9432680292af2bf9,e216aaedc4d8d047
907,ecf3b675c267a88e,1cbdf582de1e2fa0
908,9aab57df08cc4b39,75c1b5760af0d230
909,e0d93a86bf01878d,c37bea5563a20120
910,4b3e5fb88f686c09,e776afc022c28da8
911,fbae6f0bc3ee16a3,33d68c96d6f23b00
911,2e99783da0778976,e9ecb62f6818ffd2
911,1d70380bacb7c3e7,aed598a0dc1b97a5
912,fb0fc44030fce3aa,26e9deb83e4fe9ea
912,d0b1f9751f3ae542,62eeace225d3833b
913,7b0de0d13a31aa4c,e776afc022c28da8
913,04d464e3f5b4e28a,111da6a5ec595128
914,faa97f9b96007723,490c3d36353af81a
915,d1f70815b137575c,10477a1a69958319
917,c4155c7b40c0fcc6,712c33fe0ec0a46a
917,dc60ca8a8111d6d7,939f4e383d7f2538
917,25882ece077262a9,33d68c96d6f23b00
917,9205c17622c1d57f,c0da01c23bc2f7fa
918,50038917474de965,b36ef90b894973fd
918,5e51648e9315ebd8,cb3b8f336a8795ef
919,46e759a17494d796,c4cd238af7dc0d77
920,6bd1c1a03fefbd29,d43eb6a0b880f80a
920,00b6a0c73de5238a,a4012ef813f5c128
922,f9e637a7ff12b168,59844709611d0f60
922,c3ca77fe433ac86f,6d5bef8155a184f2
923,2ca8bc28ebeaf1fd,35b08ce20615e1db
923,0a5c01bcf19d1306,c32404f9e0a46f88
923,13977b0726171288,6d6562cdeb1ae58d
923,f3ea5b4ef662d292,dda2a180e536254b
924,dbaaf9241b0f6b43,ba272a7d7c194d10
924,1620199ee0568080,a974a80fda63b209
925,8d5208ceee0b0814,b922da11f029c905
926,bfdef04abdb75a8e,2a67f240fce24027
926,72efba0878c7a730,c37bea5563a20120
927,4dc8acdf4ea38abb,2015fd2d826327cd
927,1751bb05acc1ff85,429df22f45b34dc1
929,c8717a54b1ab9fc4,3db69052b45c8a21
929,4ab9be0f61f9b5f2,fe12945aab7a8c58
929,58001089f12b6778,c69bdcbc2289fed3
930,12c7b2410100392c,63f6ac1c793cc698
930,1e25d2aa84cec9e3,e0eb4e8bfa597fd9
930,3d17b0f9c9db444b,c76a7f24ffa59966
931,ea13b8d8e57685b9,c69bdcbc2289fed3
932,567aac8193af90d1,d090a8afd5861ea6
933,f73d6f7d17287f8a,6d5bef8155a184f2
935,13b5a57d61bb41bd,bbd72a0f3703d9b2
935,319ba2673015bebb,f9a1b63e1edd8b82
936,30d6d391a0a1d271,28a31e29da6ef47a
937,75a8870fd3941291,388f7613f99f753e
937,596f6216d0d944fa,d9a1c3971edf9656
939,e60944bbcd19a64d,793fff47812a6f52
940,9602785e22c4f30e,3e2f4500c3bc0361
940,5b29576bc6d39a0a,712c33fe0ec0a46a
941,499143aca71122f1,794b7b43d41ff072
943,8f2ef8cec2e7178f,63f6ac1c793cc698
944,f3aceeec5ee38413,c05c6f5664dc9077
944,52dbceacaf9bf2ac,792592f5459019c5
946,9459f37d00742799,1d412e9ee5731c61
946,26fa126b5375393c,d6459ab29c7b9a9f
946,6b35e8e3b33924da,6d5bef8155a184f2
947,322515982c8fd28a,63f6ac1c793cc698
947,3c4ef8b52af11fdb,ba272a7d7c194d10
948,6c7a5e83564e2b34,bcabf7038cbd66f9
949,b98f35fc7e027e85,420fb5a0c50b3fa4
951,cd0a506c264ecf24,7bc103d1fc02a028
951,3b0f8645a6431e66,e63188c36ca98ad0
952,5dec149b77c032d0,139c603fd1beed3f
952,b6d660a7253e2942,81b96042f105d395
954,dbd3dc1b23580c97,0a2fe39f721bd1be
956,613e8cd7dded8813,1021f7d55a22fdb3
957,810b75c02fd8594d,e9ecb62f6818ffd2
958,9892bafdfa1c8829,a4012ef813f5c128
958,00a1f7246f0fd594,443d5441eed403d5
959,24f510d4bd97fac0,646c93e4960a3360
959,d624a7d6818d36ca,cf913e28d6788509
962,b4f49da93bc61cab,f72395512fd75140
962,6b31dd7ed408194c,e63188c36ca98ad0
962,55a3066949d950bf,e2e406ad554ae8eb
962,a2a067d694e11ae3,dac2a1806828b8e8
962,2c1a0898ee63a89d,75c16d930cc51fab
963,a785ccb931e89415,5a7f7b10984bd64a
964,200697e1a112db0d,19c0ec560fd58a25
965,3b6f474d0dc7f4f7,8aa6c7091bc90625
967,91a267ca32c5ed24,d43eb6a0b880f80a
967,e1d22598aa900d9f,420fb5a0c50b3fa4
967,1dde5739e5310fd8,c622c36fe74fb381
968,7147834dbb449ae5,df3c0a21d22d2592
969,54ac4beb518b026f,eb408ddc4fa484e6
969,aa903d115f056dfa,a3e33ad97db137a3
969,5ab1d04d0dd722ba,58564a3c65cc475a
970,aaeadb7d561ae01e,bbd72a0f3703d9b2
971,f8efb546872759d4,b36ef90b894973fd
971,8b95fbee3b5e0d13,184ffc17ecb4fc45
973,94a4d54bfee183dd,181fc0abb1697f32
974,03ab0cdf44a1512d,2c68d1202520d9f1
974,99f68247352bd4d7,7524b69f0301ceb2
974,9fd2ca3f1be04fc9,0f6796f7ac2e66fe
975,5947751c426184ef,efdec928cf3c7f77
975,0d1413ce492e03b8,cf43ec87bd3b1581
975,e20f9b975ad90e2c,3e2f4500c3bc0361
976,159d350034127782,33d68c96d6f23b00
977,50aaa7289ba78bb8,cc7e159c7752d9ec
977,2e50dc867fb71500,1021f7d55a22fdb3
981,a9d086aee83360fd,bbd72a0f3703d9b2
981,0bb18b5add815e93,4c20216adcce202c
981,1c56d23f40eb7982,101b5c28165f7b10
984,9894cbe1fe0302ea,6dbba3f6e213a509
985,ed73dd0d0b6982b9,0cef387931b1b3da
986,6a83ed8d8dcbeb78,9d9facae9ade7541
986,cb71b46a8a4ab70a,aed598a0dc1b97a5
986,324fbd4f69b963b4,19c0ec560fd58a25
987,917cc56757951c45,a2127a7e8618bf38
987,75d1eef17ac41de0,cbb4db5528d1cfee
988,f0804d4d84ab6d24,f72395512fd75140
988,036e8a760aa16a0a,c622c36fe74fb381
988,d66603e147b519a1,3e2f4500c3bc0361
988,50700621f2db8cdc,6d6562cdeb1ae58d
989,c004fc636af44a1f,315bcfafe04657cd
990,4fb049b5aef4bae8,42dff77f49edd041
990,e5f6d0b1293276f0,41d3c56f42c332f5
991,7cd28f18cefb5380,1021f7d55a22fdb3
991,e96ac6d15da9a6a8,33d68c96d6f23b00
991,68c31908852495f5,17e54dee04927cc5
994,8189f1e60b971ce8,92d5968eb3232ed5
994,5f76a15fc87adc90,2a67f240fce24027
995,cca19217a07b855f,7ca3084b180be13f
995,c0abc9a344ad3f36,3bf1133ed2420c32
995,4f33642754047709,d8203200dd4dfe7c
996,66c3bbe2f39dd319,a3e33ad97db137a3
996,e6040fee657b3367,93188934cd80e2dd
996,8c96432854cf00bc,91b2f2936128cdf4
997,6fc456e7117e54cf,d090a8afd5861ea6
997,f91280a9688e0624,7d5c9e3cac8e697f
998,863b8f59814bdc09,712c33fe0ec0a46a
998,2690b44752e05d08,12e733882d07f49f
999,d5c6c07ceb3c3435,3e2f4500c3bc0361
999,bde351e287acc37a,6c1bae5834f5f538
1000,2e5bcde7147eed54,0be2188636101cef
1001,2ec7840031f0956a,1cbdf582de1e2fa0
1002,0169be66cf9b115a,c950bc44c1029dbe
1003,cb9eda7b48ea89fc,f3db4a78ffa3e786
1004,7c09da33bfae104e,7f5eb8937778424d
1005,cfb6036587b08438,0be2188636101cef
1006,ef16f8b173798ef3,94f112b9a3a11895
1006,c0ead198850978a0,7d83f6c1912dab0b
1008,1ff748d5b9d123fd,94f112b9a3a11895
1009,ebd925c05e0fd32b,89c44611c7d4780b
1010,074ea4d32986caff,4e96d96c2e3f7a3b
1011,c2ae87f315dd05fa,9108f748f775a56e
1014,132f614394effa9d,71269c2bd84e90bc
1015,44ba830f9364a2e7,793fff47812a6f52
1016,eb3a5cba3123219a,d0d3d9b7e30d30d5
1018,60fc23848ae2085c,793fff47812a6f52
1018,8f52cd7f8bfd0202,858617c490155d7a
1020,235d1de52d02b2db,5b7030456c066130
1021,37120d52dda67727,480ffbfabcba8c8a
1021,c363940505fac07a,2c68d1202520d9f1
1021,492706f8eb24078e,6d5bef8155a184f2
1023,833001d6c6444e28,2577ccbb325e4581
1024,47b75285b46a6711,98df8f517c5a0072
1024,0dc8cbba451e1a88,b5c6ec28a48831ba
1024,5abd3c272015d9e1,73e79e04a5f29602
1025,431ad907ad2882cb,e9ecb62f6818ffd2
1026,1a5921dc6122c0c0,98df8f517c5a0072
1026,aa3933557b44c89f,5c32475955b59896
1026,cd7b08896be93b6f,71c756083cad202c
1027,57df84ed01a38049,cf16879054c74909
1027,f235adbf15d17805,4fa9df2a2163c4cf
1027,7d00d7755aeec2d9,c3206a17460057db
1028,b9255f60cfcb2f46,d96a538292d2123d
1028,85d977b33fd8c9aa,68002c286028715a
1031,35d9bf43d5f4dcaf,3470371a867e2d7f
1034,53246a31affe1641,3561878c5a513d36
1036,e5250240ba3e8f56,1d0ca5a94e591ec1
1036,b2f658ec708c6b35,d0d3d9b7e30d30d5
1036,4b3f079ad9fdc131,63f6ac1c793cc698
1038,630912c7ce275732,3bf68e56cf492b13
1038,5a342a7eee42ee79,db817d979d28e72d
1038,b7694190deaaf18f,50738e3edef7226f
1038,e4dee75926ee3d61,68002c286028715a
1038,6e7f030cdfc91734,690ed2665bc5b677
1038,ee9cc15c6a0f1c26,63f6ac1c793cc698
1039,c16f2b420d1c35ec,0252f3dd216136d3
1041,02987c1837dab678,6acc6459cea7830a
1043,886dce4a767f906a,0be2188636101cef
1044,808485960b3caccb,d56e3abe11cb7000
1044,62dfb30df7aa7f9c,0e38ddf5af087c41
1045,e0c19fb3d7f66125,d43eb6a0b880f80a
1045,0a535244f99c92f9,b36ef90b894973fd
1046,614c54fb8d055f80,75c16d930cc51fab
1046,e8f703a1088f4254,bbf32dcf96ccaa66
1047,d58fbc1731870814,236acc8ad6a0b6e1
1047,3dab4b8eadb2ebe0,f80d9f4c546a39bc
1048,6b802b6f50bfe8cb,7f5eb8937778424d
1048,2bc0995eee011fe8,28a31e29da6ef47a
1048,5e0b8ff1e9c5072b,c0919f9d982c7578
1049,51079b55b284be18,7bc103d1fc02a028
1049,d3b431340544be6e,770c02e0f98c13c7
1049,2069ac882180ee9d,315bcfafe04657cd
1051,70e8e655859fd62a,b659ecb5d531c2fb
1051,2a5dea594c93fc3d,4be8f51226fecc12
1052,4697eba0651235c2,26e9deb83e4fe9ea
1057,dc69c24e76163fa2,e2e406ad554ae8eb
1060,02789704618a617d,1c206815792fb313
1061,6b07204059767cc8,d42e795c756ec451
1061,13616e7a85605778,f139f14375e35889
1061,49ee812f71daba89,136febed384b794b
1062,d140cf3d0c34a633,4613fdd9631bcbaa
1063,45849bf25b2340f6,2c13a1749bdf41b7
1064,b76b49faf4b81495,d9a1c3971edf9656
1064,778cabe39d1ff411,ee4a08fdd8c30e1b
1065,958bc3aee40466a6,939f4e383d7f2538
1067,e8f55ff9e2d2df8c,429df22f45b34dc1
1068,548fefca1929766c,73e79e04a5f29602
1068,3e2bedfda929ecbe,10477a1a69958319
1069,b852510ef272e2f5,ed306347e351d373
1069,126314a1314f945a,136febed384b794b
1069,f6e144e597ea4f06,59e0d924ab1a4247
1071,768bbefa60beeb6b,611f57c20ac1dff6
1071,acc69f50b4ea2c17,6d6562cdeb1ae58d
1072,7c9eaf2800d6784b,71269c2bd84e90bc
1073,0f90858fc1cfc8ec,712c33fe0ec0a46a
1073,c4358bfcc7df21ba,59844709611d0f60
1073,15ba878921186171,f0f8f63ce2a56f85
1074,b085a20ea76f91d9,73c068bba76904b3
1074,dc1eb745bf53112c,9f61c8ef11824d26
1079,3383b79eb56b7331,6fc69623d6154ccd
1080,276921764d04d94b,0edb14001b769711
1081,24f90951ce7a1696,e509841cb0d692f3
1081,863ab4ab439672d3,ee5366ec56448ee5
1081,de9200656e5f618e,3af008ca297bc2bd
1082,3d76fa60f6ce41d7,5cd2b5962a2f9633
1083,a238c4437a271d32,b8b4987662455476
1083,abc1166fcf36b0ba,c8b0f688d1df248e
1083,51a40af3a219d0b7,4df3472146920b28
1083,8359316cdf48f347,6d5bef8155a184f2
1084,800b083547c19db3,c5148f7e6c6ccf1c
1085,6eba11dc2c3f2a95,ac3a2ec04e381469
1085,c7bf053631ef1087,101b5c28165f7b10
1086,2d031a445b363fc3,5ab167c1139e0c99
1086,612e473092014346,2577ccbb325e4581
1088,3b3a3609db8469f3,2af86aefa42d56f9
1088,fce71776504cea0f,9db063f3b5e0adfd
1089,0204c602d1136af1,3755a666a29ec4ea
1090,44fba0adaf9ba9be,d9a1c3971edf9656
1090,ab1f8256a1b97eae,10477a1a69958319
1093,3dea12c0435883ce,7bc103d1fc02a028
1093,a9e2bb73438e832a,c05c6f5664dc9077
1094,d47f97af46cf5565,ebe7f4422ac894fe
1094,52b9e2466e744f8d,26e9deb83e4fe9ea
1094,d894515487a0d738,76aac666fe436528
1095,baee47ae0515862d,76aac666fe436528
1096,7af095e55358c3ec,93cef3b6e0c9411e
1097,a6fcfd9870102c0d,7d83f6c1912dab0b
1098,db172f7d1326350c,760012e96c16e099
1100,71bee74ced8fafc3,73c068bba76904b3
1100,11887d915bafbfc8,d8203200dd4dfe7c
1101,8dacd0f52af02d64,6acc6459cea7830a
1101,46e61156c92d4dd1,d6bfcb5c2ba2f84e
1103,9679d4f71e9fd28e,793fff47812a6f52
1103,c3433b1e3eefb304,0a2fe39f721bd1be
1103,99c5bb86fb2f1165,e5e037a73f0f63b2
1103,6c8ba7250362f03f,33dff7058bba8571
1103,bf1be0d7d7853e78,8aa6c7091bc90625
1104,24d71d2637574e2b,264da3687cbfcfc2
1105,98efec301d79f91d,4867b836284c2cc7
1105,7880c10c076cd632,d0d3d9b7e30d30d5
1105,217608b74137f6d0,2015fd2d826327cd
1106,292b273e87953859,2c29d122091345ae
1106,b9bd235379213d6d,9c2efe7862271a1f
1109,53d7f1d6a17d0ecf,d0d3d9b7e30d30d5
1109,9757f48704767532,136febed384b794b
1109,f7089216254cd3f9,33d68c96d6f23b00
1109,049dad3cae652cdc,63f6ac1c793cc698
1109,a12deb183dec5fc8,59844709611d0f60
1111,3bd36c40f4e15f7d,6abafa0bd7f152b9
1111,d73b1df1e96df0f2,9f4c40c1a3bfc110
1112,c45c89579ce7ef19,d42e795c756ec451
1112,2671b88696088011,dac2a1806828b8e8
1114,86ee9fbbd65b3da2,1116b0dc7c20037c
1115,85d0e4b554806011,d237941bc3434b5c
1115,6ede16dce16cd03f,3bb61542a271172d
1115,c4c60b67079dd298,28a31e29da6ef47a
1115,88fb4ef1c79e3d76,d404e14fad707942
1117,4ecac4973d93ce7c,f9a1b63e1edd8b82
1118,70ee5012429a2978,f0f8f63ce2a56f85
1118,1b9528457c3870f6,416a89a321e35e0f
1118,84b1c10d94662f81,d7cc832cbd08f6ff
1118,8241f799f7f93f9a,3f1cf267acb47fd6
1119,8cf2cb480f254d06,4867b836284c2cc7
1120,c3819d4d8cb5a9cd,fd964e3f524f9673
1120,63d5c1757bc6d8bb,be38dd9cea0ee618
1121,7d3f92b681db8d3b,ff3f0e22109f0234
1121,f9b9306f9f353270,e2e406ad554ae8eb
1123,2831ae0dace05ea6,6336de5003fc3cda
1124,5d40f62a953be910,3db69052b45c8a21
1124,94d456d798ce007c,aed598a0dc1b97a5
1124,65533cd0c34ba473,387aea4971ba4791
1126,4662813efc8b5923,c2947ebde93ba540
1127,e44aac041b10986d,6336de5003fc3cda
1129,aba2b6b691e980f4,58564a3c65cc475a
1129,734b6cf3d3c0bb9f,42dff77f49edd041
1130,5b28fe14f136a646,e63188c36ca98ad0
1130,131f31941371b03a,1fb38a3d426c4ff9
1131,fc885bc3709de37b,9755556728e7cbee
1132,bc2eab48d8be032e,3af008ca297bc2bd
1132,d861d7847a664c0f,04412e61d453e670
1134,697e1995cc542b79,2ddbd22c48105af4
1134,e221d2cd6b570a5b,a6ae016377b3c01b
1134,0b63da48e8a9432a,75c16d930cc51fab
1135,ed6fb8ea2446042f,d6bfcb5c2ba2f84e
1135,87395be5e3be0749,c21450672ed3b256
1136,9ebd73b2483b6e4f,bbd72a0f3703d9b2
1136,1b394ffa0932a5b6,19c0ec560fd58a25
1137,c5bca33d0ccded70,89b717625c90834b
1139,e0754396e08fcb72,28a31e29da6ef47a
1139,215ebf90b315f34a,6336de5003fc3cda
1139,a0ac00f64ed344c7,490c3d36353af81a
1140,e24c2b033fa36a86,f7c7fd9c76f109b6
1140,afa0bb1d3491f8d5,09614f05c6cfa13e
1141,4fb9b36cf2a74f57,4867b836284c2cc7
1142,abcc7ca7f164610b,b659ecb5d531c2fb
1143,6ed637a380ac5f87,e63188c36ca98ad0
1143,dc6eed81c326691f,3db69052b45c8a21
1143,7371732b0ec0026e,0646a479d4551e76
1143,65543ccea04c2df6,4fa9df2a2163c4cf
1144,c507f53363c83f09,d96a538292d2123d
1145,3eb01c25be55a7ad,9f38f05728a10808
1145,43f15ed2023d1173,b1852e616c74461d
1145,a538ef797198622a,24ce7f64340b11dc
1145,e587bea6f1c2b4ca,942408b9101897ff
1146,4b1dbe8e3ae61d9b,22e2f3c3eb7e9f10
1148,7517ae7d2f4ab1ed,1b21fad233dc4153
1149,5c9a971f99954ed2,2ca48032dff5d2f7
1151,eda5c25112a88e19,f737cdceb054d1ae
1151,0d70ad2abedd1a00,c21450672ed3b256
1151,e6e5c911f623534b,d090a8afd5861ea6
1154,e3ccc379fc0db900,e63188c36ca98ad0
1154,336940107319e14d,ac3a2ec04e381469
1155,e8c7b24589ff963d,fa6baef0e00e9af5
1156,4b7bfbd590f6f1f9,396453bfefae3156
1156,299d415b15e7b41e,0a2fe39f721bd1be
1158,cab1eea01c5b9128,646c93e4960a3360
1158,9f28b2badf01905b,d0d3d9b7e30d30d5
1158,c08483ffbbef610e,b8675658e8aae111
1159,6c4e9de53cf50cd3,f2468f5dc8034b1a
1160,fcd365853ac7b8bd,4cf25b6848d92dce
1160,79704072dc2ff7ac,a805994dd837932d
1162,815965312af7b56b,04412e61d453e670
1162,4455798a07145a7d,f1aaf29f59808d31
1163,a5226eac291743ab,045ee9cf3bf33269
1163,96f05c471af25888,387aea4971ba4791
1163,e686831be3802b26,68002c286028715a
1163,fa13928180f23056,a12143aa34077166
1164,491c474ea21453f3,73c068bba76904b3
1165,e4e48c3367216876,c622c36fe74fb381
1166,912d26c62df5029b,db817d979d28e72d
1166,fb6dbce4ea7b9563,fe12945aab7a8c58
1168,a1b90cb76692d5ec,acffb8b8ee8b4ea8
1170,a0ca0009c39b1828,0be2188636101cef
1170,6f0c55d41fa056c2,3bb61542a271172d
1170,c3670dfb453f7489,7bc103d1fc02a028
1171,57829708320c889c,a805994dd837932d
1173,bff6a05e211a6ffb,afcf7c5ce6a8f9b9
1173,84226f0712d3f565,668d2dce8cd53220
1174,90cc046b29189381,1958bb126a7ad534
1175,99d84875ca8d59a0,646c93e4960a3360
1175,4d272b5b8c5fbb68,2c68d1202520d9f1
1176,424d7e0e5418d8a6,8f93d197aa6d6bce
1177,a09a3ee40581c25e,3755a666a29ec4ea
1177,65d6bf4063640073,ede892db28351465
1180,399fc513ed702d19,0213b4ef0e427a66
1180,b7705626454fc7e3,e2e406ad554ae8eb
1181,dad3a183013450bb,87e12529eb9f5460
1181,820c9cbfa1e1105f,f9d9e69e2fdd6369
1181,69fc4037ffd65032,a7a91feb3deffbfd
1181,f28b994e91c73de5,25774c4d4c27ca2b
1183,7017d5e5bbc1138d,751f1d65af06e462
1183,f39f605e11ad5b7e,a12143aa34077166
1185,4f5a5602c4f91e12,760012e96c16e099
1185,c845fdf34329a55f,1de26a976e89144d
1185,eed0901ecfbfbdc7,b3a637bd382261c2
1185,7938712f0a22e74b,67843b4efaee06b7
1187,982df4a4bfdac4fe,db817d979d28e72d
1189,6523f2635253932f,420fb5a0c50b3fa4
1189,ce5c6d8c5cf10311,b15dee3c2e27d5a7
1190,520db4e1e9478b72,43d4d5669e2aa449
1190,eeb2e3a103601380,50738e3edef7226f
1190,8fbcf3971c62f7d0,aed598a0dc1b97a5
1191,b594b0acfdf7f5d1,8f93d197aa6d6bce
1192,3d1271836556dcd3,c21466cbe4ea2865
1192,def2d33181faeb9a,db817d979d28e72d
1193,a4865af657d31f1d,136febed384b794b
1193,137a10b4cbeb520f,443d5441eed403d5
1195,5e5fbfdf6843391a,f714401e43df0e4f
1196,be53d3adbae9ef87,5a7f7b10984bd64a
1197,643518314dd1ffa6,46168d2b61810385
1198,98634f213c51761a,1b21fad233dc4153
1199,e54e15ada3867be7,d43eb6a0b880f80a
1199,3c6c996c35114eca,a427559a5f24ce05
1200,e705e75bd4064530,3e2f4500c3bc0361
1200,c510c906a6d3f1b4,be2780600722ff02
1200,2ba7f26b6ae34596,65d592beb7e55d63
1201,8c7c7c54c910ca4e,bbd72a0f3703d9b2
1202,5c595674669f5c99,ac3a2ec04e381469
1203,5b954f79a780e4dc,873e94abe9e404c8
1205,52dd472118e509fd,6acc6459cea7830a
1206,0a4adfbbd63a1835,bad6747f17f7f733
1207,91b14f244d52dd7e,982db8471b188223
1209,d2f679ca26682225,7fb58c1db18a3805
1209,c40cbc34fc405a57,2fde83680b7f8d79
1211,07a80c76b68aacca,acffb8b8ee8b4ea8
1211,d9b931f5812c6301,b81c7b21c22a115c
1211,04c5206b2f0d3978,dc152400a3a20df6
1212,c98b407fb8846de7,2c13a1749bdf41b7
1212,671921c77673ae05,2e8038e169941f54
1213,c14ab93b81588c12,760012e96c16e099
1214,d81581f4f12b6bea,a2127a7e8618bf38
1215,b7b0129b704fa6b7,1005dd96a3b2fde1
1215,407d465d10d97308,cc7e159c7752d9ec
1215,9530504882f94ade,e3f3e467e374c155
1216,b57fa05f4710cea5,35b08ce20615e1db
1217,f39e058f1d3f797c,98df8f517c5a0072
1219,62583ddbf7b010f5,f80d9f4c546a39bc
1220,c655fec4a4090c64,26e9deb83e4fe9ea
1220,95a0f1c11ae01f75,75c1b5760af0d230
1221,ee516e76dd285911,04412e61d453e670
1222,59e273bcbb0b2a76,05966a2e05d317d5
1223,f62b2a64c5e8e31e,12e733882d07f49f
1224,cd4a51bf4c59e1a2,3755a666a29ec4ea
1224,9251b6d5477ffd5a,68d26479be3c8f7f
1225,a1a48025af6ff0b0,f17510c07c0d2916
1225,95fd3d295fb2fed8,2c13a1749bdf41b7
1226,46d792c347881bc2,1d0ca5a94e591ec1
1228,3f05d2fb708b9a0b,cd4533a99b331531
1231,0901b879ffc957cc,81b96042f105d395
1233,4805e091787e3b3f,35b08ce20615e1db
1234,0a7be423a0b9efde,3d288ae76183042c
1234,f542bced1edb99a9,3d288ae76183042c
1234,4d4e42d9d1c76468,cfaee1222daf9f8a
1235,7019fd0e002ef529,c3206a17460057db
1236,2f080cc8f84eed4a,d090a8afd5861ea6
1239,eba236ebd0bee58a,be38dd9cea0ee618
1240,0551eb74a49ed674,712c33fe0ec0a46a
1242,8d874219e9754f70,e509841cb0d692f3
1243,f310398c1ea25d2d,f1179fc9496d4af7
1246,f4d16441f292a8d1,0746cdb7592e6518
1246,4b88c7369ebcd9ee,04412e61d453e670
1246,13af14f322090f5b,06ccacf07ed20b29
1247,ae9c2919c9629fbc,731a48314e646e0e
1247,704d71a16b066bad,c2947ebde93ba540
1248,3b6b6cc5dd209259,5b7030456c066130
1248,471aed51a2183a79,269267ea22205722
1250,2a13b1385b9409c6,83039140e2a5041a
1252,a0adb6fd9bfc622a,2072149c5600eabc
1252,da39d4691f63fba6,ebe7f4422ac894fe
1254,ef175ceaae90b0a0,62e8af685fe84468
1256,3054ae976c6decd1,67eeb3e012fb7567
1257,4dfefa41c0163b69,83820dbeb6716628
1257,25d12eac3eabe2af,792592f5459019c5
1257,6cb97889a1fc2bc3,9db063f3b5e0adfd
1259,745b9f44a017e8f7,0252f3dd216136d3
1259,61e12ea2a2b75c12,5c65a4aee2c31dc8
1260,1dc7fbe66333c68a,63f6ac1c793cc698
1265,0206b06b51b77722,3755a666a29ec4ea
1265,4e43a1127dd20a8d,731b3918770c4bdd
1266,42eb608406f190e7,8f93d197aa6d6bce
1267,e6062cf9e355a907,7fb58c1db18a3805
1267,803cffe1f0f512dd,136febed384b794b
1267,13dfd9506a0122e7,5cd2b5962a2f9633
1268,d69abc7cf2b55b85,d96a538292d2123d
1269,513cb684aeb49b29,dbd16297efcb2ac5
1269,ce5f3a15326aab31,f9c0c821db6afbd2
1270,6eeb975b13711f9f,dbd16297efcb2ac5
1271,23a11be623b0a84d,26e9deb83e4fe9ea
1271,2e425436c7edefb9,e9ecb62f6818ffd2
1272,19bd9e43e89bd2bc,c14ab93b81588c12
1273,2191ead971bbbc01,2024c5247e8c84d5
1274,e171f20846e4978b,2558899e48f6d507
1274,a423e0f35284a7cb,e216aaedc4d8d047
1274,949c24f888992535,d7ee52d8ff83e080
1275,df91aa5ad506bb7c,75c1b5760af0d230
1275,dd080aa99b4dad28,a8b995544d922185
1275,0d2bc35a00625621,0355299394e73ec2
1276,5c0fb97dc25d167c,58056c933ea3db0c
1276,01373dc96906477a,fa6baef0e00e9af5
1276,8be4abc8d8a9e263,7bc103d1fc02a028
1276,f41cf2f29ebf0c6c,7d83f6c1912dab0b
1278,941d7f2302ca3d20,cc7e159c7752d9ec
1279,b4e52269e1ba7ba5,f913764dd19c520c
1279,6d9ed5c986edf846,0e4104e1a26fa152
1279,64efc04fe226602e,443d5441eed403d5
1280,91927e1f81adcd45,5b7030456c066130
1281,6e5260d930b7092e,f17510c07c0d2916
1281,d66cb403a08f501d,91b2f2936128cdf4
1282,d4b7ec7e57e469eb,758ac8e511a7b5dc
1282,e04e595eeb9881c2,713d9e86427d9721
1283,76d901b16b9b829e,6336de5003fc3cda
1283,901c92b82b31a448,097b8878f0678ad4
1285,9c9bbf6726ff29d2,33dff7058bba8571
1286,bfe8ba76ce1701b7,bb4382e03a175e2c
1287,7149c1b4156e8cb3,feece074f7697377
1289,ed13fe71f72e9267,a2bb7b00c78d540a
1290,539e7fb153d56962,5ab167c1139e0c99
1294,1ffcdfcb9dbde3d3,95c0a86e05bfad46
1295,fe3883846d6e14b1,387aea4971ba4791
1295,56b6ddb286482cbe,47e9324fa6a03cf8
1296,0580caa79470dcb3,d81445906cbc8480
1298,b55191705d22410e,f80d9f4c546a39bc
1299,8f44fce6028b8245,ce359e17bf7329ef
1300,d9c553fd868dc65a,efb72a5e6645b1fd
1300,fcf14a10592b3f14,cdec19fd01359fff
1304,9ed65bd7d3fa529c,132ddc7f3cbf50c2
1304,3d6577babc965f5c,f2ab4485c4345b42
1304,e82f0937208fead7,f80d9f4c546a39bc
1305,a109a563733ceedc,89b717625c90834b
1305,b9810e2f76c71b66,1de26a976e89144d
1305,005e654527e6f732,22e2f3c3eb7e9f10
1307,90543b4fedbd0afd,92d5968eb3232ed5
1308,691c5d323fda87d3,2fdf492d226d0cf8
1309,856153dbc2148f65,e5e037a73f0f63b2
1310,7cc361cb5d1df0e7,770c02e0f98c13c7
1313,92822a80dcc57799,02203cf5c633903b
1314,5d142a3cc93f03f6,4867b836284c2cc7
1315,9ef8d96039753a43,19c0ec560fd58a25
1315,03f97e530f5392f7,5d086835ac6cd063
1315,31ed4e6cae3db6b5,4c20216adcce202c
1316,09e9ca9f770b45fe,7d5c9e3cac8e697f
1316,29b9e39aba2d7c96,8df77c6cb6dc2ef3
1316,2b464f27816b9a17,1c206815792fb313
1318,c194250e0404610d,6d6562cdeb1ae58d
1318,af566f2b12c3d9ae,07b73a836bb1292f
1319,627a7eb21ffe49b5,de1f005182ad76e4
1320,9718d3c29c9a8247,46168d2b61810385
1322,a1c3068a17e0058f,f9d9e69e2fdd6369
1323,dcf1c43918c7b376,b1f36b60c414ef75
1326,7d7a9ade8e09cc96,c5c51790316fb7be
1327,c6ee5b04ad174a18,315bcfafe04657cd
1329,6d92fbd5f9b90d08,c622c36fe74fb381
1329,b3fcbb6a3f5c20fd,4f28cdf2220b4559
1330,c1d3f1a9b911465c,aed598a0dc1b97a5
1330,771d2b01a91ae92b,cb61f70b35b4e980
1331,809951d6506cb251,f80d9f4c546a39bc
1332,205168b264133652,58564a3c65cc475a
1332,e13801f031c19640,273f4d8ba14d5406
1333,5c5ce48a57873797,429df22f45b34dc1
1335,2b6df4fbb352537b,9755556728e7cbee
1335,e4dccdd44dbad091,24c485a60e337b76
1336,812b2cde985a300a,7f2a07011afce2f4
1337,7c88ccf777eea9b9,c622c36fe74fb381
1337,efba40ac3c73fdd9,1050f0c87ff748e3
1337,5805acd2c0da6bc0,c622c36fe74fb381
1338,af65e1aaa0625602,013fad42eba93a5b
1338,483c1fff3ac5a76e,4fa747691fb79314
1342,c70c19066e7540fa,8df77c6cb6dc2ef3
1343,f3ab2a7998eb2f44,e9ecb62f6818ffd2
1345,b8b1f1771b7e2dc5,2b2581b3c13e1a13
1346,08103ece0a690a92,04fc7a35cfecaef7
1347,00a6da7c87856e55,377ea7d12f13ce41
1347,9ae8791f6aa30ea9,6a07e0a4d9b8eb9c
1349,e7795e9e6ff99d0f,1cbdf582de1e2fa0
1350,118cffe8d44c6d1b,d6459ab29c7b9a9f
1351,f2a32821d30f788a,429df22f45b34dc1
1352,e8305032e8c791c8,6f43393fd918db48
1353,0422ec7128a631be,4cc2c8de7403151e
1353,702b69e9ea206405,7524b69f0301ceb2
1354,ef9b5c42a5965f68,4e96d96c2e3f7a3b
1355,0e2939c9913a89b8,2fdf492d226d0cf8
1358,f5019c1a01aa68c1,181fc0abb1697f32
1358,6fbbab79b3b79e5c,5b7030456c066130
1358,a6eff9fa1c081d44,71c756083cad202c
1359,3691c38cc849051b,c3206a17460057db
1364,a676e9d03f3bad30,07b73a836bb1292f
1365,fe2a2dbfa3405bfa,4c20216adcce202c
1367,e2dfbd171b899b8d,315bcfafe04657cd
1369,0864451ce223e130,101b5c28165f7b10
1370,ef297d11f38cada6,47ef0d047bf95fdd
1370,2176f21497fd292e,98df8f517c5a0072
1372,3bbd3e83444a46b6,e65bfa9025c67dc1
1372,7c087ede8badf3e9,75c1b5760af0d230
1372,b38e859222d9b054,5a6e1d3ad98ab6f9
1373,b685c785e3f93c23,cd4533a99b331531
1373,f1e206b1957daba3,cb3b8f336a8795ef
1377,3a04c25638d1d16d,712c33fe0ec0a46a
1377,3ce3226c15defde6,3470371a867e2d7f
1379,c6b1eebccea35c9a,24ce7f64340b11dc
1380,c7f66da3bb148715,6336de5003fc3cda
1380,40e3c4a893635332,0e38ddf5af087c41
1381,a5b8a433c304166e,060c3fa1f8cd7d41
1381,7d7820e7450fb99f,531ddf7b5b58df24
1381,67244270ca0fa4d4,c0919f9d982c7578
1381,576d39fe0caadf09,242ddaa0ce751117
1382,2c1394d95fe2901d,c76a7f24ffa59966
1382,acbaa402af8d69c2,e63188c36ca98ad0
1382,71be13780dd4d839,136febed384b794b
1383,d4c23f3c01df920b,d0d3d9b7e30d30d5
1384,726cf35dfcf12173,7d83f6c1912dab0b
1384,a83aa39cf3233b15,58564a3c65cc475a
1387,a336b3445d09c5f1,531ddf7b5b58df24
1387,e5559ffe8f8aee99,111da6a5ec595128
1388,8fc663747f7f40d0,2ca48032dff5d2f7
1388,c6c99008d1cbefc1,fe12945aab7a8c58
1391,9515a8581ebe037a,4c20216adcce202c
1395,c913825ec0003249,24ce7f64340b11dc
1396,cd6d94609bea2a9d,94f112b9a3a11895
1396,9948ca48c887aa80,f601e82a4b55e308
1397,d007d73a52aabd1c,646c93e4960a3360
1397,0d1f4184b259691f,d8203200dd4dfe7c
1398,a5fdd9f3ce836545,aed598a0dc1b97a5
1398,d281fa0a44c051b3,114c091fea051525
1399,90ea7f951af11354,3470371a867e2d7f
1400,57c3dac2108fdcf0,c2947ebde93ba540
1400,37074b548c60d4f8,0cef387931b1b3da
1401,7495fdfb2e2cebf2,7f5eb8937778424d
1403,18d79dc7aa9615e9,712c33fe0ec0a46a
1403,ca96a28e5ee8abd9,b146eb164afa1883
1403,d27661dbeaeae395,46168d2b61810385
1404,670ad5cbcc1d3b3d,e5e037a73f0f63b2
1404,04a0c76dafa3ebb2,cfaee1222daf9f8a
1405,3b55525254f71f1c,7f5eb8937778424d
1405,b9033bbf0cd600a0,f714401e43df0e4f
1406,ab8f8edb67811ea8,d96a538292d2123d
1407,4340738d3bdc6e51,f9a1b63e1edd8b82
1407,ee2cb1a2a108d715,3595e0089530cf0c
1407,d8f1767a0b599b4d,76aac666fe436528
1408,7e90f34e8aeabfb0,1fb38a3d426c4ff9
1409,9aae96721c32d09b,4f28cdf2220b4559
1410,83cb985bea102fd0,942408b9101897ff
1410,4daa9298ae9c64c7,14a44fd093834655
1411,ebd1ff7ff993c06a,4e96d96c2e3f7a3b
1411,8f606daee075fba8,87e12529eb9f5460
1413,cb455e1b7ef828cf,873e94abe9e404c8
1413,f1258577198d0aab,f72395512fd75140
1413,d34a415877f8a92a,6d6562cdeb1ae58d
1414,b8bc4a22dc2d32a3,1cbdf582de1e2fa0
1414,d9e5cf9162569cfa,2ddbd22c48105af4
1414,705ca8c25863c162,c7f4db9cd480f307
1417,da56b65aa5e70c86,b659ecb5d531c2fb
1417,6655b02e92dcc663,5ab167c1139e0c99
1417,8cf3f2f376501b7b,b659ecb5d531c2fb
1418,f5e659c8a435c8cc,6abafa0bd7f152b9
1418,25457fff22654a1a,8df77c6cb6dc2ef3
1418,9f8fbebc591a047a,d9a1c3971edf9656
1418,d4cf496a4d09078e,46168d2b61810385
1420,8b48d1ce3e58b8b1,0ff2bc4cdb072d85
1421,c5fcfe0a6d64fd09,770c02e0f98c13c7
1422,1c1a88732d56385b,4fa9df2a2163c4cf
1423,3bdc76cd0d25e8bb,71c756083cad202c
1423,92a4e174643c0774,713d9e86427d9721
1424,fef5ae5fd4853113,5c32475955b59896
1424,3a6cc1b641e47d04,751f1d65af06e462
1426,9fda1100fbf66e5f,0be2188636101cef
1426,38df4798474e3776,1de26a976e89144d
1428,064b5acf6687b91f,b659ecb5d531c2fb
1428,434c04ec7c92e605,d96a538292d2123d
1428,f51bd8c6add45d11,939ffcedd0a79e48
1429,7d46f8d572362200,367b4bf27f8b9dca
1429,32c364e45e055295,404337830872f59a
1431,6fd746b7d006578b,7a769bbcddc018d8
1434,d5f36955df9eabfd,204a29f5bbd1d729
1434,2363a172ef34c81d,7d83f6c1912dab0b
1435,8a2746f26e90b653,55fec781aaeb7dd7
1435,77c50aa252d2a5a8,7bc103d1fc02a028
1435,9680b537634f63d0,6336de5003fc3cda
1435,a670bb39ca439801,3470371a867e2d7f
1436,26e0f9f4abef8ba4,712c33fe0ec0a46a
1437,47ea9508e3bdf232,df64b65f73c8bfa5
1437,900410dade53bc6e,c5148f7e6c6ccf1c
1437,9085fc0ceb1f0d68,d0d3d9b7e30d30d5
1437,f2962befffc2cada,e2e406ad554ae8eb
1437,dc98d0a978186867,0a3f241c60e92be4
1439,0141babc853b37f6,0a2fe39f721bd1be
1439,712404c22c01c3bf,5c32475955b59896
1440,46100d42909dc6a2,c76a7f24ffa59966
1442,cec84f37bb7d6031,a125d80dd7a74615
1442,f39c58c3f6ccf10e,ccd9219101c5f0d6
1444,835332bd2c6e3fab,c5148f7e6c6ccf1c
1445,8d9a6ccedfa5b199,d56e3abe11cb7000
1445,69f54dcd0fbebc22,b15dee3c2e27d5a7
1445,566d1840e4e761b7,5c32475955b59896
1446,6e1f98fdd8cb1c16,d6bfcb5c2ba2f84e
1446,5d1808b873ae3825,34ae10cf09d90a15
1451,45c6ca0bfc2c0353,0746cdb7592e6518
1452,6e8851b282bc17f5,59844709611d0f60
1453,819b3acbdf1995af,33dff7058bba8571
1454,bcf74e454d884f20,998cc051ef42fd31
1455,dc3e45f5d108f060,b8bc4a22dc2d32a3
1457,6e83a0fe41d93568,1447f6e08e297e9a
1458,c76019be0bcea5c6,5b7030456c066130
1458,836aeff2d347e66e,f72395512fd75140
1459,016fa5f8db780f84,490c3d36353af81a
1460,d0d515b99e95e361,35b08ce20615e1db
1461,044fb7a2cf642602,8fe3934a9009d755
1462,6355b256e57d440a,95ab7be16d343c6e
1462,af6bac9ce8f11a62,09614f05c6cfa13e
1462,33d64d6b9d04d406,315bcfafe04657cd
1463,018aad9b09f9795e,21b38b7bc3186671
1463,fbd82d341fa0673f,d7b899f7e3c6e785
1463,821a46879847a638,0252f3dd216136d3
1465,a4c994bb796645df,50738e3edef7226f
1465,55d8a98bba957cb1,fce0f90016c68b7d
1465,6376cf906364f0a9,f351e4d6979c47f1
1470,ac4bab13eda70127,59185bfa10d210fe
1471,8824e17561c98d43,a786491012810b8c
1472,4f1fc85fbfcc94da,6d6562cdeb1ae58d
1474,5f02362ddd60abae,a3e33ad97db137a3
1475,4b9f50eb301dfa9c,94f709ffd79f17f8
1475,3bde78807174edc9,ba272a7d7c194d10
1476,8d8f39d7eb1e0dda,cfaee1222daf9f8a
1477,f2e2a4bec351ce53,d8aa6e910ecc4bd0
1477,f6abcb986dc288c3,bbd72a0f3703d9b2
1477,782fb87d572aca1d,942408b9101897ff
1478,4e5cc2280e1ca26d,b8b4987662455476
1479,1093ce53fc07cadd,c622c36fe74fb381
1479,bdfced1894000d1f,43d4d5669e2aa449
1482,758a4467778f6c84,2c68d1202520d9f1
1482,9eaad073c07209ad,b36ef90b894973fd
1483,bc27ae01b7c51154,c480a1c9bc49dcac
1484,b5e672dc3e525356,17e54dee04927cc5
1484,51884fdb00723d43,b68d511f81c508b3
1486,da7746bb8f2a1bb9,4942d16ab63e0da9
1488,79fa9f5db3a3a87a,8aa6c7091bc90625
1490,875b321e26ab80ab,7fbfddb269d294d5
1490,5964fc840f458003,a35e1e5c648486c0
1491,7c746c57b6180bdb,a8c2ff58641a5b4b
1491,830be46481c1b4ba,80e3d3f8651825fd
1493,9deacc12c5c5b1ae,1d412e9ee5731c61
1494,094c43f2b92de0e1,c5148f7e6c6ccf1c
1495,279cd43bdffded77,a66ea13e27357881
1495,09fc060bd89a7698,d43eb6a0b880f80a
1495,65cf729809323545,6439c46e1da4d6b0
1497,563665e54cc46de9,7b16e7f8f4255580
1498,5e12fc5dd7fb80c0,14a44fd093834655
1498,7561e04a57e362bd,d8aa6e910ecc4bd0
1498,7e9c79143a2a9b2c,
1499,f2d05402ddb22879,42dff77f49edd041
1499,c83cc1102d7d12f5,07adcb6bb0635688
1500,28ad3fe726dc81f8,1ae994a744eddd99
1501,7ad00a7ff7ce05ea,ba272a7d7c194d10
1505,63e70da2267d5708,4346bd608fffe538
1505,4ad5fd815285cf56,c622c36fe74fb381
1509,866a859fe77580bb,242ddaa0ce751117
1509,25c68fa50d0b6d7c,3755a666a29ec4ea
1511,30de7a2873c584eb,d090a8afd5861ea6
1512,2066393f4eb6931b,111dc2edb4249513
1513,412487c353ebbb2d,ebe7f4422ac894fe
1514,0969806581050648,f26266d2ddc3314a
1515,96d06163f3a7394f,b15dee3c2e27d5a7
1515,0398db7ea8d57f55,2c68d1202520d9f1
1515,4782fd078080c67c,642a515aa8b3cd17
1515,23fd63162e10400e,71269c2bd84e90bc
1517,dad5349145e229fa,3ef9f453fd9a8973
1517,7dd1b1e5d05237ac,e5e037a73f0f63b2
1517,035380d54116fae8,33d68c96d6f23b00
1518,d7365c0be25f9400,f0f8f63ce2a56f85
1518,e3c40875a239c6e7,28a31e29da6ef47a
1519,a8b363f4b572e70f,4867b836284c2cc7
1522,c393918eae58ddd7,7d83f6c1912dab0b
1523,8233764d8d5c46a2,2015fd2d826327cd
1525,2ecacb2aab1f1f8d,9c57285e342cbc5b
1525,cf74dca997c8be1a,d090a8afd5861ea6
1527,35f1b301b1f430e8,6d5bef8155a184f2
1527,400a12a94f1023ce,9f61c8ef11824d26
1527,42fb0129686976df,6a3ac560ab8098b7
1528,90f7273eac2ad8ee,8df77c6cb6dc2ef3
1528,fb836e6310cf58ec,d0d3d9b7e30d30d5
1529,00fef32f407a4a2f,35b08ce20615e1db
1532,893a380ee1ee8b5f,939f4e383d7f2538
1533,ebc14591fb7c09e3,1fb38a3d426c4ff9
1533,53bb075fc80b1d23,212f1426d7334a2d
1534,bcbe10570d0fbf70,ec059313a7b75635
1534,312b8b8a25c4441b,34ae10cf09d90a15
1535,8621854dfe9e20ce,acffb8b8ee8b4ea8
1535,4163ef9bbbb4d380,51c7c9de6251a8d3
1535,98d6291e92ecff4b,e65bfa9025c67dc1
1537,058046eb5a4303e7,59e0d924ab1a4247
1538,68c2c199204498b9,c4d5263afda93de1
1539,12bbc5960fd44500,8df77c6cb6dc2ef3
1540,707f2007fa32c8d7,f349b7cf3d8a4ac9
1540,824be1e3c60eb600,ec88f7ad62e5203d
1541,bb04b383907d2fd3,132ddc7f3cbf50c2
1543,3555199fd92d0ba2,742c9e9bda2cc03c
1544,b7f747088a355b1e,fb6e4c2115fe938b
1544,ec9f3c5950c49d72,8ef3a4059f639744
1545,aa06872396bab89f,a427559a5f24ce05
1548,8bd2f087b2f5a140,5a7f7b10984bd64a
1550,7c32afec25c87207,770c02e0f98c13c7
1553,642cb1904697556a,7d5c9e3cac8e697f
1554,19007aea5109dbc8,28a31e29da6ef47a
1554,2c1b5c53c4c4b862,646c93e4960a3360
1555,df962317e2d78c09,2b2581b3c13e1a13
1555,c86fdf987f52045c,3561878c5a513d36
1556,65464b02e0c2c8b0,3bb61542a271172d
1557,a9a7df09d4493f04,742c9e9bda2cc03c
1557,702d71b808747488,c21450672ed3b256
1558,1e1a3455b0037526,26e9deb83e4fe9ea
1558,16dfe709f774e13a,838e3af2a8ab97b6
1559,75ac4d1a8c120059,eea7d7d3579be334
1561,d0c85ed302b66ab8,b1852e616c74461d
1563,dfbebd28c2b6cef4,76268f3393a99ada
1566,415bc3d3ed9b1842,1d412e9ee5731c61
1566,cdf9346c16791bbc,1c206815792fb313
1566,cc38178425f4b538,f17510c07c0d2916
1567,a628e40a595d6128,bccb85110bd29331
1567,10ddadcb815c0ed4,a125d80dd7a74615
1567,e4704aa66e68b53c,8f93d197aa6d6bce
1567,8b7fd7d544e1ac13,76aac666fe436528
1568,d85f5ea5be298607,6d6562cdeb1ae58d
1568,5df78ba0ecaca0d9,e216aaedc4d8d047
1571,bbda5f55053241f8,7550fea52ff48721
1572,aa6a633b5d517b31,531ddf7b5b58df24
1574,01230d83c44dec33,1de26a976e89144d
1577,8fe810c5e9923386,59844709611d0f60
1578,34f5882b99a5f7af,9f21684de4ba3459
1581,d03ac5b021a73d7e,2af86aefa42d56f9
1585,ae290c3c1792623b,3314c650567bc0d2
1586,fe3c67092451d476,939f4e383d7f2538
1586,63f9c586daacf41c,c0919f9d982c7578
1588,cad745066e736628,f9c0c821db6afbd2
1591,f2757725f6cbd25f,264da3687cbfcfc2
1591,b6599a80d1ae850a,ee4a08fdd8c30e1b
1592,5fefe29d97f1a105,b36ef90b894973fd
1594,e4a4f1a838ce6f19,e5dde21e5086e295
1594,cbbb02a230a3da12,d9ccf90ea9113dcf
1594,e260ff4c721dcc27,d56e3abe11cb7000
1596,5a398bfa6dab8eb7,4df3472146920b28
1596,c0a6d7cad39659f3,c4d5e0f600db971f
1598,5f2f86f3a2a7faed,75c1b5760af0d230
1598,a91acc4098e7d706,6c1bae5834f5f538
1599,497c10fc72cc9b27,83820dbeb6716628
1600,f18fa4af14f26789,939f4e383d7f2538
1601,47a7f75d74c56acf,1b21fad233dc4153
1602,a49fd3fbfd8be60b,490c3d36353af81a
1602,b6869e7526954490,73c068bba76904b3
1604,891d445b25f789db,c69bdcbc2289fed3
1605,3c571ad9fe36165b,f601e82a4b55e308
1606,65a0b19833e4db58,1050f0c87ff748e3
1607,7aee114f002d90dc,b36ef90b894973fd
1607,20306dc2e22fb0c4,690ed2665bc5b677
1608,918eef1f8cb20e8e,751f1d65af06e462
1608,934b5a1d235fc1f0,b922da11f029c905
1609,c75ecdd0c03aadb8,bccb85110bd29331
1610,01970c5afc7a7eb7,87e12529eb9f5460
1611,2676b1c80cd8bcf6,75c1b5760af0d230
1611,875197a7132c66b0,a10a759d908c8190
1613,fa91aee34bd8e8db,429df22f45b34dc1
1614,252aa0c076a77389,490c3d36353af81a
1614,04873fde45e2e1ac,3e2f4500c3bc0361
1615,ce57d99fe3605923,a427559a5f24ce05
1616,39fa575b991473e2,d9a1c3971edf9656
1617,303deb1e1dc995cb,3db69052b45c8a21
1617,693b26b3eb5d4047,47f4274ed08bd9a9
1617,9601a3ee79c77f31,3ef9f453fd9a8973
1619,51dd7b9a2011ba26,5a6e1d3ad98ab6f9
1619,8e146c3c4e33449f,d6459ab29c7b9a9f
1620,5b9e2b7cc6dc3792,b1f36b60c414ef75
1623,35cb38b144ddc9ee,99a6ad1b6632ddfa
1623,dcd2c5109c3c4c1c,0a623d5c89fa50dc
1623,00018f0acde8c362,9d9facae9ade7541
1623,accf35a559e425d6,46168d2b61810385
1626,13e891416771aa28,204a29f5bbd1d729
1626,27625e6de4435e1b,c10e560c5215f04c
1626,aa77ff02e9aced09,3470371a867e2d7f
1627,62a365f6370afcbc,0e38ddf5af087c41
1628,c3084b8726c9ac9a,382f8cb122279b79
1630,ce149a687b65e14a,6f43393fd918db48
1631,e8c0ac79a433306f,e9ecb62f6818ffd2
1632,b1499823a0ff173f,35b08ce20615e1db
1634,ea7ad58407e268b9,4fa9df2a2163c4cf
1635,844fac7c2fc2f9ae,47cd1b6da6a81012
1636,18e1d3f0a14dad7d,cb3b8f336a8795ef
1637,3007eca23d048e4e,742c9e9bda2cc03c
1637,5bbf2fabdc0639f1,388f7613f99f753e
1638,73c51b276f84693d,bcabf7038cbd66f9
1640,f29157cc48e75c94,0252f3dd216136d3
1642,77090d8b8ad42eb8,aed598a0dc1b97a5
1643,cfca13b22252af14,cb3b8f336a8795ef
1645,bec28c64230a9ff8,3100fcc94e4225db
1648,30f25169d0e76451,171d1b0b7aec3cce
1648,e360181ab3d2e8a3,809b14766f3271fa
1648,b67ab0692389fc73,b36ef90b894973fd
1650,e660b76bf68040e1,c76a7f24ffa59966
1650,c2a10aefb606a66c,a125d80dd7a74615
1650,344340aa8eeb4cf1,3f1cf267acb47fd6
1652,f9bf868bcb8b1983,5d086835ac6cd063
1653,aebbc22f7331647a,c0d0e82d328d3c32
1653,e72d41e08b7d1e14,07ab6ccbbf41e012
1654,8784f24517bc44c6,f1179fc9496d4af7
1658,60ce53ae9b6fdd8f,60b7d4ea405d0fdb
1658,c2bd15343e910371,3158b9412bc9cdb9
1658,9a21723d732b117d,0f91fd93e1e9d57e
1660,7fa5a89f243a5eaf,d090a8afd5861ea6
1660,43e548c68ea538a6,da9f5064a792cd7d
1662,7b846c79c33d6a15,1b21fad233dc4153
1663,c7e7e3bf489f9f9c,26e9deb83e4fe9ea
1664,f0191c9435b33ded,d96a538292d2123d
1666,45ab632c0015243f,6fc69623d6154ccd
1667,839557dd95aec3bf,cb3b8f336a8795ef
1668,07193cb775928ad4,75c1b5760af0d230
1668,17832452020dc236,ee4a08fdd8c30e1b
1670,5a6e746ebd11fb55,daff13ae4e54f0e7
1670,d1a39a6b269a0db3,7fb58c1db18a3805
1672,05bd69efcda170f6,35b08ce20615e1db
1674,24dd8ee755ac1925,cd4533a99b331531
1675,27508ce99fd5fc3b,646c93e4960a3360
1677,ab8919e2f71f71d7,ee5366ec56448ee5
1678,688bfc4459d5d99a,443d5441eed403d5
1678,496ee996d20aa0d5,4df3472146920b28
1679,5d920e0a199af34f,4c20216adcce202c
1681,dc5d5ba252af2de9,3e2f4500c3bc0361
1681,7a6af1b9894b768c,8aa6c7091bc90625
1684,99fb15ff93539dc4,cb3b8f336a8795ef
1684,449c386304e74fe8,e2e406ad554ae8eb
1685,e56115ce22dba106,1c206815792fb313
1686,bcf6c2ceba90d166,c608d88a291ff907
1687,b792b36e004f4cdc,87e12529eb9f5460
1688,5fe98dd942663e75,c950bc44c1029dbe
1689,cda394106482b4f5,5ba6a195ce00d2bb
1691,a7757bdf2f271c7a,0252f3dd216136d3
1692,7f7003d3bb06b817,dac2a1806828b8e8
1693,e409444c71dace55,3595e0089530cf0c
1694,168cadd6d66ac32f,f72395512fd75140
1695,5a50ec603047ef6a,4f28cdf2220b4559
1696,acb2570ee7f49772,e0fd6cb7bfe5aa17
1697,2e97a4fc8f382671,d43a98703c90f3b8
1698,7e3812c9a0377de9,712c33fe0ec0a46a
1698,d035fdc8aa413f16,2fdf492d226d0cf8
1699,2f205999b6f035f1,c76a7f24ffa59966
1700,7ae8d03b0498be2c,2072149c5600eabc
1701,eaf441b052143553,0cef387931b1b3da
1703,4532356723775c85,897a374f382544bd
1704,001de9a499ea7979,75c1b5760af0d230
1704,e6b1e0c386a6c1c8,5c32475955b59896
1705,2b1d263197c49b1f,cc7e159c7752d9ec
1706,24c241b551a18675,9449b7e65928baec
1708,dc654cd0e40ee9c9,d0d3d9b7e30d30d5
1710,b4a990d1dd090c2d,7bc103d1fc02a028
1711,82d05df38a6ec5a6,33dff7058bba8571
1711,af6c957810dfe54d,fb6e4c2115fe938b
1712,661d147ad91b9fc9,71269c2bd84e90bc
1712,77ed0b3a43ace3b8,713d9e86427d9721
1714,ddfaeb24b1aef277,9449b7e65928baec
1715,0e3f0f098acc493b,7bc103d1fc02a028
1715,2de9d6d6c9838cbe,a805994dd837932d
1718,f7cc71eb3389b624,2ca48032dff5d2f7
1720,d5d82be21ac22008,40d45e51caa3d474
1723,e7e25d32357b218f,3e2f4500c3bc0361
1723,47dbd0472284d06c,b8675658e8aae111
1724,1e72193aef738bb9,ed306347e351d373
1725,402a3045cdb581f7,87e12529eb9f5460
1727,3e85c6ddb9f9bc51,181fc0abb1697f32
1728,1fd4b07fcfeeddf7,5d086835ac6cd063
1729,4553ebad5ddceedd,55b65898655ccfbb
1729,e06a09a08bc89da0,0a816335323b90da
1730,f75dbd046ddfcad1,fe12945aab7a8c58
1731,1486f5733888b48d,3af008ca297bc2bd
1731,39943473bed32cdc,acffb8b8ee8b4ea8
1732,e9f2533144026288,5800a99cab152584
1732,2d11787d1520605a,136febed384b794b
1732,2724ef441d935254,fc95cf430e9d68a0
1733,0e6e662adf2a1189,1d54d3eddd27db97
1733,638ea4290ae7dc13,e46a9d08e3ffba8b
1735,4898b7eadd4b0e0f,2c13a1749bdf41b7
1736,de1ff1750f29085c,d8203200dd4dfe7c
1738,d6fb55d72718d851,91b2f2936128cdf4
1739,2f5bdaea2877197d,9c2efe7862271a1f
1741,68e41aff01c49319,b8b4987662455476
1742,9ef7d05036fb33e1,3470371a867e2d7f
1742,a206a8b1a71f42bf,cf43ec87bd3b1581
1743,47053741cedb96a3,c9f37a27d4b5e8c6
1748,047117429b0fc11f,35b08ce20615e1db
1749,81858d6d3ed36864,e63188c36ca98ad0
1750,6b019452b48f22c0,74cafdda027b3aba
1750,cc113f1be39f55a0,42dff77f49edd041
1750,e90397e2d6092519,d9a1c3971edf9656
1750,a292796d630b9660,a125d80dd7a74615
1751,d0ff9326eff7de1a,8cad236d57a268e4
1752,4989be97532045ef,d2f3afc779850b6a
1754,4c9e7bec87408df9,d43a98703c90f3b8
1755,1b780a3929706e12,db817d979d28e72d
1760,2b1982a45cefce1f,688786605772307c
1760,2752bf92e2e37b65,9755556728e7cbee
1760,e55b633f765d497b,f16b42073a04311b
1761,3ceaf4ff00ff2813,873e94abe9e404c8
1763,4b9d8ff2db647f51,a7a91feb3deffbfd
1763,b5c5a8333b6d50e5,7f57287cddb6b47e
1764,6aae4d5eee5136e0,c480a1c9bc49dcac
1764,d594c2860c82d337,443d5441eed403d5
1766,b86a3f5b3b4d339a,c69bdcbc2289fed3
1767,823f427d3d15130d,0746cdb7592e6518
1767,08fafd9a66fae270,00692d9ab8e6237d
1767,a39f0c1faad4c95c,3bf1133ed2420c32
1767,005333fea10085ec,b32175cb8e2f52f9
1770,43300e3c6be43e90,9f4c40c1a3bfc110
1770,c1db7fd809e3a99d,b1f36b60c414ef75
1771,9d7f1776d2b9175d,98df8f517c5a0072
1773,4f04d29a1931bc06,83820dbeb6716628
1773,22dd387d0ba0ed87,f0f8f63ce2a56f85
1775,6ab12868351c9f2f,4fa9df2a2163c4cf
1778,d82c74b92d2e219e,cf43ec87bd3b1581
1779,05655ac91a622a5c,c76a7f24ffa59966
1779,767e5ffb25fe8d42,8aa6c7091bc90625
1781,5540549bfe684f3d,0be2188636101cef
1782,3bf5524beacedd10,ec88f7ad62e5203d
1786,f160021f72d50a4e,55b65898655ccfbb
1789,0b19d9550688e18e,5399baadd18a8497
1789,cf3bc08a542883ea,8a44c57a02f90e84
1789,83a36ac953f99a84,f1aaf29f59808d31
1793,f3598d7ce76f3e3e,9f61c8ef11824d26
1795,c8bfbba14ab4704e,e5e037a73f0f63b2
1798,88a26b1b3b1f8038,d6bfcb5c2ba2f84e
1799,398369fcfdb10691,4f18cd9e2d1e6132
1800,bff8f94dd485ef21,07b73a836bb1292f
1802,491d966f8b359c3a,5b499b44beafba55
1804,869c59798c0548c7,38d4d309226debf1
1804,02c117c62b596281,443d5441eed403d5
1804,5320ddc3428daa85,dbd16297efcb2ac5
1805,33dbf8fbf26d41cd,ac3a2ec04e381469
1806,e7e4fc774b166c6b,a805994dd837932d
1808,cd1e2922bae996d5,cc7e159c7752d9ec
1809,b696266ddce34191,8f93d197aa6d6bce
1810,941fda3dd3ee73a5,f0f8f63ce2a56f85
1810,8211b24138daa61e,c6ffb970d97aab3b
1811,0a23e51e0c69cf87,5b436fc811d421c9
1811,11f7f6ee7cdf3faf,55fec781aaeb7dd7
1814,2f3483709fd7270c,e9ecb62f6818ffd2
1815,a802552b8d5a60ee,171d1b0b7aec3cce
1815,888ceccc0d7069cd,c5148f7e6c6ccf1c
1816,f80e982208ed889b,06416478109c5582
1817,a920ac0e57bb769e,71269c2bd84e90bc
1818,516f6a4a0a839a8e,d0d3d9b7e30d30d5
1819,40e2c57a51a24407,9d9facae9ade7541
1821,5889498c157b1717,111da6a5ec595128
1822,74390f53632f81d6,a805994dd837932d
1823,bb704b84edf760ba,c622c36fe74fb381
1823,11a4e196e67cb934,264da3687cbfcfc2
1823,af0092bbc0e118a0,7f5eb8937778424d
1825,d78dc27e094ba3c2,2e63a4786fb9fc54
1826,57bffec05558aea0,cb3b8f336a8795ef
1826,9a36b0354e21e674,7760bf66fb0328eb
1827,fd7a4f5d8f7616c0,6d5bef8155a184f2
1830,90669714f77287f5,91b2f2936128cdf4
1830,2ded555f6e46f25f,60b7d4ea405d0fdb
1830,58fd73fb11f83727,09614f05c6cfa13e
1831,cbda1b7981295ecf,1b4df0031648820c
1831,382fce91a98f4962,ed306347e351d373
1833,d7405b809ff7a5fb,cfaee1222daf9f8a
1834,cdcd7b1ee74ec092,c622c36fe74fb381
1835,3b6d9a64a0db18f1,3561878c5a513d36
1836,94fd3e9b1a005d68,6e5d517e1203764b
1836,0318d35026daf28f,3755a666a29ec4ea
1837,2ba3284e1bd22b67,1d866b9347a93caf
1839,ce169b85d3af0d66,3af008ca297bc2bd
1841,176d8d7dbe14ff6d,be38dd9cea0ee618
1842,c18c90667e6e2e54,d7b899f7e3c6e785
1842,b4e52b4aaec5733e,f2ab4485c4345b42
1843,8109222a4011b17f,770c02e0f98c13c7
1844,69464bec8d4e1c9a,5b7030456c066130
1846,54771f34befd59fb,81b96042f105d395
1848,d73e7b8ae8e8448c,420fb5a0c50b3fa4
1849,4291f719359c2b9c,e776afc022c28da8
1851,9160d7156bafefbf,e63188c36ca98ad0
1853,240838b194256e17,2c68d1202520d9f1
1855,124b1e57a34cd10c,f9d9e69e2fdd6369
1856,6077ebdad905cb1b,387aea4971ba4791
1857,08071cafcf50a97e,98a2b1e728fad2fc
1859,58cda1ff91cb85b3,1ebe49b47baaf5a8
1861,11b8205ac3e07ec4,bb0a7213ea4d5e0e
1861,f498ab6bb875255f,0252f3dd216136d3
1862,6c3bf0cd057bd0f1,9900a0f337469f55
1867,1ab7b65016355d21,71269c2bd84e90bc
1868,81231a5b64121a00,5800a99cab152584
1870,d9cd0c3d254e9f21,c00becd172da5b7a
1870,fa85f5b780b4a929,f2468f5dc8034b1a
1870,eef4a1dbbc6add29,2ae1bb45655f9305
1872,376b8207eca93349,7fb58c1db18a3805
1875,f474cf26512c2d0f,b659ecb5d531c2fb
1877,12335a8722191853,ebe7f4422ac894fe
1879,51de6b94dfaed1af,73c068bba76904b3
1880,f98811fe698efcd5,6336de5003fc3cda
1881,fe859e703bbdb0f9,6d5bef8155a184f2
1882,8c33cf92d9a531ee,c21450672ed3b256
1882,e1d00ce9d3c9e7b2,4f28cdf2220b4559
1883,b127810dc9f4cb4d,1021f7d55a22fdb3
1884,37d35a3bab350181,06ccacf07ed20b29
1885,62c2106805639b41,1116b0dc7c20037c
1886,a66b13bb2ada5149,9a4ac71c016c4f3f
1888,a2dcec7ab2886439,fda3c0c49bddbb38
1889,edcf12e5ff8316f3,d43eb6a0b880f80a
1890,91ee688eee509a93,fbd6d579150a3c5d
1892,2128753b7c25c1c5,e2dfbd171b899b8d
1892,2b5aeca65afb2f80,59e0d924ab1a4247
1893,82f5c4132511a228,181fc0abb1697f32
1894,3e6ea813f6e3b39d,6d5bef8155a184f2
1894,0d2e833d5131ecbb,6dbba3f6e213a509
1895,4f61074f3aecf69a,873e94abe9e404c8
1896,8b7227cb48c7765e,181fc0abb1697f32
1898,b372479b815d1b67,c3206a17460057db
1899,09cf268657f93343,3d288ae76183042c
1901,d05d844c3ffdaf56,8a0c994a8e96f40c
1904,2820ec7562b024a3,1ebe49b47baaf5a8
1905,36ba479e81b65902,f0f8f63ce2a56f85
1905,7c94d19dec19778e,939f4e383d7f2538
1906,f765b6607711966e,5a6e1d3ad98ab6f9
1906,6d694dc3e7e9b682,6bfb9e46a67fc10f
1908,3a3c8e1858840945,fa6baef0e00e9af5
1908,5988557bb3a75e0a,e5e037a73f0f63b2
1908,3249e21b6cc12974,387aea4971ba4791
1909,18c544e90df3ffc5,cc7e159c7752d9ec
1909,b37bba5dc259c8bd,33d68c96d6f23b00
1909,2d7e06b5c7041079,94f112b9a3a11895
1910,403b7cc2f6cd8d7a,75c1b5760af0d230
1911,b92aa01c0b54f47c,9900a0f337469f55
1913,70a8fe04bd6ebf58,a4012ef813f5c128
1914,c5015278831c9d4e,46168d2b61810385
1918,bec64ac8de1780ec,d9a1c3971edf9656
1920,e472b0c9fd685f17,838e3af2a8ab97b6
1922,80a5210db6ba9521,429df22f45b34dc1
1926,870c9d89b8ffc124,9c57285e342cbc5b
1927,00832e4605ea21b8,42dff77f49edd041
1929,c54607024b4431b1,3158b9412bc9cdb9
1929,4dc0df7896e4ae93,f16b42073a04311b
1930,c47ce295f71aa1bd,0cef387931b1b3da
1935,51aa058e312cf5d2,dac2a1806828b8e8
1938,0276c2ccd658c300,a4a274d1b7f53366
1940,3fefffa358a2f547,fe12945aab7a8c58
1941,921c401a6778db09,0786c61efbc2b720
1942,0156fb13e4526148,04fc7a35cfecaef7
1943,a9d3babf24adc717,388f7613f99f753e
1947,d100d86412088119,63f6ac1c793cc698
1950,f4b77d2be864b176,7a4d7b7dab0c02a8
1952,ce8d2cce87f17fa5,2461c47a181616b8
1952,6af115da143086dd,e63188c36ca98ad0
1952,742d204179178d94,1cbdf582de1e2fa0
1955,a15508986f9c8025,98df8f517c5a0072
1955,ac53d17b748b0b15,98df8f517c5a0072
1956,5969a344c1476380,7a758d60a89cd278
1956,f460a6d5ffa35b9f,2ddbd22c48105af4
1956,3ddf0abe82a71ae1,d56e3abe11cb7000
1959,c5bb039454cffea7,4f398503c91139fe
1960,1dba57bf5ce06672,e5dde21e5086e295
1960,b14df2dfdc456893,89b717625c90834b
1962,ec333f196d0b3dc2,c5c51790316fb7be
1962,473284f686d32fa5,264da3687cbfcfc2
1964,af406a56b5746376,f3db4a78ffa3e786
1964,cf4cd7eb9b2629fc,60b7d4ea405d0fdb
1965,b4a77fabaf0066ba,b36ef90b894973fd
1965,c352e3c95046159f,0df3a6fd2997e83c
1967,0af0df6228f5ddd7,6f43393fd918db48
1969,9eb53e049cf6baec,87e12529eb9f5460
1969,c29e108f7631c3e2,a786491012810b8c
1971,3d02c4220485bdf2,b3a637bd382261c2
1972,ab43f30ef4f5db41,3bb61542a271172d
1973,16b0acc4361ff43a,d7cc832cbd08f6ff
1973,8ea377f8bcfb91c5,1005dd96a3b2fde1
1973,0c0fb03fe37f8024,7d83f6c1912dab0b
1974,6d2c252372650a39,751f1d65af06e462
1975,2e7f6df21e531747,f714401e43df0e4f
1980,c394352379e05d64,6abafa0bd7f152b9
1982,2b0b77b4ef497882,3ef9f453fd9a8973
1983,2c8f755d30c5b970,f0f8f63ce2a56f85
1985,8739613a0cfcc9b9,6abafa0bd7f152b9
1987,a6ef9ea000217440,181fc0abb1697f32
1989,6fd02d8e6901e515,2c13a1749bdf41b7
1992,15bd6a667a818a7b,89b717625c90834b
1993,d813a4749c5ba3aa,213d711fe8b7ffc6
1993,0ab2969c765b7dfd,942408b9101897ff
1993,e70953de36c56658,4613fdd9631bcbaa
1995,8e460da5d62c27c5,73e79e04a5f29602
1996,8226de87fbdd16d2,204a29f5bbd1d729
1998,11f1be17b99db114,6ad2a0a932aa2d11
2000,7afbaf0a749e86c0,f72395512fd75140
2003,f21e0c22331ebb28,e7f07f202c09e815
2004,af1e939421706ddb,490c3d36353af81a
2009,be8d5fd327eaddd6,7b16e7f8f4255580
2010,6946eb3c558be231,5ba6a195ce00d2bb
2011,9eb83c2af6b44544,4f28cdf2220b4559
2012,48329043f28e4283,1ebe49b47baaf5a8
2013,8979aa276b05fbe7,47ef0d047bf95fdd
2015,06aeb10939546c54,1fb38a3d426c4ff9
2015,3f22cb4cc8bd73bc,acd1961b278556f3
2016,c7b59ad540407e76,a4ade67eb280662b
2016,61788642cecad7fc,a7a91feb3deffbfd
2016,e571c251aad2e950,6d5bef8155a184f2
2019,b21e08924e79d564,3af008ca297bc2bd
2019,59bd5812e6438577,8f93d197aa6d6bce
2020,10184ad9555bab64,68002c286028715a
2021,447b317393d91969,e7a9814d0cb4a9ff
2021,9f757a2331dbd2e0,09614f05c6cfa13e
2022,3857bfe656679bb7,c2caa2d30b244d77
2023,21752f77e803d974,8ef3a4059f639744
2024,51d4d596aaa57802,7d83f6c1912dab0b
2025,6ba2a741b8faf20b,d9a1c3971edf9656
2026,9984394485bce185,b3a637bd382261c2
2026,02dbb58e0a1519ac,19c0ec560fd58a25
2029,333d0b4130b64cbd,c0919f9d982c7578
2031,ef8256f11e9aea63,03842f6ba7e77e26
2031,ad69462007a2b761,a974a80fda63b209
2033,1da63aedd378a8c9,2d01a79a2caffbc8
2038,6a704953e59c581b,204a29f5bbd1d729
2038,659a0d2a74a4a232,713d9e86427d9721
2040,b314f6d111194490,b81c7b21c22a115c
2042,0ffcb79ad024c978,5b7030456c066130
2043,d44653254f836b21,cd4533a99b331531
2045,3b8f1348f902ef7e,71c756083cad202c
2045,c430b0dfd2577a43,c5c51790316fb7be
2046,5277680475bcfe6d,6336de5003fc3cda
2046,f6b355e35ac7c91c,5b499b44beafba55
2047,714451c02982d8b3,2072149c5600eabc
2048,2ec83e1ff7578d47,982db8471b188223
2049,b9321ac4596ab449,cf913e28d6788509
2049,c729c63f98079c46,c21450672ed3b256
2050,0e04be62120675d1,0a2fe39f721bd1be
2050,4fb901675ce41859,33d68c96d6f23b00
2051,fb2f8adf981089d7,760012e96c16e099
2051,a890d19db3b9cd67,be38dd9cea0ee618
2052,3b911140f371e722,6abafa0bd7f152b9
2053,e47a7363d90cc0ef,171d1b0b7aec3cce
2053,2adaba5350d55238,039e6f0bce078439
2055,25a06c445f2b7895,4506202f4ed39338
2055,567c0179771030fd,20e77d21c6a21354
2055,55bbf54c65798c46,4df3472146920b28
2055,20b6a6eec837e424,382f8cb122279b79
2056,75e5c22f3a6ef730,404337830872f59a
2056,a8a5aa8cc5af4943,db254e9838546e88
2057,30865efb1252e4b0,cfaee1222daf9f8a
2057,55831871c0fe6e90,3ef9f453fd9a8973
2058,973a8f96dee2aff6,c608d88a291ff907
2059,450b3f105a710e23,62e8af685fe84468
2060,5e751c0fda7ef087,81b96042f105d395
2061,1963ece887a6742d,3158b9412bc9cdb9
2063,a5f701622c730a9e,cd4533a99b331531
2063,29c1dfa543837b87,1c206815792fb313
2064,2a51f3198e5ea46c,1ebe49b47baaf5a8
2065,353778cb72e56938,b81c7b21c22a115c
2065,b924fb0a877f3f71,c21450672ed3b256
2068,99648d53dc9e6b5a,a89d411168be8e90
2068,0be30fe24c547611,396453bfefae3156
2068,dd1dd6c5d6fbf72d,3ef9f453fd9a8973
2069,f840de41c7785f50,4654a13ff5f59f7a
2069,06628485bbf3bd6d,3ae107aec61498f8
2070,bf4a36e27a4e8c05,f816d3b329340409
2071,6dbd0d2938c6f02d,67843b4efaee06b7
2072,f5391a5edbb31947,0cef387931b1b3da
2074,d6e8e03f7c84fa87,58564a3c65cc475a
2080,6fed29c6b867b7f0,e9ecb62f6818ffd2
2081,522dc14316f18567,646c93e4960a3360
2082,ecd9133714145252,a1bfaa32d9268c56
2082,e2149014fe2aae71,1b21fad233dc4153
2082,0f4d7e71bf7c3ab8,d96a538292d2123d
2083,ce7afb91e633872e,5ab167c1139e0c99
2084,b7fe63c85727a290,6fc69623d6154ccd
2084,7c764469934d07e9,404337830872f59a
2084,4e2fc5859550a1ec,404337830872f59a
2085,4c5ddc9b2ff12d37,792592f5459019c5
2085,ee934a0ec82b05c0,04fc7a35cfecaef7
2086,bed2626e41f70343,87e1e141bc2f3f67
2086,4aae1011cee3da6a,ed306347e351d373
2087,5fb31051e5bd7d04,1116b0dc7c20037c
2089,f8a37a81a3f894d0,770c02e0f98c13c7
2089,6cf54136971ad8e4,6b7f19ec249ce7ac
2090,887cc8cb41bc1443,5a6e1d3ad98ab6f9
2090,785c5097832fd50f,31c5b96a0d27009f
2092,ffb962948df87b84,1de26a976e89144d
2095,e20eaa50f62ef337,43d4d5669e2aa449
2095,5c7e18b0d0b91da4,80844681baafff06
2096,79248a03f113cc83,ba272a7d7c194d10
2097,0fa2822c08a4bd2e,0252f3dd216136d3
2098,458b2a3476f8ce42,e63188c36ca98ad0
2099,53f73614a39158b2,ec88f7ad62e5203d
2099,914f60a205b5891c,9da67f4f8576ac1d
2100,7d34f4d417a3ddb6,76aac666fe436528
2100,e3b317586336f989,4506202f4ed39338
2101,9676df61e9f58852,a89d411168be8e90
2101,9137dd754773bed6,a12143aa34077166
2103,c7b35673bc9cc1a2,d42e795c756ec451
2105,dd3419df65161cfb,f98fc521b287b31f
2106,6f314cb6b2983f32,939f4e383d7f2538
2108,8a8cbe5f49e7b94c,42b6ed075e0f3d01
2108,ca864720c279d5c5,1fc8146a6c83761c
2108,a042ef1c6a881595,264da3687cbfcfc2
2109,f739de40f3f7c8a4,33bb8aa99c76633f
2115,2c06c98c9bcab409,d43eb6a0b880f80a
2115,45da33b31a818545,9f61c8ef11824d26
2117,c63dca49f54b25e1,89b717625c90834b
2121,9f3a1f79c4530398,cdec19fd01359fff
2124,b885643059433c91,94a90db3e920a7e1
2130,aa65b12cb0d6438d,c4d5263afda93de1
2131,e94175e3e1721f18,3755a666a29ec4ea
2133,e3fc74e65f06e57c,be38dd9cea0ee618
2133,ef23988e497613a9,c608d88a291ff907
2133,6e48b35c3c561eac,e63188c36ca98ad0
2134,42620ccd804f72c5,204a29f5bbd1d729
2138,75d4c0f31a320d03,f1aaf29f59808d31
2140,07bc67deae06d052,443d5441eed403d5
2142,45ccd399124b4c41,4cc2c8de7403151e
2144,02cd7ea0778618a9,a805994dd837932d
2145,3d6f9bd53650e7d2,aed598a0dc1b97a5
2145,1c2201c1a7b5a3d0,f9a1b63e1edd8b82
2146,aec5236e3fb0d309,242ddaa0ce751117
2147,34077181c37cf951,a125d80dd7a74615
2147,c144bec3b8b487e8,cf43ec87bd3b1581
2148,c9233d703f371fda,d56e3abe11cb7000
2148,d543787fe541b27d,a805994dd837932d
2150,59d62081484af4e1,5ba6a195ce00d2bb
2151,1b9c48e2761b10de,bbd72a0f3703d9b2
2151,77e166d3abcd5c5e,d42e795c756ec451
2153,dbbc335c09b4d665,94f112b9a3a11895
2153,3c63b1ee09f65457,d9a1c3971edf9656
2153,13f8da10904f7261,87e12529eb9f5460
2153,8fdca509d8cd70c0,939f4e383d7f2538
2154,2c1d00c29d4c0a71,c9f37a27d4b5e8c6
2156,dc159f6207e787be,9f61c8ef11824d26
2157,4a165a5eaeaf1e54,cb3b8f336a8795ef
2157,88274527490733ce,cedaa944c2372a00
2158,4b3faa1d3c306c4e,d090a8afd5861ea6
2160,5ae544ac5f153e9f,60b7d4ea405d0fdb
2161,9cd8a134124945c7,c21450672ed3b256
2161,a530405861a6c58e,fce0f90016c68b7d
2161,9a8fc72912c0456a,1050f0c87ff748e3
2162,9e2c1f841ae5e661,d6bfcb5c2ba2f84e
2164,2303d9b0f7a130a4,52e64de52f1069d8
2165,dbfc11c8b034ef45,4fa9df2a2163c4cf
2165,7879419f03f54a4b,93188934cd80e2dd
2166,8bc5d3a4cfddaa08,5a6e1d3ad98ab6f9
2171,dc07e73109b78c6a,43d4d5669e2aa449
2172,1fdcab47bc377540,33dff7058bba8571
2173,6c07bc5939a57444,cdec19fd01359fff
2173,a056bc651f394373,71e7baba9e5de09b
2175,56936154e72db283,76268f3393a99ada
2181,ab572f048e2254f0,ba272a7d7c194d10
2181,17c333c9d1493870,2fd7005a7b2dab55
2181,96d5350b2022b765,fd6a1320c5cfb9de
2182,7b3a90ebfcf0eeb0,ebe7f4422ac894fe
2182,7297e3f03d5e0734,7fb58c1db18a3805
2184,609d2942c05d379c,cb2959231eb9ba6b
2186,8d1ae376ced61b76,1050f0c87ff748e3
2187,d8aa11285b5f4596,24ce7f64340b11dc
2187,21448b07b4f84c06,9900a0f337469f55
2187,99bb56e9eea8c08e,d0d3d9b7e30d30d5
2187,944106f1e1e52496,24ce7f64340b11dc
2188,d6e6e0e9efb94cd9,3e2f4500c3bc0361
2194,211d9c7b8d44d1df,b5c6ec28a48831ba
2195,d93e7755c18f5084,cb3765f50ceb57f8
2196,b67295bb56a7e245,6d5bef8155a184f2
2197,025e1d1b8bfd0d73,3a8bbe989e651df1
2199,cbf17940d463dc0e,5cd2b5962a2f9633
2199,591ccc6a585f20d4,c6c8b942c7264689
2199,44c7d08c1f2a56a1,2015fd2d826327cd
2201,e22071c919d2b918,c5148f7e6c6ccf1c
2202,069a683c58024a4c,e5f219f37e59da3b
2202,f7fabb602772166c,e5dde21e5086e295
2204,b4c5edd4fc36450b,0be2188636101cef
2205,392cd3ec2fdbd113,0ca6f63896fdaece
2206,8d55d3e033e82ff1,75c1b5760af0d230
2206,30ed7fa74c01405c,b3a637bd382261c2
2207,10669468b46d525a,aed598a0dc1b97a5
2209,105e22388bb7bad9,9901afb52e3a84d6
2210,575bbafd7d436b74,24ce7f64340b11dc
2213,0ca791045699dc36,68002c286028715a
2215,5cb9a2073c7ba4bd,760012e96c16e099
2217,dc9fdd71f0eaab43,
2219,26f1dcd982319f37,d090a8afd5861ea6
2221,004606ecc98b421c,0e38ddf5af087c41
2222,b2747a12c45d4448,a89d411168be8e90
2222,89367a18d610b492,2af86aefa42d56f9
2223,8a3147069e274d20,e65bfa9025c67dc1
2226,f3e0f54d2df385f8,388f7613f99f753e
2230,72e27d6f6f80d338,d8203200dd4dfe7c
2231,e3fc6b462b979278,3e2f4500c3bc0361
2237,15c3d3acc8862115,6b7f19ec249ce7ac
2237,c77ae33fca7e89e6,367b4bf27f8b9dca
2237,3616ccb26520906f,86ac94b43d50e277
2237,b43d0672235eb676,0cef387931b1b3da
2238,74c56859789d7462,b1f36b60c414ef75
2239,7aa174641362b0aa,71c756083cad202c
2239,66cf5c3ef687af02,0c0924d7fb5ec4b9
2241,bad4f7ae6e8b46f5,1cbdf582de1e2fa0
2241,6b14d927927dbb5b,a89d411168be8e90
2243,fa0e2f3271ae3f26,c8b0f688d1df248e
2246,158dab0cb5d5ea4d,dff31057641af924
2249,696124eb1649546c,f16b42073a04311b
2251,1490ad9b287c83b1,9f61c8ef11824d26
2251,d70de95b2df90d32,d7cbdb382b74676e
2252,185f645a6583c953,7f5eb8937778424d
2252,840a7e8fb1d88855,75c16d930cc51fab
2255,850499217f703cd9,98df8f517c5a0072
2256,230547feb93e39ca,cf43ec87bd3b1581
2257,b630f34d3cf1a31b,5399baadd18a8497
2259,fc52e09862532ae3,24dade609966f6d1
2259,b5d44b4831cd2f69,35b08ce20615e1db
2260,3da8ec4add74bb79,4dc6b4511daf5e6b
2261,4c30f3deb9474376,04412e61d453e670
2263,fdca43f8a10bcde3,404337830872f59a
2264,a96613cb063f333d,a74500fac5759450
2265,9fb22f89ea8ffbd7,0355299394e73ec2
2269,52e94897def7385c,ed306347e351d373
2271,5e9dba6f47a21a71,d0d3d9b7e30d30d5
2272,0a17826fca72d82f,71269c2bd84e90bc
2275,4a1210755b09e5e7,013fad42eba93a5b
2276,a7d84fcf2b4a92ba,a5614690ebeaaaa6
2277,47a4ff8e738b2204,1a665d6ec7689755
2280,068632e2fd11ce17,8aa6c7091bc90625
2280,e523759c6648247c,a74500fac5759450
2281,0c45a429f6c9a9da,7f5eb8937778424d
2282,b30fee9c034003e6,b5c6ec28a48831ba
2284,f0a6f9432e36cbed,d090a8afd5861ea6
2287,1fca7188f3fed039,efb72a5e6645b1fd
2287,4e3e402884152d10,87e1e141bc2f3f67
2289,ca64fb76cda89c87,c76a7f24ffa59966
2290,6454b9bd2911d1e5,611f57c20ac1dff6
2291,012d7cfa22f69b05,ee5366ec56448ee5
2291,4967d5430fa9c1bf,bbd72a0f3703d9b2
2292,6f948d7e858d1c36,cb61f70b35b4e980
2292,9b110cc19ee1fbee,f714401e43df0e4f
2293,76a3ca9932a5155e,c10e560c5215f04c
2294,1d368939e1ab1fd0,c76a7f24ffa59966
2294,92b40e4a2562c538,dbd16297efcb2ac5
2295,eceb6d720b742f0d,25774c4d4c27ca2b
2298,13c436eb593bceda,a805994dd837932d
2299,47dcd1a4441fb5d5,a5614690ebeaaaa6
2300,26d539687fbaf1a6,5b7030456c066130
2302,ef3219ebacb3682d,7bc103d1fc02a028
2302,2ca07a5837f57cfc,76aac666fe436528
2303,eab24b3751eb2390,da2748e732ebc52d
2304,80e4e43248808c85,646c93e4960a3360
2309,fc638cc93e9b90b5,71269c2bd84e90bc
2312,e6ff85a49cc74d02,b8b4987662455476
2313,7ac04cb851f24c1f,416a89a321e35e0f
2314,fab30b663dbd6d2d,96d84b6d8f46a504
2317,15eaac65031ffdbd,111da6a5ec595128
2317,01dee36e3e0c398a,3755a666a29ec4ea
2318,9f82f57e6e992d7d,fe3a65946f70f314
2321,4936478f4cf75328,181fc0abb1697f32
2323,5660c39cb38fb74a,dd9014df5d1b1452
2324,eb1c479ded40e7ed,1fb38a3d426c4ff9
2325,6feecba4ba3ef4ec,c2947ebde93ba540
2325,7e43d2d9db405c31,e87ee3589d5986a4
2326,4899a6fe54f9b14a,f737cdceb054d1ae
2326,bc6fc3e37430e9ea,c3206a17460057db
2328,3bf008e55be6c95d,2015fd2d826327cd
2331,7e08b1f7992e3bd2,b1f36b60c414ef75
2334,72fd9514071ec109,75c1b5760af0d230
2335,c7afc0bc4dd5a803,60188db28d8066c9
2335,430cd671ed1eec97,0f91fd93e1e9d57e
2339,0ab5a63736c15d80,75c1b5760af0d230
2339,ed224622c26753d6,6abafa0bd7f152b9
2339,cd6b83e40cda0ac1,4f18cd9e2d1e6132
2340,b44694828e22ad79,5f7a250c081a2449
2343,3afdf1f7375a3a3e,98869c02e91fdea4
2344,1526d3b69f3868d9,5a6e1d3ad98ab6f9
2346,f0b788f43b6a17a8,9900a0f337469f55
2347,d6f47e8e3d1050d7,028bb3e5c9814892
2347,7c506f385191a0eb,68002c286028715a
2351,34b3a721cf76bdf2,5b954f79a780e4dc
2352,96248142e5a15e31,b1852e616c74461d
2352,428f97b1e4d7ebfc,d237941bc3434b5c
2353,cbea4e0636c7e312,86ac94b43d50e277
2353,ffc54a9594793639,668d2dce8cd53220
2358,2422e5505b252285,e216aaedc4d8d047
2358,d35ce21f28f29015,a3e33ad97db137a3
2360,da05a1f7a2d31326,4867b836284c2cc7
2364,df2194c778f94f9f,3d288ae76183042c
2370,7e5e44d05099530b,eb4a957351115637
2371,855079c78f5e1908,7f5eb8937778424d
2372,dd6542e44e0b6fa2,b3a637bd382261c2
2373,9628e730d2d22bd2,4e96d96c2e3f7a3b
2374,329ddc21014288d9,0c8d1bc53fd2e1ec
2374,48a48e78b5f89bcf,4654a13ff5f59f7a
2375,68329feb66d25aa1,028bb3e5c9814892
2379,91d274ab15f4401d,0e38ddf5af087c41
2379,0c2d984c413469b2,7bc103d1fc02a028
2381,ee0876a441c49f05,c6248481e07895d6
2385,4c1d38636b525a2d,0a2fe39f721bd1be
2385,59f5ac53af4fd148,5ba6a195ce00d2bb
2386,a8c2c76714e40bf5,3158b9412bc9cdb9
2389,59703d0b851b7555,09614f05c6cfa13e
2390,54e1f01b262d3614,f2c29310cc55e334
2391,c1c41463436e5ecb,
2392,bfd12ed6e2883122,e5f219f37e59da3b
2393,0fd0d3e2e777c599,3e2f4500c3bc0361
2395,73ea491bef486804,aed598a0dc1b97a5
2395,699f299c4ce08e5b,712c33fe0ec0a46a
2396,781aa5076d0c9820,ca561fea5d702bc3
2396,93786aa3bc374c5d,4f28cdf2220b4559
2400,f8b99a0a507ec107,2ae1bb45655f9305
2401,3b82353f6f4318ac,b1852e616c74461d
2401,5e2e748bfe199d61,2558899e48f6d507
2403,b47ac891f5b3b013,760012e96c16e099
2404,b3dbf8746d05ac06,c77b8292f56c4cc9
2405,ed2c3fd39100ab17,59844709611d0f60
2406,e241f4e433d04b51,028bb3e5c9814892
2406,a3fbf904cd08aafd,35b08ce20615e1db
2409,643bfe7206c0b3da,2c68d1202520d9f1
2410,0274c92d877a0b57,2a67f240fce24027
2411,9f698a8ed3debc4b,25774c4d4c27ca2b
2412,ce07a25846a40292,0ca6f63896fdaece
2412,5d5b256fb6462bea,b1867c363c517517
2413,d21f3aa5acdfea48,60b7d4ea405d0fdb
2414,8c6ca5cec8b85fe6,4cc2c8de7403151e
2415,92787135ad7965e0,1a665d6ec7689755
2416,3aae398ca24e09f8,1ebe49b47baaf5a8
2417,7b9324e526befcca,58056c933ea3db0c
2419,c4fd7a329ed90971,264da3687cbfcfc2
2424,8b0590385b35f37d,242ddaa0ce751117
2425,c6ab3c9bccaf5ce8,490c3d36353af81a
2427,23f4a80ca2178f76,fce0f90016c68b7d
2430,b3ac4ba7cdefdc04,9ff804d8e4254c59
2435,470cc18e99a3b001,d9ccf90ea9113dcf
2435,eea653b8edb703ad,377ea7d12f13ce41
2436,9a2af3ff3fdd1f6f,cbf663496a6a3f7b
2438,f5328c4cff5acaf4,d56e3abe11cb7000
2438,87a1a1b4849edee5,f883641958fde26b
2438,82459e75006dbc5b,71269c2bd84e90bc
2438,83cd97574c67f303,cbcb534693b7de72
2439,17a3d722cd04842e,b1f36b60c414ef75
2440,d45e401194d19166,64ca3d399ae5fb17
2442,2725e44f95a8d6ce,cce194e9d8a19f58
2443,3fcda7790ecd2e01,a427559a5f24ce05
2444,c2bfb19b47945766,2f2ac60b2feb046e
2444,3416fe3cee195472,5106733674e92659
2445,0f12c99ea014931b,236acc8ad6a0b6e1
2448,ba8bd8b6d1c2edfc,6e5d517e1203764b
2448,995bf63169a9aa22,429df22f45b34dc1
2448,2d0541131755378a,d56e3abe11cb7000
2449,0317a421b5c21cc7,0a2fe39f721bd1be
2450,24224995be0150e0,712c33fe0ec0a46a
2451,4b0a65e8d4528d18,1005dd96a3b2fde1
2451,c48de1ecf39e1526,21e37b7980bcbcb4
2451,e4bc99bf39bac980,ed306347e351d373
2451,c18912085ab4c643,0ca6f63896fdaece
2452,341cf8bf80fc4c53,a786491012810b8c
2452,2caa7534e7ac9b59,3af008ca297bc2bd
2454,b3e84eb584e95302,c4d5263afda93de1
2454,eed9c6a4f40ec789,a2c251f27feb9e83
2455,505149006268593b,31e651489dc1cbe7
2456,1cede0daaf6407e3,a12143aa34077166
2459,59ad669c3710bd24,236acc8ad6a0b6e1
2459,f95e4e715d73f9fc,3a4226c651bb0606
2460,6b6a8fc41e0319e6,0cef387931b1b3da
2462,7de3b6f697d0bb4d,bb4382e03a175e2c
2463,9c9ee5b91ec36abe,0a816335323b90da
2463,7b58b508f0d39a65,b146eb164afa1883
2466,c3422ea321aa6968,59e0d924ab1a4247
2470,faca0694c553e3f8,73c068bba76904b3
2471,84e077295c5e732b,d7b899f7e3c6e785
2471,3288def4be18aaf2,d43eb6a0b880f80a
2472,bb0162d927164bd9,f72395512fd75140
2473,96722505d397af02,0dd287792c0d6725
2474,441480e4ed835fd2,0cef387931b1b3da
2474,956ddf5c27b3c350,12e733882d07f49f
2475,377380d9388c4fe1,13931a3c19dbeb98
2476,1cfde5c73fe2eab5,cd4533a99b331531
2477,ed0bac73620c4276,013fad42eba93a5b
2477,62ee611c5b647a96,c37bea5563a20120
2478,cdf8fa43986b6b3f,f1179fc9496d4af7
2478,c6782192af9f7725,cf43ec87bd3b1581
2479,5a8db65a3bf93ee3,92d5968eb3232ed5
2479,9716722ea0a26578,d2f3afc779850b6a
2483,52f539fe760c51f8,bccb85110bd29331
2483,cd93bd8fc2e601ef,4cf25b6848d92dce
2485,fcb32cdf2f5d82cf,6336de5003fc3cda
2486,8cca592c95addebf,b1f36b60c414ef75
2486,6c6ff533a4f34893,8df77c6cb6dc2ef3
2487,c03b9493004d80ff,c7f4db9cd480f307
2489,9eec383f14ec5229,c37bea5563a20120
2490,5cb1197fce3979ee,fcc87083941eae98
2491,54362493cbf877dd,b6dfcd337d884830
2491,8a746300fde43108,cb3b8f336a8795ef
2492,c15aa07cfcd1fe6e,71269c2bd84e90bc
2493,b2ab872fdbde8ece,7fbfddb269d294d5
2494,9342c078738ad026,a427559a5f24ce05
2495,8ae69d4bb7269fe6,8f65e3ac75cf67fc
2496,004250012c7fe052,0f91fd93e1e9d57e
2497,bd00f844162c7b16,c05c6f5664dc9077
2498,2a2215896d40de41,3bf68e56cf492b13
2499,63e1cda37a89d1e8,faf0e606051cc683
2500,fccf51ffecee3fb3,690ed2665bc5b677
2500,276455a562295164,6bacaf5cd1fd3273
2501,0751cd7937969ff8,9f61c8ef11824d26
2501,3336ea3e754c944b,14a44fd093834655
2502,4cac1ee8cc1cd6a8,9c8f87006e00f034
2502,12f6845091970e1c,680e4a86c65a36ed
2505,fb48e5ed536d7fb3,242ddaa0ce751117
2506,af45e92020d9cf5b,b922da11f029c905
2507,73b12b3f70fd2309,c21450672ed3b256
2509,636df97d2d1cd3da,6314c73f36064ce4
2512,bfa5fbb524cee24c,2015fd2d826327cd
2515,5c050bafc724f535,9c57285e342cbc5b
2517,fb0b5ea74be8c3b1,e3a6e010a409a577
2517,63b4475972345c18,04fc7a35cfecaef7
2517,ab0377ba37111565,443d5441eed403d5
2520,1c18da3ab3b9aeb2,a18e18145e6589af
2520,f825757113e27c8b,26e9deb83e4fe9ea
2521,042cddf9345bf6e2,ca561fea5d702bc3
2523,e319514584e7b104,0f91fd93e1e9d57e
2523,fcecd2a7f0ff9ae5,10477a1a69958319
2523,2d253c237f136096,1c206815792fb313
2524,b145e4f3f98028a6,bccb85110bd29331
2525,33317e5bf7ea4b78,ee4a08fdd8c30e1b
2526,104dd2d6010893ad,429df22f45b34dc1
2527,fd7b979123606d43,34ae10cf09d90a15
2531,810ff3322e6a3aba,e509841cb0d692f3
2531,4573a12345aad1d3,f3dd51c1f57b841a
2534,8f39925f63a82928,c622c36fe74fb381
2535,3a7b262ad6a78b06,4cc2c8de7403151e
2537,cfbbfe1c9a08104d,2b2581b3c13e1a13
2537,fc379c3901b01f24,2c13a1749bdf41b7
2537,a5a2d6cb2700dbae,c5c51790316fb7be
2538,a0b106d2746cd606,63f6ac1c793cc698
2540,543a5beff9fd8617,101b5c28165f7b10
2544,a6afdf2d0d0df772,5433f73bcd65455e
2545,de230a08efac0828,be38dd9cea0ee618
2545,053e96227394f8e3,2a67f240fce24027
2547,308724dedafebfdb,f9c0c821db6afbd2
2548,30dd49dbc123fe6a,f23f34c2b8cf459e
2552,e6d9df6e18395460,94f112b9a3a11895
2552,b7fe8d9e2cfed4bd,5c65a4aee2c31dc8
2553,7aeceb95afe0d681,e35fa0fbcfab6c13
2553,4af5e7e00288191e,958ab47121a0dd5e
2554,8abbfcb6d518af68,c5148f7e6c6ccf1c
2554,e51be20d073754a9,4613fdd9631bcbaa
2556,dd6f1a7354d34be7,315bcfafe04657cd
2557,f994f787db81a031,2fde83680b7f8d79
2557,3c1c2bb14583da19,b0b126b9a8f0c289
2558,a6ea14d964c30f8f,4613fdd9631bcbaa
2558,c7dfedf8bbe5646e,efdec928cf3c7f77
2561,16e230d629889d22,ca561fea5d702bc3
2562,cf0535259f9889d3,9c8f87006e00f034
2567,05e92bb422cb93cb,ca3bdef4b80ca4b7
2567,a77b3c8bd67b6397,d2f3afc779850b6a
2571,63cdd857a781d92f,c37bea5563a20120
2571,c288cc94f11f9824,270e503e8fa86014
2572,63724b82db7cb268,a4012ef813f5c128
2576,781e23aedeefd42d,2af86aefa42d56f9
2580,ae2c77947bd03b37,68a52c7565981cf8
2581,dd51ac55d73423f9,fc483a7bb3ae556a
2583,47d02ad0d37cf611,baf20f737d298b14
2585,41b44cb70bedc6ff,690ed2665bc5b677
2586,ac8b13ee166265f1,0a2fe39f721bd1be
2588,ac252127bf2aa3ea,63f6ac1c793cc698
2589,ff87da17859b5078,8f93d197aa6d6bce
2590,185d19429114e427,e776afc022c28da8
2590,f7021801175541b7,7d5c9e3cac8e697f
2594,ba994515c2ef328a,75c1b5760af0d230
2594,33ae085d3f1a5fdc,f16b42073a04311b
2596,d0d1a4b9c7296b78,91b2f2936128cdf4
2597,334f4d01e39f98f7,8409da185a1666fa
2597,4793515026dab661,a10a759d908c8190
2598,93e0147e282c2540,a354588dcb1cf36a
2599,7070917651c7271b,3561878c5a513d36
2600,4f0224085cc6c821,3470371a867e2d7f
2602,67057e49791934ee,28a31e29da6ef47a
2603,3ef9a51d03d53b76,b3a637bd382261c2
2604,74d3874eb3b7bc0b,31c5b96a0d27009f
2605,c08393e33f43c4b5,1bf090740fd04f6e
2607,fc2674a69b137bb3,713d9e86427d9721
2609,d2249271ec4d9d33,b15dee3c2e27d5a7
2609,7ecdd4f9d36c51e9,24c485a60e337b76
2610,60134b3e37e10389,2b2581b3c13e1a13
2615,e89aa749f9709642,69fb057c4c99e888
2616,673f0b990a6546ed,297308111b6453fe
2617,6ed9046545987caa,738966e3f996312d
2618,4c636a5f309ab3f9,bc748f7479a2b032
2620,379613521fc9a6b5,688786605772307c
2621,8406790e90f42234,04fc7a35cfecaef7
2621,ceb46177eb87f344,b36ef90b894973fd
2623,e92368684c944a0e,9f21684de4ba3459
2629,908f77e029f3a16d,a74500fac5759450
2629,a3c746e931550774,0a2fe39f721bd1be
2630,34fb1e653f721d54,50738e3edef7226f
2631,918d1d67ddf9e176,71c8eff1d6879136
2631,5e67834e1bca49b2,1021f7d55a22fdb3
2632,7a3e87f7e3858a86,72015613cb337252
2633,24406d62d853e82b,40f32f218c203bc6
2634,9f9912019cb1706a,412a22e7f4d129b5
2634,ae79ecd9ef5baaf8,b36ef90b894973fd
2636,c49dd4fa892248b1,cb3b8f336a8795ef
2637,7c70551471e76812,564c634b48702578
2639,1190c85823b1f194,c5148f7e6c6ccf1c
2639,b9d2982998d472a1,b146eb164afa1883
2640,af49bb40a95d601c,858617c490155d7a
2642,ba752380f83ded8f,cb3b8f336a8795ef
2642,b7e449182dfae8ed,09f11a33e7224276
2643,cf67041215da5b23,a10a759d908c8190
2643,4fdf06431399729e,23d17fd600980376
2645,306245ab96a0523a,2015fd2d826327cd
2646,303efc6b148e5985,fc95cf430e9d68a0
2647,4603ad62d183a7e5,3db69052b45c8a21
2647,267a15974ae9d9f0,0a816335323b90da
2647,91a1667d561f63b3,6acc6459cea7830a
2648,280523c5388736e3,cdec19fd01359fff
2648,b0449d8ebb02cb34,ed306347e351d373
2649,d1068179ceb01418,11756b82c458c355
2651,a22d231e5303aeef,cd228501f158ee23
2651,c5c584ed2c644392,6a07e0a4d9b8eb9c
2653,81e00265d868612a,c608d88a291ff907
2654,3d0e2f8fd4ec51e5,04fc7a35cfecaef7
2655,5d7773d3a5e22b8b,114c091fea051525
2658,5136f91a9f05d205,d0d3d9b7e30d30d5
2658,3e5e8bdaa513e322,98869c02e91fdea4
2660,9c4f03f14c4d238a,1050f0c87ff748e3
2660,2106353371d87843,e5e037a73f0f63b2
2661,a5ab90b1f8b87009,5d086835ac6cd063
2662,8cb9a3a2ea527ce1,2a67f240fce24027
2663,3fe16316ed9cffe1,d2f3afc779850b6a
2664,537d59b62a628621,21b38b7bc3186671
2665,60073ddb7a90df9c,2b2581b3c13e1a13
2666,94f19bbd61f192af,136febed384b794b
2667,baf46ab5cf6e65f9,4867b836284c2cc7
2670,e4ad6566736e0dff,9c57285e342cbc5b
2672,5c2f5c216b76abec,f3db4a78ffa3e786
2675,f2391ebbcdc6fa5d,0a816335323b90da
2676,d204dacafde201ec,b3a637bd382261c2
2677,57a56a8bc1c5fccc,2af86aefa42d56f9
2680,6547008a1898c8b4,5a6e1d3ad98ab6f9
2681,bbe0c3ceffa3c7e7,8ef3a4059f639744
2684,27c45a308afc95f0,fc95cf430e9d68a0
2684,eb7b9305ad779c39,c0919f9d982c7578
2685,9d51eb9e2050c9a2,0cc77a5ec9828fe8
2685,5c66decb50bca1f9,e509841cb0d692f3
2686,d04c87c9597aafbf,e35fa0fbcfab6c13
2687,48fc082aae72b873,315bcfafe04657cd
2688,b648ef23bae038a8,a3064143a581d4a2
2689,00cb6b4c1b2de0c8,19c0ec560fd58a25
2690,ac65370a27ba9848,cb3b8f336a8795ef
2692,0b8fd2d197c845de,4dd1ffd8e347a67b
2696,11805ad727d212cf,92d5968eb3232ed5
2696,eecb861bb51e2ec6,136febed384b794b
2696,a7605a8253dabc7b,1fb38a3d426c4ff9
2697,9a787bfa3df38c4f,2015fd2d826327cd
2697,e21af888b656e2ae,5898876e45cbf5c9
2699,6a7356fc31d1a17e,3f1cf267acb47fd6
2700,703d8d67a86d8dc6,204a29f5bbd1d729
2702,a75e83e8a2039b77,d5070bc5de273657
2702,0bab833bb9a34714,0d0a5cf1afc73181
2703,ca7f335953a00622,3af008ca297bc2bd
2707,5d00f2c96461cd63,ad22fee09af56147
2712,c9243ed35c3e8b9b,e3a6e010a409a577
2712,70f9c4ba1c0b063a,42004620ab201054
2713,09d9cffb8ef8ff2a,b15dee3c2e27d5a7
2714,b00695cc7e86b2c8,ee5366ec56448ee5
2718,9eefe8d4524ea288,f351e4d6979c47f1
2719,91eea1566372b477,c05c6f5664dc9077
2720,4dd9bea5a9e7b098,19c0ec560fd58a25
2721,c405bbd434da991b,0a2fe39f721bd1be
2723,0093a437d1bd33cd,aed598a0dc1b97a5
2725,ba0a93e365f6eb4a,132ddc7f3cbf50c2
2726,9ecccd444ddf6e33,9d3e26df3ab2743b
2732,fc2e79240d0a5acf,58056c933ea3db0c
2732,f90dfb25b91ca964,bc748f7479a2b032
2734,ea5d5b3f70e4a3b8,6f43393fd918db48
2735,0c12dfdc07d01d68,fee047f061a8655e
2736,42a39551fecff8f6,9f61c8ef11824d26
2737,fa427ee097de0a21,e5e037a73f0f63b2
2738,8ef32d95e5b70161,f737cdceb054d1ae
2739,17ccae15357884ba,ede892db28351465
2739,0d9ce87638caa876,178c8b1d0002cd59
2741,6f225f2d602431da,ebe7f4422ac894fe
2744,79b962c2b41ff96d,f0f8f63ce2a56f85
2745,fd0c4013d5de441b,cdf60c8735b81656
2745,ec88a34923e68734,db817d979d28e72d
2747,7f4f9a2e355b8c38,1050f0c87ff748e3
2747,2bfa40e3e7fd5a51,2c29d122091345ae
2747,8c9002710367ae69,e4d541cf9d62a1e1
2748,884e443fbed898bd,5800a99cab152584
2750,1d7cc02c13b1c5d4,71c756083cad202c
2750,fad6cc0a83dbac5e,4e57e18ade89dd20
2752,0cfb94cc9a5d6144,dac2a1806828b8e8
2754,fc820d68f7d64b45,6f43393fd918db48
2756,d7862ab486efa793,01324633c844c2ff
2757,bb234222199c85d6,0746cdb7592e6518
2758,32fdf1972b69cad4,47ef0d047bf95fdd
2759,895680949b87b327,d43a98703c90f3b8
2761,e210299b99cfb02a,3e2f4500c3bc0361
2762,b06ba33e449bc708,f714401e43df0e4f
2762,d0f1b586af1d021e,84fad8ad1cfd3a67
2762,dabd876aa847b7d2,f98bbe8aba5a3723
2765,163a76e8af3ce396,4f28cdf2220b4559
2768,21d872c6876bbbe5,f1aaf29f59808d31
2770,f2932584d2f73e0d,c3ea4200cfa9f9fc
2771,87ad4b41344ce988,73e79e04a5f29602
2772,568dbc067c30cbd2,4fa9df2a2163c4cf
2774,52096737c3f9060c,c2947ebde93ba540
2776,9259e2c980dcb402,0a2fe39f721bd1be
2778,01e337791f08aaf2,db817d979d28e72d
2780,ffa2027719d70db7,d96a538292d2123d
2781,82790f1267ee9df0,5b7030456c066130
2781,4f28f36d68e19422,2194c718ecae6aac
2783,5e9f500713e27723,bb4382e03a175e2c
2784,8d497a5cab33aedc,07b73a836bb1292f
2788,097c494b11f3f730,c76a7f24ffa59966
2791,0b3fc15789fd2865,07b73a836bb1292f
2792,d78f092e69b60d74,c05c6f5664dc9077
2794,312acc6b2706a8de,f72395512fd75140
2797,6fb2716d4403c98c,59e0d924ab1a4247
2799,60a44b3a207a4157,dbd16297efcb2ac5
2802,d0ba4ed3e4795bdc,181fc0abb1697f32
2805,475e959ad881b993,a786491012810b8c
2805,d700e2fe00472d81,c9f37a27d4b5e8c6
2808,29ff2603cbed5bb7,ee5366ec56448ee5
2808,61c1db5c008fcc69,5b7030456c066130
2810,8a03f3f1a6133175,480ffbfabcba8c8a
2811,b5bb6c15641e1d14,d9a1c3971edf9656
2811,711d4ce89139f8c9,9c8f87006e00f034
2815,af0a54d24696fecd,8f6fccbf93f3d3b6
2815,d77bcdc1acc835a4,e65bfa9025c67dc1
2818,39a3807b0344066f,acffb8b8ee8b4ea8
2818,dfe9163cc99d158d,3595e0089530cf0c
2819,09166f803c3c0e7d,028bb3e5c9814892
2824,3e1b1193b0305d45,d090a8afd5861ea6
2825,5e3deae121782fd8,4cc2c8de7403151e
2825,9c3bae19c9f241df,fa490f268e88edb5
2825,3b59115728cba565,4867b836284c2cc7
2826,80178e7097efc15b,83fbfc6207d6c88d
2828,3f151039bdbf6744,7232380b19591fd4
2830,c0d57eb7d81c08df,7f9674328cda7c23
2830,3cd69cfc64edea80,f139f14375e35889
2831,1d5b77884d0af62b,982bc5c205af3a92
2832,567b8ba0529eccc6,6314c73f36064ce4
2833,49eacc644fccecaf,4f18cd9e2d1e6132
2835,25c467cb3aaf11c4,443d5441eed403d5
2837,22a6bb2e418f977a,e438c678cd96ff43
2839,eff1c9878f2f6697,6336de5003fc3cda
2839,4af8be364f78002e,858617c490155d7a
2840,e01f112acabb6400,c69bdcbc2289fed3
2841,5596770202392d95,204a29f5bbd1d729
2841,7433eb4eab94c50f,0d0a5cf1afc73181
2843,55074ff0f56b0750,4df3472146920b28
2845,caf3f801685a9244,5cd2b5962a2f9633
2846,9486da0df5d807c2,5a6e1d3ad98ab6f9
2850,0404e7c16f834e94,9755556728e7cbee
2851,83857631adda5ace,8100631d9fc46234
2851,610429838233cb87,0418328bd1c0c268
2854,377b8d126fcda804,0252f3dd216136d3
2855,33344a51f722ed95,31c5b96a0d27009f
2857,137323bcaafd6700,3732c853d8f8a217
2857,e5cbba375f27c233,4506202f4ed39338
2858,5fa74e537bfec28a,3100fcc94e4225db
2861,0852d19f749dcfac,e9ecb62f6818ffd2
2862,aae046e6a340d2e5,0be2188636101cef
2863,5ecb1a308fd0a0b7,8f93d197aa6d6bce
2863,52f5c4d1c35bc76b,2c13a1749bdf41b7
2866,8f1718b301ad9df6,011260a2a4eab51b
2869,72d756e084da5393,171d1b0b7aec3cce
2870,807d61940a5a4ec1,c05c6f5664dc9077
2873,9f6083f579b5f4cc,a125d80dd7a74615
2873,9377377ff8f6e868,136febed384b794b
2874,ff24b50586f73e31,c3e4506e056a3f79
2875,3474ac310102733c,83820dbeb6716628
2876,18c2c140aa7bdda5,65dd1f07bb10806a
2880,e25cc639ed7b0cf1,404337830872f59a
2880,5b279f87fda5c920,2072149c5600eabc
2880,e8adc565306df672,760012e96c16e099
2880,626fa38bcc2b2394,a805994dd837932d
2883,e8eee4a9c8c97cb6,55fec781aaeb7dd7
2883,5e75fac308946878,cdfb229abcfac661
2884,ae487abca2251ed7,a8dabc23a9b295bf
2885,589dd3b6ca761718,59185bfa10d210fe
2886,9778192b8f8d5296,2e8038e169941f54
2887,c77ac88a6add63bd,57583500d2b0d7de
2890,424bae6737d9de24,5d086835ac6cd063
2893,502fdd031f5d6dc7,0746cdb7592e6518
2896,9c8baa339f61ac50,f80d9f4c546a39bc
2898,d2485811238e3364,4df3472146920b28
2900,bb3191748d89b2de,939f4e383d7f2538
2905,96e9918a5d250bb1,c622c36fe74fb381
2906,f4b8f59758ffeb37,181fc0abb1697f32
2907,d67cad152305a949,028bb3e5c9814892
2910,dd3f1950757ccb0d,1d0ca5a94e591ec1
2912,964817c17dbd15ce,013fad42eba93a5b
2912,b21c45b68d0f82a4,c9f37a27d4b5e8c6
2913,ba8c290648df72c3,1d54d3eddd27db97
2913,c1751d1245125791,b15dee3c2e27d5a7
2913,ab9b3bf247901d22,f1aaf29f59808d31
2914,2df970d0b982a4e4,b1f36b60c414ef75
2917,32216dcf18a1f5f8,cfaee1222daf9f8a
2917,9f5866dbd1a401e4,204a29f5bbd1d729
2918,6b23d0182f56517e,bb0a7213ea4d5e0e
2920,5eeb4c68feb46fcb,ac3a2ec04e381469
2920,b5e63f23ec82d283,028bb3e5c9814892
2924,0d47f5243464a048,73e79e04a5f29602
2924,859634dbe6da925d,315bcfafe04657cd
2924,3179cd8835a94b2e,d6d37b24b08466b0
2926,8a20aa6b14c98f42,dc74e029086fc37a
2926,5ec4804ef31b7365,5ab167c1139e0c99
2926,c65a3215ec28c807,e7f07f202c09e815
2927,0caf003067378beb,65d592beb7e55d63
2928,a1942c24f423a9c6,04fc7a35cfecaef7
2928,a80596371fda4c1d,6314c73f36064ce4
2929,faa2fd87a8e92f99,dbd16297efcb2ac5
2931,1a0b38f2e1304dd1,c76a7f24ffa59966
2932,7be0c5e40ab41c07,236acc8ad6a0b6e1
2933,c8a4f505a4bc2b6d,7fb58c1db18a3805
2934,3a150e299d65b631,4f28cdf2220b4559
2935,39214d279a370e52,204a29f5bbd1d729
2936,a2c5837eb486adda,ccd9219101c5f0d6
2941,84fbff868c335189,27eab3b3a75f4df0
2943,cf230dfd9d6e2878,0be2188636101cef
2945,6df3b49b4fd1b9cd,3d288ae76183042c
2945,0f81f79375a79a76,ba272a7d7c194d10
2948,1843c58075c54d48,204a29f5bbd1d729
2949,0bf8aa66dddff8e6,76644f028e36578c
2952,8012f35a5eda567c,3e2f4500c3bc0361
2956,2ac9d142ef049b96,30f96053b7a0fa7a
2957,e17e51698b49b6bd,b1852e616c74461d
2957,83e63797aa50794b,6d6562cdeb1ae58d
2959,293c6cf3e7a0aec0,d7ee52d8ff83e080
2961,2ab45237b02cf920,e9319cee702eb65b
2965,d79890c126133b16,712c33fe0ec0a46a
2966,619e2995d53cee71,7fb58c1db18a3805
2969,d94c1c3ee4602cae,4cc2c8de7403151e
2970,50ec53255b824283,bbf32dcf96ccaa66
2971,0efb3962d2f698b2,aed598a0dc1b97a5
2971,8210c13143793191,fd964e3f524f9673
2972,5d68a19908216412,4f18cd9e2d1e6132
2973,333be406dc2ccf5a,96d84b6d8f46a504
2973,2fd7c71e0e558cb6,7a769bbcddc018d8
2974,95d2276a9b5be3fd,1fb38a3d426c4ff9
2974,1a3bf33958cd1e12,1fc8146a6c83761c
2976,0a18a807ba8ae3cb,5a8b7bd01328649b
2978,cc02acbe33934261,8f93d197aa6d6bce
2980,dd183ffab0ea5b93,34ae10cf09d90a15
2981,5a24212ce15c3bdd,81b96042f105d395
2982,f138e93d3b076552,bccb85110bd29331
2983,ca5a5b85afd6c151,b1867c363c517517
2985,0f065b3f44f6c02e,92d5968eb3232ed5
2987,d6b6ff6b0f4548ec,6314c73f36064ce4
2989,b76c339ee0c49c87,443d5441eed403d5
2995,481d533d4df4956a,d56e3abe11cb7000
2997,86b01113360c852e,7bc103d1fc02a028
2997,cf0e1b4129a588bb,a400d009f656350c
3050,cc0a93a16f7ec052,2fdf492d226d0cf8
3052,52f02e226e19384f,5c36e9e709d509b2
3055,4e0abe2c4adbb1d2,204a29f5bbd1d729
3060,51f7983f5554caf4,9c57285e342cbc5b
3062,53332ae56554ae21,f2a246ebdb11cb49
3063,917e6aa81f72e969,4c5153a09335ad8a
3063,1dcb5caf66f717b5,2c7d0ade2b18e204
3066,184d08c6033828f9,73c068bba76904b3
3066,caa1b4eb08ee47c6,c77b8292f56c4cc9
3067,6784fbb61497711c,c44396c9579270a0
3067,b2140afaf4ac9d7c,0a816335323b90da
3068,fdfc531a6d5e785b,5a6e1d3ad98ab6f9
3068,33291a83f8ace80b,83fbfc6207d6c88d
3071,720b7a8a52f04f67,63f6ac1c793cc698
3072,40060229ea648d0e,f9d9e69e2fdd6369
3074,f9bce9e7e94ec643,8df77c6cb6dc2ef3
3075,386c1b4e210c886f,028bb3e5c9814892
3076,5e3c881bcba02f54,212f1426d7334a2d
3077,b1db3c28f372e107,1085f534425ed503
3078,26c5efb162cc8081,59185bfa10d210fe
3078,0e4aa6ad57da3517,e776afc022c28da8
3080,be1470fd505062e0,1447f6e08e297e9a
3083,2bb4e4e1962aa734,3158b9412bc9cdb9
3083,1400d4441681714a,a427559a5f24ce05
3083,85550524c8c67723,315bcfafe04657cd
3083,c08e80ff1f1595bc,a354588dcb1cf36a
3085,e7d1c31c922a7301,b659ecb5d531c2fb
3088,6dd134a1e9631c87,dc152400a3a20df6
3089,8b619cbe8b55f46a,c950bc44c1029dbe
3092,e2c78aeabbccb234,d2f3afc779850b6a
3096,81200ce66b780f1d,f737cdceb054d1ae
3097,9848be99256d3796,2b2581b3c13e1a13
3098,06aaa3df298e8a5d,2e8038e169941f54
3103,74688a1aa207267d,d56e3abe11cb7000
3104,64c0e3f33c5521c2,ee56750777eb3006
3107,31a862490f39e7a6,a354588dcb1cf36a
3113,b3138dbc8ab849f2,be38dd9cea0ee618
3115,ee4ceaf02c330a8e,792592f5459019c5
3118,6de3f6326c286db2,d8203200dd4dfe7c
3121,cb8b1dc12ce56291,a125d80dd7a74615
3123,70df908e3a8d8972,9a9b999637581712
3124,304e9ab36c7b2522,1cbdf582de1e2fa0
3125,1779b9456fadbfc2,1050f0c87ff748e3
3125,1dcad35d298dfea7,3177482124db71b9
3125,64ce26e53ffde8ca,98df8f517c5a0072
3127,a1aa5b6e75c12d62,4867b836284c2cc7
3128,609e29be93108d56,4867b836284c2cc7
3131,8676e1d8f301094f,55fec781aaeb7dd7
3131,7a9beb2bedd88b02,c9f37a27d4b5e8c6
3131,2e34275738bc0222,a974a80fda63b209
3132,fcd349c5288ab994,fbd0a50c1a85fc50
3133,c9783f606ebfef5a,cfa4a4eac18cc3b7
3134,aecd296df4bf0b04,1d54d3eddd27db97
3136,dc41d39ed50fd230,80e3d3f8651825fd
3137,a4a7b87c3078a4f9,6acc6459cea7830a
3137,9510c31e9b14d28a,2af86aefa42d56f9
3141,081489e46068e8e8,98df8f517c5a0072
3144,b92dc7f2cfea7344,e0fd6cb7bfe5aa17
3145,29474404fef3dcac,4be8f51226fecc12
3145,44fae4ad036c8b5b,cdf60c8735b81656
3150,cd8bca4cf9d4583d,05966a2e05d317d5
3155,2c1c942e84e2877c,082632bcb57d1fb1
3157,541da5a24be20c99,1cbdf582de1e2fa0
3159,6e0b85aa38748b3c,e9ecb62f6818ffd2
3161,29d2bf273f1d9be7,5a355bd3d90430a5
3164,18ec6b7b85a2db7c,9d3e26df3ab2743b
3164,024ab6a3a056efe5,cfa4a4eac18cc3b7
3165,cc743762a3d336cc,a943142b6476b342
3166,b3715b092ec7bd22,c44396c9579270a0
3167,8d5a1a3cb467b226,7bc103d1fc02a028
3167,7740d35b09376fb6,2ddbd22c48105af4
3171,f2d216df32688b71,e9ecb62f6818ffd2
3171,6fa117bad9467e79,3470371a867e2d7f
3171,dbaf56ba8e3447bb,b3a637bd382261c2
3171,9c7fbf6f76924a41,cacb37c42841ea74
3173,c4a1628c3a095ac6,e87ee3589d5986a4
3174,9cbdfbd15051dafc,e9ecb62f6818ffd2
3175,12784fd98fdfef12,2e63a4786fb9fc54
3176,93dd158b838cfb9c,42dff77f49edd041
3176,2f71dcd011697c59,b6dfcd337d884830
3179,851db73d7b3cbe7e,a12143aa34077166
3180,971b140eabc46b08,c05c6f5664dc9077
3184,fd354923ab6a356b,67843b4efaee06b7
3184,c7b0b41893623d4b,7f5eb8937778424d
3186,cc941a3e534125e5,f913764dd19c520c
3187,4eb18961fb27c730,7bc103d1fc02a028
3187,df9101b2dcdb8574,c5c51790316fb7be
3187,fa9f7f3ef72d8a5b,be38dd9cea0ee618
3190,86156e17cfb33350,3755a666a29ec4ea
3191,0f673b434994e279,0edb14001b769711
3192,18d048c28c1dbee6,982db8471b188223
3193,ebafdd0e24209f0d,73c068bba76904b3
3194,8b5e7c74a78d94f8,751f1d65af06e462
3194,4014b7856990a96c,315bcfafe04657cd
3195,0cee78ebb5e9f318,6f43393fd918db48
3198,2160d4e2a9b83a96,0418328bd1c0c268
3206,f847efa7573c29db,4e96d96c2e3f7a3b
3207,28f5baf6e85f92d0,480ffbfabcba8c8a
3209,1dd46cbeeefffebb,646c93e4960a3360
3209,ba6aed41144773e8,1ebe49b47baaf5a8
3209,160b21b6942c8b68,1ebe49b47baaf5a8
3210,2f3626627e79dacc,b36ef90b894973fd
3210,f1473991cff671a4,a89d411168be8e90
3211,67525ea762bf3485,ee4a08fdd8c30e1b
3213,1c8a3f701e992e36,1093ce53fc07cadd
3214,1a4d1fbfe09e86d6,9755556728e7cbee
3214,4dab05d9f335eb50,178c8b1d0002cd59
3217,68a6977b839b1942,7fb58c1db18a3805
3217,1866f89a0e30e793,b3a637bd382261c2
3217,fe5c900f2fae5c67,1d0ca5a94e591ec1
3219,52c654bd6a31bfda,c87031edd1199a9c
3219,f0498f7045cb589f,c21450672ed3b256
3222,a736dff4bed63e27,09614f05c6cfa13e
3227,11ae30da2dd1ae59,1050f0c87ff748e3
3229,b7495dab29adf6e8,480f65c44821ee14
3232,232962125ec1c7dc,f9d9e69e2fdd6369
3234,f62efad7bec42aa0,2b2581b3c13e1a13
3235,352bd67226e0536d,87e12529eb9f5460
3235,c207e4c0134a8793,2d01a79a2caffbc8
3239,9fb5ff2230489b4e,2e4975463574f243
3243,9bd66f64cce6a16c,6232f0efb4e9c62e
3243,ebc992371bb6d5f0,792592f5459019c5
3246,0da635282c3ca3bb,71c756083cad202c
3247,41444c7610486943,0746cdb7592e6518
3247,2cfaaa470979e41c,387aea4971ba4791
3247,5f1f290a2118ce04,c21466cbe4ea2865
3254,9e050504f612ad66,7ac4492d9e7c2a0c
3255,f636d04560b8da12,480ffbfabcba8c8a
3258,e2d46be58a6f3d52,4654a13ff5f59f7a
3259,9e62581f400bb7e9,6fc69623d6154ccd
3259,d3b76202de76becb,cfaee1222daf9f8a
3260,acc4d5e62d157a78,1b21fad233dc4153
3264,934819000b699eff,dac2a1806828b8e8
3264,7a77c8afa00a5279,8c37436b9148b3f3
3265,57025f0028adfde9,6314c73f36064ce4
3266,c930c8a9a0677209,e5dde21e5086e295
3266,cdb516b4ca3b1f21,5cd2b5962a2f9633
3270,9ae78e1703dc05c1,4a43789888d1edb7
3270,8c073ea031d633ae,0be2188636101cef
3275,88bf3cbc65a89923,4dc6b4511daf5e6b
3281,fc72c61c0511173a,63f6ac1c793cc698
3286,04baba012ff46d69,6f43393fd918db48
3288,00518ebf92cea2a9,f1179fc9496d4af7
3291,043897c6991303a3,5cd2b5962a2f9633
3294,2776734530b3029b,873e94abe9e404c8
3294,43e9272d459c0b30,bcabf7038cbd66f9
3297,00529121bb98c720,c2caa2d30b244d77
3297,500f297f23ee2019,75c1b5760af0d230
3298,1c8ba85106e0471b,7bd59935950041e8
3299,426e54030473b384,132ddc7f3cbf50c2
3300,3698bb24ee84d57d,07b73a836bb1292f
3304,bee3072e8a5bbfa0,6acc6459cea7830a
3305,93dcbdcd8e213dae,94840e1951c619c2
3305,238147017e63cc66,264da3687cbfcfc2
3307,a96e59f68a233ea9,98df8f517c5a0072
3308,438184043fa18efb,d6bfcb5c2ba2f84e
3309,e3c6e33e2bce20da,87e12529eb9f5460
3310,69675b2335c4a1ae,111da6a5ec595128
3316,8d4ee1b0be6d996f,6a07e0a4d9b8eb9c
3317,58fe769b23081dfd,dd3de337a32889b3
3317,4d3ddcd0b860b919,1a665d6ec7689755
3320,dae1fa30ca25a8fe,082632bcb57d1fb1
3321,ea12e04bd31c63f5,b15dee3c2e27d5a7
3324,84d168a77a875497,2b2581b3c13e1a13
3327,08740f1bb111650b,cb3b8f336a8795ef
3332,df769084767056f4,0746cdb7592e6518
3333,865963f20e4078f5,1085f534425ed503
3334,090ed39dcf81cf66,db5d9bf9f5b71a13
3336,79264a56b8d2a92e,59844709611d0f60
3336,93184f03db214461,712c33fe0ec0a46a
3337,276bb8cc8fe45369,6bcbd5f3ccabae79
3338,d8f7d9e392a4ad5f,21da3d810c95e5bd
3339,f2e10d05a091c636,b659ecb5d531c2fb
3339,ae623f2e5be3cf1a,420fb5a0c50b3fa4
3340,fc7278c7480d3bd1,5d086835ac6cd063
3340,af2f38331f8a678d,cd228501f158ee23
3341,0036ff3588e9702d,0252f3dd216136d3
3342,03062df5a85a3d07,d9a1c3971edf9656
3343,0bab2a9ac8734c97,cbc94b1fb8aaeed5
3344,a99aa7372557cde0,3bb61542a271172d
3347,208aba543c4dc9ed,213d711fe8b7ffc6
3348,eda292447e040343,4c20216adcce202c
3348,f816973b60783767,0646a479d4551e76
3349,41573a44a1fd5dcc,7d83f6c1912dab0b
3350,23348cf225a81e09,5c32475955b59896
3352,f514b99c156372e6,cdf60c8735b81656
3357,6ae7c8d8953a3110,9f4c40c1a3bfc110
3361,7134e925ef252619,81e210830082f8f2
3363,6d0065b30f20dbb7,1447f6e08e297e9a
3364,8c817899b9f49379,d918be6590d10556
3365,cce408f8bf344dc4,9f61c8ef11824d26
3370,a93947fcb4cbaf44,642a515aa8b3cd17
3374,786f1f340d83ccf3,1ebe49b47baaf5a8
3376,846b4b5e5b732ff3,68002c286028715a
3376,9356c8b07ecbc075,ffde288769efeed6
3377,748b8381f050bdf5,7760bf66fb0328eb
3378,72f6e5277d712593,5c65a4aee2c31dc8
3380,eac532a3208046a1,6f43393fd918db48
3382,341372309d25980c,0252f3dd216136d3
3383,1faaf3f081c840ac,c87031edd1199a9c
3383,954ad7a5892d8720,1085f534425ed503
3384,063652f186e95dd7,cfaee1222daf9f8a
3385,e200c95176954225,6b7f19ec249ce7ac
3390,ae8b53bec685f6c3,420fb5a0c50b3fa4
3394,a9b8d7da51eb5c2e,899896a1d682f856
3394,aa204628485a3ff6,3af008ca297bc2bd
3398,bb13a7dab3020fe8,7fb58c1db18a3805
3400,1a1e5a5f7986d047,b8b4987662455476
3402,b89c9a133bb6c581,8aa6c7091bc90625
3405,ea008c31dd3feded,24ce7f64340b11dc
3405,fb2c7fb5562d247e,4613fdd9631bcbaa
3405,f36a4c44b50741e7,5898876e45cbf5c9
3406,fce02aaf653fd78e,87e12529eb9f5460
3409,11177c40d848ae3b,198a90bf057a86c5
3411,a2b9085c43f9d2dd,2ddbd22c48105af4
3412,4f48dbc1f4e60317,b434cd7fd26e1cdc
3412,f15f5ecc4ba77411,b3a637bd382261c2
3413,819177a8db273944,f0f8f63ce2a56f85
3413,c49fc66c493810f0,1b21fad233dc4153
3418,7858997a7282c2fd,a89d411168be8e90
3419,da464c9b07b6ddd4,d420674ab15c5ac3
3420,87aef9f52f9e224f,b146eb164afa1883
3420,9379689b3761a8c5,388f7613f99f753e
3421,cd4b86d43990476c,bb0a7213ea4d5e0e
3421,0ad4fab2096b1e99,2024c5247e8c84d5
3422,9056b7d18c2c2ebb,7bc103d1fc02a028
3424,577329ab88b14691,f2978a78b7f6b876
3426,6c5e57cbea12364c,f1179fc9496d4af7
3427,f006ad973119fe86,c950bc44c1029dbe
3427,ddb629e3c9881d34,d56e3abe11cb7000
3429,5512058ae574f029,62eeace225d3833b
3429,338113dad980ced5,6fc69623d6154ccd
3432,929910b8b502c093,1de26a976e89144d
3432,0fe2a57a1ca4b3aa,d7b899f7e3c6e785
3437,23cdaeac30d4c5e0,25774c4d4c27ca2b
3441,2c16eb8fd466ef79,0a3f241c60e92be4
3445,2694cf78d5e99ec9,cf43ec87bd3b1581
3445,ae9018c0bffb7622,cfaee1222daf9f8a
3445,f9c68a39a0dc3c62,55fec781aaeb7dd7
3445,e7f05701777645bb,b1867c363c517517
3446,ba012a9460ea3dd1,5ab167c1139e0c99
3447,dc54d48791c726f5,8e051a00e833f99c
3448,683f0e49887edb4f,982bc5c205af3a92
3448,74d057726b1e1d42,1fb38a3d426c4ff9
3449,66ce1a51268b0e52,92d5968eb3232ed5
3453,bf329c13fca6f731,a786491012810b8c
3453,3238dc1aa522d9ee,101b5c28165f7b10
3454,e16a7d50fd0e55e5,b11559a96f4d6180
3454,6709f7daa2562875,4fa9df2a2163c4cf
3455,a3abc684b0f0bc2e,0ae8206c80302591
3458,6fdd570dfb6f0c4e,5cd2b5962a2f9633
3459,b4a46683603295b7,2c13a1749bdf41b7
3460,2c390f6fb3f1eb37,3bb61542a271172d
3463,df1b2dd92cf60bbc,e509841cb0d692f3
3463,ed68a2e8b0ee4015,29cd89ad97f539dc
3463,17b8838af67f571f,a5ab90b1f8b87009
3465,e0bb9a1e4b3d4659,4d8317d92c5d0a56
3465,ce31b267395cd788,a805994dd837932d
3467,ca0291578b1424a2,aed80be83d0492e5
3469,963938f364607cad,388f7613f99f753e
3471,b13097ce15325e11,fc08efa4e99ed19d
3472,83522bfa73e10ddf,9c2efe7862271a1f
3475,e9371e3a0720ec95,c3206a17460057db
3477,70cc622f3a57c4e0,d7b899f7e3c6e785
3478,dea67d68e6742589,ee5366ec56448ee5
3481,4d3af84e4b584ee9,d96a538292d2123d
3484,b991f73ce78d4700,7f5eb8937778424d
3488,36bb09276236036d,db817d979d28e72d
3492,9f3fe4fdc5e95125,ec88f7ad62e5203d
3492,f48ff85e74246c6c,404337830872f59a
3493,634dce622bf32c6f,57583500d2b0d7de
3494,07b0bfbdf9f9b930,a354588dcb1cf36a
3495,dfc9da4dc7838419,51cd571056021f9e
3502,50c79964a0365995,87e12529eb9f5460
3503,22b112e9946a3170,213d711fe8b7ffc6
3503,3c46a3391b963c16,ee56750777eb3006
3505,dbc951e820605aa2,9d9facae9ade7541
3508,015d90dfbdf22514,7bc103d1fc02a028
3508,d638129d4a0960fb,ee5366ec56448ee5
3511,f5e22b57f3aa2a05,33dff7058bba8571
3516,f3dbe6aeae4c10ed,101b5c28165f7b10
3517,8386384891464075,0cae5974e53dc17e
3517,d5c26951570b64d1,e5e037a73f0f63b2
3517,6783bea619de6266,e65bfa9025c67dc1
3518,bdc9e1c2b6975ede,269267ea22205722
3518,55745dc0494db24b,9901afb52e3a84d6
3519,bd55c5877cbd11c3,3ceaf4ff00ff2813
3526,fa8428919e8c6b3f,a89d411168be8e90
3529,2a77848626278183,101b5c28165f7b10
3529,a11facda22491b31,8b5c521c0fd34d49
3529,a3b3652c7b209eac,1ba185b0b98c5f04
3531,f1b5d0f94087e1f5,df3cf3e1cbf4f2bb
3532,45960588688ea365,e2e406ad554ae8eb
3534,9a77451ee2ce17ab,f351e4d6979c47f1
3536,857518934ebc0ac4,4506202f4ed39338
3540,6636ab802d714946,0cef387931b1b3da
3542,34bdeb948511cd8f,1d0ca5a94e591ec1
3543,9979d8c342dd36f2,64d78089c30c7041
3548,3a760aedf9230ec1,813eb8be569aeca7
3554,96a043dd3ac66d14,4506202f4ed39338
3555,80e6487ef0c59c2c,5433f73bcd65455e
3555,39235e8848a46f5b,a7a91feb3deffbfd
3555,f6fa532d4f123977,91b2f2936128cdf4
3558,b9c421d2aa8b877e,96d84b6d8f46a504
3560,c290c40f2297b3ce,939f4e383d7f2538
3560,2ed980ea57e0807f,4c20216adcce202c
3563,a645067953aa593f,4506202f4ed39338
3563,0871e40c220ec024,e3fc6b462b979278
3565,0e2079ec845383e3,efb72a5e6645b1fd
3566,c39d818c59eb0daa,4dc6b4511daf5e6b
3566,1092a5745ab42f7a,eec6e83d77a6d767
3567,cc88a987256634cf,58564a3c65cc475a
3570,9ec7afcce77cf02d,2024c5247e8c84d5
3571,9ad8ad9c70742ceb,6a1d465a6bd39d83
3571,23b0b34473f85435,59844709611d0f60
3575,a5a021d61fb96b78,cfa4a4eac18cc3b7
3576,ab829ddc2b764502,be38dd9cea0ee618
3576,8a4b668de0d69d0c,71269c2bd84e90bc
3576,7ee5fe6d40c10187,688786605772307c
3577,0e83744796d1183a,c3e4506e056a3f79
3577,4c45683e81b73c09,c21450672ed3b256
3578,4f3f323e315e61be,1fb38a3d426c4ff9
3579,8edb04bc6931b35b,24c485a60e337b76
3582,4b1e91d196d419d6,0a816335323b90da
3582,7322c6faa978ffde,ee5366ec56448ee5
3584,edf55b223cc913f9,1ce35135f8511c88
3586,38f94bcfb2cb7a12,75c16d930cc51fab
3586,4c9f3ec878591faf,6314c73f36064ce4
3587,4f0e401488a37993,a89d411168be8e90
3587,ee9a3dc790f10b4c,31c5b96a0d27009f
3590,951a50dabb1b47cf,858617c490155d7a
3591,98f43872e35cfa04,838e3af2a8ab97b6
3594,fd7284fbcb371bd4,2072149c5600eabc
3594,4e5603d6829ad45e,3177482124db71b9
3598,35a4713a89da5f99,04fc7a35cfecaef7
3603,c50a005166551c3a,7f2a07011afce2f4
3604,723409fd459390d9,5d086835ac6cd063
3606,60dfef474a31b45d,0746cdb7592e6518
3613,a96059dfe001869f,41d3c56f42c332f5
3614,db87e0945ebb5ecd,cc624e96543a5ba0
3614,60f68bc288c9ee70,28a31e29da6ef47a
3615,e735cf0e6e0ade67,b427855e88d5803e
3618,8159e7e6fa02c10e,c622c36fe74fb381
3620,2a6d61862d84cc53,d56e3abe11cb7000
3620,715a374740a0f615,9449b7e65928baec
3621,f4c4c02cf64b1a44,c608d88a291ff907
3621,af701fa611840eaa,4c20216adcce202c
3622,3756e4c2de37c4b0,0d0a5cf1afc73181
3622,8fd27058673c37f0,9a4ac71c016c4f3f
3626,5ae93cbddc5017e5,2558899e48f6d507
3630,ee79c9354b952334,6314c73f36064ce4
3631,0e84b13de7bf097d,96d84b6d8f46a504
3635,5845f1820ad1ab75,6ad2a0a932aa2d11
3635,8d15bd2bc28e7b8e,9d9facae9ade7541
3637,2bd5f91f231003b0,315bcfafe04657cd
3640,5023063e7c9ea903,43db354857949da3
3641,07168936609156e5,fc95cf430e9d68a0
3642,d0babbf922f288a2,a89d411168be8e90
3643,b5da1183f4d264b0,96d069ece4a5c998
3644,19c20a5f5952832d,a74500fac5759450
3653,fb01d5b6f5ebdf07,58564a3c65cc475a
3653,d02b02d45bf9712a,f3db4a78ffa3e786
3654,069ed48a22bb137a,6f43393fd918db48
3654,c8937408208d86ac,43d4d5669e2aa449
3656,dbab41076844257f,0f91fd93e1e9d57e
3657,4ad5bf8ada5678df,fc483a7bb3ae556a
3657,23b7270230e5038c,79d370b75554571f
3659,e02f7e083ba5c9e9,4346bd608fffe538
3664,14500d893196137a,136febed384b794b
3670,ae6cdd4ae290670e,c37bea5563a20120
3674,d4d91997d53df634,87e12529eb9f5460
3676,73e3ca7ef3b7331e,0dd287792c0d6725
3677,4c7056a36f24dc32,07adcb6bb0635688
3681,19cef9ee41dde0ea,9901afb52e3a84d6
3681,fe1855e12731dd56,efb72a5e6645b1fd
3682,0e59a843b2087660,75c16d930cc51fab
3682,2bcddc210b323610,07b73a836bb1292f
3682,653df2557396d3d4,c950bc44c1029dbe
3687,87204d8fd59662ca,9c8f87006e00f034
3687,5fc3dfd211e8345b,e509841cb0d692f3
3689,213845120a45a6a4,6336de5003fc3cda
3694,69c5f03eb32b20fc,a10a759d908c8190
3698,b9da7a62f2f05bdb,492706f8eb24078e
3698,d1c1c9e8293b5a63,8f6fccbf93f3d3b6
3699,3a7d719b4f2574fa,681d82b09ecea793
3700,935ce3296f6dd9f1,7d83f6c1912dab0b
3700,c085001fb9f594b9,f3db4a78ffa3e786
3709,9731d2bc07046188,e7f07f202c09e815
3710,118bf2be1a88c7e6,2ca48032dff5d2f7
3711,ce45f4980f61e419,8a2d0910a548eb77
3711,390b851259949d55,5d086835ac6cd063
3711,9c66eecfb2e57463,ac3a2ec04e381469
3712,0793c196f5e83cc6,e28c61495c7147ab
3718,cfd8d43c5ebed7ca,e2e406ad554ae8eb
3718,f86b12030f35175f,a89d411168be8e90
3720,b1584e4b0967cd1e,6d6562cdeb1ae58d
3721,567a1d3afd7e99a7,a786491012810b8c
3721,6997a534d2e56696,0d0a5cf1afc73181
3725,bc9a50223943d6f0,55fec781aaeb7dd7
3726,b80f46d6cd4c0331,b8f7f3c3f6308154
3729,d864129e3426e620,84fad8ad1cfd3a67
3732,99a67af672f02db8,c4cd238af7dc0d77
3733,72b818c99fee21f4,9f61c8ef11824d26
3737,63bd80e4ce646ecf,6d5bef8155a184f2
3738,747ec54d823a4e0f,e9ecb62f6818ffd2
3743,b33ac88644a5c16f,dda2a180e536254b
3743,5c6783363e05948f,dc74e029086fc37a
3744,e2afc127ba7e172f,1c206815792fb313
3747,0f930ff19fa01811,faf0e606051cc683
3748,45e4aabf9ca77ca0,42321f7360a2abdf
3753,a9cc6793e51a1a0f,b1867c363c517517
3754,bf902b151ad23e6e,bbf32dcf96ccaa66
3754,ae22b57e9da61e3c,2015fd2d826327cd
3756,72184a1cc1aacb5d,0be2188636101cef
3759,56701718a50a0719,713d9e86427d9721
3763,351ba808d4c62a05,d8203200dd4dfe7c
3764,f281eeef9d773c6e,8aa6c7091bc90625
3764,bc5f9413d15379be,c4d5263afda93de1
3765,262d88bf9515663a,5d8d85f844d99817
3766,15ce38886f950602,3ef9f453fd9a8973
3766,7d9b638475e5a5a8,c5148f7e6c6ccf1c
3768,7975d68df9772ffd,a89d411168be8e90
3777,e462de12090ae475,2ca48032dff5d2f7
3779,f9428be9d544fb9a,58827399cedb601b
3780,76299cb0c2268a8f,96d069ece4a5c998
3781,7c19911f90a2deab,acffb8b8ee8b4ea8
3783,25a91dd301eeb488,ac3a2ec04e381469
3784,3b99bd0fabef0ea1,6c1f3a60d0da31fa
3785,4f670133b686ad73,f351e4d6979c47f1
3785,49e02f4667e7ff37,40f32f218c203bc6
3786,2ec3cd65d5646f1c,7f5eb8937778424d
3789,9105dfe590d90aea,a805994dd837932d
3789,6f1e465a2af59da8,76aac666fe436528
3790,95a1a07d475cb43c,4c20216adcce202c
3793,e8fbeafeeb56f5c1,65dd1f07bb10806a
3793,877f8ce9c92e854b,fa490f268e88edb5
3796,20ddbb434c94f08e,e4d541cf9d62a1e1
3796,34902f5d01c3e9df,d237941bc3434b5c
3797,0aa9254318ee1933,ffe94775c9677974
3798,c5c03cc6e74362dd,0646a479d4551e76
3800,7b156ad583e064ae,4c20216adcce202c
3802,4523f26ed5faac4b,3755a666a29ec4ea
3803,01510145ae61c2bd,5d8d85f844d99817
3804,46c3c53becb04d9d,4d4e9cd66cdc7e25
3808,8184c4fd4a38c88e,236acc8ad6a0b6e1
3811,3ebc0121c6e27f06,242ddaa0ce751117
3813,bc7431c56d947d4e,a0cec6b9008de9ff
3815,3e9b0a6ca11f8b42,2e63a4786fb9fc54
3816,e5b616dbbb1d56e3,33dff7058bba8571
3817,b4b8d76727a48c36,19c0ec560fd58a25
3817,94f2fcbd44419c4b,377ea7d12f13ce41
3819,1f35998733735087,1de26a976e89144d
3820,1f49f0101f303eab,aadb920d33c5b036
3824,ac931d39e4fa0c91,50738e3edef7226f
3824,3cf67eb95e0bea9c,6bacaf5cd1fd3273
3825,a8150aeb4e030e3d,3861b8e37f9c321e
3826,b31e6dcebc8b8cae,f02c6dab7ef7d609
3826,eb9e8c4a03ea08f5,204a29f5bbd1d729
3829,94252da78335a41e,ed306347e351d373
3831,f95573714ec6a96d,480ffbfabcba8c8a
3834,d435a4fe2ada4522,4fa9df2a2163c4cf
3834,447a1f13b860d51e,8df77c6cb6dc2ef3
3834,3672de5a36524843,cbc94b1fb8aaeed5
3835,56ee61f11e366062,07b73a836bb1292f
3838,b514192fece3652b,094c43f2b92de0e1
3843,1d41bd399d78a01c,c0919f9d982c7578
3848,2e4e675a656918ae,4d4e9cd66cdc7e25
3851,1202eab55a3afce4,101b5c28165f7b10
3851,54aef6556287a67d,a12143aa34077166
3851,95dec84afbf01cd9,212f1426d7334a2d
3853,426fcf8eb1e7c45e,315bcfafe04657cd
3864,e29785798bbc5f60,d56e3abe11cb7000
3864,60017c69008ed3a2,c05c6f5664dc9077
3868,e8f2139f4c8ac794,1447f6e08e297e9a
3870,981a444d780b008c,5d26023ef0e4092e
3872,9bdefccce776b96d,4c5153a09335ad8a
3873,e3ef806c37a92424,e7f07f202c09e815
3874,604d053b7de8f468,6336de5003fc3cda
3875,4788c0fd3509280d,eeacbe17fa70557a
3879,24190cd7ebeceb0b,c44396c9579270a0
3879,96c0d5bf07da6b8a,f816d3b329340409
3882,4bba0c5442064bd7,76aac666fe436528
3886,5f6a3e8135afef8a,9d9facae9ade7541
3887,59cc4f695f69799d,9ebd73b2483b6e4f
3889,2fe64c3ced696038,92d5968eb3232ed5
3892,95b38485bc5db40a,67843b4efaee06b7
3893,4ea278527b1e5156,a12143aa34077166
3895,5b06b700fb6d0b7f,27eab3b3a75f4df0
3897,89260a8efd5ff0c0,43d4d5669e2aa449
3898,db764ae12f362d77,7550fea52ff48721
3902,42e7a706124b40f8,96d069ece4a5c998
3903,988fab2dec5a208b,8a44c57a02f90e84
3904,afea45874932bbae,e776afc022c28da8
3904,e2e0bf5627ac95bc,c608d88a291ff907
3905,f3037f015961b7cc,8f65e3ac75cf67fc
3906,b5658515b90c923c,cc6b239e0c833b6a
3907,22d6a17e4bf94916,95c0a86e05bfad46
3907,c711ec70a1ca1cd9,3470371a867e2d7f
3910,d60b82a31d71cde0,121210cf1c34c469
3910,5d322d3b47ad727c,798762d788e0d8c1
3911,2b3b1983aae8eaa8,242ddaa0ce751117
3912,856759fc47f516af,75c1b5760af0d230
3915,76e1b01abe3862b9,ee5366ec56448ee5
3916,4ff712f9d42e7c83,315bcfafe04657cd
3918,c11a79cbf48db769,3158b9412bc9cdb9
3919,0d04b0c130cbd2c3,315bcfafe04657cd
3921,2814cee3d9b26052,68002c286028715a
3922,e12ea37c6d2a9458,1d0ca5a94e591ec1
3923,b8f4959e33f44fc5,d43eb6a0b880f80a
3923,5411fb69eea199dc,5b499b44beafba55
3924,ebccff2f18270f8d,111da6a5ec595128
3926,2ac2c181e511e52d,31f1e03d2eb9c004
3927,a90834a67bd0993b,e63188c36ca98ad0
3936,85ff43318d95c710,d7ee52d8ff83e080
3944,7387353ee15089bb,e65bfa9025c67dc1
3947,757dada393843e33,cdfb229abcfac661
3948,8366d3fb7c5716ba,952a71ad7523b74b
3949,b2af687e881cfcee,1085f534425ed503
3954,3388b6d6a2b9fce3,43d4d5669e2aa449
3955,06445a0fc5e18261,646c93e4960a3360
3958,c791d13e6723dde3,2c13a1749bdf41b7
3958,9c988bd6acf12416,d7cbdb382b74676e
3961,1cd756aa91cce4e7,531ddf7b5b58df24
3966,e53f392e72f6dbf3,c7f4db9cd480f307
3966,58560bc50c1ad16d,2072149c5600eabc
3966,00f12687452cf77c,416a89a321e35e0f
3967,5620a6edf1f2f45d,7b16e7f8f4255580
3967,609f4615971f5342,31c5b96a0d27009f
3969,07c7cd2da0be763d,a89d411168be8e90
3969,1920b4ef41815f7f,9db063f3b5e0adfd
3970,1445b72b7f88d23f,f17510c07c0d2916
3971,cecbbf1489d85f86,83fbfc6207d6c88d
3972,a24181f1a0fcc2ed,a74500fac5759450
3972,c9d306fea5d35ce3,7fb58c1db18a3805
3974,416bb9101355c857,6e5d517e1203764b
3977,b1e3691b263c7b0a,f9a1b63e1edd8b82
3977,ef88cd6986dc3216,742c9e9bda2cc03c
3977,dad3c697d2790663,71c756083cad202c
3980,05764642d15a0241,2f086fc767a0dac5
3980,98252714d4725beb,beb473c4163655b5
3980,43881634ea07f9ac,c5148f7e6c6ccf1c
3981,43e6b57d0f7a3e2d,b659ecb5d531c2fb
3984,990c19cf8e8be147,713d9e86427d9721
3985,ef667bb4b756dc41,ba272a7d7c194d10
3985,96701b40bfa11275,c950bc44c1029dbe
3986,188d5519b0bb6fa0,2d01a79a2caffbc8
3990,d6b06d00fe7f01c3,8f65e3ac75cf67fc
3990,b685205543738919,f16b42073a04311b
3990,174b8103b7f80a88,d7ee52d8ff83e080
3991,8f7792b9cb1139a2,0cef387931b1b3da
3992,616eed52d704361a,acffb8b8ee8b4ea8
3992,d64a60e4d7aa9f10,9a4ac71c016c4f3f
3993,25fad27b532cf3e4,a3e33ad97db137a3
3993,65e71b3159846f16,b15dee3c2e27d5a7
3995,b362329ffd92cce9,74cafdda027b3aba
3995,87a95e997c8d0cb4,8a44c57a02f90e84
3999,c0552b295d07b02e,6f43393fd918db48
4002,7c60933cfa20aff4,a74500fac5759450
4003,0d974f90b4add9bd,e2e406ad554ae8eb
4003,4726fee079cb2015,5b7030456c066130
4004,4daecaccdc64c650,3595e0089530cf0c
4005,28c96afc225c52c8,72da088a76600690
4005,efc6d74f6bfccadc,6f43393fd918db48
4008,d5f5dce63efe3847,a974a80fda63b209
4011,d187e62d2f16a8f7,c5c51790316fb7be
4012,20d7bce6d0b33a87,4ae657712213f900
4016,1cfc114737b6cf14,242ddaa0ce751117
4019,ff08f700eede95b8,2b2581b3c13e1a13
4020,8553b2f2106ba27e,e7f07f202c09e815
4024,5c63871d434e9f62,2fde83680b7f8d79
4025,650c6c2a1a4bc973,a805994dd837932d
4030,6268f949b277186a,367b4bf27f8b9dca
4031,d4ec7fe1fdbe5ff0,c950bc44c1029dbe
4032,afd284f93b150225,43d4d5669e2aa449
4032,3a60179295551d9c,4c20216adcce202c
4034,cb5218f23b231003,2fdf492d226d0cf8
4034,ff86c9798bf25781,1fb38a3d426c4ff9
4035,9258c51ace23dbec,2015fd2d826327cd
4037,ebb4bdcdde1de78f,f9d9e69e2fdd6369
4037,51ff55da2d6370df,646c93e4960a3360
4039,beb06e52e8e14c84,3a8f1b69fb1f75fe
4040,b13654393c483a8a,ee6ea718320e9c16
4040,4936709db64f6c57,f737cdceb054d1ae
4041,e76727eb4fa44fa7,039e6f0bce078439
4043,ca53d02315412adb,c5c51790316fb7be
4045,7c5923b95239e345,e7f07f202c09e815
4045,532cea6e780e069a,f80d1664a9ac846a
4045,392de22409636297,75c16d930cc51fab
4047,30939cd2e6cf5f83,e65bfa9025c67dc1
4050,dbae545d99dc516c,646c93e4960a3360
4051,a67fde1a7e1dbd34,101b5c28165f7b10
4051,b57bbc52258c5937,d8963987084b5125
4052,08aa75c754c4b70c,4c20216adcce202c
4058,c17b1ee6c314a049,81b96042f105d395
4060,3264d97203b83ae1,74cafdda027b3aba
4064,ae8444de02705346,942408b9101897ff
4066,bac9ec02a779e8ef,ca561fea5d702bc3
4069,ae21fa150a23a6f2,c622c36fe74fb381
4072,da43e7c96cac5fe6,1005dd96a3b2fde1
4080,5110844e9f5a2ae5,06ccacf07ed20b29
4081,2cabb9382313a4c2,2fdf492d226d0cf8
4081,2f2f87af17f896dc,6314c73f36064ce4
4083,e74a0aea92b8b61d,c05c6f5664dc9077
4083,964a3e5d0b4b5fa9,4f89d7b3157fda69
4085,17ee2e5b9fefda92,3353dcc70fbab534
4086,7faca9fac3805b1d,8aa6c7091bc90625
4087,a362340518b229c8,12e733882d07f49f
4090,243a4d6a16e56203,71f092f9a923cf75
4091,1863630ee9e029b4,98869c02e91fdea4
4092,151ae2f1e8482dac,4eeef24c4d5ca56a
4094,1dff19f7a1023a94,470ca85f20da1fc1
4094,c8f52a7d1ccc7fa4,a89d411168be8e90
4094,1728db59504fdcf9,0be2188636101cef
4097,59d35117f16b16e5,388f7613f99f753e
4099,70f0b473f0803a35,417eb57e9d5bca06
4101,def4b1e871dfd12a,2e4975463574f243
4102,0e796a49c162011c,cb3b8f336a8795ef
4102,39c00a7ee8f91696,f1179fc9496d4af7
4103,7a0b92c365bafa71,c44396c9579270a0
4104,fd843cbb7cd272b4,5b7030456c066130
4105,cad0b2f1f4ee2ddd,c05c6f5664dc9077
4109,b1270b45248664a5,0a816335323b90da
4110,8bbf493eebb0a635,f758ef0e1749fc71
4111,9bfd42e66d2c9ff7,d918be6590d10556
4113,791a9798cca76a9f,24ce7f64340b11dc
4113,f7af84d0a6eb2b32,ee5366ec56448ee5
4120,1f655e466736a97f,b1f36b60c414ef75
4127,0688ece60ba43ab8,690ed2665bc5b677
4128,32317e28aad66b6d,43d4d5669e2aa449
4131,95a4e5ea7b596a1e,86ac94b43d50e277
4135,b531d4d40081a842,be2780600722ff02
4137,3f1902959819a55c,a89d411168be8e90
4138,17a84a8d2f0eb573,831e882f7b844b8d
4140,b614accadae1ca23,73e79e04a5f29602
4140,67088cb28c17eb54,c37bea5563a20120
4141,d4a061ce25dc2322,0be2188636101cef
4143,6e9f65b656b0944b,6314c73f36064ce4
4143,917c4a1c84eb7b23,3595e0089530cf0c
4143,f384f69a22d0b226,f1258577198d0aab
4145,2fe8673f19147dd5,b7fedd6310ee4822
4148,cefada85cdbb9cf8,4cc2c8de7403151e
4151,051377405c171f57,2e860331d89b3778
4152,07981eaaf334be11,5d26023ef0e4092e
4153,8311c6f3fb8d474c,aed598a0dc1b97a5
4154,fc13c73c0057ab4c,b146eb164afa1883
4157,337018c0a4fa38e3,2fd7005a7b2dab55
4158,b5ebfb1466741e91,a4a274d1b7f53366
4158,da005a66b986554d,ba272a7d7c194d10
4160,c9932d174f3d8cfe,f17510c07c0d2916
4161,bde652520c22f884,5800a99cab152584
4162,c643b83a32644a4b,0746cdb7592e6518
4164,bda1b055a2ffc256,315bcfafe04657cd
4164,2ad8d2b3c6eac2a3,e5e037a73f0f63b2
4165,0136b8ea294ba8fd,8aa6c7091bc90625
4172,04b7e6122799d471,6314c73f36064ce4
4172,7ea4196491a196aa,33dff7058bba8571
4172,e1e4c4f5a55128a2,5c65a4aee2c31dc8
4173,9df36beb403f12fe,c5c51790316fb7be
4179,c61f559b665acd13,4fa9df2a2163c4cf
4182,5ea0f0928445525c,f737cdceb054d1ae
4184,8f378acfa1f5e867,4c5153a09335ad8a
4186,11e6daeb76d6a8b5,4c20216adcce202c
4186,fab05379715dc4db,e65bfa9025c67dc1
4192,0c0f658a7f4eef46,b36ef90b894973fd
4196,135f493886353c33,bcabf7038cbd66f9
4196,2b77366c9ebc4dbb,07810474315f1361
4197,2357dd94b0f9b11c,f491627ddddc5bef
4199,240dda960a0ad514,4ef62062b74920b9
4201,89635fe917b14d82,a354588dcb1cf36a
4201,b81a11bac6b7488a,792592f5459019c5
4204,36e90e54c46ccf09,cb3b8f336a8795ef
4205,96eb1160f3976319,3ca1af6c6a8cd64e
4208,646c561e1f393b39,24ce7f64340b11dc
4210,eaed4d7570363772,dac2a1806828b8e8
4211,af524cd1e5c35684,c8b0f688d1df248e
4212,46b786b37ebed491,4fa747691fb79314
4213,d516dcd401a8581b,5ab167c1139e0c99
4214,6775daa4b4081186,942408b9101897ff
4214,af99f34c43a047ed,63f6ac1c793cc698
4217,e3df7cfa93a9a738,c76a7f24ffa59966
4220,317d57e898d40a23,242ddaa0ce751117
4221,7ef33eabe404e15f,d6bfcb5c2ba2f84e
4221,4e8836d74f014ef5,b6869e7526954490
4222,6dfe8734c0a192d9,2c13a1749bdf41b7
4223,6b06def40c409415,416a89a321e35e0f
4224,92c8752766eb88c6,c2caa2d30b244d77
4225,6384cdc48016f49e,1d412e9ee5731c61
4226,958a56e26f254242,204a29f5bbd1d729
4227,bb08e54799ec3960,1ee4d92032a992a8
4231,177a9c092177ab5a,d9a1c3971edf9656
4232,c06b237f05f2ff09,f80d9f4c546a39bc
4241,847f5e89722f0308,c44396c9579270a0
4249,e0b51f59e6512ecf,b1f36b60c414ef75
4250,df63f977ac9a69a7,df81013668d5826e
4250,8b02ab5022f16d38,3177482124db71b9
4251,55bb36edcd0963d9,6bcbd5f3ccabae79
4251,219d1343fb767a4a,5adeaf8f6842213c
4255,b4fa77ebfd1bb185,f16b42073a04311b
4257,db7babfb61e021dc,2024c5247e8c84d5
4262,2f425b28e6740010,4a3db7d5ea25c4c2
4264,19ef451db0e132d1,80844681baafff06
4265,519a6d03192ee603,8a0c994a8e96f40c
4268,a7dbcac44ddc02db,5466550f4c96045e
4270,4c7df45f5b5bb032,a125d80dd7a74615
4270,e2817550bc5ef7d5,ede892db28351465
4271,afde51addde563f7,204a29f5bbd1d729
4271,822c6114187c5b16,242ddaa0ce751117
4272,9cec940e22e9a216,cb3b8f336a8795ef
4272,aa4de127a0560d22,e509841cb0d692f3
4279,b531e33c0eae5337,a0d8385f1bc29dcb
4281,ba272af1c8f3481c,be38dd9cea0ee618
4284,2b2b8a983f343906,03842f6ba7e77e26
4285,65cce919aaed2192,f26266d2ddc3314a
4285,af783c3cdcdaead3,cd42f6930748e9c0
4290,0ab08be8085f6fcc,a5b8a433c304166e
4292,0ca35aaeb5c11d8b,73c068bba76904b3
4295,c8c4821698617c8c,f1021b01f7174ae5
4300,511b1b9f952d4857,7fbfddb269d294d5
4306,edd5f6fe164d40d4,6a1d465a6bd39d83
4307,de30ac6ba7902b1f,cc8590fe766e1bef
4309,f1df153cc1e56ca1,65b253ef018538e9
4310,fdd95f731910c442,2c68d1202520d9f1
4312,e374e585d0382b3f,3755a666a29ec4ea
4314,9572638898c4b485,c622c36fe74fb381
4317,d19ac2d92435acd0,4ff52649d31faa13
4317,5aa29315bad8247f,0cef387931b1b3da
4317,3d653b6f02eacd74,c05c6f5664dc9077
4318,4d4add6c8dfe62e4,8a2d0910a548eb77
4319,1e0b6e7cb0b3da02,212f1426d7334a2d
4319,01b89d8f994866ba,4fa9df2a2163c4cf
4321,7f89e88b6e798613,8a2d0910a548eb77
4321,253467accc5e6fb7,a7a91feb3deffbfd
4322,bbc25394f234ecfe,f1179fc9496d4af7
4323,e1c5b8bb35df9676,93cef3b6e0c9411e
4325,6d52c0bdbbcb4416,d0d3d9b7e30d30d5
4326,8d0413a5fd3cb1ff,e509841cb0d692f3
4329,59e995f45dcb26c2,75c16d930cc51fab
4332,8affa79976b0182e,c7f4db9cd480f307
4333,f1ef248c989261f3,a3e33ad97db137a3
4336,4e23e1ddc1ec6541,cf43ec87bd3b1581
4340,5a2f83dbaadc9da6,f9d9e69e2fdd6369
4344,9ed1028f9a93e2cf,3af008ca297bc2bd
4349,950a3d99674bd809,86ac94b43d50e277
4350,2c9942b51b3b1561,b427855e88d5803e
4351,42c3fd333df1009f,e63188c36ca98ad0
4353,4394217044e05a4d,33dff7058bba8571
4353,496df346c8bcb7ac,264da3687cbfcfc2
4355,915ad6c0225c2f8c,98df8f517c5a0072
4355,1698755e78578448,7fb58c1db18a3805
4360,6883d2f08316210d,f0f8f63ce2a56f85
4362,d0018bc08a36385a,a1bfaa32d9268c56
4363,af5c4fe6ce6fad7d,1447f6e08e297e9a
4366,a16c755ce76ef141,d237941bc3434b5c
4366,aa6e5faeb5fe69eb,d6bfcb5c2ba2f84e
4366,94d6c4a6339d7ef8,4cc2c8de7403151e
4370,f09055a66fa1be71,9461187aff34d199
4372,315e862fd4b4c298,5cd2b5962a2f9633
4376,5ac7582a2c1c3a8c,143dacfd65ac6768
4379,06eb25d91d7714aa,4a3db7d5ea25c4c2
4379,9be470647744ef69,4cc2c8de7403151e
4381,844668311cdb259d,273f4d8ba14d5406
4382,bf5632fb624abc21,9c57285e342cbc5b
4386,11a7c01f4ec7fa92,8fe3934a9009d755
4388,a13f78c20aac501a,04fc7a35cfecaef7
4389,b627dfa8c61f8138,4506202f4ed39338
4392,f147f0f65daf51f9,73e79e04a5f29602
4394,d3c4be84278a89ea,5c32475955b59896
4395,aaf6891e79dcbbf8,611f57c20ac1dff6
4395,2999582b765a741b,b1f36b60c414ef75
4397,6981015a575bb28b,c87031edd1199a9c
4397,231e5b3f5c9bc766,8aa6c7091bc90625
4399,23d66489306d085a,c480a1c9bc49dcac
4405,56877c23cab49393,d9a1c3971edf9656
4408,ba96670ecf814f95,f6ca7bfbbf59198b
4409,98c167a686cd8beb,404337830872f59a
4411,af783576e4e70ad2,4654a13ff5f59f7a
4413,3b57147571a3cee1,6fc69623d6154ccd
4414,9a366f2f2346d115,470ca85f20da1fc1
4414,9de13f6fe6a9f567,2e5819869ba341eb
4416,8db492f407f5c5e6,04412e61d453e670
4417,6792040e2343682e,8f93d197aa6d6bce
4418,e74790e9f80780c9,07b73a836bb1292f
4422,449eb18d6c55fe7e,6abafa0bd7f152b9
4422,e352f5b56dc6c8ce,55b65898655ccfbb
4423,54540a91144fe8e8,b1867c363c517517
4424,5779a8a940a84bb5,939f4e383d7f2538
4425,71134556aaf6be4f,4df3472146920b28
4429,1e39eaee912aa697,2577ccbb325e4581
4430,c2f45c7c3ed8eece,9c2efe7862271a1f
4433,77aa403b7bdf6540,e91c3282dae0d614
4434,77dbf7aacbf866d8,7b187f59e48b1583
4435,656813b5c5622bf1,e35fa0fbcfab6c13
4436,387f629e07b258bf,7c528646917f830f
4436,ae819b0a37954da8,9f61c8ef11824d26
4437,cd82d51223431a96,3353dcc70fbab534
4438,29d895e078c4d42f,c3206a17460057db
4439,7a45c7083faa558e,07810474315f1361
4439,8896fea7f5bfbfe2,3bb61542a271172d
4440,0bece9ce25fc18d1,1fc8146a6c83761c
4442,b1c9f9079c880ef9,d96a538292d2123d
4442,98619331d48f75af,9c6a3470fc971adf
4443,04aa2109d0af78ca,bc6ce7c461459efc
4445,5f516e3b476fc276,09e7e1698f90171e
4445,d8ee043c8f92b296,24ce7f64340b11dc
4446,eb35ef19aa72deb3,cb3b8f336a8795ef
4449,b574925134c9862b,faf0e606051cc683
4451,518cb733ff5e55ce,7bd59935950041e8
4453,597399bdbf4d316f,06ccacf07ed20b29
4455,6638c4596b3de04c,71c756083cad202c
4456,78bff725028745f2,2577ccbb325e4581
4457,348e9a813e143155,c21466cbe4ea2865
4457,d5fdea978559ca3c,c05c6f5664dc9077
4462,371294b4a41265d7,c5c51790316fb7be
4465,489b17305dd14988,2577ccbb325e4581
4468,b21b235284d77420,1b21fad233dc4153
4469,9ea27c68b4026f66,6ad2a0a932aa2d11
4473,2b03eb75de5c3aa1,e5dde21e5086e295
4474,6c2e38d094a8b168,a868de8096fb03ec
4476,8f2006e5342e177c,71c756083cad202c
4483,8fd6f90c754e41d6,3bf68e56cf492b13
4484,41ad7e7a4f401926,5cd2b5962a2f9633
4487,002a6a1b1db2a206,0be2188636101cef
4491,56b89010b84d4b11,78d8631ccc436e88
4494,0e472a016b5c4af3,f1179fc9496d4af7
4495,5a2854efc1483c93,028bb3e5c9814892
4495,485ef228ba91f89d,713d9e86427d9721
4496,8861b1b4a6539abc,0f91fd93e1e9d57e
4497,302291caf64406dc,c05c6f5664dc9077
4500,e68269ceb28c4a5f,a354588dcb1cf36a
4505,21e63b5e08218bab,2d01a79a2caffbc8
4507,e6ee6a9493079b3b,68002c286028715a
4508,e3f5407031c7c019,dac2a1806828b8e8
4508,ecd944a54ff5c5e5,c4cd238af7dc0d77
4514,87fd19ec831574c0,cbcb534693b7de72
4519,e5c89e56a2541cf0,29cd89ad97f539dc
4520,5bc16244340b1890,be38dd9cea0ee618
4523,b29c650ab95f5e98,2c13a1749bdf41b7
4527,40af29f29193f0f5,4867b836284c2cc7
4528,5bb42fecdea8832e,d96a538292d2123d
4536,cece607709634f5e,2015fd2d826327cd
4537,d174bf7d3f389de4,cb3b8f336a8795ef
4537,4ed898af2f747f7e,cbf663496a6a3f7b
4539,5fcd1375cdb24e25,eca5829b010591c0
4544,0ac2ff252b35bcbf,db817d979d28e72d
4545,9f4588a5fd86f448,feece074f7697377
4545,0cc42dca92e0d327,2ca48032dff5d2f7
4546,03f8399857a9bed9,404337830872f59a
4550,f9e36ac1d73ce617,3561878c5a513d36
4551,806529294fc1fa32,132ddc7f3cbf50c2
4552,2e2c2826b08b341c,24ce7f64340b11dc
4553,43eb8d92feac7b62,a354588dcb1cf36a
4557,661ad4f18e99f675,0cef387931b1b3da
4558,c51eecf10137a228,4c20216adcce202c
4562,ed8ca1f8296cd1a1,51dd7b9a2011ba26
4563,14c2294fcc503d6c,47ef0d047bf95fdd
4565,39a90ecf07b507c6,9901afb52e3a84d6
4569,6668c3164982848c,082632bcb57d1fb1
4570,a712a32f077bb57a,1c206815792fb313
4575,fc846211c5ec2d4f,c37bea5563a20120
4577,37c6d55f58a3ea9d,690ed2665bc5b677
4578,765a89a104c32806,c5c51790316fb7be
4582,9c401910af297847,c6248481e07895d6
4585,c2abf1a635f394db,ee5366ec56448ee5
4585,123165e5b813e43b,acff4a3f84423ef7
4585,d6f281bd11a2b5a6,1cbdf582de1e2fa0
4586,d36cf6486f3c92e5,4cf25b6848d92dce
4588,bc0a7f55f41d5d07,f9c0c821db6afbd2
4591,dcb0fa23b117812b,a135e8e2297977d7
4591,e4390fca498a7f59,a354588dcb1cf36a
4591,a1e8904729bcd5e9,94f709ffd79f17f8
4593,985b87928d20053e,76268f3393a99ada
4593,3992e42af7eaab20,59e0d924ab1a4247
4594,89490145301794f4,0418328bd1c0c268
4595,339a425670528216,b36ef90b894973fd
4601,e954efa280db5e09,d7b899f7e3c6e785
4602,9da1454403e925a1,4f18cd9e2d1e6132
4606,91ed49fd13b27956,73093bd3838ffc67
4608,20043fdc6f3065e4,06ccacf07ed20b29
4613,5280aa99ec957f68,c05c6f5664dc9077
4618,e0eb13c28da3ffe3,8100631d9fc46234
4620,f3a6b1864cc2370d,2c13a1749bdf41b7
4621,0d883864b872b9fc,8b991134cf7de781
4622,91cd574bc8be12c6,ae6a5ce10bd6432f
4624,6ecebc8da9b38080,6a1d465a6bd39d83
4624,bf42ea13d2b32a8c,6314c73f36064ce4
4628,cbbb7f46510acb80,404337830872f59a
4629,b972d269dd9c149e,e35fa0fbcfab6c13
4632,c62a99ad6d08cc53,87e1e141bc2f3f67
4632,bb8bcbe1f09271f4,f1021b01f7174ae5
4633,65aa4598cb4f6ce1,3ef9f453fd9a8973
4633,d7d3e43dc749ca06,b1f36b60c414ef75
4633,53a0b2c1bcc1f80c,23ee45f700c7b4cb
4636,ad5d95366098bc16,6c2b3cabeca41484
4639,94e2382e5acb4fa4,4cc2c8de7403151e
4640,666e4b4bcca7a10e,6bf6022be7fca0ae
4640,bed9145616f66a29,acffb8b8ee8b4ea8
4640,cfb0cd142f0dee63,5d086835ac6cd063
4645,6191597e1caa7572,388f7613f99f753e
4645,8e4b4c5263fd3f79,6a1d465a6bd39d83
4647,b8ed8d8a2a08a9cc,2fdf492d226d0cf8
4653,727ae8639d8b595b,0cef387931b1b3da
4655,a8f5cc0cf755dcbb,34b9818a83320c1e
4660,d731b56b59476fd2,2d01a79a2caffbc8
4661,afa6065e3ce04199,367b4bf27f8b9dca
4663,44d3b8bb963e0fe0,1d0ca5a94e591ec1
4667,f83de38d1b46f877,c0919f9d982c7578
4668,6668d9e930366bfc,6f43393fd918db48
4672,63357550069a03de,c608d88a291ff907
4672,c908c5184eeb07f3,bccb85110bd29331
4676,1ac169da431b75f7,6232f0efb4e9c62e
4676,ae30605f329a5fe1,ef768c4e872320ba
4678,8ddd39510ff6147d,a4012ef813f5c128
4681,69e7a401aff5c533,2e8038e169941f54
4681,d488f404ad993b0e,98cef619f5743992
4687,337e180d190446d1,9449b7e65928baec
4687,bdc722b77333e9fd,416a89a321e35e0f
4692,b191d1b2b1bb1c9d,2558899e48f6d507
4700,a0d137b4e3347158,ed306347e351d373
4702,42a68b1fdbdba872,c69bdcbc2289fed3
4703,6423e5a0b6230d30,d9a1c3971edf9656
4705,c44d39531e39e6b7,3470371a867e2d7f
4706,113613dd18ba4ad1,f2c29310cc55e334
4707,7f0dd472310a64c8,afcf7c5ce6a8f9b9
4718,a6cf693a3fc7cbb9,ba272a7d7c194d10
4720,864fe0ffc6a19081,d42357718c37c391
4724,438a1a9b8f5c36d7,fa6baef0e00e9af5
4725,6c057158067de356,1447f6e08e297e9a
4727,af5297bb9aa8ad25,4cc2c8de7403151e
4733,b4a40b5b87353dfb,87e1e141bc2f3f67
4735,7372b4a6bd08e934,0746cdb7592e6518
4738,3663e00f5ef317a6,a1bfaa32d9268c56
4740,ee0f555f957669c7,c608d88a291ff907
4743,43fc10a0d3d4f37c,d96a538292d2123d
4743,7872523a49c5b2da,6a3ac560ab8098b7
4745,1a234f7f20a856b4,05966a2e05d317d5
4745,4faa104e20ddb8a1,7b16e7f8f4255580
4747,2e2ebe1844d6b5df,55aa10d5b4d370f4
4749,7dcda1ad6712f329,792592f5459019c5
4751,59ced2777713d282,71269c2bd84e90bc
4753,12eed3addc4bb554,03842f6ba7e77e26
4759,c3a5b09817d0c855,5cd2b5962a2f9633
4759,bc2a7148e2b33004,7760bf66fb0328eb
4761,17d0b54460edbec1,5d086835ac6cd063
4764,6294d352cd31c497,65dd1f07bb10806a
4764,3f2ff928191e2e40,da277e3298a55e23
4765,5fa862bba6ef8964,c2947ebde93ba540
4765,00b74b1a20d5eaea,0e4104e1a26fa152
4766,81378813b4e23c4f,5898876e45cbf5c9
4768,d65fef97406dd216,3561878c5a513d36
4770,51a199835ff4e090,0ca6f63896fdaece
4776,192cea9edf8b7962,bb4382e03a175e2c
4780,1266513155a697e9,0646a479d4551e76
4783,f4da36850dfd16d6,f2c29310cc55e334
4784,5a9c13533357354b,ac3a2ec04e381469
4786,4ba9e5d64d7d3989,c77b8292f56c4cc9
4788,5b3c8e4cc9a2c40a,a4b3e55d4ad77333
4789,218d2cf883788bdf,71c756083cad202c
4790,02090027533bfdf3,33dff7058bba8571
4792,85839b846759d405,0fe27c3d3801fe0e
4798,ce46281cda1a540e,c10e560c5215f04c
4801,e7ce4f5d29b315d3,490c3d36353af81a
4806,4388a18c0692973a,acff4a3f84423ef7
4808,e7d7f716137c0fab,bcabf7038cbd66f9
4810,44d70d384705da96,3b47dd76b811b75e
4813,1759f47c31196e04,fd964e3f524f9673
4820,7c6e5d403917f590,75e33019df3b1f6c
4822,34fef7b817fe569c,171d1b0b7aec3cce
4823,39123495ddbf2a0d,bb0a7213ea4d5e0e
4824,3530c19328783189,bb4382e03a175e2c
4824,9602708ca8a94e15,8f6fccbf93f3d3b6
4825,3d1bb8561e7d19b1,f1179fc9496d4af7
4829,8466719480d55289,28a31e29da6ef47a
4831,07b8846e86928e7d,a74500fac5759450
4838,2823e0a48a2acbe1,c622c36fe74fb381
4843,dec8a4412197f581,a3f2898ae24a837f
4844,1a90c8240edaa52f,c8b0f688d1df248e
4846,8664df881646e3b9,acffb8b8ee8b4ea8
4846,d696b8186c3beb8f,cfaee1222daf9f8a
4853,76b9761f7eb1dc0b,2ae1bb45655f9305
4853,b7f61e06304f0dc3,6f19ab9a0b0aa439
4853,86699f87c439e127,136febed384b794b
4855,b5111284a1aeb55a,f26266d2ddc3314a
4856,78e2d7a89abcaeeb,58564a3c65cc475a
4858,16133342da1748c6,d8aa6e910ecc4bd0
4870,4aeafd6f520686f4,036e8a760aa16a0a
4872,a49bd130dea20b5f,d7cbdb382b74676e
4875,9cba708981429e6f,028bb3e5c9814892
4881,09119a20fc84a65e,5800a99cab152584
4884,57d9750864341a54,6314c73f36064ce4
4884,78a9a06ce53fb891,ed306347e351d373
4885,862b672d67a093ad,cb61f70b35b4e980
4886,b9d7652067ba4015,e9ecb62f6818ffd2
4887,fd5d97463f929990,5b7030456c066130
4888,84baa2660d63ec08,3dc611bb2c032b0f
4888,d829dad139a6b268,101b5c28165f7b10
4889,447e47b217387cd2,83fbfc6207d6c88d
4892,07b3929e0798d563,939ffcedd0a79e48
4892,806a7dc731121bb6,a4a274d1b7f53366
4897,2e7b9f6c4aadaa73,63f6ac1c793cc698
4899,bfcd17adf6d26245,f23f34c2b8cf459e
4901,24e186ba14ae41aa,6b4e0f4d096a2503
4901,317bce6ea7d055b0,c4d5263afda93de1
4906,dc1dc64589f44423,ed306347e351d373
4911,b2c961bdf17402d3,e5e037a73f0f63b2
4914,63a6ffb4cc1f0094,ca561fea5d702bc3
4916,82966fb1a27d0033,b6869e7526954490
4921,1a081a68f554375f,742c9e9bda2cc03c
4921,51443e0427f4f23d,d7ee52d8ff83e080
4921,67d5d8125c048fd8,db817d979d28e72d
4922,e1f36fda5139bb2f,c5c51790316fb7be
4923,673a96ce8ba26b5a,b0d331411d7a7ac5
4933,015b4e38635fb869,75c1b5760af0d230
4942,13ff7883db32d27c,6232f0efb4e9c62e
4944,57695dd5c2e018c2,470ca85f20da1fc1
4945,10784b69d9b7fa7c,08c2f850cf4dbadd
4946,54e185d733d1a3bd,76aac666fe436528
4955,6e140a6a21c00532,2d4311013791280e
4956,c7e86515bdec14dc,08c2f850cf4dbadd
4960,196a762c4d9c3426,89c42be945b5ec32
4962,a66db44f65be9a1d,28a31e29da6ef47a
4962,2830cbed8b8ff29d,6a07e0a4d9b8eb9c
4968,1ad582e4c29fef5e,a4b0eaddd00335c7
4969,b25ae804a14ddd5e,65dd1f07bb10806a
4969,82e7b21bef13ac73,d237941bc3434b5c
4973,20d398f184cab93b,78241818e632573f
4973,4342764843f7083c,8ef3a4059f639744
4976,72f19519f473c2ef,082632bcb57d1fb1
4978,34d3d796bc559a1e,6f43393fd918db48
4980,933cdc2fb25f9ee3,6314c73f36064ce4
4984,64bef82697de0ee2,2ddbd22c48105af4
4996,68accf37481f9dcc,4cf25b6848d92dce
5000,a925a666cda468e6,0746cdb7592e6518
5004,4acbe2ebb54ad503,e5e037a73f0f63b2
5004,21088082d615e383,404337830872f59a
5004,e7d5b57dc82da3a7,acffb8b8ee8b4ea8
5005,e0e6dc88599f0d1c,90f4b1482a8a51ad
5010,34f0792c0ffcf35a,75002fccfc10f340
5012,c704acd1d3217b22,c5c51790316fb7be
5012,c48e83aeaf005956,fcc87083941eae98
5016,76f386deed3c4cfa,bb4382e03a175e2c
5016,dac3be5b5aeeb606,3d288ae76183042c
5022,bb3f45f550c2829d,8a0c994a8e96f40c
5024,4976c96f66de1034,1c206815792fb313
5027,1837e7468c40e554,0252f3dd216136d3
5028,e48239102a7dbc24,f1179fc9496d4af7
5032,9397a5416d3b0188,9a9b999637581712
5033,6a7823f1c6d9ab17,4f28cdf2220b4559
5035,7eb8a1df9b9fc11e,1cbdf582de1e2fa0
5042,7da58fb38cccb771,93188934cd80e2dd
5045,cd0914d9798b36b8,3a4226c651bb0606
5047,b69515f1cfc220e4,480f65c44821ee14
5047,f7d34cedfd4e3202,f9d9e69e2fdd6369
5049,83e7ca2b25d3d0bc,c3e4506e056a3f79
5052,5d3930bb3e493b76,5cd2b5962a2f9633
5053,dd3d630bf82e48d1,cb3b8f336a8795ef
5055,fed58551969e6bb6,cd228501f158ee23
5056,ecefb2581284489c,858617c490155d7a
5057,5135c0b5d81162a8,db817d979d28e72d
5057,141a87cbd0eb3197,c5148f7e6c6ccf1c
5059,97f369cace1c7aab,10477a1a69958319
5060,a59f687de2cc85e5,bcabf7038cbd66f9
5060,dd35f8fbb63aea74,9c57285e342cbc5b
5062,a4d906b321c8df13,d9a1c3971edf9656
5066,00402b8f37506898,dac2a1806828b8e8
5068,cc500c8826959ec9,a920ac0e57bb769e
5070,81b77bf2192c9def,31c5b96a0d27009f
5071,03d4003caa86e9ae,0418328bd1c0c268
5072,8deb85281ee55241,c34db9024d261f75
5073,0b19c667af4e12dd,4ff52649d31faa13
5073,99c2d13438161406,71269c2bd84e90bc
5075,e160cb315df680d7,f913764dd19c520c
5078,271c3dca75f5942d,11756b82c458c355
5079,d914ffb6fdb0c12d,05fc69e8d4af68f6
5082,ce29a6702f41a4ea,429df22f45b34dc1
5083,95ddfd0443ba2c83,d81445906cbc8480
5086,40676215c314d23b,028bb3e5c9814892
5086,572e092b6972cfef,c87031edd1199a9c
5089,3f8affbe07024ccd,c05c6f5664dc9077
5089,9851ef86777d7d57,0418328bd1c0c268
5089,2b1af8e54427d343,cc7e159c7752d9ec
5090,deeff43ed6896083,b1867c363c517517
5091,965ef46b7874a660,939ffcedd0a79e48
5093,7a68cd29de8a63f3,2c7d0ade2b18e204
5096,08fd43fdcb17a68a,84c41a7b9b467b68
5102,cce262b1007d1abc,d96a538292d2123d
5102,504f2af7ac26745d,2ca48032dff5d2f7
5104,3aed9fe13af637de,0194a5826c0480c9
5104,b3cf76b83ffb850d,6dbba3f6e213a509
5105,46450c04d2b67af4,63f6ac1c793cc698
5108,389fe3fef1cc0858,a786491012810b8c
5110,caabf25a487c5fbc,c6fdc9c0c2575865
5111,376ddf44edf80ea8,ee5366ec56448ee5
5118,d47f34957dabb303,b146eb164afa1883
5118,1a536ba60df85177,c9f37a27d4b5e8c6
5118,69585faef101b153,31a789d7f0f901ce
5118,02df1de72f03ced5,10477a1a69958319
5119,af717fcbda7dce54,8fe3934a9009d755
5121,44a7dea9d864d8a3,5f7a250c081a2449
5122,b376aab6bbc529f5,f67b296985bcb339
5128,91894fe8e403ffe0,6232f0efb4e9c62e
5132,6f4996bdabd1a9d9,e61dd6541ecdfa0e
5133,da2cf93121441add,0c0924d7fb5ec4b9
5134,9b246b41a06946ae,766d9d059ca6d1cf
5138,33886512f1a406a8,5a8b7bd01328649b
5138,cb8091673e76076c,3dc611bb2c032b0f
5139,ca4b9e1007c0ad02,242ddaa0ce751117
5140,b624bc45edfe0578,22c1de012adf48dc
5142,7bc0bd6d0cf26d9d,a354588dcb1cf36a
5144,dcdb99cb3adbd432,63f6ac1c793cc698
5144,fb2e2028b9629663,c8a6638d4f035fa5
5147,48ebc415945843e7,f72395512fd75140
5148,b9d823b43935eadc,2c2a6c128938fdd8
5148,d8dbc2e6b2e5d2c0,60b7d4ea405d0fdb
5149,b5af9e395bf16ba3,c4d5e0f600db971f
5152,e3f3ce465a130b39,c58432acd2fcc0be
5157,879c367f80e24eaf,4fa747691fb79314
5158,ec2fbb33817a0c84,212f1426d7334a2d
5160,f4745586d1f8d272,b1867c363c517517
5161,22fdeb79dd9ff1df,de1f005182ad76e4
5162,2395d9d59f7f7a81,62e8af685fe84468
5163,7ebe3fc5e88566c1,e9ecb62f6818ffd2
5166,57519ddce913e009,00c7ff4acfc1a09c
5166,f8477d3604914192,9e66e7250fd94e9a
5167,910845c65d6b0b43,e0d37f5c6f6181ab
5168,598027ec381803f5,e35fa0fbcfab6c13
5168,a614d3594ebc2f81,f17510c07c0d2916
5169,adc9a8fa4b689c2b,d420674ab15c5ac3
5171,a3c280d4e221c6bb,67eeb3e012fb7567
5175,c9db234315c75e75,acd1961b278556f3
5178,f389e2cd20b7037b,e5e037a73f0f63b2
5180,a3d2691fc12331a5,5d086835ac6cd063
5181,2626f75c65a012e0,f883641958fde26b
5181,35aaa22a46b55e49,1ebe49b47baaf5a8
5183,608950b622b5c176,7524b69f0301ceb2
5184,275df7aaf0e8504b,94f112b9a3a11895
5185,773a4fba70ca3b9e,80844681baafff06
5185,6e71cd0917a8825b,531ddf7b5b58df24
5189,dea893dfffb9e1d8,28a31e29da6ef47a
5190,773cab7e684253d1,bbf32dcf96ccaa66
5190,11c9bf8c339d827f,b1867c363c517517
5191,4946fc0f1d907cf9,4cc2c8de7403151e
5193,a2c0edf08b71f67a,2c2a6c128938fdd8
5195,12022ae3b2a654e5,690ed2665bc5b677
5200,b8bef8de78c27741,a10a759d908c8190
5204,76c6f7fcc8d58fed,690ed2665bc5b677
5205,a09a818a123a751a,d8203200dd4dfe7c
5205,f35d732e321de786,51e7bde09e95452d
5205,b9ca138dbc1fe53d,87e1e141bc2f3f67
5206,495a3212c4ff5d59,7f2a07011afce2f4
5210,37ce3ceea2f18b46,494f025841b3ce4f
5212,5991f5a4f62e5cb8,3bb61542a271172d
5212,8ea713d5ed4bee2e,fce0f90016c68b7d
5214,306e987da3ec631d,a805994dd837932d
5214,4041a0572cdcbfcb,9900a0f337469f55
5220,a4f3ad525a9bce57,9d9facae9ade7541
5223,1aa4e49762d08b6d,0dd287792c0d6725
5224,17077e45c0441011,3595e0089530cf0c
5226,2928ec00499cb424,2a67f240fce24027
5226,4cca2bec74d045fc,98df8f517c5a0072
5230,a22e02b3679cff85,4d4e9cd66cdc7e25
5234,b71c6979dacaf1a5,19d07ebd7eb377ff
5235,96d7243868df5b48,c2947ebde93ba540
5239,1ee5aedb8c20f871,d56e3abe11cb7000
5241,bdfe9dea390202bc,a354588dcb1cf36a
5242,a09bd55caf382643,7fb58c1db18a3805
5243,74530782de953cf0,08d50d404c3ca507
5246,a3268199a109262c,26e9deb83e4fe9ea
5247,e3f7d25c6d3d60ae,f80d9f4c546a39bc
5247,1223795f9358ba5e,75c1b5760af0d230
5257,7d4d6c701b6c9b7f,2c0b10c87230f84e
5259,b24f1949c9cbee06,611f57c20ac1dff6
5265,3b7ceab2d3b329ba,33dff7058bba8571
5269,aa09f6a8118e9737,690ed2665bc5b677
5270,1cf553831a9a5f9d,5b499b44beafba55
5272,a15c8d2a44a63ed2,9c6a3470fc971adf
5274,470296ef2e71bfca,cf43ec87bd3b1581
5279,6754ea23e82803ef,1005dd96a3b2fde1
5284,675389b91afd6242,7a769bbcddc018d8
5285,89ad79e9ccedeadc,73c068bba76904b3
5287,92560c4825d94af5,d7b899f7e3c6e785
5290,7d128cac81a34ece,1de15e70717c1289
5295,2c9b9ccdcaa67395,33dff7058bba8571
5296,1176548ac4828a4d,d8aa6e910ecc4bd0
5296,20e608f392c3ffab,bc170aeb7aeed428
5300,f2316f7df66d7c81,faf0e606051cc683
5301,b3214aea62b478fa,7d83f6c1912dab0b
5302,63798e12ef9b9f9b,b0ea95e3b9c9b74f
5306,0ced2e6e903b29c9,315bcfafe04657cd
5307,c2e6c1d14ce4b182,f139f14375e35889
5310,2dff16a31bc09f69,dbd16297efcb2ac5
5311,a3309cb9237b4d64,111da6a5ec595128
5314,3e1fd8b2b7241fd1,e5b51c366403c17b
5315,eca7d91bb386b85f,29cd89ad97f539dc
5318,45e395f4eeb934d4,80844681baafff06
5323,dba8debe19674696,c3206a17460057db
5323,b01ae21ee1a80ad6,31e651489dc1cbe7
5324,b8e75a004279a819,83fbfc6207d6c88d
5324,edca0d77eebfc6b0,07810474315f1361
5326,59e6d11a7886351f,d7cbdb382b74676e
5327,3067eb46528ef50a,5b7030456c066130
5328,f8e10929c077cc09,0e98b461782331f3
5329,5e089f1a91c28569,838e3af2a8ab97b6
5330,81302fef6ddb2cdd,fc483a7bb3ae556a
5333,d5b412370e800257,08c2f850cf4dbadd
5333,1e074e26de585ccf,21b38b7bc3186671
5335,6fc1f5d7487bb43a,712c33fe0ec0a46a
5336,7de4f94a1ae1fe52,7f9674328cda7c23
5338,c61efc496838d847,d56e3abe11cb7000
5339,51b18d935b1902a3,3d49632edbd35259
5343,532e2f7db2bd824f,213d711fe8b7ffc6
5343,6e2d21458d305e2e,19c0ec560fd58a25
5343,09643cc3658578d0,28a31e29da6ef47a
5344,696bc1fecbfc5ac2,25774c4d4c27ca2b
5344,3d8f4896a69b2eac,00692d9ab8e6237d
5344,fe18c264f56cbadf,98869c02e91fdea4
5345,5f8aef1748043a59,7815d64c64cf15c2
5349,ffc2f7930af4869f,fb6e4c2115fe938b
5350,b29f39b6dfc1c288,d420674ab15c5ac3
5351,b0ea4f4cd20beff7,2558899e48f6d507
5354,ad154537939a810e,557fe7083762b525
5357,322cdd0f26264655,17e54dee04927cc5
5359,c07ba6c662994d40,fe12945aab7a8c58
5363,4b390867d8a81480,3595e0089530cf0c
5364,a71a8679b1439033,6f43393fd918db48
5366,70b8d557f58fb34e,d7b899f7e3c6e785
5369,fdabcb4dd006d902,d43a98703c90f3b8
5379,d0c541fdcafea8e4,ca561fea5d702bc3
5380,edc522f33d547060,bc170aeb7aeed428
5381,97c1d174203ae654,e4d541cf9d62a1e1
5385,f3eeac103be11c92,3bf68e56cf492b13
5386,93fbc74e1f87c28e,3d288ae76183042c
5393,1dc989fff7e682ca,d42e795c756ec451
5398,c3f80abd49e8ae20,264da3687cbfcfc2
5401,8b055d4515aa53cc,a427559a5f24ce05
5402,f26b60e1ae91ccfa,f1179fc9496d4af7
5405,f15e07424d63bcbb,98869c02e91fdea4
5407,29783e00467352c5,6f43393fd918db48
5415,9f1684905de001d0,d7b899f7e3c6e785
5415,85f477ff256bb380,03842f6ba7e77e26
5422,90229f92ca6c3f60,f80d9f4c546a39bc
5423,13b609b0e68d3e81,a805994dd837932d
5425,4a67e51ebd3ea3e1,6abafa0bd7f152b9
5433,70c2638b2cc64a75,2015fd2d826327cd
5434,86462f43e9945d77,7f5eb8937778424d
5437,ce808cd047bbe758,3ef9f453fd9a8973
5438,3f6b030197d15363,47ef0d047bf95fdd
5438,257008804561d8a0,cc6b239e0c833b6a
5440,31721f6a5087c168,6a1d465a6bd39d83
5442,8ce8806ad4c7b38e,80e3d3f8651825fd
5445,2c012e7647be0bff,cbf663496a6a3f7b
5448,b70a090324a11a1b,24ce7f64340b11dc
5450,a0f0fb635100a2ae,a427559a5f24ce05
5452,9f9a540d6944a7f4,c0919f9d982c7578
5455,b40f770d73d5abf7,d42e795c756ec451
5456,27e6faa51279d964,1085f534425ed503
5457,e9430d995590c9ed,9174c9bb5d8b5ff7
5459,7f074d663acf0992,a89d411168be8e90
5461,4b11b832c78636a7,ba272a7d7c194d10
5462,bbec1b80c4915e28,7d83f6c1912dab0b
5463,527118a6939c80ef,f1021b01f7174ae5
5465,b8a668a4c2365fb6,68d26479be3c8f7f
5465,28169564883895cf,557fe7083762b525
5465,9f26d1eef2ecdb05,c4123b23648892d9
5469,d93ac0f0baac6e83,bb4382e03a175e2c
5471,ba1a45c0fd0c7c66,e109a275cb119b1b
5474,ac779557b284b43a,8f65e3ac75cf67fc
5474,96419a3caa26e50e,792592f5459019c5
5474,c58ccea90c72959f,4df3472146920b28
5476,7b90269ea49aaf8f,0746cdb7592e6518
5478,26a7a70da44803b5,3b47dd76b811b75e
5482,6a083cbebfb241ea,0df3a6fd2997e83c
5484,0da0b71c37acafa7,f2468f5dc8034b1a
5487,1179b58170f27a96,4eeef24c4d5ca56a
5489,342a7f3b05d29aae,7ecbf61e187af78d
5492,fe012665ad019f00,18b33ea776cdc917
5494,e4547a53f714d891,c4d5263afda93de1
5498,348702aec9901a14,c608d88a291ff907
5498,bf87012cb5675cc3,4dc6b4511daf5e6b
5500,f0607bbb43ec5df8,d7cc832cbd08f6ff
5500,d069f6b60d7f1d08,0f91fd93e1e9d57e
5502,a0d94afeeaefb9a3,42004620ab201054
5502,fbc913308c128d27,f9c0c821db6afbd2
5505,832485491cbf29f6,a12143aa34077166
5508,a638e1bb3f5b60e2,ec4e913962b0549e
5508,22c766cdab4f8c1f,d5070bc5de273657
5509,1c704e64c500ef1e,a1bfaa32d9268c56
5509,51f06edf16b70808,f2c29310cc55e334
5520,f9ee77d198e400ec,ccf102da784ef677
5523,8e412afd23c7698f,288cbd6a362c49ea
5526,9efed28b74c231de,43d4d5669e2aa449
5530,ccdade9598f94eb7,f083408bc4feef8f
5534,2932a1ac0f8b25a3,b146eb164afa1883
5535,94a834ba3b72bc7a,7fb58c1db18a3805
5542,51976ca369475d11,d9a1c3971edf9656
5545,22fc542a22608600,9db95fa1ce8a28c4
5549,910df7831a678cce,713d9e86427d9721
5549,0ab59ab3355fe618,a21cfc65884782e4
5554,9fbcb1b602fe4c1d,43d4d5669e2aa449
5556,93dbc426d5767d39,c87031edd1199a9c
5556,3a03e92aa0e883fc,ee5366ec56448ee5
5562,ae2e46d2586feae3,e87ee3589d5986a4
5563,160568975fb58ba5,396692cca15774e4
5565,ebcecfdba21525c9,21b38b7bc3186671
5565,a0f91d9af0ec6b15,87e1e141bc2f3f67
5569,0c2e5bb0a5f638d9,3af008ca297bc2bd
5570,11eca917ece0abde,0fe27c3d3801fe0e
5572,b51208f87654c591,1befe65fc84a02ed
5576,153dd39d91e25f03,264da3687cbfcfc2
5586,8e955c83a969fc9c,75c16d930cc51fab
5588,c4602f5e6200ec94,7fb58c1db18a3805
5591,f41dcffe31f2c0be,4c5153a09335ad8a
5600,06db2d4acc7dded2,05966a2e05d317d5
5605,f3da13193ed8b66c,1c206815792fb313
5607,810dce3d5a1cadba,3158b9412bc9cdb9
5608,d13a817264cf25a6,c5c51790316fb7be
5608,c3715b616e53909a,c21466cbe4ea2865
5610,36de9d44f60778a1,a89d411168be8e90
5613,8bf118288e07c395,6efdc1034b3729e7
5615,3035ff864a0a006e,ff77feaaf3863806
5616,36680c51850965a8,cfa4a4eac18cc3b7
5619,b1cd570c3d33c2f8,0746cdb7592e6518
5626,e34eaef9d338258f,f5ee60524a782d11
5626,7ccb41936128b7d9,80844681baafff06
5626,7f06843cc42dc98d,6fc69623d6154ccd
5627,7a3ab5a8f3a3dee2,57583500d2b0d7de
5627,9e3653062f50dceb,25774c4d4c27ca2b
5630,31371661e6d5a00f,9a4ac71c016c4f3f
5630,c46e8f4c0f047cc4,c2947ebde93ba540
5631,12dfc2561480ca9a,75c1b5760af0d230
5631,062337935c1595f5,f1aaf29f59808d31
5635,28f2670af44f5acc,2e4975463574f243
5639,7b16146a9583b33c,a1bfaa32d9268c56
5644,f700682589b75a80,9da67f4f8576ac1d
5646,40eb5e03b1a8bb1e,742c9e9bda2cc03c
5647,a11967b5da726e96,f0f8f63ce2a56f85
5650,a1927043dbe274f7,7a769bbcddc018d8
5650,99075f5ed089b64e,b659ecb5d531c2fb
5652,02f0f3d12c67e261,7524b69f0301ceb2
5655,82d748ec0273a4bd,d5070bc5de273657
5655,154e80a99fea1a00,65dd1f07bb10806a
5656,502dafa8824f8126,8a2d0910a548eb77
5663,babf01d32c92a563,86ac94b43d50e277
5666,8c9df890b75548ca,1694ad39ca3df90b
5668,8d133a5d0f062338,6fc69623d6154ccd
5675,8200d68478a59d83,d56e3abe11cb7000
5682,6de6851b6c4d9e44,1003c9bc8748b80f
5682,648e8ec029b2f5c2,f0f8f63ce2a56f85
5683,434890f0126e5dc5,212f1426d7334a2d
5685,8f5e36987a032bfb,fc7278c7480d3bd1
5687,ba3dff41cfc77be2,e7da5fad061688c3
5688,ff083dce0f53e8aa,b448c0416f2f5212
5693,b38b6c5e68c68d3b,6f43393fd918db48
5695,e6792a9f484a2230,982db8471b188223
5700,73117bf7c702976e,f80d9f4c546a39bc
5700,9e3daed1efa2e7cf,609e29be93108d56
5702,59f8985862ba6d78,9f21684de4ba3459
5703,5d6ecb68da2155c4,6d3e3daa224dd9a9
5711,8517d8350abd803d,9da67f4f8576ac1d
5715,9585b3330cfe890e,71269c2bd84e90bc
5717,ad3213354dec466b,3755a666a29ec4ea
5718,0cfb7f656ea43f6a,bbf32dcf96ccaa66
5722,f875559d340a9238,760012e96c16e099
5723,c2d7a25f231e557b,3ef9f453fd9a8973
5723,bc65e13f2072a355,e65bfa9025c67dc1
5728,eaebe57f6834f50e,0746cdb7592e6518
5730,a99a99fd6e801ca9,31c5b96a0d27009f
5732,9353c743a884c285,2194c718ecae6aac
5735,55f29487896f43f3,e63188c36ca98ad0
5736,1d7b4a232235e170,14a44fd093834655
5739,1310fbc1cd5c8109,24ce7f64340b11dc
5740,359631fbf9911d78,0355299394e73ec2
5743,cb1d79370310d628,8e77b9823e2bf873
5743,10cf95ff4922255e,939f4e383d7f2538
5746,97dbed749c6e2814,43d4d5669e2aa449
5748,f376c881458bf72c,4f28cdf2220b4559
5750,262c9980e065f8ed,a7a91feb3deffbfd
5750,2be87029b405afc0,ae8fa5881c61ba6d
5753,2ddb703673d3b2b9,f102933749fe6e79
5753,c3851478f481b07b,5c65a4aee2c31dc8
5755,48914c4a58f382cc,f1daa3c28cf7dcf8
5756,5041bc68bb91957e,0ca6f63896fdaece
5758,70c532e25a81351c,b7fedd6310ee4822
5764,eedb70aa2495a521,2015fd2d826327cd
5766,c2235a6ae6aa2092,792592f5459019c5
5771,1f2b0c8da1c375e3,242ddaa0ce751117
5776,16227aa52472ba22,35cdb792992cf99e
5780,89749051e679ddf5,d56e3abe11cb7000
5783,ad5930b8c0365748,a2127a7e8618bf38
5783,15546a4217e15033,4c20216adcce202c
5786,04e62f569a4c4add,cf913e28d6788509
5793,c15a8d823a1fb133,0786c61efbc2b720
5799,5c1fb8c429f5b0e4,fe12945aab7a8c58
5800,7b2ea03cef3b7568,71269c2bd84e90bc
5800,1c13a1cdda301d0c,c3206a17460057db
5803,7d2e6c0307bdc97b,4f18cd9e2d1e6132
5803,9828cd36c7ef2084,0be2188636101cef
5804,c960f8ccda4c12c8,4d4e9cd66cdc7e25
5806,7331e62ba35a5564,e63188c36ca98ad0
5807,c0ba7be25f3e1525,e4d541cf9d62a1e1
5807,e9a64982a2062cde,178c8b1d0002cd59
5809,00614769d5b4644c,315bcfafe04657cd
5811,268e05f3fad2be85,1b9874ef0fc9604b
5814,04b17556256a4fa6,c9f37a27d4b5e8c6
5815,81c01b19e26aeb77,242ddaa0ce751117
5816,296be6cdd50241d7,98df8f517c5a0072
5818,8550bfbc439f4db2,d9a1c3971edf9656
5819,fdee790435f82e91,a125d80dd7a74615
5824,635bf5d0c149475a,0be2188636101cef
5824,c3fcb4e516f7c5ef,264da3687cbfcfc2
5825,babd04e4552b3d62,1c206815792fb313
5826,e103cf9ee9c8cbf1,382f8cb122279b79
5827,1da2a274c9203215,e109a275cb119b1b
5828,c09af0551d71263b,acffb8b8ee8b4ea8
5829,5d3e0024001051db,c87031edd1199a9c
5829,fc901819b9f59491,3bf1133ed2420c32
5832,659a20cb8b982f0f,0f90858fc1cfc8ec
5834,a2a0aae7182b79dc,c5148f7e6c6ccf1c
5839,7cf1396e15d59632,06ccacf07ed20b29
5840,4e2d7c9d4226ef3b,f72395512fd75140
5843,5215590271b7d1ed,f139f14375e35889
5844,7908f92aacf89fc3,07b73a836bb1292f
5847,ce52b3f78102ec98,89c44611c7d4780b
5851,ca0ceb47f53da55c,50ee2d68823cd1d7
5855,cfd25d810279404a,8b5c521c0fd34d49
5860,a8a4091904567e04,1447f6e08e297e9a
5862,3666138f35db208b,c76a7f24ffa59966
5865,8f9a6413d1c7c783,6e5d517e1203764b
5867,2fe4e883e8a4c315,76268f3393a99ada
5868,953e84e53fdf0b01,838e3af2a8ab97b6
5870,939f4b531a56edd1,2e63a4786fb9fc54
5873,e29d512292f3fdfe,24ce7f64340b11dc
5877,1439bb0aea0e76fc,36670856a9c316da
5883,9f32b96f44b44117,94a90db3e920a7e1
5883,6bbafb3db4dd9f2d,2ae1bb45655f9305
5889,630d832f51df5b71,5898876e45cbf5c9
5892,325af593d3ab6148,5c2665212ae85ab3
5896,f5f1b847a7e1290b,42b6ed075e0f3d01
5898,e7eee9c4e0a9e264,2015fd2d826327cd
5910,3c198299f3aaec04,29cd89ad97f539dc
5911,514c9bea32615fcf,ee4a08fdd8c30e1b
5912,0787e8606a204509,96d069ece4a5c998
5915,94e425c85d254fca,d237941bc3434b5c
5917,2846567507f43da7,a785779222f01e0a
5918,4cfd7f99b751e13f,b1f36b60c414ef75
5923,1c27cdd8312638b4,1085f534425ed503
5926,029536311859c3cd,ec88f7ad62e5203d
5930,a9de8c526b62ea9f,9986d4344339cf02
5930,52431d0301c11804,23d17fd600980376
5932,2637a126e74ecac5,4a3db7d5ea25c4c2
5932,fe10f9250ae1ca9d,11756b82c458c355
5934,39bfd1eaa2f5dffd,f9709ec3583ee31e
5935,24c3dad2eb5868d7,713d9e86427d9721
5936,b9d42d5ed6a509a9,6e6fdec708fade07
5943,c44a69fb61748177,68002c286028715a
5943,cd8bd5d35863a5a9,404337830872f59a
5944,b4ef8cd61ddef631,480f65c44821ee14
5945,758f98c51f415f6a,67eeb3e012fb7567
5947,e5cb9879c51a1e9a,55b65898655ccfbb
5949,01e7cb74f16cd24d,faf0e606051cc683
5955,db62b42d6bad63cd,89c44611c7d4780b
5956,e1e1dcc540cce73e,d56e3abe11cb7000
5957,3aa662764a57abbd,f72395512fd75140
5959,39bf19e192e80802,9449b7e65928baec
5967,41d2ee293fe00420,acd1961b278556f3
5968,72232be30032a5a8,b3a637bd382261c2
5976,c62cc0e4a7ffa287,21d17a812d1d9360
5976,841b69f049c902bb,9755556728e7cbee
5976,dce0275736ef7e24,68d26479be3c8f7f
5980,8101646bf8fcf382,c10e560c5215f04c
5980,8e26143bcc657a1a,6dbba3f6e213a509
5982,f2803977039d3656,3bf1133ed2420c32
5985,ab8f323e40412847,7a769bbcddc018d8
5987,b24896b17e8971b0,04fc7a35cfecaef7
5988,5c5d0a2d1cffb60f,ccf102da784ef677
5991,bd9d814d11b9099d,6232f0efb4e9c62e
5995,a40ffa1d1ef767bc,33dff7058bba8571
5997,a3585b70f1c7ffbd,bd3450c274d77562
5998,2b233f8f8c76e0e5,5433f73bcd65455e
5998,53c8005be4f69a25,3e424a1396cb7f04
5999,6044664734377ca1,b08cdb028e528186
6002,a60cc5c981db1bed,9901afb52e3a84d6
6002,6972f955bd4094fe,e7f07f202c09e815
6005,b9f5a3a5438ecae8,5082b6738f9c010f
6010,3d2946566fa162b3,7524b69f0301ceb2
6012,8a0e02465f36723a,1d54d3eddd27db97
6015,fe2f6d6423fbf532,1c206815792fb313
6016,935e41fef396bd9e,181fc0abb1697f32
6017,cb9050b1968afb41,d5070bc5de273657
6019,083e7f418fdc1a90,2015fd2d826327cd
6019,0b067b4112dedfc0,712c33fe0ec0a46a
6030,765bb37d75a6e142,19c0ec560fd58a25
6035,33d0e7a73d6f6be0,a10a759d908c8190
6036,c72518192c800dd1,12e733882d07f49f
6039,8e3b6d6864a025f8,1447f6e08e297e9a
6041,bfa7fe3469446dee,6336de5003fc3cda
6043,232aebc5d4d473d4,60188db28d8066c9
6044,26526cac1d484078,e5dde21e5086e295
6045,472a7d305e23b476,a5233c666e5ccdfe
6047,a2b2462f23351d18,a427559a5f24ce05
6051,03995c142434f645,04412e61d453e670
6053,800a631dee3f03f0,e509841cb0d692f3
6060,4519f6553fa6fb13,3e424a1396cb7f04
6062,4a915ebd79c02896,59e0d924ab1a4247
6062,981101a03b3efee6,a87415e5cb8f7eb8
6062,754c6e422a0a5b03,0418328bd1c0c268
6063,1999f08cd254d974,8c04106c3b8180d7
6063,97c5946e72176eb6,4e96d96c2e3f7a3b
6065,07f24f4ba68219b0,f26266d2ddc3314a
6071,444840c236af0e30,480ffbfabcba8c8a
6072,90f0836225a9f770,c44396c9579270a0
6075,19fcc22850a4a2de,5cd2b5962a2f9633
6075,3f3866f15cf66d54,2e8038e169941f54
6078,4d587d804d369338,0edb14001b769711
6079,205fd9158d58c604,5691683f1289fb31
6079,a91ce85e4b2e1eee,33dff7058bba8571
6079,7244d92651f58f4e,4613fdd9631bcbaa
6079,dba136bde1b328bc,df81013668d5826e
6080,01889693dbe4213f,e7f07f202c09e815
6085,52d51c2fb52d0509,49cd52201bc261f3
6086,bab1e44404014433,c76a7f24ffa59966
6088,2570935ee36e35f7,6dbba3f6e213a509
6089,3348e15601178868,e46a9d08e3ffba8b
6089,6d6affb878dc8966,1bf090740fd04f6e
6090,a4f4339a9e10d66a,1c206815792fb313
6091,e670bb79d8c15c7a,be7b0ec053b076ad
6092,bc3f8e01ed59b727,efdfe16f3e8ffdf4
6093,b3852e9cc82ea968,94a90db3e920a7e1
6094,7b045774fe129218,04fc7a35cfecaef7
6094,2b2bbdeb62182938,2c68b2b616b96f65
6104,ed10f28fd68272d6,873e94abe9e404c8
6107,3ea84bc32a33765a,420fb5a0c50b3fa4
6108,6607e81181d9f947,3e424a1396cb7f04
6110,7ea1c55990af81eb,af5c9156298302e9
6114,99dea94657c1d4e1,3100fcc94e4225db
6119,44ff800f5fdc2508,a3f2898ae24a837f
6120,54a6ff0ff9af1d12,ebac998810b90916
6124,0055ccf784ad6e91,c0919f9d982c7578
6130,57ba25bb4bca2917,58056c933ea3db0c
6131,0ea9cd4b87f45aa4,1ba185b0b98c5f04
6140,a8fd2a6153e0d305,24c485a60e337b76
6142,abda05f743803bf0,80844681baafff06
6147,2ea0ba6e41632184,fc95cf430e9d68a0
6148,7a1a56766b1d4a82,588432fbe6e4229d
6153,209a8b7b90b3e2bc,f0f8f63ce2a56f85
6154,51b5e87619bde852,21b38b7bc3186671
6155,b4978566c2d64fdb,d43eb6a0b880f80a
6156,3780fa56fbe3ac18,236acc8ad6a0b6e1
6157,c544129e2a9aff94,d96a538292d2123d
6160,27f52efe264f8008,5a8b7bd01328649b
6163,4e3f9f31f7e1bc79,2c13a1749bdf41b7
6163,3358f698b91365a2,236acc8ad6a0b6e1
6164,a69a93791fcb9b18,4fa9df2a2163c4cf
6164,30dc6f8406c6450f,c608d88a291ff907
6171,03b270441376f85e,f9c0c821db6afbd2
6173,7974d1353f7dd347,3dc611bb2c032b0f
6176,60fa11c96f516dee,690ed2665bc5b677
6178,c8b185e2467db67c,0646a479d4551e76
6179,67349b819abe1223,0edb14001b769711
6180,f823fae6f725b7c6,3595e0089530cf0c
6181,6e4d074a434b5617,0edb14001b769711
6189,d03affaec3bd9eaa,ce359e17bf7329ef
6195,61a603247099be0d,0646a479d4551e76
6197,a352b9e814c74f36,7760bf66fb0328eb
6197,eea312df096a90f2,83fbfc6207d6c88d
6201,2c2d450489b3b404,8a2d0910a548eb77
6202,20048bd290b6d255,96d84b6d8f46a504
6205,0ff461a0dd17e438,4ef62062b74920b9
6206,48298ca98c907c0c,a1bfaa32d9268c56
6206,63582b337b12c0e1,71c756083cad202c
6211,03c5b41f97c279b9,02203cf5c633903b
6211,1bd092ac12a4f44e,51e7bde09e95452d
6213,91b0073dda5ba921,f2468f5dc8034b1a
6213,420aae6535684909,b659ecb5d531c2fb
6214,490e350ce4652b8f,31c137ff3b441e0a
6221,025ee01fd1357d53,a427559a5f24ce05
6224,d9340c6789882dc1,dea8c8164f47321b
6225,2874fb8f709428dd,c5148f7e6c6ccf1c
6232,069bdbc6a9c70e0c,8aa6c7091bc90625
6235,2a5b579717cc0531,0a816335323b90da
6239,2e96d05fa2d5c721,ba272a7d7c194d10
6243,b28fbd13e2cae7ad,ebe7f4422ac894fe
6243,1ce8997aa8b036b3,236acc8ad6a0b6e1
6246,33e44c6e5164977c,f4246da8040ebcd5
6247,136497d7d62a9aa7,e63188c36ca98ad0
6249,faceaa5f528876ed,a354588dcb1cf36a
6250,c97f90ede765da15,e7f07f202c09e815
6253,19e744c8af07b1ff,74c9151533e9c064
6254,0ef1982935552a76,0746cdb7592e6518
6258,beaf28c095f1f3e0,e509841cb0d692f3
6259,86500bf13464b504,42bb0d818a7a2764
6260,0773e64cf55cdfb3,c37bea5563a20120
6264,21887e822656c20d,4eeef24c4d5ca56a
6264,05a777cc720720e6,f0f8f63ce2a56f85
6272,5d53a46c7564ef68,4fa9df2a2163c4cf
6274,0f0748c4813ea987,a3f2898ae24a837f
6277,21dffdc9223553e1,c0919f9d982c7578
6281,c2769f5122b98323,94f709ffd79f17f8
6281,8f7ed7226fb816be,b09d169b9eeb82c0
6289,e8099ef1fe8b3c59,1005dd96a3b2fde1
6291,85f952009e01c819,31f1e03d2eb9c004
6294,a9461207c5528cd4,87e1e141bc2f3f67
6301,98bac435f36d9847,9f61c8ef11824d26
6302,c3a1914151346105,1d54d3eddd27db97
6302,36b3cb8ef1967362,13931a3c19dbeb98
6307,24e5c90183da447c,c44396c9579270a0
6314,ec071bee0efebca4,34ae10cf09d90a15
6315,b168ede69d941ed9,9d3e26df3ab2743b
6316,a46f963324801a19,ede892db28351465
6319,c5357d57e54dbf03,4f28cdf2220b4559
6320,50dbffac03e485d7,8f6fccbf93f3d3b6
6320,225d6ec4c7015441,27ee81ddbe022cc5
6331,62b38d1dd9e68f82,cc6b239e0c833b6a
6332,18b98995e260bbc4,2fde83680b7f8d79
6337,ab98d242d72aa257,5b499b44beafba55
6337,ead444c89558141b,6336de5003fc3cda
6344,3ad62b815d816a17,6e6fdec708fade07
6345,05aa4b91771fa3e7,6e6fdec708fade07
6345,963dc636889199d2,c4cd238af7dc0d77
6346,5c4055350801d15b,83820dbeb6716628
6354,8cedc002143a55b8,ee5366ec56448ee5
6366,4dab251a279a6926,62a365f6370afcbc
6371,bfe89ea5b7b63147,770c02e0f98c13c7
6372,818ff1bf225f9448,df3cf3e1cbf4f2bb
6372,bdb8d89fecbfdd8d,204a29f5bbd1d729
6375,6e53ea0e3ce5e3b5,4fa747691fb79314
6378,581e4c4e60d5345d,dbd16297efcb2ac5
6378,da8d75cf49126ed5,3f1cf267acb47fd6
6378,a1685fc6a3bf1815,c5c51790316fb7be
6381,bc902aa9c97adcf0,1d412e9ee5731c61
6383,f2c600342c903000,06ccacf07ed20b29
6384,9828668d6665ed49,2008671560f65af5
6384,ab7a7de813260a90,3d288ae76183042c
6387,188da1a3d8fbea36,0a3f241c60e92be4
6387,628e7cd0875a2fe2,80844681baafff06
6388,db858c245f0c924f,7d83f6c1912dab0b
6396,5d6cee9f8cd6c360,62e8af685fe84468
6398,d6d1ee918dc97d96,36de9d44f60778a1
6401,d6120f0ff41b995d,1fb38a3d426c4ff9
6412,9b0f5bc41da2488c,9a4ac71c016c4f3f
6413,b81dc48136a881ad,55fec781aaeb7dd7
6415,03832cdc90782904,14a44fd093834655
6423,70bfff15ee5d0588,4f2cdfb2c831be02
6424,0bb5b33944eb0ef6,d8aa6e910ecc4bd0
6429,9622d47efb16d027,9117f33c19f22970
6439,5ec6a24ecb3c52a2,480ffbfabcba8c8a
6439,2b12e69fb2f54358,74cafdda027b3aba
6443,460fcebcd7f51268,cbc94b1fb8aaeed5
6446,85df4307f25764a3,73e79e04a5f29602
6449,e98f58efea09d1d3,87a62ee6b238427a
6451,3d2e0a0184b189fb,2484539a8e615923
6453,8e5530b817181c48,0213b4ef0e427a66
6453,6a968f7bc60a3d4e,9449b7e65928baec
6453,fbc5375822d5f997,b0b126b9a8f0c289
6455,99552f69d7b367d2,143dacfd65ac6768
6456,a59cdd798e1b3e12,713d9e86427d9721
6456,0258fdb7257a1468,8ef3a4059f639744
6458,09392305858e9584,5800a99cab152584
6459,7187906fb19f3030,1021f7d55a22fdb3
6461,70bd923aa9fc25d4,9f28b2badf01905b
6464,282a5a6db03b2227,6b7f19ec249ce7ac
6465,d190e3ace30a6ea4,50ee2d68823cd1d7
6467,f60cdaf2b956bc25,cd228501f158ee23
6468,786b21a5b5ee8533,f17510c07c0d2916
6470,8a8c66ec95ac0aec,2db39b32ab42ce95
6472,884c0c4496f86bdc,29cd89ad97f539dc
6475,6f3d4a1e8a155872,2008671560f65af5
6475,3ad31b54cb477ca5,dac2a1806828b8e8
6475,36b128da0ff80cfc,d9a1c3971edf9656
6476,3ca1478da0d60fe4,d56e3abe11cb7000
6476,b44bdad9f4c2ac6b,c05c6f5664dc9077
6477,b50f23c02f58acd9,1686f24cac44253f
6477,3114d3ee4b25d5bc,4fa9df2a2163c4cf
6480,e4b32c7bec5dc072,cfaee1222daf9f8a
6482,2a43bfed513f99c1,b57f995d3160c4f2
6482,ae5882c37e87972c,b3a637bd382261c2
6483,52d94010ba0a7984,1d54d3eddd27db97
6489,21eb78e1985d6d37,c6fdc9c0c2575865
6491,13a942585b4bba97,2015fd2d826327cd
6494,bb28c8c8e485bfe6,ed9a81c75321ca9f
6495,d95ce3baf75c25e1,03842f6ba7e77e26
6496,433ffb8780f0bbc5,3ef9f453fd9a8973
6496,123c2e25115caedb,87e1e141bc2f3f67
6499,76583c1b52730c5f,824e54f2fcfbf57a
6502,b41282cbb6b91e9b,be7b0ec053b076ad
6506,3e3443b2d9fd5305,83fbfc6207d6c88d
6510,f5e878a580ffb17d,68002c286028715a
6524,4484d8b0b1c23845,89b717625c90834b
6525,57e22b2caeb38a62,33dff7058bba8571
6525,1c52d6809ab17ba9,c77b8292f56c4cc9
6525,0f777418c53073a5,1060e11e4e8cda3d
6526,7dec37df54722410,0f91fd93e1e9d57e
6526,8ea3ca19914683a1,9c57285e342cbc5b
6531,56298c0befe57593,8f6fccbf93f3d3b6
6531,efa790ef7cb422e9,171d1b0b7aec3cce
6533,4d50570cc6c04cb6,93cef3b6e0c9411e
6534,708124136f0fabe9,60ab90d31a21e9f0
6535,1e702c7a6852e43f,8a2d0910a548eb77
6536,28285e352abce499,50738e3edef7226f
6540,e771c2008ec2a05d,b1f36b60c414ef75
6542,0129b220dbf6e6cc,8a44c57a02f90e84
6544,b73ee06e47e3d2d2,4fa9df2a2163c4cf
6551,520b25c54167f52f,dd3de337a32889b3
6555,f7d4f6119cc0220e,b06b1b54fbedb459
6559,02165aabf9892153,be2780600722ff02
6560,10da589f1d73a285,681d82b09ecea793
6562,691cecff5d90a4fb,7bd59935950041e8
6564,2cf8d3be9a1160ef,1447f6e08e297e9a
6568,370852921debc207,8ef3a4059f639744
6569,7e1a8ec1f1f15c0b,2c13a1749bdf41b7
6572,6905d3d481dd8e98,f72395512fd75140
6573,a915649dd7107cf6,fcc87083941eae98
6574,f39af675941c694c,b1852e616c74461d
6580,1a4659e9d9d1dbea,cbcb534693b7de72
6580,2c5726ef0d54de7e,204777bd42d2f43a
6583,336f910be96c3137,09614f05c6cfa13e
6585,58b2b5ff32645a69,c4d5e0f600db971f
6586,f1f6d4896baa9b7c,5c65a4aee2c31dc8
6589,c89073c3ac32acd2,136febed384b794b
6593,39337001e57832b4,fc95cf430e9d68a0
6593,11ce24f1e7f3bd58,4a3db7d5ea25c4c2
6595,01555ed7498dc105,c10e560c5215f04c
6598,95bbf2d5a8f994be,ce359e17bf7329ef
6598,ea64a4b6c2a47fc0,6f43393fd918db48
6602,ea542422a519ce3d,a135e8e2297977d7
6602,eecc0e39a70c0af8,1447f6e08e297e9a
6603,595b20a356124fa9,cd4533a99b331531
6610,1ece7b096292e10e,de1f005182ad76e4
6610,282630ef824acf33,4dc6b4511daf5e6b
6614,deed9bc1075451f9,a786491012810b8c
6615,2c728b01fea52f8b,59185bfa10d210fe
6618,55c912ebf9524dfa,611f57c20ac1dff6
6619,ef92d1f3ccd68979,30f96053b7a0fa7a
6619,f540fed4ffa5bc7d,92d5968eb3232ed5
6619,ecd52373a81829a9,d42e795c756ec451
6620,99eab2fc142aca95,0be2188636101cef
6622,7a9420d7cd3df06e,beb473c4163655b5
6629,029af2d1feb2d375,84c41a7b9b467b68
6630,bfddc48eb1ad07de,315bcfafe04657cd
6632,b0a77ceb41c6a89d,2015fd2d826327cd
6632,c5a9d0e4c1e078a4,5dd0f9dfd4e6fc3a
6633,d2b9d1c082badb63,e4d541cf9d62a1e1
6634,ade3df4c63d04664,2015fd2d826327cd
6636,a546e3dd8d4b2c48,1de26a976e89144d
6641,2ee70bb7f8078668,b11559a96f4d6180
6643,f8667a040337780d,6336de5003fc3cda
6645,ec5fd2fbe4ca1b42,f9c0c821db6afbd2
6645,2e674aaa30f7a493,751f1d65af06e462
6649,6096175e1314c1f7,b32175cb8e2f52f9
6649,5a79246aca9fb3f7,f26266d2ddc3314a
6653,4b6249de27b27dc2,fd2c582af566ec95
6655,3f11294fb6292771,074c031bbc3a5cf4
6655,aadb554fedb89c2b,f816d3b329340409
6656,6cc58a186e00bec3,04fc7a35cfecaef7
6660,de122af5c2314f68,b146eb164afa1883
6662,00842c9dd43fc6c2,b1867c363c517517
6665,7bde6283e28d1b1b,8a44c57a02f90e84
6667,a0e6c9421c931c5f,1ebe49b47baaf5a8
6667,c241e41cca66baba,80e3d3f8651825fd
6671,1ac926f7ae9a6471,c4123b23648892d9
6677,30531bf50a4f7801,1d0ca5a94e591ec1
6678,4f834db36963d6d6,4cc2c8de7403151e
6681,c22dd35d6f992f5f,3db69052b45c8a21
6682,7612acd93a7beea8,a974a80fda63b209
6684,6da076b3f2133c36,b14c193aa75714e9
6688,294b21feaa3efc84,f80d9f4c546a39bc
6694,d705a0e785d11010,10477a1a69958319
6695,79fca2a293bd5507,9a4ac71c016c4f3f
6696,210dec221a028c46,12e733882d07f49f
6702,9b50b3b3a3766259,e7f07f202c09e815
6708,b0de8bbfc1aeb68e,c6cae9d321705624
6709,8c8bc5ac04d16d6d,8e8828f4c0b0402d
6712,616fbe540fa7b3a0,4f28cdf2220b4559
6712,762c91e63e84bf1e,68002c286028715a
6717,5ef43cf28d066e1b,86ac94b43d50e277
6718,c2fd192584e76220,6082e8812adb9083
6718,15a2916467db5e54,76aca3ce806c3be7
6719,33d253e417e5d50a,fe12945aab7a8c58
6720,84200413f3171af9,ee4a08fdd8c30e1b
6722,d18d06764cf0855a,73c068bba76904b3
6729,ca2b16a5ec9a2b39,f351e4d6979c47f1
6734,bd52c77c2239bafb,f1179fc9496d4af7
6745,38c4e6e58fbe700f,751f1d65af06e462
6745,a9f04966dcf671ec,67843b4efaee06b7
6747,32ca332d9ee7a55e,2558899e48f6d507
6748,904686defb58a891,ee5366ec56448ee5
6749,4ce6e3a36a850263,0746cdb7592e6518
6750,a852e25e9cbba685,998cc051ef42fd31
6752,0effe637e53dfc49,2a67f240fce24027
6752,41f9bde01724c539,92f36bde368eec8e
6752,97a4f967341868a2,2f086fc767a0dac5
6757,21473c6727168f86,b3a637bd382261c2
6759,d6d1345ee7e3504c,1b4df0031648820c
6764,aeab8072e30a39c5,082632bcb57d1fb1
6765,0949812926ffb9de,c4c60b67079dd298
6765,58f5449efdb53cc2,cb24f979ebe7966a
6766,db0ab41c8d1d6114,5f7a250c081a2449
6767,13ce35e3bfb3dd5a,1050f0c87ff748e3
6767,b83d4211908c8567,1fb38a3d426c4ff9
6767,6a321c81786215d6,c5c51790316fb7be
6768,0a54ab55d37e6d86,be2780600722ff02
6771,3ac9a3e3582648fb,ec88f7ad62e5203d
6774,9211122fdd7e7a47,1ebe49b47baaf5a8
6789,54ee0e6b26087d8d,f2c29310cc55e334
6796,08a15348b78a1f1a,e5e037a73f0f63b2
6801,a731262a3845e874,3595e0089530cf0c
6802,a4c6875252c952a3,92d5968eb3232ed5
6803,22faaba539d921e0,5a6e1d3ad98ab6f9
6807,cb25cbe66b86bc17,a2127a7e8618bf38
6807,3622df9c1658dbb7,9c8f87006e00f034
6811,b0be197656fb38b0,731b3918770c4bdd
6811,5e345764bdf76031,acffb8b8ee8b4ea8
6812,cb0be8db0ab5fc45,03842f6ba7e77e26
6822,4fc75e05108acb84,81b96042f105d395
6829,a75b3ae0aa61b7fe,89b717625c90834b
6829,9907b983a4c387b1,df3c0a21d22d2592
6829,fc782438714df08a,028bb3e5c9814892
6835,e522a668e467aadb,ca561fea5d702bc3
6835,d67dad2173400b03,22e2f3c3eb7e9f10
6841,3ff088bf853273b5,c76a7f24ffa59966
6846,17818c5a019b0fec,a427559a5f24ce05
6846,70739636e4398152,c00becd172da5b7a
6848,cca18cbff8af0e58,b8131a6092bfc17a
6849,355c26178a7424e3,0be2188636101cef
6853,d29a097da93f0727,c34db9024d261f75
6855,026c5ae3795a0180,a1bfaa32d9268c56
6860,85df9ef3e6e009b6,a125d80dd7a74615
6862,ab9ce2d5688d9113,f72395512fd75140
6866,c2f8cfd4e245dd35,9449b7e65928baec
6868,e8aed267a82be080,42004620ab201054
6878,d3e9d4a58c36deae,713d9e86427d9721
6879,4ad4ea15500c8c2b,71269c2bd84e90bc
6880,a9443212fe498166,0817a751f354ceca
6882,cb64f7b337a979b8,3755a666a29ec4ea
6885,1b2d0fc6f3062b9e,8100631d9fc46234
6887,d75ad5beb30566b9,f2a246ebdb11cb49
6891,125dea55508528b9,204a29f5bbd1d729
6892,8f975405e2615513,e242cd1cff554fab
6893,393fe3a1a0083cdc,04fc7a35cfecaef7
6896,2e4897629282e3da,d8203200dd4dfe7c
6900,e8399fafb1971dd4,13931a3c19dbeb98
6900,1b58166a3b34277c,0d7cefc357dd1b09
6900,e348d88d7321d833,24ce7f64340b11dc
6900,b39fa7f1a3ade3ed,3db69052b45c8a21
6902,58818585c58c4c8d,68d26479be3c8f7f
6903,f8c06ea8b7483fa6,7c9ad11aa7a3824e
6903,24f5a8f73c550c0a,b146eb164afa1883
6905,97b85dab7f5f1590,d2f3afc779850b6a
6907,23546d3941621682,18561c83cab3cd4e
6909,ea7bf6b0a7d4061a,bcabf7038cbd66f9
6913,37dbbb6c013793b6,d39416c642a4eb16
6915,596209103a0c3371,e09c8033f6f9c314
6917,8e11873f9a0f4521,68002c286028715a
6919,aa4d0dc2081dbc01,143dacfd65ac6768
6924,34c2d72d8e1d3dd5,0dd287792c0d6725
6925,3eeb8f4822afde77,34ae10cf09d90a15
6927,b486bb8d492bc645,873e94abe9e404c8
6927,db1dd4b8b0c3bdf2,c6fdc9c0c2575865
6927,dbd9fa5d96f1289d,f9c0c821db6afbd2
6928,183d6eb05105d5a3,367b4bf27f8b9dca
6934,410e17b5fe3a9b3b,a3f2898ae24a837f
6934,0a7f1bb9c7eb6949,212f1426d7334a2d
6936,0374a54ddbeca687,ceb580715785e015
6939,180b4ab3974ab2e9,afcf7c5ce6a8f9b9
6941,6d996871afd712d4,5c65a4aee2c31dc8
6942,47af1f26c227bf1b,c622c36fe74fb381
6946,cbd4fdb05f270f7d,ee5366ec56448ee5
6947,4d9e2f4ee0fc2094,83fbfc6207d6c88d
6948,377d7fcea777833e,b81c7b21c22a115c
6950,eeee65675e81505e,c77b8292f56c4cc9
6957,d66a95e0ec4e349e,7760bf66fb0328eb
6959,39b5897c1e8c94bf,9f4c40c1a3bfc110
6959,33ba4761bd3fad6f,111da6a5ec595128
6962,b0eb58adff05721a,ac3a2ec04e381469
6963,8649a11562aa75f9,6f43393fd918db48
6964,d4a66187c799f069,cdec19fd01359fff
6967,e84441f6195eea20,1c206815792fb313
6970,6fc3fe4768d70ff6,793fff47812a6f52
6973,84e71a44816f79a7,526e5b52670ffc6b
6973,dfe931eb8e5c8778,67eeb3e012fb7567
6974,98398e7e13a4055f,31c9e9a74071accb
6985,60f62da04ce5dc40,242ddaa0ce751117
6993,c2934310faac441b,3470371a867e2d7f
6999,9c29557662ee51cd,404337830872f59a
7000,fc066d3f68328c20,2e4975463574f243
7000,15ea953191ac7643,34ae10cf09d90a15
7001,4d766aad976b5233,6f43393fd918db48
7006,6d3f2ec936fea67e,9755556728e7cbee
7006,7e4432d000c6a0bf,2fd7005a7b2dab55
7009,4c1408f46d92a6a8,2b2581b3c13e1a13
7011,3bcbe81a4defcf97,c14ab93b81588c12
7016,874fe710c517baa3,51e7bde09e95452d
7024,d41784ca1cc4990f,5b499b44beafba55
7034,e538f7459dd61985,0d0a5cf1afc73181
7036,94cb7454c4e4c35b,9f4c40c1a3bfc110
7037,9540192f020ad982,08c2f850cf4dbadd
7037,846a3ec003706ce7,fbd6d579150a3c5d
7040,d6a6f90ed0673e12,cf399f4e1c9dc7bb
7041,41c39b696d0e7d40,2fdf492d226d0cf8
7043,51a1fdcccf3d9494,a89d411168be8e90
7043,8f4711461c02369e,7d91eda7bb51205f
7050,c8104f59b884fbca,06a2ab6e41e8104b
7052,c4e1644af47c8753,b1867c363c517517
7054,532c772fefddf211,cedaa944c2372a00
7055,ba63f789644083e2,24ce7f64340b11dc
7059,7eb0e575b2456794,80844681baafff06
7069,ff34658e59aa9d63,83fbfc6207d6c88d
7070,6607c0f31b5cfc9c,b1867c363c517517
7071,bac4198347328e93,aed598a0dc1b97a5
7075,556ea1315b8ca16e,480f65c44821ee14
7078,310041c5d9162213,13b5a57d61bb41bd
7079,0b0d1c8b6584558a,a1bb140042f02790
7079,7ccb49336207e372,455f3623ad370d3d
7080,a90099f4f0bf4106,394fb404d247043b
7086,dfedbeea1dd2e18b,ede892db28351465
7089,00f693cfa09e9ff4,db817d979d28e72d
7092,35e890511c24d7e0,4f28cdf2220b4559
7092,76ec93af33ff2670,3ca1af6c6a8cd64e
7097,fbf123dbdbcab454,d56e3abe11cb7000
7100,298b98905bc02e5e,f1179fc9496d4af7
7100,bee61fb2ff15dfec,d7cbdb382b74676e
7103,729f9d17c7a1bac4,bbd72a0f3703d9b2
7103,7bfa71245104c24c,725f43cc5d2e9a21
7110,2fd60b7726c7973c,2e8038e169941f54
7112,1be1aa80dd4d50ba,05966a2e05d317d5
7113,c0b0f0266336d396,873e94abe9e404c8
7115,3d0473d6929d54a3,9f21684de4ba3459
7120,053fd7b68ffd1470,f17510c07c0d2916
7121,e69708ea0bfa6459,fda3c0c49bddbb38
7124,16aabfacee1484ce,a4b0eaddd00335c7
7125,6489aab271b3e01f,4df3472146920b28
7125,70224a22d854fcc6,3af008ca297bc2bd
7125,43e069dbb084ec71,8a44c57a02f90e84
7131,3b16873f1c41e643,f1aaf29f59808d31
7131,bdd3eb32cf198d9e,05fc69e8d4af68f6
7134,44a74670f3d573b8,4c20216adcce202c
7137,6d0150a2b3ad32a5,8f6fccbf93f3d3b6
7138,5518533c00236204,443d5441eed403d5
7143,d223a3dd9ae091aa,213d711fe8b7ffc6
7144,8e271dc3ead11f01,8c37436b9148b3f3
7144,373cc8deb9f785a9,3100fcc94e4225db
7148,f5c8cd8c3d0f145d,870b2cdc55a7cd29
7150,92cdafdc568b3992,43e703249d7e3a9c
7150,1dbd79865dd478fa,24fdd62ad5ba6617
7156,ee9c7a120043cd66,f23f34c2b8cf459e
7161,70527233e011fb42,47e9324fa6a03cf8
7163,9ddeb2baa39b236b,e46a9d08e3ffba8b
7169,ab8edbcaf0001ee3,59e0d924ab1a4247
7170,770fa40357e1fbc1,4fa9df2a2163c4cf
7170,a69bebd93dde6c3a,2072149c5600eabc
7171,0ed16f3c1d274e56,a7a91feb3deffbfd
7171,003a253dd29faca7,429df22f45b34dc1
7175,f8fc505474561e71,52ee8a1dede27dc8
7175,a9c6c5082f52ddf6,0ca6f63896fdaece
7177,7afc976032cf22c5,1fc8146a6c83761c
7179,2d61eb2506469324,4df3472146920b28
7182,02ab29cde7060c29,5691683f1289fb31
7183,4a43840c3c40a2f1,3595e0089530cf0c
7185,92d9d8111b06482a,99a6ad1b6632ddfa
7185,02947386836da660,5c2665212ae85ab3
7187,45a6ecc5a5ea4a49,55fec781aaeb7dd7
7191,736698c1ac1d2695,8f6fccbf93f3d3b6
7194,603dd85dd0533a2e,c0919f9d982c7578
7197,dfb3450a0358032f,c4cd238af7dc0d77
7199,7b768f98baa20eb0,cdec19fd01359fff
7204,2896b74a274d92bf,83fbfc6207d6c88d
7207,9d8e368ab164c328,ec88f7ad62e5203d
7212,11109e98802a21e2,3595e0089530cf0c
7212,82da5bb999dbe630,da277e3298a55e23
7212,22ffe443025cf1d9,a4a274d1b7f53366
7215,d90b26eb9841a07a,b0243de9fb7a09d4
7216,72cd65ccf3b6239d,204a29f5bbd1d729
7217,837d3fc187989025,9f61c8ef11824d26
7217,10827c1e7f089d21,6232f0efb4e9c62e
7220,fdefbed440f70b44,24ce7f64340b11dc
7222,0791ae25d3c31213,19c0ec560fd58a25
7225,10a3f8a95bb70174,09614f05c6cfa13e
7226,8d8c46b737245251,f9d9e69e2fdd6369
7226,4f42a208a0f41c28,0a3f241c60e92be4
7226,4a6760fb43be2414,8f65e3ac75cf67fc
7231,9bcd0e1966ef644c,55b65898655ccfbb
7238,79eaba43236316ea,07adcb6bb0635688
7238,81ceaa5a7a73bc42,4cf25b6848d92dce
7242,89a93558b349e11b,e776afc022c28da8
7244,434cbee83786ed6b,f9c0c821db6afbd2
7254,646790bb90ee12db,f1021b01f7174ae5
7255,754ddefed4f937c3,bccb85110bd29331
7261,c7c575526fe6e3b3,fb6e4c2115fe938b
7266,f6bda3b3feecc228,09b9efcafc2b6878
7268,ac4d0317299befb8,028bb3e5c9814892
7269,8ad05a745ba8dc53,d42e795c756ec451
7273,7b73568b4c66cead,396453bfefae3156
7276,23a8edb51d2769fe,429df22f45b34dc1
7277,6d63e188a4f8d02e,acffb8b8ee8b4ea8
7277,7cb6097a1124f916,1d412e9ee5731c61
7279,516357fdf68c59d4,cc6b239e0c833b6a
7281,7e9067fc1cda22a0,9c57285e342cbc5b
7282,be8516f9b810f2e0,e509841cb0d692f3
7282,585bcacda402cd48,6314c73f36064ce4
7285,a25017aa5d989457,67eeb3e012fb7567
7288,5dc894b695490da0,1ebe49b47baaf5a8
7289,9bd1fbe4bc0f0803,00692d9ab8e6237d
7290,353b94f0dacb687e,cbc94b1fb8aaeed5
7291,aa700eb3f9d6f457,d8963987084b5125
7293,a7728a9d165c1b89,a8a938e48ec3d7c9
7293,6dcf0b6b28add534,e509841cb0d692f3
7297,e53a1e6c18f7fc72,b3a637bd382261c2
7305,0f66d3d2e07d58a0,b922da11f029c905
7305,34c242f19a24581a,74cafdda027b3aba
7307,0ad2112356702470,111da6a5ec595128
7309,9573beb0c5c2819a,cfaee1222daf9f8a
7310,607c3f5da7703ae6,02203cf5c633903b
7312,eb6a38905652dd4e,e63188c36ca98ad0
7325,49bf29d90a22e22a,1cbdf582de1e2fa0
7326,e81ea1fc91f79738,388f7613f99f753e
7327,90a0c11a90bd28a9,3100fcc94e4225db
7329,089c3f86476ef497,07b73a836bb1292f
7329,0690d91717ceec95,13931a3c19dbeb98
7335,d468fe639a27238b,c3ea4200cfa9f9fc
7337,6646b43eddb13f42,98df8f517c5a0072
7340,785044bf62e25c40,7f2a07011afce2f4
7341,b6189c36af0057cc,f9c0c821db6afbd2
7344,2e231890d09417e4,a4dbbd9bca775633
7345,6c36c1d003acf858,1050f0c87ff748e3
7347,c89ce0ada75977de,fb6e4c2115fe938b
7347,d8bd636b955e0e7e,526e5b52670ffc6b
7349,3d245300cedf3bad,c21450672ed3b256
7350,8a4980f7cd9ddfec,9c2efe7862271a1f
7354,325777b074bf70aa,16243cb12ac4f8c4
7354,60d19b03f1d37287,3470371a867e2d7f
7360,f2cf7742a3cab000,22db4bdc18e08ff3
7363,d7036a08d5b57032,c21466cbe4ea2865
7363,b68b0dd936517508,dc152400a3a20df6
7365,d66585071e30cea7,db571e75147bee95
7368,bcff57e68980c221,58564a3c65cc475a
7371,a199c97a15c6591a,939f4e383d7f2538
7377,32ad77ab1961a446,5b436fc811d421c9
7381,16df6f1b7dcbea4b,67eeb3e012fb7567
7386,23792715d97a2339,3af008ca297bc2bd
7388,0a714fb72f645469,92d5968eb3232ed5
7397,e7813dcdbc5b497f,b427855e88d5803e
7397,0120ff23942f0843,c58432acd2fcc0be
7403,412475c8c26026b6,690ed2665bc5b677
7405,ab44729021d0b85e,92d5968eb3232ed5
7406,005e6b53332993f9,a18e18145e6589af
7406,64fd1b012b25e6f7,de451f1b447dd2d6
7408,d6afeefd56794367,a12143aa34077166
7409,c75d561a1d358179,4cc2c8de7403151e
7409,aa55a90342e29a77,7d37f444fef7fb72
7410,6515ad2142e23d8a,3158b9412bc9cdb9
7411,255ba6bccc6f30b1,87e1e141bc2f3f67
7412,1e44509d822abea1,a4b0eaddd00335c7
7414,e6405ab748c86224,c05c6f5664dc9077
7417,42b3fdfdf6023f01,ba272a7d7c194d10
7421,cd2b5a66508e9536,bbd6d78b9bd121c7
7421,e7fd3e751094cee2,ee4a08fdd8c30e1b
7425,a4b34df371bc0ca3,1a665d6ec7689755
7426,289314e53371f289,3a4226c651bb0606
7426,4df54f464b2a1db9,8a44c57a02f90e84
7431,0cd267b71427062c,f16b42073a04311b
7435,ff86144a0f1994dd,3cec9ee90d6d52c8
7436,9aeef9f83cfae6cb,daff13ae4e54f0e7
7438,c366cf8bfa40375b,f1021b01f7174ae5
7438,6c535529b25189dc,c3e4506e056a3f79
7441,1cbd61d2a8101ecb,2cb07a69b322bbbc
7444,976c31dc2872b6b3,5433f73bcd65455e
7451,8fcda3e8f9e11de4,47ef0d047bf95fdd
7451,787aef548f0db496,cf43ec87bd3b1581
7453,6310ba49915d2011,204a29f5bbd1d729
7458,67a3e12f4e7a12d4,83358e74f95f5387
7466,8f04ce7ebd45f23e,4cc2c8de7403151e
7472,1ba776366347cfd1,d7b899f7e3c6e785
7472,6c146bc931bb131e,a3e33ad97db137a3
7473,45c0be6803f5dfaf,3dc611bb2c032b0f
7479,b66391978ce7b0b7,24ce7f64340b11dc
7481,a8c42c15c88dd010,c7f4db9cd480f307
7481,c20eb1bacd5781a6,fe12945aab7a8c58
7481,cc80938f6d4d37c7,d6c0f52b0b68cc9d
7485,a4a00bf1863bd0e2,2fde83680b7f8d79
7485,564376ca7d964e8d,404337830872f59a
7486,0193ac4c8518c291,00692d9ab8e6237d
7489,8363b292bc64ebd9,416a89a321e35e0f
7494,3cdc02851cbb7e4f,1050f0c87ff748e3
7495,4bd6d341ab3968df,3af008ca297bc2bd
7495,9ba882d629299b97,06ccacf07ed20b29
7501,90c0c4a0bb294aa3,ee56750777eb3006
7501,62e631641503bdd1,2c7d0ade2b18e204
7503,cfd4fe44240269e7,b5f17ac7f4e7b586
7504,2a5a0f3594c34999,cb3b8f336a8795ef
7510,46adad443c4a69fc,c36b831dedfc6341
7510,96a898a1aad8d477,93188934cd80e2dd
7511,fe3690141e2c6b0e,45c01ec6442fc9cd
7513,f9c6e30611f7280c,111dc2edb4249513
7515,fef995b1bdc04a26,5ed230033817ad82
7517,b63c38dd983e85ce,34ae10cf09d90a15
7518,65f4924f94e5e700,76aac666fe436528
7519,f26665f0b4cb32c0,a53b1713904c3d8b
7520,edf417545398ecfe,d96a538292d2123d
7523,4cfe5982c9918a75,2e8038e169941f54
7525,4e54ba07bd3af539,a35e1e5c648486c0
7527,bd197a0f6fe3d7a9,c77b8292f56c4cc9
7528,96d47e7a233c420d,cbcb534693b7de72
7531,97c9e2092f8de6a6,9900a0f337469f55
7531,6fc8683d525648e8,028bb3e5c9814892
7534,4f396a9df1d7d9f3,387aea4971ba4791
7534,8973b1e2083342e3,4613fdd9631bcbaa
7535,0e31307688966646,daff13ae4e54f0e7
7542,d144ac3dea7e130b,4cc2c8de7403151e
7546,d6141cc2068192d1,e109a275cb119b1b
7548,bdb8636b6757a04b,e63188c36ca98ad0
7550,7dc79d5e4a4e7617,eb408ddc4fa484e6
7553,ed67d94c8b8bbacf,33dff7058bba8571
7554,fcb3ec5455b65f95,24ce7f64340b11dc
7557,212552b6535d1958,f1aaf29f59808d31
7560,5542987ca0872894,cc8590fe766e1bef
7570,468158fb6a69366f,6547008a1898c8b4
7573,d9ac6c99468dbe85,2fd7005a7b2dab55
7575,df2d0acae4435e44,83039140e2a5041a
7577,8f08bce0002945b3,221665ee91554ca6
7577,ce7325a239a2e5be,e94bbd13d8739ef2
7578,e5e06e5e2cedfb6e,ec88f7ad62e5203d
7581,a09556fdba70e286,7f57287cddb6b47e
7581,a086b135c9ef6b95,89c42be945b5ec32
7583,d1ed70f945a33fa2,813fe6afafd24af0
7584,3e004e9dcf55dc30,8a0c994a8e96f40c
7594,1efb2698d06faf89,55fec781aaeb7dd7
7597,4befe86580d5fd48,1fb38a3d426c4ff9
7598,1eda184d6f6acec1,76aac666fe436528
7600,6337950f5f7dfd67,a4dbbd9bca775633
7602,f53af3dc7c2dd349,87e1e141bc2f3f67
7603,bf38d7185dd03717,a3e33ad97db137a3
7603,813956346f7eb4d0,f9d9e69e2fdd6369
7607,8bc4fd536be4ad8d,19c0ec560fd58a25
7608,7bb66185adc01091,1ae994a744eddd99
7609,aea6a01c58a3e47f,fe12945aab7a8c58
7610,71969baaa57b0a55,4a3db7d5ea25c4c2
7611,f9da8623c3fb390d,4bb2e76ac969724b
7616,9dc3fc706b726a6c,404337830872f59a
7617,169763f4c544bb6b,d94c1c3ee4602cae
7617,8ba1cb35c135bec2,71c8eff1d6879136
7619,d8093a148709140f,5433f73bcd65455e
7620,3483fe89b16542cf,3595e0089530cf0c
7621,cc581f8897f58e55,690ed2665bc5b677
7624,5f87d495586fb8eb,76aac666fe436528
7626,f08ebdc147ef5555,d246ec48c6c87b0c
7628,eec96ddd63411c02,11756b82c458c355
7630,ed5617d621812d87,7f2a07011afce2f4
7635,18cdbb7d9cdea942,9449b7e65928baec
7636,410f5de95f0949d2,f9d9e69e2fdd6369
7637,c61ce1027649fa05,d420674ab15c5ac3
7639,f24902b694af65b5,87e1e141bc2f3f67
7646,1c581b982325e1af,fcc87083941eae98
7648,441b6e350dc50e07,9449b7e65928baec
7651,747b29689984aabb,1b4df0031648820c
7651,f1376ef7522a5544,7a769bbcddc018d8
7654,2b52ef1a3c4f70ef,3bf68e56cf492b13
7657,62d49a277dbfc03a,b09d169b9eeb82c0
7658,91d923324dc3e16c,bb4382e03a175e2c
7668,24b2b46bc7eb21fe,c8b0f688d1df248e
7669,eeb0be620ecfa50a,d678e61adf2d9a97
7673,b705a68c028d7420,0ff2bc4cdb072d85
7678,d12d01e32552abd2,6b05a1d11e45288e
7680,ea53005ad811938d,7f2a07011afce2f4
7682,7500ff6fd3dde26f,a868de8096fb03ec
7682,92247d0e5eb60976,ee5366ec56448ee5
7683,a0839e1089dc2b30,d3dd248c93de0392
7686,9a3ea434cccd7025,44cdb63b219bd94e
7687,a15dd99aa5d8a5af,ec88f7ad62e5203d
7690,d85f7eb3c9ba0d4a,96d069ece4a5c998
7692,0fa8454989c2e10c,3595e0089530cf0c
7694,a86062777c9b4fa2,0cae5974e53dc17e
7695,4e2d5a27803aed58,8a0c994a8e96f40c
7698,8f3176238548283f,8f65e3ac75cf67fc
7699,f66c00a59c7dee4a,80e3d3f8651825fd
7701,2c62c4b0955a0449,f351e4d6979c47f1
7703,68225a0efaa12cfc,b427855e88d5803e
7704,64eb0419090282e4,dff31057641af924
7704,ff983986ac1efe6d,4fa9df2a2163c4cf
7704,064109c7a24e8f3c,99a6ad1b6632ddfa
7704,e6c9a34788e94a18,074c031bbc3a5cf4
7705,b6f26067a9fd4012,8cad236d57a268e4
7706,14b4c97d538edebe,bb4382e03a175e2c
7707,9a3be86a17ba2bac,4c5153a09335ad8a
7709,845afe8f481ca216,bde17c4ad705b1e5
7712,69685aec3185447f,cf16879054c74909
7721,43e431c5e7aa87d5,ff77feaaf3863806
7724,979fe1c95d325b3e,93188934cd80e2dd
7731,3e8bac928e80c179,feece074f7697377
7731,41a60c475b629ba4,acffb8b8ee8b4ea8
7733,50883db6b977456a,3d1e8015bb1b3d6e
7734,1da06f403cce5be2,fcc87083941eae98
7736,03f304fd508d0e09,df81013668d5826e
7737,4c102f6240562910,3a4226c651bb0606
7740,e8cfb4b8a428e330,b1867c363c517517
7746,172f3f861dafa40b,011260a2a4eab51b
7747,43f04798741b7e48,d64407e84ba5eee4
7751,31e16ed9b1ae9b47,acffb8b8ee8b4ea8
7752,4116a007563aa702,efeb28b7316e1b2b
7752,94685ac2a6d47e43,6a07e0a4d9b8eb9c
7753,6e577eadecbebdaf,b1f36b60c414ef75
7759,0eb2a216a781773f,4dcd9f98b6e213dc
7761,34efebca65e9c341,10477a1a69958319
7762,14f8d44b6c99b39b,cc8590fe766e1bef
7764,d7fdb45e09029f65,cdf60c8735b81656
7769,8ca6c1e68c548d87,838e3af2a8ab97b6
7776,c2abd53443e87b1d,4867b836284c2cc7
7777,9100b7ea3a0490de,f351e4d6979c47f1
7783,27a714034a2d3152,c65265c40ac8e4c2
7786,b67188017a64d6c8,6f43393fd918db48
7789,4b7437b9742f0030,ee2cb1a2a108d715
7795,fe55ee584d6b8cb1,d7cbdb382b74676e
7808,1d30e86fa4ed7317,5c65a4aee2c31dc8
7808,1a2452dc5c94ebac,481865ec7771affe
7812,9c5b300f17adc39a,33fed17e7e581c82
7813,61bcb139ffd0f02f,14a44fd093834655
7814,808a45bbfc286dfd,e91c3282dae0d614
7816,30a4fcffccf25f00,3ea6eb0e9dcc2045
7818,186e1df312641ff6,00692d9ab8e6237d
7822,9dd9c28c822c02c9,3a6613f62e073afa
7824,e406ce46db03861c,f80d1664a9ac846a
7827,43642a0d159bd7ae,4e96d96c2e3f7a3b
7832,7b5996a5c74ced8d,ede892db28351465
7833,b0840409210a29b7,f9a1b63e1edd8b82
7834,9e2b97971d08705c,6336de5003fc3cda
7835,a6f1c48c5f6c64a5,6314c73f36064ce4
7837,7ec5beb03e18a556,f1179fc9496d4af7
7839,cca1183a3689c020,5c32475955b59896
7841,4aaf03ca1c9892c5,429df22f45b34dc1
7842,142ae04258770df8,47e9324fa6a03cf8
7843,0bd5867691090661,92a4e174643c0774
7843,f7f50bb04bb012c5,939f4e383d7f2538
7844,3e622597753bf6b1,f5eabb56cfe82c85
7847,e2c5de3c95c41086,be38dd9cea0ee618
7851,c963879c983de279,bde17c4ad705b1e5
7852,1a9b4558e4210549,96c094c4ad5d1568
7853,6f78f3d166d3c357,3dc611bb2c032b0f
7857,48da6d687107d35e,798762d788e0d8c1
7866,0d61e52161b52dee,dbd16297efcb2ac5
7868,56b411a0fcc03dec,6f43393fd918db48
7868,6450592c397290d0,47ef0d047bf95fdd
7878,fa4a4b0d6a4015af,ee5366ec56448ee5
7883,33fa118ad8e2e994,9d3e26df3ab2743b
7888,824707152acbf716,43db354857949da3
7889,b16839b14b0fdf9f,4cc2c8de7403151e
7889,65a38ac35190ab58,a3064143a581d4a2
7890,cbd456e2583e724a,84fad8ad1cfd3a67
7891,ed296b40456df691,8aa6c7091bc90625
7892,321914bb2a792e24,24ceee3073c0ffe2
7899,906667f9e0c8504b,bc748f7479a2b032
7901,a3c11ff182fd1860,646f9572107a34fc
7907,6ad05457c46b6ded,2558899e48f6d507
7911,04b25843b571a525,416a89a321e35e0f
7914,eae92de046fc45d4,e63188c36ca98ad0
7928,ec0695e293cad58d,212f1426d7334a2d
7929,bb6c6f49d25c2ba0,8f65e3ac75cf67fc
7930,7de5de108537b1b1,f1aaf29f59808d31
7930,34325cd2d6e2fd62,acd1961b278556f3
7931,dbcce3bb40455fad,a38e5cf8c1b94983
7932,984cc7539235edde,1de26a976e89144d
7939,d5e1bf34344969a0,dbd16297efcb2ac5
7940,aa59ccefd7ee0ba2,a805994dd837932d
7942,89b7d7074729c46c,3ef9f453fd9a8973
7942,f1dc894e9303f426,f9c0c821db6afbd2
7943,ab116b657f164a75,4cc2c8de7403151e
7948,9ede6698d0b1cae0,9f21684de4ba3459
7953,479e04f3d12d112b,25774c4d4c27ca2b
7957,2cd1de50f0f86f65,8f1f8df8219e2d81
7959,7aecf148cca5ee8c,03842f6ba7e77e26
7962,620c5afd3f71f080,bb4382e03a175e2c
7962,acba58c4fd1fb06f,8c37436b9148b3f3
7963,463d9c251f9fe9de,4d4e9cd66cdc7e25
7967,4e6eb8932fd50acf,24c485a60e337b76
7968,2b4a5d8d7c99ef7f,d7b899f7e3c6e785
7972,8936b5fccc5ddeae,506c9f31833724b7
7973,ffb62aba1b266b34,71f092f9a923cf75
7980,308171daa97ebf78,a12143aa34077166
7983,d01e3ce76820b7ce,33af74b345124e24
7985,090a690220252118,d420674ab15c5ac3
7989,e0b5c73d0f37109c,ede892db28351465
7994,8205f72eca02ae1d,24224995be0150e0
7995,fa09397f6165e6f9,acffb8b8ee8b4ea8
8002,e2f5b072252b1e33,821fad5de07d9ea7
8003,f2cfe2a9574120f8,1005dd96a3b2fde1
8005,f4b0a515f80a2e33,99a6ad1b6632ddfa
8009,6bc567a2ba9371a4,2b2581b3c13e1a13
8009,983ec9e2d4398a1c,a0cec6b9008de9ff
8012,300372262b931c3e,bb4382e03a175e2c
8012,abd59a5e65510da8,1d866b9347a93caf
8016,cb02d8484a6781e4,4e96d96c2e3f7a3b
8018,8a733e4513448f01,6d3e3daa224dd9a9
8021,f39a1f3e1568a463,da8f3462fd7efdb2
8022,597dfafdd8f5c167,764e69f2fe647bec
8023,b5afea1d91181b3f,809b14766f3271fa
8032,5daa236d6a3eacb6,1b21fad233dc4153
8038,04e8ee5e72f58397,cdec19fd01359fff
8039,fac282570c7e7660,0786c61efbc2b720
8039,ce225e2709afdb38,809b14766f3271fa
8040,601a9def9cdba5ec,c3ea4200cfa9f9fc
8042,d801d8d799aa2761,0be2188636101cef
8042,69bb3cadb14caaae,9755556728e7cbee
8044,486ed8d21e040353,a3aff5c1f31fb682
8044,3ce47c0bc13d6b3e,e7f07f202c09e815
8046,42443448844da95d,1fc8146a6c83761c
8054,ce70b01de6aa5f95,9901afb52e3a84d6
8059,30a7933e7edb3f1f,3e424a1396cb7f04
8059,fd3d28c5a24e2375,7ac4492d9e7c2a0c
8060,53282a586c55b700,1d54d3eddd27db97
8064,b1c9ef9acd0e0268,24c485a60e337b76
8066,c21d36cf8f6b180a,939ffcedd0a79e48
8066,34d8805d1df0cc9c,dea8c8164f47321b
8067,84ec4a50b9fb957b,4dcd9f98b6e213dc
8068,282b9e17e3025a1d,6e3ee57e6f11da15
8073,ac18dffdb842de99,204a29f5bbd1d729
8074,6797e9482a75b9f3,c69bdcbc2289fed3
8076,95663544ae428c2e,f26266d2ddc3314a
8076,cdaa494fa15b436b,c480a1c9bc49dcac
8081,fc931d212d931a15,75c16d930cc51fab
8085,b0e589306aed137d,43e703249d7e3a9c
8087,15566e46d9bdbcd3,ee4a08fdd8c30e1b
8090,8067818fe5d8c03f,c622c36fe74fb381
8090,c85c845eb9cf23a0,b8675658e8aae111
8091,654f5df9e7757962,b1867c363c517517
8099,cba8c7900ba76c7b,6dbba3f6e213a509
8102,7aaba382ada5f9d3,fb6e4c2115fe938b
8112,362cfcd8c5c85ae4,3af008ca297bc2bd
8115,e10404789a0b565f,b3a637bd382261c2
8116,4d259a6ba6ff2764,1d866b9347a93caf
8117,8714f7714e9d551f,60b7d4ea405d0fdb
8121,3b2f13267a08cae7,742c9e9bda2cc03c
8124,0ad90d7925e9fa89,7d83f6c1912dab0b
8127,158d86491572e212,6448af4a2d6c702d
8128,643ca869fc857bd3,8b5c521c0fd34d49
8132,2dc4dab43c4dcd26,ebb4bdcdde1de78f
8133,8e36a87a71f87835,72a227a9a316fe14
8133,2ae618f8e150f6b6,78241818e632573f
8135,2db6e964cf8f4404,5c2665212ae85ab3
8144,074d55da3504467d,011260a2a4eab51b
8148,0c0815b181a132e3,a8b995544d922185
8148,ad3b62f65c737777,531ddf7b5b58df24
8149,81dd41ec16254200,213d711fe8b7ffc6
8149,42fd06be9bd899f7,c4d5263afda93de1
8155,a78dd2e2f0777cf3,5cd2b5962a2f9633
8156,d125718822db10bc,269267ea22205722
8157,354a7d742c3d64df,c8b0f688d1df248e
8157,0ff8216185dbe15a,c3206a17460057db
8158,b1762cc3d75aacd2,6abafa0bd7f152b9
8159,70afd78031466781,61152ed15b052898
8160,2cb092d2adaadb62,06416478109c5582
8162,9ebe228460130298,377ea7d12f13ce41
8169,7e2d003812c2fa22,42004620ab201054
8171,7c74558bee82f2e6,a805994dd837932d
8178,14bbb0392a6402e0,50bafd592cdff893
8179,a33d781a6c0da4b0,e509841cb0d692f3
8180,396e162aad911c2c,1c206815792fb313
8192,99a23c749f575244,65dd1f07bb10806a
8193,19ec9e86663531ac,dff31057641af924
8193,26e54e8a9414d484,bc748f7479a2b032
8199,7505b4af3de4a6a5,68eeb5143a21c2a6
8201,5cf560118a7fadd5,1c206815792fb313
8204,53a752afc673c0e4,ed306347e351d373
8205,2641146f0a9860b5,ee5366ec56448ee5
8214,60148130663b1a83,1003c9bc8748b80f
8216,f8f660af9a116fdd,40f32f218c203bc6
8218,7a6439204556038a,89dfe35986f04a42
8222,1cf38b55a1244252,c10e560c5215f04c
8222,d03b03870e2326a6,3158b9412bc9cdb9
8224,a2a0289d12bd0789,0fe27c3d3801fe0e
8224,cd22bb39a03f3943,71e7baba9e5de09b
8228,98a4d006695aabc5,6336de5003fc3cda
8230,5c91aec5f6eae080,d56e3abe11cb7000
8233,e7a54477509afa9b,c5148f7e6c6ccf1c
8234,00f40ec5004327e9,9c2efe7862271a1f
8235,64e6cfde687f52bc,ff3f0e22109f0234
8249,0b8cdf8eaa38d372,31e651489dc1cbe7
8249,7e6f323f2196af90,4dc6b4511daf5e6b
8250,377670aa83f5a43b,94840e1951c619c2
8251,e896591f15c1376f,c8a6638d4f035fa5
8253,1b9e401b223f515f,fa490f268e88edb5
8253,c484ae1ab6afb4d0,ff58f26f13acbd26
8253,ac9eccc9434fdb50,7760bf66fb0328eb
8255,ad6bbd5847a86c26,c480a1c9bc49dcac
8257,180d0bde52e908cd,013fad42eba93a5b
8258,1489c3bb94c39546,60188db28d8066c9
8259,31b12c9ace9d2086,4eeef24c4d5ca56a
8263,6fe9f02965a5e4c4,8f1f8df8219e2d81
8266,4213ca43a43e1c4a,1c206815792fb313
8268,b962f47255266ef4,8f6fccbf93f3d3b6
8268,d5853ebbd78832b6,daff13ae4e54f0e7
8269,a7c8ad0810e44812,07adcb6bb0635688
8273,7edb1283c98dda52,0646a479d4551e76
8275,5d850282887338b4,57583500d2b0d7de
8278,66b95e6405598387,758ac8e511a7b5dc
8280,f28bd229d4445654,c8a6638d4f035fa5
8283,51fc2703c586f7ae,a1bfaa32d9268c56
8283,9e2d1d555a018199,3ef9f453fd9a8973
8285,c0bf598527328584,c14ab93b81588c12
8293,d276c4b99852f6b3,d7cbdb382b74676e
8295,15c082061330a92d,c05c6f5664dc9077
8297,d7b5f208480ddbdd,09c0d6d92bb7935f
8298,cb833b75be227271,f1179fc9496d4af7
8299,62b26e6ab7692270,07adcb6bb0635688
8301,e37a6c5ac796004b,d7ee52d8ff83e080
8304,622fbf9245588a39,792592f5459019c5
8309,5dec855c6e084d11,8e051a00e833f99c
8312,903877bd3583e028,cfaee1222daf9f8a
8315,79a56ad3f1882788,60b7d4ea405d0fdb
8315,9d8eb98005901547,07adcb6bb0635688
8316,d57a0248f69b48a1,d96a538292d2123d
8317,4f94e117244355b6,99a6ad1b6632ddfa
8323,ce456d9e3b188a96,f2c29310cc55e334
8331,7423dd6fb0ddda8e,77a4b35b83b63fbc
8332,d863a0f56645bfae,19c0ec560fd58a25
8333,6b79398f3c84fbfa,8b40c953c774dc48
8334,2eb8bb3055cd16af,2ccd8526f845f568
8335,79efe3a9b92abde4,f351e4d6979c47f1
8341,539e76dd6f47b13c,ee56750777eb3006
8343,52d72a537a878ee8,bc5db6a1c30803a4
8343,42535b2c94c30b4d,943e2c6c53f26984
8346,a20835ca9d51134a,73c068bba76904b3
8349,f4c9431903a894b7,d237941bc3434b5c
8349,1f135e1a45921592,6d5bef8155a184f2
8355,21b533dfe95a4e9c,1d412e9ee5731c61
8366,cc37f82bba00ee70,9f4c40c1a3bfc110
8369,2ff1eb8453f565ca,dda2a180e536254b
8369,09f864bf30fa3f35,f9fa75e6d56babcd
8372,583d8cf15546625c,9e12a7271d880957
8375,788e6ac6d2075c47,2e8038e169941f54
8383,2781b18ed4587b5d,fb6e4c2115fe938b
8387,44cea797e2b1d401,d8aa6e910ecc4bd0
8388,ad0a43dc571362d9,3dc611bb2c032b0f
8391,d7c9e1906e2daeba,06ccacf07ed20b29
8393,23f7be6139251750,7fb58c1db18a3805
8393,ac287403a407b365,1c206815792fb313
8393,0c65bb751049fb32,4506202f4ed39338
8396,e4e4c122c396aeb3,9a4b1ea7b29f087e
8396,c945f9659b5c1db4,b3a637bd382261c2
8397,43b4e131e2a6e713,c3206a17460057db
8402,03baba4c7435dbb7,324efaee36fab37d
8403,cda735a9871a8c82,bccb85110bd29331
8403,8d70992bac9b46a5,21b38b7bc3186671
8413,1becada2792bf353,c76a7f24ffa59966
8414,dd95e3c92a2d27f6,43b329558c070ca9
8418,7c33c5732ab21404,7d83f6c1912dab0b
8420,11efd772c1b4e6f6,1fc8146a6c83761c
8436,87f66edf2280102e,6314c73f36064ce4
8436,069cf63a3e571c6c,f965f820700daefe
8436,3998405fa268c201,e6df975fec8d3a2a
8437,3dcb6c4b1ddc7a40,2072149c5600eabc
8438,920023da0e6c5528,0f91fd93e1e9d57e
8438,ea5c9cc8d5162fc9,b36ef90b894973fd
8439,83a909241961d189,f1179fc9496d4af7
8441,e60a97de4025ae18,f1179fc9496d4af7
8441,7e67b0bdc03ca9ac,47ef0d047bf95fdd
8442,2edd6b94a22db9cc,7bd59935950041e8
8442,6ee173eba257147b,2b2581b3c13e1a13
8444,d992f7eebf32095d,204a29f5bbd1d729
8449,b0076f7f3c50f0ad,a4dbbd9bca775633
8457,03f90e5994273f3e,f737cdceb054d1ae
8461,dbda11cdda206c21,96d069ece4a5c998
8467,ec30a5087e423d7c,4df3472146920b28
8467,3d3019f82808fed9,0746cdb7592e6518
8473,8890ba9ae731b0d6,75d096766afe9b25
8476,347aa7787b9fa55a,420fb5a0c50b3fa4
8478,9e59b8a04cbb54ac,dd638555d2bf46b3
8479,b4ba736cf7eb66e0,2fafce970ffb89d1
8481,df47ed00323504c7,c05c6f5664dc9077
8481,e6e96f290d0dbaf9,0cef387931b1b3da
8482,cfa734b50c061628,42bb0d818a7a2764
8482,225b12f9ecb9a7de,e5dde21e5086e295
8485,1f5787a4762fd409,f816d3b329340409
8499,16b918c12d27f285,db817d979d28e72d
8512,cd75022b1ee46df1,1005dd96a3b2fde1
8512,cad624b2258bd567,d43a98703c90f3b8
8512,b3a06ba020e9724b,7a769bbcddc018d8
8514,4972720fa3555efb,269267ea22205722
8515,645586f8563418f4,f1021b01f7174ae5
8518,5be38170846202e9,76aca3ce806c3be7
8520,eb5e392d276d205e,29cd89ad97f539dc
8521,51f45d347a065c8f,c9f37a27d4b5e8c6
8523,6f7afcc582b50452,b8131a6092bfc17a
8525,28c67f4f94891f14,44c7d08c1f2a56a1
8526,145707d41dc24b97,a3e33ad97db137a3
8527,f66b53422d63fc22,f2c9eb0b59e1be2e
8527,d11322f3921b0b85,60188db28d8066c9
8530,55c26a022f43d7fb,cdec19fd01359fff
8534,d5618fcfb302e911,8a44c57a02f90e84
8534,9c7286dd473202a6,198322564f041ec6
8535,26c8ae5dc29761bd,793fff47812a6f52
8541,fab1453bbe049561,4e96d96c2e3f7a3b
8541,80d6f658ecfcb713,792592f5459019c5
8546,ccc9394407ce0c03,80844681baafff06
8547,9d1299b340023cb6,f26266d2ddc3314a
8548,10032b42f0744475,b5bb6c15641e1d14
8556,ecf1fd341c5062c7,2c13a1749bdf41b7
8569,bf52f55b6c8a9da8,d42e795c756ec451
8570,5f67fb7357a063d1,a4dbbd9bca775633
8571,a933f4399de12b92,21651c7a522bb6b8
8578,be2944b01f2afd01,33af74b345124e24
8586,b965f5ef59e767b4,d7cc832cbd08f6ff
8589,4ae3a0b9456ff42a,0a816335323b90da
8593,577fad0a9189457c,68d26479be3c8f7f
8595,7840356074c081e3,6ad2a0a932aa2d11
8596,a368b0d7a10225c6,7fb58c1db18a3805
8599,00a37739206fbf09,3af008ca297bc2bd
8606,fddbcce533a40cf6,3177482124db71b9
8606,2d4681b47863c1dc,7b16e7f8f4255580
8607,077083693aa1a5a7,be2780600722ff02
8611,085bbb88299cb188,71269c2bd84e90bc
8615,654f1101e8965665,e4d541cf9d62a1e1
8618,de1741282be22f85,c3ea4200cfa9f9fc
8622,05fcd660bf13b95d,0d0a5cf1afc73181
8625,f7bedfd7fef199fd,a7a91feb3deffbfd
8627,5e4fdd9e998b70d3,809b14766f3271fa
8629,4f2845e984e7f351,0646a479d4551e76
8629,9817ff53717f6e77,a3f2898ae24a837f
8629,8b2aee6ee86076b5,ae0cc93b28f03ed3
8631,0347ecfc2ad6caa0,b8f7f3c3f6308154
8635,33c134958c2b46e9,2b2581b3c13e1a13
8638,f834988be9330139,d43a98703c90f3b8
8642,a22e4e22106eabe1,0746cdb7592e6518
8643,776a9927cc1e198b,76644f028e36578c
8644,b79524a7c2d69f3f,2e8038e169941f54
8650,59dc257083272d42,564c634b48702578
8655,0d819cfadab810e4,bc170aeb7aeed428
8658,838c86ccf2f0229c,039e6f0bce078439
8662,bfc9b153188b028d,1a665d6ec7689755
8664,d4f0c035f124b7a2,5c65a4aee2c31dc8
8664,f42df7a6225028e3,98cef619f5743992
8668,71e38fc1686e23ea,793833fc11e133cf
8670,8a5eadc2620fbdd2,64726f4c74230f57
8671,f4965054449e8f29,8b5c521c0fd34d49
8671,926a740c3235a41a,fcc87083941eae98
8673,c31465958e4b6d65,f3db4a78ffa3e786
8680,b755f91fe23cd526,01a1efa3658d04d4
8683,6bbebe1bea46ca31,ca3bdef4b80ca4b7
8684,47088f3b70b3bcdf,24ce7f64340b11dc
8685,5bded4202fffa655,013fad42eba93a5b
8688,5cb1d00879bd07c9,0a9a3a91e7205a52
8693,9c62706235b01ecd,e0d93a86bf01878d
8701,488266295edadc57,e35fa0fbcfab6c13
8701,914dc8991a756470,47f4274ed08bd9a9
8706,97cae3afdc008b40,9e12a7271d880957
8711,3830ce6305c70a2b,47ef0d047bf95fdd
8714,4e69874b9e065e9a,3bf1133ed2420c32
8716,1f8c42c8cc0543f7,3100fcc94e4225db
8716,01ec0ed2446428e1,4345737dc392c21c
8717,a668ba102a485d2e,097b8878f0678ad4
8717,bb6a043cc8a2221d,96d069ece4a5c998
8725,e2a019f771d4365f,62a365f6370afcbc
8730,eaa3a73435b56542,939ffcedd0a79e48
8731,7504442e998735d6,9a4ac71c016c4f3f
8732,934daf91dd138573,404337830872f59a
8734,d814c473f76f344e,642a515aa8b3cd17
8738,f8c3d5008ee8332d,71a2ffa8c9d27a6f
8739,99811e54ff121010,c58432acd2fcc0be
8740,f1c2a4684335d301,7f5eb8937778424d
8740,3a5e044a77ade142,c5c51790316fb7be
8741,6f5c5454dbc51fbb,c4d5e0f600db971f
8746,c9f812369fc69b58,a5614690ebeaaaa6
8746,cc846d956a0a5be5,f80bb35565c8357d
8749,5ae123fc02c9bf44,42b6ed075e0f3d01
8757,127a1043714d51c5,63f6ac1c793cc698
8760,c85f590c28f82bfa,e509841cb0d692f3
8765,24ec2bf938bd2bf3,cd4533a99b331531
8770,94f6cc0cfe0dd0a5,d7cc832cbd08f6ff
8772,efb7159de5fe00c2,24c485a60e337b76
8772,db7b6bf8109334c3,013fad42eba93a5b
8773,2befccf95f1cdbdd,5898876e45cbf5c9
8773,f9f312a2147c1f81,531ddf7b5b58df24
8774,40e9eb39e509dcbc,a3e33ad97db137a3
8780,a9c091ea3967cd6c,05966a2e05d317d5
8783,b2cde6a843044720,e242cd1cff554fab
8787,cdfb0fb9125b4f2a,cfa4a4eac18cc3b7
8790,fc913fcdba14d210,2558899e48f6d507
8790,56e822587904aee2,700579dcaa15f2f2
8790,ace7808010e4f59d,494f025841b3ce4f
8793,aeb4203a310fcd8d,1b21fad233dc4153
8798,6813b3eaa2767871,0746cdb7592e6518
8800,742493b21b2708a4,f1021b01f7174ae5
8805,19e0261b9934bd92,4d4e9cd66cdc7e25
8806,887a3c7bca368593,d7cbdb382b74676e
8808,944fe25047e34948,e46a9d08e3ffba8b
8815,e6dd05c46e0603f9,e5e037a73f0f63b2
8817,7f64d2c1d704b670,f1021b01f7174ae5
8820,6e73efa143b5985c,0746cdb7592e6518
8822,c0426d3400f3ac4f,a2bb7b00c78d540a
8825,a0e6f9c7aaef4ab3,3ef9f453fd9a8973
8828,f5a6f1629fc45e7a,e4d541cf9d62a1e1
8829,6b76511e43a4ad69,c58432acd2fcc0be
8832,cd45793f6bd991a9,dc152400a3a20df6
8832,40526a103538ec18,9a9b999637581712
8839,71670e6b60bdb7ba,3755a666a29ec4ea
8842,6a96af64d674c0a8,405d11aaa7419a64
8846,4034e14d3ccd2f41,76aac666fe436528
8846,030927211b763207,4c5153a09335ad8a
8848,74ad3ab9af2aafc2,a125d80dd7a74615
8849,c984c1ea88994fb4,00c7ff4acfc1a09c
8850,38d8e0b4aed792ad,039e6f0bce078439
8854,449ae5a15d375ebc,7bd59935950041e8
8856,c5317932d092bd88,63f6ac1c793cc698
8858,2bcdf2d8eb1b36b5,9c57285e342cbc5b
8863,acef166028750d09,07ab6ccbbf41e012
8864,5459bd5808cc6c1c,4f18cd9e2d1e6132
8872,ea919d92dab737ac,a8b995544d922185
8877,9a1f9d88435b11c2,29cd89ad97f539dc
8894,c70adef8856b7b6e,32ce552f65d03a84
8895,80646699febe67d1,40f32f218c203bc6
8898,4cb880d38e6517ec,4ff52649d31faa13
8901,df13b88a169409ad,1d14101cb6b146e5
8906,8ad288ed3f7efd39,4e8fc8a9caa80391
8908,573addd4b191fca9,a18e18145e6589af
8912,67850e2576f628ce,039e6f0bce078439
8914,74325a1b01a56d32,039e6f0bce078439
8919,cecdb572667cc5ec,3100fcc94e4225db
8919,98f9683da90b4777,e826c4614d01b2f5
8922,baf1c27f72acc6bd,028bb3e5c9814892
8925,7f97de19b27220da,991ce652daf86260
8929,cbc41f440792fdc0,7d5c9e3cac8e697f
8931,fa769e4382008c6a,443d5441eed403d5
8935,9c48a4414637614d,22cde653675b78ba
8936,541bf95a27f0b212,c608d88a291ff907
8939,1e6ff206218a5617,34ae10cf09d90a15
8945,e869cbf4d24ec831,a2bb7b00c78d540a
8949,04a569d9d504c14c,d96a538292d2123d
8950,5389c96048794e47,1085f534425ed503
8952,a2e88cb621d80c9f,2c13a1749bdf41b7
8954,dd68cbadf7824cce,e5e037a73f0f63b2
8954,242f0a927f77f422,ee56750777eb3006
8955,5bc82d34f42ccffe,1a665d6ec7689755
8955,bd265992cd3d991a,9f4c40c1a3bfc110
8956,0ae91bb88d75187a,9f4c40c1a3bfc110
8957,40f1c98b6d968b89,42b6ed075e0f3d01
8962,61017ee6d442685d,fca148e2c854d34a
8965,9827f61f7ea5daa5,4dc6b4511daf5e6b
8967,c51274e0af442ecc,7ca3084b180be13f
8968,5000987aefd9fdf4,5c2665212ae85ab3
8970,60a32a4e41fea01d,b09d169b9eeb82c0
8973,f16d157564bc206f,c4d5e0f600db971f
8973,1f51ed88b826f7ce,690ed2665bc5b677
8973,df772b78dcda4a4e,f23f34c2b8cf459e
8974,f048358c0fbb41f4,ae6cdd4ae290670e
8974,09cda6a44a05676a,df81013668d5826e
8978,ec432838a1e304c6,a785779222f01e0a
8981,90e9fea255e9e1e4,33af74b345124e24
8986,69f7fbc999c17de7,dea8c8164f47321b
8991,bdd722ce5664cbac,cd228501f158ee23
8997,eda4857666c79667,7f2a07011afce2f4
9003,111bf904cd5eec24,a8dd218122d3e423
9007,b7a50763db1dd51c,08c2f850cf4dbadd
9011,403ba679afc4858d,45c01ec6442fc9cd
9014,34c812d7006a8cc6,039e6f0bce078439
9015,5c8b15689715c227,1f22f495d8714c76
9019,caffd71e9b960ad8,8a6083d4495c50ea
9019,212dfff9cc2ef468,4cc2c8de7403151e
9019,8eb057890ee516dd,582a4e1bc3473436
9021,ed71cff4cfab25dc,94f112b9a3a11895
9025,82fc94db46a97023,ea32fb6d562e6bf0
9027,934714d16a1dcb31,d7ee52d8ff83e080
9030,567a4c08ae6065f1,c4cd238af7dc0d77
9031,c490ed35ca2b951f,74976c8bb9015425
9031,e919e9af40539719,2024c5247e8c84d5
9033,6d655e1356a210e0,2ae1bb45655f9305
9035,71b212b9372293d0,59185bfa10d210fe
9039,c663dd0bf8f82adc,212f1426d7334a2d
9046,9fb6f5c5229a75a6,d42e795c756ec451
9055,b91f5f7444538d13,5800a99cab152584
9057,dee67cc4e2148593,fd6a1320c5cfb9de
9058,0b3cfc630ce6c245,242ddaa0ce751117
9060,7ff3a17eb50bdad2,3ef9f453fd9a8973
9061,d626b493e6c20b3b,809b14766f3271fa
9066,caed177163c77b02,111da6a5ec595128
9069,563c2f0c16fb7e3f,68002c286028715a
9069,df4b479f6ebcf3e3,42b6ed075e0f3d01
9070,29deddf8ec64ba1e,c69bdcbc2289fed3
9072,d90dc9dd0d1677b4,cf913e28d6788509
9075,cc9133295c5b6c60,7f5eb8937778424d
9075,5e333febbd352016,7a758d60a89cd278
9077,5b5ccf1b689d2a37,8f95ed3202f14c21
9082,83536ca229773449,b0ea95e3b9c9b74f
9085,e8a4a8828721709a,c5c51790316fb7be
9089,350f6448ce29e19f,03842f6ba7e77e26
9093,17692eae7688e11c,e7a9814d0cb4a9ff
9101,e29ed8c518075f02,0fe27c3d3801fe0e
9104,951ae3ede53592f9,5d086835ac6cd063
9105,89e89e1f21f27adf,0be2188636101cef
9107,747fa2e17eb4ae31,b08e3be3660c01b8
9111,76171280e5ef12d3,0746cdb7592e6518
9111,091bb4992f4b3c27,83fbfc6207d6c88d
9113,0e704b2cafe23aa0,8b5c521c0fd34d49
9116,60da94502bbe44e7,87e1e141bc2f3f67
9118,c2dd4f08ff63019e,76aac666fe436528
9118,4569a4918ab846ed,297308111b6453fe
9120,af6b43a53563d31b,9c2efe7862271a1f
9130,e32862beaef093d4,9f61c8ef11824d26
9139,5035aede4e8070b9,03842f6ba7e77e26
9142,71da16c351c5bad6,480ffbfabcba8c8a
9145,059df9e8da2940d5,95c0a86e05bfad46
9147,e6695b174a7ead9f,792592f5459019c5
9154,6c3a7cb92b3cc877,10477a1a69958319
9158,116e597da709a6fa,02efbae0241c9c9d
9162,3369a612bf1da1b9,2fdf492d226d0cf8
9164,3341dbc933310a48,c7f4db9cd480f307
9168,eb52c080d47c7c6a,3a4226c651bb0606
9171,6408316e9f4019e1,8b40c953c774dc48
9174,6cba2c3af59952cf,4e96d96c2e3f7a3b
9175,4b3d5e2a28ca0705,4ef62062b74920b9
9179,24ff03b6f412f31e,103959ed493ff950
9180,a1fea856400d0e80,742c9e9bda2cc03c
9183,d0243aeab112801b,cc624e96543a5ba0
9185,db6cc2754fc782c5,51e7bde09e95452d
9203,9fe5e345c96f0ef1,f816d3b329340409
9204,534aea2a7a23fe44,60b7d4ea405d0fdb
9208,ebebcad8b143b751,e87ee3589d5986a4
9214,e47bf5bf11ba358a,2bc16b8352af40f2
9220,fb1af5a2d3d875e0,9c8f87006e00f034
9223,37bae21e66bd1e28,c7f4db9cd480f307
9227,a2eb1746edd26ec8,86ac94b43d50e277
9229,edc87a32c34e2e98,2558899e48f6d507
9232,ff2f2c734f4e41ba,f349b7cf3d8a4ac9
9237,abdaeddd7b7a6276,80844681baafff06
9244,fce464ea63244cf4,2b2581b3c13e1a13
9246,d64c274d8f94dafb,4613fdd9631bcbaa
9248,479b7e254b64417a,29cd89ad97f539dc
9250,50beb1a2edcd6926,0cef387931b1b3da
9261,edb697e350ca9dde,25774c4d4c27ca2b
9263,78a09905d0ff3596,aec2ff6425390124
9265,7786c905494a17df,a8b995544d922185
9266,72ce2bf7f297c94d,0e4104e1a26fa152
9276,3e3979557a2cc20d,873e94abe9e404c8
9278,f261ee931ebbd0e4,cc6b239e0c833b6a
9280,45acc1b08ede01c3,25774c4d4c27ca2b
9292,70fba0b23981e9d7,417eb57e9d5bca06
9298,ed8cca71e4b36992,7f5eb8937778424d
9300,c116a3a8bc978ff1,94f709ffd79f17f8
9301,8b6706e1f04b8602,6ffdbfecac6e16df
9303,4763158275e3f91a,62eeace225d3833b
9305,3bc5721aa4b7efed,2f086fc767a0dac5
9315,91a6f4db4eba7597,d56e3abe11cb7000
9319,08d71ec5ef4e4a3e,be2780600722ff02
9322,5177eb3260129fac,9900a0f337469f55
9323,a18ef0090e55133f,0e4104e1a26fa152
9324,e75621a3968a08e5,e35fa0fbcfab6c13
9324,f82d77eefe5dfba4,890654151b5c436e
9326,7305c857af564d39,efeb28b7316e1b2b
9329,b2c548745a75cc1a,aed598a0dc1b97a5
9329,b9ee197a7b2aefe2,c77b8292f56c4cc9
9340,0ee94fd59225df34,178c8b1d0002cd59
9340,a0a0ff681dc73d5c,b062842dab001384
9350,310382e4cb77dd95,24ce7f64340b11dc
9350,1f492327c5e87887,80844681baafff06
9350,32247f35ef54d044,acffb8b8ee8b4ea8
9350,34585902edd542ff,013fad42eba93a5b
9351,e72553bf397a3256,5c2665212ae85ab3
9352,34303e7f581af315,ccd9219101c5f0d6
9355,0ba59a389db9e8e7,f80d9f4c546a39bc
9356,7f36dbab4de09018,19c0ec560fd58a25
9358,2893f366bb2d6860,8a0c994a8e96f40c
9358,17468d4bea6e0dad,3755a666a29ec4ea
9359,8aa0e921f4517d67,8ff1834b84d8e5f2
9361,300104d38974ff63,be2780600722ff02
9362,eaafac173a4dc1e4,838e3af2a8ab97b6
9368,512bd0c625fefe84,ec88f7ad62e5203d
9368,3e6ad867d317b728,f349b7cf3d8a4ac9
9368,84d50c6e31c89e6e,28c17a1196f9d8a4
9369,bfce66d9d32fcb8b,7232380b19591fd4
9371,bfde084512617af6,e5e037a73f0f63b2
9372,57fca471d7b579aa,cfa4a4eac18cc3b7
9380,5ee356a0c9e3ca24,2ae1bb45655f9305
9382,7a108d699fd68d66,9755556728e7cbee
9387,c50ea7bd2e941f0d,ee5366ec56448ee5
9387,e12d8143e082910c,c10e560c5215f04c
9388,44080e0d787e92de,b64a31182b632a36
9397,354d2fdc3fdc9186,5b499b44beafba55
9398,6845251bf7ca2343,d9ccf90ea9113dcf
9398,f259bfb0b88b8867,0a816335323b90da
9398,21822bfd6743ab95,c4d5e0f600db971f
9398,b8ba2407847ac554,7550fea52ff48721
9399,716069815c4a8fb1,0f2d2646ed793470
9400,472b4ededbdca562,690ed2665bc5b677
9400,10d81780c5a348c8,dd3de337a32889b3
9407,0b0e617876de66d5,87e1e141bc2f3f67
9410,ffee274c34215892,73c068bba76904b3
9410,9ec51dc5c68d639b,03842f6ba7e77e26
9416,3f822637da070bd6,07adcb6bb0635688
9418,db29c958998917be,4dc6b4511daf5e6b
9423,238e41ee7ed23ad5,89dfe35986f04a42
9427,355149b2d8ccb33d,4506202f4ed39338
9430,dd3fcc51592e8318,4345737dc392c21c
9431,0e65a5a8bb655936,ce359e17bf7329ef
9431,0297b818ae46e366,cb3b8f336a8795ef
9434,b9c05ed75628484c,2bc16b8352af40f2
9436,c7265faa2b50d283,264da3687cbfcfc2
9437,513f25e592cbc9ab,858617c490155d7a
9439,e85a9436beda77f8,b146eb164afa1883
9445,a3ab7451b0ce4bdb,24c485a60e337b76
9446,117766fa7425b810,5106733674e92659
9447,65618d293a150d6b,aadb920d33c5b036
9448,902a7eb607b1bdd8,60188db28d8066c9
9459,3a625b5a3ac57158,b1f36b60c414ef75
9470,a0f90a0f5e1b0b74,d00d668c76d4277f
9474,5c727ae6e4b55fc2,8ef3a4059f639744
9475,ad8e6874709cfc41,7a769bbcddc018d8
9478,f29adeba2976cc67,21b38b7bc3186671
9481,52634a9ddfab1df1,e509841cb0d692f3
9485,72288779cf4b38cc,06416478109c5582
9487,33cf78de138841a6,5ba6a195ce00d2bb
9489,11e4b97adf3be2d3,eca5829b010591c0
9493,9047d85a7290e379,a125d80dd7a74615
9493,38e02c88668cc2be,96d069ece4a5c998
9493,6a15cac085d0579a,4689045a299dafc8
9496,0d419b7ed477c318,27ee81ddbe022cc5
9497,174d8fe176f24dd8,315bcfafe04657cd
9497,3c33bf567ddfb1fd,71c756083cad202c
9498,18b5e651abdeaf41,4dcd9f98b6e213dc
9499,5952013b1927d1f3,f1aaf29f59808d31
9500,e6deac103a83e2ae,aadb920d33c5b036
9502,2a99535088919943,a89d411168be8e90
9502,3de14b543d10655d,1050f0c87ff748e3
9505,faeff399b494bd20,3b47dd76b811b75e
9507,695b7408c45b9b1e,1d0ca5a94e591ec1
9509,a998cfbd7f9404a5,29cd89ad97f539dc
9511,4ad634cae4f5e1f8,136febed384b794b
9512,b755f3b4ebb48810,75c16d930cc51fab
9514,a4248f0f56c21ad0,7524b69f0301ceb2
9517,969767806a0d12d0,c4cd238af7dc0d77
9518,496d8bd8c25bbb40,7ad673ab9fef2c2e
9519,db5477607ba06345,87e1e141bc2f3f67
9527,0a9b9f8ad2da0eca,5d086835ac6cd063
9529,f1de6be9ff6b1388,7f5eb8937778424d
9533,a1cf17ff73afa967,9a4ac71c016c4f3f
9536,cee91c4f31d70cf5,171d1b0b7aec3cce
9540,62d055b338d0945f,4dc6b4511daf5e6b
9543,b29c834bcae5d162,2ae1bb45655f9305
9547,75b7a690d4b21b45,52f833681bf1ecc1
9548,c36ba639d3850050,9db063f3b5e0adfd
9548,71fd0e6c6246f04f,a3064143a581d4a2
9550,7270d0c46324166d,942408b9101897ff
9551,e4935a26663627f0,19711a0b86e31ea1
9556,7b9403fdefc23a1b,74c9151533e9c064
9559,30000f74a4533b17,0be2188636101cef
9563,9124d0661c524b92,8ef3a4059f639744
9564,92ed979144f34209,2015fd2d826327cd
9570,56d3c547071dd9f1,f2c29310cc55e334
9572,f3480f135330934b,efb72a5e6645b1fd
9572,7d337d762123cf85,4dc6b4511daf5e6b
9574,7ecc2a63ca3ef0c7,097b8878f0678ad4
9579,25908251612c09fd,c0da01c23bc2f7fa
9581,b490d536a9935e2c,d42e795c756ec451
9582,445a6d7b83f7e358,5800a99cab152584
9583,d7e33b64e63f4781,e65bfa9025c67dc1
9584,988fb0ba2a119e07,4942d16ab63e0da9
9588,4b4e2ac59460a9af,02efbae0241c9c9d
9590,bf850aa2c143844b,982bc5c205af3a92
9592,153b7e9d07c0e22f,eafdfee709516a10
9593,61a0624cdbbbeba6,65dd1f07bb10806a
9593,4e308074f8554553,713d9e86427d9721
9596,747ec1bcd5495e67,e46a9d08e3ffba8b
9596,40d91cb38fd2de34,68d26479be3c8f7f
9603,c078c388f666b601,ee4a08fdd8c30e1b
9610,24e1c5682377cacd,52ee8a1dede27dc8
9613,839c9afe9393d7e5,a0d7828c92967494
9615,f14092aeadb8c7da,2c13a1749bdf41b7
9615,9f02024c279ac55b,982db8471b188223
9623,f90f649a05946015,5d086835ac6cd063
9624,c4a2ec62cc395d9e,2c13a1749bdf41b7
9635,29198a8863a0bc77,a89d411168be8e90
9638,c13f292a1ecefce8,4fa747691fb79314
9639,d5f78607ce9ceb7f,9c2efe7862271a1f
9639,1d263316908b7fc9,681d82b09ecea793
9641,8cfad1426726aefe,a4a274d1b7f53366
9641,0007ddd159ae3426,f9d9e69e2fdd6369
9642,509d33447d532e3b,e9c0bda0f6506d94
9649,536d9dfb80a81dff,c7f4db9cd480f307
9651,446f0fa62fda155e,3755a666a29ec4ea
9653,0679999ca8784f94,2c13a1749bdf41b7
9658,7bfdae2f7251a8da,4de710546fc8c717
9661,55f7520a08ed59fe,4df3472146920b28
9666,54444ea175104a8f,c2a2e6f3881e48fa
9669,09ff8afb45c4691c,d918be6590d10556
9672,da774f0552fb14a0,fd964e3f524f9673
9675,4fd9049d27b16f17,416a89a321e35e0f
9678,55521ad01ef91cb9,71c8eff1d6879136
9681,94e9dd3421dc379e,fc08efa4e99ed19d
9682,32b13ef8b3427d9c,5b436fc811d421c9
9689,7048c6a5e858717d,63f6ac1c793cc698
9694,ae886a385788ede8,5cd2b5962a2f9633
9694,b80a6330c54b8c6d,cc6b239e0c833b6a
9695,263c8048d831ff75,2e8038e169941f54
9698,cf4183a997b91e60,814f7c1c6408a89c
9702,96c848c5bd385823,3561878c5a513d36
9703,0c9a1bd315954d54,9765ad7e5ba9dea0
9704,e2cf12c59ba98e7b,99a6ad1b6632ddfa
9705,76e15e0110d676a7,69fb057c4c99e888
9706,8186914efe903ee9,9461187aff34d199
9707,0cd43a62a6d66088,62a365f6370afcbc
9707,95783381921cd9de,94f112b9a3a11895
9715,c71cb00c5911fcbf,d9a1c3971edf9656
9716,8b05c4da831ae00a,f102933749fe6e79
9718,d5455ffd71c2bdfc,1de26a976e89144d
9718,cfc807014e8bbe08,5cd2b5962a2f9633
9719,3932cfb0caaa1a12,a10a759d908c8190
9720,39f031f4036068a3,95ab7be16d343c6e
9722,999e18304fb38879,7ca3084b180be13f
9728,7b3a48197757ecad,e5dde21e5086e295
9730,0e6c5b2a66d37c5e,76268f3393a99ada
9734,032c0b411a2fcf08,f9a1b63e1edd8b82
9737,fe6564fa2a23c91a,a313aa4db253564a
9737,fdb9acd82a737884,d8203200dd4dfe7c
9744,d364f9c241a1fd2a,11756b82c458c355
9748,c547d94c092aa124,3bb61542a271172d
9749,d4f28b6717b33f93,a89d411168be8e90
9751,079c29d081cef2b1,d8203200dd4dfe7c
9755,884278d0f5e254b1,a1d9c019d2ee8570
9755,f166cca48dc5a754,0be2188636101cef
9756,694af79ef501703e,813fe6afafd24af0
9761,80c1e34e6066ac9e,e7ce4f5d29b315d3
9766,a3c9f3b0693fed0d,ec88f7ad62e5203d
9767,bf8c98b0b75b59b9,2b2581b3c13e1a13
9773,e3dda4283cb807cd,cbcb534693b7de72
9774,2f62454aa3ff295e,114c091fea051525
9774,7c660e95f38d484e,ca561fea5d702bc3
9786,a4930beeecb8c382,b08e3be3660c01b8
9795,5bf2033664f8b78e,c44396c9579270a0
9801,5442c750ae56762c,04fc7a35cfecaef7
9805,b7160b62778006e0,111da6a5ec595128
9809,73943d6a1f89b18b,7d5c9e3cac8e697f
9809,293de83c64fa40b0,0b942ac4db147ada
9811,ccf216679c054288,fcd365853ac7b8bd
9812,3b6d4390e3b2eab4,7760bf66fb0328eb
9819,bb2103490b72dd23,fc95cf430e9d68a0
9820,76151afa0f4b10a0,c7f4db9cd480f307
9822,cdded765b85f31d2,690ed2665bc5b677
9822,7e745584f672fa72,270e503e8fa86014
9826,119bffe16689add1,98df8f517c5a0072
9829,f360a57750e1e8da,a354588dcb1cf36a
9829,b6011c1457d22969,fa6baef0e00e9af5
9829,3d15c3619485dc12,e509841cb0d692f3
9830,069c663357265b66,e2e406ad554ae8eb
9834,156755c63de885cb,98ccc1b5b102e36a
9838,a8a5d5773d0cb60a,952a71ad7523b74b
9840,f83be03699ad4f76,1fb38a3d426c4ff9
9841,ad66ec4d5847a8f0,28a31e29da6ef47a
9842,7dd8caf17574161d,65dd1f07bb10806a
9845,be4ed2d1336fe40f,a943142b6476b342
9859,9617877d72bcb40a,bcabf7038cbd66f9
9860,67caff3ee87add3e,efb72a5e6645b1fd
9860,199e108a3fa30b44,2484539a8e615923
9865,653e5c66d8378951,939ffcedd0a79e48
9866,c7cc14ef5ce32986,5dd0f9dfd4e6fc3a
9870,6064be4560ff77da,92d5968eb3232ed5
9874,e1c249f3b37e6b6d,6314c73f36064ce4
9874,bcd9d24de71d2f2b,14d2c3484f22c828
9879,40fecfbeaff7f83b,b3a637bd382261c2
9888,ede4b09dc4ccce0d,c6ffb970d97aab3b
9890,fb22813af3f64970,2e63a4786fb9fc54
9893,a49795735cc39a6e,ba272a7d7c194d10
9894,3668a2c949560229,5d049645e08ae6d2
9896,7f473b37d0513af3,ca561fea5d702bc3
9899,f57322f397ba23d5,531ddf7b5b58df24
9906,17e020209cf88be6,92d5968eb3232ed5
9907,31cb6332086aac11,0f91fd93e1e9d57e
9909,43bd9165cd6ec433,0cef387931b1b3da
9914,432e0c62e1c6f696,0cef387931b1b3da
9921,93b63c80bd5a497e,efb72a5e6645b1fd
9927,91fa14c355bbb51b,6f43393fd918db48
9931,b85c26494ef00003,06cda76e895b4ad7
9931,e69cf8a6595d9ec5,082632bcb57d1fb1
9938,0bfde41a61eb8257,74c9151533e9c064
9939,1736ca6ff6432dbc,e35fa0fbcfab6c13
9948,07b61c9462140592,0f91fd93e1e9d57e
9951,b03bbfc56c4381e2,bc5db6a1c30803a4
9956,afe9b2b79a4e4374,0d7cefc357dd1b09
9958,3f763f28a388ef21,33dff7058bba8571
9961,3908d32299a2301a,00692d9ab8e6237d
9967,a235231ac70373ec,1d0ca5a94e591ec1
9967,239b7fd284706f2c,1050f0c87ff748e3
9972,19e08bac81a95f67,62e8af685fe84468
9974,ad0b6c08b7e4c4f6,99970c0edd06178c
9979,65d2ed940d723acd,c4d5e0f600db971f
9980,685dac5ce6448115,59e0d924ab1a4247
9980,9782d0da15a49de1,e5e037a73f0f63b2
9981,64628d8b9e1dbc2f,690ed2665bc5b677
9982,c906126dea1d0322,11756b82c458c355
9988,9edfe9cb070265c6,f1021b01f7174ae5
9991,cf79927b2e0cd019,a6f50a099eb75f97
9993,44564b8dcb5485d3,2d01a79a2caffbc8
