pop,gen,best,mean,unique
0,0,5.0753,1.1255,87
1,0,5.3601,1.1895,85
2,0,5.0753,1.1944,87
3,0,5.3907,1.1881,89
0,1,6.1238,3.2516,148
1,1,6.0442,3.4687,149
2,1,5.3907,3.3054,134
3,1,6.9813,3.6615,155
0,2,6.1238,3.8473,154
1,2,7.2823,4.2671,142
2,2,5.3907,3.909,109
3,2,6.9813,4.3292,167
0,3,6.1238,4.5307,128
1,3,7.2823,4.7987,148
2,3,5.772,4.1312,120
3,3,6.9813,5.0745,146
0,4,8.762,4.9837,123
1,4,7.2823,5.8183,124
2,4,5.772,4.409,105
3,4,6.9813,5.6352,96
0,5,8.762,5.5201,131
1,5,7.5547,6.0112,104
2,5,5.772,4.2869,104
3,5,8.0452,5.5709,94
0,6,8.762,7.1032,90
1,6,7.5547,6.2169,93
2,6,7.2287,4.2869,116
3,6,8.0452,5.7687,89
0,7,8.762,7.417,75
1,7,7.5547,6.1308,98
2,7,7.2287,4.4367,134
3,7,8.0452,5.7877,84
0,8,8.762,7.2137,84
1,8,7.5547,6.1985,98
2,8,7.5547,5.2295,122
3,8,8.762,5.9153,99
0,9,8.762,7.0865,92
1,9,7.5547,6.2902,97
2,9,7.5547,6.0043,109
3,9,8.762,6.6333,94
0,10,8.762,7.1021,81
1,10,7.5547,6.1111,97
2,10,7.5547,6.1109,73
3,10,8.762,6.9011,101
0,11,8.762,7.3103,78
1,11,8.762,6.1864,101
2,11,7.5547,6.1598,80
3,11,8.762,7.1021,97
0,12,8.762,7.2905,78
1,12,8.762,6.1662,114
2,12,7.5547,6.1697,79
3,12,8.762,7.2014,85
0,13,8.762,7.3517,73
1,13,8.762,6.322,106
2,13,8.762,6.1252,85
3,13,8.762,7.3206,72
0,14,8.762,7.298,83
1,14,8.762,6.6678,111
2,14,8.762,6.1806,94
3,14,8.762,7.1855,82
0,15,8.762,7.1717,70
1,15,8.762,7.3873,75
2,15,8.762,6.408,96
3,15,8.762,7.3606,74
0,16,8.762,7.279,71
1,16,8.762,7.358,89
2,16,8.762,6.887,101
3,16,8.762,7.2708,70
0,17,8.762,7.3769,78
1,17,8.762,7.4543,74
2,17,8.762,7.2398,92
3,17,8.762,7.3466,72
0,18,8.762,7.3444,73
1,18,8.762,7.2644,94
2,18,8.762,7.1675,82
3,18,8.762,7.2957,78
0,19,8.762,7.1626,74
1,19,8.762,7.2305,73
2,19,8.762,7.316,78
3,19,8.762,7.1299,88
0,20,8.762,7.2451,80
1,20,8.762,7.2961,65
2,20,8.762,7.2489,79
3,20,8.762,7.286,72
0,21,8.762,7.1864,85
1,21,8.762,7.1164,91
2,21,8.762,7.3993,80
3,21,8.762,7.3415,75
0,22,8.762,7.2343,82
1,22,8.762,7.1923,78
2,22,8.762,7.2953,83
3,22,8.762,7.2699,82
0,23,8.762,7.2513,77
1,23,8.762,7.3405,80
2,23,8.762,7.3394,82
3,23,8.762,7.4999,73
0,24,8.762,7.3277,74
1,24,8.762,7.3004,76
2,24,8.762,7.4387,68
3,24,8.762,7.2144,78
0,25,8.762,7.2565,73
1,25,8.762,7.1364,84
2,25,8.762,7.2478,85
3,25,8.762,7.2753,79
0,26,8.762,7.3158,79
1,26,8.762,7.4143,67
2,26,8.762,7.447,73
3,26,8.762,7.0993,85
0,27,8.762,7.3669,76
1,27,8.762,7.3062,76
2,27,8.762,7.3055,73
3,27,8.762,7.206,79
0,28,8.762,7.1412,82
1,28,8.762,7.1899,75
2,28,8.762,7.1909,78
3,28,8.762,7.357,78
0,29,8.762,7.3859,70
1,29,8.762,7.3187,79
2,29,8.762,7.3573,75
3,29,8.762,7.0244,85
0,30,8.762,7.2969,75
1,30,8.762,7.2389,75
2,30,8.762,7.2177,75
3,30,8.762,7.3078,82
0,31,8.762,7.3482,75
1,31,8.762,7.2492,75
2,31,8.762,7.2494,79
3,31,8.762,7.2888,77
0,32,8.762,7.2502,70
1,32,8.762,7.1963,83
2,32,8.762,7.2245,71
3,32,8.762,7.1341,84
0,33,8.762,7.2227,79
1,33,8.762,7.3689,79
2,33,8.762,7.3261,77
3,33,8.762,7.2948,71
0,34,8.762,7.2446,85
1,34,8.762,7.2652,72
2,34,8.762,7.2211,86
3,34,8.762,7.1723,81
0,35,8.762,7.4345,74
1,35,8.762,7.2819,77
2,35,8.762,7.3916,72
3,35,8.762,7.5058,69
0,36,8.762,7.0118,81
1,36,8.762,7.2478,70
2,36,8.762,7.2564,76
3,36,8.762,7.2758,69
0,37,8.762,7.2521,82
1,37,8.762,7.3035,77
2,37,8.762,7.1615,76
3,37,8.762,7.2365,78
0,38,8.762,7.3311,72
1,38,8.762,7.317,71
2,38,8.762,7.1392,82
3,38,8.762,7.3597,71
0,39,8.762,7.3054,71
1,39,8.762,7.4654,73
2,39,8.762,7.2745,84
3,39,8.762,7.2815,78
0,40,8.762,7.2489,80
1,40,8.762,7.3153,80
2,40,8.762,7.2741,74
3,40,8.762,7.4065,64
0,41,8.762,7.2618,72
1,41,8.762,7.4321,70
2,41,8.762,7.1908,76
3,41,8.762,7.2829,80
0,42,8.762,7.1354,78
1,42,8.762,7.2531,74
2,42,8.762,7.3322,71
3,42,8.762,7.0498,81
0,43,8.762,7.4768,62
1,43,8.762,7.1365,87
2,43,8.762,7.3365,67
3,43,8.762,7.3105,76
0,44,8.762,7.2577,73
1,44,8.762,7.3354,81
2,44,8.762,7.2379,75
3,44,8.762,7.3904,77
0,45,8.762,7.1587,80
1,45,8.762,7.2018,76
2,45,8.762,7.319,71
3,45,8.762,7.2488,85
0,46,8.762,7.1809,82
1,46,8.762,7.2977,73
2,46,8.762,7.4001,70
3,46,8.762,7.3282,69
0,47,8.762,7.4127,76
1,47,8.762,7.3606,70
2,47,8.762,7.3931,72
3,47,8.762,7.2655,74
0,48,8.762,7.2587,86
1,48,8.762,7.3982,70
2,48,8.762,7.2179,78
3,48,8.762,7.4369,80
0,49,8.762,7.1531,79
1,49,8.762,7.3121,79
2,49,8.762,7.2753,85
3,49,8.762,7.2731,80
0,50,8.762,7.3463,70
1,50,8.762,7.1758,75
2,50,8.762,7.2569,78
3,50,8.762,7.264,83
0,51,8.762,7.2218,82
1,51,8.762,7.2323,77
2,51,8.762,7.2038,86
3,51,8.762,7.5215,74
0,52,8.762,7.2547,84
1,52,8.762,7.2321,68
2,52,8.762,7.3282,70
3,52,8.762,7.2376,88
0,53,8.762,7.3621,81
1,53,8.762,7.3319,73
2,53,8.762,7.1084,81
3,53,8.762,7.208,76
0,54,8.762,7.2724,83
1,54,8.762,7.1436,88
2,54,8.762,7.2546,75
3,54,8.762,7.1973,79
0,55,8.762,7.3023,72
1,55,8.762,7.2739,73
2,55,8.762,7.2668,84
3,55,8.762,7.2287,73
0,56,8.762,7.3419,77
1,56,8.762,7.1085,82
2,56,8.762,7.3434,76
3,56,8.762,7.2871,75
0,57,8.762,7.434,68
1,57,8.762,7.2618,80
2,57,8.762,7.2308,76
3,57,8.762,7.2896,81
0,58,8.762,7.2303,87
1,58,8.762,7.3372,74
2,58,8.762,7.3347,77
3,58,8.762,7.0747,80
0,59,8.762,7.1259,78
1,59,8.762,7.2154,78
2,59,8.762,7.3011,74
3,59,8.762,7.1567,85
0,60,8.762,7.3861,76
1,60,8.762,7.2785,82
2,60,8.762,7.2434,76
3,60,8.762,7.2282,71
0,61,8.762,7.3253,70
1,61,8.762,7.1403,75
2,61,8.762,7.3728,68
3,61,8.762,7.3694,66
0,62,8.762,7.3773,85
1,62,8.762,7.2136,74
2,62,8.762,7.3512,71
3,62,8.762,7.4344,79
0,63,8.762,7.156,76
1,63,8.762,7.3321,77
2,63,8.762,7.3673,79
3,63,8.762,7.1675,78
0,64,8.762,7.2328,75
1,64,8.762,7.1495,82
2,64,8.762,7.1392,78
3,64,8.762,7.2396,71
0,65,8.762,7.2956,74
1,65,8.762,7.31,82
2,65,8.762,7.3073,77
3,65,8.762,7.2861,77
0,66,8.762,7.3203,78
1,66,8.762,7.3657,78
2,66,8.762,7.3548,79
3,66,8.762,7.4058,69
0,67,8.762,7.2556,76
1,67,8.762,7.25,77
2,67,8.762,7.3391,74
3,67,8.762,7.3167,72
0,68,8.762,7.2524,69
1,68,8.762,7.2344,76
2,68,8.762,7.1287,83
3,68,8.762,7.3007,77
0,69,8.762,7.2265,82
1,69,8.762,7.3398,73
2,69,8.762,7.2328,76
3,69,8.762,7.1387,84
0,70,8.762,7.2601,86
1,70,8.762,7.3701,74
2,70,8.762,7.1897,81
3,70,8.762,7.3442,85
0,71,8.762,7.3411,74
1,71,8.762,7.3345,78
2,71,8.762,7.2475,69
3,71,8.762,7.3164,76
0,72,8.762,7.2016,79
1,72,8.762,7.2061,81
2,72,8.762,7.2632,87
3,72,8.762,7.329,77
0,73,8.762,7.2874,78
1,73,8.762,7.3569,83
2,73,8.762,7.328,75
3,73,8.762,7.3144,73
0,74,8.762,7.4143,76
1,74,8.762,7.2581,66
2,74,8.762,7.3119,77
3,74,8.762,7.3015,70
0,75,8.762,7.3767,72
1,75,8.762,7.2699,76
2,75,8.762,7.2042,80
3,75,8.762,7.2619,75
0,76,8.762,7.3078,65
1,76,8.762,7.3321,82
2,76,8.762,7.2202,77
3,76,8.762,7.2446,72
0,77,8.762,7.3047,74
1,77,8.762,7.3622,75
2,77,8.762,7.294,80
3,77,8.762,7.387,77
0,78,8.762,7.2931,80
1,78,8.762,7.3904,72
2,78,8.762,7.4075,83
3,78,8.762,7.1754,85
0,79,8.762,7.2502,79
1,79,8.762,7.4385,75
2,79,8.762,7.2303,67
3,79,8.762,7.3231,77
0,80,8.762,7.16,69
1,80,8.762,7.2633,68
2,80,8.762,7.272,72
3,80,8.762,7.2912,80
0,81,8.762,7.2427,76
1,81,8.762,7.1783,87
2,81,8.762,7.1006,82
3,81,8.762,7.3557,79
0,82,8.762,7.2232,90
1,82,8.762,7.3722,74
2,82,8.762,7.3331,73
3,82,8.762,7.279,81
0,83,8.762,7.2463,71
1,83,8.762,7.2546,84
2,83,8.762,7.2113,73
3,83,8.762,7.2964,76
0,84,8.762,7.172,77
1,84,8.762,7.299,80
2,84,8.762,7.3301,81
3,84,8.762,7.2808,78
0,85,8.762,7.3255,67
1,85,8.762,7.2953,77
2,85,8.762,7.2198,78
3,85,8.762,7.193,78
0,86,8.762,7.2721,81
1,86,8.762,7.2979,79
2,86,8.762,7.3327,76
3,86,8.762,7.4295,74
0,87,8.762,7.3193,74
1,87,8.762,7.2456,75
2,87,8.762,7.3694,71
3,87,8.762,7.2032,84
0,88,8.762,7.1882,77
1,88,8.762,7.1722,76
2,88,8.762,7.2772,77
3,88,8.762,7.3738,74
0,89,8.762,7.2469,75
1,89,8.762,7.1615,80
2,89,8.762,7.3106,74
3,89,8.762,7.1991,86
0,90,8.762,7.4112,68
1,90,8.762,7.3295,82
2,90,8.762,7.2736,78
3,90,8.762,7.3209,75
0,91,8.762,7.2968,81
1,91,8.762,7.3603,81
2,91,8.762,7.4513,68
3,91,8.762,7.2214,79
0,92,8.762,7.3519,67
1,92,8.762,7.3782,81
2,92,8.762,7.1623,73
3,92,8.762,7.2033,81
0,93,8.762,7.1594,88
1,93,8.762,7.3116,73
2,93,8.762,7.1351,83
3,93,8.762,7.3319,76
0,94,8.762,7.3542,70
1,94,8.762,7.3059,75
2,94,8.762,7.2818,77
3,94,8.762,7.2672,79
0,95,8.762,7.3248,70
1,95,8.762,7.21,76
2,95,8.762,7.3713,72
3,95,8.762,7.2242,74
0,96,8.762,7.3524,77
1,96,8.762,7.1465,82
2,96,8.762,7.2987,85
3,96,8.762,7.4155,75
0,97,8.762,7.3637,66
1,97,8.762,7.3094,71
2,97,8.762,7.2222,76
3,97,8.762,7.3384,75
0,98,8.762,7.2406,80
1,98,8.762,7.2909,80
2,98,8.762,7.2144,76
3,98,8.762,7.258,80
0,99,8.762,7.2694,85
1,99,8.762,7.3095,75
2,99,8.762,7.2193,82
3,99,8.762,7.3228,82
0,100,8.762,7.3584,66
1,100,8.762,7.4245,71
2,100,8.762,7.4002,74
3,100,8.762,7.3202,61
0,101,8.762,7.329,75
1,101,8.762,7.2491,73
2,101,8.762,7.157,81
3,101,8.762,7.2429,67
0,102,8.762,7.3417,73
1,102,8.762,7.3879,70
2,102,8.762,7.1558,83
3,102,8.762,7.188,84
0,103,8.762,7.2888,83
1,103,8.762,7.2558,73
2,103,8.762,7.4007,74
3,103,8.762,7.3205,79
0,104,8.762,7.3745,64
1,104,8.762,7.1871,83
2,104,8.762,7.2592,75
3,104,8.762,7.1939,78
0,105,8.762,7.373,67
1,105,8.762,7.3251,83
2,105,8.762,7.244,80
3,105,8.762,7.306,68
0,106,8.762,7.1987,81
1,106,8.762,7.2486,72
2,106,8.762,7.17,77
3,106,8.762,7.4217,84
0,107,8.762,7.3394,73
1,107,8.762,7.4367,77
2,107,8.762,7.3632,76
3,107,8.762,7.3322,66
0,108,8.762,7.3451,71
1,108,8.762,7.2145,79
2,108,8.762,7.2503,75
3,108,8.762,7.3917,72
0,109,8.762,7.3096,74
1,109,8.762,7.2398,79
2,109,8.762,7.3451,79
3,109,8.762,7.3859,76
0,110,8.762,7.3027,82
1,110,8.762,7.146,85
2,110,8.762,7.364,75
3,110,8.762,7.3022,73
0,111,8.762,7.4099,73
1,111,8.762,7.3174,71
2,111,8.762,7.3797,74
3,111,8.762,7.3544,79
0,112,8.762,7.1374,81
1,112,8.762,7.2518,77
2,112,8.762,7.3754,71
3,112,8.762,7.2142,80
0,113,8.762,7.4328,71
1,113,8.762,7.337,78
2,113,8.762,7.0681,80
3,113,8.762,7.2348,74
0,114,8.762,7.2819,80
1,114,8.762,7.3028,84
2,114,8.762,7.4434,70
3,114,8.762,7.1768,76
0,115,8.762,7.3261,79
1,115,8.762,7.31,80
2,115,8.762,7.1287,81
3,115,8.762,7.3416,76
0,116,8.762,7.3584,79
1,116,8.762,7.3547,70
2,116,8.762,7.142,86
3,116,8.762,7.3345,75
0,117,8.762,7.3164,88
1,117,8.762,7.2744,79
2,117,8.762,7.3582,72
3,117,8.762,7.2897,69
0,118,8.762,7.4025,72
1,118,8.762,7.0845,81
2,118,8.762,7.1592,85
3,118,8.762,7.3365,76
0,119,8.762,7.2129,75
1,119,8.762,7.2809,70
2,119,8.762,7.272,78
3,119,8.762,7.2314,76
0,120,8.762,7.2763,79
1,120,8.762,7.177,74
2,120,8.762,7.2534,83
3,120,8.762,7.4131,80
0,121,8.762,7.5754,66
1,121,8.762,7.3896,81
2,121,8.762,7.1004,82
3,121,8.762,7.2906,74
0,122,8.762,7.3741,78
1,122,8.762,7.4009,75
2,122,8.762,7.2362,77
3,122,8.762,7.2078,81
0,123,8.762,7.351,80
1,123,8.762,7.3681,69
2,123,8.762,7.2777,72
3,123,8.762,7.4559,60
0,124,8.762,7.2364,71
1,124,8.762,7.3839,76
2,124,8.762,7.2996,79
3,124,8.762,7.3822,71
0,125,8.762,7.2763,71
1,125,8.762,7.3477,70
2,125,8.762,7.2598,77
3,125,8.762,7.3694,77
0,126,8.762,7.3598,72
1,126,8.762,7.4056,78
2,126,8.762,7.1819,83
3,126,8.762,7.1813,85
0,127,8.762,7.3489,70
1,127,8.762,7.3167,80
2,127,8.762,7.285,76
3,127,8.762,7.2333,76
0,128,8.762,7.0634,82
1,128,8.762,7.2811,81
2,128,8.762,7.2591,74
3,128,8.762,7.3744,74
0,129,8.762,7.488,70
1,129,8.762,7.3486,78
2,129,8.762,7.2706,81
3,129,8.762,7.2496,79
0,130,8.762,7.33,76
1,130,8.762,7.2283,81
2,130,8.762,7.2322,77
3,130,8.762,7.2492,75
0,131,8.762,7.2251,80
1,131,8.762,7.2093,87
2,131,8.762,7.3542,72
3,131,8.762,7.3443,74
0,132,8.762,7.3113,79
1,132,8.762,7.2078,85
2,132,8.762,7.1927,71
3,132,8.762,7.1566,87
0,133,8.762,7.4439,67
1,133,8.762,7.2884,81
2,133,8.762,7.1073,82
3,133,8.762,7.2594,80
0,134,8.762,7.2953,86
1,134,8.762,7.2995,79
2,134,8.762,7.266,69
3,134,8.762,7.328,63
0,135,8.762,7.2154,78
1,135,8.762,7.3494,74
2,135,8.762,7.3457,67
3,135,8.762,7.2221,75
0,136,8.762,7.1987,76
1,136,8.762,7.3215,68
2,136,8.762,7.255,76
3,136,8.762,7.3237,67
0,137,8.762,7.2573,82
1,137,8.762,7.2045,75
2,137,8.762,7.2397,72
3,137,8.762,7.3525,72
0,138,8.762,7.2401,85
1,138,8.762,7.2926,72
2,138,8.762,7.3084,77
3,138,8.762,7.2737,78
0,139,8.762,7.3007,79
1,139,8.762,7.3859,75
2,139,8.762,7.2464,77
3,139,8.762,7.2438,74
0,140,8.762,7.2088,77
1,140,8.762,7.2714,72
2,140,8.762,7.4179,72
3,140,8.762,7.2244,79
0,141,8.762,7.2824,87
1,141,8.762,7.2437,75
2,141,8.762,7.3049,75
3,141,8.762,7.228,79
0,142,8.762,7.4416,75
1,142,8.762,7.1424,81
2,142,8.762,7.3633,73
3,142,8.762,7.2127,83
0,143,8.762,7.3795,77
1,143,8.762,7.3335,81
2,143,8.762,7.2629,72
3,143,8.762,7.1388,70
0,144,8.762,7.2964,72
1,144,8.762,7.3765,80
2,144,8.762,7.2383,77
3,144,8.762,7.314,73
0,145,8.762,7.3145,67
1,145,8.762,7.2391,78
2,145,8.762,7.1251,85
3,145,8.762,7.3161,75
0,146,8.762,7.3028,79
1,146,8.762,7.2431,81
2,146,8.762,7.2676,74
3,146,8.762,7.2259,79
0,147,8.762,7.2584,71
1,147,8.762,7.2814,64
2,147,8.762,7.3666,71
3,147,8.762,7.1239,91
0,148,8.762,7.3471,81
1,148,8.762,7.2883,79
2,148,8.762,7.2569,75
3,148,8.762,7.1137,76
0,149,8.762,7.1592,82
1,149,8.762,7.4277,64
2,149,8.762,7.321,70
3,149,8.762,7.137,87
0,150,8.762,7.2523,83
1,150,8.762,7.2887,83
2,150,8.762,7.2031,72
3,150,8.762,7.2328,75
0,151,8.762,7.3089,67
1,151,8.762,7.2814,82
2,151,8.762,7.2718,75
3,151,8.762,7.3077,66
0,152,8.762,7.3155,71
1,152,8.762,7.4131,73
2,152,8.762,7.1876,71
3,152,8.762,7.2933,81
0,153,8.762,7.314,70
1,153,8.762,7.3384,77
2,153,8.762,7.3816,69
3,153,8.762,7.2792,74
0,154,8.762,7.22,84
1,154,8.762,7.2933,82
2,154,8.762,7.3224,77
3,154,8.762,7.3031,70
0,155,8.762,7.3802,68
1,155,8.762,7.3446,71
2,155,8.762,7.265,77
3,155,8.762,7.4039,77
0,156,8.762,7.2733,77
1,156,8.762,7.1389,84
2,156,8.762,7.1781,82
3,156,8.762,7.2867,69
0,157,8.762,7.405,75
1,157,8.762,7.363,68
2,157,8.762,7.4426,74
3,157,8.762,7.238,75
0,158,8.762,7.2015,74
1,158,8.762,7.208,72
2,158,8.762,7.4206,72
3,158,8.762,7.293,77
0,159,8.762,7.2363,80
1,159,8.762,7.3978,68
2,159,8.762,7.3351,73
3,159,8.762,7.3546,80
0,160,8.762,7.4569,77
1,160,8.762,7.3524,69
2,160,8.762,7.268,68
3,160,8.762,7.3234,75
0,161,8.762,7.3213,70
1,161,8.762,7.2757,76
2,161,8.762,7.2966,85
3,161,8.762,7.2742,79
0,162,8.762,7.3097,81
1,162,8.762,7.4626,73
2,162,8.762,7.2394,65
3,162,8.762,7.2896,82
0,163,8.762,7.4537,70
1,163,8.762,7.3043,80
2,163,8.762,7.2236,84
3,163,8.762,7.3154,80
0,164,8.762,7.3218,80
1,164,8.762,7.3103,75
2,164,8.762,7.3235,71
3,164,8.762,7.4202,68
0,165,8.762,7.19,75
1,165,8.762,7.1415,79
2,165,8.762,7.2827,74
3,165,8.762,7.1665,75
0,166,8.762,7.3299,84
1,166,8.762,7.1668,79
2,166,8.762,7.4545,71
3,166,8.762,7.1847,74
0,167,8.762,7.2061,77
1,167,8.762,7.2405,81
2,167,8.762,7.3403,75
3,167,8.762,7.2556,88
0,168,8.762,7.3278,69
1,168,8.762,7.2733,78
2,168,8.762,7.3139,76
3,168,8.762,7.3591,74
0,169,8.762,7.3011,76
1,169,8.762,7.2185,83
2,169,8.762,7.407,71
3,169,8.762,7.5336,75
0,170,8.762,7.1536,77
1,170,8.762,7.3932,75
2,170,8.762,7.4318,78
3,170,8.762,7.2696,72
0,171,8.762,7.2649,80
1,171,8.762,7.3194,78
2,171,8.762,7.3968,73
3,171,8.762,7.1312,80
0,172,8.762,7.2897,71
1,172,8.762,7.376,79
2,172,8.762,7.3006,79
3,172,8.762,7.3601,75
0,173,8.762,7.3728,79
1,173,8.762,7.3456,76
2,173,8.762,7.189,74
3,173,8.762,7.3722,67
0,174,8.762,7.297,70
1,174,8.762,7.2831,67
2,174,8.762,7.2346,82
3,174,8.762,7.1972,78
0,175,8.762,7.3114,77
1,175,8.762,7.4145,73
2,175,8.762,7.4551,74
3,175,8.762,7.2637,79
0,176,8.762,7.2936,76
1,176,8.762,7.329,73
2,176,8.762,7.2043,83
3,176,8.762,7.151,77
0,177,8.762,7.402,68
1,177,8.762,7.5037,67
2,177,8.762,7.3164,84
3,177,8.762,7.3717,76
0,178,8.762,7.4128,74
1,178,8.762,7.2885,81
2,178,8.762,7.2609,79
3,178,8.762,7.359,73
0,179,8.762,7.3073,69
1,179,8.762,7.491,77
2,179,8.762,7.3318,74
3,179,8.762,7.3528,79
0,180,8.762,7.3303,72
1,180,8.762,7.3469,73
2,180,8.762,7.4158,78
3,180,8.762,7.2617,80
0,181,8.762,7.1798,74
1,181,8.762,7.2244,74
2,181,8.762,7.2728,79
3,181,8.762,7.3767,72
0,182,8.762,7.3547,78
1,182,8.762,7.1564,74
2,182,8.762,7.224,89
3,182,8.762,7.2364,78
0,183,8.762,7.3862,70
1,183,8.762,7.3019,74
2,183,8.762,7.2917,69
3,183,8.762,7.2861,81
0,184,8.762,7.3614,62
1,184,8.762,7.2317,79
2,184,8.762,7.2033,80
3,184,8.762,7.2887,69
0,185,8.762,7.4333,67
1,185,8.762,7.3442,78
2,185,8.762,7.1872,85
3,185,8.762,7.2069,92
0,186,8.762,7.2361,69
1,186,8.762,7.2954,83
2,186,8.762,7.2756,69
3,186,8.762,7.4239,75
0,187,8.762,7.1933,72
1,187,8.762,7.2284,75
2,187,8.762,7.4388,65
3,187,8.762,7.2738,64
0,188,8.762,7.4647,66
1,188,8.762,7.334,74
2,188,8.762,7.3922,77
3,188,8.762,7.4028,71
0,189,8.762,7.2941,80
1,189,8.762,7.3217,70
2,189,8.762,7.3528,82
3,189,8.762,7.1256,80
0,190,8.762,7.1938,79
1,190,8.762,7.2735,81
2,190,8.762,7.3329,76
3,190,8.762,7.3227,75
0,191,8.762,7.22,75
1,191,8.762,7.3373,72
2,191,8.762,7.2914,75
3,191,8.762,7.2894,73
0,192,8.762,7.1909,79
1,192,8.762,7.3606,70
2,192,8.762,7.2311,83
3,192,8.762,7.3234,83
0,193,8.762,7.3695,71
1,193,8.762,7.3633,74
2,193,8.762,7.2648,72
3,193,8.762,7.4484,76
0,194,8.762,7.2031,76
1,194,8.762,7.4153,71
2,194,8.762,7.2546,78
3,194,8.762,7.2218,78
0,195,8.762,7.3686,76
1,195,8.762,7.3736,65
2,195,8.762,7.0909,75
3,195,8.762,7.3226,70
0,196,8.762,7.2977,69
1,196,8.762,7.3213,67
2,196,8.762,7.4006,66
3,196,8.762,7.3349,61
0,197,8.762,7.1203,84
1,197,8.762,7.2744,76
2,197,8.762,7.3137,80
3,197,8.762,7.3192,77
0,198,8.762,7.2494,76
1,198,8.762,7.4794,69
2,198,8.762,7.2668,69
3,198,8.762,7.3714,75
0,199,8.762,7.2845,67
1,199,8.762,7.2059,73
2,199,8.762,7.3799,76
3,199,8.762,7.2494,82
0,200,8.762,7.3345,65
1,200,8.762,7.3865,69
2,200,8.762,7.3195,87
3,200,8.762,7.1151,80
0,201,8.762,7.2278,76
1,201,8.762,7.3465,86
2,201,8.762,7.4104,79
3,201,8.762,7.2923,76
0,202,8.762,7.3508,70
1,202,8.762,7.2586,80
2,202,8.762,7.1626,77
3,202,8.762,7.2675,75
0,203,8.762,7.2707,76
1,203,8.762,7.3972,71
2,203,8.762,7.3315,79
3,203,8.762,7.4065,75
0,204,8.762,7.261,72
1,204,8.762,7.2092,79
2,204,8.762,7.2138,82
3,204,8.762,7.3976,68
0,205,8.762,7.2396,78
1,205,8.762,7.2586,85
2,205,8.762,7.1614,92
3,205,8.762,7.4198,69
0,206,8.762,7.2036,76
1,206,8.762,7.076,80
2,206,8.762,7.3431,70
3,206,8.762,7.3546,77
0,207,8.762,7.3932,73
1,207,8.762,7.2369,81
2,207,8.762,7.3306,82
3,207,8.762,7.3703,72
0,208,8.762,7.1658,83
1,208,8.762,7.2701,78
2,208,8.762,7.2427,88
3,208,8.762,7.1188,87
0,209,8.762,7.1262,76
1,209,8.762,7.2779,78
2,209,8.762,7.1668,79
3,209,8.762,7.5445,67
0,210,8.762,7.0606,73
1,210,8.762,7.2034,73
2,210,8.762,7.2434,77
3,210,8.762,7.3469,74
0,211,8.762,7.2973,81
1,211,8.762,7.2287,85
2,211,8.762,7.2538,77
3,211,8.762,7.4058,77
0,212,8.762,7.4387,73
1,212,8.762,7.2322,81
2,212,8.762,7.2887,83
3,212,8.762,7.2053,81
0,213,8.762,7.2508,74
1,213,8.762,7.3093,80
2,213,8.762,7.3142,73
3,213,8.762,7.2937,84
0,214,8.762,7.3698,65
1,214,8.762,7.1963,82
2,214,8.762,7.2955,84
3,214,8.762,7.2064,80
0,215,8.762,7.1614,77
1,215,8.762,7.4381,68
2,215,8.762,7.4295,73
3,215,8.762,7.1811,79
0,216,8.762,7.244,71
1,216,8.762,7.2998,73
2,216,8.762,7.3131,68
3,216,8.762,7.2191,79
0,217,8.762,7.3702,68
1,217,8.762,7.2173,83
2,217,8.762,7.3697,74
3,217,8.762,7.3115,77
0,218,8.762,7.3394,81
1,218,8.762,7.298,73
2,218,8.762,7.2899,78
3,218,8.762,7.4311,71
0,219,8.762,7.1529,88
1,219,8.762,7.3431,81
2,219,8.762,7.3436,71
3,219,8.762,7.1991,73
0,220,8.762,7.1738,80
1,220,8.762,7.3235,71
2,220,8.762,7.2934,81
3,220,8.762,7.156,80
0,221,8.762,7.3802,84
1,221,8.762,7.2014,84
2,221,8.762,7.1909,84
3,221,8.762,7.099,80
0,222,8.762,7.3363,71
1,222,8.762,7.4138,72
2,222,8.762,7.3606,71
3,222,8.762,7.2907,78
0,223,8.762,7.1815,76
1,223,8.762,7.1525,77
2,223,8.762,7.3015,70
3,223,8.762,7.4017,70
0,224,8.762,7.4617,75
1,224,8.762,7.4515,69
2,224,8.762,7.2202,81
3,224,8.762,7.099,78
0,225,8.762,7.3078,79
1,225,8.762,7.4072,70
2,225,8.762,7.3349,73
3,225,8.762,7.2329,72
0,226,8.762,7.3433,76
1,226,8.762,7.3962,79
2,226,8.762,7.2737,81
3,226,8.762,7.1826,75
0,227,8.762,7.4075,66
1,227,8.762,7.1667,70
2,227,8.762,7.2772,71
3,227,8.762,7.4755,65
0,228,8.762,7.47,68
1,228,8.762,7.2393,77
2,228,8.762,7.1203,85
3,228,8.762,7.1197,81
0,229,8.762,7.243,77
1,229,8.762,7.3858,70
2,229,8.762,7.3411,78
3,229,8.762,7.2972,75
0,230,8.762,7.1793,74
1,230,8.762,7.2896,83
2,230,8.762,7.1978,78
3,230,8.762,7.3355,74
0,231,8.762,7.207,78
1,231,8.762,7.2053,83
2,231,8.762,7.3014,81
3,231,8.762,7.2702,75
0,232,8.762,7.2522,83
1,232,8.762,7.2483,86
2,232,8.762,7.3584,72
3,232,8.762,7.2399,78
0,233,8.762,7.2611,74
1,233,8.762,7.2187,65
2,233,8.762,7.2947,76
3,233,8.762,7.2633,82
0,234,8.762,7.3381,85
1,234,8.762,7.2844,78
2,234,8.762,7.241,82
3,234,8.762,7.3845,71
0,235,8.762,7.2336,84
1,235,8.762,7.2879,69
2,235,8.762,7.2975,72
3,235,8.762,7.2846,82
0,236,8.762,7.2469,69
1,236,8.762,7.3023,76
2,236,8.762,7.3468,69
3,236,8.762,7.3067,79
0,237,8.762,7.3343,72
1,237,8.762,7.4005,70
2,237,8.762,7.373,74
3,237,8.762,7.2727,77
0,238,8.762,7.2234,80
1,238,8.762,7.1879,77
2,238,8.762,7.1031,84
3,238,8.762,7.1805,69
0,239,8.762,7.2919,72
1,239,8.762,7.338,82
2,239,8.762,7.2288,72
3,239,8.762,7.45,70
0,240,8.762,7.1457,92
1,240,8.762,7.2094,77
2,240,8.762,7.1139,83
3,240,8.762,7.3851,70
0,241,8.762,7.257,80
1,241,8.762,7.0564,91
2,241,8.762,7.3584,77
3,241,8.762,7.1807,84
0,242,8.762,7.3298,73
1,242,8.762,7.228,80
2,242,8.762,7.3914,71
3,242,8.762,7.256,74
0,243,8.762,7.3551,77
1,243,8.762,7.2653,70
2,243,8.762,7.1805,78
3,243,8.762,7.1429,85
0,244,8.762,7.2467,82
1,244,8.762,7.3872,65
2,244,8.762,7.5481,78
3,244,8.762,7.3754,67
0,245,8.762,7.292,78
1,245,8.762,7.2115,81
2,245,8.762,7.1976,87
3,245,8.762,7.2047,80
0,246,8.762,7.2758,70
1,246,8.762,7.2325,78
2,246,8.762,7.3898,75
3,246,8.762,7.0843,72
0,247,8.762,7.1876,91
1,247,8.762,7.2909,82
2,247,8.762,7.3568,75
3,247,8.762,7.3634,77
0,248,8.762,7.3171,74
1,248,8.762,7.381,76
2,248,8.762,7.3186,71
3,248,8.762,7.3172,74
0,249,8.762,7.316,73
1,249,8.762,7.4067,61
2,249,8.762,7.3687,71
3,249,8.762,7.3051,86
0,250,8.762,7.4129,65
1,250,8.762,7.2084,78
2,250,8.762,7.3685,68
3,250,8.762,7.2382,78
0,251,8.762,7.3487,72
1,251,8.762,7.3871,72
2,251,8.762,7.3417,73
3,251,8.762,7.3878,64
0,252,8.762,7.2628,78
1,252,8.762,7.3099,76
2,252,8.762,7.2511,77
3,252,8.762,7.1985,92
0,253,8.762,7.4248,65
1,253,8.762,7.2176,74
2,253,8.762,7.4814,71
3,253,8.762,7.3031,67
0,254,8.762,7.2648,78
1,254,8.762,7.4084,73
2,254,8.762,7.32,82
3,254,8.762,7.1676,78
0,255,8.762,7.2875,67
1,255,8.762,7.4023,70
2,255,8.762,7.3973,76
3,255,8.762,7.219,74
0,256,8.762,7.3089,76
1,256,8.762,7.2731,75
2,256,8.762,7.2455,78
3,256,8.762,7.3163,77
0,257,8.762,7.3875,75
1,257,8.762,7.2031,85
2,257,8.762,7.3414,71
3,257,8.762,7.2754,81
0,258,8.762,7.3224,71
1,258,8.762,7.2995,75
2,258,8.762,7.5043,78
3,258,8.762,7.1553,82
0,259,8.762,7.3011,77
1,259,8.762,7.1965,89
2,259,8.762,7.2525,77
3,259,8.762,7.5547,70
0,260,8.762,7.3723,69
1,260,8.762,7.2806,72
2,260,8.762,7.3977,68
3,260,8.762,7.1854,85
0,261,8.762,7.2575,77
1,261,8.762,7.4255,68
2,261,8.762,7.2044,80
3,261,8.762,7.3254,67
0,262,8.762,7.2797,85
1,262,8.762,7.2658,70
2,262,8.762,7.2106,72
3,262,8.762,7.3067,81
0,263,8.762,7.2271,77
1,263,8.762,7.3301,80
2,263,8.762,7.2164,72
3,263,8.762,7.3067,76
0,264,8.762,7.1968,89
1,264,8.762,7.2772,63
2,264,8.762,7.3628,76
3,264,8.762,7.2722,82
0,265,8.762,7.1396,77
1,265,8.762,7.2992,74
2,265,8.762,7.3127,78
3,265,8.762,7.0032,94
0,266,8.762,7.2779,71
1,266,8.762,7.25,73
2,266,8.762,7.1761,73
3,266,8.762,7.1829,75
0,267,8.762,7.2604,84
1,267,8.762,7.2078,81
2,267,8.762,7.1194,79
3,267,8.762,7.2821,72
0,268,8.762,7.1749,80
1,268,8.762,7.3681,68
2,268,8.762,7.3444,72
3,268,8.762,7.2173,83
0,269,8.762,7.3126,76
1,269,8.762,7.2224,80
2,269,8.762,7.1341,77
3,269,8.762,7.4131,74
0,270,8.762,7.3029,73
1,270,8.762,7.4569,74
2,270,8.762,7.178,78
3,270,8.762,7.162,80
0,271,8.762,7.3964,79
1,271,8.762,7.1624,80
2,271,8.762,7.1696,82
3,271,8.762,7.3134,75
0,272,8.762,7.1876,72
1,272,8.762,7.2096,79
2,272,8.762,7.2906,82
3,272,8.762,7.1255,91
0,273,8.762,7.2016,74
1,273,8.762,7.2475,80
2,273,8.762,7.1699,83
3,273,8.762,7.2918,76
0,274,8.762,7.3536,75
1,274,8.762,7.2116,89
2,274,8.762,7.3723,75
3,274,8.762,7.2652,74
0,275,8.762,7.3207,75
1,275,8.762,7.2562,78
2,275,8.762,7.2665,77
3,275,8.762,7.3296,83
0,276,8.762,7.4075,85
1,276,8.762,7.3399,70
2,276,8.762,7.1517,82
3,276,8.762,7.3564,76
0,277,8.762,7.3564,78
1,277,8.762,7.2398,78
2,277,8.762,7.2142,75
3,277,8.762,7.4394,69
0,278,8.762,7.2823,77
1,278,8.762,7.3092,80
2,278,8.762,7.2818,76
3,278,8.762,7.2334,83
0,279,8.762,7.1191,76
1,279,8.762,7.3292,65
2,279,8.762,7.4341,65
3,279,8.762,7.454,70
0,280,8.762,7.3286,70
1,280,8.762,7.1063,82
2,280,8.762,7.2032,84
3,280,8.762,7.2403,71
0,281,8.762,7.2274,75
1,281,8.762,7.3382,69
2,281,8.762,7.2307,71
3,281,8.762,7.3799,75
0,282,8.762,7.1777,90
1,282,8.762,7.4293,79
2,282,8.762,7.2423,85
3,282,8.762,7.15,85
0,283,8.762,7.1625,83
1,283,8.762,7.3853,66
2,283,8.762,7.3705,78
3,283,8.762,7.3143,83
0,284,8.762,7.222,74
1,284,8.762,7.1842,79
2,284,8.762,7.1759,83
3,284,8.762,7.4411,75
0,285,8.762,7.0172,74
1,285,8.762,7.3532,74
2,285,8.762,7.183,77
3,285,8.762,7.1561,87
0,286,8.762,7.3613,77
1,286,8.762,7.3163,79
2,286,8.762,7.1848,80
3,286,8.762,7.2868,76
0,287,8.762,7.3256,74
1,287,8.762,7.3009,77
2,287,8.762,7.2785,74
3,287,8.762,7.2477,75
0,288,8.762,7.215,83
1,288,8.762,7.0964,85
2,288,8.762,7.3642,72
3,288,8.762,7.2906,77
0,289,8.762,7.3472,73
1,289,8.762,7.1623,78
2,289,8.762,7.3535,76
3,289,8.762,7.4564,83
0,290,8.762,7.3275,73
1,290,8.762,7.3673,78
2,290,8.762,7.1938,75
3,290,8.762,7.3619,72
0,291,8.762,7.3998,80
1,291,8.762,7.2297,85
2,291,8.762,7.2555,80
3,291,8.762,7.3985,67
0,292,8.762,7.2995,64
1,292,8.762,7.3583,76
2,292,8.762,7.4164,74
3,292,8.762,7.3442,71
0,293,8.762,7.1864,85
1,293,8.762,7.3988,80
2,293,8.762,7.3267,81
3,293,8.762,7.452,71
0,294,8.762,7.3075,77
1,294,8.762,7.2557,77
2,294,8.762,7.4198,72
3,294,8.762,7.2614,72
0,295,8.762,7.2922,75
1,295,8.762,7.3136,68
2,295,8.762,7.4051,70
3,295,8.762,7.3209,76
0,296,8.762,7.2642,86
1,296,8.762,7.2233,78
2,296,8.762,7.2819,84
3,296,8.762,7.2858,80
0,297,8.762,7.381,68
1,297,8.762,7.1961,75
2,297,8.762,7.015,84
3,297,8.762,7.314,77
0,298,8.762,7.3793,78
1,298,8.762,7.3621,73
2,298,8.762,7.3622,70
3,298,8.762,7.3387,74
0,299,8.762,7.1078,75
1,299,8.762,7.3133,68
2,299,8.762,7.2697,79
3,299,8.762,7.2568,75
0,300,8.762,7.2049,84
1,300,8.762,7.2573,73
2,300,8.762,7.2374,62
3,300,8.762,7.4149,75
0,301,8.762,7.3838,78
1,301,8.762,7.1936,73
2,301,8.762,7.2006,82
3,301,8.762,7.3793,78
0,302,8.762,7.3783,71
1,302,8.762,7.2121,65
2,302,8.762,7.3251,87
3,302,8.762,7.4029,64
0,303,8.762,7.3194,72
1,303,8.762,7.32,73
2,303,8.762,7.1194,89
3,303,8.762,7.2734,73
0,304,8.762,7.3474,75
1,304,8.762,7.347,82
2,304,8.762,7.3404,69
3,304,8.762,7.411,85
0,305,8.762,7.2082,78
1,305,8.762,7.2759,79
2,305,8.762,7.1929,84
3,305,8.762,7.1895,79
0,306,8.762,7.3472,72
1,306,8.762,7.3355,68
2,306,8.762,7.4623,63
3,306,8.762,7.1931,75
0,307,8.762,7.1381,76
1,307,8.762,7.199,82
2,307,8.762,7.247,84
3,307,8.762,7.2836,79
0,308,8.762,7.1771,85
1,308,8.762,7.3118,77
2,308,8.762,7.2111,77
3,308,8.762,7.3476,70
0,309,8.762,7.099,86
1,309,8.762,7.3102,78
2,309,8.762,7.304,69
3,309,8.762,7.3605,74
0,310,8.762,7.1408,82
1,310,8.762,7.4091,66
2,310,8.762,7.4412,64
3,310,8.762,7.2005,78
0,311,8.762,7.3325,74
1,311,8.762,7.2326,74
2,311,8.762,7.2509,77
3,311,8.762,7.1833,80
0,312,8.762,7.2768,79
1,312,8.762,7.3555,71
2,312,8.762,7.3211,75
3,312,8.762,7.195,88
0,313,8.762,7.481,75
1,313,8.762,7.2089,77
2,313,8.762,7.2398,81
3,313,8.762,7.3265,76
0,314,8.762,7.2128,78
1,314,8.762,7.3361,76
2,314,8.762,7.0991,80
3,314,8.762,7.2672,77
0,315,8.762,7.318,82
1,315,8.762,7.3851,68
2,315,8.762,7.3594,74
3,315,8.762,7.2503,79
0,316,8.762,7.1754,75
1,316,8.762,7.1797,75
2,316,8.762,7.2301,77
3,316,8.762,7.3069,75
0,317,8.762,7.2839,82
1,317,8.762,7.188,81
2,317,8.762,7.1536,71
3,317,8.762,7.3477,74
0,318,8.762,7.2952,71
1,318,8.762,7.2404,79
2,318,8.762,7.4138,77
3,318,8.762,7.1403,77
0,319,8.762,7.4943,66
1,319,8.762,7.3259,73
2,319,8.762,7.222,71
3,319,8.762,7.2874,73
0,320,8.762,7.2425,82
1,320,8.762,7.2566,72
2,320,8.762,7.2755,80
3,320,8.762,7.2774,80
0,321,8.762,7.4271,70
1,321,8.762,7.2529,83
2,321,8.762,7.2969,73
3,321,8.762,7.3625,75
0,322,8.762,7.2158,82
1,322,8.762,7.3081,78
2,322,8.762,7.2739,77
3,322,8.762,7.1976,79
0,323,8.762,7.3309,72
1,323,8.762,7.3381,63
2,323,8.762,7.2303,82
3,323,8.762,7.1708,78
0,324,8.762,7.2507,75
1,324,8.762,7.4735,66
2,324,8.762,7.309,72
3,324,8.762,7.3692,69
0,325,8.762,7.1201,86
1,325,8.762,7.2686,72
2,325,8.762,7.1849,81
3,325,8.762,7.28,79
0,326,8.762,7.3436,75
1,326,8.762,7.4745,71
2,326,8.762,7.4748,62
3,326,8.762,7.1945,79
0,327,8.762,7.2137,78
1,327,8.762,7.2912,77
2,327,8.762,7.4568,72
3,327,8.762,7.2457,90
0,328,8.762,7.1505,80
1,328,8.762,7.1545,69
2,328,8.762,7.2783,76
3,328,8.762,7.2258,72
0,329,8.762,7.3375,83
1,329,8.762,7.1814,81
2,329,8.762,7.2005,82
3,329,8.762,7.4887,65
0,330,8.762,7.4057,79
1,330,8.762,7.1917,81
2,330,8.762,7.3756,78
3,330,8.762,7.262,82
0,331,8.762,7.2613,80
1,331,8.762,7.4001,68
2,331,8.762,7.2598,86
3,331,8.762,7.2639,71
0,332,8.762,7.2882,76
1,332,8.762,7.3136,74
2,332,8.762,7.2231,72
3,332,8.762,7.122,84
0,333,8.762,7.2818,71
1,333,8.762,7.148,105
2,333,8.762,7.191,73
3,333,8.762,7.3386,77
0,334,8.762,7.1616,74
1,334,8.762,7.25,79
2,334,8.762,7.3845,85
3,334,8.762,7.323,78
0,335,8.762,7.3903,70
1,335,8.762,7.4358,69
2,335,8.762,7.278,71
3,335,8.762,7.2183,86
0,336,8.762,7.229,80
1,336,8.762,7.3861,74
2,336,8.762,7.3492,72
3,336,8.762,7.3731,69
0,337,8.762,7.2846,71
1,337,8.762,7.3743,83
2,337,8.762,7.3366,76
3,337,8.762,7.3049,79
0,338,8.762,7.2974,77
1,338,8.762,7.3306,65
2,338,8.762,7.3332,76
3,338,8.762,7.3401,84
0,339,8.762,7.3277,67
1,339,8.762,7.2974,73
2,339,8.762,7.2041,79
3,339,8.762,7.3075,69
0,340,8.762,7.3901,72
1,340,8.762,7.3379,80
2,340,8.762,7.3123,78
3,340,8.762,7.34,73
0,341,8.762,7.3072,85
1,341,8.762,7.1854,73
2,341,8.762,7.3474,77
3,341,8.762,7.3321,74
0,342,8.762,7.2427,79
1,342,8.762,7.2163,74
2,342,8.762,7.3544,70
3,342,8.762,7.1683,87
0,343,8.762,7.2944,73
1,343,8.762,7.3933,73
2,343,8.762,7.4088,69
3,343,8.762,7.3288,77
0,344,8.762,7.3234,82
1,344,8.762,7.2273,70
2,344,8.762,7.3093,77
3,344,8.762,7.3283,77
0,345,8.762,7.375,68
1,345,8.762,7.3888,74
2,345,8.762,7.3358,77
3,345,8.762,7.3808,75
0,346,8.762,7.1869,83
1,346,8.762,7.2694,74
2,346,8.762,7.3127,71
3,346,8.762,7.159,84
0,347,8.762,7.2833,84
1,347,8.762,7.2544,73
2,347,8.762,7.4317,70
3,347,8.762,7.3551,71
0,348,8.762,7.3741,85
1,348,8.762,7.4164,65
2,348,8.762,7.264,77
3,348,8.762,7.2336,86
0,349,8.762,7.1455,70
1,349,8.762,7.2599,74
2,349,8.762,7.2819,81
3,349,8.762,7.2908,73
0,350,8.762,7.2596,80
1,350,8.762,7.224,74
2,350,8.762,7.574,71
3,350,8.762,7.1078,81
0,351,8.762,7.2857,83
1,351,8.762,7.3069,76
2,351,8.762,7.3494,65
3,351,8.762,7.2278,81
0,352,8.762,7.2893,72
1,352,8.762,7.1748,87
2,352,8.762,7.1157,79
3,352,8.762,7.3772,70
0,353,8.762,7.2752,82
1,353,8.762,7.5056,67
2,353,8.762,7.3015,70
3,353,8.762,7.3191,78
0,354,8.762,7.153,82
1,354,8.762,7.1931,82
2,354,8.762,7.257,84
3,354,8.762,7.4106,67
0,355,8.762,7.2515,79
1,355,8.762,7.4489,79
2,355,8.762,7.2366,74
3,355,8.762,7.2544,64
0,356,8.762,7.305,85
1,356,8.762,7.4021,72
2,356,8.762,7.3448,73
3,356,8.762,7.2679,82
0,357,8.762,7.355,77
1,357,8.762,7.5281,74
2,357,8.762,7.1746,83
3,357,8.762,7.279,77
0,358,8.762,7.2816,74
1,358,8.762,7.1984,78
2,358,8.762,7.22,81
3,358,8.762,7.3735,71
0,359,8.762,7.2849,70
1,359,8.762,7.2323,73
2,359,8.762,7.3304,71
3,359,8.762,7.3075,80
0,360,8.762,7.3141,72
1,360,8.762,7.2804,75
2,360,8.762,7.2481,74
3,360,8.762,7.303,80
0,361,8.762,7.4239,73
1,361,8.762,7.3903,77
2,361,8.762,7.3295,73
3,361,8.762,7.284,81
0,362,8.762,7.3994,69
1,362,8.762,7.2712,75
2,362,8.762,7.3326,71
3,362,8.762,7.2041,77
0,363,8.762,7.3193,80
1,363,8.762,7.2567,80
2,363,8.762,7.3113,87
3,363,8.762,7.1545,74
0,364,8.762,7.2178,85
1,364,8.762,7.3441,76
2,364,8.762,7.2205,78
3,364,8.762,7.1425,90
0,365,8.762,7.2663,81
1,365,8.762,7.355,72
2,365,8.762,7.3836,77
3,365,8.762,7.3134,83
0,366,8.762,7.3546,78
1,366,8.762,7.3952,70
2,366,8.762,7.4345,68
3,366,8.762,7.3482,74
0,367,8.762,7.2617,77
1,367,8.762,7.3161,79
2,367,8.762,7.3283,77
3,367,8.762,7.2602,74
0,368,8.762,7.3384,74
1,368,8.762,7.3709,66
2,368,8.762,7.4007,70
3,368,8.762,7.3898,73
0,369,8.762,7.1797,79
1,369,8.762,7.1977,79
2,369,8.762,7.4125,70
3,369,8.762,7.2335,74
0,370,8.762,7.2653,77
1,370,8.762,7.2968,86
2,370,8.762,7.4379,70
3,370,8.762,7.4807,63
0,371,8.762,7.135,76
1,371,8.762,7.3592,72
2,371,8.762,7.2881,81
3,371,8.762,7.4513,80
0,372,8.762,7.1381,81
1,372,8.762,7.2458,83
2,372,8.762,7.3044,80
3,372,8.762,7.3786,70
0,373,8.762,7.2753,81
1,373,8.762,7.341,75
2,373,8.762,7.4244,73
3,373,8.762,7.2899,81
0,374,8.762,7.3376,80
1,374,8.762,7.3604,75
2,374,8.762,7.1796,79
3,374,8.762,7.3302,73
0,375,8.762,7.3806,77
1,375,8.762,7.2789,76
2,375,8.762,7.1609,89
3,375,8.762,7.4189,70
0,376,8.762,7.4101,76
1,376,8.762,7.3721,82
2,376,8.762,7.2324,86
3,376,8.762,7.176,83
0,377,8.762,7.321,72
1,377,8.762,7.2854,79
2,377,8.762,7.229,78
3,377,8.762,7.352,69
0,378,8.762,7.3154,75
1,378,8.762,7.1999,82
2,378,8.762,7.4883,66
3,378,8.762,7.4312,68
0,379,8.762,7.4098,74
1,379,8.762,7.2769,76
2,379,8.762,7.2669,65
3,379,8.762,7.3261,74
0,380,8.762,7.2624,73
1,380,8.762,7.3367,75
2,380,8.762,7.1529,80
3,380,8.762,7.2286,78
0,381,8.762,7.3007,81
1,381,8.762,7.2406,80
2,381,8.762,7.3344,75
3,381,8.762,7.2993,71
0,382,8.762,7.3246,75
1,382,8.762,7.2459,82
2,382,8.762,7.3302,74
3,382,8.762,7.3381,81
0,383,8.762,7.2478,83
1,383,8.762,7.1466,85
2,383,8.762,7.2948,75
3,383,8.762,7.2593,76
0,384,8.762,7.3285,78
1,384,8.762,7.095,84
2,384,8.762,7.3447,77
3,384,8.762,7.4658,62
0,385,8.762,7.3807,81
1,385,8.762,7.3638,73
2,385,8.762,7.2444,75
3,385,8.762,7.4363,70
0,386,8.762,7.3936,72
1,386,8.762,6.9902,81
2,386,8.762,7.3278,67
3,386,8.762,7.2761,68
0,387,8.762,7.4277,79
1,387,8.762,7.2504,74
2,387,8.762,7.2669,81
3,387,8.762,7.3562,71
0,388,8.762,7.2612,84
1,388,8.762,7.2962,76
2,388,8.762,7.3297,81
3,388,8.762,7.1549,79
0,389,8.762,7.1927,78
1,389,8.762,7.0519,86
2,389,8.762,7.222,78
3,389,8.762,7.2289,84
0,390,8.762,7.3266,66
1,390,8.762,7.2199,76
2,390,8.762,7.2552,79
3,390,8.762,7.3898,65
0,391,8.762,7.227,71
1,391,8.762,7.3369,72
2,391,8.762,7.3421,72
3,391,8.762,7.4561,76
0,392,8.762,7.1012,79
1,392,8.762,7.2038,77
2,392,8.762,7.3711,78
3,392,8.762,7.1143,79
0,393,8.762,7.2855,75
1,393,8.762,7.4363,71
2,393,8.762,7.2108,96
3,393,8.762,7.2732,74
0,394,8.762,7.1588,77
1,394,8.762,7.1734,88
2,394,8.762,7.1961,79
3,394,8.762,7.2382,82
0,395,8.762,7.2719,84
1,395,8.762,7.2811,82
2,395,8.762,7.2041,74
3,395,8.762,7.1489,85
0,396,8.762,7.2307,75
1,396,8.762,7.2516,83
2,396,8.762,7.3567,83
3,396,8.762,7.4492,76
0,397,8.762,7.4027,69
1,397,8.762,7.1884,82
2,397,8.762,7.1091,83
3,397,8.762,7.1145,77
0,398,8.762,7.4219,74
1,398,8.762,7.3419,74
2,398,8.762,7.4218,71
3,398,8.762,7.1973,80
0,399,8.762,7.4222,75
1,399,8.762,7.5365,53
2,399,8.762,7.2273,75
3,399,8.762,7.4083,66
0,400,8.762,7.2632,83
1,400,8.762,7.3057,68
2,400,8.762,7.4064,76
3,400,8.762,7.4263,73
0,401,8.762,7.2738,73
1,401,8.762,7.151,79
2,401,8.762,7.3477,79
3,401,8.762,7.4139,70
0,402,8.762,7.1578,85
1,402,8.762,7.4273,74
2,402,8.762,7.4003,72
3,402,8.762,7.2198,85
0,403,8.762,7.1833,73
1,403,8.762,7.1446,80
2,403,8.762,7.2968,80
3,403,8.762,7.2757,74
0,404,8.762,7.3926,74
1,404,8.762,7.1063,75
2,404,8.762,7.2193,74
3,404,8.762,7.4219,66
0,405,8.762,7.2725,90
1,405,8.762,7.379,70
2,405,8.762,7.3367,77
3,405,8.762,7.386,75
0,406,8.762,7.2617,65
1,406,8.762,7.2232,74
2,406,8.762,7.4061,84
3,406,8.762,7.2961,82
0,407,8.762,7.1193,71
1,407,8.762,7.258,78
2,407,8.762,7.1945,81
3,407,8.762,7.3851,79
0,408,8.762,7.424,70
1,408,8.762,7.2705,73
2,408,8.762,7.2523,76
3,408,8.762,7.4375,73
0,409,8.762,7.4461,72
1,409,8.762,7.2756,81
2,409,8.762,7.3218,69
3,409,8.762,7.1141,90
0,410,8.762,7.1904,79
1,410,8.762,7.5324,75
2,410,8.762,7.2412,76
3,410,8.762,7.3785,75
0,411,8.762,7.1073,82
1,411,8.762,7.3779,73
2,411,8.762,7.2197,70
3,411,8.762,7.1886,77
0,412,8.762,7.2485,76
1,412,8.762,7.2494,87
2,412,8.762,7.3535,70
3,412,8.762,7.3156,76
0,413,8.762,7.3441,73
1,413,8.762,7.4401,80
2,413,8.762,7.2254,81
3,413,8.762,7.281,85
0,414,8.762,7.3473,79
1,414,8.762,7.3313,75
2,414,8.762,7.3103,73
3,414,8.762,7.3982,89
0,415,8.762,7.0989,79
1,415,8.762,7.417,74
2,415,8.762,7.3823,73
3,415,8.762,7.2167,67
0,416,8.762,7.1023,91
1,416,8.762,7.1488,78
2,416,8.762,7.2732,71
3,416,8.762,7.2686,68
0,417,8.762,7.3068,74
1,417,8.762,7.2736,72
2,417,8.762,7.349,76
3,417,8.762,7.3896,83
0,418,8.762,7.3398,70
1,418,8.762,7.1856,79
2,418,8.762,7.3707,70
3,418,8.762,7.303,72
0,419,8.762,7.1911,75
1,419,8.762,7.3382,73
2,419,8.762,7.3538,72
3,419,8.762,7.1905,83
0,420,8.762,7.1448,71
1,420,8.762,7.2361,85
2,420,8.762,7.142,71
3,420,8.762,7.3387,69
0,421,8.762,7.3325,76
1,421,8.762,7.4537,75
2,421,8.762,7.3051,78
3,421,8.762,7.4193,79
0,422,8.762,7.1488,74
1,422,8.762,7.0303,80
2,422,8.762,7.2563,72
3,422,8.762,7.2425,80
0,423,8.762,7.2388,72
1,423,8.762,7.1366,81
2,423,8.762,7.2495,82
3,423,8.762,7.2057,84
0,424,8.762,7.311,73
1,424,8.762,7.065,92
2,424,8.762,7.21,77
3,424,8.762,7.116,81
0,425,8.762,7.179,87
1,425,8.762,7.2035,83
2,425,8.762,7.2493,71
3,425,8.762,7.3479,76
0,426,8.762,7.1611,83
1,426,8.762,7.1021,87
2,426,8.762,7.3218,69
3,426,8.762,7.2683,79
0,427,8.762,7.2067,82
1,427,8.762,7.3607,77
2,427,8.762,7.2415,79
3,427,8.762,7.3053,80
0,428,8.762,7.1755,78
1,428,8.762,7.213,66
2,428,8.762,7.3005,70
3,428,8.762,7.1338,82
0,429,8.762,7.2891,70
1,429,8.762,7.2874,73
2,429,8.762,7.2078,81
3,429,8.762,7.2538,78
0,430,8.762,7.2934,76
1,430,8.762,7.3391,75
2,430,8.762,7.3126,78
3,430,8.762,7.3396,65
0,431,8.762,7.2331,74
1,431,8.762,7.4198,70
2,431,8.762,7.2441,83
3,431,8.762,7.3579,73
0,432,8.762,7.2648,75
1,432,8.762,7.2307,75
2,432,8.762,7.3932,72
3,432,8.762,7.1775,75
0,433,8.762,7.2033,79
1,433,8.762,7.2706,72
2,433,8.762,7.3498,77
3,433,8.762,7.3538,72
0,434,8.762,7.3573,82
1,434,8.762,7.3349,65
2,434,8.762,7.3412,76
3,434,8.762,7.3709,70
0,435,8.762,7.1486,80
1,435,8.762,7.2631,76
2,435,8.762,7.236,89
3,435,8.762,7.3442,78
0,436,8.762,7.4376,66
1,436,8.762,7.276,78
2,436,8.762,7.3102,79
3,436,8.762,7.3349,69
0,437,8.762,7.3739,72
1,437,8.762,7.2213,73
2,437,8.762,7.4315,83
3,437,8.762,7.228,74
0,438,8.762,7.2911,77
1,438,8.762,7.3257,78
2,438,8.762,7.3017,69
3,438,8.762,7.3019,81
0,439,8.762,7.2585,81
1,439,8.762,7.2994,82
2,439,8.762,7.4471,65
3,439,8.762,7.2454,76
0,440,8.762,7.2659,74
1,440,8.762,7.1855,88
2,440,8.762,7.1814,76
3,440,8.762,7.1306,86
0,441,8.762,7.3617,75
1,441,8.762,7.2688,77
2,441,8.762,7.2769,76
3,441,8.762,7.1855,70
0,442,8.762,7.3554,74
1,442,8.762,7.321,71
2,442,8.762,7.1921,79
3,442,8.762,7.2339,82
0,443,8.762,7.4288,75
1,443,8.762,7.352,78
2,443,8.762,7.2908,74
3,443,8.762,7.352,71
0,444,8.762,7.2731,74
1,444,8.762,7.1734,78
2,444,8.762,7.2132,70
3,444,8.762,7.3667,73
0,445,8.762,7.2785,82
1,445,8.762,7.3222,75
2,445,8.762,7.3153,68
3,445,8.762,7.1948,82
0,446,8.762,7.2916,76
1,446,8.762,7.2165,78
2,446,8.762,7.2733,78
3,446,8.762,7.2046,86
0,447,8.762,7.3992,72
1,447,8.762,7.2853,81
2,447,8.762,7.1267,78
3,447,8.762,7.3151,74
0,448,8.762,7.2295,85
1,448,8.762,7.247,77
2,448,8.762,7.1464,81
3,448,8.762,7.238,88
0,449,8.762,7.2399,81
1,449,8.762,7.358,73
2,449,8.762,7.2568,76
3,449,8.762,7.2942,77
0,450,8.762,7.1768,83
1,450,8.762,7.4438,76
2,450,8.762,7.3649,75
3,450,8.762,7.3523,78
0,451,8.762,7.3613,73
1,451,8.762,7.4114,69
2,451,8.762,7.2933,82
3,451,8.762,7.3499,78
0,452,8.762,7.2982,67
1,452,8.762,7.3541,77
2,452,8.762,7.2974,67
3,452,8.762,7.2301,74
0,453,8.762,7.2146,84
1,453,8.762,7.3244,74
2,453,8.762,7.2803,81
3,453,8.762,7.3284,72
0,454,8.762,7.2906,73
1,454,8.762,7.2346,79
2,454,8.762,7.2071,81
3,454,8.762,7.2278,82
0,455,8.762,7.3515,74
1,455,8.762,7.3361,76
2,455,8.762,7.2496,71
3,455,8.762,7.3847,80
0,456,8.762,7.1523,70
1,456,8.762,7.2587,66
2,456,8.762,7.3315,64
3,456,8.762,7.2832,66
0,457,8.762,7.335,75
1,457,8.762,7.3042,76
2,457,8.762,7.2356,84
3,457,8.762,7.2577,76
0,458,8.762,7.4077,75
1,458,8.762,7.3433,74
2,458,8.762,7.2811,75
3,458,8.762,7.4038,68
0,459,8.762,7.1986,71
1,459,8.762,7.2667,77
2,459,8.762,7.1428,81
3,459,8.762,7.4291,70
0,460,8.762,7.3136,76
1,460,8.762,7.1923,76
2,460,8.762,7.2257,71
3,460,8.762,7.3497,75
0,461,8.762,7.2636,82
1,461,8.762,7.1455,69
2,461,8.762,7.2726,84
3,461,8.762,7.2526,72
0,462,8.762,7.2935,81
1,462,8.762,7.2508,70
2,462,8.762,7.2945,76
3,462,8.762,7.3208,75
0,463,8.762,7.193,81
1,463,8.762,7.1949,81
2,463,8.762,7.2911,63
3,463,8.762,7.1799,85
0,464,8.762,7.1048,84
1,464,8.762,7.3429,76
2,464,8.762,7.38,71
3,464,8.762,7.2341,80
0,465,8.762,7.3371,72
1,465,8.762,7.1742,79
2,465,8.762,7.3709,68
3,465,8.762,7.2405,81
0,466,8.762,7.3254,67
1,466,8.762,7.1548,87
2,466,8.762,7.1268,75
3,466,8.762,7.2579,77
0,467,8.762,7.1576,80
1,467,8.762,7.3354,69
2,467,8.762,7.2231,78
3,467,8.762,7.2957,77
0,468,8.762,7.265,82
1,468,8.762,7.3388,77
2,468,8.762,7.2158,84
3,468,8.762,7.2451,82
0,469,8.762,7.2076,83
1,469,8.762,7.225,78
2,469,8.762,7.3007,84
3,469,8.762,7.2034,88
0,470,8.762,7.3902,76
1,470,8.762,7.2407,89
2,470,8.762,7.1882,81
3,470,8.762,7.3344,72
0,471,8.762,7.1998,81
1,471,8.762,7.2156,82
2,471,8.762,7.1401,89
3,471,8.762,7.2733,79
0,472,8.762,7.2143,79
1,472,8.762,7.3857,80
2,472,8.762,7.2076,83
3,472,8.762,7.4103,68
0,473,8.762,7.249,84
1,473,8.762,7.301,75
2,473,8.762,7.1361,79
3,473,8.762,7.3386,73
0,474,8.762,7.2922,77
1,474,8.762,7.3174,76
2,474,8.762,7.2419,73
3,474,8.762,7.1826,79
0,475,8.762,7.2787,85
1,475,8.762,7.0762,84
2,475,8.762,7.0709,84
3,475,8.762,7.1733,82
0,476,8.762,7.2262,88
1,476,8.762,7.3563,73
2,476,8.762,7.3204,77
3,476,8.762,7.1542,73
0,477,8.762,7.1631,86
1,477,8.762,7.297,77
2,477,8.762,7.3586,69
3,477,8.762,7.2759,71
0,478,8.762,7.3815,69
1,478,8.762,7.2414,77
2,478,8.762,7.3131,76
3,478,8.762,7.0952,82
0,479,8.762,7.3891,81
1,479,8.762,7.3134,78
2,479,8.762,7.2896,75
3,479,8.762,7.1706,80
0,480,8.762,7.2092,73
1,480,8.762,7.3057,90
2,480,8.762,7.1196,83
3,480,8.762,7.5088,75
0,481,8.762,7.4127,77
1,481,8.762,7.3059,73
2,481,8.762,7.4017,80
3,481,8.762,7.2698,82
0,482,8.762,7.152,77
1,482,8.762,7.3597,73
2,482,8.762,7.2347,75
3,482,8.762,7.2987,73
0,483,8.762,7.3939,78
1,483,8.762,7.2151,81
2,483,8.762,7.3434,67
3,483,8.762,7.3413,79
0,484,8.762,7.3556,67
1,484,8.762,7.271,70
2,484,8.762,7.3055,73
3,484,8.762,7.3475,85
0,485,8.762,7.1931,85
1,485,8.762,7.33,76
2,485,8.762,7.4335,76
3,485,8.762,7.265,73
0,486,8.762,7.2718,80
1,486,8.762,7.3685,66
2,486,8.762,7.4615,71
3,486,8.762,7.2461,70
0,487,8.762,7.2208,85
1,487,8.762,7.071,87
2,487,8.762,7.2218,73
3,487,8.762,7.3397,73
0,488,8.762,7.3805,72
1,488,8.762,7.1437,75
2,488,8.762,7.241,77
3,488,8.762,7.2547,79
0,489,8.762,7.3177,75
1,489,8.762,7.3865,79
2,489,8.762,7.1796,72
3,489,8.762,7.1586,83
0,490,8.762,7.0882,89
1,490,8.762,7.2253,77
2,490,8.762,7.3746,73
3,490,8.762,7.2693,73
0,491,8.762,7.4125,66
1,491,8.762,7.3255,79
2,491,8.762,7.1727,76
3,491,8.762,7.247,70
0,492,8.762,7.4337,73
1,492,8.762,7.2963,83
2,492,8.762,7.3201,78
3,492,8.762,7.4067,70
0,493,8.762,7.2564,74
1,493,8.762,7.2909,75
2,493,8.762,7.2752,81
3,493,8.762,7.2333,72
0,494,8.762,7.1339,82
1,494,8.762,7.2549,74
2,494,8.762,7.0711,88
3,494,8.762,7.4358,73
0,495,8.762,7.4137,70
1,495,8.762,7.1052,77
2,495,8.762,7.1585,85
3,495,8.762,7.2179,82
0,496,8.762,7.375,81
1,496,8.762,7.2624,76
2,496,8.762,7.2216,80
3,496,8.762,7.3638,75
0,497,8.762,7.2944,70
1,497,8.762,7.2806,89
2,497,8.762,7.293,77
3,497,8.762,7.2729,74
0,498,8.762,7.2726,80
1,498,8.762,7.1945,86
2,498,8.762,7.3383,78
3,498,8.762,7.2314,71
0,499,8.762,7.3173,71
1,499,8.762,7.0417,78
2,499,8.762,7.2492,75
3,499,8.762,7.407,76
0,500,8.762,7.1765,82
1,500,8.762,7.2277,74
2,500,8.762,7.2525,76
3,500,8.762,7.2596,76
0,501,8.762,7.2863,82
1,501,8.762,7.35,65
2,501,8.762,7.3244,78
3,501,8.762,7.2914,74
0,502,8.762,7.2652,77
1,502,8.762,7.3468,75
2,502,8.762,7.2188,77
3,502,8.762,7.4042,73
0,503,8.762,7.3303,79
1,503,8.762,7.2255,89
2,503,8.762,7.3997,70
3,503,8.762,7.252,87
0,504,8.762,7.3505,74
1,504,8.762,7.3561,72
2,504,8.762,7.2291,72
3,504,8.762,7.2048,80
0,505,8.762,7.2527,81
1,505,8.762,7.2649,77
2,505,8.762,7.3624,82
3,505,8.762,7.2958,72
0,506,8.762,7.2632,77
1,506,8.762,7.3184,75
2,506,8.762,7.1921,89
3,506,8.762,7.3416,75
0,507,8.762,7.2096,74
1,507,8.762,7.3319,75
2,507,8.762,7.2725,82
3,507,8.762,7.3414,86
0,508,8.762,7.2244,78
1,508,8.762,7.3891,74
2,508,8.762,7.2329,83
3,508,8.762,7.1888,83
0,509,8.762,7.3225,74
1,509,8.762,7.2407,73
2,509,8.762,7.2493,85
3,509,8.762,7.2407,83
0,510,8.762,7.3285,79
1,510,8.762,7.2338,75
2,510,8.762,7.4106,75
3,510,8.762,7.1759,92
0,511,8.762,7.3116,81
1,511,8.762,7.0466,85
2,511,8.762,7.3646,78
3,511,8.762,7.3146,78
0,512,8.762,7.3289,70
1,512,8.762,7.2484,88
2,512,8.762,7.3609,76
3,512,8.762,7.3104,71
0,513,8.762,7.3265,78
1,513,8.762,7.3671,67
2,513,8.762,7.4428,69
3,513,8.762,7.3344,75
0,514,8.762,7.0019,93
1,514,8.762,7.2774,75
2,514,8.762,7.3958,66
3,514,8.762,7.4217,68
0,515,8.762,7.1924,85
1,515,8.762,7.2707,70
2,515,8.762,7.4646,77
3,515,8.762,7.1987,79
0,516,8.762,7.3116,84
1,516,8.762,7.3525,72
2,516,8.762,7.239,69
3,516,8.762,7.3864,75
0,517,8.762,7.3536,73
1,517,8.762,7.2977,75
2,517,8.762,7.2186,85
3,517,8.762,7.3832,75
0,518,8.762,7.3169,76
1,518,8.762,7.3679,73
2,518,8.762,7.4405,71
3,518,8.762,7.3277,82
0,519,8.762,7.4143,71
1,519,8.762,7.2794,73
2,519,8.762,7.2468,81
3,519,8.762,7.2572,77
0,520,8.762,7.3328,74
1,520,8.762,7.2276,86
2,520,8.762,7.3979,70
3,520,8.762,7.1353,78
0,521,8.762,7.3666,76
1,521,8.762,7.3465,82
2,521,8.762,7.3562,77
3,521,8.762,7.2212,85
0,522,8.762,7.1714,83
1,522,8.762,7.1921,89
2,522,8.762,7.3204,80
3,522,8.762,7.1124,80
0,523,8.762,7.2905,79
1,523,8.762,7.2973,78
2,523,8.762,7.1321,76
3,523,8.762,7.249,79
0,524,8.762,7.2119,72
1,524,8.762,7.0954,80
2,524,8.762,7.2521,86
3,524,8.762,7.1846,76
0,525,8.762,7.2354,83
1,525,8.762,7.2536,70
2,525,8.762,7.2306,65
3,525,8.762,7.2653,80
0,526,8.762,7.3355,71
1,526,8.762,7.2769,80
2,526,8.762,7.4237,74
3,526,8.762,7.338,74
0,527,8.762,7.2374,88
1,527,8.762,7.2562,90
2,527,8.762,7.3467,78
3,527,8.762,7.2621,75
0,528,8.762,7.5171,70
1,528,8.762,7.1824,71
2,528,8.762,7.3359,84
3,528,8.762,7.307,72
0,529,8.762,7.3786,80
1,529,8.762,7.2027,81
2,529,8.762,7.0088,94
3,529,8.762,7.2072,81
0,530,8.762,7.2691,77
1,530,8.762,7.2621,78
2,530,8.762,7.2374,81
3,530,8.762,7.4283,74
0,531,8.762,7.2876,81
1,531,8.762,7.2569,78
2,531,8.762,7.2519,74
3,531,8.762,7.2337,73
0,532,8.762,7.2113,79
1,532,8.762,7.2996,76
2,532,8.762,7.2644,77
3,532,8.762,7.2145,80
0,533,8.762,7.3412,78
1,533,8.762,7.2823,73
2,533,8.762,7.3432,78
3,533,8.762,7.3793,78
0,534,8.762,7.3835,81
1,534,8.762,7.3825,75
2,534,8.762,7.208,95
3,534,8.762,7.3422,75
0,535,8.762,7.2749,80
1,535,8.762,7.2082,83
2,535,8.762,7.2133,78
3,535,8.762,7.1304,83
0,536,8.762,7.3341,73
1,536,8.762,7.2274,86
2,536,8.762,7.1649,77
3,536,8.762,7.3218,75
0,537,8.762,7.449,76
1,537,8.762,7.2284,66
2,537,8.762,7.1552,88
3,537,8.762,7.1867,80
0,538,8.762,7.2504,84
1,538,8.762,7.2518,73
2,538,8.762,7.3514,80
3,538,8.762,7.3238,80
0,539,8.762,7.2938,81
1,539,8.762,7.284,72
2,539,8.762,7.3484,74
3,539,8.762,7.1595,83
0,540,8.762,7.3211,74
1,540,8.762,7.1458,79
2,540,8.762,7.4028,72
3,540,8.762,7.2943,69
0,541,8.762,7.2739,74
1,541,8.762,7.2806,82
2,541,8.762,7.3035,76
3,541,8.762,7.26,73
0,542,8.762,7.3038,80
1,542,8.762,7.3281,81
2,542,8.762,7.138,80
3,542,8.762,7.4185,75
0,543,8.762,7.369,73
1,543,8.762,7.3097,81
2,543,8.762,7.3278,72
3,543,8.762,7.2729,78
0,544,8.762,7.1573,72
1,544,8.762,7.1431,84
2,544,8.762,7.2656,77
3,544,8.762,7.4271,73
0,545,8.762,7.2647,73
1,545,8.762,7.3825,76
2,545,8.762,7.2703,66
3,545,8.762,7.1385,79
0,546,8.762,7.3778,79
1,546,8.762,7.275,77
2,546,8.762,7.3018,82
3,546,8.762,7.1804,80
0,547,8.762,7.3029,82
1,547,8.762,7.3154,72
2,547,8.762,7.227,81
3,547,8.762,7.3078,77
0,548,8.762,7.3633,85
1,548,8.762,7.1208,76
2,548,8.762,7.4356,69
3,548,8.762,7.3662,69
0,549,8.762,7.4229,63
1,549,8.762,7.3841,77
2,549,8.762,7.317,86
3,549,8.762,7.436,74
0,550,8.762,7.2739,73
1,550,8.762,7.309,76
2,550,8.762,7.3008,81
3,550,8.762,7.2531,80
0,551,8.762,7.3217,82
1,551,8.762,7.2941,76
2,551,8.762,7.2657,69
3,551,8.762,7.4114,68
0,552,8.762,7.4199,74
1,552,8.762,7.5231,76
2,552,8.762,7.2488,90
3,552,8.762,7.2584,80
0,553,8.762,7.2324,87
1,553,8.762,7.3862,68
2,553,8.762,7.437,65
3,553,8.762,7.2291,84
0,554,8.762,7.3715,68
1,554,8.762,7.1605,79
2,554,8.762,7.341,73
3,554,8.762,7.3746,80
0,555,8.762,7.3611,71
1,555,8.762,7.4385,71
2,555,8.762,7.329,77
3,555,8.762,7.2346,75
0,556,8.762,7.4814,76
1,556,8.762,7.4524,73
2,556,8.762,7.3033,76
3,556,8.762,7.4374,75
0,557,8.762,7.1981,74
1,557,8.762,7.1965,78
2,557,8.762,7.2241,85
3,557,8.762,7.2636,76
0,558,8.762,7.2165,91
1,558,8.762,7.1862,80
2,558,8.762,7.3522,74
3,558,8.762,7.2876,76
0,559,8.762,7.2986,72
1,559,8.762,7.102,75
2,559,8.762,7.2773,64
3,559,8.762,7.2299,83
0,560,8.762,7.2811,78
1,560,8.762,7.1593,81
2,560,8.762,7.1336,82
3,560,8.762,7.0968,83
0,561,8.762,7.2205,85
1,561,8.762,7.4052,70
2,561,8.762,7.3994,67
3,561,8.762,7.2255,92
0,562,8.762,7.3,79
1,562,8.762,7.2725,72
2,562,8.762,7.2867,81
3,562,8.762,7.178,74
0,563,8.762,7.3613,76
1,563,8.762,7.3002,77
2,563,8.762,7.3122,78
3,563,8.762,7.2154,72
0,564,8.762,7.3433,68
1,564,8.762,7.4007,81
2,564,8.762,7.3785,73
3,564,8.762,7.3649,71
0,565,8.762,7.2791,84
1,565,8.762,7.2916,79
2,565,8.762,7.1165,101
3,565,8.762,7.2513,74
0,566,8.762,7.4148,63
1,566,8.762,7.4245,66
2,566,8.762,7.2048,69
3,566,8.762,7.3766,76
0,567,8.762,7.3378,65
1,567,8.762,7.2865,74
2,567,8.762,7.3151,74
3,567,8.762,7.2629,74
0,568,8.762,7.191,84
1,568,8.762,7.1793,81
2,568,8.762,7.3279,70
3,568,8.762,7.1903,87
0,569,8.762,7.3096,78
1,569,8.762,7.2921,82
2,569,8.762,7.3565,73
3,569,8.762,7.3807,65
0,570,8.762,7.2624,75
1,570,8.762,7.3169,72
2,570,8.762,7.1525,79
3,570,8.762,7.3475,73
0,571,8.762,7.0552,83
1,571,8.762,7.5249,78
2,571,8.762,7.1996,72
3,571,8.762,7.2875,72
0,572,8.762,7.3009,76
1,572,8.762,7.1635,78
2,572,8.762,7.3,75
3,572,8.762,7.3329,72
0,573,8.762,7.3566,66
1,573,8.762,7.344,73
2,573,8.762,7.1762,78
3,573,8.762,7.1796,88
0,574,8.762,7.3948,73
1,574,8.762,7.2422,75
2,574,8.762,7.2304,78
3,574,8.762,7.4231,74
0,575,8.762,7.2513,77
1,575,8.762,7.2053,80
2,575,8.762,7.36,69
3,575,8.762,7.1485,82
0,576,8.762,7.3113,84
1,576,8.762,7.1675,88
2,576,8.762,7.2263,84
3,576,8.762,7.1471,80
0,577,8.762,7.3751,65
1,577,8.762,7.084,90
2,577,8.762,7.3473,69
3,577,8.762,7.2838,84
0,578,8.762,7.3314,77
1,578,8.762,7.213,80
2,578,8.762,7.3968,70
3,578,8.762,7.4646,84
0,579,8.762,7.3897,66
1,579,8.762,7.3013,75
2,579,8.762,7.1474,77
3,579,8.762,7.2714,80
0,580,8.762,7.2448,81
1,580,8.762,7.373,71
2,580,8.762,7.2057,78
3,580,8.762,7.1645,79
0,581,8.762,7.2311,79
1,581,8.762,7.3819,71
2,581,8.762,7.2916,84
3,581,8.762,7.3254,75
0,582,8.762,7.4069,80
1,582,8.762,7.2898,81
2,582,8.762,7.2946,67
3,582,8.762,7.3732,84
0,583,8.762,7.3102,67
1,583,8.762,7.3122,70
2,583,8.762,7.3273,73
3,583,8.762,7.2345,80
0,584,8.762,7.3182,74
1,584,8.762,7.1565,73
2,584,8.762,7.3961,78
3,584,8.762,7.2149,73
0,585,8.762,7.382,63
1,585,8.762,7.2061,86
2,585,8.762,7.3651,77
3,585,8.762,7.2513,69
0,586,8.762,7.2507,85
1,586,8.762,7.4237,70
2,586,8.762,7.4052,78
3,586,8.762,7.2135,72
0,587,8.762,7.3832,76
1,587,8.762,7.2895,79
2,587,8.762,7.3253,71
3,587,8.762,7.2036,84
0,588,8.762,7.2838,73
1,588,8.762,7.3037,72
2,588,8.762,7.2383,86
3,588,8.762,7.3143,78
0,589,8.762,7.2955,70
1,589,8.762,7.4088,73
2,589,8.762,7.3395,72
3,589,8.762,7.3025,81
0,590,8.762,7.3643,78
1,590,8.762,7.3451,73
2,590,8.762,7.153,75
3,590,8.762,7.3608,76
0,591,8.762,7.2718,82
1,591,8.762,7.3904,76
2,591,8.762,7.2622,77
3,591,8.762,7.2047,74
0,592,8.762,7.2939,84
1,592,8.762,7.2851,72
2,592,8.762,7.2839,70
3,592,8.762,7.2269,79
0,593,8.762,7.2449,74
1,593,8.762,7.1697,82
2,593,8.762,7.2063,79
3,593,8.762,7.2395,81
0,594,8.762,7.2477,81
1,594,8.762,7.3708,74
2,594,8.762,7.3207,79
3,594,8.762,7.2395,76
0,595,8.762,7.3817,77
1,595,8.762,7.3095,74
2,595,8.762,7.2058,82
3,595,8.762,7.4282,67
0,596,8.762,7.2691,76
1,596,8.762,7.2705,72
2,596,8.762,7.2368,88
3,596,8.762,7.0404,84
0,597,8.762,7.3285,83
1,597,8.762,7.3322,74
2,597,8.762,7.2771,73
3,597,8.762,7.1684,80
0,598,8.762,7.3919,68
1,598,8.762,7.1642,83
2,598,8.762,7.4294,76
3,598,8.762,7.142,83
0,599,8.762,7.1435,72
1,599,8.762,7.2411,81
2,599,8.762,7.3096,72
3,599,8.762,7.3607,71
0,600,8.762,7.3863,76
1,600,8.762,7.259,78
2,600,8.762,7.2176,83
3,600,8.762,7.1896,76
0,601,8.762,7.1814,78
1,601,8.762,7.1574,73
2,601,8.762,7.3053,73
3,601,8.762,7.3189,77
0,602,8.762,7.2184,75
1,602,8.762,7.3339,70
2,602,8.762,7.303,79
3,602,8.762,7.3019,73
0,603,8.762,7.2093,77
1,603,8.762,7.3945,79
2,603,8.762,7.3916,76
3,603,8.762,7.3515,76
0,604,8.762,7.283,74
1,604,8.762,7.3506,81
2,604,8.762,7.3699,75
3,604,8.762,7.333,70
0,605,8.762,7.3765,70
1,605,8.762,7.354,74
2,605,8.762,7.2658,76
3,605,8.762,7.2955,75
0,606,8.762,7.4825,69
1,606,8.762,7.2935,72
2,606,8.762,7.1468,80
3,606,8.762,7.2813,74
0,607,8.762,7.3472,72
1,607,8.762,7.2526,72
2,607,8.762,7.2742,75
3,607,8.762,7.2688,67
0,608,8.762,7.2475,76
1,608,8.762,7.3039,74
2,608,8.762,7.2334,84
3,608,8.762,7.3126,77
0,609,8.762,7.1708,86
1,609,8.762,7.2788,77
2,609,8.762,7.3274,83
3,609,8.762,7.3346,79
0,610,8.762,7.3258,82
1,610,8.762,7.3698,71
2,610,8.762,7.1517,92
3,610,8.762,7.2685,81
0,611,8.762,7.2275,86
1,611,8.762,7.375,78
2,611,8.762,7.2079,79
3,611,8.762,7.3548,74
0,612,8.762,7.3813,73
1,612,8.762,7.3841,74
2,612,8.762,7.2307,79
3,612,8.762,7.2939,71
0,613,8.762,7.4086,71
1,613,8.762,7.1272,93
2,613,8.762,7.3026,71
3,613,8.762,7.3336,66
0,614,8.762,7.2499,81
1,614,8.762,7.3446,70
2,614,8.762,7.4048,75
3,614,8.762,7.3051,78
0,615,8.762,7.3407,74
1,615,8.762,7.2303,75
2,615,8.762,7.405,78
3,615,8.762,7.3145,76
0,616,8.762,7.2618,86
1,616,8.762,7.3408,74
2,616,8.762,7.3801,74
3,616,8.762,7.2111,74
0,617,8.762,7.2539,79
1,617,8.762,7.4004,70
2,617,8.762,7.4402,76
3,617,8.762,7.4149,78
0,618,8.762,7.2506,78
1,618,8.762,7.3734,67
2,618,8.762,7.3813,72
3,618,8.762,7.358,75
0,619,8.762,7.1285,77
1,619,8.762,7.1839,76
2,619,8.762,7.3139,80
3,619,8.762,7.0413,81
0,620,8.762,7.3168,74
1,620,8.762,7.3042,69
2,620,8.762,7.3155,79
3,620,8.762,7.2604,77
0,621,8.762,7.2549,87
1,621,8.762,7.1598,89
2,621,8.762,7.3037,80
3,621,8.762,7.1655,73
0,622,8.762,7.4666,77
1,622,8.762,7.2341,73
2,622,8.762,7.0224,88
3,622,8.762,7.156,75
0,623,8.762,7.246,82
1,623,8.762,7.149,74
2,623,8.762,7.172,78
3,623,8.762,7.3089,78
0,624,8.762,7.3668,74
1,624,8.762,7.4086,75
2,624,8.762,7.3383,82
3,624,8.762,7.4063,75
0,625,8.762,7.4452,66
1,625,8.762,6.9885,86
2,625,8.762,7.3763,65
3,625,8.762,7.3922,82
0,626,8.762,7.2836,82
1,626,8.762,7.3433,79
2,626,8.762,7.2993,71
3,626,8.762,7.1264,80
0,627,8.762,7.2854,78
1,627,8.762,7.4294,73
2,627,8.762,7.2282,73
3,627,8.762,7.3156,74
0,628,8.762,7.2457,74
1,628,8.762,7.4054,77
2,628,8.762,7.1987,68
3,628,8.762,7.1919,82
0,629,8.762,7.2035,77
1,629,8.762,7.3111,83
2,629,8.762,7.2944,88
3,629,8.762,7.372,76
0,630,8.762,7.1657,83
1,630,8.762,7.1798,77
2,630,8.762,7.1764,73
3,630,8.762,7.2213,77
0,631,8.762,7.2018,83
1,631,8.762,7.2991,78
2,631,8.762,7.3999,67
3,631,8.762,7.151,83
0,632,8.762,7.2505,79
1,632,8.762,7.3552,73
2,632,8.762,7.2434,81
3,632,8.762,7.2336,82
0,633,8.762,7.2215,81
1,633,8.762,7.3558,65
2,633,8.762,7.0987,74
3,633,8.762,7.2969,76
0,634,8.762,7.3692,75
1,634,8.762,7.2009,90
2,634,8.762,7.236,81
3,634,8.762,7.3055,73
0,635,8.762,7.5098,68
1,635,8.762,7.2354,87
2,635,8.762,7.2269,81
3,635,8.762,7.3976,70
0,636,8.762,7.33,74
1,636,8.762,7.3223,73
2,636,8.762,7.3052,82
3,636,8.762,7.185,76
0,637,8.762,7.3607,76
1,637,8.762,7.1023,84
2,637,8.762,7.3574,75
3,637,8.762,7.3661,76
0,638,8.762,7.3071,76
1,638,8.762,7.3673,69
2,638,8.762,7.2394,83
3,638,8.762,7.2472,73
0,639,8.762,7.3031,71
1,639,8.762,7.18,74
2,639,8.762,7.4126,74
3,639,8.762,7.4072,71
0,640,8.762,7.3417,80
1,640,8.762,7.3083,74
2,640,8.762,7.1932,85
3,640,8.762,7.1916,78
0,641,8.762,7.3345,75
1,641,8.762,7.2017,83
2,641,8.762,7.2553,74
3,641,8.762,7.2282,89
0,642,8.762,7.2293,74
1,642,8.762,7.2784,84
2,642,8.762,7.3086,70
3,642,8.762,7.2024,81
0,643,8.762,7.3745,78
1,643,8.762,7.2857,81
2,643,8.762,7.19,76
3,643,8.762,7.2989,71
0,644,8.762,7.3232,73
1,644,8.762,7.3167,67
2,644,8.762,7.2787,89
3,644,8.762,7.3225,73
0,645,8.762,7.2987,81
1,645,8.762,7.2001,88
2,645,8.762,7.3148,68
3,645,8.762,7.4305,69
0,646,8.762,7.3318,68
1,646,8.762,7.2235,91
2,646,8.762,7.2807,81
3,646,8.762,7.1893,79
0,647,8.762,7.3443,72
1,647,8.762,7.2191,80
2,647,8.762,7.4238,66
3,647,8.762,7.3507,72
0,648,8.762,7.31,75
1,648,8.762,7.2957,76
2,648,8.762,7.333,74
3,648,8.762,7.1835,85
0,649,8.762,7.2666,79
1,649,8.762,7.3594,81
2,649,8.762,7.1975,76
3,649,8.762,7.2327,83
0,650,8.762,7.1867,78
1,650,8.762,7.3205,69
2,650,8.762,7.1952,81
3,650,8.762,7.259,86
0,651,8.762,7.4403,67
1,651,8.762,7.3272,67
2,651,8.762,7.3842,67
3,651,8.762,7.3364,84
0,652,8.762,7.2288,82
1,652,8.762,7.2655,73
2,652,8.762,7.3766,86
3,652,8.762,7.2739,73
0,653,8.762,7.4012,74
1,653,8.762,7.3729,75
2,653,8.762,7.2976,77
3,653,8.762,7.2484,71
0,654,8.762,7.2156,76
1,654,8.762,7.1849,75
2,654,8.762,7.3035,72
3,654,8.762,7.359,78
0,655,8.762,7.3401,76
1,655,8.762,7.0759,78
2,655,8.762,7.3758,71
3,655,8.762,7.2373,71
0,656,8.762,7.1917,83
1,656,8.762,7.1506,79
2,656,8.762,7.4294,76
3,656,8.762,7.1246,83
0,657,8.762,7.2993,77
1,657,8.762,7.3734,69
2,657,8.762,7.3734,79
3,657,8.762,7.232,67
0,658,8.762,7.1183,79
1,658,8.762,7.1722,78
2,658,8.762,7.2631,78
3,658,8.762,7.2336,80
0,659,8.762,7.1802,80
1,659,8.762,7.3448,75
2,659,8.762,7.1352,84
3,659,8.762,7.1871,77
0,660,8.762,7.3517,78
1,660,8.762,7.4655,77
2,660,8.762,7.3141,72
3,660,8.762,7.32,79
0,661,8.762,7.224,84
1,661,8.762,7.306,76
2,661,8.762,7.2395,74
3,661,8.762,7.3199,74
0,662,8.762,7.2859,73
1,662,8.762,7.4294,76
2,662,8.762,7.3537,71
3,662,8.762,7.3392,73
0,663,8.762,7.1384,83
1,663,8.762,7.1336,74
2,663,8.762,7.1128,80
3,663,8.762,7.3759,66
0,664,8.762,7.3363,72
1,664,8.762,7.2563,80
2,664,8.762,7.2387,74
3,664,8.762,7.2679,73
0,665,8.762,7.2003,88
1,665,8.762,7.3595,76
2,665,8.762,7.2998,71
3,665,8.762,7.2699,77
0,666,8.762,7.3145,69
1,666,8.762,7.3897,77
2,666,8.762,7.4173,79
3,666,8.762,7.1141,82
0,667,8.762,7.2337,82
1,667,8.762,7.2345,77
2,667,8.762,7.282,80
3,667,8.762,7.2862,72
0,668,8.762,7.3518,77
1,668,8.762,7.3522,71
2,668,8.762,7.3828,66
3,668,8.762,7.3043,77
0,669,8.762,7.4106,71
1,669,8.762,7.2388,76
2,669,8.762,7.2161,76
3,669,8.762,7.1378,82
0,670,8.762,7.3309,79
1,670,8.762,7.2051,76
2,670,8.762,7.3354,71
3,670,8.762,7.3024,79
0,671,8.762,7.2345,79
1,671,8.762,7.3593,70
2,671,8.762,7.3315,76
3,671,8.762,7.279,81
0,672,8.762,7.3437,74
1,672,8.762,7.2087,79
2,672,8.762,7.3717,74
3,672,8.762,7.435,80
0,673,8.762,7.1831,76
1,673,8.762,7.2367,77
2,673,8.762,7.3092,76
3,673,8.762,7.2808,77
0,674,8.762,7.2985,69
1,674,8.762,7.4451,75
2,674,8.762,7.3384,79
3,674,8.762,7.3553,78
0,675,8.762,7.3291,72
1,675,8.762,7.1202,83
2,675,8.762,7.2954,76
3,675,8.762,7.265,78
0,676,8.762,7.3099,73
1,676,8.762,7.2931,86
2,676,8.762,7.419,82
3,676,8.762,7.4788,62
0,677,8.762,7.2394,71
1,677,8.762,7.0423,84
2,677,8.762,7.2253,71
3,677,8.762,7.3245,79
0,678,8.762,7.0892,72
1,678,8.762,7.2461,68
2,678,8.762,7.1379,72
3,678,8.762,7.4464,71
0,679,8.762,7.3677,75
1,679,8.762,7.333,70
2,679,8.762,7.2447,78
3,679,8.762,7.3089,68
0,680,8.762,7.3438,74
1,680,8.762,7.1355,67
2,680,8.762,7.1901,75
3,680,8.762,7.4324,70
0,681,8.762,7.2319,75
1,681,8.762,7.3396,78
2,681,8.762,7.3717,62
3,681,8.762,7.3538,72
0,682,8.762,7.3095,86
1,682,8.762,7.3126,70
2,682,8.762,7.3814,68
3,682,8.762,7.2615,76
0,683,8.762,7.2398,79
1,683,8.762,7.4072,72
2,683,8.762,7.4158,72
3,683,8.762,7.3021,73
0,684,8.762,7.3064,75
1,684,8.762,7.1882,73
2,684,8.762,7.36,81
3,684,8.762,7.3897,72
0,685,8.762,7.123,81
1,685,8.762,7.2226,71
2,685,8.762,7.4523,84
3,685,8.762,7.4461,70
0,686,8.762,7.2401,76
1,686,8.762,7.2658,75
2,686,8.762,7.4237,65
3,686,8.762,7.3575,68
0,687,8.762,7.2711,80
1,687,8.762,7.2955,72
2,687,8.762,7.3867,62
3,687,8.762,7.3956,79
0,688,8.762,7.1267,84
1,688,8.762,7.2641,85
2,688,8.762,7.0936,81
3,688,8.762,7.3256,77
0,689,8.762,7.2991,79
1,689,8.762,7.1357,80
2,689,8.762,7.3377,78
3,689,8.762,7.2078,74
0,690,8.762,7.2614,73
1,690,8.762,7.2657,87
2,690,8.762,7.186,77
3,690,8.762,7.3076,76
0,691,8.762,7.214,78
1,691,8.762,7.3581,68
2,691,8.762,7.3179,72
3,691,8.762,7.467,71
0,692,8.762,7.2334,84
1,692,8.762,7.2459,78
2,692,8.762,7.1204,77
3,692,8.762,7.1413,81
0,693,8.762,7.2857,77
1,693,8.762,7.2857,72
2,693,8.762,7.2022,80
3,693,8.762,7.1167,87
0,694,8.762,7.2506,77
1,694,8.762,7.242,73
2,694,8.762,7.2093,90
3,694,8.762,7.2482,79
0,695,8.762,7.231,83
1,695,8.762,7.3776,72
2,695,8.762,7.2128,78
3,695,8.762,7.3292,75
0,696,8.762,7.2894,79
1,696,8.762,7.4382,74
2,696,8.762,7.2385,73
3,696,8.762,7.2592,68
0,697,8.762,7.2745,74
1,697,8.762,7.2818,77
2,697,8.762,7.3623,81
3,697,8.762,7.2755,72
0,698,8.762,7.2672,86
1,698,8.762,7.2488,75
2,698,8.762,7.4052,66
3,698,8.762,7.3005,76
0,699,8.762,7.2936,78
1,699,8.762,7.2314,80
2,699,8.762,7.2191,91
3,699,8.762,7.3789,69
0,700,8.762,7.3661,76
1,700,8.762,7.3113,71
2,700,8.762,7.2349,74
3,700,8.762,7.3685,79
0,701,8.762,7.2596,72
1,701,8.762,7.311,76
2,701,8.762,7.3208,71
3,701,8.762,7.125,79
0,702,8.762,7.2298,78
1,702,8.762,7.1215,90
2,702,8.762,7.3526,77
3,702,8.762,7.3549,75
0,703,8.762,7.1483,69
1,703,8.762,7.3096,75
2,703,8.762,7.291,68
3,703,8.762,7.2478,69
0,704,8.762,7.2832,80
1,704,8.762,7.16,86
2,704,8.762,7.2745,73
3,704,8.762,7.1986,73
0,705,8.762,7.3059,77
1,705,8.762,7.3355,73
2,705,8.762,7.3035,74
3,705,8.762,7.11,87
0,706,8.762,7.2596,72
1,706,8.762,7.4167,71
2,706,8.762,7.2663,82
3,706,8.762,7.3606,81
0,707,8.762,7.4271,76
1,707,8.762,7.3717,73
2,707,8.762,7.3342,76
3,707,8.762,7.3738,72
0,708,8.762,7.157,94
1,708,8.762,7.4028,74
2,708,8.762,7.3774,70
3,708,8.762,7.3201,82
0,709,8.762,7.2339,79
1,709,8.762,7.2662,79
2,709,8.762,7.3239,70
3,709,8.762,7.2592,84
0,710,8.762,7.2186,83
1,710,8.762,7.0305,91
2,710,8.762,7.2082,82
3,710,8.762,7.2784,79
0,711,8.762,7.2367,81
1,711,8.762,7.2073,84
2,711,8.762,7.2124,81
3,711,8.762,7.2324,67
0,712,8.762,7.3045,85
1,712,8.762,7.445,70
2,712,8.762,7.2877,86
3,712,8.762,7.3615,74
0,713,8.762,7.1402,76
1,713,8.762,7.3753,78
2,713,8.762,7.2564,70
3,713,8.762,7.2789,74
0,714,8.762,7.4406,64
1,714,8.762,7.1096,93
2,714,8.762,7.1277,79
3,714,8.762,7.3466,68
0,715,8.762,7.1678,79
1,715,8.762,7.2899,67
2,715,8.762,7.2197,71
3,715,8.762,7.2451,71
0,716,8.762,7.3535,77
1,716,8.762,7.2284,86
2,716,8.762,7.2916,73
3,716,8.762,7.3854,64
0,717,8.762,7.1074,89
1,717,8.762,7.3038,74
2,717,8.762,7.257,73
3,717,8.762,7.2876,81
0,718,8.762,7.3525,74
1,718,8.762,7.2517,78
2,718,8.762,7.2953,77
3,718,8.762,7.2176,83
0,719,8.762,7.5489,74
1,719,8.762,7.2621,80
2,719,8.762,7.1181,82
3,719,8.762,7.3803,76
0,720,8.762,7.3156,81
1,720,8.762,7.332,80
2,720,8.762,7.3182,66
3,720,8.762,7.2933,76
0,721,8.762,7.2085,73
1,721,8.762,7.3912,73
2,721,8.762,7.438,69
3,721,8.762,7.105,78
0,722,8.762,7.3824,80
1,722,8.762,7.2765,76
2,722,8.762,7.254,81
3,722,8.762,7.3415,72
0,723,8.762,7.3354,74
1,723,8.762,7.3383,82
2,723,8.762,7.2136,76
3,723,8.762,7.2666,76
0,724,8.762,7.2711,81
1,724,8.762,7.3843,75
2,724,8.762,7.3842,68
3,724,8.762,7.2367,75
0,725,8.762,7.349,72
1,725,8.762,7.2839,78
2,725,8.762,7.3657,76
3,725,8.762,7.2279,84
0,726,8.762,7.351,80
1,726,8.762,7.3778,67
2,726,8.762,7.1223,83
3,726,8.762,7.2708,70
0,727,8.762,7.2534,78
1,727,8.762,7.4077,67
2,727,8.762,7.4298,71
3,727,8.762,7.2687,78
0,728,8.762,7.1214,81
1,728,8.762,7.2051,84
2,728,8.762,7.1799,82
3,728,8.762,7.2649,70
0,729,8.762,7.3483,80
1,729,8.762,7.4237,77
2,729,8.762,7.4628,71
3,729,8.762,7.3047,73
0,730,8.762,7.2711,77
1,730,8.762,7.301,78
2,730,8.762,7.2137,78
3,730,8.762,7.3316,73
0,731,8.762,7.3137,75
1,731,8.762,7.271,77
2,731,8.762,7.3601,74
3,731,8.762,7.2413,86
0,732,8.762,7.3733,71
1,732,8.762,7.3083,70
2,732,8.762,7.2734,76
3,732,8.762,7.2523,80
0,733,8.762,7.2073,80
1,733,8.762,7.157,72
2,733,8.762,7.2323,85
3,733,8.762,7.3537,72
0,734,8.762,7.2946,88
1,734,8.762,7.1925,80
2,734,8.762,7.204,78
3,734,8.762,7.18,79
0,735,8.762,7.2817,79
1,735,8.762,7.4422,63
2,735,8.762,7.2586,81
3,735,8.762,7.3295,80
0,736,8.762,7.3288,71
1,736,8.762,7.3675,76
2,736,8.762,7.442,73
3,736,8.762,7.2767,77
0,737,8.762,7.3867,85
1,737,8.762,7.4364,66
2,737,8.762,7.2748,80
3,737,8.762,7.2128,78
0,738,8.762,7.2602,78
1,738,8.762,7.2758,76
2,738,8.762,7.2984,74
3,738,8.762,7.2827,80
0,739,8.762,7.2734,78
1,739,8.762,7.3394,71
2,739,8.762,7.1579,88
3,739,8.762,7.4057,67
0,740,8.762,7.244,75
1,740,8.762,7.166,83
2,740,8.762,7.2409,77
3,740,8.762,7.2032,81
0,741,8.762,7.1904,73
1,741,8.762,7.3826,72
2,741,8.762,7.1981,71
3,741,8.762,7.3731,73
0,742,8.762,7.3173,68
1,742,8.762,7.2734,68
2,742,8.762,7.3535,78
3,742,8.762,7.1808,83
0,743,8.762,7.3191,78
1,743,8.762,7.2628,78
2,743,8.762,7.326,69
3,743,8.762,7.3822,74
0,744,8.762,7.3282,73
1,744,8.762,7.5863,61
2,744,8.762,7.3361,69
3,744,8.762,7.2914,73
0,745,8.762,7.1548,76
1,745,8.762,7.1929,79
2,745,8.762,7.2528,71
3,745,8.762,7.1142,82
0,746,8.762,7.5392,75
1,746,8.762,7.2228,71
2,746,8.762,7.2968,67
3,746,8.762,7.2427,79
0,747,8.762,7.2373,76
1,747,8.762,7.1997,80
2,747,8.762,7.3631,71
3,747,8.762,7.3059,75
0,748,8.762,7.2842,77
1,748,8.762,7.1992,92
2,748,8.762,7.1355,80
3,748,8.762,7.2417,87
0,749,8.762,7.3252,78
1,749,8.762,7.2683,77
2,749,8.762,7.1921,79
3,749,8.762,7.2798,82
0,750,8.762,7.3473,76
1,750,8.762,7.2831,77
2,750,8.762,7.1952,87
3,750,8.762,7.2877,83
0,751,8.762,7.2175,76
1,751,8.762,7.2897,79
2,751,8.762,7.3289,82
3,751,8.762,7.0848,92
0,752,8.762,7.3938,72
1,752,8.762,7.2108,79
2,752,8.762,7.2806,79
3,752,8.762,7.2562,77
0,753,8.762,7.2557,73
1,753,8.762,7.3493,71
2,753,8.762,7.3704,67
3,753,8.762,7.2343,82
0,754,8.762,7.2938,75
1,754,8.762,7.056,91
2,754,8.762,7.3902,81
3,754,8.762,7.3067,70
0,755,8.762,7.1779,76
1,755,8.762,7.3059,77
2,755,8.762,7.4366,75
3,755,8.762,7.317,76
0,756,8.762,7.326,83
1,756,8.762,7.3788,72
2,756,8.762,7.5216,73
3,756,8.762,7.15,74
0,757,8.762,7.1139,76
1,757,8.762,7.5047,74
2,757,8.762,7.0018,81
3,757,8.762,7.2303,82
0,758,8.762,7.2816,82
1,758,8.762,7.1993,76
2,758,8.762,7.3206,66
3,758,8.762,7.3068,76
0,759,8.762,7.1547,84
1,759,8.762,7.4025,72
2,759,8.762,7.0972,76
3,759,8.762,7.3042,71
0,760,8.762,7.3916,73
1,760,8.762,7.3177,74
2,760,8.762,7.2406,78
3,760,8.762,7.2762,85
0,761,8.762,7.2987,73
1,761,8.762,7.2042,79
2,761,8.762,7.3708,73
3,761,8.762,7.3573,82
0,762,8.762,7.381,75
1,762,8.762,7.3415,68
2,762,8.762,7.3339,73
3,762,8.762,7.3512,75
0,763,8.762,7.173,78
1,763,8.762,7.3063,73
2,763,8.762,7.2989,81
3,763,8.762,7.299,74
0,764,8.762,7.3623,77
1,764,8.762,7.3931,68
2,764,8.762,7.3397,78
3,764,8.762,7.2863,76
0,765,8.762,7.4334,73
1,765,8.762,7.204,77
2,765,8.762,7.2995,76
3,765,8.762,7.2653,70
0,766,8.762,7.4311,71
1,766,8.762,7.2284,80
2,766,8.762,7.2839,75
3,766,8.762,7.2646,78
0,767,8.762,7.3358,70
1,767,8.762,7.2872,72
2,767,8.762,7.281,78
3,767,8.762,7.2243,73
0,768,8.762,7.3355,74
1,768,8.762,7.2908,65
2,768,8.762,7.4162,71
3,768,8.762,7.366,70
0,769,8.762,7.3522,81
1,769,8.762,7.2546,76
2,769,8.762,7.3442,79
3,769,8.762,7.216,84
0,770,8.762,7.3151,73
1,770,8.762,7.264,80
2,770,8.762,7.2807,87
3,770,8.762,7.272,83
0,771,8.762,7.32,70
1,771,8.762,7.414,68
2,771,8.762,7.2594,71
3,771,8.762,7.2712,79
0,772,8.762,7.3252,67
1,772,8.762,7.2735,75
2,772,8.762,7.337,72
3,772,8.762,7.1939,85
0,773,8.762,7.3009,78
1,773,8.762,7.2187,73
2,773,8.762,7.1787,89
3,773,8.762,7.277,67
0,774,8.762,7.2171,83
1,774,8.762,7.275,77
2,774,8.762,7.3339,79
3,774,8.762,7.2532,84
0,775,8.762,7.2507,81
1,775,8.762,7.1944,86
2,775,8.762,7.3698,72
3,775,8.762,7.2432,74
0,776,8.762,7.2922,82
1,776,8.762,7.2027,79
2,776,8.762,7.1097,80
3,776,8.762,7.0509,85
0,777,8.762,7.3122,76
1,777,8.762,7.3604,75
2,777,8.762,7.3029,79
3,777,8.762,7.2965,72
0,778,8.762,7.2688,74
1,778,8.762,7.3091,62
2,778,8.762,7.1666,77
3,778,8.762,7.2449,70
0,779,8.762,7.2938,79
1,779,8.762,7.3695,72
2,779,8.762,7.4795,73
3,779,8.762,7.1267,83
0,780,8.762,7.2216,75
1,780,8.762,7.3949,77
2,780,8.762,7.3742,75
3,780,8.762,7.2077,77
0,781,8.762,7.3764,68
1,781,8.762,7.3912,72
2,781,8.762,7.3215,72
3,781,8.762,7.1586,82
0,782,8.762,7.2085,85
1,782,8.762,7.277,75
2,782,8.762,7.2989,83
3,782,8.762,7.3673,74
0,783,8.762,7.3009,78
1,783,8.762,7.2867,79
2,783,8.762,7.4136,76
3,783,8.762,7.3671,68
0,784,8.762,7.2718,79
1,784,8.762,7.2098,74
2,784,8.762,7.2894,77
3,784,8.762,7.3332,74
0,785,8.762,7.0428,82
1,785,8.762,7.0881,86
2,785,8.762,7.301,76
3,785,8.762,7.3716,66
0,786,8.762,7.3488,69
1,786,8.762,7.3803,72
2,786,8.762,7.1643,83
3,786,8.762,7.3873,81
0,787,8.762,7.4082,72
1,787,8.762,7.3012,79
2,787,8.762,7.3339,78
3,787,8.762,7.1768,77
0,788,8.762,7.273,79
1,788,8.762,7.3488,78
2,788,8.762,7.2984,72
3,788,8.762,7.3319,75
0,789,8.762,7.4777,76
1,789,8.762,7.3775,67
2,789,8.762,7.4291,69
3,789,8.762,7.1061,81
0,790,8.762,7.4,75
1,790,8.762,7.2429,90
2,790,8.762,7.2066,79
3,790,8.762,7.2005,85
0,791,8.762,7.3387,77
1,791,8.762,7.28,78
2,791,8.762,7.0637,88
3,791,8.762,7.376,75
0,792,8.762,7.3027,77
1,792,8.762,7.406,66
2,792,8.762,7.272,88
3,792,8.762,7.2069,78
0,793,8.762,7.2426,76
1,793,8.762,7.3485,71
2,793,8.762,7.252,73
3,793,8.762,7.2571,69
0,794,8.762,7.2557,74
1,794,8.762,7.4316,67
2,794,8.762,7.2892,85
3,794,8.762,7.3657,75
0,795,8.762,7.4854,73
1,795,8.762,7.285,72
2,795,8.762,7.3176,81
3,795,8.762,7.2211,81
0,796,8.762,7.3879,83
1,796,8.762,7.4272,74
2,796,8.762,7.4518,67
3,796,8.762,7.1863,81
0,797,8.762,7.3088,73
1,797,8.762,7.2683,75
2,797,8.762,7.3728,78
3,797,8.762,7.127,84
0,798,8.762,7.3744,76
1,798,8.762,7.459,79
2,798,8.762,7.2761,70
3,798,8.762,7.2631,73
0,799,8.762,7.1956,76
1,799,8.762,7.2654,80
2,799,8.762,7.3677,72
3,799,8.762,7.2735,76
0,800,8.762,7.5092,77
1,800,8.762,7.4405,68
2,800,8.762,7.4105,70
3,800,8.762,7.432,80
0,801,8.762,7.3694,80
1,801,8.762,7.2686,81
2,801,8.762,7.2308,77
3,801,8.762,7.1949,84
0,802,8.762,7.2805,79
1,802,8.762,7.1969,82
2,802,8.762,7.3304,74
3,802,8.762,7.3081,73
0,803,8.762,7.3047,78
1,803,8.762,7.2274,80
2,803,8.762,7.1922,80
3,803,8.762,7.2774,81
0,804,8.762,7.3281,70
1,804,8.762,7.3017,78
2,804,8.762,7.388,73
3,804,8.762,7.2366,67
0,805,8.762,7.2812,86
1,805,8.762,7.2037,82
2,805,8.762,7.204,78
3,805,8.762,7.2896,76
0,806,8.762,7.279,88
1,806,8.762,7.2708,77
2,806,8.762,7.1972,76
3,806,8.762,7.3952,75
0,807,8.762,7.231,72
1,807,8.762,7.2979,71
2,807,8.762,7.2115,72
3,807,8.762,7.1833,85
0,808,8.762,7.2307,84
1,808,8.762,7.2134,78
2,808,8.762,7.456,61
3,808,8.762,7.318,75
0,809,8.762,7.1769,75
1,809,8.762,7.3564,78
2,809,8.762,7.216,74
3,809,8.762,7.2231,78
0,810,8.762,7.3431,77
1,810,8.762,7.3844,72
2,810,8.762,7.2568,90
3,810,8.762,7.2618,82
0,811,8.762,7.212,84
1,811,8.762,7.248,72
2,811,8.762,7.2534,77
3,811,8.762,7.2742,68
0,812,8.762,7.4295,77
1,812,8.762,7.2244,81
2,812,8.762,7.31,72
3,812,8.762,7.2052,77
0,813,8.762,7.0757,90
1,813,8.762,7.2387,85
2,813,8.762,7.2633,70
3,813,8.762,7.2729,78
0,814,8.762,7.3341,84
1,814,8.762,7.2741,73
2,814,8.762,7.4178,72
3,814,8.762,7.182,89
0,815,8.762,7.3101,78
1,815,8.762,7.3719,76
2,815,8.762,7.0958,79
3,815,8.762,7.3868,66
0,816,8.762,7.2982,74
1,816,8.762,7.4292,68
2,816,8.762,7.507,72
3,816,8.762,7.3973,67
0,817,8.762,7.3101,73
1,817,8.762,7.2068,81
2,817,8.762,7.5281,68
3,817,8.762,7.4058,73
0,818,8.762,7.1549,79
1,818,8.762,7.1124,82
2,818,8.762,7.1209,82
3,818,8.762,7.4114,83
0,819,8.762,7.2116,72
1,819,8.762,7.248,77
2,819,8.762,7.3365,76
3,819,8.762,7.068,83
0,820,8.762,7.2258,86
1,820,8.762,7.2994,73
2,820,8.762,7.3652,79
3,820,8.762,7.292,75
0,821,8.762,7.2437,77
1,821,8.762,7.3292,68
2,821,8.762,7.3061,72
3,821,8.762,7.2398,93
0,822,8.762,7.2214,76
1,822,8.762,7.2282,73
2,822,8.762,7.3342,73
3,822,8.762,7.3088,75
0,823,8.762,7.1327,82
1,823,8.762,7.2689,72
2,823,8.762,7.3775,66
3,823,8.762,7.346,76
0,824,8.762,7.3051,75
1,824,8.762,7.1962,73
2,824,8.762,7.2005,80
3,824,8.762,7.202,79
0,825,8.762,7.4204,72
1,825,8.762,7.2678,79
2,825,8.762,7.1687,83
3,825,8.762,7.2499,75
0,826,8.762,7.2446,83
1,826,8.762,7.4365,66
2,826,8.762,7.3012,73
3,826,8.762,7.2752,81
0,827,8.762,7.2019,77
1,827,8.762,7.3042,88
2,827,8.762,7.4006,67
3,827,8.762,7.2825,75
0,828,8.762,7.2447,74
1,828,8.762,7.3632,73
2,828,8.762,7.3181,69
3,828,8.762,7.3487,73
0,829,8.762,7.2062,80
1,829,8.762,7.4079,71
2,829,8.762,7.1911,81
3,829,8.762,7.3284,72
0,830,8.762,7.1243,85
1,830,8.762,7.2154,78
2,830,8.762,7.2719,75
3,830,8.762,7.3559,64
0,831,8.762,7.2959,76
1,831,8.762,7.2818,76
2,831,8.762,7.3164,77
3,831,8.762,7.3615,79
0,832,8.762,7.2397,72
1,832,8.762,7.3147,82
2,832,8.762,7.2288,76
3,832,8.762,7.2504,80
0,833,8.762,7.4462,73
1,833,8.762,7.1094,70
2,833,8.762,7.1237,82
3,833,8.762,7.1754,82
0,834,8.762,7.3435,75
1,834,8.762,7.0378,80
2,834,8.762,7.2457,85
3,834,8.762,7.342,77
0,835,8.762,7.4445,71
1,835,8.762,7.3061,79
2,835,8.762,7.2655,77
3,835,8.762,7.1151,87
0,836,8.762,7.3418,69
1,836,8.762,7.2604,75
2,836,8.762,7.5221,66
3,836,8.762,7.3936,77
0,837,8.762,7.2644,78
1,837,8.762,7.1578,78
2,837,8.762,7.1472,78
3,837,8.762,7.1765,76
0,838,8.762,7.3114,78
1,838,8.762,7.1635,77
2,838,8.762,7.3147,84
3,838,8.762,7.2101,87
0,839,8.762,7.3757,70
1,839,8.762,7.2484,75
2,839,8.762,7.1863,76
3,839,8.762,7.3833,78
0,840,8.762,7.3474,80
1,840,8.762,7.3543,76
2,840,8.762,7.4888,67
3,840,8.762,7.2554,76
0,841,8.762,7.2949,79
1,841,8.762,7.0996,79
2,841,8.762,7.3718,79
3,841,8.762,7.4032,67
0,842,8.762,7.2974,76
1,842,8.762,7.3881,83
2,842,8.762,7.4339,75
3,842,8.762,7.4269,70
0,843,8.762,7.252,76
1,843,8.762,7.3329,70
2,843,8.762,7.2477,79
3,843,8.762,7.5082,73
0,844,8.762,7.3679,75
1,844,8.762,7.3661,78
2,844,8.762,7.3866,76
3,844,8.762,7.459,73
0,845,8.762,7.4988,64
1,845,8.762,7.2783,88
2,845,8.762,7.2655,81
3,845,8.762,7.2603,73
0,846,8.762,7.2809,74
1,846,8.762,7.2445,80
2,846,8.762,7.2978,77
3,846,8.762,7.2405,76
0,847,8.762,7.2581,79
1,847,8.762,7.3493,70
2,847,8.762,7.1837,73
3,847,8.762,7.1857,87
0,848,8.762,7.3694,85
1,848,8.762,7.1606,78
2,848,8.762,7.2351,78
3,848,8.762,7.127,83
0,849,8.762,7.211,83
1,849,8.762,7.4184,74
2,849,8.762,7.3116,76
3,849,8.762,7.1714,80
0,850,8.762,7.0675,92
1,850,8.762,7.2336,76
2,850,8.762,7.4003,72
3,850,8.762,7.4036,65
0,851,8.762,7.3703,80
1,851,8.762,7.2373,83
2,851,8.762,7.2101,86
3,851,8.762,7.3515,83
0,852,8.762,7.4733,72
1,852,8.762,7.1779,84
2,852,8.762,7.2742,76
3,852,8.762,7.3007,81
0,853,8.762,7.3147,75
1,853,8.762,7.4291,81
2,853,8.762,7.4778,76
3,853,8.762,7.1974,80
0,854,8.762,7.1805,79
1,854,8.762,7.2161,71
2,854,8.762,7.4022,64
3,854,8.762,7.3865,76
0,855,8.762,7.1778,78
1,855,8.762,7.3332,75
2,855,8.762,7.3222,74
3,855,8.762,7.1915,78
0,856,8.762,7.4477,68
1,856,8.762,7.1792,86
2,856,8.762,7.2717,77
3,856,8.762,7.4355,67
0,857,8.762,7.2562,71
1,857,8.762,7.3526,78
2,857,8.762,7.4124,65
3,857,8.762,7.2967,72
0,858,8.762,7.1453,83
1,858,8.762,7.3959,73
2,858,8.762,7.2907,74
3,858,8.762,7.3171,70
0,859,8.762,7.3287,76
1,859,8.762,7.2597,91
2,859,8.762,7.4036,72
3,859,8.762,7.2317,75
0,860,8.762,7.2327,76
1,860,8.762,7.312,73
2,860,8.762,7.3633,70
3,860,8.762,7.2389,82
0,861,8.762,7.3569,71
1,861,8.762,7.3017,66
2,861,8.762,7.3805,71
3,861,8.762,7.3338,68
0,862,8.762,7.2989,77
1,862,8.762,7.3053,74
2,862,8.762,7.3178,78
3,862,8.762,7.3354,67
0,863,8.762,7.3015,83
1,863,8.762,7.0651,80
2,863,8.762,7.2173,74
3,863,8.762,7.1855,78
0,864,8.762,7.2748,71
1,864,8.762,7.1592,76
2,864,8.762,7.3018,73
3,864,8.762,7.2506,76
0,865,8.762,7.3999,74
1,865,8.762,7.307,78
2,865,8.762,7.4429,82
3,865,8.762,7.2522,86
0,866,8.762,7.196,85
1,866,8.762,7.3564,75
2,866,8.762,7.226,71
3,866,8.762,7.3305,72
0,867,8.762,7.2946,67
1,867,8.762,7.4097,75
2,867,8.762,7.3974,73
3,867,8.762,7.2476,78
0,868,8.762,6.9593,82
1,868,8.762,7.1789,78
2,868,8.762,7.3773,71
3,868,8.762,7.4455,71
0,869,8.762,7.2957,75
1,869,8.762,7.271,72
2,869,8.762,7.1964,75
3,869,8.762,7.2445,83
0,870,8.762,7.2362,80
1,870,8.762,7.4645,71
2,870,8.762,7.3066,84
3,870,8.762,7.1272,82
0,871,8.762,7.2681,72
1,871,8.762,7.384,76
2,871,8.762,7.1882,82
3,871,8.762,7.2955,85
0,872,8.762,7.4182,70
1,872,8.762,7.3204,76
2,872,8.762,7.227,64
3,872,8.762,7.354,82
0,873,8.762,7.1399,81
1,873,8.762,7.3423,82
2,873,8.762,7.2866,84
3,873,8.762,7.3862,82
0,874,8.762,7.28,78
1,874,8.762,7.2285,81
2,874,8.762,7.3449,80
3,874,8.762,7.1316,85
0,875,8.762,7.1962,72
1,875,8.762,7.1749,69
2,875,8.762,7.266,79
3,875,8.762,7.4262,68
0,876,8.762,7.2482,73
1,876,8.762,7.2994,83
2,876,8.762,7.3088,75
3,876,8.762,7.3221,70
0,877,8.762,7.182,87
1,877,8.762,7.2622,77
2,877,8.762,7.348,71
3,877,8.762,7.1472,87
0,878,8.762,7.3516,78
1,878,8.762,7.4061,78
2,878,8.762,7.3226,79
3,878,8.762,7.2848,78
0,879,8.762,7.3955,67
1,879,8.762,7.4322,74
2,879,8.762,7.2191,77
3,879,8.762,7.2184,86
0,880,8.762,7.2084,81
1,880,8.762,7.2989,80
2,880,8.762,7.237,83
3,880,8.762,7.2398,81
0,881,8.762,7.2111,71
1,881,8.762,7.4076,67
2,881,8.762,7.1194,88
3,881,8.762,7.2724,72
0,882,8.762,7.1768,77
1,882,8.762,7.3272,78
2,882,8.762,7.2112,73
3,882,8.762,7.2813,74
0,883,8.762,7.2786,72
1,883,8.762,7.2832,78
2,883,8.762,7.1969,82
3,883,8.762,7.2951,79
0,884,8.762,7.3864,73
1,884,8.762,7.2069,83
2,884,8.762,7.3599,67
3,884,8.762,7.4444,76
0,885,8.762,7.1441,86
1,885,8.762,7.4692,71
2,885,8.762,7.3905,71
3,885,8.762,7.4855,69
0,886,8.762,7.3474,61
1,886,8.762,7.1994,79
2,886,8.762,7.2647,82
3,886,8.762,7.312,74
0,887,8.762,7.1651,76
1,887,8.762,7.3777,64
2,887,8.762,7.302,82
3,887,8.762,7.3767,78
0,888,8.762,7.2903,76
1,888,8.762,7.1983,82
2,888,8.762,7.1266,83
3,888,8.762,7.3616,71
0,889,8.762,7.183,92
1,889,8.762,7.233,79
2,889,8.762,7.4439,78
3,889,8.762,7.2656,78
0,890,8.762,7.3801,67
1,890,8.762,7.2828,87
2,890,8.762,7.2522,74
3,890,8.762,7.3287,74
0,891,8.762,7.2368,76
1,891,8.762,7.2137,83
2,891,8.762,7.1726,77
3,891,8.762,7.4541,71
0,892,8.762,7.2666,72
1,892,8.762,7.3194,83
2,892,8.762,7.4393,69
3,892,8.762,7.3432,68
0,893,8.762,7.3026,75
1,893,8.762,7.3029,69
2,893,8.762,7.2961,68
3,893,8.762,7.4319,71
0,894,8.762,7.2207,77
1,894,8.762,7.212,84
2,894,8.762,7.275,75
3,894,8.762,7.4763,70
0,895,8.762,7.3806,84
1,895,8.762,7.2037,77
2,895,8.762,7.3074,76
3,895,8.762,7.3719,75
0,896,8.762,7.2773,77
1,896,8.762,7.2752,80
2,896,8.762,7.3141,79
3,896,8.762,7.1136,85
0,897,8.762,7.3526,72
1,897,8.762,7.4344,64
2,897,8.762,7.2517,86
3,897,8.762,7.1915,95
0,898,8.762,7.1704,78
1,898,8.762,7.3004,71
2,898,8.762,7.4654,73
3,898,8.762,7.3408,79
0,899,8.762,7.4595,69
1,899,8.762,7.0969,78
2,899,8.762,7.1449,86
3,899,8.762,7.2922,68
0,900,8.762,7.183,75
1,900,8.762,7.1155,76
2,900,8.762,7.4017,78
3,900,8.762,7.3518,73
0,901,8.762,7.4001,74
1,901,8.762,7.0456,77
2,901,8.762,7.2059,76
3,901,8.762,7.3426,78
0,902,8.762,7.4634,67
1,902,8.762,6.973,84
2,902,8.762,7.2448,83
3,902,8.762,7.3852,77
0,903,8.762,7.1944,85
1,903,8.762,7.334,75
2,903,8.762,7.3013,74
3,903,8.762,7.2888,73
0,904,8.762,7.3804,75
1,904,8.762,7.1862,74
2,904,8.762,7.2154,76
3,904,8.762,7.3882,70
0,905,8.762,7.144,72
1,905,8.762,7.367,80
2,905,8.762,7.1924,81
3,905,8.762,7.2477,72
0,906,8.762,7.3761,75
1,906,8.762,7.3472,80
2,906,8.762,7.2899,74
3,906,8.762,7.2841,81
0,907,8.762,7.3014,78
1,907,8.762,7.3677,75
2,907,8.762,7.3194,79
3,907,8.762,7.1964,75
0,908,8.762,7.2983,76
1,908,8.762,7.2468,77
2,908,8.762,7.251,73
3,908,8.762,7.3086,70
0,909,8.762,7.1892,77
1,909,8.762,7.3441,73
2,909,8.762,7.2392,76
3,909,8.762,7.3011,77
0,910,8.762,7.2361,78
1,910,8.762,7.2347,79
2,910,8.762,7.1955,84
3,910,8.762,7.1433,80
0,911,8.762,7.345,76
1,911,8.762,7.1752,84
2,911,8.762,7.3647,75
3,911,8.762,7.3431,67
0,912,8.762,7.3667,81
1,912,8.762,7.3803,71
2,912,8.762,7.2139,76
3,912,8.762,7.297,78
0,913,8.762,7.2189,79
1,913,8.762,7.3351,73
2,913,8.762,7.2519,77
3,913,8.762,7.4122,70
0,914,8.762,7.3292,72
1,914,8.762,7.2643,78
2,914,8.762,7.2795,77
3,914,8.762,7.3885,71
0,915,8.762,7.3803,77
1,915,8.762,7.3062,83
2,915,8.762,7.1332,78
3,915,8.762,7.3264,74
0,916,8.762,7.3247,69
1,916,8.762,7.1577,78
2,916,8.762,7.2973,72
3,916,8.762,7.407,73
0,917,8.762,7.2992,90
1,917,8.762,7.2554,81
2,917,8.762,7.3133,83
3,917,8.762,7.3012,72
0,918,8.762,7.268,69
1,918,8.762,7.1744,78
2,918,8.762,7.2921,71
3,918,8.762,7.3047,77
0,919,8.762,7.4277,73
1,919,8.762,7.1673,81
2,919,8.762,7.3166,80
3,919,8.762,7.2671,70
0,920,8.762,7.5478,66
1,920,8.762,7.2206,78
2,920,8.762,7.2527,76
3,920,8.762,7.3196,72
0,921,8.762,7.3028,70
1,921,8.762,7.0567,81
2,921,8.762,7.2617,76
3,921,8.762,7.3784,66
0,922,8.762,7.2633,72
1,922,8.762,7.3001,82
2,922,8.762,7.3964,60
3,922,8.762,7.1631,84
0,923,8.762,7.4103,64
1,923,8.762,7.2154,77
2,923,8.762,7.3676,79
3,923,8.762,7.2985,76
0,924,8.762,7.3089,71
1,924,8.762,7.2804,79
2,924,8.762,7.3327,81
3,924,8.762,7.2062,80
0,925,8.762,7.227,79
1,925,8.762,7.339,84
2,925,8.762,7.3291,88
3,925,8.762,7.3073,80
0,926,8.762,7.2665,72
1,926,8.762,7.4554,75
2,926,8.762,7.4252,68
3,926,8.762,7.2655,79
0,927,8.762,7.1922,71
1,927,8.762,7.2746,72
2,927,8.762,7.2913,79
3,927,8.762,7.053,79
0,928,8.762,7.2077,90
1,928,8.762,7.3642,71
2,928,8.762,7.3435,79
3,928,8.762,7.2291,71
0,929,8.762,7.3279,75
1,929,8.762,7.3044,75
2,929,8.762,7.2797,80
3,929,8.762,7.2708,72
0,930,8.762,7.25,68
1,930,8.762,7.2435,77
2,930,8.762,7.3164,77
3,930,8.762,7.0774,80
0,931,8.762,7.3311,77
1,931,8.762,7.355,79
2,931,8.762,7.3381,76
3,931,8.762,7.321,70
0,932,8.762,7.2319,76
1,932,8.762,7.4261,74
2,932,8.762,7.2844,78
3,932,8.762,7.2695,73
0,933,8.762,7.3517,73
1,933,8.762,7.3325,75
2,933,8.762,7.2813,75
3,933,8.762,7.4091,72
0,934,8.762,7.3988,75
1,934,8.762,7.2772,81
2,934,8.762,7.3729,73
3,934,8.762,7.3574,87
0,935,8.762,7.2885,76
1,935,8.762,7.0764,79
2,935,8.762,7.268,86
3,935,8.762,7.0197,78
0,936,8.762,7.2006,85
1,936,8.762,7.3092,72
2,936,8.762,7.0865,75
3,936,8.762,7.2872,78
0,937,8.762,7.2238,71
1,937,8.762,7.4379,75
2,937,8.762,7.2751,80
3,937,8.762,7.3371,69
0,938,8.762,7.2612,76
1,938,8.762,7.3685,78
2,938,8.762,7.0591,77
3,938,8.762,7.3333,80
0,939,8.762,7.3523,79
1,939,8.762,7.4093,72
2,939,8.762,7.3111,68
3,939,8.762,7.4761,68
0,940,8.762,7.3693,67
1,940,8.762,7.3894,73
2,940,8.762,7.232,79
3,940,8.762,7.1452,79
0,941,8.762,7.211,80
1,941,8.762,7.2181,77
2,941,8.762,7.1088,77
3,941,8.762,7.1602,77
0,942,8.762,7.3239,79
1,942,8.762,7.5541,70
2,942,8.762,7.1834,83
3,942,8.762,7.5185,74
0,943,8.762,7.3069,76
1,943,8.762,7.3826,76
2,943,8.762,7.3088,77
3,943,8.762,7.3355,72
0,944,8.762,7.3879,73
1,944,8.762,7.0845,83
2,944,8.762,7.1825,81
3,944,8.762,7.3782,74
0,945,8.762,7.0505,76
1,945,8.762,7.1749,74
2,945,8.762,7.1715,75
3,945,8.762,7.3249,73
0,946,8.762,7.122,85
1,946,8.762,7.2008,77
2,946,8.762,7.3265,75
3,946,8.762,7.3163,78
0,947,8.762,7.3736,74
1,947,8.762,7.314,82
2,947,8.762,7.2823,74
3,947,8.762,7.3158,84
0,948,8.762,7.2215,82
1,948,8.762,7.2952,69
2,948,8.762,7.4113,72
3,948,8.762,7.1826,79
0,949,8.762,7.1374,79
1,949,8.762,7.4039,76
2,949,8.762,7.16,78
3,949,8.762,7.3053,73
0,950,8.762,7.1863,80
1,950,8.762,7.2862,76
2,950,8.762,7.3572,76
3,950,8.762,7.4012,83
0,951,8.762,7.2606,75
1,951,8.762,7.1582,84
2,951,8.762,7.3668,75
3,951,8.762,7.3477,72
0,952,8.762,7.2939,82
1,952,8.762,7.1892,88
2,952,8.762,7.2263,87
3,952,8.762,7.4329,70
0,953,8.762,7.3327,76
1,953,8.762,7.3473,70
2,953,8.762,7.2812,79
3,953,8.762,7.4314,72
0,954,8.762,7.3125,77
1,954,8.762,7.4025,74
2,954,8.762,7.2547,83
3,954,8.762,7.1974,80
0,955,8.762,7.115,85
1,955,8.762,7.3488,73
2,955,8.762,7.2572,81
3,955,8.762,7.285,72
0,956,8.762,7.3466,66
1,956,8.762,7.5268,63
2,956,8.762,7.3259,73
3,956,8.762,7.3628,66
0,957,8.762,7.2929,72
1,957,8.762,7.2783,73
2,957,8.762,7.355,76
3,957,8.762,7.3108,77
0,958,8.762,7.2228,77
1,958,8.762,7.3524,73
2,958,8.762,7.2378,80
3,958,8.762,7.4429,71
0,959,8.762,7.1808,90
1,959,8.762,7.2127,74
2,959,8.762,7.5179,72
3,959,8.762,7.4106,65
0,960,8.762,7.4468,73
1,960,8.762,7.3921,77
2,960,8.762,7.4422,70
3,960,8.762,7.3179,81
0,961,8.762,7.2815,77
1,961,8.762,7.476,69
2,961,8.762,7.2699,76
3,961,8.762,7.3273,84
0,962,8.762,7.3126,79
1,962,8.762,7.3319,80
2,962,8.762,7.2858,73
3,962,8.762,7.2695,73
0,963,8.762,7.2885,80
1,963,8.762,7.1055,81
2,963,8.762,7.3278,68
3,963,8.762,7.3423,74
0,964,8.762,7.2381,78
1,964,8.762,7.5317,68
2,964,8.762,7.2091,76
3,964,8.762,7.0491,76
0,965,8.762,7.3969,76
1,965,8.762,7.3753,73
2,965,8.762,7.4514,74
3,965,8.762,7.3985,72
0,966,8.762,7.0924,79
1,966,8.762,7.185,75
2,966,8.762,7.3545,76
3,966,8.762,7.3008,72
0,967,8.762,7.2749,84
1,967,8.762,7.3759,75
2,967,8.762,7.4139,78
3,967,8.762,7.1971,69
0,968,8.762,7.3307,78
1,968,8.762,7.1402,75
2,968,8.762,7.2241,81
3,968,8.762,7.1919,85
0,969,8.762,7.2882,78
1,969,8.762,7.3702,70
2,969,8.762,7.3136,76
3,969,8.762,7.2484,82
0,970,8.762,7.467,64
1,970,8.762,7.27,80
2,970,8.762,7.1584,73
3,970,8.762,7.2704,79
0,971,8.762,7.1615,80
1,971,8.762,7.2312,72
2,971,8.762,7.1505,80
3,971,8.762,7.2276,83
0,972,8.762,7.2335,73
1,972,8.762,7.3314,70
2,972,8.762,7.0925,81
3,972,8.762,7.2268,74
0,973,8.762,7.1467,83
1,973,8.762,7.1421,90
2,973,8.762,7.2642,71
3,973,8.762,7.3101,76
0,974,8.762,7.1564,77
1,974,8.762,7.2217,77
2,974,8.762,7.1954,76
3,974,8.762,7.2455,79
0,975,8.762,7.1569,88
1,975,8.762,7.3531,67
2,975,8.762,7.1428,80
3,975,8.762,7.3028,76
0,976,8.762,7.1979,75
1,976,8.762,7.3526,72
2,976,8.762,7.3592,74
3,976,8.762,7.1689,79
0,977,8.762,7.1584,74
1,977,8.762,7.4269,66
2,977,8.762,7.1541,80
3,977,8.762,7.2732,77
0,978,8.762,7.2273,85
1,978,8.762,7.314,73
2,978,8.762,7.3041,71
3,978,8.762,7.2415,73
0,979,8.762,7.2895,72
1,979,8.762,7.321,69
2,979,8.762,7.2119,81
3,979,8.762,7.3225,73
0,980,8.762,7.4018,71
1,980,8.762,7.362,70
2,980,8.762,7.4218,75
3,980,8.762,7.3688,75
0,981,8.762,7.3303,72
1,981,8.762,7.062,81
2,981,8.762,7.3031,77
3,981,8.762,7.2024,79
0,982,8.762,7.2557,77
1,982,8.762,7.3878,79
2,982,8.762,7.2972,79
3,982,8.762,7.3461,77
0,983,8.762,7.3239,76
1,983,8.762,7.3577,68
2,983,8.762,7.442,73
3,983,8.762,7.3145,75
0,984,8.762,7.3846,85
1,984,8.762,7.1546,78
2,984,8.762,7.3835,76
3,984,8.762,7.2891,81
0,985,8.762,7.3824,71
1,985,8.762,7.1866,79
2,985,8.762,7.3838,70
3,985,8.762,7.2125,79
0,986,8.762,7.1896,85
1,986,8.762,7.2596,81
2,986,8.762,7.3685,68
3,986,8.762,7.2045,79
0,987,8.762,7.3709,76
1,987,8.762,7.1476,83
2,987,8.762,7.2145,88
3,987,8.762,7.1049,81
0,988,8.762,7.4138,68
1,988,8.762,7.0885,79
2,988,8.762,7.2363,86
3,988,8.762,7.2301,81
0,989,8.762,7.1981,73
1,989,8.762,7.1595,69
2,989,8.762,7.4512,69
3,989,8.762,7.3253,73
0,990,8.762,7.0599,82
1,990,8.762,7.2587,74
2,990,8.762,7.1559,81
3,990,8.762,7.2415,84
0,991,8.762,7.2136,76
1,991,8.762,7.3533,72
2,991,8.762,7.1493,78
3,991,8.762,7.2081,79
0,992,8.762,7.2543,71
1,992,8.762,7.3622,74
2,992,8.762,7.2873,73
3,992,8.762,7.3561,67
0,993,8.762,7.5292,67
1,993,8.762,7.2941,79
2,993,8.762,7.3608,78
3,993,8.762,7.2462,80
0,994,8.762,7.4059,78
1,994,8.762,7.1936,79
2,994,8.762,7.3454,73
3,994,8.762,7.187,86
0,995,8.762,7.3698,72
1,995,8.762,7.3425,71
2,995,8.762,7.3587,79
3,995,8.762,7.2964,74
0,996,8.762,7.2785,77
1,996,8.762,7.2539,75
2,996,8.762,7.2309,78
3,996,8.762,7.31,69
0,997,8.762,7.3715,68
1,997,8.762,7.3604,70
2,997,8.762,7.1984,85
3,997,8.762,7.3072,79
0,998,8.762,7.3433,75
1,998,8.762,7.1869,82
2,998,8.762,7.1729,78
3,998,8.762,7.347,73
0,999,8.762,7.321,70
1,999,8.762,7.2781,74
2,999,8.762,7.2437,75
3,999,8.762,7.2405,79
0,1000,8.762,7.2287,68
1,1000,8.762,7.3405,74
2,1000,8.762,7.2026,77
3,1000,8.762,7.379,81
0,1001,8.762,7.4403,67
1,1001,8.762,7.1741,74
2,1001,8.762,7.3061,72
3,1001,8.762,7.2338,78
0,1002,8.762,7.3539,77
1,1002,8.762,7.3296,81
2,1002,8.762,7.3332,73
3,1002,8.762,7.1668,81
0,1003,8.762,7.3588,73
1,1003,8.762,7.2861,75
2,1003,8.762,7.3547,75
3,1003,8.762,7.1516,77
0,1004,8.762,7.2772,79
1,1004,8.762,7.4682,76
2,1004,8.762,7.161,86
3,1004,8.762,7.2291,68
0,1005,8.762,7.1696,74
1,1005,8.762,7.3767,66
2,1005,8.762,7.1666,84
3,1005,8.762,7.3403,72
0,1006,8.762,7.3605,82
1,1006,8.762,7.3801,66
2,1006,8.762,7.4058,72
3,1006,8.762,7.3226,72
0,1007,8.762,7.2346,83
1,1007,8.762,7.1219,76
2,1007,8.762,7.2813,70
3,1007,8.762,7.324,75
0,1008,8.762,7.1957,72
1,1008,8.762,7.4699,70
2,1008,8.762,7.2614,79
3,1008,8.762,7.2373,79
0,1009,8.762,7.4199,63
1,1009,8.762,7.331,81
2,1009,8.762,7.3811,70
3,1009,8.762,7.4234,71
0,1010,8.762,7.1667,78
1,1010,8.762,7.3255,69
2,1010,8.762,7.293,84
3,1010,8.762,7.1837,81
0,1011,8.762,7.3772,75
1,1011,8.762,7.3802,74
2,1011,8.762,7.2438,87
3,1011,8.762,7.2628,79
0,1012,8.762,7.3617,69
1,1012,8.762,7.2635,72
2,1012,8.762,7.3691,80
3,1012,8.762,7.3617,83
0,1013,8.762,7.4001,76
1,1013,8.762,7.4872,72
2,1013,8.762,7.323,81
3,1013,8.762,7.139,82
0,1014,8.762,7.3262,79
1,1014,8.762,7.2268,80
2,1014,8.762,7.2755,73
3,1014,8.762,7.2548,75
0,1015,8.762,7.4397,67
1,1015,8.762,7.4154,78
2,1015,8.762,7.369,74
3,1015,8.762,7.3908,72
0,1016,8.762,7.2585,83
1,1016,8.762,7.2228,79
2,1016,8.762,7.3805,74
3,1016,8.762,7.1389,78
0,1017,8.762,7.1402,84
1,1017,8.762,7.2462,80
2,1017,8.762,7.365,73
3,1017,8.762,7.1473,78
0,1018,8.762,7.2946,64
1,1018,8.762,7.2058,78
2,1018,8.762,7.1854,79
3,1018,8.762,7.3538,73
0,1019,8.762,7.2396,89
1,1019,8.762,7.2415,82
2,1019,8.762,7.2061,72
3,1019,8.762,7.2943,75
0,1020,8.762,7.276,88
1,1020,8.762,7.3543,77
2,1020,8.762,7.2629,76
3,1020,8.762,7.1898,71
0,1021,8.762,7.1378,86
1,1021,8.762,7.3324,80
2,1021,8.762,7.3014,75
3,1021,8.762,7.5505,71
0,1022,8.762,7.1951,79
1,1022,8.762,7.1778,86
2,1022,8.762,7.3803,78
3,1022,8.762,7.3949,69
0,1023,8.762,7.2546,79
1,1023,8.762,7.2247,77
2,1023,8.762,7.2582,84
3,1023,8.762,7.288,76
0,1024,8.762,7.2639,72
1,1024,8.762,7.3254,72
2,1024,8.762,7.2904,81
3,1024,8.762,7.4851,71
0,1025,8.762,7.3738,78
1,1025,8.762,7.2593,73
2,1025,8.762,7.2983,72
3,1025,8.762,7.2703,78
0,1026,8.762,7.3105,75
1,1026,8.762,7.2771,83
2,1026,8.762,7.3278,80
3,1026,8.762,7.3668,74
0,1027,8.762,7.1741,75
1,1027,8.762,7.1943,83
2,1027,8.762,7.227,80
3,1027,8.762,7.2482,73
0,1028,8.762,7.1139,74
1,1028,8.762,7.4148,69
2,1028,8.762,7.1577,70
3,1028,8.762,7.3708,77
0,1029,8.762,7.3036,78
1,1029,8.762,7.2799,81
2,1029,8.762,7.2894,83
3,1029,8.762,7.2356,70
0,1030,8.762,7.2265,81
1,1030,8.762,7.2911,78
2,1030,8.762,7.388,68
3,1030,8.762,7.173,77
0,1031,8.762,7.3672,74
1,1031,8.762,7.1011,79
2,1031,8.762,7.3598,72
3,1031,8.762,7.1669,77
0,1032,8.762,7.2952,77
1,1032,8.762,7.3311,68
2,1032,8.762,7.3955,63
3,1032,8.762,7.0784,81
0,1033,8.762,7.39,71
1,1033,8.762,7.2882,77
2,1033,8.762,7.2324,79
3,1033,8.762,7.3197,70
0,1034,8.762,7.1832,73
1,1034,8.762,7.2432,80
2,1034,8.762,7.0986,89
3,1034,8.762,7.1322,89
0,1035,8.762,7.3403,70
1,1035,8.762,7.3098,72
2,1035,8.762,7.286,72
3,1035,8.762,7.1121,86
0,1036,8.762,7.2572,72
1,1036,8.762,7.3717,78
2,1036,8.762,7.4029,75
3,1036,8.762,7.3116,72
0,1037,8.762,7.2158,75
1,1037,8.762,7.0864,78
2,1037,8.762,7.3006,77
3,1037,8.762,7.2928,77
0,1038,8.762,7.2339,78
1,1038,8.762,7.3842,70
2,1038,8.762,7.3697,77
3,1038,8.762,7.1675,83
0,1039,8.762,7.3327,77
1,1039,8.762,7.2407,85
2,1039,8.762,7.1531,71
3,1039,8.762,7.0697,78
0,1040,8.762,7.293,78
1,1040,8.762,7.4019,73
2,1040,8.762,7.5627,77
3,1040,8.762,7.4196,70
0,1041,8.762,7.2393,78
1,1041,8.762,7.3479,64
2,1041,8.762,7.2871,80
3,1041,8.762,7.3392,86
0,1042,8.762,7.2542,74
1,1042,8.762,7.3294,73
2,1042,8.762,7.3316,69
3,1042,8.762,7.385,72
0,1043,8.762,7.264,76
1,1043,8.762,7.242,77
2,1043,8.762,7.1336,84
3,1043,8.762,7.2719,70
0,1044,8.762,7.1512,81
1,1044,8.762,7.1398,76
2,1044,8.762,7.302,76
3,1044,8.762,7.5683,64
0,1045,8.762,7.3152,79
1,1045,8.762,7.2179,76
2,1045,8.762,7.3203,81
3,1045,8.762,7.4877,67
0,1046,8.762,7.1925,82
1,1046,8.762,7.2085,72
2,1046,8.762,7.1919,76
3,1046,8.762,7.3299,77
0,1047,8.762,7.2775,71
1,1047,8.762,7.3548,70
2,1047,8.762,7.3259,65
3,1047,8.762,7.3083,69
0,1048,8.762,7.3239,62
1,1048,8.762,7.2517,75
2,1048,8.762,7.234,73
3,1048,8.762,7.3435,78
0,1049,8.762,7.2066,84
1,1049,8.762,7.339,78
2,1049,8.762,7.3894,72
3,1049,8.762,7.3863,72
0,1050,8.762,7.3135,73
1,1050,8.762,7.3148,66
2,1050,8.762,7.2294,73
3,1050,8.762,7.3066,73
0,1051,8.762,7.319,77
1,1051,8.762,7.2654,77
2,1051,8.762,7.2532,85
3,1051,8.762,7.165,89
0,1052,8.762,7.3499,73
1,1052,8.762,7.417,69
2,1052,8.762,7.2145,85
3,1052,8.762,7.3555,67
0,1053,8.762,7.3227,73
1,1053,8.762,7.277,87
2,1053,8.762,7.4571,77
3,1053,8.762,7.4326,73
0,1054,8.762,7.4732,75
1,1054,8.762,7.5194,65
2,1054,8.762,7.2675,78
3,1054,8.762,7.1527,77
0,1055,8.762,7.3784,71
1,1055,8.762,7.3122,75
2,1055,8.762,7.2664,80
3,1055,8.762,7.2127,85
0,1056,8.762,7.3207,73
1,1056,8.762,7.2735,83
2,1056,8.762,7.2525,82
3,1056,8.762,7.2185,69
0,1057,8.762,7.3502,77
1,1057,8.762,7.0147,85
2,1057,8.762,7.3399,71
3,1057,8.762,7.455,69
0,1058,8.762,7.2509,85
1,1058,8.762,7.3603,75
2,1058,8.762,7.2595,87
3,1058,8.762,7.2261,77
0,1059,8.762,7.3737,73
1,1059,8.762,7.2058,82
2,1059,8.762,7.24,75
3,1059,8.762,7.4048,67
0,1060,8.762,7.457,79
1,1060,8.762,7.3147,72
2,1060,8.762,7.1942,77
3,1060,8.762,7.3345,82
0,1061,8.762,7.2961,77
1,1061,8.762,7.2631,73
2,1061,8.762,7.411,73
3,1061,8.762,7.192,69
0,1062,8.762,7.224,76
1,1062,8.762,7.3722,69
2,1062,8.762,7.3461,76
3,1062,8.762,7.3476,80
0,1063,8.762,7.235,78
1,1063,8.762,7.295,72
2,1063,8.762,7.2029,85
3,1063,8.762,7.2349,77
0,1064,8.762,7.3055,67
1,1064,8.762,7.3193,79
2,1064,8.762,7.1889,83
3,1064,8.762,7.388,82
0,1065,8.762,7.3325,78
1,1065,8.762,7.2442,81
2,1065,8.762,7.1472,74
3,1065,8.762,7.1486,81
0,1066,8.762,7.2651,77
1,1066,8.762,7.271,73
2,1066,8.762,7.1879,77
3,1066,8.762,7.3616,76
0,1067,8.762,7.1588,79
1,1067,8.762,7.243,84
2,1067,8.762,7.3012,73
3,1067,8.762,7.1072,67
0,1068,8.762,7.2653,83
1,1068,8.762,7.3272,65
2,1068,8.762,7.4825,65
3,1068,8.762,7.2402,72
0,1069,8.762,7.2318,69
1,1069,8.762,7.1662,82
2,1069,8.762,7.327,72
3,1069,8.762,7.3138,81
0,1070,8.762,7.2333,82
1,1070,8.762,7.2667,81
2,1070,8.762,7.3511,71
3,1070,8.762,7.4195,71
0,1071,8.762,7.4479,72
1,1071,8.762,7.2687,80
2,1071,8.762,7.367,81
3,1071,8.762,7.246,79
0,1072,8.762,7.2596,77
1,1072,8.762,7.1457,80
2,1072,8.762,7.1695,83
3,1072,8.762,7.2755,69
0,1073,8.762,7.2501,75
1,1073,8.762,7.4048,70
2,1073,8.762,7.2328,75
3,1073,8.762,7.264,80
0,1074,8.762,7.1993,85
1,1074,8.762,7.263,74
2,1074,8.762,7.3004,81
3,1074,8.762,7.2604,87
0,1075,8.762,7.1568,80
1,1075,8.762,7.1899,86
2,1075,8.762,7.2712,81
3,1075,8.762,7.2109,75
0,1076,8.762,7.2229,77
1,1076,8.762,7.4037,72
2,1076,8.762,7.3409,78
3,1076,8.762,7.2284,72
0,1077,8.762,7.296,80
1,1077,8.762,7.2767,74
2,1077,8.762,7.178,72
3,1077,8.762,7.2451,77
0,1078,8.762,7.2339,76
1,1078,8.762,7.3684,69
2,1078,8.762,7.159,76
3,1078,8.762,7.3331,78
0,1079,8.762,7.0887,83
1,1079,8.762,7.258,75
2,1079,8.762,7.2696,78
3,1079,8.762,7.2508,77
0,1080,8.762,7.2264,73
1,1080,8.762,7.275,79
2,1080,8.762,7.4132,78
3,1080,8.762,7.1772,75
0,1081,8.762,7.184,73
1,1081,8.762,7.4283,80
2,1081,8.762,7.3364,80
3,1081,8.762,7.3388,66
0,1082,8.762,7.1455,79
1,1082,8.762,7.4395,78
2,1082,8.762,7.2985,82
3,1082,8.762,7.3007,76
0,1083,8.762,7.2528,76
1,1083,8.762,7.3038,78
2,1083,8.762,7.3426,69
3,1083,8.762,7.2637,82
0,1084,8.762,7.3514,80
1,1084,8.762,7.3295,77
2,1084,8.762,7.4942,64
3,1084,8.762,7.1951,81
0,1085,8.762,7.2617,72
1,1085,8.762,7.1627,75
2,1085,8.762,7.4011,83
3,1085,8.762,7.2086,80
0,1086,8.762,7.3656,63
1,1086,8.762,7.3794,71
2,1086,8.762,7.3321,71
3,1086,8.762,7.4172,72
0,1087,8.762,7.3129,85
1,1087,8.762,7.3584,75
2,1087,8.762,7.3045,74
3,1087,8.762,7.3137,71
0,1088,8.762,7.476,77
1,1088,8.762,7.3224,79
2,1088,8.762,7.3122,78
3,1088,8.762,7.2117,72
0,1089,8.762,7.3547,76
1,1089,8.762,7.3778,82
2,1089,8.762,7.2405,80
3,1089,8.762,7.3016,75
0,1090,8.762,7.3688,73
1,1090,8.762,7.3205,68
2,1090,8.762,7.2763,72
3,1090,8.762,7.2541,88
0,1091,8.762,7.4287,65
1,1091,8.762,7.4216,74
2,1091,8.762,7.3551,70
3,1091,8.762,7.2684,70
0,1092,8.762,7.2725,80
1,1092,8.762,7.4185,78
2,1092,8.762,7.1177,69
3,1092,8.762,7.2248,79
0,1093,8.762,7.3128,81
1,1093,8.762,7.4194,77
2,1093,8.762,7.3599,78
3,1093,8.762,7.2034,80
0,1094,8.762,7.1665,85
1,1094,8.762,7.2142,81
2,1094,8.762,7.3052,70
3,1094,8.762,7.1895,80
0,1095,8.762,7.2083,69
1,1095,8.762,7.2149,78
2,1095,8.762,7.3984,63
3,1095,8.762,7.0884,76
0,1096,8.762,7.271,83
1,1096,8.762,7.3607,71
2,1096,8.762,7.1659,83
3,1096,8.762,7.3672,75
0,1097,8.762,7.2839,79
1,1097,8.762,7.391,77
2,1097,8.762,7.2761,82
3,1097,8.762,7.2164,86
0,1098,8.762,7.3231,74
1,1098,8.762,7.4233,77
2,1098,8.762,7.164,87
3,1098,8.762,7.3235,76
0,1099,8.762,7.2729,77
1,1099,8.762,7.3045,76
2,1099,8.762,7.2368,81
3,1099,8.762,7.3206,83
0,1100,8.762,7.3987,81
1,1100,8.762,7.2469,69
2,1100,8.762,7.3768,75
3,1100,8.762,7.2154,75
0,1101,8.762,7.2728,76
1,1101,8.762,7.1771,78
2,1101,8.762,7.2582,79
3,1101,8.762,7.2542,79
0,1102,8.762,7.302,75
1,1102,8.762,7.2318,80
2,1102,8.762,7.2381,72
3,1102,8.762,7.2021,74
0,1103,8.762,7.2141,77
1,1103,8.762,7.0634,86
2,1103,8.762,7.227,86
3,1103,8.762,7.3061,75
0,1104,8.762,7.3779,71
1,1104,8.762,7.3942,75
2,1104,8.762,7.3031,73
3,1104,8.762,7.4494,68
0,1105,8.762,7.2359,83
1,1105,8.762,7.1662,84
2,1105,8.762,7.3423,77
3,1105,8.762,7.3089,75
0,1106,8.762,7.2666,80
1,1106,8.762,7.4424,71
2,1106,8.762,7.2925,82
3,1106,8.762,7.3149,87
0,1107,8.762,7.2999,79
1,1107,8.762,7.2921,83
2,1107,8.762,7.2815,77
3,1107,8.762,7.172,76
0,1108,8.762,7.2927,76
1,1108,8.762,7.1668,86
2,1108,8.762,7.2422,80
3,1108,8.762,7.3459,70
0,1109,8.762,7.39,76
1,1109,8.762,7.2416,89
2,1109,8.762,7.3822,78
3,1109,8.762,7.319,72
0,1110,8.762,7.2954,74
1,1110,8.762,7.2936,74
2,1110,8.762,7.2855,87
3,1110,8.762,7.2389,76
0,1111,8.762,7.122,91
1,1111,8.762,7.3565,70
2,1111,8.762,7.2911,73
3,1111,8.762,7.3112,74
0,1112,8.762,7.2669,84
1,1112,8.762,7.2558,82
2,1112,8.762,7.3647,74
3,1112,8.762,7.2225,73
0,1113,8.762,7.2835,79
1,1113,8.762,7.3326,79
2,1113,8.762,7.166,78
3,1113,8.762,7.41,71
0,1114,8.762,7.2427,69
1,1114,8.762,7.3784,75
2,1114,8.762,7.255,70
3,1114,8.762,7.1032,78
0,1115,8.762,7.2335,81
1,1115,8.762,7.1633,74
2,1115,8.762,7.2032,80
3,1115,8.762,7.3113,74
0,1116,8.762,7.4544,68
1,1116,8.762,7.1588,80
2,1116,8.762,7.2585,78
3,1116,8.762,7.1685,85
0,1117,8.762,7.3724,70
1,1117,8.762,7.286,78
2,1117,8.762,7.2574,76
3,1117,8.762,7.3453,77
0,1118,8.762,7.2667,75
1,1118,8.762,7.178,77
2,1118,8.762,7.2831,65
3,1118,8.762,7.3074,62
0,1119,8.762,7.3156,72
1,1119,8.762,7.4006,78
2,1119,8.762,7.156,76
3,1119,8.762,7.1635,83
0,1120,8.762,7.2904,77
1,1120,8.762,7.383,78
2,1120,8.762,7.4771,74
3,1120,8.762,7.2029,82
0,1121,8.762,7.4279,83
1,1121,8.762,7.2996,82
2,1121,8.762,7.161,72
3,1121,8.762,7.3295,74
0,1122,8.762,7.3438,76
1,1122,8.762,7.2619,81
2,1122,8.762,7.2704,71
3,1122,8.762,7.1324,89
0,1123,8.762,7.2256,73
1,1123,8.762,7.1517,78
2,1123,8.762,7.2287,67
3,1123,8.762,7.2585,78
0,1124,8.762,7.2201,78
1,1124,8.762,7.2974,69
2,1124,8.762,7.2931,80
3,1124,8.762,7.2498,88
0,1125,8.762,7.296,83
1,1125,8.762,7.2969,74
2,1125,8.762,7.1444,81
3,1125,8.762,7.3366,74
0,1126,8.762,7.3494,79
1,1126,8.762,7.2994,79
2,1126,8.762,7.1707,82
3,1126,8.762,7.2928,73
0,1127,8.762,7.3251,76
1,1127,8.762,7.2514,74
2,1127,8.762,7.3909,70
3,1127,8.762,7.2863,76
0,1128,8.762,7.3776,73
1,1128,8.762,7.3135,78
2,1128,8.762,7.5007,80
3,1128,8.762,7.2281,83
0,1129,8.762,7.3484,82
1,1129,8.762,7.3339,74
2,1129,8.762,7.175,75
3,1129,8.762,7.5265,73
0,1130,8.762,7.2151,85
1,1130,8.762,7.2555,71
2,1130,8.762,7.2298,68
3,1130,8.762,7.2729,78
0,1131,8.762,7.2822,76
1,1131,8.762,7.2386,73
2,1131,8.762,7.328,71
3,1131,8.762,7.2649,80
0,1132,8.762,7.2444,78
1,1132,8.762,7.169,83
2,1132,8.762,7.0762,85
3,1132,8.762,7.2638,79
0,1133,8.762,7.1829,74
1,1133,8.762,7.4166,74
2,1133,8.762,7.1189,81
3,1133,8.762,7.3249,78
0,1134,8.762,7.165,77
1,1134,8.762,7.4386,83
2,1134,8.762,7.2159,82
3,1134,8.762,7.1459,79
0,1135,8.762,7.3625,71
1,1135,8.762,7.2742,84
2,1135,8.762,7.2113,68
3,1135,8.762,7.2628,79
0,1136,8.762,7.3158,82
1,1136,8.762,7.3241,79
2,1136,8.762,7.3203,71
3,1136,8.762,7.3045,79
0,1137,8.762,7.2728,71
1,1137,8.762,7.3057,74
2,1137,8.762,7.1641,87
3,1137,8.762,7.2323,74
0,1138,8.762,7.369,72
1,1138,8.762,7.3263,79
2,1138,8.762,7.3172,74
3,1138,8.762,7.3063,74
0,1139,8.762,7.243,87
1,1139,8.762,7.2737,76
2,1139,8.762,7.2359,80
3,1139,8.762,7.4238,62
0,1140,8.762,7.1626,81
1,1140,8.762,7.3696,67
2,1140,8.762,7.2982,75
3,1140,8.762,7.3539,74
0,1141,8.762,7.3029,67
1,1141,8.762,7.2884,79
2,1141,8.762,7.4222,72
3,1141,8.762,7.2845,72
0,1142,8.762,7.3801,81
1,1142,8.762,7.2859,73
2,1142,8.762,7.2908,81
3,1142,8.762,7.2755,75
0,1143,8.762,7.1948,86
1,1143,8.762,7.0766,72
2,1143,8.762,7.3593,70
3,1143,8.762,7.2237,79
0,1144,8.762,7.1689,81
1,1144,8.762,7.3764,78
2,1144,8.762,7.2838,72
3,1144,8.762,7.3455,72
0,1145,8.762,7.1956,86
1,1145,8.762,7.2352,90
2,1145,8.762,7.2888,76
3,1145,8.762,7.1814,79
0,1146,8.762,7.2103,79
1,1146,8.762,7.2813,75
2,1146,8.762,7.3139,71
3,1146,8.762,7.4699,65
0,1147,8.762,7.3299,80
1,1147,8.762,7.3337,72
2,1147,8.762,7.4628,71
3,1147,8.762,7.1541,74
0,1148,8.762,7.1981,88
1,1148,8.762,7.293,76
2,1148,8.762,7.2938,87
3,1148,8.762,7.1495,75
0,1149,8.762,7.3382,64
1,1149,8.762,7.3443,74
2,1149,8.762,7.1607,76
3,1149,8.762,7.2903,76
0,1150,8.762,7.1346,83
1,1150,8.762,7.3551,73
2,1150,8.762,7.3609,69
3,1150,8.762,7.3364,67
0,1151,8.762,7.2443,77
1,1151,8.762,7.1191,83
2,1151,8.762,7.2128,81
3,1151,8.762,7.1196,81
0,1152,8.762,7.1646,71
1,1152,8.762,7.2983,73
2,1152,8.762,7.3085,78
3,1152,8.762,7.3713,80
0,1153,8.762,7.4845,71
1,1153,8.762,7.321,85
2,1153,8.762,7.3479,70
3,1153,8.762,7.1602,88
0,1154,8.762,7.1779,73
1,1154,8.762,7.3061,75
2,1154,8.762,7.1879,78
3,1154,8.762,7.2431,81
0,1155,8.762,7.2372,86
1,1155,8.762,7.4382,67
2,1155,8.762,7.3067,76
3,1155,8.762,7.3823,73
0,1156,8.762,7.257,81
1,1156,8.762,7.2835,84
2,1156,8.762,7.2875,71
3,1156,8.762,7.3485,69
0,1157,8.762,7.2228,74
1,1157,8.762,7.1062,87
2,1157,8.762,7.2987,70
3,1157,8.762,7.0907,88
0,1158,8.762,7.4141,70
1,1158,8.762,7.4749,71
2,1158,8.762,7.3126,78
3,1158,8.762,7.334,81
0,1159,8.762,7.2053,84
1,1159,8.762,7.2485,69
2,1159,8.762,7.1729,81
3,1159,8.762,7.1282,79
0,1160,8.762,7.3408,65
1,1160,8.762,7.3451,71
2,1160,8.762,7.1735,81
3,1160,8.762,7.3824,74
0,1161,8.762,7.2852,83
1,1161,8.762,7.2385,76
2,1161,8.762,7.3823,73
3,1161,8.762,7.2154,79
0,1162,8.762,7.465,64
1,1162,8.762,7.1406,85
2,1162,8.762,7.2645,74
3,1162,8.762,7.3764,65
0,1163,8.762,7.2247,84
1,1163,8.762,7.1942,77
2,1163,8.762,7.4298,80
3,1163,8.762,7.3511,77
0,1164,8.762,7.32,75
1,1164,8.762,7.3293,70
2,1164,8.762,7.1716,78
3,1164,8.762,7.2051,75
0,1165,8.762,7.2936,74
1,1165,8.762,7.2994,80
2,1165,8.762,7.2829,74
3,1165,8.762,7.4118,68
0,1166,8.762,7.2843,78
1,1166,8.762,7.1547,82
2,1166,8.762,7.1678,87
3,1166,8.762,7.2564,86
0,1167,8.762,7.2276,84
1,1167,8.762,7.2885,68
2,1167,8.762,7.2594,85
3,1167,8.762,7.4178,70
0,1168,8.762,7.4398,68
1,1168,8.762,7.276,72
2,1168,8.762,7.2535,81
3,1168,8.762,7.365,73
0,1169,8.762,7.3154,78
1,1169,8.762,7.3738,83
2,1169,8.762,7.3337,77
3,1169,8.762,7.2988,77
0,1170,8.762,7.3114,83
1,1170,8.762,7.3315,80
2,1170,8.762,7.2301,76
3,1170,8.762,7.3203,76
0,1171,8.762,7.2218,87
1,1171,8.762,7.3259,66
2,1171,8.762,7.294,74
3,1171,8.762,7.3095,72
0,1172,8.762,7.138,81
1,1172,8.762,7.3031,70
2,1172,8.762,7.289,76
3,1172,8.762,7.333,71
0,1173,8.762,7.3064,74
1,1173,8.762,7.1666,91
2,1173,8.762,7.1752,82
3,1173,8.762,7.3236,80
0,1174,8.762,7.1163,80
1,1174,8.762,7.4844,60
2,1174,8.762,7.3175,79
3,1174,8.762,7.2112,76
0,1175,8.762,7.5061,78
1,1175,8.762,7.2515,79
2,1175,8.762,7.3164,70
3,1175,8.762,7.178,81
0,1176,8.762,7.254,74
1,1176,8.762,7.2122,78
2,1176,8.762,7.169,81
3,1176,8.762,7.3434,67
0,1177,8.762,7.2502,73
1,1177,8.762,7.0479,84
2,1177,8.762,7.3476,83
3,1177,8.762,7.2943,80
0,1178,8.762,7.175,84
1,1178,8.762,7.2644,78
2,1178,8.762,7.2169,77
3,1178,8.762,7.1974,79
0,1179,8.762,7.3262,80
1,1179,8.762,7.2601,85
2,1179,8.762,7.4132,67
3,1179,8.762,7.1799,88
0,1180,8.762,7.4399,69
1,1180,8.762,7.367,74
2,1180,8.762,7.2307,84
3,1180,8.762,7.4015,80
0,1181,8.762,7.3513,70
1,1181,8.762,7.272,79
2,1181,8.762,7.1756,71
3,1181,8.762,7.3404,74
0,1182,8.762,7.3626,72
1,1182,8.762,7.1513,75
2,1182,8.762,7.4366,71
3,1182,8.762,7.2447,73
0,1183,8.762,7.4169,68
1,1183,8.762,7.2793,83
2,1183,8.762,7.3463,70
3,1183,8.762,7.133,83
0,1184,8.762,7.3016,78
1,1184,8.762,7.4672,78
2,1184,8.762,7.3233,77
3,1184,8.762,7.3194,75
0,1185,8.762,7.2522,84
1,1185,8.762,7.3037,72
2,1185,8.762,7.1481,78
3,1185,8.762,7.1268,73
0,1186,8.762,7.2089,75
1,1186,8.762,7.2403,75
2,1186,8.762,7.2783,75
3,1186,8.762,7.4313,70
0,1187,8.762,7.197,77
1,1187,8.762,7.2615,74
2,1187,8.762,7.2215,75
3,1187,8.762,7.3252,74
0,1188,8.762,7.2889,76
1,1188,8.762,7.2524,78
2,1188,8.762,7.2897,74
3,1188,8.762,7.4081,66
0,1189,8.762,7.3228,73
1,1189,8.762,7.32,75
2,1189,8.762,7.454,65
3,1189,8.762,7.198,77
0,1190,8.762,7.4372,80
1,1190,8.762,7.2723,70
2,1190,8.762,7.2823,73
3,1190,8.762,7.2753,79
0,1191,8.762,7.349,73
1,1191,8.762,7.3149,81
2,1191,8.762,7.0931,85
3,1191,8.762,7.2754,78
0,1192,8.762,7.3764,77
1,1192,8.762,7.349,72
2,1192,8.762,7.4085,77
3,1192,8.762,7.4438,68
0,1193,8.762,7.3037,73
1,1193,8.762,7.2414,76
2,1193,8.762,7.2375,80
3,1193,8.762,7.294,73
0,1194,8.762,7.2523,72
1,1194,8.762,7.2349,79
2,1194,8.762,7.2636,78
3,1194,8.762,7.2813,84
0,1195,8.762,7.2642,87
1,1195,8.762,7.4248,68
2,1195,8.762,7.2739,84
3,1195,8.762,7.2214,85
0,1196,8.762,7.089,83
1,1196,8.762,7.3961,65
2,1196,8.762,7.3175,75
3,1196,8.762,7.2907,76
0,1197,8.762,7.3093,73
1,1197,8.762,7.1927,76
2,1197,8.762,7.3288,68
3,1197,8.762,7.3986,74
0,1198,8.762,7.3662,69
1,1198,8.762,7.2516,70
2,1198,8.762,7.2969,80
3,1198,8.762,7.3537,79
0,1199,8.762,7.3992,73
1,1199,8.762,7.3126,72
2,1199,8.762,7.411,74
3,1199,8.762,7.2637,84
0,1200,8.762,7.2434,85
1,1200,8.762,7.4202,72
2,1200,8.762,7.2543,71
3,1200,8.762,7.3461,76
0,1201,8.762,7.2672,83
1,1201,8.762,7.3632,75
2,1201,8.762,7.2492,86
3,1201,8.762,7.273,84
0,1202,8.762,7.2403,72
1,1202,8.762,7.3297,71
2,1202,8.762,7.2363,70
3,1202,8.762,7.4049,74
0,1203,8.762,7.2229,83
1,1203,8.762,7.2217,78
2,1203,8.762,7.3566,83
3,1203,8.762,7.3155,69
0,1204,8.762,7.2281,75
1,1204,8.762,7.2214,71
2,1204,8.762,7.4218,69
3,1204,8.762,7.194,86
0,1205,8.762,7.3385,74
1,1205,8.762,7.4025,72
2,1205,8.762,7.2942,69
3,1205,8.762,7.133,80
0,1206,8.762,7.2683,76
1,1206,8.762,7.3228,85
2,1206,8.762,7.2634,79
3,1206,8.762,7.164,80
0,1207,8.762,7.3634,70
1,1207,8.762,7.2185,84
2,1207,8.762,7.3408,79
3,1207,8.762,7.1808,81
0,1208,8.762,7.3505,73
1,1208,8.762,7.26,77
2,1208,8.762,7.2,73
3,1208,8.762,7.3993,76
0,1209,8.762,7.3626,72
1,1209,8.762,7.3789,81
2,1209,8.762,7.3001,68
3,1209,8.762,7.3048,75
0,1210,8.762,7.2968,71
1,1210,8.762,7.3214,74
2,1210,8.762,7.3656,78
3,1210,8.762,7.1738,85
0,1211,8.762,7.3873,64
1,1211,8.762,7.2925,71
2,1211,8.762,7.4131,65
3,1211,8.762,7.2981,80
0,1212,8.762,7.1275,86
1,1212,8.762,7.4171,76
2,1212,8.762,7.3459,76
3,1212,8.762,7.1045,76
0,1213,8.762,7.4096,73
1,1213,8.762,7.1962,70
2,1213,8.762,7.1846,77
3,1213,8.762,7.2862,77
0,1214,8.762,7.2112,81
1,1214,8.762,7.475,74
2,1214,8.762,7.3641,69
3,1214,8.762,7.2241,77
0,1215,8.762,7.3274,70
1,1215,8.762,7.3341,75
2,1215,8.762,7.3411,71
3,1215,8.762,7.2655,77
0,1216,8.762,7.3803,76
1,1216,8.762,7.5048,77
2,1216,8.762,7.4047,77
3,1216,8.762,7.2271,78
0,1217,8.762,7.2654,77
1,1217,8.762,7.3388,82
2,1217,8.762,7.1057,77
3,1217,8.762,7.3613,68
0,1218,8.762,7.3344,75
1,1218,8.762,7.3223,72
2,1218,8.762,7.4268,78
3,1218,8.762,7.1036,83
0,1219,8.762,7.2807,70
1,1219,8.762,7.4011,75
2,1219,8.762,7.0178,84
3,1219,8.762,7.1993,91
0,1220,8.762,7.3389,81
1,1220,8.762,7.442,70
2,1220,8.762,7.355,71
3,1220,8.762,7.3727,79
0,1221,8.762,7.3125,72
1,1221,8.762,7.3402,79
2,1221,8.762,7.3902,78
3,1221,8.762,7.2469,74
0,1222,8.762,7.3723,72
1,1222,8.762,7.104,92
2,1222,8.762,7.1996,86
3,1222,8.762,7.3023,75
0,1223,8.762,7.4111,69
1,1223,8.762,7.2923,78
2,1223,8.762,7.2571,77
3,1223,8.762,7.4009,77
0,1224,8.762,7.2927,72
1,1224,8.762,7.3855,74
2,1224,8.762,7.2925,76
3,1224,8.762,7.2183,84
0,1225,8.762,7.2398,86
1,1225,8.762,7.3183,83
2,1225,8.762,7.2559,75
3,1225,8.762,7.2507,81
0,1226,8.762,7.3019,70
1,1226,8.762,7.2012,75
2,1226,8.762,7.2212,84
3,1226,8.762,7.3355,81
0,1227,8.762,7.4774,81
1,1227,8.762,7.248,77
2,1227,8.762,7.2595,74
3,1227,8.762,7.1284,70
0,1228,8.762,7.4219,76
1,1228,8.762,7.274,74
2,1228,8.762,7.2185,80
3,1228,8.762,7.2481,72
0,1229,8.762,7.2616,69
1,1229,8.762,7.2572,75
2,1229,8.762,7.1563,81
3,1229,8.762,7.156,81
0,1230,8.762,7.3571,85
1,1230,8.762,7.3705,65
2,1230,8.762,7.1749,79
3,1230,8.762,7.2315,76
0,1231,8.762,7.2515,83
1,1231,8.762,7.4055,78
2,1231,8.762,7.3159,82
3,1231,8.762,7.287,74
0,1232,8.762,7.2633,73
1,1232,8.762,7.2203,77
2,1232,8.762,7.256,81
3,1232,8.762,7.2131,70
0,1233,8.762,7.2316,91
1,1233,8.762,7.48,62
2,1233,8.762,7.4952,63
3,1233,8.762,7.303,77
0,1234,8.762,7.3157,73
1,1234,8.762,7.3127,75
2,1234,8.762,7.1346,81
3,1234,8.762,7.2235,77
0,1235,8.762,7.3265,71
1,1235,8.762,7.3091,75
2,1235,8.762,7.0907,86
3,1235,8.762,7.2698,81
0,1236,8.762,7.1693,86
1,1236,8.762,7.2684,81
2,1236,8.762,7.3891,76
3,1236,8.762,7.3141,79
0,1237,8.762,7.3381,67
1,1237,8.762,7.3703,71
2,1237,8.762,7.2895,80
3,1237,8.762,7.3841,73
0,1238,8.762,7.304,81
1,1238,8.762,7.2832,79
2,1238,8.762,7.2228,86
3,1238,8.762,7.4027,74
0,1239,8.762,7.5366,69
1,1239,8.762,7.4077,79
2,1239,8.762,7.293,77
3,1239,8.762,7.4167,77
0,1240,8.762,7.2121,77
1,1240,8.762,7.3866,75
2,1240,8.762,7.3671,76
3,1240,8.762,7.2243,83
0,1241,8.762,7.2613,73
1,1241,8.762,7.3424,75
2,1241,8.762,7.2381,75
3,1241,8.762,7.4553,73
0,1242,8.762,7.2825,88
1,1242,8.762,7.2723,79
2,1242,8.762,7.3821,72
3,1242,8.762,7.3301,83
0,1243,8.762,7.3488,66
1,1243,8.762,7.4015,69
2,1243,8.762,7.2469,81
3,1243,8.762,7.4259,70
0,1244,8.762,7.3222,74
1,1244,8.762,7.213,79
2,1244,8.762,7.2372,76
3,1244,8.762,7.3832,76
0,1245,8.762,7.3628,78
1,1245,8.762,7.4142,74
2,1245,8.762,7.2933,74
3,1245,8.762,7.3331,69
0,1246,8.762,7.2893,83
1,1246,8.762,7.2505,72
2,1246,8.762,7.1252,80
3,1246,8.762,7.4029,78
0,1247,8.762,7.1697,84
1,1247,8.762,7.1021,84
2,1247,8.762,7.3319,77
3,1247,8.762,7.3023,79
0,1248,8.762,7.3687,85
1,1248,8.762,7.2995,86
2,1248,8.762,7.2929,78
3,1248,8.762,7.3496,75
0,1249,8.762,7.2811,76
1,1249,8.762,7.2183,76
2,1249,8.762,7.2067,82
3,1249,8.762,7.4576,66
0,1250,8.762,7.3401,78
1,1250,8.762,7.2533,78
2,1250,8.762,7.2095,78
3,1250,8.762,7.2305,68
0,1251,8.762,7.3472,78
1,1251,8.762,7.0793,80
2,1251,8.762,7.2546,80
3,1251,8.762,7.2704,65
0,1252,8.762,7.1922,77
1,1252,8.762,7.2668,72
2,1252,8.762,7.3598,75
3,1252,8.762,7.2288,84
0,1253,8.762,7.1254,80
1,1253,8.762,7.2962,79
2,1253,8.762,7.3331,74
3,1253,8.762,7.2332,79
0,1254,8.762,7.2267,77
1,1254,8.762,7.2343,79
2,1254,8.762,7.1463,85
3,1254,8.762,7.2228,85
0,1255,8.762,7.1948,79
1,1255,8.762,7.2367,78
2,1255,8.762,7.2476,74
3,1255,8.762,7.2304,62
0,1256,8.762,7.3932,72
1,1256,8.762,7.4049,69
2,1256,8.762,7.3477,83
3,1256,8.762,7.2106,89
0,1257,8.762,7.4912,71
1,1257,8.762,7.45,72
2,1257,8.762,7.2877,71
3,1257,8.762,7.305,82
0,1258,8.762,7.2866,73
1,1258,8.762,7.0967,91
2,1258,8.762,7.3088,89
3,1258,8.762,7.2972,79
0,1259,8.762,7.2257,65
1,1259,8.762,7.2566,78
2,1259,8.762,7.196,74
3,1259,8.762,7.2818,78
0,1260,8.762,7.2981,81
1,1260,8.762,7.2992,73
2,1260,8.762,7.3635,75
3,1260,8.762,7.3796,73
0,1261,8.762,7.3312,72
1,1261,8.762,7.367,71
2,1261,8.762,7.2535,87
3,1261,8.762,7.2904,78
0,1262,8.762,7.2458,82
1,1262,8.762,7.1651,75
2,1262,8.762,7.2193,81
3,1262,8.762,7.2431,79
0,1263,8.762,7.2756,77
1,1263,8.762,7.2909,72
2,1263,8.762,7.1609,87
3,1263,8.762,7.2618,74
0,1264,8.762,7.2732,69
1,1264,8.762,7.233,78
2,1264,8.762,7.3182,73
3,1264,8.762,7.2846,71
0,1265,8.762,7.3203,78
1,1265,8.762,7.2346,71
2,1265,8.762,7.4208,78
3,1265,8.762,7.1701,77
0,1266,8.762,7.312,77
1,1266,8.762,7.2804,81
2,1266,8.762,7.4109,72
3,1266,8.762,7.3218,82
0,1267,8.762,7.2503,77
1,1267,8.762,7.2476,84
2,1267,8.762,7.2274,82
3,1267,8.762,7.278,68
0,1268,8.762,7.2611,72
1,1268,8.762,7.3171,73
2,1268,8.762,7.3933,69
3,1268,8.762,7.4549,77
0,1269,8.762,7.2212,74
1,1269,8.762,7.3511,81
2,1269,8.762,7.4652,75
3,1269,8.762,7.4827,65
0,1270,8.762,7.3413,80
1,1270,8.762,7.4247,78
2,1270,8.762,7.1709,81
3,1270,8.762,7.3004,79
0,1271,8.762,7.2667,79
1,1271,8.762,7.0924,81
2,1271,8.762,7.4052,80
3,1271,8.762,7.1155,88
0,1272,8.762,7.4493,68
1,1272,8.762,7.2772,73
2,1272,8.762,7.2227,78
3,1272,8.762,7.2462,77
0,1273,8.762,7.1737,75
1,1273,8.762,7.2602,78
2,1273,8.762,7.1109,86
3,1273,8.762,7.2917,66
0,1274,8.762,7.1335,87
1,1274,8.762,7.304,77
2,1274,8.762,7.2199,76
3,1274,8.762,7.1483,82
0,1275,8.762,7.355,77
1,1275,8.762,7.2461,81
2,1275,8.762,7.1847,84
3,1275,8.762,7.2937,84
0,1276,8.762,7.3641,78
1,1276,8.762,7.4199,69
2,1276,8.762,7.3229,79
3,1276,8.762,7.3749,77
0,1277,8.762,7.1039,84
1,1277,8.762,7.3533,72
2,1277,8.762,7.2369,80
3,1277,8.762,7.3425,66
0,1278,8.762,6.9906,79
1,1278,8.762,7.2661,76
2,1278,8.762,7.3543,77
3,1278,8.762,7.2692,70
0,1279,8.762,7.3253,72
1,1279,8.762,7.3796,79
2,1279,8.762,7.4359,79
3,1279,8.762,7.269,71
0,1280,8.762,7.3139,78
1,1280,8.762,7.2227,74
2,1280,8.762,7.3636,77
3,1280,8.762,7.4687,78
0,1281,8.762,7.3115,78
1,1281,8.762,7.2717,79
2,1281,8.762,7.2559,83
3,1281,8.762,7.1698,91
0,1282,8.762,7.3315,69
1,1282,8.762,7.3414,76
2,1282,8.762,7.0715,83
3,1282,8.762,7.191,76
0,1283,8.762,7.1599,90
1,1283,8.762,7.2983,81
2,1283,8.762,7.4026,70
3,1283,8.762,7.4076,78
0,1284,8.762,7.3135,83
1,1284,8.762,7.1795,83
2,1284,8.762,7.3018,80
3,1284,8.762,7.4481,75
0,1285,8.762,7.4212,70
1,1285,8.762,7.2313,69
2,1285,8.762,7.283,74
3,1285,8.762,7.3392,69
0,1286,8.762,7.2319,72
1,1286,8.762,7.3633,71
2,1286,8.762,7.4372,76
3,1286,8.762,7.2676,75
0,1287,8.762,7.3227,68
1,1287,8.762,7.283,73
2,1287,8.762,7.113,85
3,1287,8.762,7.3657,75
0,1288,8.762,7.3706,68
1,1288,8.762,7.3557,80
2,1288,8.762,7.2848,73
3,1288,8.762,7.1104,84
0,1289,8.762,7.3072,78
1,1289,8.762,7.2607,74
2,1289,8.762,7.1758,70
3,1289,8.762,7.2314,77
0,1290,8.762,7.2641,74
1,1290,8.762,7.2998,82
2,1290,8.762,7.3732,84
3,1290,8.762,7.3322,66
0,1291,8.762,7.2956,82
1,1291,8.762,7.2685,80
2,1291,8.762,7.3266,74
3,1291,8.762,7.2183,72
0,1292,8.762,7.4323,67
1,1292,8.762,7.3154,85
2,1292,8.762,7.3472,82
3,1292,8.762,7.2542,69
0,1293,8.762,7.3704,81
1,1293,8.762,7.2099,74
2,1293,8.762,7.3013,76
3,1293,8.762,7.3318,73
0,1294,8.762,7.2777,79
1,1294,8.762,7.4341,62
2,1294,8.762,7.3345,78
3,1294,8.762,7.3069,72
0,1295,8.762,7.1234,79
1,1295,8.762,7.3068,76
2,1295,8.762,7.3369,73
3,1295,8.762,7.4388,73
0,1296,8.762,7.2426,66
1,1296,8.762,7.2572,74
2,1296,8.762,7.3428,78
3,1296,8.762,7.2371,81
0,1297,8.762,7.4138,75
1,1297,8.762,7.295,75
2,1297,8.762,7.3363,74
3,1297,8.762,7.2844,75
0,1298,8.762,7.2758,74
1,1298,8.762,7.3048,72
2,1298,8.762,7.3093,81
3,1298,8.762,7.1138,80
0,1299,8.762,7.1558,79
1,1299,8.762,7.1851,77
2,1299,8.762,7.4,71
3,1299,8.762,7.2751,73
0,1300,8.762,7.2264,77
1,1300,8.762,7.0904,83
2,1300,8.762,7.2977,80
3,1300,8.762,7.2677,81
0,1301,8.762,7.3094,69
1,1301,8.762,7.3064,81
2,1301,8.762,7.38,77
3,1301,8.762,7.1906,70
0,1302,8.762,7.3201,73
1,1302,8.762,7.3659,73
2,1302,8.762,7.344,77
3,1302,8.762,7.3483,70
0,1303,8.762,7.3545,77
1,1303,8.762,7.2927,76
2,1303,8.762,7.2055,78
3,1303,8.762,7.2965,72
0,1304,8.762,7.1745,71
1,1304,8.762,7.2237,87
2,1304,8.762,7.1874,78
3,1304,8.762,7.2724,74
0,1305,8.762,7.2517,81
1,1305,8.762,7.2274,69
2,1305,8.762,7.2243,83
3,1305,8.762,7.133,86
0,1306,8.762,7.3299,83
1,1306,8.762,7.4112,65
2,1306,8.762,7.2876,74
3,1306,8.762,7.2352,76
0,1307,8.762,7.3783,68
1,1307,8.762,7.3843,77
2,1307,8.762,7.247,83
3,1307,8.762,7.2479,76
0,1308,8.762,7.3146,78
1,1308,8.762,7.3479,77
2,1308,8.762,7.2374,79
3,1308,8.762,7.3513,68
0,1309,8.762,7.1727,77
1,1309,8.762,7.2092,67
2,1309,8.762,7.3105,74
3,1309,8.762,7.0963,88
0,1310,8.762,7.3533,75
1,1310,8.762,7.417,71
2,1310,8.762,7.4558,72
3,1310,8.762,7.376,62
0,1311,8.762,7.366,76
1,1311,8.762,7.4036,69
2,1311,8.762,7.2761,76
3,1311,8.762,7.2662,74
0,1312,8.762,7.1596,77
1,1312,8.762,7.1814,76
2,1312,8.762,7.3877,74
3,1312,8.762,7.3973,72
0,1313,8.762,7.3194,78
1,1313,8.762,7.164,70
2,1313,8.762,7.2745,83
3,1313,8.762,7.2856,71
0,1314,8.762,7.2315,74
1,1314,8.762,7.3187,78
2,1314,8.762,7.2703,79
3,1314,8.762,7.3803,75
0,1315,8.762,7.1306,75
1,1315,8.762,7.3055,70
2,1315,8.762,7.3591,60
3,1315,8.762,7.3071,78
0,1316,8.762,7.4647,74
1,1316,8.762,7.4537,72
2,1316,8.762,7.3942,68
3,1316,8.762,7.1636,82
0,1317,8.762,7.305,81
1,1317,8.762,7.4599,74
2,1317,8.762,7.3325,77
3,1317,8.762,7.2402,75
0,1318,8.762,7.3798,69
1,1318,8.762,7.4272,73
2,1318,8.762,7.3114,84
3,1318,8.762,7.3443,68
0,1319,8.762,7.3635,78
1,1319,8.762,7.2319,76
2,1319,8.762,7.2099,74
3,1319,8.762,7.2658,74
0,1320,8.762,7.5237,70
1,1320,8.762,7.4102,70
2,1320,8.762,7.2468,73
3,1320,8.762,7.2526,72
0,1321,8.762,7.2353,72
1,1321,8.762,7.2459,84
2,1321,8.762,7.3007,84
3,1321,8.762,7.3839,71
0,1322,8.762,7.3764,72
1,1322,8.762,7.4045,76
2,1322,8.762,7.3733,83
3,1322,8.762,7.3561,73
0,1323,8.762,7.2926,75
1,1323,8.762,7.1312,73
2,1323,8.762,7.4179,73
3,1323,8.762,7.1996,74
0,1324,8.762,7.2578,82
1,1324,8.762,7.3311,83
2,1324,8.762,7.4481,70
3,1324,8.762,7.17,78
0,1325,8.762,7.302,69
1,1325,8.762,7.3739,74
2,1325,8.762,7.3257,72
3,1325,8.762,7.4328,71
0,1326,8.762,7.1721,86
1,1326,8.762,7.272,73
2,1326,8.762,7.2808,78
3,1326,8.762,7.3261,79
0,1327,8.762,7.3478,70
1,1327,8.762,7.2347,80
2,1327,8.762,7.2652,77
3,1327,8.762,7.3224,80
0,1328,8.762,7.2136,82
1,1328,8.762,7.4429,77
2,1328,8.762,7.1907,82
3,1328,8.762,7.3132,85
0,1329,8.762,7.301,86
1,1329,8.762,7.2287,75
2,1329,8.762,7.435,74
3,1329,8.762,7.3548,68
0,1330,8.762,7.3201,73
1,1330,8.762,7.1966,72
2,1330,8.762,7.3309,73
3,1330,8.762,7.2488,76
0,1331,8.762,7.26,75
1,1331,8.762,7.3952,76
2,1331,8.762,7.2702,82
3,1331,8.762,7.2826,79
0,1332,8.762,7.1615,80
1,1332,8.762,7.4072,71
2,1332,8.762,7.3327,82
3,1332,8.762,7.3846,72
0,1333,8.762,7.0261,82
1,1333,8.762,7.3192,76
2,1333,8.762,7.2778,80
3,1333,8.762,7.2618,79
0,1334,8.762,7.406,72
1,1334,8.762,7.2364,74
2,1334,8.762,7.1902,75
3,1334,8.762,7.1902,85
0,1335,8.762,7.2746,76
1,1335,8.762,7.2322,76
2,1335,8.762,7.1253,81
3,1335,8.762,7.1007,91
0,1336,8.762,7.408,71
1,1336,8.762,7.1962,82
2,1336,8.762,7.4107,74
3,1336,8.762,7.2548,79
0,1337,8.762,7.3021,79
1,1337,8.762,7.378,80
2,1337,8.762,7.3817,75
3,1337,8.762,7.456,64
0,1338,8.762,7.2056,78
1,1338,8.762,7.2517,82
2,1338,8.762,7.4796,67
3,1338,8.762,7.3933,78
0,1339,8.762,7.2744,78
1,1339,8.762,7.3595,79
2,1339,8.762,7.2739,75
3,1339,8.762,7.4174,76
0,1340,8.762,7.2475,77
1,1340,8.762,7.3688,78
2,1340,8.762,7.2287,77
3,1340,8.762,7.5075,70
0,1341,8.762,7.2417,80
1,1341,8.762,7.1476,80
2,1341,8.762,7.2804,81
3,1341,8.762,7.4084,75
0,1342,8.762,7.3475,76
1,1342,8.762,7.3751,77
2,1342,8.762,7.1917,74
3,1342,8.762,7.2699,78
0,1343,8.762,7.2202,69
1,1343,8.762,7.141,86
2,1343,8.762,7.3721,77
3,1343,8.762,7.1051,78
0,1344,8.762,7.1267,78
1,1344,8.762,7.3545,74
2,1344,8.762,7.2918,71
3,1344,8.762,7.3255,77
0,1345,8.762,7.2031,83
1,1345,8.762,7.3615,71
2,1345,8.762,7.3669,69
3,1345,8.762,7.3247,72
0,1346,8.762,7.2547,82
1,1346,8.762,7.4445,75
2,1346,8.762,7.362,72
3,1346,8.762,7.1837,84
0,1347,8.762,7.1061,84
1,1347,8.762,7.2812,81
2,1347,8.762,7.2828,75
3,1347,8.762,7.287,79
0,1348,8.762,7.4772,73
1,1348,8.762,7.3031,75
2,1348,8.762,7.3924,71
3,1348,8.762,7.3345,68
0,1349,8.762,7.3141,70
1,1349,8.762,7.3045,73
2,1349,8.762,7.2514,77
3,1349,8.762,7.3356,73
0,1350,8.762,7.4741,69
1,1350,8.762,7.1181,80
2,1350,8.762,7.2486,81
3,1350,8.762,7.2551,78
0,1351,8.762,7.2993,77
1,1351,8.762,7.4174,74
2,1351,8.762,7.3723,73
3,1351,8.762,7.2924,73
0,1352,8.762,7.4704,70
1,1352,8.762,7.3151,80
2,1352,8.762,7.0684,83
3,1352,8.762,7.2574,84
0,1353,8.762,7.3081,73
1,1353,8.762,7.3308,78
2,1353,8.762,7.3218,69
3,1353,8.762,7.2179,78
0,1354,8.762,7.3162,78
1,1354,8.762,7.2197,71
2,1354,8.762,7.3929,69
3,1354,8.762,7.2918,77
0,1355,8.762,7.2927,82
1,1355,8.762,7.5086,70
2,1355,8.762,7.2663,83
3,1355,8.762,7.1923,80
0,1356,8.762,7.1943,85
1,1356,8.762,7.3608,79
2,1356,8.762,7.3232,78
3,1356,8.762,7.355,76
0,1357,8.762,7.2907,69
1,1357,8.762,7.1249,83
2,1357,8.762,7.1754,82
3,1357,8.762,7.2312,82
0,1358,8.762,7.3564,72
1,1358,8.762,7.0944,86
2,1358,8.762,7.2987,67
3,1358,8.762,7.312,77
0,1359,8.762,7.4499,78
1,1359,8.762,7.3794,80
2,1359,8.762,7.1034,81
3,1359,8.762,7.2159,81
0,1360,8.762,7.1622,78
1,1360,8.762,7.4209,72
2,1360,8.762,7.1805,76
3,1360,8.762,7.378,74
0,1361,8.762,7.4659,69
1,1361,8.762,7.3028,77
2,1361,8.762,7.4359,66
3,1361,8.762,7.2225,78
0,1362,8.762,7.218,77
1,1362,8.762,7.2728,78
2,1362,8.762,7.2974,76
3,1362,8.762,7.3788,68
0,1363,8.762,7.3228,83
1,1363,8.762,7.2876,75
2,1363,8.762,7.3081,76
3,1363,8.762,7.2137,76
0,1364,8.762,7.3439,75
1,1364,8.762,7.1996,82
2,1364,8.762,6.9723,86
3,1364,8.762,7.3835,71
0,1365,8.762,7.34,68
1,1365,8.762,7.2828,75
2,1365,8.762,7.3306,83
3,1365,8.762,7.2986,62
0,1366,8.762,7.3278,75
1,1366,8.762,7.2155,82
2,1366,8.762,7.3577,71
3,1366,8.762,7.1831,74
0,1367,8.762,7.35,74
1,1367,8.762,7.1902,72
2,1367,8.762,7.3503,72
3,1367,8.762,7.2975,82
0,1368,8.762,7.2468,75
1,1368,8.762,7.3057,72
2,1368,8.762,7.3176,71
3,1368,8.762,7.3364,72
0,1369,8.762,7.1778,70
1,1369,8.762,7.3685,77
2,1369,8.762,7.2945,74
3,1369,8.762,7.1423,78
0,1370,8.762,7.2547,80
1,1370,8.762,7.2158,80
2,1370,8.762,7.2013,79
3,1370,8.762,7.13,79
0,1371,8.762,7.1932,79
1,1371,8.762,7.2895,78
2,1371,8.762,7.3051,74
3,1371,8.762,7.2509,77
0,1372,8.762,7.2593,69
1,1372,8.762,7.4041,78
2,1372,8.762,7.0961,82
3,1372,8.762,7.4552,73
0,1373,8.762,7.1893,81
1,1373,8.762,7.2532,80
2,1373,8.762,7.3107,70
3,1373,8.762,7.352,69
0,1374,8.762,7.3427,78
1,1374,8.762,7.1359,78
2,1374,8.762,7.2105,79
3,1374,8.762,7.214,74
0,1375,8.762,7.3097,76
1,1375,8.762,7.297,73
2,1375,8.762,7.3639,68
3,1375,8.762,7.1344,80
0,1376,8.762,7.1625,78
1,1376,8.762,7.3413,71
2,1376,8.762,7.2213,85
3,1376,8.762,7.2025,77
0,1377,8.762,7.3632,79
1,1377,8.762,7.3152,74
2,1377,8.762,7.2123,74
3,1377,8.762,7.1972,92
0,1378,8.762,7.3102,77
1,1378,8.762,7.1523,72
2,1378,8.762,7.6128,61
3,1378,8.762,7.4131,71
0,1379,8.762,7.3294,71
1,1379,8.762,7.2309,76
2,1379,8.762,7.4037,77
3,1379,8.762,7.4464,77
0,1380,8.762,7.3871,66
1,1380,8.762,7.2982,72
2,1380,8.762,7.3221,76
3,1380,8.762,7.4036,64
0,1381,8.762,7.2167,89
1,1381,8.762,7.4602,72
2,1381,8.762,7.3034,74
3,1381,8.762,7.2619,79
0,1382,8.762,7.2742,74
1,1382,8.762,7.3608,78
2,1382,8.762,7.208,86
3,1382,8.762,7.2992,77
0,1383,8.762,7.2011,71
1,1383,8.762,7.2415,90
2,1383,8.762,7.3493,76
3,1383,8.762,7.5561,67
0,1384,8.762,7.3172,74
1,1384,8.762,7.2799,76
2,1384,8.762,7.2761,85
3,1384,8.762,7.3537,75
0,1385,8.762,7.1545,81
1,1385,8.762,7.3159,81
2,1385,8.762,7.3532,68
3,1385,8.762,7.297,81
0,1386,8.762,7.2916,66
1,1386,8.762,7.0955,76
2,1386,8.762,7.2836,80
3,1386,8.762,7.216,85
0,1387,8.762,7.4783,73
1,1387,8.762,7.3726,66
2,1387,8.762,7.2014,79
3,1387,8.762,7.1249,81
0,1388,8.762,7.3696,70
1,1388,8.762,7.146,83
2,1388,8.762,7.2627,73
3,1388,8.762,7.502,70
0,1389,8.762,7.2498,76
1,1389,8.762,7.2538,71
2,1389,8.762,7.252,77
3,1389,8.762,7.447,69
0,1390,8.762,7.3242,69
1,1390,8.762,7.2953,83
2,1390,8.762,7.2977,78
3,1390,8.762,7.2954,83
0,1391,8.762,7.3072,78
1,1391,8.762,7.2942,80
2,1391,8.762,7.2964,77
3,1391,8.762,7.3277,73
0,1392,8.762,7.3122,71
1,1392,8.762,7.1392,91
2,1392,8.762,7.0536,80
3,1392,8.762,7.1911,77
0,1393,8.762,7.2958,77
1,1393,8.762,7.2162,85
2,1393,8.762,7.2123,75
3,1393,8.762,7.2045,81
0,1394,8.762,7.2198,73
1,1394,8.762,7.3143,81
2,1394,8.762,7.0887,90
3,1394,8.762,7.2466,82
0,1395,8.762,7.2705,80
1,1395,8.762,7.2341,84
2,1395,8.762,7.5203,69
3,1395,8.762,7.2185,76
0,1396,8.762,7.2074,80
1,1396,8.762,7.0729,82
2,1396,8.762,7.2541,69
3,1396,8.762,7.4053,68
0,1397,8.762,7.3105,81
1,1397,8.762,7.1702,81
2,1397,8.762,7.2081,85
3,1397,8.762,7.2516,78
0,1398,8.762,7.2664,70
1,1398,8.762,7.2161,79
2,1398,8.762,7.3217,76
3,1398,8.762,7.2125,72
0,1399,8.762,7.16,82
1,1399,8.762,7.2673,69
2,1399,8.762,7.3332,77
3,1399,8.762,7.1598,76
0,1400,8.762,7.338,71
1,1400,8.762,7.1775,88
2,1400,8.762,7.4265,74
3,1400,8.762,7.1754,77
0,1401,8.762,7.3373,78
1,1401,8.762,7.1817,87
2,1401,8.762,7.1462,76
3,1401,8.762,7.1389,72
0,1402,8.762,7.3508,71
1,1402,8.762,7.3522,82
2,1402,8.762,7.3329,77
3,1402,8.762,7.3188,79
0,1403,8.762,7.5539,66
1,1403,8.762,7.2681,86
2,1403,8.762,7.3832,89
3,1403,8.762,7.2697,74
0,1404,8.762,7.2828,73
1,1404,8.762,7.2411,76
2,1404,8.762,7.258,79
3,1404,8.762,7.2425,74
0,1405,8.762,7.29,80
1,1405,8.762,7.2503,82
2,1405,8.762,7.1072,89
3,1405,8.762,7.2915,66
0,1406,8.762,7.3905,82
1,1406,8.762,7.2799,76
2,1406,8.762,7.2906,86
3,1406,8.762,7.1443,90
0,1407,8.762,7.3335,76
1,1407,8.762,7.3434,73
2,1407,8.762,7.4721,71
3,1407,8.762,7.1927,79
0,1408,8.762,7.3999,74
1,1408,8.762,7.3545,79
2,1408,8.762,7.2916,74
3,1408,8.762,7.0796,84
0,1409,8.762,7.0802,90
1,1409,8.762,7.285,81
2,1409,8.762,7.3482,69
3,1409,8.762,7.334,68
0,1410,8.762,7.2977,69
1,1410,8.762,7.37,71
2,1410,8.762,7.2932,82
3,1410,8.762,7.3244,81
0,1411,8.762,7.2202,67
1,1411,8.762,7.3758,77
2,1411,8.762,7.3168,76
3,1411,8.762,7.2635,77
0,1412,8.762,7.322,75
1,1412,8.762,7.3499,71
2,1412,8.762,7.3014,72
3,1412,8.762,7.3681,81
0,1413,8.762,7.2527,74
1,1413,8.762,7.2207,67
2,1413,8.762,7.3054,79
3,1413,8.762,7.3956,70
0,1414,8.762,7.1706,72
1,1414,8.762,7.2508,77
2,1414,8.762,7.2436,77
3,1414,8.762,7.2273,74
0,1415,8.762,7.4097,85
1,1415,8.762,7.5241,72
2,1415,8.762,7.3064,80
3,1415,8.762,7.3871,83
0,1416,8.762,7.3283,69
1,1416,8.762,7.184,79
2,1416,8.762,7.3809,73
3,1416,8.762,7.2904,80
0,1417,8.762,7.2353,70
1,1417,8.762,7.367,77
2,1417,8.762,7.2161,81
3,1417,8.762,7.2771,74
0,1418,8.762,7.3116,77
1,1418,8.762,7.3147,73
2,1418,8.762,7.2339,83
3,1418,8.762,7.1627,79
0,1419,8.762,7.3439,73
1,1419,8.762,7.3099,83
2,1419,8.762,7.2954,76
3,1419,8.762,7.0932,88
0,1420,8.762,7.2336,74
1,1420,8.762,7.3724,65
2,1420,8.762,7.2836,67
3,1420,8.762,7.3798,74
0,1421,8.762,7.2105,84
1,1421,8.762,7.3721,70
2,1421,8.762,7.2458,83
3,1421,8.762,7.3104,75
0,1422,8.762,7.2746,71
1,1422,8.762,7.1841,82
2,1422,8.762,7.3334,72
3,1422,8.762,7.3729,69
0,1423,8.762,7.33,79
1,1423,8.762,7.4061,73
2,1423,8.762,7.4289,65
3,1423,8.762,7.4145,76
0,1424,8.762,7.2834,78
1,1424,8.762,7.2256,77
2,1424,8.762,7.4585,78
3,1424,8.762,7.2749,80
0,1425,8.762,7.3152,74
1,1425,8.762,7.3815,70
2,1425,8.762,7.143,84
3,1425,8.762,7.415,68
0,1426,8.762,7.1905,75
1,1426,8.762,7.1673,93
2,1426,8.762,7.3033,80
3,1426,8.762,7.2097,70
0,1427,8.762,7.3055,78
1,1427,8.762,7.2993,79
2,1427,8.762,7.2662,76
3,1427,8.762,7.2016,77
0,1428,8.762,7.3998,82
1,1428,8.762,7.3542,69
2,1428,8.762,7.2786,75
3,1428,8.762,7.1293,89
0,1429,8.762,7.3129,78
1,1429,8.762,7.2088,68
2,1429,8.762,7.3316,68
3,1429,8.762,7.1838,81
0,1430,8.762,7.3381,70
1,1430,8.762,7.3643,74
2,1430,8.762,7.4347,69
3,1430,8.762,7.3319,76
0,1431,8.762,7.2129,80
1,1431,8.762,7.2205,71
2,1431,8.762,7.2382,84
3,1431,8.762,7.2913,73
0,1432,8.762,7.2937,83
1,1432,8.762,7.3438,76
2,1432,8.762,7.2937,85
3,1432,8.762,7.3683,69
0,1433,8.762,7.0932,80
1,1433,8.762,7.315,76
2,1433,8.762,7.2073,85
3,1433,8.762,7.1001,84
0,1434,8.762,7.2874,77
1,1434,8.762,7.1981,73
2,1434,8.762,7.2471,70
3,1434,8.762,7.3905,70
0,1435,8.762,7.1903,79
1,1435,8.762,7.1787,81
2,1435,8.762,7.2439,75
3,1435,8.762,7.1555,69
0,1436,8.762,7.3883,62
1,1436,8.762,7.3045,81
2,1436,8.762,7.491,68
3,1436,8.762,7.2611,76
0,1437,8.762,7.509,70
1,1437,8.762,7.1308,80
2,1437,8.762,7.201,79
3,1437,8.762,7.2974,77
0,1438,8.762,7.4661,80
1,1438,8.762,7.1763,74
2,1438,8.762,7.178,78
3,1438,8.762,7.2967,80
0,1439,8.762,7.4295,77
1,1439,8.762,7.2521,77
2,1439,8.762,7.4826,78
3,1439,8.762,7.196,76
0,1440,8.762,7.3902,73
1,1440,8.762,7.2399,76
2,1440,8.762,7.4106,73
3,1440,8.762,7.3215,70
0,1441,8.762,7.3733,71
1,1441,8.762,7.2959,76
2,1441,8.762,7.1683,74
3,1441,8.762,7.2941,78
0,1442,8.762,7.3855,72
1,1442,8.762,7.2575,72
2,1442,8.762,7.2749,77
3,1442,8.762,7.1095,82
0,1443,8.762,7.3192,70
1,1443,8.762,7.2842,81
2,1443,8.762,7.2363,77
3,1443,8.762,7.3369,85
0,1444,8.762,7.3173,75
1,1444,8.762,7.2623,78
2,1444,8.762,7.4213,65
3,1444,8.762,7.2463,84
0,1445,8.762,7.3558,75
1,1445,8.762,7.3303,76
2,1445,8.762,7.4306,74
3,1445,8.762,7.2933,66
0,1446,8.762,7.2499,85
1,1446,8.762,7.2306,84
2,1446,8.762,7.3969,74
3,1446,8.762,7.3443,70
0,1447,8.762,7.1629,82
1,1447,8.762,7.2754,76
2,1447,8.762,7.2958,73
3,1447,8.762,7.1351,87
0,1448,8.762,7.2081,84
1,1448,8.762,7.1944,79
2,1448,8.762,7.2947,75
3,1448,8.762,7.2852,75
0,1449,8.762,7.286,86
1,1449,8.762,7.4019,67
2,1449,8.762,7.4221,72
3,1449,8.762,7.0993,89
0,1450,8.762,7.43,75
1,1450,8.762,7.2777,83
2,1450,8.762,7.2883,80
3,1450,8.762,7.2882,72
0,1451,8.762,7.2833,72
1,1451,8.762,7.2844,83
2,1451,8.762,7.3566,68
3,1451,8.762,7.2954,85
0,1452,8.762,7.3198,74
1,1452,8.762,7.2612,73
2,1452,8.762,7.1663,79
3,1452,8.762,7.314,76
0,1453,8.762,7.2166,76
1,1453,8.762,7.2652,81
2,1453,8.762,7.3135,82
3,1453,8.762,7.1503,86
0,1454,8.762,7.2122,81
1,1454,8.762,7.3903,62
2,1454,8.762,7.2741,87
3,1454,8.762,7.1987,82
0,1455,8.762,7.4003,66
1,1455,8.762,7.203,70
2,1455,8.762,7.3755,76
3,1455,8.762,7.2734,81
0,1456,8.762,7.2712,78
1,1456,8.762,7.2831,73
2,1456,8.762,7.27,81
3,1456,8.762,7.1799,82
0,1457,8.762,7.3515,69
1,1457,8.762,7.3212,80
2,1457,8.762,7.1754,77
3,1457,8.762,7.3376,73
0,1458,8.762,7.3846,60
1,1458,8.762,7.2941,78
2,1458,8.762,7.1602,73
3,1458,8.762,7.3254,70
0,1459,8.762,7.3859,76
1,1459,8.762,7.2824,74
2,1459,8.762,7.224,86
3,1459,8.762,7.2989,73
0,1460,8.762,7.2268,75
1,1460,8.762,7.3783,66
2,1460,8.762,7.4634,70
3,1460,8.762,7.327,72
0,1461,8.762,7.2422,72
1,1461,8.762,6.9838,90
2,1461,8.762,7.3021,70
3,1461,8.762,7.1901,80
0,1462,8.762,7.1337,72
1,1462,8.762,7.3395,74
2,1462,8.762,7.3421,73
3,1462,8.762,7.3623,81
0,1463,8.762,7.3644,77
1,1463,8.762,7.3001,77
2,1463,8.762,7.2323,76
3,1463,8.762,7.2259,85
0,1464,8.762,7.2255,78
1,1464,8.762,7.1678,77
2,1464,8.762,7.2376,79
3,1464,8.762,7.2018,73
0,1465,8.762,7.3404,72
1,1465,8.762,7.3566,76
2,1465,8.762,7.431,66
3,1465,8.762,7.2941,81
0,1466,8.762,7.2802,76
1,1466,8.762,7.2814,85
2,1466,8.762,7.23,85
3,1466,8.762,7.2663,83
0,1467,8.762,7.1808,81
1,1467,8.762,7.2705,76
2,1467,8.762,7.1775,75
3,1467,8.762,7.227,81
0,1468,8.762,7.1495,78
1,1468,8.762,7.2756,82
2,1468,8.762,7.2451,79
3,1468,8.762,7.2612,77
0,1469,8.762,7.2917,79
1,1469,8.762,7.2034,77
2,1469,8.762,7.3434,75
3,1469,8.762,7.4265,73
0,1470,8.762,7.3618,76
1,1470,8.762,7.3244,79
2,1470,8.762,7.4567,73
3,1470,8.762,7.3459,66
0,1471,8.762,7.2556,70
1,1471,8.762,7.2685,79
2,1471,8.762,7.3479,72
3,1471,8.762,7.2404,79
0,1472,8.762,7.2756,81
1,1472,8.762,7.0996,84
2,1472,8.762,7.3178,75
3,1472,8.762,7.3054,85
0,1473,8.762,7.2108,81
1,1473,8.762,7.3087,73
2,1473,8.762,7.2158,73
3,1473,8.762,7.2869,78
0,1474,8.762,7.2941,70
1,1474,8.762,7.0847,86
2,1474,8.762,7.3068,75
3,1474,8.762,7.3387,70
0,1475,8.762,7.123,83
1,1475,8.762,7.2811,86
2,1475,8.762,7.3242,70
3,1475,8.762,7.1676,86
0,1476,8.762,7.337,75
1,1476,8.762,7.2562,74
2,1476,8.762,7.1715,76
3,1476,8.762,7.169,71
0,1477,8.762,7.2636,74
1,1477,8.762,7.3166,77
2,1477,8.762,7.2455,73
3,1477,8.762,7.4239,72
0,1478,8.762,7.2985,72
1,1478,8.762,7.2707,81
2,1478,8.762,7.207,88
3,1478,8.762,7.2664,76
0,1479,8.762,7.1836,83
1,1479,8.762,7.4858,66
2,1479,8.762,7.3259,73
3,1479,8.762,7.2424,72
0,1480,8.762,7.2847,74
1,1480,8.762,7.2472,77
2,1480,8.762,7.2882,80
3,1480,8.762,7.1416,75
0,1481,8.762,7.424,64
1,1481,8.762,7.3726,64
2,1481,8.762,7.4018,74
3,1481,8.762,7.3308,67
0,1482,8.762,7.1849,93
1,1482,8.762,7.2429,66
2,1482,8.762,7.224,81
3,1482,8.762,7.3232,71
0,1483,8.762,7.3399,71
1,1483,8.762,7.337,78
2,1483,8.762,7.3315,72
3,1483,8.762,7.3325,75
0,1484,8.762,7.268,75
1,1484,8.762,7.2507,83
2,1484,8.762,7.3579,72
3,1484,8.762,7.1505,88
0,1485,8.762,7.3408,67
1,1485,8.762,7.3555,77
2,1485,8.762,7.2958,78
3,1485,8.762,7.2803,87
0,1486,8.762,7.3342,78
1,1486,8.762,7.2783,81
2,1486,8.762,7.3433,79
3,1486,8.762,7.2954,77
0,1487,8.762,7.2473,73
1,1487,8.762,7.4508,71
2,1487,8.762,7.2746,87
3,1487,8.762,7.2687,80
0,1488,8.762,7.2262,84
1,1488,8.762,7.3029,71
2,1488,8.762,7.3921,76
3,1488,8.762,7.3241,80
0,1489,8.762,7.3454,81
1,1489,8.762,7.2018,78
2,1489,8.762,7.309,72
3,1489,8.762,7.3773,78
0,1490,8.762,7.1821,85
1,1490,8.762,7.2722,72
2,1490,8.762,7.2798,77
3,1490,8.762,7.3669,71
0,1491,8.762,7.1659,78
1,1491,8.762,7.3084,80
2,1491,8.762,7.37,74
3,1491,8.762,7.2363,88
0,1492,8.762,7.2905,71
1,1492,8.762,7.2781,80
2,1492,8.762,7.3756,70
3,1492,8.762,7.3716,76
0,1493,8.762,7.1861,78
1,1493,8.762,7.4032,70
2,1493,8.762,7.2308,77
3,1493,8.762,7.2483,81
0,1494,8.762,7.3136,78
1,1494,8.762,7.261,76
2,1494,8.762,7.466,73
3,1494,8.762,7.3394,72
0,1495,8.762,7.1418,76
1,1495,8.762,7.2768,72
2,1495,8.762,7.3203,69
3,1495,8.762,7.2998,72
0,1496,8.762,7.2621,73
1,1496,8.762,7.2977,72
2,1496,8.762,7.1809,80
3,1496,8.762,7.3658,72
0,1497,8.762,7.2857,85
1,1497,8.762,7.2566,81
2,1497,8.762,7.3065,78
3,1497,8.762,7.1982,84
0,1498,8.762,7.4314,73
1,1498,8.762,7.3211,72
2,1498,8.762,7.2889,71
3,1498,8.762,7.3576,83
0,1499,8.762,7.3072,80
1,1499,8.762,7.1867,78
2,1499,8.762,7.2477,81
3,1499,8.762,7.1933,79
0,1500,8.762,7.26,80
1,1500,8.762,7.3669,70
2,1500,8.762,7.2344,78
3,1500,8.762,7.4009,78
0,1501,8.762,7.3543,78
1,1501,8.762,7.2523,83
2,1501,8.762,7.2737,75
3,1501,8.762,7.3477,73
0,1502,8.762,7.2669,76
1,1502,8.762,7.0432,84
2,1502,8.762,7.2497,80
3,1502,8.762,7.1261,73
0,1503,8.762,7.3034,72
1,1503,8.762,7.372,71
2,1503,8.762,7.3426,74
3,1503,8.762,7.082,88
0,1504,8.762,7.4136,69
1,1504,8.762,7.3323,71
2,1504,8.762,7.2607,75
3,1504,8.762,7.451,65
0,1505,8.762,7.3257,77
1,1505,8.762,7.1724,72
2,1505,8.762,7.2313,81
3,1505,8.762,7.3794,86
0,1506,8.762,7.2631,75
1,1506,8.762,7.2243,76
2,1506,8.762,7.3361,72
3,1506,8.762,7.4506,72
0,1507,8.762,7.2978,75
1,1507,8.762,7.2732,73
2,1507,8.762,7.2555,73
3,1507,8.762,7.3392,71
0,1508,8.762,7.3722,71
1,1508,8.762,7.3239,82
2,1508,8.762,7.1879,80
3,1508,8.762,7.2394,73
0,1509,8.762,7.3636,72
1,1509,8.762,7.4195,78
2,1509,8.762,7.3321,78
3,1509,8.762,7.2531,85
0,1510,8.762,7.3014,79
1,1510,8.762,7.3607,72
2,1510,8.762,7.1639,70
3,1510,8.762,7.1955,84
0,1511,8.762,7.3364,67
1,1511,8.762,7.2946,82
2,1511,8.762,7.2306,76
3,1511,8.762,7.2255,83
0,1512,8.762,7.2054,81
1,1512,8.762,7.285,79
2,1512,8.762,7.2282,83
3,1512,8.762,7.3287,71
0,1513,8.762,7.2548,72
1,1513,8.762,7.0825,83
2,1513,8.762,7.3221,67
3,1513,8.762,7.4565,73
0,1514,8.762,7.4236,70
1,1514,8.762,7.2237,73
2,1514,8.762,7.3158,80
3,1514,8.762,7.3999,78
0,1515,8.762,7.1697,78
1,1515,8.762,7.2887,81
2,1515,8.762,7.111,75
3,1515,8.762,7.1986,79
0,1516,8.762,7.3351,75
1,1516,8.762,7.3242,78
2,1516,8.762,7.2065,74
3,1516,8.762,7.2932,78
0,1517,8.762,7.1368,78
1,1517,8.762,7.2271,81
2,1517,8.762,7.2845,80
3,1517,8.762,7.2886,74
0,1518,8.762,7.3823,76
1,1518,8.762,7.2088,86
2,1518,8.762,7.1338,74
3,1518,8.762,7.2855,75
0,1519,8.762,7.3401,80
1,1519,8.762,7.3876,80
2,1519,8.762,7.2956,75
3,1519,8.762,7.3399,76
0,1520,8.762,7.1529,72
1,1520,8.762,7.2449,82
2,1520,8.762,7.3124,82
3,1520,8.762,7.2705,89
0,1521,8.762,7.1077,71
1,1521,8.762,7.2432,77
2,1521,8.762,7.3413,67
3,1521,8.762,7.3986,74
0,1522,8.762,7.3598,72
1,1522,8.762,7.3049,78
2,1522,8.762,7.4077,74
3,1522,8.762,7.3243,75
0,1523,8.762,7.3091,75
1,1523,8.762,7.3283,76
2,1523,8.762,7.3629,71
3,1523,8.762,7.2771,75
0,1524,8.762,7.1451,81
1,1524,8.762,7.2451,74
2,1524,8.762,7.29,71
3,1524,8.762,7.3068,79
0,1525,8.762,7.1601,89
1,1525,8.762,7.1983,81
2,1525,8.762,7.3384,71
3,1525,8.762,7.3469,75
0,1526,8.762,7.2599,73
1,1526,8.762,7.1613,79
2,1526,8.762,7.2554,77
3,1526,8.762,7.2461,76
0,1527,8.762,7.2391,84
1,1527,8.762,7.2511,75
2,1527,8.762,7.2462,85
3,1527,8.762,7.2734,81
0,1528,8.762,7.3757,78
1,1528,8.762,7.3923,72
2,1528,8.762,7.1769,81
3,1528,8.762,7.1516,79
0,1529,8.762,7.3374,66
1,1529,8.762,7.3878,78
2,1529,8.762,7.3645,80
3,1529,8.762,7.3528,83
0,1530,8.762,7.2656,82
1,1530,8.762,7.2519,76
2,1530,8.762,7.2853,64
3,1530,8.762,7.3572,81
0,1531,8.762,7.1927,69
1,1531,8.762,7.2943,74
2,1531,8.762,7.3221,80
3,1531,8.762,7.2615,75
0,1532,8.762,7.3952,79
1,1532,8.762,7.2171,82
2,1532,8.762,7.2267,76
3,1532,8.762,7.2196,85
0,1533,8.762,7.4516,69
1,1533,8.762,7.2744,84
2,1533,8.762,7.2319,79
3,1533,8.762,7.1546,77
0,1534,8.762,7.4137,76
1,1534,8.762,7.2053,83
2,1534,8.762,7.3493,66
3,1534,8.762,7.2949,75
0,1535,8.762,7.1925,87
1,1535,8.762,7.2512,74
2,1535,8.762,7.2304,82
3,1535,8.762,7.3732,79
0,1536,8.762,7.2936,81
1,1536,8.762,7.2441,70
2,1536,8.762,7.228,82
3,1536,8.762,7.2623,73
0,1537,8.762,7.3377,71
1,1537,8.762,7.1657,81
2,1537,8.762,7.4253,74
3,1537,8.762,7.183,75
0,1538,8.762,7.2804,76
1,1538,8.762,7.3784,81
2,1538,8.762,7.1201,85
3,1538,8.762,7.0597,76
0,1539,8.762,7.185,81
1,1539,8.762,7.3234,82
2,1539,8.762,7.1867,83
3,1539,8.762,7.3328,63
0,1540,8.762,7.2959,76
1,1540,8.762,7.4101,80
2,1540,8.762,7.3794,77
3,1540,8.762,7.0422,92
0,1541,8.762,7.4617,75
1,1541,8.762,7.2082,83
2,1541,8.762,7.4304,70
3,1541,8.762,7.4681,72
0,1542,8.762,7.3361,68
1,1542,8.762,7.3591,74
2,1542,8.762,7.3207,78
3,1542,8.762,7.2782,87
0,1543,8.762,7.1032,78
1,1543,8.762,7.232,86
2,1543,8.762,7.1689,87
3,1543,8.762,7.1047,85
0,1544,8.762,7.2783,85
1,1544,8.762,7.0627,82
2,1544,8.762,7.2297,74
3,1544,8.762,7.2221,72
0,1545,8.762,7.1802,76
1,1545,8.762,7.3469,68
2,1545,8.762,7.2289,82
3,1545,8.762,7.4497,73
0,1546,8.762,7.3396,69
1,1546,8.762,7.2894,80
2,1546,8.762,7.2577,82
3,1546,8.762,7.2878,73
0,1547,8.762,7.3399,67
1,1547,8.762,7.256,75
2,1547,8.762,7.4927,64
3,1547,8.762,7.1437,80
0,1548,8.762,7.3112,78
1,1548,8.762,7.2907,74
2,1548,8.762,7.3255,78
3,1548,8.762,7.3392,79
0,1549,8.762,7.2592,82
1,1549,8.762,7.4455,72
2,1549,8.762,7.1542,76
3,1549,8.762,7.3638,70
0,1550,8.762,7.2828,80
1,1550,8.762,7.2526,73
2,1550,8.762,7.361,74
3,1550,8.762,7.4232,67
0,1551,8.762,7.3301,83
1,1551,8.762,7.2705,71
2,1551,8.762,7.2536,71
3,1551,8.762,7.3883,79
0,1552,8.762,7.2201,75
1,1552,8.762,7.1946,65
2,1552,8.762,7.3004,83
3,1552,8.762,7.2154,73
0,1553,8.762,7.3413,75
1,1553,8.762,7.2938,79
2,1553,8.762,7.2325,75
3,1553,8.762,7.2913,84
0,1554,8.762,7.4425,77
1,1554,8.762,7.1061,77
2,1554,8.762,7.3034,74
3,1554,8.762,7.154,81
0,1555,8.762,7.3466,81
1,1555,8.762,7.2361,77
2,1555,8.762,7.306,75
3,1555,8.762,7.2547,70
0,1556,8.762,7.4416,75
1,1556,8.762,7.4253,81
2,1556,8.762,7.3581,75
3,1556,8.762,7.4754,68
0,1557,8.762,7.2135,81
1,1557,8.762,7.2516,83
2,1557,8.762,7.1462,76
3,1557,8.762,7.2528,80
0,1558,8.762,7.3696,77
1,1558,8.762,7.277,78
2,1558,8.762,7.3034,77
3,1558,8.762,7.2934,75
0,1559,8.762,7.3373,74
1,1559,8.762,7.1926,85
2,1559,8.762,7.3372,73
3,1559,8.762,7.1755,82
0,1560,8.762,7.3004,70
1,1560,8.762,7.4749,78
2,1560,8.762,7.4198,77
3,1560,8.762,7.3649,65
0,1561,8.762,7.3385,80
1,1561,8.762,7.2585,84
2,1561,8.762,7.3087,71
3,1561,8.762,7.262,80
0,1562,8.762,7.2614,71
1,1562,8.762,7.327,73
2,1562,8.762,7.3128,77
3,1562,8.762,7.2988,78
0,1563,8.762,7.4103,71
1,1563,8.762,7.3998,74
2,1563,8.762,7.3412,74
3,1563,8.762,7.379,78
0,1564,8.762,7.3529,75
1,1564,8.762,7.2283,74
2,1564,8.762,7.2679,78
3,1564,8.762,7.167,84
0,1565,8.762,7.3451,70
1,1565,8.762,7.2564,77
2,1565,8.762,7.2533,72
3,1565,8.762,7.4592,72
0,1566,8.762,7.2815,77
1,1566,8.762,7.2472,81
2,1566,8.762,7.287,76
3,1566,8.762,7.313,72
0,1567,8.762,7.169,88
1,1567,8.762,7.3702,80
2,1567,8.762,7.2684,81
3,1567,8.762,7.2076,86
0,1568,8.762,7.3358,75
1,1568,8.762,7.4377,76
2,1568,8.762,7.3472,79
3,1568,8.762,7.361,75
0,1569,8.762,7.1484,82
1,1569,8.762,7.2111,71
2,1569,8.762,7.2965,69
3,1569,8.762,7.2137,76
0,1570,8.762,7.3997,68
1,1570,8.762,7.3401,69
2,1570,8.762,7.2174,73
3,1570,8.762,7.4108,71
0,1571,8.762,7.4303,76
1,1571,8.762,7.3651,66
2,1571,8.762,7.1756,78
3,1571,8.762,7.2046,86
0,1572,8.762,7.2943,73
1,1572,8.762,7.191,72
2,1572,8.762,7.3315,68
3,1572,8.762,7.3848,73
0,1573,8.762,7.2297,74
1,1573,8.762,7.3405,73
2,1573,8.762,7.4789,69
3,1573,8.762,7.4048,68
0,1574,8.762,7.1925,89
1,1574,8.762,7.2316,70
2,1574,8.762,7.2129,86
3,1574,8.762,7.2884,76
0,1575,8.762,7.3639,68
1,1575,8.762,7.2702,84
2,1575,8.762,7.354,71
3,1575,8.762,7.2813,72
0,1576,8.762,7.3593,78
1,1576,8.762,7.361,71
2,1576,8.762,7.2227,86
3,1576,8.762,7.1217,83
0,1577,8.762,7.2552,82
1,1577,8.762,7.2417,80
2,1577,8.762,7.2591,76
3,1577,8.762,7.2259,82
0,1578,8.762,7.2285,78
1,1578,8.762,7.2142,82
2,1578,8.762,7.082,78
3,1578,8.762,7.247,76
0,1579,8.762,7.3202,80
1,1579,8.762,7.3013,77
2,1579,8.762,7.3025,79
3,1579,8.762,7.3948,79
0,1580,8.762,7.1814,71
1,1580,8.762,7.3853,64
2,1580,8.762,7.2124,74
3,1580,8.762,7.3007,80
0,1581,8.762,7.3863,66
1,1581,8.762,7.4053,70
2,1581,8.762,7.3474,78
3,1581,8.762,7.2322,77
0,1582,8.762,7.2468,68
1,1582,8.762,7.3782,80
2,1582,8.762,7.2238,72
3,1582,8.762,7.3078,74
0,1583,8.762,7.2949,72
1,1583,8.762,7.2417,69
2,1583,8.762,7.0725,79
3,1583,8.762,7.3171,86
0,1584,8.762,7.2805,81
1,1584,8.762,7.3571,69
2,1584,8.762,7.2718,73
3,1584,8.762,7.3166,80
0,1585,8.762,7.3176,78
1,1585,8.762,7.2925,84
2,1585,8.762,7.3617,72
3,1585,8.762,7.3227,74
0,1586,8.762,7.2974,81
1,1586,8.762,7.2119,87
2,1586,8.762,7.4457,72
3,1586,8.762,7.2893,70
0,1587,8.762,7.2,73
1,1587,8.762,7.389,75
2,1587,8.762,7.4191,71
3,1587,8.762,7.2629,80
0,1588,8.762,7.2131,79
1,1588,8.762,7.3145,77
2,1588,8.762,7.2578,74
3,1588,8.762,7.3769,75
0,1589,8.762,7.247,75
1,1589,8.762,7.3953,72
2,1589,8.762,7.365,79
3,1589,8.762,7.3542,74
0,1590,8.762,7.4363,67
1,1590,8.762,7.3274,76
2,1590,8.762,7.2585,66
3,1590,8.762,7.2125,83
0,1591,8.762,7.3587,75
1,1591,8.762,7.3402,78
2,1591,8.762,7.1759,78
3,1591,8.762,7.2781,82
0,1592,8.762,7.1537,68
1,1592,8.762,7.3525,78
2,1592,8.762,7.2266,73
3,1592,8.762,7.3546,69
0,1593,8.762,7.1596,77
1,1593,8.762,7.264,80
2,1593,8.762,7.2357,85
3,1593,8.762,7.2371,78
0,1594,8.762,7.1327,80
1,1594,8.762,7.3477,78
2,1594,8.762,7.3494,74
3,1594,8.762,7.3518,70
0,1595,8.762,7.3251,73
1,1595,8.762,7.3633,82
2,1595,8.762,7.1497,77
3,1595,8.762,7.3537,66
0,1596,8.762,7.2039,78
1,1596,8.762,7.2466,78
2,1596,8.762,7.3989,69
3,1596,8.762,7.3658,79
0,1597,8.762,7.3324,70
1,1597,8.762,7.3082,67
2,1597,8.762,7.3255,75
3,1597,8.762,7.3629,70
0,1598,8.762,7.2985,75
1,1598,8.762,7.2878,67
2,1598,8.762,7.326,74
3,1598,8.762,7.2743,70
0,1599,8.762,7.2423,79
1,1599,8.762,7.4021,79
2,1599,8.762,7.3945,73
3,1599,8.762,7.54,65
0,1600,8.762,7.3511,79
1,1600,8.762,7.1691,68
2,1600,8.762,7.3932,72
3,1600,8.762,7.2215,79
0,1601,8.762,7.3101,72
1,1601,8.762,7.1337,82
2,1601,8.762,7.341,77
3,1601,8.762,7.2037,83
0,1602,8.762,7.1599,89
1,1602,8.762,7.3024,79
2,1602,8.762,7.1912,71
3,1602,8.762,7.3796,67
0,1603,8.762,7.321,74
1,1603,8.762,7.3935,71
2,1603,8.762,7.3518,71
3,1603,8.762,7.4138,74
0,1604,8.762,7.2627,80
1,1604,8.762,7.3283,74
2,1604,8.762,7.3217,84
3,1604,8.762,7.3376,70
0,1605,8.762,7.2511,78
1,1605,8.762,7.3069,79
2,1605,8.762,7.3612,79
3,1605,8.762,7.138,80
0,1606,8.762,7.2469,79
1,1606,8.762,7.3154,69
2,1606,8.762,7.3113,81
3,1606,8.762,7.2433,85
0,1607,8.762,7.2576,68
1,1607,8.762,7.2813,75
2,1607,8.762,7.344,75
3,1607,8.762,7.4106,87
0,1608,8.762,7.3148,85
1,1608,8.762,7.2802,73
2,1608,8.762,7.3607,69
3,1608,8.762,7.379,80
0,1609,8.762,7.293,75
1,1609,8.762,7.3413,73
2,1609,8.762,7.3593,72
3,1609,8.762,7.2613,81
0,1610,8.762,7.3676,79
1,1610,8.762,7.1931,77
2,1610,8.762,7.359,74
3,1610,8.762,7.4537,72
0,1611,8.762,7.2281,84
1,1611,8.762,7.3756,77
2,1611,8.762,7.1287,73
3,1611,8.762,7.519,67
0,1612,8.762,7.2723,75
1,1612,8.762,7.3839,72
2,1612,8.762,7.1968,71
3,1612,8.762,7.4398,70
0,1613,8.762,7.3364,78
1,1613,8.762,7.2111,78
2,1613,8.762,7.3174,86
3,1613,8.762,7.3903,85
0,1614,8.762,7.4083,67
1,1614,8.762,7.1936,81
2,1614,8.762,7.2049,77
3,1614,8.762,7.3329,79
0,1615,8.762,7.3386,70
1,1615,8.762,7.2586,86
2,1615,8.762,7.1905,80
3,1615,8.762,7.2586,75
0,1616,8.762,7.4198,76
1,1616,8.762,7.3296,79
2,1616,8.762,7.1951,83
3,1616,8.762,7.1503,78
0,1617,8.762,7.3564,68
1,1617,8.762,7.318,79
2,1617,8.762,7.3293,80
3,1617,8.762,7.2165,82
0,1618,8.762,7.2231,84
1,1618,8.762,7.4105,65
2,1618,8.762,7.2776,72
3,1618,8.762,7.1435,82
0,1619,8.762,7.3127,72
1,1619,8.762,7.3878,81
2,1619,8.762,7.2697,69
3,1619,8.762,7.1815,79
0,1620,8.762,7.2912,67
1,1620,8.762,7.4166,76
2,1620,8.762,7.2561,70
3,1620,8.762,7.3398,78
0,1621,8.762,7.311,76
1,1621,8.762,7.0613,81
2,1621,8.762,7.395,80
3,1621,8.762,7.2182,73
0,1622,8.762,7.3154,80
1,1622,8.762,7.2081,84
2,1622,8.762,7.3375,75
3,1622,8.762,7.3038,73
0,1623,8.762,7.3908,77
1,1623,8.762,7.4534,67
2,1623,8.762,7.2258,74
3,1623,8.762,7.1607,77
0,1624,8.762,7.2267,77
1,1624,8.762,7.3071,72
2,1624,8.762,7.0901,79
3,1624,8.762,7.3387,69
0,1625,8.762,7.3534,76
1,1625,8.762,7.2529,78
2,1625,8.762,7.3573,66
3,1625,8.762,7.391,74
0,1626,8.762,7.2035,81
1,1626,8.762,7.1865,78
2,1626,8.762,7.1596,87
3,1626,8.762,7.2566,75
0,1627,8.762,7.3986,81
1,1627,8.762,7.3276,69
2,1627,8.762,7.1568,93
3,1627,8.762,7.281,73
0,1628,8.762,7.3645,70
1,1628,8.762,7.4162,74
2,1628,8.762,7.1641,79
3,1628,8.762,7.1708,85
0,1629,8.762,7.2869,73
1,1629,8.762,7.377,72
2,1629,8.762,7.1999,77
3,1629,8.762,7.4981,70
0,1630,8.762,7.2472,74
1,1630,8.762,7.2632,76
2,1630,8.762,7.3515,78
3,1630,8.762,7.2513,82
0,1631,8.762,7.1983,82
1,1631,8.762,7.154,83
2,1631,8.762,7.3459,71
3,1631,8.762,7.271,93
0,1632,8.762,7.3729,70
1,1632,8.762,7.2298,77
2,1632,8.762,7.4495,71
3,1632,8.762,7.2641,84
0,1633,8.762,7.3472,69
1,1633,8.762,7.3976,73
2,1633,8.762,7.2832,79
3,1633,8.762,7.3856,76
0,1634,8.762,7.2752,77
1,1634,8.762,7.0837,82
2,1634,8.762,7.2079,78
3,1634,8.762,7.2853,72
0,1635,8.762,7.3447,70
1,1635,8.762,7.3385,62
2,1635,8.762,7.0731,81
3,1635,8.762,7.095,81
0,1636,8.762,7.3392,77
1,1636,8.762,7.3002,71
2,1636,8.762,7.4508,66
3,1636,8.762,7.3653,70
0,1637,8.762,7.2577,68
1,1637,8.762,7.2574,72
2,1637,8.762,7.2724,78
3,1637,8.762,7.217,79
0,1638,8.762,7.2776,70
1,1638,8.762,7.3712,67
2,1638,8.762,7.3028,73
3,1638,8.762,7.339,76
0,1639,8.762,7.0132,86
1,1639,8.762,7.311,76
2,1639,8.762,7.4513,73
3,1639,8.762,7.2058,89
0,1640,8.762,7.3381,89
1,1640,8.762,7.387,77
2,1640,8.762,7.443,66
3,1640,8.762,7.1944,78
0,1641,8.762,7.2671,69
1,1641,8.762,7.3942,84
2,1641,8.762,7.2475,71
3,1641,8.762,7.3664,68
0,1642,8.762,7.303,83
1,1642,8.762,7.2938,80
2,1642,8.762,7.3183,72
3,1642,8.762,7.315,76
0,1643,8.762,7.3716,82
1,1643,8.762,7.2562,74
2,1643,8.762,7.261,78
3,1643,8.762,7.266,75
0,1644,8.762,7.3031,69
1,1644,8.762,7.3024,85
2,1644,8.762,7.1775,81
3,1644,8.762,7.3418,74
0,1645,8.762,7.4298,73
1,1645,8.762,7.3074,75
2,1645,8.762,7.3337,79
3,1645,8.762,7.2573,70
0,1646,8.762,7.261,76
1,1646,8.762,7.254,75
2,1646,8.762,7.445,70
3,1646,8.762,7.2607,74
0,1647,8.762,7.3518,86
1,1647,8.762,7.2204,85
2,1647,8.762,7.3123,79
3,1647,8.762,7.3329,78
0,1648,8.762,7.4244,72
1,1648,8.762,7.221,85
2,1648,8.762,7.2053,88
3,1648,8.762,7.1808,81
0,1649,8.762,7.2298,82
1,1649,8.762,7.4121,65
2,1649,8.762,7.4253,70
3,1649,8.762,7.3455,77
0,1650,8.762,7.3737,78
1,1650,8.762,7.2001,80
2,1650,8.762,7.3861,84
3,1650,8.762,7.246,77
0,1651,8.762,7.2798,76
1,1651,8.762,7.3126,82
2,1651,8.762,7.4945,68
3,1651,8.762,7.4176,74
0,1652,8.762,7.1944,78
1,1652,8.762,7.3053,73
2,1652,8.762,7.2486,69
3,1652,8.762,7.4021,74
0,1653,8.762,7.3461,79
1,1653,8.762,7.1458,81
2,1653,8.762,7.2338,76
3,1653,8.762,7.2171,66
0,1654,8.762,7.1484,76
1,1654,8.762,7.2739,83
2,1654,8.762,7.3383,80
3,1654,8.762,7.197,75
0,1655,8.762,7.082,77
1,1655,8.762,7.2853,71
2,1655,8.762,7.353,71
3,1655,8.762,7.3252,70
0,1656,8.762,7.3633,69
1,1656,8.762,7.4106,75
2,1656,8.762,7.1304,82
3,1656,8.762,7.2139,79
0,1657,8.762,7.3766,83
1,1657,8.762,7.1817,79
2,1657,8.762,7.2197,77
3,1657,8.762,7.231,81
0,1658,8.762,7.3251,72
1,1658,8.762,7.2597,78
2,1658,8.762,7.2697,84
3,1658,8.762,7.3177,73
0,1659,8.762,7.2348,77
1,1659,8.762,7.204,78
2,1659,8.762,7.3185,76
3,1659,8.762,7.1645,76
0,1660,8.762,7.3567,76
1,1660,8.762,7.4655,72
2,1660,8.762,7.348,68
3,1660,8.762,7.3453,71
0,1661,8.762,7.1755,83
1,1661,8.762,7.4022,71
2,1661,8.762,7.2126,74
3,1661,8.762,7.3873,80
0,1662,8.762,7.2285,90
1,1662,8.762,7.3623,75
2,1662,8.762,7.2918,82
3,1662,8.762,7.336,83
0,1663,8.762,7.2826,78
1,1663,8.762,7.1356,72
2,1663,8.762,7.3513,77
3,1663,8.762,7.345,71
0,1664,8.762,7.3434,70
1,1664,8.762,7.3753,70
2,1664,8.762,7.2285,80
3,1664,8.762,7.3695,73
0,1665,8.762,7.2007,82
1,1665,8.762,7.2342,80
2,1665,8.762,7.313,85
3,1665,8.762,7.1833,80
0,1666,8.762,7.2749,77
1,1666,8.762,7.2203,76
2,1666,8.762,7.4212,78
3,1666,8.762,7.2759,83
0,1667,8.762,7.2612,78
1,1667,8.762,7.2085,71
2,1667,8.762,7.3205,78
3,1667,8.762,7.1636,86
0,1668,8.762,7.284,77
1,1668,8.762,7.3493,80
2,1668,8.762,7.2569,81
3,1668,8.762,7.2463,89
0,1669,8.762,7.4394,75
1,1669,8.762,7.182,82
2,1669,8.762,7.1979,79
3,1669,8.762,7.4265,79
0,1670,8.762,7.2531,78
1,1670,8.762,7.3404,79
2,1670,8.762,7.3199,75
3,1670,8.762,7.3273,80
0,1671,8.762,7.394,76
1,1671,8.762,7.2343,86
2,1671,8.762,7.1895,84
3,1671,8.762,7.2863,74
0,1672,8.762,7.3425,78
1,1672,8.762,7.358,72
2,1672,8.762,7.0806,87
3,1672,8.762,7.3057,78
0,1673,8.762,7.3081,74
1,1673,8.762,7.3037,68
2,1673,8.762,7.1722,85
3,1673,8.762,7.372,73
0,1674,8.762,7.2584,74
1,1674,8.762,7.3457,66
2,1674,8.762,7.3179,63
3,1674,8.762,7.522,72
0,1675,8.762,7.3899,65
1,1675,8.762,7.1938,85
2,1675,8.762,7.3976,73
3,1675,8.762,7.2284,84
0,1676,8.762,7.3372,76
1,1676,8.762,7.2084,77
2,1676,8.762,7.2107,82
3,1676,8.762,7.1875,83
0,1677,8.762,7.2529,80
1,1677,8.762,7.335,71
2,1677,8.762,7.389,71
3,1677,8.762,7.3079,73
0,1678,8.762,7.3187,73
1,1678,8.762,7.1634,88
2,1678,8.762,7.2895,78
3,1678,8.762,7.1497,83
0,1679,8.762,7.2765,85
1,1679,8.762,7.2434,80
2,1679,8.762,7.2188,71
3,1679,8.762,7.3376,68
0,1680,8.762,7.3892,76
1,1680,8.762,7.297,71
2,1680,8.762,7.2457,78
3,1680,8.762,7.4738,60
0,1681,8.762,7.2362,76
1,1681,8.762,7.2497,80
2,1681,8.762,7.3471,73
3,1681,8.762,7.0574,86
0,1682,8.762,7.2001,78
1,1682,8.762,7.3485,65
2,1682,8.762,7.2768,73
3,1682,8.762,7.2039,78
0,1683,8.762,7.3234,71
1,1683,8.762,7.2311,76
2,1683,8.762,7.1192,71
3,1683,8.762,7.2876,69
0,1684,8.762,7.1885,77
1,1684,8.762,7.2691,79
2,1684,8.762,7.2992,79
3,1684,8.762,7.3146,78
0,1685,8.762,7.2113,80
1,1685,8.762,7.1856,86
2,1685,8.762,7.2023,78
3,1685,8.762,7.2878,78
0,1686,8.762,7.2921,77
1,1686,8.762,7.3276,74
2,1686,8.762,7.2246,81
3,1686,8.762,7.1456,91
0,1687,8.762,7.379,79
1,1687,8.762,7.131,85
2,1687,8.762,7.45,74
3,1687,8.762,7.3847,67
0,1688,8.762,7.2392,64
1,1688,8.762,7.2573,75
2,1688,8.762,7.2651,74
3,1688,8.762,7.2671,78
0,1689,8.762,7.3029,71
1,1689,8.762,7.4092,77
2,1689,8.762,7.3607,68
3,1689,8.762,7.3179,82
0,1690,8.762,7.2411,79
1,1690,8.762,7.1737,83
2,1690,8.762,7.3783,80
3,1690,8.762,7.1333,77
0,1691,8.762,7.2811,72
1,1691,8.762,7.2626,76
2,1691,8.762,7.2708,77
3,1691,8.762,7.3405,75
0,1692,8.762,7.2184,76
1,1692,8.762,7.3748,77
2,1692,8.762,7.3572,78
3,1692,8.762,7.1643,79
0,1693,8.762,7.1914,77
1,1693,8.762,7.2691,77
2,1693,8.762,7.2882,71
3,1693,8.762,7.1238,91
0,1694,8.762,7.1901,69
1,1694,8.762,7.1891,84
2,1694,8.762,7.1224,83
3,1694,8.762,7.2494,73
0,1695,8.762,7.1653,79
1,1695,8.762,7.171,76
2,1695,8.762,7.2279,79
3,1695,8.762,7.2739,78
0,1696,8.762,7.2294,77
1,1696,8.762,7.2296,82
2,1696,8.762,7.2383,77
3,1696,8.762,7.3207,78
0,1697,8.762,7.2275,81
1,1697,8.762,7.4203,75
2,1697,8.762,7.3006,68
3,1697,8.762,7.2972,79
0,1698,8.762,7.2577,78
1,1698,8.762,7.2804,70
2,1698,8.762,7.2796,73
3,1698,8.762,7.3463,76
0,1699,8.762,7.3701,63
1,1699,8.762,7.2168,79
2,1699,8.762,7.2549,85
3,1699,8.762,7.2414,80
0,1700,8.762,7.1522,75
1,1700,8.762,7.2471,83
2,1700,8.762,7.2372,78
3,1700,8.762,7.1106,74
0,1701,8.762,7.436,68
1,1701,8.762,7.2373,81
2,1701,8.762,7.3386,80
3,1701,8.762,7.2833,81
0,1702,8.762,7.3183,82
1,1702,8.762,7.4185,67
2,1702,8.762,7.205,76
3,1702,8.762,7.3176,82
0,1703,8.762,7.3195,75
1,1703,8.762,7.0825,86
2,1703,8.762,7.0909,85
3,1703,8.762,7.3669,83
0,1704,8.762,7.3305,70
1,1704,8.762,7.2641,73
2,1704,8.762,7.1178,78
3,1704,8.762,7.3398,76
0,1705,8.762,7.2196,72
1,1705,8.762,7.3751,79
2,1705,8.762,7.4352,81
3,1705,8.762,7.4251,72
0,1706,8.762,7.2654,72
1,1706,8.762,7.3294,80
2,1706,8.762,7.2664,75
3,1706,8.762,7.2829,79
0,1707,8.762,7.1827,68
1,1707,8.762,7.1633,81
2,1707,8.762,7.3006,80
3,1707,8.762,7.3641,77
0,1708,8.762,7.4659,68
1,1708,8.762,7.2327,81
2,1708,8.762,7.3541,72
3,1708,8.762,7.3307,76
0,1709,8.762,7.2723,76
1,1709,8.762,7.2791,75
2,1709,8.762,7.3602,75
3,1709,8.762,7.1743,84
0,1710,8.762,7.4157,59
1,1710,8.762,7.3431,77
2,1710,8.762,7.3618,76
3,1710,8.762,7.3901,72
0,1711,8.762,7.3404,72
1,1711,8.762,7.2516,81
2,1711,8.762,7.4366,74
3,1711,8.762,7.4541,72
0,1712,8.762,7.2744,77
1,1712,8.762,7.2566,86
2,1712,8.762,7.0268,75
3,1712,8.762,7.384,70
0,1713,8.762,7.3393,66
1,1713,8.762,7.3635,76
2,1713,8.762,7.2885,78
3,1713,8.762,7.2301,81
0,1714,8.762,7.4245,72
1,1714,8.762,7.2341,77
2,1714,8.762,7.3599,76
3,1714,8.762,7.3798,66
0,1715,8.762,7.4098,79
1,1715,8.762,7.2106,82
2,1715,8.762,7.1475,84
3,1715,8.762,7.2739,78
0,1716,8.762,7.3659,80
1,1716,8.762,7.1541,79
2,1716,8.762,7.2294,85
3,1716,8.762,7.4702,74
0,1717,8.762,7.2773,80
1,1717,8.762,7.2276,79
2,1717,8.762,7.2936,68
3,1717,8.762,7.1142,85
0,1718,8.762,7.4581,66
1,1718,8.762,7.296,82
2,1718,8.762,7.3334,66
3,1718,8.762,7.1415,72
0,1719,8.762,7.3897,82
1,1719,8.762,7.2783,75
2,1719,8.762,7.282,73
3,1719,8.762,7.2682,80
0,1720,8.762,7.3432,78
1,1720,8.762,7.2955,79
2,1720,8.762,7.3705,70
3,1720,8.762,7.356,76
0,1721,8.762,7.3819,69
1,1721,8.762,7.2527,75
2,1721,8.762,7.3277,73
3,1721,8.762,7.2193,74
0,1722,8.762,7.2712,84
1,1722,8.762,7.179,75
2,1722,8.762,7.3587,76
3,1722,8.762,7.2147,81
0,1723,8.762,7.3234,75
1,1723,8.762,7.2979,78
2,1723,8.762,7.2967,69
3,1723,8.762,7.2484,78
0,1724,8.762,7.3901,72
1,1724,8.762,7.1484,87
2,1724,8.762,7.4244,74
3,1724,8.762,7.2092,71
0,1725,8.762,7.429,78
1,1725,8.762,7.271,74
2,1725,8.762,7.3143,76
3,1725,8.762,7.1982,79
0,1726,8.762,7.4249,83
1,1726,8.762,7.3566,83
2,1726,8.762,7.3873,81
3,1726,8.762,7.4075,70
0,1727,8.762,7.278,79
1,1727,8.762,7.2755,79
2,1727,8.762,7.2498,74
3,1727,8.762,7.2306,83
0,1728,8.762,7.2314,82
1,1728,8.762,7.3332,68
2,1728,8.762,7.3441,80
3,1728,8.762,7.2985,78
0,1729,8.762,7.1179,87
1,1729,8.762,7.2873,82
2,1729,8.762,7.2279,75
3,1729,8.762,7.337,75
0,1730,8.762,7.1892,80
1,1730,8.762,7.3144,70
2,1730,8.762,7.3078,80
3,1730,8.762,7.2864,86
0,1731,8.762,7.284,81
1,1731,8.762,7.2658,74
2,1731,8.762,7.3703,78
3,1731,8.762,7.1961,80
0,1732,8.762,7.3668,73
1,1732,8.762,7.2086,73
2,1732,8.762,7.2123,82
3,1732,8.762,7.2824,71
0,1733,8.762,7.3052,73
1,1733,8.762,7.1761,70
2,1733,8.762,7.3572,68
3,1733,8.762,7.2475,89
0,1734,8.762,7.2052,83
1,1734,8.762,7.3318,84
2,1734,8.762,7.1799,78
3,1734,8.762,7.2936,73
0,1735,8.762,7.4016,77
1,1735,8.762,7.2522,76
2,1735,8.762,7.4332,73
3,1735,8.762,7.2575,80
0,1736,8.762,7.1643,79
1,1736,8.762,7.2912,86
2,1736,8.762,7.2753,82
3,1736,8.762,7.1944,76
0,1737,8.762,7.2348,82
1,1737,8.762,7.3198,76
2,1737,8.762,7.1915,74
3,1737,8.762,7.3146,77
0,1738,8.762,7.281,73
1,1738,8.762,7.3368,68
2,1738,8.762,7.1659,85
3,1738,8.762,7.2373,79
0,1739,8.762,7.3223,78
1,1739,8.762,7.3405,78
2,1739,8.762,7.2543,78
3,1739,8.762,7.4374,72
0,1740,8.762,7.3302,71
1,1740,8.762,7.2419,71
2,1740,8.762,7.1221,74
3,1740,8.762,7.3135,70
0,1741,8.762,7.283,71
1,1741,8.762,7.272,85
2,1741,8.762,7.3184,79
3,1741,8.762,7.3321,74
0,1742,8.762,7.2714,79
1,1742,8.762,7.4093,75
2,1742,8.762,7.3125,69
3,1742,8.762,7.3391,78
0,1743,8.762,7.1916,78
1,1743,8.762,7.1164,87
2,1743,8.762,7.1585,76
3,1743,8.762,7.2993,78
0,1744,8.762,7.2375,79
1,1744,8.762,7.4244,73
2,1744,8.762,7.2526,82
3,1744,8.762,7.4738,79
0,1745,8.762,7.2571,70
1,1745,8.762,7.3292,74
2,1745,8.762,7.433,83
3,1745,8.762,7.3769,77
0,1746,8.762,7.2638,77
1,1746,8.762,7.3806,75
2,1746,8.762,7.308,75
3,1746,8.762,7.253,73
0,1747,8.762,7.2655,65
1,1747,8.762,7.332,71
2,1747,8.762,7.307,79
3,1747,8.762,7.4818,76
0,1748,8.762,7.1515,91
1,1748,8.762,7.1837,79
2,1748,8.762,7.2877,80
3,1748,8.762,7.3817,73
0,1749,8.762,7.2267,78
1,1749,8.762,7.2683,79
2,1749,8.762,7.2495,86
3,1749,8.762,7.2145,82
0,1750,8.762,7.2889,72
1,1750,8.762,7.2637,86
2,1750,8.762,7.258,89
3,1750,8.762,7.2433,75
0,1751,8.762,7.2541,81
1,1751,8.762,7.5469,65
2,1751,8.762,7.4698,72
3,1751,8.762,7.384,75
0,1752,8.762,7.2619,73
1,1752,8.762,7.4002,76
2,1752,8.762,7.2281,83
3,1752,8.762,7.2797,83
0,1753,8.762,7.2145,79
1,1753,8.762,7.2834,79
2,1753,8.762,7.3418,78
3,1753,8.762,7.3723,73
0,1754,8.762,7.059,87
1,1754,8.762,7.3079,79
2,1754,8.762,7.2166,77
3,1754,8.762,7.2669,74
0,1755,8.762,7.2504,82
1,1755,8.762,7.136,80
2,1755,8.762,7.3618,71
3,1755,8.762,7.1445,87
0,1756,8.762,7.3502,74
1,1756,8.762,7.3353,75
2,1756,8.762,7.497,72
3,1756,8.762,7.3378,74
0,1757,8.762,7.1904,77
1,1757,8.762,7.1236,92
2,1757,8.762,7.5016,63
3,1757,8.762,7.412,75
0,1758,8.762,7.3001,70
1,1758,8.762,7.3024,77
2,1758,8.762,7.3162,85
3,1758,8.762,7.155,87
0,1759,8.762,7.4292,72
1,1759,8.762,7.3688,67
2,1759,8.762,7.1163,81
3,1759,8.762,7.193,78
0,1760,8.762,7.3196,74
1,1760,8.762,7.2022,83
2,1760,8.762,7.3746,73
3,1760,8.762,7.3503,75
0,1761,8.762,7.4519,65
1,1761,8.762,7.1305,80
2,1761,8.762,7.3009,70
3,1761,8.762,7.2555,80
0,1762,8.762,7.2322,75
1,1762,8.762,7.2537,73
2,1762,8.762,7.3829,74
3,1762,8.762,7.3964,70
0,1763,8.762,7.3591,70
1,1763,8.762,7.2125,81
2,1763,8.762,7.3333,75
3,1763,8.762,7.3574,74
0,1764,8.762,7.3737,71
1,1764,8.762,7.1421,76
2,1764,8.762,7.3109,73
3,1764,8.762,7.3272,74
0,1765,8.762,7.4047,78
1,1765,8.762,7.1359,75
2,1765,8.762,7.2095,80
3,1765,8.762,7.1327,85
0,1766,8.762,7.5624,62
1,1766,8.762,7.2176,76
2,1766,8.762,7.2946,82
3,1766,8.762,7.3791,68
0,1767,8.762,7.2737,79
1,1767,8.762,7.3437,70
2,1767,8.762,7.1796,80
3,1767,8.762,7.2882,74
0,1768,8.762,7.359,75
1,1768,8.762,7.4173,72
2,1768,8.762,7.212,75
3,1768,8.762,7.216,83
0,1769,8.762,7.2453,79
1,1769,8.762,7.2056,83
2,1769,8.762,7.2348,83
3,1769,8.762,7.2488,78
0,1770,8.762,7.3342,75
1,1770,8.762,7.4407,69
2,1770,8.762,7.3334,82
3,1770,8.762,7.2756,75
0,1771,8.762,7.34,78
1,1771,8.762,7.2173,80
2,1771,8.762,7.1215,93
3,1771,8.762,7.2992,78
0,1772,8.762,7.3798,75
1,1772,8.762,7.3227,67
2,1772,8.762,7.3295,76
3,1772,8.762,7.2459,77
0,1773,8.762,7.296,77
1,1773,8.762,7.3013,78
2,1773,8.762,7.2484,83
3,1773,8.762,7.3612,77
0,1774,8.762,7.1323,85
1,1774,8.762,7.2848,72
2,1774,8.762,7.4289,73
3,1774,8.762,7.4183,86
0,1775,8.762,7.1846,78
1,1775,8.762,7.1737,74
2,1775,8.762,7.2835,73
3,1775,8.762,7.3341,78
0,1776,8.762,7.285,78
1,1776,8.762,7.1941,90
2,1776,8.762,7.3773,79
3,1776,8.762,7.2381,70
0,1777,8.762,7.1458,79
1,1777,8.762,7.2168,83
2,1777,8.762,7.173,84
3,1777,8.762,7.4861,81
0,1778,8.762,7.3243,82
1,1778,8.762,7.4304,67
2,1778,8.762,7.1605,80
3,1778,8.762,7.3011,82
0,1779,8.762,7.3412,77
1,1779,8.762,7.3751,77
2,1779,8.762,7.3464,69
3,1779,8.762,7.4382,68
0,1780,8.762,7.2855,77
1,1780,8.762,7.1546,83
2,1780,8.762,7.4169,77
3,1780,8.762,7.2134,75
0,1781,8.762,7.2633,82
1,1781,8.762,7.3208,79
2,1781,8.762,7.2976,77
3,1781,8.762,7.2943,76
0,1782,8.762,7.1854,83
1,1782,8.762,7.2595,72
2,1782,8.762,7.4594,67
3,1782,8.762,7.2394,74
0,1783,8.762,7.4057,71
1,1783,8.762,7.1949,87
2,1783,8.762,7.3648,73
3,1783,8.762,7.4343,75
0,1784,8.762,7.185,69
1,1784,8.762,7.3424,69
2,1784,8.762,7.4152,72
3,1784,8.762,7.3003,75
0,1785,8.762,7.2619,78
1,1785,8.762,7.289,78
2,1785,8.762,7.3582,73
3,1785,8.762,7.4588,73
0,1786,8.762,7.2726,91
1,1786,8.762,7.3468,76
2,1786,8.762,7.2549,68
3,1786,8.762,7.2145,79
0,1787,8.762,7.2105,82
1,1787,8.762,7.3062,74
2,1787,8.762,7.2481,74
3,1787,8.762,7.2737,70
0,1788,8.762,7.0943,84
1,1788,8.762,7.3906,69
2,1788,8.762,7.3509,76
3,1788,8.762,7.2811,76
0,1789,8.762,7.2159,79
1,1789,8.762,7.1828,82
2,1789,8.762,7.3089,77
3,1789,8.762,7.2748,76
0,1790,8.762,7.2493,75
1,1790,8.762,7.4572,76
2,1790,8.762,7.215,80
3,1790,8.762,7.2351,77
0,1791,8.762,7.3854,82
1,1791,8.762,7.2029,79
2,1791,8.762,7.3496,78
3,1791,8.762,7.3399,74
0,1792,8.762,7.2379,91
1,1792,8.762,7.2656,72
2,1792,8.762,7.2274,80
3,1792,8.762,7.3379,82
0,1793,8.762,7.2581,75
1,1793,8.762,7.4002,70
2,1793,8.762,7.2987,78
3,1793,8.762,7.4517,62
0,1794,8.762,7.251,78
1,1794,8.762,7.3502,75
2,1794,8.762,7.2652,81
3,1794,8.762,7.3972,80
0,1795,8.762,7.2802,76
1,1795,8.762,7.3908,80
2,1795,8.762,7.3772,69
3,1795,8.762,7.3059,73
0,1796,8.762,7.237,85
1,1796,8.762,7.2185,78
2,1796,8.762,7.2521,77
3,1796,8.762,7.2347,70
0,1797,8.762,7.3305,73
1,1797,8.762,7.3211,83
2,1797,8.762,7.2185,78
3,1797,8.762,7.2178,80
0,1798,8.762,7.3927,75
1,1798,8.762,7.3362,78
2,1798,8.762,7.3817,73
3,1798,8.762,7.3205,68
0,1799,8.762,7.2569,71
1,1799,8.762,7.1599,83
2,1799,8.762,7.3155,82
3,1799,8.762,7.3923,72
0,1800,8.762,7.4692,72
1,1800,8.762,7.1075,80
2,1800,8.762,7.2059,87
3,1800,8.762,7.434,71
0,1801,8.762,7.2314,76
1,1801,8.762,7.2111,72
2,1801,8.762,7.3551,73
3,1801,8.762,7.2804,80
0,1802,8.762,7.3999,73
1,1802,8.762,7.2147,82
2,1802,8.762,7.3331,68
3,1802,8.762,7.3039,78
0,1803,8.762,7.2664,81
1,1803,8.762,7.3937,76
2,1803,8.762,7.3653,74
3,1803,8.762,7.2742,73
0,1804,8.762,7.2532,80
1,1804,8.762,7.1362,87
2,1804,8.762,7.3176,89
3,1804,8.762,7.3219,80
0,1805,8.762,7.279,70
1,1805,8.762,7.3924,80
2,1805,8.762,7.2682,83
3,1805,8.762,7.331,78
0,1806,8.762,7.0932,94
1,1806,8.762,7.1066,91
2,1806,8.762,7.2695,69
3,1806,8.762,7.3541,75
0,1807,8.762,7.288,74
1,1807,8.762,7.4376,64
2,1807,8.762,7.271,80
3,1807,8.762,7.2384,81
0,1808,8.762,7.1674,77
1,1808,8.762,7.3073,80
2,1808,8.762,7.3779,66
3,1808,8.762,7.3077,77
0,1809,8.762,7.4005,72
1,1809,8.762,7.2042,82
2,1809,8.762,7.2795,73
3,1809,8.762,7.2754,84
0,1810,8.762,7.0767,79
1,1810,8.762,7.4042,71
2,1810,8.762,7.2824,81
3,1810,8.762,7.3057,75
0,1811,8.762,7.354,79
1,1811,8.762,7.2778,76
2,1811,8.762,7.1704,79
3,1811,8.762,7.1029,81
0,1812,8.762,7.3488,69
1,1812,8.762,7.2955,82
2,1812,8.762,7.4734,69
3,1812,8.762,7.2477,77
0,1813,8.762,7.4717,84
1,1813,8.762,7.4074,74
2,1813,8.762,7.3851,69
3,1813,8.762,7.4086,76
0,1814,8.762,7.168,84
1,1814,8.762,7.2995,77
2,1814,8.762,7.4045,76
3,1814,8.762,7.2006,88
0,1815,8.762,7.302,86
1,1815,8.762,7.3496,71
2,1815,8.762,7.2446,82
3,1815,8.762,7.3191,74
0,1816,8.762,7.2411,79
1,1816,8.762,7.2826,78
2,1816,8.762,7.3335,74
3,1816,8.762,7.2286,82
0,1817,8.762,7.2363,82
1,1817,8.762,7.4276,71
2,1817,8.762,7.3676,76
3,1817,8.762,7.1955,76
0,1818,8.762,7.3524,78
1,1818,8.762,7.1651,87
2,1818,8.762,7.1466,84
3,1818,8.762,7.3492,77
0,1819,8.762,7.4451,72
1,1819,8.762,7.3751,74
2,1819,8.762,7.1919,73
3,1819,8.762,7.1234,80
0,1820,8.762,7.2758,69
1,1820,8.762,7.3007,77
2,1820,8.762,7.2275,81
3,1820,8.762,7.1689,80
0,1821,8.762,7.215,75
1,1821,8.762,7.3604,84
2,1821,8.762,7.2199,75
3,1821,8.762,7.4066,75
0,1822,8.762,7.3831,77
1,1822,8.762,7.3503,67
2,1822,8.762,7.2966,68
3,1822,8.762,7.4043,78
0,1823,8.762,7.2146,71
1,1823,8.762,7.0759,87
2,1823,8.762,7.3309,71
3,1823,8.762,7.4275,71
0,1824,8.762,7.2393,72
1,1824,8.762,7.5061,73
2,1824,8.762,7.4172,66
3,1824,8.762,7.243,71
0,1825,8.762,7.2393,71
1,1825,8.762,7.2232,78
2,1825,8.762,7.2876,75
3,1825,8.762,7.417,75
0,1826,8.762,7.2069,86
1,1826,8.762,7.3665,73
2,1826,8.762,7.253,79
3,1826,8.762,7.2036,70
0,1827,8.762,7.3853,69
1,1827,8.762,7.3497,78
2,1827,8.762,7.2325,79
3,1827,8.762,7.3429,75
0,1828,8.762,7.4272,73
1,1828,8.762,7.3302,80
2,1828,8.762,7.1946,74
3,1828,8.762,7.3212,75
0,1829,8.762,7.3175,71
1,1829,8.762,7.189,67
2,1829,8.762,7.4066,66
3,1829,8.762,7.3829,64
0,1830,8.762,7.3869,80
1,1830,8.762,7.1224,80
2,1830,8.762,7.3993,79
3,1830,8.762,7.1242,87
0,1831,8.762,7.3738,68
1,1831,8.762,7.2908,87
2,1831,8.762,7.0874,85
3,1831,8.762,7.3696,76
0,1832,8.762,7.3088,84
1,1832,8.762,7.0556,79
2,1832,8.762,7.3094,79
3,1832,8.762,7.3099,81
0,1833,8.762,7.2768,81
1,1833,8.762,7.1391,82
2,1833,8.762,7.3336,80
3,1833,8.762,7.2807,69
0,1834,8.762,7.2735,82
1,1834,8.762,7.2216,84
2,1834,8.762,7.4578,69
3,1834,8.762,7.3902,78
0,1835,8.762,7.1802,76
1,1835,8.762,7.2206,84
2,1835,8.762,7.1972,77
3,1835,8.762,7.3579,70
0,1836,8.762,7.2797,80
1,1836,8.762,7.4121,80
2,1836,8.762,7.3602,72
3,1836,8.762,7.3228,77
0,1837,8.762,7.3766,75
1,1837,8.762,7.4683,74
2,1837,8.762,7.1296,78
3,1837,8.762,7.2184,78
0,1838,8.762,7.4361,64
1,1838,8.762,7.3763,75
2,1838,8.762,7.1,81
3,1838,8.762,7.4034,77
0,1839,8.762,7.2208,74
1,1839,8.762,7.2249,74
2,1839,8.762,7.1506,79
3,1839,8.762,7.2953,75
0,1840,8.762,7.3089,79
1,1840,8.762,7.2728,84
2,1840,8.762,7.1764,87
3,1840,8.762,7.2672,80
0,1841,8.762,7.3043,74
1,1841,8.762,7.2924,78
2,1841,8.762,7.4329,74
3,1841,8.762,7.3249,81
0,1842,8.762,7.1059,72
1,1842,8.762,7.2598,79
2,1842,8.762,7.2834,87
3,1842,8.762,7.4181,73
0,1843,8.762,7.2687,81
1,1843,8.762,7.3287,76
2,1843,8.762,7.323,81
3,1843,8.762,7.1778,78
0,1844,8.762,7.3171,77
1,1844,8.762,7.2919,71
2,1844,8.762,7.3985,77
3,1844,8.762,7.3528,77
0,1845,8.762,7.4353,68
1,1845,8.762,7.3232,79
2,1845,8.762,7.3288,83
3,1845,8.762,7.265,77
0,1846,8.762,7.3058,78
1,1846,8.762,7.346,69
2,1846,8.762,7.3343,68
3,1846,8.762,7.3248,76
0,1847,8.762,7.3474,80
1,1847,8.762,7.1915,78
2,1847,8.762,7.3778,75
3,1847,8.762,7.2733,85
0,1848,8.762,7.3596,83
1,1848,8.762,7.1538,75
2,1848,8.762,7.247,90
3,1848,8.762,7.3655,79
0,1849,8.762,7.3406,76
1,1849,8.762,7.265,79
2,1849,8.762,7.2647,87
3,1849,8.762,7.2274,76
0,1850,8.762,7.513,75
1,1850,8.762,7.3875,75
2,1850,8.762,7.2455,77
3,1850,8.762,7.1789,87
0,1851,8.762,7.3274,72
1,1851,8.762,7.226,76
2,1851,8.762,7.1885,78
3,1851,8.762,7.1969,83
0,1852,8.762,7.2737,76
1,1852,8.762,7.182,68
2,1852,8.762,7.4487,70
3,1852,8.762,7.3642,78
0,1853,8.762,7.2837,80
1,1853,8.762,7.2791,89
2,1853,8.762,7.3336,80
3,1853,8.762,7.2585,80
0,1854,8.762,7.1311,81
1,1854,8.762,7.4121,68
2,1854,8.762,7.2527,68
3,1854,8.762,7.3079,75
0,1855,8.762,7.3752,77
1,1855,8.762,7.3469,73
2,1855,8.762,7.3407,81
3,1855,8.762,7.2216,77
0,1856,8.762,7.3223,80
1,1856,8.762,7.1088,78
2,1856,8.762,7.2975,76
3,1856,8.762,7.3931,79
0,1857,8.762,7.4201,66
1,1857,8.762,7.3581,80
2,1857,8.762,7.3895,77
3,1857,8.762,7.4029,79
0,1858,8.762,7.2201,73
1,1858,8.762,7.3221,70
2,1858,8.762,7.1669,82
3,1858,8.762,7.1968,80
0,1859,8.762,7.1571,77
1,1859,8.762,7.359,81
2,1859,8.762,7.367,70
3,1859,8.762,7.0289,84
0,1860,8.762,7.4435,78
1,1860,8.762,7.2051,72
2,1860,8.762,7.3495,76
3,1860,8.762,7.2111,81
0,1861,8.762,7.2265,82
1,1861,8.762,7.2551,77
2,1861,8.762,7.4149,66
3,1861,8.762,7.4005,70
0,1862,8.762,7.2101,75
1,1862,8.762,7.4103,67
2,1862,8.762,7.2499,78
3,1862,8.762,7.3527,82
0,1863,8.762,7.294,70
1,1863,8.762,7.3186,79
2,1863,8.762,7.3572,73
3,1863,8.762,7.193,78
0,1864,8.762,7.3776,73
1,1864,8.762,7.1576,86
2,1864,8.762,7.4099,71
3,1864,8.762,7.1762,76
0,1865,8.762,7.1716,87
1,1865,8.762,7.3464,75
2,1865,8.762,7.2096,71
3,1865,8.762,7.4259,68
0,1866,8.762,7.1996,82
1,1866,8.762,7.3698,73
2,1866,8.762,7.3357,73
3,1866,8.762,7.3289,68
0,1867,8.762,7.2628,74
1,1867,8.762,7.2277,74
2,1867,8.762,7.23,75
3,1867,8.762,7.3007,83
0,1868,8.762,7.3439,68
1,1868,8.762,7.1871,86
2,1868,8.762,7.2747,74
3,1868,8.762,7.2845,75
0,1869,8.762,7.2627,79
1,1869,8.762,7.0797,77
2,1869,8.762,7.2535,78
3,1869,8.762,7.2948,86
0,1870,8.762,7.2693,75
1,1870,8.762,7.2443,75
2,1870,8.762,7.2659,78
3,1870,8.762,7.2473,81
0,1871,8.762,7.3651,74
1,1871,8.762,7.3424,78
2,1871,8.762,7.2807,72
3,1871,8.762,7.306,76
0,1872,8.762,7.287,80
1,1872,8.762,7.447,81
2,1872,8.762,7.2778,78
3,1872,8.762,7.5013,70
0,1873,8.762,7.3463,78
1,1873,8.762,7.3121,76
2,1873,8.762,7.4135,76
3,1873,8.762,7.19,79
0,1874,8.762,7.35,70
1,1874,8.762,7.1759,80
2,1874,8.762,7.3228,80
3,1874,8.762,7.245,78
0,1875,8.762,7.2583,84
1,1875,8.762,7.2345,69
2,1875,8.762,7.3504,72
3,1875,8.762,7.4155,69
0,1876,8.762,7.3043,76
1,1876,8.762,7.3639,76
2,1876,8.762,7.3572,74
3,1876,8.762,7.2476,80
0,1877,8.762,7.2138,83
1,1877,8.762,7.373,77
2,1877,8.762,7.3542,69
3,1877,8.762,7.3259,79
0,1878,8.762,7.3512,68
1,1878,8.762,7.2068,69
2,1878,8.762,7.2206,76
3,1878,8.762,7.3614,74
0,1879,8.762,7.376,85
1,1879,8.762,7.3799,79
2,1879,8.762,7.3536,85
3,1879,8.762,7.4503,64
0,1880,8.762,7.2914,73
1,1880,8.762,7.2345,83
2,1880,8.762,7.284,78
3,1880,8.762,7.5042,80
0,1881,8.762,7.2276,73
1,1881,8.762,7.2788,81
2,1881,8.762,7.2101,72
3,1881,8.762,7.2688,71
0,1882,8.762,7.2097,81
1,1882,8.762,7.3107,84
2,1882,8.762,7.2143,77
3,1882,8.762,7.4327,72
0,1883,8.762,7.1674,76
1,1883,8.762,7.4309,66
2,1883,8.762,7.3095,79
3,1883,8.762,7.2731,83
0,1884,8.762,7.3098,73
1,1884,8.762,7.3549,83
2,1884,8.762,7.3226,76
3,1884,8.762,7.1262,76
0,1885,8.762,7.3568,67
1,1885,8.762,7.4467,68
2,1885,8.762,7.2657,83
3,1885,8.762,7.087,84
0,1886,8.762,7.2667,71
1,1886,8.762,7.3583,72
2,1886,8.762,7.3567,78
3,1886,8.762,7.2561,71
0,1887,8.762,7.3414,80
1,1887,8.762,7.3219,68
2,1887,8.762,7.2328,75
3,1887,8.762,7.3539,73
0,1888,8.762,7.2608,88
1,1888,8.762,7.2865,84
2,1888,8.762,7.2798,68
3,1888,8.762,7.2701,78
0,1889,8.762,7.322,76
1,1889,8.762,7.134,85
2,1889,8.762,7.1969,78
3,1889,8.762,7.3348,80
0,1890,8.762,7.3873,73
1,1890,8.762,7.2629,76
2,1890,8.762,7.4707,80
3,1890,8.762,7.1897,78
0,1891,8.762,7.3124,74
1,1891,8.762,7.3311,78
2,1891,8.762,7.2024,83
3,1891,8.762,7.2896,74
0,1892,8.762,7.2489,83
1,1892,8.762,7.3481,77
2,1892,8.762,7.1992,75
3,1892,8.762,7.325,77
0,1893,8.762,7.3479,75
1,1893,8.762,7.3602,78
2,1893,8.762,7.2524,84
3,1893,8.762,7.2139,76
0,1894,8.762,7.3072,78
1,1894,8.762,7.2339,75
2,1894,8.762,7.2718,84
3,1894,8.762,7.3188,75
0,1895,8.762,7.1408,79
1,1895,8.762,7.3585,75
2,1895,8.762,7.2697,78
3,1895,8.762,7.3756,81
0,1896,8.762,7.0877,85
1,1896,8.762,7.3866,77
2,1896,8.762,7.316,80
3,1896,8.762,7.2874,74
0,1897,8.762,7.3088,66
1,1897,8.762,7.2445,80
2,1897,8.762,7.2765,84
3,1897,8.762,7.2394,76
0,1898,8.762,7.2343,76
1,1898,8.762,7.3125,71
2,1898,8.762,7.346,70
3,1898,8.762,7.2896,73
0,1899,8.762,7.1707,80
1,1899,8.762,7.3114,68
2,1899,8.762,7.0662,77
3,1899,8.762,7.3512,70
0,1900,8.762,7.3224,73
1,1900,8.762,7.297,85
2,1900,8.762,7.2631,71
3,1900,8.762,7.2099,77
0,1901,8.762,7.2295,87
1,1901,8.762,7.3401,74
2,1901,8.762,7.1686,78
3,1901,8.762,7.573,68
0,1902,8.762,7.2631,84
1,1902,8.762,7.3203,75
2,1902,8.762,7.1589,76
3,1902,8.762,7.3494,70
0,1903,8.762,7.2988,74
1,1903,8.762,7.232,73
2,1903,8.762,7.2446,78
3,1903,8.762,7.3959,74
0,1904,8.762,7.3215,72
1,1904,8.762,7.2308,81
2,1904,8.762,7.244,79
3,1904,8.762,7.3541,78
0,1905,8.762,7.3598,70
1,1905,8.762,7.3218,75
2,1905,8.762,7.2799,72
3,1905,8.762,7.2233,78
0,1906,8.762,7.1486,85
1,1906,8.762,7.2194,83
2,1906,8.762,7.1465,86
3,1906,8.762,7.216,75
0,1907,8.762,7.2105,76
1,1907,8.762,7.3556,70
2,1907,8.762,7.251,71
3,1907,8.762,7.2471,85
0,1908,8.762,7.1874,85
1,1908,8.762,7.3116,77
2,1908,8.762,7.4146,68
3,1908,8.762,7.2616,79
0,1909,8.762,7.3615,65
1,1909,8.762,7.3378,76
2,1909,8.762,7.1994,84
3,1909,8.762,7.3217,75
0,1910,8.762,7.2697,71
1,1910,8.762,7.379,69
2,1910,8.762,7.2744,80
3,1910,8.762,7.3465,67
0,1911,8.762,7.2789,83
1,1911,8.762,7.2185,82
2,1911,8.762,7.2065,84
3,1911,8.762,7.3331,76
0,1912,8.762,7.3743,82
1,1912,8.762,7.2559,76
2,1912,8.762,7.3044,71
3,1912,8.762,7.2985,77
0,1913,8.762,7.2252,82
1,1913,8.762,7.1834,71
2,1913,8.762,7.3109,84
3,1913,8.762,7.185,80
0,1914,8.762,7.396,80
1,1914,8.762,7.2821,74
2,1914,8.762,7.3693,68
3,1914,8.762,7.2854,77
0,1915,8.762,7.2659,68
1,1915,8.762,7.3236,72
2,1915,8.762,7.2725,75
3,1915,8.762,7.173,86
0,1916,8.762,7.3808,70
1,1916,8.762,7.2151,84
2,1916,8.762,7.23,79
3,1916,8.762,7.3378,73
0,1917,8.762,7.428,68
1,1917,8.762,7.1875,75
2,1917,8.762,7.3699,84
3,1917,8.762,7.2732,76
0,1918,8.762,7.393,69
1,1918,8.762,7.2584,73
2,1918,8.762,7.4469,68
3,1918,8.762,7.3515,69
0,1919,8.762,7.3648,72
1,1919,8.762,7.2946,73
2,1919,8.762,7.1849,77
3,1919,8.762,7.2284,72
0,1920,8.762,7.2442,79
1,1920,8.762,7.2817,81
2,1920,8.762,7.3084,77
3,1920,8.762,7.4172,75
0,1921,8.762,7.1921,79
1,1921,8.762,7.2846,82
2,1921,8.762,7.2954,83
3,1921,8.762,7.4021,81
0,1922,8.762,7.2066,75
1,1922,8.762,7.3028,76
2,1922,8.762,7.2607,77
3,1922,8.762,7.3511,74
0,1923,8.762,7.26,75
1,1923,8.762,7.461,64
2,1923,8.762,7.3749,76
3,1923,8.762,7.4059,70
0,1924,8.762,7.3247,78
1,1924,8.762,7.1291,83
2,1924,8.762,7.3785,66
3,1924,8.762,7.3231,75
0,1925,8.762,7.2511,75
1,1925,8.762,7.396,74
2,1925,8.762,7.2933,78
3,1925,8.762,7.2711,87
0,1926,8.762,7.4452,72
1,1926,8.762,7.2597,75
2,1926,8.762,7.3735,73
3,1926,8.762,7.402,68
0,1927,8.762,7.3668,71
1,1927,8.762,7.1878,83
2,1927,8.762,7.1683,84
3,1927,8.762,7.1952,87
0,1928,8.762,7.3693,75
1,1928,8.762,7.3898,68
2,1928,8.762,7.319,76
3,1928,8.762,7.2269,71
0,1929,8.762,7.1622,79
1,1929,8.762,7.2598,79
2,1929,8.762,7.2441,77
3,1929,8.762,7.273,71
0,1930,8.762,7.3568,70
1,1930,8.762,7.2425,70
2,1930,8.762,7.2575,80
3,1930,8.762,7.2555,75
0,1931,8.762,7.2973,81
1,1931,8.762,7.131,85
2,1931,8.762,7.2984,75
3,1931,8.762,7.3892,73
0,1932,8.762,6.9707,84
1,1932,8.762,7.3255,74
2,1932,8.762,7.208,68
3,1932,8.762,7.3221,71
0,1933,8.762,7.187,95
1,1933,8.762,7.2129,69
2,1933,8.762,7.3371,67
3,1933,8.762,7.2778,74
0,1934,8.762,7.3318,74
1,1934,8.762,7.18,82
2,1934,8.762,7.3345,76
3,1934,8.762,7.3574,75
0,1935,8.762,7.0887,79
1,1935,8.762,7.3341,80
2,1935,8.762,7.153,92
3,1935,8.762,7.3242,78
0,1936,8.762,7.3747,75
1,1936,8.762,7.2886,76
2,1936,8.762,7.4676,72
3,1936,8.762,7.361,83
0,1937,8.762,7.5035,76
1,1937,8.762,7.3181,73
2,1937,8.762,7.3811,72
3,1937,8.762,7.2352,85
0,1938,8.762,7.1985,85
1,1938,8.762,7.2749,86
2,1938,8.762,7.4178,66
3,1938,8.762,7.2349,77
0,1939,8.762,7.2041,79
1,1939,8.762,7.2833,75
2,1939,8.762,7.3808,74
3,1939,8.762,7.1175,88
0,1940,8.762,7.2075,70
1,1940,8.762,7.2157,75
2,1940,8.762,7.2592,75
3,1940,8.762,7.0407,82
0,1941,8.762,7.2013,85
1,1941,8.762,7.4026,72
2,1941,8.762,7.3208,74
3,1941,8.762,7.1355,82
0,1942,8.762,7.1713,85
1,1942,8.762,7.3764,78
2,1942,8.762,7.3624,81
3,1942,8.762,7.2193,82
0,1943,8.762,7.4609,80
1,1943,8.762,7.2509,72
2,1943,8.762,7.2347,78
3,1943,8.762,7.2293,73
0,1944,8.762,7.1383,77
1,1944,8.762,7.0462,89
2,1944,8.762,7.3562,77
3,1944,8.762,7.145,88
0,1945,8.762,7.3234,72
1,1945,8.762,7.3645,77
2,1945,8.762,7.2195,83
3,1945,8.762,7.361,64
0,1946,8.762,7.3528,69
1,1946,8.762,7.2703,71
2,1946,8.762,7.2727,74
3,1946,8.762,7.364,75
0,1947,8.762,7.2311,93
1,1947,8.762,7.3711,79
2,1947,8.762,7.2067,73
3,1947,8.762,7.2624,68
0,1948,8.762,7.2086,77
1,1948,8.762,7.4073,70
2,1948,8.762,7.3673,66
3,1948,8.762,7.2244,78
0,1949,8.762,7.323,73
1,1949,8.762,7.3059,74
2,1949,8.762,7.3659,68
3,1949,8.762,7.2088,87
0,1950,8.762,7.1744,80
1,1950,8.762,7.2851,77
2,1950,8.762,7.1603,77
3,1950,8.762,7.3876,75
0,1951,8.762,7.2106,87
1,1951,8.762,7.2789,78
2,1951,8.762,7.2911,74
3,1951,8.762,7.3377,75
0,1952,8.762,7.4268,75
1,1952,8.762,7.3385,69
2,1952,8.762,7.4125,82
3,1952,8.762,7.3215,80
0,1953,8.762,7.3944,80
1,1953,8.762,7.2279,71
2,1953,8.762,7.3398,77
3,1953,8.762,7.162,81
0,1954,8.762,7.3375,74
1,1954,8.762,7.34,70
2,1954,8.762,7.5009,64
3,1954,8.762,7.3345,78
0,1955,8.762,7.2068,85
1,1955,8.762,7.3434,77
2,1955,8.762,7.1757,77
3,1955,8.762,7.2321,71
0,1956,8.762,7.31,71
1,1956,8.762,7.3057,76
2,1956,8.762,7.3938,80
3,1956,8.762,7.2935,78
0,1957,8.762,7.2626,74
1,1957,8.762,7.3012,79
2,1957,8.762,7.2615,86
3,1957,8.762,7.2145,76
0,1958,8.762,7.2702,80
1,1958,8.762,7.2802,73
2,1958,8.762,7.249,77
3,1958,8.762,7.1719,77
0,1959,8.762,7.3614,75
1,1959,8.762,7.3669,77
2,1959,8.762,7.2828,77
3,1959,8.762,7.2957,72
0,1960,8.762,7.3278,75
1,1960,8.762,7.3967,73
2,1960,8.762,7.318,82
3,1960,8.762,7.2375,83
0,1961,8.762,7.4089,70
1,1961,8.762,7.1455,77
2,1961,8.762,7.2481,73
3,1961,8.762,7.3837,72
0,1962,8.762,7.4008,73
1,1962,8.762,7.2194,84
2,1962,8.762,7.2638,77
3,1962,8.762,7.252,79
0,1963,8.762,7.4173,78
1,1963,8.762,7.2922,73
2,1963,8.762,7.3082,74
3,1963,8.762,7.2362,68
0,1964,8.762,7.3405,69
1,1964,8.762,7.2708,68
2,1964,8.762,7.25,80
3,1964,8.762,7.3254,74
0,1965,8.762,7.2144,73
1,1965,8.762,7.4303,69
2,1965,8.762,7.3541,75
3,1965,8.762,7.1254,81
0,1966,8.762,7.093,83
1,1966,8.762,7.1323,80
2,1966,8.762,7.1512,86
3,1966,8.762,7.4376,76
0,1967,8.762,7.2096,76
1,1967,8.762,7.1238,81
2,1967,8.762,7.1979,84
3,1967,8.762,7.2475,87
0,1968,8.762,7.2659,74
1,1968,8.762,7.321,76
2,1968,8.762,7.2225,71
3,1968,8.762,7.206,80
0,1969,8.762,7.3925,75
1,1969,8.762,7.3749,82
2,1969,8.762,7.4456,73
3,1969,8.762,7.1837,76
0,1970,8.762,7.3144,76
1,1970,8.762,7.3693,75
2,1970,8.762,7.3634,76
3,1970,8.762,7.4423,76
0,1971,8.762,7.2195,78
1,1971,8.762,7.3821,70
2,1971,8.762,7.1389,73
3,1971,8.762,7.3857,64
0,1972,8.762,7.1569,79
1,1972,8.762,7.1146,84
2,1972,8.762,7.4461,68
3,1972,8.762,7.3198,76
0,1973,8.762,7.2737,81
1,1973,8.762,7.093,87
2,1973,8.762,7.3305,75
3,1973,8.762,7.5273,64
0,1974,8.762,7.2597,76
1,1974,8.762,7.2008,78
2,1974,8.762,7.2043,81
3,1974,8.762,7.2808,79
0,1975,8.762,7.3363,76
1,1975,8.762,7.3216,76
2,1975,8.762,7.3794,75
3,1975,8.762,7.1233,73
0,1976,8.762,7.3755,73
1,1976,8.762,7.3152,77
2,1976,8.762,7.2554,78
3,1976,8.762,7.2199,74
0,1977,8.762,7.381,68
1,1977,8.762,7.0959,85
2,1977,8.762,7.3611,75
3,1977,8.762,7.1813,81
0,1978,8.762,7.3296,74
1,1978,8.762,7.4921,68
2,1978,8.762,7.3572,75
3,1978,8.762,7.2446,80
0,1979,8.762,7.3869,75
1,1979,8.762,7.3618,81
2,1979,8.762,7.2305,79
3,1979,8.762,7.2935,79
0,1980,8.762,7.2774,74
1,1980,8.762,7.1905,89
2,1980,8.762,7.2928,72
3,1980,8.762,7.0723,80
0,1981,8.762,7.3395,79
1,1981,8.762,7.2241,66
2,1981,8.762,7.3233,74
3,1981,8.762,7.2705,76
0,1982,8.762,7.2629,77
1,1982,8.762,7.3597,73
2,1982,8.762,7.2604,77
3,1982,8.762,7.3987,76
0,1983,8.762,7.4048,70
1,1983,8.762,7.2589,83
2,1983,8.762,7.3018,71
3,1983,8.762,7.3578,78
0,1984,8.762,7.2308,74
1,1984,8.762,7.3186,79
2,1984,8.762,7.2989,71
3,1984,8.762,7.2084,81
0,1985,8.762,7.3519,73
1,1985,8.762,7.3305,65
2,1985,8.762,7.3748,79
3,1985,8.762,7.3109,84
0,1986,8.762,7.4034,80
1,1986,8.762,7.3263,84
2,1986,8.762,7.5108,72
3,1986,8.762,7.2777,81
0,1987,8.762,7.2992,86
1,1987,8.762,7.4377,72
2,1987,8.762,7.3692,73
3,1987,8.762,7.2248,83
0,1988,8.762,7.3749,77
1,1988,8.762,7.1863,81
2,1988,8.762,7.2171,84
3,1988,8.762,7.2914,81
0,1989,8.762,7.2637,73
1,1989,8.762,7.3171,71
2,1989,8.762,7.2998,70
3,1989,8.762,7.2528,82
0,1990,8.762,7.4439,74
1,1990,8.762,7.2222,69
2,1990,8.762,7.3708,75
3,1990,8.762,7.3764,68
0,1991,8.762,7.2711,78
1,1991,8.762,7.216,76
2,1991,8.762,7.3169,74
3,1991,8.762,7.4341,74
0,1992,8.762,7.3358,81
1,1992,8.762,7.3357,73
2,1992,8.762,7.413,76
3,1992,8.762,7.2806,79
0,1993,8.762,7.1909,81
1,1993,8.762,7.1769,84
2,1993,8.762,7.2634,78
3,1993,8.762,7.1951,68
0,1994,8.762,7.2915,79
1,1994,8.762,7.4662,67
2,1994,8.762,7.1931,70
3,1994,8.762,7.2991,70
0,1995,8.762,7.3205,66
1,1995,8.762,7.3041,73
2,1995,8.762,7.314,78
3,1995,8.762,7.2386,81
0,1996,8.762,7.3283,72
1,1996,8.762,7.3623,69
2,1996,8.762,7.4592,70
3,1996,8.762,7.1485,83
0,1997,8.762,7.2275,77
1,1997,8.762,7.2847,81
2,1997,8.762,7.3246,75
3,1997,8.762,7.2894,76
0,1998,8.762,7.3009,75
1,1998,8.762,7.2499,76
2,1998,8.762,7.336,84
3,1998,8.762,7.2018,82
0,1999,8.762,7.4539,67
1,1999,8.762,7.39,72
2,1999,8.762,7.2921,79
3,1999,8.762,7.3368,83
0,2000,8.762,7.3026,76
1,2000,8.762,7.2924,73
2,2000,8.762,7.2993,69
3,2000,8.762,7.1816,84
0,2001,8.762,7.2726,72
1,2001,8.762,7.1448,82
2,2001,8.762,7.2551,79
3,2001,8.762,7.3432,76
0,2002,8.762,7.2208,88
1,2002,8.762,7.4464,75
2,2002,8.762,7.327,75
3,2002,8.762,7.2557,81
0,2003,8.762,7.2731,80
1,2003,8.762,7.1691,80
2,2003,8.762,7.2656,77
3,2003,8.762,7.2187,83
0,2004,8.762,7.1589,87
1,2004,8.762,7.2912,79
2,2004,8.762,7.1999,78
3,2004,8.762,7.3671,73
0,2005,8.762,7.3576,77
1,2005,8.762,7.3916,75
2,2005,8.762,7.328,67
3,2005,8.762,7.2201,83
0,2006,8.762,7.2935,80
1,2006,8.762,7.3756,76
2,2006,8.762,7.1803,82
3,2006,8.762,7.1969,77
0,2007,8.762,7.373,71
1,2007,8.762,7.1646,79
2,2007,8.762,7.3603,66
3,2007,8.762,7.2755,81
0,2008,8.762,7.2415,85
1,2008,8.762,7.0395,85
2,2008,8.762,7.2444,78
3,2008,8.762,7.1995,75
0,2009,8.762,7.4296,74
1,2009,8.762,7.2929,66
2,2009,8.762,7.2967,70
3,2009,8.762,7.3789,70
0,2010,8.762,7.3671,75
1,2010,8.762,7.2503,72
2,2010,8.762,7.2922,79
3,2010,8.762,7.3538,67
0,2011,8.762,7.3411,76
1,2011,8.762,7.4333,79
2,2011,8.762,7.3264,82
3,2011,8.762,7.4189,76
0,2012,8.762,7.2599,80
1,2012,8.762,7.2089,71
2,2012,8.762,7.3247,76
3,2012,8.762,7.2894,72
0,2013,8.762,7.2498,82
1,2013,8.762,7.1568,72
2,2013,8.762,7.1915,80
3,2013,8.762,7.3616,70
0,2014,8.762,7.3108,79
1,2014,8.762,7.3542,66
2,2014,8.762,7.2882,84
3,2014,8.762,7.1541,76
0,2015,8.762,7.4206,67
1,2015,8.762,7.2264,79
2,2015,8.762,7.2893,81
3,2015,8.762,7.2231,80
0,2016,8.762,7.2313,84
1,2016,8.762,7.2782,81
2,2016,8.762,7.1044,86
3,2016,8.762,7.3282,79
0,2017,8.762,7.2372,79
1,2017,8.762,7.3407,73
2,2017,8.762,7.2569,75
3,2017,8.762,7.1643,75
0,2018,8.762,7.2847,78
1,2018,8.762,7.2586,71
2,2018,8.762,7.2508,80
3,2018,8.762,7.1739,80
0,2019,8.762,7.2746,72
1,2019,8.762,7.3341,74
2,2019,8.762,7.2942,76
3,2019,8.762,7.3455,76
0,2020,8.762,7.2952,77
1,2020,8.762,7.305,74
2,2020,8.762,7.193,82
3,2020,8.762,7.2879,71
0,2021,8.762,7.3043,83
1,2021,8.762,7.2227,76
2,2021,8.762,7.338,69
3,2021,8.762,7.0887,79
0,2022,8.762,7.3397,78
1,2022,8.762,7.3712,71
2,2022,8.762,7.3617,70
3,2022,8.762,7.2441,82
0,2023,8.762,7.3109,81
1,2023,8.762,7.3124,66
2,2023,8.762,7.1512,73
3,2023,8.762,7.279,81
0,2024,8.762,7.3078,72
1,2024,8.762,7.2559,86
2,2024,8.762,7.2618,75
3,2024,8.762,7.108,87
0,2025,8.762,7.3068,74
1,2025,8.762,7.4051,72
2,2025,8.762,7.1548,79
3,2025,8.762,7.1904,73
0,2026,8.762,7.1339,85
1,2026,8.762,7.3688,64
2,2026,8.762,7.4005,81
3,2026,8.762,7.3873,68
0,2027,8.762,7.2877,69
1,2027,8.762,7.3313,70
2,2027,8.762,7.3007,75
3,2027,8.762,7.3722,71
0,2028,8.762,7.1454,72
1,2028,8.762,7.322,80
2,2028,8.762,7.3302,73
3,2028,8.762,7.2022,79
0,2029,8.762,7.1864,78
1,2029,8.762,7.4068,74
2,2029,8.762,7.3144,82
3,2029,8.762,7.1907,77
0,2030,8.762,7.3336,79
1,2030,8.762,7.27,72
2,2030,8.762,7.3441,77
3,2030,8.762,7.439,68
0,2031,8.762,7.314,85
1,2031,8.762,7.3464,70
2,2031,8.762,7.2453,69
3,2031,8.762,7.4365,75
0,2032,8.762,7.339,72
1,2032,8.762,7.2101,79
2,2032,8.762,7.2389,76
3,2032,8.762,7.4004,75
0,2033,8.762,7.3118,71
1,2033,8.762,7.2503,76
2,2033,8.762,7.3605,82
3,2033,8.762,7.2861,83
0,2034,8.762,7.2806,82
1,2034,8.762,7.239,80
2,2034,8.762,7.369,75
3,2034,8.762,7.1985,77
0,2035,8.762,7.2428,73
1,2035,8.762,7.3161,78
2,2035,8.762,7.2861,75
3,2035,8.762,7.2229,78
0,2036,8.762,7.2288,77
1,2036,8.762,7.4035,72
2,2036,8.762,7.2707,73
3,2036,8.762,7.2147,72
0,2037,8.762,7.3459,76
1,2037,8.762,7.2163,78
2,2037,8.762,7.3829,72
3,2037,8.762,7.181,76
0,2038,8.762,7.3216,75
1,2038,8.762,7.2645,77
2,2038,8.762,7.3774,72
3,2038,8.762,7.2262,81
0,2039,8.762,7.2437,85
1,2039,8.762,7.4128,65
2,2039,8.762,7.3648,86
3,2039,8.762,7.3895,74
0,2040,8.762,7.3286,81
1,2040,8.762,7.3753,76
2,2040,8.762,7.2294,78
3,2040,8.762,7.3783,71
0,2041,8.762,7.2685,79
1,2041,8.762,7.26,80
2,2041,8.762,7.2746,71
3,2041,8.762,7.4178,69
0,2042,8.762,7.356,79
1,2042,8.762,7.2948,79
2,2042,8.762,7.2177,87
3,2042,8.762,7.1829,76
0,2043,8.762,7.3728,77
1,2043,8.762,7.3087,81
2,2043,8.762,7.1232,68
3,2043,8.762,7.2729,75
0,2044,8.762,7.3455,85
1,2044,8.762,7.2576,73
2,2044,8.762,7.1947,69
3,2044,8.762,7.2999,73
0,2045,8.762,7.276,80
1,2045,8.762,7.3012,87
2,2045,8.762,7.3506,69
3,2045,8.762,7.3574,67
0,2046,8.762,7.2511,82
1,2046,8.762,7.2563,78
2,2046,8.762,7.2949,79
3,2046,8.762,7.309,75
0,2047,8.762,7.1804,92
1,2047,8.762,7.2377,78
2,2047,8.762,7.3923,76
3,2047,8.762,7.1876,77
0,2048,8.762,7.2036,83
1,2048,8.762,7.2891,79
2,2048,8.762,7.3821,69
3,2048,8.762,7.2753,71
0,2049,8.762,7.2878,75
1,2049,8.762,7.4203,69
2,2049,8.762,7.2346,87
3,2049,8.762,7.2067,79
0,2050,8.762,7.2067,82
1,2050,8.762,7.2703,85
2,2050,8.762,7.3222,78
3,2050,8.762,7.2186,81
0,2051,8.762,7.334,79
1,2051,8.762,7.2428,73
2,2051,8.762,7.3014,81
3,2051,8.762,7.0966,89
0,2052,8.762,7.3199,76
1,2052,8.762,7.2994,76
2,2052,8.762,7.3002,74
3,2052,8.762,7.2423,81
0,2053,8.762,7.2241,83
1,2053,8.762,7.3504,77
2,2053,8.762,7.2425,78
3,2053,8.762,7.3262,71
0,2054,8.762,7.3857,72
1,2054,8.762,7.1099,86
2,2054,8.762,7.3714,77
3,2054,8.762,7.3588,74
0,2055,8.762,7.3899,72
1,2055,8.762,7.3517,70
2,2055,8.762,7.3178,70
3,2055,8.762,7.3085,77
0,2056,8.762,7.3016,80
1,2056,8.762,7.1621,87
2,2056,8.762,7.4664,78
3,2056,8.762,7.1991,81
0,2057,8.762,7.3906,80
1,2057,8.762,7.2581,75
2,2057,8.762,7.2886,72
3,2057,8.762,7.2548,82
0,2058,8.762,7.221,81
1,2058,8.762,7.3306,68
2,2058,8.762,7.0229,82
3,2058,8.762,7.3783,71
0,2059,8.762,7.2611,77
1,2059,8.762,7.3803,78
2,2059,8.762,7.1718,85
3,2059,8.762,7.2836,83
0,2060,8.762,7.2938,79
1,2060,8.762,7.3126,75
2,2060,8.762,7.1583,93
3,2060,8.762,7.292,89
0,2061,8.762,7.2344,81
1,2061,8.762,7.423,78
2,2061,8.762,7.335,83
3,2061,8.762,7.2713,74
0,2062,8.762,7.3423,65
1,2062,8.762,7.2688,76
2,2062,8.762,7.3246,79
3,2062,8.762,7.1947,76
0,2063,8.762,7.2928,81
1,2063,8.762,7.463,72
2,2063,8.762,7.178,86
3,2063,8.762,7.3363,78
0,2064,8.762,7.3603,72
1,2064,8.762,7.2656,69
2,2064,8.762,7.3725,75
3,2064,8.762,7.3074,73
0,2065,8.762,7.2516,79
1,2065,8.762,7.1985,73
2,2065,8.762,7.3062,69
3,2065,8.762,7.3114,78
0,2066,8.762,7.2774,77
1,2066,8.762,7.441,70
2,2066,8.762,7.322,80
3,2066,8.762,7.2507,76
0,2067,8.762,7.2679,74
1,2067,8.762,7.2704,68
2,2067,8.762,7.3315,80
3,2067,8.762,7.1969,80
0,2068,8.762,7.3074,87
1,2068,8.762,7.3309,69
2,2068,8.762,7.3823,64
3,2068,8.762,7.3441,77
0,2069,8.762,7.2284,71
1,2069,8.762,7.2388,78
2,2069,8.762,7.5471,76
3,2069,8.762,7.2556,79
0,2070,8.762,7.2342,82
1,2070,8.762,7.2517,88
2,2070,8.762,7.3355,71
3,2070,8.762,7.1931,78
0,2071,8.762,7.1776,80
1,2071,8.762,7.163,78
2,2071,8.762,7.2114,77
3,2071,8.762,7.4557,83
0,2072,8.762,7.1746,77
1,2072,8.762,7.2022,90
2,2072,8.762,7.1503,77
3,2072,8.762,7.3096,77
0,2073,8.762,7.0241,81
1,2073,8.762,7.3781,73
2,2073,8.762,7.3746,74
3,2073,8.762,7.1986,81
0,2074,8.762,7.2989,76
1,2074,8.762,7.2591,73
2,2074,8.762,7.2305,78
3,2074,8.762,7.3649,73
0,2075,8.762,7.2297,81
1,2075,8.762,7.2506,72
2,2075,8.762,7.3221,87
3,2075,8.762,7.4604,67
0,2076,8.762,7.1721,79
1,2076,8.762,7.4095,71
2,2076,8.762,7.455,72
3,2076,8.762,7.3829,75
0,2077,8.762,7.1878,73
1,2077,8.762,7.3277,77
2,2077,8.762,7.2541,73
3,2077,8.762,7.4311,70
0,2078,8.762,7.2281,78
1,2078,8.762,7.4237,70
2,2078,8.762,7.2557,77
3,2078,8.762,7.3696,72
0,2079,8.762,7.2952,75
1,2079,8.762,7.2208,82
2,2079,8.762,7.2319,82
3,2079,8.762,7.2931,74
0,2080,8.762,7.3087,71
1,2080,8.762,7.3164,74
2,2080,8.762,7.2712,77
3,2080,8.762,7.2906,79
0,2081,8.762,7.2447,85
1,2081,8.762,7.232,73
2,2081,8.762,7.201,81
3,2081,8.762,7.368,69
0,2082,8.762,7.3439,72
1,2082,8.762,7.2772,76
2,2082,8.762,7.3008,78
3,2082,8.762,7.2599,75
0,2083,8.762,7.1816,80
1,2083,8.762,7.2392,72
2,2083,8.762,7.5104,74
3,2083,8.762,7.1952,79
0,2084,8.762,7.4465,73
1,2084,8.762,7.2314,80
2,2084,8.762,7.352,73
3,2084,8.762,7.2586,79
0,2085,8.762,7.4029,70
1,2085,8.762,7.1962,84
2,2085,8.762,7.4615,71
3,2085,8.762,7.424,68
0,2086,8.762,7.3905,62
1,2086,8.762,7.2558,72
2,2086,8.762,7.3731,73
3,2086,8.762,7.3431,81
0,2087,8.762,7.3594,71
1,2087,8.762,7.2619,80
2,2087,8.762,7.3343,69
3,2087,8.762,7.1991,75
0,2088,8.762,7.2276,80
1,2088,8.762,7.3194,69
2,2088,8.762,7.3398,78
3,2088,8.762,7.2552,76
0,2089,8.762,7.0979,87
1,2089,8.762,7.2958,85
2,2089,8.762,7.424,65
3,2089,8.762,7.3768,78
0,2090,8.762,7.2882,78
1,2090,8.762,7.3059,72
2,2090,8.762,7.3354,80
3,2090,8.762,7.2533,77
0,2091,8.762,7.3422,73
1,2091,8.762,7.3956,71
2,2091,8.762,7.3206,82
3,2091,8.762,7.1967,88
0,2092,8.762,7.3423,72
1,2092,8.762,7.1605,76
2,2092,8.762,7.2586,83
3,2092,8.762,7.22,74
0,2093,8.762,7.242,78
1,2093,8.762,7.3312,84
2,2093,8.762,7.2729,79
3,2093,8.762,7.2914,79
0,2094,8.762,7.1908,78
1,2094,8.762,7.2694,80
2,2094,8.762,7.3274,77
3,2094,8.762,7.2023,77
0,2095,8.762,7.2339,81
1,2095,8.762,7.3837,78
2,2095,8.762,7.3948,73
3,2095,8.762,7.4197,69
0,2096,8.762,7.1367,73
1,2096,8.762,7.2202,76
2,2096,8.762,7.3008,77
3,2096,8.762,7.2853,73
0,2097,8.762,7.1622,78
1,2097,8.762,7.3567,65
2,2097,8.762,7.3391,72
3,2097,8.762,7.2989,78
0,2098,8.762,7.1339,75
1,2098,8.762,7.3319,70
2,2098,8.762,7.2715,67
3,2098,8.762,7.4621,76
0,2099,8.762,7.3192,66
1,2099,8.762,7.325,68
2,2099,8.762,7.1962,75
3,2099,8.762,7.3034,73
0,2100,8.762,7.2341,78
1,2100,8.762,7.216,82
2,2100,8.762,7.2768,80
3,2100,8.762,7.2645,75
0,2101,8.762,7.2919,79
1,2101,8.762,7.2784,80
2,2101,8.762,7.2084,84
3,2101,8.762,7.4646,67
0,2102,8.762,7.1462,81
1,2102,8.762,7.3744,75
2,2102,8.762,7.288,71
3,2102,8.762,7.2518,76
0,2103,8.762,7.3703,64
1,2103,8.762,7.3315,71
2,2103,8.762,7.1094,83
3,2103,8.762,7.3575,71
0,2104,8.762,7.2472,84
1,2104,8.762,7.3449,80
2,2104,8.762,7.2792,84
3,2104,8.762,7.3331,75
0,2105,8.762,7.1251,77
1,2105,8.762,7.3456,68
2,2105,8.762,7.3782,63
3,2105,8.762,7.2006,74
0,2106,8.762,7.3676,76
1,2106,8.762,7.1781,78
2,2106,8.762,7.2395,78
3,2106,8.762,7.1501,76
0,2107,8.762,7.1369,70
1,2107,8.762,7.3656,74
2,2107,8.762,7.4182,74
3,2107,8.762,7.2987,71
0,2108,8.762,7.4381,77
1,2108,8.762,7.38,71
2,2108,8.762,7.2704,79
3,2108,8.762,7.1873,78
0,2109,8.762,7.2398,78
1,2109,8.762,7.2603,75
2,2109,8.762,7.3069,73
3,2109,8.762,7.2979,78
0,2110,8.762,7.4177,73
1,2110,8.762,7.3158,77
2,2110,8.762,7.4238,61
3,2110,8.762,7.2261,82
0,2111,8.762,7.2729,69
1,2111,8.762,7.2004,68
2,2111,8.762,7.2881,76
3,2111,8.762,7.353,71
0,2112,8.762,7.1484,81
1,2112,8.762,7.1464,79
2,2112,8.762,7.4101,78
3,2112,8.762,7.2493,78
0,2113,8.762,7.3158,68
1,2113,8.762,7.2498,72
2,2113,8.762,7.2276,82
3,2113,8.762,7.2892,75
0,2114,8.762,7.1621,84
1,2114,8.762,7.4866,72
2,2114,8.762,7.4507,78
3,2114,8.762,7.3223,81
0,2115,8.762,7.3312,74
1,2115,8.762,7.4315,75
2,2115,8.762,7.2447,76
3,2115,8.762,7.1867,83
0,2116,8.762,7.2589,83
1,2116,8.762,7.3362,79
2,2116,8.762,7.4606,71
3,2116,8.762,7.1443,80
0,2117,8.762,7.0781,85
1,2117,8.762,7.2924,77
2,2117,8.762,7.4177,79
3,2117,8.762,7.1773,75
0,2118,8.762,7.3536,78
1,2118,8.762,7.2816,73
2,2118,8.762,7.3679,79
3,2118,8.762,7.2015,83
0,2119,8.762,7.1402,85
1,2119,8.762,7.4608,70
2,2119,8.762,7.3068,72
3,2119,8.762,7.2341,71
0,2120,8.762,7.2663,75
1,2120,8.762,7.2457,79
2,2120,8.762,7.1871,86
3,2120,8.762,7.3867,72
0,2121,8.762,7.3588,76
1,2121,8.762,7.1182,78
2,2121,8.762,7.245,75
3,2121,8.762,7.4349,70
0,2122,8.762,7.3773,76
1,2122,8.762,7.4334,76
2,2122,8.762,7.2996,74
3,2122,8.762,7.1691,79
0,2123,8.762,7.3229,70
1,2123,8.762,7.2428,73
2,2123,8.762,7.3217,79
3,2123,8.762,7.2094,81
0,2124,8.762,7.3232,79
1,2124,8.762,7.3988,82
2,2124,8.762,7.015,83
3,2124,8.762,7.2871,74
0,2125,8.762,7.2703,77
1,2125,8.762,7.0622,81
2,2125,8.762,7.3685,77
3,2125,8.762,7.2496,77
0,2126,8.762,7.2681,86
1,2126,8.762,7.2399,80
2,2126,8.762,7.3524,82
3,2126,8.762,7.1848,83
0,2127,8.762,7.3892,73
1,2127,8.762,7.3346,68
2,2127,8.762,7.2819,76
3,2127,8.762,7.3288,67
0,2128,8.762,7.3008,80
1,2128,8.762,7.2827,77
2,2128,8.762,7.3727,76
3,2128,8.762,7.3029,71
0,2129,8.762,7.3569,71
1,2129,8.762,7.3875,65
2,2129,8.762,7.2119,83
3,2129,8.762,7.1402,88
0,2130,8.762,7.3998,78
1,2130,8.762,7.3555,75
2,2130,8.762,7.2611,75
3,2130,8.762,7.2712,81
0,2131,8.762,7.3454,77
1,2131,8.762,7.2816,75
2,2131,8.762,7.2735,77
3,2131,8.762,7.3689,85
0,2132,8.762,7.2205,87
1,2132,8.762,7.381,70
2,2132,8.762,7.3865,74
3,2132,8.762,7.3445,81
0,2133,8.762,7.1977,83
1,2133,8.762,7.1695,75
2,2133,8.762,7.1965,81
3,2133,8.762,7.3405,84
0,2134,8.762,7.1869,75
1,2134,8.762,7.2484,82
2,2134,8.762,7.1397,80
3,2134,8.762,7.2377,79
0,2135,8.762,7.4044,75
1,2135,8.762,7.3445,67
2,2135,8.762,7.3328,71
3,2135,8.762,7.2436,77
0,2136,8.762,7.3265,74
1,2136,8.762,7.4097,70
2,2136,8.762,7.1028,83
3,2136,8.762,7.4417,70
0,2137,8.762,7.2278,79
1,2137,8.762,7.3541,69
2,2137,8.762,7.2868,76
3,2137,8.762,7.1802,80
0,2138,8.762,7.336,73
1,2138,8.762,7.4037,75
2,2138,8.762,7.3128,70
3,2138,8.762,7.247,76
0,2139,8.762,7.2832,82
1,2139,8.762,7.3988,77
2,2139,8.762,7.341,70
3,2139,8.762,7.3137,78
0,2140,8.762,7.2424,87
1,2140,8.762,7.3323,87
2,2140,8.762,7.181,77
3,2140,8.762,7.2521,79
0,2141,8.762,7.3492,80
1,2141,8.762,7.402,73
2,2141,8.762,7.3136,72
3,2141,8.762,7.331,79
0,2142,8.762,7.3615,72
1,2142,8.762,7.3339,72
2,2142,8.762,7.2032,77
3,2142,8.762,7.1711,80
0,2143,8.762,7.1825,83
1,2143,8.762,7.4287,72
2,2143,8.762,7.3049,83
3,2143,8.762,7.2286,79
0,2144,8.762,7.2828,81
1,2144,8.762,7.3348,76
2,2144,8.762,7.3181,75
3,2144,8.762,7.1426,80
0,2145,8.762,7.2491,74
1,2145,8.762,7.3484,75
2,2145,8.762,7.0895,84
3,2145,8.762,7.4022,71
0,2146,8.762,7.1351,79
1,2146,8.762,7.3362,70
2,2146,8.762,7.3121,71
3,2146,8.762,7.1383,75
0,2147,8.762,7.3477,80
1,2147,8.762,7.1997,91
2,2147,8.762,7.1734,74
3,2147,8.762,7.4358,75
0,2148,8.762,7.2297,70
1,2148,8.762,7.2866,79
2,2148,8.762,7.4782,76
3,2148,8.762,7.2795,78
0,2149,8.762,7.2692,76
1,2149,8.762,7.2588,78
2,2149,8.762,7.3724,72
3,2149,8.762,7.2546,84
0,2150,8.762,7.3174,76
1,2150,8.762,7.2902,71
2,2150,8.762,7.1729,80
3,2150,8.762,7.2888,88
0,2151,8.762,7.2056,87
1,2151,8.762,7.1811,86
2,2151,8.762,7.2156,86
3,2151,8.762,7.2616,79
0,2152,8.762,7.4399,72
1,2152,8.762,7.3937,70
2,2152,8.762,7.3085,75
3,2152,8.762,7.2287,73
0,2153,8.762,7.1693,74
1,2153,8.762,7.1648,81
2,2153,8.762,7.3696,76
3,2153,8.762,7.1638,84
0,2154,8.762,7.4472,78
1,2154,8.762,7.351,76
2,2154,8.762,7.22,73
3,2154,8.762,7.1863,77
0,2155,8.762,7.4525,66
1,2155,8.762,7.363,78
2,2155,8.762,7.3759,68
3,2155,8.762,7.3812,71
0,2156,8.762,7.2589,75
1,2156,8.762,7.1912,75
2,2156,8.762,7.168,66
3,2156,8.762,7.3634,73
0,2157,8.762,7.2648,85
1,2157,8.762,7.3177,69
2,2157,8.762,7.2931,80
3,2157,8.762,7.2961,78
0,2158,8.762,7.1531,74
1,2158,8.762,7.3752,75
2,2158,8.762,7.4069,73
3,2158,8.762,7.2132,81
0,2159,8.762,7.234,78
1,2159,8.762,7.2147,76
2,2159,8.762,7.217,76
3,2159,8.762,7.2781,75
0,2160,8.762,7.3608,79
1,2160,8.762,7.3602,61
2,2160,8.762,7.1942,71
3,2160,8.762,7.3497,70
0,2161,8.762,7.4666,74
1,2161,8.762,7.1105,89
2,2161,8.762,7.0719,83
3,2161,8.762,7.3337,70
0,2162,8.762,7.0894,83
1,2162,8.762,7.2598,82
2,2162,8.762,7.2305,81
3,2162,8.762,7.2966,72
0,2163,8.762,7.3828,71
1,2163,8.762,7.1198,85
2,2163,8.762,7.2106,66
3,2163,8.762,7.336,77
0,2164,8.762,7.337,80
1,2164,8.762,7.3535,69
2,2164,8.762,7.2112,84
3,2164,8.762,7.0848,82
0,2165,8.762,7.3985,82
1,2165,8.762,7.234,78
2,2165,8.762,7.3939,70
3,2165,8.762,7.2684,76
0,2166,8.762,7.3156,84
1,2166,8.762,7.3363,73
2,2166,8.762,7.1867,74
3,2166,8.762,7.2723,79
0,2167,8.762,7.3011,66
1,2167,8.762,7.2568,76
2,2167,8.762,7.3811,70
3,2167,8.762,7.2466,74
0,2168,8.762,7.2848,72
1,2168,8.762,7.3029,67
2,2168,8.762,7.3012,70
3,2168,8.762,7.2996,76
0,2169,8.762,7.2836,82
1,2169,8.762,7.2663,89
2,2169,8.762,7.3814,78
3,2169,8.762,7.212,74
0,2170,8.762,7.3503,70
1,2170,8.762,7.295,76
2,2170,8.762,7.4054,66
3,2170,8.762,7.2624,78
0,2171,8.762,7.3446,74
1,2171,8.762,7.2296,81
2,2171,8.762,7.2203,75
3,2171,8.762,7.3777,81
0,2172,8.762,7.4138,72
1,2172,8.762,7.1506,78
2,2172,8.762,7.288,83
3,2172,8.762,7.2551,78
0,2173,8.762,7.1766,85
1,2173,8.762,7.3621,80
2,2173,8.762,7.1389,86
3,2173,8.762,7.3741,71
0,2174,8.762,7.2598,73
1,2174,8.762,7.2525,67
2,2174,8.762,7.1668,76
3,2174,8.762,7.3155,82
0,2175,8.762,7.2413,86
1,2175,8.762,7.2243,84
2,2175,8.762,7.2757,72
3,2175,8.762,7.4118,76
0,2176,8.762,7.3007,76
1,2176,8.762,7.3447,84
2,2176,8.762,7.2576,67
3,2176,8.762,7.4109,78
0,2177,8.762,7.294,78
1,2177,8.762,7.158,78
2,2177,8.762,7.2735,83
3,2177,8.762,7.1614,85
0,2178,8.762,7.3206,81
1,2178,8.762,7.2287,83
2,2178,8.762,7.2536,76
3,2178,8.762,7.2041,82
0,2179,8.762,7.3439,83
1,2179,8.762,7.2899,67
2,2179,8.762,7.2418,71
3,2179,8.762,7.3437,77
0,2180,8.762,7.3534,67
1,2180,8.762,7.2722,80
2,2180,8.762,7.317,74
3,2180,8.762,7.2566,79
0,2181,8.762,7.1764,79
1,2181,8.762,7.3133,75
2,2181,8.762,7.3253,72
3,2181,8.762,7.302,80
0,2182,8.762,7.328,78
1,2182,8.762,7.2972,70
2,2182,8.762,7.2515,82
3,2182,8.762,7.2478,85
0,2183,8.762,7.3349,61
1,2183,8.762,7.3683,78
2,2183,8.762,7.3458,74
3,2183,8.762,7.3486,72
0,2184,8.762,7.2494,80
1,2184,8.762,7.1985,84
2,2184,8.762,7.4257,83
3,2184,8.762,7.2185,76
0,2185,8.762,7.4515,73
1,2185,8.762,7.2485,68
2,2185,8.762,7.1541,82
3,2185,8.762,7.3934,67
0,2186,8.762,7.3968,71
1,2186,8.762,7.2637,82
2,2186,8.762,7.4114,78
3,2186,8.762,7.2853,75
0,2187,8.762,7.2223,83
1,2187,8.762,7.3634,78
2,2187,8.762,7.4263,77
3,2187,8.762,7.2231,84
0,2188,8.762,7.2332,75
1,2188,8.762,7.3252,77
2,2188,8.762,7.3674,74
3,2188,8.762,7.1235,79
0,2189,8.762,7.3512,76
1,2189,8.762,7.3337,72
2,2189,8.762,7.3235,73
3,2189,8.762,7.1566,83
0,2190,8.762,7.2333,79
1,2190,8.762,7.3358,70
2,2190,8.762,7.2602,71
3,2190,8.762,7.4045,73
0,2191,8.762,7.4641,76
1,2191,8.762,7.3284,70
2,2191,8.762,7.4511,62
3,2191,8.762,7.1918,80
0,2192,8.762,7.315,82
1,2192,8.762,7.2236,81
2,2192,8.762,7.2256,75
3,2192,8.762,7.3275,76
0,2193,8.762,7.1485,82
1,2193,8.762,7.2655,74
2,2193,8.762,7.3276,76
3,2193,8.762,7.4893,69
0,2194,8.762,7.3242,71
1,2194,8.762,7.2696,74
2,2194,8.762,7.1328,80
3,2194,8.762,7.1096,79
0,2195,8.762,7.2104,80
1,2195,8.762,7.3718,72
2,2195,8.762,7.3051,74
3,2195,8.762,7.4173,63
0,2196,8.762,7.1776,84
1,2196,8.762,7.3874,76
2,2196,8.762,7.2821,84
3,2196,8.762,7.1521,76
0,2197,8.762,7.1381,84
1,2197,8.762,7.3292,75
2,2197,8.762,7.2499,68
3,2197,8.762,7.4194,73
0,2198,8.762,7.3756,77
1,2198,8.762,7.0961,83
2,2198,8.762,7.2508,77
3,2198,8.762,7.2386,74
0,2199,8.762,7.4259,72
1,2199,8.762,7.3517,78
2,2199,8.762,7.1625,73
3,2199,8.762,7.3458,75
0,2200,8.762,7.3185,71
1,2200,8.762,7.3386,67
2,2200,8.762,7.1975,80
3,2200,8.762,7.3208,82
0,2201,8.762,7.1423,81
1,2201,8.762,7.4093,73
2,2201,8.762,7.3224,65
3,2201,8.762,7.2625,84
0,2202,8.762,7.1604,80
1,2202,8.762,7.3631,73
2,2202,8.762,7.1326,75
3,2202,8.762,7.1496,76
0,2203,8.762,7.2764,85
1,2203,8.762,7.2602,72
2,2203,8.762,7.1203,81
3,2203,8.762,7.2235,83
0,2204,8.762,7.3443,78
1,2204,8.762,7.3516,70
2,2204,8.762,7.3436,77
3,2204,8.762,7.3305,74
0,2205,8.762,7.333,79
1,2205,8.762,7.193,81
2,2205,8.762,7.4223,65
3,2205,8.762,7.2874,73
0,2206,8.762,7.2706,82
1,2206,8.762,7.3706,77
2,2206,8.762,7.3546,71
3,2206,8.762,7.2076,87
0,2207,8.762,7.2921,70
1,2207,8.762,7.4765,74
2,2207,8.762,7.205,77
3,2207,8.762,7.1327,75
0,2208,8.762,7.3799,75
1,2208,8.762,7.3673,72
2,2208,8.762,7.3048,71
3,2208,8.762,7.1424,75
0,2209,8.762,7.2815,78
1,2209,8.762,7.3324,69
2,2209,8.762,7.5425,65
3,2209,8.762,7.1298,77
0,2210,8.762,7.2595,80
1,2210,8.762,7.2156,74
2,2210,8.762,7.2078,78
3,2210,8.762,7.31,81
0,2211,8.762,7.3005,72
1,2211,8.762,7.2313,84
2,2211,8.762,7.204,81
3,2211,8.762,7.3667,71
0,2212,8.762,7.2307,83
1,2212,8.762,7.2067,69
2,2212,8.762,7.3618,74
3,2212,8.762,7.14,80
0,2213,8.762,7.3499,80
1,2213,8.762,7.344,69
2,2213,8.762,7.2336,77
3,2213,8.762,7.2337,88
0,2214,8.762,7.401,73
1,2214,8.762,7.3325,80
2,2214,8.762,7.2404,84
3,2214,8.762,7.3955,71
0,2215,8.762,7.3299,77
1,2215,8.762,7.2364,74
2,2215,8.762,7.3312,80
3,2215,8.762,7.1338,80
0,2216,8.762,7.3748,74
1,2216,8.762,7.248,76
2,2216,8.762,7.4147,73
3,2216,8.762,7.1768,74
0,2217,8.762,7.3674,75
1,2217,8.762,7.0499,83
2,2217,8.762,7.3756,68
3,2217,8.762,7.371,70
0,2218,8.762,7.2054,81
1,2218,8.762,7.2527,78
2,2218,8.762,7.3745,79
3,2218,8.762,7.2078,78
0,2219,8.762,7.4581,67
1,2219,8.762,7.3434,74
2,2219,8.762,7.4366,70
3,2219,8.762,7.4851,76
0,2220,8.762,7.3883,72
1,2220,8.762,7.3081,75
2,2220,8.762,7.2676,80
3,2220,8.762,7.3119,73
0,2221,8.762,7.3274,76
1,2221,8.762,7.3238,77
2,2221,8.762,7.229,82
3,2221,8.762,7.3821,74
0,2222,8.762,7.3639,83
1,2222,8.762,7.3415,73
2,2222,8.762,7.2874,80
3,2222,8.762,7.2945,75
0,2223,8.762,7.3124,78
1,2223,8.762,7.1881,77
2,2223,8.762,7.3911,81
3,2223,8.762,7.2825,71
0,2224,8.762,7.2566,78
1,2224,8.762,7.2109,81
2,2224,8.762,7.2407,81
3,2224,8.762,7.2149,81
0,2225,8.762,7.2015,84
1,2225,8.762,7.3158,69
2,2225,8.762,7.3318,77
3,2225,8.762,7.1156,92
0,2226,8.762,7.3237,75
1,2226,8.762,7.2803,78
2,2226,8.762,7.2847,80
3,2226,8.762,7.0632,98
0,2227,8.762,7.3408,72
1,2227,8.762,7.2165,81
2,2227,8.762,7.2837,76
3,2227,8.762,7.2416,77
0,2228,8.762,7.2655,81
1,2228,8.762,7.3841,77
2,2228,8.762,7.1277,90
3,2228,8.762,7.3371,81
0,2229,8.762,7.2514,80
1,2229,8.762,6.9997,80
2,2229,8.762,7.2496,79
3,2229,8.762,7.1666,72
0,2230,8.762,7.3823,79
1,2230,8.762,7.1986,86
2,2230,8.762,7.2665,77
3,2230,8.762,7.2373,72
0,2231,8.762,6.9858,85
1,2231,8.762,7.3541,74
2,2231,8.762,7.3798,80
3,2231,8.762,7.1667,82
0,2232,8.762,7.1547,79
1,2232,8.762,7.0736,86
2,2232,8.762,7.26,82
3,2232,8.762,7.2949,82
0,2233,8.762,7.233,74
1,2233,8.762,7.3854,78
2,2233,8.762,7.354,82
3,2233,8.762,7.4971,60
0,2234,8.762,7.2044,82
1,2234,8.762,7.2175,81
2,2234,8.762,7.2744,67
3,2234,8.762,7.4076,78
0,2235,8.762,7.2935,84
1,2235,8.762,7.223,83
2,2235,8.762,7.4123,71
3,2235,8.762,7.2773,69
0,2236,8.762,7.2892,84
1,2236,8.762,7.2466,77
2,2236,8.762,7.2284,87
3,2236,8.762,7.1236,89
0,2237,8.762,7.2107,74
1,2237,8.762,7.1533,84
2,2237,8.762,7.3616,75
3,2237,8.762,7.236,77
0,2238,8.762,7.3984,74
1,2238,8.762,7.2889,75
2,2238,8.762,7.3537,74
3,2238,8.762,7.2513,75
0,2239,8.762,7.1093,82
1,2239,8.762,7.1827,79
2,2239,8.762,7.2617,84
3,2239,8.762,7.2244,80
0,2240,8.762,7.1367,91
1,2240,8.762,7.2081,77
2,2240,8.762,7.3573,74
3,2240,8.762,7.2045,87
0,2241,8.762,7.3933,67
1,2241,8.762,7.2489,80
2,2241,8.762,7.2175,84
3,2241,8.762,7.2396,78
0,2242,8.762,7.1505,85
1,2242,8.762,7.3402,73
2,2242,8.762,7.2169,85
3,2242,8.762,7.2091,82
0,2243,8.762,7.5843,67
1,2243,8.762,7.3965,67
2,2243,8.762,7.2369,69
3,2243,8.762,7.4048,67
0,2244,8.762,7.1324,87
1,2244,8.762,7.4261,78
2,2244,8.762,7.1513,78
3,2244,8.762,7.2367,75
0,2245,8.762,7.1887,79
1,2245,8.762,7.2218,76
2,2245,8.762,7.1784,80
3,2245,8.762,7.355,75
0,2246,8.762,7.3461,75
1,2246,8.762,7.4232,58
2,2246,8.762,7.4206,73
3,2246,8.762,7.422,66
0,2247,8.762,7.3149,83
1,2247,8.762,7.3378,69
2,2247,8.762,7.3165,74
3,2247,8.762,7.2795,88
0,2248,8.762,7.1734,75
1,2248,8.762,7.2515,81
2,2248,8.762,7.3548,77
3,2248,8.762,7.2578,82
0,2249,8.762,7.3465,80
1,2249,8.762,7.3055,83
2,2249,8.762,7.4526,73
3,2249,8.762,7.2743,77
0,2250,8.762,7.3048,71
1,2250,8.762,7.3741,77
2,2250,8.762,7.3115,83
3,2250,8.762,7.3851,73
0,2251,8.762,7.2168,78
1,2251,8.762,7.3466,75
2,2251,8.762,7.3243,73
3,2251,8.762,7.3846,73
0,2252,8.762,7.2962,74
1,2252,8.762,7.2881,70
2,2252,8.762,7.3918,78
3,2252,8.762,7.2749,77
0,2253,8.762,7.1853,88
1,2253,8.762,7.4391,76
2,2253,8.762,7.3392,80
3,2253,8.762,7.4672,66
0,2254,8.762,7.3887,79
1,2254,8.762,7.2032,73
2,2254,8.762,7.2665,74
3,2254,8.762,7.1911,77
0,2255,8.762,7.383,78
1,2255,8.762,7.3124,77
2,2255,8.762,7.2448,77
3,2255,8.762,7.4737,69
0,2256,8.762,7.2164,72
1,2256,8.762,7.26,71
2,2256,8.762,7.3699,79
3,2256,8.762,7.3319,73
0,2257,8.762,7.3635,65
1,2257,8.762,7.2023,85
2,2257,8.762,7.2499,78
3,2257,8.762,7.2684,81
0,2258,8.762,7.226,75
1,2258,8.762,7.2227,71
2,2258,8.762,7.2898,76
3,2258,8.762,7.1562,77
0,2259,8.762,7.4005,74
1,2259,8.762,7.2907,76
2,2259,8.762,7.3117,71
3,2259,8.762,7.2491,85
0,2260,8.762,7.272,77
1,2260,8.762,7.1993,73
2,2260,8.762,7.3763,78
3,2260,8.762,7.1925,84
0,2261,8.762,7.2093,75
1,2261,8.762,7.3722,69
2,2261,8.762,7.2997,73
3,2261,8.762,7.2552,71
0,2262,8.762,7.3006,77
1,2262,8.762,7.204,76
2,2262,8.762,7.3609,78
3,2262,8.762,7.3098,69
0,2263,8.762,7.3508,85
1,2263,8.762,7.3383,71
2,2263,8.762,7.4431,70
3,2263,8.762,7.3553,71
0,2264,8.762,7.325,79
1,2264,8.762,7.4444,69
2,2264,8.762,7.2829,74
3,2264,8.762,7.2352,70
0,2265,8.762,7.2138,75
1,2265,8.762,7.151,76
2,2265,8.762,7.3763,71
3,2265,8.762,7.2919,83
0,2266,8.762,7.1745,68
1,2266,8.762,7.1403,85
2,2266,8.762,7.2893,77
3,2266,8.762,7.3616,80
0,2267,8.762,7.3099,78
1,2267,8.762,7.2266,70
2,2267,8.762,7.1579,80
3,2267,8.762,7.3238,75
0,2268,8.762,7.2398,78
1,2268,8.762,7.2542,78
2,2268,8.762,7.3283,69
3,2268,8.762,7.0578,82
0,2269,8.762,7.2213,68
1,2269,8.762,7.284,73
2,2269,8.762,7.2892,74
3,2269,8.762,7.2023,86
0,2270,8.762,7.3792,74
1,2270,8.762,7.1719,78
2,2270,8.762,7.2645,79
3,2270,8.762,7.4742,65
0,2271,8.762,7.1782,83
1,2271,8.762,7.2511,77
2,2271,8.762,7.3111,64
3,2271,8.762,7.271,74
0,2272,8.762,7.3105,77
1,2272,8.762,7.3199,76
2,2272,8.762,7.2487,79
3,2272,8.762,7.3683,76
0,2273,8.762,7.4152,71
1,2273,8.762,7.3929,75
2,2273,8.762,7.2332,74
3,2273,8.762,7.4444,74
0,2274,8.762,7.3537,73
1,2274,8.762,7.4308,81
2,2274,8.762,7.3679,77
3,2274,8.762,7.2952,76
0,2275,8.762,7.3828,77
1,2275,8.762,7.2515,85
2,2275,8.762,7.4072,70
3,2275,8.762,7.2691,74
0,2276,8.762,7.2443,82
1,2276,8.762,7.2727,80
2,2276,8.762,7.2916,78
3,2276,8.762,7.4051,70
0,2277,8.762,7.27,82
1,2277,8.762,7.363,81
2,2277,8.762,7.2423,84
3,2277,8.762,7.3174,75
0,2278,8.762,7.3932,59
1,2278,8.762,7.295,70
2,2278,8.762,7.2438,82
3,2278,8.762,7.4255,73
0,2279,8.762,7.3482,74
1,2279,8.762,7.4855,69
2,2279,8.762,7.2029,83
3,2279,8.762,7.138,86
0,2280,8.762,7.0811,88
1,2280,8.762,7.2141,73
2,2280,8.762,7.2952,81
3,2280,8.762,7.2849,75
0,2281,8.762,7.4424,74
1,2281,8.762,7.3974,66
2,2281,8.762,7.3352,72
3,2281,8.762,7.2996,74
0,2282,8.762,7.0603,92
1,2282,8.762,7.1757,72
2,2282,8.762,7.4286,78
3,2282,8.762,7.2799,76
0,2283,8.762,7.2693,73
1,2283,8.762,7.2405,81
2,2283,8.762,7.2008,77
3,2283,8.762,7.3936,80
0,2284,8.762,7.5065,73
1,2284,8.762,7.5199,61
2,2284,8.762,7.5305,68
3,2284,8.762,7.2046,85
0,2285,8.762,7.1933,72
1,2285,8.762,7.313,63
2,2285,8.762,7.2719,85
3,2285,8.762,7.2768,75
0,2286,8.762,7.3928,84
1,2286,8.762,7.1579,79
2,2286,8.762,7.3338,75
3,2286,8.762,7.2275,81
0,2287,8.762,7.3024,82
1,2287,8.762,7.2067,78
2,2287,8.762,7.4152,66
3,2287,8.762,7.3524,74
0,2288,8.762,7.1789,81
1,2288,8.762,7.3671,71
2,2288,8.762,7.3898,67
3,2288,8.762,7.3066,78
0,2289,8.762,7.0981,79
1,2289,8.762,7.4113,67
2,2289,8.762,7.2779,82
3,2289,8.762,7.3784,66
0,2290,8.762,7.2939,76
1,2290,8.762,7.316,65
2,2290,8.762,7.4246,76
3,2290,8.762,7.3074,79
0,2291,8.762,7.4035,75
1,2291,8.762,7.2787,71
2,2291,8.762,7.3046,75
3,2291,8.762,7.3929,88
0,2292,8.762,7.3795,78
1,2292,8.762,7.2868,83
2,2292,8.762,7.2397,80
3,2292,8.762,7.1959,82
0,2293,8.762,7.3194,70
1,2293,8.762,7.2785,82
2,2293,8.762,7.2601,77
3,2293,8.762,7.3621,76
0,2294,8.762,7.5875,70
1,2294,8.762,7.2761,78
2,2294,8.762,7.3024,79
3,2294,8.762,7.1885,78
0,2295,8.762,7.14,79
1,2295,8.762,7.2787,67
2,2295,8.762,7.2849,79
3,2295,8.762,7.2141,75
0,2296,8.762,7.273,73
1,2296,8.762,7.4084,80
2,2296,8.762,7.4183,76
3,2296,8.762,7.3362,72
0,2297,8.762,7.3479,78
1,2297,8.762,7.2424,81
2,2297,8.762,7.2557,70
3,2297,8.762,7.4197,69
0,2298,8.762,7.3624,76
1,2298,8.762,7.2032,68
2,2298,8.762,7.3158,74
3,2298,8.762,7.2345,76
0,2299,8.762,7.2954,77
1,2299,8.762,7.2236,72
2,2299,8.762,7.3043,67
3,2299,8.762,7.335,71
0,2300,8.762,7.2571,88
1,2300,8.762,7.4187,71
2,2300,8.762,7.3461,78
3,2300,8.762,7.2853,74
0,2301,8.762,7.1143,75
1,2301,8.762,7.3362,76
2,2301,8.762,7.3926,81
3,2301,8.762,7.2386,74
0,2302,8.762,7.4135,65
1,2302,8.762,7.2957,72
2,2302,8.762,7.3682,77
3,2302,8.762,7.4639,76
0,2303,8.762,7.3111,80
1,2303,8.762,7.3133,81
2,2303,8.762,7.5065,65
3,2303,8.762,7.3246,71
0,2304,8.762,7.2815,76
1,2304,8.762,7.363,82
2,2304,8.762,7.229,85
3,2304,8.762,7.1981,84
0,2305,8.762,7.2796,74
1,2305,8.762,7.244,82
2,2305,8.762,7.318,83
3,2305,8.762,7.2417,79
0,2306,8.762,7.2089,83
1,2306,8.762,7.2558,75
2,2306,8.762,7.0727,84
3,2306,8.762,7.1902,81
0,2307,8.762,7.2483,81
1,2307,8.762,7.0227,86
2,2307,8.762,7.2875,74
3,2307,8.762,7.3697,62
0,2308,8.762,7.2955,82
1,2308,8.762,7.0829,75
2,2308,8.762,7.2619,70
3,2308,8.762,7.3381,80
0,2309,8.762,7.2624,86
1,2309,8.762,7.2589,72
2,2309,8.762,7.3421,81
3,2309,8.762,7.3241,76
0,2310,8.762,7.393,74
1,2310,8.762,7.2403,68
2,2310,8.762,7.4094,65
3,2310,8.762,7.2373,71
0,2311,8.762,7.2797,84
1,2311,8.762,7.2448,80
2,2311,8.762,7.1656,75
3,2311,8.762,7.1439,75
0,2312,8.762,7.2361,81
1,2312,8.762,7.4058,75
2,2312,8.762,7.1368,83
3,2312,8.762,7.2824,74
0,2313,8.762,7.2699,75
1,2313,8.762,7.2846,73
2,2313,8.762,7.2194,85
3,2313,8.762,7.0778,76
0,2314,8.762,7.2124,81
1,2314,8.762,7.2916,73
2,2314,8.762,7.1902,75
3,2314,8.762,7.22,78
0,2315,8.762,7.3604,72
1,2315,8.762,7.3013,74
2,2315,8.762,7.355,71
3,2315,8.762,7.3031,77
0,2316,8.762,7.2211,75
1,2316,8.762,7.2743,80
2,2316,8.762,7.155,79
3,2316,8.762,7.3208,74
0,2317,8.762,7.234,73
1,2317,8.762,7.1047,70
2,2317,8.762,7.1551,83
3,2317,8.762,7.2315,88
0,2318,8.762,7.2607,71
1,2318,8.762,7.3377,73
2,2318,8.762,7.2646,77
3,2318,8.762,7.3565,81
0,2319,8.762,7.323,70
1,2319,8.762,7.1055,85
2,2319,8.762,7.199,75
3,2319,8.762,7.2741,59
0,2320,8.762,7.333,78
1,2320,8.762,7.253,77
2,2320,8.762,7.2366,76
3,2320,8.762,7.0563,77
0,2321,8.762,7.3846,84
1,2321,8.762,7.3991,71
2,2321,8.762,7.4145,69
3,2321,8.762,7.243,78
0,2322,8.762,7.2329,76
1,2322,8.762,7.3204,66
2,2322,8.762,7.1917,83
3,2322,8.762,7.351,86
0,2323,8.762,7.3659,73
1,2323,8.762,7.4683,74
2,2323,8.762,7.2244,80
3,2323,8.762,7.1904,77
0,2324,8.762,7.119,81
1,2324,8.762,7.2576,75
2,2324,8.762,7.3163,82
3,2324,8.762,7.454,77
0,2325,8.762,7.405,70
1,2325,8.762,7.2442,80
2,2325,8.762,7.1438,82
3,2325,8.762,7.3292,69
0,2326,8.762,7.2462,81
1,2326,8.762,7.3498,82
2,2326,8.762,7.2225,74
3,2326,8.762,7.2788,82
0,2327,8.762,7.3433,67
1,2327,8.762,7.3706,73
2,2327,8.762,7.2351,73
3,2327,8.762,7.2845,77
0,2328,8.762,7.2166,72
1,2328,8.762,7.3049,76
2,2328,8.762,7.2823,71
3,2328,8.762,7.3923,70
0,2329,8.762,7.3316,76
1,2329,8.762,7.4115,77
2,2329,8.762,7.4359,78
3,2329,8.762,7.2956,81
0,2330,8.762,7.1765,78
1,2330,8.762,7.2677,79
2,2330,8.762,7.3071,72
3,2330,8.762,7.1859,76
0,2331,8.762,7.3675,73
1,2331,8.762,7.3972,78
2,2331,8.762,7.5002,71
3,2331,8.762,7.158,88
0,2332,8.762,7.2604,79
1,2332,8.762,7.434,75
2,2332,8.762,7.4929,70
3,2332,8.762,7.4477,81
0,2333,8.762,7.3869,80
1,2333,8.762,7.2858,78
2,2333,8.762,7.1871,79
3,2333,8.762,7.2258,82
0,2334,8.762,7.4378,74
1,2334,8.762,7.2025,69
2,2334,8.762,7.3833,66
3,2334,8.762,7.3278,73
0,2335,8.762,7.2674,79
1,2335,8.762,7.3172,77
2,2335,8.762,7.2931,70
3,2335,8.762,7.3474,65
0,2336,8.762,7.3004,73
1,2336,8.762,7.2758,72
2,2336,8.762,7.3373,75
3,2336,8.762,7.3092,73
0,2337,8.762,7.2107,80
1,2337,8.762,7.1203,73
2,2337,8.762,7.2906,70
3,2337,8.762,7.3581,71
0,2338,8.762,7.2989,82
1,2338,8.762,7.47,71
2,2338,8.762,7.3201,77
3,2338,8.762,7.3309,69
0,2339,8.762,7.1796,79
1,2339,8.762,7.2886,69
2,2339,8.762,7.2037,68
3,2339,8.762,7.2499,79
0,2340,8.762,7.0218,83
1,2340,8.762,7.2597,73
2,2340,8.762,7.2112,69
3,2340,8.762,7.3929,71
0,2341,8.762,7.3518,69
1,2341,8.762,7.4171,71
2,2341,8.762,7.2091,81
3,2341,8.762,7.3324,80
0,2342,8.762,7.4207,68
1,2342,8.762,7.3601,77
2,2342,8.762,7.2318,86
3,2342,8.762,7.3228,69
0,2343,8.762,7.2134,78
1,2343,8.762,7.3074,80
2,2343,8.762,7.2963,77
3,2343,8.762,7.1913,79
0,2344,8.762,7.214,85
1,2344,8.762,7.3446,79
2,2344,8.762,7.3044,79
3,2344,8.762,7.2896,75
0,2345,8.762,7.1892,76
1,2345,8.762,7.3055,73
2,2345,8.762,7.3007,76
3,2345,8.762,7.3898,80
0,2346,8.762,7.45,71
1,2346,8.762,7.4162,71
2,2346,8.762,7.3239,73
3,2346,8.762,7.2346,79
0,2347,8.762,7.1688,78
1,2347,8.762,7.2073,87
2,2347,8.762,7.3102,85
3,2347,8.762,7.1901,81
0,2348,8.762,7.3581,80
1,2348,8.762,7.3375,65
2,2348,8.762,7.3291,81
3,2348,8.762,7.294,77
0,2349,8.762,7.2941,64
1,2349,8.762,7.3677,80
2,2349,8.762,7.2864,80
3,2349,8.762,7.1922,83
0,2350,8.762,7.3274,75
1,2350,8.762,7.3508,68
2,2350,8.762,7.2628,77
3,2350,8.762,7.1756,81
0,2351,8.762,7.2979,80
1,2351,8.762,7.1168,76
2,2351,8.762,7.2034,82
3,2351,8.762,7.3935,69
0,2352,8.762,7.4396,74
1,2352,8.762,7.3411,69
2,2352,8.762,7.2808,81
3,2352,8.762,7.0998,82
0,2353,8.762,7.0717,86
1,2353,8.762,7.28,82
2,2353,8.762,7.2863,80
3,2353,8.762,7.4134,72
0,2354,8.762,7.359,69
1,2354,8.762,7.2857,78
2,2354,8.762,7.3638,80
3,2354,8.762,7.2432,74
0,2355,8.762,7.3073,81
1,2355,8.762,7.3276,69
2,2355,8.762,7.1794,77
3,2355,8.762,7.2512,74
0,2356,8.762,7.3904,63
1,2356,8.762,7.2237,79
2,2356,8.762,7.418,66
3,2356,8.762,7.4444,70
0,2357,8.762,7.2495,74
1,2357,8.762,7.1439,78
2,2357,8.762,7.2201,76
3,2357,8.762,7.2059,87
0,2358,8.762,7.1375,79
1,2358,8.762,7.0956,79
2,2358,8.762,7.3211,84
3,2358,8.762,7.3227,76
0,2359,8.762,7.3196,75
1,2359,8.762,7.4421,65
2,2359,8.762,7.2713,80
3,2359,8.762,7.3784,71
0,2360,8.762,7.2603,82
1,2360,8.762,7.1912,80
2,2360,8.762,7.1598,78
3,2360,8.762,7.3158,74
0,2361,8.762,7.3905,63
1,2361,8.762,7.4533,63
2,2361,8.762,7.3457,75
3,2361,8.762,7.17,82
0,2362,8.762,7.4374,74
1,2362,8.762,7.2182,86
2,2362,8.762,7.2916,79
3,2362,8.762,7.1425,85
0,2363,8.762,7.2736,70
1,2363,8.762,7.1675,78
2,2363,8.762,7.3051,80
3,2363,8.762,7.4339,78
0,2364,8.762,7.238,83
1,2364,8.762,7.018,84
2,2364,8.762,7.2659,72
3,2364,8.762,7.1895,78
0,2365,8.762,7.3739,74
1,2365,8.762,7.2732,76
2,2365,8.762,7.3211,62
3,2365,8.762,7.2802,85
0,2366,8.762,7.2887,82
1,2366,8.762,7.2234,80
2,2366,8.762,7.362,67
3,2366,8.762,7.2432,76
0,2367,8.762,7.2038,80
1,2367,8.762,7.3888,68
2,2367,8.762,7.2877,72
3,2367,8.762,7.2555,72
0,2368,8.762,7.266,82
1,2368,8.762,7.2182,79
2,2368,8.762,7.2429,74
3,2368,8.762,7.2927,72
0,2369,8.762,7.3422,80
1,2369,8.762,7.2867,79
2,2369,8.762,7.2709,75
3,2369,8.762,7.1862,90
0,2370,8.762,7.2805,74
1,2370,8.762,7.3268,73
2,2370,8.762,7.3636,68
3,2370,8.762,7.4245,70
0,2371,8.762,7.3109,78
1,2371,8.762,7.3457,86
2,2371,8.762,7.2117,78
3,2371,8.762,7.2446,79
0,2372,8.762,7.3886,73
1,2372,8.762,7.2466,76
2,2372,8.762,7.3239,74
3,2372,8.762,7.1581,78
0,2373,8.762,7.1884,79
1,2373,8.762,7.2872,81
2,2373,8.762,7.2061,80
3,2373,8.762,7.2831,75
0,2374,8.762,7.3175,87
1,2374,8.762,7.4131,69
2,2374,8.762,7.3162,83
3,2374,8.762,7.2963,70
0,2375,8.762,7.267,78
1,2375,8.762,7.2253,81
2,2375,8.762,7.3903,76
3,2375,8.762,7.2158,81
0,2376,8.762,7.3903,69
1,2376,8.762,7.2963,78
2,2376,8.762,7.232,82
3,2376,8.762,7.4021,73
0,2377,8.762,7.1941,82
1,2377,8.762,7.2284,74
2,2377,8.762,7.349,75
3,2377,8.762,7.3808,78
0,2378,8.762,7.3148,71
1,2378,8.762,7.1949,83
2,2378,8.762,7.3565,72
3,2378,8.762,7.3138,73
0,2379,8.762,7.2107,78
1,2379,8.762,7.4156,67
2,2379,8.762,7.3971,73
3,2379,8.762,7.4165,71
0,2380,8.762,7.1244,92
1,2380,8.762,7.0133,84
2,2380,8.762,7.3315,79
3,2380,8.762,7.283,64
0,2381,8.762,7.4027,72
1,2381,8.762,7.2248,81
2,2381,8.762,7.3892,75
3,2381,8.762,7.2368,84
0,2382,8.762,7.2035,80
1,2382,8.762,7.3857,74
2,2382,8.762,7.1653,86
3,2382,8.762,7.2585,74
0,2383,8.762,7.197,75
1,2383,8.762,7.448,71
2,2383,8.762,7.189,81
3,2383,8.762,7.3296,77
0,2384,8.762,7.2472,76
1,2384,8.762,7.2729,76
2,2384,8.762,7.3897,69
3,2384,8.762,7.3295,75
0,2385,8.762,7.2237,81
1,2385,8.762,7.2419,81
2,2385,8.762,7.3647,65
3,2385,8.762,7.3049,70
0,2386,8.762,7.246,84
1,2386,8.762,7.2305,84
2,2386,8.762,7.2955,71
3,2386,8.762,7.2898,78
0,2387,8.762,7.3519,73
1,2387,8.762,7.3257,70
2,2387,8.762,7.239,85
3,2387,8.762,7.2424,65
0,2388,8.762,7.2422,80
1,2388,8.762,7.3134,84
2,2388,8.762,7.3529,73
3,2388,8.762,7.2713,78
0,2389,8.762,7.353,79
1,2389,8.762,7.1604,87
2,2389,8.762,7.197,77
3,2389,8.762,7.3641,77
0,2390,8.762,7.3389,69
1,2390,8.762,7.3319,76
2,2390,8.762,7.1954,83
3,2390,8.762,7.2389,75
0,2391,8.762,7.2709,84
1,2391,8.762,7.3941,73
2,2391,8.762,7.2891,75
3,2391,8.762,7.2869,74
0,2392,8.762,7.2297,81
1,2392,8.762,7.2566,76
2,2392,8.762,7.2832,82
3,2392,8.762,7.22,80
0,2393,8.762,7.3436,78
1,2393,8.762,7.2049,79
2,2393,8.762,7.3757,72
3,2393,8.762,7.3352,75
0,2394,8.762,7.2292,77
1,2394,8.762,7.19,85
2,2394,8.762,7.3173,79
3,2394,8.762,7.28,67
0,2395,8.762,7.2599,80
1,2395,8.762,7.2454,88
2,2395,8.762,7.2548,72
3,2395,8.762,7.3837,76
0,2396,8.762,7.4462,66
1,2396,8.762,7.3306,76
2,2396,8.762,7.184,83
3,2396,8.762,7.1848,87
0,2397,8.762,7.3116,69
1,2397,8.762,7.2633,75
2,2397,8.762,7.3631,73
3,2397,8.762,7.3448,88
0,2398,8.762,7.2252,80
1,2398,8.762,7.2117,84
2,2398,8.762,7.2969,76
3,2398,8.762,7.3819,75
0,2399,8.762,7.2262,70
1,2399,8.762,7.2811,82
2,2399,8.762,7.0829,81
3,2399,8.762,7.1893,74
0,2400,8.762,7.1426,76
1,2400,8.762,7.4039,80
2,2400,8.762,7.3039,73
3,2400,8.762,7.1504,80
0,2401,8.762,7.2317,85
1,2401,8.762,7.2471,79
2,2401,8.762,7.3207,67
3,2401,8.762,7.0599,81
0,2402,8.762,7.2506,75
1,2402,8.762,7.286,73
2,2402,8.762,7.2722,78
3,2402,8.762,7.2892,76
0,2403,8.762,7.287,78
1,2403,8.762,7.246,76
2,2403,8.762,7.2397,79
3,2403,8.762,7.1349,78
0,2404,8.762,7.3543,80
1,2404,8.762,7.1788,82
2,2404,8.762,7.2594,76
3,2404,8.762,7.2933,75
0,2405,8.762,7.2774,90
1,2405,8.762,7.3065,77
2,2405,8.762,7.3925,71
3,2405,8.762,7.1637,79
0,2406,8.762,7.3913,65
1,2406,8.762,7.1269,75
2,2406,8.762,7.4846,72
3,2406,8.762,7.2348,81
0,2407,8.762,7.3833,74
1,2407,8.762,7.219,73
2,2407,8.762,7.0861,79
3,2407,8.762,7.2969,75
0,2408,8.762,7.2796,73
1,2408,8.762,7.2425,76
2,2408,8.762,7.2803,77
3,2408,8.762,7.2562,76
0,2409,8.762,7.3959,73
1,2409,8.762,7.3074,71
2,2409,8.762,7.3133,69
3,2409,8.762,7.2771,75
0,2410,8.762,7.1818,79
1,2410,8.762,7.3181,76
2,2410,8.762,7.3525,73
3,2410,8.762,7.3619,73
0,2411,8.762,7.2564,81
1,2411,8.762,7.2458,75
2,2411,8.762,7.2603,70
3,2411,8.762,7.3567,78
0,2412,8.762,7.204,83
1,2412,8.762,7.2274,83
2,2412,8.762,7.173,83
3,2412,8.762,7.3749,78
0,2413,8.762,7.2063,79
1,2413,8.762,7.2894,77
2,2413,8.762,7.3926,76
3,2413,8.762,7.3168,82
0,2414,8.762,7.3238,79
1,2414,8.762,7.3666,69
2,2414,8.762,7.1072,78
3,2414,8.762,7.123,82
0,2415,8.762,7.226,83
1,2415,8.762,7.1631,76
2,2415,8.762,7.2317,86
3,2415,8.762,7.2604,74
0,2416,8.762,7.2943,80
1,2416,8.762,7.3293,68
2,2416,8.762,7.22,68
3,2416,8.762,7.1879,75
0,2417,8.762,7.3757,74
1,2417,8.762,7.2636,79
2,2417,8.762,7.2788,74
3,2417,8.762,7.3045,75
0,2418,8.762,7.3523,70
1,2418,8.762,7.2685,76
2,2418,8.762,7.1154,73
3,2418,8.762,7.2045,75
0,2419,8.762,7.254,78
1,2419,8.762,7.2467,76
2,2419,8.762,7.4807,74
3,2419,8.762,7.2612,77
0,2420,8.762,7.3256,74
1,2420,8.762,7.2464,79
2,2420,8.762,7.3128,74
3,2420,8.762,7.3573,78
0,2421,8.762,7.3771,76
1,2421,8.762,7.2623,71
2,2421,8.762,7.2524,81
3,2421,8.762,7.3112,77
0,2422,8.762,7.3072,73
1,2422,8.762,7.4608,67
2,2422,8.762,7.2829,75
3,2422,8.762,7.2697,77
0,2423,8.762,7.1954,67
1,2423,8.762,7.1591,82
2,2423,8.762,7.0775,80
3,2423,8.762,7.4055,77
0,2424,8.762,7.2546,72
1,2424,8.762,7.1128,74
2,2424,8.762,7.102,86
3,2424,8.762,7.2393,88
0,2425,8.762,7.1537,82
1,2425,8.762,7.3042,72
2,2425,8.762,7.2106,82
3,2425,8.762,7.2069,84
0,2426,8.762,7.3894,76
1,2426,8.762,7.2417,82
2,2426,8.762,7.2805,73
3,2426,8.762,7.2018,78
0,2427,8.762,7.3067,75
1,2427,8.762,7.2925,81
2,2427,8.762,7.2441,76
3,2427,8.762,7.4667,74
0,2428,8.762,7.3475,71
1,2428,8.762,7.3363,65
2,2428,8.762,7.3175,75
3,2428,8.762,7.2321,81
0,2429,8.762,7.1847,72
1,2429,8.762,7.2083,69
2,2429,8.762,7.4013,67
3,2429,8.762,7.2571,74
0,2430,8.762,7.2747,68
1,2430,8.762,7.3469,77
2,2430,8.762,7.3686,79
3,2430,8.762,7.4186,82
0,2431,8.762,7.0957,89
1,2431,8.762,7.2158,76
2,2431,8.762,7.2515,78
3,2431,8.762,7.2532,78
0,2432,8.762,7.2515,84
1,2432,8.762,7.1366,80
2,2432,8.762,7.2187,85
3,2432,8.762,7.2101,77
0,2433,8.762,7.4926,69
1,2433,8.762,7.3477,69
2,2433,8.762,7.311,81
3,2433,8.762,7.451,74
0,2434,8.762,7.2276,73
1,2434,8.762,7.3304,79
2,2434,8.762,7.2909,80
3,2434,8.762,7.0277,84
0,2435,8.762,7.3294,78
1,2435,8.762,7.2351,84
2,2435,8.762,7.5273,62
3,2435,8.762,7.2641,83
0,2436,8.762,7.3058,72
1,2436,8.762,7.2902,74
2,2436,8.762,7.2675,81
3,2436,8.762,7.1781,83
0,2437,8.762,7.2398,69
1,2437,8.762,7.4225,66
2,2437,8.762,7.3076,78
3,2437,8.762,7.2189,76
0,2438,8.762,7.199,85
1,2438,8.762,7.3436,85
2,2438,8.762,7.2745,77
3,2438,8.762,7.3007,74
0,2439,8.762,7.2934,75
1,2439,8.762,7.2085,77
2,2439,8.762,7.2952,70
3,2439,8.762,7.2793,82
0,2440,8.762,7.2808,81
1,2440,8.762,7.421,67
2,2440,8.762,7.3694,75
3,2440,8.762,7.3923,69
0,2441,8.762,7.2461,77
1,2441,8.762,7.3996,77
2,2441,8.762,7.376,70
3,2441,8.762,7.2705,78
0,2442,8.762,7.2677,72
1,2442,8.762,7.3409,78
2,2442,8.762,7.4208,75
3,2442,8.762,7.2647,75
0,2443,8.762,7.2699,82
1,2443,8.762,7.2672,75
2,2443,8.762,7.1121,89
3,2443,8.762,7.2333,73
0,2444,8.762,7.4303,70
1,2444,8.762,7.2069,74
2,2444,8.762,7.2813,79
3,2444,8.762,7.3822,80
0,2445,8.762,7.2952,78
1,2445,8.762,7.2146,84
2,2445,8.762,7.1208,81
3,2445,8.762,7.3561,71
0,2446,8.762,7.283,79
1,2446,8.762,7.2812,67
2,2446,8.762,7.1216,90
3,2446,8.762,7.4192,81
0,2447,8.762,7.1793,83
1,2447,8.762,7.3086,80
2,2447,8.762,7.2831,76
3,2447,8.762,7.2791,85
0,2448,8.762,7.317,72
1,2448,8.762,7.4268,69
2,2448,8.762,7.3061,81
3,2448,8.762,7.3237,72
0,2449,8.762,7.0427,87
1,2449,8.762,7.322,79
2,2449,8.762,7.2998,83
3,2449,8.762,7.2544,81
0,2450,8.762,7.3167,74
1,2450,8.762,7.2093,75
2,2450,8.762,7.3276,77
3,2450,8.762,7.4293,68
0,2451,8.762,7.4653,72
1,2451,8.762,7.2209,78
2,2451,8.762,7.3049,75
3,2451,8.762,7.1595,83
0,2452,8.762,7.2733,74
1,2452,8.762,7.3002,75
2,2452,8.762,7.1328,82
3,2452,8.762,7.3345,70
0,2453,8.762,7.3491,78
1,2453,8.762,7.3517,68
2,2453,8.762,7.4161,69
3,2453,8.762,7.2899,74
0,2454,8.762,7.4566,66
1,2454,8.762,7.2932,83
2,2454,8.762,7.3991,75
3,2454,8.762,7.3895,72
0,2455,8.762,7.3485,81
1,2455,8.762,7.2594,84
2,2455,8.762,7.2141,72
3,2455,8.762,7.2044,78
0,2456,8.762,7.1818,81
1,2456,8.762,7.3709,69
2,2456,8.762,7.4078,71
3,2456,8.762,7.2503,79
0,2457,8.762,7.3078,76
1,2457,8.762,7.279,72
2,2457,8.762,7.2735,71
3,2457,8.762,7.368,82
0,2458,8.762,7.1525,81
1,2458,8.762,7.1855,78
2,2458,8.762,7.176,77
3,2458,8.762,7.3899,75
0,2459,8.762,7.3752,69
1,2459,8.762,7.417,70
2,2459,8.762,7.1827,81
3,2459,8.762,7.3252,79
0,2460,8.762,7.2899,79
1,2460,8.762,7.3888,80
2,2460,8.762,7.3264,74
3,2460,8.762,7.1616,86
0,2461,8.762,7.2787,68
1,2461,8.762,7.2603,76
2,2461,8.762,7.2788,79
3,2461,8.762,7.3035,81
0,2462,8.762,7.3772,77
1,2462,8.762,7.3227,66
2,2462,8.762,7.2609,67
3,2462,8.762,7.2448,75
0,2463,8.762,7.3709,77
1,2463,8.762,7.2738,69
2,2463,8.762,7.1478,91
3,2463,8.762,7.3184,70
0,2464,8.762,7.3026,77
1,2464,8.762,7.4948,67
2,2464,8.762,7.2245,76
3,2464,8.762,7.3035,87
0,2465,8.762,7.2884,71
1,2465,8.762,7.2592,77
2,2465,8.762,7.1906,81
3,2465,8.762,7.2455,78
0,2466,8.762,7.1203,82
1,2466,8.762,7.3359,74
2,2466,8.762,7.3827,77
3,2466,8.762,7.3537,78
0,2467,8.762,7.4503,68
1,2467,8.762,7.2998,67
2,2467,8.762,7.0693,84
3,2467,8.762,7.1697,70
0,2468,8.762,7.3154,75
1,2468,8.762,7.1969,77
2,2468,8.762,7.3273,77
3,2468,8.762,7.2721,76
0,2469,8.762,7.2546,80
1,2469,8.762,7.3845,69
2,2469,8.762,7.2707,87
3,2469,8.762,7.2644,79
0,2470,8.762,7.3396,81
1,2470,8.762,7.4149,75
2,2470,8.762,7.2878,80
3,2470,8.762,7.242,74
0,2471,8.762,7.3337,72
1,2471,8.762,7.1539,85
2,2471,8.762,7.1734,80
3,2471,8.762,7.4763,77
0,2472,8.762,7.2615,77
1,2472,8.762,7.2854,74
2,2472,8.762,7.4208,77
3,2472,8.762,7.3242,80
0,2473,8.762,7.4163,74
1,2473,8.762,7.4684,77
2,2473,8.762,7.3105,82
3,2473,8.762,7.2951,80
0,2474,8.762,7.3477,80
1,2474,8.762,7.2854,84
2,2474,8.762,7.3024,87
3,2474,8.762,7.1403,77
0,2475,8.762,7.2647,76
1,2475,8.762,7.3229,77
2,2475,8.762,7.3948,64
3,2475,8.762,7.3422,77
0,2476,8.762,7.1421,85
1,2476,8.762,7.34,76
2,2476,8.762,7.2667,75
3,2476,8.762,7.3221,80
0,2477,8.762,7.4242,74
1,2477,8.762,7.1993,74
2,2477,8.762,7.3571,71
3,2477,8.762,7.3303,75
0,2478,8.762,7.3963,72
1,2478,8.762,7.2165,79
2,2478,8.762,7.2971,77
3,2478,8.762,7.2144,80
0,2479,8.762,7.2071,86
1,2479,8.762,7.2706,81
2,2479,8.762,7.275,75
3,2479,8.762,7.3148,79
0,2480,8.762,7.2932,82
1,2480,8.762,7.335,82
2,2480,8.762,7.2124,83
3,2480,8.762,7.3396,78
0,2481,8.762,7.1049,90
1,2481,8.762,7.1319,85
2,2481,8.762,7.3287,72
3,2481,8.762,7.2495,81
0,2482,8.762,7.3538,77
1,2482,8.762,7.3852,75
2,2482,8.762,7.1205,75
3,2482,8.762,7.2562,84
0,2483,8.762,7.2841,87
1,2483,8.762,7.3205,77
2,2483,8.762,7.2608,73
3,2483,8.762,7.2389,71
0,2484,8.762,7.1821,88
1,2484,8.762,7.2642,83
2,2484,8.762,7.1492,89
3,2484,8.762,7.3133,75
0,2485,8.762,7.3008,80
1,2485,8.762,7.4547,76
2,2485,8.762,7.2462,72
3,2485,8.762,7.3237,62
0,2486,8.762,7.2945,87
1,2486,8.762,7.2911,78
2,2486,8.762,7.1596,78
3,2486,8.762,7.1265,88
0,2487,8.762,7.363,71
1,2487,8.762,7.2397,76
2,2487,8.762,7.2236,77
3,2487,8.762,7.3407,72
0,2488,8.762,7.3463,78
1,2488,8.762,7.3091,83
2,2488,8.762,7.1698,86
3,2488,8.762,7.2124,85
0,2489,8.762,7.3144,70
1,2489,8.762,7.3204,67
2,2489,8.762,7.3405,72
3,2489,8.762,7.3305,86
0,2490,8.762,7.2671,79
1,2490,8.762,7.3952,71
2,2490,8.762,7.3595,76
3,2490,8.762,7.3198,78
0,2491,8.762,7.32,84
1,2491,8.762,7.2803,78
2,2491,8.762,7.1919,75
3,2491,8.762,7.3016,74
0,2492,8.762,7.3223,70
1,2492,8.762,7.1949,83
2,2492,8.762,7.4285,72
3,2492,8.762,7.3859,73
0,2493,8.762,7.3206,79
1,2493,8.762,7.3839,73
2,2493,8.762,7.4301,65
3,2493,8.762,7.3033,73
0,2494,8.762,7.3238,77
1,2494,8.762,7.2598,78
2,2494,8.762,7.3091,75
3,2494,8.762,7.2789,79
0,2495,8.762,7.2193,76
1,2495,8.762,7.3792,70
2,2495,8.762,7.1975,79
3,2495,8.762,7.2837,79
0,2496,8.762,7.3063,77
1,2496,8.762,7.1945,78
2,2496,8.762,7.3242,78
3,2496,8.762,7.3348,79
0,2497,8.762,7.1533,89
1,2497,8.762,7.2785,71
2,2497,8.762,7.2929,72
3,2497,8.762,7.3061,73
0,2498,8.762,7.2508,78
1,2498,8.762,7.1692,86
2,2498,8.762,7.4586,71
3,2498,8.762,7.3477,71
0,2499,8.762,7.2814,82
1,2499,8.762,7.3059,76
2,2499,8.762,7.3389,82
3,2499,8.762,7.3094,75
0,2500,8.762,7.2818,82
1,2500,8.762,7.4783,68
2,2500,8.762,7.2421,73
3,2500,8.762,7.2523,85
0,2501,8.762,7.2756,81
1,2501,8.762,7.3768,80
2,2501,8.762,7.0869,84
3,2501,8.762,7.4539,61
0,2502,8.762,7.2506,84
1,2502,8.762,7.3307,86
2,2502,8.762,7.2084,74
3,2502,8.762,7.3355,75
0,2503,8.762,7.2284,79
1,2503,8.762,7.315,77
2,2503,8.762,7.5208,78
3,2503,8.762,7.2779,81
0,2504,8.762,7.1997,74
1,2504,8.762,7.1967,84
2,2504,8.762,7.5303,69
3,2504,8.762,7.3392,76
0,2505,8.762,7.2003,87
1,2505,8.762,7.3377,75
2,2505,8.762,7.1727,69
3,2505,8.762,7.4564,76
0,2506,8.762,7.3106,86
1,2506,8.762,7.267,76
2,2506,8.762,7.2699,71
3,2506,8.762,7.2499,77
0,2507,8.762,7.2713,75
1,2507,8.762,7.4335,73
2,2507,8.762,7.3922,68
3,2507,8.762,7.1676,81
0,2508,8.762,7.3765,79
1,2508,8.762,7.4251,73
2,2508,8.762,7.4078,76
3,2508,8.762,7.2837,68
0,2509,8.762,7.2302,76
1,2509,8.762,7.33,85
2,2509,8.762,7.3991,67
3,2509,8.762,7.3553,78
0,2510,8.762,7.3204,76
1,2510,8.762,7.2332,77
2,2510,8.762,7.2866,83
3,2510,8.762,7.221,71
0,2511,8.762,7.2784,76
1,2511,8.762,7.2189,83
2,2511,8.762,7.2817,76
3,2511,8.762,7.2762,73
0,2512,8.762,7.2672,74
1,2512,8.762,7.2022,90
2,2512,8.762,7.2069,75
3,2512,8.762,7.3501,77
0,2513,8.762,7.4203,74
1,2513,8.762,7.3133,80
2,2513,8.762,7.2472,74
3,2513,8.762,7.2474,81
0,2514,8.762,7.1749,84
1,2514,8.762,7.407,81
2,2514,8.762,7.3443,78
3,2514,8.762,7.4414,63
0,2515,8.762,7.2395,78
1,2515,8.762,7.3967,71
2,2515,8.762,7.2987,84
3,2515,8.762,7.1731,81
0,2516,8.762,7.3759,69
1,2516,8.762,7.308,77
2,2516,8.762,7.336,69
3,2516,8.762,7.4128,67
0,2517,8.762,7.2388,74
1,2517,8.762,7.3534,70
2,2517,8.762,7.0351,93
3,2517,8.762,7.293,73
0,2518,8.762,7.2606,81
1,2518,8.762,7.2691,77
2,2518,8.762,7.6013,67
3,2518,8.762,7.104,85
0,2519,8.762,7.2272,73
1,2519,8.762,7.2843,75
2,2519,8.762,7.4765,76
3,2519,8.762,7.2251,79
0,2520,8.762,7.2655,81
1,2520,8.762,7.2482,82
2,2520,8.762,7.3842,78
3,2520,8.762,7.2357,79
0,2521,8.762,7.2831,77
1,2521,8.762,7.3603,80
2,2521,8.762,7.1593,79
3,2521,8.762,7.3439,75
0,2522,8.762,7.2121,80
1,2522,8.762,7.407,79
2,2522,8.762,7.2995,72
3,2522,8.762,7.3283,74
0,2523,8.762,7.257,74
1,2523,8.762,7.1692,89
2,2523,8.762,7.4582,72
3,2523,8.762,7.2832,78
0,2524,8.762,7.2184,79
1,2524,8.762,7.2187,77
2,2524,8.762,7.0336,82
3,2524,8.762,7.2663,81
0,2525,8.762,7.4307,72
1,2525,8.762,7.1188,69
2,2525,8.762,7.299,79
3,2525,8.762,7.3657,75
0,2526,8.762,7.1956,85
1,2526,8.762,7.2443,80
2,2526,8.762,7.3535,80
3,2526,8.762,7.2554,69
0,2527,8.762,7.4002,70
1,2527,8.762,7.3765,67
2,2527,8.762,7.2713,77
3,2527,8.762,7.3145,80
0,2528,8.762,7.3271,78
1,2528,8.762,7.4187,79
2,2528,8.762,7.1089,78
3,2528,8.762,7.3225,78
0,2529,8.762,7.2777,71
1,2529,8.762,7.34,72
2,2529,8.762,7.4239,71
3,2529,8.762,7.2124,79
0,2530,8.762,7.2571,79
1,2530,8.762,7.3004,70
2,2530,8.762,7.1874,90
3,2530,8.762,7.2416,83
0,2531,8.762,7.2721,75
1,2531,8.762,7.2243,78
2,2531,8.762,7.2186,76
3,2531,8.762,7.1869,84
0,2532,8.762,7.3566,70
1,2532,8.762,7.1371,84
2,2532,8.762,7.1902,86
3,2532,8.762,7.2741,74
0,2533,8.762,7.3939,70
1,2533,8.762,7.3896,74
2,2533,8.762,7.4073,79
3,2533,8.762,7.2485,74
0,2534,8.762,7.0915,81
1,2534,8.762,7.3935,77
2,2534,8.762,7.2416,76
3,2534,8.762,7.1996,86
0,2535,8.762,7.2898,76
1,2535,8.762,7.2541,71
2,2535,8.762,7.2374,73
3,2535,8.762,7.2081,79
0,2536,8.762,7.0755,74
1,2536,8.762,7.3233,76
2,2536,8.762,7.3156,73
3,2536,8.762,7.2182,89
0,2537,8.762,7.3165,82
1,2537,8.762,7.1358,92
2,2537,8.762,7.141,85
3,2537,8.762,7.1384,84
0,2538,8.762,7.3921,71
1,2538,8.762,7.3349,73
2,2538,8.762,7.3151,78
3,2538,8.762,7.3319,71
0,2539,8.762,7.0695,87
1,2539,8.762,7.2745,72
2,2539,8.762,7.2724,80
3,2539,8.762,7.2601,76
0,2540,8.762,7.1944,86
1,2540,8.762,7.2117,74
2,2540,8.762,7.294,74
3,2540,8.762,7.2709,79
0,2541,8.762,7.3166,77
1,2541,8.762,7.1733,73
2,2541,8.762,7.3024,68
3,2541,8.762,7.2929,72
0,2542,8.762,7.3015,76
1,2542,8.762,7.3465,67
2,2542,8.762,7.3295,71
3,2542,8.762,7.4144,77
0,2543,8.762,7.1401,81
1,2543,8.762,7.3471,77
2,2543,8.762,7.2995,74
3,2543,8.762,7.1664,84
0,2544,8.762,7.3273,76
1,2544,8.762,7.2541,81
2,2544,8.762,7.2716,72
3,2544,8.762,7.3275,78
0,2545,8.762,7.2957,86
1,2545,8.762,7.2897,76
2,2545,8.762,7.3354,67
3,2545,8.762,7.2848,75
0,2546,8.762,7.2707,78
1,2546,8.762,7.4582,67
2,2546,8.762,7.2373,79
3,2546,8.762,7.1894,72
0,2547,8.762,7.2109,73
1,2547,8.762,7.2326,77
2,2547,8.762,7.1566,78
3,2547,8.762,7.3506,72
0,2548,8.762,7.3606,69
1,2548,8.762,7.4076,79
2,2548,8.762,7.2004,80
3,2548,8.762,7.306,74
0,2549,8.762,7.2469,77
1,2549,8.762,7.2173,78
2,2549,8.762,7.2516,69
3,2549,8.762,7.2368,86
0,2550,8.762,7.2297,73
1,2550,8.762,7.2124,75
2,2550,8.762,7.314,77
3,2550,8.762,7.4222,73
0,2551,8.762,7.4751,72
1,2551,8.762,7.3143,67
2,2551,8.762,7.2785,77
3,2551,8.762,7.2538,71
0,2552,8.762,7.353,78
1,2552,8.762,7.3386,74
2,2552,8.762,7.5121,63
3,2552,8.762,7.1039,80
0,2553,8.762,7.2736,81
1,2553,8.762,7.3461,71
2,2553,8.762,7.3102,71
3,2553,8.762,7.2105,88
0,2554,8.762,7.4968,74
1,2554,8.762,7.2578,76
2,2554,8.762,7.1039,87
3,2554,8.762,7.3762,75
0,2555,8.762,7.1698,80
1,2555,8.762,7.2551,77
2,2555,8.762,7.0973,85
3,2555,8.762,7.3814,67
0,2556,8.762,7.2559,74
1,2556,8.762,7.2552,78
2,2556,8.762,7.3914,75
3,2556,8.762,7.3108,73
0,2557,8.762,7.4493,73
1,2557,8.762,7.0708,91
2,2557,8.762,7.1655,79
3,2557,8.762,7.3032,68
0,2558,8.762,7.3105,79
1,2558,8.762,7.3736,60
2,2558,8.762,7.1544,76
3,2558,8.762,7.2671,79
0,2559,8.762,7.2799,75
1,2559,8.762,7.3021,75
2,2559,8.762,7.3391,74
3,2559,8.762,7.2546,78
0,2560,8.762,7.2196,78
1,2560,8.762,7.2789,80
2,2560,8.762,7.1466,79
3,2560,8.762,7.4149,77
0,2561,8.762,7.2276,79
1,2561,8.762,7.4658,68
2,2561,8.762,7.2037,81
3,2561,8.762,7.2209,81
0,2562,8.762,7.1954,75
1,2562,8.762,7.1716,85
2,2562,8.762,7.2941,74
3,2562,8.762,7.119,82
0,2563,8.762,7.2401,77
1,2563,8.762,7.1751,76
2,2563,8.762,7.3183,88
3,2563,8.762,7.3203,71
0,2564,8.762,7.0325,82
1,2564,8.762,7.3874,74
2,2564,8.762,7.4556,74
3,2564,8.762,7.265,78
0,2565,8.762,7.3029,76
1,2565,8.762,7.2427,74
2,2565,8.762,7.2837,79
3,2565,8.762,7.2079,78
0,2566,8.762,7.3144,76
1,2566,8.762,7.2955,71
2,2566,8.762,7.3998,66
3,2566,8.762,7.3332,75
0,2567,8.762,7.2665,85
1,2567,8.762,7.2418,78
2,2567,8.762,7.3224,68
3,2567,8.762,7.2873,80
0,2568,8.762,7.3318,69
1,2568,8.762,7.2462,71
2,2568,8.762,7.2361,74
3,2568,8.762,7.2932,80
0,2569,8.762,7.2436,72
1,2569,8.762,7.3668,78
2,2569,8.762,7.2181,77
3,2569,8.762,7.2927,81
0,2570,8.762,7.4725,77
1,2570,8.762,7.396,71
2,2570,8.762,7.3001,81
3,2570,8.762,7.2829,87
0,2571,8.762,7.1663,67
1,2571,8.762,7.4137,75
2,2571,8.762,7.1624,68
3,2571,8.762,7.354,73
0,2572,8.762,7.2802,80
1,2572,8.762,7.2342,78
2,2572,8.762,7.271,77
3,2572,8.762,7.3235,78
0,2573,8.762,7.3938,69
1,2573,8.762,7.2923,85
2,2573,8.762,7.3259,74
3,2573,8.762,7.3215,74
0,2574,8.762,7.1785,79
1,2574,8.762,7.3801,72
2,2574,8.762,7.1219,79
3,2574,8.762,7.4601,80
0,2575,8.762,7.2978,68
1,2575,8.762,7.2251,74
2,2575,8.762,7.348,74
3,2575,8.762,7.4068,75
0,2576,8.762,7.4249,79
1,2576,8.762,7.2002,72
2,2576,8.762,7.2665,69
3,2576,8.762,7.1852,80
0,2577,8.762,7.2607,87
1,2577,8.762,7.463,73
2,2577,8.762,7.2551,76
3,2577,8.762,7.2785,72
0,2578,8.762,7.4004,86
1,2578,8.762,7.2554,77
2,2578,8.762,7.2014,86
3,2578,8.762,7.3053,75
0,2579,8.762,7.4044,73
1,2579,8.762,7.3168,79
2,2579,8.762,7.3141,74
3,2579,8.762,7.2758,80
0,2580,8.762,7.2655,86
1,2580,8.762,7.317,68
2,2580,8.762,7.1632,80
3,2580,8.762,7.3978,77
0,2581,8.762,7.1412,81
1,2581,8.762,7.4176,82
2,2581,8.762,7.3611,74
3,2581,8.762,7.2393,79
0,2582,8.762,7.272,73
1,2582,8.762,7.2508,82
2,2582,8.762,7.2808,78
3,2582,8.762,7.1914,77
0,2583,8.762,7.4019,77
1,2583,8.762,7.3068,71
2,2583,8.762,7.2982,78
3,2583,8.762,7.4818,64
0,2584,8.762,7.1283,75
1,2584,8.762,7.2991,70
2,2584,8.762,7.287,76
3,2584,8.762,7.2315,86
0,2585,8.762,7.2177,75
1,2585,8.762,7.2822,73
2,2585,8.762,7.3568,68
3,2585,8.762,7.3443,67
0,2586,8.762,7.1621,81
1,2586,8.762,7.2677,74
2,2586,8.762,7.3686,82
3,2586,8.762,7.3488,74
0,2587,8.762,7.3693,70
1,2587,8.762,7.1674,90
2,2587,8.762,7.312,76
3,2587,8.762,7.2971,87
0,2588,8.762,7.2394,84
1,2588,8.762,7.255,68
2,2588,8.762,7.3002,76
3,2588,8.762,7.0337,78
0,2589,8.762,7.4046,69
1,2589,8.762,7.383,69
2,2589,8.762,7.4064,69
3,2589,8.762,7.3282,78
0,2590,8.762,7.3537,72
1,2590,8.762,7.3281,72
2,2590,8.762,7.3107,78
3,2590,8.762,7.0713,80
0,2591,8.762,7.2747,85
1,2591,8.762,7.3595,74
2,2591,8.762,7.2214,73
3,2591,8.762,7.2422,70
0,2592,8.762,7.2458,85
1,2592,8.762,7.2961,80
2,2592,8.762,7.2027,81
3,2592,8.762,7.3206,84
0,2593,8.762,7.2999,80
1,2593,8.762,7.2727,80
2,2593,8.762,7.3771,70
3,2593,8.762,7.3009,74
0,2594,8.762,7.1763,77
1,2594,8.762,7.3696,82
2,2594,8.762,7.3392,69
3,2594,8.762,7.1847,80
0,2595,8.762,7.1854,81
1,2595,8.762,7.4492,67
2,2595,8.762,7.3982,72
3,2595,8.762,7.338,73
0,2596,8.762,7.3519,78
1,2596,8.762,7.4427,70
2,2596,8.762,7.4085,73
3,2596,8.762,7.1306,85
0,2597,8.762,7.2528,76
1,2597,8.762,7.4718,74
2,2597,8.762,7.2744,72
3,2597,8.762,7.2568,68
0,2598,8.762,7.2423,79
1,2598,8.762,7.2386,84
2,2598,8.762,7.2984,75
3,2598,8.762,7.1808,88
0,2599,8.762,7.4128,72
1,2599,8.762,7.3316,81
2,2599,8.762,7.2417,78
3,2599,8.762,7.0854,85
0,2600,8.762,7.3559,78
1,2600,8.762,7.3326,68
2,2600,8.762,7.3687,69
3,2600,8.762,7.4486,77
0,2601,8.762,7.3552,73
1,2601,8.762,7.2597,78
2,2601,8.762,7.3268,71
3,2601,8.762,7.1992,78
0,2602,8.762,7.3597,74
1,2602,8.762,7.3469,73
2,2602,8.762,7.2522,68
3,2602,8.762,7.2181,73
0,2603,8.762,7.3453,72
1,2603,8.762,7.3439,67
2,2603,8.762,7.3354,68
3,2603,8.762,7.3156,82
0,2604,8.762,7.3501,76
1,2604,8.762,7.455,69
2,2604,8.762,7.3477,72
3,2604,8.762,7.1642,83
0,2605,8.762,7.4673,65
1,2605,8.762,7.3758,79
2,2605,8.762,7.2671,74
3,2605,8.762,7.1707,76
0,2606,8.762,7.3266,75
1,2606,8.762,7.2657,84
2,2606,8.762,7.3792,83
3,2606,8.762,7.148,83
0,2607,8.762,7.1817,79
1,2607,8.762,7.2449,74
2,2607,8.762,7.3392,78
3,2607,8.762,7.3511,76
0,2608,8.762,7.2276,77
1,2608,8.762,7.236,83
2,2608,8.762,7.3947,66
3,2608,8.762,7.1732,79
0,2609,8.762,7.2986,77
1,2609,8.762,7.2562,73
2,2609,8.762,7.287,79
3,2609,8.762,7.3887,78
0,2610,8.762,7.2124,81
1,2610,8.762,7.2853,73
2,2610,8.762,7.2992,76
3,2610,8.762,7.203,83
0,2611,8.762,7.1361,80
1,2611,8.762,7.3085,71
2,2611,8.762,7.0742,88
3,2611,8.762,7.1654,81
0,2612,8.762,7.2599,74
1,2612,8.762,7.287,70
2,2612,8.762,7.3279,78
3,2612,8.762,7.2968,76
0,2613,8.762,7.308,89
1,2613,8.762,7.3742,77
2,2613,8.762,7.3424,72
3,2613,8.762,7.3001,74
0,2614,8.762,7.3838,74
1,2614,8.762,7.2312,77
2,2614,8.762,7.1612,78
3,2614,8.762,7.3887,75
0,2615,8.762,7.337,78
1,2615,8.762,7.3601,81
2,2615,8.762,7.3256,66
3,2615,8.762,7.3719,72
0,2616,8.762,7.1509,77
1,2616,8.762,7.1586,67
2,2616,8.762,7.2068,79
3,2616,8.762,7.2739,81
0,2617,8.762,7.2128,85
1,2617,8.762,7.2818,63
2,2617,8.762,7.2505,82
3,2617,8.762,7.1437,84
0,2618,8.762,7.3455,80
1,2618,8.762,7.2966,86
2,2618,8.762,7.2041,80
3,2618,8.762,7.3118,70
0,2619,8.762,7.2133,71
1,2619,8.762,7.2521,83
2,2619,8.762,7.4316,78
3,2619,8.762,7.1981,68
0,2620,8.762,7.1918,81
1,2620,8.762,7.2699,69
2,2620,8.762,7.4072,71
3,2620,8.762,7.1919,77
0,2621,8.762,7.2532,72
1,2621,8.762,7.1948,81
2,2621,8.762,7.2228,82
3,2621,8.762,7.3346,81
0,2622,8.762,7.4516,62
1,2622,8.762,7.0958,73
2,2622,8.762,7.3342,80
3,2622,8.762,7.241,78
0,2623,8.762,7.2932,81
1,2623,8.762,7.42,68
2,2623,8.762,7.3385,75
3,2623,8.762,7.1691,86
0,2624,8.762,7.2055,73
1,2624,8.762,7.2363,75
2,2624,8.762,7.3507,73
3,2624,8.762,7.4107,70
0,2625,8.762,7.3062,81
1,2625,8.762,7.3501,67
2,2625,8.762,7.3341,85
3,2625,8.762,7.2397,83
0,2626,8.762,7.3853,77
1,2626,8.762,7.4738,63
2,2626,8.762,7.2417,73
3,2626,8.762,7.2542,79
0,2627,8.762,7.1721,84
1,2627,8.762,7.2302,84
2,2627,8.762,7.3463,78
3,2627,8.762,7.3209,76
0,2628,8.762,7.2918,76
1,2628,8.762,7.3871,66
2,2628,8.762,7.3615,78
3,2628,8.762,7.3038,81
0,2629,8.762,7.2674,85
1,2629,8.762,7.0739,80
2,2629,8.762,7.3865,74
3,2629,8.762,7.2274,80
0,2630,8.762,7.2778,80
1,2630,8.762,7.3532,66
2,2630,8.762,7.31,81
3,2630,8.762,7.3548,80
0,2631,8.762,7.3742,67
1,2631,8.762,7.3081,78
2,2631,8.762,7.2441,70
3,2631,8.762,7.3424,75
0,2632,8.762,7.2321,83
1,2632,8.762,7.4156,71
2,2632,8.762,6.964,86
3,2632,8.762,7.1975,75
0,2633,8.762,7.1545,69
1,2633,8.762,7.3895,69
2,2633,8.762,7.2945,71
3,2633,8.762,7.3506,72
0,2634,8.762,7.2273,77
1,2634,8.762,7.2527,78
2,2634,8.762,7.1939,71
3,2634,8.762,7.4085,72
0,2635,8.762,7.315,75
1,2635,8.762,7.4692,73
2,2635,8.762,7.3072,81
3,2635,8.762,7.1932,83
0,2636,8.762,7.2094,79
1,2636,8.762,7.1464,74
2,2636,8.762,7.358,70
3,2636,8.762,7.3303,69
0,2637,8.762,7.2011,75
1,2637,8.762,7.3827,67
2,2637,8.762,7.3772,69
3,2637,8.762,7.3421,77
0,2638,8.762,7.3021,72
1,2638,8.762,7.4107,76
2,2638,8.762,7.2674,87
3,2638,8.762,7.2105,77
0,2639,8.762,7.4284,68
1,2639,8.762,7.2382,75
2,2639,8.762,7.2303,75
3,2639,8.762,7.4638,75
0,2640,8.762,7.217,86
1,2640,8.762,7.2361,82
2,2640,8.762,7.2488,88
3,2640,8.762,7.3491,78
0,2641,8.762,7.2152,83
1,2641,8.762,7.0122,84
2,2641,8.762,7.1587,76
3,2641,8.762,7.3094,80
0,2642,8.762,7.4526,74
1,2642,8.762,7.2039,80
2,2642,8.762,7.0473,86
3,2642,8.762,7.4337,74
0,2643,8.762,7.2205,91
1,2643,8.762,7.3327,75
2,2643,8.762,7.3193,79
3,2643,8.762,7.1932,83
0,2644,8.762,7.4485,76
1,2644,8.762,7.3156,73
2,2644,8.762,7.3007,80
3,2644,8.762,7.2418,78
0,2645,8.762,7.1277,85
1,2645,8.762,7.3711,72
2,2645,8.762,7.2674,73
3,2645,8.762,7.308,78
0,2646,8.762,7.152,79
1,2646,8.762,7.3342,84
2,2646,8.762,7.3462,77
3,2646,8.762,7.2026,79
0,2647,8.762,7.3688,64
1,2647,8.762,7.2327,86
2,2647,8.762,7.1844,78
3,2647,8.762,7.3182,80
0,2648,8.762,7.2519,86
1,2648,8.762,7.1803,80
2,2648,8.762,7.197,82
3,2648,8.762,7.2386,75
0,2649,8.762,7.3242,72
1,2649,8.762,7.3057,75
2,2649,8.762,7.382,65
3,2649,8.762,7.2538,78
0,2650,8.762,7.3745,68
1,2650,8.762,7.3679,76
2,2650,8.762,7.268,73
3,2650,8.762,7.2742,86
0,2651,8.762,7.36,68
1,2651,8.762,7.2028,73
2,2651,8.762,7.4071,68
3,2651,8.762,7.3047,77
0,2652,8.762,7.3484,80
1,2652,8.762,7.1495,77
2,2652,8.762,7.4653,66
3,2652,8.762,7.2682,68
0,2653,8.762,7.1837,86
1,2653,8.762,7.3682,71
2,2653,8.762,7.3468,79
3,2653,8.762,7.3141,71
0,2654,8.762,7.2824,86
1,2654,8.762,7.1516,75
2,2654,8.762,7.2284,79
3,2654,8.762,7.2852,82
0,2655,8.762,7.2435,72
1,2655,8.762,7.414,63
2,2655,8.762,7.3911,68
3,2655,8.762,7.1509,80
0,2656,8.762,7.4824,68
1,2656,8.762,7.4014,70
2,2656,8.762,7.21,77
3,2656,8.762,7.335,66
0,2657,8.762,7.301,72
1,2657,8.762,7.3701,70
2,2657,8.762,7.1822,77
3,2657,8.762,7.3883,80
0,2658,8.762,7.2734,86
1,2658,8.762,7.1027,79
2,2658,8.762,7.3893,71
3,2658,8.762,7.2305,76
0,2659,8.762,7.2774,77
1,2659,8.762,7.4031,74
2,2659,8.762,7.2736,73
3,2659,8.762,7.1978,89
0,2660,8.762,7.2967,66
1,2660,8.762,7.3534,77
2,2660,8.762,7.1373,71
3,2660,8.762,7.3583,83
0,2661,8.762,7.223,68
1,2661,8.762,7.4142,76
2,2661,8.762,7.3603,76
3,2661,8.762,7.2974,79
0,2662,8.762,7.216,72
1,2662,8.762,7.1726,72
2,2662,8.762,7.2004,79
3,2662,8.762,7.0563,82
0,2663,8.762,7.4224,72
1,2663,8.762,7.3118,78
2,2663,8.762,7.2269,77
3,2663,8.762,7.2187,81
0,2664,8.762,7.228,89
1,2664,8.762,7.3642,76
2,2664,8.762,7.2432,77
3,2664,8.762,7.1916,74
0,2665,8.762,7.4,75
1,2665,8.762,7.2904,71
2,2665,8.762,7.4122,70
3,2665,8.762,7.4783,70
0,2666,8.762,7.4199,74
1,2666,8.762,7.2203,76
2,2666,8.762,7.322,76
3,2666,8.762,7.2681,82
0,2667,8.762,7.2017,82
1,2667,8.762,7.2379,79
2,2667,8.762,7.3203,77
3,2667,8.762,7.3887,74
0,2668,8.762,7.2397,81
1,2668,8.762,7.3175,75
2,2668,8.762,7.3351,74
3,2668,8.762,7.1722,82
0,2669,8.762,7.2189,83
1,2669,8.762,7.158,80
2,2669,8.762,7.3161,83
3,2669,8.762,7.2219,80
0,2670,8.762,7.2427,88
1,2670,8.762,7.2736,77
2,2670,8.762,7.1445,87
3,2670,8.762,7.3699,67
0,2671,8.762,7.4046,66
1,2671,8.762,7.2986,71
2,2671,8.762,7.2079,78
3,2671,8.762,7.2425,77
0,2672,8.762,7.3754,68
1,2672,8.762,7.2878,75
2,2672,8.762,7.3396,80
3,2672,8.762,7.4383,73
0,2673,8.762,7.3562,76
1,2673,8.762,7.3247,71
2,2673,8.762,7.3325,75
3,2673,8.762,7.2832,71
0,2674,8.762,7.3712,79
1,2674,8.762,7.324,80
2,2674,8.762,7.2204,80
3,2674,8.762,7.3611,80
0,2675,8.762,7.2415,76
1,2675,8.762,7.3136,75
2,2675,8.762,7.3331,76
3,2675,8.762,7.1902,74
0,2676,8.762,7.3409,73
1,2676,8.762,7.3325,78
2,2676,8.762,7.3159,77
3,2676,8.762,7.2465,77
0,2677,8.762,7.3754,73
1,2677,8.762,7.1019,76
2,2677,8.762,7.2365,71
3,2677,8.762,7.1681,77
0,2678,8.762,7.3878,64
1,2678,8.762,7.5169,73
2,2678,8.762,7.2656,80
3,2678,8.762,7.2762,75
0,2679,8.762,7.3213,70
1,2679,8.762,7.4082,82
2,2679,8.762,7.2871,78
3,2679,8.762,7.3597,70
0,2680,8.762,7.3002,76
1,2680,8.762,7.2631,75
2,2680,8.762,7.1432,91
3,2680,8.762,7.343,69
0,2681,8.762,7.2383,72
1,2681,8.762,7.3387,72
2,2681,8.762,7.226,72
3,2681,8.762,7.128,86
0,2682,8.762,7.4245,68
1,2682,8.762,7.2426,71
2,2682,8.762,7.25,81
3,2682,8.762,7.3102,76
0,2683,8.762,7.3147,73
1,2683,8.762,7.3167,78
2,2683,8.762,7.2456,80
3,2683,8.762,7.3506,78
0,2684,8.762,7.3724,83
1,2684,8.762,7.1999,86
2,2684,8.762,7.2652,83
3,2684,8.762,7.1059,90
0,2685,8.762,7.2782,75
1,2685,8.762,7.2935,73
2,2685,8.762,7.1693,83
3,2685,8.762,7.2155,77
0,2686,8.762,7.3128,72
1,2686,8.762,7.3375,67
2,2686,8.762,7.3279,79
3,2686,8.762,7.1535,80
0,2687,8.762,7.289,71
1,2687,8.762,7.1321,83
2,2687,8.762,7.1932,81
3,2687,8.762,7.1799,82
0,2688,8.762,7.2764,81
1,2688,8.762,7.1794,82
2,2688,8.762,7.2281,81
3,2688,8.762,7.2715,78
0,2689,8.762,7.2829,73
1,2689,8.762,7.336,70
2,2689,8.762,7.3097,70
3,2689,8.762,7.195,72
0,2690,8.762,7.2531,71
1,2690,8.762,7.2028,67
2,2690,8.762,7.3347,68
3,2690,8.762,7.1651,81
0,2691,8.762,7.3993,82
1,2691,8.762,7.6198,61
2,2691,8.762,7.3416,72
3,2691,8.762,7.1922,80
0,2692,8.762,7.2039,82
1,2692,8.762,7.162,80
2,2692,8.762,7.2016,82
3,2692,8.762,7.1825,78
0,2693,8.762,7.3293,76
1,2693,8.762,7.3356,75
2,2693,8.762,7.3343,82
3,2693,8.762,7.2647,79
0,2694,8.762,7.2214,83
1,2694,8.762,7.3209,81
2,2694,8.762,7.1455,75
3,2694,8.762,7.2411,76
0,2695,8.762,7.2248,79
1,2695,8.762,7.1644,88
2,2695,8.762,7.4249,64
3,2695,8.762,7.2902,65
0,2696,8.762,7.1797,77
1,2696,8.762,7.3822,73
2,2696,8.762,7.2568,74
3,2696,8.762,7.3434,80
0,2697,8.762,7.2769,69
1,2697,8.762,7.2167,89
2,2697,8.762,7.3015,69
3,2697,8.762,7.2959,79
0,2698,8.762,7.2487,80
1,2698,8.762,7.229,72
2,2698,8.762,7.266,77
3,2698,8.762,7.3342,74
0,2699,8.762,7.4055,68
1,2699,8.762,7.3873,71
2,2699,8.762,7.244,82
3,2699,8.762,7.2969,77
0,2700,8.762,7.3248,76
1,2700,8.762,7.3707,73
2,2700,8.762,7.2109,75
3,2700,8.762,7.3173,78
0,2701,8.762,7.5227,76
1,2701,8.762,7.1354,84
2,2701,8.762,7.1938,75
3,2701,8.762,7.1503,83
0,2702,8.762,7.2334,81
1,2702,8.762,7.1968,80
2,2702,8.762,7.392,71
3,2702,8.762,7.3229,71
0,2703,8.762,7.2114,76
1,2703,8.762,7.3788,69
2,2703,8.762,7.2088,81
3,2703,8.762,7.3489,78
0,2704,8.762,7.2966,76
1,2704,8.762,7.243,75
2,2704,8.762,7.3327,84
3,2704,8.762,7.1506,87
0,2705,8.762,7.2402,85
1,2705,8.762,7.4088,80
2,2705,8.762,7.278,77
3,2705,8.762,7.125,87
0,2706,8.762,7.1886,71
1,2706,8.762,7.2729,77
2,2706,8.762,7.4714,66
3,2706,8.762,7.1406,82
0,2707,8.762,7.2107,73
1,2707,8.762,7.3566,72
2,2707,8.762,7.3301,74
3,2707,8.762,7.2797,71
0,2708,8.762,7.2114,79
1,2708,8.762,7.4362,77
2,2708,8.762,7.3895,70
3,2708,8.762,7.295,78
0,2709,8.762,7.2592,81
1,2709,8.762,7.3061,88
2,2709,8.762,7.2327,74
3,2709,8.762,7.1434,78
0,2710,8.762,7.2511,72
1,2710,8.762,7.3905,75
2,2710,8.762,7.2364,74
3,2710,8.762,7.5342,58
0,2711,8.762,7.2669,73
1,2711,8.762,7.465,66
2,2711,8.762,7.2465,86
3,2711,8.762,7.1699,82
0,2712,8.762,7.1883,85
1,2712,8.762,7.389,73
2,2712,8.762,7.361,64
3,2712,8.762,7.3638,74
0,2713,8.762,7.3144,76
1,2713,8.762,7.3054,77
2,2713,8.762,7.3751,75
3,2713,8.762,7.2335,75
0,2714,8.762,7.1684,71
1,2714,8.762,7.1728,79
2,2714,8.762,7.2841,70
3,2714,8.762,7.2579,79
0,2715,8.762,7.2155,77
1,2715,8.762,7.2405,81
2,2715,8.762,7.4232,70
3,2715,8.762,7.4055,72
0,2716,8.762,7.4851,79
1,2716,8.762,7.1757,85
2,2716,8.762,7.2253,68
3,2716,8.762,7.2269,86
0,2717,8.762,7.3393,69
1,2717,8.762,7.2706,71
2,2717,8.762,7.3108,77
3,2717,8.762,7.188,81
0,2718,8.762,7.2515,81
1,2718,8.762,7.2358,78
2,2718,8.762,7.1989,77
3,2718,8.762,7.2068,74
0,2719,8.762,7.3748,75
1,2719,8.762,7.1916,79
2,2719,8.762,7.292,76
3,2719,8.762,7.2327,76
0,2720,8.762,7.2064,77
1,2720,8.762,7.291,77
2,2720,8.762,7.4217,80
3,2720,8.762,7.1469,78
0,2721,8.762,7.2029,73
1,2721,8.762,7.4679,73
2,2721,8.762,7.3303,73
3,2721,8.762,7.3295,77
0,2722,8.762,7.3474,77
1,2722,8.762,7.1654,74
2,2722,8.762,7.3354,74
3,2722,8.762,7.1636,78
0,2723,8.762,7.3527,76
1,2723,8.762,7.1993,71
2,2723,8.762,7.312,81
3,2723,8.762,7.2239,76
0,2724,8.762,7.2162,70
1,2724,8.762,7.2867,72
2,2724,8.762,7.2331,73
3,2724,8.762,7.3286,77
0,2725,8.762,7.405,74
1,2725,8.762,7.3141,68
2,2725,8.762,7.2664,77
3,2725,8.762,7.1946,81
0,2726,8.762,7.161,79
1,2726,8.762,7.4043,68
2,2726,8.762,7.3492,59
3,2726,8.762,7.2753,77
0,2727,8.762,7.2728,68
1,2727,8.762,7.167,76
2,2727,8.762,7.3161,80
3,2727,8.762,7.2467,75
0,2728,8.762,7.326,72
1,2728,8.762,7.3983,62
2,2728,8.762,7.3219,77
3,2728,8.762,7.3637,75
0,2729,8.762,7.2914,78
1,2729,8.762,7.3085,79
2,2729,8.762,7.2882,85
3,2729,8.762,7.333,71
0,2730,8.762,7.2931,68
1,2730,8.762,7.1594,80
2,2730,8.762,7.2291,78
3,2730,8.762,7.2827,73
0,2731,8.762,7.3673,68
1,2731,8.762,7.2265,79
2,2731,8.762,7.2738,70
3,2731,8.762,7.2507,70
0,2732,8.762,7.2163,77
1,2732,8.762,7.2521,79
2,2732,8.762,7.1696,84
3,2732,8.762,7.29,72
0,2733,8.762,7.3978,65
1,2733,8.762,7.2656,78
2,2733,8.762,7.2727,78
3,2733,8.762,7.2555,76
0,2734,8.762,7.3582,78
1,2734,8.762,7.2082,74
2,2734,8.762,7.2657,84
3,2734,8.762,7.077,80
0,2735,8.762,7.2093,78
1,2735,8.762,7.2651,85
2,2735,8.762,7.2271,85
3,2735,8.762,7.405,69
0,2736,8.762,7.2236,93
1,2736,8.762,7.1787,81
2,2736,8.762,7.266,77
3,2736,8.762,7.2896,76
0,2737,8.762,7.1689,79
1,2737,8.762,7.3069,72
2,2737,8.762,7.1918,85
3,2737,8.762,7.2578,79
0,2738,8.762,7.3066,78
1,2738,8.762,7.2691,72
2,2738,8.762,7.2654,78
3,2738,8.762,7.2215,80
0,2739,8.762,7.2099,76
1,2739,8.762,7.1661,79
2,2739,8.762,7.385,81
3,2739,8.762,7.2642,72
0,2740,8.762,7.335,78
1,2740,8.762,7.258,78
2,2740,8.762,7.3234,74
3,2740,8.762,7.2414,81
0,2741,8.762,7.3568,77
1,2741,8.762,7.4323,72
2,2741,8.762,7.3372,72
3,2741,8.762,7.3504,77
0,2742,8.762,7.4727,74
1,2742,8.762,7.2496,81
2,2742,8.762,7.345,76
3,2742,8.762,7.3022,69
0,2743,8.762,7.1585,81
1,2743,8.762,7.3291,80
2,2743,8.762,7.2799,76
3,2743,8.762,7.3118,78
0,2744,8.762,7.3094,78
1,2744,8.762,7.397,66
2,2744,8.762,7.2193,85
3,2744,8.762,7.2198,75
0,2745,8.762,7.2894,96
1,2745,8.762,7.1903,70
2,2745,8.762,7.3048,86
3,2745,8.762,7.3683,68
0,2746,8.762,7.1916,87
1,2746,8.762,7.2567,77
2,2746,8.762,7.1894,86
3,2746,8.762,7.2637,82
0,2747,8.762,7.3303,74
1,2747,8.762,7.2632,75
2,2747,8.762,7.328,83
3,2747,8.762,7.2667,69
0,2748,8.762,7.3867,71
1,2748,8.762,7.3316,81
2,2748,8.762,7.3904,83
3,2748,8.762,7.2721,67
0,2749,8.762,7.2524,81
1,2749,8.762,7.1039,83
2,2749,8.762,7.3579,82
3,2749,8.762,7.2318,81
0,2750,8.762,7.2163,80
1,2750,8.762,7.302,77
2,2750,8.762,7.3529,77
3,2750,8.762,7.2872,78
0,2751,8.762,7.3367,79
1,2751,8.762,7.3299,84
2,2751,8.762,7.201,84
3,2751,8.762,7.2974,79
0,2752,8.762,7.37,73
1,2752,8.762,7.1675,81
2,2752,8.762,7.1963,86
3,2752,8.762,7.4144,67
0,2753,8.762,7.2126,79
1,2753,8.762,7.3481,69
2,2753,8.762,7.3201,80
3,2753,8.762,7.3589,64
0,2754,8.762,7.248,75
1,2754,8.762,7.2475,77
2,2754,8.762,7.3541,83
3,2754,8.762,7.3527,80
0,2755,8.762,7.2074,82
1,2755,8.762,7.2172,74
2,2755,8.762,7.2298,79
3,2755,8.762,7.4294,76
0,2756,8.762,7.4083,76
1,2756,8.762,7.3483,71
2,2756,8.762,7.1199,76
3,2756,8.762,7.1742,75
0,2757,8.762,7.2775,76
1,2757,8.762,7.3533,83
2,2757,8.762,7.1009,80
3,2757,8.762,7.2,81
0,2758,8.762,7.2005,77
1,2758,8.762,7.3785,60
2,2758,8.762,7.1488,82
3,2758,8.762,7.3519,74
0,2759,8.762,7.2885,71
1,2759,8.762,7.2554,78
2,2759,8.762,7.2242,76
3,2759,8.762,7.1974,72
0,2760,8.762,7.3907,76
1,2760,8.762,7.4936,76
2,2760,8.762,7.1472,76
3,2760,8.762,7.3987,78
0,2761,8.762,7.3251,78
1,2761,8.762,7.2129,70
2,2761,8.762,7.4763,74
3,2761,8.762,7.4026,74
0,2762,8.762,7.2637,73
1,2762,8.762,7.2397,86
2,2762,8.762,7.3893,76
3,2762,8.762,7.2226,73
0,2763,8.762,7.099,86
1,2763,8.762,7.3414,71
2,2763,8.762,7.4557,66
3,2763,8.762,7.2858,80
0,2764,8.762,7.3962,74
1,2764,8.762,7.294,80
2,2764,8.762,7.4342,72
3,2764,8.762,7.3881,73
0,2765,8.762,7.2343,81
1,2765,8.762,7.2483,82
2,2765,8.762,7.2388,75
3,2765,8.762,7.2407,83
0,2766,8.762,7.3936,69
1,2766,8.762,7.3805,67
2,2766,8.762,7.4152,74
3,2766,8.762,7.1291,82
0,2767,8.762,7.2197,73
1,2767,8.762,7.2348,77
2,2767,8.762,7.2881,73
3,2767,8.762,7.2154,73
0,2768,8.762,7.2895,67
1,2768,8.762,7.1549,77
2,2768,8.762,7.234,71
3,2768,8.762,7.3256,75
0,2769,8.762,7.1496,85
1,2769,8.762,7.3199,74
2,2769,8.762,7.2671,80
3,2769,8.762,7.2177,79
0,2770,8.762,7.3459,69
1,2770,8.762,7.1216,76
2,2770,8.762,7.077,97
3,2770,8.762,7.2416,80
0,2771,8.762,7.4083,75
1,2771,8.762,7.1882,84
2,2771,8.762,7.503,71
3,2771,8.762,7.3538,78
0,2772,8.762,7.3114,77
1,2772,8.762,7.2856,73
2,2772,8.762,7.3992,69
3,2772,8.762,7.3016,77
0,2773,8.762,7.1446,80
1,2773,8.762,7.1229,78
2,2773,8.762,7.3819,71
3,2773,8.762,7.2132,79
0,2774,8.762,7.197,76
1,2774,8.762,7.2893,79
2,2774,8.762,7.2742,84
3,2774,8.762,7.3844,66
0,2775,8.762,7.2468,81
1,2775,8.762,7.3589,70
2,2775,8.762,7.1796,83
3,2775,8.762,7.4573,76
0,2776,8.762,7.2805,74
1,2776,8.762,7.2921,76
2,2776,8.762,7.277,76
3,2776,8.762,7.2693,74
0,2777,8.762,7.2022,79
1,2777,8.762,7.251,74
2,2777,8.762,7.1493,80
3,2777,8.762,7.2218,79
0,2778,8.762,7.2702,82
1,2778,8.762,7.3086,77
2,2778,8.762,7.4212,78
3,2778,8.762,7.3707,76
0,2779,8.762,7.2169,80
1,2779,8.762,7.3796,69
2,2779,8.762,7.1439,83
3,2779,8.762,7.2587,89
0,2780,8.762,7.333,65
1,2780,8.762,7.3769,80
2,2780,8.762,7.0689,84
3,2780,8.762,7.2452,79
0,2781,8.762,7.3001,82
1,2781,8.762,7.3116,68
2,2781,8.762,7.3337,73
3,2781,8.762,7.3547,69
0,2782,8.762,7.1531,75
1,2782,8.762,7.0996,82
2,2782,8.762,7.1614,74
3,2782,8.762,7.3164,85
0,2783,8.762,7.0967,86
1,2783,8.762,7.1358,79
2,2783,8.762,7.2043,76
3,2783,8.762,7.2519,83
0,2784,8.762,7.2667,80
1,2784,8.762,7.2735,77
2,2784,8.762,7.3121,81
3,2784,8.762,7.1706,92
0,2785,8.762,7.345,75
1,2785,8.762,7.2973,76
2,2785,8.762,7.3533,76
3,2785,8.762,7.2234,77
0,2786,8.762,7.3427,68
1,2786,8.762,7.3364,76
2,2786,8.762,7.3035,78
3,2786,8.762,7.3761,78
0,2787,8.762,7.2966,78
1,2787,8.762,7.3469,78
2,2787,8.762,7.3828,72
3,2787,8.762,7.2944,65
0,2788,8.762,7.2357,93
1,2788,8.762,7.2886,84
2,2788,8.762,7.2306,72
3,2788,8.762,7.2121,77
0,2789,8.762,7.3753,69
1,2789,8.762,7.3894,78
2,2789,8.762,7.1116,77
3,2789,8.762,7.2657,76
0,2790,8.762,7.2972,72
1,2790,8.762,7.215,83
2,2790,8.762,7.2516,85
3,2790,8.762,7.2786,73
0,2791,8.762,7.2597,79
1,2791,8.762,7.2508,84
2,2791,8.762,7.3536,71
3,2791,8.762,7.1679,76
0,2792,8.762,7.2615,73
1,2792,8.762,7.2551,76
2,2792,8.762,7.4332,61
3,2792,8.762,7.1977,76
0,2793,8.762,7.3924,71
1,2793,8.762,7.2324,68
2,2793,8.762,7.4108,76
3,2793,8.762,7.2906,73
0,2794,8.762,7.2827,68
1,2794,8.762,7.2831,72
2,2794,8.762,7.2082,77
3,2794,8.762,7.335,78
0,2795,8.762,7.2974,71
1,2795,8.762,7.2551,77
2,2795,8.762,7.2726,77
3,2795,8.762,7.3137,79
0,2796,8.762,7.235,83
1,2796,8.762,7.345,73
2,2796,8.762,7.2237,76
3,2796,8.762,7.32,70
0,2797,8.762,7.2257,77
1,2797,8.762,7.4067,72
2,2797,8.762,7.3397,79
3,2797,8.762,7.2203,83
0,2798,8.762,7.4088,73
1,2798,8.762,7.2779,83
2,2798,8.762,7.3855,68
3,2798,8.762,7.2387,80
0,2799,8.762,7.1653,84
1,2799,8.762,7.2032,77
2,2799,8.762,7.3317,74
3,2799,8.762,7.2741,83
0,2800,8.762,7.1443,77
1,2800,8.762,7.2823,85
2,2800,8.762,7.4371,78
3,2800,8.762,7.3371,73
0,2801,8.762,7.2567,81
1,2801,8.762,7.3117,82
2,2801,8.762,7.2837,76
3,2801,8.762,7.3287,83
0,2802,8.762,7.2077,74
1,2802,8.762,7.2649,77
2,2802,8.762,7.1243,82
3,2802,8.762,7.1082,80
0,2803,8.762,7.205,78
1,2803,8.762,7.2816,68
2,2803,8.762,7.2704,78
3,2803,8.762,7.2636,74
0,2804,8.762,7.2407,69
1,2804,8.762,7.1951,77
2,2804,8.762,7.4159,70
3,2804,8.762,7.292,72
0,2805,8.762,7.3727,75
1,2805,8.762,7.2661,76
2,2805,8.762,7.3653,78
3,2805,8.762,7.219,77
0,2806,8.762,7.314,79
1,2806,8.762,7.2486,78
2,2806,8.762,7.3833,66
3,2806,8.762,7.3559,69
0,2807,8.762,7.1805,83
1,2807,8.762,7.154,78
2,2807,8.762,7.2461,79
3,2807,8.762,7.3596,86
0,2808,8.762,7.147,81
1,2808,8.762,7.2258,75
2,2808,8.762,7.3354,74
3,2808,8.762,7.2713,72
0,2809,8.762,7.3568,73
1,2809,8.762,7.2858,76
2,2809,8.762,7.1516,81
3,2809,8.762,7.2932,83
0,2810,8.762,7.202,80
1,2810,8.762,7.331,77
2,2810,8.762,7.1557,79
3,2810,8.762,7.2175,73
0,2811,8.762,7.2753,68
1,2811,8.762,7.2575,81
2,2811,8.762,7.297,79
3,2811,8.762,7.4024,66
0,2812,8.762,7.4342,75
1,2812,8.762,7.0935,85
2,2812,8.762,7.3636,75
3,2812,8.762,7.2848,79
0,2813,8.762,7.376,71
1,2813,8.762,7.429,66
2,2813,8.762,7.2178,74
3,2813,8.762,7.2321,75
0,2814,8.762,7.3506,78
1,2814,8.762,7.2476,75
2,2814,8.762,7.4764,73
3,2814,8.762,7.4929,66
0,2815,8.762,7.1641,83
1,2815,8.762,7.0724,85
2,2815,8.762,7.213,82
3,2815,8.762,7.2458,74
0,2816,8.762,7.3448,76
1,2816,8.762,7.2179,84
2,2816,8.762,7.2931,78
3,2816,8.762,7.2172,79
0,2817,8.762,7.4515,75
1,2817,8.762,7.182,78
2,2817,8.762,7.4465,73
3,2817,8.762,7.1963,73
0,2818,8.762,7.3566,72
1,2818,8.762,7.2026,85
2,2818,8.762,7.4257,76
3,2818,8.762,7.2859,75
0,2819,8.762,7.3,73
1,2819,8.762,7.2305,72
2,2819,8.762,7.2792,78
3,2819,8.762,7.3688,76
0,2820,8.762,7.2154,70
1,2820,8.762,7.2078,88
2,2820,8.762,7.3162,80
3,2820,8.762,7.3144,80
0,2821,8.762,7.3464,73
1,2821,8.762,7.4164,71
2,2821,8.762,7.3936,73
3,2821,8.762,7.294,76
0,2822,8.762,7.2709,84
1,2822,8.762,7.251,72
2,2822,8.762,7.1681,77
3,2822,8.762,7.3461,69
0,2823,8.762,7.4007,68
1,2823,8.762,7.1461,83
2,2823,8.762,7.3167,77
3,2823,8.762,7.389,70
0,2824,8.762,7.243,65
1,2824,8.762,7.1789,84
2,2824,8.762,7.301,83
3,2824,8.762,7.271,74
0,2825,8.762,7.1932,76
1,2825,8.762,7.3321,76
2,2825,8.762,7.3576,75
3,2825,8.762,7.3413,76
0,2826,8.762,7.5075,71
1,2826,8.762,7.3306,79
2,2826,8.762,7.2823,73
3,2826,8.762,7.3184,73
0,2827,8.762,7.1887,81
1,2827,8.762,7.4223,77
2,2827,8.762,7.2747,73
3,2827,8.762,7.3643,76
0,2828,8.762,7.4524,70
1,2828,8.762,7.3333,74
2,2828,8.762,7.4109,78
3,2828,8.762,7.2529,81
0,2829,8.762,7.2925,81
1,2829,8.762,7.349,79
2,2829,8.762,7.3564,73
3,2829,8.762,7.4325,72
0,2830,8.762,7.3325,79
1,2830,8.762,7.3857,72
2,2830,8.762,7.2945,72
3,2830,8.762,7.2733,81
0,2831,8.762,7.2821,75
1,2831,8.762,7.3496,78
2,2831,8.762,7.3521,70
3,2831,8.762,7.3845,78
0,2832,8.762,7.2016,84
1,2832,8.762,7.2906,78
2,2832,8.762,7.3472,72
3,2832,8.762,7.3398,86
0,2833,8.762,7.255,74
1,2833,8.762,7.4213,78
2,2833,8.762,7.1451,78
3,2833,8.762,7.177,77
0,2834,8.762,7.2164,69
1,2834,8.762,7.188,78
2,2834,8.762,7.3181,80
3,2834,8.762,7.3115,71
0,2835,8.762,7.2989,75
1,2835,8.762,7.293,76
2,2835,8.762,7.4462,69
3,2835,8.762,7.4808,78
0,2836,8.762,7.3963,66
1,2836,8.762,7.2946,78
2,2836,8.762,7.3803,72
3,2836,8.762,7.1754,76
0,2837,8.762,7.178,81
1,2837,8.762,7.1982,80
2,2837,8.762,7.2616,73
3,2837,8.762,7.2597,69
0,2838,8.762,7.4725,68
1,2838,8.762,7.2803,74
2,2838,8.762,7.235,76
3,2838,8.762,7.2036,77
0,2839,8.762,7.2727,81
1,2839,8.762,7.2177,83
2,2839,8.762,7.2772,83
3,2839,8.762,7.2596,78
0,2840,8.762,7.2043,81
1,2840,8.762,7.2254,74
2,2840,8.762,7.3809,73
3,2840,8.762,7.1757,76
0,2841,8.762,7.3101,70
1,2841,8.762,7.0983,93
2,2841,8.762,7.3533,75
3,2841,8.762,7.3148,73
0,2842,8.762,7.2759,74
1,2842,8.762,7.3707,64
2,2842,8.762,7.0509,81
3,2842,8.762,7.2031,74
0,2843,8.762,7.1913,75
1,2843,8.762,7.4566,63
2,2843,8.762,7.3487,69
3,2843,8.762,7.1926,74
0,2844,8.762,7.1217,86
1,2844,8.762,7.3592,79
2,2844,8.762,7.3524,73
3,2844,8.762,7.3276,73
0,2845,8.762,7.332,77
1,2845,8.762,7.1548,84
2,2845,8.762,7.2283,74
3,2845,8.762,7.2011,79
0,2846,8.762,7.3201,77
1,2846,8.762,7.2704,74
2,2846,8.762,7.3443,73
3,2846,8.762,7.2332,86
0,2847,8.762,7.3157,74
1,2847,8.762,7.2117,76
2,2847,8.762,7.5144,74
3,2847,8.762,7.3962,88
0,2848,8.762,7.134,83
1,2848,8.762,7.2316,72
2,2848,8.762,7.4127,78
3,2848,8.762,7.4239,73
0,2849,8.762,7.3724,70
1,2849,8.762,7.4495,73
2,2849,8.762,7.3109,75
3,2849,8.762,7.5037,69
0,2850,8.762,7.2979,67
1,2850,8.762,7.3864,74
2,2850,8.762,7.2864,72
3,2850,8.762,7.2295,81
0,2851,8.762,7.287,69
1,2851,8.762,7.19,87
2,2851,8.762,7.4137,76
3,2851,8.762,7.3522,81
0,2852,8.762,7.286,74
1,2852,8.762,7.3199,73
2,2852,8.762,7.3124,79
3,2852,8.762,7.3069,81
0,2853,8.762,7.3873,76
1,2853,8.762,7.2347,64
2,2853,8.762,7.1939,79
3,2853,8.762,7.3013,80
0,2854,8.762,7.281,72
1,2854,8.762,7.3531,67
2,2854,8.762,7.3424,81
3,2854,8.762,7.2748,70
0,2855,8.762,7.2652,69
1,2855,8.762,7.3459,80
2,2855,8.762,7.1645,81
3,2855,8.762,7.3662,73
0,2856,8.762,7.2359,79
1,2856,8.762,7.2992,75
2,2856,8.762,7.1306,87
3,2856,8.762,7.2529,79
0,2857,8.762,7.1889,84
1,2857,8.762,7.0722,74
2,2857,8.762,7.2844,81
3,2857,8.762,7.2897,78
0,2858,8.762,7.2864,73
1,2858,8.762,7.2657,81
2,2858,8.762,7.1445,72
3,2858,8.762,7.2833,77
0,2859,8.762,7.2045,83
1,2859,8.762,7.2549,81
2,2859,8.762,7.181,81
3,2859,8.762,7.5304,65
0,2860,8.762,7.3691,70
1,2860,8.762,7.28,79
2,2860,8.762,7.3707,80
3,2860,8.762,7.2539,77
0,2861,8.762,7.4527,75
1,2861,8.762,7.3226,75
2,2861,8.762,7.3817,67
3,2861,8.762,7.4135,70
0,2862,8.762,7.2314,76
1,2862,8.762,7.2264,76
2,2862,8.762,7.2327,73
3,2862,8.762,7.5323,69
0,2863,8.762,7.3343,72
1,2863,8.762,7.1738,80
2,2863,8.762,7.3533,83
3,2863,8.762,7.1932,73
0,2864,8.762,7.1351,81
1,2864,8.762,7.4313,76
2,2864,8.762,7.3299,75
3,2864,8.762,7.2868,71
0,2865,8.762,7.2811,68
1,2865,8.762,7.2629,76
2,2865,8.762,7.2501,74
3,2865,8.762,7.4235,67
0,2866,8.762,7.2924,82
1,2866,8.762,7.2777,77
2,2866,8.762,7.3105,70
3,2866,8.762,7.3479,76
0,2867,8.762,7.3009,72
1,2867,8.762,7.3093,79
2,2867,8.762,7.0855,79
3,2867,8.762,7.2635,77
0,2868,8.762,7.1985,71
1,2868,8.762,7.2193,79
2,2868,8.762,7.2988,79
3,2868,8.762,7.2352,84
0,2869,8.762,7.3597,67
1,2869,8.762,7.3418,80
2,2869,8.762,7.2891,70
3,2869,8.762,7.3133,69
0,2870,8.762,7.3188,79
1,2870,8.762,7.2058,76
2,2870,8.762,7.3024,80
3,2870,8.762,7.2264,77
0,2871,8.762,7.1054,79
1,2871,8.762,7.3721,72
2,2871,8.762,7.2889,74
3,2871,8.762,7.2526,77
0,2872,8.762,7.2163,80
1,2872,8.762,7.2604,74
2,2872,8.762,7.2038,73
3,2872,8.762,7.2518,72
0,2873,8.762,7.2854,81
1,2873,8.762,7.3057,77
2,2873,8.762,7.2168,76
3,2873,8.762,7.3458,68
0,2874,8.762,7.3971,75
1,2874,8.762,7.2711,75
2,2874,8.762,7.3618,83
3,2874,8.762,7.3455,71
0,2875,8.762,7.3419,74
1,2875,8.762,7.3182,71
2,2875,8.762,7.255,70
3,2875,8.762,7.329,71
0,2876,8.762,7.281,81
1,2876,8.762,7.1305,79
2,2876,8.762,7.3139,80
3,2876,8.762,7.3079,81
0,2877,8.762,7.406,76
1,2877,8.762,7.1747,74
2,2877,8.762,7.3277,80
3,2877,8.762,7.2976,79
0,2878,8.762,7.2518,78
1,2878,8.762,7.2821,82
2,2878,8.762,7.2695,80
3,2878,8.762,7.0281,90
0,2879,8.762,7.2492,74
1,2879,8.762,7.1865,79
2,2879,8.762,7.4442,74
3,2879,8.762,7.1064,80
0,2880,8.762,7.3309,74
1,2880,8.762,7.2662,83
2,2880,8.762,7.4625,69
3,2880,8.762,7.2521,82
0,2881,8.762,7.3156,76
1,2881,8.762,7.3289,67
2,2881,8.762,7.3276,75
3,2881,8.762,7.2899,82
0,2882,8.762,7.16,84
1,2882,8.762,7.2935,69
2,2882,8.762,7.2092,78
3,2882,8.762,7.3927,71
0,2883,8.762,7.3459,77
1,2883,8.762,7.2,69
2,2883,8.762,7.3343,70
3,2883,8.762,7.2859,79
0,2884,8.762,7.3177,81
1,2884,8.762,7.2421,70
2,2884,8.762,7.2741,74
3,2884,8.762,7.2468,83
0,2885,8.762,7.3077,74
1,2885,8.762,7.308,76
2,2885,8.762,7.3279,78
3,2885,8.762,7.3065,72
0,2886,8.762,7.3104,73
1,2886,8.762,7.4108,80
2,2886,8.762,7.3412,79
3,2886,8.762,7.3158,74
0,2887,8.762,7.3714,72
1,2887,8.762,7.4559,70
2,2887,8.762,7.2796,77
3,2887,8.762,7.3009,72
0,2888,8.762,7.1964,82
1,2888,8.762,7.2233,78
2,2888,8.762,7.2264,74
3,2888,8.762,7.341,77
0,2889,8.762,7.2308,75
1,2889,8.762,7.3591,70
2,2889,8.762,7.4219,70
3,2889,8.762,7.2895,75
0,2890,8.762,7.2625,70
1,2890,8.762,7.3012,82
2,2890,8.762,7.3551,74
3,2890,8.762,7.2293,87
0,2891,8.762,7.152,80
1,2891,8.762,7.3894,72
2,2891,8.762,7.3515,77
3,2891,8.762,7.4509,72
0,2892,8.762,7.2801,78
1,2892,8.762,7.1533,76
2,2892,8.762,7.2295,68
3,2892,8.762,7.3655,72
0,2893,8.762,7.453,71
1,2893,8.762,7.2422,78
2,2893,8.762,7.4014,75
3,2893,8.762,7.4118,81
0,2894,8.762,7.192,72
1,2894,8.762,7.2931,73
2,2894,8.762,7.3243,80
3,2894,8.762,7.1039,81
0,2895,8.762,7.4206,75
1,2895,8.762,7.3536,75
2,2895,8.762,7.2309,83
3,2895,8.762,7.3237,73
0,2896,8.762,7.3039,72
1,2896,8.762,7.3512,81
2,2896,8.762,7.2309,81
3,2896,8.762,7.2628,76
0,2897,8.762,7.4197,75
1,2897,8.762,7.1329,81
2,2897,8.762,7.3787,77
3,2897,8.762,7.3033,81
0,2898,8.762,7.138,74
1,2898,8.762,7.1579,85
2,2898,8.762,7.1868,82
3,2898,8.762,7.3551,68
0,2899,8.762,7.3091,77
1,2899,8.762,7.2899,80
2,2899,8.762,7.1504,75
3,2899,8.762,7.3853,72
0,2900,8.762,7.3298,74
1,2900,8.762,7.1634,79
2,2900,8.762,7.3965,72
3,2900,8.762,7.2951,80
0,2901,8.762,7.2843,75
1,2901,8.762,7.3146,75
2,2901,8.762,7.3408,75
3,2901,8.762,7.156,84
0,2902,8.762,7.4186,75
1,2902,8.762,7.1908,72
2,2902,8.762,7.36,75
3,2902,8.762,7.3896,78
0,2903,8.762,7.3181,69
1,2903,8.762,7.2283,69
2,2903,8.762,7.4229,81
3,2903,8.762,7.2774,69
0,2904,8.762,7.2092,72
1,2904,8.762,7.2995,74
2,2904,8.762,7.4251,71
3,2904,8.762,7.2268,73
0,2905,8.762,7.3534,84
1,2905,8.762,7.3841,80
2,2905,8.762,7.3296,72
3,2905,8.762,7.3274,77
0,2906,8.762,7.281,77
1,2906,8.762,7.2396,94
2,2906,8.762,7.2114,73
3,2906,8.762,7.1987,71
0,2907,8.762,7.1267,78
1,2907,8.762,7.2045,78
2,2907,8.762,7.2719,81
3,2907,8.762,7.2409,74
0,2908,8.762,7.3153,78
1,2908,8.762,7.289,77
2,2908,8.762,7.2996,69
3,2908,8.762,7.1615,72
0,2909,8.762,7.2733,77
1,2909,8.762,7.198,74
2,2909,8.762,7.36,71
3,2909,8.762,7.3388,85
0,2910,8.762,7.1881,81
1,2910,8.762,7.1291,86
2,2910,8.762,7.3465,71
3,2910,8.762,7.3225,79
0,2911,8.762,7.1723,78
1,2911,8.762,7.4329,68
2,2911,8.762,7.2547,68
3,2911,8.762,7.3153,71
0,2912,8.762,7.1844,89
1,2912,8.762,7.2867,82
2,2912,8.762,7.334,69
3,2912,8.762,7.3318,75
0,2913,8.762,7.2129,82
1,2913,8.762,7.2452,76
2,2913,8.762,7.2988,81
3,2913,8.762,7.2604,67
0,2914,8.762,7.4601,72
1,2914,8.762,7.3362,73
2,2914,8.762,7.4427,67
3,2914,8.762,7.2931,73
0,2915,8.762,7.2782,81
1,2915,8.762,7.3056,73
2,2915,8.762,7.2329,80
3,2915,8.762,7.3333,71
0,2916,8.762,7.2584,59
1,2916,8.762,7.4953,74
2,2916,8.762,7.3138,73
3,2916,8.762,7.3099,75
0,2917,8.762,7.3014,79
1,2917,8.762,7.2502,80
2,2917,8.762,7.1786,79
3,2917,8.762,7.2434,78
0,2918,8.762,7.3081,73
1,2918,8.762,7.1848,82
2,2918,8.762,7.2611,75
3,2918,8.762,7.356,79
0,2919,8.762,7.1179,74
1,2919,8.762,7.2609,81
2,2919,8.762,7.2237,71
3,2919,8.762,7.3158,76
0,2920,8.762,7.3849,78
1,2920,8.762,7.3142,72
2,2920,8.762,7.0919,81
3,2920,8.762,7.3247,78
0,2921,8.762,7.4877,68
1,2921,8.762,7.1931,80
2,2921,8.762,7.1727,76
3,2921,8.762,7.2516,78
0,2922,8.762,7.2969,71
1,2922,8.762,7.3493,74
2,2922,8.762,7.3645,74
3,2922,8.762,7.3952,71
0,2923,8.762,7.2535,79
1,2923,8.762,7.2483,72
2,2923,8.762,7.2633,79
3,2923,8.762,7.3884,79
0,2924,8.762,7.2897,68
1,2924,8.762,7.3093,77
2,2924,8.762,7.3169,82
3,2924,8.762,7.3151,86
0,2925,8.762,7.3924,75
1,2925,8.762,7.3751,70
2,2925,8.762,7.2374,78
3,2925,8.762,7.24,77
0,2926,8.762,7.3834,77
1,2926,8.762,7.3235,68
2,2926,8.762,7.4098,65
3,2926,8.762,7.3369,72
0,2927,8.762,7.2724,78
1,2927,8.762,7.2089,87
2,2927,8.762,7.3442,75
3,2927,8.762,7.2067,82
0,2928,8.762,7.3278,78
1,2928,8.762,7.2299,76
2,2928,8.762,7.3017,80
3,2928,8.762,7.4013,82
0,2929,8.762,7.2887,75
1,2929,8.762,7.422,70
2,2929,8.762,7.3578,66
3,2929,8.762,7.1959,81
0,2930,8.762,7.4097,75
1,2930,8.762,7.2432,76
2,2930,8.762,7.2719,74
3,2930,8.762,7.4076,69
0,2931,8.762,7.2879,69
1,2931,8.762,7.3353,76
2,2931,8.762,7.3419,65
3,2931,8.762,7.3319,79
0,2932,8.762,7.354,71
1,2932,8.762,7.3805,75
2,2932,8.762,7.2985,79
3,2932,8.762,7.2842,73
0,2933,8.762,7.1375,87
1,2933,8.762,7.1517,89
2,2933,8.762,7.1176,91
3,2933,8.762,7.2565,74
0,2934,8.762,7.2216,74
1,2934,8.762,7.2805,75
2,2934,8.762,7.2195,71
3,2934,8.762,7.2268,78
0,2935,8.762,7.2632,82
1,2935,8.762,7.3449,77
2,2935,8.762,7.2985,74
3,2935,8.762,7.2718,78
0,2936,8.762,7.1752,78
1,2936,8.762,7.4212,70
2,2936,8.762,7.3712,69
3,2936,8.762,7.3122,74
0,2937,8.762,7.2703,70
1,2937,8.762,7.3293,83
2,2937,8.762,7.2241,78
3,2937,8.762,7.2563,78
0,2938,8.762,7.1177,74
1,2938,8.762,7.3028,69
2,2938,8.762,7.2597,82
3,2938,8.762,7.1678,80
0,2939,8.762,7.3755,68
1,2939,8.762,7.4652,72
2,2939,8.762,7.2603,77
3,2939,8.762,7.4012,77
0,2940,8.762,7.3359,71
1,2940,8.762,7.2478,87
2,2940,8.762,7.3062,78
3,2940,8.762,7.2914,70
0,2941,8.762,7.1821,75
1,2941,8.762,7.3118,70
2,2941,8.762,7.5073,79
3,2941,8.762,7.364,76
0,2942,8.762,7.3907,71
1,2942,8.762,7.3523,76
2,2942,8.762,7.3206,77
3,2942,8.762,7.2526,68
0,2943,8.762,7.2816,77
1,2943,8.762,7.348,75
2,2943,8.762,7.3386,85
3,2943,8.762,7.3351,79
0,2944,8.762,7.3139,81
1,2944,8.762,7.3545,70
2,2944,8.762,7.2055,74
3,2944,8.762,7.1986,80
0,2945,8.762,7.1858,80
1,2945,8.762,7.3428,82
2,2945,8.762,7.3108,78
3,2945,8.762,7.3558,72
0,2946,8.762,7.2529,80
1,2946,8.762,7.2454,75
2,2946,8.762,7.2589,74
3,2946,8.762,7.4064,65
0,2947,8.762,7.2962,76
1,2947,8.762,7.3431,72
2,2947,8.762,7.3656,76
3,2947,8.762,7.2852,64
0,2948,8.762,7.2682,72
1,2948,8.762,7.3303,80
2,2948,8.762,7.3723,68
3,2948,8.762,7.2312,75
0,2949,8.762,7.1571,76
1,2949,8.762,7.37,68
2,2949,8.762,7.1209,69
3,2949,8.762,7.1081,81
0,2950,8.762,7.2933,77
1,2950,8.762,7.197,82
2,2950,8.762,7.2757,73
3,2950,8.762,7.3941,75
0,2951,8.762,7.307,84
1,2951,8.762,7.3923,81
2,2951,8.762,7.2944,75
3,2951,8.762,7.2412,83
0,2952,8.762,7.3138,79
1,2952,8.762,7.4229,62
2,2952,8.762,7.1724,75
3,2952,8.762,7.1872,71
0,2953,8.762,7.0696,85
1,2953,8.762,7.2946,75
2,2953,8.762,7.382,75
3,2953,8.762,7.3446,79
0,2954,8.762,7.2457,87
1,2954,8.762,7.2075,73
2,2954,8.762,7.2828,78
3,2954,8.762,7.2015,88
0,2955,8.762,7.1976,77
1,2955,8.762,7.26,73
2,2955,8.762,7.3386,79
3,2955,8.762,7.2735,77
0,2956,8.762,7.3952,77
1,2956,8.762,7.311,71
2,2956,8.762,7.2787,74
3,2956,8.762,7.2778,84
0,2957,8.762,7.296,73
1,2957,8.762,7.2895,73
2,2957,8.762,7.312,75
3,2957,8.762,7.2995,70
0,2958,8.762,7.2411,81
1,2958,8.762,7.3208,70
2,2958,8.762,7.1799,77
3,2958,8.762,7.2537,78
0,2959,8.762,7.3616,76
1,2959,8.762,7.2392,74
2,2959,8.762,7.2383,81
3,2959,8.762,7.3816,69
0,2960,8.762,7.1094,77
1,2960,8.762,7.3294,75
2,2960,8.762,7.1062,77
3,2960,8.762,7.4018,80
0,2961,8.762,7.2805,76
1,2961,8.762,7.0883,79
2,2961,8.762,7.3632,80
3,2961,8.762,7.2649,66
0,2962,8.762,7.2089,77
1,2962,8.762,7.3722,70
2,2962,8.762,7.2347,77
3,2962,8.762,7.3091,75
0,2963,8.762,7.3969,74
1,2963,8.762,7.3748,72
2,2963,8.762,7.327,81
3,2963,8.762,7.3424,72
0,2964,8.762,7.2297,73
1,2964,8.762,7.1425,85
2,2964,8.762,7.2456,78
3,2964,8.762,7.3526,75
0,2965,8.762,7.273,89
1,2965,8.762,7.4579,74
2,2965,8.762,7.3254,74
3,2965,8.762,7.1312,76
0,2966,8.762,7.3415,75
1,2966,8.762,7.247,78
2,2966,8.762,7.3867,75
3,2966,8.762,7.5847,68
0,2967,8.762,7.3439,70
1,2967,8.762,7.3946,72
2,2967,8.762,7.469,67
3,2967,8.762,7.3225,67
0,2968,8.762,7.0737,90
1,2968,8.762,7.2212,82
2,2968,8.762,7.3362,81
3,2968,8.762,7.2909,79
0,2969,8.762,7.3139,77
1,2969,8.762,7.3133,75
2,2969,8.762,7.325,78
3,2969,8.762,7.3647,78
0,2970,8.762,7.2848,80
1,2970,8.762,7.5004,77
2,2970,8.762,7.339,73
3,2970,8.762,7.3068,78
0,2971,8.762,7.4819,64
1,2971,8.762,7.2702,69
2,2971,8.762,7.3118,81
3,2971,8.762,7.2715,76
0,2972,8.762,7.3507,76
1,2972,8.762,7.2237,78
2,2972,8.762,7.2629,83
3,2972,8.762,7.2377,86
0,2973,8.762,7.3074,74
1,2973,8.762,7.3563,71
2,2973,8.762,7.2704,76
3,2973,8.762,7.3692,83
0,2974,8.762,7.4058,78
1,2974,8.762,7.1847,82
2,2974,8.762,7.3145,68
3,2974,8.762,7.1719,80
0,2975,8.762,7.2855,74
1,2975,8.762,7.5023,68
2,2975,8.762,7.2973,77
3,2975,8.762,7.3351,79
0,2976,8.762,7.2975,82
1,2976,8.762,7.4346,76
2,2976,8.762,7.215,86
3,2976,8.762,7.3661,62
0,2977,8.762,7.4109,70
1,2977,8.762,7.2811,74
2,2977,8.762,7.1764,82
3,2977,8.762,7.3262,80
0,2978,8.762,7.1519,81
1,2978,8.762,7.3179,83
2,2978,8.762,7.2695,75
3,2978,8.762,7.2947,80
0,2979,8.762,7.2324,84
1,2979,8.762,7.2635,76
2,2979,8.762,7.3192,72
3,2979,8.762,7.2524,78
0,2980,8.762,7.3101,79
1,2980,8.762,7.2976,76
2,2980,8.762,7.4121,69
3,2980,8.762,7.3025,82
0,2981,8.762,7.32,78
1,2981,8.762,7.2115,86
2,2981,8.762,7.0829,75
3,2981,8.762,7.265,83
0,2982,8.762,7.3482,76
1,2982,8.762,7.1765,79
2,2982,8.762,7.255,68
3,2982,8.762,7.2755,78
0,2983,8.762,7.3566,79
1,2983,8.762,7.4033,80
2,2983,8.762,7.0422,79
3,2983,8.762,7.321,72
0,2984,8.762,7.31,75
1,2984,8.762,7.3427,79
2,2984,8.762,7.2057,78
3,2984,8.762,7.3655,80
0,2985,8.762,7.2058,75
1,2985,8.762,7.3939,85
2,2985,8.762,7.4119,69
3,2985,8.762,7.2938,80
0,2986,8.762,7.5169,76
1,2986,8.762,7.2534,82
2,2986,8.762,7.1929,79
3,2986,8.762,7.3689,82
0,2987,8.762,7.4222,76
1,2987,8.762,7.3541,75
2,2987,8.762,7.2444,74
3,2987,8.762,7.4459,76
0,2988,8.762,7.3694,70
1,2988,8.762,7.3958,77
2,2988,8.762,7.2021,72
3,2988,8.762,7.302,71
0,2989,8.762,7.3255,79
1,2989,8.762,7.1448,87
2,2989,8.762,7.2078,82
3,2989,8.762,7.283,73
0,2990,8.762,7.2548,73
1,2990,8.762,7.3142,76
2,2990,8.762,7.3789,72
3,2990,8.762,7.2904,68
0,2991,8.762,7.1888,71
1,2991,8.762,7.3441,72
2,2991,8.762,7.3368,68
3,2991,8.762,7.2126,79
0,2992,8.762,7.2667,76
1,2992,8.762,7.5063,79
2,2992,8.762,7.2577,75
3,2992,8.762,7.4251,75
0,2993,8.762,7.3384,76
1,2993,8.762,7.2464,75
2,2993,8.762,7.3517,80
3,2993,8.762,7.2386,73
0,2994,8.762,7.3119,83
1,2994,8.762,7.3402,86
2,2994,8.762,7.4595,73
3,2994,8.762,7.1897,77
0,2995,8.762,7.3644,73
1,2995,8.762,7.3547,75
2,2995,8.762,7.2684,84
3,2995,8.762,7.3435,71
0,2996,8.762,7.218,73
1,2996,8.762,7.1624,81
2,2996,8.762,7.4402,73
3,2996,8.762,7.2949,78
0,2997,8.762,7.4071,67
1,2997,8.762,7.3622,70
2,2997,8.762,7.2346,79
3,2997,8.762,7.2144,84
0,2998,8.762,7.282,84
1,2998,8.762,7.4075,80
2,2998,8.762,7.2461,75
3,2998,8.762,7.2167,75
0,2999,8.762,7.5042,70
1,2999,8.762,7.3346,69
2,2999,8.762,7.2709,72
3,2999,8.762,7.3437,85
0,3000,8.762,6.9218,11
1,3000,8.762,7.6568,9
2,3000,8.762,7.2172,10
3,3000,8.762,7.8387,8
0,3001,8.762,8.4443,4
1,3001,8.762,7.398,10
2,3001,8.762,7.4875,10
3,3001,8.762,7.0601,13
0,3002,8.762,6.9483,15
1,3002,8.762,7.5183,12
2,3002,8.762,7.2423,11
3,3002,8.762,7.5271,14
0,3003,8.762,6.9858,11
1,3003,8.762,6.7049,14
2,3003,8.762,7.5817,10
3,3003,8.762,7.2929,13
0,3004,8.762,7.8474,9
1,3004,8.762,7.4804,11
2,3004,8.762,7.1212,14
3,3004,8.762,6.1164,17
0,3005,8.762,6.7904,16
1,3005,8.762,6.4726,17
2,3005,8.762,6.2759,13
3,3005,8.762,7.0511,14
0,3006,8.762,7.6721,11
1,3006,8.762,7.0437,12
2,3006,8.762,7.0699,12
3,3006,8.762,7.4788,13
0,3007,8.762,7.3288,12
1,3007,8.762,7.3624,12
2,3007,8.762,6.8097,16
3,3007,8.762,7.4369,12
0,3008,8.762,7.1432,11
1,3008,8.762,6.9535,13
2,3008,8.762,7.2875,10
3,3008,8.762,7.8502,8
0,3009,8.762,7.3757,14
1,3009,8.762,7.8871,10
2,3009,8.762,7.4591,10
3,3009,8.762,7.4573,11
0,3010,8.762,7.3491,10
1,3010,8.762,7.7714,9
2,3010,8.762,7.4392,11
3,3010,8.762,6.9413,15
0,3011,8.762,6.9381,12
1,3011,8.762,7.6877,11
2,3011,8.762,7.0211,12
3,3011,8.762,7.6056,10
0,3012,8.762,8.1412,7
1,3012,8.762,8.0259,6
2,3012,8.762,7.7861,7
3,3012,8.762,7.1044,12
0,3013,8.762,7.2333,12
1,3013,8.762,7.204,12
2,3013,8.762,6.9046,14
3,3013,8.762,7.9943,6
0,3014,8.762,6.924,12
1,3014,8.762,7.6336,7
2,3014,8.762,7.2207,11
3,3014,8.762,7.6357,9
0,3015,8.762,7.3559,10
1,3015,8.762,8.0199,7
2,3015,8.762,7.4629,11
3,3015,8.762,6.6302,15
0,3016,8.762,7.3444,12
1,3016,8.762,7.2531,12
2,3016,8.762,7.4824,10
3,3016,8.762,7.3704,10
0,3017,8.762,7.4005,12
1,3017,8.762,6.9316,13
2,3017,8.762,7.3951,12
3,3017,8.762,7.3991,13
0,3018,8.762,7.2428,14
1,3018,8.762,7.279,11
2,3018,8.762,7.2586,13
3,3018,8.762,7.196,11
0,3019,8.762,6.9446,13
1,3019,8.762,7.6801,9
2,3019,8.762,7.2504,13
3,3019,8.762,7.5245,10
0,3020,8.762,6.7446,14
1,3020,8.762,7.1005,12
2,3020,8.762,7.1611,13
3,3020,8.762,6.4884,12
0,3021,8.762,6.5091,17
1,3021,8.762,7.7633,11
2,3021,8.762,7.6612,10
3,3021,8.762,7.3046,13
0,3022,8.762,7.2376,11
1,3022,8.762,6.3733,17
2,3022,8.762,7.7154,10
3,3022,8.762,6.9433,13
0,3023,8.762,8.1507,5
1,3023,8.762,7.4293,12
2,3023,8.762,6.6218,13
3,3023,8.762,7.0425,16
0,3024,8.762,7.0139,12
1,3024,8.762,7.1053,13
2,3024,8.762,6.9974,14
3,3024,8.762,7.4757,10
0,3025,8.762,7.2715,12
1,3025,8.762,7.8651,8
2,3025,8.762,7.8757,9
3,3025,8.762,7.912,9
0,3026,8.762,7.9534,9
1,3026,8.762,7.0296,15
2,3026,8.762,7.2918,11
3,3026,8.762,6.8466,14
0,3027,8.762,7.4139,12
1,3027,8.762,7.4629,11
2,3027,8.762,6.2929,15
3,3027,8.762,7.6482,11
0,3028,8.762,7.8236,10
1,3028,8.762,7.499,11
2,3028,8.762,7.6785,11
3,3028,8.762,6.6355,13
0,3029,8.762,6.5252,16
1,3029,8.762,7.2237,12
2,3029,8.762,7.5693,10
3,3029,8.762,7.7228,9
0,3030,8.762,6.605,15
1,3030,8.762,7.2343,12
2,3030,8.762,6.4692,14
3,3030,8.762,7.5051,11
0,3031,8.762,7.1647,9
1,3031,8.762,7.4411,10
2,3031,8.762,7.7905,9
3,3031,8.762,7.3536,13
0,3032,8.762,7.5004,11
1,3032,8.762,6.5847,15
2,3032,8.762,7.6167,11
3,3032,8.762,7.1695,11
0,3033,8.762,7.8627,9
1,3033,8.762,8.0078,10
2,3033,8.762,6.9103,14
3,3033,8.762,7.1601,14
0,3034,8.762,7.512,10
1,3034,8.762,7.3656,12
2,3034,8.762,7.5702,10
3,3034,8.762,7.1089,13
0,3035,8.762,6.9942,13
1,3035,8.762,6.9479,14
2,3035,8.762,7.7143,11
3,3035,8.762,7.5992,9
0,3036,8.762,7.7915,7
1,3036,8.762,7.634,11
2,3036,8.762,7.3589,11
3,3036,8.762,7.1638,12
0,3037,8.762,7.1735,12
1,3037,8.762,6.7179,13
2,3037,8.762,6.4497,12
3,3037,8.762,6.4487,15
0,3038,8.762,6.7983,15
1,3038,8.762,7.9763,8
2,3038,8.762,7.213,12
3,3038,8.762,7.2423,10
0,3039,8.762,6.5498,14
1,3039,8.762,7.357,13
2,3039,8.762,7.1148,13
3,3039,8.762,7.2093,13
0,3040,8.762,7.1483,11
1,3040,8.762,6.3224,17
2,3040,8.762,7.6549,9
3,3040,8.762,6.3594,16
0,3041,8.762,7.482,11
1,3041,8.762,8.0962,7
2,3041,8.762,6.3304,16
3,3041,8.762,6.3369,17
0,3042,8.762,7.076,11
1,3042,8.762,6.8964,12
2,3042,8.762,7.113,12
3,3042,8.762,7.184,13
0,3043,8.762,7.0292,11
1,3043,8.762,7.2536,11
2,3043,8.762,7.3413,12
3,3043,8.762,7.3496,10
0,3044,8.762,6.7569,12
1,3044,8.762,7.4254,12
2,3044,8.762,7.3163,11
3,3044,8.762,6.9962,15
0,3045,8.762,7.2521,10
1,3045,8.762,7.2886,12
2,3045,8.762,7.4423,11
3,3045,8.762,7.4379,12
0,3046,8.762,7.029,12
1,3046,8.762,7.3211,11
2,3046,8.762,7.0532,14
3,3046,8.762,7.3574,11
0,3047,8.762,7.4882,11
1,3047,8.762,6.8158,15
2,3047,8.762,7.4304,11
3,3047,8.762,7.5716,10
0,3048,8.762,7.6963,10
1,3048,8.762,7.9588,9
2,3048,8.762,6.9539,13
3,3048,8.762,7.5619,11
0,3049,8.762,6.9116,13
1,3049,8.762,7.2799,10
2,3049,8.762,7.4318,9
3,3049,8.762,7.205,12
0,3050,8.762,7.4676,76
1,3050,8.762,7.4293,72
2,3050,8.762,7.3763,63
3,3050,8.762,7.2806,85
0,3051,8.762,7.3606,66
1,3051,8.762,7.2977,83
2,3051,8.762,7.2466,80
3,3051,8.762,7.3186,79
0,3052,8.762,7.3188,76
1,3052,8.762,7.1778,85
2,3052,8.762,7.1522,86
3,3052,8.762,7.4017,71
0,3053,8.762,7.4928,63
1,3053,8.762,7.2969,72
2,3053,8.762,7.1847,75
3,3053,8.762,7.2808,79
0,3054,8.762,7.3942,70
1,3054,8.762,7.1702,82
2,3054,8.762,7.2945,78
3,3054,8.762,7.2418,86
0,3055,8.762,7.2636,79
1,3055,8.762,7.2459,81
2,3055,8.762,7.3293,76
3,3055,8.762,7.3518,83
0,3056,8.762,7.2371,72
1,3056,8.762,7.203,93
2,3056,8.762,7.358,77
3,3056,8.762,7.2888,72
0,3057,8.762,7.3577,78
1,3057,8.762,7.3437,74
2,3057,8.762,7.3726,74
3,3057,8.762,7.3411,86
0,3058,8.762,7.155,87
1,3058,8.762,7.3021,72
2,3058,8.762,7.4124,79
3,3058,8.762,7.0959,84
0,3059,8.762,7.2139,84
1,3059,8.762,7.2663,73
2,3059,8.762,7.2579,73
3,3059,8.762,7.2877,71
0,3060,8.762,7.2241,79
1,3060,8.762,7.2695,67
2,3060,8.762,7.1655,86
3,3060,8.762,7.2721,74
0,3061,8.762,7.1788,77
1,3061,8.762,7.1085,75
2,3061,8.762,7.2204,73
3,3061,8.762,7.3111,68
0,3062,8.762,7.1966,82
1,3062,8.762,7.1679,79
2,3062,8.762,7.3433,70
3,3062,8.762,7.3722,77
0,3063,8.762,7.3411,74
1,3063,8.762,7.2773,79
2,3063,8.762,7.1924,76
3,3063,8.762,7.2476,83
0,3064,8.762,7.308,84
1,3064,8.762,7.315,75
2,3064,8.762,7.2022,74
3,3064,8.762,7.3196,82
0,3065,8.762,7.2742,87
1,3065,8.762,7.2992,74
2,3065,8.762,7.2462,76
3,3065,8.762,7.2244,79
0,3066,8.762,7.2234,79
1,3066,8.762,7.2879,75
2,3066,8.762,7.272,82
3,3066,8.762,7.3502,77
0,3067,8.762,7.2897,81
1,3067,8.762,7.2157,76
2,3067,8.762,7.0442,86
3,3067,8.762,7.3773,83
0,3068,8.762,7.2564,81
1,3068,8.762,7.1792,86
2,3068,8.762,7.269,80
3,3068,8.762,7.4325,74
0,3069,8.762,7.3266,71
1,3069,8.762,7.2982,78
2,3069,8.762,7.2985,73
3,3069,8.762,7.1914,71
0,3070,8.762,7.1923,79
1,3070,8.762,7.4492,75
2,3070,8.762,7.346,68
3,3070,8.762,7.337,74
0,3071,8.762,7.3039,75
1,3071,8.762,7.3174,79
2,3071,8.762,7.3505,74
3,3071,8.762,7.2743,83
0,3072,8.762,7.302,79
1,3072,8.762,7.2454,83
2,3072,8.762,7.0686,94
3,3072,8.762,7.2592,76
0,3073,8.762,7.1363,84
1,3073,8.762,7.3199,75
2,3073,8.762,7.3477,71
3,3073,8.762,7.2913,79
0,3074,8.762,7.0745,81
1,3074,8.762,7.2317,77
2,3074,8.762,7.3601,76
3,3074,8.762,7.3202,79
0,3075,8.762,7.2673,84
1,3075,8.762,7.4261,73
2,3075,8.762,7.3055,74
3,3075,8.762,7.3799,79
0,3076,8.762,7.2182,74
1,3076,8.762,7.2983,78
2,3076,8.762,7.2896,72
3,3076,8.762,7.2363,84
0,3077,8.762,7.1806,70
1,3077,8.762,7.1771,75
2,3077,8.762,7.2236,71
3,3077,8.762,7.2413,76
0,3078,8.762,7.2168,82
1,3078,8.762,7.2473,70
2,3078,8.762,7.2426,67
3,3078,8.762,7.1967,87
0,3079,8.762,7.366,65
1,3079,8.762,7.2324,72
2,3079,8.762,7.2673,84
3,3079,8.762,7.1991,87
0,3080,8.762,7.2887,75
1,3080,8.762,7.3052,79
2,3080,8.762,7.3558,62
3,3080,8.762,7.4089,70
0,3081,8.762,7.188,78
1,3081,8.762,7.4802,70
2,3081,8.762,7.19,85
3,3081,8.762,7.2994,70
0,3082,8.762,7.2604,83
1,3082,8.762,7.3245,72
2,3082,8.762,7.358,78
3,3082,8.762,7.2219,73
0,3083,8.762,7.1905,80
1,3083,8.762,7.371,78
2,3083,8.762,7.1372,79
3,3083,8.762,7.1965,76
0,3084,8.762,7.2102,79
1,3084,8.762,7.1182,87
2,3084,8.762,7.415,68
3,3084,8.762,7.2554,72
0,3085,8.762,7.3673,67
1,3085,8.762,7.3697,71
2,3085,8.762,7.2276,86
3,3085,8.762,7.1813,75
0,3086,8.762,7.3279,76
1,3086,8.762,7.3828,61
2,3086,8.762,7.2102,70
3,3086,8.762,7.4167,70
0,3087,8.762,7.3521,75
1,3087,8.762,7.348,70
2,3087,8.762,7.3849,75
3,3087,8.762,7.362,84
0,3088,8.762,7.2139,86
1,3088,8.762,7.3212,71
2,3088,8.762,7.3069,79
3,3088,8.762,7.3432,70
0,3089,8.762,7.2494,84
1,3089,8.762,7.3239,78
2,3089,8.762,7.4076,72
3,3089,8.762,7.2632,75
0,3090,8.762,7.3261,77
1,3090,8.762,7.1451,75
2,3090,8.762,7.1812,84
3,3090,8.762,7.1356,76
0,3091,8.762,7.3848,67
1,3091,8.762,7.3829,78
2,3091,8.762,7.0713,81
3,3091,8.762,7.401,71
0,3092,8.762,7.4183,65
1,3092,8.762,7.1651,74
2,3092,8.762,7.3097,79
3,3092,8.762,7.2776,76
0,3093,8.762,7.1864,86
1,3093,8.762,7.3273,77
2,3093,8.762,7.1088,75
3,3093,8.762,7.2742,75
0,3094,8.762,7.1596,77
1,3094,8.762,7.2147,71
2,3094,8.762,7.3462,64
3,3094,8.762,7.2872,80
0,3095,8.762,7.2575,80
1,3095,8.762,7.3669,71
2,3095,8.762,7.1981,77
3,3095,8.762,7.2198,78
0,3096,8.762,7.3426,72
1,3096,8.762,7.2755,80
2,3096,8.762,7.3855,70
3,3096,8.762,7.241,77
0,3097,8.762,7.2887,75
1,3097,8.762,7.2955,70
2,3097,8.762,7.3421,79
3,3097,8.762,7.1965,87
0,3098,8.762,7.2241,96
1,3098,8.762,7.3734,77
2,3098,8.762,7.2494,75
3,3098,8.762,7.3227,70
0,3099,8.762,7.321,69
1,3099,8.762,7.2696,72
2,3099,8.762,7.3454,76
3,3099,8.762,7.2227,80
0,3100,8.762,7.124,77
1,3100,8.762,7.3928,74
2,3100,8.762,7.4488,76
3,3100,8.762,7.3241,70
0,3101,8.762,7.2639,81
1,3101,8.762,7.284,73
2,3101,8.762,7.147,83
3,3101,8.762,7.1909,79
0,3102,8.762,7.3265,65
1,3102,8.762,7.3369,71
2,3102,8.762,7.1959,81
3,3102,8.762,7.3282,82
0,3103,8.762,7.1904,79
1,3103,8.762,7.3732,76
2,3103,8.762,7.1272,84
3,3103,8.762,7.1273,82
0,3104,8.762,7.3977,71
1,3104,8.762,7.4183,71
2,3104,8.762,7.2455,81
3,3104,8.762,7.3423,68
0,3105,8.762,7.3738,72
1,3105,8.762,7.3116,77
2,3105,8.762,7.2489,71
3,3105,8.762,7.3429,74
0,3106,8.762,7.2751,76
1,3106,8.762,7.1396,76
2,3106,8.762,7.1708,84
3,3106,8.762,7.3733,65
0,3107,8.762,7.3253,79
1,3107,8.762,7.3521,75
2,3107,8.762,7.2886,71
3,3107,8.762,7.2286,81
0,3108,8.762,7.4082,77
1,3108,8.762,7.3765,72
2,3108,8.762,7.3209,76
3,3108,8.762,7.4197,77
0,3109,8.762,7.373,69
1,3109,8.762,7.3376,78
2,3109,8.762,7.3509,74
3,3109,8.762,7.4754,74
0,3110,8.762,7.3011,69
1,3110,8.762,7.1745,83
2,3110,8.762,7.2085,76
3,3110,8.762,7.3421,70
0,3111,8.762,7.232,76
1,3111,8.762,7.2613,80
2,3111,8.762,7.4939,71
3,3111,8.762,7.3854,71
0,3112,8.762,7.363,68
1,3112,8.762,7.3315,73
2,3112,8.762,7.242,78
3,3112,8.762,7.0872,80
0,3113,8.762,7.4182,72
1,3113,8.762,7.3656,62
2,3113,8.762,7.5041,68
3,3113,8.762,7.2224,76
0,3114,8.762,7.35,84
1,3114,8.762,7.2664,79
2,3114,8.762,7.3221,66
3,3114,8.762,7.4324,73
0,3115,8.762,7.2446,94
1,3115,8.762,7.2755,84
2,3115,8.762,7.34,86
3,3115,8.762,7.2456,84
0,3116,8.762,7.2988,70
1,3116,8.762,7.3638,72
2,3116,8.762,7.5228,69
3,3116,8.762,7.3016,79
0,3117,8.762,7.1652,83
1,3117,8.762,7.2969,81
2,3117,8.762,7.2517,78
3,3117,8.762,7.2845,73
0,3118,8.762,7.2979,71
1,3118,8.762,7.3635,88
2,3118,8.762,7.3054,72
3,3118,8.762,7.2514,74
0,3119,8.762,7.2141,91
1,3119,8.762,7.393,76
2,3119,8.762,7.226,71
3,3119,8.762,7.3013,83
0,3120,8.762,7.3193,74
1,3120,8.762,7.1733,72
2,3120,8.762,7.465,71
3,3120,8.762,7.3355,74
0,3121,8.762,7.4787,76
1,3121,8.762,7.3134,74
2,3121,8.762,7.3027,70
3,3121,8.762,7.2859,68
0,3122,8.762,7.2563,81
1,3122,8.762,7.2065,81
2,3122,8.762,7.1668,70
3,3122,8.762,7.2648,74
0,3123,8.762,7.2776,74
1,3123,8.762,7.4544,79
2,3123,8.762,7.3569,78
3,3123,8.762,7.1815,89
0,3124,8.762,7.3182,71
1,3124,8.762,7.1849,76
2,3124,8.762,7.2637,74
3,3124,8.762,7.308,71
0,3125,8.762,7.2289,75
1,3125,8.762,7.247,86
2,3125,8.762,7.2297,83
3,3125,8.762,7.2712,75
0,3126,8.762,7.2061,78
1,3126,8.762,7.3213,76
2,3126,8.762,7.203,73
3,3126,8.762,7.2328,87
0,3127,8.762,7.4255,68
1,3127,8.762,7.3112,69
2,3127,8.762,7.3004,76
3,3127,8.762,7.2216,79
0,3128,8.762,7.1408,88
1,3128,8.762,7.3445,82
2,3128,8.762,7.1965,78
3,3128,8.762,7.2563,78
0,3129,8.762,7.1749,90
1,3129,8.762,7.2697,76
2,3129,8.762,7.1821,84
3,3129,8.762,7.327,68
0,3130,8.762,7.4095,70
1,3130,8.762,7.3196,75
2,3130,8.762,7.2783,76
3,3130,8.762,7.2884,80
0,3131,8.762,7.2637,77
1,3131,8.762,7.1646,78
2,3131,8.762,7.2851,82
3,3131,8.762,7.4907,72
0,3132,8.762,7.1688,81
1,3132,8.762,7.3142,77
2,3132,8.762,7.1823,87
3,3132,8.762,7.3236,74
0,3133,8.762,7.1943,82
1,3133,8.762,7.2808,77
2,3133,8.762,7.3129,81
3,3133,8.762,7.4213,75
0,3134,8.762,7.1862,76
1,3134,8.762,7.2707,82
2,3134,8.762,7.2229,79
3,3134,8.762,7.1599,83
0,3135,8.762,7.4049,71
1,3135,8.762,7.1863,76
2,3135,8.762,7.1999,82
3,3135,8.762,7.2581,77
0,3136,8.762,7.3585,79
1,3136,8.762,7.2904,74
2,3136,8.762,7.2402,83
3,3136,8.762,7.2892,75
0,3137,8.762,7.4053,64
1,3137,8.762,7.3313,73
2,3137,8.762,7.3469,88
3,3137,8.762,7.4028,76
0,3138,8.762,7.4051,82
1,3138,8.762,7.3478,87
2,3138,8.762,7.3758,75
3,3138,8.762,7.2354,80
0,3139,8.762,7.171,80
1,3139,8.762,7.242,73
2,3139,8.762,7.304,71
3,3139,8.762,7.3073,76
0,3140,8.762,7.2638,75
1,3140,8.762,7.1524,75
2,3140,8.762,7.3097,74
3,3140,8.762,7.2243,89
0,3141,8.762,7.4606,71
1,3141,8.762,7.2673,73
2,3141,8.762,7.2971,76
3,3141,8.762,7.3941,71
0,3142,8.762,7.2781,75
1,3142,8.762,7.2651,79
2,3142,8.762,7.3399,76
3,3142,8.762,7.3751,65
0,3143,8.762,7.2983,71
1,3143,8.762,7.3325,66
2,3143,8.762,7.0929,86
3,3143,8.762,7.1291,91
0,3144,8.762,7.2602,77
1,3144,8.762,7.3072,72
2,3144,8.762,7.2909,74
3,3144,8.762,7.172,79
0,3145,8.762,7.2619,65
1,3145,8.762,7.3982,79
2,3145,8.762,7.1542,82
3,3145,8.762,7.2497,67
0,3146,8.762,7.3371,79
1,3146,8.762,7.2357,89
2,3146,8.762,7.2536,69
3,3146,8.762,7.2841,80
0,3147,8.762,7.0744,80
1,3147,8.762,7.27,82
2,3147,8.762,7.2094,72
3,3147,8.762,7.353,73
0,3148,8.762,7.4063,70
1,3148,8.762,7.3996,72
2,3148,8.762,7.3544,70
3,3148,8.762,7.3822,78
0,3149,8.762,7.2146,78
1,3149,8.762,7.3239,72
2,3149,8.762,7.3281,70
3,3149,8.762,7.1524,82
0,3150,8.762,7.4705,64
1,3150,8.762,7.2655,77
2,3150,8.762,7.5018,69
3,3150,8.762,7.2694,74
0,3151,8.762,7.1931,81
1,3151,8.762,7.146,74
2,3151,8.762,7.1922,80
3,3151,8.762,7.1727,79
0,3152,8.762,7.416,75
1,3152,8.762,7.2112,83
2,3152,8.762,7.3445,72
3,3152,8.762,7.4346,75
0,3153,8.762,7.0856,77
1,3153,8.762,7.2575,80
2,3153,8.762,7.2211,85
3,3153,8.762,7.2295,75
0,3154,8.762,7.2792,77
1,3154,8.762,7.31,75
2,3154,8.762,7.2056,83
3,3154,8.762,7.232,84
0,3155,8.762,7.2793,71
1,3155,8.762,7.2582,81
2,3155,8.762,7.3409,77
3,3155,8.762,7.0897,79
0,3156,8.762,7.36,74
1,3156,8.762,7.4012,71
2,3156,8.762,7.3086,78
3,3156,8.762,7.2739,74
0,3157,8.762,7.4875,66
1,3157,8.762,7.423,62
2,3157,8.762,7.247,82
3,3157,8.762,7.3137,77
0,3158,8.762,7.3135,72
1,3158,8.762,7.461,73
2,3158,8.762,7.3156,80
3,3158,8.762,7.1891,76
0,3159,8.762,7.2818,77
1,3159,8.762,7.1601,82
2,3159,8.762,7.1492,69
3,3159,8.762,7.4685,76
0,3160,8.762,7.1194,76
1,3160,8.762,7.3382,71
2,3160,8.762,7.0798,81
3,3160,8.762,7.4157,61
0,3161,8.762,7.1706,71
1,3161,8.762,7.3822,80
2,3161,8.762,7.1107,80
3,3161,8.762,7.2171,84
0,3162,8.762,7.285,71
1,3162,8.762,7.396,74
2,3162,8.762,7.3955,76
3,3162,8.762,7.3187,79
0,3163,8.762,7.2252,70
1,3163,8.762,7.3601,74
2,3163,8.762,7.3535,75
3,3163,8.762,7.3808,70
0,3164,8.762,7.3773,71
1,3164,8.762,7.2759,77
2,3164,8.762,7.3319,70
3,3164,8.762,7.2948,77
0,3165,8.762,7.3848,75
1,3165,8.762,7.2708,85
2,3165,8.762,7.3691,75
3,3165,8.762,7.3092,82
0,3166,8.762,7.2301,79
1,3166,8.762,7.343,73
2,3166,8.762,7.431,66
3,3166,8.762,7.3697,74
0,3167,8.762,7.3508,72
1,3167,8.762,7.155,82
2,3167,8.762,7.4114,70
3,3167,8.762,7.3402,77
0,3168,8.762,7.1715,79
1,3168,8.762,7.361,73
2,3168,8.762,7.3253,77
3,3168,8.762,7.4167,68
0,3169,8.762,7.3179,75
1,3169,8.762,7.6192,66
2,3169,8.762,7.1535,68
3,3169,8.762,7.3318,86
0,3170,8.762,7.2301,70
1,3170,8.762,7.3366,75
2,3170,8.762,7.2822,79
3,3170,8.762,7.2224,74
0,3171,8.762,7.147,84
1,3171,8.762,7.1849,79
2,3171,8.762,7.1486,82
3,3171,8.762,7.1113,72
0,3172,8.762,7.3185,78
1,3172,8.762,7.1911,86
2,3172,8.762,7.4027,72
3,3172,8.762,7.2592,74
0,3173,8.762,7.4244,74
1,3173,8.762,7.3237,65
2,3173,8.762,7.2392,80
3,3173,8.762,7.2439,86
0,3174,8.762,7.2049,75
1,3174,8.762,7.2608,79
2,3174,8.762,7.1702,89
3,3174,8.762,7.3414,79
0,3175,8.762,7.3374,81
1,3175,8.762,7.2178,71
2,3175,8.762,7.321,79
3,3175,8.762,7.148,83
0,3176,8.762,7.4813,73
1,3176,8.762,7.0887,89
2,3176,8.762,7.3488,81
3,3176,8.762,7.2234,71
0,3177,8.762,7.1068,70
1,3177,8.762,7.291,79
2,3177,8.762,7.2284,80
3,3177,8.762,7.2565,79
0,3178,8.762,7.29,72
1,3178,8.762,7.3196,72
2,3178,8.762,7.1469,89
3,3178,8.762,7.2096,79
0,3179,8.762,7.2525,79
1,3179,8.762,7.2353,71
2,3179,8.762,7.298,75
3,3179,8.762,7.2081,84
0,3180,8.762,7.3431,77
1,3180,8.762,7.0457,90
2,3180,8.762,7.2819,69
3,3180,8.762,7.2087,78
0,3181,8.762,7.3231,69
1,3181,8.762,7.3604,74
2,3181,8.762,7.1828,79
3,3181,8.762,7.165,78
0,3182,8.762,7.2853,78
1,3182,8.762,7.375,77
2,3182,8.762,7.2102,82
3,3182,8.762,7.29,78
0,3183,8.762,7.3807,68
1,3183,8.762,7.4899,72
2,3183,8.762,7.3129,76
3,3183,8.762,7.3682,80
0,3184,8.762,7.2213,74
1,3184,8.762,7.1933,74
2,3184,8.762,7.339,77
3,3184,8.762,7.2608,82
0,3185,8.762,7.2723,76
1,3185,8.762,7.2823,72
2,3185,8.762,7.3032,75
3,3185,8.762,7.527,71
0,3186,8.762,7.3697,68
1,3186,8.762,7.4001,80
2,3186,8.762,7.2519,86
3,3186,8.762,7.3164,76
0,3187,8.762,7.1412,83
1,3187,8.762,7.2069,84
2,3187,8.762,7.311,81
3,3187,8.762,7.2669,83
0,3188,8.762,7.1768,80
1,3188,8.762,7.2696,80
2,3188,8.762,7.4147,68
3,3188,8.762,7.111,77
0,3189,8.762,7.2247,81
1,3189,8.762,7.352,72
2,3189,8.762,7.2362,73
3,3189,8.762,7.3428,73
0,3190,8.762,7.3487,72
1,3190,8.762,7.2837,77
2,3190,8.762,7.2281,78
3,3190,8.762,7.2223,80
0,3191,8.762,7.4373,77
1,3191,8.762,7.4964,70
2,3191,8.762,7.3538,75
3,3191,8.762,7.2397,62
0,3192,8.762,7.2513,85
1,3192,8.762,7.1217,82
2,3192,8.762,7.108,83
3,3192,8.762,7.1908,82
0,3193,8.762,7.3735,65
1,3193,8.762,7.3678,73
2,3193,8.762,7.3586,69
3,3193,8.762,7.3243,77
0,3194,8.762,7.2533,65
1,3194,8.762,7.1417,88
2,3194,8.762,7.2501,85
3,3194,8.762,7.1952,79
0,3195,8.762,7.2266,81
1,3195,8.762,7.3644,71
2,3195,8.762,7.2481,83
3,3195,8.762,7.2228,76
0,3196,8.762,7.4253,71
1,3196,8.762,7.3497,74
2,3196,8.762,7.2275,75
3,3196,8.762,7.3881,81
0,3197,8.762,7.3091,65
1,3197,8.762,7.3216,80
2,3197,8.762,7.1676,84
3,3197,8.762,7.2311,71
0,3198,8.762,7.3994,77
1,3198,8.762,7.3944,77
2,3198,8.762,7.2603,78
3,3198,8.762,7.4727,77
0,3199,8.762,7.3272,76
1,3199,8.762,7.3009,76
2,3199,8.762,7.133,85
3,3199,8.762,7.3477,75
0,3200,8.762,7.2806,86
1,3200,8.762,7.472,68
2,3200,8.762,7.3906,74
3,3200,8.762,7.3771,72
0,3201,8.762,7.3861,69
1,3201,8.762,7.2954,82
2,3201,8.762,7.4856,65
3,3201,8.762,7.1894,82
0,3202,8.762,7.2213,75
1,3202,8.762,7.2425,75
2,3202,8.762,7.2174,74
3,3202,8.762,7.1782,73
0,3203,8.762,7.2303,79
1,3203,8.762,7.1621,75
2,3203,8.762,7.472,77
3,3203,8.762,7.1466,81
0,3204,8.762,7.3088,75
1,3204,8.762,7.3852,69
2,3204,8.762,7.3477,74
3,3204,8.762,7.2879,78
0,3205,8.762,7.1728,83
1,3205,8.762,7.237,77
2,3205,8.762,7.4955,70
3,3205,8.762,7.267,86
0,3206,8.762,7.4053,78
1,3206,8.762,7.2049,76
2,3206,8.762,7.2685,72
3,3206,8.762,7.2091,76
0,3207,8.762,7.2743,88
1,3207,8.762,7.2335,81
2,3207,8.762,7.2935,79
3,3207,8.762,7.331,74
0,3208,8.762,7.2925,83
1,3208,8.762,7.2509,78
2,3208,8.762,7.2785,78
3,3208,8.762,7.2894,72
0,3209,8.762,7.2384,71
1,3209,8.762,7.0837,85
2,3209,8.762,7.305,83
3,3209,8.762,7.2645,76
0,3210,8.762,7.2754,70
1,3210,8.762,7.2807,91
2,3210,8.762,7.3427,76
3,3210,8.762,7.2893,82
0,3211,8.762,7.3347,78
1,3211,8.762,7.3815,80
2,3211,8.762,7.2447,87
3,3211,8.762,7.2397,67
0,3212,8.762,7.3369,75
1,3212,8.762,7.3365,81
2,3212,8.762,7.2851,83
3,3212,8.762,7.1901,75
0,3213,8.762,7.2431,78
1,3213,8.762,7.3292,80
2,3213,8.762,7.2781,80
3,3213,8.762,7.1925,80
0,3214,8.762,7.2014,84
1,3214,8.762,7.295,81
2,3214,8.762,7.0637,79
3,3214,8.762,7.3629,75
0,3215,8.762,7.2772,72
1,3215,8.762,7.3161,82
2,3215,8.762,7.2868,90
3,3215,8.762,7.2304,76
0,3216,8.762,7.2585,79
1,3216,8.762,7.1316,75
2,3216,8.762,7.3222,79
3,3216,8.762,7.2081,77
0,3217,8.762,7.2407,73
1,3217,8.762,7.2204,74
2,3217,8.762,7.1485,72
3,3217,8.762,7.3419,76
0,3218,8.762,7.3511,71
1,3218,8.762,7.3418,70
2,3218,8.762,7.3543,74
3,3218,8.762,7.4669,65
0,3219,8.762,7.2713,79
1,3219,8.762,7.3715,76
2,3219,8.762,7.2621,75
3,3219,8.762,7.2259,87
0,3220,8.762,7.1692,71
1,3220,8.762,7.1439,71
2,3220,8.762,7.3894,78
3,3220,8.762,7.2337,81
0,3221,8.762,7.4482,69
1,3221,8.762,6.9944,89
2,3221,8.762,7.2168,79
3,3221,8.762,7.1749,80
0,3222,8.762,7.2782,81
1,3222,8.762,7.2569,87
2,3222,8.762,7.3575,75
3,3222,8.762,7.1685,78
0,3223,8.762,7.3078,75
1,3223,8.762,7.3271,64
2,3223,8.762,7.2298,77
3,3223,8.762,7.26,82
0,3224,8.762,7.3023,69
1,3224,8.762,7.3325,74
2,3224,8.762,7.16,71
3,3224,8.762,7.3432,70
0,3225,8.762,7.3173,78
1,3225,8.762,7.3463,88
2,3225,8.762,7.3065,76
3,3225,8.762,7.3644,76
0,3226,8.762,7.3649,77
1,3226,8.762,7.3232,71
2,3226,8.762,7.2597,69
3,3226,8.762,7.3568,78
0,3227,8.762,7.3027,79
1,3227,8.762,7.2333,70
2,3227,8.762,7.2676,93
3,3227,8.762,7.2346,77
0,3228,8.762,7.173,82
1,3228,8.762,7.371,77
2,3228,8.762,7.2201,69
3,3228,8.762,7.2507,77
0,3229,8.762,7.336,77
1,3229,8.762,7.2911,72
2,3229,8.762,7.2743,81
3,3229,8.762,7.3021,79
0,3230,8.762,7.1657,83
1,3230,8.762,7.1648,82
2,3230,8.762,7.3658,76
3,3230,8.762,7.2634,71
0,3231,8.762,7.2556,85
1,3231,8.762,7.2267,77
2,3231,8.762,7.2837,86
3,3231,8.762,7.3369,70
0,3232,8.762,7.3938,67
1,3232,8.762,7.4243,72
2,3232,8.762,7.4033,76
3,3232,8.762,7.1292,86
0,3233,8.762,7.1196,80
1,3233,8.762,7.3224,77
2,3233,8.762,7.2863,81
3,3233,8.762,7.4453,70
0,3234,8.762,7.3089,91
1,3234,8.762,7.2896,75
2,3234,8.762,7.3646,71
3,3234,8.762,7.3299,79
0,3235,8.762,7.3139,85
1,3235,8.762,7.2554,79
2,3235,8.762,7.3329,75
3,3235,8.762,7.3586,80
0,3236,8.762,7.2748,83
1,3236,8.762,7.2449,85
2,3236,8.762,7.2989,75
3,3236,8.762,7.2761,84
0,3237,8.762,7.171,78
1,3237,8.762,7.324,79
2,3237,8.762,7.253,80
3,3237,8.762,7.4688,75
0,3238,8.762,7.2373,83
1,3238,8.762,7.1131,78
2,3238,8.762,7.3533,80
3,3238,8.762,7.2176,75
0,3239,8.762,7.3525,77
1,3239,8.762,7.2869,84
2,3239,8.762,7.3757,70
3,3239,8.762,7.1704,77
0,3240,8.762,7.1355,78
1,3240,8.762,7.2623,76
2,3240,8.762,7.2801,71
3,3240,8.762,7.3922,73
0,3241,8.762,7.2816,72
1,3241,8.762,7.4027,76
2,3241,8.762,7.2311,75
3,3241,8.762,7.3047,77
0,3242,8.762,7.3728,72
1,3242,8.762,7.2841,81
2,3242,8.762,7.3565,67
3,3242,8.762,7.4186,68
0,3243,8.762,7.1868,82
1,3243,8.762,7.3294,72
2,3243,8.762,7.2667,82
3,3243,8.762,7.3701,75
0,3244,8.762,7.5101,69
1,3244,8.762,7.3246,72
2,3244,8.762,7.3174,83
3,3244,8.762,7.1147,85
0,3245,8.762,7.2648,78
1,3245,8.762,7.2348,76
2,3245,8.762,7.3045,76
3,3245,8.762,7.2498,76
0,3246,8.762,7.2262,83
1,3246,8.762,7.308,73
2,3246,8.762,7.3679,72
3,3246,8.762,7.3253,79
0,3247,8.762,7.2501,73
1,3247,8.762,7.3068,74
2,3247,8.762,7.262,78
3,3247,8.762,7.1401,80
0,3248,8.762,7.2927,77
1,3248,8.762,7.1907,88
2,3248,8.762,7.1658,77
3,3248,8.762,7.25,75
0,3249,8.762,7.2118,80
1,3249,8.762,7.0657,83
2,3249,8.762,7.1384,86
3,3249,8.762,7.2158,82
0,3250,8.762,7.2513,82
1,3250,8.762,7.3689,79
2,3250,8.762,7.3305,74
3,3250,8.762,7.2114,78
0,3251,8.762,7.2349,83
1,3251,8.762,7.3334,70
2,3251,8.762,7.2033,77
3,3251,8.762,7.4234,74
0,3252,8.762,7.2014,83
1,3252,8.762,7.2777,84
2,3252,8.762,7.2759,89
3,3252,8.762,7.4102,71
0,3253,8.762,7.2994,79
1,3253,8.762,7.2837,72
2,3253,8.762,7.4127,68
3,3253,8.762,7.1611,79
0,3254,8.762,7.1246,82
1,3254,8.762,7.4229,81
2,3254,8.762,7.2617,76
3,3254,8.762,7.293,69
0,3255,8.762,7.1219,84
1,3255,8.762,7.2886,76
2,3255,8.762,7.2686,77
3,3255,8.762,7.4395,71
0,3256,8.762,7.3156,69
1,3256,8.762,7.1371,85
2,3256,8.762,7.396,61
3,3256,8.762,7.227,75
0,3257,8.762,7.2294,71
1,3257,8.762,7.1747,73
2,3257,8.762,7.3205,77
3,3257,8.762,7.3246,68
0,3258,8.762,7.2421,80
1,3258,8.762,7.2141,74
2,3258,8.762,7.3214,75
3,3258,8.762,7.3106,71
0,3259,8.762,7.3538,71
1,3259,8.762,7.4017,71
2,3259,8.762,7.3392,77
3,3259,8.762,7.2961,80
0,3260,8.762,7.3768,75
1,3260,8.762,7.1185,74
2,3260,8.762,7.2871,72
3,3260,8.762,7.3974,71
0,3261,8.762,7.1068,85
1,3261,8.762,7.3478,75
2,3261,8.762,7.1699,85
3,3261,8.762,7.3571,77
0,3262,8.762,7.1973,78
1,3262,8.762,7.2808,79
2,3262,8.762,7.3946,78
3,3262,8.762,7.2497,83
0,3263,8.762,7.2697,84
1,3263,8.762,7.3097,74
2,3263,8.762,7.1821,81
3,3263,8.762,7.4617,75
0,3264,8.762,7.3033,74
1,3264,8.762,7.297,69
2,3264,8.762,7.1649,78
3,3264,8.762,7.3333,75
0,3265,8.762,7.3279,69
1,3265,8.762,7.3682,72
2,3265,8.762,7.3345,73
3,3265,8.762,7.2902,80
0,3266,8.762,7.2347,73
1,3266,8.762,7.0723,90
2,3266,8.762,7.2621,78
3,3266,8.762,7.3339,72
0,3267,8.762,7.3912,81
1,3267,8.762,7.3087,65
2,3267,8.762,7.3477,77
3,3267,8.762,7.2484,81
0,3268,8.762,7.2646,75
1,3268,8.762,7.3371,76
2,3268,8.762,7.3037,68
3,3268,8.762,7.2409,76
0,3269,8.762,7.3665,76
1,3269,8.762,7.2514,78
2,3269,8.762,7.2662,72
3,3269,8.762,7.3153,78
0,3270,8.762,7.3208,76
1,3270,8.762,7.2918,73
2,3270,8.762,7.2929,81
3,3270,8.762,7.2756,73
0,3271,8.762,7.1988,68
1,3271,8.762,7.1469,80
2,3271,8.762,7.2457,65
3,3271,8.762,7.2374,82
0,3272,8.762,7.2535,81
1,3272,8.762,7.4447,72
2,3272,8.762,7.3447,76
3,3272,8.762,7.3448,80
0,3273,8.762,7.2594,78
1,3273,8.762,7.2079,89
2,3273,8.762,7.2216,86
3,3273,8.762,7.1788,82
0,3274,8.762,7.3243,77
1,3274,8.762,7.2097,83
2,3274,8.762,7.1007,79
3,3274,8.762,7.2196,77
0,3275,8.762,7.4222,69
1,3275,8.762,7.1413,79
2,3275,8.762,7.3009,82
3,3275,8.762,7.2201,73
0,3276,8.762,7.1945,86
1,3276,8.762,7.2918,69
2,3276,8.762,7.2142,80
3,3276,8.762,7.1258,80
0,3277,8.762,7.209,78
1,3277,8.762,7.2205,75
2,3277,8.762,7.1821,72
3,3277,8.762,7.2464,80
0,3278,8.762,7.162,73
1,3278,8.762,7.3441,70
2,3278,8.762,7.1687,79
3,3278,8.762,7.3408,79
0,3279,8.762,7.3041,79
1,3279,8.762,7.2445,81
2,3279,8.762,7.3461,71
3,3279,8.762,7.2327,75
0,3280,8.762,7.3388,69
1,3280,8.762,7.2087,68
2,3280,8.762,7.5522,64
3,3280,8.762,7.2923,75
0,3281,8.762,7.245,79
1,3281,8.762,7.2002,82
2,3281,8.762,7.1617,79
3,3281,8.762,7.2884,69
0,3282,8.762,7.2991,75
1,3282,8.762,7.2872,71
2,3282,8.762,7.2567,73
3,3282,8.762,7.1006,82
0,3283,8.762,7.2877,70
1,3283,8.762,7.434,78
2,3283,8.762,7.2534,82
3,3283,8.762,7.2171,79
0,3284,8.762,7.2946,78
1,3284,8.762,7.2396,80
2,3284,8.762,7.1469,79
3,3284,8.762,7.2447,72
0,3285,8.762,7.3659,78
1,3285,8.762,7.0634,80
2,3285,8.762,7.3029,80
3,3285,8.762,7.3353,78
0,3286,8.762,7.1662,79
1,3286,8.762,7.4168,79
2,3286,8.762,7.3494,69
3,3286,8.762,7.3538,75
0,3287,8.762,7.3418,70
1,3287,8.762,7.4442,77
2,3287,8.762,7.151,86
3,3287,8.762,7.4105,67
0,3288,8.762,7.0904,81
1,3288,8.762,7.2159,72
2,3288,8.762,7.3053,76
3,3288,8.762,7.2953,82
0,3289,8.762,7.3116,73
1,3289,8.762,7.2228,84
2,3289,8.762,7.1808,81
3,3289,8.762,7.3906,83
0,3290,8.762,7.2329,77
1,3290,8.762,7.0759,83
2,3290,8.762,7.3734,77
3,3290,8.762,7.3053,66
0,3291,8.762,7.3629,73
1,3291,8.762,7.291,76
2,3291,8.762,7.1774,74
3,3291,8.762,7.2034,77
0,3292,8.762,7.2073,75
1,3292,8.762,7.3034,75
2,3292,8.762,7.4294,77
3,3292,8.762,7.3898,74
0,3293,8.762,7.1878,88
1,3293,8.762,7.3474,71
2,3293,8.762,7.171,79
3,3293,8.762,7.3993,85
0,3294,8.762,7.2098,77
1,3294,8.762,7.263,76
2,3294,8.762,7.1378,78
3,3294,8.762,7.346,73
0,3295,8.762,7.3409,72
1,3295,8.762,7.2993,78
2,3295,8.762,7.298,78
3,3295,8.762,7.4417,75
0,3296,8.762,7.3004,73
1,3296,8.762,7.2806,79
2,3296,8.762,7.2463,71
3,3296,8.762,7.2005,66
0,3297,8.762,7.2518,81
1,3297,8.762,7.1807,74
2,3297,8.762,7.276,79
3,3297,8.762,7.3725,73
0,3298,8.762,7.2824,76
1,3298,8.762,7.2292,79
2,3298,8.762,7.2232,79
3,3298,8.762,7.2843,78
0,3299,8.762,7.2417,80
1,3299,8.762,7.12,77
2,3299,8.762,7.1464,86
3,3299,8.762,7.2986,84
0,3300,8.762,7.1419,86
1,3300,8.762,7.3237,75
2,3300,8.762,7.1019,80
3,3300,8.762,7.3712,65
0,3301,8.762,7.2029,85
1,3301,8.762,7.1719,79
2,3301,8.762,7.2413,74
3,3301,8.762,7.2546,78
0,3302,8.762,7.2729,78
1,3302,8.762,7.2744,78
2,3302,8.762,7.3274,83
3,3302,8.762,7.3288,79
0,3303,8.762,7.2661,76
1,3303,8.762,7.3231,76
2,3303,8.762,7.276,64
3,3303,8.762,7.2865,75
0,3304,8.762,7.2532,74
1,3304,8.762,7.338,82
2,3304,8.762,7.2221,89
3,3304,8.762,7.2168,83
0,3305,8.762,7.181,86
1,3305,8.762,7.3234,88
2,3305,8.762,7.5245,74
3,3305,8.762,7.4416,61
0,3306,8.762,7.4247,74
1,3306,8.762,7.3335,72
2,3306,8.762,7.3691,73
3,3306,8.762,7.3501,83
0,3307,8.762,7.1561,69
1,3307,8.762,7.224,76
2,3307,8.762,7.3546,75
3,3307,8.762,7.3217,79
0,3308,8.762,7.4396,65
1,3308,8.762,7.3693,69
2,3308,8.762,7.1621,73
3,3308,8.762,7.3097,76
0,3309,8.762,7.4396,74
1,3309,8.762,7.2614,77
2,3309,8.762,7.3266,73
3,3309,8.762,7.166,73
0,3310,8.762,7.4488,77
1,3310,8.762,7.1522,81
2,3310,8.762,7.4769,63
3,3310,8.762,7.5611,73
0,3311,8.762,7.219,77
1,3311,8.762,7.397,71
2,3311,8.762,7.435,78
3,3311,8.762,7.419,68
0,3312,8.762,7.3017,79
1,3312,8.762,7.3584,82
2,3312,8.762,7.2878,75
3,3312,8.762,7.1058,82
0,3313,8.762,7.4901,77
1,3313,8.762,7.3365,69
2,3313,8.762,7.3198,73
3,3313,8.762,7.1669,85
0,3314,8.762,7.4809,77
1,3314,8.762,7.2871,74
2,3314,8.762,7.135,84
3,3314,8.762,7.2324,69
0,3315,8.762,7.4178,82
1,3315,8.762,7.3118,79
2,3315,8.762,7.0983,87
3,3315,8.762,7.3381,74
0,3316,8.762,7.415,77
1,3316,8.762,7.3219,75
2,3316,8.762,7.3767,73
3,3316,8.762,7.1968,77
0,3317,8.762,7.3118,75
1,3317,8.762,7.314,68
2,3317,8.762,7.138,70
3,3317,8.762,7.2294,80
0,3318,8.762,7.4199,74
1,3318,8.762,7.2061,76
2,3318,8.762,7.2305,70
3,3318,8.762,7.3413,79
0,3319,8.762,7.2662,80
1,3319,8.762,7.2583,77
2,3319,8.762,7.3654,71
3,3319,8.762,7.3078,72
0,3320,8.762,7.3504,75
1,3320,8.762,7.314,71
2,3320,8.762,7.4759,68
3,3320,8.762,7.312,70
0,3321,8.762,7.2381,90
1,3321,8.762,7.2451,77
2,3321,8.762,7.2988,79
3,3321,8.762,7.2378,71
0,3322,8.762,7.4359,75
1,3322,8.762,7.415,78
2,3322,8.762,7.1602,83
3,3322,8.762,7.2765,75
0,3323,8.762,7.3482,68
1,3323,8.762,7.3468,71
2,3323,8.762,7.2157,78
3,3323,8.762,7.4026,71
0,3324,8.762,7.3263,76
1,3324,8.762,7.2502,77
2,3324,8.762,7.2306,80
3,3324,8.762,7.0841,72
0,3325,8.762,7.2303,87
1,3325,8.762,7.3573,68
2,3325,8.762,7.3207,77
3,3325,8.762,7.3274,71
0,3326,8.762,7.3285,73
1,3326,8.762,7.284,77
2,3326,8.762,7.2203,75
3,3326,8.762,7.2632,77
0,3327,8.762,7.328,80
1,3327,8.762,7.174,76
2,3327,8.762,7.173,79
3,3327,8.762,7.339,72
0,3328,8.762,7.4234,79
1,3328,8.762,7.341,77
2,3328,8.762,7.2226,82
3,3328,8.762,7.3509,69
0,3329,8.762,7.3046,74
1,3329,8.762,7.3278,71
2,3329,8.762,7.2458,79
3,3329,8.762,7.1641,76
0,3330,8.762,7.2561,81
1,3330,8.762,7.2215,73
2,3330,8.762,7.3539,86
3,3330,8.762,7.3767,78
0,3331,8.762,7.2644,75
1,3331,8.762,7.2178,80
2,3331,8.762,7.2047,72
3,3331,8.762,7.2947,82
0,3332,8.762,7.3929,76
1,3332,8.762,7.2985,83
2,3332,8.762,7.2247,77
3,3332,8.762,7.1878,71
0,3333,8.762,7.3058,77
1,3333,8.762,7.0423,75
2,3333,8.762,7.2878,80
3,3333,8.762,7.2644,74
0,3334,8.762,7.2574,72
1,3334,8.762,7.334,72
2,3334,8.762,7.2363,76
3,3334,8.762,7.0977,73
0,3335,8.762,7.2967,79
1,3335,8.762,7.3984,80
2,3335,8.762,7.3199,77
3,3335,8.762,7.2188,73
0,3336,8.762,7.411,70
1,3336,8.762,7.3932,72
2,3336,8.762,7.2313,74
3,3336,8.762,7.2103,74
0,3337,8.762,7.3511,76
1,3337,8.762,7.3546,84
2,3337,8.762,7.3656,79
3,3337,8.762,7.4025,72
0,3338,8.762,7.3013,74
1,3338,8.762,7.2979,91
2,3338,8.762,7.4387,69
3,3338,8.762,7.4501,61
0,3339,8.762,7.3056,75
1,3339,8.762,7.1786,73
2,3339,8.762,7.1489,81
3,3339,8.762,7.086,84
0,3340,8.762,7.1252,80
1,3340,8.762,7.2111,80
2,3340,8.762,7.2027,80
3,3340,8.762,7.2497,80
0,3341,8.762,7.217,79
1,3341,8.762,7.2434,82
2,3341,8.762,7.3522,72
3,3341,8.762,7.3662,72
0,3342,8.762,7.4976,71
1,3342,8.762,7.2307,73
2,3342,8.762,7.2819,83
3,3342,8.762,7.3465,69
0,3343,8.762,7.3216,69
1,3343,8.762,7.3369,82
2,3343,8.762,7.3193,79
3,3343,8.762,7.2754,83
0,3344,8.762,7.4236,71
1,3344,8.762,7.1444,83
2,3344,8.762,7.2143,78
3,3344,8.762,7.3261,69
0,3345,8.762,7.4226,70
1,3345,8.762,7.2221,83
2,3345,8.762,7.3143,75
3,3345,8.762,7.2596,75
0,3346,8.762,7.3232,75
1,3346,8.762,7.2474,84
2,3346,8.762,7.2905,71
3,3346,8.762,7.234,78
0,3347,8.762,7.3439,73
1,3347,8.762,7.3333,78
2,3347,8.762,7.32,75
3,3347,8.762,7.3766,77
0,3348,8.762,7.3733,73
1,3348,8.762,7.2727,73
2,3348,8.762,7.2613,78
3,3348,8.762,7.4064,73
0,3349,8.762,7.2842,77
1,3349,8.762,7.2352,93
2,3349,8.762,7.2704,79
3,3349,8.762,7.3128,82
0,3350,8.762,7.2845,80
1,3350,8.762,7.2015,74
2,3350,8.762,7.2513,84
3,3350,8.762,7.2921,81
0,3351,8.762,7.2971,73
1,3351,8.762,7.392,68
2,3351,8.762,7.4477,68
3,3351,8.762,7.2455,71
0,3352,8.762,7.4205,70
1,3352,8.762,7.2848,76
2,3352,8.762,7.2232,70
3,3352,8.762,7.1443,85
0,3353,8.762,7.3138,82
1,3353,8.762,7.3444,72
2,3353,8.762,7.2977,73
3,3353,8.762,7.4378,73
0,3354,8.762,7.2133,75
1,3354,8.762,7.3345,78
2,3354,8.762,7.2528,86
3,3354,8.762,7.1141,76
0,3355,8.762,7.3133,80
1,3355,8.762,7.3585,79
2,3355,8.762,7.2863,76
3,3355,8.762,7.2241,75
0,3356,8.762,7.3191,79
1,3356,8.762,7.2959,83
2,3356,8.762,7.308,74
3,3356,8.762,7.2511,72
0,3357,8.762,7.57,76
1,3357,8.762,7.4408,73
2,3357,8.762,7.1504,70
3,3357,8.762,7.2053,78
0,3358,8.762,7.1986,82
1,3358,8.762,7.2769,74
2,3358,8.762,7.1734,84
3,3358,8.762,7.2387,70
0,3359,8.762,7.2266,74
1,3359,8.762,7.2003,81
2,3359,8.762,7.3383,77
3,3359,8.762,7.3003,82
0,3360,8.762,7.2325,77
1,3360,8.762,7.3585,75
2,3360,8.762,7.1923,74
3,3360,8.762,7.4054,80
0,3361,8.762,7.2456,86
1,3361,8.762,7.3895,73
2,3361,8.762,7.1927,81
3,3361,8.762,7.2214,73
0,3362,8.762,7.3032,73
1,3362,8.762,7.2521,75
2,3362,8.762,7.1396,78
3,3362,8.762,7.1567,76
0,3363,8.762,7.3862,76
1,3363,8.762,7.2356,74
2,3363,8.762,7.2462,80
3,3363,8.762,7.2686,80
0,3364,8.762,7.332,69
1,3364,8.762,7.2776,71
2,3364,8.762,7.2639,65
3,3364,8.762,7.5191,71
0,3365,8.762,7.2849,86
1,3365,8.762,7.3343,80
2,3365,8.762,7.4441,74
3,3365,8.762,7.2455,76
0,3366,8.762,7.1943,77
1,3366,8.762,7.442,66
2,3366,8.762,7.4776,70
3,3366,8.762,7.2852,73
0,3367,8.762,7.2838,75
1,3367,8.762,7.1515,92
2,3367,8.762,7.3394,82
3,3367,8.762,7.3421,80
0,3368,8.762,7.2364,81
1,3368,8.762,7.2873,71
2,3368,8.762,7.1946,76
3,3368,8.762,7.1796,90
0,3369,8.762,7.2607,69
1,3369,8.762,7.269,82
2,3369,8.762,7.2587,69
3,3369,8.762,7.2463,85
0,3370,8.762,7.1775,78
1,3370,8.762,7.2676,69
2,3370,8.762,7.3404,85
3,3370,8.762,7.2573,80
0,3371,8.762,7.2693,77
1,3371,8.762,7.2602,81
2,3371,8.762,7.1322,83
3,3371,8.762,7.1196,85
0,3372,8.762,7.3791,72
1,3372,8.762,7.3592,62
2,3372,8.762,7.3824,69
3,3372,8.762,7.3455,64
0,3373,8.762,7.3141,81
1,3373,8.762,7.3592,73
2,3373,8.762,7.1745,79
3,3373,8.762,7.4409,69
0,3374,8.762,7.4021,73
1,3374,8.762,7.2737,76
2,3374,8.762,7.2776,74
3,3374,8.762,7.1188,83
0,3375,8.762,7.2875,79
1,3375,8.762,7.3053,66
2,3375,8.762,7.2835,83
3,3375,8.762,7.2873,78
0,3376,8.762,7.235,72
1,3376,8.762,7.3067,67
2,3376,8.762,7.322,72
3,3376,8.762,7.1773,80
0,3377,8.762,7.2866,84
1,3377,8.762,7.1799,81
2,3377,8.762,7.0313,81
3,3377,8.762,7.319,78
0,3378,8.762,7.0885,88
1,3378,8.762,7.3244,77
2,3378,8.762,7.2808,68
3,3378,8.762,7.3273,74
0,3379,8.762,7.2498,73
1,3379,8.762,7.3212,85
2,3379,8.762,7.3685,76
3,3379,8.762,7.1854,92
0,3380,8.762,7.2614,80
1,3380,8.762,7.2428,73
2,3380,8.762,7.2785,86
3,3380,8.762,7.3954,69
0,3381,8.762,7.2655,71
1,3381,8.762,7.3672,71
2,3381,8.762,7.3393,83
3,3381,8.762,7.1242,81
0,3382,8.762,7.3853,70
1,3382,8.762,7.3035,80
2,3382,8.762,7.4357,72
3,3382,8.762,7.3152,64
0,3383,8.762,7.3969,74
1,3383,8.762,7.3064,84
2,3383,8.762,7.2269,75
3,3383,8.762,7.3354,76
0,3384,8.762,7.1938,84
1,3384,8.762,7.3558,68
2,3384,8.762,7.2642,71
3,3384,8.762,7.4016,70
0,3385,8.762,7.3901,73
1,3385,8.762,7.2616,78
2,3385,8.762,7.3579,77
3,3385,8.762,7.2576,77
0,3386,8.762,7.2282,72
1,3386,8.762,7.2316,79
2,3386,8.762,7.2641,76
3,3386,8.762,7.4333,71
0,3387,8.762,7.4476,68
1,3387,8.762,7.2461,79
2,3387,8.762,7.4608,72
3,3387,8.762,7.4292,70
0,3388,8.762,7.2646,64
1,3388,8.762,7.0971,80
2,3388,8.762,7.3724,70
3,3388,8.762,7.2497,77
0,3389,8.762,7.3705,65
1,3389,8.762,7.0995,83
2,3389,8.762,7.328,79
3,3389,8.762,7.3518,76
0,3390,8.762,7.2493,83
1,3390,8.762,7.3524,73
2,3390,8.762,7.2017,75
3,3390,8.762,7.0981,91
0,3391,8.762,7.2466,78
1,3391,8.762,7.2848,69
2,3391,8.762,7.3466,70
3,3391,8.762,7.1644,76
0,3392,8.762,7.2524,77
1,3392,8.762,7.3127,77
2,3392,8.762,7.4408,69
3,3392,8.762,7.2416,86
0,3393,8.762,7.299,74
1,3393,8.762,7.2703,77
2,3393,8.762,7.2169,78
3,3393,8.762,7.2854,73
0,3394,8.762,7.1962,78
1,3394,8.762,7.2121,87
2,3394,8.762,7.1475,87
3,3394,8.762,7.2608,74
0,3395,8.762,7.1404,80
1,3395,8.762,7.2438,83
2,3395,8.762,7.41,72
3,3395,8.762,7.1228,84
0,3396,8.762,7.4619,80
1,3396,8.762,7.3757,76
2,3396,8.762,7.2215,72
3,3396,8.762,7.2154,80
0,3397,8.762,7.1313,83
1,3397,8.762,7.2821,68
2,3397,8.762,7.2987,78
3,3397,8.762,7.3099,68
0,3398,8.762,7.152,80
1,3398,8.762,7.3665,71
2,3398,8.762,7.3311,79
3,3398,8.762,7.1497,83
0,3399,8.762,7.3412,72
1,3399,8.762,7.3269,68
2,3399,8.762,7.3624,71
3,3399,8.762,7.149,83
0,3400,8.762,7.3321,71
1,3400,8.762,7.2051,83
2,3400,8.762,7.3255,77
3,3400,8.762,7.229,81
0,3401,8.762,7.1154,80
1,3401,8.762,7.2539,85
2,3401,8.762,7.2214,77
3,3401,8.762,7.132,86
0,3402,8.762,7.3282,66
1,3402,8.762,7.4984,65
2,3402,8.762,7.2964,86
3,3402,8.762,7.0833,81
0,3403,8.762,7.3077,70
1,3403,8.762,7.282,78
2,3403,8.762,7.3698,68
3,3403,8.762,7.3594,74
0,3404,8.762,7.2655,77
1,3404,8.762,7.2188,82
2,3404,8.762,7.3526,79
3,3404,8.762,7.3257,79
0,3405,8.762,7.2748,79
1,3405,8.762,7.242,84
2,3405,8.762,7.2461,76
3,3405,8.762,7.1556,72
0,3406,8.762,7.252,74
1,3406,8.762,7.2637,91
2,3406,8.762,7.3371,72
3,3406,8.762,7.1856,77
0,3407,8.762,7.2766,70
1,3407,8.762,7.4225,68
2,3407,8.762,7.2949,74
3,3407,8.762,7.3212,81
0,3408,8.762,7.2687,77
1,3408,8.762,7.328,75
2,3408,8.762,7.2838,71
3,3408,8.762,7.3635,79
0,3409,8.762,7.2562,82
1,3409,8.762,7.4061,76
2,3409,8.762,7.5369,68
3,3409,8.762,7.3182,80
0,3410,8.762,7.3648,80
1,3410,8.762,7.3055,79
2,3410,8.762,7.26,77
3,3410,8.762,7.2485,73
0,3411,8.762,7.2694,76
1,3411,8.762,7.2654,74
2,3411,8.762,7.4546,74
3,3411,8.762,7.3304,74
0,3412,8.762,7.3095,73
1,3412,8.762,7.3741,68
2,3412,8.762,7.3231,71
3,3412,8.762,7.4489,73
0,3413,8.762,7.2651,80
1,3413,8.762,7.2644,80
2,3413,8.762,7.298,74
3,3413,8.762,7.2599,69
0,3414,8.762,7.3133,84
1,3414,8.762,7.349,74
2,3414,8.762,7.1918,85
3,3414,8.762,7.427,69
0,3415,8.762,7.3118,72
1,3415,8.762,7.2951,70
2,3415,8.762,7.3457,75
3,3415,8.762,7.3282,76
0,3416,8.762,7.2158,76
1,3416,8.762,7.3648,69
2,3416,8.762,7.2141,76
3,3416,8.762,7.419,79
0,3417,8.762,7.1755,91
1,3417,8.762,7.221,87
2,3417,8.762,7.355,71
3,3417,8.762,7.4846,66
0,3418,8.762,7.3378,74
1,3418,8.762,7.1832,79
2,3418,8.762,7.1965,78
3,3418,8.762,7.2094,84
0,3419,8.762,7.2972,75
1,3419,8.762,7.1189,88
2,3419,8.762,7.3414,73
3,3419,8.762,7.252,71
0,3420,8.762,7.2062,85
1,3420,8.762,7.2195,84
2,3420,8.762,7.3196,73
3,3420,8.762,7.5148,76
0,3421,8.762,7.3797,69
1,3421,8.762,7.2666,68
2,3421,8.762,7.3676,81
3,3421,8.762,7.2787,81
0,3422,8.762,7.3481,77
1,3422,8.762,7.2503,80
2,3422,8.762,7.2618,81
3,3422,8.762,7.3112,82
0,3423,8.762,7.2553,72
1,3423,8.762,7.3437,80
2,3423,8.762,7.2694,84
3,3423,8.762,7.3458,75
0,3424,8.762,7.1876,84
1,3424,8.762,7.3186,73
2,3424,8.762,7.2696,77
3,3424,8.762,7.2825,70
0,3425,8.762,7.2836,76
1,3425,8.762,7.3782,73
2,3425,8.762,7.0762,87
3,3425,8.762,7.4518,79
0,3426,8.762,7.2069,84
1,3426,8.762,7.2742,82
2,3426,8.762,7.2629,76
3,3426,8.762,7.4695,77
0,3427,8.762,7.3631,78
1,3427,8.762,7.227,86
2,3427,8.762,7.1377,83
3,3427,8.762,7.1797,77
0,3428,8.762,7.2746,86
1,3428,8.762,7.4505,72
2,3428,8.762,7.3226,79
3,3428,8.762,7.3286,81
0,3429,8.762,7.3266,76
1,3429,8.762,7.3582,72
2,3429,8.762,7.2967,74
3,3429,8.762,7.4114,78
0,3430,8.762,7.3073,80
1,3430,8.762,7.3039,75
2,3430,8.762,7.2569,79
3,3430,8.762,7.2691,79
0,3431,8.762,7.3057,71
1,3431,8.762,7.2171,78
2,3431,8.762,7.2213,75
3,3431,8.762,7.4031,78
0,3432,8.762,7.2806,77
1,3432,8.762,7.171,82
2,3432,8.762,7.3665,71
3,3432,8.762,7.2126,78
0,3433,8.762,7.144,84
1,3433,8.762,7.2938,85
2,3433,8.762,7.3437,75
3,3433,8.762,7.3184,68
0,3434,8.762,7.3378,70
1,3434,8.762,7.213,81
2,3434,8.762,7.4427,75
3,3434,8.762,7.3397,69
0,3435,8.762,7.2961,72
1,3435,8.762,7.3839,79
2,3435,8.762,7.2205,78
3,3435,8.762,7.2266,77
0,3436,8.762,7.4026,76
1,3436,8.762,7.2889,77
2,3436,8.762,7.3003,78
3,3436,8.762,7.3479,73
0,3437,8.762,7.3208,69
1,3437,8.762,7.2651,74
2,3437,8.762,7.3993,73
3,3437,8.762,7.3079,68
0,3438,8.762,7.2399,78
1,3438,8.762,7.2259,80
2,3438,8.762,7.3957,76
3,3438,8.762,7.3306,70
0,3439,8.762,7.3233,77
1,3439,8.762,7.1934,79
2,3439,8.762,7.3289,77
3,3439,8.762,7.3913,75
0,3440,8.762,7.257,80
1,3440,8.762,7.3752,86
2,3440,8.762,7.3991,74
3,3440,8.762,7.4147,66
0,3441,8.762,7.2177,85
1,3441,8.762,7.2756,72
2,3441,8.762,7.2927,76
3,3441,8.762,7.3293,80
0,3442,8.762,7.2596,83
1,3442,8.762,7.3962,76
2,3442,8.762,7.2169,72
3,3442,8.762,7.3978,71
0,3443,8.762,7.3293,78
1,3443,8.762,7.2485,76
2,3443,8.762,7.2595,67
3,3443,8.762,7.2606,74
0,3444,8.762,7.2161,80
1,3444,8.762,7.285,75
2,3444,8.762,7.2289,81
3,3444,8.762,7.2938,75
0,3445,8.762,7.2292,86
1,3445,8.762,7.1489,80
2,3445,8.762,7.3606,67
3,3445,8.762,7.2511,78
0,3446,8.762,7.4119,72
1,3446,8.762,7.3405,77
2,3446,8.762,7.3961,76
3,3446,8.762,7.1745,82
0,3447,8.762,7.2939,78
1,3447,8.762,7.214,85
2,3447,8.762,7.2951,75
3,3447,8.762,7.4208,62
0,3448,8.762,7.2824,78
1,3448,8.762,7.3567,78
2,3448,8.762,7.3785,75
3,3448,8.762,7.2343,79
0,3449,8.762,7.3846,70
1,3449,8.762,7.2861,80
2,3449,8.762,7.1798,75
3,3449,8.762,7.3726,77
0,3450,8.762,7.2772,80
1,3450,8.762,7.1591,84
2,3450,8.762,7.3175,77
3,3450,8.762,7.0673,87
0,3451,8.762,7.217,81
1,3451,8.762,7.3751,78
2,3451,8.762,7.3353,73
3,3451,8.762,7.3426,76
0,3452,8.762,7.52,74
1,3452,8.762,7.1569,79
2,3452,8.762,7.3171,67
3,3452,8.762,7.2858,80
0,3453,8.762,7.2571,74
1,3453,8.762,7.2338,83
2,3453,8.762,7.1287,85
3,3453,8.762,7.545,63
0,3454,8.762,7.2946,79
1,3454,8.762,7.1581,82
2,3454,8.762,7.2921,72
3,3454,8.762,7.3079,74
0,3455,8.762,7.3182,80
1,3455,8.762,7.4556,72
2,3455,8.762,7.2386,75
3,3455,8.762,7.3264,78
0,3456,8.762,7.4657,76
1,3456,8.762,7.3883,66
2,3456,8.762,7.2401,76
3,3456,8.762,7.2132,78
0,3457,8.762,7.3974,68
1,3457,8.762,7.3464,75
2,3457,8.762,7.2806,78
3,3457,8.762,7.1899,82
0,3458,8.762,7.3093,71
1,3458,8.762,7.2351,71
2,3458,8.762,7.2234,69
3,3458,8.762,7.3878,74
0,3459,8.762,7.1538,81
1,3459,8.762,7.4016,65
2,3459,8.762,7.3394,80
3,3459,8.762,7.1316,81
0,3460,8.762,7.2422,71
1,3460,8.762,7.4197,73
2,3460,8.762,7.3216,68
3,3460,8.762,7.284,76
0,3461,8.762,7.3429,76
1,3461,8.762,7.3562,80
2,3461,8.762,7.1075,78
3,3461,8.762,7.4097,71
0,3462,8.762,7.555,63
1,3462,8.762,7.2815,74
2,3462,8.762,7.249,75
3,3462,8.762,7.3203,72
0,3463,8.762,7.4104,75
1,3463,8.762,7.2376,69
2,3463,8.762,7.2458,73
3,3463,8.762,7.2771,68
0,3464,8.762,7.2823,73
1,3464,8.762,7.3156,72
2,3464,8.762,7.261,76
3,3464,8.762,7.2411,75
0,3465,8.762,7.1647,78
1,3465,8.762,7.1487,75
2,3465,8.762,7.3368,84
3,3465,8.762,7.1482,75
0,3466,8.762,7.3571,76
1,3466,8.762,7.3166,81
2,3466,8.762,7.1884,77
3,3466,8.762,7.4618,69
0,3467,8.762,7.2517,74
1,3467,8.762,7.2455,68
2,3467,8.762,7.3988,74
3,3467,8.762,7.3411,81
0,3468,8.762,7.4082,65
1,3468,8.762,7.2597,80
2,3468,8.762,7.2466,68
3,3468,8.762,7.1184,77
0,3469,8.762,7.3231,77
1,3469,8.762,7.2139,69
2,3469,8.762,7.3214,86
3,3469,8.762,7.1493,73
0,3470,8.762,7.212,82
1,3470,8.762,7.205,86
2,3470,8.762,7.4576,69
3,3470,8.762,7.3051,82
0,3471,8.762,7.3319,73
1,3471,8.762,7.3708,73
2,3471,8.762,7.411,72
3,3471,8.762,7.312,72
0,3472,8.762,7.2176,80
1,3472,8.762,7.3597,73
2,3472,8.762,7.3404,83
3,3472,8.762,7.1517,78
0,3473,8.762,7.1616,83
1,3473,8.762,7.2743,85
2,3473,8.762,7.4642,62
3,3473,8.762,7.3452,73
0,3474,8.762,7.376,82
1,3474,8.762,7.2008,83
2,3474,8.762,7.1752,95
3,3474,8.762,7.3342,72
0,3475,8.762,7.2419,77
1,3475,8.762,7.4401,71
2,3475,8.762,7.2708,73
3,3475,8.762,7.2798,73
0,3476,8.762,7.3557,70
1,3476,8.762,7.4357,69
2,3476,8.762,7.3376,78
3,3476,8.762,7.3171,69
0,3477,8.762,7.3104,68
1,3477,8.762,7.2691,69
2,3477,8.762,7.1199,82
3,3477,8.762,7.2369,79
0,3478,8.762,7.2285,73
1,3478,8.762,7.2328,77
2,3478,8.762,7.2887,87
3,3478,8.762,7.3116,73
0,3479,8.762,7.3525,77
1,3479,8.762,7.222,71
2,3479,8.762,7.3032,70
3,3479,8.762,7.3819,78
0,3480,8.762,7.3304,71
1,3480,8.762,7.2377,81
2,3480,8.762,7.3144,74
3,3480,8.762,7.2088,81
0,3481,8.762,7.2639,78
1,3481,8.762,7.3723,78
2,3481,8.762,7.4109,70
3,3481,8.762,7.2188,67
0,3482,8.762,7.1878,76
1,3482,8.762,7.5372,76
2,3482,8.762,7.45,75
3,3482,8.762,7.4595,71
0,3483,8.762,7.351,73
1,3483,8.762,7.2349,85
2,3483,8.762,7.3177,79
3,3483,8.762,7.359,82
0,3484,8.762,7.2442,75
1,3484,8.762,7.2285,81
2,3484,8.762,7.4329,79
3,3484,8.762,7.106,83
0,3485,8.762,7.1669,85
1,3485,8.762,7.3501,74
2,3485,8.762,7.3593,77
3,3485,8.762,7.3215,78
0,3486,8.762,7.3804,70
1,3486,8.762,7.35,77
2,3486,8.762,7.2098,86
3,3486,8.762,7.3762,74
0,3487,8.762,7.3162,81
1,3487,8.762,7.3195,75
2,3487,8.762,7.2727,79
3,3487,8.762,7.2432,78
0,3488,8.762,7.2722,74
1,3488,8.762,7.2799,72
2,3488,8.762,7.2841,76
3,3488,8.762,7.2079,78
0,3489,8.762,7.2265,73
1,3489,8.762,7.2361,79
2,3489,8.762,7.2966,74
3,3489,8.762,7.1918,78
0,3490,8.762,7.1815,77
1,3490,8.762,7.31,81
2,3490,8.762,7.2189,78
3,3490,8.762,7.3615,77
0,3491,8.762,7.4478,72
1,3491,8.762,7.3996,76
2,3491,8.762,7.4081,66
3,3491,8.762,7.259,80
0,3492,8.762,7.2319,70
1,3492,8.762,7.2804,82
2,3492,8.762,7.3528,70
3,3492,8.762,7.2982,78
0,3493,8.762,7.3039,80
1,3493,8.762,7.4058,69
2,3493,8.762,7.3651,76
3,3493,8.762,7.1639,81
0,3494,8.762,7.2137,79
1,3494,8.762,7.3396,73
2,3494,8.762,7.263,71
3,3494,8.762,7.23,77
0,3495,8.762,7.2481,74
1,3495,8.762,7.2755,86
2,3495,8.762,7.2786,85
3,3495,8.762,7.4217,75
0,3496,8.762,7.2456,82
1,3496,8.762,7.1669,78
2,3496,8.762,7.2251,81
3,3496,8.762,7.4347,65
0,3497,8.762,7.3131,72
1,3497,8.762,7.2757,73
2,3497,8.762,7.1816,84
3,3497,8.762,7.3768,70
0,3498,8.762,7.2544,80
1,3498,8.762,7.1849,80
2,3498,8.762,7.3767,72
3,3498,8.762,7.2143,83
0,3499,8.762,7.1985,75
1,3499,8.762,7.3564,76
2,3499,8.762,7.2061,77
3,3499,8.762,7.1014,88
0,3500,8.762,7.352,70
1,3500,8.762,7.3362,77
2,3500,8.762,7.3729,75
3,3500,8.762,7.2535,77
0,3501,8.762,7.413,67
1,3501,8.762,7.2593,76
2,3501,8.762,7.1402,83
3,3501,8.762,7.3237,74
0,3502,8.762,7.2965,77
1,3502,8.762,7.4213,65
2,3502,8.762,7.1697,77
3,3502,8.762,7.2767,74
0,3503,8.762,7.2041,80
1,3503,8.762,7.1238,83
2,3503,8.762,7.1431,85
3,3503,8.762,7.3546,67
0,3504,8.762,7.0508,80
1,3504,8.762,7.3717,76
2,3504,8.762,7.3221,79
3,3504,8.762,7.3634,85
0,3505,8.762,7.195,83
1,3505,8.762,7.408,76
2,3505,8.762,7.2338,76
3,3505,8.762,7.3604,76
0,3506,8.762,7.3075,76
1,3506,8.762,7.2365,81
2,3506,8.762,7.0059,77
3,3506,8.762,7.4332,76
0,3507,8.762,7.3397,78
1,3507,8.762,7.2309,82
2,3507,8.762,7.2622,76
3,3507,8.762,7.3496,75
0,3508,8.762,7.2836,82
1,3508,8.762,7.2668,74
2,3508,8.762,7.184,75
3,3508,8.762,7.2032,72
0,3509,8.762,7.3946,72
1,3509,8.762,7.4925,65
2,3509,8.762,7.3466,75
3,3509,8.762,7.3811,74
0,3510,8.762,7.2486,79
1,3510,8.762,7.2071,78
2,3510,8.762,7.232,79
3,3510,8.762,7.2724,74
0,3511,8.762,7.3707,74
1,3511,8.762,7.4874,69
2,3511,8.762,7.242,79
3,3511,8.762,7.4152,70
0,3512,8.762,7.1912,80
1,3512,8.762,7.4191,74
2,3512,8.762,7.2261,82
3,3512,8.762,7.3481,75
0,3513,8.762,7.3197,81
1,3513,8.762,7.3584,74
2,3513,8.762,7.377,69
3,3513,8.762,7.3355,66
0,3514,8.762,7.2136,82
1,3514,8.762,7.1936,84
2,3514,8.762,7.2674,77
3,3514,8.762,7.2438,78
0,3515,8.762,7.3188,79
1,3515,8.762,7.1647,90
2,3515,8.762,7.3024,78
3,3515,8.762,7.1261,87
0,3516,8.762,7.2068,72
1,3516,8.762,7.3072,75
2,3516,8.762,7.3406,81
3,3516,8.762,7.226,76
0,3517,8.762,7.3181,78
1,3517,8.762,7.2269,77
2,3517,8.762,7.219,81
3,3517,8.762,7.2267,74
0,3518,8.762,7.3534,68
1,3518,8.762,7.246,79
2,3518,8.762,7.0886,92
3,3518,8.762,7.1677,80
0,3519,8.762,7.305,79
1,3519,8.762,7.2731,86
2,3519,8.762,7.3577,69
3,3519,8.762,7.2188,95
0,3520,8.762,7.2013,76
1,3520,8.762,7.2122,78
2,3520,8.762,7.327,71
3,3520,8.762,7.3921,73
0,3521,8.762,7.4562,74
1,3521,8.762,7.3756,73
2,3521,8.762,7.1815,85
3,3521,8.762,7.3084,74
0,3522,8.762,7.0111,77
1,3522,8.762,7.234,82
2,3522,8.762,7.1921,78
3,3522,8.762,7.3765,75
0,3523,8.762,7.2559,81
1,3523,8.762,7.3946,80
2,3523,8.762,7.3657,73
3,3523,8.762,7.3759,71
0,3524,8.762,7.3506,80
1,3524,8.762,7.4416,75
2,3524,8.762,7.3004,79
3,3524,8.762,7.4492,64
0,3525,8.762,7.4052,70
1,3525,8.762,7.2885,70
2,3525,8.762,7.1703,82
3,3525,8.762,7.2708,79
0,3526,8.762,7.1249,88
1,3526,8.762,7.2102,83
2,3526,8.762,7.2347,78
3,3526,8.762,7.2721,61
0,3527,8.762,7.2481,90
1,3527,8.762,7.3573,69
2,3527,8.762,7.2053,82
3,3527,8.762,7.3789,65
0,3528,8.762,7.4583,73
1,3528,8.762,7.2087,79
2,3528,8.762,7.3864,68
3,3528,8.762,7.2281,80
0,3529,8.762,7.1351,89
1,3529,8.762,7.2831,73
2,3529,8.762,7.28,80
3,3529,8.762,7.2672,77
0,3530,8.762,7.134,90
1,3530,8.762,7.4269,69
2,3530,8.762,7.3096,73
3,3530,8.762,7.1974,76
0,3531,8.762,7.3113,72
1,3531,8.762,7.3094,73
2,3531,8.762,7.2072,72
3,3531,8.762,7.1978,77
0,3532,8.762,7.2616,70
1,3532,8.762,7.2254,80
2,3532,8.762,7.3371,67
3,3532,8.762,7.3331,76
0,3533,8.762,7.3559,79
1,3533,8.762,7.252,72
2,3533,8.762,7.1655,82
3,3533,8.762,7.2891,72
0,3534,8.762,7.1373,76
1,3534,8.762,7.1695,74
2,3534,8.762,7.2756,71
3,3534,8.762,7.3077,70
0,3535,8.762,7.2612,79
1,3535,8.762,7.4304,77
2,3535,8.762,7.4433,72
3,3535,8.762,7.19,75
0,3536,8.762,7.2212,76
1,3536,8.762,7.3309,79
2,3536,8.762,7.5001,74
3,3536,8.762,7.321,68
0,3537,8.762,7.2615,85
1,3537,8.762,7.309,77
2,3537,8.762,7.3985,73
3,3537,8.762,7.2885,75
0,3538,8.762,7.1882,72
1,3538,8.762,7.3775,63
2,3538,8.762,7.2352,82
3,3538,8.762,7.357,70
0,3539,8.762,7.0234,90
1,3539,8.762,7.3165,66
2,3539,8.762,7.4484,73
3,3539,8.762,7.3371,75
0,3540,8.762,7.1084,85
1,3540,8.762,7.3104,71
2,3540,8.762,7.1989,83
3,3540,8.762,7.1863,81
0,3541,8.762,7.2622,71
1,3541,8.762,7.2872,72
2,3541,8.762,7.2907,63
3,3541,8.762,7.1634,84
0,3542,8.762,7.3869,72
1,3542,8.762,7.2291,84
2,3542,8.762,7.1845,87
3,3542,8.762,7.3371,77
0,3543,8.762,7.1669,77
1,3543,8.762,7.2334,75
2,3543,8.762,7.2697,76
3,3543,8.762,7.3113,74
0,3544,8.762,7.3122,70
1,3544,8.762,7.1616,74
2,3544,8.762,7.2308,74
3,3544,8.762,7.3014,78
0,3545,8.762,7.161,74
1,3545,8.762,7.4365,73
2,3545,8.762,7.2665,75
3,3545,8.762,7.2846,82
0,3546,8.762,7.3528,70
1,3546,8.762,7.456,73
2,3546,8.762,7.2069,80
3,3546,8.762,7.2116,75
0,3547,8.762,7.4399,72
1,3547,8.762,7.2203,83
2,3547,8.762,7.2543,68
3,3547,8.762,7.3274,83
0,3548,8.762,7.2763,71
1,3548,8.762,7.2334,83
2,3548,8.762,7.4112,72
3,3548,8.762,7.4095,76
0,3549,8.762,7.1421,78
1,3549,8.762,7.2837,77
2,3549,8.762,7.3213,78
3,3549,8.762,7.2577,69
0,3550,8.762,7.337,78
1,3550,8.762,7.4029,78
2,3550,8.762,7.345,82
3,3550,8.762,7.3784,72
0,3551,8.762,7.2334,78
1,3551,8.762,7.2705,79
2,3551,8.762,7.2889,76
3,3551,8.762,7.2718,73
0,3552,8.762,7.4225,73
1,3552,8.762,7.2689,81
2,3552,8.762,7.1522,82
3,3552,8.762,7.3278,75
0,3553,8.762,7.2842,73
1,3553,8.762,7.4193,75
2,3553,8.762,7.2408,80
3,3553,8.762,7.2525,79
0,3554,8.762,7.2131,69
1,3554,8.762,7.4158,81
2,3554,8.762,7.3607,71
3,3554,8.762,7.2835,84
0,3555,8.762,7.2107,80
1,3555,8.762,7.1749,80
2,3555,8.762,7.2735,84
3,3555,8.762,7.3139,67
0,3556,8.762,7.2833,82
1,3556,8.762,7.3169,79
2,3556,8.762,7.3796,83
3,3556,8.762,7.2734,76
0,3557,8.762,7.2354,84
1,3557,8.762,7.1572,83
2,3557,8.762,7.1586,79
3,3557,8.762,7.2451,78
0,3558,8.762,7.4739,73
1,3558,8.762,7.3016,82
2,3558,8.762,7.3779,76
3,3558,8.762,7.281,74
0,3559,8.762,7.1192,77
1,3559,8.762,7.2849,77
2,3559,8.762,7.2048,76
3,3559,8.762,7.288,70
0,3560,8.762,7.2144,82
1,3560,8.762,7.4175,72
2,3560,8.762,7.2242,80
3,3560,8.762,7.377,70
0,3561,8.762,7.1572,86
1,3561,8.762,7.324,79
2,3561,8.762,7.3287,80
3,3561,8.762,7.3011,73
0,3562,8.762,7.3352,74
1,3562,8.762,7.2286,84
2,3562,8.762,7.2152,76
3,3562,8.762,7.4074,65
0,3563,8.762,7.2919,77
1,3563,8.762,7.2745,81
2,3563,8.762,7.2865,73
3,3563,8.762,7.3517,73
0,3564,8.762,7.198,87
1,3564,8.762,7.2816,76
2,3564,8.762,7.2863,68
3,3564,8.762,7.3049,74
0,3565,8.762,7.3713,67
1,3565,8.762,7.1504,80
2,3565,8.762,7.0999,74
3,3565,8.762,7.3361,73
0,3566,8.762,7.3865,73
1,3566,8.762,7.195,85
2,3566,8.762,7.4286,72
3,3566,8.762,7.4188,84
0,3567,8.762,7.3637,71
1,3567,8.762,7.4139,77
2,3567,8.762,7.2654,84
3,3567,8.762,7.1716,79
0,3568,8.762,7.4154,71
1,3568,8.762,7.2375,79
2,3568,8.762,7.3202,73
3,3568,8.762,7.1265,87
0,3569,8.762,7.2637,66
1,3569,8.762,7.4049,74
2,3569,8.762,7.3909,73
3,3569,8.762,7.1952,80
0,3570,8.762,7.3379,76
1,3570,8.762,7.0952,88
2,3570,8.762,7.4234,74
3,3570,8.762,7.2955,71
0,3571,8.762,7.2383,80
1,3571,8.762,7.3333,76
2,3571,8.762,7.2606,77
3,3571,8.762,7.1445,84
0,3572,8.762,7.2724,78
1,3572,8.762,7.267,75
2,3572,8.762,7.4506,72
3,3572,8.762,7.3523,70
0,3573,8.762,7.1779,78
1,3573,8.762,7.3458,71
2,3573,8.762,7.1761,87
3,3573,8.762,7.3338,74
0,3574,8.762,7.4401,73
1,3574,8.762,7.2855,77
2,3574,8.762,7.3082,72
3,3574,8.762,7.3493,69
0,3575,8.762,7.3798,71
1,3575,8.762,7.2826,65
2,3575,8.762,7.2529,75
3,3575,8.762,7.3513,78
0,3576,8.762,7.3075,83
1,3576,8.762,7.4849,64
2,3576,8.762,7.4949,72
3,3576,8.762,7.3133,70
0,3577,8.762,7.433,82
1,3577,8.762,7.2746,80
2,3577,8.762,7.1385,79
3,3577,8.762,7.3521,69
0,3578,8.762,7.3577,74
1,3578,8.762,7.355,73
2,3578,8.762,7.3302,76
3,3578,8.762,7.1675,84
0,3579,8.762,7.1251,78
1,3579,8.762,7.4006,70
2,3579,8.762,7.267,69
3,3579,8.762,7.2731,87
0,3580,8.762,7.4255,67
1,3580,8.762,7.3735,76
2,3580,8.762,7.3855,74
3,3580,8.762,7.2714,74
0,3581,8.762,7.1592,83
1,3581,8.762,7.4458,72
2,3581,8.762,7.2873,83
3,3581,8.762,7.3508,73
0,3582,8.762,7.2322,83
1,3582,8.762,7.2965,72
2,3582,8.762,7.33,72
3,3582,8.762,7.407,76
0,3583,8.762,7.2699,80
1,3583,8.762,7.2385,74
2,3583,8.762,7.1653,79
3,3583,8.762,7.2906,71
0,3584,8.762,7.3637,76
1,3584,8.762,7.2566,76
2,3584,8.762,7.2859,73
3,3584,8.762,7.1682,76
0,3585,8.762,7.2006,88
1,3585,8.762,7.169,84
2,3585,8.762,7.3264,77
3,3585,8.762,7.4696,74
0,3586,8.762,7.2052,82
1,3586,8.762,7.4078,78
2,3586,8.762,7.3267,76
3,3586,8.762,7.2854,75
0,3587,8.762,7.3998,77
1,3587,8.762,7.2453,80
2,3587,8.762,7.4576,72
3,3587,8.762,7.3207,78
0,3588,8.762,7.2029,81
1,3588,8.762,7.2145,73
2,3588,8.762,7.211,74
3,3588,8.762,7.4645,73
0,3589,8.762,7.2903,81
1,3589,8.762,7.2668,75
2,3589,8.762,7.2342,74
3,3589,8.762,7.1913,78
0,3590,8.762,7.279,81
1,3590,8.762,7.2014,76
2,3590,8.762,7.3289,74
3,3590,8.762,7.348,79
0,3591,8.762,7.2801,74
1,3591,8.762,7.309,71
2,3591,8.762,7.2022,77
3,3591,8.762,7.3232,72
0,3592,8.762,7.1782,76
1,3592,8.762,7.2264,77
2,3592,8.762,7.2936,77
3,3592,8.762,7.412,77
0,3593,8.762,7.2079,77
1,3593,8.762,7.3246,74
2,3593,8.762,7.3235,75
3,3593,8.762,7.1257,75
0,3594,8.762,7.3839,73
1,3594,8.762,7.4015,79
2,3594,8.762,7.1033,85
3,3594,8.762,7.3014,79
0,3595,8.762,7.414,73
1,3595,8.762,7.2273,80
2,3595,8.762,7.4256,64
3,3595,8.762,7.0787,86
0,3596,8.762,7.3735,75
1,3596,8.762,7.2442,85
2,3596,8.762,7.2305,84
3,3596,8.762,7.1519,79
0,3597,8.762,7.2772,81
1,3597,8.762,7.1479,91
2,3597,8.762,7.3097,71
3,3597,8.762,7.3463,71
0,3598,8.762,7.3834,73
1,3598,8.762,7.2325,77
2,3598,8.762,7.3193,73
3,3598,8.762,7.2153,72
0,3599,8.762,7.4432,67
1,3599,8.762,7.2299,86
2,3599,8.762,7.2961,72
3,3599,8.762,7.1181,81
0,3600,8.762,7.2023,80
1,3600,8.762,7.3962,76
2,3600,8.762,7.3416,82
3,3600,8.762,7.2276,85
0,3601,8.762,7.2513,77
1,3601,8.762,7.2773,79
2,3601,8.762,7.3098,78
3,3601,8.762,7.4238,81
0,3602,8.762,7.2768,83
1,3602,8.762,7.3303,75
2,3602,8.762,7.3412,74
3,3602,8.762,7.3563,78
0,3603,8.762,7.2098,71
1,3603,8.762,7.3254,77
2,3603,8.762,7.3594,78
3,3603,8.762,7.3869,75
0,3604,8.762,7.2173,72
1,3604,8.762,7.1425,85
2,3604,8.762,7.3965,74
3,3604,8.762,7.4005,81
0,3605,8.762,7.4873,75
1,3605,8.762,7.5266,75
2,3605,8.762,7.0936,90
3,3605,8.762,7.2616,77
0,3606,8.762,7.1823,96
1,3606,8.762,7.3433,73
2,3606,8.762,7.3531,71
3,3606,8.762,7.1848,83
0,3607,8.762,7.1288,76
1,3607,8.762,7.2642,80
2,3607,8.762,7.3701,67
3,3607,8.762,7.4185,73
0,3608,8.762,7.3253,71
1,3608,8.762,7.1295,83
2,3608,8.762,7.3933,76
3,3608,8.762,7.3788,72
0,3609,8.762,7.217,71
1,3609,8.762,7.2135,72
2,3609,8.762,7.1473,81
3,3609,8.762,7.3062,73
0,3610,8.762,7.1774,76
1,3610,8.762,7.363,73
2,3610,8.762,7.2692,81
3,3610,8.762,7.484,76
0,3611,8.762,7.4285,66
1,3611,8.762,7.3045,76
2,3611,8.762,7.3436,66
3,3611,8.762,7.2301,81
0,3612,8.762,7.3055,82
1,3612,8.762,7.1931,87
2,3612,8.762,7.3297,69
3,3612,8.762,7.3487,79
0,3613,8.762,7.4214,63
1,3613,8.762,7.2429,69
2,3613,8.762,7.2735,77
3,3613,8.762,7.3009,80
0,3614,8.762,7.3496,69
1,3614,8.762,7.2089,82
2,3614,8.762,7.2899,76
3,3614,8.762,7.2702,80
0,3615,8.762,7.3085,85
1,3615,8.762,7.275,83
2,3615,8.762,7.2561,77
3,3615,8.762,7.4101,74
0,3616,8.762,7.2504,75
1,3616,8.762,7.2249,85
2,3616,8.762,7.3894,74
3,3616,8.762,7.4922,65
0,3617,8.762,7.3326,78
1,3617,8.762,7.2325,79
2,3617,8.762,7.2484,76
3,3617,8.762,7.1892,83
0,3618,8.762,7.3444,74
1,3618,8.762,7.3221,81
2,3618,8.762,7.2986,78
3,3618,8.762,7.2357,81
0,3619,8.762,7.4245,73
1,3619,8.762,7.278,76
2,3619,8.762,7.2187,77
3,3619,8.762,7.3127,75
0,3620,8.762,7.3393,69
1,3620,8.762,7.2869,80
2,3620,8.762,7.2396,73
3,3620,8.762,7.3526,77
0,3621,8.762,7.2014,81
1,3621,8.762,7.221,78
2,3621,8.762,7.1397,82
3,3621,8.762,7.2861,77
0,3622,8.762,7.4073,73
1,3622,8.762,7.3195,77
2,3622,8.762,7.2176,77
3,3622,8.762,7.3171,76
0,3623,8.762,7.3233,76
1,3623,8.762,7.2214,80
2,3623,8.762,7.1126,75
3,3623,8.762,7.3493,80
0,3624,8.762,7.1672,81
1,3624,8.762,7.3211,78
2,3624,8.762,7.2104,82
3,3624,8.762,7.2491,89
0,3625,8.762,7.235,83
1,3625,8.762,7.3172,69
2,3625,8.762,7.1306,76
3,3625,8.762,7.1536,86
0,3626,8.762,7.243,68
1,3626,8.762,7.5024,73
2,3626,8.762,7.2323,72
3,3626,8.762,7.252,86
0,3627,8.762,7.187,84
1,3627,8.762,7.2321,70
2,3627,8.762,7.1811,79
3,3627,8.762,7.3365,75
0,3628,8.762,7.1644,76
1,3628,8.762,7.3005,76
2,3628,8.762,7.3143,75
3,3628,8.762,7.1727,82
0,3629,8.762,7.1146,85
1,3629,8.762,7.2764,69
2,3629,8.762,7.3174,70
3,3629,8.762,7.3598,83
0,3630,8.762,7.2708,80
1,3630,8.762,7.1616,75
2,3630,8.762,7.2801,78
3,3630,8.762,7.3014,71
0,3631,8.762,7.2432,92
1,3631,8.762,7.2929,71
2,3631,8.762,7.3107,73
3,3631,8.762,7.1083,87
0,3632,8.762,7.2286,83
1,3632,8.762,7.3204,79
2,3632,8.762,7.4136,71
3,3632,8.762,7.3145,73
0,3633,8.762,7.467,75
1,3633,8.762,7.3652,69
2,3633,8.762,7.2772,76
3,3633,8.762,7.512,60
0,3634,8.762,7.233,79
1,3634,8.762,7.4871,72
2,3634,8.762,7.3515,67
3,3634,8.762,7.3426,72
0,3635,8.762,7.3218,79
1,3635,8.762,7.2819,69
2,3635,8.762,7.405,75
3,3635,8.762,7.4941,63
0,3636,8.762,7.3223,83
1,3636,8.762,7.2987,74
2,3636,8.762,7.2901,73
3,3636,8.762,7.2674,80
0,3637,8.762,7.2604,84
1,3637,8.762,7.2306,74
2,3637,8.762,7.1102,78
3,3637,8.762,7.2249,78
0,3638,8.762,7.4751,69
1,3638,8.762,7.1992,72
2,3638,8.762,7.4121,72
3,3638,8.762,7.4218,80
0,3639,8.762,7.2611,79
1,3639,8.762,7.3167,72
2,3639,8.762,7.3433,68
3,3639,8.762,7.2971,74
0,3640,8.762,7.2819,84
1,3640,8.762,7.4482,78
2,3640,8.762,7.3553,71
3,3640,8.762,7.1291,87
0,3641,8.762,7.1631,75
1,3641,8.762,7.1948,83
2,3641,8.762,7.3671,70
3,3641,8.762,7.2205,83
0,3642,8.762,7.2363,80
1,3642,8.762,7.3446,81
2,3642,8.762,7.2772,79
3,3642,8.762,7.2018,81
0,3643,8.762,7.2067,88
1,3643,8.762,7.2904,77
2,3643,8.762,7.1452,84
3,3643,8.762,7.3027,80
0,3644,8.762,7.1604,81
1,3644,8.762,7.5526,68
2,3644,8.762,7.2582,72
3,3644,8.762,7.1127,89
0,3645,8.762,7.3084,78
1,3645,8.762,7.1999,72
2,3645,8.762,7.2697,71
3,3645,8.762,7.2406,77
0,3646,8.762,7.3389,71
1,3646,8.762,7.2278,90
2,3646,8.762,7.3284,79
3,3646,8.762,7.2402,72
0,3647,8.762,7.2329,69
1,3647,8.762,7.3818,72
2,3647,8.762,7.2267,77
3,3647,8.762,7.253,71
0,3648,8.762,7.4979,73
1,3648,8.762,7.2505,80
2,3648,8.762,7.4214,81
3,3648,8.762,7.3422,79
0,3649,8.762,7.1863,85
1,3649,8.762,7.0837,91
2,3649,8.762,6.8886,84
3,3649,8.762,7.3131,84
0,3650,8.762,7.1959,78
1,3650,8.762,7.2667,74
2,3650,8.762,7.3558,76
3,3650,8.762,7.3187,76
0,3651,8.762,7.4285,69
1,3651,8.762,7.3042,74
2,3651,8.762,7.267,68
3,3651,8.762,7.3237,78
0,3652,8.762,7.3525,63
1,3652,8.762,7.3118,74
2,3652,8.762,7.2152,75
3,3652,8.762,7.3271,73
0,3653,8.762,7.466,66
1,3653,8.762,7.3933,72
2,3653,8.762,7.256,72
3,3653,8.762,7.386,76
0,3654,8.762,7.3722,74
1,3654,8.762,7.4185,69
2,3654,8.762,7.4036,83
3,3654,8.762,7.3533,69
0,3655,8.762,7.4004,76
1,3655,8.762,7.283,68
2,3655,8.762,7.3429,70
3,3655,8.762,7.4562,71
0,3656,8.762,7.5338,70
1,3656,8.762,7.3181,67
2,3656,8.762,7.3673,71
3,3656,8.762,7.1605,86
0,3657,8.762,7.3718,79
1,3657,8.762,7.4742,71
2,3657,8.762,7.1944,84
3,3657,8.762,7.2466,73
0,3658,8.762,7.3675,70
1,3658,8.762,7.3149,73
2,3658,8.762,7.3358,68
3,3658,8.762,7.2784,78
0,3659,8.762,7.3365,74
1,3659,8.762,7.2482,77
2,3659,8.762,7.4267,74
3,3659,8.762,7.4454,77
0,3660,8.762,7.0701,86
1,3660,8.762,7.1468,75
2,3660,8.762,7.4358,80
3,3660,8.762,7.3834,72
0,3661,8.762,7.3409,73
1,3661,8.762,7.4073,64
2,3661,8.762,7.209,72
3,3661,8.762,7.2229,77
0,3662,8.762,7.2717,79
1,3662,8.762,7.399,75
2,3662,8.762,7.2737,87
3,3662,8.762,7.1252,87
0,3663,8.762,7.1984,79
1,3663,8.762,7.2607,81
2,3663,8.762,7.2489,87
3,3663,8.762,7.2102,83
0,3664,8.762,7.3014,81
1,3664,8.762,7.3049,66
2,3664,8.762,7.2434,81
3,3664,8.762,7.3658,67
0,3665,8.762,7.2825,75
1,3665,8.762,7.2947,79
2,3665,8.762,7.3286,78
3,3665,8.762,7.6224,64
0,3666,8.762,7.2964,73
1,3666,8.762,7.1071,89
2,3666,8.762,7.2412,73
3,3666,8.762,7.4808,68
0,3667,8.762,7.0684,86
1,3667,8.762,7.2128,78
2,3667,8.762,7.362,70
3,3667,8.762,7.0908,83
0,3668,8.762,7.1238,78
1,3668,8.762,7.3185,72
2,3668,8.762,7.0551,84
3,3668,8.762,7.4242,76
0,3669,8.762,7.3563,76
1,3669,8.762,7.1953,70
2,3669,8.762,7.1979,84
3,3669,8.762,7.2194,86
0,3670,8.762,7.3128,72
1,3670,8.762,7.2527,87
2,3670,8.762,7.1438,75
3,3670,8.762,7.2209,79
0,3671,8.762,7.2692,80
1,3671,8.762,7.2469,77
2,3671,8.762,7.2578,74
3,3671,8.762,7.2084,77
0,3672,8.762,7.4817,66
1,3672,8.762,7.1144,80
2,3672,8.762,7.2589,70
3,3672,8.762,7.5293,63
0,3673,8.762,7.3106,75
1,3673,8.762,7.2542,79
2,3673,8.762,7.4037,74
3,3673,8.762,7.3418,70
0,3674,8.762,7.3742,67
1,3674,8.762,7.4129,74
2,3674,8.762,7.3784,65
3,3674,8.762,7.3192,66
0,3675,8.762,7.3575,79
1,3675,8.762,7.2045,71
2,3675,8.762,7.4214,66
3,3675,8.762,7.2907,68
0,3676,8.762,7.4315,70
1,3676,8.762,7.3684,64
2,3676,8.762,7.2069,79
3,3676,8.762,7.2571,85
0,3677,8.762,7.2387,70
1,3677,8.762,7.359,70
2,3677,8.762,7.371,81
3,3677,8.762,7.2595,73
0,3678,8.762,7.4056,76
1,3678,8.762,7.3452,76
2,3678,8.762,7.4904,77
3,3678,8.762,7.2396,77
0,3679,8.762,7.3818,69
1,3679,8.762,7.3113,85
2,3679,8.762,7.3347,78
3,3679,8.762,7.3731,75
0,3680,8.762,7.3279,72
1,3680,8.762,7.314,67
2,3680,8.762,7.3133,79
3,3680,8.762,7.4388,80
0,3681,8.762,7.2883,73
1,3681,8.762,7.3018,77
2,3681,8.762,7.3477,72
3,3681,8.762,7.4162,70
0,3682,8.762,7.2291,81
1,3682,8.762,7.1517,82
2,3682,8.762,7.3176,73
3,3682,8.762,7.2182,75
0,3683,8.762,7.0992,89
1,3683,8.762,7.2692,71
2,3683,8.762,7.1604,80
3,3683,8.762,7.2302,80
0,3684,8.762,7.3072,77
1,3684,8.762,7.2331,75
2,3684,8.762,7.3014,75
3,3684,8.762,7.2772,81
0,3685,8.762,7.1736,80
1,3685,8.762,7.2363,89
2,3685,8.762,7.3602,81
3,3685,8.762,7.2294,80
0,3686,8.762,7.3411,65
1,3686,8.762,7.3642,73
2,3686,8.762,7.3797,77
3,3686,8.762,7.2838,69
0,3687,8.762,7.385,77
1,3687,8.762,7.3801,77
2,3687,8.762,7.28,72
3,3687,8.762,7.297,76
0,3688,8.762,7.3693,77
1,3688,8.762,7.1643,81
2,3688,8.762,7.3327,82
3,3688,8.762,7.4015,78
0,3689,8.762,7.2151,86
1,3689,8.762,7.2228,74
2,3689,8.762,7.1791,83
3,3689,8.762,7.2502,81
0,3690,8.762,7.1156,78
1,3690,8.762,7.2325,72
2,3690,8.762,7.3877,76
3,3690,8.762,7.3086,83
0,3691,8.762,7.3109,64
1,3691,8.762,7.3289,82
2,3691,8.762,7.3358,77
3,3691,8.762,7.203,75
0,3692,8.762,7.1922,77
1,3692,8.762,7.2983,79
2,3692,8.762,7.2755,81
3,3692,8.762,7.2924,73
0,3693,8.762,7.2229,76
1,3693,8.762,7.4074,81
2,3693,8.762,7.2902,73
3,3693,8.762,7.2005,81
0,3694,8.762,7.3313,70
1,3694,8.762,7.3242,74
2,3694,8.762,7.3296,81
3,3694,8.762,7.2664,78
0,3695,8.762,7.4033,65
1,3695,8.762,7.2658,78
2,3695,8.762,7.2916,83
3,3695,8.762,7.1878,79
0,3696,8.762,7.0431,80
1,3696,8.762,7.1167,71
2,3696,8.762,7.3389,76
3,3696,8.762,7.3251,80
0,3697,8.762,7.2936,78
1,3697,8.762,7.4513,69
2,3697,8.762,7.3399,64
3,3697,8.762,7.1489,84
0,3698,8.762,7.191,75
1,3698,8.762,7.2271,77
2,3698,8.762,7.2405,75
3,3698,8.762,7.3879,73
0,3699,8.762,7.2472,80
1,3699,8.762,7.2304,78
2,3699,8.762,7.3428,72
3,3699,8.762,7.406,74
0,3700,8.762,7.1637,80
1,3700,8.762,7.1968,74
2,3700,8.762,7.2729,77
3,3700,8.762,7.2447,81
0,3701,8.762,7.2491,75
1,3701,8.762,7.3842,69
2,3701,8.762,7.3488,80
3,3701,8.762,7.0572,80
0,3702,8.762,7.4789,71
1,3702,8.762,7.4628,73
2,3702,8.762,7.2029,80
3,3702,8.762,7.3785,72
0,3703,8.762,7.4086,72
1,3703,8.762,7.3719,77
2,3703,8.762,7.3514,82
3,3703,8.762,7.2607,73
0,3704,8.762,7.384,79
1,3704,8.762,7.244,84
2,3704,8.762,7.327,84
3,3704,8.762,7.3104,72
0,3705,8.762,7.3089,75
1,3705,8.762,7.2334,81
2,3705,8.762,7.3507,76
3,3705,8.762,7.3473,78
0,3706,8.762,7.3763,74
1,3706,8.762,7.2862,73
2,3706,8.762,7.3643,83
3,3706,8.762,7.1895,77
0,3707,8.762,7.3078,79
1,3707,8.762,7.2428,85
2,3707,8.762,7.2093,78
3,3707,8.762,7.2669,73
0,3708,8.762,7.3975,82
1,3708,8.762,7.3095,71
2,3708,8.762,7.2813,80
3,3708,8.762,7.2744,83
0,3709,8.762,7.3185,78
1,3709,8.762,7.1974,87
2,3709,8.762,7.2365,72
3,3709,8.762,7.2249,84
0,3710,8.762,7.2444,80
1,3710,8.762,7.3874,75
2,3710,8.762,7.2646,70
3,3710,8.762,7.2038,80
0,3711,8.762,7.1672,76
1,3711,8.762,7.2814,78
2,3711,8.762,7.1688,75
3,3711,8.762,7.0421,79
0,3712,8.762,7.2137,76
1,3712,8.762,7.3574,69
2,3712,8.762,7.1697,76
3,3712,8.762,7.2678,81
0,3713,8.762,7.4503,82
1,3713,8.762,7.4236,75
2,3713,8.762,7.4754,67
3,3713,8.762,7.2381,75
0,3714,8.762,7.1984,74
1,3714,8.762,7.3669,73
2,3714,8.762,7.3318,71
3,3714,8.762,7.2248,79
0,3715,8.762,7.4018,68
1,3715,8.762,7.3685,76
2,3715,8.762,7.3014,79
3,3715,8.762,7.2891,80
0,3716,8.762,7.2391,71
1,3716,8.762,7.2345,75
2,3716,8.762,7.1749,77
3,3716,8.762,7.3866,68
0,3717,8.762,7.3897,80
1,3717,8.762,7.0969,81
2,3717,8.762,7.3285,79
3,3717,8.762,7.337,73
0,3718,8.762,7.1614,84
1,3718,8.762,7.5104,72
2,3718,8.762,7.189,75
3,3718,8.762,7.2842,83
0,3719,8.762,7.1811,80
1,3719,8.762,7.3838,71
2,3719,8.762,7.2084,71
3,3719,8.762,7.3658,71
0,3720,8.762,7.2161,73
1,3720,8.762,7.2837,71
2,3720,8.762,7.0423,95
3,3720,8.762,7.2749,82
0,3721,8.762,7.1781,72
1,3721,8.762,7.2514,80
2,3721,8.762,7.2732,79
3,3721,8.762,7.298,79
0,3722,8.762,7.3984,74
1,3722,8.762,7.3157,82
2,3722,8.762,7.2246,75
3,3722,8.762,7.3305,80
0,3723,8.762,7.1202,77
1,3723,8.762,7.2807,79
2,3723,8.762,7.3242,80
3,3723,8.762,7.2594,77
0,3724,8.762,7.2094,87
1,3724,8.762,7.1128,73
2,3724,8.762,7.2403,84
3,3724,8.762,7.2626,78
0,3725,8.762,7.3076,72
1,3725,8.762,7.0936,91
2,3725,8.762,7.2477,84
3,3725,8.762,7.2216,72
0,3726,8.762,7.3446,77
1,3726,8.762,7.1359,77
2,3726,8.762,7.3341,74
3,3726,8.762,7.3356,69
0,3727,8.762,7.2463,78
1,3727,8.762,7.3083,76
2,3727,8.762,7.332,77
3,3727,8.762,7.1992,79
0,3728,8.762,7.3061,75
1,3728,8.762,7.3932,72
2,3728,8.762,7.3907,75
3,3728,8.762,7.1292,88
0,3729,8.762,7.3794,74
1,3729,8.762,7.2448,81
2,3729,8.762,7.2622,79
3,3729,8.762,7.1523,82
0,3730,8.762,7.2874,73
1,3730,8.762,7.388,69
2,3730,8.762,7.2412,81
3,3730,8.762,7.1843,80
0,3731,8.762,7.3686,78
1,3731,8.762,7.3631,75
2,3731,8.762,7.3027,84
3,3731,8.762,7.2144,80
0,3732,8.762,7.3565,77
1,3732,8.762,7.0969,87
2,3732,8.762,7.4034,74
3,3732,8.762,7.3964,72
0,3733,8.762,7.3477,80
1,3733,8.762,7.2205,83
2,3733,8.762,7.4198,77
3,3733,8.762,7.1929,78
0,3734,8.762,7.3183,78
1,3734,8.762,7.4194,71
2,3734,8.762,7.3441,78
3,3734,8.762,7.216,79
0,3735,8.762,7.1687,77
1,3735,8.762,7.2793,73
2,3735,8.762,7.2725,76
3,3735,8.762,7.2036,75
0,3736,8.762,7.3009,78
1,3736,8.762,7.3102,73
2,3736,8.762,7.2047,86
3,3736,8.762,7.4673,78
0,3737,8.762,7.315,81
1,3737,8.762,7.3178,66
2,3737,8.762,7.3964,76
3,3737,8.762,7.3863,76
0,3738,8.762,7.4256,75
1,3738,8.762,7.4453,75
2,3738,8.762,7.3263,75
3,3738,8.762,7.4644,77
0,3739,8.762,7.2341,84
1,3739,8.762,7.3002,77
2,3739,8.762,7.2557,83
3,3739,8.762,7.235,65
0,3740,8.762,7.3569,75
1,3740,8.762,7.3863,76
2,3740,8.762,7.2679,79
3,3740,8.762,7.3151,67
0,3741,8.762,7.2622,83
1,3741,8.762,7.33,70
2,3741,8.762,7.1816,87
3,3741,8.762,7.1939,75
0,3742,8.762,7.2559,76
1,3742,8.762,7.2807,69
2,3742,8.762,7.4651,69
3,3742,8.762,7.4168,77
0,3743,8.762,7.3139,71
1,3743,8.762,7.462,63
2,3743,8.762,7.2215,69
3,3743,8.762,7.3112,81
0,3744,8.762,7.3588,76
1,3744,8.762,7.2301,67
2,3744,8.762,7.2562,80
3,3744,8.762,7.2622,83
0,3745,8.762,7.3507,81
1,3745,8.762,7.4285,69
2,3745,8.762,7.276,76
3,3745,8.762,7.2746,75
0,3746,8.762,7.2735,84
1,3746,8.762,7.3273,70
2,3746,8.762,7.2493,76
3,3746,8.762,7.4184,78
0,3747,8.762,7.3701,81
1,3747,8.762,7.4001,83
2,3747,8.762,7.2296,71
3,3747,8.762,7.2996,74
0,3748,8.762,7.1143,79
1,3748,8.762,7.1528,76
2,3748,8.762,7.2161,75
3,3748,8.762,7.1845,77
0,3749,8.762,7.3167,73
1,3749,8.762,7.3323,79
2,3749,8.762,7.3345,81
3,3749,8.762,7.3272,79
0,3750,8.762,7.2336,84
1,3750,8.762,7.0935,81
2,3750,8.762,7.202,74
3,3750,8.762,7.4288,71
0,3751,8.762,7.2303,83
1,3751,8.762,7.2994,73
2,3751,8.762,7.2259,88
3,3751,8.762,7.1171,72
0,3752,8.762,7.4103,68
1,3752,8.762,7.2452,77
2,3752,8.762,7.28,77
3,3752,8.762,7.3689,74
0,3753,8.762,7.2321,79
1,3753,8.762,7.4162,75
2,3753,8.762,7.347,79
3,3753,8.762,7.2261,84
0,3754,8.762,7.2178,83
1,3754,8.762,7.3455,65
2,3754,8.762,7.3933,74
3,3754,8.762,7.3045,69
0,3755,8.762,7.1989,81
1,3755,8.762,7.3871,65
2,3755,8.762,7.3246,75
3,3755,8.762,7.3657,79
0,3756,8.762,7.255,82
1,3756,8.762,7.2117,81
2,3756,8.762,7.4196,80
3,3756,8.762,7.3808,69
0,3757,8.762,7.3831,77
1,3757,8.762,7.2537,75
2,3757,8.762,7.0858,94
3,3757,8.762,7.3041,80
0,3758,8.762,7.1365,80
1,3758,8.762,7.2794,79
2,3758,8.762,7.323,78
3,3758,8.762,7.2454,80
0,3759,8.762,7.3247,82
1,3759,8.762,7.4264,71
2,3759,8.762,7.2421,78
3,3759,8.762,7.3434,78
0,3760,8.762,7.3826,68
1,3760,8.762,7.2165,77
2,3760,8.762,7.1904,87
3,3760,8.762,7.3137,78
0,3761,8.762,7.2577,75
1,3761,8.762,7.3219,69
2,3761,8.762,7.3566,87
3,3761,8.762,7.29,74
0,3762,8.762,7.3317,74
1,3762,8.762,7.2657,71
2,3762,8.762,7.391,76
3,3762,8.762,7.2909,74
0,3763,8.762,7.2986,76
1,3763,8.762,7.1017,93
2,3763,8.762,7.0949,84
3,3763,8.762,7.4001,76
0,3764,8.762,7.1699,93
1,3764,8.762,7.2022,75
2,3764,8.762,7.3168,78
3,3764,8.762,7.3543,74
0,3765,8.762,7.42,78
1,3765,8.762,7.1413,77
2,3765,8.762,7.2144,78
3,3765,8.762,7.3166,67
0,3766,8.762,7.4041,65
1,3766,8.762,7.2803,75
2,3766,8.762,7.3174,76
3,3766,8.762,7.3191,81
0,3767,8.762,7.3726,74
1,3767,8.762,7.2769,71
2,3767,8.762,7.2039,82
3,3767,8.762,7.3316,83
0,3768,8.762,7.2028,82
1,3768,8.762,7.1957,87
2,3768,8.762,7.2173,75
3,3768,8.762,7.3123,79
0,3769,8.762,7.2365,80
1,3769,8.762,7.3307,72
2,3769,8.762,7.3446,76
3,3769,8.762,7.1062,78
0,3770,8.762,7.3191,77
1,3770,8.762,7.2501,83
2,3770,8.762,7.3688,73
3,3770,8.762,7.3314,76
0,3771,8.762,7.3049,85
1,3771,8.762,7.2982,84
2,3771,8.762,7.2449,85
3,3771,8.762,7.3108,74
0,3772,8.762,7.3482,74
1,3772,8.762,7.427,68
2,3772,8.762,7.2839,77
3,3772,8.762,7.3468,80
0,3773,8.762,7.3645,59
1,3773,8.762,7.3126,68
2,3773,8.762,7.3698,79
3,3773,8.762,7.2277,80
0,3774,8.762,7.2886,78
1,3774,8.762,7.3942,74
2,3774,8.762,7.3313,76
3,3774,8.762,7.0723,85
0,3775,8.762,7.2724,68
1,3775,8.762,7.3857,62
2,3775,8.762,7.3713,73
3,3775,8.762,7.2178,79
0,3776,8.762,7.429,70
1,3776,8.762,7.2827,79
2,3776,8.762,7.2522,72
3,3776,8.762,7.2643,78
0,3777,8.762,7.2606,86
1,3777,8.762,7.2572,77
2,3777,8.762,7.3368,78
3,3777,8.762,7.1661,86
0,3778,8.762,7.5367,69
1,3778,8.762,7.3153,68
2,3778,8.762,7.2747,85
3,3778,8.762,7.3217,78
0,3779,8.762,7.195,82
1,3779,8.762,7.2758,76
2,3779,8.762,7.2296,79
3,3779,8.762,7.3655,71
0,3780,8.762,7.3176,74
1,3780,8.762,7.2224,80
2,3780,8.762,7.2829,84
3,3780,8.762,7.3976,75
0,3781,8.762,7.1996,74
1,3781,8.762,7.2578,78
2,3781,8.762,7.2042,76
3,3781,8.762,7.1753,81
0,3782,8.762,7.2621,68
1,3782,8.762,7.3019,65
2,3782,8.762,7.2044,74
3,3782,8.762,7.3902,75
0,3783,8.762,7.3591,82
1,3783,8.762,7.2917,80
2,3783,8.762,7.2731,72
3,3783,8.762,7.2394,85
0,3784,8.762,7.1919,78
1,3784,8.762,7.2022,78
2,3784,8.762,7.2036,82
3,3784,8.762,7.197,80
0,3785,8.762,7.2283,81
1,3785,8.762,7.3957,70
2,3785,8.762,7.2646,79
3,3785,8.762,7.1114,85
0,3786,8.762,7.1923,82
1,3786,8.762,7.1719,78
2,3786,8.762,7.5024,72
3,3786,8.762,7.236,78
0,3787,8.762,7.2667,83
1,3787,8.762,7.1373,81
2,3787,8.762,7.2113,77
3,3787,8.762,7.2496,77
0,3788,8.762,7.2804,78
1,3788,8.762,7.3169,75
2,3788,8.762,7.1592,79
3,3788,8.762,7.3664,70
0,3789,8.762,7.336,71
1,3789,8.762,7.2676,69
2,3789,8.762,7.1834,69
3,3789,8.762,7.2494,71
0,3790,8.762,7.3829,84
1,3790,8.762,7.2772,73
2,3790,8.762,7.3605,67
3,3790,8.762,7.318,77
0,3791,8.762,7.3895,82
1,3791,8.762,7.4059,76
2,3791,8.762,7.2121,85
3,3791,8.762,7.3879,70
0,3792,8.762,7.4457,73
1,3792,8.762,7.4206,71
2,3792,8.762,7.3526,68
3,3792,8.762,7.3115,72
0,3793,8.762,7.3488,71
1,3793,8.762,7.2054,80
2,3793,8.762,7.4785,71
3,3793,8.762,7.391,73
0,3794,8.762,7.424,72
1,3794,8.762,7.3142,81
2,3794,8.762,7.3144,80
3,3794,8.762,7.1653,73
0,3795,8.762,7.2212,74
1,3795,8.762,7.2453,84
2,3795,8.762,7.3166,66
3,3795,8.762,7.2846,84
0,3796,8.762,7.3265,73
1,3796,8.762,7.2138,79
2,3796,8.762,7.174,77
3,3796,8.762,7.3375,78
0,3797,8.762,7.4083,75
1,3797,8.762,7.23,77
2,3797,8.762,7.2457,82
3,3797,8.762,7.4348,75
0,3798,8.762,7.3304,67
1,3798,8.762,7.3837,81
2,3798,8.762,7.2834,75
3,3798,8.762,7.2728,81
0,3799,8.762,7.5247,71
1,3799,8.762,7.2931,75
2,3799,8.762,7.1957,81
3,3799,8.762,7.2799,74
0,3800,8.762,7.284,77
1,3800,8.762,7.2851,79
2,3800,8.762,7.2487,78
3,3800,8.762,7.2119,81
0,3801,8.762,7.3489,73
1,3801,8.762,7.285,72
2,3801,8.762,7.2534,71
3,3801,8.762,7.1377,85
0,3802,8.762,7.2819,78
1,3802,8.762,7.3149,75
2,3802,8.762,7.2275,90
3,3802,8.762,7.3676,70
0,3803,8.762,7.3147,78
1,3803,8.762,7.1019,71
2,3803,8.762,7.2241,79
3,3803,8.762,7.1503,69
0,3804,8.762,7.277,79
1,3804,8.762,7.5083,69
2,3804,8.762,7.1973,74
3,3804,8.762,7.4103,67
0,3805,8.762,7.4943,73
1,3805,8.762,7.242,78
2,3805,8.762,7.3095,70
3,3805,8.762,7.3936,73
0,3806,8.762,7.26,75
1,3806,8.762,7.2873,72
2,3806,8.762,7.1996,83
3,3806,8.762,7.2903,63
0,3807,8.762,7.3634,77
1,3807,8.762,7.1892,86
2,3807,8.762,7.227,79
3,3807,8.762,7.2707,79
0,3808,8.762,7.2492,75
1,3808,8.762,7.363,78
2,3808,8.762,7.4005,70
3,3808,8.762,7.027,84
0,3809,8.762,7.3095,83
1,3809,8.762,7.1161,89
2,3809,8.762,7.2736,81
3,3809,8.762,7.1656,80
0,3810,8.762,7.2761,80
1,3810,8.762,7.1309,85
2,3810,8.762,7.1939,73
3,3810,8.762,7.3381,70
0,3811,8.762,7.2463,78
1,3811,8.762,7.3588,74
2,3811,8.762,7.2891,74
3,3811,8.762,7.2896,86
0,3812,8.762,7.348,80
1,3812,8.762,7.3733,73
2,3812,8.762,7.2704,77
3,3812,8.762,7.3754,68
0,3813,8.762,7.2168,85
1,3813,8.762,7.0942,78
2,3813,8.762,7.3584,77
3,3813,8.762,7.3044,76
0,3814,8.762,7.1968,82
1,3814,8.762,7.2515,81
2,3814,8.762,7.1395,82
3,3814,8.762,7.3777,79
0,3815,8.762,7.4488,64
1,3815,8.762,7.3374,81
2,3815,8.762,7.3373,75
3,3815,8.762,7.1426,76
0,3816,8.762,7.1928,73
1,3816,8.762,7.4087,67
2,3816,8.762,7.2927,78
3,3816,8.762,7.3717,74
0,3817,8.762,7.3939,64
1,3817,8.762,7.3434,73
2,3817,8.762,7.4835,64
3,3817,8.762,7.2529,83
0,3818,8.762,7.0334,89
1,3818,8.762,7.2092,74
2,3818,8.762,7.204,81
3,3818,8.762,7.246,76
0,3819,8.762,7.1894,81
1,3819,8.762,7.2146,72
2,3819,8.762,7.2294,78
3,3819,8.762,7.2875,81
0,3820,8.762,7.3079,78
1,3820,8.762,7.3862,76
2,3820,8.762,7.1941,71
3,3820,8.762,7.3709,79
0,3821,8.762,7.2463,76
1,3821,8.762,7.2083,78
2,3821,8.762,7.405,71
3,3821,8.762,7.2457,72
0,3822,8.762,7.2122,72
1,3822,8.762,7.09,79
2,3822,8.762,7.2879,76
3,3822,8.762,7.3702,74
0,3823,8.762,7.185,80
1,3823,8.762,7.4071,77
2,3823,8.762,7.3353,83
3,3823,8.762,7.4468,68
0,3824,8.762,7.2601,76
1,3824,8.762,7.2838,88
2,3824,8.762,7.0791,81
3,3824,8.762,7.3113,71
0,3825,8.762,7.2732,75
1,3825,8.762,7.3486,79
2,3825,8.762,7.1117,84
3,3825,8.762,7.3672,73
0,3826,8.762,7.2288,72
1,3826,8.762,7.4098,77
2,3826,8.762,7.4122,73
3,3826,8.762,7.2358,81
0,3827,8.762,7.3394,76
1,3827,8.762,7.1092,83
2,3827,8.762,7.3472,70
3,3827,8.762,7.2589,80
0,3828,8.762,7.2514,89
1,3828,8.762,7.3131,80
2,3828,8.762,7.065,81
3,3828,8.762,7.3156,67
0,3829,8.762,7.2344,76
1,3829,8.762,7.418,72
2,3829,8.762,7.2271,79
3,3829,8.762,7.3318,74
0,3830,8.762,7.1949,85
1,3830,8.762,7.3793,80
2,3830,8.762,7.0583,77
3,3830,8.762,7.2086,80
0,3831,8.762,7.2992,73
1,3831,8.762,7.2407,69
2,3831,8.762,7.2893,68
3,3831,8.762,7.2623,74
0,3832,8.762,7.299,87
1,3832,8.762,7.3941,68
2,3832,8.762,7.2001,70
3,3832,8.762,7.1713,70
0,3833,8.762,7.4396,70
1,3833,8.762,7.3071,85
2,3833,8.762,7.3256,81
3,3833,8.762,7.3817,74
0,3834,8.762,7.2644,69
1,3834,8.762,7.3249,79
2,3834,8.762,7.1914,78
3,3834,8.762,7.3472,71
0,3835,8.762,7.1757,87
1,3835,8.762,7.3173,76
2,3835,8.762,7.257,78
3,3835,8.762,7.3453,88
0,3836,8.762,7.2547,82
1,3836,8.762,7.2559,71
2,3836,8.762,7.2096,75
3,3836,8.762,7.4283,66
0,3837,8.762,7.3303,76
1,3837,8.762,7.2843,80
2,3837,8.762,7.2959,84
3,3837,8.762,7.269,82
0,3838,8.762,7.379,83
1,3838,8.762,7.2055,85
2,3838,8.762,7.4187,67
3,3838,8.762,7.3435,67
0,3839,8.762,7.3575,65
1,3839,8.762,7.4653,78
2,3839,8.762,7.1757,70
3,3839,8.762,7.1792,78
0,3840,8.762,7.1648,75
1,3840,8.762,7.1764,83
2,3840,8.762,7.2166,75
3,3840,8.762,7.1588,78
0,3841,8.762,7.4181,76
1,3841,8.762,7.1497,86
2,3841,8.762,7.4354,71
3,3841,8.762,7.2537,72
0,3842,8.762,7.2516,76
1,3842,8.762,7.3545,72
2,3842,8.762,7.1784,76
3,3842,8.762,7.3175,80
0,3843,8.762,7.2148,81
1,3843,8.762,7.2337,79
2,3843,8.762,7.264,74
3,3843,8.762,7.2487,73
0,3844,8.762,7.3323,81
1,3844,8.762,7.4388,66
2,3844,8.762,7.3109,72
3,3844,8.762,7.2927,79
0,3845,8.762,7.3618,72
1,3845,8.762,7.3081,69
2,3845,8.762,7.3651,69
3,3845,8.762,7.4348,78
0,3846,8.762,7.275,76
1,3846,8.762,7.3139,70
2,3846,8.762,7.3957,76
3,3846,8.762,7.2659,79
0,3847,8.762,7.3772,63
1,3847,8.762,7.3749,70
2,3847,8.762,7.3576,79
3,3847,8.762,7.0969,78
0,3848,8.762,7.1975,83
1,3848,8.762,7.4251,74
2,3848,8.762,7.2771,82
3,3848,8.762,7.2117,85
0,3849,8.762,7.2482,70
1,3849,8.762,7.1209,82
2,3849,8.762,7.4091,66
3,3849,8.762,7.3382,72
0,3850,8.762,7.3237,63
1,3850,8.762,7.3795,68
2,3850,8.762,7.3437,74
3,3850,8.762,7.278,84
0,3851,8.762,7.3715,76
1,3851,8.762,7.2637,88
2,3851,8.762,7.2538,81
3,3851,8.762,7.2644,74
0,3852,8.762,7.2267,76
1,3852,8.762,7.214,65
2,3852,8.762,7.2746,74
3,3852,8.762,7.2679,80
0,3853,8.762,7.2093,83
1,3853,8.762,7.2288,83
2,3853,8.762,7.0592,88
3,3853,8.762,7.438,73
0,3854,8.762,7.2371,77
1,3854,8.762,7.2058,90
2,3854,8.762,7.4113,76
3,3854,8.762,7.4669,77
0,3855,8.762,7.231,79
1,3855,8.762,7.3327,77
2,3855,8.762,7.3196,84
3,3855,8.762,7.4116,74
0,3856,8.762,7.1964,78
1,3856,8.762,7.271,75
2,3856,8.762,7.2118,77
3,3856,8.762,7.2535,80
0,3857,8.762,7.3169,79
1,3857,8.762,7.3694,80
2,3857,8.762,7.3144,70
3,3857,8.762,7.0417,76
0,3858,8.762,7.1918,77
1,3858,8.762,7.3559,65
2,3858,8.762,7.2764,82
3,3858,8.762,7.2909,65
0,3859,8.762,7.0791,88
1,3859,8.762,7.2669,83
2,3859,8.762,6.9954,75
3,3859,8.762,7.2197,81
0,3860,8.762,7.2557,84
1,3860,8.762,7.2739,87
2,3860,8.762,7.3299,70
3,3860,8.762,7.2177,89
0,3861,8.762,7.3798,75
1,3861,8.762,7.2402,76
2,3861,8.762,7.3797,78
3,3861,8.762,7.1808,80
0,3862,8.762,7.2772,73
1,3862,8.762,7.1512,76
2,3862,8.762,7.2369,71
3,3862,8.762,7.4169,65
0,3863,8.762,7.2724,80
1,3863,8.762,7.3297,66
2,3863,8.762,7.2907,77
3,3863,8.762,7.2203,74
0,3864,8.762,7.2085,78
1,3864,8.762,7.3632,72
2,3864,8.762,7.3373,75
3,3864,8.762,7.2289,72
0,3865,8.762,7.4169,71
1,3865,8.762,7.3153,78
2,3865,8.762,7.4338,79
3,3865,8.762,7.1381,77
0,3866,8.762,7.3122,75
1,3866,8.762,7.4717,78
2,3866,8.762,7.3915,71
3,3866,8.762,7.2428,86
0,3867,8.762,7.2224,84
1,3867,8.762,7.3601,83
2,3867,8.762,7.3636,73
3,3867,8.762,7.4333,66
0,3868,8.762,7.2622,75
1,3868,8.762,7.3668,77
2,3868,8.762,7.3559,70
3,3868,8.762,7.2667,73
0,3869,8.762,7.183,93
1,3869,8.762,7.2461,77
2,3869,8.762,7.4929,77
3,3869,8.762,7.3851,77
0,3870,8.762,7.321,79
1,3870,8.762,7.1399,89
2,3870,8.762,7.3187,72
3,3870,8.762,7.1832,76
0,3871,8.762,7.1214,84
1,3871,8.762,7.2551,77
2,3871,8.762,7.2771,82
3,3871,8.762,7.3023,71
0,3872,8.762,7.1867,78
1,3872,8.762,7.3284,72
2,3872,8.762,7.293,79
3,3872,8.762,7.2855,78
0,3873,8.762,7.3051,79
1,3873,8.762,7.2109,81
2,3873,8.762,7.2086,76
3,3873,8.762,7.279,87
0,3874,8.762,7.2773,73
1,3874,8.762,7.3824,71
2,3874,8.762,7.1964,70
3,3874,8.762,7.2139,90
0,3875,8.762,7.3078,76
1,3875,8.762,7.3467,73
2,3875,8.762,7.3196,83
3,3875,8.762,7.3189,72
0,3876,8.762,7.3776,76
1,3876,8.762,7.4028,80
2,3876,8.762,7.1696,77
3,3876,8.762,7.223,75
0,3877,8.762,7.4483,71
1,3877,8.762,7.3351,70
2,3877,8.762,7.3648,74
3,3877,8.762,7.2094,78
0,3878,8.762,7.2851,80
1,3878,8.762,7.2048,76
2,3878,8.762,7.2927,73
3,3878,8.762,7.3579,66
0,3879,8.762,7.2991,78
1,3879,8.762,7.2803,72
2,3879,8.762,7.3477,74
3,3879,8.762,7.2681,84
0,3880,8.762,7.2712,85
1,3880,8.762,7.175,73
2,3880,8.762,7.4283,70
3,3880,8.762,7.28,81
0,3881,8.762,7.1343,81
1,3881,8.762,7.2535,80
2,3881,8.762,7.2256,87
3,3881,8.762,7.3215,86
0,3882,8.762,7.3996,71
1,3882,8.762,7.1657,89
2,3882,8.762,7.3538,76
3,3882,8.762,7.3232,79
0,3883,8.762,7.401,71
1,3883,8.762,7.3004,68
2,3883,8.762,7.4216,72
3,3883,8.762,7.2286,78
0,3884,8.762,7.3425,80
1,3884,8.762,7.3952,76
2,3884,8.762,7.3327,75
3,3884,8.762,7.2272,79
0,3885,8.762,7.307,84
1,3885,8.762,7.3306,86
2,3885,8.762,7.2269,82
3,3885,8.762,7.3658,77
0,3886,8.762,7.4385,76
1,3886,8.762,7.4431,68
2,3886,8.762,7.3308,86
3,3886,8.762,7.3894,76
0,3887,8.762,7.2982,71
1,3887,8.762,7.2866,75
2,3887,8.762,7.3822,80
3,3887,8.762,7.3355,74
0,3888,8.762,7.3949,79
1,3888,8.762,7.1564,80
2,3888,8.762,7.2491,80
3,3888,8.762,7.2781,79
0,3889,8.762,7.3727,83
1,3889,8.762,7.3599,73
2,3889,8.762,7.3823,75
3,3889,8.762,7.2065,88
0,3890,8.762,7.1994,75
1,3890,8.762,7.3866,80
2,3890,8.762,7.3333,74
3,3890,8.762,7.3284,81
0,3891,8.762,7.29,84
1,3891,8.762,7.2388,75
2,3891,8.762,7.0983,72
3,3891,8.762,7.4974,74
0,3892,8.762,7.1744,79
1,3892,8.762,7.1691,82
2,3892,8.762,7.3135,76
3,3892,8.762,7.1177,87
0,3893,8.762,7.2709,76
1,3893,8.762,7.2481,76
2,3893,8.762,7.3206,67
3,3893,8.762,7.2802,68
0,3894,8.762,7.2669,71
1,3894,8.762,7.3358,82
2,3894,8.762,7.5684,67
3,3894,8.762,7.3006,79
0,3895,8.762,7.1428,86
1,3895,8.762,7.355,77
2,3895,8.762,7.278,71
3,3895,8.762,7.1695,80
0,3896,8.762,7.2986,82
1,3896,8.762,7.297,76
2,3896,8.762,7.1356,78
3,3896,8.762,7.1776,79
0,3897,8.762,7.4097,66
1,3897,8.762,7.2785,77
2,3897,8.762,7.2761,81
3,3897,8.762,7.4535,69
0,3898,8.762,7.2776,88
1,3898,8.762,7.3182,70
2,3898,8.762,7.3002,75
3,3898,8.762,7.5037,62
0,3899,8.762,7.3191,68
1,3899,8.762,7.1697,78
2,3899,8.762,7.3368,72
3,3899,8.762,7.2714,77
0,3900,8.762,7.1837,71
1,3900,8.762,7.2904,78
2,3900,8.762,7.1626,73
3,3900,8.762,7.3098,76
0,3901,8.762,7.492,76
1,3901,8.762,7.1572,78
2,3901,8.762,7.2716,86
3,3901,8.762,7.2537,72
0,3902,8.762,7.3263,80
1,3902,8.762,7.345,75
2,3902,8.762,7.3428,72
3,3902,8.762,7.3497,74
0,3903,8.762,7.4037,74
1,3903,8.762,7.2444,82
2,3903,8.762,7.2237,82
3,3903,8.762,7.2595,80
0,3904,8.762,7.2525,73
1,3904,8.762,7.3181,81
2,3904,8.762,7.2497,78
3,3904,8.762,7.2369,76
0,3905,8.762,7.2891,75
1,3905,8.762,7.2628,75
2,3905,8.762,7.3905,72
3,3905,8.762,7.3722,71
0,3906,8.762,7.4321,77
1,3906,8.762,7.2928,77
2,3906,8.762,7.1838,74
3,3906,8.762,7.4413,73
0,3907,8.762,7.0384,84
1,3907,8.762,7.2931,80
2,3907,8.762,7.1558,75
3,3907,8.762,7.2183,78
0,3908,8.762,7.15,80
1,3908,8.762,7.337,72
2,3908,8.762,7.3586,73
3,3908,8.762,7.4296,77
0,3909,8.762,7.5005,61
1,3909,8.762,7.2651,81
2,3909,8.762,7.2476,79
3,3909,8.762,7.3571,75
0,3910,8.762,7.3275,76
1,3910,8.762,7.2961,73
2,3910,8.762,7.2825,76
3,3910,8.762,7.233,83
0,3911,8.762,7.3663,71
1,3911,8.762,7.3234,73
2,3911,8.762,7.248,86
3,3911,8.762,7.3068,73
0,3912,8.762,7.3994,78
1,3912,8.762,7.3336,82
2,3912,8.762,7.4057,75
3,3912,8.762,7.3209,77
0,3913,8.762,7.341,72
1,3913,8.762,7.3796,65
2,3913,8.762,7.2741,76
3,3913,8.762,7.1255,80
0,3914,8.762,7.3384,66
1,3914,8.762,7.2728,79
2,3914,8.762,7.3978,78
3,3914,8.762,7.0856,84
0,3915,8.762,7.4064,67
1,3915,8.762,7.4611,67
2,3915,8.762,7.264,75
3,3915,8.762,7.295,82
0,3916,8.762,7.2526,74
1,3916,8.762,7.1949,73
2,3916,8.762,7.3058,85
3,3916,8.762,7.3909,70
0,3917,8.762,7.2816,77
1,3917,8.762,7.3541,72
2,3917,8.762,7.2419,71
3,3917,8.762,7.1709,84
0,3918,8.762,7.3121,78
1,3918,8.762,7.2045,74
2,3918,8.762,7.2447,77
3,3918,8.762,7.3461,73
0,3919,8.762,7.3425,81
1,3919,8.762,7.1518,80
2,3919,8.762,7.2005,77
3,3919,8.762,7.1641,88
0,3920,8.762,7.3499,76
1,3920,8.762,7.2959,82
2,3920,8.762,7.3379,84
3,3920,8.762,7.2972,71
0,3921,8.762,7.153,74
1,3921,8.762,7.3584,72
2,3921,8.762,7.3142,77
3,3921,8.762,7.2446,74
0,3922,8.762,7.2387,81
1,3922,8.762,7.2507,84
2,3922,8.762,7.3621,73
3,3922,8.762,7.2952,81
0,3923,8.762,7.2773,72
1,3923,8.762,7.3288,74
2,3923,8.762,7.2022,80
3,3923,8.762,7.3196,77
0,3924,8.762,7.0,84
1,3924,8.762,7.2952,85
2,3924,8.762,7.2467,78
3,3924,8.762,7.1918,79
0,3925,8.762,7.3404,66
1,3925,8.762,7.3628,68
2,3925,8.762,7.2862,86
3,3925,8.762,7.2762,74
0,3926,8.762,7.2811,81
1,3926,8.762,7.321,77
2,3926,8.762,7.3952,70
3,3926,8.762,7.3078,74
0,3927,8.762,7.2366,74
1,3927,8.762,7.2937,78
2,3927,8.762,7.2992,71
3,3927,8.762,7.4583,70
0,3928,8.762,7.3303,76
1,3928,8.762,7.3301,66
2,3928,8.762,7.4483,70
3,3928,8.762,7.3008,69
0,3929,8.762,7.2838,73
1,3929,8.762,7.414,72
2,3929,8.762,7.2454,80
3,3929,8.762,7.2431,85
0,3930,8.762,7.166,87
1,3930,8.762,7.1232,89
2,3930,8.762,7.1286,83
3,3930,8.762,7.4128,74
0,3931,8.762,7.3572,78
1,3931,8.762,7.0341,80
2,3931,8.762,7.1705,80
3,3931,8.762,7.2643,74
0,3932,8.762,7.2829,69
1,3932,8.762,7.3268,76
2,3932,8.762,7.3494,73
3,3932,8.762,7.2898,79
0,3933,8.762,7.3652,78
1,3933,8.762,7.2014,80
2,3933,8.762,7.4179,75
3,3933,8.762,7.3607,76
0,3934,8.762,7.2392,85
1,3934,8.762,7.1843,75
2,3934,8.762,7.2255,77
3,3934,8.762,7.0624,86
0,3935,8.762,7.299,73
1,3935,8.762,7.2551,80
2,3935,8.762,7.2662,79
3,3935,8.762,7.2242,72
0,3936,8.762,7.2849,82
1,3936,8.762,7.1913,73
2,3936,8.762,7.186,85
3,3936,8.762,7.4542,70
0,3937,8.762,7.1664,93
1,3937,8.762,7.1748,85
2,3937,8.762,7.2723,78
3,3937,8.762,7.2324,78
0,3938,8.762,7.4012,74
1,3938,8.762,7.334,67
2,3938,8.762,7.2612,79
3,3938,8.762,7.2778,85
0,3939,8.762,7.2389,84
1,3939,8.762,7.3131,75
2,3939,8.762,7.2405,80
3,3939,8.762,7.34,70
0,3940,8.762,7.1871,75
1,3940,8.762,7.3147,77
2,3940,8.762,7.2832,72
3,3940,8.762,7.2175,76
0,3941,8.762,7.292,84
1,3941,8.762,7.259,73
2,3941,8.762,7.2075,78
3,3941,8.762,7.1061,79
0,3942,8.762,7.353,76
1,3942,8.762,7.3536,88
2,3942,8.762,7.1632,77
3,3942,8.762,7.3711,77
0,3943,8.762,7.3459,62
1,3943,8.762,7.2906,68
2,3943,8.762,7.3866,64
3,3943,8.762,7.3164,76
0,3944,8.762,7.2283,82
1,3944,8.762,7.3777,71
2,3944,8.762,7.2471,76
3,3944,8.762,7.3765,72
0,3945,8.762,7.3824,76
1,3945,8.762,7.1917,79
2,3945,8.762,7.3059,76
3,3945,8.762,7.1875,70
0,3946,8.762,7.2607,82
1,3946,8.762,7.2229,78
2,3946,8.762,7.1732,78
3,3946,8.762,7.3766,75
0,3947,8.762,7.1126,81
1,3947,8.762,7.1664,82
2,3947,8.762,7.3355,69
3,3947,8.762,7.2369,79
0,3948,8.762,7.2385,78
1,3948,8.762,7.124,72
2,3948,8.762,7.3341,76
3,3948,8.762,7.2895,81
0,3949,8.762,7.325,74
1,3949,8.762,7.313,85
2,3949,8.762,7.2492,76
3,3949,8.762,7.348,80
0,3950,8.762,7.3098,72
1,3950,8.762,7.2391,74
2,3950,8.762,7.2625,76
3,3950,8.762,7.1737,76
0,3951,8.762,7.255,71
1,3951,8.762,7.2009,81
2,3951,8.762,7.3347,77
3,3951,8.762,7.3144,67
0,3952,8.762,7.1899,77
1,3952,8.762,7.4321,71
2,3952,8.762,7.1801,72
3,3952,8.762,6.9804,81
0,3953,8.762,7.4908,72
1,3953,8.762,7.2738,82
2,3953,8.762,7.333,77
3,3953,8.762,7.3053,71
0,3954,8.762,7.3424,69
1,3954,8.762,7.3205,77
2,3954,8.762,7.1714,86
3,3954,8.762,7.1546,87
0,3955,8.762,7.2169,85
1,3955,8.762,7.2783,76
2,3955,8.762,7.3564,75
3,3955,8.762,7.2398,74
0,3956,8.762,7.2961,75
1,3956,8.762,7.2331,78
2,3956,8.762,7.3659,77
3,3956,8.762,7.3246,72
0,3957,8.762,7.2812,78
1,3957,8.762,7.228,77
2,3957,8.762,7.3399,81
3,3957,8.762,7.3128,65
0,3958,8.762,7.2528,83
1,3958,8.762,7.354,75
2,3958,8.762,7.2883,72
3,3958,8.762,7.4197,68
0,3959,8.762,7.3486,78
1,3959,8.762,7.1843,79
2,3959,8.762,7.3292,67
3,3959,8.762,7.2701,75
0,3960,8.762,7.169,79
1,3960,8.762,7.2758,85
2,3960,8.762,7.3732,76
3,3960,8.762,7.3327,72
0,3961,8.762,7.3957,73
1,3961,8.762,7.1916,82
2,3961,8.762,7.4194,66
3,3961,8.762,7.3066,73
0,3962,8.762,7.3981,75
1,3962,8.762,7.3237,70
2,3962,8.762,7.3787,74
3,3962,8.762,7.3556,81
0,3963,8.762,7.2575,87
1,3963,8.762,7.3031,81
2,3963,8.762,7.2172,79
3,3963,8.762,7.2175,84
0,3964,8.762,7.4075,68
1,3964,8.762,7.1112,72
2,3964,8.762,7.2768,70
3,3964,8.762,7.4052,74
0,3965,8.762,7.3684,75
1,3965,8.762,7.3121,79
2,3965,8.762,7.4782,73
3,3965,8.762,7.3209,76
0,3966,8.762,7.2069,85
1,3966,8.762,7.3666,92
2,3966,8.762,7.1764,83
3,3966,8.762,7.3331,74
0,3967,8.762,7.2393,86
1,3967,8.762,7.1804,80
2,3967,8.762,7.3397,80
3,3967,8.762,7.2015,82
0,3968,8.762,7.2685,71
1,3968,8.762,7.3482,74
2,3968,8.762,7.3073,78
3,3968,8.762,7.1399,82
0,3969,8.762,7.2251,89
1,3969,8.762,7.4263,67
2,3969,8.762,7.1391,81
3,3969,8.762,7.2968,74
0,3970,8.762,7.2422,67
1,3970,8.762,7.4311,69
2,3970,8.762,7.1825,84
3,3970,8.762,7.3488,77
0,3971,8.762,7.3756,79
1,3971,8.762,7.2575,83
2,3971,8.762,7.25,70
3,3971,8.762,7.3786,72
0,3972,8.762,7.1812,88
1,3972,8.762,7.3781,73
2,3972,8.762,7.4683,69
3,3972,8.762,7.2895,79
0,3973,8.762,7.4339,78
1,3973,8.762,7.2067,79
2,3973,8.762,7.3487,73
3,3973,8.762,7.363,82
0,3974,8.762,7.444,68
1,3974,8.762,7.2722,78
2,3974,8.762,7.3503,79
3,3974,8.762,7.3174,79
0,3975,8.762,7.2738,85
1,3975,8.762,7.3054,74
2,3975,8.762,7.3867,73
3,3975,8.762,7.281,81
0,3976,8.762,7.2828,76
1,3976,8.762,7.2004,75
2,3976,8.762,7.286,77
3,3976,8.762,7.2509,80
0,3977,8.762,7.4303,70
1,3977,8.762,7.3991,79
2,3977,8.762,7.1995,82
3,3977,8.762,7.2726,79
0,3978,8.762,7.4214,75
1,3978,8.762,7.2512,82
2,3978,8.762,7.2623,70
3,3978,8.762,7.1726,80
0,3979,8.762,7.301,75
1,3979,8.762,7.4106,69
2,3979,8.762,7.319,83
3,3979,8.762,7.2036,77
0,3980,8.762,7.3431,77
1,3980,8.762,7.3446,68
2,3980,8.762,7.4488,80
3,3980,8.762,7.4215,69
0,3981,8.762,7.309,78
1,3981,8.762,7.3329,77
2,3981,8.762,7.2098,83
3,3981,8.762,7.3625,77
0,3982,8.762,7.175,83
1,3982,8.762,7.2119,74
2,3982,8.762,7.1939,75
3,3982,8.762,7.1951,78
0,3983,8.762,7.2391,71
1,3983,8.762,7.2782,75
2,3983,8.762,7.3339,75
3,3983,8.762,7.1852,75
0,3984,8.762,7.1648,78
1,3984,8.762,7.3907,72
2,3984,8.762,7.2604,79
3,3984,8.762,7.3756,73
0,3985,8.762,7.2379,80
1,3985,8.762,7.4117,84
2,3985,8.762,7.3515,72
3,3985,8.762,7.4443,68
0,3986,8.762,7.3176,75
1,3986,8.762,7.444,71
2,3986,8.762,7.2499,78
3,3986,8.762,7.3149,75
0,3987,8.762,7.2765,72
1,3987,8.762,7.3276,82
2,3987,8.762,7.2817,76
3,3987,8.762,7.3229,72
0,3988,8.762,7.3101,74
1,3988,8.762,7.1663,77
2,3988,8.762,7.1804,80
3,3988,8.762,7.3484,78
0,3989,8.762,7.2671,63
1,3989,8.762,7.2332,71
2,3989,8.762,7.4006,70
3,3989,8.762,7.2513,78
0,3990,8.762,7.2766,77
1,3990,8.762,7.3225,73
2,3990,8.762,7.3997,71
3,3990,8.762,7.3733,78
0,3991,8.762,7.2345,78
1,3991,8.762,7.209,78
2,3991,8.762,7.1906,74
3,3991,8.762,7.2241,74
0,3992,8.762,7.3836,72
1,3992,8.762,7.314,73
2,3992,8.762,7.3501,76
3,3992,8.762,7.1687,87
0,3993,8.762,7.2038,83
1,3993,8.762,7.278,73
2,3993,8.762,7.3348,75
3,3993,8.762,7.2751,76
0,3994,8.762,7.3245,81
1,3994,8.762,7.2673,75
2,3994,8.762,7.4065,69
3,3994,8.762,7.2614,74
0,3995,8.762,7.3783,76
1,3995,8.762,7.1309,73
2,3995,8.762,7.2695,83
3,3995,8.762,7.3006,77
0,3996,8.762,7.3591,71
1,3996,8.762,7.4593,71
2,3996,8.762,7.1787,78
3,3996,8.762,7.2836,65
0,3997,8.762,7.4762,70
1,3997,8.762,7.2812,81
2,3997,8.762,7.3127,76
3,3997,8.762,7.4018,67
0,3998,8.762,7.3724,82
1,3998,8.762,7.3438,80
2,3998,8.762,7.4175,75
3,3998,8.762,7.112,86
0,3999,8.762,7.2165,84
1,3999,8.762,7.1572,74
2,3999,8.762,7.4044,71
3,3999,8.762,7.3115,86
0,4000,8.762,7.3047,83
1,4000,8.762,7.2991,85
2,4000,8.762,7.2544,77
3,4000,8.762,7.3551,74
0,4001,8.762,7.332,79
1,4001,8.762,7.2573,75
2,4001,8.762,7.1746,79
3,4001,8.762,7.2367,81
0,4002,8.762,7.1613,80
1,4002,8.762,7.2347,96
2,4002,8.762,7.2507,75
3,4002,8.762,7.1983,80
0,4003,8.762,7.1476,83
1,4003,8.762,7.3424,73
2,4003,8.762,7.0587,74
3,4003,8.762,7.3521,64
0,4004,8.762,7.1505,91
1,4004,8.762,7.2678,75
2,4004,8.762,7.4305,78
3,4004,8.762,7.3041,88
0,4005,8.762,7.0883,85
1,4005,8.762,7.2328,81
2,4005,8.762,7.281,87
3,4005,8.762,7.4019,64
0,4006,8.762,7.268,77
1,4006,8.762,7.3802,70
2,4006,8.762,7.2437,71
3,4006,8.762,7.2704,87
0,4007,8.762,7.3183,80
1,4007,8.762,7.3081,76
2,4007,8.762,7.2645,75
3,4007,8.762,7.2505,83
0,4008,8.762,7.3141,80
1,4008,8.762,7.3143,75
2,4008,8.762,7.5258,67
3,4008,8.762,7.405,73
0,4009,8.762,7.2782,81
1,4009,8.762,7.2273,71
2,4009,8.762,7.2985,73
3,4009,8.762,7.4653,72
0,4010,8.762,7.4295,73
1,4010,8.762,7.2597,75
2,4010,8.762,7.2615,71
3,4010,8.762,7.2053,85
0,4011,8.762,7.259,68
1,4011,8.762,7.1921,77
2,4011,8.762,7.0407,88
3,4011,8.762,7.1127,79
0,4012,8.762,7.2122,81
1,4012,8.762,7.2628,81
2,4012,8.762,7.4051,76
3,4012,8.762,7.2846,73
0,4013,8.762,7.2805,80
1,4013,8.762,7.3599,75
2,4013,8.762,7.4043,76
3,4013,8.762,7.4117,73
0,4014,8.762,7.3068,72
1,4014,8.762,7.3709,67
2,4014,8.762,7.1196,78
3,4014,8.762,7.2864,74
0,4015,8.762,7.3601,71
1,4015,8.762,7.2992,80
2,4015,8.762,7.2218,74
3,4015,8.762,7.22,72
0,4016,8.762,7.2776,74
1,4016,8.762,7.2471,74
2,4016,8.762,7.3729,72
3,4016,8.762,7.331,81
0,4017,8.762,7.2033,77
1,4017,8.762,7.2411,76
2,4017,8.762,7.3758,69
3,4017,8.762,7.2806,72
0,4018,8.762,7.2349,74
1,4018,8.762,7.3141,76
2,4018,8.762,7.5303,73
3,4018,8.762,7.257,74
0,4019,8.762,7.2452,82
1,4019,8.762,7.2408,81
2,4019,8.762,7.4175,62
3,4019,8.762,7.2104,73
0,4020,8.762,7.3035,72
1,4020,8.762,7.2449,67
2,4020,8.762,7.199,74
3,4020,8.762,7.3818,75
0,4021,8.762,7.3532,69
1,4021,8.762,7.3801,75
2,4021,8.762,7.3101,75
3,4021,8.762,7.2315,84
0,4022,8.762,7.1924,71
1,4022,8.762,7.4588,67
2,4022,8.762,7.2692,69
3,4022,8.762,7.4387,74
0,4023,8.762,7.16,87
1,4023,8.762,7.4133,71
2,4023,8.762,7.3796,71
3,4023,8.762,7.2636,81
0,4024,8.762,7.317,76
1,4024,8.762,7.3892,73
2,4024,8.762,7.3297,76
3,4024,8.762,7.3091,82
0,4025,8.762,7.351,65
1,4025,8.762,7.224,86
2,4025,8.762,7.2245,88
3,4025,8.762,7.3781,77
0,4026,8.762,7.172,83
1,4026,8.762,7.3284,80
2,4026,8.762,7.4055,74
3,4026,8.762,7.1526,85
0,4027,8.762,7.3382,81
1,4027,8.762,7.3341,76
2,4027,8.762,7.4221,69
3,4027,8.762,7.1295,90
0,4028,8.762,7.2524,77
1,4028,8.762,7.218,72
2,4028,8.762,7.2715,76
3,4028,8.762,7.3411,76
0,4029,8.762,7.3546,71
1,4029,8.762,7.1778,79
2,4029,8.762,7.2877,72
3,4029,8.762,7.2812,85
0,4030,8.762,7.4726,70
1,4030,8.762,7.346,77
2,4030,8.762,7.3571,74
3,4030,8.762,7.2618,79
0,4031,8.762,7.3393,68
1,4031,8.762,7.3627,77
2,4031,8.762,7.1853,77
3,4031,8.762,7.277,82
0,4032,8.762,7.1749,84
1,4032,8.762,7.183,84
2,4032,8.762,7.2224,71
3,4032,8.762,7.354,80
0,4033,8.762,7.2881,83
1,4033,8.762,7.2639,76
2,4033,8.762,7.2656,83
3,4033,8.762,7.4881,65
0,4034,8.762,7.2706,68
1,4034,8.762,7.4147,68
2,4034,8.762,7.251,84
3,4034,8.762,7.3877,70
0,4035,8.762,7.2288,80
1,4035,8.762,7.3464,77
2,4035,8.762,7.2957,71
3,4035,8.762,7.2854,81
0,4036,8.762,7.1405,95
1,4036,8.762,7.2833,78
2,4036,8.762,7.2738,76
3,4036,8.762,7.3352,71
0,4037,8.762,7.4137,70
1,4037,8.762,7.2474,73
2,4037,8.762,7.2572,73
3,4037,8.762,7.3193,74
0,4038,8.762,7.2956,65
1,4038,8.762,7.4105,75
2,4038,8.762,7.1924,85
3,4038,8.762,7.3159,76
0,4039,8.762,7.1488,79
1,4039,8.762,7.2715,79
2,4039,8.762,7.1233,83
3,4039,8.762,7.1598,74
0,4040,8.762,7.1677,79
1,4040,8.762,7.4129,70
2,4040,8.762,7.3521,76
3,4040,8.762,7.1639,77
0,4041,8.762,7.3625,81
1,4041,8.762,7.3862,68
2,4041,8.762,7.061,80
3,4041,8.762,7.2675,78
0,4042,8.762,7.3452,78
1,4042,8.762,7.4461,74
2,4042,8.762,7.229,78
3,4042,8.762,7.3007,74
0,4043,8.762,7.3557,77
1,4043,8.762,7.408,66
2,4043,8.762,7.3192,77
3,4043,8.762,7.2323,82
0,4044,8.762,7.3026,69
1,4044,8.762,7.2375,71
2,4044,8.762,7.1359,74
3,4044,8.762,7.1683,77
0,4045,8.762,7.2604,74
1,4045,8.762,7.2868,71
2,4045,8.762,7.2738,84
3,4045,8.762,7.2597,85
0,4046,8.762,7.2268,85
1,4046,8.762,7.5035,77
2,4046,8.762,7.2007,79
3,4046,8.762,7.2761,82
0,4047,8.762,7.1324,86
1,4047,8.762,7.158,77
2,4047,8.762,7.2642,82
3,4047,8.762,7.2104,84
0,4048,8.762,7.2589,77
1,4048,8.762,7.3098,67
2,4048,8.762,7.3028,95
3,4048,8.762,7.1826,77
0,4049,8.762,7.315,71
1,4049,8.762,7.1807,83
2,4049,8.762,7.392,68
3,4049,8.762,7.2339,71
0,4050,8.762,7.3712,66
1,4050,8.762,7.4486,73
2,4050,8.762,7.0929,81
3,4050,8.762,7.4153,81
0,4051,8.762,7.3048,69
1,4051,8.762,7.4158,76
2,4051,8.762,7.1922,78
3,4051,8.762,7.2604,74
0,4052,8.762,7.2655,77
1,4052,8.762,7.2348,91
2,4052,8.762,7.2441,81
3,4052,8.762,7.276,78
0,4053,8.762,7.3353,78
1,4053,8.762,7.2592,80
2,4053,8.762,7.3303,82
3,4053,8.762,7.3041,73
0,4054,8.762,7.2994,76
1,4054,8.762,7.2776,82
2,4054,8.762,7.1998,84
3,4054,8.762,7.2884,67
0,4055,8.762,7.291,78
1,4055,8.762,7.4614,82
2,4055,8.762,7.328,68
3,4055,8.762,7.2691,83
0,4056,8.762,7.2466,84
1,4056,8.762,7.2087,81
2,4056,8.762,7.2719,75
3,4056,8.762,7.2994,74
0,4057,8.762,7.3517,71
1,4057,8.762,7.271,72
2,4057,8.762,7.4596,70
3,4057,8.762,7.3005,75
0,4058,8.762,7.3432,65
1,4058,8.762,7.1941,75
2,4058,8.762,7.2326,75
3,4058,8.762,7.33,69
0,4059,8.762,7.3632,75
1,4059,8.762,7.4091,76
2,4059,8.762,7.124,91
3,4059,8.762,7.3179,77
0,4060,8.762,7.3763,77
1,4060,8.762,7.1961,83
2,4060,8.762,7.3425,74
3,4060,8.762,7.2149,87
0,4061,8.762,7.0946,86
1,4061,8.762,7.3363,70
2,4061,8.762,7.2241,81
3,4061,8.762,7.2887,70
0,4062,8.762,7.3497,68
1,4062,8.762,7.3138,73
2,4062,8.762,7.2386,80
3,4062,8.762,7.1717,86
0,4063,8.762,7.3127,84
1,4063,8.762,7.2339,82
2,4063,8.762,7.1559,90
3,4063,8.762,7.2533,82
0,4064,8.762,7.2936,70
1,4064,8.762,7.1481,64
2,4064,8.762,7.3124,76
3,4064,8.762,7.4648,76
0,4065,8.762,7.2865,80
1,4065,8.762,7.3142,76
2,4065,8.762,7.3316,81
3,4065,8.762,7.2475,71
0,4066,8.762,7.2946,73
1,4066,8.762,7.2653,73
2,4066,8.762,7.2496,76
3,4066,8.762,7.3407,64
0,4067,8.762,7.2595,78
1,4067,8.762,7.3207,73
2,4067,8.762,7.1385,91
3,4067,8.762,7.3307,70
0,4068,8.762,7.2668,86
1,4068,8.762,7.2492,78
2,4068,8.762,7.3571,73
3,4068,8.762,7.1599,83
0,4069,8.762,7.2198,82
1,4069,8.762,7.3978,87
2,4069,8.762,7.3461,78
3,4069,8.762,7.2656,70
0,4070,8.762,7.327,78
1,4070,8.762,7.3216,69
2,4070,8.762,7.3177,77
3,4070,8.762,7.3367,70
0,4071,8.762,7.4205,62
1,4071,8.762,7.2172,72
2,4071,8.762,7.2887,75
3,4071,8.762,7.1781,80
0,4072,8.762,7.2755,77
1,4072,8.762,7.2116,81
2,4072,8.762,7.3804,78
3,4072,8.762,7.3913,73
0,4073,8.762,7.0984,84
1,4073,8.762,7.3348,78
2,4073,8.762,7.4299,69
3,4073,8.762,7.2433,77
0,4074,8.762,7.4308,66
1,4074,8.762,7.3604,79
2,4074,8.762,7.3553,72
3,4074,8.762,7.1992,85
0,4075,8.762,7.2775,82
1,4075,8.762,7.3062,76
2,4075,8.762,7.2211,71
3,4075,8.762,7.2403,78
0,4076,8.762,7.3455,72
1,4076,8.762,7.2554,74
2,4076,8.762,7.3551,72
3,4076,8.762,7.2927,82
0,4077,8.762,7.1183,83
1,4077,8.762,7.3135,89
2,4077,8.762,7.2466,84
3,4077,8.762,7.1574,67
0,4078,8.762,7.3051,71
1,4078,8.762,7.3031,77
2,4078,8.762,7.2603,79
3,4078,8.762,7.0865,77
0,4079,8.762,7.2263,77
1,4079,8.762,7.3336,76
2,4079,8.762,7.3721,66
3,4079,8.762,7.1878,73
0,4080,8.762,7.2715,77
1,4080,8.762,7.2491,74
2,4080,8.762,7.21,76
3,4080,8.762,7.2752,81
0,4081,8.762,7.2187,73
1,4081,8.762,7.1544,77
2,4081,8.762,7.0412,77
3,4081,8.762,7.2333,73
0,4082,8.762,7.3948,67
1,4082,8.762,7.296,74
2,4082,8.762,7.2936,79
3,4082,8.762,7.2877,74
0,4083,8.762,7.3099,84
1,4083,8.762,7.2765,81
2,4083,8.762,7.2237,76
3,4083,8.762,7.1988,85
0,4084,8.762,7.2693,81
1,4084,8.762,7.3944,72
2,4084,8.762,7.3859,75
3,4084,8.762,7.2607,73
0,4085,8.762,7.3126,73
1,4085,8.762,7.3219,72
2,4085,8.762,7.2446,78
3,4085,8.762,7.2937,75
0,4086,8.762,7.1667,84
1,4086,8.762,7.3755,70
2,4086,8.762,7.3789,75
3,4086,8.762,7.4367,73
0,4087,8.762,7.2887,78
1,4087,8.762,7.4149,76
2,4087,8.762,7.3523,71
3,4087,8.762,7.3116,72
0,4088,8.762,7.3857,67
1,4088,8.762,7.3845,72
2,4088,8.762,7.3923,75
3,4088,8.762,7.2764,71
0,4089,8.762,7.2327,79
1,4089,8.762,7.3151,82
2,4089,8.762,7.1864,81
3,4089,8.762,7.3819,71
0,4090,8.762,7.1357,83
1,4090,8.762,7.4161,70
2,4090,8.762,7.3273,78
3,4090,8.762,7.3859,72
0,4091,8.762,7.5096,75
1,4091,8.762,7.134,86
2,4091,8.762,7.242,82
3,4091,8.762,7.256,84
0,4092,8.762,7.2733,81
1,4092,8.762,7.3379,81
2,4092,8.762,7.4199,69
3,4092,8.762,7.2874,79
0,4093,8.762,7.3965,78
1,4093,8.762,7.4768,71
2,4093,8.762,7.3523,81
3,4093,8.762,7.2196,79
0,4094,8.762,7.2141,81
1,4094,8.762,7.3979,70
2,4094,8.762,7.315,85
3,4094,8.762,7.1587,80
0,4095,8.762,7.2662,78
1,4095,8.762,7.2274,72
2,4095,8.762,7.3794,76
3,4095,8.762,7.3606,77
0,4096,8.762,7.3249,67
1,4096,8.762,7.4072,74
2,4096,8.762,7.3316,72
3,4096,8.762,7.2107,84
0,4097,8.762,7.2817,72
1,4097,8.762,7.2544,78
2,4097,8.762,7.3326,75
3,4097,8.762,7.3675,72
0,4098,8.762,7.429,72
1,4098,8.762,7.3744,71
2,4098,8.762,7.3182,72
3,4098,8.762,7.3838,81
0,4099,8.762,7.2475,76
1,4099,8.762,7.1922,80
2,4099,8.762,7.1602,83
3,4099,8.762,7.119,80
0,4100,8.762,7.1561,90
1,4100,8.762,7.2002,80
2,4100,8.762,7.2844,86
3,4100,8.762,7.2668,85
0,4101,8.762,7.1895,81
1,4101,8.762,7.1946,79
2,4101,8.762,7.2187,74
3,4101,8.762,7.2138,81
0,4102,8.762,7.3561,74
1,4102,8.762,7.3039,85
2,4102,8.762,7.3538,75
3,4102,8.762,7.3439,65
0,4103,8.762,7.1967,80
1,4103,8.762,7.2161,81
2,4103,8.762,7.2454,80
3,4103,8.762,7.334,74
0,4104,8.762,7.3028,81
1,4104,8.762,7.4244,68
2,4104,8.762,7.3603,76
3,4104,8.762,7.3613,83
0,4105,8.762,7.2123,80
1,4105,8.762,7.3503,80
2,4105,8.762,7.2876,81
3,4105,8.762,7.3567,78
0,4106,8.762,7.3018,81
1,4106,8.762,7.1572,76
2,4106,8.762,7.2085,75
3,4106,8.762,7.3786,71
0,4107,8.762,7.2686,76
1,4107,8.762,7.2327,78
2,4107,8.762,7.3319,71
3,4107,8.762,7.3796,71
0,4108,8.762,7.395,79
1,4108,8.762,7.1018,79
2,4108,8.762,7.25,87
3,4108,8.762,7.4323,67
0,4109,8.762,7.2555,87
1,4109,8.762,7.1557,78
2,4109,8.762,7.2906,73
3,4109,8.762,7.372,75
0,4110,8.762,7.1708,73
1,4110,8.762,7.3122,64
2,4110,8.762,7.2757,75
3,4110,8.762,7.0805,81
0,4111,8.762,7.2638,79
1,4111,8.762,7.3859,76
2,4111,8.762,7.2324,80
3,4111,8.762,7.3824,73
0,4112,8.762,7.4439,69
1,4112,8.762,7.2381,74
2,4112,8.762,7.1766,85
3,4112,8.762,7.2124,81
0,4113,8.762,7.3706,69
1,4113,8.762,7.1892,84
2,4113,8.762,7.3394,76
3,4113,8.762,7.34,73
0,4114,8.762,7.1732,73
1,4114,8.762,7.3551,80
2,4114,8.762,7.3331,76
3,4114,8.762,7.1345,85
0,4115,8.762,7.3374,67
1,4115,8.762,7.2781,79
2,4115,8.762,7.1896,70
3,4115,8.762,7.3734,77
0,4116,8.762,7.2058,75
1,4116,8.762,7.3764,70
2,4116,8.762,7.2727,77
3,4116,8.762,7.4804,69
0,4117,8.762,7.218,75
1,4117,8.762,7.3622,76
2,4117,8.762,7.2939,78
3,4117,8.762,7.2554,79
0,4118,8.762,7.2145,76
1,4118,8.762,7.4904,86
2,4118,8.762,7.3887,72
3,4118,8.762,7.1282,81
0,4119,8.762,7.5157,62
1,4119,8.762,7.2789,81
2,4119,8.762,7.2572,78
3,4119,8.762,7.3145,75
0,4120,8.762,7.3273,74
1,4120,8.762,7.3408,81
2,4120,8.762,7.378,78
3,4120,8.762,7.2626,79
0,4121,8.762,7.2939,79
1,4121,8.762,7.2592,85
2,4121,8.762,7.3993,74
3,4121,8.762,7.3117,85
0,4122,8.762,7.3043,67
1,4122,8.762,7.3798,79
2,4122,8.762,7.2255,85
3,4122,8.762,7.266,71
0,4123,8.762,7.3411,73
1,4123,8.762,7.1547,80
2,4123,8.762,7.2901,76
3,4123,8.762,7.2894,77
0,4124,8.762,7.166,83
1,4124,8.762,7.3689,74
2,4124,8.762,7.24,85
3,4124,8.762,7.2878,77
0,4125,8.762,7.2883,65
1,4125,8.762,7.3115,73
2,4125,8.762,7.3983,76
3,4125,8.762,7.358,72
0,4126,8.762,7.1945,80
1,4126,8.762,7.3713,78
2,4126,8.762,7.1851,79
3,4126,8.762,7.114,82
0,4127,8.762,7.1899,68
1,4127,8.762,7.3618,79
2,4127,8.762,7.3057,77
3,4127,8.762,7.3979,77
0,4128,8.762,7.2102,87
1,4128,8.762,7.3179,76
2,4128,8.762,7.2144,79
3,4128,8.762,7.2829,72
0,4129,8.762,7.2913,79
1,4129,8.762,7.3249,81
2,4129,8.762,7.2098,72
3,4129,8.762,7.3206,81
0,4130,8.762,7.2531,74
1,4130,8.762,7.196,72
2,4130,8.762,7.1518,72
3,4130,8.762,7.2696,73
0,4131,8.762,7.2457,83
1,4131,8.762,7.2863,74
2,4131,8.762,7.1846,84
3,4131,8.762,7.369,72
0,4132,8.762,7.2678,80
1,4132,8.762,7.2417,81
2,4132,8.762,7.3575,77
3,4132,8.762,7.2854,81
0,4133,8.762,7.3025,76
1,4133,8.762,7.2977,75
2,4133,8.762,7.1464,73
3,4133,8.762,7.2994,80
0,4134,8.762,7.4156,68
1,4134,8.762,7.2761,91
2,4134,8.762,7.3137,76
3,4134,8.762,7.3579,72
0,4135,8.762,7.1631,84
1,4135,8.762,7.112,89
2,4135,8.762,7.3666,75
3,4135,8.762,7.3502,73
0,4136,8.762,7.2028,81
1,4136,8.762,7.384,76
2,4136,8.762,7.0955,84
3,4136,8.762,7.1835,79
0,4137,8.762,7.2996,68
1,4137,8.762,7.2354,82
2,4137,8.762,7.3193,73
3,4137,8.762,7.2572,82
0,4138,8.762,7.3927,66
1,4138,8.762,7.4041,68
2,4138,8.762,7.3294,80
3,4138,8.762,7.2838,79
0,4139,8.762,7.2443,68
1,4139,8.762,7.3162,81
2,4139,8.762,7.1487,87
3,4139,8.762,7.2152,73
0,4140,8.762,7.3634,80
1,4140,8.762,7.2952,79
2,4140,8.762,7.2695,73
3,4140,8.762,7.367,78
0,4141,8.762,7.3467,77
1,4141,8.762,7.2606,67
2,4141,8.762,7.1811,81
3,4141,8.762,7.3393,76
0,4142,8.762,7.2069,79
1,4142,8.762,7.2722,76
2,4142,8.762,7.3929,75
3,4142,8.762,7.3021,79
0,4143,8.762,7.4539,68
1,4143,8.762,7.282,84
2,4143,8.762,7.2032,80
3,4143,8.762,7.424,74
0,4144,8.762,7.3268,70
1,4144,8.762,7.3078,79
2,4144,8.762,7.2724,75
3,4144,8.762,7.3092,78
0,4145,8.762,7.1737,77
1,4145,8.762,7.2945,77
2,4145,8.762,7.1971,69
3,4145,8.762,7.1062,91
0,4146,8.762,7.1945,81
1,4146,8.762,7.2712,82
2,4146,8.762,7.2867,79
3,4146,8.762,7.3012,76
0,4147,8.762,7.3256,72
1,4147,8.762,7.2679,81
2,4147,8.762,7.2941,72
3,4147,8.762,7.3734,69
0,4148,8.762,7.2754,83
1,4148,8.762,7.3645,74
2,4148,8.762,7.283,82
3,4148,8.762,7.137,78
0,4149,8.762,7.4172,78
1,4149,8.762,7.4305,76
2,4149,8.762,7.4364,76
3,4149,8.762,7.2918,71
0,4150,8.762,7.2196,86
1,4150,8.762,7.3011,75
2,4150,8.762,7.3934,83
3,4150,8.762,7.4714,65
0,4151,8.762,7.4852,71
1,4151,8.762,7.281,68
2,4151,8.762,7.3232,70
3,4151,8.762,7.2953,72
0,4152,8.762,7.3352,74
1,4152,8.762,7.2615,79
2,4152,8.762,7.2463,77
3,4152,8.762,7.2739,78
0,4153,8.762,7.3393,75
1,4153,8.762,7.2696,69
2,4153,8.762,7.1668,79
3,4153,8.762,7.4472,82
0,4154,8.762,7.4093,74
1,4154,8.762,7.2875,74
2,4154,8.762,7.3089,80
3,4154,8.762,7.3288,76
0,4155,8.762,7.3756,81
1,4155,8.762,7.4209,66
2,4155,8.762,7.4712,75
3,4155,8.762,7.1687,83
0,4156,8.762,7.123,78
1,4156,8.762,7.3316,79
2,4156,8.762,7.1417,84
3,4156,8.762,7.3464,75
0,4157,8.762,7.4065,74
1,4157,8.762,7.2542,85
2,4157,8.762,7.2274,83
3,4157,8.762,7.3809,65
0,4158,8.762,7.315,75
1,4158,8.762,7.3079,81
2,4158,8.762,7.3105,75
3,4158,8.762,7.2333,84
0,4159,8.762,7.2198,84
1,4159,8.762,7.2992,71
2,4159,8.762,7.2859,84
3,4159,8.762,7.0729,85
0,4160,8.762,7.3269,76
1,4160,8.762,7.3397,74
2,4160,8.762,7.0988,72
3,4160,8.762,7.2146,80
0,4161,8.762,7.3352,82
1,4161,8.762,7.368,76
2,4161,8.762,7.2691,82
3,4161,8.762,7.3387,80
0,4162,8.762,7.2038,72
1,4162,8.762,7.3514,70
2,4162,8.762,7.3696,74
3,4162,8.762,7.3098,70
0,4163,8.762,7.2598,82
1,4163,8.762,7.3891,71
2,4163,8.762,7.0736,86
3,4163,8.762,7.3065,77
0,4164,8.762,7.357,73
1,4164,8.762,7.3122,85
2,4164,8.762,7.1779,86
3,4164,8.762,7.3428,67
0,4165,8.762,7.3779,71
1,4165,8.762,7.3127,77
2,4165,8.762,7.2482,77
3,4165,8.762,7.2633,77
0,4166,8.762,7.1855,79
1,4166,8.762,7.3504,76
2,4166,8.762,7.2691,73
3,4166,8.762,7.2797,75
0,4167,8.762,7.2381,78
1,4167,8.762,7.3358,71
2,4167,8.762,7.356,73
3,4167,8.762,7.1841,72
0,4168,8.762,7.2417,85
1,4168,8.762,7.1932,86
2,4168,8.762,7.25,79
3,4168,8.762,7.212,74
0,4169,8.762,7.3435,79
1,4169,8.762,7.4237,69
2,4169,8.762,7.2823,74
3,4169,8.762,7.2484,70
0,4170,8.762,7.4456,68
1,4170,8.762,7.3128,74
2,4170,8.762,7.1106,75
3,4170,8.762,7.323,80
0,4171,8.762,7.278,75
1,4171,8.762,7.2484,78
2,4171,8.762,7.4044,66
3,4171,8.762,7.263,76
0,4172,8.762,7.1733,78
1,4172,8.762,7.4195,75
2,4172,8.762,7.3238,79
3,4172,8.762,7.2232,85
0,4173,8.762,7.064,83
1,4173,8.762,7.328,81
2,4173,8.762,7.2314,79
3,4173,8.762,7.2025,75
0,4174,8.762,7.2288,71
1,4174,8.762,7.2142,75
2,4174,8.762,7.2178,75
3,4174,8.762,7.4888,70
0,4175,8.762,7.1851,82
1,4175,8.762,7.1267,82
2,4175,8.762,7.2719,79
3,4175,8.762,7.347,71
0,4176,8.762,7.3903,76
1,4176,8.762,7.2897,71
2,4176,8.762,7.2741,74
3,4176,8.762,7.3545,71
0,4177,8.762,7.2744,76
1,4177,8.762,7.1459,80
2,4177,8.762,7.2565,80
3,4177,8.762,7.2799,67
0,4178,8.762,7.294,78
1,4178,8.762,7.36,83
2,4178,8.762,7.3839,80
3,4178,8.762,7.3589,80
0,4179,8.762,7.3162,74
1,4179,8.762,7.3216,71
2,4179,8.762,7.4384,64
3,4179,8.762,7.2783,69
0,4180,8.762,7.2526,78
1,4180,8.762,7.3876,76
2,4180,8.762,7.3344,70
3,4180,8.762,7.3008,77
0,4181,8.762,7.1949,73
1,4181,8.762,7.2053,74
2,4181,8.762,7.3494,74
3,4181,8.762,7.3111,82
0,4182,8.762,7.4164,67
1,4182,8.762,7.2746,76
2,4182,8.762,7.3193,77
3,4182,8.762,7.237,77
0,4183,8.762,7.2118,86
1,4183,8.762,7.3759,83
2,4183,8.762,7.2079,77
3,4183,8.762,7.3402,74
0,4184,8.762,7.3418,83
1,4184,8.762,7.3253,76
2,4184,8.762,7.4132,69
3,4184,8.762,7.3262,72
0,4185,8.762,7.2301,77
1,4185,8.762,7.2848,70
2,4185,8.762,7.2399,78
3,4185,8.762,7.2845,74
0,4186,8.762,7.3708,74
1,4186,8.762,7.3727,75
2,4186,8.762,7.4681,78
3,4186,8.762,7.295,72
0,4187,8.762,7.2709,68
1,4187,8.762,7.2039,81
2,4187,8.762,7.0765,79
3,4187,8.762,7.3153,82
0,4188,8.762,7.3583,82
1,4188,8.762,7.254,78
2,4188,8.762,7.2534,85
3,4188,8.762,7.2058,79
0,4189,8.762,7.4161,76
1,4189,8.762,7.3563,67
2,4189,8.762,7.2364,77
3,4189,8.762,7.2671,78
0,4190,8.762,7.2485,73
1,4190,8.762,7.3449,73
2,4190,8.762,7.3015,79
3,4190,8.762,7.1521,80
0,4191,8.762,7.0787,81
1,4191,8.762,7.3024,70
2,4191,8.762,7.3064,73
3,4191,8.762,7.2742,75
0,4192,8.762,7.4173,72
1,4192,8.762,7.4898,65
2,4192,8.762,7.4298,80
3,4192,8.762,7.2515,72
0,4193,8.762,7.1435,77
1,4193,8.762,7.1984,85
2,4193,8.762,7.1442,80
3,4193,8.762,7.3219,71
0,4194,8.762,7.0699,85
1,4194,8.762,7.2155,84
2,4194,8.762,7.3539,81
3,4194,8.762,7.2539,78
0,4195,8.762,7.235,78
1,4195,8.762,7.2409,81
2,4195,8.762,7.2207,75
3,4195,8.762,7.1039,83
0,4196,8.762,7.1563,85
1,4196,8.762,7.3402,75
2,4196,8.762,7.3185,73
3,4196,8.762,7.4097,68
0,4197,8.762,7.2945,75
1,4197,8.762,7.1658,84
2,4197,8.762,7.3389,72
3,4197,8.762,7.2974,74
0,4198,8.762,7.442,70
1,4198,8.762,7.2926,73
2,4198,8.762,7.2338,77
3,4198,8.762,7.1345,85
0,4199,8.762,7.3351,78
1,4199,8.762,7.3647,79
2,4199,8.762,7.3728,74
3,4199,8.762,7.384,69
0,4200,8.762,7.2553,84
1,4200,8.762,7.128,72
2,4200,8.762,7.2323,72
3,4200,8.762,7.2511,81
0,4201,8.762,7.1598,77
1,4201,8.762,7.3432,81
2,4201,8.762,7.3785,63
3,4201,8.762,7.3296,74
0,4202,8.762,7.3784,72
1,4202,8.762,7.295,78
2,4202,8.762,7.3067,80
3,4202,8.762,7.3312,76
0,4203,8.762,7.4486,68
1,4203,8.762,7.3753,73
2,4203,8.762,7.3915,73
3,4203,8.762,7.2517,85
0,4204,8.762,7.3963,77
1,4204,8.762,7.311,81
2,4204,8.762,7.1163,83
3,4204,8.762,7.333,73
0,4205,8.762,7.2866,71
1,4205,8.762,7.343,76
2,4205,8.762,7.1019,74
3,4205,8.762,7.2417,76
0,4206,8.762,7.4079,73
1,4206,8.762,7.3457,83
2,4206,8.762,7.1963,75
3,4206,8.762,7.2899,66
0,4207,8.762,7.2872,76
1,4207,8.762,7.2449,71
2,4207,8.762,7.4865,73
3,4207,8.762,7.3049,81
0,4208,8.762,7.2109,77
1,4208,8.762,7.28,76
2,4208,8.762,7.3336,77
3,4208,8.762,7.2605,81
0,4209,8.762,7.4073,78
1,4209,8.762,7.1557,82
2,4209,8.762,7.3818,76
3,4209,8.762,7.3697,83
0,4210,8.762,7.2445,84
1,4210,8.762,7.2883,76
2,4210,8.762,7.2816,76
3,4210,8.762,7.3411,74
0,4211,8.762,7.2365,83
1,4211,8.762,7.1673,79
2,4211,8.762,7.3341,66
3,4211,8.762,7.199,81
0,4212,8.762,7.2332,79
1,4212,8.762,7.3145,73
2,4212,8.762,7.1591,76
3,4212,8.762,7.3413,80
0,4213,8.762,7.319,64
1,4213,8.762,7.3317,77
2,4213,8.762,7.3799,68
3,4213,8.762,7.4108,78
0,4214,8.762,7.2337,81
1,4214,8.762,7.3424,65
2,4214,8.762,7.1605,79
3,4214,8.762,7.2426,81
0,4215,8.762,7.2321,72
1,4215,8.762,7.176,84
2,4215,8.762,7.3878,63
3,4215,8.762,7.2685,64
0,4216,8.762,7.3646,73
1,4216,8.762,7.3687,75
2,4216,8.762,7.4188,75
3,4216,8.762,7.2936,79
0,4217,8.762,7.2661,78
1,4217,8.762,7.3579,70
2,4217,8.762,7.3144,65
3,4217,8.762,7.1885,86
0,4218,8.762,7.2412,80
1,4218,8.762,7.261,75
2,4218,8.762,7.2024,78
3,4218,8.762,7.3295,72
0,4219,8.762,7.3059,84
1,4219,8.762,7.2588,83
2,4219,8.762,7.2268,82
3,4219,8.762,7.2424,85
0,4220,8.762,7.4161,68
1,4220,8.762,7.38,72
2,4220,8.762,7.1458,78
3,4220,8.762,7.1989,78
0,4221,8.762,7.348,73
1,4221,8.762,7.2145,74
2,4221,8.762,7.2089,86
3,4221,8.762,7.2911,74
0,4222,8.762,7.407,77
1,4222,8.762,7.3646,84
2,4222,8.762,7.268,77
3,4222,8.762,7.3473,66
0,4223,8.762,7.1975,86
1,4223,8.762,7.223,82
2,4223,8.762,7.3962,75
3,4223,8.762,7.2744,72
0,4224,8.762,7.2774,83
1,4224,8.762,7.3587,72
2,4224,8.762,7.1919,79
3,4224,8.762,7.2606,82
0,4225,8.762,7.2637,77
1,4225,8.762,7.167,79
2,4225,8.762,7.4071,72
3,4225,8.762,7.4528,71
0,4226,8.762,7.1944,83
1,4226,8.762,7.3492,76
2,4226,8.762,7.468,69
3,4226,8.762,7.3022,73
0,4227,8.762,7.2137,71
1,4227,8.762,7.2919,73
2,4227,8.762,7.3272,71
3,4227,8.762,7.3684,74
0,4228,8.762,7.2408,74
1,4228,8.762,7.2297,79
2,4228,8.762,7.2215,87
3,4228,8.762,7.4699,63
0,4229,8.762,7.2349,85
1,4229,8.762,7.2543,84
2,4229,8.762,7.1813,80
3,4229,8.762,7.3694,75
0,4230,8.762,7.2235,84
1,4230,8.762,7.1578,86
2,4230,8.762,7.3731,77
3,4230,8.762,7.2887,80
0,4231,8.762,7.4157,68
1,4231,8.762,7.2894,76
2,4231,8.762,7.3755,70
3,4231,8.762,7.3067,80
0,4232,8.762,7.3115,82
1,4232,8.762,7.2879,81
2,4232,8.762,7.4346,80
3,4232,8.762,7.3637,72
0,4233,8.762,7.1422,87
1,4233,8.762,7.4881,69
2,4233,8.762,7.3091,73
3,4233,8.762,7.2404,72
0,4234,8.762,7.3232,72
1,4234,8.762,7.3126,72
2,4234,8.762,7.4967,76
3,4234,8.762,7.2679,85
0,4235,8.762,7.2848,76
1,4235,8.762,7.3151,78
2,4235,8.762,7.3267,69
3,4235,8.762,7.1859,82
0,4236,8.762,7.2775,83
1,4236,8.762,7.236,77
2,4236,8.762,7.0193,85
3,4236,8.762,7.2514,79
0,4237,8.762,7.3019,81
1,4237,8.762,7.2187,73
2,4237,8.762,7.2979,71
3,4237,8.762,7.3251,75
0,4238,8.762,7.4329,68
1,4238,8.762,7.2868,84
2,4238,8.762,7.1509,81
3,4238,8.762,7.3235,79
0,4239,8.762,7.2283,76
1,4239,8.762,7.2827,70
2,4239,8.762,7.2312,77
3,4239,8.762,7.4229,74
0,4240,8.762,7.4141,72
1,4240,8.762,7.2406,83
2,4240,8.762,7.1998,74
3,4240,8.762,7.2549,68
0,4241,8.762,7.3065,75
1,4241,8.762,7.3685,66
2,4241,8.762,7.2868,79
3,4241,8.762,7.263,85
0,4242,8.762,7.2692,74
1,4242,8.762,7.3217,69
2,4242,8.762,7.3309,69
3,4242,8.762,7.3138,77
0,4243,8.762,7.2578,78
1,4243,8.762,7.1223,79
2,4243,8.762,7.1652,75
3,4243,8.762,7.22,79
0,4244,8.762,7.1424,80
1,4244,8.762,7.2885,78
2,4244,8.762,7.3484,80
3,4244,8.762,7.1615,78
0,4245,8.762,7.2895,78
1,4245,8.762,7.3284,82
2,4245,8.762,7.3352,81
3,4245,8.762,7.3073,75
0,4246,8.762,7.1236,86
1,4246,8.762,7.373,80
2,4246,8.762,7.4641,81
3,4246,8.762,7.1819,78
0,4247,8.762,7.3254,83
1,4247,8.762,7.1429,89
2,4247,8.762,7.1773,78
3,4247,8.762,7.2843,72
0,4248,8.762,7.354,85
1,4248,8.762,7.2725,71
2,4248,8.762,7.3975,67
3,4248,8.762,7.3805,67
0,4249,8.762,7.2228,78
1,4249,8.762,7.2904,80
2,4249,8.762,7.2709,80
3,4249,8.762,7.2259,71
0,4250,8.762,7.2225,81
1,4250,8.762,7.2484,81
2,4250,8.762,7.3616,66
3,4250,8.762,7.3399,82
0,4251,8.762,7.1912,72
1,4251,8.762,7.2591,69
2,4251,8.762,7.5091,72
3,4251,8.762,7.1841,74
0,4252,8.762,7.3031,78
1,4252,8.762,7.2354,75
2,4252,8.762,7.1936,80
3,4252,8.762,7.3594,75
0,4253,8.762,7.2925,69
1,4253,8.762,7.3488,77
2,4253,8.762,7.4984,63
3,4253,8.762,7.3347,68
0,4254,8.762,7.2672,80
1,4254,8.762,7.3174,79
2,4254,8.762,7.2557,81
3,4254,8.762,7.2486,75
0,4255,8.762,7.2068,81
1,4255,8.762,7.2744,72
2,4255,8.762,7.2464,78
3,4255,8.762,7.2023,74
0,4256,8.762,7.2425,72
1,4256,8.762,7.2817,74
2,4256,8.762,7.4475,80
3,4256,8.762,7.3695,76
0,4257,8.762,7.2127,73
1,4257,8.762,7.2794,71
2,4257,8.762,7.2063,76
3,4257,8.762,7.3708,66
0,4258,8.762,7.311,73
1,4258,8.762,7.3867,71
2,4258,8.762,7.3249,83
3,4258,8.762,7.2393,86
0,4259,8.762,7.3049,80
1,4259,8.762,7.1575,83
2,4259,8.762,7.3709,77
3,4259,8.762,7.2648,75
0,4260,8.762,7.306,68
1,4260,8.762,7.2451,80
2,4260,8.762,7.0836,84
3,4260,8.762,7.2555,76
0,4261,8.762,7.2722,77
1,4261,8.762,7.2033,82
2,4261,8.762,7.198,78
3,4261,8.762,7.3459,72
0,4262,8.762,7.3318,72
1,4262,8.762,7.2518,80
2,4262,8.762,7.2067,73
3,4262,8.762,7.3232,69
0,4263,8.762,7.3422,85
1,4263,8.762,7.2181,74
2,4263,8.762,7.2033,80
3,4263,8.762,7.216,74
0,4264,8.762,7.3591,82
1,4264,8.762,7.2763,72
2,4264,8.762,7.1504,79
3,4264,8.762,7.2969,75
0,4265,8.762,7.2261,85
1,4265,8.762,7.369,71
2,4265,8.762,7.1751,82
3,4265,8.762,7.1738,74
0,4266,8.762,7.465,74
1,4266,8.762,7.2651,73
2,4266,8.762,7.2257,82
3,4266,8.762,7.2914,75
0,4267,8.762,7.1875,87
1,4267,8.762,7.3425,78
2,4267,8.762,7.2753,76
3,4267,8.762,7.3455,67
0,4268,8.762,7.2174,77
1,4268,8.762,7.3339,72
2,4268,8.762,7.3002,73
3,4268,8.762,7.2449,84
0,4269,8.762,7.3357,79
1,4269,8.762,7.29,79
2,4269,8.762,7.334,80
3,4269,8.762,7.2694,76
0,4270,8.762,7.2903,75
1,4270,8.762,7.323,82
2,4270,8.762,7.4314,72
3,4270,8.762,7.1856,75
0,4271,8.762,7.3643,74
1,4271,8.762,7.3977,73
2,4271,8.762,7.2192,83
3,4271,8.762,7.2591,79
0,4272,8.762,7.3822,73
1,4272,8.762,7.4943,72
2,4272,8.762,7.3476,75
3,4272,8.762,7.4226,74
0,4273,8.762,7.3537,78
1,4273,8.762,7.4343,79
2,4273,8.762,7.2903,69
3,4273,8.762,7.1955,82
0,4274,8.762,7.2619,80
1,4274,8.762,7.2588,83
2,4274,8.762,7.2163,77
3,4274,8.762,7.2333,80
0,4275,8.762,7.3972,69
1,4275,8.762,7.1531,77
2,4275,8.762,7.3462,69
3,4275,8.762,7.4224,75
0,4276,8.762,7.2344,74
1,4276,8.762,7.3914,72
2,4276,8.762,7.2823,75
3,4276,8.762,7.4022,66
0,4277,8.762,7.4602,71
1,4277,8.762,7.2777,80
2,4277,8.762,7.287,77
3,4277,8.762,7.4027,71
0,4278,8.762,7.334,70
1,4278,8.762,7.3684,68
2,4278,8.762,7.2572,71
3,4278,8.762,7.2782,87
0,4279,8.762,7.3021,82
1,4279,8.762,7.2881,72
2,4279,8.762,7.2305,75
3,4279,8.762,7.3619,90
0,4280,8.762,7.3723,71
1,4280,8.762,7.4057,82
2,4280,8.762,7.1658,85
3,4280,8.762,7.1781,88
0,4281,8.762,7.3999,73
1,4281,8.762,7.0917,79
2,4281,8.762,7.2229,80
3,4281,8.762,7.2826,81
0,4282,8.762,7.2844,82
1,4282,8.762,7.207,85
2,4282,8.762,7.2407,79
3,4282,8.762,7.0667,81
0,4283,8.762,7.2419,79
1,4283,8.762,7.2692,71
2,4283,8.762,7.3498,75
3,4283,8.762,7.3146,68
0,4284,8.762,7.2452,78
1,4284,8.762,7.3176,76
2,4284,8.762,7.3733,69
3,4284,8.762,7.2477,79
0,4285,8.762,7.2671,73
1,4285,8.762,7.2919,77
2,4285,8.762,7.384,69
3,4285,8.762,7.3648,68
0,4286,8.762,7.1622,79
1,4286,8.762,7.2633,82
2,4286,8.762,7.2126,78
3,4286,8.762,7.2212,69
0,4287,8.762,7.2825,80
1,4287,8.762,7.3083,77
2,4287,8.762,7.3016,83
3,4287,8.762,7.1835,77
0,4288,8.762,7.0543,82
1,4288,8.762,7.396,69
2,4288,8.762,7.2337,77
3,4288,8.762,7.311,68
0,4289,8.762,7.2817,74
1,4289,8.762,7.5536,66
2,4289,8.762,7.2839,69
3,4289,8.762,7.3948,77
0,4290,8.762,7.1901,81
1,4290,8.762,7.2711,78
2,4290,8.762,7.3133,75
3,4290,8.762,7.3008,74
0,4291,8.762,7.2939,77
1,4291,8.762,7.1941,84
2,4291,8.762,7.4424,64
3,4291,8.762,7.3001,79
0,4292,8.762,7.2378,77
1,4292,8.762,7.3383,71
2,4292,8.762,7.3526,76
3,4292,8.762,7.2905,77
0,4293,8.762,7.3478,74
1,4293,8.762,7.3824,72
2,4293,8.762,7.2778,86
3,4293,8.762,7.2497,73
0,4294,8.762,7.2955,77
1,4294,8.762,7.2449,84
2,4294,8.762,7.35,83
3,4294,8.762,7.1968,80
0,4295,8.762,7.3438,78
1,4295,8.762,7.2859,73
2,4295,8.762,7.3062,73
3,4295,8.762,7.4163,76
0,4296,8.762,7.2142,83
1,4296,8.762,7.28,72
2,4296,8.762,7.3402,75
3,4296,8.762,7.4141,72
0,4297,8.762,7.1923,77
1,4297,8.762,7.2207,76
2,4297,8.762,7.2722,81
3,4297,8.762,7.4181,86
0,4298,8.762,7.3868,71
1,4298,8.762,7.1924,80
2,4298,8.762,7.0579,85
3,4298,8.762,7.2238,79
0,4299,8.762,7.2801,79
1,4299,8.762,7.2882,67
2,4299,8.762,7.2273,76
3,4299,8.762,7.2601,78
0,4300,8.762,7.2537,88
1,4300,8.762,7.3053,76
2,4300,8.762,7.3146,71
3,4300,8.762,7.3048,80
0,4301,8.762,7.3615,75
1,4301,8.762,7.3081,72
2,4301,8.762,7.2667,78
3,4301,8.762,7.3598,71
0,4302,8.762,7.4362,76
1,4302,8.762,7.2163,77
2,4302,8.762,7.1839,81
3,4302,8.762,7.3108,79
0,4303,8.762,7.2032,83
1,4303,8.762,7.2684,80
2,4303,8.762,7.2781,82
3,4303,8.762,7.2282,87
0,4304,8.762,7.2859,76
1,4304,8.762,7.2819,79
2,4304,8.762,7.2456,74
3,4304,8.762,7.0123,81
0,4305,8.762,7.2765,75
1,4305,8.762,7.4201,72
2,4305,8.762,7.46,64
3,4305,8.762,7.2522,77
0,4306,8.762,7.2574,70
1,4306,8.762,7.3799,76
2,4306,8.762,7.2032,82
3,4306,8.762,7.3258,81
0,4307,8.762,7.1855,72
1,4307,8.762,7.1657,77
2,4307,8.762,7.3127,80
3,4307,8.762,7.2622,76
0,4308,8.762,7.4501,73
1,4308,8.762,7.3683,82
2,4308,8.762,7.4383,75
3,4308,8.762,7.3217,76
0,4309,8.762,7.2566,77
1,4309,8.762,7.2737,76
2,4309,8.762,7.1839,79
3,4309,8.762,7.2298,83
0,4310,8.762,7.2665,71
1,4310,8.762,7.2814,89
2,4310,8.762,7.3398,74
3,4310,8.762,7.2576,75
0,4311,8.762,7.3754,75
1,4311,8.762,7.4051,74
2,4311,8.762,7.3077,81
3,4311,8.762,7.2699,72
0,4312,8.762,7.3618,72
1,4312,8.762,7.1318,82
2,4312,8.762,7.4658,69
3,4312,8.762,7.1667,80
0,4313,8.762,7.2996,72
1,4313,8.762,7.3488,71
2,4313,8.762,7.5278,60
3,4313,8.762,7.1723,82
0,4314,8.762,7.292,81
1,4314,8.762,7.5126,74
2,4314,8.762,7.3427,82
3,4314,8.762,7.1689,83
0,4315,8.762,7.2866,73
1,4315,8.762,7.1898,80
2,4315,8.762,7.3461,74
3,4315,8.762,7.4016,70
0,4316,8.762,7.2747,82
1,4316,8.762,7.1982,81
2,4316,8.762,7.2447,77
3,4316,8.762,7.3623,77
0,4317,8.762,7.3279,75
1,4317,8.762,7.2419,78
2,4317,8.762,7.3162,76
3,4317,8.762,7.2607,75
0,4318,8.762,7.2484,88
1,4318,8.762,7.2241,83
2,4318,8.762,7.3475,76
3,4318,8.762,7.2629,81
0,4319,8.762,7.3582,71
1,4319,8.762,7.1633,70
2,4319,8.762,7.4962,74
3,4319,8.762,7.2224,74
0,4320,8.762,7.2206,85
1,4320,8.762,7.3136,79
2,4320,8.762,7.1834,79
3,4320,8.762,7.2702,81
0,4321,8.762,7.305,81
1,4321,8.762,7.1641,82
2,4321,8.762,7.2076,80
3,4321,8.762,7.1543,76
0,4322,8.762,7.5143,69
1,4322,8.762,7.4536,67
2,4322,8.762,7.2454,65
3,4322,8.762,7.0916,89
0,4323,8.762,7.3195,67
1,4323,8.762,7.1959,79
2,4323,8.762,7.4105,79
3,4323,8.762,7.2178,74
0,4324,8.762,7.2964,84
1,4324,8.762,7.2166,80
2,4324,8.762,7.2655,75
3,4324,8.762,7.2967,79
0,4325,8.762,7.2927,77
1,4325,8.762,7.3223,72
2,4325,8.762,7.4986,67
3,4325,8.762,7.349,78
0,4326,8.762,7.3966,77
1,4326,8.762,7.3872,81
2,4326,8.762,7.2701,73
3,4326,8.762,7.2392,74
0,4327,8.762,7.4142,67
1,4327,8.762,7.2842,66
2,4327,8.762,7.2523,77
3,4327,8.762,7.4538,69
0,4328,8.762,7.3777,74
1,4328,8.762,7.4655,70
2,4328,8.762,7.2771,69
3,4328,8.762,7.3311,70
0,4329,8.762,7.2446,82
1,4329,8.762,7.3137,69
2,4329,8.762,7.2758,72
3,4329,8.762,7.1395,81
0,4330,8.762,7.341,68
1,4330,8.762,7.352,74
2,4330,8.762,7.3138,82
3,4330,8.762,7.4618,66
0,4331,8.762,7.4033,80
1,4331,8.762,7.1608,82
2,4331,8.762,7.3812,72
3,4331,8.762,7.3825,74
0,4332,8.762,7.2726,82
1,4332,8.762,7.3041,70
2,4332,8.762,7.2208,83
3,4332,8.762,7.138,80
0,4333,8.762,7.0387,88
1,4333,8.762,7.2389,71
2,4333,8.762,7.3345,76
3,4333,8.762,7.2695,72
0,4334,8.762,7.2187,79
1,4334,8.762,7.2625,76
2,4334,8.762,7.3743,76
3,4334,8.762,7.321,71
0,4335,8.762,7.2032,88
1,4335,8.762,7.2606,69
2,4335,8.762,7.3581,76
3,4335,8.762,7.2557,73
0,4336,8.762,7.1958,88
1,4336,8.762,7.3935,80
2,4336,8.762,7.0463,86
3,4336,8.762,7.4569,72
0,4337,8.762,7.3907,74
1,4337,8.762,7.3198,71
2,4337,8.762,7.4192,75
3,4337,8.762,7.2364,85
0,4338,8.762,7.4701,70
1,4338,8.762,7.2574,79
2,4338,8.762,7.1717,77
3,4338,8.762,7.2727,76
0,4339,8.762,7.4894,63
1,4339,8.762,7.2159,84
2,4339,8.762,7.3084,77
3,4339,8.762,7.3729,80
0,4340,8.762,7.2249,75
1,4340,8.762,7.3071,82
2,4340,8.762,7.3177,81
3,4340,8.762,7.3369,77
0,4341,8.762,7.193,84
1,4341,8.762,7.3618,70
2,4341,8.762,7.2275,86
3,4341,8.762,7.3134,81
0,4342,8.762,7.2901,77
1,4342,8.762,7.3305,77
2,4342,8.762,7.0411,84
3,4342,8.762,7.3457,72
0,4343,8.762,7.2387,64
1,4343,8.762,7.1944,73
2,4343,8.762,7.3719,70
3,4343,8.762,7.1884,72
0,4344,8.762,7.2535,81
1,4344,8.762,7.2483,84
2,4344,8.762,7.354,79
3,4344,8.762,7.3123,79
0,4345,8.762,7.1863,78
1,4345,8.762,7.252,84
2,4345,8.762,7.2301,81
3,4345,8.762,7.1353,72
0,4346,8.762,7.3222,72
1,4346,8.762,7.2278,78
2,4346,8.762,7.3782,72
3,4346,8.762,7.1632,73
0,4347,8.762,7.1519,89
1,4347,8.762,7.3005,83
2,4347,8.762,7.2084,64
3,4347,8.762,7.2273,75
0,4348,8.762,7.421,68
1,4348,8.762,7.3216,73
2,4348,8.762,7.1624,83
3,4348,8.762,7.2109,74
0,4349,8.762,7.2556,79
1,4349,8.762,7.3123,74
2,4349,8.762,7.3874,72
3,4349,8.762,7.2587,84
0,4350,8.762,7.2616,79
1,4350,8.762,7.3549,75
2,4350,8.762,7.2851,80
3,4350,8.762,7.197,76
0,4351,8.762,7.2763,78
1,4351,8.762,7.3348,71
2,4351,8.762,7.4537,71
3,4351,8.762,7.268,88
0,4352,8.762,7.2509,81
1,4352,8.762,7.2267,78
2,4352,8.762,7.2751,80
3,4352,8.762,7.2703,80
0,4353,8.762,7.2746,71
1,4353,8.762,7.3208,74
2,4353,8.762,7.2889,78
3,4353,8.762,7.2935,81
0,4354,8.762,7.1777,80
1,4354,8.762,7.2214,80
2,4354,8.762,7.3353,77
3,4354,8.762,7.2895,86
0,4355,8.762,7.332,80
1,4355,8.762,7.1205,78
2,4355,8.762,7.2996,85
3,4355,8.762,7.3901,71
0,4356,8.762,7.4507,76
1,4356,8.762,7.2588,74
2,4356,8.762,7.3964,78
3,4356,8.762,7.3146,74
0,4357,8.762,7.3051,73
1,4357,8.762,7.1306,83
2,4357,8.762,7.3076,79
3,4357,8.762,7.2988,80
0,4358,8.762,7.2287,78
1,4358,8.762,7.3621,71
2,4358,8.762,7.2277,75
3,4358,8.762,7.2307,76
0,4359,8.762,7.2508,78
1,4359,8.762,7.2202,76
2,4359,8.762,7.3323,84
3,4359,8.762,7.4108,65
0,4360,8.762,7.2893,77
1,4360,8.762,7.2587,79
2,4360,8.762,7.3901,73
3,4360,8.762,7.2182,72
0,4361,8.762,7.296,75
1,4361,8.762,7.2135,80
2,4361,8.762,7.3387,71
3,4361,8.762,7.4209,68
0,4362,8.762,7.2771,78
1,4362,8.762,7.231,75
2,4362,8.762,7.3234,74
3,4362,8.762,7.3318,82
0,4363,8.762,7.1648,75
1,4363,8.762,7.246,77
2,4363,8.762,7.4802,68
3,4363,8.762,7.2823,70
0,4364,8.762,7.349,83
1,4364,8.762,7.3795,70
2,4364,8.762,7.3967,64
3,4364,8.762,7.4309,63
0,4365,8.762,7.4043,73
1,4365,8.762,7.3136,77
2,4365,8.762,7.2355,67
3,4365,8.762,7.1556,75
0,4366,8.762,7.2318,76
1,4366,8.762,7.1754,76
2,4366,8.762,7.449,75
3,4366,8.762,7.3283,80
0,4367,8.762,7.3972,72
1,4367,8.762,7.2448,77
2,4367,8.762,7.3419,73
3,4367,8.762,7.3322,75
0,4368,8.762,7.1825,78
1,4368,8.762,7.2981,69
2,4368,8.762,7.3311,82
3,4368,8.762,7.1773,74
0,4369,8.762,7.3132,79
1,4369,8.762,7.3373,77
2,4369,8.762,7.3187,73
3,4369,8.762,7.4007,73
0,4370,8.762,7.2916,66
1,4370,8.762,7.3111,84
2,4370,8.762,7.4377,73
3,4370,8.762,7.2839,76
0,4371,8.762,7.2857,76
1,4371,8.762,7.2684,76
2,4371,8.762,7.3698,76
3,4371,8.762,7.195,83
0,4372,8.762,7.1798,80
1,4372,8.762,7.204,80
2,4372,8.762,7.2914,70
3,4372,8.762,7.3963,69
0,4373,8.762,7.3943,72
1,4373,8.762,7.1555,82
2,4373,8.762,7.222,83
3,4373,8.762,7.3685,67
0,4374,8.762,7.3763,73
1,4374,8.762,7.4057,74
2,4374,8.762,7.2657,72
3,4374,8.762,7.2139,73
0,4375,8.762,7.2675,72
1,4375,8.762,7.199,89
2,4375,8.762,7.2867,80
3,4375,8.762,7.2806,75
0,4376,8.762,7.3106,74
1,4376,8.762,7.1786,83
2,4376,8.762,7.2523,74
3,4376,8.762,7.2416,84
0,4377,8.762,7.3017,78
1,4377,8.762,7.3064,81
2,4377,8.762,7.3535,73
3,4377,8.762,7.2971,73
0,4378,8.762,7.3099,74
1,4378,8.762,7.0699,81
2,4378,8.762,7.3,75
3,4378,8.762,7.336,72
0,4379,8.762,7.4145,72
1,4379,8.762,7.3524,74
2,4379,8.762,7.3264,81
3,4379,8.762,7.3133,86
0,4380,8.762,7.3931,72
1,4380,8.762,7.2291,75
2,4380,8.762,7.2622,72
3,4380,8.762,7.327,77
0,4381,8.762,7.3296,75
1,4381,8.762,7.252,75
2,4381,8.762,7.1626,81
3,4381,8.762,7.2446,82
0,4382,8.762,7.3108,69
1,4382,8.762,7.2914,78
2,4382,8.762,7.342,83
3,4382,8.762,7.3899,73
0,4383,8.762,7.3457,71
1,4383,8.762,7.1691,76
2,4383,8.762,7.4304,70
3,4383,8.762,7.1942,93
0,4384,8.762,7.2767,82
1,4384,8.762,7.28,80
2,4384,8.762,7.3023,73
3,4384,8.762,7.485,76
0,4385,8.762,7.4145,69
1,4385,8.762,7.1272,74
2,4385,8.762,7.1882,80
3,4385,8.762,7.2813,72
0,4386,8.762,7.3656,73
1,4386,8.762,7.2897,71
2,4386,8.762,7.3559,75
3,4386,8.762,7.2803,78
0,4387,8.762,7.3471,73
1,4387,8.762,7.3221,73
2,4387,8.762,7.4879,60
3,4387,8.762,7.1707,81
0,4388,8.762,7.1998,81
1,4388,8.762,7.2652,73
2,4388,8.762,7.3464,74
3,4388,8.762,7.3314,69
0,4389,8.762,7.3999,70
1,4389,8.762,7.1234,87
2,4389,8.762,7.3702,71
3,4389,8.762,7.3178,79
0,4390,8.762,7.3466,79
1,4390,8.762,7.2297,82
2,4390,8.762,7.2205,74
3,4390,8.762,7.3104,73
0,4391,8.762,7.2979,75
1,4391,8.762,7.2991,77
2,4391,8.762,7.2646,74
3,4391,8.762,7.2538,76
0,4392,8.762,7.3655,74
1,4392,8.762,7.2189,82
2,4392,8.762,7.429,71
3,4392,8.762,7.1791,77
0,4393,8.762,7.2541,69
1,4393,8.762,7.3282,75
2,4393,8.762,7.2843,82
3,4393,8.762,7.4118,70
0,4394,8.762,7.2495,76
1,4394,8.762,7.3487,75
2,4394,8.762,7.2909,82
3,4394,8.762,7.2591,80
0,4395,8.762,7.3496,71
1,4395,8.762,7.3291,69
2,4395,8.762,7.2081,78
3,4395,8.762,7.4038,79
0,4396,8.762,7.385,80
1,4396,8.762,7.3291,74
2,4396,8.762,7.2363,77
3,4396,8.762,7.3628,72
0,4397,8.762,7.0931,83
1,4397,8.762,7.2739,83
2,4397,8.762,7.3705,83
3,4397,8.762,7.4383,74
0,4398,8.762,7.3253,74
1,4398,8.762,7.342,80
2,4398,8.762,7.1983,87
3,4398,8.762,7.3337,75
0,4399,8.762,7.3347,72
1,4399,8.762,7.2044,87
2,4399,8.762,7.3471,79
3,4399,8.762,7.4003,71
0,4400,8.762,7.3487,82
1,4400,8.762,7.4273,63
2,4400,8.762,7.3517,81
3,4400,8.762,7.226,70
0,4401,8.762,7.1953,81
1,4401,8.762,7.2926,81
2,4401,8.762,7.3521,65
3,4401,8.762,7.3531,71
0,4402,8.762,7.2704,79
1,4402,8.762,7.1403,75
2,4402,8.762,7.3248,76
3,4402,8.762,7.2822,73
0,4403,8.762,7.1964,77
1,4403,8.762,7.2303,81
2,4403,8.762,7.1551,84
3,4403,8.762,7.2057,82
0,4404,8.762,7.3556,69
1,4404,8.762,7.5068,68
2,4404,8.762,7.2846,71
3,4404,8.762,7.3264,78
0,4405,8.762,7.2959,79
1,4405,8.762,7.1915,75
2,4405,8.762,7.347,75
3,4405,8.762,7.3292,71
0,4406,8.762,7.4003,79
1,4406,8.762,7.4227,63
2,4406,8.762,7.0935,74
3,4406,8.762,7.2629,72
0,4407,8.762,7.4216,80
1,4407,8.762,7.3295,72
2,4407,8.762,7.3336,72
3,4407,8.762,7.206,72
0,4408,8.762,7.2579,82
1,4408,8.762,7.4151,77
2,4408,8.762,7.4353,73
3,4408,8.762,7.2071,74
0,4409,8.762,7.3427,72
1,4409,8.762,7.2018,86
2,4409,8.762,7.4346,59
3,4409,8.762,7.3275,65
0,4410,8.762,7.2561,87
1,4410,8.762,7.3133,76
2,4410,8.762,7.3525,79
3,4410,8.762,7.1719,87
0,4411,8.762,7.2168,85
1,4411,8.762,7.4293,65
2,4411,8.762,7.2785,77
3,4411,8.762,7.217,84
0,4412,8.762,7.2583,80
1,4412,8.762,7.1386,84
2,4412,8.762,7.3415,79
3,4412,8.762,7.3086,75
0,4413,8.762,7.2872,80
1,4413,8.762,7.2151,76
2,4413,8.762,7.0621,86
3,4413,8.762,7.3393,74
0,4414,8.762,7.2385,68
1,4414,8.762,7.2152,78
2,4414,8.762,7.3281,77
3,4414,8.762,7.3046,73
0,4415,8.762,7.3654,71
1,4415,8.762,7.2724,72
2,4415,8.762,7.1776,79
3,4415,8.762,7.2956,75
0,4416,8.762,7.3194,77
1,4416,8.762,7.3322,74
2,4416,8.762,7.3372,75
3,4416,8.762,7.447,70
0,4417,8.762,7.3136,84
1,4417,8.762,7.2539,79
2,4417,8.762,7.1185,80
3,4417,8.762,7.3644,74
0,4418,8.762,7.1774,68
1,4418,8.762,7.2899,80
2,4418,8.762,7.3752,74
3,4418,8.762,7.2387,74
0,4419,8.762,7.3473,67
1,4419,8.762,7.3137,70
2,4419,8.762,7.391,67
3,4419,8.762,7.3007,81
0,4420,8.762,7.3968,71
1,4420,8.762,7.1149,80
2,4420,8.762,7.2095,74
3,4420,8.762,7.1926,77
0,4421,8.762,7.2981,82
1,4421,8.762,7.3302,74
2,4421,8.762,7.2848,78
3,4421,8.762,7.2936,75
0,4422,8.762,7.3367,77
1,4422,8.762,7.2364,79
2,4422,8.762,7.1969,74
3,4422,8.762,7.418,69
0,4423,8.762,7.1327,79
1,4423,8.762,7.4301,69
2,4423,8.762,7.2182,73
3,4423,8.762,7.2986,74
0,4424,8.762,7.4616,65
1,4424,8.762,7.2491,79
2,4424,8.762,7.3446,80
3,4424,8.762,7.2495,75
0,4425,8.762,7.4084,72
1,4425,8.762,7.2798,76
2,4425,8.762,7.2746,79
3,4425,8.762,7.3622,69
0,4426,8.762,7.424,70
1,4426,8.762,7.351,73
2,4426,8.762,7.1853,70
3,4426,8.762,7.3057,76
0,4427,8.762,7.2247,80
1,4427,8.762,7.3253,78
2,4427,8.762,7.1753,73
3,4427,8.762,7.1542,78
0,4428,8.762,7.131,78
1,4428,8.762,7.2803,71
2,4428,8.762,7.2645,76
3,4428,8.762,7.1802,73
0,4429,8.762,7.2614,80
1,4429,8.762,7.3789,80
2,4429,8.762,7.2981,79
3,4429,8.762,7.3821,65
0,4430,8.762,7.2823,81
1,4430,8.762,7.5439,73
2,4430,8.762,7.1622,86
3,4430,8.762,7.3456,64
0,4431,8.762,7.2219,91
1,4431,8.762,7.3855,80
2,4431,8.762,7.3868,71
3,4431,8.762,7.1983,82
0,4432,8.762,7.2576,80
1,4432,8.762,7.3819,79
2,4432,8.762,7.3183,78
3,4432,8.762,7.2113,84
0,4433,8.762,7.3219,69
1,4433,8.762,7.237,79
2,4433,8.762,7.31,74
3,4433,8.762,7.4011,75
0,4434,8.762,7.2686,77
1,4434,8.762,7.3333,70
2,4434,8.762,7.3234,77
3,4434,8.762,7.2503,80
0,4435,8.762,7.2118,79
1,4435,8.762,7.2315,80
2,4435,8.762,7.1536,75
3,4435,8.762,7.3846,75
0,4436,8.762,7.3695,78
1,4436,8.762,7.3141,76
2,4436,8.762,7.1962,83
3,4436,8.762,7.3519,63
0,4437,8.762,7.3518,74
1,4437,8.762,7.3495,74
2,4437,8.762,7.242,76
3,4437,8.762,7.2496,79
0,4438,8.762,7.2356,79
1,4438,8.762,7.2254,73
2,4438,8.762,7.2195,76
3,4438,8.762,7.1705,80
0,4439,8.762,7.3293,88
1,4439,8.762,7.3552,75
2,4439,8.762,7.3096,86
3,4439,8.762,7.2461,75
0,4440,8.762,7.2977,81
1,4440,8.762,7.4563,73
2,4440,8.762,7.3436,84
3,4440,8.762,7.3255,74
0,4441,8.762,7.279,76
1,4441,8.762,7.117,87
2,4441,8.762,7.2285,76
3,4441,8.762,7.3233,71
0,4442,8.762,7.1568,74
1,4442,8.762,7.2568,72
2,4442,8.762,7.2254,82
3,4442,8.762,7.2627,67
0,4443,8.762,7.2409,81
1,4443,8.762,7.2597,82
2,4443,8.762,7.2123,80
3,4443,8.762,7.2365,70
0,4444,8.762,7.255,87
1,4444,8.762,7.4222,65
2,4444,8.762,7.2567,81
3,4444,8.762,7.281,73
0,4445,8.762,7.2622,85
1,4445,8.762,7.1677,84
2,4445,8.762,7.2076,81
3,4445,8.762,7.2852,71
0,4446,8.762,7.1235,83
1,4446,8.762,7.364,68
2,4446,8.762,7.4535,75
3,4446,8.762,7.3429,69
0,4447,8.762,7.1686,75
1,4447,8.762,7.1427,85
2,4447,8.762,7.386,73
3,4447,8.762,7.2171,74
0,4448,8.762,7.3009,79
1,4448,8.762,7.2721,78
2,4448,8.762,7.3527,67
3,4448,8.762,7.3206,73
0,4449,8.762,7.1831,76
1,4449,8.762,7.4051,73
2,4449,8.762,7.0863,78
3,4449,8.762,7.3608,65
0,4450,8.762,7.1764,81
1,4450,8.762,7.4257,71
2,4450,8.762,7.2667,71
3,4450,8.762,7.3311,68
0,4451,8.762,7.3345,78
1,4451,8.762,7.3428,72
2,4451,8.762,7.1369,87
3,4451,8.762,7.2037,84
0,4452,8.762,7.34,82
1,4452,8.762,7.2601,79
2,4452,8.762,7.3398,72
3,4452,8.762,7.4232,79
0,4453,8.762,7.2467,75
1,4453,8.762,7.2413,77
2,4453,8.762,7.2734,71
3,4453,8.762,7.2262,80
0,4454,8.762,7.3188,68
1,4454,8.762,7.286,73
2,4454,8.762,7.438,76
3,4454,8.762,7.1799,81
0,4455,8.762,7.3368,72
1,4455,8.762,7.3832,78
2,4455,8.762,7.3894,75
3,4455,8.762,7.257,75
0,4456,8.762,7.2093,79
1,4456,8.762,7.2358,88
2,4456,8.762,7.2257,77
3,4456,8.762,7.3564,80
0,4457,8.762,7.2375,72
1,4457,8.762,7.2833,77
2,4457,8.762,7.2086,80
3,4457,8.762,7.3055,82
0,4458,8.762,7.4035,72
1,4458,8.762,7.3472,75
2,4458,8.762,7.4403,71
3,4458,8.762,7.2886,77
0,4459,8.762,7.2962,76
1,4459,8.762,7.3572,79
2,4459,8.762,7.2449,75
3,4459,8.762,7.3562,70
0,4460,8.762,7.2199,80
1,4460,8.762,7.3719,70
2,4460,8.762,7.4447,73
3,4460,8.762,7.1346,87
0,4461,8.762,7.1074,88
1,4461,8.762,7.3836,74
2,4461,8.762,7.38,73
3,4461,8.762,7.1071,87
0,4462,8.762,7.1577,73
1,4462,8.762,7.2338,84
2,4462,8.762,7.5497,72
3,4462,8.762,7.3024,75
0,4463,8.762,7.2807,72
1,4463,8.762,7.1772,80
2,4463,8.762,7.1988,83
3,4463,8.762,7.4276,69
0,4464,8.762,7.2518,72
1,4464,8.762,7.2343,75
2,4464,8.762,7.2959,76
3,4464,8.762,7.2293,83
0,4465,8.762,7.3361,71
1,4465,8.762,7.2336,78
2,4465,8.762,7.1843,72
3,4465,8.762,7.3421,67
0,4466,8.762,7.3807,74
1,4466,8.762,7.1703,77
2,4466,8.762,7.347,70
3,4466,8.762,7.2806,80
0,4467,8.762,7.2306,83
1,4467,8.762,7.364,74
2,4467,8.762,7.3026,68
3,4467,8.762,7.3399,76
0,4468,8.762,7.329,78
1,4468,8.762,7.3075,77
2,4468,8.762,7.302,83
3,4468,8.762,7.3643,75
0,4469,8.762,7.2428,82
1,4469,8.762,7.2741,81
2,4469,8.762,7.261,79
3,4469,8.762,7.2042,76
0,4470,8.762,7.2934,86
1,4470,8.762,7.414,71
2,4470,8.762,7.3489,74
3,4470,8.762,7.3099,75
0,4471,8.762,7.3236,78
1,4471,8.762,7.4037,76
2,4471,8.762,7.3162,79
3,4471,8.762,7.3544,72
0,4472,8.762,7.0757,83
1,4472,8.762,7.2786,71
2,4472,8.762,7.3178,80
3,4472,8.762,7.3201,78
0,4473,8.762,7.3442,82
1,4473,8.762,7.3772,74
2,4473,8.762,7.2508,76
3,4473,8.762,7.1753,83
0,4474,8.762,7.372,73
1,4474,8.762,7.1447,87
2,4474,8.762,7.2884,72
3,4474,8.762,7.217,75
0,4475,8.762,7.2633,84
1,4475,8.762,7.2356,82
2,4475,8.762,7.2155,86
3,4475,8.762,7.3775,78
0,4476,8.762,7.3259,79
1,4476,8.762,7.3946,64
2,4476,8.762,7.2898,78
3,4476,8.762,7.36,69
0,4477,8.762,7.118,86
1,4477,8.762,7.3611,74
2,4477,8.762,7.4392,71
3,4477,8.762,7.3772,78
0,4478,8.762,7.1814,87
1,4478,8.762,7.2921,64
2,4478,8.762,7.2766,80
3,4478,8.762,7.2368,83
0,4479,8.762,7.2032,85
1,4479,8.762,7.289,80
2,4479,8.762,7.179,83
3,4479,8.762,7.274,78
0,4480,8.762,7.344,71
1,4480,8.762,7.3537,70
2,4480,8.762,7.2584,76
3,4480,8.762,7.4124,77
0,4481,8.762,7.1485,83
1,4481,8.762,7.3528,76
2,4481,8.762,7.317,82
3,4481,8.762,7.0817,83
0,4482,8.762,7.1922,68
1,4482,8.762,7.4044,73
2,4482,8.762,7.3287,84
3,4482,8.762,7.4562,71
0,4483,8.762,7.24,72
1,4483,8.762,7.2598,80
2,4483,8.762,7.2477,74
3,4483,8.762,7.3277,79
0,4484,8.762,7.1942,72
1,4484,8.762,7.2062,80
2,4484,8.762,7.3323,76
3,4484,8.762,7.4293,69
0,4485,8.762,7.1969,87
1,4485,8.762,7.389,75
2,4485,8.762,7.2317,94
3,4485,8.762,7.2802,77
0,4486,8.762,7.3786,78
1,4486,8.762,7.3425,69
2,4486,8.762,7.4474,70
3,4486,8.762,7.2006,72
0,4487,8.762,7.15,79
1,4487,8.762,7.4503,67
2,4487,8.762,7.4896,72
3,4487,8.762,7.3506,77
0,4488,8.762,7.362,70
1,4488,8.762,7.2206,76
2,4488,8.762,7.3912,77
3,4488,8.762,7.2852,79
0,4489,8.762,7.1477,73
1,4489,8.762,7.1514,79
2,4489,8.762,7.2398,76
3,4489,8.762,7.3029,78
0,4490,8.762,7.2542,77
1,4490,8.762,7.1025,76
2,4490,8.762,7.3573,73
3,4490,8.762,7.2234,72
0,4491,8.762,7.2496,70
1,4491,8.762,7.5457,71
2,4491,8.762,7.341,63
3,4491,8.762,7.4139,71
0,4492,8.762,7.2837,75
1,4492,8.762,7.3568,78
2,4492,8.762,7.2788,77
3,4492,8.762,7.2436,88
0,4493,8.762,7.2827,78
1,4493,8.762,7.377,75
2,4493,8.762,7.3602,79
3,4493,8.762,7.3245,77
0,4494,8.762,7.3758,71
1,4494,8.762,7.2177,84
2,4494,8.762,7.2352,82
3,4494,8.762,7.2581,74
0,4495,8.762,7.1534,77
1,4495,8.762,7.3179,71
2,4495,8.762,7.4436,81
3,4495,8.762,7.4052,72
0,4496,8.762,7.1578,73
1,4496,8.762,7.4262,64
2,4496,8.762,7.1873,76
3,4496,8.762,7.0807,79
0,4497,8.762,7.3908,78
1,4497,8.762,7.2967,86
2,4497,8.762,7.3917,73
3,4497,8.762,7.3422,71
0,4498,8.762,7.2932,75
1,4498,8.762,7.2606,77
2,4498,8.762,7.4057,68
3,4498,8.762,7.4112,83
0,4499,8.762,7.1263,73
1,4499,8.762,7.2571,67
2,4499,8.762,7.4124,65
3,4499,8.762,7.3697,70
0,4500,8.762,7.2423,78
1,4500,8.762,7.251,77
2,4500,8.762,7.2798,70
3,4500,8.762,7.1902,84
0,4501,8.762,7.3515,81
1,4501,8.762,7.2661,73
2,4501,8.762,7.2114,76
3,4501,8.762,7.4306,72
0,4502,8.762,7.5052,75
1,4502,8.762,7.3292,75
2,4502,8.762,7.4049,71
3,4502,8.762,7.3484,78
0,4503,8.762,7.2668,72
1,4503,8.762,7.3203,76
2,4503,8.762,7.3102,80
3,4503,8.762,7.3552,75
0,4504,8.762,7.3566,72
1,4504,8.762,7.2067,84
2,4504,8.762,7.4913,76
3,4504,8.762,7.1589,81
0,4505,8.762,7.4485,78
1,4505,8.762,7.4647,70
2,4505,8.762,7.2355,73
3,4505,8.762,7.2174,81
0,4506,8.762,7.3389,82
1,4506,8.762,7.2607,78
2,4506,8.762,7.3964,71
3,4506,8.762,7.2206,78
0,4507,8.762,7.3676,76
1,4507,8.762,7.3125,85
2,4507,8.762,7.3268,82
3,4507,8.762,7.2129,71
0,4508,8.762,7.3771,68
1,4508,8.762,7.3674,70
2,4508,8.762,7.3994,69
3,4508,8.762,7.2849,81
0,4509,8.762,7.3767,78
1,4509,8.762,7.3153,75
2,4509,8.762,7.3329,75
3,4509,8.762,7.4065,65
0,4510,8.762,7.3364,77
1,4510,8.762,7.2648,78
2,4510,8.762,7.3272,67
3,4510,8.762,7.3344,73
0,4511,8.762,7.2629,83
1,4511,8.762,7.489,75
2,4511,8.762,7.3887,80
3,4511,8.762,7.4134,79
0,4512,8.762,7.1129,77
1,4512,8.762,7.2965,86
2,4512,8.762,7.3337,76
3,4512,8.762,7.283,74
0,4513,8.762,7.2714,71
1,4513,8.762,7.3148,73
2,4513,8.762,7.308,79
3,4513,8.762,7.2472,74
0,4514,8.762,7.2771,75
1,4514,8.762,7.3722,75
2,4514,8.762,7.3134,81
3,4514,8.762,7.2681,71
0,4515,8.762,7.2393,76
1,4515,8.762,7.1133,79
2,4515,8.762,7.2451,86
3,4515,8.762,7.2821,75
0,4516,8.762,7.2429,72
1,4516,8.762,7.2625,77
2,4516,8.762,7.3072,67
3,4516,8.762,7.2149,88
0,4517,8.762,7.3293,80
1,4517,8.762,7.2705,72
2,4517,8.762,7.3876,77
3,4517,8.762,7.318,73
0,4518,8.762,7.3448,69
1,4518,8.762,7.3887,75
2,4518,8.762,7.3483,68
3,4518,8.762,7.1502,80
0,4519,8.762,7.2461,76
1,4519,8.762,7.3902,75
2,4519,8.762,7.2117,84
3,4519,8.762,7.4735,70
0,4520,8.762,7.3107,75
1,4520,8.762,7.2068,79
2,4520,8.762,7.4183,68
3,4520,8.762,7.3457,81
0,4521,8.762,7.1413,82
1,4521,8.762,7.2942,79
2,4521,8.762,7.3436,74
3,4521,8.762,7.2726,76
0,4522,8.762,7.1406,85
1,4522,8.762,7.2095,77
2,4522,8.762,7.0415,88
3,4522,8.762,7.2676,76
0,4523,8.762,7.2697,69
1,4523,8.762,7.3745,66
2,4523,8.762,7.2492,75
3,4523,8.762,7.3164,69
0,4524,8.762,7.4617,65
1,4524,8.762,7.26,84
2,4524,8.762,7.2564,68
3,4524,8.762,7.2044,87
0,4525,8.762,7.1922,79
1,4525,8.762,7.1858,76
2,4525,8.762,7.397,76
3,4525,8.762,7.1976,79
0,4526,8.762,7.3042,74
1,4526,8.762,7.2664,84
2,4526,8.762,7.3653,69
3,4526,8.762,7.2478,78
0,4527,8.762,7.2074,83
1,4527,8.762,7.4415,73
2,4527,8.762,7.0972,91
3,4527,8.762,7.262,76
0,4528,8.762,7.2726,88
1,4528,8.762,7.3111,68
2,4528,8.762,7.3412,73
3,4528,8.762,7.3073,79
0,4529,8.762,7.4286,69
1,4529,8.762,7.3842,75
2,4529,8.762,7.2293,85
3,4529,8.762,7.3681,80
0,4530,8.762,7.2247,75
1,4530,8.762,7.3891,85
2,4530,8.762,7.2182,78
3,4530,8.762,7.3474,75
0,4531,8.762,7.2821,75
1,4531,8.762,7.2804,74
2,4531,8.762,7.3341,67
3,4531,8.762,7.2522,76
0,4532,8.762,7.36,69
1,4532,8.762,7.2345,78
2,4532,8.762,7.3022,65
3,4532,8.762,7.3334,80
0,4533,8.762,7.1455,83
1,4533,8.762,7.2722,71
2,4533,8.762,7.2478,72
3,4533,8.762,7.3357,71
0,4534,8.762,7.3192,78
1,4534,8.762,7.2968,80
2,4534,8.762,7.4496,75
3,4534,8.762,7.4039,85
0,4535,8.762,7.1571,85
1,4535,8.762,7.1852,81
2,4535,8.762,7.2619,81
3,4535,8.762,7.2146,77
0,4536,8.762,7.2534,74
1,4536,8.762,7.3274,66
2,4536,8.762,7.3068,81
3,4536,8.762,7.4544,63
0,4537,8.762,7.2707,78
1,4537,8.762,7.2027,83
2,4537,8.762,7.2123,77
3,4537,8.762,7.1863,81
0,4538,8.762,7.3272,69
1,4538,8.762,7.2637,83
2,4538,8.762,7.3555,78
3,4538,8.762,7.2774,78
0,4539,8.762,7.3408,81
1,4539,8.762,7.3504,72
2,4539,8.762,7.1683,78
3,4539,8.762,7.3397,69
0,4540,8.762,7.3629,72
1,4540,8.762,7.2045,73
2,4540,8.762,7.4353,65
3,4540,8.762,7.1434,76
0,4541,8.762,7.2602,69
1,4541,8.762,7.1688,88
2,4541,8.762,7.2392,85
3,4541,8.762,7.1778,79
0,4542,8.762,7.4783,66
1,4542,8.762,7.1579,80
2,4542,8.762,7.2315,81
3,4542,8.762,7.3007,67
0,4543,8.762,7.1829,75
1,4543,8.762,7.2868,75
2,4543,8.762,7.2299,76
3,4543,8.762,7.3247,73
0,4544,8.762,7.2663,72
1,4544,8.762,7.3781,67
2,4544,8.762,7.3464,72
3,4544,8.762,7.3522,75
0,4545,8.762,7.3205,82
1,4545,8.762,7.3381,73
2,4545,8.762,7.3309,80
3,4545,8.762,7.3372,73
0,4546,8.762,7.2658,79
1,4546,8.762,7.206,92
2,4546,8.762,7.2631,77
3,4546,8.762,7.3006,84
0,4547,8.762,7.3189,87
1,4547,8.762,7.3935,76
2,4547,8.762,7.4179,69
3,4547,8.762,7.2572,80
0,4548,8.762,7.298,71
1,4548,8.762,7.3392,68
2,4548,8.762,7.2443,77
3,4548,8.762,7.3183,80
0,4549,8.762,7.1857,86
1,4549,8.762,7.3388,78
2,4549,8.762,7.1769,83
3,4549,8.762,7.3496,78
0,4550,8.762,7.2224,82
1,4550,8.762,7.3882,63
2,4550,8.762,7.3291,74
3,4550,8.762,7.4364,73
0,4551,8.762,7.2382,89
1,4551,8.762,7.3376,67
2,4551,8.762,7.3085,77
3,4551,8.762,7.2318,79
0,4552,8.762,7.2722,74
1,4552,8.762,7.2171,84
2,4552,8.762,7.2202,88
3,4552,8.762,7.3509,75
0,4553,8.762,7.2394,81
1,4553,8.762,7.2142,83
2,4553,8.762,7.3918,70
3,4553,8.762,7.3187,67
0,4554,8.762,7.227,77
1,4554,8.762,7.216,79
2,4554,8.762,7.2358,72
3,4554,8.762,7.155,82
0,4555,8.762,7.3054,80
1,4555,8.762,7.3233,80
2,4555,8.762,7.3681,70
3,4555,8.762,7.3364,82
0,4556,8.762,7.2923,77
1,4556,8.762,7.3946,76
2,4556,8.762,7.2181,77
3,4556,8.762,7.1996,80
0,4557,8.762,7.3149,76
1,4557,8.762,7.4802,68
2,4557,8.762,7.4849,79
3,4557,8.762,7.3596,74
0,4558,8.762,7.2184,84
1,4558,8.762,7.1488,89
2,4558,8.762,7.4165,66
3,4558,8.762,7.3928,76
0,4559,8.762,7.3769,72
1,4559,8.762,7.2317,81
2,4559,8.762,7.1623,84
3,4559,8.762,7.2624,81
0,4560,8.762,7.3129,69
1,4560,8.762,7.3467,68
2,4560,8.762,7.3642,70
3,4560,8.762,7.2231,84
0,4561,8.762,7.3748,79
1,4561,8.762,7.2607,89
2,4561,8.762,7.4218,74
3,4561,8.762,7.2438,73
0,4562,8.762,7.3235,71
1,4562,8.762,7.1161,79
2,4562,8.762,7.2788,70
3,4562,8.762,7.3629,89
0,4563,8.762,7.2732,75
1,4563,8.762,7.3672,76
2,4563,8.762,7.3158,80
3,4563,8.762,7.4567,78
0,4564,8.762,7.2646,79
1,4564,8.762,7.3182,74
2,4564,8.762,7.2178,80
3,4564,8.762,7.1068,84
0,4565,8.762,7.3647,70
1,4565,8.762,7.397,85
2,4565,8.762,7.3484,63
3,4565,8.762,7.2498,79
0,4566,8.762,7.3747,72
1,4566,8.762,7.1959,81
2,4566,8.762,7.1518,83
3,4566,8.762,7.2365,89
0,4567,8.762,7.2832,73
1,4567,8.762,7.2366,75
2,4567,8.762,7.2525,81
3,4567,8.762,7.3542,74
0,4568,8.762,7.2638,75
1,4568,8.762,7.2583,76
2,4568,8.762,7.2404,81
3,4568,8.762,7.3139,72
0,4569,8.762,7.3322,67
1,4569,8.762,7.2169,76
2,4569,8.762,7.3503,75
3,4569,8.762,7.3387,77
0,4570,8.762,7.3293,75
1,4570,8.762,7.1904,76
2,4570,8.762,7.2873,78
3,4570,8.762,7.3342,73
0,4571,8.762,7.3015,76
1,4571,8.762,7.3522,68
2,4571,8.762,7.2623,75
3,4571,8.762,7.2346,83
0,4572,8.762,7.389,71
1,4572,8.762,7.4333,64
2,4572,8.762,7.3258,73
3,4572,8.762,7.1449,83
0,4573,8.762,7.3483,76
1,4573,8.762,7.4074,64
2,4573,8.762,7.2396,74
3,4573,8.762,7.4336,69
0,4574,8.762,7.2364,75
1,4574,8.762,7.1669,88
2,4574,8.762,7.3993,75
3,4574,8.762,7.4251,71
0,4575,8.762,7.2351,80
1,4575,8.762,7.3998,73
2,4575,8.762,7.3039,70
3,4575,8.762,7.3386,84
0,4576,8.762,7.353,69
1,4576,8.762,7.3312,70
2,4576,8.762,7.2787,79
3,4576,8.762,7.2288,77
0,4577,8.762,7.4269,72
1,4577,8.762,7.3256,73
2,4577,8.762,7.2497,76
3,4577,8.762,7.2723,67
0,4578,8.762,7.06,77
1,4578,8.762,7.1602,86
2,4578,8.762,7.2638,75
3,4578,8.762,7.076,86
0,4579,8.762,7.3235,72
1,4579,8.762,7.4707,71
2,4579,8.762,7.3001,73
3,4579,8.762,7.4736,67
0,4580,8.762,7.2853,83
1,4580,8.762,7.2915,70
2,4580,8.762,7.3102,75
3,4580,8.762,7.3851,73
0,4581,8.762,7.398,70
1,4581,8.762,7.3026,75
2,4581,8.762,7.2363,70
3,4581,8.762,7.4214,81
0,4582,8.762,7.2754,75
1,4582,8.762,7.3091,80
2,4582,8.762,7.4435,74
3,4582,8.762,7.2581,76
0,4583,8.762,7.2745,78
1,4583,8.762,7.2657,81
2,4583,8.762,7.3013,78
3,4583,8.762,7.2383,82
0,4584,8.762,7.1685,83
1,4584,8.762,7.2673,80
2,4584,8.762,7.2911,84
3,4584,8.762,7.4692,64
0,4585,8.762,7.1946,87
1,4585,8.762,7.1983,84
2,4585,8.762,7.2153,81
3,4585,8.762,7.3039,67
0,4586,8.762,7.3315,73
1,4586,8.762,7.2479,72
2,4586,8.762,7.2785,80
3,4586,8.762,7.2342,78
0,4587,8.762,7.1094,79
1,4587,8.762,7.1994,84
2,4587,8.762,7.2916,73
3,4587,8.762,7.3242,70
0,4588,8.762,7.2442,79
1,4588,8.762,7.3726,76
2,4588,8.762,7.3382,72
3,4588,8.762,7.193,85
0,4589,8.762,7.5035,73
1,4589,8.762,7.3119,70
2,4589,8.762,7.2264,71
3,4589,8.762,7.2505,84
0,4590,8.762,7.0758,74
1,4590,8.762,7.3033,74
2,4590,8.762,7.2238,71
3,4590,8.762,7.2244,74
0,4591,8.762,7.4501,74
1,4591,8.762,7.314,82
2,4591,8.762,7.2059,76
3,4591,8.762,7.2202,67
0,4592,8.762,7.32,67
1,4592,8.762,7.183,83
2,4592,8.762,7.1695,74
3,4592,8.762,7.4232,62
0,4593,8.762,7.1855,71
1,4593,8.762,7.1764,77
2,4593,8.762,7.1521,88
3,4593,8.762,7.275,76
0,4594,8.762,7.1826,77
1,4594,8.762,7.2838,80
2,4594,8.762,7.3739,75
3,4594,8.762,7.2991,74
0,4595,8.762,7.056,89
1,4595,8.762,7.2578,83
2,4595,8.762,7.307,82
3,4595,8.762,7.3208,82
0,4596,8.762,7.264,86
1,4596,8.762,7.205,83
2,4596,8.762,7.3243,78
3,4596,8.762,7.1754,85
0,4597,8.762,7.3347,76
1,4597,8.762,7.3691,68
2,4597,8.762,7.204,69
3,4597,8.762,7.212,82
0,4598,8.762,7.2286,73
1,4598,8.762,7.4127,68
2,4598,8.762,7.0748,79
3,4598,8.762,7.2861,71
0,4599,8.762,7.304,78
1,4599,8.762,7.2784,78
2,4599,8.762,7.2238,83
3,4599,8.762,7.306,71
0,4600,8.762,7.1962,69
1,4600,8.762,7.3634,74
2,4600,8.762,7.1533,76
3,4600,8.762,7.317,77
0,4601,8.762,7.3629,74
1,4601,8.762,7.3877,79
2,4601,8.762,7.4023,83
3,4601,8.762,7.2034,87
0,4602,8.762,7.2456,83
1,4602,8.762,7.1892,76
2,4602,8.762,7.2613,74
3,4602,8.762,7.1632,74
0,4603,8.762,7.2888,76
1,4603,8.762,7.2641,77
2,4603,8.762,7.132,81
3,4603,8.762,7.312,76
0,4604,8.762,7.2117,76
1,4604,8.762,7.3881,74
2,4604,8.762,7.2504,73
3,4604,8.762,7.4681,72
0,4605,8.762,7.2208,78
1,4605,8.762,7.3724,66
2,4605,8.762,7.1965,78
3,4605,8.762,7.3809,72
0,4606,8.762,7.293,78
1,4606,8.762,7.3963,79
2,4606,8.762,7.323,77
3,4606,8.762,7.4311,73
0,4607,8.762,7.2926,76
1,4607,8.762,7.2074,65
2,4607,8.762,7.3251,76
3,4607,8.762,7.3473,74
0,4608,8.762,7.4005,69
1,4608,8.762,7.4057,76
2,4608,8.762,7.4629,68
3,4608,8.762,7.0976,84
0,4609,8.762,7.2974,76
1,4609,8.762,7.0948,75
2,4609,8.762,7.5423,62
3,4609,8.762,7.3113,68
0,4610,8.762,7.3124,82
1,4610,8.762,7.38,77
2,4610,8.762,7.0635,85
3,4610,8.762,7.2088,75
0,4611,8.762,7.3371,72
1,4611,8.762,7.2122,80
2,4611,8.762,7.4549,72
3,4611,8.762,7.1417,87
0,4612,8.762,7.2677,78
1,4612,8.762,7.2623,90
2,4612,8.762,7.3968,64
3,4612,8.762,7.1613,85
0,4613,8.762,6.9945,79
1,4613,8.762,7.2146,71
2,4613,8.762,7.407,75
3,4613,8.762,7.179,74
0,4614,8.762,7.2608,75
1,4614,8.762,7.2851,77
2,4614,8.762,7.4392,71
3,4614,8.762,7.2971,74
0,4615,8.762,7.348,77
1,4615,8.762,7.1797,77
2,4615,8.762,7.3425,74
3,4615,8.762,7.2997,72
0,4616,8.762,7.2189,89
1,4616,8.762,7.081,82
2,4616,8.762,7.347,81
3,4616,8.762,7.2695,81
0,4617,8.762,7.3154,84
1,4617,8.762,7.3288,74
2,4617,8.762,7.2662,78
3,4617,8.762,7.2624,78
0,4618,8.762,7.3382,88
1,4618,8.762,7.3376,86
2,4618,8.762,7.3064,71
3,4618,8.762,7.4223,78
0,4619,8.762,7.2214,77
1,4619,8.762,7.3033,78
2,4619,8.762,7.2374,72
3,4619,8.762,7.1445,76
0,4620,8.762,7.1407,88
1,4620,8.762,7.2412,64
2,4620,8.762,7.303,78
3,4620,8.762,7.4034,70
0,4621,8.762,7.3503,81
1,4621,8.762,7.2205,78
2,4621,8.762,7.2554,73
3,4621,8.762,7.1053,72
0,4622,8.762,7.3904,77
1,4622,8.762,7.2998,74
2,4622,8.762,7.3391,77
3,4622,8.762,7.4089,76
0,4623,8.762,7.1262,87
1,4623,8.762,7.2697,72
2,4623,8.762,7.3195,68
3,4623,8.762,7.3771,70
0,4624,8.762,7.1244,90
1,4624,8.762,7.2445,75
2,4624,8.762,7.2793,81
3,4624,8.762,7.3217,69
0,4625,8.762,7.3519,72
1,4625,8.762,7.4098,77
2,4625,8.762,7.2205,80
3,4625,8.762,7.2654,66
0,4626,8.762,7.3777,75
1,4626,8.762,7.3867,72
2,4626,8.762,7.1587,75
3,4626,8.762,7.2464,66
0,4627,8.762,7.2514,77
1,4627,8.762,7.264,75
2,4627,8.762,7.3731,74
3,4627,8.762,7.24,77
0,4628,8.762,7.3237,73
1,4628,8.762,7.1424,82
2,4628,8.762,7.2956,75
3,4628,8.762,7.4078,71
0,4629,8.762,7.2893,86
1,4629,8.762,7.2441,77
2,4629,8.762,7.3311,74
3,4629,8.762,7.4278,68
0,4630,8.762,7.2137,80
1,4630,8.762,7.2137,75
2,4630,8.762,7.2309,83
3,4630,8.762,7.4007,68
0,4631,8.762,7.2644,78
1,4631,8.762,7.268,71
2,4631,8.762,7.2852,78
3,4631,8.762,7.372,80
0,4632,8.762,7.186,86
1,4632,8.762,7.37,78
2,4632,8.762,7.3556,77
3,4632,8.762,7.3036,84
0,4633,8.762,7.0797,89
1,4633,8.762,7.2599,75
2,4633,8.762,7.3781,73
3,4633,8.762,7.2276,76
0,4634,8.762,7.2111,82
1,4634,8.762,7.1492,86
2,4634,8.762,7.2733,80
3,4634,8.762,7.2513,69
0,4635,8.762,7.2868,77
1,4635,8.762,7.3494,73
2,4635,8.762,7.3174,76
3,4635,8.762,7.2895,77
0,4636,8.762,7.2079,77
1,4636,8.762,7.119,85
2,4636,8.762,7.2061,85
3,4636,8.762,7.3506,72
0,4637,8.762,7.2768,76
1,4637,8.762,7.2059,84
2,4637,8.762,7.242,71
3,4637,8.762,7.4092,72
0,4638,8.762,7.3499,77
1,4638,8.762,7.3071,76
2,4638,8.762,7.2297,81
3,4638,8.762,7.3111,84
0,4639,8.762,7.4104,71
1,4639,8.762,7.3808,75
2,4639,8.762,7.2297,73
3,4639,8.762,7.2954,78
0,4640,8.762,7.2079,77
1,4640,8.762,7.3694,77
2,4640,8.762,7.4304,78
3,4640,8.762,7.1822,76
0,4641,8.762,7.334,78
1,4641,8.762,7.2187,81
2,4641,8.762,7.3055,73
3,4641,8.762,7.3665,69
0,4642,8.762,7.2455,81
1,4642,8.762,7.3027,78
2,4642,8.762,7.3711,79
3,4642,8.762,7.4476,72
0,4643,8.762,7.1979,82
1,4643,8.762,7.2371,79
2,4643,8.762,7.437,66
3,4643,8.762,7.2814,71
0,4644,8.762,7.2405,79
1,4644,8.762,7.5016,64
2,4644,8.762,7.3161,76
3,4644,8.762,7.3664,84
0,4645,8.762,7.2297,79
1,4645,8.762,7.3368,83
2,4645,8.762,7.208,82
3,4645,8.762,7.3947,73
0,4646,8.762,7.1834,81
1,4646,8.762,7.2561,76
2,4646,8.762,7.3851,76
3,4646,8.762,7.2394,72
0,4647,8.762,7.3289,78
1,4647,8.762,7.3392,77
2,4647,8.762,7.1564,80
3,4647,8.762,7.5039,73
0,4648,8.762,7.2232,85
1,4648,8.762,7.4938,67
2,4648,8.762,7.2322,76
3,4648,8.762,7.2524,80
0,4649,8.762,7.5446,74
1,4649,8.762,7.1037,79
2,4649,8.762,7.3171,87
3,4649,8.762,7.2811,79
0,4650,8.762,7.5296,70
1,4650,8.762,7.2735,79
2,4650,8.762,7.424,62
3,4650,8.762,7.3328,65
0,4651,8.762,7.2213,79
1,4651,8.762,7.3471,72
2,4651,8.762,7.2918,70
3,4651,8.762,7.3269,76
0,4652,8.762,7.3323,74
1,4652,8.762,7.3159,79
2,4652,8.762,7.2306,84
3,4652,8.762,7.1656,83
0,4653,8.762,7.355,75
1,4653,8.762,7.2617,87
2,4653,8.762,7.1826,78
3,4653,8.762,7.2307,78
0,4654,8.762,7.2921,77
1,4654,8.762,7.2872,78
2,4654,8.762,7.0185,77
3,4654,8.762,7.3452,77
0,4655,8.762,7.4446,68
1,4655,8.762,7.2807,71
2,4655,8.762,7.3188,69
3,4655,8.762,7.2286,71
0,4656,8.762,7.2675,81
1,4656,8.762,7.1888,89
2,4656,8.762,7.2126,79
3,4656,8.762,7.2045,79
0,4657,8.762,7.3813,74
1,4657,8.762,7.3529,77
2,4657,8.762,7.3089,80
3,4657,8.762,7.3674,75
0,4658,8.762,7.3094,71
1,4658,8.762,7.2913,71
2,4658,8.762,7.2771,84
3,4658,8.762,7.149,80
0,4659,8.762,7.1929,83
1,4659,8.762,7.3354,71
2,4659,8.762,7.3579,73
3,4659,8.762,7.4471,77
0,4660,8.762,7.2924,82
1,4660,8.762,7.3867,71
2,4660,8.762,7.2571,73
3,4660,8.762,7.3417,72
0,4661,8.762,7.2187,81
1,4661,8.762,7.296,74
2,4661,8.762,7.2129,77
3,4661,8.762,7.3585,68
0,4662,8.762,7.2309,82
1,4662,8.762,7.1667,80
2,4662,8.762,7.3367,84
3,4662,8.762,7.345,68
0,4663,8.762,7.4063,61
1,4663,8.762,7.3328,74
2,4663,8.762,7.3496,69
3,4663,8.762,7.3997,75
0,4664,8.762,7.2622,73
1,4664,8.762,7.2802,78
2,4664,8.762,7.283,76
3,4664,8.762,7.3093,76
0,4665,8.762,7.4432,66
1,4665,8.762,7.3319,71
2,4665,8.762,7.2979,77
3,4665,8.762,7.3211,83
0,4666,8.762,7.2771,77
1,4666,8.762,7.3495,87
2,4666,8.762,7.2975,79
3,4666,8.762,7.2992,74
0,4667,8.762,7.2666,75
1,4667,8.762,7.276,78
2,4667,8.762,7.3048,76
3,4667,8.762,7.1475,86
0,4668,8.762,7.2861,72
1,4668,8.762,7.3787,74
2,4668,8.762,7.1992,76
3,4668,8.762,7.382,78
0,4669,8.762,7.3047,87
1,4669,8.762,7.2508,77
2,4669,8.762,7.2814,68
3,4669,8.762,7.3035,68
0,4670,8.762,7.2599,78
1,4670,8.762,7.2147,75
2,4670,8.762,7.1639,68
3,4670,8.762,7.323,71
0,4671,8.762,7.392,76
1,4671,8.762,7.1001,78
2,4671,8.762,7.3093,73
3,4671,8.762,7.2859,73
0,4672,8.762,7.3792,73
1,4672,8.762,7.3987,74
2,4672,8.762,7.3245,74
3,4672,8.762,7.3001,78
0,4673,8.762,7.4714,66
1,4673,8.762,7.328,79
2,4673,8.762,7.3515,71
3,4673,8.762,7.3128,75
0,4674,8.762,7.2188,82
1,4674,8.762,7.119,75
2,4674,8.762,7.2297,75
3,4674,8.762,7.2283,66
0,4675,8.762,7.1728,75
1,4675,8.762,7.2137,72
2,4675,8.762,7.3446,77
3,4675,8.762,7.1833,77
0,4676,8.762,7.2863,78
1,4676,8.762,7.227,77
2,4676,8.762,7.1876,83
3,4676,8.762,7.1473,97
0,4677,8.762,7.3477,73
1,4677,8.762,7.4653,71
2,4677,8.762,7.1475,82
3,4677,8.762,7.407,67
0,4678,8.762,7.3195,79
1,4678,8.762,7.2776,74
2,4678,8.762,7.2234,79
3,4678,8.762,7.2864,75
0,4679,8.762,7.2258,84
1,4679,8.762,7.392,72
2,4679,8.762,7.3583,72
3,4679,8.762,7.1707,86
0,4680,8.762,7.3408,76
1,4680,8.762,7.1784,81
2,4680,8.762,7.2148,83
3,4680,8.762,7.0995,84
0,4681,8.762,7.3614,76
1,4681,8.762,7.192,88
2,4681,8.762,7.3879,81
3,4681,8.762,7.3186,68
0,4682,8.762,7.5061,68
1,4682,8.762,7.392,70
2,4682,8.762,7.4112,72
3,4682,8.762,7.1906,79
0,4683,8.762,7.2586,73
1,4683,8.762,7.2163,86
2,4683,8.762,7.2392,74
3,4683,8.762,7.3935,80
0,4684,8.762,7.3354,69
1,4684,8.762,7.5635,72
2,4684,8.762,7.1464,85
3,4684,8.762,7.2852,76
0,4685,8.762,7.2792,78
1,4685,8.762,7.316,75
2,4685,8.762,7.288,77
3,4685,8.762,7.2975,76
0,4686,8.762,7.3326,80
1,4686,8.762,7.1756,83
2,4686,8.762,7.2731,74
3,4686,8.762,7.2605,74
0,4687,8.762,7.1685,81
1,4687,8.762,7.2732,79
2,4687,8.762,7.2522,78
3,4687,8.762,7.2408,65
0,4688,8.762,7.112,72
1,4688,8.762,7.4758,77
2,4688,8.762,7.1665,74
3,4688,8.762,7.2742,75
0,4689,8.762,7.1762,78
1,4689,8.762,7.1925,81
2,4689,8.762,7.2803,79
3,4689,8.762,7.4914,76
0,4690,8.762,7.2321,78
1,4690,8.762,7.2676,69
2,4690,8.762,7.2615,71
3,4690,8.762,7.3971,73
0,4691,8.762,7.2452,75
1,4691,8.762,7.2185,82
2,4691,8.762,7.3348,80
3,4691,8.762,7.2014,86
0,4692,8.762,7.3772,74
1,4692,8.762,7.3827,84
2,4692,8.762,7.259,73
3,4692,8.762,7.3648,65
0,4693,8.762,7.3729,65
1,4693,8.762,7.4888,66
2,4693,8.762,7.2223,80
3,4693,8.762,7.2252,69
0,4694,8.762,7.2976,76
1,4694,8.762,7.3596,78
2,4694,8.762,7.3309,72
3,4694,8.762,7.4776,69
0,4695,8.762,7.315,70
1,4695,8.762,7.2048,76
2,4695,8.762,7.0989,89
3,4695,8.762,7.2956,87
0,4696,8.762,7.2216,74
1,4696,8.762,7.189,77
2,4696,8.762,7.4725,70
3,4696,8.762,7.3453,73
0,4697,8.762,7.2434,90
1,4697,8.762,7.2474,79
2,4697,8.762,7.2734,83
3,4697,8.762,7.2607,86
0,4698,8.762,7.1508,84
1,4698,8.762,7.3969,72
2,4698,8.762,7.1883,77
3,4698,8.762,7.2264,78
0,4699,8.762,7.1446,80
1,4699,8.762,7.3922,76
2,4699,8.762,7.1996,81
3,4699,8.762,7.2809,87
0,4700,8.762,7.3613,79
1,4700,8.762,7.2141,68
2,4700,8.762,7.2857,77
3,4700,8.762,7.2192,78
0,4701,8.762,7.2478,77
1,4701,8.762,7.2982,70
2,4701,8.762,7.3012,73
3,4701,8.762,7.1471,88
0,4702,8.762,7.3094,80
1,4702,8.762,7.3695,72
2,4702,8.762,7.3932,74
3,4702,8.762,7.1826,82
0,4703,8.762,7.3927,75
1,4703,8.762,7.2179,92
2,4703,8.762,7.1178,80
3,4703,8.762,7.2457,80
0,4704,8.762,7.0047,83
1,4704,8.762,7.3487,73
2,4704,8.762,7.3612,71
3,4704,8.762,7.2862,72
0,4705,8.762,7.3915,69
1,4705,8.762,7.2935,78
2,4705,8.762,7.2279,75
3,4705,8.762,7.2725,82
0,4706,8.762,7.2637,77
1,4706,8.762,7.1242,84
2,4706,8.762,7.3013,76
3,4706,8.762,7.3046,73
0,4707,8.762,7.2784,70
1,4707,8.762,7.2859,69
2,4707,8.762,7.1547,89
3,4707,8.762,7.3363,74
0,4708,8.762,7.03,87
1,4708,8.762,7.3051,73
2,4708,8.762,7.3685,70
3,4708,8.762,7.2359,75
0,4709,8.762,7.2452,81
1,4709,8.762,7.2879,84
2,4709,8.762,7.2195,76
3,4709,8.762,7.365,74
0,4710,8.762,7.2906,74
1,4710,8.762,7.2386,86
2,4710,8.762,7.2369,71
3,4710,8.762,7.113,89
0,4711,8.762,7.3116,68
1,4711,8.762,7.4765,70
2,4711,8.762,7.4011,71
3,4711,8.762,7.3907,68
0,4712,8.762,7.1248,84
1,4712,8.762,7.2342,79
2,4712,8.762,7.2218,80
3,4712,8.762,7.3565,74
0,4713,8.762,7.3684,77
1,4713,8.762,7.3848,72
2,4713,8.762,7.3198,75
3,4713,8.762,7.0665,81
0,4714,8.762,7.3667,84
1,4714,8.762,7.3259,73
2,4714,8.762,7.3443,73
3,4714,8.762,7.3468,66
0,4715,8.762,7.1523,78
1,4715,8.762,7.3292,70
2,4715,8.762,7.4179,76
3,4715,8.762,7.1159,81
0,4716,8.762,7.2664,76
1,4716,8.762,7.4009,62
2,4716,8.762,7.2362,84
3,4716,8.762,7.2965,76
0,4717,8.762,7.2638,77
1,4717,8.762,7.2419,71
2,4717,8.762,7.3421,75
3,4717,8.762,7.3264,72
0,4718,8.762,7.332,79
1,4718,8.762,7.3601,77
2,4718,8.762,7.2561,72
3,4718,8.762,7.2719,77
0,4719,8.762,7.2876,78
1,4719,8.762,7.3438,78
2,4719,8.762,7.4472,70
3,4719,8.762,7.4974,66
0,4720,8.762,7.2706,85
1,4720,8.762,7.2609,75
2,4720,8.762,7.2652,76
3,4720,8.762,7.3121,77
0,4721,8.762,7.2047,79
1,4721,8.762,7.1726,78
2,4721,8.762,7.4279,75
3,4721,8.762,7.2921,73
0,4722,8.762,7.3193,75
1,4722,8.762,7.4118,78
2,4722,8.762,7.2951,85
3,4722,8.762,7.2865,78
0,4723,8.762,7.3506,75
1,4723,8.762,7.1409,75
2,4723,8.762,7.1641,76
3,4723,8.762,7.3174,84
0,4724,8.762,7.0941,76
1,4724,8.762,7.2739,65
2,4724,8.762,7.3237,69
3,4724,8.762,7.4182,77
0,4725,8.762,7.3384,71
1,4725,8.762,7.2298,85
2,4725,8.762,7.3296,67
3,4725,8.762,7.419,70
0,4726,8.762,7.3323,74
1,4726,8.762,7.2339,75
2,4726,8.762,7.2839,79
3,4726,8.762,7.2591,74
0,4727,8.762,7.1608,79
1,4727,8.762,7.2575,83
2,4727,8.762,7.1627,76
3,4727,8.762,7.2493,74
0,4728,8.762,7.0385,93
1,4728,8.762,7.2673,79
2,4728,8.762,7.2572,78
3,4728,8.762,7.432,72
0,4729,8.762,7.1617,80
1,4729,8.762,7.2154,79
2,4729,8.762,7.2787,81
3,4729,8.762,7.2849,77
0,4730,8.762,7.3779,75
1,4730,8.762,7.382,78
2,4730,8.762,7.3493,75
3,4730,8.762,7.2199,78
0,4731,8.762,7.2619,77
1,4731,8.762,7.2377,84
2,4731,8.762,7.3536,72
3,4731,8.762,7.4123,70
0,4732,8.762,7.3042,72
1,4732,8.762,7.2792,75
2,4732,8.762,7.4781,75
3,4732,8.762,7.3539,79
0,4733,8.762,7.4516,66
1,4733,8.762,7.2304,71
2,4733,8.762,7.4928,70
3,4733,8.762,7.2074,85
0,4734,8.762,7.2775,86
1,4734,8.762,7.3927,79
2,4734,8.762,7.2222,71
3,4734,8.762,7.3003,74
0,4735,8.762,7.2897,77
1,4735,8.762,7.4185,72
2,4735,8.762,7.2359,78
3,4735,8.762,7.3911,80
0,4736,8.762,7.337,78
1,4736,8.762,7.2532,74
2,4736,8.762,7.3408,76
3,4736,8.762,7.3755,73
0,4737,8.762,7.2682,66
1,4737,8.762,7.4356,77
2,4737,8.762,7.3313,79
3,4737,8.762,7.2115,79
0,4738,8.762,7.2849,78
1,4738,8.762,7.3132,77
2,4738,8.762,7.3086,79
3,4738,8.762,7.179,71
0,4739,8.762,7.3721,69
1,4739,8.762,7.336,74
2,4739,8.762,7.1041,87
3,4739,8.762,7.1645,73
0,4740,8.762,7.082,90
1,4740,8.762,7.3371,74
2,4740,8.762,7.2878,79
3,4740,8.762,7.2251,81
0,4741,8.762,7.2982,79
1,4741,8.762,7.4025,74
2,4741,8.762,7.197,79
3,4741,8.762,7.1615,86
0,4742,8.762,7.254,80
1,4742,8.762,7.0862,84
2,4742,8.762,7.3706,69
3,4742,8.762,7.2633,72
0,4743,8.762,7.3411,81
1,4743,8.762,7.2828,70
2,4743,8.762,7.3341,79
3,4743,8.762,7.3102,83
0,4744,8.762,7.2593,84
1,4744,8.762,7.2997,76
2,4744,8.762,7.2682,83
3,4744,8.762,7.1818,77
0,4745,8.762,7.1239,83
1,4745,8.762,7.405,72
2,4745,8.762,7.2189,78
3,4745,8.762,7.2331,80
0,4746,8.762,7.3784,74
1,4746,8.762,7.2756,77
2,4746,8.762,7.3387,81
3,4746,8.762,7.1285,81
0,4747,8.762,7.2735,80
1,4747,8.762,7.3587,72
2,4747,8.762,7.3837,73
3,4747,8.762,7.291,72
0,4748,8.762,7.2664,82
1,4748,8.762,7.4121,78
2,4748,8.762,7.3221,69
3,4748,8.762,7.3616,79
0,4749,8.762,7.3234,70
1,4749,8.762,7.3278,72
2,4749,8.762,7.3306,79
3,4749,8.762,7.2989,75
0,4750,8.762,7.3161,70
1,4750,8.762,7.3769,65
2,4750,8.762,7.2651,70
3,4750,8.762,7.2784,70
0,4751,8.762,7.2782,72
1,4751,8.762,7.3624,77
2,4751,8.762,7.2559,73
3,4751,8.762,7.2221,81
0,4752,8.762,7.2487,80
1,4752,8.762,7.2657,73
2,4752,8.762,7.3718,74
3,4752,8.762,7.3545,75
0,4753,8.762,7.1306,82
1,4753,8.762,7.3446,83
2,4753,8.762,7.2412,77
3,4753,8.762,7.27,72
0,4754,8.762,7.3277,78
1,4754,8.762,7.3037,84
2,4754,8.762,7.2818,72
3,4754,8.762,7.2735,78
0,4755,8.762,7.3059,76
1,4755,8.762,7.2077,76
2,4755,8.762,7.2763,78
3,4755,8.762,7.2222,80
0,4756,8.762,7.3024,76
1,4756,8.762,7.3749,66
2,4756,8.762,7.1963,82
3,4756,8.762,7.3651,76
0,4757,8.762,7.3692,71
1,4757,8.762,7.1675,81
2,4757,8.762,7.2805,83
3,4757,8.762,7.2461,85
0,4758,8.762,7.2777,81
1,4758,8.762,7.4671,74
2,4758,8.762,7.2471,76
3,4758,8.762,7.311,77
0,4759,8.762,7.1718,85
1,4759,8.762,7.3544,70
2,4759,8.762,7.3201,85
3,4759,8.762,7.3256,77
0,4760,8.762,7.2925,76
1,4760,8.762,7.2893,76
2,4760,8.762,7.2072,85
3,4760,8.762,7.3091,63
0,4761,8.762,7.3077,79
1,4761,8.762,7.2358,82
2,4761,8.762,7.2632,85
3,4761,8.762,7.4602,72
0,4762,8.762,7.2768,71
1,4762,8.762,7.3982,79
2,4762,8.762,7.1674,81
3,4762,8.762,7.3441,79
0,4763,8.762,7.2302,75
1,4763,8.762,7.3376,79
2,4763,8.762,7.1834,85
3,4763,8.762,7.3662,71
0,4764,8.762,7.2558,89
1,4764,8.762,7.3165,77
2,4764,8.762,7.2936,82
3,4764,8.762,7.2862,82
0,4765,8.762,7.1596,79
1,4765,8.762,7.1456,76
2,4765,8.762,7.2208,75
3,4765,8.762,7.2906,74
0,4766,8.762,7.2037,81
1,4766,8.762,7.4515,78
2,4766,8.762,7.3353,76
3,4766,8.762,7.1974,77
0,4767,8.762,7.3534,73
1,4767,8.762,7.2742,68
2,4767,8.762,7.2355,77
3,4767,8.762,7.2733,79
0,4768,8.762,7.2271,72
1,4768,8.762,7.2121,84
2,4768,8.762,7.2835,75
3,4768,8.762,7.4757,74
0,4769,8.762,7.3009,73
1,4769,8.762,7.3462,74
2,4769,8.762,7.3652,90
3,4769,8.762,7.3125,69
0,4770,8.762,7.2948,78
1,4770,8.762,7.1028,72
2,4770,8.762,7.4788,75
3,4770,8.762,7.251,77
0,4771,8.762,7.2323,79
1,4771,8.762,7.0969,73
2,4771,8.762,7.3159,77
3,4771,8.762,7.2437,83
0,4772,8.762,7.2052,78
1,4772,8.762,7.3516,71
2,4772,8.762,7.1467,83
3,4772,8.762,7.3457,75
0,4773,8.762,7.141,80
1,4773,8.762,7.22,83
2,4773,8.762,7.1935,83
3,4773,8.762,7.1985,80
0,4774,8.762,7.2959,85
1,4774,8.762,7.2129,78
2,4774,8.762,7.3097,74
3,4774,8.762,7.2839,68
0,4775,8.762,7.2225,77
1,4775,8.762,7.4616,63
2,4775,8.762,7.2669,75
3,4775,8.762,7.349,68
0,4776,8.762,7.4747,69
1,4776,8.762,7.2979,77
2,4776,8.762,7.3993,71
3,4776,8.762,7.3646,59
0,4777,8.762,7.3552,77
1,4777,8.762,7.1875,91
2,4777,8.762,7.3497,68
3,4777,8.762,7.2313,79
0,4778,8.762,7.3311,77
1,4778,8.762,7.3056,81
2,4778,8.762,7.4015,81
3,4778,8.762,7.1335,84
0,4779,8.762,7.3985,75
1,4779,8.762,7.4599,70
2,4779,8.762,7.431,71
3,4779,8.762,7.2591,74
0,4780,8.762,7.3302,81
1,4780,8.762,7.2573,81
2,4780,8.762,7.2174,79
3,4780,8.762,7.3848,69
0,4781,8.762,7.2614,75
1,4781,8.762,7.3121,77
2,4781,8.762,7.3497,74
3,4781,8.762,7.1892,77
0,4782,8.762,7.2005,79
1,4782,8.762,7.2723,79
2,4782,8.762,7.2355,69
3,4782,8.762,7.247,82
0,4783,8.762,7.2769,83
1,4783,8.762,7.2968,73
2,4783,8.762,7.3205,69
3,4783,8.762,7.2333,72
0,4784,8.762,7.1801,82
1,4784,8.762,7.4146,78
2,4784,8.762,7.4329,71
3,4784,8.762,7.3412,77
0,4785,8.762,7.3158,79
1,4785,8.762,7.1931,86
2,4785,8.762,7.3732,73
3,4785,8.762,7.1537,78
0,4786,8.762,7.1141,70
1,4786,8.762,7.2611,76
2,4786,8.762,7.3169,76
3,4786,8.762,7.3208,84
0,4787,8.762,7.3538,71
1,4787,8.762,7.2242,77
2,4787,8.762,7.2926,70
3,4787,8.762,7.3447,67
0,4788,8.762,7.338,94
1,4788,8.762,7.2442,80
2,4788,8.762,7.265,77
3,4788,8.762,7.1931,76
0,4789,8.762,7.2527,81
1,4789,8.762,7.2464,76
2,4789,8.762,7.2857,78
3,4789,8.762,7.2451,89
0,4790,8.762,7.429,75
1,4790,8.762,7.3541,75
2,4790,8.762,7.3041,90
3,4790,8.762,7.2488,85
0,4791,8.762,7.259,83
1,4791,8.762,7.1721,84
2,4791,8.762,7.317,80
3,4791,8.762,7.3199,82
0,4792,8.762,7.2637,72
1,4792,8.762,7.3173,78
2,4792,8.762,7.3177,82
3,4792,8.762,7.3119,70
0,4793,8.762,7.3648,81
1,4793,8.762,7.2523,85
2,4793,8.762,7.3241,70
3,4793,8.762,7.2963,77
0,4794,8.762,7.2652,80
1,4794,8.762,7.3498,75
2,4794,8.762,7.3746,72
3,4794,8.762,7.2791,81
0,4795,8.762,7.4444,73
1,4795,8.762,7.2148,84
2,4795,8.762,7.1183,79
3,4795,8.762,7.2206,67
0,4796,8.762,7.2709,84
1,4796,8.762,7.3456,79
2,4796,8.762,7.1912,70
3,4796,8.762,7.2008,75
0,4797,8.762,7.2506,82
1,4797,8.762,7.3006,77
2,4797,8.762,7.285,78
3,4797,8.762,7.3511,73
0,4798,8.762,7.3321,77
1,4798,8.762,6.9894,88
2,4798,8.762,7.5533,65
3,4798,8.762,7.4247,74
0,4799,8.762,7.3784,72
1,4799,8.762,7.2486,82
2,4799,8.762,7.1797,77
3,4799,8.762,7.3027,73
0,4800,8.762,7.3025,82
1,4800,8.762,7.3948,74
2,4800,8.762,7.2326,69
3,4800,8.762,7.2893,77
0,4801,8.762,7.2555,76
1,4801,8.762,7.2406,80
2,4801,8.762,7.3188,75
3,4801,8.762,7.3192,66
0,4802,8.762,7.2871,64
1,4802,8.762,7.3237,72
2,4802,8.762,7.3578,73
3,4802,8.762,7.3136,73
0,4803,8.762,7.4252,79
1,4803,8.762,7.3186,69
2,4803,8.762,7.2161,88
3,4803,8.762,7.1725,90
0,4804,8.762,7.3429,74
1,4804,8.762,7.2142,83
2,4804,8.762,7.2573,83
3,4804,8.762,7.2963,84
0,4805,8.762,7.2289,80
1,4805,8.762,7.3182,85
2,4805,8.762,7.2097,78
3,4805,8.762,7.324,80
0,4806,8.762,7.434,66
1,4806,8.762,7.2256,72
2,4806,8.762,7.3262,75
3,4806,8.762,7.3276,80
0,4807,8.762,7.0901,83
1,4807,8.762,7.3042,72
2,4807,8.762,7.3301,62
3,4807,8.762,7.1857,77
0,4808,8.762,7.2227,90
1,4808,8.762,7.263,77
2,4808,8.762,7.2114,83
3,4808,8.762,7.3047,71
0,4809,8.762,7.3673,74
1,4809,8.762,7.2387,85
2,4809,8.762,7.348,77
3,4809,8.762,7.2462,80
0,4810,8.762,7.1933,81
1,4810,8.762,7.2948,67
2,4810,8.762,7.282,75
3,4810,8.762,7.3188,78
0,4811,8.762,7.2545,86
1,4811,8.762,7.2725,84
2,4811,8.762,7.2791,82
3,4811,8.762,7.4705,63
0,4812,8.762,7.3504,72
1,4812,8.762,7.2618,84
2,4812,8.762,7.3036,77
3,4812,8.762,7.2898,69
0,4813,8.762,7.4186,76
1,4813,8.762,7.2122,75
2,4813,8.762,7.2922,76
3,4813,8.762,7.1392,79
0,4814,8.762,7.313,78
1,4814,8.762,7.2998,74
2,4814,8.762,7.3479,69
3,4814,8.762,7.2935,75
0,4815,8.762,7.2862,75
1,4815,8.762,7.3241,80
2,4815,8.762,7.2772,71
3,4815,8.762,7.3384,70
0,4816,8.762,7.2438,66
1,4816,8.762,7.2818,70
2,4816,8.762,7.2932,73
3,4816,8.762,7.1759,77
0,4817,8.762,7.3379,68
1,4817,8.762,7.2538,66
2,4817,8.762,7.233,81
3,4817,8.762,7.427,75
0,4818,8.762,7.1567,79
1,4818,8.762,7.23,79
2,4818,8.762,7.303,78
3,4818,8.762,7.0763,84
0,4819,8.762,7.2818,71
1,4819,8.762,7.3261,71
2,4819,8.762,7.1991,75
3,4819,8.762,7.3296,67
0,4820,8.762,7.3129,69
1,4820,8.762,7.3113,82
2,4820,8.762,7.3393,66
3,4820,8.762,7.4087,63
0,4821,8.762,7.2264,74
1,4821,8.762,7.3649,76
2,4821,8.762,7.2884,77
3,4821,8.762,7.3687,78
0,4822,8.762,7.1016,81
1,4822,8.762,7.2015,74
2,4822,8.762,7.3449,80
3,4822,8.762,7.2225,77
0,4823,8.762,7.3313,82
1,4823,8.762,7.4275,75
2,4823,8.762,7.2537,71
3,4823,8.762,7.411,74
0,4824,8.762,7.1501,85
1,4824,8.762,7.4351,75
2,4824,8.762,7.3098,78
3,4824,8.762,7.1843,83
0,4825,8.762,7.2073,80
1,4825,8.762,7.2996,83
2,4825,8.762,7.452,68
3,4825,8.762,7.2576,77
0,4826,8.762,7.2961,79
1,4826,8.762,7.2032,76
2,4826,8.762,7.3062,75
3,4826,8.762,7.2505,77
0,4827,8.762,7.2193,85
1,4827,8.762,7.2869,78
2,4827,8.762,7.3522,74
3,4827,8.762,7.2082,86
0,4828,8.762,7.4373,66
1,4828,8.762,7.4037,76
2,4828,8.762,7.146,73
3,4828,8.762,7.3692,73
0,4829,8.762,7.4024,70
1,4829,8.762,7.2329,78
2,4829,8.762,7.4955,73
3,4829,8.762,7.2218,81
0,4830,8.762,7.4483,70
1,4830,8.762,7.421,76
2,4830,8.762,7.382,70
3,4830,8.762,7.2859,71
0,4831,8.762,7.3083,70
1,4831,8.762,7.3347,61
2,4831,8.762,7.2631,73
3,4831,8.762,7.2599,73
0,4832,8.762,7.2986,73
1,4832,8.762,7.3531,79
2,4832,8.762,7.3524,66
3,4832,8.762,7.275,78
0,4833,8.762,7.3011,75
1,4833,8.762,7.2852,76
2,4833,8.762,7.2783,74
3,4833,8.762,7.338,77
0,4834,8.762,7.2618,75
1,4834,8.762,7.3253,80
2,4834,8.762,7.2634,78
3,4834,8.762,7.3375,71
0,4835,8.762,7.218,75
1,4835,8.762,7.3801,70
2,4835,8.762,7.2332,84
3,4835,8.762,7.2072,89
0,4836,8.762,7.2773,79
1,4836,8.762,7.2014,72
2,4836,8.762,7.1104,78
3,4836,8.762,7.3024,71
0,4837,8.762,7.2173,79
1,4837,8.762,7.3297,66
2,4837,8.762,7.1532,83
3,4837,8.762,7.3654,71
0,4838,8.762,7.404,72
1,4838,8.762,7.2554,79
2,4838,8.762,7.1639,87
3,4838,8.762,7.291,71
0,4839,8.762,7.3685,73
1,4839,8.762,7.1312,86
2,4839,8.762,7.3003,82
3,4839,8.762,7.4073,74
0,4840,8.762,7.1895,83
1,4840,8.762,7.3218,80
2,4840,8.762,7.3464,66
3,4840,8.762,7.4163,76
0,4841,8.762,7.2821,76
1,4841,8.762,7.4853,71
2,4841,8.762,7.2101,76
3,4841,8.762,7.2798,69
0,4842,8.762,7.277,75
1,4842,8.762,7.2307,70
2,4842,8.762,7.2199,79
3,4842,8.762,7.2366,82
0,4843,8.762,7.326,75
1,4843,8.762,7.253,79
2,4843,8.762,7.2819,66
3,4843,8.762,7.124,80
0,4844,8.762,7.3471,67
1,4844,8.762,7.3407,70
2,4844,8.762,7.3752,80
3,4844,8.762,7.2418,83
0,4845,8.762,7.3199,78
1,4845,8.762,7.2901,81
2,4845,8.762,7.2878,67
3,4845,8.762,7.3085,80
0,4846,8.762,7.1671,85
1,4846,8.762,7.3858,70
2,4846,8.762,7.3333,72
3,4846,8.762,7.1742,83
0,4847,8.762,7.3232,75
1,4847,8.762,7.3642,75
2,4847,8.762,7.2231,76
3,4847,8.762,7.2979,72
0,4848,8.762,7.4825,62
1,4848,8.762,7.2079,84
2,4848,8.762,7.2305,77
3,4848,8.762,7.2311,78
0,4849,8.762,7.3822,74
1,4849,8.762,7.2523,74
2,4849,8.762,7.1606,85
3,4849,8.762,7.1524,81
0,4850,8.762,7.3227,76
1,4850,8.762,7.3349,79
2,4850,8.762,7.2074,83
3,4850,8.762,7.3449,71
0,4851,8.762,7.4843,76
1,4851,8.762,7.3315,80
2,4851,8.762,7.3427,74
3,4851,8.762,7.2347,77
0,4852,8.762,7.3363,66
1,4852,8.762,7.3558,81
2,4852,8.762,7.3011,73
3,4852,8.762,7.2995,79
0,4853,8.762,7.3536,82
1,4853,8.762,7.3148,73
2,4853,8.762,7.2476,80
3,4853,8.762,7.3328,70
0,4854,8.762,7.2949,77
1,4854,8.762,7.3698,72
2,4854,8.762,7.3946,80
3,4854,8.762,7.2926,80
0,4855,8.762,7.2079,84
1,4855,8.762,7.2564,79
2,4855,8.762,7.3688,71
3,4855,8.762,7.3537,83
0,4856,8.762,7.3027,84
1,4856,8.762,7.0923,83
2,4856,8.762,7.2889,81
3,4856,8.762,7.3245,80
0,4857,8.762,7.3866,68
1,4857,8.762,7.1042,82
2,4857,8.762,7.1503,84
3,4857,8.762,7.3253,76
0,4858,8.762,7.338,75
1,4858,8.762,7.2743,79
2,4858,8.762,7.2442,77
3,4858,8.762,7.293,66
0,4859,8.762,7.2975,75
1,4859,8.762,7.1541,83
2,4859,8.762,7.2447,82
3,4859,8.762,7.4812,71
0,4860,8.762,7.3107,75
1,4860,8.762,7.2952,76
2,4860,8.762,7.1612,76
3,4860,8.762,7.4869,71
0,4861,8.762,7.2603,76
1,4861,8.762,7.3037,77
2,4861,8.762,7.3049,74
3,4861,8.762,7.392,74
0,4862,8.762,7.1284,75
1,4862,8.762,7.3995,73
2,4862,8.762,7.2958,81
3,4862,8.762,7.4214,78
0,4863,8.762,7.3498,76
1,4863,8.762,7.3823,73
2,4863,8.762,7.2759,75
3,4863,8.762,7.2914,76
0,4864,8.762,7.3254,81
1,4864,8.762,7.2512,66
2,4864,8.762,7.3316,77
3,4864,8.762,7.3648,73
0,4865,8.762,7.171,70
1,4865,8.762,7.3255,87
2,4865,8.762,7.3382,75
3,4865,8.762,7.4404,66
0,4866,8.762,7.2257,82
1,4866,8.762,7.2001,82
2,4866,8.762,7.3687,75
3,4866,8.762,7.26,79
0,4867,8.762,7.298,83
1,4867,8.762,7.2048,85
2,4867,8.762,7.3108,77
3,4867,8.762,7.2326,74
0,4868,8.762,7.3287,75
1,4868,8.762,7.1512,79
2,4868,8.762,7.3397,87
3,4868,8.762,7.3348,85
0,4869,8.762,7.2882,86
1,4869,8.762,7.2465,76
2,4869,8.762,7.2082,72
3,4869,8.762,7.2041,85
0,4870,8.762,7.2218,74
1,4870,8.762,7.1943,84
2,4870,8.762,7.2507,67
3,4870,8.762,7.356,72
0,4871,8.762,7.3224,79
1,4871,8.762,7.3699,80
2,4871,8.762,7.2095,85
3,4871,8.762,7.1137,74
0,4872,8.762,7.1563,77
1,4872,8.762,7.215,79
2,4872,8.762,7.2677,78
3,4872,8.762,7.4534,67
0,4873,8.762,7.3479,74
1,4873,8.762,7.2171,74
2,4873,8.762,7.132,77
3,4873,8.762,7.417,76
0,4874,8.762,7.1647,75
1,4874,8.762,7.323,73
2,4874,8.762,7.1634,71
3,4874,8.762,7.3147,79
0,4875,8.762,7.3028,73
1,4875,8.762,7.2863,85
2,4875,8.762,7.3403,77
3,4875,8.762,7.3167,77
0,4876,8.762,7.3144,66
1,4876,8.762,7.1477,84
2,4876,8.762,7.3167,77
3,4876,8.762,7.1545,77
0,4877,8.762,7.3791,74
1,4877,8.762,7.2703,74
2,4877,8.762,7.2915,77
3,4877,8.762,7.1754,78
0,4878,8.762,7.3469,73
1,4878,8.762,7.3185,79
2,4878,8.762,7.297,74
3,4878,8.762,7.2837,79
0,4879,8.762,7.3072,81
1,4879,8.762,7.3841,75
2,4879,8.762,7.1331,83
3,4879,8.762,7.4046,77
0,4880,8.762,7.3826,69
1,4880,8.762,7.2465,73
2,4880,8.762,7.0993,81
3,4880,8.762,7.3867,69
0,4881,8.762,7.2281,76
1,4881,8.762,7.4099,75
2,4881,8.762,7.2456,85
3,4881,8.762,7.2689,78
0,4882,8.762,7.4007,77
1,4882,8.762,7.2916,75
2,4882,8.762,7.2065,83
3,4882,8.762,7.261,78
0,4883,8.762,7.4173,73
1,4883,8.762,7.1298,80
2,4883,8.762,7.3707,84
3,4883,8.762,7.496,67
0,4884,8.762,7.329,79
1,4884,8.762,7.3118,74
2,4884,8.762,7.2667,82
3,4884,8.762,7.2768,80
0,4885,8.762,7.2039,79
1,4885,8.762,7.3171,70
2,4885,8.762,7.3814,76
3,4885,8.762,7.281,82
0,4886,8.762,7.231,69
1,4886,8.762,7.3962,65
2,4886,8.762,7.1931,79
3,4886,8.762,7.3946,71
0,4887,8.762,7.2809,85
1,4887,8.762,7.3096,80
2,4887,8.762,7.3581,76
3,4887,8.762,7.3178,71
0,4888,8.762,7.315,83
1,4888,8.762,7.2884,68
2,4888,8.762,7.1383,86
3,4888,8.762,7.3866,69
0,4889,8.762,7.2659,73
1,4889,8.762,7.2809,81
2,4889,8.762,7.2391,87
3,4889,8.762,7.3769,74
0,4890,8.762,7.3843,67
1,4890,8.762,7.3623,69
2,4890,8.762,7.2332,74
3,4890,8.762,7.2113,77
0,4891,8.762,7.2232,80
1,4891,8.762,7.3856,75
2,4891,8.762,7.266,81
3,4891,8.762,7.2293,74
0,4892,8.762,7.2362,77
1,4892,8.762,7.3416,77
2,4892,8.762,7.2441,70
3,4892,8.762,7.2164,75
0,4893,8.762,7.2203,78
1,4893,8.762,7.1946,75
2,4893,8.762,7.3194,79
3,4893,8.762,7.2265,87
0,4894,8.762,7.3244,80
1,4894,8.762,7.2494,84
2,4894,8.762,7.3391,67
3,4894,8.762,7.3511,77
0,4895,8.762,7.2013,89
1,4895,8.762,7.4991,71
2,4895,8.762,7.2416,82
3,4895,8.762,7.3406,74
0,4896,8.762,7.2769,77
1,4896,8.762,7.2287,82
2,4896,8.762,7.3022,87
3,4896,8.762,7.2506,80
0,4897,8.762,7.2873,77
1,4897,8.762,7.3092,73
2,4897,8.762,7.2868,69
3,4897,8.762,7.2675,77
0,4898,8.762,7.1947,87
1,4898,8.762,7.2128,87
2,4898,8.762,7.3318,81
3,4898,8.762,7.3282,75
0,4899,8.762,7.3817,72
1,4899,8.762,7.2218,80
2,4899,8.762,7.528,67
3,4899,8.762,7.4519,71
0,4900,8.762,7.4894,71
1,4900,8.762,7.3013,77
2,4900,8.762,7.3133,81
3,4900,8.762,7.2384,75
0,4901,8.762,7.32,80
1,4901,8.762,7.2841,78
2,4901,8.762,7.0076,79
3,4901,8.762,7.3165,80
0,4902,8.762,7.2155,76
1,4902,8.762,7.1848,82
2,4902,8.762,7.3533,74
3,4902,8.762,7.3313,76
0,4903,8.762,7.4506,73
1,4903,8.762,7.2683,78
2,4903,8.762,7.2803,70
3,4903,8.762,7.4247,70
0,4904,8.762,7.3422,89
1,4904,8.762,7.2009,85
2,4904,8.762,7.2325,83
3,4904,8.762,7.3134,71
0,4905,8.762,7.2898,75
1,4905,8.762,7.4637,67
2,4905,8.762,7.2704,77
3,4905,8.762,7.3099,70
0,4906,8.762,7.3537,77
1,4906,8.762,7.4004,77
2,4906,8.762,7.2048,78
3,4906,8.762,7.3425,73
0,4907,8.762,7.2645,75
1,4907,8.762,7.3181,69
2,4907,8.762,7.2409,72
3,4907,8.762,7.2336,82
0,4908,8.762,7.349,65
1,4908,8.762,7.289,75
2,4908,8.762,7.4858,78
3,4908,8.762,7.4951,70
0,4909,8.762,7.4663,80
1,4909,8.762,7.3599,77
2,4909,8.762,7.1731,88
3,4909,8.762,7.1556,83
0,4910,8.762,7.3336,76
1,4910,8.762,7.349,77
2,4910,8.762,7.3144,72
3,4910,8.762,7.3888,68
0,4911,8.762,7.3549,71
1,4911,8.762,7.2083,84
2,4911,8.762,7.3739,78
3,4911,8.762,7.1674,84
0,4912,8.762,7.3191,78
1,4912,8.762,7.3642,64
2,4912,8.762,7.2406,72
3,4912,8.762,7.184,76
0,4913,8.762,7.2689,75
1,4913,8.762,7.284,77
2,4913,8.762,7.2399,77
3,4913,8.762,7.2402,76
0,4914,8.762,7.3177,75
1,4914,8.762,7.2239,82
2,4914,8.762,7.2868,78
3,4914,8.762,7.191,80
0,4915,8.762,7.3064,79
1,4915,8.762,7.2131,76
2,4915,8.762,7.2702,73
3,4915,8.762,7.258,79
0,4916,8.762,7.0553,76
1,4916,8.762,7.2386,84
2,4916,8.762,7.3946,83
3,4916,8.762,7.3176,78
0,4917,8.762,7.2758,76
1,4917,8.762,7.255,71
2,4917,8.762,7.2228,81
3,4917,8.762,7.3582,76
0,4918,8.762,7.1649,82
1,4918,8.762,7.2436,82
2,4918,8.762,7.1971,76
3,4918,8.762,7.2243,67
0,4919,8.762,7.3107,82
1,4919,8.762,7.0754,83
2,4919,8.762,7.1262,87
3,4919,8.762,7.2574,83
0,4920,8.762,7.4185,73
1,4920,8.762,7.3858,76
2,4920,8.762,7.2608,82
3,4920,8.762,7.4138,80
0,4921,8.762,7.274,82
1,4921,8.762,7.3013,80
2,4921,8.762,7.168,75
3,4921,8.762,7.2669,76
0,4922,8.762,7.3069,75
1,4922,8.762,7.3197,76
2,4922,8.762,7.3711,70
3,4922,8.762,7.2274,77
0,4923,8.762,7.3001,70
1,4923,8.762,7.3252,77
2,4923,8.762,7.3328,76
3,4923,8.762,7.378,76
0,4924,8.762,7.274,86
1,4924,8.762,7.2495,89
2,4924,8.762,7.0907,83
3,4924,8.762,7.2342,89
0,4925,8.762,7.3994,74
1,4925,8.762,7.2556,81
2,4925,8.762,7.3273,77
3,4925,8.762,7.2992,68
0,4926,8.762,7.1361,81
1,4926,8.762,7.2941,71
2,4926,8.762,7.4151,62
3,4926,8.762,7.3479,84
0,4927,8.762,7.4631,71
1,4927,8.762,7.3581,73
2,4927,8.762,7.3485,83
3,4927,8.762,7.3045,88
0,4928,8.762,7.1392,73
1,4928,8.762,7.3243,72
2,4928,8.762,7.2843,77
3,4928,8.762,7.1966,79
0,4929,8.762,7.2226,84
1,4929,8.762,7.4137,73
2,4929,8.762,7.2883,78
3,4929,8.762,7.2405,80
0,4930,8.762,7.1791,68
1,4930,8.762,7.2078,81
2,4930,8.762,7.2552,68
3,4930,8.762,7.1955,80
0,4931,8.762,7.2194,80
1,4931,8.762,7.0987,81
2,4931,8.762,7.1995,77
3,4931,8.762,7.147,85
0,4932,8.762,7.3754,63
1,4932,8.762,7.2516,71
2,4932,8.762,7.3297,71
3,4932,8.762,7.2263,68
0,4933,8.762,7.3615,74
1,4933,8.762,7.3157,80
2,4933,8.762,7.3389,75
3,4933,8.762,7.2449,65
0,4934,8.762,7.327,70
1,4934,8.762,7.3713,84
2,4934,8.762,7.2656,71
3,4934,8.762,7.3868,70
0,4935,8.762,7.1854,85
1,4935,8.762,7.3396,72
2,4935,8.762,7.3719,77
3,4935,8.762,7.349,75
0,4936,8.762,7.2469,73
1,4936,8.762,7.2418,75
2,4936,8.762,7.3245,76
3,4936,8.762,7.2546,84
0,4937,8.762,7.2256,79
1,4937,8.762,7.3059,67
2,4937,8.762,7.2153,72
3,4937,8.762,7.2253,77
0,4938,8.762,7.3503,82
1,4938,8.762,7.3675,74
2,4938,8.762,7.483,62
3,4938,8.762,7.274,76
0,4939,8.762,7.3568,72
1,4939,8.762,7.434,74
2,4939,8.762,7.3383,68
3,4939,8.762,7.2195,89
0,4940,8.762,7.3475,78
1,4940,8.762,7.2942,74
2,4940,8.762,7.416,71
3,4940,8.762,7.1909,68
0,4941,8.762,7.335,72
1,4941,8.762,7.3367,76
2,4941,8.762,7.2302,77
3,4941,8.762,7.2366,71
0,4942,8.762,7.1624,79
1,4942,8.762,7.3513,73
2,4942,8.762,7.3307,73
3,4942,8.762,7.1948,75
0,4943,8.762,7.2758,68
1,4943,8.762,7.1706,73
2,4943,8.762,7.2696,78
3,4943,8.762,7.2955,76
0,4944,8.762,7.2582,78
1,4944,8.762,7.1216,92
2,4944,8.762,7.2044,77
3,4944,8.762,7.3206,71
0,4945,8.762,7.3277,68
1,4945,8.762,7.3135,80
2,4945,8.762,7.2724,76
3,4945,8.762,7.4092,69
0,4946,8.762,7.3777,71
1,4946,8.762,7.3736,72
2,4946,8.762,7.2955,76
3,4946,8.762,7.3105,76
0,4947,8.762,7.4753,74
1,4947,8.762,7.3008,74
2,4947,8.762,7.2504,73
3,4947,8.762,7.178,80
0,4948,8.762,7.2468,74
1,4948,8.762,7.2435,76
2,4948,8.762,7.2804,72
3,4948,8.762,7.2053,82
0,4949,8.762,7.3101,74
1,4949,8.762,7.4328,69
2,4949,8.762,7.3333,78
3,4949,8.762,7.3822,72
0,4950,8.762,7.4774,74
1,4950,8.762,7.3567,69
2,4950,8.762,7.3285,78
3,4950,8.762,7.3861,68
0,4951,8.762,7.3487,82
1,4951,8.762,7.2842,77
2,4951,8.762,7.2357,84
3,4951,8.762,7.4248,74
0,4952,8.762,7.2946,71
1,4952,8.762,7.5121,68
2,4952,8.762,7.3204,78
3,4952,8.762,7.5045,73
0,4953,8.762,7.3148,76
1,4953,8.762,7.383,75
2,4953,8.762,7.1965,72
3,4953,8.762,7.4382,74
0,4954,8.762,7.3155,72
1,4954,8.762,7.2983,75
2,4954,8.762,7.3087,76
3,4954,8.762,7.344,72
0,4955,8.762,7.1961,85
1,4955,8.762,7.1397,69
2,4955,8.762,7.3734,73
3,4955,8.762,7.2612,65
0,4956,8.762,7.3394,86
1,4956,8.762,7.3558,74
2,4956,8.762,7.2938,85
3,4956,8.762,7.3098,73
0,4957,8.762,7.2214,83
1,4957,8.762,7.3756,81
2,4957,8.762,7.5063,67
3,4957,8.762,7.369,76
0,4958,8.762,7.2379,78
1,4958,8.762,7.2701,72
2,4958,8.762,7.2677,76
3,4958,8.762,7.2362,81
0,4959,8.762,7.4044,72
1,4959,8.762,7.1451,78
2,4959,8.762,7.2301,72
3,4959,8.762,7.173,81
0,4960,8.762,7.203,85
1,4960,8.762,7.3871,71
2,4960,8.762,7.2587,79
3,4960,8.762,7.3467,78
0,4961,8.762,7.2243,81
1,4961,8.762,7.316,74
2,4961,8.762,7.3833,72
3,4961,8.762,7.3335,78
0,4962,8.762,7.3802,74
1,4962,8.762,7.2587,77
2,4962,8.762,7.3399,74
3,4962,8.762,7.3744,78
0,4963,8.762,7.3517,78
1,4963,8.762,7.119,76
2,4963,8.762,7.3555,71
3,4963,8.762,7.2965,75
0,4964,8.762,7.2536,71
1,4964,8.762,7.363,78
2,4964,8.762,7.3642,70
3,4964,8.762,7.2884,75
0,4965,8.762,7.1933,85
1,4965,8.762,7.326,75
2,4965,8.762,7.3793,75
3,4965,8.762,7.3362,74
0,4966,8.762,7.0666,78
1,4966,8.762,7.3138,73
2,4966,8.762,7.3708,66
3,4966,8.762,7.2317,70
0,4967,8.762,7.1059,90
1,4967,8.762,7.2971,72
2,4967,8.762,7.2514,80
3,4967,8.762,7.2898,70
0,4968,8.762,7.3932,72
1,4968,8.762,7.1146,77
2,4968,8.762,7.2497,68
3,4968,8.762,7.2418,73
0,4969,8.762,7.4237,72
1,4969,8.762,7.37,68
2,4969,8.762,7.1825,72
3,4969,8.762,7.3341,70
0,4970,8.762,7.2448,71
1,4970,8.762,7.275,77
2,4970,8.762,7.2956,69
3,4970,8.762,7.1771,81
0,4971,8.762,7.1918,77
1,4971,8.762,7.3141,81
2,4971,8.762,7.2451,63
3,4971,8.762,7.4559,67
0,4972,8.762,7.1485,74
1,4972,8.762,7.3211,70
2,4972,8.762,7.3707,73
3,4972,8.762,7.4424,70
0,4973,8.762,7.0691,93
1,4973,8.762,7.3704,72
2,4973,8.762,7.3576,76
3,4973,8.762,7.1884,82
0,4974,8.762,7.2873,70
1,4974,8.762,7.339,74
2,4974,8.762,7.2886,79
3,4974,8.762,7.2745,73
0,4975,8.762,7.3662,67
1,4975,8.762,7.2946,75
2,4975,8.762,7.2681,81
3,4975,8.762,7.371,73
0,4976,8.762,7.2301,85
1,4976,8.762,7.2156,82
2,4976,8.762,7.1862,78
3,4976,8.762,7.34,75
0,4977,8.762,7.1694,86
1,4977,8.762,7.157,76
2,4977,8.762,7.4172,70
3,4977,8.762,7.345,75
0,4978,8.762,7.2387,83
1,4978,8.762,7.3685,73
2,4978,8.762,7.2844,69
3,4978,8.762,7.3393,85
0,4979,8.762,7.3212,76
1,4979,8.762,7.2944,77
2,4979,8.762,7.1878,93
3,4979,8.762,7.2734,81
0,4980,8.762,7.3787,75
1,4980,8.762,7.1663,80
2,4980,8.762,7.248,78
3,4980,8.762,7.3278,71
0,4981,8.762,7.4192,69
1,4981,8.762,7.2132,83
2,4981,8.762,7.359,74
3,4981,8.762,7.3035,73
0,4982,8.762,7.1838,74
1,4982,8.762,7.2862,85
2,4982,8.762,7.3607,73
3,4982,8.762,7.246,77
0,4983,8.762,7.3189,77
1,4983,8.762,7.2399,78
2,4983,8.762,7.1587,81
3,4983,8.762,7.3545,64
0,4984,8.762,7.1991,87
1,4984,8.762,7.2404,65
2,4984,8.762,7.2673,69
3,4984,8.762,7.3146,69
0,4985,8.762,7.0753,82
1,4985,8.762,7.2317,81
2,4985,8.762,7.2802,74
3,4985,8.762,7.1765,89
0,4986,8.762,7.2341,73
1,4986,8.762,7.2641,75
2,4986,8.762,7.0564,82
3,4986,8.762,7.2274,79
0,4987,8.762,7.2995,72
1,4987,8.762,7.4172,72
2,4987,8.762,7.1966,76
3,4987,8.762,7.3691,67
0,4988,8.762,7.2527,72
1,4988,8.762,7.4923,73
2,4988,8.762,7.217,66
3,4988,8.762,7.1785,93
0,4989,8.762,7.1902,78
1,4989,8.762,7.444,77
2,4989,8.762,7.2899,75
3,4989,8.762,7.3192,69
0,4990,8.762,7.247,87
1,4990,8.762,7.4049,84
2,4990,8.762,7.1162,80
3,4990,8.762,7.2383,82
0,4991,8.762,7.4234,71
1,4991,8.762,7.1598,76
2,4991,8.762,7.0539,76
3,4991,8.762,7.2025,71
0,4992,8.762,7.3578,72
1,4992,8.762,7.2225,82
2,4992,8.762,7.1922,76
3,4992,8.762,7.2068,86
0,4993,8.762,7.517,68
1,4993,8.762,7.3986,71
2,4993,8.762,7.3225,68
3,4993,8.762,7.1809,79
0,4994,8.762,7.344,72
1,4994,8.762,7.263,75
2,4994,8.762,7.3298,71
3,4994,8.762,7.2524,78
0,4995,8.762,7.3211,77
1,4995,8.762,7.133,79
2,4995,8.762,7.3343,71
3,4995,8.762,7.2782,73
0,4996,8.762,7.2952,65
1,4996,8.762,7.3628,77
2,4996,8.762,7.3036,75
3,4996,8.762,7.3096,69
0,4997,8.762,7.2615,83
1,4997,8.762,7.3341,77
2,4997,8.762,7.2327,77
3,4997,8.762,7.2243,88
0,4998,8.762,7.3317,80
1,4998,8.762,7.2389,82
2,4998,8.762,7.2555,77
3,4998,8.762,7.161,86
0,4999,8.762,7.2215,74
1,4999,8.762,7.2405,78
2,4999,8.762,7.1804,83
3,4999,8.762,7.1455,83
0,5000,8.762,7.2027,80
1,5000,8.762,7.5315,70
2,5000,8.762,7.3242,74
3,5000,8.762,7.273,76
0,5001,8.762,7.2193,67
1,5001,8.762,7.35,67
2,5001,8.762,7.4258,74
3,5001,8.762,7.2497,75
0,5002,8.762,7.3131,81
1,5002,8.762,7.3594,80
2,5002,8.762,7.1105,84
3,5002,8.762,7.2676,70
0,5003,8.762,7.2287,81
1,5003,8.762,7.2664,76
2,5003,8.762,7.4587,63
3,5003,8.762,7.2196,78
0,5004,8.762,7.2919,83
1,5004,8.762,7.1134,81
2,5004,8.762,7.1973,75
3,5004,8.762,7.359,76
0,5005,8.762,7.3207,79
1,5005,8.762,7.3522,77
2,5005,8.762,7.4194,73
3,5005,8.762,7.1155,79
0,5006,8.762,7.2929,80
1,5006,8.762,7.1254,91
2,5006,8.762,7.1527,86
3,5006,8.762,7.5147,72
0,5007,8.762,7.3108,73
1,5007,8.762,7.4265,79
2,5007,8.762,7.3032,69
3,5007,8.762,7.2394,76
0,5008,8.762,7.3104,79
1,5008,8.762,7.3531,82
2,5008,8.762,7.3872,81
3,5008,8.762,7.2409,85
0,5009,8.762,7.2236,74
1,5009,8.762,7.3197,79
2,5009,8.762,7.3401,70
3,5009,8.762,7.1835,85
0,5010,8.762,7.3805,67
1,5010,8.762,7.3649,90
2,5010,8.762,7.178,87
3,5010,8.762,7.2898,71
0,5011,8.762,7.3575,83
1,5011,8.762,7.3493,81
2,5011,8.762,7.4139,68
3,5011,8.762,7.2814,82
0,5012,8.762,7.1815,78
1,5012,8.762,7.3013,79
2,5012,8.762,7.3202,79
3,5012,8.762,7.161,74
0,5013,8.762,7.2909,72
1,5013,8.762,7.1755,78
2,5013,8.762,7.2657,67
3,5013,8.762,7.3585,80
0,5014,8.762,7.1725,83
1,5014,8.762,7.231,75
2,5014,8.762,7.3241,71
3,5014,8.762,7.2629,76
0,5015,8.762,7.4151,78
1,5015,8.762,7.3691,78
2,5015,8.762,7.4207,80
3,5015,8.762,7.3034,77
0,5016,8.762,7.3121,77
1,5016,8.762,7.2972,81
2,5016,8.762,7.2312,85
3,5016,8.762,7.3157,74
0,5017,8.762,7.4222,71
1,5017,8.762,7.3005,80
2,5017,8.762,7.3001,74
3,5017,8.762,7.2669,75
0,5018,8.762,7.2127,86
1,5018,8.762,7.3157,79
2,5018,8.762,7.2131,73
3,5018,8.762,7.1883,76
0,5019,8.762,7.3119,81
1,5019,8.762,7.3371,71
2,5019,8.762,7.4315,75
3,5019,8.762,7.3003,70
0,5020,8.762,7.3,74
1,5020,8.762,7.3357,86
2,5020,8.762,7.2088,81
3,5020,8.762,7.2899,79
0,5021,8.762,7.4346,66
1,5021,8.762,7.4117,76
2,5021,8.762,7.1281,78
3,5021,8.762,7.3729,76
0,5022,8.762,7.3067,66
1,5022,8.762,7.2083,76
2,5022,8.762,7.2543,84
3,5022,8.762,7.3492,77
0,5023,8.762,7.1014,73
1,5023,8.762,7.2247,79
2,5023,8.762,7.1767,81
3,5023,8.762,7.3902,76
0,5024,8.762,7.3837,78
1,5024,8.762,7.3132,67
2,5024,8.762,7.2487,81
3,5024,8.762,7.238,76
0,5025,8.762,7.1932,87
1,5025,8.762,7.5088,63
2,5025,8.762,7.4952,70
3,5025,8.762,7.3977,79
0,5026,8.762,7.208,76
1,5026,8.762,7.0932,83
2,5026,8.762,7.377,68
3,5026,8.762,7.3736,71
0,5027,8.762,7.3296,70
1,5027,8.762,7.3981,77
2,5027,8.762,7.3148,73
3,5027,8.762,7.2125,74
0,5028,8.762,7.2953,74
1,5028,8.762,7.2887,72
2,5028,8.762,7.1683,83
3,5028,8.762,7.2686,69
0,5029,8.762,7.3033,76
1,5029,8.762,7.0454,86
2,5029,8.762,7.4216,76
3,5029,8.762,7.3763,74
0,5030,8.762,7.2111,81
1,5030,8.762,7.2455,80
2,5030,8.762,7.4056,72
3,5030,8.762,7.2498,81
0,5031,8.762,7.4257,70
1,5031,8.762,7.2122,85
2,5031,8.762,7.3299,64
3,5031,8.762,7.2535,85
0,5032,8.762,7.1098,80
1,5032,8.762,7.3004,76
2,5032,8.762,7.4253,68
3,5032,8.762,7.2861,79
0,5033,8.762,7.1905,74
1,5033,8.762,7.3847,66
2,5033,8.762,7.241,80
3,5033,8.762,7.5098,59
0,5034,8.762,7.2162,82
1,5034,8.762,7.4579,74
2,5034,8.762,7.0737,85
3,5034,8.762,7.3085,73
0,5035,8.762,7.3586,76
1,5035,8.762,7.277,79
2,5035,8.762,7.4502,74
3,5035,8.762,7.2973,86
0,5036,8.762,7.2331,72
1,5036,8.762,7.2622,83
2,5036,8.762,7.1593,79
3,5036,8.762,7.2227,87
0,5037,8.762,7.4399,86
1,5037,8.762,7.3708,71
2,5037,8.762,7.4754,63
3,5037,8.762,7.4094,80
0,5038,8.762,7.4316,81
1,5038,8.762,7.4224,73
2,5038,8.762,7.2715,84
3,5038,8.762,7.339,79
0,5039,8.762,7.3827,75
1,5039,8.762,7.3729,75
2,5039,8.762,7.2773,75
3,5039,8.762,7.4023,79
0,5040,8.762,7.3343,74
1,5040,8.762,7.1109,88
2,5040,8.762,7.251,84
3,5040,8.762,7.3999,82
0,5041,8.762,7.1578,78
1,5041,8.762,7.4806,70
2,5041,8.762,7.3783,84
3,5041,8.762,7.2232,70
0,5042,8.762,7.3456,76
1,5042,8.762,7.3481,72
2,5042,8.762,7.2405,78
3,5042,8.762,7.3285,72
0,5043,8.762,7.3393,70
1,5043,8.762,7.322,77
2,5043,8.762,7.2536,71
3,5043,8.762,7.2979,73
0,5044,8.762,7.3519,74
1,5044,8.762,7.1967,81
2,5044,8.762,7.3692,71
3,5044,8.762,7.1279,84
0,5045,8.762,7.393,72
1,5045,8.762,7.3743,71
2,5045,8.762,7.3825,69
3,5045,8.762,7.3965,78
0,5046,8.762,7.2891,81
1,5046,8.762,7.2904,66
2,5046,8.762,7.2016,70
3,5046,8.762,7.0663,89
0,5047,8.762,7.3158,80
1,5047,8.762,7.2936,74
2,5047,8.762,7.2613,77
3,5047,8.762,7.3239,81
0,5048,8.762,7.3534,75
1,5048,8.762,7.4913,73
2,5048,8.762,7.3087,79
3,5048,8.762,7.3782,70
0,5049,8.762,7.315,78
1,5049,8.762,7.3404,71
2,5049,8.762,7.0854,80
3,5049,8.762,7.1972,81
0,5050,8.762,7.2382,87
1,5050,8.762,7.3266,76
2,5050,8.762,7.226,70
3,5050,8.762,7.272,74
0,5051,8.762,7.2327,72
1,5051,8.762,7.2057,80
2,5051,8.762,7.1854,82
3,5051,8.762,7.2785,78
0,5052,8.762,7.2056,79
1,5052,8.762,7.2718,76
2,5052,8.762,7.3324,74
3,5052,8.762,7.315,78
0,5053,8.762,7.2803,80
1,5053,8.762,7.4532,81
2,5053,8.762,7.2223,75
3,5053,8.762,7.3069,75
0,5054,8.762,7.116,86
1,5054,8.762,7.3752,79
2,5054,8.762,7.3165,75
3,5054,8.762,7.2908,87
0,5055,8.762,7.2919,76
1,5055,8.762,7.3727,79
2,5055,8.762,7.2369,84
3,5055,8.762,7.2939,85
0,5056,8.762,7.2881,81
1,5056,8.762,7.3531,75
2,5056,8.762,7.2959,77
3,5056,8.762,7.2684,80
0,5057,8.762,7.3524,73
1,5057,8.762,7.2066,81
2,5057,8.762,7.3534,72
3,5057,8.762,7.2713,77
0,5058,8.762,7.3665,80
1,5058,8.762,7.1596,80
2,5058,8.762,7.2704,76
3,5058,8.762,7.4076,69
0,5059,8.762,7.4937,64
1,5059,8.762,7.4078,82
2,5059,8.762,7.1907,72
3,5059,8.762,7.357,84
0,5060,8.762,7.2049,81
1,5060,8.762,7.3677,70
2,5060,8.762,7.1122,74
3,5060,8.762,7.2437,75
0,5061,8.762,7.296,74
1,5061,8.762,7.1688,90
2,5061,8.762,7.2123,78
3,5061,8.762,7.0608,87
0,5062,8.762,7.156,82
1,5062,8.762,7.3212,82
2,5062,8.762,7.2579,79
3,5062,8.762,7.0494,73
0,5063,8.762,7.3643,71
1,5063,8.762,7.2323,69
2,5063,8.762,7.372,75
3,5063,8.762,7.2524,71
0,5064,8.762,7.364,66
1,5064,8.762,7.3704,66
2,5064,8.762,7.1905,76
3,5064,8.762,7.3353,75
0,5065,8.762,7.1651,85
1,5065,8.762,7.3003,70
2,5065,8.762,7.2401,79
3,5065,8.762,7.3159,76
0,5066,8.762,7.053,82
1,5066,8.762,7.1927,82
2,5066,8.762,7.4406,74
3,5066,8.762,7.3892,77
0,5067,8.762,7.3165,79
1,5067,8.762,7.3593,78
2,5067,8.762,7.2292,77
3,5067,8.762,7.3369,73
0,5068,8.762,7.2913,79
1,5068,8.762,7.3854,73
2,5068,8.762,7.3105,70
3,5068,8.762,7.2914,81
0,5069,8.762,7.2783,78
1,5069,8.762,7.2849,84
2,5069,8.762,7.4672,74
3,5069,8.762,7.1746,79
0,5070,8.762,7.3329,67
1,5070,8.762,7.2667,86
2,5070,8.762,7.1868,73
3,5070,8.762,7.269,74
0,5071,8.762,7.3168,80
1,5071,8.762,7.4332,78
2,5071,8.762,7.3197,76
3,5071,8.762,7.2822,79
0,5072,8.762,7.2959,80
1,5072,8.762,7.2521,70
2,5072,8.762,7.2765,79
3,5072,8.762,7.3094,78
0,5073,8.762,7.2728,77
1,5073,8.762,7.2435,81
2,5073,8.762,7.5659,69
3,5073,8.762,7.2562,72
0,5074,8.762,7.2755,77
1,5074,8.762,7.4403,72
2,5074,8.762,7.2058,76
3,5074,8.762,7.3324,75
0,5075,8.762,7.3164,66
1,5075,8.762,7.2443,86
2,5075,8.762,7.269,84
3,5075,8.762,7.343,71
0,5076,8.762,7.2481,80
1,5076,8.762,7.2128,85
2,5076,8.762,7.2243,75
3,5076,8.762,7.3716,74
0,5077,8.762,7.2189,77
1,5077,8.762,7.3292,76
2,5077,8.762,7.1184,79
3,5077,8.762,7.1374,76
0,5078,8.762,7.1802,75
1,5078,8.762,7.3256,83
2,5078,8.762,7.3282,82
3,5078,8.762,7.2782,82
0,5079,8.762,7.2826,67
1,5079,8.762,7.2693,75
2,5079,8.762,7.3307,71
3,5079,8.762,7.2902,74
0,5080,8.762,7.3583,79
1,5080,8.762,7.0778,77
2,5080,8.762,7.3829,69
3,5080,8.762,7.2052,84
0,5081,8.762,7.1249,79
1,5081,8.762,7.3597,79
2,5081,8.762,7.1918,88
3,5081,8.762,7.3378,76
0,5082,8.762,7.3758,70
1,5082,8.762,7.1564,78
2,5082,8.762,7.1373,81
3,5082,8.762,7.2128,80
0,5083,8.762,7.2304,71
1,5083,8.762,7.2903,83
2,5083,8.762,7.327,69
3,5083,8.762,7.4269,65
0,5084,8.762,7.2464,74
1,5084,8.762,7.3053,74
2,5084,8.762,7.1838,82
3,5084,8.762,7.3051,70
0,5085,8.762,7.3109,82
1,5085,8.762,7.2055,89
2,5085,8.762,7.0919,79
3,5085,8.762,7.4075,71
0,5086,8.762,7.3358,77
1,5086,8.762,7.173,77
2,5086,8.762,7.3786,72
3,5086,8.762,7.2959,75
0,5087,8.762,7.2123,78
1,5087,8.762,7.0793,81
2,5087,8.762,7.1651,78
3,5087,8.762,7.2652,80
0,5088,8.762,7.469,72
1,5088,8.762,7.3625,77
2,5088,8.762,7.2347,83
3,5088,8.762,7.372,78
0,5089,8.762,7.0968,96
1,5089,8.762,7.3285,89
2,5089,8.762,7.39,70
3,5089,8.762,7.3879,79
0,5090,8.762,7.2189,76
1,5090,8.762,7.3676,64
2,5090,8.762,7.2807,66
3,5090,8.762,7.1955,73
0,5091,8.762,7.2075,81
1,5091,8.762,7.3341,73
2,5091,8.762,7.3417,81
3,5091,8.762,7.3178,78
0,5092,8.762,7.3933,74
1,5092,8.762,7.3539,69
2,5092,8.762,7.3789,72
3,5092,8.762,7.2244,73
0,5093,8.762,7.4328,72
1,5093,8.762,7.3059,71
2,5093,8.762,7.3257,72
3,5093,8.762,7.2651,74
0,5094,8.762,7.2007,90
1,5094,8.762,7.2744,74
2,5094,8.762,7.3555,75
3,5094,8.762,7.2772,75
0,5095,8.762,7.2351,78
1,5095,8.762,7.2029,75
2,5095,8.762,7.2581,77
3,5095,8.762,7.3317,78
0,5096,8.762,7.3189,72
1,5096,8.762,7.366,75
2,5096,8.762,7.358,83
3,5096,8.762,7.416,74
0,5097,8.762,7.3707,65
1,5097,8.762,7.2856,78
2,5097,8.762,7.448,78
3,5097,8.762,7.431,70
0,5098,8.762,7.3521,75
1,5098,8.762,7.3273,79
2,5098,8.762,7.4064,80
3,5098,8.762,7.2679,72
0,5099,8.762,7.1269,77
1,5099,8.762,7.2265,85
2,5099,8.762,7.1313,77
3,5099,8.762,7.3074,74
0,5100,8.762,7.2334,79
1,5100,8.762,7.3673,72
2,5100,8.762,7.3229,74
3,5100,8.762,7.2626,79
0,5101,8.762,7.3427,72
1,5101,8.762,7.4185,70
2,5101,8.762,7.2731,77
3,5101,8.762,7.177,81
0,5102,8.762,7.2814,77
1,5102,8.762,7.3757,70
2,5102,8.762,7.4139,76
3,5102,8.762,7.428,78
0,5103,8.762,7.3987,74
1,5103,8.762,7.4063,73
2,5103,8.762,7.3184,79
3,5103,8.762,7.3488,71
0,5104,8.762,7.2606,79
1,5104,8.762,7.2754,70
2,5104,8.762,7.3424,71
3,5104,8.762,7.3501,64
0,5105,8.762,7.2502,76
1,5105,8.762,7.3058,72
2,5105,8.762,7.1508,76
3,5105,8.762,7.2776,76
0,5106,8.762,7.3936,72
1,5106,8.762,7.3239,69
2,5106,8.762,7.3132,84
3,5106,8.762,7.4738,76
0,5107,8.762,7.2333,71
1,5107,8.762,7.4143,74
2,5107,8.762,7.2995,80
3,5107,8.762,7.3228,76
0,5108,8.762,7.1391,79
1,5108,8.762,7.2724,72
2,5108,8.762,7.348,74
3,5108,8.762,7.3183,89
0,5109,8.762,7.2332,79
1,5109,8.762,7.2374,78
2,5109,8.762,7.3412,67
3,5109,8.762,7.1951,82
0,5110,8.762,7.0951,73
1,5110,8.762,7.3286,72
2,5110,8.762,7.1168,90
3,5110,8.762,7.4009,75
0,5111,8.762,7.1515,84
1,5111,8.762,7.2744,70
2,5111,8.762,7.1952,77
3,5111,8.762,7.2719,71
0,5112,8.762,7.3575,80
1,5112,8.762,7.2979,86
2,5112,8.762,7.2471,77
3,5112,8.762,7.4113,68
0,5113,8.762,7.1959,77
1,5113,8.762,7.5357,71
2,5113,8.762,7.2377,82
3,5113,8.762,7.3487,73
0,5114,8.762,7.2362,62
1,5114,8.762,7.4332,80
2,5114,8.762,7.2311,76
3,5114,8.762,7.1109,88
0,5115,8.762,7.2018,76
1,5115,8.762,7.2081,73
2,5115,8.762,7.1981,85
3,5115,8.762,7.375,75
0,5116,8.762,7.2251,75
1,5116,8.762,7.2832,74
2,5116,8.762,7.1711,74
3,5116,8.762,7.4134,78
0,5117,8.762,7.4332,65
1,5117,8.762,7.3787,74
2,5117,8.762,7.2662,82
3,5117,8.762,7.2777,80
0,5118,8.762,7.1667,76
1,5118,8.762,7.2609,79
2,5118,8.762,7.2319,73
3,5118,8.762,7.3091,74
0,5119,8.762,7.2853,91
1,5119,8.762,7.1986,75
2,5119,8.762,7.2827,71
3,5119,8.762,7.3688,70
0,5120,8.762,7.3833,67
1,5120,8.762,7.1065,86
2,5120,8.762,7.2331,79
3,5120,8.762,7.1843,67
0,5121,8.762,7.3839,67
1,5121,8.762,7.3166,73
2,5121,8.762,7.1772,80
3,5121,8.762,7.3108,74
0,5122,8.762,7.2766,75
1,5122,8.762,7.2251,81
2,5122,8.762,7.267,82
3,5122,8.762,7.3259,72
0,5123,8.762,7.2654,68
1,5123,8.762,7.2805,72
2,5123,8.762,7.3074,78
3,5123,8.762,7.3741,68
0,5124,8.762,7.3191,78
1,5124,8.762,7.3623,74
2,5124,8.762,7.2627,74
3,5124,8.762,7.1262,83
0,5125,8.762,7.3307,67
1,5125,8.762,7.457,70
2,5125,8.762,7.3437,78
3,5125,8.762,7.2274,68
0,5126,8.762,7.2555,72
1,5126,8.762,7.3709,73
2,5126,8.762,7.2182,83
3,5126,8.762,7.2479,74
0,5127,8.762,7.2913,80
1,5127,8.762,7.3749,79
2,5127,8.762,7.4315,75
3,5127,8.762,7.2723,79
0,5128,8.762,7.2903,78
1,5128,8.762,7.3882,72
2,5128,8.762,7.1983,84
3,5128,8.762,7.3193,77
0,5129,8.762,7.2036,81
1,5129,8.762,7.3561,79
2,5129,8.762,7.3249,68
3,5129,8.762,7.2966,84
0,5130,8.762,7.3516,67
1,5130,8.762,7.4391,73
2,5130,8.762,7.3901,63
3,5130,8.762,7.3302,73
0,5131,8.762,7.2581,80
1,5131,8.762,7.3356,68
2,5131,8.762,7.3652,69
3,5131,8.762,7.3527,62
0,5132,8.762,7.3255,77
1,5132,8.762,7.209,78
2,5132,8.762,7.1595,86
3,5132,8.762,7.3846,70
0,5133,8.762,7.2971,74
1,5133,8.762,7.4298,73
2,5133,8.762,7.243,86
3,5133,8.762,7.2618,74
0,5134,8.762,7.3219,76
1,5134,8.762,7.4099,75
2,5134,8.762,7.3626,72
3,5134,8.762,7.1164,82
0,5135,8.762,7.2365,78
1,5135,8.762,7.4741,65
2,5135,8.762,7.3767,81
3,5135,8.762,7.3351,70
0,5136,8.762,7.186,71
1,5136,8.762,7.33,79
2,5136,8.762,7.4266,73
3,5136,8.762,7.2998,73
0,5137,8.762,7.3332,73
1,5137,8.762,7.4178,67
2,5137,8.762,7.2626,75
3,5137,8.762,7.2615,79
0,5138,8.762,7.4005,80
1,5138,8.762,7.3304,73
2,5138,8.762,7.4126,77
3,5138,8.762,7.184,83
0,5139,8.762,7.2263,81
1,5139,8.762,7.5099,70
2,5139,8.762,7.2637,74
3,5139,8.762,7.2811,79
0,5140,8.762,7.2275,69
1,5140,8.762,7.4304,71
2,5140,8.762,7.2199,76
3,5140,8.762,7.2415,75
0,5141,8.762,7.2986,76
1,5141,8.762,7.4907,64
2,5141,8.762,7.1008,71
3,5141,8.762,7.3985,79
0,5142,8.762,7.2915,81
1,5142,8.762,7.2639,79
2,5142,8.762,7.3707,82
3,5142,8.762,7.1889,80
0,5143,8.762,7.3259,82
1,5143,8.762,7.3449,72
2,5143,8.762,7.1772,83
3,5143,8.762,7.2541,81
0,5144,8.762,7.2849,74
1,5144,8.762,7.3497,70
2,5144,8.762,7.4681,65
3,5144,8.762,7.2047,79
0,5145,8.762,7.1643,86
1,5145,8.762,7.3216,75
2,5145,8.762,7.2969,73
3,5145,8.762,7.3329,84
0,5146,8.762,7.184,73
1,5146,8.762,7.2939,79
2,5146,8.762,7.2732,82
3,5146,8.762,7.3056,68
0,5147,8.762,7.2271,73
1,5147,8.762,7.1386,77
2,5147,8.762,7.3392,82
3,5147,8.762,7.4289,75
0,5148,8.762,7.338,71
1,5148,8.762,7.3722,83
2,5148,8.762,7.3221,77
3,5148,8.762,7.3223,81
0,5149,8.762,7.3137,73
1,5149,8.762,7.2576,79
2,5149,8.762,7.2825,83
3,5149,8.762,7.1866,81
0,5150,8.762,7.4449,68
1,5150,8.762,7.4541,81
2,5150,8.762,7.291,76
3,5150,8.762,7.2261,73
0,5151,8.762,7.2708,81
1,5151,8.762,7.3624,66
2,5151,8.762,7.2016,78
3,5151,8.762,7.2879,77
0,5152,8.762,7.1972,84
1,5152,8.762,7.2947,74
2,5152,8.762,7.2012,84
3,5152,8.762,7.1431,83
0,5153,8.762,7.1333,85
1,5153,8.762,7.4001,72
2,5153,8.762,7.5076,69
3,5153,8.762,7.288,77
0,5154,8.762,7.3824,74
1,5154,8.762,7.1617,80
2,5154,8.762,7.3363,68
3,5154,8.762,7.2121,80
0,5155,8.762,7.1923,71
1,5155,8.762,7.2588,79
2,5155,8.762,7.3017,80
3,5155,8.762,7.196,77
0,5156,8.762,7.3699,67
1,5156,8.762,7.2422,74
2,5156,8.762,7.2304,78
3,5156,8.762,7.217,87
0,5157,8.762,7.4165,83
1,5157,8.762,7.3171,76
2,5157,8.762,7.3877,72
3,5157,8.762,7.4312,74
0,5158,8.762,7.1407,76
1,5158,8.762,7.365,73
2,5158,8.762,7.1999,83
3,5158,8.762,7.4322,68
0,5159,8.762,7.3214,81
1,5159,8.762,7.3139,80
2,5159,8.762,7.1793,80
3,5159,8.762,7.2906,79
0,5160,8.762,7.3829,72
1,5160,8.762,7.2378,76
2,5160,8.762,7.2492,87
3,5160,8.762,7.2215,68
0,5161,8.762,7.2398,78
1,5161,8.762,7.1038,83
2,5161,8.762,7.1677,78
3,5161,8.762,7.215,77
0,5162,8.762,7.313,81
1,5162,8.762,7.1689,79
2,5162,8.762,7.2756,76
3,5162,8.762,7.3659,71
0,5163,8.762,7.292,71
1,5163,8.762,7.378,68
2,5163,8.762,7.2878,78
3,5163,8.762,7.3246,81
0,5164,8.762,7.2611,78
1,5164,8.762,7.2058,88
2,5164,8.762,7.3545,76
3,5164,8.762,7.287,78
0,5165,8.762,7.3474,77
1,5165,8.762,7.3101,77
2,5165,8.762,7.189,79
3,5165,8.762,7.4026,80
0,5166,8.762,7.2216,75
1,5166,8.762,7.3203,74
2,5166,8.762,7.2537,69
3,5166,8.762,7.4555,74
0,5167,8.762,7.3763,69
1,5167,8.762,7.2695,79
2,5167,8.762,7.3889,74
3,5167,8.762,7.3973,80
0,5168,8.762,7.3287,75
1,5168,8.762,7.3235,72
2,5168,8.762,7.3328,70
3,5168,8.762,7.2192,85
0,5169,8.762,7.324,76
1,5169,8.762,7.2914,67
2,5169,8.762,7.2647,78
3,5169,8.762,7.3526,77
0,5170,8.762,7.149,80
1,5170,8.762,7.2532,76
2,5170,8.762,7.4001,69
3,5170,8.762,7.3958,72
0,5171,8.762,7.2962,73
1,5171,8.762,7.4739,69
2,5171,8.762,7.5319,74
3,5171,8.762,7.3911,75
0,5172,8.762,7.3542,76
1,5172,8.762,7.3492,66
2,5172,8.762,7.286,77
3,5172,8.762,7.2338,78
0,5173,8.762,7.3272,73
1,5173,8.762,7.251,77
2,5173,8.762,7.325,81
3,5173,8.762,7.1121,80
0,5174,8.762,7.0885,89
1,5174,8.762,7.1409,79
2,5174,8.762,7.4027,73
3,5174,8.762,7.2064,80
0,5175,8.762,7.267,83
1,5175,8.762,7.1685,71
2,5175,8.762,7.3577,81
3,5175,8.762,7.1709,77
0,5176,8.762,7.3039,76
1,5176,8.762,7.2996,83
2,5176,8.762,7.1656,84
3,5176,8.762,7.3277,81
0,5177,8.762,7.3561,81
1,5177,8.762,7.4932,73
2,5177,8.762,7.3517,73
3,5177,8.762,7.2333,81
0,5178,8.762,7.2544,70
1,5178,8.762,7.3692,68
2,5178,8.762,7.4365,73
3,5178,8.762,7.3548,77
0,5179,8.762,7.4017,68
1,5179,8.762,7.3015,73
2,5179,8.762,7.342,70
3,5179,8.762,7.2387,84
0,5180,8.762,7.2699,75
1,5180,8.762,7.3726,76
2,5180,8.762,7.372,69
3,5180,8.762,7.112,87
0,5181,8.762,7.1797,89
1,5181,8.762,7.1907,76
2,5181,8.762,7.3239,72
3,5181,8.762,7.4214,69
0,5182,8.762,7.1443,85
1,5182,8.762,7.2646,73
2,5182,8.762,7.2827,76
3,5182,8.762,7.3601,73
0,5183,8.762,7.4238,79
1,5183,8.762,7.1891,83
2,5183,8.762,7.4485,63
3,5183,8.762,7.1263,77
0,5184,8.762,7.3229,84
1,5184,8.762,7.3487,69
2,5184,8.762,7.324,80
3,5184,8.762,7.3596,81
0,5185,8.762,7.2663,78
1,5185,8.762,7.2936,67
2,5185,8.762,7.3033,77
3,5185,8.762,7.3143,79
0,5186,8.762,7.3623,75
1,5186,8.762,7.3126,80
2,5186,8.762,7.3661,69
3,5186,8.762,7.2236,75
0,5187,8.762,7.4445,77
1,5187,8.762,7.3135,71
2,5187,8.762,7.2089,70
3,5187,8.762,7.1834,80
0,5188,8.762,7.3228,71
1,5188,8.762,7.3725,74
2,5188,8.762,7.3438,80
3,5188,8.762,7.2829,74
0,5189,8.762,7.2396,81
1,5189,8.762,7.4144,73
2,5189,8.762,7.3219,71
3,5189,8.762,7.4597,78
0,5190,8.762,7.2994,72
1,5190,8.762,7.1099,79
2,5190,8.762,7.1651,79
3,5190,8.762,7.1939,83
0,5191,8.762,7.2853,72
1,5191,8.762,7.1625,77
2,5191,8.762,7.3181,73
3,5191,8.762,7.3162,84
0,5192,8.762,7.1994,73
1,5192,8.762,7.2679,84
2,5192,8.762,7.2788,69
3,5192,8.762,7.25,81
0,5193,8.762,7.2697,76
1,5193,8.762,7.2079,67
2,5193,8.762,7.2636,85
3,5193,8.762,7.2182,76
0,5194,8.762,7.3677,73
1,5194,8.762,7.32,78
2,5194,8.762,7.1741,79
3,5194,8.762,7.2121,69
0,5195,8.762,7.3207,79
1,5195,8.762,7.2297,77
2,5195,8.762,7.3149,72
3,5195,8.762,7.3898,70
0,5196,8.762,7.319,73
1,5196,8.762,7.3611,66
2,5196,8.762,7.333,70
3,5196,8.762,7.2816,72
0,5197,8.762,7.309,77
1,5197,8.762,7.2723,81
2,5197,8.762,7.4528,68
3,5197,8.762,7.2308,79
0,5198,8.762,7.3019,83
1,5198,8.762,7.4655,73
2,5198,8.762,7.3359,81
3,5198,8.762,7.3874,71
0,5199,8.762,7.3591,72
1,5199,8.762,7.3222,78
2,5199,8.762,7.2665,69
3,5199,8.762,7.362,87
0,5200,8.762,7.3813,71
1,5200,8.762,7.3374,77
2,5200,8.762,7.2731,76
3,5200,8.762,7.4309,75
0,5201,8.762,7.3344,79
1,5201,8.762,7.392,70
2,5201,8.762,7.2229,81
3,5201,8.762,7.3191,73
0,5202,8.762,7.3151,77
1,5202,8.762,7.1397,83
2,5202,8.762,7.3809,60
3,5202,8.762,7.2799,82
0,5203,8.762,7.4395,68
1,5203,8.762,7.3648,62
2,5203,8.762,7.0622,81
3,5203,8.762,7.3325,75
0,5204,8.762,7.2841,77
1,5204,8.762,7.1802,72
2,5204,8.762,7.2506,77
3,5204,8.762,7.1011,83
0,5205,8.762,7.2354,67
1,5205,8.762,7.1489,84
2,5205,8.762,7.3711,77
3,5205,8.762,7.5374,63
0,5206,8.762,7.4744,76
1,5206,8.762,7.2183,78
2,5206,8.762,7.3143,77
3,5206,8.762,7.2397,78
0,5207,8.762,7.3558,77
1,5207,8.762,7.2896,81
2,5207,8.762,7.2931,86
3,5207,8.762,7.2532,72
0,5208,8.762,7.2019,80
1,5208,8.762,7.1191,77
2,5208,8.762,7.2076,82
3,5208,8.762,7.5269,68
0,5209,8.762,7.271,75
1,5209,8.762,7.3367,63
2,5209,8.762,7.2957,71
3,5209,8.762,7.3139,86
0,5210,8.762,7.372,86
1,5210,8.762,7.3684,82
2,5210,8.762,7.1596,74
3,5210,8.762,7.2658,79
0,5211,8.762,7.3041,83
1,5211,8.762,7.2893,69
2,5211,8.762,7.3848,68
3,5211,8.762,7.246,76
0,5212,8.762,7.2481,70
1,5212,8.762,7.2855,75
2,5212,8.762,7.2991,73
3,5212,8.762,7.4523,67
0,5213,8.762,7.159,76
1,5213,8.762,7.2944,74
2,5213,8.762,7.3098,71
3,5213,8.762,7.2934,80
0,5214,8.762,7.2828,81
1,5214,8.762,7.2704,83
2,5214,8.762,7.3818,72
3,5214,8.762,7.3559,70
0,5215,8.762,7.2579,74
1,5215,8.762,7.2801,72
2,5215,8.762,7.3344,75
3,5215,8.762,7.373,72
0,5216,8.762,7.3206,67
1,5216,8.762,7.3441,86
2,5216,8.762,7.2281,77
3,5216,8.762,7.3231,77
0,5217,8.762,7.2695,83
1,5217,8.762,7.4187,71
2,5217,8.762,7.2941,79
3,5217,8.762,7.407,69
0,5218,8.762,7.1711,78
1,5218,8.762,7.2517,74
2,5218,8.762,7.3196,76
3,5218,8.762,7.2781,80
0,5219,8.762,7.3877,75
1,5219,8.762,7.105,84
2,5219,8.762,7.2608,90
3,5219,8.762,7.2041,77
0,5220,8.762,7.2056,81
1,5220,8.762,7.3612,82
2,5220,8.762,7.4052,78
3,5220,8.762,7.338,71
0,5221,8.762,7.1936,76
1,5221,8.762,7.3683,73
2,5221,8.762,7.1381,83
3,5221,8.762,7.273,75
0,5222,8.762,7.2736,84
1,5222,8.762,7.192,76
2,5222,8.762,7.3574,71
3,5222,8.762,7.3499,74
0,5223,8.762,7.4442,74
1,5223,8.762,7.2744,71
2,5223,8.762,7.4637,73
3,5223,8.762,7.2559,78
0,5224,8.762,7.3496,61
1,5224,8.762,7.3337,81
2,5224,8.762,7.3211,73
3,5224,8.762,7.3077,80
0,5225,8.762,7.3725,76
1,5225,8.762,7.2802,81
2,5225,8.762,7.1546,84
3,5225,8.762,7.4127,67
0,5226,8.762,7.3202,80
1,5226,8.762,7.336,77
2,5226,8.762,7.2889,85
3,5226,8.762,7.1429,87
0,5227,8.762,7.3498,79
1,5227,8.762,7.2453,77
2,5227,8.762,7.146,81
3,5227,8.762,7.3337,76
0,5228,8.762,7.3541,79
1,5228,8.762,7.3188,75
2,5228,8.762,7.0661,84
3,5228,8.762,7.155,74
0,5229,8.762,7.4619,74
1,5229,8.762,7.2496,75
2,5229,8.762,7.3204,76
3,5229,8.762,7.4401,77
0,5230,8.762,7.2605,80
1,5230,8.762,7.2371,77
2,5230,8.762,7.1754,78
3,5230,8.762,7.0916,86
0,5231,8.762,7.3215,74
1,5231,8.762,7.2674,69
2,5231,8.762,7.4233,77
3,5231,8.762,7.3158,77
0,5232,8.762,7.3547,77
1,5232,8.762,7.2349,73
2,5232,8.762,7.2881,75
3,5232,8.762,7.3442,75
0,5233,8.762,7.3931,67
1,5233,8.762,7.2781,71
2,5233,8.762,7.217,81
3,5233,8.762,7.4818,71
0,5234,8.762,7.2356,69
1,5234,8.762,7.3023,76
2,5234,8.762,7.1754,76
3,5234,8.762,7.1773,71
0,5235,8.762,7.2146,86
1,5235,8.762,7.3207,78
2,5235,8.762,7.3141,72
3,5235,8.762,7.2075,88
0,5236,8.762,7.2254,86
1,5236,8.762,7.26,69
2,5236,8.762,7.3695,78
3,5236,8.762,7.2439,84
0,5237,8.762,7.1989,80
1,5237,8.762,7.3019,78
2,5237,8.762,7.3325,67
3,5237,8.762,7.1682,81
0,5238,8.762,7.3312,78
1,5238,8.762,7.2796,83
2,5238,8.762,7.3126,78
3,5238,8.762,7.285,72
0,5239,8.762,7.0542,86
1,5239,8.762,7.3319,68
2,5239,8.762,7.2699,83
3,5239,8.762,7.4154,77
0,5240,8.762,7.33,73
1,5240,8.762,7.3169,76
2,5240,8.762,7.2595,78
3,5240,8.762,7.3373,71
0,5241,8.762,7.1352,73
1,5241,8.762,7.3354,73
2,5241,8.762,7.1219,78
3,5241,8.762,7.3898,75
0,5242,8.762,7.3168,76
1,5242,8.762,7.1597,83
2,5242,8.762,7.1695,79
3,5242,8.762,7.4432,72
0,5243,8.762,7.3555,78
1,5243,8.762,7.3742,76
2,5243,8.762,7.4974,70
3,5243,8.762,7.1891,85
0,5244,8.762,7.269,78
1,5244,8.762,7.2869,79
2,5244,8.762,7.2635,77
3,5244,8.762,7.1825,81
0,5245,8.762,7.1317,77
1,5245,8.762,7.3408,75
2,5245,8.762,7.2633,74
3,5245,8.762,7.2379,89
0,5246,8.762,7.3385,69
1,5246,8.762,7.3328,67
2,5246,8.762,7.3546,72
3,5246,8.762,7.2397,77
0,5247,8.762,7.3657,80
1,5247,8.762,7.2358,75
2,5247,8.762,7.4298,74
3,5247,8.762,7.2223,75
0,5248,8.762,7.3227,73
1,5248,8.762,7.2709,78
2,5248,8.762,7.3474,63
3,5248,8.762,7.2656,79
0,5249,8.762,7.2239,82
1,5249,8.762,7.2013,78
2,5249,8.762,7.1432,82
3,5249,8.762,7.2871,74
0,5250,8.762,7.2407,71
1,5250,8.762,7.3288,76
2,5250,8.762,7.2803,77
3,5250,8.762,7.2758,85
0,5251,8.762,7.3464,81
1,5251,8.762,7.3714,81
2,5251,8.762,7.3025,74
3,5251,8.762,7.3052,74
0,5252,8.762,7.3949,66
1,5252,8.762,7.4057,66
2,5252,8.762,7.4192,70
3,5252,8.762,7.2686,84
0,5253,8.762,7.3221,72
1,5253,8.762,7.3404,74
2,5253,8.762,7.2366,86
3,5253,8.762,7.2351,75
0,5254,8.762,7.3894,78
1,5254,8.762,7.3439,71
2,5254,8.762,7.1746,77
3,5254,8.762,7.3249,75
0,5255,8.762,7.2699,72
1,5255,8.762,7.1407,87
2,5255,8.762,7.2094,81
3,5255,8.762,7.4502,75
0,5256,8.762,7.3269,77
1,5256,8.762,7.0788,85
2,5256,8.762,7.195,81
3,5256,8.762,7.2043,76
0,5257,8.762,7.2615,82
1,5257,8.762,7.2565,72
2,5257,8.762,7.2876,83
3,5257,8.762,7.3042,77
0,5258,8.762,7.2448,79
1,5258,8.762,7.2535,72
2,5258,8.762,7.4495,74
3,5258,8.762,7.2448,76
0,5259,8.762,7.2299,74
1,5259,8.762,7.1557,84
2,5259,8.762,7.2379,75
3,5259,8.762,7.1704,86
0,5260,8.762,7.2884,69
1,5260,8.762,7.1796,84
2,5260,8.762,7.288,79
3,5260,8.762,7.3852,67
0,5261,8.762,7.1394,86
1,5261,8.762,7.335,79
2,5261,8.762,7.3268,71
3,5261,8.762,7.3807,72
0,5262,8.762,7.4199,67
1,5262,8.762,7.4201,73
2,5262,8.762,7.2297,89
3,5262,8.762,7.2368,83
0,5263,8.762,7.3263,69
1,5263,8.762,7.1827,81
2,5263,8.762,7.4311,67
3,5263,8.762,7.2899,86
0,5264,8.762,7.1713,80
1,5264,8.762,7.3629,70
2,5264,8.762,7.4349,69
3,5264,8.762,7.2256,82
0,5265,8.762,7.2927,81
1,5265,8.762,7.2612,73
2,5265,8.762,7.2975,79
3,5265,8.762,7.1719,84
0,5266,8.762,7.2571,78
1,5266,8.762,7.3056,75
2,5266,8.762,7.3291,67
3,5266,8.762,7.3632,73
0,5267,8.762,7.3057,75
1,5267,8.762,7.3495,70
2,5267,8.762,7.4153,74
3,5267,8.762,7.3074,75
0,5268,8.762,7.2299,71
1,5268,8.762,7.2921,69
2,5268,8.762,7.4443,68
3,5268,8.762,7.2592,86
0,5269,8.762,7.2781,69
1,5269,8.762,7.4489,60
2,5269,8.762,7.2115,73
3,5269,8.762,7.4061,76
0,5270,8.762,7.373,82
1,5270,8.762,7.3004,84
2,5270,8.762,7.2135,85
3,5270,8.762,7.2681,76
0,5271,8.762,7.2401,75
1,5271,8.762,7.4217,78
2,5271,8.762,7.3257,77
3,5271,8.762,7.2726,76
0,5272,8.762,7.2841,70
1,5272,8.762,7.0983,88
2,5272,8.762,7.2847,83
3,5272,8.762,7.3732,68
0,5273,8.762,7.29,74
1,5273,8.762,7.2754,74
2,5273,8.762,7.3048,86
3,5273,8.762,7.3724,76
0,5274,8.762,7.2424,77
1,5274,8.762,7.1864,91
2,5274,8.762,7.2457,76
3,5274,8.762,7.2539,66
0,5275,8.762,7.2551,81
1,5275,8.762,7.2264,78
2,5275,8.762,7.3004,79
3,5275,8.762,7.2178,78
0,5276,8.762,7.3732,67
1,5276,8.762,7.3526,80
2,5276,8.762,7.2451,78
3,5276,8.762,7.2774,85
0,5277,8.762,7.2401,87
1,5277,8.762,7.1045,75
2,5277,8.762,7.1939,82
3,5277,8.762,7.1207,78
0,5278,8.762,7.4118,75
1,5278,8.762,7.1658,77
2,5278,8.762,7.3222,74
3,5278,8.762,7.362,84
0,5279,8.762,7.2691,70
1,5279,8.762,7.4571,66
2,5279,8.762,7.3291,76
3,5279,8.762,7.212,84
0,5280,8.762,7.3232,77
1,5280,8.762,7.3297,75
2,5280,8.762,7.3481,78
3,5280,8.762,7.1919,76
0,5281,8.762,7.1893,86
1,5281,8.762,7.3618,72
2,5281,8.762,7.332,86
3,5281,8.762,7.2218,79
0,5282,8.762,7.3452,76
1,5282,8.762,7.2022,78
2,5282,8.762,7.1974,89
3,5282,8.762,7.2968,77
0,5283,8.762,7.419,66
1,5283,8.762,7.3623,73
2,5283,8.762,7.4194,70
3,5283,8.762,7.3024,84
0,5284,8.762,7.0888,92
1,5284,8.762,7.1043,78
2,5284,8.762,7.404,72
3,5284,8.762,7.3677,78
0,5285,8.762,7.193,77
1,5285,8.762,7.2644,76
2,5285,8.762,7.3445,78
3,5285,8.762,7.2526,72
0,5286,8.762,7.2099,87
1,5286,8.762,7.242,82
2,5286,8.762,7.3448,80
3,5286,8.762,7.304,83
0,5287,8.762,7.2287,82
1,5287,8.762,7.2964,78
2,5287,8.762,7.1367,80
3,5287,8.762,7.224,78
0,5288,8.762,7.3112,76
1,5288,8.762,7.1887,81
2,5288,8.762,7.1843,69
3,5288,8.762,7.3407,70
0,5289,8.762,7.2356,81
1,5289,8.762,7.4711,75
2,5289,8.762,7.3312,67
3,5289,8.762,7.1782,82
0,5290,8.762,7.3725,71
1,5290,8.762,7.2293,73
2,5290,8.762,7.336,70
3,5290,8.762,7.3249,74
0,5291,8.762,7.0686,98
1,5291,8.762,7.251,87
2,5291,8.762,7.2792,74
3,5291,8.762,7.1955,78
0,5292,8.762,7.0686,87
1,5292,8.762,7.219,68
2,5292,8.762,7.3656,68
3,5292,8.762,7.3245,85
0,5293,8.762,7.4461,72
1,5293,8.762,7.3163,76
2,5293,8.762,7.292,75
3,5293,8.762,7.2772,79
0,5294,8.762,7.3057,74
1,5294,8.762,7.3451,80
2,5294,8.762,7.1568,83
3,5294,8.762,7.4977,70
0,5295,8.762,7.239,87
1,5295,8.762,7.228,85
2,5295,8.762,7.2405,74
3,5295,8.762,7.3258,77
0,5296,8.762,7.2504,80
1,5296,8.762,7.3191,73
2,5296,8.762,7.1975,72
3,5296,8.762,7.2201,76
0,5297,8.762,7.1186,71
1,5297,8.762,7.2223,80
2,5297,8.762,7.2711,75
3,5297,8.762,7.2292,71
0,5298,8.762,7.5467,72
1,5298,8.762,7.2491,72
2,5298,8.762,7.129,75
3,5298,8.762,7.285,77
0,5299,8.762,7.3503,72
1,5299,8.762,7.2789,77
2,5299,8.762,7.3081,72
3,5299,8.762,7.3381,75
0,5300,8.762,7.459,71
1,5300,8.762,7.3083,73
2,5300,8.762,7.4703,64
3,5300,8.762,7.359,75
0,5301,8.762,7.3455,80
1,5301,8.762,7.3813,67
2,5301,8.762,7.435,72
3,5301,8.762,7.3132,73
0,5302,8.762,7.3333,81
1,5302,8.762,7.2199,78
2,5302,8.762,7.1342,81
3,5302,8.762,7.2659,77
0,5303,8.762,7.3227,77
1,5303,8.762,7.351,85
2,5303,8.762,7.2109,82
3,5303,8.762,7.3197,84
0,5304,8.762,7.138,79
1,5304,8.762,7.1086,78
2,5304,8.762,7.2599,81
3,5304,8.762,7.2385,81
0,5305,8.762,7.3436,79
1,5305,8.762,7.2821,80
2,5305,8.762,7.259,72
3,5305,8.762,7.2695,74
0,5306,8.762,7.1435,87
1,5306,8.762,7.4067,68
2,5306,8.762,7.159,77
3,5306,8.762,7.2945,79
0,5307,8.762,7.2532,76
1,5307,8.762,7.3538,75
2,5307,8.762,7.3069,71
3,5307,8.762,7.3518,80
0,5308,8.762,7.1437,74
1,5308,8.762,7.3024,69
2,5308,8.762,7.4952,70
3,5308,8.762,7.2643,79
0,5309,8.762,7.2588,78
1,5309,8.762,7.3923,74
2,5309,8.762,7.3581,80
3,5309,8.762,7.3122,79
0,5310,8.762,7.2093,81
1,5310,8.762,7.1919,71
2,5310,8.762,7.4031,76
3,5310,8.762,7.1702,81
0,5311,8.762,7.3557,80
1,5311,8.762,7.3506,73
2,5311,8.762,7.3228,77
3,5311,8.762,7.234,82
0,5312,8.762,7.2752,70
1,5312,8.762,7.2894,77
2,5312,8.762,7.3722,75
3,5312,8.762,7.1996,79
0,5313,8.762,7.5306,72
1,5313,8.762,7.1959,82
2,5313,8.762,7.4332,77
3,5313,8.762,7.2979,70
0,5314,8.762,7.3675,84
1,5314,8.762,7.2045,79
2,5314,8.762,7.3597,71
3,5314,8.762,7.3503,79
0,5315,8.762,7.27,79
1,5315,8.762,7.2175,70
2,5315,8.762,7.2855,79
3,5315,8.762,7.3397,77
0,5316,8.762,7.3346,70
1,5316,8.762,7.2606,76
2,5316,8.762,7.3327,81
3,5316,8.762,7.2402,78
0,5317,8.762,7.1717,76
1,5317,8.762,7.3136,76
2,5317,8.762,7.307,72
3,5317,8.762,7.3943,79
0,5318,8.762,7.2612,72
1,5318,8.762,7.3436,74
2,5318,8.762,7.3053,81
3,5318,8.762,7.2765,86
0,5319,8.762,7.2204,74
1,5319,8.762,7.3918,71
2,5319,8.762,7.2039,81
3,5319,8.762,7.1779,76
0,5320,8.762,7.3282,69
1,5320,8.762,7.3557,72
2,5320,8.762,7.2478,87
3,5320,8.762,7.3685,75
0,5321,8.762,7.3375,77
1,5321,8.762,7.2765,84
2,5321,8.762,7.2097,75
3,5321,8.762,7.398,60
0,5322,8.762,7.0907,91
1,5322,8.762,7.3942,60
2,5322,8.762,7.2033,74
3,5322,8.762,7.2534,72
0,5323,8.762,7.2885,78
1,5323,8.762,7.1958,78
2,5323,8.762,7.3163,70
3,5323,8.762,7.3136,69
0,5324,8.762,7.2116,78
1,5324,8.762,7.3811,69
2,5324,8.762,7.2206,87
3,5324,8.762,7.2867,79
0,5325,8.762,7.2437,79
1,5325,8.762,7.3077,75
2,5325,8.762,7.3126,75
3,5325,8.762,7.399,79
0,5326,8.762,7.0827,80
1,5326,8.762,7.3289,78
2,5326,8.762,7.3134,72
3,5326,8.762,7.3967,77
0,5327,8.762,7.2038,88
1,5327,8.762,7.2244,79
2,5327,8.762,7.2638,78
3,5327,8.762,7.2415,66
0,5328,8.762,7.151,72
1,5328,8.762,7.3033,80
2,5328,8.762,7.2028,74
3,5328,8.762,7.1908,81
0,5329,8.762,7.2095,78
1,5329,8.762,7.3871,73
2,5329,8.762,7.3548,75
3,5329,8.762,7.2601,78
0,5330,8.762,7.1711,74
1,5330,8.762,7.3612,82
2,5330,8.762,7.3902,75
3,5330,8.762,7.3489,77
0,5331,8.762,7.2582,71
1,5331,8.762,7.3805,71
2,5331,8.762,7.0706,88
3,5331,8.762,7.2305,80
0,5332,8.762,7.2441,78
1,5332,8.762,7.3677,78
2,5332,8.762,7.3718,79
3,5332,8.762,7.2967,79
0,5333,8.762,7.1933,73
1,5333,8.762,7.35,68
2,5333,8.762,7.1822,88
3,5333,8.762,7.391,73
0,5334,8.762,7.4157,67
1,5334,8.762,7.2198,72
2,5334,8.762,7.2513,73
3,5334,8.762,7.2671,83
0,5335,8.762,7.5226,70
1,5335,8.762,7.1837,78
2,5335,8.762,7.4142,78
3,5335,8.762,7.3471,78
0,5336,8.762,7.3165,82
1,5336,8.762,7.4457,75
2,5336,8.762,7.1124,75
3,5336,8.762,7.3379,76
0,5337,8.762,7.1527,73
1,5337,8.762,7.3214,77
2,5337,8.762,7.208,80
3,5337,8.762,7.1234,87
0,5338,8.762,7.2239,80
1,5338,8.762,7.29,80
2,5338,8.762,7.2028,72
3,5338,8.762,7.2861,84
0,5339,8.762,7.2743,83
1,5339,8.762,7.4769,68
2,5339,8.762,7.2548,70
3,5339,8.762,7.3563,69
0,5340,8.762,7.4605,63
1,5340,8.762,7.2783,83
2,5340,8.762,7.3083,68
3,5340,8.762,7.4404,70
0,5341,8.762,7.3054,74
1,5341,8.762,7.3592,73
2,5341,8.762,7.2413,77
3,5341,8.762,7.3748,64
0,5342,8.762,7.2628,76
1,5342,8.762,7.3358,82
2,5342,8.762,7.3152,62
3,5342,8.762,7.2358,74
0,5343,8.762,7.3855,70
1,5343,8.762,7.2443,76
2,5343,8.762,7.3174,81
3,5343,8.762,7.2676,81
0,5344,8.762,7.3283,80
1,5344,8.762,7.4874,73
2,5344,8.762,7.3332,83
3,5344,8.762,7.3619,82
0,5345,8.762,7.3734,74
1,5345,8.762,7.3158,79
2,5345,8.762,7.3196,69
3,5345,8.762,7.3509,70
0,5346,8.762,7.2162,70
1,5346,8.762,7.2693,77
2,5346,8.762,7.1709,79
3,5346,8.762,7.2134,80
0,5347,8.762,7.1988,85
1,5347,8.762,7.3401,78
2,5347,8.762,7.3587,82
3,5347,8.762,7.3557,74
0,5348,8.762,7.389,74
1,5348,8.762,7.3491,84
2,5348,8.762,7.4535,78
3,5348,8.762,7.1988,80
0,5349,8.762,7.0955,78
1,5349,8.762,7.3675,75
2,5349,8.762,7.0017,83
3,5349,8.762,7.3156,69
0,5350,8.762,7.1546,83
1,5350,8.762,7.3322,71
2,5350,8.762,7.3478,77
3,5350,8.762,7.1738,79
0,5351,8.762,7.2878,78
1,5351,8.762,7.3631,78
2,5351,8.762,7.3289,80
3,5351,8.762,7.04,84
0,5352,8.762,7.096,85
1,5352,8.762,7.3073,68
2,5352,8.762,7.3156,71
3,5352,8.762,7.2478,88
0,5353,8.762,7.1584,72
1,5353,8.762,7.222,91
2,5353,8.762,7.1834,86
3,5353,8.762,7.3296,72
0,5354,8.762,7.3102,75
1,5354,8.762,7.2206,79
2,5354,8.762,7.1074,86
3,5354,8.762,7.3629,86
0,5355,8.762,7.2729,74
1,5355,8.762,7.2412,73
2,5355,8.762,7.3172,86
3,5355,8.762,7.1138,78
0,5356,8.762,7.2089,87
1,5356,8.762,7.4292,67
2,5356,8.762,7.2756,74
3,5356,8.762,7.4305,71
0,5357,8.762,7.3806,79
1,5357,8.762,7.3631,87
2,5357,8.762,7.1864,79
3,5357,8.762,7.4904,71
0,5358,8.762,7.2279,71
1,5358,8.762,7.2523,73
2,5358,8.762,7.1952,82
3,5358,8.762,7.305,75
0,5359,8.762,7.2618,79
1,5359,8.762,7.1218,86
2,5359,8.762,7.4211,68
3,5359,8.762,7.1252,83
0,5360,8.762,7.4417,72
1,5360,8.762,7.1699,75
2,5360,8.762,7.2604,63
3,5360,8.762,7.2471,81
0,5361,8.762,7.1644,72
1,5361,8.762,7.2871,80
2,5361,8.762,7.24,83
3,5361,8.762,7.2159,85
0,5362,8.762,7.2263,73
1,5362,8.762,7.2547,78
2,5362,8.762,7.3269,76
3,5362,8.762,7.2307,68
0,5363,8.762,7.3108,74
1,5363,8.762,7.3609,81
2,5363,8.762,7.2975,68
3,5363,8.762,7.305,82
0,5364,8.762,7.3822,65
1,5364,8.762,7.1756,87
2,5364,8.762,7.3154,85
3,5364,8.762,7.2206,79
0,5365,8.762,7.2996,74
1,5365,8.762,7.2055,79
2,5365,8.762,7.3361,72
3,5365,8.762,7.2772,67
0,5366,8.762,7.2394,74
1,5366,8.762,7.2968,80
2,5366,8.762,7.1567,79
3,5366,8.762,7.3246,85
0,5367,8.762,7.2469,75
1,5367,8.762,7.2478,84
2,5367,8.762,7.4132,74
3,5367,8.762,7.4506,73
0,5368,8.762,7.2141,81
1,5368,8.762,7.1168,74
2,5368,8.762,7.184,73
3,5368,8.762,7.1441,75
0,5369,8.762,7.4283,69
1,5369,8.762,7.2416,79
2,5369,8.762,7.415,72
3,5369,8.762,7.196,86
0,5370,8.762,7.1972,80
1,5370,8.762,7.2264,78
2,5370,8.762,7.3173,76
3,5370,8.762,7.2789,72
0,5371,8.762,7.2977,74
1,5371,8.762,7.3175,82
2,5371,8.762,7.3673,65
3,5371,8.762,7.2905,73
0,5372,8.762,7.4067,75
1,5372,8.762,7.3492,75
2,5372,8.762,7.284,81
3,5372,8.762,7.2741,79
0,5373,8.762,7.2324,72
1,5373,8.762,7.1474,79
2,5373,8.762,7.1823,77
3,5373,8.762,7.2341,83
0,5374,8.762,7.3289,75
1,5374,8.762,7.3583,73
2,5374,8.762,7.2591,76
3,5374,8.762,7.3705,79
0,5375,8.762,7.27,76
1,5375,8.762,7.3322,75
2,5375,8.762,7.1552,80
3,5375,8.762,7.1645,84
0,5376,8.762,7.2615,73
1,5376,8.762,7.4007,69
2,5376,8.762,7.2601,77
3,5376,8.762,7.3862,81
0,5377,8.762,7.2654,81
1,5377,8.762,7.3363,76
2,5377,8.762,7.2218,76
3,5377,8.762,7.4094,68
0,5378,8.762,7.2802,81
1,5378,8.762,7.1472,86
2,5378,8.762,7.1945,87
3,5378,8.762,7.3567,75
0,5379,8.762,7.1474,88
1,5379,8.762,7.2537,76
2,5379,8.762,7.2612,82
3,5379,8.762,7.2942,78
0,5380,8.762,7.2104,73
1,5380,8.762,7.392,70
2,5380,8.762,7.255,80
3,5380,8.762,7.3462,78
0,5381,8.762,7.2979,80
1,5381,8.762,7.376,76
2,5381,8.762,7.1948,78
3,5381,8.762,7.2665,71
0,5382,8.762,7.3506,71
1,5382,8.762,7.2839,75
2,5382,8.762,7.2396,73
3,5382,8.762,7.2815,82
0,5383,8.762,7.3553,73
1,5383,8.762,7.4167,64
2,5383,8.762,7.3156,75
3,5383,8.762,7.2443,75
0,5384,8.762,7.257,80
1,5384,8.762,7.1437,83
2,5384,8.762,7.2282,71
3,5384,8.762,7.2778,74
0,5385,8.762,7.2587,89
1,5385,8.762,7.4542,66
2,5385,8.762,7.2334,82
3,5385,8.762,7.3689,79
0,5386,8.762,7.1996,71
1,5386,8.762,7.2418,72
2,5386,8.762,7.6086,58
3,5386,8.762,7.1545,78
0,5387,8.762,7.3017,77
1,5387,8.762,7.3435,83
2,5387,8.762,7.3125,80
3,5387,8.762,6.9808,88
0,5388,8.762,7.166,85
1,5388,8.762,7.1796,70
2,5388,8.762,7.2674,80
3,5388,8.762,7.2811,73
0,5389,8.762,7.3564,80
1,5389,8.762,7.2967,74
2,5389,8.762,7.3657,79
3,5389,8.762,7.4407,68
0,5390,8.762,7.301,76
1,5390,8.762,7.3096,68
2,5390,8.762,7.3135,72
3,5390,8.762,7.4039,72
0,5391,8.762,7.1173,79
1,5391,8.762,7.4256,73
2,5391,8.762,7.3469,71
3,5391,8.762,7.2795,80
0,5392,8.762,7.3042,82
1,5392,8.762,7.121,74
2,5392,8.762,7.5491,67
3,5392,8.762,7.1892,71
0,5393,8.762,7.3162,80
1,5393,8.762,7.3069,68
2,5393,8.762,7.2213,81
3,5393,8.762,7.4372,78
0,5394,8.762,7.4189,63
1,5394,8.762,7.1758,76
2,5394,8.762,7.3139,77
3,5394,8.762,7.2344,82
0,5395,8.762,7.2267,69
1,5395,8.762,7.2912,81
2,5395,8.762,7.3085,75
3,5395,8.762,7.2729,76
0,5396,8.762,7.223,81
1,5396,8.762,7.3779,84
2,5396,8.762,7.3536,76
3,5396,8.762,7.1179,79
0,5397,8.762,7.2523,80
1,5397,8.762,7.2143,67
2,5397,8.762,7.3209,81
3,5397,8.762,7.2159,82
0,5398,8.762,7.3418,75
1,5398,8.762,7.5077,72
2,5398,8.762,7.3746,73
3,5398,8.762,7.4426,72
0,5399,8.762,7.2627,75
1,5399,8.762,7.0961,90
2,5399,8.762,7.4756,77
3,5399,8.762,7.3644,78
0,5400,8.762,7.3781,74
1,5400,8.762,7.2152,87
2,5400,8.762,7.2169,74
3,5400,8.762,7.4264,68
0,5401,8.762,7.2125,78
1,5401,8.762,7.3157,74
2,5401,8.762,7.3424,75
3,5401,8.762,7.1408,83
0,5402,8.762,7.4458,71
1,5402,8.762,7.189,85
2,5402,8.762,7.3644,68
3,5402,8.762,7.288,66
0,5403,8.762,7.4636,69
1,5403,8.762,7.4516,72
2,5403,8.762,7.2595,78
3,5403,8.762,6.9834,81
0,5404,8.762,7.2306,74
1,5404,8.762,7.373,69
2,5404,8.762,7.4143,74
3,5404,8.762,7.194,80
0,5405,8.762,7.4709,63
1,5405,8.762,7.15,76
2,5405,8.762,7.2611,81
3,5405,8.762,7.3438,75
0,5406,8.762,7.5367,68
1,5406,8.762,7.2757,80
2,5406,8.762,7.3771,78
3,5406,8.762,7.2355,79
0,5407,8.762,7.1711,77
1,5407,8.762,7.2552,75
2,5407,8.762,7.2787,81
3,5407,8.762,7.2135,78
0,5408,8.762,7.2332,73
1,5408,8.762,7.3221,65
2,5408,8.762,7.3162,79
3,5408,8.762,7.2563,83
0,5409,8.762,7.1961,84
1,5409,8.762,7.2829,81
2,5409,8.762,7.3315,81
3,5409,8.762,7.3209,79
0,5410,8.762,7.1728,81
1,5410,8.762,7.3727,76
2,5410,8.762,7.3316,74
3,5410,8.762,7.3447,72
0,5411,8.762,7.3086,73
1,5411,8.762,7.2668,80
2,5411,8.762,7.2943,72
3,5411,8.762,7.2502,79
0,5412,8.762,7.2232,87
1,5412,8.762,7.3342,81
2,5412,8.762,7.3086,75
3,5412,8.762,7.2992,86
0,5413,8.762,7.3061,68
1,5413,8.762,7.2027,78
2,5413,8.762,7.3736,79
3,5413,8.762,7.2484,82
0,5414,8.762,7.4492,67
1,5414,8.762,7.2697,73
2,5414,8.762,7.1278,75
3,5414,8.762,7.235,79
0,5415,8.762,7.431,80
1,5415,8.762,7.2803,76
2,5415,8.762,7.273,78
3,5415,8.762,7.2773,83
0,5416,8.762,7.3288,71
1,5416,8.762,7.321,67
2,5416,8.762,7.2589,80
3,5416,8.762,7.2564,73
0,5417,8.762,7.2425,87
1,5417,8.762,7.3185,82
2,5417,8.762,7.3345,73
3,5417,8.762,7.2586,77
0,5418,8.762,7.4159,75
1,5418,8.762,7.3758,65
2,5418,8.762,7.2258,76
3,5418,8.762,7.1074,85
0,5419,8.762,7.1214,81
1,5419,8.762,7.2156,75
2,5419,8.762,7.3761,73
3,5419,8.762,7.1962,83
0,5420,8.762,7.1796,82
1,5420,8.762,7.3395,81
2,5420,8.762,7.3477,75
3,5420,8.762,7.1886,82
0,5421,8.762,7.2384,80
1,5421,8.762,7.3837,75
2,5421,8.762,7.2356,81
3,5421,8.762,7.186,72
0,5422,8.762,7.1597,76
1,5422,8.762,7.381,68
2,5422,8.762,7.2162,78
3,5422,8.762,7.2954,84
0,5423,8.762,7.2266,76
1,5423,8.762,7.3494,77
2,5423,8.762,7.3541,71
3,5423,8.762,7.405,67
0,5424,8.762,7.2201,81
1,5424,8.762,7.3613,80
2,5424,8.762,7.2367,75
3,5424,8.762,7.3139,75
0,5425,8.762,7.3883,76
1,5425,8.762,7.4254,84
2,5425,8.762,7.2609,80
3,5425,8.762,7.3409,86
0,5426,8.762,7.3118,67
1,5426,8.762,7.2921,75
2,5426,8.762,7.148,83
3,5426,8.762,7.2653,77
0,5427,8.762,7.3721,76
1,5427,8.762,7.3111,76
2,5427,8.762,7.2576,70
3,5427,8.762,7.2098,82
0,5428,8.762,7.1885,81
1,5428,8.762,7.3094,78
2,5428,8.762,7.1391,84
3,5428,8.762,7.3416,78
0,5429,8.762,7.2984,68
1,5429,8.762,7.221,81
2,5429,8.762,7.3698,77
3,5429,8.762,7.2929,88
0,5430,8.762,7.3489,70
1,5430,8.762,7.2713,80
2,5430,8.762,7.2959,74
3,5430,8.762,7.3736,74
0,5431,8.762,7.2023,85
1,5431,8.762,7.3634,82
2,5431,8.762,7.4,82
3,5431,8.762,7.4693,73
0,5432,8.762,7.2427,78
1,5432,8.762,7.0875,81
2,5432,8.762,7.3043,71
3,5432,8.762,7.2995,76
0,5433,8.762,7.092,76
1,5433,8.762,7.2254,83
2,5433,8.762,7.4782,72
3,5433,8.762,7.374,79
0,5434,8.762,7.3844,68
1,5434,8.762,7.2769,84
2,5434,8.762,7.2643,75
3,5434,8.762,7.1232,80
0,5435,8.762,7.2132,77
1,5435,8.762,7.1978,77
2,5435,8.762,7.0971,79
3,5435,8.762,7.1683,78
0,5436,8.762,7.1189,81
1,5436,8.762,7.4198,77
2,5436,8.762,7.205,78
3,5436,8.762,7.5005,68
0,5437,8.762,7.4346,81
1,5437,8.762,7.2989,75
2,5437,8.762,7.2653,81
3,5437,8.762,7.1894,84
0,5438,8.762,7.3335,84
1,5438,8.762,7.2026,80
2,5438,8.762,7.1343,81
3,5438,8.762,7.2689,71
0,5439,8.762,7.2714,71
1,5439,8.762,7.2082,78
2,5439,8.762,7.3774,71
3,5439,8.762,7.3009,76
0,5440,8.762,7.3184,75
1,5440,8.762,7.2641,83
2,5440,8.762,7.3936,74
3,5440,8.762,7.2918,81
0,5441,8.762,7.2104,76
1,5441,8.762,7.32,75
2,5441,8.762,7.3373,79
3,5441,8.762,7.3642,76
0,5442,8.762,7.2146,78
1,5442,8.762,7.0683,93
2,5442,8.762,7.1741,88
3,5442,8.762,7.4047,67
0,5443,8.762,7.1932,73
1,5443,8.762,7.2891,69
2,5443,8.762,7.3713,70
3,5443,8.762,7.1974,78
0,5444,8.762,7.1822,79
1,5444,8.762,7.3198,77
2,5444,8.762,7.2393,72
3,5444,8.762,7.2144,82
0,5445,8.762,7.4228,70
1,5445,8.762,7.2972,84
2,5445,8.762,7.1329,85
3,5445,8.762,7.221,74
0,5446,8.762,7.2287,76
1,5446,8.762,7.2884,80
2,5446,8.762,7.2543,76
3,5446,8.762,7.2597,76
0,5447,8.762,7.2607,80
1,5447,8.762,7.1246,78
2,5447,8.762,7.2583,79
3,5447,8.762,7.2244,78
0,5448,8.762,7.2181,76
1,5448,8.762,7.3803,67
2,5448,8.762,7.3714,66
3,5448,8.762,7.1782,76
0,5449,8.762,7.2385,72
1,5449,8.762,7.1276,80
2,5449,8.762,7.3548,73
3,5449,8.762,7.2574,88
0,5450,8.762,7.2308,82
1,5450,8.762,7.2671,74
2,5450,8.762,7.2023,88
3,5450,8.762,7.4076,87
0,5451,8.762,7.3584,78
1,5451,8.762,7.3622,70
2,5451,8.762,7.255,78
3,5451,8.762,7.1342,81
0,5452,8.762,7.2005,86
1,5452,8.762,7.3185,76
2,5452,8.762,7.254,86
3,5452,8.762,7.4639,76
0,5453,8.762,7.1935,84
1,5453,8.762,7.3761,87
2,5453,8.762,7.3816,71
3,5453,8.762,7.2342,76
0,5454,8.762,7.3399,66
1,5454,8.762,7.3499,75
2,5454,8.762,7.2952,79
3,5454,8.762,7.3854,70
0,5455,8.762,7.2765,81
1,5455,8.762,7.2844,83
2,5455,8.762,7.3015,85
3,5455,8.762,7.3016,75
0,5456,8.762,7.1858,77
1,5456,8.762,7.2577,76
2,5456,8.762,7.0892,83
3,5456,8.762,7.241,81
0,5457,8.762,7.3831,67
1,5457,8.762,7.3731,70
2,5457,8.762,7.1157,76
3,5457,8.762,7.2336,78
0,5458,8.762,7.3535,79
1,5458,8.762,7.3846,71
2,5458,8.762,7.135,89
3,5458,8.762,7.4998,69
0,5459,8.762,7.3191,74
1,5459,8.762,7.0941,76
2,5459,8.762,7.1446,84
3,5459,8.762,7.2003,74
0,5460,8.762,7.3006,72
1,5460,8.762,7.3402,79
2,5460,8.762,7.1934,74
3,5460,8.762,7.3108,69
0,5461,8.762,7.1709,80
1,5461,8.762,7.3721,70
2,5461,8.762,7.3552,79
3,5461,8.762,7.3009,82
0,5462,8.762,7.4512,75
1,5462,8.762,7.3007,68
2,5462,8.762,7.3006,76
3,5462,8.762,7.2545,87
0,5463,8.762,7.251,73
1,5463,8.762,7.3195,66
2,5463,8.762,7.1739,87
3,5463,8.762,7.2939,80
0,5464,8.762,7.1783,76
1,5464,8.762,7.2469,79
2,5464,8.762,7.2129,77
3,5464,8.762,7.2109,82
0,5465,8.762,7.2122,84
1,5465,8.762,7.2849,82
2,5465,8.762,7.2466,88
3,5465,8.762,7.4437,66
0,5466,8.762,7.3215,72
1,5466,8.762,7.2669,70
2,5466,8.762,7.2164,83
3,5466,8.762,7.1622,71
0,5467,8.762,7.2636,70
1,5467,8.762,7.3171,79
2,5467,8.762,7.1982,77
3,5467,8.762,7.3406,78
0,5468,8.762,7.205,77
1,5468,8.762,7.2153,76
2,5468,8.762,7.3614,79
3,5468,8.762,7.2548,84
0,5469,8.762,7.1194,84
1,5469,8.762,7.2814,73
2,5469,8.762,7.4019,80
3,5469,8.762,7.2612,75
0,5470,8.762,7.2974,79
1,5470,8.762,7.21,73
2,5470,8.762,7.2646,76
3,5470,8.762,7.0914,79
0,5471,8.762,7.3295,79
1,5471,8.762,7.3746,69
2,5471,8.762,7.2668,80
3,5471,8.762,7.4025,74
0,5472,8.762,7.3462,78
1,5472,8.762,7.2331,88
2,5472,8.762,7.1783,76
3,5472,8.762,7.2881,75
0,5473,8.762,7.4408,74
1,5473,8.762,7.2507,81
2,5473,8.762,7.115,84
3,5473,8.762,7.4416,74
0,5474,8.762,7.3273,73
1,5474,8.762,7.3701,76
2,5474,8.762,7.1916,84
3,5474,8.762,7.1541,91
0,5475,8.762,7.3308,80
1,5475,8.762,7.221,86
2,5475,8.762,7.2584,78
3,5475,8.762,7.3012,76
0,5476,8.762,7.3298,69
1,5476,8.762,7.3565,72
2,5476,8.762,7.3804,77
3,5476,8.762,7.2517,73
0,5477,8.762,7.258,83
1,5477,8.762,7.215,90
2,5477,8.762,7.2605,74
3,5477,8.762,7.3658,77
0,5478,8.762,7.4128,70
1,5478,8.762,7.2321,75
2,5478,8.762,7.228,81
3,5478,8.762,7.1856,80
0,5479,8.762,7.2437,75
1,5479,8.762,7.0838,88
2,5479,8.762,7.4993,71
3,5479,8.762,7.3779,72
0,5480,8.762,7.3322,73
1,5480,8.762,7.2933,75
2,5480,8.762,7.3961,80
3,5480,8.762,7.2458,76
0,5481,8.762,7.3525,78
1,5481,8.762,7.1996,77
2,5481,8.762,7.2495,82
3,5481,8.762,7.273,77
0,5482,8.762,7.2831,80
1,5482,8.762,7.3876,77
2,5482,8.762,7.3836,78
3,5482,8.762,7.2373,72
0,5483,8.762,7.4605,69
1,5483,8.762,7.3301,68
2,5483,8.762,7.3086,72
3,5483,8.762,7.2303,84
0,5484,8.762,7.1197,74
1,5484,8.762,7.3031,76
2,5484,8.762,7.317,70
3,5484,8.762,7.2413,79
0,5485,8.762,7.1306,89
1,5485,8.762,7.4602,69
2,5485,8.762,7.3057,81
3,5485,8.762,7.2826,76
0,5486,8.762,7.3627,71
1,5486,8.762,7.3083,73
2,5486,8.762,7.1852,77
3,5486,8.762,7.2835,78
0,5487,8.762,7.1249,75
1,5487,8.762,7.2878,83
2,5487,8.762,7.3415,79
3,5487,8.762,7.1653,86
0,5488,8.762,7.2061,81
1,5488,8.762,7.3764,70
2,5488,8.762,7.5152,72
3,5488,8.762,7.3628,73
0,5489,8.762,7.2683,76
1,5489,8.762,7.4416,70
2,5489,8.762,7.2956,81
3,5489,8.762,7.3098,82
0,5490,8.762,7.3083,72
1,5490,8.762,7.2986,77
2,5490,8.762,7.0877,86
3,5490,8.762,7.2824,83
0,5491,8.762,7.2761,78
1,5491,8.762,7.3187,86
2,5491,8.762,7.23,83
3,5491,8.762,7.3893,80
0,5492,8.762,7.2718,86
1,5492,8.762,7.3263,70
2,5492,8.762,7.2711,78
3,5492,8.762,7.1727,72
0,5493,8.762,7.2747,83
1,5493,8.762,7.2506,73
2,5493,8.762,7.1856,82
3,5493,8.762,7.4094,75
0,5494,8.762,7.1189,81
1,5494,8.762,7.2731,76
2,5494,8.762,7.3489,69
3,5494,8.762,7.2394,73
0,5495,8.762,7.2452,77
1,5495,8.762,7.4987,74
2,5495,8.762,7.2742,77
3,5495,8.762,7.1991,82
0,5496,8.762,7.1846,83
1,5496,8.762,7.461,76
2,5496,8.762,7.2296,71
3,5496,8.762,7.3439,73
0,5497,8.762,7.1708,75
1,5497,8.762,7.3208,81
2,5497,8.762,7.3255,87
3,5497,8.762,7.3142,74
0,5498,8.762,7.2447,85
1,5498,8.762,7.2654,76
2,5498,8.762,7.2596,76
3,5498,8.762,7.3015,81
0,5499,8.762,7.3359,79
1,5499,8.762,7.2522,82
2,5499,8.762,7.4221,73
3,5499,8.762,7.3074,73
0,5500,8.762,7.5238,73
1,5500,8.762,7.2394,79
2,5500,8.762,7.2303,80
3,5500,8.762,7.3019,73
0,5501,8.762,7.3259,82
1,5501,8.762,7.2949,73
2,5501,8.762,7.2226,74
3,5501,8.762,7.1105,80
0,5502,8.762,7.4046,70
1,5502,8.762,7.1788,79
2,5502,8.762,7.302,74
3,5502,8.762,7.2002,79
0,5503,8.762,7.3382,71
1,5503,8.762,7.2907,76
2,5503,8.762,7.3439,78
3,5503,8.762,7.2223,78
0,5504,8.762,7.262,73
1,5504,8.762,7.2768,75
2,5504,8.762,7.4,72
3,5504,8.762,7.3066,65
0,5505,8.762,7.3131,76
1,5505,8.762,7.2327,81
2,5505,8.762,7.383,70
3,5505,8.762,7.2765,77
0,5506,8.762,7.2459,78
1,5506,8.762,7.2023,84
2,5506,8.762,7.3641,68
3,5506,8.762,7.3641,80
0,5507,8.762,7.5423,68
1,5507,8.762,7.3809,70
2,5507,8.762,7.3621,68
3,5507,8.762,7.2569,87
0,5508,8.762,7.4271,71
1,5508,8.762,7.254,76
2,5508,8.762,7.3703,71
3,5508,8.762,7.4718,71
0,5509,8.762,7.3642,67
1,5509,8.762,7.078,86
2,5509,8.762,7.2715,72
3,5509,8.762,7.16,76
0,5510,8.762,7.1327,77
1,5510,8.762,7.2494,74
2,5510,8.762,7.4024,65
3,5510,8.762,7.3961,73
0,5511,8.762,7.3277,83
1,5511,8.762,7.3479,68
2,5511,8.762,7.4164,78
3,5511,8.762,7.3318,74
0,5512,8.762,7.3893,69
1,5512,8.762,7.2518,74
2,5512,8.762,7.2374,81
3,5512,8.762,7.3597,74
0,5513,8.762,7.2546,88
1,5513,8.762,7.2769,77
2,5513,8.762,7.2959,81
3,5513,8.762,7.3282,73
0,5514,8.762,7.4615,66
1,5514,8.762,7.3357,70
2,5514,8.762,7.2111,81
3,5514,8.762,7.3864,71
0,5515,8.762,7.3619,78
1,5515,8.762,7.1354,92
2,5515,8.762,7.4613,76
3,5515,8.762,7.3174,76
0,5516,8.762,7.3193,73
1,5516,8.762,7.2604,80
2,5516,8.762,7.2175,85
3,5516,8.762,7.1938,74
0,5517,8.762,7.3235,72
1,5517,8.762,7.202,80
2,5517,8.762,7.4303,72
3,5517,8.762,7.1622,77
0,5518,8.762,7.342,74
1,5518,8.762,7.4449,69
2,5518,8.762,7.2598,72
3,5518,8.762,7.4159,72
0,5519,8.762,7.2879,80
1,5519,8.762,7.2564,74
2,5519,8.762,7.2325,86
3,5519,8.762,7.3015,81
0,5520,8.762,7.3301,81
1,5520,8.762,7.2542,88
2,5520,8.762,7.3715,75
3,5520,8.762,7.3062,70
0,5521,8.762,7.2866,75
1,5521,8.762,7.1759,78
2,5521,8.762,7.2944,74
3,5521,8.762,7.2482,74
0,5522,8.762,7.3416,71
1,5522,8.762,7.3121,73
2,5522,8.762,7.3428,76
3,5522,8.762,7.3579,67
0,5523,8.762,7.3061,78
1,5523,8.762,7.4319,78
2,5523,8.762,7.1954,70
3,5523,8.762,7.3917,80
0,5524,8.762,7.2397,79
1,5524,8.762,7.3173,75
2,5524,8.762,7.2343,81
3,5524,8.762,7.4076,78
0,5525,8.762,7.332,71
1,5525,8.762,7.3479,73
2,5525,8.762,7.3592,75
3,5525,8.762,7.2807,77
0,5526,8.762,7.1532,87
1,5526,8.762,7.264,73
2,5526,8.762,7.1807,82
3,5526,8.762,7.2764,66
0,5527,8.762,7.0664,83
1,5527,8.762,7.3398,82
2,5527,8.762,7.4068,69
3,5527,8.762,7.2307,75
0,5528,8.762,7.2743,74
1,5528,8.762,7.2329,83
2,5528,8.762,7.14,75
3,5528,8.762,7.3961,74
0,5529,8.762,7.3628,69
1,5529,8.762,7.128,76
2,5529,8.762,7.4195,75
3,5529,8.762,7.2096,75
0,5530,8.762,7.3044,78
1,5530,8.762,7.2259,82
2,5530,8.762,7.1399,85
3,5530,8.762,7.2145,77
0,5531,8.762,7.2592,77
1,5531,8.762,7.3976,67
2,5531,8.762,7.2135,83
3,5531,8.762,7.3248,71
0,5532,8.762,7.1597,81
1,5532,8.762,7.146,83
2,5532,8.762,7.3418,71
3,5532,8.762,7.3121,80
0,5533,8.762,7.4705,70
1,5533,8.762,7.1823,72
2,5533,8.762,7.1813,75
3,5533,8.762,7.386,74
0,5534,8.762,7.168,82
1,5534,8.762,7.3024,76
2,5534,8.762,7.2835,87
3,5534,8.762,7.2319,69
0,5535,8.762,7.3859,85
1,5535,8.762,7.3296,73
2,5535,8.762,7.2054,73
3,5535,8.762,7.3851,75
0,5536,8.762,7.2517,75
1,5536,8.762,7.0802,82
2,5536,8.762,7.1747,78
3,5536,8.762,7.4437,71
0,5537,8.762,7.2637,74
1,5537,8.762,7.313,68
2,5537,8.762,7.3571,75
3,5537,8.762,7.3164,82
0,5538,8.762,7.1269,81
1,5538,8.762,7.228,78
2,5538,8.762,7.1462,82
3,5538,8.762,7.3058,76
0,5539,8.762,7.004,70
1,5539,8.762,7.3595,67
2,5539,8.762,7.0954,80
3,5539,8.762,7.2155,79
0,5540,8.762,7.2954,77
1,5540,8.762,7.2906,67
2,5540,8.762,7.1368,82
3,5540,8.762,7.1618,71
0,5541,8.762,7.1307,78
1,5541,8.762,7.3832,76
2,5541,8.762,7.3507,69
3,5541,8.762,7.1485,81
0,5542,8.762,7.2904,71
1,5542,8.762,7.2298,80
2,5542,8.762,7.3144,73
3,5542,8.762,7.3027,82
0,5543,8.762,7.3507,78
1,5543,8.762,7.2237,81
2,5543,8.762,7.3043,79
3,5543,8.762,7.2136,75
0,5544,8.762,7.3434,82
1,5544,8.762,7.3839,75
2,5544,8.762,7.327,84
3,5544,8.762,7.2392,75
0,5545,8.762,7.2413,78
1,5545,8.762,7.1816,77
2,5545,8.762,7.127,89
3,5545,8.762,7.1856,73
0,5546,8.762,7.2888,74
1,5546,8.762,7.3283,83
2,5546,8.762,7.2772,78
3,5546,8.762,7.3025,72
0,5547,8.762,7.3245,81
1,5547,8.762,7.403,75
2,5547,8.762,7.2326,77
3,5547,8.762,7.2525,76
0,5548,8.762,7.0955,80
1,5548,8.762,7.1935,73
2,5548,8.762,7.2097,76
3,5548,8.762,7.3399,82
0,5549,8.762,7.2129,78
1,5549,8.762,7.3759,74
2,5549,8.762,7.1442,82
3,5549,8.762,7.2241,85
0,5550,8.762,7.0429,85
1,5550,8.762,7.1833,72
2,5550,8.762,7.3273,80
3,5550,8.762,7.4264,67
0,5551,8.762,7.2573,79
1,5551,8.762,7.2309,89
2,5551,8.762,7.2741,75
3,5551,8.762,7.1512,75
0,5552,8.762,7.3157,78
1,5552,8.762,7.1727,84
2,5552,8.762,7.3904,72
3,5552,8.762,7.2229,73
0,5553,8.762,7.2601,79
1,5553,8.762,7.3348,76
2,5553,8.762,7.3016,81
3,5553,8.762,7.3978,68
0,5554,8.762,7.352,77
1,5554,8.762,7.2133,89
2,5554,8.762,7.4986,66
3,5554,8.762,7.2225,83
0,5555,8.762,7.2024,75
1,5555,8.762,7.3968,64
2,5555,8.762,7.17,79
3,5555,8.762,7.346,72
0,5556,8.762,7.374,64
1,5556,8.762,7.273,70
2,5556,8.762,7.2752,86
3,5556,8.762,7.2479,77
0,5557,8.762,7.2521,78
1,5557,8.762,7.3547,85
2,5557,8.762,7.4568,68
3,5557,8.762,7.2488,77
0,5558,8.762,7.3787,79
1,5558,8.762,7.2587,77
2,5558,8.762,7.3049,86
3,5558,8.762,7.3892,70
0,5559,8.762,7.2132,70
1,5559,8.762,7.3694,69
2,5559,8.762,7.2839,68
3,5559,8.762,7.4132,79
0,5560,8.762,7.3336,76
1,5560,8.762,7.3059,79
2,5560,8.762,7.1738,75
3,5560,8.762,7.3578,78
0,5561,8.762,7.3044,84
1,5561,8.762,7.335,72
2,5561,8.762,7.2028,79
3,5561,8.762,7.2229,86
0,5562,8.762,7.2596,76
1,5562,8.762,7.2516,71
2,5562,8.762,7.1931,82
3,5562,8.762,7.3507,72
0,5563,8.762,7.2038,83
1,5563,8.762,7.336,78
2,5563,8.762,7.1942,71
3,5563,8.762,7.3566,70
0,5564,8.762,7.2729,85
1,5564,8.762,7.2807,77
2,5564,8.762,7.3872,83
3,5564,8.762,7.2819,84
0,5565,8.762,7.3832,66
1,5565,8.762,7.4291,71
2,5565,8.762,7.1186,79
3,5565,8.762,7.3627,66
0,5566,8.762,7.2379,86
1,5566,8.762,7.2441,79
2,5566,8.762,7.2466,79
3,5566,8.762,7.4388,68
0,5567,8.762,7.1873,76
1,5567,8.762,7.2991,76
2,5567,8.762,7.3653,72
3,5567,8.762,7.0859,80
0,5568,8.762,7.2397,76
1,5568,8.762,7.185,80
2,5568,8.762,7.3203,81
3,5568,8.762,7.3051,75
0,5569,8.762,7.1562,88
1,5569,8.762,7.1959,90
2,5569,8.762,7.2657,87
3,5569,8.762,7.3855,76
0,5570,8.762,7.4068,73
1,5570,8.762,7.24,79
2,5570,8.762,7.2776,73
3,5570,8.762,7.3203,71
0,5571,8.762,7.2777,77
1,5571,8.762,7.2371,74
2,5571,8.762,7.2573,78
3,5571,8.762,7.2838,77
0,5572,8.762,7.3813,71
1,5572,8.762,7.3799,80
2,5572,8.762,7.2819,73
3,5572,8.762,7.3928,85
0,5573,8.762,7.4692,69
1,5573,8.762,7.1734,83
2,5573,8.762,7.1978,75
3,5573,8.762,7.3619,76
0,5574,8.762,7.2782,76
1,5574,8.762,7.3125,74
2,5574,8.762,7.1133,89
3,5574,8.762,7.3339,73
0,5575,8.762,7.3383,68
1,5575,8.762,7.2791,74
2,5575,8.762,7.1382,83
3,5575,8.762,7.3773,74
0,5576,8.762,7.2825,81
1,5576,8.762,7.3906,71
2,5576,8.762,7.2574,76
3,5576,8.762,7.1834,77
0,5577,8.762,7.2876,77
1,5577,8.762,7.1603,86
2,5577,8.762,7.2241,75
3,5577,8.762,7.2423,78
0,5578,8.762,7.1838,88
1,5578,8.762,7.281,75
2,5578,8.762,7.0665,77
3,5578,8.762,7.207,70
0,5579,8.762,7.2464,80
1,5579,8.762,7.282,73
2,5579,8.762,7.3193,76
3,5579,8.762,7.2746,76
0,5580,8.762,7.2409,81
1,5580,8.762,7.2174,87
2,5580,8.762,7.309,85
3,5580,8.762,7.3937,72
0,5581,8.762,7.36,77
1,5581,8.762,7.2235,84
2,5581,8.762,7.3073,64
3,5581,8.762,7.2052,86
0,5582,8.762,7.1905,75
1,5582,8.762,7.3382,81
2,5582,8.762,7.3336,80
3,5582,8.762,7.3864,74
0,5583,8.762,7.2643,84
1,5583,8.762,7.2135,82
2,5583,8.762,7.4062,69
3,5583,8.762,7.267,74
0,5584,8.762,7.3559,68
1,5584,8.762,7.4231,69
2,5584,8.762,7.3236,73
3,5584,8.762,7.3286,69
0,5585,8.762,7.3159,81
1,5585,8.762,7.2652,76
2,5585,8.762,7.1226,82
3,5585,8.762,7.3275,75
0,5586,8.762,7.1877,77
1,5586,8.762,7.2959,70
2,5586,8.762,7.3637,82
3,5586,8.762,7.1711,74
0,5587,8.762,7.1743,77
1,5587,8.762,7.2601,72
2,5587,8.762,7.3108,70
3,5587,8.762,7.2732,78
0,5588,8.762,7.4985,65
1,5588,8.762,7.24,70
2,5588,8.762,7.2377,86
3,5588,8.762,7.2148,80
0,5589,8.762,7.2743,72
1,5589,8.762,7.2008,81
2,5589,8.762,7.3074,74
3,5589,8.762,7.3011,82
0,5590,8.762,7.2158,77
1,5590,8.762,7.3145,70
2,5590,8.762,7.235,82
3,5590,8.762,7.291,85
0,5591,8.762,7.3074,72
1,5591,8.762,7.3282,80
2,5591,8.762,7.3433,65
3,5591,8.762,7.3389,84
0,5592,8.762,7.1436,85
1,5592,8.762,7.1874,86
2,5592,8.762,7.2069,83
3,5592,8.762,7.4416,81
0,5593,8.762,7.2462,75
1,5593,8.762,7.2779,72
2,5593,8.762,7.2181,85
3,5593,8.762,7.3303,78
0,5594,8.762,7.3982,78
1,5594,8.762,7.2665,80
2,5594,8.762,7.3297,74
3,5594,8.762,7.127,71
0,5595,8.762,7.4322,72
1,5595,8.762,7.2694,75
2,5595,8.762,7.3376,79
3,5595,8.762,7.2172,88
0,5596,8.762,7.1883,77
1,5596,8.762,7.405,71
2,5596,8.762,7.2795,79
3,5596,8.762,7.2488,86
0,5597,8.762,7.1833,79
1,5597,8.762,7.3311,71
2,5597,8.762,7.3491,68
3,5597,8.762,7.1287,87
0,5598,8.762,7.3089,76
1,5598,8.762,7.3662,71
2,5598,8.762,7.3856,79
3,5598,8.762,7.4653,61
0,5599,8.762,7.1092,80
1,5599,8.762,7.2374,85
2,5599,8.762,7.4304,65
3,5599,8.762,7.3032,78
0,5600,8.762,7.227,74
1,5600,8.762,7.2484,76
2,5600,8.762,7.222,80
3,5600,8.762,7.3429,77
0,5601,8.762,7.3296,86
1,5601,8.762,7.3391,72
2,5601,8.762,7.2647,79
3,5601,8.762,7.2221,82
0,5602,8.762,7.3059,85
1,5602,8.762,7.2882,78
2,5602,8.762,7.172,83
3,5602,8.762,7.3871,77
0,5603,8.762,7.317,76
1,5603,8.762,7.3457,74
2,5603,8.762,7.2388,74
3,5603,8.762,7.3697,70
0,5604,8.762,7.3385,73
1,5604,8.762,7.3356,72
2,5604,8.762,7.2422,78
3,5604,8.762,7.285,70
0,5605,8.762,7.1634,83
1,5605,8.762,7.3237,77
2,5605,8.762,7.4443,74
3,5605,8.762,7.2178,80
0,5606,8.762,7.2524,71
1,5606,8.762,7.2571,73
2,5606,8.762,7.2927,78
3,5606,8.762,7.3734,72
0,5607,8.762,7.3817,74
1,5607,8.762,7.2688,72
2,5607,8.762,7.4195,72
3,5607,8.762,7.3549,69
0,5608,8.762,7.1076,80
1,5608,8.762,7.2148,79
2,5608,8.762,7.3606,77
3,5608,8.762,7.2761,82
0,5609,8.762,7.4099,73
1,5609,8.762,7.3022,71
2,5609,8.762,7.2319,72
3,5609,8.762,7.2925,81
0,5610,8.762,7.2927,87
1,5610,8.762,7.3198,78
2,5610,8.762,7.3774,69
3,5610,8.762,7.182,89
0,5611,8.762,7.3495,73
1,5611,8.762,7.2708,81
2,5611,8.762,7.2473,82
3,5611,8.762,7.3378,73
0,5612,8.762,7.145,82
1,5612,8.762,7.1647,96
2,5612,8.762,7.2448,78
3,5612,8.762,7.3453,73
0,5613,8.762,7.3042,72
1,5613,8.762,7.3716,65
2,5613,8.762,7.3212,75
3,5613,8.762,7.4295,71
0,5614,8.762,7.3365,77
1,5614,8.762,7.1801,77
2,5614,8.762,7.3817,70
3,5614,8.762,7.2822,76
0,5615,8.762,7.2329,80
1,5615,8.762,7.2984,77
2,5615,8.762,7.1889,83
3,5615,8.762,7.2235,76
0,5616,8.762,7.3368,73
1,5616,8.762,7.1799,74
2,5616,8.762,7.1022,85
3,5616,8.762,7.0418,87
0,5617,8.762,7.3615,84
1,5617,8.762,7.362,77
2,5617,8.762,7.334,73
3,5617,8.762,7.2542,73
0,5618,8.762,7.2531,81
1,5618,8.762,7.2508,79
2,5618,8.762,7.2989,73
3,5618,8.762,7.3357,76
0,5619,8.762,7.3442,77
1,5619,8.762,7.2811,78
2,5619,8.762,7.1995,83
3,5619,8.762,7.2635,80
0,5620,8.762,7.3916,76
1,5620,8.762,7.2167,79
2,5620,8.762,7.4858,65
3,5620,8.762,7.0804,68
0,5621,8.762,7.5026,66
1,5621,8.762,7.2566,80
2,5621,8.762,7.3207,83
3,5621,8.762,7.3199,72
0,5622,8.762,7.4472,76
1,5622,8.762,7.1238,84
2,5622,8.762,7.3655,84
3,5622,8.762,7.3616,75
0,5623,8.762,7.2544,80
1,5623,8.762,7.2728,79
2,5623,8.762,7.171,77
3,5623,8.762,7.342,71
0,5624,8.762,7.2975,82
1,5624,8.762,7.4324,67
2,5624,8.762,7.2562,75
3,5624,8.762,7.3492,73
0,5625,8.762,7.1733,83
1,5625,8.762,7.3664,71
2,5625,8.762,7.2823,71
3,5625,8.762,7.2444,76
0,5626,8.762,7.3148,84
1,5626,8.762,7.3781,82
2,5626,8.762,7.4497,75
3,5626,8.762,7.3238,84
0,5627,8.762,7.3693,73
1,5627,8.762,7.3029,72
2,5627,8.762,7.4485,65
3,5627,8.762,7.1602,75
0,5628,8.762,7.4089,72
1,5628,8.762,7.2299,73
2,5628,8.762,7.2321,74
3,5628,8.762,7.2373,71
0,5629,8.762,7.1537,84
1,5629,8.762,7.2789,80
2,5629,8.762,7.3177,76
3,5629,8.762,7.299,80
0,5630,8.762,7.3617,83
1,5630,8.762,7.1744,82
2,5630,8.762,7.3498,77
3,5630,8.762,7.1937,84
0,5631,8.762,7.2744,76
1,5631,8.762,7.2521,84
2,5631,8.762,7.4242,71
3,5631,8.762,7.4159,72
0,5632,8.762,7.1141,82
1,5632,8.762,7.288,77
2,5632,8.762,7.2236,81
3,5632,8.762,7.3059,85
0,5633,8.762,7.2637,71
1,5633,8.762,7.2188,81
2,5633,8.762,7.2399,72
3,5633,8.762,7.2059,78
0,5634,8.762,7.1607,78
1,5634,8.762,7.2215,83
2,5634,8.762,7.2587,71
3,5634,8.762,7.0597,72
0,5635,8.762,7.3364,74
1,5635,8.762,7.2692,69
2,5635,8.762,7.3202,68
3,5635,8.762,7.3569,79
0,5636,8.762,7.2443,74
1,5636,8.762,7.2204,77
2,5636,8.762,7.3089,84
3,5636,8.762,7.1753,87
0,5637,8.762,7.3408,70
1,5637,8.762,7.2298,82
2,5637,8.762,7.348,74
3,5637,8.762,7.2335,76
0,5638,8.762,7.1581,76
1,5638,8.762,7.2767,82
2,5638,8.762,7.2261,75
3,5638,8.762,7.189,82
0,5639,8.762,7.3036,70
1,5639,8.762,7.4515,76
2,5639,8.762,7.2336,76
3,5639,8.762,7.3355,70
0,5640,8.762,7.2497,87
1,5640,8.762,7.3462,72
2,5640,8.762,7.2926,80
3,5640,8.762,7.3909,73
0,5641,8.762,7.372,70
1,5641,8.762,7.1389,76
2,5641,8.762,7.3126,76
3,5641,8.762,7.4946,66
0,5642,8.762,7.383,70
1,5642,8.762,7.2427,81
2,5642,8.762,7.3836,70
3,5642,8.762,7.2727,78
0,5643,8.762,7.3374,71
1,5643,8.762,7.1897,87
2,5643,8.762,7.2555,77
3,5643,8.762,7.4358,67
0,5644,8.762,7.2992,72
1,5644,8.762,7.3995,76
2,5644,8.762,7.2887,82
3,5644,8.762,7.1789,82
0,5645,8.762,7.2474,78
1,5645,8.762,7.2036,84
2,5645,8.762,7.2847,72
3,5645,8.762,7.2379,86
0,5646,8.762,7.2613,75
1,5646,8.762,7.1569,77
2,5646,8.762,7.4907,62
3,5646,8.762,7.2334,80
0,5647,8.762,7.4938,70
1,5647,8.762,7.3241,78
2,5647,8.762,7.278,75
3,5647,8.762,7.4563,73
0,5648,8.762,7.0924,78
1,5648,8.762,7.2154,72
2,5648,8.762,7.3119,79
3,5648,8.762,7.368,74
0,5649,8.762,7.3487,75
1,5649,8.762,7.2636,75
2,5649,8.762,7.4103,76
3,5649,8.762,7.1454,78
0,5650,8.762,7.1922,84
1,5650,8.762,7.3196,82
2,5650,8.762,7.2393,77
3,5650,8.762,7.2333,77
0,5651,8.762,7.2364,89
1,5651,8.762,7.1758,80
2,5651,8.762,7.3078,71
3,5651,8.762,7.34,79
0,5652,8.762,7.1172,87
1,5652,8.762,7.1703,81
2,5652,8.762,7.2749,75
3,5652,8.762,7.3885,69
0,5653,8.762,7.309,77
1,5653,8.762,7.4179,74
2,5653,8.762,7.1356,73
3,5653,8.762,7.4812,72
0,5654,8.762,7.2982,78
1,5654,8.762,7.402,67
2,5654,8.762,7.4784,74
3,5654,8.762,7.4389,77
0,5655,8.762,7.1556,75
1,5655,8.762,7.3245,79
2,5655,8.762,7.3982,78
3,5655,8.762,7.2882,81
0,5656,8.762,7.1713,82
1,5656,8.762,7.4577,70
2,5656,8.762,7.4931,67
3,5656,8.762,7.3008,78
0,5657,8.762,7.2962,68
1,5657,8.762,7.2633,80
2,5657,8.762,7.2972,82
3,5657,8.762,7.4191,68
0,5658,8.762,7.1516,73
1,5658,8.762,7.3777,75
2,5658,8.762,7.272,74
3,5658,8.762,7.3837,75
0,5659,8.762,7.4308,72
1,5659,8.762,7.3821,71
2,5659,8.762,7.3432,74
3,5659,8.762,7.3622,75
0,5660,8.762,7.3194,73
1,5660,8.762,7.2122,79
2,5660,8.762,7.2114,77
3,5660,8.762,7.3114,67
0,5661,8.762,7.1732,76
1,5661,8.762,7.2794,75
2,5661,8.762,7.2948,70
3,5661,8.762,7.346,76
0,5662,8.762,7.1763,75
1,5662,8.762,7.3716,73
2,5662,8.762,7.2557,72
3,5662,8.762,7.346,73
0,5663,8.762,7.3934,72
1,5663,8.762,7.2796,76
2,5663,8.762,7.3647,71
3,5663,8.762,7.3392,83
0,5664,8.762,7.2994,74
1,5664,8.762,7.303,74
2,5664,8.762,7.4542,76
3,5664,8.762,7.3519,68
0,5665,8.762,7.1408,83
1,5665,8.762,7.3878,85
2,5665,8.762,7.2253,72
3,5665,8.762,7.3211,76
0,5666,8.762,7.2532,80
1,5666,8.762,7.3268,75
2,5666,8.762,7.2184,74
3,5666,8.762,7.1134,93
0,5667,8.762,7.2684,72
1,5667,8.762,7.3152,83
2,5667,8.762,7.1956,85
3,5667,8.762,7.399,74
0,5668,8.762,7.3074,66
1,5668,8.762,7.1382,86
2,5668,8.762,7.1512,85
3,5668,8.762,7.2189,78
0,5669,8.762,7.3657,76
1,5669,8.762,7.2256,79
2,5669,8.762,7.237,75
3,5669,8.762,7.3441,76
0,5670,8.762,7.2807,69
1,5670,8.762,7.3326,76
2,5670,8.762,7.1,81
3,5670,8.762,7.3398,83
0,5671,8.762,7.3658,79
1,5671,8.762,7.2565,73
2,5671,8.762,7.3429,76
3,5671,8.762,7.1148,85
0,5672,8.762,7.4038,72
1,5672,8.762,7.2183,70
2,5672,8.762,7.1739,81
3,5672,8.762,7.2168,71
0,5673,8.762,7.214,80
1,5673,8.762,7.2381,75
2,5673,8.762,7.2019,76
3,5673,8.762,7.3239,64
0,5674,8.762,7.3835,78
1,5674,8.762,7.318,79
2,5674,8.762,7.3317,73
3,5674,8.762,7.2406,76
0,5675,8.762,7.3209,79
1,5675,8.762,7.1867,82
2,5675,8.762,7.2839,78
3,5675,8.762,7.3747,73
0,5676,8.762,7.3943,77
1,5676,8.762,7.3711,71
2,5676,8.762,7.1848,76
3,5676,8.762,7.2289,75
0,5677,8.762,7.2645,88
1,5677,8.762,7.3331,77
2,5677,8.762,7.3398,76
3,5677,8.762,7.2436,78
0,5678,8.762,7.258,73
1,5678,8.762,7.3703,73
2,5678,8.762,7.1871,78
3,5678,8.762,7.3319,80
0,5679,8.762,7.407,78
1,5679,8.762,7.2861,75
2,5679,8.762,7.3292,68
3,5679,8.762,7.2438,70
0,5680,8.762,7.389,74
1,5680,8.762,7.3269,79
2,5680,8.762,7.2717,73
3,5680,8.762,7.2412,76
0,5681,8.762,7.2909,77
1,5681,8.762,7.2901,74
2,5681,8.762,7.2839,82
3,5681,8.762,7.1548,78
0,5682,8.762,7.3874,69
1,5682,8.762,7.3554,76
2,5682,8.762,7.3105,82
3,5682,8.762,7.3825,75
0,5683,8.762,7.2748,77
1,5683,8.762,7.3443,71
2,5683,8.762,7.3794,72
3,5683,8.762,7.0274,89
0,5684,8.762,7.2893,65
1,5684,8.762,7.2785,84
2,5684,8.762,7.3632,74
3,5684,8.762,7.4186,71
0,5685,8.762,7.4088,74
1,5685,8.762,7.3456,76
2,5685,8.762,7.1775,76
3,5685,8.762,7.0915,76
0,5686,8.762,7.2529,72
1,5686,8.762,7.403,73
2,5686,8.762,7.2424,74
3,5686,8.762,7.2916,74
0,5687,8.762,7.134,79
1,5687,8.762,7.3934,65
2,5687,8.762,7.3358,69
3,5687,8.762,7.2771,75
0,5688,8.762,7.2696,79
1,5688,8.762,7.2615,79
2,5688,8.762,7.2568,74
3,5688,8.762,7.1967,74
0,5689,8.762,7.4808,74
1,5689,8.762,7.4356,76
2,5689,8.762,7.1799,82
3,5689,8.762,7.2817,79
0,5690,8.762,7.4041,78
1,5690,8.762,7.2839,67
2,5690,8.762,7.3093,85
3,5690,8.762,7.2422,77
0,5691,8.762,7.2821,80
1,5691,8.762,7.3402,75
2,5691,8.762,7.3294,79
3,5691,8.762,7.2423,75
0,5692,8.762,7.1686,81
1,5692,8.762,7.2647,78
2,5692,8.762,7.4142,73
3,5692,8.762,7.3139,82
0,5693,8.762,7.2647,75
1,5693,8.762,7.4053,62
2,5693,8.762,7.2915,77
3,5693,8.762,7.3402,77
0,5694,8.762,7.4086,69
1,5694,8.762,7.2729,76
2,5694,8.762,7.3184,77
3,5694,8.762,7.215,80
0,5695,8.762,7.0551,93
1,5695,8.762,7.2839,80
2,5695,8.762,7.2623,79
3,5695,8.762,7.1125,86
0,5696,8.762,7.4031,77
1,5696,8.762,7.3278,80
2,5696,8.762,7.3971,69
3,5696,8.762,7.1783,80
0,5697,8.762,7.3283,71
1,5697,8.762,7.1558,82
2,5697,8.762,7.2676,75
3,5697,8.762,7.4029,74
0,5698,8.762,7.1421,93
1,5698,8.762,7.2849,78
2,5698,8.762,7.1759,82
3,5698,8.762,7.0866,84
0,5699,8.762,7.1342,78
1,5699,8.762,7.179,78
2,5699,8.762,7.3356,79
3,5699,8.762,7.3393,76
0,5700,8.762,7.3583,72
1,5700,8.762,7.2029,84
2,5700,8.762,7.3983,64
3,5700,8.762,7.2855,74
0,5701,8.762,7.2682,78
1,5701,8.762,7.2862,83
2,5701,8.762,7.3563,81
3,5701,8.762,7.2503,80
0,5702,8.762,7.3484,75
1,5702,8.762,7.2676,77
2,5702,8.762,7.1977,77
3,5702,8.762,7.2527,78
0,5703,8.762,7.2903,82
1,5703,8.762,7.0797,84
2,5703,8.762,7.2371,73
3,5703,8.762,7.2965,84
0,5704,8.762,7.3441,69
1,5704,8.762,7.1949,77
2,5704,8.762,7.1746,84
3,5704,8.762,7.2881,80
0,5705,8.762,7.4367,68
1,5705,8.762,7.3596,72
2,5705,8.762,7.3109,83
3,5705,8.762,7.3779,78
0,5706,8.762,7.2703,83
1,5706,8.762,7.2846,69
2,5706,8.762,7.4341,83
3,5706,8.762,7.4127,75
0,5707,8.762,7.4009,73
1,5707,8.762,7.3821,78
2,5707,8.762,7.2005,77
3,5707,8.762,7.191,80
0,5708,8.762,7.394,60
1,5708,8.762,7.2054,77
2,5708,8.762,7.3368,74
3,5708,8.762,7.1954,72
0,5709,8.762,7.2508,83
1,5709,8.762,7.2272,81
2,5709,8.762,7.2847,80
3,5709,8.762,7.2656,77
0,5710,8.762,7.2237,78
1,5710,8.762,7.3194,76
2,5710,8.762,7.3232,76
3,5710,8.762,7.3205,79
0,5711,8.762,7.1645,78
1,5711,8.762,7.3318,72
2,5711,8.762,7.3207,72
3,5711,8.762,7.3442,75
0,5712,8.762,7.388,77
1,5712,8.762,7.2553,74
2,5712,8.762,7.3062,80
3,5712,8.762,7.2596,83
0,5713,8.762,7.2645,71
1,5713,8.762,7.3518,81
2,5713,8.762,7.2821,81
3,5713,8.762,7.3173,77
0,5714,8.762,7.3364,79
1,5714,8.762,7.2902,74
2,5714,8.762,7.3984,71
3,5714,8.762,7.3151,73
0,5715,8.762,7.2969,77
1,5715,8.762,7.2822,82
2,5715,8.762,7.3607,77
3,5715,8.762,7.2833,68
0,5716,8.762,7.2442,72
1,5716,8.762,7.3079,65
2,5716,8.762,7.2605,84
3,5716,8.762,7.2783,78
0,5717,8.762,7.2111,74
1,5717,8.762,7.2761,81
2,5717,8.762,7.3464,70
3,5717,8.762,7.3201,69
0,5718,8.762,7.34,73
1,5718,8.762,7.2486,82
2,5718,8.762,7.1248,85
3,5718,8.762,7.1915,78
0,5719,8.762,7.3945,72
1,5719,8.762,7.2387,78
2,5719,8.762,7.2849,74
3,5719,8.762,7.1311,81
0,5720,8.762,7.4051,76
1,5720,8.762,7.319,80
2,5720,8.762,7.4155,76
3,5720,8.762,7.2954,78
0,5721,8.762,7.3198,72
1,5721,8.762,7.0805,85
2,5721,8.762,7.1286,86
3,5721,8.762,7.3538,75
0,5722,8.762,7.322,81
1,5722,8.762,7.2318,72
2,5722,8.762,7.2973,77
3,5722,8.762,7.3236,78
0,5723,8.762,7.2776,78
1,5723,8.762,7.3173,80
2,5723,8.762,7.2831,72
3,5723,8.762,7.2271,70
0,5724,8.762,7.3967,72
1,5724,8.762,7.3555,69
2,5724,8.762,7.2997,72
3,5724,8.762,7.312,70
0,5725,8.762,7.3466,67
1,5725,8.762,7.2893,76
2,5725,8.762,7.2325,79
3,5725,8.762,7.3465,75
0,5726,8.762,7.2792,76
1,5726,8.762,7.2725,77
2,5726,8.762,7.3052,87
3,5726,8.762,7.2538,75
0,5727,8.762,7.2888,74
1,5727,8.762,7.2501,75
2,5727,8.762,7.156,77
3,5727,8.762,7.2125,66
0,5728,8.762,7.2889,70
1,5728,8.762,7.2335,71
2,5728,8.762,7.2658,72
3,5728,8.762,7.1694,72
0,5729,8.762,7.2623,78
1,5729,8.762,7.1426,94
2,5729,8.762,7.2108,79
3,5729,8.762,7.3182,76
0,5730,8.762,7.3538,81
1,5730,8.762,7.246,82
2,5730,8.762,7.4088,77
3,5730,8.762,7.2669,83
0,5731,8.762,7.2582,74
1,5731,8.762,7.2131,83
2,5731,8.762,7.3985,71
3,5731,8.762,7.3941,68
0,5732,8.762,7.4986,72
1,5732,8.762,7.4269,67
2,5732,8.762,7.3332,72
3,5732,8.762,7.357,75
0,5733,8.762,7.3467,73
1,5733,8.762,7.2658,74
2,5733,8.762,7.2967,75
3,5733,8.762,7.2959,78
0,5734,8.762,7.1633,76
1,5734,8.762,7.1941,82
2,5734,8.762,7.3344,77
3,5734,8.762,7.2919,75
0,5735,8.762,7.335,81
1,5735,8.762,7.434,68
2,5735,8.762,7.3334,76
3,5735,8.762,7.2869,73
0,5736,8.762,7.2481,78
1,5736,8.762,7.1446,89
2,5736,8.762,7.3305,70
3,5736,8.762,7.3305,76
0,5737,8.762,7.0291,84
1,5737,8.762,7.3108,76
2,5737,8.762,7.3356,69
3,5737,8.762,7.3252,88
0,5738,8.762,7.2244,79
1,5738,8.762,7.3606,77
2,5738,8.762,7.3499,72
3,5738,8.762,7.1944,74
0,5739,8.762,7.2755,75
1,5739,8.762,7.2389,87
2,5739,8.762,7.2488,78
3,5739,8.762,7.3911,69
0,5740,8.762,7.2692,81
1,5740,8.762,7.0982,81
2,5740,8.762,7.3816,74
3,5740,8.762,7.2171,73
0,5741,8.762,7.1874,85
1,5741,8.762,7.3261,73
2,5741,8.762,7.3528,87
3,5741,8.762,7.3814,75
0,5742,8.762,7.2258,78
1,5742,8.762,7.4489,63
2,5742,8.762,7.2763,79
3,5742,8.762,7.3108,78
0,5743,8.762,7.1624,74
1,5743,8.762,7.3262,79
2,5743,8.762,7.1942,85
3,5743,8.762,7.3645,86
0,5744,8.762,7.3748,81
1,5744,8.762,7.2518,78
2,5744,8.762,7.0926,81
3,5744,8.762,7.3406,69
0,5745,8.762,7.3317,82
1,5745,8.762,7.2328,76
2,5745,8.762,7.1416,81
3,5745,8.762,7.3092,76
0,5746,8.762,7.3141,88
1,5746,8.762,7.2814,76
2,5746,8.762,7.1291,76
3,5746,8.762,7.4243,67
0,5747,8.762,7.3549,75
1,5747,8.762,7.3452,70
2,5747,8.762,7.3607,70
3,5747,8.762,7.286,79
0,5748,8.762,7.4404,78
1,5748,8.762,7.2592,81
2,5748,8.762,7.2209,72
3,5748,8.762,7.1986,84
0,5749,8.762,7.3942,75
1,5749,8.762,7.292,74
2,5749,8.762,7.3748,75
3,5749,8.762,7.3639,81
0,5750,8.762,7.2158,82
1,5750,8.762,7.2377,74
2,5750,8.762,7.2241,83
3,5750,8.762,7.2176,74
0,5751,8.762,7.2453,79
1,5751,8.762,7.2488,75
2,5751,8.762,7.3214,79
3,5751,8.762,7.2385,69
0,5752,8.762,7.2698,74
1,5752,8.762,7.2547,78
2,5752,8.762,7.2257,81
3,5752,8.762,7.2129,87
0,5753,8.762,7.4122,72
1,5753,8.762,7.4317,74
2,5753,8.762,7.2441,83
3,5753,8.762,7.1916,76
0,5754,8.762,7.2262,79
1,5754,8.762,7.371,71
2,5754,8.762,7.3401,70
3,5754,8.762,7.4806,69
0,5755,8.762,7.3739,75
1,5755,8.762,7.2865,81
2,5755,8.762,7.1669,78
3,5755,8.762,7.2415,75
0,5756,8.762,7.3254,71
1,5756,8.762,7.375,70
2,5756,8.762,7.2665,79
3,5756,8.762,7.2051,85
0,5757,8.762,7.1013,82
1,5757,8.762,7.2667,82
2,5757,8.762,7.258,76
3,5757,8.762,7.2852,84
0,5758,8.762,7.543,64
1,5758,8.762,7.2618,80
2,5758,8.762,7.4075,72
3,5758,8.762,7.3009,76
0,5759,8.762,7.2468,76
1,5759,8.762,7.1904,74
2,5759,8.762,7.2469,82
3,5759,8.762,7.3375,75
0,5760,8.762,7.4033,65
1,5760,8.762,7.2881,76
2,5760,8.762,7.2957,77
3,5760,8.762,7.2185,74
0,5761,8.762,7.2747,76
1,5761,8.762,7.2314,69
2,5761,8.762,7.2511,81
3,5761,8.762,7.3969,76
0,5762,8.762,7.3141,83
1,5762,8.762,7.3139,80
2,5762,8.762,7.332,72
3,5762,8.762,7.237,68
0,5763,8.762,7.3388,69
1,5763,8.762,7.3449,71
2,5763,8.762,7.4584,69
3,5763,8.762,7.3208,73
0,5764,8.762,7.1618,91
1,5764,8.762,7.3485,68
2,5764,8.762,7.189,88
3,5764,8.762,7.1983,78
0,5765,8.762,7.3595,74
1,5765,8.762,7.3339,79
2,5765,8.762,7.332,80
3,5765,8.762,7.1977,89
0,5766,8.762,7.4665,71
1,5766,8.762,7.4255,82
2,5766,8.762,7.354,77
3,5766,8.762,7.2844,68
0,5767,8.762,7.3014,77
1,5767,8.762,7.191,85
2,5767,8.762,7.3021,76
3,5767,8.762,7.2266,83
0,5768,8.762,7.315,79
1,5768,8.762,7.3086,72
2,5768,8.762,7.3162,70
3,5768,8.762,7.1323,82
0,5769,8.762,7.2421,76
1,5769,8.762,7.1973,84
2,5769,8.762,7.1643,77
3,5769,8.762,7.2102,70
0,5770,8.762,7.4922,71
1,5770,8.762,7.3457,79
2,5770,8.762,7.2675,70
3,5770,8.762,7.2197,78
0,5771,8.762,7.4095,70
1,5771,8.762,7.2129,80
2,5771,8.762,7.2665,73
3,5771,8.762,7.4109,75
0,5772,8.762,7.1244,81
1,5772,8.762,7.3799,68
2,5772,8.762,7.2633,80
3,5772,8.762,7.317,75
0,5773,8.762,7.1576,82
1,5773,8.762,7.2938,82
2,5773,8.762,7.3258,70
3,5773,8.762,7.2806,72
0,5774,8.762,7.1828,81
1,5774,8.762,7.2324,83
2,5774,8.762,7.2394,74
3,5774,8.762,7.2566,73
0,5775,8.762,7.4147,71
1,5775,8.762,7.2861,71
2,5775,8.762,7.3058,73
3,5775,8.762,7.3101,75
0,5776,8.762,7.2081,71
1,5776,8.762,7.2321,79
2,5776,8.762,7.3966,68
3,5776,8.762,7.2368,82
0,5777,8.762,7.1784,92
1,5777,8.762,7.2879,80
2,5777,8.762,7.3839,73
3,5777,8.762,7.2357,79
0,5778,8.762,7.4159,79
1,5778,8.762,7.2577,73
2,5778,8.762,7.4053,76
3,5778,8.762,7.3707,77
0,5779,8.762,7.0906,76
1,5779,8.762,7.2137,88
2,5779,8.762,7.2558,79
3,5779,8.762,7.4493,77
0,5780,8.762,7.316,77
1,5780,8.762,7.2627,68
2,5780,8.762,7.1966,87
3,5780,8.762,7.2827,79
0,5781,8.762,7.405,69
1,5781,8.762,7.142,73
2,5781,8.762,7.2622,83
3,5781,8.762,7.2911,73
0,5782,8.762,7.3284,66
1,5782,8.762,7.1782,83
2,5782,8.762,7.3475,77
3,5782,8.762,7.3054,79
0,5783,8.762,7.3872,77
1,5783,8.762,7.2154,80
2,5783,8.762,7.4734,65
3,5783,8.762,7.4262,69
0,5784,8.762,7.3522,78
1,5784,8.762,7.2263,75
2,5784,8.762,7.2727,82
3,5784,8.762,7.2992,76
0,5785,8.762,7.3727,79
1,5785,8.762,7.3792,76
2,5785,8.762,7.4052,71
3,5785,8.762,7.2964,84
0,5786,8.762,7.2493,71
1,5786,8.762,7.3206,69
2,5786,8.762,7.4254,70
3,5786,8.762,7.1893,77
0,5787,8.762,7.2756,78
1,5787,8.762,7.5116,65
2,5787,8.762,7.2664,72
3,5787,8.762,7.3915,80
0,5788,8.762,7.2082,72
1,5788,8.762,7.3556,72
2,5788,8.762,7.2242,69
3,5788,8.762,7.3996,75
0,5789,8.762,7.2238,73
1,5789,8.762,7.2964,73
2,5789,8.762,7.3176,68
3,5789,8.762,7.2733,74
0,5790,8.762,7.2441,77
1,5790,8.762,7.4322,64
2,5790,8.762,7.3584,78
3,5790,8.762,7.0725,82
0,5791,8.762,7.3827,73
1,5791,8.762,7.3442,76
2,5791,8.762,7.3453,80
3,5791,8.762,7.3654,79
0,5792,8.762,7.2036,75
1,5792,8.762,7.3958,74
2,5792,8.762,7.2641,75
3,5792,8.762,7.2872,81
0,5793,8.762,7.3319,73
1,5793,8.762,7.1621,77
2,5793,8.762,7.2679,82
3,5793,8.762,7.174,76
0,5794,8.762,7.2646,74
1,5794,8.762,7.3409,79
2,5794,8.762,7.3018,70
3,5794,8.762,7.1913,80
0,5795,8.762,7.33,73
1,5795,8.762,7.2601,83
2,5795,8.762,7.3156,83
3,5795,8.762,7.1814,88
0,5796,8.762,7.2809,74
1,5796,8.762,7.364,83
2,5796,8.762,7.3432,63
3,5796,8.762,7.3111,78
0,5797,8.762,7.3997,76
1,5797,8.762,7.288,81
2,5797,8.762,7.3275,70
3,5797,8.762,7.0869,73
0,5798,8.762,7.2276,79
1,5798,8.762,7.4033,76
2,5798,8.762,7.0982,87
3,5798,8.762,7.3669,80
0,5799,8.762,7.4998,71
1,5799,8.762,7.2588,82
2,5799,8.762,7.3065,68
3,5799,8.762,7.335,73
0,5800,8.762,7.1258,85
1,5800,8.762,7.3244,78
2,5800,8.762,7.3482,73
3,5800,8.762,7.2207,77
0,5801,8.762,7.2613,77
1,5801,8.762,7.1296,78
2,5801,8.762,7.3089,77
3,5801,8.762,7.3091,69
0,5802,8.762,7.3027,74
1,5802,8.762,7.1934,80
2,5802,8.762,7.2888,74
3,5802,8.762,7.1572,77
0,5803,8.762,7.2144,87
1,5803,8.762,7.235,81
2,5803,8.762,7.1855,81
3,5803,8.762,7.2039,75
0,5804,8.762,7.3078,73
1,5804,8.762,7.3034,81
2,5804,8.762,7.2455,76
3,5804,8.762,7.2446,84
0,5805,8.762,7.2846,84
1,5805,8.762,7.2244,82
2,5805,8.762,7.2054,84
3,5805,8.762,7.1683,69
0,5806,8.762,7.2915,77
1,5806,8.762,7.243,73
2,5806,8.762,7.2621,77
3,5806,8.762,7.1468,81
0,5807,8.762,7.1286,74
1,5807,8.762,7.3546,76
2,5807,8.762,7.2573,79
3,5807,8.762,7.3862,76
0,5808,8.762,7.1917,75
1,5808,8.762,7.4284,67
2,5808,8.762,7.2733,78
3,5808,8.762,7.2182,81
0,5809,8.762,7.2464,77
1,5809,8.762,7.2217,78
2,5809,8.762,7.2168,76
3,5809,8.762,7.3286,78
0,5810,8.762,7.2164,76
1,5810,8.762,7.401,66
2,5810,8.762,7.2527,77
3,5810,8.762,7.2088,81
0,5811,8.762,7.201,78
1,5811,8.762,7.2723,68
2,5811,8.762,7.4544,74
3,5811,8.762,7.2722,84
0,5812,8.762,7.2239,78
1,5812,8.762,7.2123,85
2,5812,8.762,7.4273,76
3,5812,8.762,7.3313,80
0,5813,8.762,7.2896,80
1,5813,8.762,7.3109,70
2,5813,8.762,7.3372,77
3,5813,8.762,7.2121,78
0,5814,8.762,7.4016,83
1,5814,8.762,7.307,75
2,5814,8.762,7.1347,77
3,5814,8.762,7.4514,70
0,5815,8.762,7.282,76
1,5815,8.762,7.4087,72
2,5815,8.762,7.2644,76
3,5815,8.762,7.4281,71
0,5816,8.762,7.1214,85
1,5816,8.762,7.2353,73
2,5816,8.762,7.3651,80
3,5816,8.762,7.3195,74
0,5817,8.762,7.4137,66
1,5817,8.762,7.3882,70
2,5817,8.762,7.3653,87
3,5817,8.762,7.2861,78
0,5818,8.762,7.3106,74
1,5818,8.762,7.4054,77
2,5818,8.762,7.4267,82
3,5818,8.762,7.2716,85
0,5819,8.762,7.3156,71
1,5819,8.762,7.2796,79
2,5819,8.762,7.3022,73
3,5819,8.762,7.3048,76
0,5820,8.762,7.3436,67
1,5820,8.762,7.3519,71
2,5820,8.762,7.296,66
3,5820,8.762,7.3088,71
0,5821,8.762,7.1381,93
1,5821,8.762,7.2573,80
2,5821,8.762,7.2026,76
3,5821,8.762,7.2492,79
0,5822,8.762,7.0853,80
1,5822,8.762,7.2355,66
2,5822,8.762,7.3698,79
3,5822,8.762,7.1504,81
0,5823,8.762,7.3033,79
1,5823,8.762,7.204,82
2,5823,8.762,7.1618,79
3,5823,8.762,7.2193,79
0,5824,8.762,7.26,75
1,5824,8.762,7.2539,72
2,5824,8.762,7.1797,84
3,5824,8.762,7.2976,80
0,5825,8.762,7.3886,68
1,5825,8.762,7.2525,89
2,5825,8.762,7.3057,71
3,5825,8.762,7.3071,72
0,5826,8.762,7.2957,72
1,5826,8.762,7.1611,77
2,5826,8.762,7.1771,80
3,5826,8.762,7.1999,72
0,5827,8.762,7.2084,82
1,5827,8.762,7.475,66
2,5827,8.762,7.2861,72
3,5827,8.762,7.2848,71
0,5828,8.762,7.2851,79
1,5828,8.762,7.4058,68
2,5828,8.762,7.1862,81
3,5828,8.762,7.2461,80
0,5829,8.762,7.2974,77
1,5829,8.762,7.3526,76
2,5829,8.762,7.3568,75
3,5829,8.762,7.2721,77
0,5830,8.762,7.2472,79
1,5830,8.762,7.152,75
2,5830,8.762,7.3711,75
3,5830,8.762,7.2832,76
0,5831,8.762,7.3829,81
1,5831,8.762,7.1948,94
2,5831,8.762,7.0813,77
3,5831,8.762,7.2215,81
0,5832,8.762,7.4239,74
1,5832,8.762,7.4038,75
2,5832,8.762,7.3013,74
3,5832,8.762,7.3251,71
0,5833,8.762,7.258,83
1,5833,8.762,7.2711,76
2,5833,8.762,7.2391,83
3,5833,8.762,7.3808,70
0,5834,8.762,7.3124,73
1,5834,8.762,7.2661,72
2,5834,8.762,7.2594,84
3,5834,8.762,7.2165,80
0,5835,8.762,7.2502,77
1,5835,8.762,7.3802,67
2,5835,8.762,7.1949,87
3,5835,8.762,7.3344,68
0,5836,8.762,7.5596,67
1,5836,8.762,7.4008,74
2,5836,8.762,7.2454,74
3,5836,8.762,7.2429,72
0,5837,8.762,7.222,76
1,5837,8.762,7.3353,68
2,5837,8.762,7.4086,71
3,5837,8.762,7.3036,68
0,5838,8.762,7.2925,82
1,5838,8.762,7.3187,86
2,5838,8.762,7.3263,78
3,5838,8.762,7.4118,64
0,5839,8.762,7.3691,66
1,5839,8.762,7.1743,83
2,5839,8.762,7.285,71
3,5839,8.762,7.1773,77
0,5840,8.762,7.2089,84
1,5840,8.762,7.2404,77
2,5840,8.762,7.3516,74
3,5840,8.762,7.2473,71
0,5841,8.762,7.3865,70
1,5841,8.762,7.2781,72
2,5841,8.762,7.2253,79
3,5841,8.762,7.1658,72
0,5842,8.762,7.3743,67
1,5842,8.762,7.3561,76
2,5842,8.762,7.3198,68
3,5842,8.762,7.2131,73
0,5843,8.762,7.3464,70
1,5843,8.762,7.2514,68
2,5843,8.762,7.2361,72
3,5843,8.762,7.2965,81
0,5844,8.762,7.3062,75
1,5844,8.762,7.2061,86
2,5844,8.762,7.2965,73
3,5844,8.762,7.2045,77
0,5845,8.762,7.2866,75
1,5845,8.762,7.274,76
2,5845,8.762,7.2467,75
3,5845,8.762,7.1567,81
0,5846,8.762,7.3243,82
1,5846,8.762,7.383,74
2,5846,8.762,7.2656,87
3,5846,8.762,7.2387,78
0,5847,8.762,7.247,83
1,5847,8.762,7.2666,79
2,5847,8.762,7.0826,73
3,5847,8.762,7.199,79
0,5848,8.762,7.3199,71
1,5848,8.762,7.5194,73
2,5848,8.762,7.0755,84
3,5848,8.762,7.362,71
0,5849,8.762,7.3757,77
1,5849,8.762,7.2314,77
2,5849,8.762,7.2634,69
3,5849,8.762,7.3558,85
0,5850,8.762,7.3067,72
1,5850,8.762,7.1858,77
2,5850,8.762,7.3818,88
3,5850,8.762,7.1954,81
0,5851,8.762,7.4425,77
1,5851,8.762,7.4308,71
2,5851,8.762,7.4612,68
3,5851,8.762,7.479,76
0,5852,8.762,7.3152,74
1,5852,8.762,7.3586,76
2,5852,8.762,7.3184,74
3,5852,8.762,7.2302,76
0,5853,8.762,7.3484,75
1,5853,8.762,7.3723,72
2,5853,8.762,7.4155,77
3,5853,8.762,7.3301,78
0,5854,8.762,7.3894,74
1,5854,8.762,7.3157,81
2,5854,8.762,7.3591,74
3,5854,8.762,7.1847,77
0,5855,8.762,7.2175,80
1,5855,8.762,7.2758,78
2,5855,8.762,7.2079,78
3,5855,8.762,7.2047,87
0,5856,8.762,7.1887,84
1,5856,8.762,7.4292,67
2,5856,8.762,7.4572,76
3,5856,8.762,7.3487,76
0,5857,8.762,7.2199,77
1,5857,8.762,7.1445,84
2,5857,8.762,7.4028,68
3,5857,8.762,7.119,83
0,5858,8.762,7.2828,79
1,5858,8.762,7.3207,73
2,5858,8.762,7.2137,86
3,5858,8.762,7.3201,74
0,5859,8.762,7.2983,74
1,5859,8.762,7.3173,78
2,5859,8.762,7.207,86
3,5859,8.762,7.3528,71
0,5860,8.762,7.2625,83
1,5860,8.762,7.3501,75
2,5860,8.762,7.2459,75
3,5860,8.762,7.3103,82
0,5861,8.762,7.3057,73
1,5861,8.762,7.2777,82
2,5861,8.762,7.3184,78
3,5861,8.762,7.3756,73
0,5862,8.762,7.1928,68
1,5862,8.762,7.2423,80
2,5862,8.762,7.391,67
3,5862,8.762,7.3437,71
0,5863,8.762,7.2649,78
1,5863,8.762,7.2138,75
2,5863,8.762,7.3807,73
3,5863,8.762,7.3209,76
0,5864,8.762,7.2674,74
1,5864,8.762,7.2828,74
2,5864,8.762,7.4467,71
3,5864,8.762,7.2478,86
0,5865,8.762,7.3514,85
1,5865,8.762,7.2881,72
2,5865,8.762,7.3429,76
3,5865,8.762,7.3219,71
0,5866,8.762,7.2883,91
1,5866,8.762,7.1965,86
2,5866,8.762,7.2863,75
3,5866,8.762,7.2919,69
0,5867,8.762,7.1638,78
1,5867,8.762,7.3118,65
2,5867,8.762,7.1908,77
3,5867,8.762,7.3376,73
0,5868,8.762,7.1985,79
1,5868,8.762,7.0581,78
2,5868,8.762,7.2523,76
3,5868,8.762,7.2427,83
0,5869,8.762,7.4068,77
1,5869,8.762,7.1573,88
2,5869,8.762,7.1378,77
3,5869,8.762,7.1876,80
0,5870,8.762,7.1917,78
1,5870,8.762,7.2504,64
2,5870,8.762,7.3149,70
3,5870,8.762,7.4702,74
0,5871,8.762,7.3216,76
1,5871,8.762,7.2973,78
2,5871,8.762,7.2964,84
3,5871,8.762,7.3027,73
0,5872,8.762,7.3549,69
1,5872,8.762,7.3354,72
2,5872,8.762,7.2453,76
3,5872,8.762,7.1364,78
0,5873,8.762,7.2978,79
1,5873,8.762,7.2507,71
2,5873,8.762,7.4574,75
3,5873,8.762,7.2501,82
0,5874,8.762,7.0951,72
1,5874,8.762,7.2836,72
2,5874,8.762,7.2438,91
3,5874,8.762,7.3264,76
0,5875,8.762,7.0839,73
1,5875,8.762,7.2355,76
2,5875,8.762,7.3506,80
3,5875,8.762,7.5211,65
0,5876,8.762,7.1939,74
1,5876,8.762,7.3669,73
2,5876,8.762,7.2386,84
3,5876,8.762,7.2364,81
0,5877,8.762,7.2716,77
1,5877,8.762,7.3663,79
2,5877,8.762,7.1893,77
3,5877,8.762,7.419,74
0,5878,8.762,7.3025,82
1,5878,8.762,7.4054,71
2,5878,8.762,7.2029,79
3,5878,8.762,7.2768,82
0,5879,8.762,7.3503,81
1,5879,8.762,7.2982,73
2,5879,8.762,7.2226,80
3,5879,8.762,7.2388,80
0,5880,8.762,7.3185,72
1,5880,8.762,7.2526,75
2,5880,8.762,7.1553,73
3,5880,8.762,7.2514,83
0,5881,8.762,7.2682,83
1,5881,8.762,7.2674,78
2,5881,8.762,7.2812,74
3,5881,8.762,7.2065,77
0,5882,8.762,7.3264,66
1,5882,8.762,7.3224,79
2,5882,8.762,7.1788,83
3,5882,8.762,7.3466,71
0,5883,8.762,7.2525,74
1,5883,8.762,7.216,77
2,5883,8.762,7.3141,77
3,5883,8.762,7.3391,75
0,5884,8.762,7.1495,78
1,5884,8.762,7.1491,82
2,5884,8.762,7.3313,73
3,5884,8.762,7.3317,69
0,5885,8.762,7.4441,75
1,5885,8.762,7.2948,75
2,5885,8.762,7.2551,73
3,5885,8.762,7.3018,72
0,5886,8.762,7.4042,79
1,5886,8.762,7.3004,69
2,5886,8.762,7.1054,75
3,5886,8.762,7.263,68
0,5887,8.762,7.2947,73
1,5887,8.762,7.2115,82
2,5887,8.762,7.4531,73
3,5887,8.762,7.2035,72
0,5888,8.762,7.2853,86
1,5888,8.762,7.3218,74
2,5888,8.762,7.3968,79
3,5888,8.762,7.2803,72
0,5889,8.762,7.323,61
1,5889,8.762,7.3404,80
2,5889,8.762,7.3338,81
3,5889,8.762,7.4003,75
0,5890,8.762,7.1842,85
1,5890,8.762,7.328,72
2,5890,8.762,7.2045,76
3,5890,8.762,7.3846,73
0,5891,8.762,7.3101,76
1,5891,8.762,7.3523,74
2,5891,8.762,7.2522,67
3,5891,8.762,7.2219,80
0,5892,8.762,7.2637,74
1,5892,8.762,7.3028,81
2,5892,8.762,7.1998,88
3,5892,8.762,7.2621,79
0,5893,8.762,7.2203,79
1,5893,8.762,7.3545,71
2,5893,8.762,7.3612,71
3,5893,8.762,7.2645,70
0,5894,8.762,7.1531,80
1,5894,8.762,7.2325,84
2,5894,8.762,7.1209,81
3,5894,8.762,7.3806,77
0,5895,8.762,7.3491,77
1,5895,8.762,7.2445,78
2,5895,8.762,7.3162,69
3,5895,8.762,7.0933,72
0,5896,8.762,7.2287,78
1,5896,8.762,7.361,72
2,5896,8.762,7.334,81
3,5896,8.762,7.2654,85
0,5897,8.762,7.2086,75
1,5897,8.762,7.6122,64
2,5897,8.762,7.3443,68
3,5897,8.762,7.4084,78
0,5898,8.762,7.2054,82
1,5898,8.762,7.1603,83
2,5898,8.762,7.2401,66
3,5898,8.762,7.3634,71
0,5899,8.762,7.306,72
1,5899,8.762,7.4065,75
2,5899,8.762,7.4246,82
3,5899,8.762,7.2473,78
0,5900,8.762,7.2928,77
1,5900,8.762,7.2145,78
2,5900,8.762,7.1934,78
3,5900,8.762,7.3199,72
0,5901,8.762,7.4703,72
1,5901,8.762,7.2707,77
2,5901,8.762,7.2794,78
3,5901,8.762,7.2162,85
0,5902,8.762,7.3348,79
1,5902,8.762,7.0375,77
2,5902,8.762,7.3545,74
3,5902,8.762,7.1713,81
0,5903,8.762,7.3455,75
1,5903,8.762,7.1653,85
2,5903,8.762,7.4031,71
3,5903,8.762,7.4177,69
0,5904,8.762,7.4014,68
1,5904,8.762,7.2484,74
2,5904,8.762,7.304,74
3,5904,8.762,7.2303,91
0,5905,8.762,7.2852,74
1,5905,8.762,7.1777,78
2,5905,8.762,7.3931,70
3,5905,8.762,7.1832,85
0,5906,8.762,7.261,85
1,5906,8.762,7.264,77
2,5906,8.762,7.2517,75
3,5906,8.762,7.1192,84
0,5907,8.762,7.4172,80
1,5907,8.762,7.3159,78
2,5907,8.762,7.3496,71
3,5907,8.762,7.3964,67
0,5908,8.762,7.3005,79
1,5908,8.762,7.4016,72
2,5908,8.762,7.2007,83
3,5908,8.762,7.2574,75
0,5909,8.762,7.3049,69
1,5909,8.762,7.2901,71
2,5909,8.762,7.4567,71
3,5909,8.762,7.3377,68
0,5910,8.762,7.2063,87
1,5910,8.762,7.2649,76
2,5910,8.762,7.2967,69
3,5910,8.762,7.4222,79
0,5911,8.762,7.3669,73
1,5911,8.762,7.3268,70
2,5911,8.762,7.279,83
3,5911,8.762,7.1064,82
0,5912,8.762,7.3429,77
1,5912,8.762,7.2822,68
2,5912,8.762,7.5306,63
3,5912,8.762,7.2866,83
0,5913,8.762,7.3624,73
1,5913,8.762,7.3022,71
2,5913,8.762,7.4179,72
3,5913,8.762,7.333,84
0,5914,8.762,7.3408,73
1,5914,8.762,7.2519,79
2,5914,8.762,7.2072,81
3,5914,8.762,7.2241,81
0,5915,8.762,7.2941,77
1,5915,8.762,7.29,78
2,5915,8.762,7.2835,80
3,5915,8.762,7.338,79
0,5916,8.762,7.3573,77
1,5916,8.762,7.4064,61
2,5916,8.762,7.5218,74
3,5916,8.762,7.2596,69
0,5917,8.762,7.2934,75
1,5917,8.762,7.2501,82
2,5917,8.762,7.2011,86
3,5917,8.762,7.2227,82
0,5918,8.762,7.3161,81
1,5918,8.762,7.2384,74
2,5918,8.762,7.2046,77
3,5918,8.762,7.2511,72
0,5919,8.762,7.3768,77
1,5919,8.762,7.3129,79
2,5919,8.762,7.3142,78
3,5919,8.762,7.2176,76
0,5920,8.762,7.2378,81
1,5920,8.762,7.2744,74
2,5920,8.762,7.1177,87
3,5920,8.762,7.2928,73
0,5921,8.762,7.272,80
1,5921,8.762,7.3286,76
2,5921,8.762,7.2713,74
3,5921,8.762,7.4044,77
0,5922,8.762,7.1782,75
1,5922,8.762,7.352,77
2,5922,8.762,7.3607,69
3,5922,8.762,7.3234,79
0,5923,8.762,7.2001,76
1,5923,8.762,7.3849,65
2,5923,8.762,7.3728,78
3,5923,8.762,7.2824,76
0,5924,8.762,7.2077,77
1,5924,8.762,7.3315,67
2,5924,8.762,7.3894,78
3,5924,8.762,7.3382,67
0,5925,8.762,7.2566,80
1,5925,8.762,7.4321,67
2,5925,8.762,7.1588,76
3,5925,8.762,7.1257,77
0,5926,8.762,7.3544,71
1,5926,8.762,7.3133,77
2,5926,8.762,7.2859,81
3,5926,8.762,7.3231,73
0,5927,8.762,7.3069,74
1,5927,8.762,7.273,79
2,5927,8.762,7.2942,73
3,5927,8.762,7.4153,74
0,5928,8.762,7.4093,63
1,5928,8.762,7.3377,77
2,5928,8.762,7.3014,75
3,5928,8.762,7.2724,84
0,5929,8.762,7.5043,67
1,5929,8.762,7.4816,73
2,5929,8.762,7.2082,76
3,5929,8.762,7.4068,83
0,5930,8.762,7.3006,80
1,5930,8.762,7.2768,80
2,5930,8.762,7.1549,75
3,5930,8.762,7.3409,74
0,5931,8.762,7.2692,74
1,5931,8.762,7.3905,60
2,5931,8.762,7.2601,86
3,5931,8.762,7.2581,73
0,5932,8.762,7.272,75
1,5932,8.762,7.364,75
2,5932,8.762,7.2683,79
3,5932,8.762,7.1101,80
0,5933,8.762,7.3321,76
1,5933,8.762,7.5528,72
2,5933,8.762,7.3573,80
3,5933,8.762,7.4325,73
0,5934,8.762,7.1888,78
1,5934,8.762,7.4791,77
2,5934,8.762,7.3311,70
3,5934,8.762,7.2879,80
0,5935,8.762,7.264,77
1,5935,8.762,7.2302,72
2,5935,8.762,7.3181,74
3,5935,8.762,7.3693,83
0,5936,8.762,7.1867,76
1,5936,8.762,7.2764,74
2,5936,8.762,7.2717,78
3,5936,8.762,7.351,76
0,5937,8.762,7.3991,70
1,5937,8.762,7.2939,80
2,5937,8.762,7.314,73
3,5937,8.762,7.325,71
0,5938,8.762,7.4895,64
1,5938,8.762,7.1514,76
2,5938,8.762,7.2354,75
3,5938,8.762,7.3413,68
0,5939,8.762,7.2978,72
1,5939,8.762,7.366,81
2,5939,8.762,7.2195,73
3,5939,8.762,7.2417,88
0,5940,8.762,7.3544,74
1,5940,8.762,7.2164,68
2,5940,8.762,7.3269,70
3,5940,8.762,7.3792,72
0,5941,8.762,7.4202,68
1,5941,8.762,7.3107,75
2,5941,8.762,7.2343,79
3,5941,8.762,7.3468,71
0,5942,8.762,7.3994,68
1,5942,8.762,7.3275,71
2,5942,8.762,7.3314,75
3,5942,8.762,7.3556,74
0,5943,8.762,7.2605,77
1,5943,8.762,7.2814,82
2,5943,8.762,7.2555,78
3,5943,8.762,7.1241,81
0,5944,8.762,7.2619,71
1,5944,8.762,7.2844,78
2,5944,8.762,7.2459,78
3,5944,8.762,7.4399,78
0,5945,8.762,7.2118,82
1,5945,8.762,7.3256,74
2,5945,8.762,7.2019,84
3,5945,8.762,7.2066,66
0,5946,8.762,7.4441,74
1,5946,8.762,7.1672,77
2,5946,8.762,7.2602,73
3,5946,8.762,7.1945,84
0,5947,8.762,7.3443,70
1,5947,8.762,7.4528,82
2,5947,8.762,7.207,84
3,5947,8.762,7.2578,70
0,5948,8.762,7.1269,82
1,5948,8.762,7.1601,70
2,5948,8.762,7.462,73
3,5948,8.762,7.2772,81
0,5949,8.762,7.1086,84
1,5949,8.762,7.2824,78
2,5949,8.762,7.3222,79
3,5949,8.762,7.3622,78
0,5950,8.762,7.1813,80
1,5950,8.762,7.2346,84
2,5950,8.762,7.2102,83
3,5950,8.762,7.3796,72
0,5951,8.762,7.4025,65
1,5951,8.762,7.1725,76
2,5951,8.762,7.4069,77
3,5951,8.762,7.2241,75
0,5952,8.762,7.4261,67
1,5952,8.762,7.263,73
2,5952,8.762,7.2918,72
3,5952,8.762,7.2077,78
0,5953,8.762,7.3753,63
1,5953,8.762,7.3444,71
2,5953,8.762,7.3072,77
3,5953,8.762,7.2787,82
0,5954,8.762,7.376,74
1,5954,8.762,7.2535,73
2,5954,8.762,7.4293,71
3,5954,8.762,7.2937,71
0,5955,8.762,7.3719,88
1,5955,8.762,7.4238,66
2,5955,8.762,7.3311,82
3,5955,8.762,7.3025,73
0,5956,8.762,7.1736,91
1,5956,8.762,7.3303,72
2,5956,8.762,7.2867,81
3,5956,8.762,7.311,75
0,5957,8.762,7.2264,77
1,5957,8.762,7.1871,84
2,5957,8.762,7.391,71
3,5957,8.762,7.3269,74
0,5958,8.762,7.2225,81
1,5958,8.762,7.2288,84
2,5958,8.762,7.3961,73
3,5958,8.762,7.399,65
0,5959,8.762,7.1575,73
1,5959,8.762,7.4057,69
2,5959,8.762,7.2608,75
3,5959,8.762,7.1395,90
0,5960,8.762,7.4842,69
1,5960,8.762,7.2093,77
2,5960,8.762,7.1796,75
3,5960,8.762,7.3386,77
0,5961,8.762,7.116,74
1,5961,8.762,7.321,64
2,5961,8.762,7.2772,69
3,5961,8.762,7.2507,80
0,5962,8.762,7.2304,80
1,5962,8.762,7.28,72
2,5962,8.762,7.3935,75
3,5962,8.762,7.2993,78
0,5963,8.762,7.3222,82
1,5963,8.762,7.2275,76
2,5963,8.762,7.3278,71
3,5963,8.762,7.4062,73
0,5964,8.762,7.4719,70
1,5964,8.762,7.3793,78
2,5964,8.762,7.3549,68
3,5964,8.762,7.2977,77
0,5965,8.762,7.1828,79
1,5965,8.762,7.3034,70
2,5965,8.762,7.4195,75
3,5965,8.762,7.3253,73
0,5966,8.762,7.2435,80
1,5966,8.762,7.4206,69
2,5966,8.762,7.1077,79
3,5966,8.762,7.4026,75
0,5967,8.762,7.2463,81
1,5967,8.762,7.259,82
2,5967,8.762,7.3514,68
3,5967,8.762,7.4369,63
0,5968,8.762,7.1639,80
1,5968,8.762,7.2047,86
2,5968,8.762,7.2188,83
3,5968,8.762,7.3518,74
0,5969,8.762,7.1655,84
1,5969,8.762,7.2166,77
2,5969,8.762,7.2682,84
3,5969,8.762,7.0474,74
0,5970,8.762,7.2871,70
1,5970,8.762,7.0915,77
2,5970,8.762,7.2199,78
3,5970,8.762,7.3195,89
0,5971,8.762,7.2152,88
1,5971,8.762,7.2269,84
2,5971,8.762,7.3142,72
3,5971,8.762,7.3997,75
0,5972,8.762,7.3297,77
1,5972,8.762,7.3566,68
2,5972,8.762,7.2693,82
3,5972,8.762,7.2738,73
0,5973,8.762,7.3537,76
1,5973,8.762,7.2027,82
2,5973,8.762,7.3259,72
3,5973,8.762,7.2673,85
0,5974,8.762,7.2683,79
1,5974,8.762,7.4344,70
2,5974,8.762,7.2695,71
3,5974,8.762,7.3353,82
0,5975,8.762,7.3236,77
1,5975,8.762,7.364,84
2,5975,8.762,7.2078,79
3,5975,8.762,7.2003,76
0,5976,8.762,7.2279,81
1,5976,8.762,7.3067,74
2,5976,8.762,7.2573,76
3,5976,8.762,7.327,80
0,5977,8.762,7.3339,71
1,5977,8.762,7.3033,79
2,5977,8.762,7.2807,72
3,5977,8.762,7.294,78
0,5978,8.762,7.4074,76
1,5978,8.762,7.3968,78
2,5978,8.762,7.4204,73
3,5978,8.762,7.4074,76
0,5979,8.762,7.2426,83
1,5979,8.762,7.3962,68
2,5979,8.762,7.2272,75
3,5979,8.762,7.3459,76
0,5980,8.762,7.3287,75
1,5980,8.762,7.2227,76
2,5980,8.762,7.4108,63
3,5980,8.762,7.2406,78
0,5981,8.762,7.3151,83
1,5981,8.762,7.2121,83
2,5981,8.762,7.2977,81
3,5981,8.762,7.2777,82
0,5982,8.762,7.1108,78
1,5982,8.762,7.298,81
2,5982,8.762,7.1771,84
3,5982,8.762,7.3148,75
0,5983,8.762,7.1181,76
1,5983,8.762,7.2722,76
2,5983,8.762,7.1614,87
3,5983,8.762,7.18,87
0,5984,8.762,7.4291,70
1,5984,8.762,7.3091,73
2,5984,8.762,7.3415,68
3,5984,8.762,7.1489,83
0,5985,8.762,7.3397,76
1,5985,8.762,7.3556,88
2,5985,8.762,7.3087,75
3,5985,8.762,7.4134,78
0,5986,8.762,7.3623,71
1,5986,8.762,7.4106,70
2,5986,8.762,7.2011,72
3,5986,8.762,7.2358,71
0,5987,8.762,7.1714,72
1,5987,8.762,7.2217,80
2,5987,8.762,7.4223,74
3,5987,8.762,7.1823,86
0,5988,8.762,7.317,73
1,5988,8.762,7.1925,86
2,5988,8.762,7.4441,78
3,5988,8.762,7.3837,67
0,5989,8.762,7.2663,75
1,5989,8.762,7.1833,87
2,5989,8.762,7.2456,77
3,5989,8.762,7.3348,67
0,5990,8.762,7.2598,82
1,5990,8.762,7.3375,71
2,5990,8.762,7.1747,78
3,5990,8.762,7.2725,93
0,5991,8.762,7.1498,76
1,5991,8.762,7.3243,85
2,5991,8.762,7.3472,74
3,5991,8.762,7.2704,85
0,5992,8.762,7.3291,77
1,5992,8.762,7.4416,77
2,5992,8.762,7.3298,79
3,5992,8.762,7.3197,70
0,5993,8.762,7.3547,66
1,5993,8.762,7.5152,76
2,5993,8.762,7.2949,71
3,5993,8.762,7.2289,75
0,5994,8.762,7.4689,74
1,5994,8.762,7.3037,83
2,5994,8.762,7.4192,74
3,5994,8.762,7.2461,77
0,5995,8.762,7.2462,91
1,5995,8.762,7.3922,64
2,5995,8.762,7.3355,74
3,5995,8.762,7.4696,75
0,5996,8.762,7.2542,73
1,5996,8.762,7.3173,74
2,5996,8.762,7.2209,76
3,5996,8.762,7.3654,73
0,5997,8.762,7.3638,82
1,5997,8.762,7.384,78
2,5997,8.762,7.1379,87
3,5997,8.762,7.1969,78
0,5998,8.762,7.1548,82
1,5998,8.762,7.2973,76
2,5998,8.762,7.1757,88
3,5998,8.762,7.3286,79
0,5999,8.762,7.1586,82
1,5999,8.762,7.243,73
2,5999,8.762,7.2526,76
3,5999,8.762,7.3402,78
0,6000,8.762,7.3126,78
1,6000,8.762,7.4223,74
2,6000,8.762,7.3507,83
3,6000,8.762,7.2758,73
0,6001,8.762,7.3786,71
1,6001,8.762,7.2995,78
2,6001,8.762,7.2533,80
3,6001,8.762,7.305,70
0,6002,8.762,7.3508,66
1,6002,8.762,7.2542,84
2,6002,8.762,7.3558,73
3,6002,8.762,7.3933,70
0,6003,8.762,7.3044,75
1,6003,8.762,7.3025,73
2,6003,8.762,7.2633,74
3,6003,8.762,7.3056,76
0,6004,8.762,7.215,82
1,6004,8.762,7.156,80
2,6004,8.762,7.385,76
3,6004,8.762,7.1057,82
0,6005,8.762,7.4922,71
1,6005,8.762,7.3802,69
2,6005,8.762,7.3242,69
3,6005,8.762,7.1773,78
0,6006,8.762,7.3856,85
1,6006,8.762,7.2676,85
2,6006,8.762,7.4118,73
3,6006,8.762,7.3417,84
0,6007,8.762,7.3493,81
1,6007,8.762,7.1817,77
2,6007,8.762,7.3218,70
3,6007,8.762,7.4287,75
0,6008,8.762,7.2587,86
1,6008,8.762,7.1565,77
2,6008,8.762,7.3878,68
3,6008,8.762,7.3048,85
0,6009,8.762,7.2394,79
1,6009,8.762,7.3581,75
2,6009,8.762,7.4156,67
3,6009,8.762,7.293,71
0,6010,8.762,7.2313,74
1,6010,8.762,7.3092,74
2,6010,8.762,7.2956,79
3,6010,8.762,7.2306,79
0,6011,8.762,7.3545,72
1,6011,8.762,7.4137,67
2,6011,8.762,7.4207,72
3,6011,8.762,7.2166,81
0,6012,8.762,7.2718,83
1,6012,8.762,7.2031,80
2,6012,8.762,7.1492,84
3,6012,8.762,7.1205,81
0,6013,8.762,7.3553,78
1,6013,8.762,7.296,81
2,6013,8.762,7.2428,83
3,6013,8.762,7.3032,83
0,6014,8.762,7.2419,83
1,6014,8.762,7.4298,71
2,6014,8.762,7.3727,81
3,6014,8.762,7.2546,79
0,6015,8.762,7.4024,75
1,6015,8.762,7.2944,75
2,6015,8.762,7.2707,73
3,6015,8.762,7.307,79
0,6016,8.762,7.2402,76
1,6016,8.762,7.3216,77
2,6016,8.762,7.3534,84
3,6016,8.762,7.3304,85
0,6017,8.762,7.2138,75
1,6017,8.762,7.333,77
2,6017,8.762,7.2585,78
3,6017,8.762,7.3306,69
0,6018,8.762,7.2105,77
1,6018,8.762,7.2166,81
2,6018,8.762,7.1907,74
3,6018,8.762,7.2533,83
0,6019,8.762,7.0813,75
1,6019,8.762,7.3978,75
2,6019,8.762,7.2938,70
3,6019,8.762,7.2553,78
0,6020,8.762,7.1192,84
1,6020,8.762,7.2404,81
2,6020,8.762,7.4173,69
3,6020,8.762,7.4588,71
0,6021,8.762,7.3051,85
1,6021,8.762,7.2129,83
2,6021,8.762,7.2269,76
3,6021,8.762,7.2489,75
0,6022,8.762,7.3007,72
1,6022,8.762,7.3063,78
2,6022,8.762,7.2867,73
3,6022,8.762,7.1829,89
0,6023,8.762,7.2041,78
1,6023,8.762,7.1876,77
2,6023,8.762,7.3297,74
3,6023,8.762,7.2848,77
0,6024,8.762,7.1412,83
1,6024,8.762,7.1692,80
2,6024,8.762,7.2586,76
3,6024,8.762,7.202,82
0,6025,8.762,7.3773,69
1,6025,8.762,7.2866,88
2,6025,8.762,7.3712,73
3,6025,8.762,7.2583,70
0,6026,8.762,7.2309,79
1,6026,8.762,7.256,78
2,6026,8.762,7.3083,74
3,6026,8.762,7.3517,77
0,6027,8.762,7.36,75
1,6027,8.762,7.2364,80
2,6027,8.762,7.1551,75
3,6027,8.762,7.1652,71
0,6028,8.762,7.2455,76
1,6028,8.762,7.2296,84
2,6028,8.762,7.4321,69
3,6028,8.762,7.3795,71
0,6029,8.762,7.3786,72
1,6029,8.762,7.2856,69
2,6029,8.762,7.2882,80
3,6029,8.762,7.3154,80
0,6030,8.762,7.2683,81
1,6030,8.762,7.2922,76
2,6030,8.762,7.4742,71
3,6030,8.762,7.2094,83
0,6031,8.762,7.1678,87
1,6031,8.762,7.3129,74
2,6031,8.762,7.2369,77
3,6031,8.762,7.2048,73
0,6032,8.762,7.268,81
1,6032,8.762,7.1495,84
2,6032,8.762,7.3315,72
3,6032,8.762,7.1906,79
0,6033,8.762,7.2461,73
1,6033,8.762,7.3277,69
2,6033,8.762,7.3193,72
3,6033,8.762,7.3643,72
0,6034,8.762,7.2979,85
1,6034,8.762,7.3035,80
2,6034,8.762,7.2122,89
3,6034,8.762,7.3574,82
0,6035,8.762,7.1149,83
1,6035,8.762,7.2891,74
2,6035,8.762,7.2558,76
3,6035,8.762,7.3377,76
0,6036,8.762,7.3422,74
1,6036,8.762,7.3481,73
2,6036,8.762,7.1981,80
3,6036,8.762,7.4914,68
0,6037,8.762,7.3723,76
1,6037,8.762,7.4024,79
2,6037,8.762,7.3116,70
3,6037,8.762,7.2441,77
0,6038,8.762,7.2445,76
1,6038,8.762,7.2624,73
2,6038,8.762,7.2809,82
3,6038,8.762,7.2887,78
0,6039,8.762,7.1601,75
1,6039,8.762,7.281,72
2,6039,8.762,7.1812,85
3,6039,8.762,7.2192,75
0,6040,8.762,7.2874,83
1,6040,8.762,7.303,73
2,6040,8.762,7.3807,75
3,6040,8.762,7.1522,75
0,6041,8.762,7.1777,85
1,6041,8.762,7.1845,78
2,6041,8.762,7.497,69
3,6041,8.762,7.2611,77
0,6042,8.762,7.314,72
1,6042,8.762,7.2774,67
2,6042,8.762,7.4212,76
3,6042,8.762,7.2283,88
0,6043,8.762,7.2528,79
1,6043,8.762,7.1987,77
2,6043,8.762,7.1029,87
3,6043,8.762,7.186,77
0,6044,8.762,6.917,81
1,6044,8.762,7.3765,71
2,6044,8.762,7.2933,77
3,6044,8.762,7.3248,68
0,6045,8.762,7.2451,75
1,6045,8.762,7.1729,82
2,6045,8.762,7.4145,75
3,6045,8.762,7.341,71
0,6046,8.762,7.2391,80
1,6046,8.762,7.4826,67
2,6046,8.762,7.2448,76
3,6046,8.762,7.1844,79
0,6047,8.762,7.1692,78
1,6047,8.762,7.1761,79
2,6047,8.762,7.2379,77
3,6047,8.762,7.385,72
0,6048,8.762,7.4051,75
1,6048,8.762,7.1537,78
2,6048,8.762,7.2492,70
3,6048,8.762,7.4639,64
0,6049,8.762,7.1614,85
1,6049,8.762,7.3235,64
2,6049,8.762,7.309,79
3,6049,8.762,7.2197,82
0,6050,8.762,7.3776,77
1,6050,8.762,7.3176,72
2,6050,8.762,7.1596,80
3,6050,8.762,7.3331,67
0,6051,8.762,7.1604,83
1,6051,8.762,7.2434,82
2,6051,8.762,7.3258,71
3,6051,8.762,7.1617,78
0,6052,8.762,7.4071,66
1,6052,8.762,7.3182,76
2,6052,8.762,7.2603,86
3,6052,8.762,7.2413,74
0,6053,8.762,7.4431,71
1,6053,8.762,7.2208,73
2,6053,8.762,7.3084,73
3,6053,8.762,7.2873,79
0,6054,8.762,7.3415,79
1,6054,8.762,7.2285,75
2,6054,8.762,7.3568,81
3,6054,8.762,7.2642,73
0,6055,8.762,7.3953,72
1,6055,8.762,7.2404,83
2,6055,8.762,7.2793,82
3,6055,8.762,7.4119,65
0,6056,8.762,7.2511,73
1,6056,8.762,7.3,81
2,6056,8.762,7.2245,78
3,6056,8.762,7.2072,79
0,6057,8.762,7.2251,78
1,6057,8.762,7.2301,83
2,6057,8.762,7.4483,78
3,6057,8.762,7.1847,74
0,6058,8.762,7.1817,78
1,6058,8.762,7.2855,73
2,6058,8.762,7.3705,81
3,6058,8.762,7.1973,76
0,6059,8.762,7.2305,83
1,6059,8.762,7.3814,77
2,6059,8.762,7.1782,82
3,6059,8.762,7.2931,77
0,6060,8.762,7.2983,80
1,6060,8.762,7.3431,74
2,6060,8.762,7.3703,73
3,6060,8.762,7.2341,75
0,6061,8.762,7.3366,72
1,6061,8.762,7.2949,78
2,6061,8.762,7.2431,77
3,6061,8.762,7.3487,76
0,6062,8.762,7.5562,63
1,6062,8.762,7.2809,69
2,6062,8.762,7.2193,85
3,6062,8.762,7.2137,73
0,6063,8.762,7.1523,84
1,6063,8.762,7.3018,83
2,6063,8.762,7.206,78
3,6063,8.762,7.3218,80
0,6064,8.762,7.2611,80
1,6064,8.762,7.2844,69
2,6064,8.762,7.402,76
3,6064,8.762,7.3554,77
0,6065,8.762,7.1918,87
1,6065,8.762,7.2899,74
2,6065,8.762,7.2535,80
3,6065,8.762,7.2145,72
0,6066,8.762,7.2282,89
1,6066,8.762,7.2365,77
2,6066,8.762,7.2066,74
3,6066,8.762,7.4651,67
0,6067,8.762,7.2021,89
1,6067,8.762,7.2394,82
2,6067,8.762,7.2338,76
3,6067,8.762,7.1884,84
0,6068,8.762,7.2307,78
1,6068,8.762,7.1267,81
2,6068,8.762,7.2858,72
3,6068,8.762,7.1289,80
0,6069,8.762,7.3097,79
1,6069,8.762,7.2174,67
2,6069,8.762,7.3452,85
3,6069,8.762,7.2429,76
0,6070,8.762,7.2339,68
1,6070,8.762,7.3253,81
2,6070,8.762,7.2129,74
3,6070,8.762,7.2911,75
0,6071,8.762,7.2731,76
1,6071,8.762,7.2094,72
2,6071,8.762,7.3427,81
3,6071,8.762,7.268,80
0,6072,8.762,7.1489,80
1,6072,8.762,7.3506,69
2,6072,8.762,7.3553,79
3,6072,8.762,7.3137,75
0,6073,8.762,7.4273,78
1,6073,8.762,7.3345,73
2,6073,8.762,7.2082,74
3,6073,8.762,7.3907,69
0,6074,8.762,7.3395,79
1,6074,8.762,7.3552,72
2,6074,8.762,7.4089,72
3,6074,8.762,7.2186,82
0,6075,8.762,7.1481,85
1,6075,8.762,7.3941,78
2,6075,8.762,7.4156,71
3,6075,8.762,7.3311,71
0,6076,8.762,7.2127,73
1,6076,8.762,7.3109,73
2,6076,8.762,7.3844,70
3,6076,8.762,7.264,81
0,6077,8.762,7.2487,82
1,6077,8.762,7.3608,71
2,6077,8.762,7.28,78
3,6077,8.762,7.0428,83
0,6078,8.762,7.4398,76
1,6078,8.762,7.3473,79
2,6078,8.762,7.1244,79
3,6078,8.762,7.3634,72
0,6079,8.762,7.1953,83
1,6079,8.762,7.4178,76
2,6079,8.762,7.2639,73
3,6079,8.762,7.3903,71
0,6080,8.762,7.3554,67
1,6080,8.762,7.065,87
2,6080,8.762,7.3128,83
3,6080,8.762,7.2114,86
0,6081,8.762,7.2879,75
1,6081,8.762,7.1279,78
2,6081,8.762,7.3789,67
3,6081,8.762,7.2395,82
0,6082,8.762,7.345,82
1,6082,8.762,7.2375,86
2,6082,8.762,7.2651,81
3,6082,8.762,7.2782,82
0,6083,8.762,7.2283,84
1,6083,8.762,7.2073,80
2,6083,8.762,7.1141,85
3,6083,8.762,7.2583,76
0,6084,8.762,7.284,69
1,6084,8.762,7.1659,80
2,6084,8.762,7.2287,81
3,6084,8.762,7.3453,71
0,6085,8.762,7.2835,79
1,6085,8.762,7.2866,77
2,6085,8.762,7.3591,74
3,6085,8.762,7.2961,73
0,6086,8.762,7.2612,78
1,6086,8.762,7.3697,75
2,6086,8.762,7.3205,70
3,6086,8.762,7.2357,79
0,6087,8.762,7.3137,72
1,6087,8.762,7.2009,80
2,6087,8.762,7.2393,79
3,6087,8.762,7.187,79
0,6088,8.762,7.3144,74
1,6088,8.762,7.2519,83
2,6088,8.762,7.2478,80
3,6088,8.762,7.2305,77
0,6089,8.762,7.2928,73
1,6089,8.762,7.5104,64
2,6089,8.762,7.2701,80
3,6089,8.762,7.3108,72
0,6090,8.762,7.1939,65
1,6090,8.762,7.1021,83
2,6090,8.762,7.1481,78
3,6090,8.762,7.4243,72
0,6091,8.762,7.2154,88
1,6091,8.762,7.5374,66
2,6091,8.762,7.3529,78
3,6091,8.762,7.2684,73
0,6092,8.762,7.1213,76
1,6092,8.762,7.4021,70
2,6092,8.762,7.3615,75
3,6092,8.762,7.286,75
0,6093,8.762,7.1795,83
1,6093,8.762,7.3865,75
2,6093,8.762,7.3415,83
3,6093,8.762,7.4255,76
0,6094,8.762,7.3502,80
1,6094,8.762,7.1647,85
2,6094,8.762,7.3679,78
3,6094,8.762,7.2192,85
0,6095,8.762,7.2921,76
1,6095,8.762,7.3744,71
2,6095,8.762,7.3722,72
3,6095,8.762,7.2407,76
0,6096,8.762,7.3703,75
1,6096,8.762,7.0837,85
2,6096,8.762,7.195,79
3,6096,8.762,7.2901,68
0,6097,8.762,7.3751,70
1,6097,8.762,7.1875,76
2,6097,8.762,7.2534,73
3,6097,8.762,7.201,79
0,6098,8.762,7.2793,74
1,6098,8.762,7.3004,78
2,6098,8.762,7.1706,86
3,6098,8.762,7.2475,76
0,6099,8.762,7.2828,77
1,6099,8.762,7.1139,72
2,6099,8.762,7.1315,73
3,6099,8.762,7.2813,81
0,6100,8.762,7.2076,82
1,6100,8.762,7.1683,79
2,6100,8.762,7.3363,69
3,6100,8.762,7.402,71
0,6101,8.762,7.2553,76
1,6101,8.762,7.3853,70
2,6101,8.762,7.323,72
3,6101,8.762,7.3248,73
0,6102,8.762,7.2386,81
1,6102,8.762,7.1376,80
2,6102,8.762,7.2235,79
3,6102,8.762,7.3735,76
0,6103,8.762,7.3054,79
1,6103,8.762,7.3016,76
2,6103,8.762,7.2636,79
3,6103,8.762,7.3615,76
0,6104,8.762,7.1105,78
1,6104,8.762,7.1359,78
2,6104,8.762,7.3896,75
3,6104,8.762,7.4884,73
0,6105,8.762,7.3363,80
1,6105,8.762,7.0692,83
2,6105,8.762,7.3471,71
3,6105,8.762,7.4028,68
0,6106,8.762,7.2385,77
1,6106,8.762,7.3594,75
2,6106,8.762,7.2528,79
3,6106,8.762,7.2546,84
0,6107,8.762,7.2615,75
1,6107,8.762,7.2716,89
2,6107,8.762,7.328,80
3,6107,8.762,7.2772,80
0,6108,8.762,7.3081,81
1,6108,8.762,7.3166,73
2,6108,8.762,7.408,72
3,6108,8.762,7.1167,86
0,6109,8.762,7.3199,70
1,6109,8.762,7.5068,64
2,6109,8.762,7.3411,77
3,6109,8.762,7.3153,70
0,6110,8.762,7.2175,72
1,6110,8.762,7.2119,76
2,6110,8.762,7.1884,74
3,6110,8.762,7.2569,73
0,6111,8.762,7.3184,71
1,6111,8.762,7.2098,84
2,6111,8.762,7.2691,72
3,6111,8.762,7.28,81
0,6112,8.762,7.2646,81
1,6112,8.762,7.1811,81
2,6112,8.762,7.2212,80
3,6112,8.762,7.2767,68
0,6113,8.762,7.1677,77
1,6113,8.762,7.2284,88
2,6113,8.762,7.3706,74
3,6113,8.762,7.3953,62
0,6114,8.762,7.3349,70
1,6114,8.762,7.1694,77
2,6114,8.762,7.2656,62
3,6114,8.762,7.2954,75
0,6115,8.762,7.3759,76
1,6115,8.762,7.4356,68
2,6115,8.762,7.1,85
3,6115,8.762,7.3842,64
0,6116,8.762,7.2454,81
1,6116,8.762,7.3804,74
2,6116,8.762,7.3434,67
3,6116,8.762,7.2385,73
0,6117,8.762,7.2386,79
1,6117,8.762,7.2641,82
2,6117,8.762,7.2566,74
3,6117,8.762,7.3523,76
0,6118,8.762,7.3861,74
1,6118,8.762,7.2493,74
2,6118,8.762,7.2884,65
3,6118,8.762,7.3133,75
0,6119,8.762,7.1717,82
1,6119,8.762,7.1407,83
2,6119,8.762,7.3307,77
3,6119,8.762,7.311,78
0,6120,8.762,7.2694,82
1,6120,8.762,7.4043,68
2,6120,8.762,7.3666,75
3,6120,8.762,7.3496,70
0,6121,8.762,7.268,69
1,6121,8.762,7.193,73
2,6121,8.762,7.2953,81
3,6121,8.762,7.4774,74
0,6122,8.762,7.1662,82
1,6122,8.762,7.2992,81
2,6122,8.762,7.347,72
3,6122,8.762,7.4989,70
0,6123,8.762,7.3484,71
1,6123,8.762,7.1007,79
2,6123,8.762,7.2353,79
3,6123,8.762,7.2887,73
0,6124,8.762,7.3499,71
1,6124,8.762,7.1043,84
2,6124,8.762,7.2309,82
3,6124,8.762,7.3754,77
0,6125,8.762,7.4169,73
1,6125,8.762,7.2185,83
2,6125,8.762,7.3504,69
3,6125,8.762,7.3685,71
0,6126,8.762,7.2273,70
1,6126,8.762,7.2815,77
2,6126,8.762,7.3009,76
3,6126,8.762,7.256,77
0,6127,8.762,7.2764,78
1,6127,8.762,7.2612,82
2,6127,8.762,7.2583,74
3,6127,8.762,7.4588,69
0,6128,8.762,7.4446,71
1,6128,8.762,7.218,78
2,6128,8.762,7.398,75
3,6128,8.762,7.129,82
0,6129,8.762,7.4093,71
1,6129,8.762,7.1402,87
2,6129,8.762,7.2453,75
3,6129,8.762,7.2837,83
0,6130,8.762,7.4007,76
1,6130,8.762,7.2758,73
2,6130,8.762,7.3173,74
3,6130,8.762,7.2661,72
0,6131,8.762,7.3433,79
1,6131,8.762,7.2116,84
2,6131,8.762,7.2479,70
3,6131,8.762,7.2395,88
0,6132,8.762,7.2502,80
1,6132,8.762,7.3508,76
2,6132,8.762,7.2508,83
3,6132,8.762,7.2831,79
0,6133,8.762,7.2266,76
1,6133,8.762,7.2498,69
2,6133,8.762,7.2196,73
3,6133,8.762,7.3327,74
0,6134,8.762,7.0457,78
1,6134,8.762,7.3219,76
2,6134,8.762,7.2583,73
3,6134,8.762,7.2371,80
0,6135,8.762,6.9681,81
1,6135,8.762,7.2657,73
2,6135,8.762,7.3146,77
3,6135,8.762,7.1995,82
0,6136,8.762,7.4273,77
1,6136,8.762,7.1068,79
2,6136,8.762,7.4148,73
3,6136,8.762,7.4015,72
0,6137,8.762,7.2333,79
1,6137,8.762,7.3018,76
2,6137,8.762,7.3139,73
3,6137,8.762,7.4075,78
0,6138,8.762,7.277,74
1,6138,8.762,7.0096,80
2,6138,8.762,7.293,74
3,6138,8.762,7.3513,74
0,6139,8.762,7.1631,79
1,6139,8.762,7.3754,72
2,6139,8.762,7.1047,81
3,6139,8.762,7.3295,89
0,6140,8.762,7.3834,78
1,6140,8.762,7.3287,73
2,6140,8.762,7.1906,81
3,6140,8.762,7.2259,76
0,6141,8.762,7.2646,88
1,6141,8.762,7.3401,78
2,6141,8.762,7.2102,83
3,6141,8.762,7.345,77
0,6142,8.762,7.3213,74
1,6142,8.762,7.2218,75
2,6142,8.762,7.208,88
3,6142,8.762,7.32,68
0,6143,8.762,7.2801,82
1,6143,8.762,7.1955,71
2,6143,8.762,7.4029,70
3,6143,8.762,7.3499,71
0,6144,8.762,7.3686,66
1,6144,8.762,7.3151,71
2,6144,8.762,7.2531,77
3,6144,8.762,7.2007,79
0,6145,8.762,7.3139,75
1,6145,8.762,7.341,80
2,6145,8.762,7.4233,71
3,6145,8.762,7.2843,78
0,6146,8.762,7.3744,82
1,6146,8.762,7.2969,77
2,6146,8.762,7.4145,73
3,6146,8.762,7.3069,86
0,6147,8.762,7.2071,80
1,6147,8.762,7.2995,74
2,6147,8.762,7.3916,76
3,6147,8.762,7.2292,83
0,6148,8.762,7.1871,73
1,6148,8.762,7.2846,70
2,6148,8.762,7.4144,73
3,6148,8.762,7.3557,79
0,6149,8.762,7.3195,78
1,6149,8.762,7.4095,71
2,6149,8.762,7.182,80
3,6149,8.762,7.3272,77
0,6150,8.762,7.1759,76
1,6150,8.762,7.2785,76
2,6150,8.762,7.1194,84
3,6150,8.762,7.2555,81
0,6151,8.762,7.1936,73
1,6151,8.762,7.2447,75
2,6151,8.762,7.4045,73
3,6151,8.762,7.3901,64
0,6152,8.762,7.1674,80
1,6152,8.762,7.3027,78
2,6152,8.762,7.2582,76
3,6152,8.762,7.292,76
0,6153,8.762,7.3535,73
1,6153,8.762,7.2374,82
2,6153,8.762,7.2307,72
3,6153,8.762,7.2762,88
0,6154,8.762,7.3963,62
1,6154,8.762,7.2887,79
2,6154,8.762,7.3607,81
3,6154,8.762,7.2162,76
0,6155,8.762,7.3785,76
1,6155,8.762,7.16,86
2,6155,8.762,7.3317,88
3,6155,8.762,7.2059,75
0,6156,8.762,7.201,76
1,6156,8.762,7.338,69
2,6156,8.762,7.1956,81
3,6156,8.762,7.1579,76
0,6157,8.762,7.3959,76
1,6157,8.762,7.3041,71
2,6157,8.762,7.1292,74
3,6157,8.762,7.3133,81
0,6158,8.762,7.3609,82
1,6158,8.762,7.281,81
2,6158,8.762,7.415,79
3,6158,8.762,7.2416,81
0,6159,8.762,7.2608,77
1,6159,8.762,7.2954,85
2,6159,8.762,7.3194,73
3,6159,8.762,7.3297,84
0,6160,8.762,7.3119,74
1,6160,8.762,7.2166,72
2,6160,8.762,7.342,78
3,6160,8.762,7.311,77
0,6161,8.762,7.3579,67
1,6161,8.762,7.3994,75
2,6161,8.762,7.2328,76
3,6161,8.762,7.2466,77
0,6162,8.762,7.4291,67
1,6162,8.762,7.2592,72
2,6162,8.762,7.2914,83
3,6162,8.762,7.3592,81
0,6163,8.762,7.3131,81
1,6163,8.762,7.1699,88
2,6163,8.762,7.2899,82
3,6163,8.762,7.1049,83
0,6164,8.762,7.2641,72
1,6164,8.762,7.3399,68
2,6164,8.762,7.3168,77
3,6164,8.762,7.2647,75
0,6165,8.762,7.2231,73
1,6165,8.762,7.367,77
2,6165,8.762,7.2899,76
3,6165,8.762,7.3681,79
0,6166,8.762,7.3736,82
1,6166,8.762,7.1353,81
2,6166,8.762,7.4613,70
3,6166,8.762,7.1238,77
0,6167,8.762,7.3262,76
1,6167,8.762,7.4151,67
2,6167,8.762,7.2349,76
3,6167,8.762,7.1466,82
0,6168,8.762,7.1679,88
1,6168,8.762,7.378,71
2,6168,8.762,7.267,83
3,6168,8.762,7.2954,85
0,6169,8.762,7.2406,73
1,6169,8.762,7.3781,80
2,6169,8.762,7.2538,74
3,6169,8.762,7.1883,90
0,6170,8.762,7.355,77
1,6170,8.762,7.4168,68
2,6170,8.762,7.3617,80
3,6170,8.762,7.2819,86
0,6171,8.762,7.1624,83
1,6171,8.762,7.2662,74
2,6171,8.762,7.4229,79
3,6171,8.762,7.2106,80
0,6172,8.762,7.1357,78
1,6172,8.762,7.2454,76
2,6172,8.762,7.2538,77
3,6172,8.762,7.4319,71
0,6173,8.762,7.1882,81
1,6173,8.762,7.2792,80
2,6173,8.762,7.278,75
3,6173,8.762,7.2132,79
0,6174,8.762,7.3034,72
1,6174,8.762,7.3857,73
2,6174,8.762,7.4014,63
3,6174,8.762,7.1856,72
0,6175,8.762,7.4564,69
1,6175,8.762,7.4186,73
2,6175,8.762,7.2286,78
3,6175,8.762,7.2407,82
0,6176,8.762,7.1846,73
1,6176,8.762,7.1463,77
2,6176,8.762,7.2013,74
3,6176,8.762,7.1326,73
0,6177,8.762,7.4026,71
1,6177,8.762,7.275,86
2,6177,8.762,7.1714,71
3,6177,8.762,7.4025,77
0,6178,8.762,7.3889,70
1,6178,8.762,7.3483,79
2,6178,8.762,7.436,75
3,6178,8.762,7.2123,83
0,6179,8.762,7.3784,72
1,6179,8.762,7.2745,82
2,6179,8.762,7.1458,76
3,6179,8.762,7.2164,85
0,6180,8.762,7.396,62
1,6180,8.762,7.3438,80
2,6180,8.762,7.3926,73
3,6180,8.762,7.2995,81
0,6181,8.762,7.3791,80
1,6181,8.762,7.449,69
2,6181,8.762,7.2353,85
3,6181,8.762,7.2908,83
0,6182,8.762,7.463,67
1,6182,8.762,7.3591,72
2,6182,8.762,7.3408,73
3,6182,8.762,7.2587,77
0,6183,8.762,7.2977,83
1,6183,8.762,7.1319,84
2,6183,8.762,7.2223,78
3,6183,8.762,7.3803,78
0,6184,8.762,7.1692,72
1,6184,8.762,7.2376,79
2,6184,8.762,7.1997,82
3,6184,8.762,7.2633,79
0,6185,8.762,7.3047,81
1,6185,8.762,7.2206,79
2,6185,8.762,7.3943,72
3,6185,8.762,7.2603,72
0,6186,8.762,7.2176,76
1,6186,8.762,7.238,77
2,6186,8.762,7.2235,79
3,6186,8.762,7.2584,84
0,6187,8.762,7.0825,81
1,6187,8.762,7.2346,81
2,6187,8.762,7.3345,86
3,6187,8.762,7.2121,81
0,6188,8.762,7.3409,70
1,6188,8.762,7.3522,77
2,6188,8.762,7.2532,72
3,6188,8.762,7.3627,82
0,6189,8.762,7.2639,67
1,6189,8.762,7.255,73
2,6189,8.762,7.2267,80
3,6189,8.762,7.3164,85
0,6190,8.762,7.3564,68
1,6190,8.762,7.2574,86
2,6190,8.762,7.292,77
3,6190,8.762,7.3216,76
0,6191,8.762,7.4462,70
1,6191,8.762,7.2941,78
2,6191,8.762,7.3668,74
3,6191,8.762,7.1488,81
0,6192,8.762,7.3653,81
1,6192,8.762,7.1832,80
2,6192,8.762,7.3369,74
3,6192,8.762,7.2498,78
0,6193,8.762,7.1573,77
1,6193,8.762,7.2241,72
2,6193,8.762,7.2428,82
3,6193,8.762,7.1862,83
0,6194,8.762,7.331,73
1,6194,8.762,7.1353,81
2,6194,8.762,7.3822,70
3,6194,8.762,7.2582,77
0,6195,8.762,7.3585,71
1,6195,8.762,7.173,73
2,6195,8.762,7.0915,94
3,6195,8.762,7.2139,65
0,6196,8.762,7.2263,73
1,6196,8.762,7.2098,85
2,6196,8.762,7.3195,80
3,6196,8.762,7.2337,68
0,6197,8.762,7.3032,74
1,6197,8.762,7.2204,81
2,6197,8.762,7.164,71
3,6197,8.762,7.3316,68
0,6198,8.762,7.299,78
1,6198,8.762,7.1209,81
2,6198,8.762,7.4168,76
3,6198,8.762,7.3711,75
0,6199,8.762,7.1631,81
1,6199,8.762,7.2731,78
2,6199,8.762,7.154,82
3,6199,8.762,7.2066,76
0,6200,8.762,7.3318,78
1,6200,8.762,7.0847,79
2,6200,8.762,7.2657,74
3,6200,8.762,7.4922,61
0,6201,8.762,7.3387,68
1,6201,8.762,7.3592,67
2,6201,8.762,7.2426,81
3,6201,8.762,7.3351,71
0,6202,8.762,7.4475,67
1,6202,8.762,7.3551,75
2,6202,8.762,7.3355,76
3,6202,8.762,7.263,73
0,6203,8.762,7.2538,77
1,6203,8.762,7.0235,84
2,6203,8.762,7.2957,74
3,6203,8.762,7.2108,80
0,6204,8.762,7.3923,75
1,6204,8.762,7.3466,73
2,6204,8.762,7.4031,80
3,6204,8.762,7.4255,67
0,6205,8.762,7.314,68
1,6205,8.762,7.2248,73
2,6205,8.762,7.2852,69
3,6205,8.762,7.1839,82
0,6206,8.762,7.4798,70
1,6206,8.762,7.2109,80
2,6206,8.762,7.1893,76
3,6206,8.762,7.4502,76
0,6207,8.762,7.2018,63
1,6207,8.762,7.4413,71
2,6207,8.762,7.2565,71
3,6207,8.762,7.3368,67
0,6208,8.762,7.2575,80
1,6208,8.762,7.2906,80
2,6208,8.762,7.269,76
3,6208,8.762,7.236,78
0,6209,8.762,7.4709,77
1,6209,8.762,7.2632,74
2,6209,8.762,7.2001,77
3,6209,8.762,7.2376,76
0,6210,8.762,7.2505,80
1,6210,8.762,7.3671,77
2,6210,8.762,7.3199,74
3,6210,8.762,7.2071,72
0,6211,8.762,7.5506,73
1,6211,8.762,7.4967,62
2,6211,8.762,7.329,78
3,6211,8.762,7.2809,71
0,6212,8.762,7.2923,75
1,6212,8.762,7.3156,82
2,6212,8.762,7.4063,74
3,6212,8.762,7.2145,79
0,6213,8.762,7.06,91
1,6213,8.762,7.1839,85
2,6213,8.762,7.2718,78
3,6213,8.762,7.5049,75
0,6214,8.762,7.3468,79
1,6214,8.762,7.4164,69
2,6214,8.762,7.3075,76
3,6214,8.762,7.2572,81
0,6215,8.762,7.3476,81
1,6215,8.762,7.1667,85
2,6215,8.762,7.2593,79
3,6215,8.762,7.3316,81
0,6216,8.762,7.242,73
1,6216,8.762,7.2742,77
2,6216,8.762,7.1671,69
3,6216,8.762,7.3041,73
0,6217,8.762,7.2638,79
1,6217,8.762,7.2151,79
2,6217,8.762,7.3133,79
3,6217,8.762,7.2612,72
0,6218,8.762,7.2282,80
1,6218,8.762,7.1187,87
2,6218,8.762,7.2443,75
3,6218,8.762,7.2762,84
0,6219,8.762,7.2114,80
1,6219,8.762,7.3079,76
2,6219,8.762,7.2943,82
3,6219,8.762,7.2332,72
0,6220,8.762,7.2157,71
1,6220,8.762,7.16,77
2,6220,8.762,7.3109,72
3,6220,8.762,7.3227,72
0,6221,8.762,7.2691,76
1,6221,8.762,7.3109,76
2,6221,8.762,7.2039,75
3,6221,8.762,7.379,67
0,6222,8.762,7.2122,79
1,6222,8.762,7.1932,85
2,6222,8.762,7.1933,78
3,6222,8.762,7.2746,83
0,6223,8.762,7.148,90
1,6223,8.762,7.1853,90
2,6223,8.762,7.3583,82
3,6223,8.762,7.3695,63
0,6224,8.762,7.2086,76
1,6224,8.762,7.3542,71
2,6224,8.762,7.2429,84
3,6224,8.762,7.2451,75
0,6225,8.762,7.3464,69
1,6225,8.762,7.2774,70
2,6225,8.762,7.143,84
3,6225,8.762,7.1706,88
0,6226,8.762,7.1928,77
1,6226,8.762,7.2155,76
2,6226,8.762,7.3133,80
3,6226,8.762,7.2137,81
0,6227,8.762,7.1998,82
1,6227,8.762,7.3634,75
2,6227,8.762,7.1743,81
3,6227,8.762,7.4249,71
0,6228,8.762,7.2969,70
1,6228,8.762,7.2941,76
2,6228,8.762,7.2385,82
3,6228,8.762,7.0965,79
0,6229,8.762,7.2869,73
1,6229,8.762,7.351,81
2,6229,8.762,7.2137,81
3,6229,8.762,7.1822,86
0,6230,8.762,7.2731,78
1,6230,8.762,7.2031,74
2,6230,8.762,7.3043,79
3,6230,8.762,7.2351,76
0,6231,8.762,7.3289,81
1,6231,8.762,7.1304,77
2,6231,8.762,7.5624,66
3,6231,8.762,7.2538,75
0,6232,8.762,7.3391,79
1,6232,8.762,7.3385,74
2,6232,8.762,7.2397,90
3,6232,8.762,7.2582,70
0,6233,8.762,7.4402,70
1,6233,8.762,7.3425,73
2,6233,8.762,7.1194,95
3,6233,8.762,7.3441,72
0,6234,8.762,7.1933,81
1,6234,8.762,7.2523,76
2,6234,8.762,7.3303,84
3,6234,8.762,7.3034,74
0,6235,8.762,7.316,68
1,6235,8.762,7.3043,76
2,6235,8.762,7.267,83
3,6235,8.762,7.4294,73
0,6236,8.762,7.2797,71
1,6236,8.762,7.2116,77
2,6236,8.762,7.1496,80
3,6236,8.762,7.2024,74
0,6237,8.762,7.2117,83
1,6237,8.762,7.2715,75
2,6237,8.762,7.2247,81
3,6237,8.762,7.2508,73
0,6238,8.762,7.2547,84
1,6238,8.762,7.2744,81
2,6238,8.762,7.2112,80
3,6238,8.762,7.3669,69
0,6239,8.762,7.3204,76
1,6239,8.762,7.2471,79
2,6239,8.762,7.189,80
3,6239,8.762,7.3405,72
0,6240,8.762,7.3442,74
1,6240,8.762,7.2982,83
2,6240,8.762,7.1938,71
3,6240,8.762,7.2232,83
0,6241,8.762,7.2624,80
1,6241,8.762,7.3911,75
2,6241,8.762,7.2701,78
3,6241,8.762,7.1464,84
0,6242,8.762,7.2583,76
1,6242,8.762,7.3145,72
2,6242,8.762,7.1023,77
3,6242,8.762,7.3286,81
0,6243,8.762,7.308,84
1,6243,8.762,7.3798,85
2,6243,8.762,7.2478,76
3,6243,8.762,7.2537,83
0,6244,8.762,7.3774,76
1,6244,8.762,7.3839,69
2,6244,8.762,7.3093,78
3,6244,8.762,7.4759,79
0,6245,8.762,7.2603,74
1,6245,8.762,7.1959,86
2,6245,8.762,7.3514,76
3,6245,8.762,7.3277,82
0,6246,8.762,7.273,76
1,6246,8.762,7.2529,74
2,6246,8.762,7.2424,82
3,6246,8.762,7.1932,74
0,6247,8.762,7.2741,84
1,6247,8.762,7.2382,79
2,6247,8.762,7.298,70
3,6247,8.762,7.2094,79
0,6248,8.762,7.2687,79
1,6248,8.762,7.3116,82
2,6248,8.762,7.2321,76
3,6248,8.762,7.2505,76
0,6249,8.762,7.449,62
1,6249,8.762,7.2368,75
2,6249,8.762,7.2408,71
3,6249,8.762,7.3169,68
0,6250,8.762,7.1366,75
1,6250,8.762,7.2143,76
2,6250,8.762,7.3541,71
3,6250,8.762,7.1292,94
0,6251,8.762,7.2632,77
1,6251,8.762,7.2272,76
2,6251,8.762,7.3904,73
3,6251,8.762,7.2256,83
0,6252,8.762,7.333,70
1,6252,8.762,7.1831,70
2,6252,8.762,7.2158,74
3,6252,8.762,7.2956,76
0,6253,8.762,7.2512,79
1,6253,8.762,7.2826,80
2,6253,8.762,7.3127,74
3,6253,8.762,7.1807,78
0,6254,8.762,7.1865,73
1,6254,8.762,7.2987,76
2,6254,8.762,7.3344,66
3,6254,8.762,7.2226,81
0,6255,8.762,7.3773,75
1,6255,8.762,7.2547,87
2,6255,8.762,7.3743,72
3,6255,8.762,7.4109,73
0,6256,8.762,7.2551,79
1,6256,8.762,7.1357,73
2,6256,8.762,7.381,77
3,6256,8.762,7.0836,78
0,6257,8.762,7.2923,75
1,6257,8.762,7.3728,74
2,6257,8.762,7.3173,73
3,6257,8.762,7.1277,82
0,6258,8.762,7.3022,70
1,6258,8.762,7.3309,76
2,6258,8.762,7.2088,91
3,6258,8.762,7.2173,76
0,6259,8.762,7.2527,75
1,6259,8.762,7.0497,91
2,6259,8.762,7.1989,80
3,6259,8.762,7.2986,75
0,6260,8.762,7.2481,78
1,6260,8.762,7.116,74
2,6260,8.762,7.3654,67
3,6260,8.762,7.271,73
0,6261,8.762,7.3056,81
1,6261,8.762,7.3277,76
2,6261,8.762,7.1957,88
3,6261,8.762,7.3784,77
0,6262,8.762,7.3342,75
1,6262,8.762,7.2628,72
2,6262,8.762,7.1298,81
3,6262,8.762,7.3916,73
0,6263,8.762,7.2273,79
1,6263,8.762,7.2606,81
2,6263,8.762,7.3913,72
3,6263,8.762,7.2553,78
0,6264,8.762,7.3508,65
1,6264,8.762,7.3472,81
2,6264,8.762,7.3989,78
3,6264,8.762,7.2071,73
0,6265,8.762,7.1948,72
1,6265,8.762,7.3083,76
2,6265,8.762,7.333,80
3,6265,8.762,7.3832,71
0,6266,8.762,7.3558,71
1,6266,8.762,7.2539,74
2,6266,8.762,7.2266,78
3,6266,8.762,7.3009,66
0,6267,8.762,7.1996,78
1,6267,8.762,7.2301,71
2,6267,8.762,7.1249,80
3,6267,8.762,7.2669,74
0,6268,8.762,7.4323,73
1,6268,8.762,7.295,88
2,6268,8.762,7.3295,75
3,6268,8.762,7.1974,87
0,6269,8.762,7.424,80
1,6269,8.762,7.2192,80
2,6269,8.762,7.1773,80
3,6269,8.762,7.2308,88
0,6270,8.762,7.2539,77
1,6270,8.762,7.2485,78
2,6270,8.762,7.1667,77
3,6270,8.762,7.3772,73
0,6271,8.762,7.3527,81
1,6271,8.762,7.2675,74
2,6271,8.762,7.1951,85
3,6271,8.762,7.187,78
0,6272,8.762,7.2904,74
1,6272,8.762,7.2334,81
2,6272,8.762,7.4613,70
3,6272,8.762,7.2464,84
0,6273,8.762,7.2559,83
1,6273,8.762,7.3771,69
2,6273,8.762,7.2247,84
3,6273,8.762,7.2695,74
0,6274,8.762,7.2261,77
1,6274,8.762,7.3628,69
2,6274,8.762,7.3785,70
3,6274,8.762,7.3119,76
0,6275,8.762,7.1472,83
1,6275,8.762,7.2215,78
2,6275,8.762,7.3192,77
3,6275,8.762,7.2593,75
0,6276,8.762,7.3298,67
1,6276,8.762,7.4013,73
2,6276,8.762,7.3575,73
3,6276,8.762,7.3251,79
0,6277,8.762,7.2922,70
1,6277,8.762,7.2092,73
2,6277,8.762,7.1296,76
3,6277,8.762,7.2441,74
0,6278,8.762,7.3355,76
1,6278,8.762,7.3011,79
2,6278,8.762,7.4417,67
3,6278,8.762,7.349,67
0,6279,8.762,7.216,75
1,6279,8.762,7.3007,79
2,6279,8.762,7.1367,78
3,6279,8.762,7.429,68
0,6280,8.762,7.3347,71
1,6280,8.762,7.2881,78
2,6280,8.762,7.3944,75
3,6280,8.762,7.2278,71
0,6281,8.762,7.3438,81
1,6281,8.762,7.2979,79
2,6281,8.762,7.2428,76
3,6281,8.762,7.2598,79
0,6282,8.762,7.2628,86
1,6282,8.762,7.3541,71
2,6282,8.762,7.4175,69
3,6282,8.762,7.2883,77
0,6283,8.762,7.2104,79
1,6283,8.762,7.1268,84
2,6283,8.762,7.2756,82
3,6283,8.762,7.2737,81
0,6284,8.762,7.3394,72
1,6284,8.762,7.4006,79
2,6284,8.762,7.2695,83
3,6284,8.762,7.3659,67
0,6285,8.762,7.2332,81
1,6285,8.762,7.2344,77
2,6285,8.762,7.325,75
3,6285,8.762,7.3438,74
0,6286,8.762,7.3337,80
1,6286,8.762,7.2607,82
2,6286,8.762,7.4167,80
3,6286,8.762,7.2546,75
0,6287,8.762,7.1705,83
1,6287,8.762,7.382,72
2,6287,8.762,7.1182,84
3,6287,8.762,7.1452,75
0,6288,8.762,7.2627,71
1,6288,8.762,7.3318,75
2,6288,8.762,7.384,73
3,6288,8.762,7.3073,59
0,6289,8.762,7.4242,74
1,6289,8.762,7.1817,81
2,6289,8.762,7.3467,69
3,6289,8.762,7.3574,75
0,6290,8.762,7.4301,67
1,6290,8.762,7.3487,81
2,6290,8.762,7.1051,71
3,6290,8.762,7.3201,82
0,6291,8.762,7.2083,71
1,6291,8.762,7.4073,73
2,6291,8.762,7.3075,68
3,6291,8.762,7.3012,76
0,6292,8.762,7.2213,82
1,6292,8.762,7.2772,76
2,6292,8.762,7.2604,84
3,6292,8.762,7.3016,76
0,6293,8.762,7.3038,72
1,6293,8.762,7.3549,71
2,6293,8.762,7.2615,72
3,6293,8.762,7.2966,77
0,6294,8.762,7.4489,71
1,6294,8.762,7.3391,73
2,6294,8.762,7.2961,78
3,6294,8.762,7.3246,70
0,6295,8.762,7.3012,75
1,6295,8.762,7.4195,67
2,6295,8.762,7.2951,74
3,6295,8.762,7.1925,77
0,6296,8.762,7.3099,75
1,6296,8.762,7.3416,76
2,6296,8.762,7.3427,77
3,6296,8.762,7.2295,76
0,6297,8.762,7.389,70
1,6297,8.762,7.2705,81
2,6297,8.762,7.3695,77
3,6297,8.762,7.3806,70
0,6298,8.762,7.3492,72
1,6298,8.762,7.3014,82
2,6298,8.762,7.3315,78
3,6298,8.762,7.4516,73
0,6299,8.762,7.3427,79
1,6299,8.762,7.4246,68
2,6299,8.762,7.355,76
3,6299,8.762,7.2283,80
0,6300,8.762,7.2046,79
1,6300,8.762,7.3242,76
2,6300,8.762,7.3065,62
3,6300,8.762,7.2838,76
0,6301,8.762,7.3842,72
1,6301,8.762,7.136,70
2,6301,8.762,7.0662,80
3,6301,8.762,7.3646,72
0,6302,8.762,7.1899,77
1,6302,8.762,7.3313,82
2,6302,8.762,7.3049,64
3,6302,8.762,7.0986,94
0,6303,8.762,7.3603,73
1,6303,8.762,7.3889,69
2,6303,8.762,7.3503,76
3,6303,8.762,7.1009,86
0,6304,8.762,7.2984,76
1,6304,8.762,7.2324,82
2,6304,8.762,7.2192,82
3,6304,8.762,7.2083,87
0,6305,8.762,7.2851,73
1,6305,8.762,7.1558,88
2,6305,8.762,7.3303,83
3,6305,8.762,7.2791,83
0,6306,8.762,7.193,79
1,6306,8.762,7.3073,73
2,6306,8.762,7.0887,89
3,6306,8.762,7.2979,75
0,6307,8.762,7.4783,68
1,6307,8.762,7.2908,78
2,6307,8.762,7.2694,74
3,6307,8.762,7.3,76
0,6308,8.762,7.267,79
1,6308,8.762,7.1403,80
2,6308,8.762,7.2964,71
3,6308,8.762,7.3142,86
0,6309,8.762,7.3304,66
1,6309,8.762,7.314,68
2,6309,8.762,7.2094,78
3,6309,8.762,7.4139,74
0,6310,8.762,7.1222,88
1,6310,8.762,7.4389,67
2,6310,8.762,7.278,71
3,6310,8.762,7.2786,73
0,6311,8.762,7.3183,75
1,6311,8.762,7.4019,71
2,6311,8.762,7.2,66
3,6311,8.762,7.3971,74
0,6312,8.762,7.2219,79
1,6312,8.762,7.1271,80
2,6312,8.762,7.299,78
3,6312,8.762,7.3213,74
0,6313,8.762,7.3206,77
1,6313,8.762,7.2535,76
2,6313,8.762,7.3335,70
3,6313,8.762,7.1692,78
0,6314,8.762,7.0921,68
1,6314,8.762,7.3131,73
2,6314,8.762,7.2999,79
3,6314,8.762,7.3419,79
0,6315,8.762,7.3327,74
1,6315,8.762,7.3096,72
2,6315,8.762,7.1102,74
3,6315,8.762,7.3707,76
0,6316,8.762,7.3964,74
1,6316,8.762,7.3222,76
2,6316,8.762,7.3218,79
3,6316,8.762,7.3114,61
0,6317,8.762,7.3278,77
1,6317,8.762,7.2071,87
2,6317,8.762,7.3596,70
3,6317,8.762,7.3051,71
0,6318,8.762,7.2619,80
1,6318,8.762,7.2622,84
2,6318,8.762,7.1738,78
3,6318,8.762,7.3706,73
0,6319,8.762,7.4525,79
1,6319,8.762,7.2066,79
2,6319,8.762,7.1744,82
3,6319,8.762,7.3676,73
0,6320,8.762,7.1363,81
1,6320,8.762,7.4163,70
2,6320,8.762,7.2281,90
3,6320,8.762,7.3146,78
0,6321,8.762,7.3576,73
1,6321,8.762,7.3371,74
2,6321,8.762,7.1693,77
3,6321,8.762,7.2582,86
0,6322,8.762,7.3264,81
1,6322,8.762,7.4095,68
2,6322,8.762,7.2537,74
3,6322,8.762,7.3227,73
0,6323,8.762,7.3758,68
1,6323,8.762,7.4004,66
2,6323,8.762,7.2281,75
3,6323,8.762,7.3056,70
0,6324,8.762,7.4509,71
1,6324,8.762,7.1892,81
2,6324,8.762,7.4819,72
3,6324,8.762,7.3626,73
0,6325,8.762,7.2686,73
1,6325,8.762,7.4498,70
2,6325,8.762,7.3841,78
3,6325,8.762,7.2414,70
0,6326,8.762,7.221,82
1,6326,8.762,7.3164,82
2,6326,8.762,7.1098,76
3,6326,8.762,7.1428,87
0,6327,8.762,7.2942,73
1,6327,8.762,7.4346,70
2,6327,8.762,7.3065,77
3,6327,8.762,7.3175,76
0,6328,8.762,7.3217,74
1,6328,8.762,7.4328,75
2,6328,8.762,7.37,73
3,6328,8.762,7.2287,80
0,6329,8.762,7.3616,72
1,6329,8.762,7.1506,85
2,6329,8.762,7.2695,80
3,6329,8.762,7.3647,69
0,6330,8.762,7.258,81
1,6330,8.762,7.3605,70
2,6330,8.762,7.1355,77
3,6330,8.762,7.2687,82
0,6331,8.762,7.2671,74
1,6331,8.762,7.3501,71
2,6331,8.762,7.2688,81
3,6331,8.762,7.2226,86
0,6332,8.762,7.4635,68
1,6332,8.762,7.2075,80
2,6332,8.762,7.2286,80
3,6332,8.762,7.2511,77
0,6333,8.762,7.2725,74
1,6333,8.762,7.2787,77
2,6333,8.762,7.2528,71
3,6333,8.762,7.3535,78
0,6334,8.762,7.3753,66
1,6334,8.762,7.3222,75
2,6334,8.762,7.3591,70
3,6334,8.762,7.3218,76
0,6335,8.762,7.2249,76
1,6335,8.762,7.1808,75
2,6335,8.762,7.3144,78
3,6335,8.762,7.2494,74
0,6336,8.762,7.3668,75
1,6336,8.762,7.3309,85
2,6336,8.762,7.1716,84
3,6336,8.762,7.1934,81
0,6337,8.762,7.3601,75
1,6337,8.762,7.316,74
2,6337,8.762,7.3396,73
3,6337,8.762,7.2976,79
0,6338,8.762,7.2829,83
1,6338,8.762,7.1782,89
2,6338,8.762,7.0641,88
3,6338,8.762,7.2092,71
0,6339,8.762,7.3118,79
1,6339,8.762,7.3608,72
2,6339,8.762,7.2556,77
3,6339,8.762,7.2835,73
0,6340,8.762,7.2978,72
1,6340,8.762,7.3169,74
2,6340,8.762,7.2204,72
3,6340,8.762,7.2033,79
0,6341,8.762,7.2616,76
1,6341,8.762,7.1848,74
2,6341,8.762,7.5133,80
3,6341,8.762,7.3879,69
0,6342,8.762,7.2931,75
1,6342,8.762,7.2953,75
2,6342,8.762,7.3919,74
3,6342,8.762,7.215,83
0,6343,8.762,7.321,75
1,6343,8.762,7.2881,80
2,6343,8.762,7.366,74
3,6343,8.762,7.2554,73
0,6344,8.762,7.3368,84
1,6344,8.762,7.2294,80
2,6344,8.762,7.3903,78
3,6344,8.762,7.2146,74
0,6345,8.762,7.4071,70
1,6345,8.762,7.3098,76
2,6345,8.762,7.3171,72
3,6345,8.762,7.3025,81
0,6346,8.762,7.3244,84
1,6346,8.762,7.317,70
2,6346,8.762,7.3515,78
3,6346,8.762,7.3123,69
0,6347,8.762,7.2161,80
1,6347,8.762,7.27,75
2,6347,8.762,7.4404,67
3,6347,8.762,7.2688,90
0,6348,8.762,7.3719,77
1,6348,8.762,7.1661,82
2,6348,8.762,7.4176,77
3,6348,8.762,7.2546,73
0,6349,8.762,7.2445,84
1,6349,8.762,7.1697,88
2,6349,8.762,7.1878,75
3,6349,8.762,7.1856,85
0,6350,8.762,7.4278,75
1,6350,8.762,7.188,81
2,6350,8.762,7.1697,81
3,6350,8.762,7.4257,69
0,6351,8.762,7.413,65
1,6351,8.762,7.376,79
2,6351,8.762,7.3146,75
3,6351,8.762,7.2561,80
0,6352,8.762,7.4351,80
1,6352,8.762,7.3579,68
2,6352,8.762,7.2343,78
3,6352,8.762,7.3412,88
0,6353,8.762,7.2783,77
1,6353,8.762,7.2147,80
2,6353,8.762,7.4056,71
3,6353,8.762,7.2388,80
0,6354,8.762,7.218,92
1,6354,8.762,7.3052,71
2,6354,8.762,7.1441,84
3,6354,8.762,7.2137,82
0,6355,8.762,7.204,84
1,6355,8.762,7.14,84
2,6355,8.762,7.3675,77
3,6355,8.762,7.3191,75
0,6356,8.762,7.1157,79
1,6356,8.762,7.3444,74
2,6356,8.762,7.2179,83
3,6356,8.762,7.341,71
0,6357,8.762,7.3199,81
1,6357,8.762,7.2297,70
2,6357,8.762,7.2776,68
3,6357,8.762,7.3255,77
0,6358,8.762,7.3656,82
1,6358,8.762,7.0985,83
2,6358,8.762,7.3843,76
3,6358,8.762,7.1528,78
0,6359,8.762,7.296,64
1,6359,8.762,7.2589,79
2,6359,8.762,7.2353,74
3,6359,8.762,7.3492,67
0,6360,8.762,7.4123,73
1,6360,8.762,7.3938,80
2,6360,8.762,7.3823,78
3,6360,8.762,7.2745,78
0,6361,8.762,7.2718,75
1,6361,8.762,7.2427,81
2,6361,8.762,7.4827,67
3,6361,8.762,7.3807,70
0,6362,8.762,7.2004,78
1,6362,8.762,7.2842,77
2,6362,8.762,7.2345,79
3,6362,8.762,7.3575,76
0,6363,8.762,7.3672,77
1,6363,8.762,7.3751,70
2,6363,8.762,7.1828,76
3,6363,8.762,7.3643,71
0,6364,8.762,7.366,73
1,6364,8.762,7.4081,67
2,6364,8.762,7.3711,72
3,6364,8.762,7.4025,66
0,6365,8.762,7.4397,72
1,6365,8.762,7.3577,72
2,6365,8.762,7.1775,80
3,6365,8.762,7.2457,76
0,6366,8.762,7.2174,86
1,6366,8.762,7.2634,80
2,6366,8.762,7.1846,88
3,6366,8.762,7.3827,65
0,6367,8.762,7.4771,70
1,6367,8.762,7.4565,69
2,6367,8.762,7.0743,85
3,6367,8.762,7.324,78
0,6368,8.762,7.2858,72
1,6368,8.762,7.3178,71
2,6368,8.762,7.3222,80
3,6368,8.762,7.4727,71
0,6369,8.762,7.2354,67
1,6369,8.762,7.3074,78
2,6369,8.762,7.3766,78
3,6369,8.762,7.3432,73
0,6370,8.762,7.3723,75
1,6370,8.762,7.414,69
2,6370,8.762,7.2623,72
3,6370,8.762,7.2656,72
0,6371,8.762,7.3487,72
1,6371,8.762,7.3034,78
2,6371,8.762,7.0896,92
3,6371,8.762,7.3006,76
0,6372,8.762,7.178,78
1,6372,8.762,7.3286,79
2,6372,8.762,7.2362,84
3,6372,8.762,7.3083,78
0,6373,8.762,7.2526,82
1,6373,8.762,7.3423,73
2,6373,8.762,7.403,74
3,6373,8.762,7.2911,74
0,6374,8.762,7.3725,72
1,6374,8.762,7.3219,74
2,6374,8.762,7.2901,73
3,6374,8.762,7.2404,81
0,6375,8.762,7.2998,76
1,6375,8.762,7.1628,82
2,6375,8.762,7.2222,72
3,6375,8.762,7.2314,82
0,6376,8.762,7.3419,79
1,6376,8.762,7.4365,82
2,6376,8.762,7.3333,73
3,6376,8.762,7.2489,79
0,6377,8.762,7.4148,80
1,6377,8.762,7.4195,68
2,6377,8.762,7.2198,81
3,6377,8.762,7.3182,75
0,6378,8.762,7.1986,78
1,6378,8.762,7.2485,78
2,6378,8.762,7.3822,70
3,6378,8.762,7.3392,81
0,6379,8.762,7.1485,77
1,6379,8.762,7.0803,80
2,6379,8.762,7.2132,75
3,6379,8.762,7.3812,81
0,6380,8.762,7.3215,75
1,6380,8.762,7.2279,82
2,6380,8.762,7.3764,71
3,6380,8.762,7.3431,70
0,6381,8.762,7.2467,83
1,6381,8.762,7.1811,81
2,6381,8.762,7.3367,75
3,6381,8.762,7.3141,68
0,6382,8.762,7.1975,75
1,6382,8.762,7.2505,70
2,6382,8.762,7.1871,86
3,6382,8.762,7.3428,70
0,6383,8.762,7.3346,69
1,6383,8.762,7.4109,77
2,6383,8.762,7.1593,76
3,6383,8.762,7.2589,83
0,6384,8.762,7.428,78
1,6384,8.762,7.4031,66
2,6384,8.762,7.1735,80
3,6384,8.762,7.3272,80
0,6385,8.762,7.3038,77
1,6385,8.762,7.3232,74
2,6385,8.762,7.4878,66
3,6385,8.762,7.27,80
0,6386,8.762,7.3257,83
1,6386,8.762,7.1994,78
2,6386,8.762,7.2793,83
3,6386,8.762,7.2045,77
0,6387,8.762,7.2703,81
1,6387,8.762,7.3956,71
2,6387,8.762,7.3794,67
3,6387,8.762,7.2738,75
0,6388,8.762,7.3281,75
1,6388,8.762,7.1731,79
2,6388,8.762,7.3059,73
3,6388,8.762,7.3083,74
0,6389,8.762,7.4068,77
1,6389,8.762,7.185,79
2,6389,8.762,7.4603,68
3,6389,8.762,7.3985,76
0,6390,8.762,7.2245,82
1,6390,8.762,7.2929,85
2,6390,8.762,7.27,69
3,6390,8.762,7.4444,77
0,6391,8.762,7.3334,77
1,6391,8.762,7.2149,79
2,6391,8.762,7.3345,73
3,6391,8.762,7.4601,69
0,6392,8.762,7.263,82
1,6392,8.762,7.3597,77
2,6392,8.762,7.3624,71
3,6392,8.762,7.2228,78
0,6393,8.762,7.2958,79
1,6393,8.762,7.3942,69
2,6393,8.762,7.3961,71
3,6393,8.762,7.3294,78
0,6394,8.762,7.275,84
1,6394,8.762,7.2186,84
2,6394,8.762,7.3142,72
3,6394,8.762,7.2447,83
0,6395,8.762,7.2361,76
1,6395,8.762,7.5208,67
2,6395,8.762,7.2629,74
3,6395,8.762,7.2991,73
0,6396,8.762,7.1568,74
1,6396,8.762,7.3645,76
2,6396,8.762,7.2188,87
3,6396,8.762,7.2917,80
0,6397,8.762,7.1333,88
1,6397,8.762,7.2019,75
2,6397,8.762,7.1527,80
3,6397,8.762,7.4225,68
0,6398,8.762,7.246,75
1,6398,8.762,7.1264,86
2,6398,8.762,7.2675,88
3,6398,8.762,7.2215,79
0,6399,8.762,7.1909,73
1,6399,8.762,7.3048,80
2,6399,8.762,7.1901,82
3,6399,8.762,7.258,72
0,6400,8.762,7.4133,71
1,6400,8.762,7.3408,68
2,6400,8.762,7.3092,76
3,6400,8.762,7.3803,76
0,6401,8.762,7.2863,68
1,6401,8.762,7.2909,75
2,6401,8.762,7.299,73
3,6401,8.762,7.2349,76
0,6402,8.762,7.2836,75
1,6402,8.762,7.3652,68
2,6402,8.762,7.1733,73
3,6402,8.762,7.1976,81
0,6403,8.762,7.1594,79
1,6403,8.762,7.2292,74
2,6403,8.762,7.2789,85
3,6403,8.762,7.3423,68
0,6404,8.762,7.3518,70
1,6404,8.762,7.2845,86
2,6404,8.762,7.2034,81
3,6404,8.762,7.2827,84
0,6405,8.762,7.2202,83
1,6405,8.762,7.2887,68
2,6405,8.762,7.2709,73
3,6405,8.762,7.3861,72
0,6406,8.762,7.2008,87
1,6406,8.762,7.2026,84
2,6406,8.762,7.3617,70
3,6406,8.762,7.3604,80
0,6407,8.762,7.1592,87
1,6407,8.762,7.1137,84
2,6407,8.762,7.2261,80
3,6407,8.762,7.1705,80
0,6408,8.762,7.1774,83
1,6408,8.762,7.2573,74
2,6408,8.762,7.1661,73
3,6408,8.762,7.3565,77
0,6409,8.762,7.2251,84
1,6409,8.762,7.3624,81
2,6409,8.762,7.3141,77
3,6409,8.762,7.3295,79
0,6410,8.762,7.2072,76
1,6410,8.762,7.2677,74
2,6410,8.762,7.3571,80
3,6410,8.762,7.3291,67
0,6411,8.762,7.2494,83
1,6411,8.762,7.2317,73
2,6411,8.762,7.4296,70
3,6411,8.762,7.2169,78
0,6412,8.762,7.2871,82
1,6412,8.762,7.3549,79
2,6412,8.762,7.3928,78
3,6412,8.762,7.1544,86
0,6413,8.762,7.2828,79
1,6413,8.762,7.3283,82
2,6413,8.762,7.3232,68
3,6413,8.762,7.2821,75
0,6414,8.762,7.3305,68
1,6414,8.762,7.1985,77
2,6414,8.762,7.4348,72
3,6414,8.762,7.4448,62
0,6415,8.762,7.264,75
1,6415,8.762,7.342,79
2,6415,8.762,7.2891,79
3,6415,8.762,7.0806,92
0,6416,8.762,7.2329,83
1,6416,8.762,7.4336,75
2,6416,8.762,7.2963,71
3,6416,8.762,7.3168,71
0,6417,8.762,7.371,75
1,6417,8.762,7.3814,65
2,6417,8.762,7.4091,69
3,6417,8.762,7.1817,90
0,6418,8.762,7.2858,78
1,6418,8.762,7.3513,80
2,6418,8.762,7.3013,73
3,6418,8.762,7.2765,75
0,6419,8.762,7.3699,74
1,6419,8.762,7.2334,77
2,6419,8.762,7.2555,80
3,6419,8.762,7.2501,73
0,6420,8.762,7.3974,64
1,6420,8.762,7.1863,80
2,6420,8.762,7.2508,85
3,6420,8.762,7.2437,78
0,6421,8.762,7.2663,74
1,6421,8.762,7.2151,80
2,6421,8.762,7.3492,71
3,6421,8.762,7.3584,71
0,6422,8.762,7.3241,74
1,6422,8.762,7.3385,78
2,6422,8.762,7.211,83
3,6422,8.762,7.3686,72
0,6423,8.762,7.3859,63
1,6423,8.762,7.3178,78
2,6423,8.762,7.2537,78
3,6423,8.762,7.2518,72
0,6424,8.762,7.3722,65
1,6424,8.762,7.283,72
2,6424,8.762,7.2167,77
3,6424,8.762,7.1416,84
0,6425,8.762,7.2534,77
1,6425,8.762,7.3438,65
2,6425,8.762,7.2824,75
3,6425,8.762,7.371,71
0,6426,8.762,7.367,77
1,6426,8.762,7.1584,80
2,6426,8.762,7.2826,73
3,6426,8.762,7.2307,74
0,6427,8.762,7.3799,74
1,6427,8.762,7.4118,81
2,6427,8.762,7.2871,71
3,6427,8.762,7.264,75
0,6428,8.762,7.3281,80
1,6428,8.762,7.2301,86
2,6428,8.762,7.2024,82
3,6428,8.762,7.3858,71
0,6429,8.762,7.2893,77
1,6429,8.762,7.2747,76
2,6429,8.762,7.2676,72
3,6429,8.762,7.2162,79
0,6430,8.762,7.31,73
1,6430,8.762,7.3211,68
2,6430,8.762,7.2108,80
3,6430,8.762,7.3362,76
0,6431,8.762,7.4465,73
1,6431,8.762,7.1984,78
2,6431,8.762,7.2464,88
3,6431,8.762,7.2076,81
0,6432,8.762,7.0973,88
1,6432,8.762,7.3292,75
2,6432,8.762,7.3341,74
3,6432,8.762,7.238,73
0,6433,8.762,7.3807,79
1,6433,8.762,7.5421,63
2,6433,8.762,7.1522,79
3,6433,8.762,7.2138,76
0,6434,8.762,7.4317,68
1,6434,8.762,7.3907,72
2,6434,8.762,7.387,73
3,6434,8.762,7.2452,81
0,6435,8.762,7.3165,73
1,6435,8.762,7.2144,77
2,6435,8.762,7.2587,75
3,6435,8.762,7.2563,74
0,6436,8.762,7.2201,81
1,6436,8.762,7.3515,71
2,6436,8.762,7.3168,72
3,6436,8.762,7.162,82
0,6437,8.762,7.1876,76
1,6437,8.762,7.2974,86
2,6437,8.762,7.3115,85
3,6437,8.762,7.1672,74
0,6438,8.762,7.2949,79
1,6438,8.762,7.0255,81
2,6438,8.762,7.3654,76
3,6438,8.762,7.291,73
0,6439,8.762,7.1703,84
1,6439,8.762,7.2802,75
2,6439,8.762,7.3252,71
3,6439,8.762,7.345,79
0,6440,8.762,7.068,87
1,6440,8.762,7.365,74
2,6440,8.762,7.1865,77
3,6440,8.762,7.1387,81
0,6441,8.762,7.3307,72
1,6441,8.762,7.391,68
2,6441,8.762,7.3234,77
3,6441,8.762,7.3195,75
0,6442,8.762,7.4276,75
1,6442,8.762,7.3809,67
2,6442,8.762,7.3576,71
3,6442,8.762,7.2657,69
0,6443,8.762,7.3798,76
1,6443,8.762,7.2677,77
2,6443,8.762,7.2649,80
3,6443,8.762,7.1948,74
0,6444,8.762,7.1478,78
1,6444,8.762,7.182,82
2,6444,8.762,7.4873,75
3,6444,8.762,7.1495,87
0,6445,8.762,7.1775,77
1,6445,8.762,7.3206,69
2,6445,8.762,7.2054,85
3,6445,8.762,7.3165,84
0,6446,8.762,7.4317,62
1,6446,8.762,7.2541,81
2,6446,8.762,7.3301,73
3,6446,8.762,7.268,73
0,6447,8.762,7.2832,76
1,6447,8.762,7.3912,67
2,6447,8.762,7.2045,81
3,6447,8.762,7.2383,77
0,6448,8.762,7.2918,78
1,6448,8.762,7.1527,79
2,6448,8.762,7.3365,80
3,6448,8.762,7.2513,76
0,6449,8.762,7.3342,72
1,6449,8.762,7.3486,76
2,6449,8.762,7.1298,76
3,6449,8.762,7.4532,64
0,6450,8.762,7.2291,81
1,6450,8.762,7.3192,82
2,6450,8.762,7.1803,85
3,6450,8.762,7.2653,75
0,6451,8.762,7.3519,77
1,6451,8.762,7.3254,77
2,6451,8.762,7.204,80
3,6451,8.762,7.3462,80
0,6452,8.762,7.2566,81
1,6452,8.762,7.3219,74
2,6452,8.762,7.2996,68
3,6452,8.762,7.2072,71
0,6453,8.762,7.173,80
1,6453,8.762,7.2283,75
2,6453,8.762,7.2313,80
3,6453,8.762,7.3335,80
0,6454,8.762,7.1038,83
1,6454,8.762,7.2295,84
2,6454,8.762,7.1339,71
3,6454,8.762,7.2295,78
0,6455,8.762,7.4005,73
1,6455,8.762,7.2646,77
2,6455,8.762,7.2229,82
3,6455,8.762,7.3666,71
0,6456,8.762,7.4238,72
1,6456,8.762,7.3408,81
2,6456,8.762,7.2183,79
3,6456,8.762,7.153,71
0,6457,8.762,7.346,72
1,6457,8.762,7.2161,88
2,6457,8.762,7.2245,72
3,6457,8.762,7.3186,70
0,6458,8.762,7.3369,73
1,6458,8.762,7.4687,73
2,6458,8.762,7.1163,85
3,6458,8.762,7.151,76
0,6459,8.762,7.2489,75
1,6459,8.762,7.2691,77
2,6459,8.762,7.2624,71
3,6459,8.762,7.2193,69
0,6460,8.762,7.3843,69
1,6460,8.762,7.3441,72
2,6460,8.762,7.2748,77
3,6460,8.762,7.3243,78
0,6461,8.762,7.3728,65
1,6461,8.762,7.3548,77
2,6461,8.762,7.1045,84
3,6461,8.762,7.3474,83
0,6462,8.762,7.347,76
1,6462,8.762,7.4004,68
2,6462,8.762,7.313,78
3,6462,8.762,7.3279,68
0,6463,8.762,7.225,81
1,6463,8.762,7.3293,75
2,6463,8.762,7.2186,71
3,6463,8.762,7.3432,72
0,6464,8.762,7.4022,73
1,6464,8.762,7.3892,79
2,6464,8.762,7.1607,86
3,6464,8.762,7.2137,73
0,6465,8.762,7.2724,80
1,6465,8.762,7.2273,83
2,6465,8.762,7.3227,70
3,6465,8.762,7.405,75
0,6466,8.762,7.2475,72
1,6466,8.762,7.2661,69
2,6466,8.762,7.4434,68
3,6466,8.762,7.2657,70
0,6467,8.762,7.4074,76
1,6467,8.762,7.2085,83
2,6467,8.762,7.4321,67
3,6467,8.762,7.1599,86
0,6468,8.762,7.2354,76
1,6468,8.762,7.2637,81
2,6468,8.762,7.3383,72
3,6468,8.762,7.3363,69
0,6469,8.762,7.2224,74
1,6469,8.762,7.4076,80
2,6469,8.762,7.5058,63
3,6469,8.762,7.3548,79
0,6470,8.762,7.3572,80
1,6470,8.762,7.3208,82
2,6470,8.762,7.3209,75
3,6470,8.762,7.1993,74
0,6471,8.762,7.2381,80
1,6471,8.762,7.2045,87
2,6471,8.762,7.2521,73
3,6471,8.762,7.3286,71
0,6472,8.762,7.2563,75
1,6472,8.762,7.2065,83
2,6472,8.762,7.1966,80
3,6472,8.762,7.3319,86
0,6473,8.762,7.3698,71
1,6473,8.762,7.3589,68
2,6473,8.762,7.1221,79
3,6473,8.762,7.3299,73
0,6474,8.762,7.2222,81
1,6474,8.762,7.2139,78
2,6474,8.762,7.3623,72
3,6474,8.762,7.2184,82
0,6475,8.762,7.2114,74
1,6475,8.762,7.321,80
2,6475,8.762,7.4263,73
3,6475,8.762,7.3367,68
0,6476,8.762,7.2446,74
1,6476,8.762,7.1759,76
2,6476,8.762,7.2362,70
3,6476,8.762,7.404,72
0,6477,8.762,7.2369,78
1,6477,8.762,7.2902,79
2,6477,8.762,7.3219,78
3,6477,8.762,7.1734,83
0,6478,8.762,7.2536,89
1,6478,8.762,7.3482,79
2,6478,8.762,7.0976,86
3,6478,8.762,7.2118,83
0,6479,8.762,7.2192,77
1,6479,8.762,7.2316,81
2,6479,8.762,7.2835,83
3,6479,8.762,7.4205,67
0,6480,8.762,7.2963,82
1,6480,8.762,7.4314,76
2,6480,8.762,7.2726,72
3,6480,8.762,7.2324,81
0,6481,8.762,7.3298,75
1,6481,8.762,7.214,77
2,6481,8.762,7.3992,66
3,6481,8.762,7.4135,70
0,6482,8.762,7.2639,79
1,6482,8.762,7.2775,82
2,6482,8.762,7.2817,74
3,6482,8.762,7.2224,82
0,6483,8.762,7.4747,76
1,6483,8.762,7.3513,79
2,6483,8.762,7.3715,79
3,6483,8.762,7.1115,86
0,6484,8.762,7.3392,70
1,6484,8.762,7.2559,71
2,6484,8.762,7.2591,78
3,6484,8.762,7.3274,76
0,6485,8.762,7.2285,82
1,6485,8.762,7.2823,83
2,6485,8.762,7.212,78
3,6485,8.762,7.2265,79
0,6486,8.762,7.3722,76
1,6486,8.762,7.4115,69
2,6486,8.762,7.369,75
3,6486,8.762,7.3746,77
0,6487,8.762,7.2674,77
1,6487,8.762,7.3903,70
2,6487,8.762,7.2463,78
3,6487,8.762,7.2659,78
0,6488,8.762,7.3474,69
1,6488,8.762,7.2765,83
2,6488,8.762,7.538,63
3,6488,8.762,7.2524,75
0,6489,8.762,7.3491,75
1,6489,8.762,7.3154,73
2,6489,8.762,7.2546,74
3,6489,8.762,7.4753,70
0,6490,8.762,7.3802,69
1,6490,8.762,7.332,80
2,6490,8.762,7.4084,73
3,6490,8.762,7.3903,76
0,6491,8.762,7.2641,74
1,6491,8.762,7.2857,74
2,6491,8.762,7.3278,76
3,6491,8.762,7.3214,72
0,6492,8.762,7.3342,78
1,6492,8.762,7.2258,83
2,6492,8.762,7.1693,76
3,6492,8.762,7.2852,74
0,6493,8.762,7.3713,81
1,6493,8.762,7.3612,68
2,6493,8.762,7.3269,73
3,6493,8.762,7.5326,75
0,6494,8.762,7.2899,77
1,6494,8.762,7.4271,79
2,6494,8.762,7.2775,78
3,6494,8.762,7.3256,76
0,6495,8.762,7.3685,73
1,6495,8.762,7.3357,74
2,6495,8.762,7.2386,74
3,6495,8.762,7.2607,73
0,6496,8.762,7.2265,91
1,6496,8.762,7.3641,76
2,6496,8.762,7.3679,74
3,6496,8.762,7.1405,75
0,6497,8.762,7.4113,76
1,6497,8.762,7.4935,71
2,6497,8.762,7.1547,82
3,6497,8.762,7.4011,73
0,6498,8.762,7.2703,79
1,6498,8.762,7.3849,75
2,6498,8.762,7.1726,75
3,6498,8.762,7.215,79
0,6499,8.762,7.2341,83
1,6499,8.762,7.1675,80
2,6499,8.762,7.1443,75
3,6499,8.762,7.1751,89
0,6500,8.762,7.2283,79
1,6500,8.762,7.2437,78
2,6500,8.762,7.4407,75
3,6500,8.762,7.1499,77
0,6501,8.762,7.3892,72
1,6501,8.762,7.3043,71
2,6501,8.762,7.2377,72
3,6501,8.762,7.2764,80
0,6502,8.762,7.1419,83
1,6502,8.762,7.371,78
2,6502,8.762,7.4267,66
3,6502,8.762,7.2729,85
0,6503,8.762,7.3227,78
1,6503,8.762,7.2596,81
2,6503,8.762,7.341,83
3,6503,8.762,7.4649,76
0,6504,8.762,7.3679,74
1,6504,8.762,7.3112,70
2,6504,8.762,7.3136,74
3,6504,8.762,7.2757,79
0,6505,8.762,7.3979,67
1,6505,8.762,7.3209,75
2,6505,8.762,7.2541,74
3,6505,8.762,7.267,78
0,6506,8.762,7.3636,78
1,6506,8.762,7.2114,76
2,6506,8.762,7.2667,76
3,6506,8.762,7.1984,83
0,6507,8.762,7.2469,79
1,6507,8.762,7.3367,75
2,6507,8.762,7.2905,82
3,6507,8.762,7.0071,88
0,6508,8.762,7.379,70
1,6508,8.762,7.3103,79
2,6508,8.762,7.2502,72
3,6508,8.762,7.2813,77
0,6509,8.762,7.2636,80
1,6509,8.762,7.39,73
2,6509,8.762,7.305,78
3,6509,8.762,7.2632,77
0,6510,8.762,7.3197,81
1,6510,8.762,7.2177,80
2,6510,8.762,7.3224,81
3,6510,8.762,7.2597,78
0,6511,8.762,7.412,71
1,6511,8.762,7.3001,75
2,6511,8.762,7.3883,74
3,6511,8.762,7.3127,76
0,6512,8.762,7.2546,71
1,6512,8.762,7.2241,78
2,6512,8.762,7.3107,77
3,6512,8.762,7.3111,81
0,6513,8.762,7.312,82
1,6513,8.762,7.2534,72
2,6513,8.762,7.3562,77
3,6513,8.762,7.3182,69
0,6514,8.762,7.2439,73
1,6514,8.762,7.2024,75
2,6514,8.762,7.233,77
3,6514,8.762,7.2944,67
0,6515,8.762,7.2064,78
1,6515,8.762,7.3087,73
2,6515,8.762,7.4188,67
3,6515,8.762,7.3398,82
0,6516,8.762,7.2861,74
1,6516,8.762,7.3581,78
2,6516,8.762,7.3903,73
3,6516,8.762,7.2664,77
0,6517,8.762,7.3117,79
1,6517,8.762,7.2661,78
2,6517,8.762,7.1802,82
3,6517,8.762,7.2226,85
0,6518,8.762,7.3887,77
1,6518,8.762,7.1877,75
2,6518,8.762,7.3838,65
3,6518,8.762,7.4456,64
0,6519,8.762,7.3074,79
1,6519,8.762,7.2882,85
2,6519,8.762,7.3553,71
3,6519,8.762,7.2079,73
0,6520,8.762,7.3728,75
1,6520,8.762,7.2782,76
2,6520,8.762,7.2876,77
3,6520,8.762,7.2177,80
0,6521,8.762,7.272,78
1,6521,8.762,7.2391,76
2,6521,8.762,7.137,81
3,6521,8.762,7.2472,81
0,6522,8.762,7.3496,74
1,6522,8.762,7.2765,69
2,6522,8.762,7.1727,81
3,6522,8.762,7.3361,74
0,6523,8.762,7.253,77
1,6523,8.762,7.2328,65
2,6523,8.762,7.2141,78
3,6523,8.762,7.1602,86
0,6524,8.762,7.3593,73
1,6524,8.762,7.2198,83
2,6524,8.762,7.2788,71
3,6524,8.762,7.1974,79
0,6525,8.762,7.159,88
1,6525,8.762,7.2585,84
2,6525,8.762,7.3049,71
3,6525,8.762,7.3119,72
0,6526,8.762,7.3907,73
1,6526,8.762,7.2781,71
2,6526,8.762,7.1963,73
3,6526,8.762,7.1935,80
0,6527,8.762,7.1255,84
1,6527,8.762,7.2488,81
2,6527,8.762,7.4548,71
3,6527,8.762,7.3591,69
0,6528,8.762,7.4066,75
1,6528,8.762,7.1623,90
2,6528,8.762,7.3974,72
3,6528,8.762,7.1535,75
0,6529,8.762,7.2607,73
1,6529,8.762,7.3257,67
2,6529,8.762,7.1553,80
3,6529,8.762,7.4419,71
0,6530,8.762,7.2936,76
1,6530,8.762,7.2039,75
2,6530,8.762,7.2565,65
3,6530,8.762,7.3482,78
0,6531,8.762,7.3632,70
1,6531,8.762,7.4362,71
2,6531,8.762,7.2012,84
3,6531,8.762,7.1933,74
0,6532,8.762,7.1263,90
1,6532,8.762,7.4328,65
2,6532,8.762,7.242,81
3,6532,8.762,7.2697,69
0,6533,8.762,7.3817,82
1,6533,8.762,7.329,71
2,6533,8.762,7.2771,67
3,6533,8.762,7.3191,74
0,6534,8.762,7.4263,73
1,6534,8.762,7.4178,80
2,6534,8.762,7.141,78
3,6534,8.762,7.3017,85
0,6535,8.762,7.2894,77
1,6535,8.762,7.2977,77
2,6535,8.762,7.1241,87
3,6535,8.762,7.3925,75
0,6536,8.762,7.3233,82
1,6536,8.762,7.3539,73
2,6536,8.762,7.2887,67
3,6536,8.762,7.2348,78
0,6537,8.762,7.2418,66
1,6537,8.762,7.3943,70
2,6537,8.762,7.2078,74
3,6537,8.762,7.2953,79
0,6538,8.762,7.2401,74
1,6538,8.762,7.3039,79
2,6538,8.762,7.2329,82
3,6538,8.762,7.4979,67
0,6539,8.762,7.1879,85
1,6539,8.762,7.3708,65
2,6539,8.762,7.2675,73
3,6539,8.762,7.2777,74
0,6540,8.762,7.2578,76
1,6540,8.762,7.1675,74
2,6540,8.762,7.4616,68
3,6540,8.762,7.3037,69
0,6541,8.762,7.1275,87
1,6541,8.762,7.2602,81
2,6541,8.762,7.3175,78
3,6541,8.762,7.2701,83
0,6542,8.762,7.3578,79
1,6542,8.762,7.3663,75
2,6542,8.762,7.3127,74
3,6542,8.762,7.1501,80
0,6543,8.762,7.2345,80
1,6543,8.762,7.206,85
2,6543,8.762,7.3066,80
3,6543,8.762,7.2539,79
0,6544,8.762,7.4025,71
1,6544,8.762,7.3187,79
2,6544,8.762,7.2892,75
3,6544,8.762,7.2655,77
0,6545,8.762,7.2378,75
1,6545,8.762,7.3059,69
2,6545,8.762,7.3718,66
3,6545,8.762,7.3255,82
0,6546,8.762,7.1479,81
1,6546,8.762,7.2867,70
2,6546,8.762,7.3648,80
3,6546,8.762,7.2578,80
0,6547,8.762,7.2981,83
1,6547,8.762,7.2204,84
2,6547,8.762,7.3667,83
3,6547,8.762,7.2072,78
0,6548,8.762,7.326,82
1,6548,8.762,7.3154,81
2,6548,8.762,7.3059,75
3,6548,8.762,7.372,74
0,6549,8.762,7.1891,86
1,6549,8.762,7.3326,70
2,6549,8.762,7.299,82
3,6549,8.762,7.4744,80
0,6550,8.762,7.2767,79
1,6550,8.762,7.1925,81
2,6550,8.762,7.4391,71
3,6550,8.762,7.2918,74
0,6551,8.762,7.2984,72
1,6551,8.762,7.2186,82
2,6551,8.762,7.2787,71
3,6551,8.762,7.3367,82
0,6552,8.762,7.3248,83
1,6552,8.762,7.4232,76
2,6552,8.762,7.3637,73
3,6552,8.762,7.2353,74
0,6553,8.762,7.3272,73
1,6553,8.762,7.4523,73
2,6553,8.762,7.4665,72
3,6553,8.762,7.3511,65
0,6554,8.762,7.3238,70
1,6554,8.762,7.2752,71
2,6554,8.762,7.2563,83
3,6554,8.762,7.0826,87
0,6555,8.762,7.3692,75
1,6555,8.762,7.1417,77
2,6555,8.762,7.2402,80
3,6555,8.762,7.2377,76
0,6556,8.762,7.1841,81
1,6556,8.762,7.3182,74
2,6556,8.762,7.3698,71
3,6556,8.762,7.1853,84
0,6557,8.762,7.264,78
1,6557,8.762,7.3871,77
2,6557,8.762,7.3806,69
3,6557,8.762,7.1858,83
0,6558,8.762,7.2781,77
1,6558,8.762,7.4388,69
2,6558,8.762,7.1936,81
3,6558,8.762,7.3342,74
0,6559,8.762,7.1267,75
1,6559,8.762,7.2025,83
2,6559,8.762,7.2682,77
3,6559,8.762,7.0903,84
0,6560,8.762,7.3771,76
1,6560,8.762,7.2588,77
2,6560,8.762,7.3964,74
3,6560,8.762,7.3341,79
0,6561,8.762,7.545,73
1,6561,8.762,7.4648,79
2,6561,8.762,7.302,79
3,6561,8.762,7.1992,75
0,6562,8.762,7.2561,84
1,6562,8.762,7.0818,78
2,6562,8.762,7.2434,85
3,6562,8.762,7.2536,72
0,6563,8.762,7.3355,80
1,6563,8.762,7.2501,74
2,6563,8.762,7.352,68
3,6563,8.762,7.4486,74
0,6564,8.762,7.1219,72
1,6564,8.762,7.5424,72
2,6564,8.762,7.3425,70
3,6564,8.762,7.218,80
0,6565,8.762,7.2303,80
1,6565,8.762,7.2842,77
2,6565,8.762,7.3662,71
3,6565,8.762,7.2246,73
0,6566,8.762,7.2666,80
1,6566,8.762,7.2532,83
2,6566,8.762,7.1491,89
3,6566,8.762,7.3007,66
0,6567,8.762,7.31,86
1,6567,8.762,7.2435,85
2,6567,8.762,7.2094,78
3,6567,8.762,7.0914,76
0,6568,8.762,7.38,71
1,6568,8.762,7.2421,73
2,6568,8.762,7.2505,83
3,6568,8.762,7.3142,80
0,6569,8.762,7.3204,76
1,6569,8.762,7.4413,71
2,6569,8.762,7.384,71
3,6569,8.762,7.2758,77
0,6570,8.762,7.3216,82
1,6570,8.762,7.3278,77
2,6570,8.762,7.2556,81
3,6570,8.762,7.338,77
0,6571,8.762,7.2266,68
1,6571,8.762,7.2294,74
2,6571,8.762,7.405,71
3,6571,8.762,7.4259,69
0,6572,8.762,7.4895,69
1,6572,8.762,7.3941,79
2,6572,8.762,7.1486,88
3,6572,8.762,7.3189,69
0,6573,8.762,7.2752,80
1,6573,8.762,7.1691,76
2,6573,8.762,7.2766,75
3,6573,8.762,7.2712,73
0,6574,8.762,7.3446,64
1,6574,8.762,7.2345,76
2,6574,8.762,7.3745,68
3,6574,8.762,7.2425,85
0,6575,8.762,7.1711,80
1,6575,8.762,7.3845,77
2,6575,8.762,7.4266,66
3,6575,8.762,7.3138,69
0,6576,8.762,7.2779,77
1,6576,8.762,7.3431,77
2,6576,8.762,7.3625,72
3,6576,8.762,7.2694,64
0,6577,8.762,7.31,71
1,6577,8.762,7.2687,81
2,6577,8.762,7.3142,77
3,6577,8.762,7.1201,88
0,6578,8.762,7.4333,80
1,6578,8.762,7.3153,73
2,6578,8.762,7.2943,77
3,6578,8.762,7.2747,86
0,6579,8.762,7.2308,85
1,6579,8.762,7.1706,79
2,6579,8.762,7.3169,80
3,6579,8.762,7.2973,74
0,6580,8.762,7.2469,70
1,6580,8.762,7.1834,77
2,6580,8.762,7.2929,82
3,6580,8.762,7.2711,77
0,6581,8.762,7.4273,82
1,6581,8.762,7.1345,76
2,6581,8.762,7.199,74
3,6581,8.762,7.2603,77
0,6582,8.762,7.3439,71
1,6582,8.762,7.3401,71
2,6582,8.762,7.1967,76
3,6582,8.762,7.2993,86
0,6583,8.762,7.2417,80
1,6583,8.762,7.3172,76
2,6583,8.762,7.2259,83
3,6583,8.762,7.3509,78
0,6584,8.762,7.3762,69
1,6584,8.762,7.4289,72
2,6584,8.762,7.2779,80
3,6584,8.762,7.2695,74
0,6585,8.762,7.3723,72
1,6585,8.762,7.2578,81
2,6585,8.762,7.2478,88
3,6585,8.762,7.4124,79
0,6586,8.762,7.0075,92
1,6586,8.762,7.3138,70
2,6586,8.762,7.2543,84
3,6586,8.762,7.1905,78
0,6587,8.762,7.3588,72
1,6587,8.762,7.4274,70
2,6587,8.762,7.2847,72
3,6587,8.762,7.2478,75
0,6588,8.762,7.3412,69
1,6588,8.762,7.2902,71
2,6588,8.762,7.1746,78
3,6588,8.762,7.2745,75
0,6589,8.762,7.3942,69
1,6589,8.762,7.2622,82
2,6589,8.762,7.333,74
3,6589,8.762,7.0643,88
0,6590,8.762,7.4637,59
1,6590,8.762,7.2351,84
2,6590,8.762,7.2815,68
3,6590,8.762,7.3306,71
0,6591,8.762,7.2975,75
1,6591,8.762,7.2976,83
2,6591,8.762,7.3541,67
3,6591,8.762,7.1619,70
0,6592,8.762,7.4577,72
1,6592,8.762,7.2371,84
2,6592,8.762,7.1059,69
3,6592,8.762,7.2882,77
0,6593,8.762,7.1852,77
1,6593,8.762,7.1788,79
2,6593,8.762,7.247,82
3,6593,8.762,7.2121,83
0,6594,8.762,7.333,68
1,6594,8.762,7.2009,71
2,6594,8.762,7.3493,82
3,6594,8.762,7.3213,71
0,6595,8.762,7.1898,79
1,6595,8.762,7.4364,78
2,6595,8.762,7.4305,65
3,6595,8.762,7.3477,68
0,6596,8.762,7.2952,78
1,6596,8.762,7.1122,76
2,6596,8.762,7.2898,70
3,6596,8.762,7.2601,81
0,6597,8.762,7.2809,82
1,6597,8.762,7.4278,67
2,6597,8.762,7.2542,78
3,6597,8.762,7.189,81
0,6598,8.762,7.2713,80
1,6598,8.762,7.287,73
2,6598,8.762,7.293,76
3,6598,8.762,7.3811,73
0,6599,8.762,7.4656,68
1,6599,8.762,7.3234,78
2,6599,8.762,7.1488,79
3,6599,8.762,7.1621,94
0,6600,8.762,7.4214,69
1,6600,8.762,7.3672,66
2,6600,8.762,7.2864,78
3,6600,8.762,7.343,76
0,6601,8.762,7.2945,74
1,6601,8.762,7.1659,78
2,6601,8.762,7.1811,80
3,6601,8.762,7.3683,73
0,6602,8.762,7.3161,67
1,6602,8.762,7.3874,76
2,6602,8.762,7.2879,75
3,6602,8.762,7.3157,75
0,6603,8.762,7.4805,74
1,6603,8.762,7.4029,76
2,6603,8.762,7.204,79
3,6603,8.762,7.1488,73
0,6604,8.762,7.3108,68
1,6604,8.762,7.3229,74
2,6604,8.762,7.4075,61
3,6604,8.762,7.3581,76
0,6605,8.762,7.3427,83
1,6605,8.762,7.5008,68
2,6605,8.762,7.312,86
3,6605,8.762,7.3427,88
0,6606,8.762,7.3137,79
1,6606,8.762,7.3814,67
2,6606,8.762,7.193,82
3,6606,8.762,7.2404,74
0,6607,8.762,7.2802,81
1,6607,8.762,7.2124,86
2,6607,8.762,7.1942,77
3,6607,8.762,7.2101,80
0,6608,8.762,7.3301,69
1,6608,8.762,7.1822,80
2,6608,8.762,7.2346,71
3,6608,8.762,7.2967,88
0,6609,8.762,7.3372,76
1,6609,8.762,7.4506,65
2,6609,8.762,7.4325,69
3,6609,8.762,7.463,61
0,6610,8.762,7.2597,78
1,6610,8.762,7.2586,72
2,6610,8.762,7.3517,67
3,6610,8.762,7.2536,72
0,6611,8.762,7.466,74
1,6611,8.762,7.3444,71
2,6611,8.762,7.1622,84
3,6611,8.762,7.3277,65
0,6612,8.762,7.4173,78
1,6612,8.762,7.2779,69
2,6612,8.762,7.1084,84
3,6612,8.762,7.2775,67
0,6613,8.762,7.3083,83
1,6613,8.762,7.2838,82
2,6613,8.762,7.1748,78
3,6613,8.762,7.2327,74
0,6614,8.762,7.1962,80
1,6614,8.762,7.1535,77
2,6614,8.762,7.3209,73
3,6614,8.762,7.2941,82
0,6615,8.762,7.244,78
1,6615,8.762,7.3476,80
2,6615,8.762,7.3026,80
3,6615,8.762,7.4002,67
0,6616,8.762,7.1539,80
1,6616,8.762,7.2306,93
2,6616,8.762,7.4025,66
3,6616,8.762,7.194,75
0,6617,8.762,7.2966,79
1,6617,8.762,7.3399,76
2,6617,8.762,7.3529,71
3,6617,8.762,7.3625,73
0,6618,8.762,7.2402,71
1,6618,8.762,7.1779,79
2,6618,8.762,7.2695,76
3,6618,8.762,7.2181,80
0,6619,8.762,7.2669,80
1,6619,8.762,7.2746,65
2,6619,8.762,7.225,82
3,6619,8.762,7.3031,75
0,6620,8.762,7.2261,75
1,6620,8.762,7.1787,82
2,6620,8.762,7.2785,72
3,6620,8.762,7.3225,82
0,6621,8.762,7.353,73
1,6621,8.762,7.2146,72
2,6621,8.762,7.2976,69
3,6621,8.762,7.2472,81
0,6622,8.762,7.3828,71
1,6622,8.762,7.2046,82
2,6622,8.762,7.2805,69
3,6622,8.762,7.3018,78
0,6623,8.762,7.3929,75
1,6623,8.762,7.3838,68
2,6623,8.762,7.2584,66
3,6623,8.762,7.3557,68
0,6624,8.762,7.1125,79
1,6624,8.762,7.3914,75
2,6624,8.762,7.2742,77
3,6624,8.762,7.2609,83
0,6625,8.762,7.2893,71
1,6625,8.762,7.2903,71
2,6625,8.762,7.2211,83
3,6625,8.762,7.2628,84
0,6626,8.762,7.2919,84
1,6626,8.762,7.303,75
2,6626,8.762,7.252,80
3,6626,8.762,7.2505,74
0,6627,8.762,7.1961,86
1,6627,8.762,7.0883,80
2,6627,8.762,7.3795,73
3,6627,8.762,7.3335,73
0,6628,8.762,7.3635,74
1,6628,8.762,7.2983,70
2,6628,8.762,7.1143,82
3,6628,8.762,7.1916,85
0,6629,8.762,7.1313,82
1,6629,8.762,7.2664,71
2,6629,8.762,7.3147,79
3,6629,8.762,7.3957,79
0,6630,8.762,7.2546,76
1,6630,8.762,7.2485,73
2,6630,8.762,7.3553,82
3,6630,8.762,7.2291,77
0,6631,8.762,7.1868,81
1,6631,8.762,7.3178,72
2,6631,8.762,7.2628,79
3,6631,8.762,7.4702,64
0,6632,8.762,7.2847,64
1,6632,8.762,7.2576,77
2,6632,8.762,7.3677,70
3,6632,8.762,7.1604,77
0,6633,8.762,7.2293,85
1,6633,8.762,7.3633,80
2,6633,8.762,7.1984,82
3,6633,8.762,7.3028,81
0,6634,8.762,7.1915,76
1,6634,8.762,7.198,80
2,6634,8.762,7.2344,78
3,6634,8.762,7.3704,74
0,6635,8.762,7.3884,71
1,6635,8.762,7.3956,73
2,6635,8.762,7.2131,82
3,6635,8.762,7.4142,69
0,6636,8.762,7.3408,80
1,6636,8.762,7.2743,84
2,6636,8.762,7.3288,77
3,6636,8.762,7.218,78
0,6637,8.762,7.2966,80
1,6637,8.762,7.3189,78
2,6637,8.762,7.4129,78
3,6637,8.762,7.0467,68
0,6638,8.762,7.3554,77
1,6638,8.762,7.3118,76
2,6638,8.762,7.1316,70
3,6638,8.762,7.3405,73
0,6639,8.762,7.3375,75
1,6639,8.762,7.2177,76
2,6639,8.762,7.2469,84
3,6639,8.762,7.3219,71
0,6640,8.762,7.3775,73
1,6640,8.762,7.3258,78
2,6640,8.762,7.2414,80
3,6640,8.762,7.3653,71
0,6641,8.762,7.1778,86
1,6641,8.762,7.3752,67
2,6641,8.762,7.288,81
3,6641,8.762,7.2579,84
0,6642,8.762,7.3845,76
1,6642,8.762,7.3939,76
2,6642,8.762,7.4893,72
3,6642,8.762,7.3896,78
0,6643,8.762,7.2804,74
1,6643,8.762,7.263,83
2,6643,8.762,7.4536,76
3,6643,8.762,7.0627,82
0,6644,8.762,7.2408,74
1,6644,8.762,7.3639,76
2,6644,8.762,7.345,76
3,6644,8.762,7.3441,76
0,6645,8.762,7.3361,76
1,6645,8.762,7.3044,77
2,6645,8.762,7.1319,83
3,6645,8.762,7.4103,82
0,6646,8.762,7.2017,78
1,6646,8.762,7.3608,76
2,6646,8.762,7.3129,83
3,6646,8.762,7.4576,73
0,6647,8.762,7.2516,77
1,6647,8.762,7.2501,85
2,6647,8.762,7.3775,68
3,6647,8.762,7.2192,76
0,6648,8.762,7.3201,74
1,6648,8.762,7.2602,78
2,6648,8.762,7.2703,77
3,6648,8.762,7.3426,75
0,6649,8.762,7.1819,83
1,6649,8.762,7.2412,78
2,6649,8.762,7.407,60
3,6649,8.762,7.0978,86
0,6650,8.762,7.3243,69
1,6650,8.762,7.3221,80
2,6650,8.762,7.4075,83
3,6650,8.762,7.107,75
0,6651,8.762,7.1989,79
1,6651,8.762,7.3788,74
2,6651,8.762,7.2192,83
3,6651,8.762,7.3109,72
0,6652,8.762,7.0751,76
1,6652,8.762,7.1631,84
2,6652,8.762,7.214,80
3,6652,8.762,7.1942,78
0,6653,8.762,7.3461,74
1,6653,8.762,7.3098,74
2,6653,8.762,7.316,78
3,6653,8.762,7.2987,75
0,6654,8.762,7.2936,73
1,6654,8.762,7.285,71
2,6654,8.762,7.3893,68
3,6654,8.762,7.4754,72
0,6655,8.762,7.2948,71
1,6655,8.762,7.2343,81
2,6655,8.762,7.2676,80
3,6655,8.762,7.2301,77
0,6656,8.762,7.2496,80
1,6656,8.762,7.3072,75
2,6656,8.762,7.2278,75
3,6656,8.762,7.2343,80
0,6657,8.762,7.3941,74
1,6657,8.762,7.2627,73
2,6657,8.762,7.2904,73
3,6657,8.762,7.3415,80
0,6658,8.762,7.212,75
1,6658,8.762,7.2112,75
2,6658,8.762,7.4126,71
3,6658,8.762,7.4312,73
0,6659,8.762,7.3748,76
1,6659,8.762,7.3599,76
2,6659,8.762,7.2873,72
3,6659,8.762,7.1676,83
0,6660,8.762,7.3266,74
1,6660,8.762,7.3609,66
2,6660,8.762,7.2148,81
3,6660,8.762,7.0753,83
0,6661,8.762,7.1978,77
1,6661,8.762,7.3243,74
2,6661,8.762,7.3379,79
3,6661,8.762,7.377,80
0,6662,8.762,7.3747,76
1,6662,8.762,7.4123,77
2,6662,8.762,7.2509,78
3,6662,8.762,7.1868,89
0,6663,8.762,7.312,70
1,6663,8.762,7.3218,77
2,6663,8.762,7.5123,75
3,6663,8.762,7.2283,83
0,6664,8.762,7.1818,83
1,6664,8.762,7.2436,78
2,6664,8.762,7.2622,84
3,6664,8.762,7.2023,86
0,6665,8.762,7.3037,83
1,6665,8.762,7.2023,76
2,6665,8.762,7.3946,71
3,6665,8.762,7.2402,77
0,6666,8.762,7.1527,75
1,6666,8.762,7.2352,77
2,6666,8.762,7.4094,74
3,6666,8.762,7.2064,85
0,6667,8.762,7.405,78
1,6667,8.762,7.294,71
2,6667,8.762,7.2036,82
3,6667,8.762,7.2662,73
0,6668,8.762,7.2452,79
1,6668,8.762,7.383,74
2,6668,8.762,7.304,69
3,6668,8.762,7.3273,72
0,6669,8.762,7.181,77
1,6669,8.762,7.238,81
2,6669,8.762,7.43,78
3,6669,8.762,7.2363,81
0,6670,8.762,7.4647,70
1,6670,8.762,7.2167,80
2,6670,8.762,7.1505,78
3,6670,8.762,7.2818,81
0,6671,8.762,7.3611,84
1,6671,8.762,7.2499,71
2,6671,8.762,7.3437,76
3,6671,8.762,7.2341,79
0,6672,8.762,7.3074,79
1,6672,8.762,7.284,76
2,6672,8.762,7.2969,84
3,6672,8.762,7.2177,79
0,6673,8.762,7.341,73
1,6673,8.762,7.3251,65
2,6673,8.762,7.2826,78
3,6673,8.762,7.3931,76
0,6674,8.762,7.0788,86
1,6674,8.762,7.3663,72
2,6674,8.762,7.2292,80
3,6674,8.762,7.2411,75
0,6675,8.762,7.082,74
1,6675,8.762,7.2429,71
2,6675,8.762,7.3014,74
3,6675,8.762,7.4453,70
0,6676,8.762,7.3715,75
1,6676,8.762,7.265,67
2,6676,8.762,7.2069,86
3,6676,8.762,7.2657,77
0,6677,8.762,7.3205,70
1,6677,8.762,7.1058,80
2,6677,8.762,7.3122,80
3,6677,8.762,7.2652,82
0,6678,8.762,7.2282,82
1,6678,8.762,7.3868,76
2,6678,8.762,7.4266,71
3,6678,8.762,7.295,72
0,6679,8.762,7.4047,81
1,6679,8.762,7.3156,79
2,6679,8.762,7.2651,68
3,6679,8.762,7.4771,67
0,6680,8.762,7.3247,82
1,6680,8.762,7.2288,71
2,6680,8.762,7.2875,72
3,6680,8.762,7.1496,79
0,6681,8.762,7.1167,78
1,6681,8.762,7.229,77
2,6681,8.762,7.2095,79
3,6681,8.762,7.2502,78
0,6682,8.762,7.3008,72
1,6682,8.762,7.2797,83
2,6682,8.762,7.1287,81
3,6682,8.762,7.1535,68
0,6683,8.762,7.3574,73
1,6683,8.762,7.2128,72
2,6683,8.762,7.1781,77
3,6683,8.762,7.2186,78
0,6684,8.762,7.3306,71
1,6684,8.762,7.2628,74
2,6684,8.762,7.2861,78
3,6684,8.762,7.2836,76
0,6685,8.762,7.3356,69
1,6685,8.762,7.4287,73
2,6685,8.762,7.0631,96
3,6685,8.762,7.4347,74
0,6686,8.762,7.2259,80
1,6686,8.762,7.3004,63
2,6686,8.762,7.3559,73
3,6686,8.762,7.3755,79
0,6687,8.762,7.4401,71
1,6687,8.762,7.2449,79
2,6687,8.762,7.4468,77
3,6687,8.762,7.2725,78
0,6688,8.762,7.2942,76
1,6688,8.762,7.2176,71
2,6688,8.762,7.4449,67
3,6688,8.762,7.1364,75
0,6689,8.762,7.2735,75
1,6689,8.762,7.292,74
2,6689,8.762,7.2815,77
3,6689,8.762,7.1711,81
0,6690,8.762,7.3231,69
1,6690,8.762,7.4499,77
2,6690,8.762,7.3677,85
3,6690,8.762,7.1979,79
0,6691,8.762,7.4048,72
1,6691,8.762,7.184,78
2,6691,8.762,7.2932,74
3,6691,8.762,7.2645,77
0,6692,8.762,7.2079,88
1,6692,8.762,7.0254,90
2,6692,8.762,7.279,77
3,6692,8.762,7.2923,72
0,6693,8.762,7.3102,79
1,6693,8.762,7.2396,78
2,6693,8.762,7.3761,72
3,6693,8.762,7.229,79
0,6694,8.762,7.2416,80
1,6694,8.762,7.2769,77
2,6694,8.762,7.2308,77
3,6694,8.762,7.3482,79
0,6695,8.762,7.0972,87
1,6695,8.762,7.2708,70
2,6695,8.762,7.0414,89
3,6695,8.762,7.3325,77
0,6696,8.762,7.1942,82
1,6696,8.762,7.3591,81
2,6696,8.762,7.0721,81
3,6696,8.762,7.3122,74
0,6697,8.762,7.3345,75
1,6697,8.762,7.2291,80
2,6697,8.762,7.2916,78
3,6697,8.762,7.1911,84
0,6698,8.762,7.4634,65
1,6698,8.762,7.0959,81
2,6698,8.762,7.1978,76
3,6698,8.762,7.1963,81
0,6699,8.762,7.307,76
1,6699,8.762,7.2975,70
2,6699,8.762,7.2956,76
3,6699,8.762,7.3939,80
0,6700,8.762,7.1493,69
1,6700,8.762,7.1598,72
2,6700,8.762,7.3071,71
3,6700,8.762,7.2967,83
0,6701,8.762,7.2205,76
1,6701,8.762,7.2831,75
2,6701,8.762,7.3908,71
3,6701,8.762,7.3585,75
0,6702,8.762,7.4165,68
1,6702,8.762,7.1988,81
2,6702,8.762,7.2772,83
3,6702,8.762,7.2381,83
0,6703,8.762,7.2418,86
1,6703,8.762,7.2954,72
2,6703,8.762,7.3088,66
3,6703,8.762,7.4338,70
0,6704,8.762,7.3161,71
1,6704,8.762,7.3966,74
2,6704,8.762,7.2531,80
3,6704,8.762,7.2889,75
0,6705,8.762,7.4456,69
1,6705,8.762,7.3469,65
2,6705,8.762,7.268,74
3,6705,8.762,7.4537,79
0,6706,8.762,7.4152,73
1,6706,8.762,7.1226,68
2,6706,8.762,7.2213,76
3,6706,8.762,7.3533,73
0,6707,8.762,7.2303,76
1,6707,8.762,7.2254,87
2,6707,8.762,7.4664,67
3,6707,8.762,7.3348,76
0,6708,8.762,7.3304,75
1,6708,8.762,7.1554,80
2,6708,8.762,7.3103,80
3,6708,8.762,7.3917,82
0,6709,8.762,7.2361,75
1,6709,8.762,7.2991,78
2,6709,8.762,7.3024,74
3,6709,8.762,7.3668,65
0,6710,8.762,7.2592,79
1,6710,8.762,7.3176,80
2,6710,8.762,7.3404,65
3,6710,8.762,7.1131,84
0,6711,8.762,7.1351,77
1,6711,8.762,7.3417,80
2,6711,8.762,7.3617,80
3,6711,8.762,7.4387,67
0,6712,8.762,7.1989,88
1,6712,8.762,7.2595,76
2,6712,8.762,7.3323,70
3,6712,8.762,7.1482,87
0,6713,8.762,7.3409,67
1,6713,8.762,7.3327,91
2,6713,8.762,7.2927,70
3,6713,8.762,7.3427,73
0,6714,8.762,7.3001,73
1,6714,8.762,7.287,80
2,6714,8.762,7.3717,78
3,6714,8.762,7.3147,80
0,6715,8.762,7.2892,71
1,6715,8.762,7.4415,63
2,6715,8.762,7.1622,69
3,6715,8.762,7.3779,75
0,6716,8.762,7.3843,77
1,6716,8.762,7.2128,78
2,6716,8.762,7.3226,77
3,6716,8.762,7.2908,81
0,6717,8.762,7.2586,78
1,6717,8.762,7.2362,78
2,6717,8.762,7.2561,67
3,6717,8.762,7.3404,78
0,6718,8.762,7.2809,75
1,6718,8.762,7.2304,79
2,6718,8.762,7.4853,67
3,6718,8.762,7.1149,78
0,6719,8.762,7.2137,94
1,6719,8.762,7.3718,80
2,6719,8.762,7.3038,79
3,6719,8.762,7.3177,75
0,6720,8.762,7.3779,66
1,6720,8.762,7.4417,71
2,6720,8.762,7.1614,82
3,6720,8.762,7.446,73
0,6721,8.762,7.1153,76
1,6721,8.762,7.2999,78
2,6721,8.762,7.1943,87
3,6721,8.762,7.2764,73
0,6722,8.762,7.2229,81
1,6722,8.762,7.2062,76
2,6722,8.762,7.3357,85
3,6722,8.762,7.4163,71
0,6723,8.762,7.3158,78
1,6723,8.762,7.2698,71
2,6723,8.762,7.2418,77
3,6723,8.762,7.2161,77
0,6724,8.762,7.1472,83
1,6724,8.762,7.3286,65
2,6724,8.762,7.3813,82
3,6724,8.762,7.3383,69
0,6725,8.762,7.4225,80
1,6725,8.762,7.2368,71
2,6725,8.762,7.3895,68
3,6725,8.762,7.3864,70
0,6726,8.762,7.2183,79
1,6726,8.762,7.3396,70
2,6726,8.762,7.352,71
3,6726,8.762,7.4326,66
0,6727,8.762,7.2304,79
1,6727,8.762,7.2183,75
2,6727,8.762,7.3098,78
3,6727,8.762,7.2664,69
0,6728,8.762,7.2066,77
1,6728,8.762,7.386,66
2,6728,8.762,7.2334,83
3,6728,8.762,7.2005,88
0,6729,8.762,7.2074,85
1,6729,8.762,7.2652,79
2,6729,8.762,7.3687,65
3,6729,8.762,7.3115,71
0,6730,8.762,7.254,74
1,6730,8.762,7.4,72
2,6730,8.762,7.2619,84
3,6730,8.762,7.3666,75
0,6731,8.762,7.1792,84
1,6731,8.762,7.3429,69
2,6731,8.762,7.2963,74
3,6731,8.762,7.33,67
0,6732,8.762,7.2429,66
1,6732,8.762,7.317,70
2,6732,8.762,7.3094,70
3,6732,8.762,7.3579,82
0,6733,8.762,7.2427,89
1,6733,8.762,7.2264,75
2,6733,8.762,7.1314,82
3,6733,8.762,7.2235,83
0,6734,8.762,7.4317,73
1,6734,8.762,7.4254,69
2,6734,8.762,7.3375,73
3,6734,8.762,7.2723,86
0,6735,8.762,7.256,72
1,6735,8.762,7.311,80
2,6735,8.762,7.2952,75
3,6735,8.762,7.1361,83
0,6736,8.762,7.3149,87
1,6736,8.762,7.2392,76
2,6736,8.762,7.3601,68
3,6736,8.762,7.4114,75
0,6737,8.762,7.137,78
1,6737,8.762,7.2921,68
2,6737,8.762,7.1777,75
3,6737,8.762,7.3345,75
0,6738,8.762,7.3112,75
1,6738,8.762,7.4651,76
2,6738,8.762,7.112,83
3,6738,8.762,7.3648,80
0,6739,8.762,7.1939,74
1,6739,8.762,7.3669,70
2,6739,8.762,7.4143,71
3,6739,8.762,7.3594,73
0,6740,8.762,7.2267,82
1,6740,8.762,7.3544,75
2,6740,8.762,7.372,82
3,6740,8.762,7.3281,73
0,6741,8.762,7.2956,81
1,6741,8.762,7.2539,82
2,6741,8.762,7.2844,78
3,6741,8.762,7.1971,81
0,6742,8.762,7.2692,76
1,6742,8.762,7.1981,71
2,6742,8.762,7.4729,77
3,6742,8.762,7.4701,76
0,6743,8.762,7.0758,86
1,6743,8.762,7.2293,77
2,6743,8.762,7.2871,78
3,6743,8.762,7.2788,73
0,6744,8.762,7.4439,76
1,6744,8.762,7.3861,66
2,6744,8.762,7.1951,74
3,6744,8.762,7.4773,73
0,6745,8.762,7.2153,85
1,6745,8.762,7.4172,70
2,6745,8.762,7.4156,73
3,6745,8.762,7.1807,76
0,6746,8.762,7.2182,72
1,6746,8.762,7.1239,83
2,6746,8.762,7.3259,78
3,6746,8.762,7.1733,80
0,6747,8.762,7.2433,75
1,6747,8.762,7.2483,79
2,6747,8.762,7.3956,71
3,6747,8.762,7.1944,73
0,6748,8.762,7.1772,83
1,6748,8.762,7.332,82
2,6748,8.762,7.2477,77
3,6748,8.762,7.2854,78
0,6749,8.762,7.1968,78
1,6749,8.762,7.4287,74
2,6749,8.762,7.0758,82
3,6749,8.762,7.4789,70
0,6750,8.762,7.1946,85
1,6750,8.762,7.401,75
2,6750,8.762,7.2838,71
3,6750,8.762,7.3674,78
0,6751,8.762,7.224,86
1,6751,8.762,7.2829,77
2,6751,8.762,7.4559,75
3,6751,8.762,7.2878,80
0,6752,8.762,7.2762,81
1,6752,8.762,7.1491,77
2,6752,8.762,7.5166,67
3,6752,8.762,7.2059,77
0,6753,8.762,7.2138,80
1,6753,8.762,7.293,75
2,6753,8.762,7.3103,73
3,6753,8.762,7.2465,74
0,6754,8.762,7.3228,75
1,6754,8.762,7.299,84
2,6754,8.762,7.3144,65
3,6754,8.762,7.2793,70
0,6755,8.762,7.3409,73
1,6755,8.762,7.5357,67
2,6755,8.762,7.2482,75
3,6755,8.762,7.3555,82
0,6756,8.762,7.313,79
1,6756,8.762,7.1457,80
2,6756,8.762,7.2682,71
3,6756,8.762,7.2046,76
0,6757,8.762,7.2749,76
1,6757,8.762,7.4239,77
2,6757,8.762,7.2232,78
3,6757,8.762,7.0309,82
0,6758,8.762,7.2625,73
1,6758,8.762,7.4109,74
2,6758,8.762,7.2022,74
3,6758,8.762,7.3596,67
0,6759,8.762,7.1744,69
1,6759,8.762,7.3467,78
2,6759,8.762,7.3856,66
3,6759,8.762,7.3424,74
0,6760,8.762,7.2604,72
1,6760,8.762,7.1778,80
2,6760,8.762,7.253,73
3,6760,8.762,7.2019,83
0,6761,8.762,7.3421,70
1,6761,8.762,7.2625,78
2,6761,8.762,7.3086,77
3,6761,8.762,7.2271,80
0,6762,8.762,7.4265,71
1,6762,8.762,7.211,89
2,6762,8.762,7.2195,81
3,6762,8.762,7.0831,88
0,6763,8.762,7.1932,77
1,6763,8.762,7.2542,75
2,6763,8.762,7.2318,72
3,6763,8.762,7.1849,82
0,6764,8.762,7.168,74
1,6764,8.762,7.3736,69
2,6764,8.762,7.2041,95
3,6764,8.762,7.1958,74
0,6765,8.762,7.3846,69
1,6765,8.762,7.3106,77
2,6765,8.762,7.1547,80
3,6765,8.762,7.417,69
0,6766,8.762,7.2578,76
1,6766,8.762,7.2414,74
2,6766,8.762,7.1814,69
3,6766,8.762,7.2145,78
0,6767,8.762,7.1398,82
1,6767,8.762,7.3013,75
2,6767,8.762,7.3229,79
3,6767,8.762,7.2595,81
0,6768,8.762,7.2976,71
1,6768,8.762,7.3649,86
2,6768,8.762,7.24,81
3,6768,8.762,7.2909,79
0,6769,8.762,7.1923,82
1,6769,8.762,7.4188,77
2,6769,8.762,7.2679,75
3,6769,8.762,7.4047,66
0,6770,8.762,7.2646,73
1,6770,8.762,7.3218,71
2,6770,8.762,7.2944,73
3,6770,8.762,7.3404,81
0,6771,8.762,7.3182,83
1,6771,8.762,7.3998,66
2,6771,8.762,7.1904,79
3,6771,8.762,7.3737,73
0,6772,8.762,7.2967,62
1,6772,8.762,7.3426,78
2,6772,8.762,7.1007,85
3,6772,8.762,7.3038,74
0,6773,8.762,7.2298,87
1,6773,8.762,7.0878,86
2,6773,8.762,7.3658,73
3,6773,8.762,7.335,78
0,6774,8.762,7.1906,74
1,6774,8.762,7.2373,69
2,6774,8.762,7.252,75
3,6774,8.762,7.2559,76
0,6775,8.762,7.3495,75
1,6775,8.762,7.2597,74
2,6775,8.762,7.3066,78
3,6775,8.762,7.3852,70
0,6776,8.762,7.2555,76
1,6776,8.762,7.3288,80
2,6776,8.762,7.1887,78
3,6776,8.762,7.3885,74
0,6777,8.762,7.2297,74
1,6777,8.762,7.3054,68
2,6777,8.762,7.1261,76
3,6777,8.762,7.2877,78
0,6778,8.762,7.2721,78
1,6778,8.762,7.2314,72
2,6778,8.762,7.2835,73
3,6778,8.762,7.2578,78
0,6779,8.762,7.1966,86
1,6779,8.762,7.1261,83
2,6779,8.762,7.336,73
3,6779,8.762,7.178,77
0,6780,8.762,7.2921,70
1,6780,8.762,7.3654,70
2,6780,8.762,7.2208,82
3,6780,8.762,7.2687,74
0,6781,8.762,7.2796,76
1,6781,8.762,7.2065,90
2,6781,8.762,7.4256,64
3,6781,8.762,7.186,79
0,6782,8.762,7.2706,74
1,6782,8.762,7.3445,74
2,6782,8.762,7.2527,77
3,6782,8.762,7.2803,74
0,6783,8.762,7.2371,86
1,6783,8.762,7.4385,67
2,6783,8.762,7.282,85
3,6783,8.762,7.2945,84
0,6784,8.762,7.3012,75
1,6784,8.762,7.3515,83
2,6784,8.762,7.1923,81
3,6784,8.762,7.25,72
0,6785,8.762,7.3234,73
1,6785,8.762,7.2664,73
2,6785,8.762,7.2153,80
3,6785,8.762,7.3466,78
0,6786,8.762,7.2675,70
1,6786,8.762,7.3254,62
2,6786,8.762,7.2732,76
3,6786,8.762,7.3352,70
0,6787,8.762,7.329,71
1,6787,8.762,7.3082,74
2,6787,8.762,7.0981,82
3,6787,8.762,7.1132,76
0,6788,8.762,7.2368,82
1,6788,8.762,7.294,72
2,6788,8.762,7.3989,71
3,6788,8.762,7.3956,77
0,6789,8.762,7.2214,68
1,6789,8.762,7.3324,72
2,6789,8.762,7.3272,72
3,6789,8.762,7.1888,81
0,6790,8.762,7.4199,71
1,6790,8.762,7.3676,72
2,6790,8.762,7.334,78
3,6790,8.762,7.3629,76
0,6791,8.762,7.4535,66
1,6791,8.762,7.3164,78
2,6791,8.762,7.2625,72
3,6791,8.762,7.2919,73
0,6792,8.762,7.3576,67
1,6792,8.762,7.2573,81
2,6792,8.762,7.3439,71
3,6792,8.762,7.222,81
0,6793,8.762,7.4587,70
1,6793,8.762,7.2572,71
2,6793,8.762,7.2753,79
3,6793,8.762,7.3397,68
0,6794,8.762,7.126,74
1,6794,8.762,7.2781,78
2,6794,8.762,7.3452,78
3,6794,8.762,7.324,69
0,6795,8.762,7.3857,62
1,6795,8.762,7.4208,69
2,6795,8.762,7.327,74
3,6795,8.762,7.1841,80
0,6796,8.762,7.2183,79
1,6796,8.762,7.2992,73
2,6796,8.762,7.4346,74
3,6796,8.762,7.1655,79
0,6797,8.762,7.1737,88
1,6797,8.762,7.311,70
2,6797,8.762,7.1986,86
3,6797,8.762,7.3108,80
0,6798,8.762,7.1536,94
1,6798,8.762,7.3314,74
2,6798,8.762,7.2951,82
3,6798,8.762,7.4701,70
0,6799,8.762,7.2625,76
1,6799,8.762,7.3472,67
2,6799,8.762,7.2497,86
3,6799,8.762,7.3292,74
0,6800,8.762,7.2819,76
1,6800,8.762,7.1663,80
2,6800,8.762,7.2669,77
3,6800,8.762,7.3122,74
0,6801,8.762,7.2883,73
1,6801,8.762,7.4143,75
2,6801,8.762,7.3971,72
3,6801,8.762,7.2081,73
0,6802,8.762,7.3602,80
1,6802,8.762,7.2978,75
2,6802,8.762,7.2508,78
3,6802,8.762,7.3398,70
0,6803,8.762,7.2476,76
1,6803,8.762,7.3584,62
2,6803,8.762,7.2509,77
3,6803,8.762,7.3028,71
0,6804,8.762,7.3397,80
1,6804,8.762,7.2122,82
2,6804,8.762,7.3969,75
3,6804,8.762,7.2003,80
0,6805,8.762,7.2503,77
1,6805,8.762,7.2836,74
2,6805,8.762,7.2159,79
3,6805,8.762,7.3701,76
0,6806,8.762,7.2215,77
1,6806,8.762,7.2516,77
2,6806,8.762,7.2403,72
3,6806,8.762,7.2624,77
0,6807,8.762,7.2027,78
1,6807,8.762,7.4192,78
2,6807,8.762,7.5463,62
3,6807,8.762,7.4195,66
0,6808,8.762,7.2919,71
1,6808,8.762,7.3838,69
2,6808,8.762,7.2429,85
3,6808,8.762,7.3441,71
0,6809,8.762,7.283,74
1,6809,8.762,7.289,72
2,6809,8.762,7.3739,79
3,6809,8.762,7.2748,79
0,6810,8.762,7.3945,69
1,6810,8.762,7.3348,70
2,6810,8.762,7.3149,82
3,6810,8.762,7.3812,76
0,6811,8.762,7.0831,84
1,6811,8.762,7.199,80
2,6811,8.762,7.3139,70
3,6811,8.762,7.1468,86
0,6812,8.762,7.3636,75
1,6812,8.762,7.3193,72
2,6812,8.762,7.3215,82
3,6812,8.762,7.1573,82
0,6813,8.762,7.1487,88
1,6813,8.762,7.3945,66
2,6813,8.762,7.4357,68
3,6813,8.762,7.3266,74
0,6814,8.762,7.2791,76
1,6814,8.762,7.2272,80
2,6814,8.762,7.2132,74
3,6814,8.762,7.1536,72
0,6815,8.762,7.3352,78
1,6815,8.762,7.1489,78
2,6815,8.762,7.3081,69
3,6815,8.762,7.2331,79
0,6816,8.762,7.3792,67
1,6816,8.762,7.431,71
2,6816,8.762,7.2559,74
3,6816,8.762,7.2802,79
0,6817,8.762,7.2024,79
1,6817,8.762,7.2102,79
2,6817,8.762,7.2244,81
3,6817,8.762,7.2929,76
0,6818,8.762,7.3127,81
1,6818,8.762,7.2292,84
2,6818,8.762,7.2024,77
3,6818,8.762,7.3192,69
0,6819,8.762,7.4251,71
1,6819,8.762,7.3006,78
2,6819,8.762,7.3332,75
3,6819,8.762,7.0973,84
0,6820,8.762,7.1481,80
1,6820,8.762,7.3152,78
2,6820,8.762,7.389,77
3,6820,8.762,7.185,71
0,6821,8.762,7.2254,74
1,6821,8.762,7.3095,69
2,6821,8.762,7.1015,76
3,6821,8.762,7.3253,73
0,6822,8.762,7.3039,70
1,6822,8.762,7.4009,68
2,6822,8.762,7.4719,70
3,6822,8.762,7.3379,77
0,6823,8.762,7.2819,84
1,6823,8.762,7.2248,81
2,6823,8.762,7.282,71
3,6823,8.762,7.0785,85
0,6824,8.762,7.3933,83
1,6824,8.762,7.2182,77
2,6824,8.762,7.2038,77
3,6824,8.762,7.3407,75
0,6825,8.762,7.2191,85
1,6825,8.762,7.4254,69
2,6825,8.762,7.0674,86
3,6825,8.762,7.2152,81
0,6826,8.762,7.3079,67
1,6826,8.762,7.2367,77
2,6826,8.762,7.3801,73
3,6826,8.762,7.3449,75
0,6827,8.762,7.1441,77
1,6827,8.762,7.3297,70
2,6827,8.762,7.2633,75
3,6827,8.762,7.1026,82
0,6828,8.762,7.2963,83
1,6828,8.762,7.319,72
2,6828,8.762,7.2251,85
3,6828,8.762,7.3305,88
0,6829,8.762,7.3786,69
1,6829,8.762,7.2588,81
2,6829,8.762,7.2493,88
3,6829,8.762,7.1788,89
0,6830,8.762,7.4241,67
1,6830,8.762,7.461,65
2,6830,8.762,7.3247,69
3,6830,8.762,7.2966,81
0,6831,8.762,7.1817,81
1,6831,8.762,7.3638,79
2,6831,8.762,7.1259,83
3,6831,8.762,7.2206,76
0,6832,8.762,7.1379,75
1,6832,8.762,7.345,76
2,6832,8.762,7.2027,76
3,6832,8.762,7.4241,64
0,6833,8.762,7.2814,80
1,6833,8.762,7.2945,86
2,6833,8.762,7.3179,74
3,6833,8.762,7.2289,75
0,6834,8.762,7.1706,88
1,6834,8.762,7.2557,79
2,6834,8.762,7.2003,84
3,6834,8.762,7.236,68
0,6835,8.762,7.2677,81
1,6835,8.762,7.398,73
2,6835,8.762,7.247,81
3,6835,8.762,7.3924,72
0,6836,8.762,7.1987,83
1,6836,8.762,7.1866,84
2,6836,8.762,7.2261,84
3,6836,8.762,7.2593,66
0,6837,8.762,6.9782,85
1,6837,8.762,7.1689,85
2,6837,8.762,7.367,65
3,6837,8.762,7.3077,75
0,6838,8.762,7.2817,78
1,6838,8.762,7.2396,80
2,6838,8.762,7.3664,73
3,6838,8.762,7.2557,79
0,6839,8.762,7.3553,81
1,6839,8.762,7.2961,77
2,6839,8.762,7.3116,73
3,6839,8.762,7.2404,81
0,6840,8.762,7.2011,79
1,6840,8.762,7.4574,77
2,6840,8.762,7.2178,68
3,6840,8.762,7.1613,88
0,6841,8.762,7.2951,67
1,6841,8.762,7.1821,74
2,6841,8.762,7.3855,77
3,6841,8.762,7.3291,75
0,6842,8.762,7.1948,74
1,6842,8.762,7.0459,73
2,6842,8.762,7.2703,78
3,6842,8.762,7.3413,79
0,6843,8.762,7.36,75
1,6843,8.762,7.2282,76
2,6843,8.762,7.193,72
3,6843,8.762,7.1454,79
0,6844,8.762,7.5218,66
1,6844,8.762,7.3961,80
2,6844,8.762,7.106,86
3,6844,8.762,7.398,74
0,6845,8.762,7.2108,76
1,6845,8.762,7.3317,76
2,6845,8.762,7.3646,74
3,6845,8.762,7.4429,76
0,6846,8.762,7.1925,69
1,6846,8.762,7.2756,75
2,6846,8.762,7.1517,87
3,6846,8.762,7.2206,77
0,6847,8.762,7.4001,71
1,6847,8.762,7.2511,78
2,6847,8.762,7.3274,73
3,6847,8.762,7.4092,70
0,6848,8.762,7.4689,66
1,6848,8.762,7.2226,75
2,6848,8.762,7.2357,79
3,6848,8.762,7.4078,67
0,6849,8.762,7.2693,84
1,6849,8.762,7.369,73
2,6849,8.762,7.4168,72
3,6849,8.762,7.2126,80
0,6850,8.762,7.4769,80
1,6850,8.762,7.2045,78
2,6850,8.762,7.1582,65
3,6850,8.762,7.3384,69
0,6851,8.762,7.2953,81
1,6851,8.762,7.3189,70
2,6851,8.762,7.3373,75
3,6851,8.762,7.3136,72
0,6852,8.762,7.3507,72
1,6852,8.762,7.2176,74
2,6852,8.762,7.4246,75
3,6852,8.762,7.4003,82
0,6853,8.762,7.2597,77
1,6853,8.762,7.2551,80
2,6853,8.762,7.4316,72
3,6853,8.762,7.1193,83
0,6854,8.762,7.238,77
1,6854,8.762,7.3675,78
2,6854,8.762,7.3723,79
3,6854,8.762,7.2296,80
0,6855,8.762,7.3162,82
1,6855,8.762,7.3569,77
2,6855,8.762,7.2942,67
3,6855,8.762,7.3016,70
0,6856,8.762,7.2472,80
1,6856,8.762,7.32,75
2,6856,8.762,7.4622,64
3,6856,8.762,7.1264,82
0,6857,8.762,7.4706,75
1,6857,8.762,7.3389,82
2,6857,8.762,7.3214,73
3,6857,8.762,7.2574,86
0,6858,8.762,7.3896,82
1,6858,8.762,7.2084,85
2,6858,8.762,7.2092,74
3,6858,8.762,7.4219,72
0,6859,8.762,7.2554,74
1,6859,8.762,7.3959,79
2,6859,8.762,7.3989,75
3,6859,8.762,7.2868,82
0,6860,8.762,7.2356,88
1,6860,8.762,7.2044,78
2,6860,8.762,7.2104,78
3,6860,8.762,7.332,78
0,6861,8.762,7.2787,71
1,6861,8.762,7.2723,75
2,6861,8.762,7.4679,75
3,6861,8.762,7.2676,88
0,6862,8.762,7.2544,77
1,6862,8.762,7.3069,84
2,6862,8.762,7.2624,78
3,6862,8.762,7.2226,69
0,6863,8.762,7.3155,82
1,6863,8.762,7.3149,82
2,6863,8.762,7.1935,85
3,6863,8.762,7.3143,80
0,6864,8.762,7.2152,74
1,6864,8.762,7.3964,79
2,6864,8.762,7.4265,72
3,6864,8.762,7.3233,69
0,6865,8.762,7.4599,72
1,6865,8.762,7.1546,84
2,6865,8.762,7.238,74
3,6865,8.762,7.2432,79
0,6866,8.762,7.3538,81
1,6866,8.762,7.0589,85
2,6866,8.762,7.2988,73
3,6866,8.762,7.2866,76
0,6867,8.762,7.3353,76
1,6867,8.762,7.3795,73
2,6867,8.762,7.4125,78
3,6867,8.762,7.38,76
0,6868,8.762,7.4512,72
1,6868,8.762,7.1554,73
2,6868,8.762,7.3932,75
3,6868,8.762,7.2586,77
0,6869,8.762,7.1859,79
1,6869,8.762,7.317,75
2,6869,8.762,7.2392,81
3,6869,8.762,7.165,81
0,6870,8.762,7.5117,67
1,6870,8.762,7.3151,82
2,6870,8.762,7.2881,76
3,6870,8.762,7.3528,80
0,6871,8.762,7.241,80
1,6871,8.762,7.1497,82
2,6871,8.762,7.2937,81
3,6871,8.762,7.2286,74
0,6872,8.762,7.0498,81
1,6872,8.762,7.3209,73
2,6872,8.762,7.3843,81
3,6872,8.762,7.3278,77
0,6873,8.762,7.2243,69
1,6873,8.762,7.3542,77
2,6873,8.762,7.3589,72
3,6873,8.762,7.3764,71
0,6874,8.762,7.2051,79
1,6874,8.762,7.3974,68
2,6874,8.762,7.2587,84
3,6874,8.762,7.2354,72
0,6875,8.762,7.3277,76
1,6875,8.762,7.236,73
2,6875,8.762,7.2764,80
3,6875,8.762,7.3181,75
0,6876,8.762,7.3038,75
1,6876,8.762,7.2265,77
2,6876,8.762,7.4521,68
3,6876,8.762,7.2452,67
0,6877,8.762,7.2874,76
1,6877,8.762,7.3494,70
2,6877,8.762,7.2081,75
3,6877,8.762,7.319,78
0,6878,8.762,7.4154,73
1,6878,8.762,7.3256,73
2,6878,8.762,7.4269,81
3,6878,8.762,7.1995,79
0,6879,8.762,7.1496,80
1,6879,8.762,7.4754,69
2,6879,8.762,7.2053,82
3,6879,8.762,7.3604,81
0,6880,8.762,7.2624,77
1,6880,8.762,7.3177,70
2,6880,8.762,7.4044,70
3,6880,8.762,7.3081,71
0,6881,8.762,7.4216,65
1,6881,8.762,7.1988,77
2,6881,8.762,7.2526,78
3,6881,8.762,7.3171,76
0,6882,8.762,7.2625,70
1,6882,8.762,7.3921,72
2,6882,8.762,7.3692,72
3,6882,8.762,7.2882,74
0,6883,8.762,7.2061,71
1,6883,8.762,7.3826,70
2,6883,8.762,7.2687,75
3,6883,8.762,7.3516,74
0,6884,8.762,7.2032,87
1,6884,8.762,7.4036,67
2,6884,8.762,7.5137,67
3,6884,8.762,7.2955,72
0,6885,8.762,7.356,80
1,6885,8.762,7.2587,79
2,6885,8.762,7.4153,75
3,6885,8.762,7.2063,82
0,6886,8.762,7.3073,68
1,6886,8.762,7.2684,71
2,6886,8.762,7.3435,75
3,6886,8.762,7.3109,72
0,6887,8.762,7.3855,76
1,6887,8.762,7.3513,72
2,6887,8.762,7.3686,76
3,6887,8.762,7.3434,72
0,6888,8.762,7.3218,81
1,6888,8.762,7.238,89
2,6888,8.762,7.1426,82
3,6888,8.762,7.2892,75
0,6889,8.762,7.2122,86
1,6889,8.762,7.309,80
2,6889,8.762,7.1655,79
3,6889,8.762,7.1371,83
0,6890,8.762,7.2273,78
1,6890,8.762,7.3989,75
2,6890,8.762,7.3222,77
3,6890,8.762,7.3379,71
0,6891,8.762,7.4823,71
1,6891,8.762,7.109,88
2,6891,8.762,7.3356,80
3,6891,8.762,7.2605,79
0,6892,8.762,7.3475,76
1,6892,8.762,7.1502,86
2,6892,8.762,7.4613,77
3,6892,8.762,7.2575,78
0,6893,8.762,7.2889,87
1,6893,8.762,7.3811,64
2,6893,8.762,7.06,97
3,6893,8.762,7.1319,68
0,6894,8.762,7.3332,77
1,6894,8.762,7.267,75
2,6894,8.762,7.4447,70
3,6894,8.762,7.2983,76
0,6895,8.762,7.2866,70
1,6895,8.762,7.0908,80
2,6895,8.762,7.2512,79
3,6895,8.762,7.1986,83
0,6896,8.762,7.1241,76
1,6896,8.762,7.3269,77
2,6896,8.762,7.3001,79
3,6896,8.762,7.3233,75
0,6897,8.762,7.2568,81
1,6897,8.762,7.2356,87
2,6897,8.762,7.3069,74
3,6897,8.762,7.4521,68
0,6898,8.762,7.4502,73
1,6898,8.762,7.2593,92
2,6898,8.762,7.2358,70
3,6898,8.762,7.3478,76
0,6899,8.762,7.3191,78
1,6899,8.762,7.2416,84
2,6899,8.762,7.312,74
3,6899,8.762,7.4839,65
0,6900,8.762,7.3658,72
1,6900,8.762,7.2605,71
2,6900,8.762,7.3078,69
3,6900,8.762,7.248,73
0,6901,8.762,7.1676,81
1,6901,8.762,7.1119,84
2,6901,8.762,7.2293,70
3,6901,8.762,7.3284,74
0,6902,8.762,7.187,80
1,6902,8.762,7.2474,82
2,6902,8.762,7.1511,84
3,6902,8.762,7.3206,75
0,6903,8.762,7.1866,83
1,6903,8.762,7.2456,75
2,6903,8.762,7.2776,80
3,6903,8.762,7.2952,75
0,6904,8.762,7.2226,78
1,6904,8.762,7.1445,89
2,6904,8.762,7.2398,78
3,6904,8.762,7.3291,79
0,6905,8.762,7.1569,80
1,6905,8.762,7.3281,77
2,6905,8.762,7.4113,70
3,6905,8.762,7.3341,80
0,6906,8.762,7.2532,81
1,6906,8.762,7.3561,75
2,6906,8.762,7.3214,73
3,6906,8.762,7.3882,79
0,6907,8.762,7.275,85
1,6907,8.762,7.2731,74
2,6907,8.762,7.3521,73
3,6907,8.762,7.2618,74
0,6908,8.762,7.2553,87
1,6908,8.762,7.2421,81
2,6908,8.762,7.1052,86
3,6908,8.762,7.1891,80
0,6909,8.762,7.2432,80
1,6909,8.762,7.3676,71
2,6909,8.762,7.2061,78
3,6909,8.762,7.2436,79
0,6910,8.762,7.3756,68
1,6910,8.762,7.3207,74
2,6910,8.762,7.3963,69
3,6910,8.762,7.4381,70
0,6911,8.762,7.3707,73
1,6911,8.762,7.4712,70
2,6911,8.762,7.3863,69
3,6911,8.762,7.2928,78
0,6912,8.762,7.3014,72
1,6912,8.762,7.3686,75
2,6912,8.762,7.4705,71
3,6912,8.762,7.283,80
0,6913,8.762,7.2798,73
1,6913,8.762,7.2703,74
2,6913,8.762,7.188,70
3,6913,8.762,7.2877,78
0,6914,8.762,7.1848,78
1,6914,8.762,7.2234,77
2,6914,8.762,7.3732,71
3,6914,8.762,7.1261,83
0,6915,8.762,7.2074,76
1,6915,8.762,7.3383,72
2,6915,8.762,7.1831,79
3,6915,8.762,7.2648,72
0,6916,8.762,7.2241,78
1,6916,8.762,7.3379,71
2,6916,8.762,7.3136,74
3,6916,8.762,7.1489,77
0,6917,8.762,7.2015,76
1,6917,8.762,7.4694,81
2,6917,8.762,7.3964,77
3,6917,8.762,7.3192,73
0,6918,8.762,7.178,82
1,6918,8.762,7.2044,81
2,6918,8.762,7.2645,73
3,6918,8.762,7.2304,84
0,6919,8.762,7.3629,64
1,6919,8.762,7.2771,79
2,6919,8.762,7.2179,83
3,6919,8.762,7.1975,75
0,6920,8.762,7.191,77
1,6920,8.762,7.3167,84
2,6920,8.762,7.2842,74
3,6920,8.762,7.28,77
0,6921,8.762,7.2953,76
1,6921,8.762,7.1732,82
2,6921,8.762,7.188,73
3,6921,8.762,7.2006,66
0,6922,8.762,7.4753,65
1,6922,8.762,7.2143,85
2,6922,8.762,7.3278,73
3,6922,8.762,7.3448,76
0,6923,8.762,7.251,71
1,6923,8.762,7.2764,76
2,6923,8.762,7.3435,69
3,6923,8.762,7.3913,73
0,6924,8.762,7.2725,81
1,6924,8.762,7.3493,77
2,6924,8.762,7.1764,80
3,6924,8.762,7.3466,76
0,6925,8.762,7.2779,62
1,6925,8.762,7.3023,81
2,6925,8.762,7.2148,78
3,6925,8.762,7.4091,72
0,6926,8.762,7.3769,72
1,6926,8.762,7.3841,77
2,6926,8.762,7.2936,78
3,6926,8.762,7.4209,71
0,6927,8.762,7.2913,79
1,6927,8.762,7.2037,76
2,6927,8.762,7.2992,78
3,6927,8.762,7.335,79
0,6928,8.762,7.1927,77
1,6928,8.762,7.2192,87
2,6928,8.762,7.3542,81
3,6928,8.762,7.4467,75
0,6929,8.762,7.1384,88
1,6929,8.762,7.2942,65
2,6929,8.762,7.2064,81
3,6929,8.762,7.3187,70
0,6930,8.762,7.303,73
1,6930,8.762,7.4167,79
2,6930,8.762,7.4385,75
3,6930,8.762,7.1828,79
0,6931,8.762,7.1785,79
1,6931,8.762,7.2473,80
2,6931,8.762,7.3795,76
3,6931,8.762,7.3585,75
0,6932,8.762,7.2657,82
1,6932,8.762,7.2687,78
2,6932,8.762,7.199,85
3,6932,8.762,7.2634,76
0,6933,8.762,7.2305,78
1,6933,8.762,7.2821,75
2,6933,8.762,7.3541,74
3,6933,8.762,7.251,77
0,6934,8.762,7.2859,82
1,6934,8.762,7.3855,73
2,6934,8.762,7.1505,88
3,6934,8.762,7.3471,74
0,6935,8.762,7.1749,79
1,6935,8.762,7.3237,81
2,6935,8.762,7.2157,71
3,6935,8.762,7.4176,73
0,6936,8.762,7.2683,73
1,6936,8.762,7.3048,84
2,6936,8.762,7.273,79
3,6936,8.762,7.0617,74
0,6937,8.762,7.329,83
1,6937,8.762,7.2569,83
2,6937,8.762,7.2539,79
3,6937,8.762,7.2315,86
0,6938,8.762,7.5058,77
1,6938,8.762,7.228,79
2,6938,8.762,7.2758,75
3,6938,8.762,7.2367,73
0,6939,8.762,7.3078,80
1,6939,8.762,7.2174,86
2,6939,8.762,7.2471,74
3,6939,8.762,7.1714,84
0,6940,8.762,7.1434,77
1,6940,8.762,7.4254,70
2,6940,8.762,7.2982,80
3,6940,8.762,7.2806,73
0,6941,8.762,7.1064,74
1,6941,8.762,7.3971,76
2,6941,8.762,7.2441,78
3,6941,8.762,7.223,72
0,6942,8.762,7.3815,74
1,6942,8.762,7.4447,65
2,6942,8.762,7.2904,76
3,6942,8.762,7.3263,77
0,6943,8.762,7.3474,71
1,6943,8.762,7.3068,79
2,6943,8.762,7.246,85
3,6943,8.762,7.3351,81
0,6944,8.762,7.3364,79
1,6944,8.762,7.2666,72
2,6944,8.762,7.5067,68
3,6944,8.762,7.1774,79
0,6945,8.762,7.3495,84
1,6945,8.762,7.2952,70
2,6945,8.762,7.2755,75
3,6945,8.762,7.2361,80
0,6946,8.762,7.1653,91
1,6946,8.762,7.3333,80
2,6946,8.762,7.283,79
3,6946,8.762,7.4519,73
0,6947,8.762,7.3571,82
1,6947,8.762,7.5181,67
2,6947,8.762,7.2996,77
3,6947,8.762,7.3232,78
0,6948,8.762,7.2574,71
1,6948,8.762,7.2796,78
2,6948,8.762,7.3852,80
3,6948,8.762,7.4335,75
0,6949,8.762,7.2389,82
1,6949,8.762,7.2507,77
2,6949,8.762,7.324,74
3,6949,8.762,7.248,84
0,6950,8.762,7.4031,65
1,6950,8.762,7.0627,77
2,6950,8.762,7.4371,67
3,6950,8.762,7.3104,65
0,6951,8.762,7.3564,73
1,6951,8.762,7.2674,81
2,6951,8.762,7.2571,75
3,6951,8.762,7.0979,81
0,6952,8.762,7.4094,79
1,6952,8.762,7.2395,77
2,6952,8.762,7.3906,69
3,6952,8.762,7.1802,76
0,6953,8.762,7.1461,81
1,6953,8.762,7.2888,78
2,6953,8.762,7.286,73
3,6953,8.762,7.3685,82
0,6954,8.762,7.2719,78
1,6954,8.762,7.3421,74
2,6954,8.762,7.2895,79
3,6954,8.762,7.2635,68
0,6955,8.762,7.3187,72
1,6955,8.762,7.3035,80
2,6955,8.762,7.3056,79
3,6955,8.762,7.2911,72
0,6956,8.762,7.3435,68
1,6956,8.762,7.0788,75
2,6956,8.762,7.278,67
3,6956,8.762,7.2627,89
0,6957,8.762,7.1716,84
1,6957,8.762,7.2361,78
2,6957,8.762,7.4831,80
3,6957,8.762,7.2489,79
0,6958,8.762,7.2156,77
1,6958,8.762,7.1506,82
2,6958,8.762,7.3874,73
3,6958,8.762,7.2507,70
0,6959,8.762,7.3441,75
1,6959,8.762,7.4156,74
2,6959,8.762,7.3406,78
3,6959,8.762,7.3532,68
0,6960,8.762,7.2669,75
1,6960,8.762,7.3905,77
2,6960,8.762,7.2476,79
3,6960,8.762,7.458,72
0,6961,8.762,7.2745,79
1,6961,8.762,7.2024,76
2,6961,8.762,7.3923,73
3,6961,8.762,7.1823,77
0,6962,8.762,7.2311,75
1,6962,8.762,7.069,80
2,6962,8.762,7.1967,88
3,6962,8.762,7.4139,75
0,6963,8.762,7.1511,92
1,6963,8.762,7.2751,71
2,6963,8.762,7.2051,73
3,6963,8.762,7.5015,66
0,6964,8.762,7.1497,83
1,6964,8.762,7.4137,74
2,6964,8.762,7.3846,71
3,6964,8.762,7.3597,73
0,6965,8.762,7.2984,82
1,6965,8.762,7.2801,81
2,6965,8.762,7.2925,77
3,6965,8.762,7.3651,82
0,6966,8.762,7.3434,76
1,6966,8.762,7.1899,79
2,6966,8.762,7.1527,79
3,6966,8.762,7.1243,73
0,6967,8.762,7.4298,65
1,6967,8.762,7.1956,77
2,6967,8.762,7.3093,80
3,6967,8.762,7.4218,76
0,6968,8.762,7.2279,74
1,6968,8.762,7.1814,76
2,6968,8.762,7.3532,74
3,6968,8.762,7.3919,71
0,6969,8.762,7.3215,79
1,6969,8.762,7.3843,82
2,6969,8.762,7.3372,77
3,6969,8.762,7.1476,75
0,6970,8.762,7.2338,83
1,6970,8.762,7.1709,75
2,6970,8.762,7.2771,74
3,6970,8.762,7.1069,82
0,6971,8.762,7.2517,78
1,6971,8.762,7.2572,75
2,6971,8.762,7.3782,79
3,6971,8.762,7.1785,71
0,6972,8.762,7.2667,80
1,6972,8.762,7.3439,70
2,6972,8.762,7.291,71
3,6972,8.762,7.387,74
0,6973,8.762,7.4428,68
1,6973,8.762,7.3283,89
2,6973,8.762,7.1944,83
3,6973,8.762,7.3119,73
0,6974,8.762,7.3396,73
1,6974,8.762,7.3593,73
2,6974,8.762,7.4023,73
3,6974,8.762,7.4024,70
0,6975,8.762,7.318,81
1,6975,8.762,7.2436,78
2,6975,8.762,7.3708,75
3,6975,8.762,7.2769,80
0,6976,8.762,7.2706,73
1,6976,8.762,7.2944,75
2,6976,8.762,7.3295,80
3,6976,8.762,7.2696,78
0,6977,8.762,7.325,75
1,6977,8.762,7.2893,83
2,6977,8.762,7.4519,74
3,6977,8.762,7.3568,76
0,6978,8.762,7.1789,79
1,6978,8.762,7.0326,83
2,6978,8.762,7.244,88
3,6978,8.762,7.2797,78
0,6979,8.762,7.4901,72
1,6979,8.762,7.2434,71
2,6979,8.762,7.1915,82
3,6979,8.762,7.3426,73
0,6980,8.762,7.3461,87
1,6980,8.762,7.2416,74
2,6980,8.762,7.1791,80
3,6980,8.762,7.0382,91
0,6981,8.762,7.0548,79
1,6981,8.762,7.4032,71
2,6981,8.762,7.2195,82
3,6981,8.762,7.2699,79
0,6982,8.762,7.1473,80
1,6982,8.762,7.2824,77
2,6982,8.762,7.3437,76
3,6982,8.762,7.3431,73
0,6983,8.762,7.3178,74
1,6983,8.762,7.3477,77
2,6983,8.762,7.2728,78
3,6983,8.762,7.1508,77
0,6984,8.762,7.2056,79
1,6984,8.762,7.2914,74
2,6984,8.762,7.2603,74
3,6984,8.762,7.3347,83
0,6985,8.762,7.4087,70
1,6985,8.762,7.1923,77
2,6985,8.762,7.4965,76
3,6985,8.762,7.2696,79
0,6986,8.762,7.3155,74
1,6986,8.762,7.4047,81
2,6986,8.762,7.1715,80
3,6986,8.762,7.3216,73
0,6987,8.762,7.0089,92
1,6987,8.762,7.3667,76
2,6987,8.762,7.3067,80
3,6987,8.762,7.2002,83
0,6988,8.762,7.1626,71
1,6988,8.762,7.4507,75
2,6988,8.762,7.3229,72
3,6988,8.762,7.3812,77
0,6989,8.762,7.2415,79
1,6989,8.762,7.1151,80
2,6989,8.762,7.2434,76
3,6989,8.762,7.3768,71
0,6990,8.762,7.3826,74
1,6990,8.762,7.4433,78
2,6990,8.762,7.2816,85
3,6990,8.762,7.4661,66
0,6991,8.762,7.1633,87
1,6991,8.762,6.9993,96
2,6991,8.762,7.2532,79
3,6991,8.762,7.1984,77
0,6992,8.762,7.3445,74
1,6992,8.762,7.3927,67
2,6992,8.762,7.2269,84
3,6992,8.762,7.3492,70
0,6993,8.762,7.2543,76
1,6993,8.762,7.2671,84
2,6993,8.762,7.192,81
3,6993,8.762,7.2807,85
0,6994,8.762,7.3091,74
1,6994,8.762,7.2876,69
2,6994,8.762,7.2547,78
3,6994,8.762,7.2784,70
0,6995,8.762,7.1669,77
1,6995,8.762,7.1937,76
2,6995,8.762,7.4257,74
3,6995,8.762,7.2806,68
0,6996,8.762,7.1832,77
1,6996,8.762,7.3636,73
2,6996,8.762,7.229,81
3,6996,8.762,7.2104,87
0,6997,8.762,7.1174,86
1,6997,8.762,7.3554,78
2,6997,8.762,7.2388,76
3,6997,8.762,7.0992,85
0,6998,8.762,7.197,88
1,6998,8.762,7.3283,75
2,6998,8.762,7.3577,77
3,6998,8.762,7.4378,72
0,6999,8.762,7.2707,74
1,6999,8.762,7.3158,76
2,6999,8.762,7.2264,82
3,6999,8.762,7.1953,75
0,7000,8.762,7.3217,78
1,7000,8.762,7.1848,75
2,7000,8.762,7.2418,72
3,7000,8.762,7.2888,78
0,7001,8.762,7.1696,85
1,7001,8.762,7.0117,79
2,7001,8.762,7.2621,81
3,7001,8.762,7.4027,73
0,7002,8.762,7.0898,76
1,7002,8.762,7.4044,72
2,7002,8.762,7.2126,85
3,7002,8.762,7.2757,84
0,7003,8.762,7.1955,87
1,7003,8.762,7.2772,82
2,7003,8.762,7.1448,80
3,7003,8.762,7.2424,84
0,7004,8.762,7.1604,81
1,7004,8.762,7.256,85
2,7004,8.762,7.3605,79
3,7004,8.762,7.2489,83
0,7005,8.762,7.2971,82
1,7005,8.762,7.3272,75
2,7005,8.762,7.3606,77
3,7005,8.762,7.2921,76
0,7006,8.762,7.1514,87
1,7006,8.762,7.1909,82
2,7006,8.762,7.3155,67
3,7006,8.762,7.2989,95
0,7007,8.762,7.2571,79
1,7007,8.762,7.0349,97
2,7007,8.762,7.1917,86
3,7007,8.762,7.2132,83
0,7008,8.762,7.2092,79
1,7008,8.762,7.2626,87
2,7008,8.762,7.3737,76
3,7008,8.762,7.1716,77
0,7009,8.762,7.3366,78
1,7009,8.762,7.2369,82
2,7009,8.762,7.2604,88
3,7009,8.762,7.2175,80
0,7010,8.762,7.2949,72
1,7010,8.762,7.1401,91
2,7010,8.762,7.0918,93
3,7010,8.762,7.2912,76
0,7011,8.762,7.136,83
1,7011,8.762,7.1508,83
2,7011,8.762,7.2828,83
3,7011,8.762,7.3521,85
0,7012,8.762,7.049,90
1,7012,8.762,7.4053,72
2,7012,8.762,7.1402,84
3,7012,8.762,7.3903,76
0,7013,8.762,7.0558,91
1,7013,8.762,7.0835,79
2,7013,8.762,7.0531,102
3,7013,8.762,7.0869,88
0,7014,8.762,7.4468,75
1,7014,8.762,7.2367,84
2,7014,8.762,7.3292,84
3,7014,8.762,7.2139,80
0,7015,8.762,7.1801,92
1,7015,8.762,7.2607,74
2,7015,8.762,7.1316,85
3,7015,8.762,7.3292,76
0,7016,8.762,7.1605,81
1,7016,8.762,7.3191,74
2,7016,8.762,7.2035,80
3,7016,8.762,7.2377,82
0,7017,8.762,7.1755,82
1,7017,8.762,7.158,88
2,7017,8.762,7.1628,85
3,7017,8.762,7.1273,88
0,7018,8.762,7.2186,76
1,7018,8.762,7.2058,85
2,7018,8.762,7.3266,69
3,7018,8.762,7.1155,87
0,7019,8.762,7.1137,88
1,7019,8.762,7.3308,79
2,7019,8.762,7.3598,82
3,7019,8.762,7.3298,81
0,7020,8.762,7.1997,95
1,7020,8.762,7.2688,77
2,7020,8.762,7.1335,80
3,7020,8.762,7.2392,85
0,7021,8.762,7.2253,90
1,7021,8.762,7.1567,86
2,7021,8.762,7.2419,84
3,7021,8.762,7.225,78
0,7022,8.762,7.199,75
1,7022,8.762,7.2241,82
2,7022,8.762,7.1565,78
3,7022,8.762,7.0106,82
0,7023,8.762,7.2221,93
1,7023,8.762,7.3442,82
2,7023,8.762,6.961,93
3,7023,8.762,7.1698,78
0,7024,8.762,7.3004,78
1,7024,8.762,7.1454,88
2,7024,8.762,7.2142,88
3,7024,8.762,7.1395,79
0,7025,8.762,7.2408,85
1,7025,8.762,7.1991,80
2,7025,8.762,7.2022,90
3,7025,8.762,7.3487,89
0,7026,8.762,7.3235,66
1,7026,8.762,7.2473,78
2,7026,8.762,7.265,88
3,7026,8.762,7.2714,89
0,7027,8.762,7.2543,83
1,7027,8.762,7.1331,86
2,7027,8.762,7.21,90
3,7027,8.762,7.1967,75
0,7028,8.762,7.1708,83
1,7028,8.762,7.3665,76
2,7028,8.762,7.2722,80
3,7028,8.762,7.1859,84
0,7029,8.762,7.2236,79
1,7029,8.762,7.316,83
2,7029,8.762,7.1768,92
3,7029,8.762,7.4567,74
0,7030,8.762,7.2212,75
1,7030,8.762,7.3739,81
2,7030,8.762,7.3563,81
3,7030,8.762,7.3326,75
0,7031,8.762,7.2225,85
1,7031,8.762,7.2583,76
2,7031,8.762,7.0421,85
3,7031,8.762,7.2338,80
0,7032,8.762,7.3186,86
1,7032,8.762,7.3796,85
2,7032,8.762,7.1408,86
3,7032,8.762,7.1713,82
0,7033,8.762,7.2006,82
1,7033,8.762,7.2763,81
2,7033,8.762,7.2702,82
3,7033,8.762,7.262,76
0,7034,8.762,7.3071,84
1,7034,8.762,7.0349,97
2,7034,8.762,7.2907,86
3,7034,8.762,7.1703,81
0,7035,8.762,7.4285,74
1,7035,8.762,7.3452,76
2,7035,8.762,7.4144,85
3,7035,8.762,7.1425,76
0,7036,8.762,7.2228,84
1,7036,8.762,7.2815,64
2,7036,8.762,7.1731,78
3,7036,8.762,7.4214,69
0,7037,8.762,7.323,80
1,7037,8.762,7.337,72
2,7037,8.762,7.4048,75
3,7037,8.762,7.1713,89
0,7038,8.762,7.2319,82
1,7038,8.762,7.3256,85
2,7038,8.762,7.2329,86
3,7038,8.762,7.1547,87
0,7039,8.762,7.2398,81
1,7039,8.762,7.2312,74
2,7039,8.762,7.2794,80
3,7039,8.762,7.3085,91
0,7040,8.762,7.1439,84
1,7040,8.762,7.0839,85
2,7040,8.762,7.1673,84
3,7040,8.762,7.2332,89
0,7041,8.762,7.2544,75
1,7041,8.762,7.0589,94
2,7041,8.762,7.1971,88
3,7041,8.762,7.2782,76
0,7042,8.762,7.3153,76
1,7042,8.762,7.1514,78
2,7042,8.762,7.2126,87
3,7042,8.762,7.1555,87
0,7043,8.762,7.4187,81
1,7043,8.762,7.2034,83
2,7043,8.762,7.1643,84
3,7043,8.762,7.2267,84
0,7044,8.762,7.2485,84
1,7044,8.762,7.2617,70
2,7044,8.762,7.2825,77
3,7044,8.762,7.2407,76
0,7045,8.762,7.225,75
1,7045,8.762,7.298,79
2,7045,8.762,7.0952,82
3,7045,8.762,7.4223,77
0,7046,8.762,7.0893,92
1,7046,8.762,7.1631,76
2,7046,8.762,7.2367,73
3,7046,8.762,7.1772,95
0,7047,8.762,7.348,73
1,7047,8.762,7.2725,81
2,7047,8.762,7.415,70
3,7047,8.762,7.2047,87
0,7048,8.762,7.1365,87
1,7048,8.762,7.1864,81
2,7048,8.762,6.9993,89
3,7048,8.762,7.3902,74
0,7049,8.762,7.2006,91
1,7049,8.762,7.2555,89
2,7049,8.762,7.2319,84
3,7049,8.762,7.3637,71
0,7050,8.762,7.1373,96
1,7050,8.762,7.2915,68
2,7050,8.762,7.2305,88
3,7050,8.762,7.1521,86
0,7051,8.762,7.3321,78
1,7051,8.762,7.144,86
2,7051,8.762,7.2565,76
3,7051,8.762,7.2502,78
0,7052,8.762,7.2324,82
1,7052,8.762,7.2927,87
2,7052,8.762,7.2676,76
3,7052,8.762,7.214,89
0,7053,8.762,7.2993,84
1,7053,8.762,7.097,88
2,7053,8.762,7.2055,84
3,7053,8.762,7.157,89
0,7054,8.762,7.2554,81
1,7054,8.762,7.1841,82
2,7054,8.762,7.1472,76
3,7054,8.762,7.0922,84
0,7055,8.762,7.2433,68
1,7055,8.762,7.2381,77
2,7055,8.762,7.1207,81
3,7055,8.762,7.3182,76
0,7056,8.762,7.2006,90
1,7056,8.762,7.2792,76
2,7056,8.762,7.1989,84
3,7056,8.762,7.1888,81
0,7057,8.762,7.2752,87
1,7057,8.762,7.2272,79
2,7057,8.762,7.1651,83
3,7057,8.762,7.2122,81
0,7058,8.762,7.2565,81
1,7058,8.762,7.1097,84
2,7058,8.762,7.1579,85
3,7058,8.762,7.2591,71
0,7059,8.762,7.3403,71
1,7059,8.762,7.2786,78
2,7059,8.762,7.1794,88
3,7059,8.762,7.3768,74
0,7060,8.762,7.2448,79
1,7060,8.762,7.3673,83
2,7060,8.762,7.149,75
3,7060,8.762,7.3868,72
0,7061,8.762,7.2526,81
1,7061,8.762,7.2121,79
2,7061,8.762,7.2055,73
3,7061,8.762,7.327,85
0,7062,8.762,7.1877,91
1,7062,8.762,7.3586,67
2,7062,8.762,7.2963,81
3,7062,8.762,7.1819,82
0,7063,8.762,7.202,88
1,7063,8.762,7.1676,84
2,7063,8.762,7.2853,78
3,7063,8.762,7.2543,79
0,7064,8.762,7.4012,80
1,7064,8.762,7.1399,82
2,7064,8.762,7.2047,86
3,7064,8.762,7.156,88
0,7065,8.762,7.2208,87
1,7065,8.762,7.3174,83
2,7065,8.762,7.1732,85
3,7065,8.762,7.2812,76
0,7066,8.762,7.197,84
1,7066,8.762,7.314,82
2,7066,8.762,7.3344,77
3,7066,8.762,7.2686,86
0,7067,8.762,7.2351,87
1,7067,8.762,7.2948,82
2,7067,8.762,7.2593,76
3,7067,8.762,7.3939,80
0,7068,8.762,7.2121,88
1,7068,8.762,7.3159,82
2,7068,8.762,7.1155,85
3,7068,8.762,7.4045,80
0,7069,8.762,7.0327,86
1,7069,8.762,7.3102,87
2,7069,8.762,7.2217,75
3,7069,8.762,7.1581,85
0,7070,8.762,7.2028,77
1,7070,8.762,7.1367,86
2,7070,8.762,7.2953,87
3,7070,8.762,7.4096,65
0,7071,8.762,7.1556,90
1,7071,8.762,7.2408,85
2,7071,8.762,7.3081,83
3,7071,8.762,7.3121,84
0,7072,8.762,7.1972,85
1,7072,8.762,7.1142,90
2,7072,8.762,7.1722,83
3,7072,8.762,7.2164,79
0,7073,8.762,7.1916,89
1,7073,8.762,7.3033,75
2,7073,8.762,7.1164,91
3,7073,8.762,7.403,68
0,7074,8.762,7.3681,82
1,7074,8.762,7.2329,77
2,7074,8.762,7.1733,70
3,7074,8.762,7.2704,78
0,7075,8.762,7.1726,83
1,7075,8.762,7.2429,84
2,7075,8.762,7.2437,82
3,7075,8.762,7.2647,90
0,7076,8.762,7.3316,78
1,7076,8.762,7.3612,77
2,7076,8.762,7.0916,92
3,7076,8.762,7.3239,76
0,7077,8.762,7.1332,88
1,7077,8.762,7.3866,75
2,7077,8.762,7.4133,83
3,7077,8.762,7.1505,90
0,7078,8.762,7.3238,81
1,7078,8.762,7.2981,87
2,7078,8.762,7.2395,79
3,7078,8.762,7.1379,81
0,7079,8.762,7.3735,72
1,7079,8.762,7.3869,76
2,7079,8.762,7.2824,82
3,7079,8.762,7.1324,82
0,7080,8.762,7.2035,84
1,7080,8.762,7.2302,82
2,7080,8.762,7.1745,79
3,7080,8.762,7.0841,87
0,7081,8.762,7.3373,89
1,7081,8.762,7.3307,83
2,7081,8.762,7.465,78
3,7081,8.762,7.2351,73
0,7082,8.762,7.1082,90
1,7082,8.762,7.2326,83
2,7082,8.762,7.2398,83
3,7082,8.762,7.2784,79
0,7083,8.762,7.1427,86
1,7083,8.762,7.297,74
2,7083,8.762,7.1852,83
3,7083,8.762,7.0519,93
0,7084,8.762,7.3035,78
1,7084,8.762,7.1341,81
2,7084,8.762,7.2089,87
3,7084,8.762,7.3763,69
0,7085,8.762,7.3237,82
1,7085,8.762,7.1942,79
2,7085,8.762,7.2388,83
3,7085,8.762,7.2804,80
0,7086,8.762,7.3241,79
1,7086,8.762,7.1453,90
2,7086,8.762,7.1745,87
3,7086,8.762,7.2958,83
0,7087,8.762,7.2079,76
1,7087,8.762,7.2133,78
2,7087,8.762,7.053,82
3,7087,8.762,7.2116,77
0,7088,8.762,7.3069,78
1,7088,8.762,7.256,79
2,7088,8.762,7.3215,80
3,7088,8.762,7.1783,89
0,7089,8.762,7.2591,87
1,7089,8.762,7.2623,82
2,7089,8.762,7.2274,85
3,7089,8.762,7.3599,78
0,7090,8.762,7.2683,84
1,7090,8.762,7.3871,72
2,7090,8.762,7.3192,79
3,7090,8.762,7.2536,73
0,7091,8.762,7.3966,79
1,7091,8.762,7.4299,67
2,7091,8.762,7.2467,73
3,7091,8.762,7.2321,81
0,7092,8.762,7.2597,84
1,7092,8.762,7.1847,80
2,7092,8.762,7.324,79
3,7092,8.762,7.2433,86
0,7093,8.762,7.3751,75
1,7093,8.762,7.2818,75
2,7093,8.762,7.228,82
3,7093,8.762,7.1243,88
0,7094,8.762,7.171,87
1,7094,8.762,7.2945,84
2,7094,8.762,7.1193,89
3,7094,8.762,7.1525,80
0,7095,8.762,7.3031,78
1,7095,8.762,7.2388,86
2,7095,8.762,7.1382,79
3,7095,8.762,7.2141,75
0,7096,8.762,7.171,79
1,7096,8.762,7.3399,77
2,7096,8.762,7.1957,89
3,7096,8.762,7.1698,83
0,7097,8.762,7.3844,76
1,7097,8.762,7.2842,86
2,7097,8.762,7.2722,77
3,7097,8.762,7.1618,77
0,7098,8.762,7.3262,79
1,7098,8.762,7.1063,85
2,7098,8.762,7.4308,82
3,7098,8.762,7.1846,81
0,7099,8.762,7.1569,85
1,7099,8.762,7.3131,81
2,7099,8.762,7.2856,81
3,7099,8.762,7.2911,75
0,7100,8.762,7.3446,83
1,7100,8.762,7.2328,74
2,7100,8.762,7.2118,82
3,7100,8.762,7.1417,90
0,7101,8.762,7.3476,78
1,7101,8.762,7.1561,86
2,7101,8.762,7.3579,89
3,7101,8.762,7.3058,76
0,7102,8.762,7.2975,90
1,7102,8.762,7.1627,75
2,7102,8.762,7.2055,78
3,7102,8.762,7.1868,79
0,7103,8.762,7.1962,74
1,7103,8.762,7.0322,90
2,7103,8.762,7.2168,79
3,7103,8.762,7.3177,69
0,7104,8.762,7.1406,93
1,7104,8.762,7.2728,79
2,7104,8.762,7.4236,73
3,7104,8.762,7.3625,79
0,7105,8.762,7.1166,80
1,7105,8.762,7.4202,73
2,7105,8.762,7.1707,79
3,7105,8.762,7.2512,85
0,7106,8.762,7.1752,98
1,7106,8.762,7.1834,77
2,7106,8.762,7.2096,77
3,7106,8.762,7.1937,75
0,7107,8.762,7.2122,81
1,7107,8.762,7.2846,82
2,7107,8.762,7.2113,79
3,7107,8.762,7.154,73
0,7108,8.762,7.2335,81
1,7108,8.762,7.3038,82
2,7108,8.762,7.253,77
3,7108,8.762,7.3064,80
0,7109,8.762,7.2188,83
1,7109,8.762,7.3713,71
2,7109,8.762,7.3644,83
3,7109,8.762,7.3075,83
0,7110,8.762,7.2103,90
1,7110,8.762,7.2645,92
2,7110,8.762,7.2836,79
3,7110,8.762,7.1776,81
0,7111,8.762,7.4913,74
1,7111,8.762,7.2435,81
2,7111,8.762,7.3693,74
3,7111,8.762,7.2139,79
0,7112,8.762,7.1924,81
1,7112,8.762,7.3016,81
2,7112,8.762,7.3157,73
3,7112,8.762,7.1777,93
0,7113,8.762,7.2115,87
1,7113,8.762,7.2315,80
2,7113,8.762,7.1649,90
3,7113,8.762,7.2208,81
0,7114,8.762,7.1611,86
1,7114,8.762,7.4204,72
2,7114,8.762,7.3684,79
3,7114,8.762,7.1824,79
0,7115,8.762,7.1901,82
1,7115,8.762,7.2719,72
2,7115,8.762,7.3429,75
3,7115,8.762,7.0938,86
0,7116,8.762,7.2402,75
1,7116,8.762,7.1499,77
2,7116,8.762,7.334,71
3,7116,8.762,7.2535,81
0,7117,8.762,7.2967,83
1,7117,8.762,7.0996,81
2,7117,8.762,7.2318,79
3,7117,8.762,7.1831,80
0,7118,8.762,7.2314,79
1,7118,8.762,7.2523,75
2,7118,8.762,7.1269,82
3,7118,8.762,7.2104,81
0,7119,8.762,7.1999,89
1,7119,8.762,7.1915,78
2,7119,8.762,7.3218,77
3,7119,8.762,7.1739,92
0,7120,8.762,7.0524,90
1,7120,8.762,7.282,69
2,7120,8.762,7.1722,77
3,7120,8.762,7.1637,85
0,7121,8.762,7.3187,85
1,7121,8.762,7.4274,72
2,7121,8.762,7.2224,87
3,7121,8.762,7.2043,78
0,7122,8.762,7.3094,77
1,7122,8.762,7.2619,84
2,7122,8.762,7.2522,81
3,7122,8.762,7.2484,75
0,7123,8.762,7.2166,96
1,7123,8.762,7.215,84
2,7123,8.762,7.153,80
3,7123,8.762,7.3037,75
0,7124,8.762,7.064,92
1,7124,8.762,7.1872,73
2,7124,8.762,7.2531,77
3,7124,8.762,7.3071,77
0,7125,8.762,7.3568,76
1,7125,8.762,7.1014,93
2,7125,8.762,7.2129,86
3,7125,8.762,7.2341,78
0,7126,8.762,7.2812,81
1,7126,8.762,7.2097,76
2,7126,8.762,7.3022,85
3,7126,8.762,7.2795,81
0,7127,8.762,7.2186,85
1,7127,8.762,7.1288,80
2,7127,8.762,7.3043,71
3,7127,8.762,7.2166,79
0,7128,8.762,7.1958,91
1,7128,8.762,7.0697,92
2,7128,8.762,7.2764,83
3,7128,8.762,7.1672,88
0,7129,8.762,7.1879,93
1,7129,8.762,7.2774,91
2,7129,8.762,7.1864,75
3,7129,8.762,7.3121,84
0,7130,8.762,7.2921,86
1,7130,8.762,7.2629,81
2,7130,8.762,7.3311,84
3,7130,8.762,7.3006,95
0,7131,8.762,7.3108,72
1,7131,8.762,7.3187,83
2,7131,8.762,7.2135,84
3,7131,8.762,7.1915,80
0,7132,8.762,7.1743,83
1,7132,8.762,7.1696,79
2,7132,8.762,7.2735,87
3,7132,8.762,7.3305,72
0,7133,8.762,7.1309,85
1,7133,8.762,7.1732,87
2,7133,8.762,7.3016,75
3,7133,8.762,7.2479,83
0,7134,8.762,7.1534,82
1,7134,8.762,7.1364,86
2,7134,8.762,7.3579,74
3,7134,8.762,7.144,87
0,7135,8.762,7.2041,81
1,7135,8.762,7.1526,88
2,7135,8.762,7.3288,75
3,7135,8.762,7.3052,81
0,7136,8.762,7.3328,76
1,7136,8.762,7.2021,85
2,7136,8.762,7.2921,90
3,7136,8.762,7.407,64
0,7137,8.762,7.2525,78
1,7137,8.762,7.1551,77
2,7137,8.762,7.2297,87
3,7137,8.762,7.1356,87
0,7138,8.762,7.2591,79
1,7138,8.762,7.2174,78
2,7138,8.762,7.1314,82
3,7138,8.762,7.2748,78
0,7139,8.762,7.3738,76
1,7139,8.762,7.2682,72
2,7139,8.762,7.204,92
3,7139,8.762,7.2369,89
0,7140,8.762,7.3005,75
1,7140,8.762,7.4131,76
2,7140,8.762,7.2747,78
3,7140,8.762,7.0854,91
0,7141,8.762,7.1838,82
1,7141,8.762,7.2061,84
2,7141,8.762,7.3323,74
3,7141,8.762,6.9817,93
0,7142,8.762,7.2161,83
1,7142,8.762,7.2829,81
2,7142,8.762,7.4049,82
3,7142,8.762,7.3782,66
0,7143,8.762,7.2806,86
1,7143,8.762,7.3955,73
2,7143,8.762,7.3752,61
3,7143,8.762,7.2941,78
0,7144,8.762,7.1247,83
1,7144,8.762,7.357,87
2,7144,8.762,7.1437,80
3,7144,8.762,7.2005,85
0,7145,8.762,7.156,82
1,7145,8.762,7.2322,70
2,7145,8.762,7.1912,78
3,7145,8.762,7.1454,92
0,7146,8.762,7.3912,68
1,7146,8.762,7.2029,86
2,7146,8.762,7.2597,73
3,7146,8.762,7.2584,75
0,7147,8.762,7.2101,76
1,7147,8.762,7.3362,87
2,7147,8.762,7.1748,85
3,7147,8.762,7.2274,84
0,7148,8.762,7.1166,72
1,7148,8.762,7.2907,87
2,7148,8.762,7.2639,81
3,7148,8.762,7.215,80
0,7149,8.762,7.2018,84
1,7149,8.762,7.2497,86
2,7149,8.762,7.2665,76
3,7149,8.762,7.1937,86
0,7150,8.762,7.1938,73
1,7150,8.762,7.1355,86
2,7150,8.762,7.3424,77
3,7150,8.762,7.4105,84
0,7151,8.762,7.265,82
1,7151,8.762,7.1296,82
2,7151,8.762,7.3165,87
3,7151,8.762,7.2562,78
0,7152,8.762,7.2625,83
1,7152,8.762,7.4054,72
2,7152,8.762,7.3204,74
3,7152,8.762,7.1275,83
0,7153,8.762,7.3599,75
1,7153,8.762,7.3763,76
2,7153,8.762,7.2656,79
3,7153,8.762,7.1936,84
0,7154,8.762,7.3265,83
1,7154,8.762,7.2261,79
2,7154,8.762,7.1821,80
3,7154,8.762,7.2248,78
0,7155,8.762,7.2583,69
1,7155,8.762,7.3145,72
2,7155,8.762,7.2383,80
3,7155,8.762,7.2978,82
0,7156,8.762,7.2785,87
1,7156,8.762,7.2984,81
2,7156,8.762,7.1861,81
3,7156,8.762,7.2958,77
0,7157,8.762,7.0902,88
1,7157,8.762,7.1771,84
2,7157,8.762,7.2998,84
3,7157,8.762,7.2477,80
0,7158,8.762,7.2874,80
1,7158,8.762,7.16,84
2,7158,8.762,7.2626,77
3,7158,8.762,7.1355,86
0,7159,8.762,7.1079,85
1,7159,8.762,7.2458,87
2,7159,8.762,7.2331,82
3,7159,8.762,7.2661,80
0,7160,8.762,7.2292,76
1,7160,8.762,7.1641,90
2,7160,8.762,7.1763,79
3,7160,8.762,7.2574,74
0,7161,8.762,7.0638,88
1,7161,8.762,7.2113,76
2,7161,8.762,7.2505,88
3,7161,8.762,7.1408,87
0,7162,8.762,7.1465,90
1,7162,8.762,7.1406,85
2,7162,8.762,7.2442,82
3,7162,8.762,7.3229,82
0,7163,8.762,7.1814,91
1,7163,8.762,7.1964,90
2,7163,8.762,7.1987,85
3,7163,8.762,7.3337,74
0,7164,8.762,7.3521,85
1,7164,8.762,7.1348,82
2,7164,8.762,7.3,81
3,7164,8.762,7.2126,85
0,7165,8.762,7.2325,87
1,7165,8.762,7.2085,91
2,7165,8.762,7.3159,75
3,7165,8.762,7.3,79
0,7166,8.762,7.1824,80
1,7166,8.762,7.3302,73
2,7166,8.762,7.2767,87
3,7166,8.762,7.139,89
0,7167,8.762,7.3556,81
1,7167,8.762,7.3084,84
2,7167,8.762,7.4092,80
3,7167,8.762,7.1788,90
0,7168,8.762,7.3051,77
1,7168,8.762,7.2387,81
2,7168,8.762,7.3105,79
3,7168,8.762,7.227,85
0,7169,8.762,7.3751,72
1,7169,8.762,7.3709,83
2,7169,8.762,7.2101,83
3,7169,8.762,7.1945,84
0,7170,8.762,7.3015,84
1,7170,8.762,7.1623,89
2,7170,8.762,7.3294,78
3,7170,8.762,7.3702,71
0,7171,8.762,7.2798,73
1,7171,8.762,7.3407,80
2,7171,8.762,7.0625,80
3,7171,8.762,7.3497,74
0,7172,8.762,7.3348,79
1,7172,8.762,7.2937,77
2,7172,8.762,7.3134,83
3,7172,8.762,7.2965,84
0,7173,8.762,7.1063,87
1,7173,8.762,7.1063,77
2,7173,8.762,7.1536,91
3,7173,8.762,7.3438,75
0,7174,8.762,7.1998,77
1,7174,8.762,7.0994,88
2,7174,8.762,7.2887,80
3,7174,8.762,7.2708,85
0,7175,8.762,7.3177,73
1,7175,8.762,7.2639,76
2,7175,8.762,7.2397,80
3,7175,8.762,7.1662,81
0,7176,8.762,7.0875,88
1,7176,8.762,7.4089,64
2,7176,8.762,7.1776,87
3,7176,8.762,7.1345,81
0,7177,8.762,7.2142,84
1,7177,8.762,7.2431,92
2,7177,8.762,7.3076,83
3,7177,8.762,7.2508,76
0,7178,8.762,7.2694,81
1,7178,8.762,7.2343,82
2,7178,8.762,7.1954,75
3,7178,8.762,7.4859,70
0,7179,8.762,7.3008,76
1,7179,8.762,7.2836,72
2,7179,8.762,7.2609,75
3,7179,8.762,7.0435,92
0,7180,8.762,7.3114,82
1,7180,8.762,7.048,93
2,7180,8.762,7.1271,76
3,7180,8.762,7.1488,89
0,7181,8.762,7.3155,87
1,7181,8.762,7.1522,76
2,7181,8.762,7.1737,76
3,7181,8.762,7.2399,76
0,7182,8.762,7.1741,85
1,7182,8.762,7.2684,84
2,7182,8.762,7.3328,76
3,7182,8.762,7.2775,66
0,7183,8.762,7.3425,81
1,7183,8.762,7.0977,85
2,7183,8.762,7.2713,81
3,7183,8.762,7.3707,75
0,7184,8.762,7.2864,81
1,7184,8.762,7.0855,82
2,7184,8.762,7.3121,79
3,7184,8.762,7.3493,83
0,7185,8.762,7.1295,90
1,7185,8.762,7.2139,79
2,7185,8.762,7.3058,74
3,7185,8.762,7.0781,85
0,7186,8.762,7.3929,76
1,7186,8.762,7.2259,80
2,7186,8.762,7.2012,79
3,7186,8.762,7.1901,78
0,7187,8.762,7.1993,82
1,7187,8.762,7.2364,85
2,7187,8.762,7.2345,87
3,7187,8.762,7.1046,95
0,7188,8.762,7.2281,84
1,7188,8.762,7.1934,70
2,7188,8.762,7.1499,90
3,7188,8.762,7.2634,69
0,7189,8.762,7.2279,76
1,7189,8.762,7.1401,82
2,7189,8.762,7.2636,84
3,7189,8.762,7.221,87
0,7190,8.762,7.2165,78
1,7190,8.762,7.2968,76
2,7190,8.762,7.2597,80
3,7190,8.762,7.1978,77
0,7191,8.762,7.4561,79
1,7191,8.762,7.3294,80
2,7191,8.762,7.4098,81
3,7191,8.762,7.3494,84
0,7192,8.762,7.2092,80
1,7192,8.762,7.1102,88
2,7192,8.762,7.2262,83
3,7192,8.762,7.1857,77
0,7193,8.762,7.2645,83
1,7193,8.762,7.4164,76
2,7193,8.762,7.2126,80
3,7193,8.762,7.212,78
0,7194,8.762,7.1705,81
1,7194,8.762,7.2113,89
2,7194,8.762,7.208,88
3,7194,8.762,7.1578,94
0,7195,8.762,7.1359,86
1,7195,8.762,7.1935,92
2,7195,8.762,7.2149,77
3,7195,8.762,7.2287,80
0,7196,8.762,7.1593,82
1,7196,8.762,7.1908,78
2,7196,8.762,7.2346,74
3,7196,8.762,7.3241,83
0,7197,8.762,7.2337,84
1,7197,8.762,7.0532,90
2,7197,8.762,7.3397,76
3,7197,8.762,7.1349,88
0,7198,8.762,7.3173,82
1,7198,8.762,7.3142,76
2,7198,8.762,7.2604,83
3,7198,8.762,7.1539,92
0,7199,8.762,7.2973,78
1,7199,8.762,7.2061,81
2,7199,8.762,7.1669,78
3,7199,8.762,7.3269,73
0,7200,8.762,7.2112,74
1,7200,8.762,7.1502,91
2,7200,8.762,7.2152,78
3,7200,8.762,7.3779,70
0,7201,8.762,7.2663,71
1,7201,8.762,7.2378,79
2,7201,8.762,7.1692,79
3,7201,8.762,7.1449,89
0,7202,8.762,7.2444,83
1,7202,8.762,7.0351,87
2,7202,8.762,7.204,91
3,7202,8.762,7.2672,74
0,7203,8.762,7.0616,86
1,7203,8.762,7.2005,85
2,7203,8.762,7.3021,84
3,7203,8.762,7.2228,81
0,7204,8.762,7.2289,79
1,7204,8.762,7.2062,82
2,7204,8.762,7.3441,79
3,7204,8.762,7.3856,73
0,7205,8.762,7.2883,86
1,7205,8.762,7.1913,77
2,7205,8.762,7.0874,90
3,7205,8.762,7.2886,80
0,7206,8.762,7.1968,80
1,7206,8.762,7.3238,81
2,7206,8.762,7.3317,78
3,7206,8.762,7.2423,69
0,7207,8.762,7.3037,87
1,7207,8.762,7.1502,83
2,7207,8.762,7.2423,82
3,7207,8.762,7.2356,83
0,7208,8.762,7.3082,73
1,7208,8.762,7.1717,81
2,7208,8.762,7.3125,81
3,7208,8.762,7.1654,86
0,7209,8.762,7.2606,83
1,7209,8.762,7.1194,80
2,7209,8.762,7.2044,75
3,7209,8.762,7.1704,91
0,7210,8.762,7.3685,77
1,7210,8.762,7.1724,76
2,7210,8.762,7.2204,76
3,7210,8.762,7.2149,86
0,7211,8.762,7.3592,75
1,7211,8.762,7.3035,80
2,7211,8.762,7.3213,88
3,7211,8.762,7.1684,81
0,7212,8.762,7.1987,81
1,7212,8.762,7.1937,88
2,7212,8.762,7.2714,81
3,7212,8.762,7.2461,82
0,7213,8.762,7.2494,81
1,7213,8.762,7.4005,80
2,7213,8.762,7.2814,83
3,7213,8.762,7.2798,83
0,7214,8.762,7.3032,77
1,7214,8.762,7.0191,91
2,7214,8.762,7.1859,90
3,7214,8.762,7.2384,84
0,7215,8.762,7.2837,74
1,7215,8.762,7.1504,82
2,7215,8.762,7.3632,76
3,7215,8.762,7.2874,82
0,7216,8.762,7.2519,81
1,7216,8.762,7.0104,85
2,7216,8.762,7.2801,77
3,7216,8.762,7.4159,68
0,7217,8.762,7.2859,81
1,7217,8.762,7.2104,80
2,7217,8.762,7.3837,76
3,7217,8.762,7.2253,82
0,7218,8.762,7.3571,77
1,7218,8.762,7.3186,76
2,7218,8.762,7.2514,82
3,7218,8.762,7.1374,81
0,7219,8.762,7.3768,86
1,7219,8.762,7.3275,73
2,7219,8.762,7.3345,82
3,7219,8.762,7.2692,72
0,7220,8.762,7.3727,82
1,7220,8.762,7.202,96
2,7220,8.762,6.9315,94
3,7220,8.762,7.16,83
0,7221,8.762,7.3292,79
1,7221,8.762,7.4393,83
2,7221,8.762,7.2752,77
3,7221,8.762,7.3176,72
0,7222,8.762,7.2118,84
1,7222,8.762,7.2641,78
2,7222,8.762,7.2117,90
3,7222,8.762,7.2084,86
0,7223,8.762,7.2817,80
1,7223,8.762,7.2669,73
2,7223,8.762,7.1405,85
3,7223,8.762,7.2197,81
0,7224,8.762,7.395,80
1,7224,8.762,7.3224,76
2,7224,8.762,7.2196,86
3,7224,8.762,7.2366,82
0,7225,8.762,7.3349,83
1,7225,8.762,7.1951,82
2,7225,8.762,7.2706,83
3,7225,8.762,7.0404,79
0,7226,8.762,7.1929,85
1,7226,8.762,7.1867,83
2,7226,8.762,7.2922,76
3,7226,8.762,7.1397,85
0,7227,8.762,7.1938,93
1,7227,8.762,7.2135,76
2,7227,8.762,7.278,81
3,7227,8.762,7.2616,84
0,7228,8.762,7.2507,87
1,7228,8.762,7.2552,78
2,7228,8.762,7.1814,86
3,7228,8.762,7.2033,81
0,7229,8.762,7.2606,83
1,7229,8.762,7.2624,80
2,7229,8.762,7.1729,80
3,7229,8.762,7.2827,77
0,7230,8.762,7.2619,85
1,7230,8.762,7.2461,90
2,7230,8.762,7.1849,85
3,7230,8.762,7.1001,83
0,7231,8.762,7.4045,75
1,7231,8.762,7.2221,80
2,7231,8.762,7.2502,80
3,7231,8.762,7.3402,82
0,7232,8.762,7.2649,78
1,7232,8.762,7.2765,82
2,7232,8.762,7.1421,85
3,7232,8.762,7.2064,84
0,7233,8.762,7.0329,88
1,7233,8.762,7.285,83
2,7233,8.762,7.2869,79
3,7233,8.762,7.3049,79
0,7234,8.762,7.2719,73
1,7234,8.762,7.3661,75
2,7234,8.762,7.1838,90
3,7234,8.762,7.1913,83
0,7235,8.762,7.2442,87
1,7235,8.762,7.334,76
2,7235,8.762,7.3111,83
3,7235,8.762,7.2493,87
0,7236,8.762,7.2446,83
1,7236,8.762,7.0857,88
2,7236,8.762,7.2256,79
3,7236,8.762,7.2614,77
0,7237,8.762,7.2242,88
1,7237,8.762,7.316,84
2,7237,8.762,7.398,82
3,7237,8.762,7.4638,67
0,7238,8.762,7.0635,89
1,7238,8.762,7.2913,82
2,7238,8.762,7.1641,88
3,7238,8.762,7.2245,86
0,7239,8.762,7.2819,74
1,7239,8.762,7.2756,76
2,7239,8.762,7.3656,80
3,7239,8.762,7.4187,78
0,7240,8.762,7.0192,90
1,7240,8.762,7.3355,72
2,7240,8.762,7.2937,80
3,7240,8.762,7.2381,74
0,7241,8.762,7.1868,82
1,7241,8.762,7.2674,72
2,7241,8.762,7.1335,86
3,7241,8.762,7.2762,77
0,7242,8.762,7.1771,87
1,7242,8.762,7.1503,91
2,7242,8.762,7.3816,76
3,7242,8.762,7.2575,89
0,7243,8.762,7.3003,76
1,7243,8.762,7.2525,84
2,7243,8.762,7.4535,66
3,7243,8.762,7.3117,70
0,7244,8.762,7.3604,78
1,7244,8.762,7.186,87
2,7244,8.762,7.2661,77
3,7244,8.762,7.18,78
0,7245,8.762,7.2652,87
1,7245,8.762,7.3082,80
2,7245,8.762,7.2621,77
3,7245,8.762,7.2278,85
0,7246,8.762,7.258,83
1,7246,8.762,7.1335,86
2,7246,8.762,7.248,82
3,7246,8.762,7.2299,72
0,7247,8.762,7.3971,85
1,7247,8.762,7.1411,86
2,7247,8.762,7.1263,86
3,7247,8.762,7.2824,90
0,7248,8.762,7.3435,73
1,7248,8.762,7.211,83
2,7248,8.762,7.2314,83
3,7248,8.762,7.2407,75
0,7249,8.762,7.1641,84
1,7249,8.762,7.2648,81
2,7249,8.762,7.1791,84
3,7249,8.762,7.1719,87
0,7250,8.762,7.1227,91
1,7250,8.762,7.2871,73
2,7250,8.762,7.2971,81
3,7250,8.762,7.2932,78
0,7251,8.762,7.1471,87
1,7251,8.762,7.2288,84
2,7251,8.762,7.2362,85
3,7251,8.762,7.1585,86
0,7252,8.762,7.4022,76
1,7252,8.762,7.4208,71
2,7252,8.762,7.305,75
3,7252,8.762,7.2228,88
0,7253,8.762,7.1026,91
1,7253,8.762,7.2326,87
2,7253,8.762,7.3398,81
3,7253,8.762,7.1975,93
0,7254,8.762,7.2112,82
1,7254,8.762,7.2974,87
2,7254,8.762,7.2094,93
3,7254,8.762,7.1995,78
0,7255,8.762,7.2253,73
1,7255,8.762,7.1331,80
2,7255,8.762,7.1733,84
3,7255,8.762,7.3518,84
0,7256,8.762,7.1855,80
1,7256,8.762,7.155,84
2,7256,8.762,7.3338,71
3,7256,8.762,7.3617,76
0,7257,8.762,7.2599,77
1,7257,8.762,7.2251,83
2,7257,8.762,7.3353,77
3,7257,8.762,7.2364,80
0,7258,8.762,7.2018,75
1,7258,8.762,7.2104,73
2,7258,8.762,7.1302,87
3,7258,8.762,7.2021,84
0,7259,8.762,7.1786,87
1,7259,8.762,7.1418,82
2,7259,8.762,7.1353,75
3,7259,8.762,7.2068,85
0,7260,8.762,7.152,79
1,7260,8.762,7.2495,81
2,7260,8.762,6.9934,85
3,7260,8.762,7.2786,72
0,7261,8.762,7.3255,81
1,7261,8.762,7.3342,86
2,7261,8.762,7.2593,84
3,7261,8.762,7.3759,84
0,7262,8.762,7.226,84
1,7262,8.762,7.2934,72
2,7262,8.762,7.1303,79
3,7262,8.762,7.2582,89
0,7263,8.762,7.1084,86
1,7263,8.762,7.297,82
2,7263,8.762,7.2328,84
3,7263,8.762,7.1867,89
0,7264,8.762,7.2817,78
1,7264,8.762,7.164,86
2,7264,8.762,7.3433,88
3,7264,8.762,7.1169,92
0,7265,8.762,7.1975,81
1,7265,8.762,7.3432,73
2,7265,8.762,7.4205,83
3,7265,8.762,7.2244,79
0,7266,8.762,7.3282,78
1,7266,8.762,7.2056,80
2,7266,8.762,7.2214,81
3,7266,8.762,7.2527,83
0,7267,8.762,7.2391,73
1,7267,8.762,7.349,75
2,7267,8.762,7.3007,77
3,7267,8.762,7.3094,79
0,7268,8.762,7.3878,78
1,7268,8.762,7.2013,93
2,7268,8.762,7.3156,81
3,7268,8.762,7.1288,89
0,7269,8.762,7.2805,83
1,7269,8.762,7.1127,83
2,7269,8.762,7.1235,84
3,7269,8.762,7.3775,77
0,7270,8.762,7.3548,86
1,7270,8.762,7.1753,80
2,7270,8.762,7.1772,77
3,7270,8.762,7.2953,71
0,7271,8.762,7.3079,85
1,7271,8.762,7.2817,72
2,7271,8.762,7.3037,73
3,7271,8.762,7.0766,90
0,7272,8.762,7.2381,83
1,7272,8.762,7.372,76
2,7272,8.762,7.0788,91
3,7272,8.762,7.1829,83
0,7273,8.762,7.4073,79
1,7273,8.762,7.1478,79
2,7273,8.762,7.2525,90
3,7273,8.762,7.2569,82
0,7274,8.762,7.072,83
1,7274,8.762,7.3214,72
2,7274,8.762,7.3228,88
3,7274,8.762,7.3021,81
0,7275,8.762,7.208,77
1,7275,8.762,7.3004,77
2,7275,8.762,7.2605,81
3,7275,8.762,7.1227,93
0,7276,8.762,7.2302,86
1,7276,8.762,7.2413,78
2,7276,8.762,7.2882,79
3,7276,8.762,7.1134,96
0,7277,8.762,7.2525,88
1,7277,8.762,7.1461,80
2,7277,8.762,7.2536,73
3,7277,8.762,7.292,78
0,7278,8.762,7.08,91
1,7278,8.762,7.3728,82
2,7278,8.762,7.1902,81
3,7278,8.762,7.2196,81
0,7279,8.762,7.3572,81
1,7279,8.762,7.2016,83
2,7279,8.762,7.2319,85
3,7279,8.762,7.3174,97
0,7280,8.762,7.3282,75
1,7280,8.762,7.2603,73
2,7280,8.762,7.2907,85
3,7280,8.762,7.4245,79
0,7281,8.762,7.2764,87
1,7281,8.762,7.1687,75
2,7281,8.762,7.1834,75
3,7281,8.762,7.3233,71
0,7282,8.762,7.2337,74
1,7282,8.762,7.398,80
2,7282,8.762,7.0054,87
3,7282,8.762,7.1874,88
0,7283,8.762,7.2159,74
1,7283,8.762,7.3381,73
2,7283,8.762,7.2485,81
3,7283,8.762,7.2682,79
0,7284,8.762,7.2107,79
1,7284,8.762,7.3376,73
2,7284,8.762,7.2478,74
3,7284,8.762,7.2223,86
0,7285,8.762,7.3129,80
1,7285,8.762,7.2287,81
2,7285,8.762,7.2665,85
3,7285,8.762,7.2249,78
0,7286,8.762,7.3224,77
1,7286,8.762,7.2954,72
2,7286,8.762,7.2287,86
3,7286,8.762,7.2511,90
0,7287,8.762,7.2404,70
1,7287,8.762,7.4539,79
2,7287,8.762,7.1767,83
3,7287,8.762,7.2351,85
0,7288,8.762,7.1727,81
1,7288,8.762,7.3324,77
2,7288,8.762,7.3202,72
3,7288,8.762,7.2029,83
0,7289,8.762,7.1075,80
1,7289,8.762,7.2289,85
2,7289,8.762,7.2215,85
3,7289,8.762,7.2623,84
0,7290,8.762,7.2952,79
1,7290,8.762,7.183,91
2,7290,8.762,7.1756,78
3,7290,8.762,7.2533,86
0,7291,8.762,7.1932,79
1,7291,8.762,7.1903,89
2,7291,8.762,7.1611,86
3,7291,8.762,7.2662,74
0,7292,8.762,7.3327,84
1,7292,8.762,7.1782,89
2,7292,8.762,7.2518,82
3,7292,8.762,7.2007,91
0,7293,8.762,7.0626,85
1,7293,8.762,7.1975,84
2,7293,8.762,7.1791,87
3,7293,8.762,7.1028,91
0,7294,8.762,7.1782,94
1,7294,8.762,7.2861,83
2,7294,8.762,7.2471,82
3,7294,8.762,7.1014,83
0,7295,8.762,7.2684,80
1,7295,8.762,7.3434,92
2,7295,8.762,7.2288,73
3,7295,8.762,7.1718,91
0,7296,8.762,7.3132,77
1,7296,8.762,7.2506,75
2,7296,8.762,7.1154,86
3,7296,8.762,7.289,80
0,7297,8.762,7.3562,75
1,7297,8.762,7.2112,76
2,7297,8.762,7.3444,78
3,7297,8.762,7.2265,84
0,7298,8.762,7.2823,80
1,7298,8.762,7.2139,87
2,7298,8.762,7.3963,79
3,7298,8.762,7.1652,72
0,7299,8.762,7.1754,78
1,7299,8.762,7.3529,78
2,7299,8.762,7.2879,77
3,7299,8.762,7.193,81
0,7300,8.762,7.3429,84
1,7300,8.762,7.2669,89
2,7300,8.762,7.1537,85
3,7300,8.762,7.2598,71
0,7301,8.762,7.2868,85
1,7301,8.762,7.3004,78
2,7301,8.762,7.4156,84
3,7301,8.762,7.092,88
0,7302,8.762,7.1997,82
1,7302,8.762,7.1942,82
2,7302,8.762,7.2563,84
3,7302,8.762,7.2315,81
0,7303,8.762,7.1646,87
1,7303,8.762,7.3341,79
2,7303,8.762,7.2735,78
3,7303,8.762,7.295,80
0,7304,8.762,7.4072,73
1,7304,8.762,7.2924,74
2,7304,8.762,7.2039,83
3,7304,8.762,7.1728,90
0,7305,8.762,7.3084,81
1,7305,8.762,7.3733,71
2,7305,8.762,7.2893,83
3,7305,8.762,7.0939,85
0,7306,8.762,7.3393,83
1,7306,8.762,7.2349,89
2,7306,8.762,7.115,85
3,7306,8.762,7.2767,77
0,7307,8.762,7.3,84
1,7307,8.762,7.2798,80
2,7307,8.762,7.2394,83
3,7307,8.762,7.26,85
0,7308,8.762,7.228,81
1,7308,8.762,7.1868,79
2,7308,8.762,7.3572,73
3,7308,8.762,7.1647,81
0,7309,8.762,7.403,84
1,7309,8.762,7.3197,84
2,7309,8.762,7.2734,84
3,7309,8.762,7.2245,79
0,7310,8.762,7.2195,87
1,7310,8.762,7.3408,78
2,7310,8.762,7.3315,74
3,7310,8.762,7.2806,71
0,7311,8.762,7.1356,92
1,7311,8.762,7.3224,83
2,7311,8.762,7.1787,83
3,7311,8.762,7.3171,81
0,7312,8.762,7.2011,89
1,7312,8.762,7.2541,87
2,7312,8.762,7.116,74
3,7312,8.762,7.2497,86
0,7313,8.762,7.2117,73
1,7313,8.762,7.1937,77
2,7313,8.762,7.383,84
3,7313,8.762,7.1926,81
0,7314,8.762,7.2487,80
1,7314,8.762,7.1372,88
2,7314,8.762,7.1351,82
3,7314,8.762,7.1778,81
0,7315,8.762,7.1635,88
1,7315,8.762,7.2624,76
2,7315,8.762,7.2897,72
3,7315,8.762,7.313,76
0,7316,8.762,7.3412,81
1,7316,8.762,7.1705,79
2,7316,8.762,7.2439,86
3,7316,8.762,7.1921,78
0,7317,8.762,7.3113,82
1,7317,8.762,7.1639,89
2,7317,8.762,7.3259,83
3,7317,8.762,7.3575,70
0,7318,8.762,7.223,83
1,7318,8.762,7.1366,88
2,7318,8.762,7.4183,83
3,7318,8.762,7.4455,74
0,7319,8.762,7.2688,82
1,7319,8.762,7.1931,85
2,7319,8.762,7.3532,82
3,7319,8.762,7.238,78
0,7320,8.762,7.2383,80
1,7320,8.762,7.2348,84
2,7320,8.762,7.2191,87
3,7320,8.762,7.1868,90
0,7321,8.762,7.2062,93
1,7321,8.762,7.2732,75
2,7321,8.762,7.1687,80
3,7321,8.762,7.346,73
0,7322,8.762,7.1044,83
1,7322,8.762,7.1924,83
2,7322,8.762,7.2578,85
3,7322,8.762,7.1984,84
0,7323,8.762,7.2355,93
1,7323,8.762,7.2002,84
2,7323,8.762,7.1619,94
3,7323,8.762,7.2637,80
0,7324,8.762,7.1679,90
1,7324,8.762,7.1823,78
2,7324,8.762,7.3861,82
3,7324,8.762,7.1215,86
0,7325,8.762,7.2398,75
1,7325,8.762,7.2967,72
2,7325,8.762,7.2446,85
3,7325,8.762,7.2467,91
0,7326,8.762,7.2325,80
1,7326,8.762,7.2074,79
2,7326,8.762,7.1897,76
3,7326,8.762,7.0837,77
0,7327,8.762,7.1589,79
1,7327,8.762,7.1254,89
2,7327,8.762,7.2588,86
3,7327,8.762,7.4445,79
0,7328,8.762,7.0871,92
1,7328,8.762,7.2491,76
2,7328,8.762,7.2803,81
3,7328,8.762,7.1852,79
0,7329,8.762,7.1821,82
1,7329,8.762,7.3597,80
2,7329,8.762,7.1805,81
3,7329,8.762,7.2688,79
0,7330,8.762,7.1977,82
1,7330,8.762,7.3114,84
2,7330,8.762,7.1998,87
3,7330,8.762,7.1985,82
0,7331,8.762,7.0533,93
1,7331,8.762,7.1825,90
2,7331,8.762,7.4337,76
3,7331,8.762,7.1506,81
0,7332,8.762,7.3161,84
1,7332,8.762,7.3007,82
2,7332,8.762,7.0696,87
3,7332,8.762,7.1913,81
0,7333,8.762,7.2181,81
1,7333,8.762,7.2662,81
2,7333,8.762,7.2284,77
3,7333,8.762,6.9807,92
0,7334,8.762,7.2052,89
1,7334,8.762,7.1474,86
2,7334,8.762,7.0986,83
3,7334,8.762,7.1815,87
0,7335,8.762,7.1407,91
1,7335,8.762,7.3783,78
2,7335,8.762,7.1009,86
3,7335,8.762,7.1825,82
0,7336,8.762,7.2252,82
1,7336,8.762,7.1507,79
2,7336,8.762,7.1349,93
3,7336,8.762,7.1843,83
0,7337,8.762,7.2994,80
1,7337,8.762,7.2349,74
2,7337,8.762,7.2156,84
3,7337,8.762,7.3487,76
0,7338,8.762,7.0844,82
1,7338,8.762,7.1747,78
2,7338,8.762,7.3549,78
3,7338,8.762,7.3193,75
0,7339,8.762,7.1105,77
1,7339,8.762,7.3039,78
2,7339,8.762,7.2191,76
3,7339,8.762,7.168,85
0,7340,8.762,7.0711,74
1,7340,8.762,7.2201,85
2,7340,8.762,7.4126,76
3,7340,8.762,7.2255,82
0,7341,8.762,7.2967,77
1,7341,8.762,7.3724,76
2,7341,8.762,7.2829,81
3,7341,8.762,7.2357,74
0,7342,8.762,7.3499,84
1,7342,8.762,7.4057,74
2,7342,8.762,7.1716,87
3,7342,8.762,7.2732,82
0,7343,8.762,7.318,77
1,7343,8.762,7.1516,88
2,7343,8.762,7.2044,82
3,7343,8.762,7.2477,80
0,7344,8.762,7.3187,84
1,7344,8.762,7.2429,84
2,7344,8.762,7.1961,80
3,7344,8.762,7.0368,84
0,7345,8.762,7.1759,79
1,7345,8.762,7.2039,79
2,7345,8.762,7.2942,83
3,7345,8.762,7.0923,90
0,7346,8.762,7.2943,77
1,7346,8.762,7.306,85
2,7346,8.762,7.2245,78
3,7346,8.762,7.2945,79
0,7347,8.762,7.2756,79
1,7347,8.762,7.0637,92
2,7347,8.762,7.2249,70
3,7347,8.762,7.2703,92
0,7348,8.762,7.3103,86
1,7348,8.762,7.1991,83
2,7348,8.762,7.3368,83
3,7348,8.762,7.2189,79
0,7349,8.762,7.1548,94
1,7349,8.762,7.3021,78
2,7349,8.762,7.3526,82
3,7349,8.762,7.3525,72
0,7350,8.762,7.1156,84
1,7350,8.762,7.3267,83
2,7350,8.762,7.2302,81
3,7350,8.762,7.2067,70
0,7351,8.762,7.3684,80
1,7351,8.762,7.162,84
2,7351,8.762,7.0005,97
3,7351,8.762,7.2212,81
0,7352,8.762,7.1843,85
1,7352,8.762,7.2145,93
2,7352,8.762,7.319,88
3,7352,8.762,7.1884,81
0,7353,8.762,7.2131,73
1,7353,8.762,7.2663,74
2,7353,8.762,7.2565,79
3,7353,8.762,7.1776,89
0,7354,8.762,7.4514,80
1,7354,8.762,7.2597,69
2,7354,8.762,7.3025,78
3,7354,8.762,7.2749,81
0,7355,8.762,7.2088,78
1,7355,8.762,7.1357,80
2,7355,8.762,7.1862,85
3,7355,8.762,7.2773,86
0,7356,8.762,7.1466,81
1,7356,8.762,7.2355,87
2,7356,8.762,7.434,74
3,7356,8.762,7.188,87
0,7357,8.762,7.3073,75
1,7357,8.762,7.4495,72
2,7357,8.762,7.2274,82
3,7357,8.762,7.2225,86
0,7358,8.762,7.2927,86
1,7358,8.762,7.3243,82
2,7358,8.762,7.1436,81
3,7358,8.762,7.2672,83
0,7359,8.762,7.3903,76
1,7359,8.762,7.3221,81
2,7359,8.762,7.249,86
3,7359,8.762,7.1691,86
0,7360,8.762,7.2489,83
1,7360,8.762,7.2207,80
2,7360,8.762,7.2184,72
3,7360,8.762,7.1268,75
0,7361,8.762,7.2637,80
1,7361,8.762,7.2276,85
2,7361,8.762,7.2284,81
3,7361,8.762,7.3047,84
0,7362,8.762,7.2167,86
1,7362,8.762,7.2288,86
2,7362,8.762,7.3042,71
3,7362,8.762,7.1981,84
0,7363,8.762,7.2362,77
1,7363,8.762,7.1298,88
2,7363,8.762,7.2323,76
3,7363,8.762,7.1924,88
0,7364,8.762,7.2954,85
1,7364,8.762,7.2256,82
2,7364,8.762,7.2665,81
3,7364,8.762,7.3614,71
0,7365,8.762,7.2724,78
1,7365,8.762,7.167,75
2,7365,8.762,7.3902,75
3,7365,8.762,7.2297,88
0,7366,8.762,7.451,81
1,7366,8.762,7.2703,81
2,7366,8.762,7.2486,81
3,7366,8.762,7.3101,78
0,7367,8.762,7.3118,82
1,7367,8.762,7.271,77
2,7367,8.762,7.0867,87
3,7367,8.762,7.106,97
0,7368,8.762,7.2991,87
1,7368,8.762,7.1851,78
2,7368,8.762,7.2403,75
3,7368,8.762,7.2212,84
0,7369,8.762,7.4334,73
1,7369,8.762,7.3521,72
2,7369,8.762,7.1578,90
3,7369,8.762,7.2911,78
0,7370,8.762,7.404,71
1,7370,8.762,7.2658,75
2,7370,8.762,7.0682,91
3,7370,8.762,7.29,83
0,7371,8.762,7.2784,76
1,7371,8.762,7.2154,86
2,7371,8.762,7.1917,77
3,7371,8.762,7.2825,72
0,7372,8.762,7.2436,82
1,7372,8.762,7.236,80
2,7372,8.762,7.2257,84
3,7372,8.762,7.1388,84
0,7373,8.762,7.3791,85
1,7373,8.762,7.2488,86
2,7373,8.762,7.2595,79
3,7373,8.762,7.3549,71
0,7374,8.762,7.1301,76
1,7374,8.762,7.1035,88
2,7374,8.762,7.2517,84
3,7374,8.762,7.3518,76
0,7375,8.762,7.098,95
1,7375,8.762,7.1202,90
2,7375,8.762,7.3182,82
3,7375,8.762,7.1706,75
0,7376,8.762,7.2872,86
1,7376,8.762,7.2029,75
2,7376,8.762,7.2123,84
3,7376,8.762,7.3211,76
0,7377,8.762,7.3429,83
1,7377,8.762,7.2886,81
2,7377,8.762,7.2589,82
3,7377,8.762,7.3422,72
0,7378,8.762,7.213,87
1,7378,8.762,7.2986,79
2,7378,8.762,7.3999,74
3,7378,8.762,7.3534,77
0,7379,8.762,7.1678,88
1,7379,8.762,7.1687,81
2,7379,8.762,7.2265,83
3,7379,8.762,7.2648,80
0,7380,8.762,7.2318,80
1,7380,8.762,7.2658,76
2,7380,8.762,7.2193,88
3,7380,8.762,7.1808,77
0,7381,8.762,7.3583,75
1,7381,8.762,7.4236,74
2,7381,8.762,7.4411,71
3,7381,8.762,7.2441,80
0,7382,8.762,7.2264,84
1,7382,8.762,7.1707,72
2,7382,8.762,7.1966,88
3,7382,8.762,7.2171,86
0,7383,8.762,7.2679,81
1,7383,8.762,7.332,79
2,7383,8.762,7.2406,84
3,7383,8.762,7.2805,86
0,7384,8.762,7.1874,82
1,7384,8.762,7.2018,74
2,7384,8.762,7.2803,87
3,7384,8.762,7.4004,64
0,7385,8.762,7.2736,69
1,7385,8.762,7.2911,76
2,7385,8.762,7.3335,84
3,7385,8.762,7.2911,75
0,7386,8.762,7.1393,86
1,7386,8.762,7.4261,76
2,7386,8.762,7.2611,83
3,7386,8.762,7.1833,81
0,7387,8.762,7.153,81
1,7387,8.762,7.1926,81
2,7387,8.762,7.3631,73
3,7387,8.762,7.1485,84
0,7388,8.762,7.1927,78
1,7388,8.762,7.3047,82
2,7388,8.762,7.2802,85
3,7388,8.762,7.1505,85
0,7389,8.762,7.2032,83
1,7389,8.762,7.1031,80
2,7389,8.762,7.3277,78
3,7389,8.762,7.1764,70
0,7390,8.762,7.245,80
1,7390,8.762,7.3685,67
2,7390,8.762,7.2883,86
3,7390,8.762,7.2028,90
0,7391,8.762,7.181,83
1,7391,8.762,7.2651,88
2,7391,8.762,7.347,85
3,7391,8.762,7.2193,81
0,7392,8.762,7.3352,78
1,7392,8.762,7.3105,78
2,7392,8.762,7.2742,79
3,7392,8.762,7.2973,82
0,7393,8.762,7.1475,82
1,7393,8.762,7.2114,86
2,7393,8.762,7.2813,87
3,7393,8.762,7.1955,82
0,7394,8.762,7.1725,79
1,7394,8.762,7.1665,88
2,7394,8.762,7.2712,80
3,7394,8.762,7.2921,83
0,7395,8.762,7.2387,92
1,7395,8.762,7.1417,86
2,7395,8.762,7.3071,78
3,7395,8.762,7.2786,72
0,7396,8.762,7.2617,80
1,7396,8.762,7.1762,89
2,7396,8.762,7.2292,82
3,7396,8.762,7.3119,81
0,7397,8.762,7.2071,93
1,7397,8.762,7.1397,96
2,7397,8.762,7.2952,85
3,7397,8.762,7.2034,83
0,7398,8.762,7.2407,92
1,7398,8.762,7.1246,79
2,7398,8.762,7.2562,73
3,7398,8.762,7.2182,84
0,7399,8.762,7.283,86
1,7399,8.762,7.2871,79
2,7399,8.762,7.1632,80
3,7399,8.762,7.2791,78
0,7400,8.762,7.3455,75
1,7400,8.762,7.1254,85
2,7400,8.762,7.319,89
3,7400,8.762,7.2219,81
0,7401,8.762,7.1434,76
1,7401,8.762,7.2371,79
2,7401,8.762,7.2374,84
3,7401,8.762,7.3273,74
0,7402,8.762,7.2557,82
1,7402,8.762,7.3484,90
2,7402,8.762,7.3139,85
3,7402,8.762,7.2191,76
0,7403,8.762,7.1969,76
1,7403,8.762,7.1604,78
2,7403,8.762,7.1769,88
3,7403,8.762,7.2562,81
0,7404,8.762,7.3409,75
1,7404,8.762,7.1399,84
2,7404,8.762,7.2589,79
3,7404,8.762,7.2218,77
0,7405,8.762,7.2046,89
1,7405,8.762,7.2188,76
2,7405,8.762,7.2979,70
3,7405,8.762,7.1831,86
0,7406,8.762,7.2451,81
1,7406,8.762,7.2348,80
2,7406,8.762,7.2198,88
3,7406,8.762,7.3358,79
0,7407,8.762,7.3753,78
1,7407,8.762,6.9883,80
2,7407,8.762,7.024,86
3,7407,8.762,7.2264,85
0,7408,8.762,7.2237,83
1,7408,8.762,7.2649,86
2,7408,8.762,7.3631,78
3,7408,8.762,7.342,74
0,7409,8.762,7.2827,80
1,7409,8.762,7.2199,79
2,7409,8.762,7.2241,86
3,7409,8.762,7.1281,86
0,7410,8.762,7.048,84
1,7410,8.762,7.2116,80
2,7410,8.762,7.2842,80
3,7410,8.762,7.1931,76
0,7411,8.762,7.2754,79
1,7411,8.762,7.3624,77
2,7411,8.762,7.3201,78
3,7411,8.762,7.3884,72
0,7412,8.762,7.3126,90
1,7412,8.762,7.1757,78
2,7412,8.762,7.2085,77
3,7412,8.762,7.4016,72
0,7413,8.762,7.3303,79
1,7413,8.762,7.3056,85
2,7413,8.762,7.4097,73
3,7413,8.762,7.2867,78
0,7414,8.762,7.0172,91
1,7414,8.762,7.319,83
2,7414,8.762,7.1778,84
3,7414,8.762,7.2323,83
0,7415,8.762,7.388,78
1,7415,8.762,7.2115,85
2,7415,8.762,7.1285,87
3,7415,8.762,7.2512,85
0,7416,8.762,7.3369,79
1,7416,8.762,7.3253,77
2,7416,8.762,7.4201,75
3,7416,8.762,7.1846,80
0,7417,8.762,7.307,84
1,7417,8.762,7.2945,84
2,7417,8.762,7.208,83
3,7417,8.762,7.3148,75
0,7418,8.762,7.2223,77
1,7418,8.762,7.1763,76
2,7418,8.762,7.1671,80
3,7418,8.762,7.4261,73
0,7419,8.762,7.2777,72
1,7419,8.762,7.2585,78
2,7419,8.762,7.2751,75
3,7419,8.762,7.2525,73
0,7420,8.762,7.3703,72
1,7420,8.762,7.2009,75
2,7420,8.762,7.3208,69
3,7420,8.762,7.33,76
0,7421,8.762,7.2524,84
1,7421,8.762,7.1295,85
2,7421,8.762,7.081,94
3,7421,8.762,7.212,79
0,7422,8.762,7.1482,88
1,7422,8.762,7.1804,88
2,7422,8.762,7.1877,75
3,7422,8.762,7.3664,82
0,7423,8.762,7.2338,81
1,7423,8.762,7.115,89
2,7423,8.762,7.2888,75
3,7423,8.762,7.2994,73
0,7424,8.762,7.2233,74
1,7424,8.762,7.2084,82
2,7424,8.762,7.0958,87
3,7424,8.762,7.1828,85
0,7425,8.762,7.1551,90
1,7425,8.762,7.2158,83
2,7425,8.762,7.2697,78
3,7425,8.762,7.1734,79
0,7426,8.762,7.1513,87
1,7426,8.762,7.2962,79
2,7426,8.762,7.1408,81
3,7426,8.762,7.2252,86
0,7427,8.762,7.1821,90
1,7427,8.762,7.314,79
2,7427,8.762,7.0883,84
3,7427,8.762,7.2403,83
0,7428,8.762,7.1193,93
1,7428,8.762,7.3755,73
2,7428,8.762,7.1649,90
3,7428,8.762,7.2928,79
0,7429,8.762,7.2291,79
1,7429,8.762,7.4358,75
2,7429,8.762,7.1277,85
3,7429,8.762,7.3829,74
0,7430,8.762,7.3116,87
1,7430,8.762,7.2886,85
2,7430,8.762,7.2239,78
3,7430,8.762,7.3561,73
0,7431,8.762,7.204,86
1,7431,8.762,7.1523,85
2,7431,8.762,7.2218,76
3,7431,8.762,7.3513,87
0,7432,8.762,7.208,89
1,7432,8.762,7.2659,80
2,7432,8.762,7.1198,83
3,7432,8.762,7.1605,85
0,7433,8.762,7.2491,88
1,7433,8.762,7.1902,87
2,7433,8.762,7.404,76
3,7433,8.762,7.1909,82
0,7434,8.762,7.3014,68
1,7434,8.762,7.1877,74
2,7434,8.762,7.1599,85
3,7434,8.762,7.1127,85
0,7435,8.762,7.1719,80
1,7435,8.762,7.2351,90
2,7435,8.762,7.2367,81
3,7435,8.762,7.3852,65
0,7436,8.762,7.2138,81
1,7436,8.762,7.3191,75
2,7436,8.762,7.237,84
3,7436,8.762,7.2918,78
0,7437,8.762,7.2491,72
1,7437,8.762,7.2229,82
2,7437,8.762,7.1501,95
3,7437,8.762,7.3433,82
0,7438,8.762,7.1341,91
1,7438,8.762,7.1851,85
2,7438,8.762,7.2115,89
3,7438,8.762,7.1743,86
0,7439,8.762,7.3543,72
1,7439,8.762,7.3339,76
2,7439,8.762,7.3594,78
3,7439,8.762,7.3095,73
0,7440,8.762,7.2723,82
1,7440,8.762,7.0586,84
2,7440,8.762,7.1882,84
3,7440,8.762,7.113,80
0,7441,8.762,7.2388,90
1,7441,8.762,7.2647,70
2,7441,8.762,7.1708,91
3,7441,8.762,7.2268,86
0,7442,8.762,7.2301,81
1,7442,8.762,7.1976,80
2,7442,8.762,7.2052,78
3,7442,8.762,7.2669,86
0,7443,8.762,7.2746,80
1,7443,8.762,7.2894,82
2,7443,8.762,7.2592,79
3,7443,8.762,7.3433,82
0,7444,8.762,7.2408,80
1,7444,8.762,7.1481,73
2,7444,8.762,7.2343,86
3,7444,8.762,7.1554,88
0,7445,8.762,7.337,73
1,7445,8.762,7.2958,79
2,7445,8.762,7.2378,74
3,7445,8.762,7.1785,85
0,7446,8.762,7.1443,76
1,7446,8.762,7.1161,81
2,7446,8.762,7.1381,96
3,7446,8.762,7.1649,86
0,7447,8.762,7.2734,74
1,7447,8.762,7.2027,82
2,7447,8.762,7.1514,89
3,7447,8.762,7.2683,84
0,7448,8.762,7.4333,77
1,7448,8.762,7.196,87
2,7448,8.762,7.3507,77
3,7448,8.762,7.3313,78
0,7449,8.762,7.2152,80
1,7449,8.762,7.2671,80
2,7449,8.762,7.1919,79
3,7449,8.762,7.2522,68
0,7450,8.762,7.3883,86
1,7450,8.762,7.2621,84
2,7450,8.762,7.1485,84
3,7450,8.762,7.1048,76
0,7451,8.762,7.3771,69
1,7451,8.762,7.114,89
2,7451,8.762,7.2598,80
3,7451,8.762,7.2403,82
0,7452,8.762,7.2057,79
1,7452,8.762,7.3146,82
2,7452,8.762,7.3759,84
3,7452,8.762,7.2928,73
0,7453,8.762,7.1271,88
1,7453,8.762,7.3369,76
2,7453,8.762,7.2948,80
3,7453,8.762,7.3936,78
0,7454,8.762,7.3227,80
1,7454,8.762,7.2432,80
2,7454,8.762,7.1866,87
3,7454,8.762,7.3421,77
0,7455,8.762,7.1806,84
1,7455,8.762,7.3464,78
2,7455,8.762,7.2985,87
3,7455,8.762,7.236,87
0,7456,8.762,7.1691,76
1,7456,8.762,7.2717,80
2,7456,8.762,7.1663,87
3,7456,8.762,7.166,77
0,7457,8.762,7.205,79
1,7457,8.762,7.2536,82
2,7457,8.762,7.1684,97
3,7457,8.762,7.3634,81
0,7458,8.762,7.1132,79
1,7458,8.762,7.3029,76
2,7458,8.762,7.2852,82
3,7458,8.762,7.1856,81
0,7459,8.762,7.0327,88
1,7459,8.762,7.2483,88
2,7459,8.762,7.1649,83
3,7459,8.762,7.3025,81
0,7460,8.762,7.1464,83
1,7460,8.762,7.4177,86
2,7460,8.762,7.1427,93
3,7460,8.762,7.3599,82
0,7461,8.762,7.2766,78
1,7461,8.762,7.2612,78
2,7461,8.762,7.2511,84
3,7461,8.762,7.2558,82
0,7462,8.762,7.2077,78
1,7462,8.762,7.185,85
2,7462,8.762,7.0618,81
3,7462,8.762,7.1846,78
0,7463,8.762,7.3325,76
1,7463,8.762,7.1678,82
2,7463,8.762,7.1952,89
3,7463,8.762,7.2961,82
0,7464,8.762,7.2023,79
1,7464,8.762,7.2326,81
2,7464,8.762,7.2302,81
3,7464,8.762,7.2454,88
0,7465,8.762,7.3375,75
1,7465,8.762,7.2447,77
2,7465,8.762,7.3882,79
3,7465,8.762,7.3723,73
0,7466,8.762,7.1908,80
1,7466,8.762,7.1995,79
2,7466,8.762,7.1442,94
3,7466,8.762,7.3149,78
0,7467,8.762,7.2395,87
1,7467,8.762,7.1864,89
2,7467,8.762,7.2025,83
3,7467,8.762,7.3032,84
0,7468,8.762,7.2104,86
1,7468,8.762,7.0811,97
2,7468,8.762,7.1475,84
3,7468,8.762,7.1924,81
0,7469,8.762,7.3179,80
1,7469,8.762,7.3426,71
2,7469,8.762,7.3169,82
3,7469,8.762,7.361,74
0,7470,8.762,7.2582,83
1,7470,8.762,7.171,79
2,7470,8.762,7.1807,78
3,7470,8.762,7.317,75
0,7471,8.762,7.0866,85
1,7471,8.762,7.1384,84
2,7471,8.762,7.144,85
3,7471,8.762,7.272,82
0,7472,8.762,7.3738,65
1,7472,8.762,7.103,91
2,7472,8.762,7.3206,78
3,7472,8.762,7.3227,72
0,7473,8.762,7.3963,72
1,7473,8.762,7.1938,81
2,7473,8.762,7.1849,90
3,7473,8.762,7.1241,83
0,7474,8.762,7.3289,71
1,7474,8.762,7.2081,79
2,7474,8.762,7.1743,79
3,7474,8.762,7.2181,82
0,7475,8.762,7.2432,80
1,7475,8.762,7.3291,72
2,7475,8.762,7.2377,85
3,7475,8.762,7.3021,75
0,7476,8.762,7.1881,85
1,7476,8.762,7.2979,86
2,7476,8.762,7.1936,82
3,7476,8.762,7.1818,91
0,7477,8.762,7.3026,76
1,7477,8.762,7.3531,79
2,7477,8.762,7.2978,82
3,7477,8.762,7.3569,76
0,7478,8.762,7.2809,77
1,7478,8.762,7.053,92
2,7478,8.762,7.1408,79
3,7478,8.762,7.3348,69
0,7479,8.762,7.1264,79
1,7479,8.762,7.2914,83
2,7479,8.762,7.4056,69
3,7479,8.762,7.3016,75
0,7480,8.762,7.2731,80
1,7480,8.762,7.328,83
2,7480,8.762,7.2151,87
3,7480,8.762,7.2026,85
0,7481,8.762,7.1799,78
1,7481,8.762,7.3021,81
2,7481,8.762,7.1449,78
3,7481,8.762,7.3506,76
0,7482,8.762,7.3434,83
1,7482,8.762,7.0986,78
2,7482,8.762,7.2284,79
3,7482,8.762,7.259,80
0,7483,8.762,7.1613,83
1,7483,8.762,7.3054,84
2,7483,8.762,7.2004,85
3,7483,8.762,7.3236,81
0,7484,8.762,7.2117,84
1,7484,8.762,7.3373,80
2,7484,8.762,7.3174,80
3,7484,8.762,7.2091,79
0,7485,8.762,7.2339,85
1,7485,8.762,7.3839,77
2,7485,8.762,7.3347,89
3,7485,8.762,7.2929,82
0,7486,8.762,7.0358,96
1,7486,8.762,7.3388,78
2,7486,8.762,7.2536,80
3,7486,8.762,7.1625,70
0,7487,8.762,7.2802,82
1,7487,8.762,7.353,68
2,7487,8.762,7.452,76
3,7487,8.762,7.3198,78
0,7488,8.762,7.0759,77
1,7488,8.762,7.1927,88
2,7488,8.762,7.2544,89
3,7488,8.762,7.2839,84
0,7489,8.762,7.1793,88
1,7489,8.762,7.3175,87
2,7489,8.762,7.2559,82
3,7489,8.762,7.3468,65
0,7490,8.762,7.1735,91
1,7490,8.762,7.3149,82
2,7490,8.762,7.1111,85
3,7490,8.762,7.3132,81
0,7491,8.762,7.1538,90
1,7491,8.762,7.347,74
2,7491,8.762,7.2437,80
3,7491,8.762,7.1939,87
0,7492,8.762,7.2998,94
1,7492,8.762,7.1657,88
2,7492,8.762,7.0929,84
3,7492,8.762,7.2319,85
0,7493,8.762,7.3676,75
1,7493,8.762,7.2685,76
2,7493,8.762,7.0735,89
3,7493,8.762,7.2675,76
0,7494,8.762,7.2994,77
1,7494,8.762,7.1672,84
2,7494,8.762,7.0638,76
3,7494,8.762,7.1672,78
0,7495,8.762,7.211,87
1,7495,8.762,7.3655,83
2,7495,8.762,7.3248,75
3,7495,8.762,7.1893,86
0,7496,8.762,7.2566,75
1,7496,8.762,7.3301,78
2,7496,8.762,7.2772,81
3,7496,8.762,7.4419,81
0,7497,8.762,7.2718,84
1,7497,8.762,7.269,77
2,7497,8.762,7.3091,78
3,7497,8.762,7.2775,69
0,7498,8.762,7.2331,84
1,7498,8.762,7.2897,79
2,7498,8.762,7.2831,86
3,7498,8.762,7.2377,79
0,7499,8.762,7.2536,91
1,7499,8.762,7.1852,78
2,7499,8.762,7.1016,84
3,7499,8.762,7.0757,83
0,7500,8.762,7.3194,77
1,7500,8.762,7.3493,73
2,7500,8.762,7.2128,89
3,7500,8.762,7.28,77
0,7501,8.762,7.4295,71
1,7501,8.762,7.252,74
2,7501,8.762,7.1306,75
3,7501,8.762,7.269,86
0,7502,8.762,7.1035,83
1,7502,8.762,7.2388,86
2,7502,8.762,7.3398,73
3,7502,8.762,7.1718,85
0,7503,8.762,7.2633,84
1,7503,8.762,7.222,87
2,7503,8.762,7.1581,82
3,7503,8.762,7.3331,83
0,7504,8.762,7.2689,78
1,7504,8.762,7.2008,83
2,7504,8.762,7.1874,79
3,7504,8.762,7.2847,85
0,7505,8.762,7.119,87
1,7505,8.762,6.9754,94
2,7505,8.762,7.3728,78
3,7505,8.762,7.2851,87
0,7506,8.762,7.2388,78
1,7506,8.762,7.2161,85
2,7506,8.762,7.3406,77
3,7506,8.762,7.3591,71
0,7507,8.762,7.1906,84
1,7507,8.762,7.2817,83
2,7507,8.762,7.1907,74
3,7507,8.762,7.1596,81
0,7508,8.762,7.1217,83
1,7508,8.762,6.9968,91
2,7508,8.762,7.2476,87
3,7508,8.762,7.1134,87
0,7509,8.762,7.3181,86
1,7509,8.762,7.3151,75
2,7509,8.762,7.3216,86
3,7509,8.762,7.3245,69
0,7510,8.762,7.2071,82
1,7510,8.762,7.2982,78
2,7510,8.762,7.2657,79
3,7510,8.762,7.1397,81
0,7511,8.762,7.1882,80
1,7511,8.762,7.3044,83
2,7511,8.762,7.2632,84
3,7511,8.762,7.2451,75
0,7512,8.762,7.1315,87
1,7512,8.762,7.2364,80
2,7512,8.762,7.2387,86
3,7512,8.762,7.2014,85
0,7513,8.762,7.2424,77
1,7513,8.762,7.2356,89
2,7513,8.762,7.2952,85
3,7513,8.762,7.2032,80
0,7514,8.762,7.1448,90
1,7514,8.762,7.3209,84
2,7514,8.762,7.2852,82
3,7514,8.762,7.3734,81
0,7515,8.762,7.0343,91
1,7515,8.762,7.096,78
2,7515,8.762,7.244,81
3,7515,8.762,7.2486,86
0,7516,8.762,7.1888,81
1,7516,8.762,7.2361,85
2,7516,8.762,7.1536,74
3,7516,8.762,7.1952,101
0,7517,8.762,7.2409,86
1,7517,8.762,7.2701,85
2,7517,8.762,7.4728,72
3,7517,8.762,7.4402,74
0,7518,8.762,7.1963,82
1,7518,8.762,7.1218,83
2,7518,8.762,7.2879,76
3,7518,8.762,7.3794,70
0,7519,8.762,7.1411,79
1,7519,8.762,7.2947,77
2,7519,8.762,7.3214,80
3,7519,8.762,7.2879,84
0,7520,8.762,7.0977,89
1,7520,8.762,7.3867,76
2,7520,8.762,7.2626,73
3,7520,8.762,7.3988,81
0,7521,8.762,6.9644,92
1,7521,8.762,7.3026,83
2,7521,8.762,7.3243,75
3,7521,8.762,7.3406,77
0,7522,8.762,7.1463,87
1,7522,8.762,7.1695,79
2,7522,8.762,7.3309,76
3,7522,8.762,7.384,80
0,7523,8.762,7.2075,83
1,7523,8.762,7.3316,65
2,7523,8.762,7.23,85
3,7523,8.762,7.1208,79
0,7524,8.762,7.164,89
1,7524,8.762,7.2075,79
2,7524,8.762,7.356,81
3,7524,8.762,7.0149,99
0,7525,8.762,7.2211,85
1,7525,8.762,7.2632,72
2,7525,8.762,7.106,89
3,7525,8.762,7.2955,83
0,7526,8.762,7.1528,85
1,7526,8.762,7.0365,85
2,7526,8.762,7.1395,90
3,7526,8.762,7.1989,77
0,7527,8.762,7.2638,80
1,7527,8.762,7.1841,83
2,7527,8.762,7.3404,71
3,7527,8.762,7.3212,79
0,7528,8.762,7.5175,70
1,7528,8.762,7.3831,72
2,7528,8.762,7.3658,74
3,7528,8.762,7.299,81
0,7529,8.762,7.29,75
1,7529,8.762,7.0891,88
2,7529,8.762,7.2795,75
3,7529,8.762,7.1935,79
0,7530,8.762,7.2388,81
1,7530,8.762,7.3155,74
2,7530,8.762,7.1663,85
3,7530,8.762,7.2608,82
0,7531,8.762,7.2316,83
1,7531,8.762,7.3156,76
2,7531,8.762,7.3351,77
3,7531,8.762,7.1808,81
0,7532,8.762,7.2327,84
1,7532,8.762,7.2753,82
2,7532,8.762,7.1526,93
3,7532,8.762,7.3173,79
0,7533,8.762,7.4101,68
1,7533,8.762,7.1396,79
2,7533,8.762,7.2507,80
3,7533,8.762,7.2154,86
0,7534,8.762,7.3864,78
1,7534,8.762,7.1186,86
2,7534,8.762,7.4456,79
3,7534,8.762,7.3499,86
0,7535,8.762,7.1592,71
1,7535,8.762,7.2145,80
2,7535,8.762,7.3196,82
3,7535,8.762,7.1383,85
0,7536,8.762,7.2067,82
1,7536,8.762,7.3746,75
2,7536,8.762,7.226,74
3,7536,8.762,7.2406,85
0,7537,8.762,7.1593,81
1,7537,8.762,7.2085,87
2,7537,8.762,7.3015,78
3,7537,8.762,7.1578,88
0,7538,8.762,7.2842,76
1,7538,8.762,7.3701,79
2,7538,8.762,7.2525,81
3,7538,8.762,7.3327,74
0,7539,8.762,7.3652,78
1,7539,8.762,7.2,74
2,7539,8.762,7.4153,72
3,7539,8.762,7.4172,75
0,7540,8.762,7.1612,84
1,7540,8.762,7.2683,82
2,7540,8.762,7.162,81
3,7540,8.762,7.2548,85
0,7541,8.762,7.2784,89
1,7541,8.762,7.2532,78
2,7541,8.762,7.1342,85
3,7541,8.762,7.2734,83
0,7542,8.762,7.3179,84
1,7542,8.762,7.2234,78
2,7542,8.762,7.2621,83
3,7542,8.762,7.2562,81
0,7543,8.762,7.318,77
1,7543,8.762,7.454,71
2,7543,8.762,7.2251,72
3,7543,8.762,7.1473,92
0,7544,8.762,7.2754,75
1,7544,8.762,7.2276,74
2,7544,8.762,7.2282,74
3,7544,8.762,7.2114,90
0,7545,8.762,7.1531,85
1,7545,8.762,7.258,86
2,7545,8.762,7.407,72
3,7545,8.762,7.2147,93
0,7546,8.762,7.3145,78
1,7546,8.762,7.4428,74
2,7546,8.762,7.2458,78
3,7546,8.762,7.2113,87
0,7547,8.762,7.2009,85
1,7547,8.762,7.4143,70
2,7547,8.762,7.2752,72
3,7547,8.762,7.2679,76
0,7548,8.762,7.0827,99
1,7548,8.762,7.1917,85
2,7548,8.762,7.2934,80
3,7548,8.762,7.2567,78
0,7549,8.762,7.1586,85
1,7549,8.762,7.26,88
2,7549,8.762,7.4552,71
3,7549,8.762,7.2179,77
0,7550,8.762,7.2472,74
1,7550,8.762,7.1429,84
2,7550,8.762,7.3185,85
3,7550,8.762,7.3101,86
0,7551,8.762,7.3038,77
1,7551,8.762,7.1526,83
2,7551,8.762,7.299,81
3,7551,8.762,7.0344,85
0,7552,8.762,7.2999,71
1,7552,8.762,6.995,86
2,7552,8.762,7.3322,74
3,7552,8.762,7.3463,70
0,7553,8.762,7.3152,75
1,7553,8.762,7.1521,79
2,7553,8.762,7.1916,87
3,7553,8.762,7.2655,80
0,7554,8.762,6.9993,83
1,7554,8.762,7.3401,80
2,7554,8.762,7.2648,75
3,7554,8.762,7.1734,82
0,7555,8.762,7.2589,76
1,7555,8.762,7.2491,80
2,7555,8.762,7.2685,87
3,7555,8.762,7.2307,90
0,7556,8.762,7.1162,80
1,7556,8.762,7.3181,69
2,7556,8.762,7.2145,88
3,7556,8.762,7.3129,81
0,7557,8.762,7.1307,83
1,7557,8.762,7.2753,83
2,7557,8.762,7.3789,85
3,7557,8.762,7.3152,69
0,7558,8.762,7.1598,89
1,7558,8.762,7.3372,76
2,7558,8.762,7.2264,89
3,7558,8.762,7.1601,87
0,7559,8.762,7.1218,96
1,7559,8.762,7.1575,79
2,7559,8.762,7.1868,79
3,7559,8.762,7.4325,70
0,7560,8.762,7.401,78
1,7560,8.762,7.4161,78
2,7560,8.762,7.3141,74
3,7560,8.762,7.105,92
0,7561,8.762,7.3113,92
1,7561,8.762,7.3437,80
2,7561,8.762,7.3131,75
3,7561,8.762,7.3154,75
0,7562,8.762,7.0898,82
1,7562,8.762,7.2991,84
2,7562,8.762,7.1191,77
3,7562,8.762,7.11,84
0,7563,8.762,7.3715,72
1,7563,8.762,7.2009,79
2,7563,8.762,7.3599,78
3,7563,8.762,7.1729,88
0,7564,8.762,7.3904,77
1,7564,8.762,7.3443,75
2,7564,8.762,7.3262,71
3,7564,8.762,7.1592,85
0,7565,8.762,7.2668,83
1,7565,8.762,7.275,76
2,7565,8.762,7.3381,77
3,7565,8.762,7.1977,83
0,7566,8.762,7.2745,75
1,7566,8.762,7.4141,77
2,7566,8.762,7.174,79
3,7566,8.762,7.212,89
0,7567,8.762,7.1086,82
1,7567,8.762,7.3459,77
2,7567,8.762,7.2641,77
3,7567,8.762,7.2096,88
0,7568,8.762,7.1159,82
1,7568,8.762,7.189,83
2,7568,8.762,7.336,78
3,7568,8.762,7.4062,74
0,7569,8.762,7.1815,85
1,7569,8.762,7.193,83
2,7569,8.762,7.1724,92
3,7569,8.762,7.3088,74
0,7570,8.762,7.0361,93
1,7570,8.762,7.1603,87
2,7570,8.762,7.2225,78
3,7570,8.762,7.2514,89
0,7571,8.762,7.109,85
1,7571,8.762,7.2662,88
2,7571,8.762,7.187,80
3,7571,8.762,7.1061,86
0,7572,8.762,7.174,88
1,7572,8.762,7.3194,81
2,7572,8.762,7.1487,87
3,7572,8.762,7.3235,80
0,7573,8.762,7.4283,79
1,7573,8.762,7.2442,95
2,7573,8.762,7.2535,76
3,7573,8.762,7.3147,87
0,7574,8.762,7.3243,77
1,7574,8.762,7.4303,71
2,7574,8.762,7.4553,71
3,7574,8.762,7.2026,83
0,7575,8.762,7.2833,79
1,7575,8.762,7.403,75
2,7575,8.762,7.1871,81
3,7575,8.762,7.2755,84
0,7576,8.762,7.112,91
1,7576,8.762,7.1085,83
2,7576,8.762,7.2331,80
3,7576,8.762,7.3908,78
0,7577,8.762,7.2504,81
1,7577,8.762,7.3614,69
2,7577,8.762,7.2788,77
3,7577,8.762,7.2965,86
0,7578,8.762,7.2935,78
1,7578,8.762,7.2398,77
2,7578,8.762,7.1233,94
3,7578,8.762,7.1973,81
0,7579,8.762,7.2594,80
1,7579,8.762,7.2215,77
2,7579,8.762,7.2217,91
3,7579,8.762,7.2682,81
0,7580,8.762,7.0641,81
1,7580,8.762,7.2703,80
2,7580,8.762,7.2355,84
3,7580,8.762,7.2847,82
0,7581,8.762,7.1683,79
1,7581,8.762,7.2029,80
2,7581,8.762,7.2509,86
3,7581,8.762,7.285,78
0,7582,8.762,7.2532,89
1,7582,8.762,7.3235,78
2,7582,8.762,7.3093,77
3,7582,8.762,7.035,93
0,7583,8.762,7.1362,85
1,7583,8.762,7.2349,78
2,7583,8.762,7.2935,82
3,7583,8.762,7.1368,80
0,7584,8.762,7.3671,81
1,7584,8.762,7.4554,69
2,7584,8.762,7.2789,89
3,7584,8.762,7.2033,77
0,7585,8.762,7.2634,83
1,7585,8.762,7.2533,85
2,7585,8.762,7.2601,74
3,7585,8.762,7.1461,77
0,7586,8.762,7.3076,78
1,7586,8.762,7.0534,89
2,7586,8.762,7.3159,81
3,7586,8.762,7.1798,86
0,7587,8.762,7.1653,85
1,7587,8.762,7.2339,72
2,7587,8.762,7.2596,82
3,7587,8.762,7.2929,82
0,7588,8.762,7.3208,71
1,7588,8.762,7.1834,85
2,7588,8.762,7.1414,86
3,7588,8.762,6.9849,89
0,7589,8.762,7.2064,79
1,7589,8.762,7.2625,85
2,7589,8.762,7.3977,73
3,7589,8.762,7.1979,83
0,7590,8.762,7.3497,82
1,7590,8.762,7.2993,75
2,7590,8.762,7.1255,88
3,7590,8.762,7.1627,93
0,7591,8.762,7.2201,80
1,7591,8.762,7.1268,89
2,7591,8.762,7.2187,91
3,7591,8.762,7.2734,76
0,7592,8.762,7.168,78
1,7592,8.762,7.1388,90
2,7592,8.762,7.2668,76
3,7592,8.762,7.1272,83
0,7593,8.762,7.2255,78
1,7593,8.762,7.2357,86
2,7593,8.762,7.0413,95
3,7593,8.762,7.3932,82
0,7594,8.762,7.3934,74
1,7594,8.762,7.2012,83
2,7594,8.762,7.2197,78
3,7594,8.762,7.1846,78
0,7595,8.762,7.3802,74
1,7595,8.762,7.1812,74
2,7595,8.762,7.3299,92
3,7595,8.762,7.1542,84
0,7596,8.762,7.2433,84
1,7596,8.762,7.1247,83
2,7596,8.762,7.2051,85
3,7596,8.762,7.2683,81
0,7597,8.762,7.2921,77
1,7597,8.762,7.3364,81
2,7597,8.762,7.1823,80
3,7597,8.762,7.2532,75
0,7598,8.762,7.2435,78
1,7598,8.762,7.3363,70
2,7598,8.762,7.2532,85
3,7598,8.762,7.1781,78
0,7599,8.762,7.2634,78
1,7599,8.762,7.3469,79
2,7599,8.762,7.1843,89
3,7599,8.762,7.1981,87
0,7600,8.762,7.1565,88
1,7600,8.762,7.3342,78
2,7600,8.762,7.134,82
3,7600,8.762,7.2719,78
0,7601,8.762,7.2715,86
1,7601,8.762,7.1204,89
2,7601,8.762,7.2915,86
3,7601,8.762,7.3218,74
0,7602,8.762,7.2662,78
1,7602,8.762,7.2032,78
2,7602,8.762,7.3387,79
3,7602,8.762,7.0567,99
0,7603,8.762,7.2534,79
1,7603,8.762,7.1395,81
2,7603,8.762,7.4361,70
3,7603,8.762,7.1297,89
0,7604,8.762,7.3165,86
1,7604,8.762,7.138,88
2,7604,8.762,7.1717,84
3,7604,8.762,7.1761,89
0,7605,8.762,7.3116,72
1,7605,8.762,7.2686,81
2,7605,8.762,7.2302,89
3,7605,8.762,7.3556,83
0,7606,8.762,7.2243,84
1,7606,8.762,7.3232,73
2,7606,8.762,7.3074,80
3,7606,8.762,7.2072,78
0,7607,8.762,7.3064,76
1,7607,8.762,7.2977,72
2,7607,8.762,7.3277,75
3,7607,8.762,7.1979,90
0,7608,8.762,7.3291,76
1,7608,8.762,7.3315,82
2,7608,8.762,7.3685,65
3,7608,8.762,7.2658,81
0,7609,8.762,7.1703,93
1,7609,8.762,7.3388,78
2,7609,8.762,7.4009,70
3,7609,8.762,7.2662,79
0,7610,8.762,7.2321,87
1,7610,8.762,7.3458,79
2,7610,8.762,7.3219,76
3,7610,8.762,7.235,73
0,7611,8.762,7.2186,82
1,7611,8.762,7.226,86
2,7611,8.762,7.3627,82
3,7611,8.762,7.1776,78
0,7612,8.762,7.006,93
1,7612,8.762,7.3962,77
2,7612,8.762,7.3276,82
3,7612,8.762,7.3247,81
0,7613,8.762,7.2408,74
1,7613,8.762,7.1874,85
2,7613,8.762,7.3253,76
3,7613,8.762,7.2133,82
0,7614,8.762,7.2036,86
1,7614,8.762,7.1734,81
2,7614,8.762,7.1983,77
3,7614,8.762,7.2532,79
0,7615,8.762,7.1893,88
1,7615,8.762,7.1565,81
2,7615,8.762,7.1849,87
3,7615,8.762,7.4371,80
0,7616,8.762,7.0113,90
1,7616,8.762,7.2204,80
2,7616,8.762,7.2204,86
3,7616,8.762,7.3003,81
0,7617,8.762,7.2763,77
1,7617,8.762,7.1463,84
2,7617,8.762,7.1744,86
3,7617,8.762,7.1096,88
0,7618,8.762,7.0291,91
1,7618,8.762,7.3174,80
2,7618,8.762,7.2669,77
3,7618,8.762,7.2115,76
0,7619,8.762,7.1765,86
1,7619,8.762,7.2451,77
2,7619,8.762,7.3761,80
3,7619,8.762,7.1308,87
0,7620,8.762,7.388,71
1,7620,8.762,7.3752,75
2,7620,8.762,7.2453,76
3,7620,8.762,7.2537,87
0,7621,8.762,7.1497,88
1,7621,8.762,7.293,86
2,7621,8.762,7.329,76
3,7621,8.762,7.2267,76
0,7622,8.762,7.1478,86
1,7622,8.762,7.2146,79
2,7622,8.762,7.3641,84
3,7622,8.762,7.2505,81
0,7623,8.762,7.112,77
1,7623,8.762,7.3459,72
2,7623,8.762,7.359,71
3,7623,8.762,7.2707,77
0,7624,8.762,7.2549,84
1,7624,8.762,7.307,68
2,7624,8.762,7.3392,80
3,7624,8.762,7.2263,75
0,7625,8.762,7.0004,85
1,7625,8.762,7.2393,83
2,7625,8.762,7.3162,75
3,7625,8.762,7.2423,81
0,7626,8.762,7.1449,87
1,7626,8.762,7.1857,86
2,7626,8.762,7.3153,87
3,7626,8.762,7.1282,77
0,7627,8.762,7.218,80
1,7627,8.762,7.3234,79
2,7627,8.762,7.3696,76
3,7627,8.762,7.3749,78
0,7628,8.762,7.3948,81
1,7628,8.762,7.2151,81
2,7628,8.762,7.2554,84
3,7628,8.762,7.3113,72
0,7629,8.762,7.2592,77
1,7629,8.762,7.1779,76
2,7629,8.762,7.1764,85
3,7629,8.762,7.4227,72
0,7630,8.762,7.3689,77
1,7630,8.762,7.2876,89
2,7630,8.762,7.3062,83
3,7630,8.762,7.1125,83
0,7631,8.762,7.1866,81
1,7631,8.762,7.2885,81
2,7631,8.762,7.1719,70
3,7631,8.762,7.1476,87
0,7632,8.762,7.3412,83
1,7632,8.762,7.3126,74
2,7632,8.762,7.2667,76
3,7632,8.762,7.2883,88
0,7633,8.762,7.1282,71
1,7633,8.762,7.1082,93
2,7633,8.762,7.253,84
3,7633,8.762,7.4694,66
0,7634,8.762,7.1974,83
1,7634,8.762,7.3227,77
2,7634,8.762,7.1508,80
3,7634,8.762,7.263,78
0,7635,8.762,7.2229,76
1,7635,8.762,7.3907,70
2,7635,8.762,7.3714,80
3,7635,8.762,7.2468,80
0,7636,8.762,7.1462,86
1,7636,8.762,7.142,84
2,7636,8.762,7.2039,82
3,7636,8.762,7.1753,89
0,7637,8.762,7.2157,78
1,7637,8.762,7.0512,92
2,7637,8.762,7.2543,84
3,7637,8.762,7.2965,80
0,7638,8.762,7.2134,71
1,7638,8.762,7.2913,76
2,7638,8.762,7.0824,94
3,7638,8.762,7.3656,80
0,7639,8.762,7.3022,74
1,7639,8.762,7.3048,80
2,7639,8.762,7.4333,76
3,7639,8.762,7.0829,83
0,7640,8.762,7.2604,88
1,7640,8.762,7.0428,89
2,7640,8.762,7.1594,81
3,7640,8.762,7.0481,82
0,7641,8.762,7.2325,75
1,7641,8.762,7.0865,88
2,7641,8.762,7.2272,78
3,7641,8.762,7.3094,82
0,7642,8.762,7.2479,83
1,7642,8.762,7.1801,97
2,7642,8.762,7.2769,80
3,7642,8.762,7.2079,80
0,7643,8.762,7.4168,77
1,7643,8.762,7.1928,86
2,7643,8.762,7.3954,88
3,7643,8.762,7.188,85
0,7644,8.762,7.2933,85
1,7644,8.762,7.2587,94
2,7644,8.762,7.3749,79
3,7644,8.762,7.3122,85
0,7645,8.762,7.4052,86
1,7645,8.762,7.247,77
2,7645,8.762,7.3689,82
3,7645,8.762,7.0914,97
0,7646,8.762,7.3367,76
1,7646,8.762,7.1735,74
2,7646,8.762,7.2425,71
3,7646,8.762,7.2007,88
0,7647,8.762,7.2649,83
1,7647,8.762,7.0273,81
2,7647,8.762,7.1029,77
3,7647,8.762,7.3166,83
0,7648,8.762,7.1394,70
1,7648,8.762,7.2947,78
2,7648,8.762,7.2654,86
3,7648,8.762,7.3078,82
0,7649,8.762,7.3175,77
1,7649,8.762,7.2491,84
2,7649,8.762,7.2532,84
3,7649,8.762,7.2072,79
0,7650,8.762,7.2273,77
1,7650,8.762,7.3186,80
2,7650,8.762,7.4229,72
3,7650,8.762,7.3419,83
0,7651,8.762,7.1416,81
1,7651,8.762,7.2572,75
2,7651,8.762,7.2104,87
3,7651,8.762,7.2637,84
0,7652,8.762,7.2768,72
1,7652,8.762,7.1415,89
2,7652,8.762,7.254,85
3,7652,8.762,7.1874,90
0,7653,8.762,7.2577,83
1,7653,8.762,7.2369,87
2,7653,8.762,7.3253,78
3,7653,8.762,7.0995,88
0,7654,8.762,7.2315,89
1,7654,8.762,7.1722,76
2,7654,8.762,7.136,87
3,7654,8.762,7.1737,91
0,7655,8.762,7.3129,80
1,7655,8.762,7.3378,81
2,7655,8.762,7.1937,84
3,7655,8.762,7.133,85
0,7656,8.762,7.2077,83
1,7656,8.762,7.3094,85
2,7656,8.762,7.1915,91
3,7656,8.762,7.0722,83
0,7657,8.762,7.1429,80
1,7657,8.762,7.2287,85
2,7657,8.762,7.2313,91
3,7657,8.762,7.2553,91
0,7658,8.762,7.2893,78
1,7658,8.762,7.1893,85
2,7658,8.762,7.3053,82
3,7658,8.762,7.1234,90
0,7659,8.762,7.2618,77
1,7659,8.762,7.2965,87
2,7659,8.762,7.2079,86
3,7659,8.762,7.2919,90
0,7660,8.762,7.303,77
1,7660,8.762,7.3149,86
2,7660,8.762,7.1566,86
3,7660,8.762,7.2649,85
0,7661,8.762,7.3137,67
1,7661,8.762,7.2823,78
2,7661,8.762,7.2128,89
3,7661,8.762,7.0583,91
0,7662,8.762,7.2408,81
1,7662,8.762,7.2043,82
2,7662,8.762,7.2826,80
3,7662,8.762,7.2219,75
0,7663,8.762,7.308,72
1,7663,8.762,7.3737,68
2,7663,8.762,7.2345,84
3,7663,8.762,7.2183,73
0,7664,8.762,7.2702,83
1,7664,8.762,7.2784,78
2,7664,8.762,7.2304,76
3,7664,8.762,7.1684,85
0,7665,8.762,7.3574,76
1,7665,8.762,7.2138,89
2,7665,8.762,7.3902,74
3,7665,8.762,7.3724,74
0,7666,8.762,7.3043,74
1,7666,8.762,7.199,87
2,7666,8.762,7.0816,88
3,7666,8.762,7.2937,79
0,7667,8.762,7.1407,84
1,7667,8.762,7.3282,75
2,7667,8.762,7.038,90
3,7667,8.762,7.1519,90
0,7668,8.762,7.1048,85
1,7668,8.762,7.1462,97
2,7668,8.762,7.229,78
3,7668,8.762,7.2737,74
0,7669,8.762,7.3497,80
1,7669,8.762,7.144,83
2,7669,8.762,7.345,81
3,7669,8.762,7.1614,89
0,7670,8.762,7.1933,80
1,7670,8.762,7.1899,74
2,7670,8.762,7.3434,78
3,7670,8.762,7.2883,83
0,7671,8.762,7.2957,78
1,7671,8.762,7.1079,89
2,7671,8.762,7.3557,83
3,7671,8.762,7.2237,81
0,7672,8.762,7.1969,78
1,7672,8.762,7.2622,82
2,7672,8.762,7.1576,77
3,7672,8.762,7.3397,69
0,7673,8.762,7.0887,74
1,7673,8.762,7.2155,86
2,7673,8.762,7.0945,77
3,7673,8.762,7.1753,79
0,7674,8.762,7.2765,83
1,7674,8.762,7.0912,85
2,7674,8.762,7.2241,84
3,7674,8.762,7.4782,69
0,7675,8.762,7.1971,95
1,7675,8.762,7.0403,92
2,7675,8.762,7.2096,78
3,7675,8.762,7.2027,79
0,7676,8.762,7.0875,87
1,7676,8.762,7.3833,75
2,7676,8.762,7.1614,82
3,7676,8.762,7.1488,92
0,7677,8.762,7.2569,85
1,7677,8.762,7.4927,71
2,7677,8.762,7.145,90
3,7677,8.762,7.3761,73
0,7678,8.762,7.2342,86
1,7678,8.762,7.2743,70
2,7678,8.762,7.2113,89
3,7678,8.762,7.3108,84
0,7679,8.762,7.2032,77
1,7679,8.762,7.1195,87
2,7679,8.762,7.3145,66
3,7679,8.762,7.3587,79
0,7680,8.762,7.1352,89
1,7680,8.762,7.229,73
2,7680,8.762,7.3054,74
3,7680,8.762,7.0704,91
0,7681,8.762,7.168,85
1,7681,8.762,7.1788,78
2,7681,8.762,7.2343,82
3,7681,8.762,7.2073,86
0,7682,8.762,7.2125,72
1,7682,8.762,7.2372,88
2,7682,8.762,7.3469,75
3,7682,8.762,7.1364,80
0,7683,8.762,7.1363,91
1,7683,8.762,7.3243,78
2,7683,8.762,7.1674,81
3,7683,8.762,7.1691,85
0,7684,8.762,7.1412,78
1,7684,8.762,7.318,77
2,7684,8.762,7.4274,80
3,7684,8.762,7.1519,79
0,7685,8.762,7.3424,78
1,7685,8.762,7.2845,72
2,7685,8.762,7.2468,82
3,7685,8.762,7.1004,77
0,7686,8.762,7.2591,83
1,7686,8.762,7.194,81
2,7686,8.762,7.1589,78
3,7686,8.762,7.1372,83
0,7687,8.762,7.2743,83
1,7687,8.762,7.227,90
2,7687,8.762,7.2687,77
3,7687,8.762,7.2599,86
0,7688,8.762,7.3816,77
1,7688,8.762,7.1827,83
2,7688,8.762,7.1653,85
3,7688,8.762,7.1523,89
0,7689,8.762,7.2536,80
1,7689,8.762,7.2394,76
2,7689,8.762,7.3472,72
3,7689,8.762,7.3131,92
0,7690,8.762,7.2058,80
1,7690,8.762,7.4111,79
2,7690,8.762,7.2095,79
3,7690,8.762,6.9606,86
0,7691,8.762,7.3096,82
1,7691,8.762,7.2785,82
2,7691,8.762,7.2851,84
3,7691,8.762,7.2533,88
0,7692,8.762,7.0695,85
1,7692,8.762,7.2372,79
2,7692,8.762,7.1739,90
3,7692,8.762,7.3012,84
0,7693,8.762,7.0925,85
1,7693,8.762,7.2893,81
2,7693,8.762,7.4266,74
3,7693,8.762,7.317,75
0,7694,8.762,7.1187,95
1,7694,8.762,7.3417,87
2,7694,8.762,7.1381,82
3,7694,8.762,7.1649,91
0,7695,8.762,7.2338,76
1,7695,8.762,7.3086,72
2,7695,8.762,7.164,91
3,7695,8.762,7.2703,76
0,7696,8.762,7.3549,67
1,7696,8.762,7.166,74
2,7696,8.762,7.1634,84
3,7696,8.762,7.1707,88
0,7697,8.762,7.311,81
1,7697,8.762,7.2638,89
2,7697,8.762,7.1189,87
3,7697,8.762,7.2159,82
0,7698,8.762,7.4148,80
1,7698,8.762,7.1203,78
2,7698,8.762,7.1824,77
3,7698,8.762,7.238,75
0,7699,8.762,7.2088,82
1,7699,8.762,7.1081,86
2,7699,8.762,7.3518,69
3,7699,8.762,7.2639,84
0,7700,8.762,7.3653,73
1,7700,8.762,7.3355,77
2,7700,8.762,7.3849,70
3,7700,8.762,7.3321,81
0,7701,8.762,7.3471,78
1,7701,8.762,7.3142,77
2,7701,8.762,7.1282,89
3,7701,8.762,7.1072,79
0,7702,8.762,7.3445,68
1,7702,8.762,7.329,84
2,7702,8.762,7.424,77
3,7702,8.762,7.304,72
0,7703,8.762,7.0747,85
1,7703,8.762,7.2736,78
2,7703,8.762,7.1981,100
3,7703,8.762,7.1888,77
0,7704,8.762,7.1705,89
1,7704,8.762,7.3628,78
2,7704,8.762,7.2375,84
3,7704,8.762,7.4192,75
0,7705,8.762,7.1497,83
1,7705,8.762,7.195,79
2,7705,8.762,7.2285,76
3,7705,8.762,7.2614,93
0,7706,8.762,7.0936,81
1,7706,8.762,7.306,81
2,7706,8.762,7.1782,92
3,7706,8.762,7.39,70
0,7707,8.762,7.1618,79
1,7707,8.762,7.2892,84
2,7707,8.762,7.315,82
3,7707,8.762,7.3812,74
0,7708,8.762,7.136,95
1,7708,8.762,7.3439,88
2,7708,8.762,7.2241,87
3,7708,8.762,7.1666,79
0,7709,8.762,7.2065,81
1,7709,8.762,7.2774,87
2,7709,8.762,7.2126,84
3,7709,8.762,7.3675,69
0,7710,8.762,7.2973,81
1,7710,8.762,7.1072,92
2,7710,8.762,7.2011,85
3,7710,8.762,7.1058,94
0,7711,8.762,7.1007,93
1,7711,8.762,7.2612,78
2,7711,8.762,7.2705,79
3,7711,8.762,7.402,71
0,7712,8.762,7.2321,83
1,7712,8.762,7.2469,81
2,7712,8.762,7.3325,74
3,7712,8.762,7.3132,82
0,7713,8.762,7.2019,81
1,7713,8.762,7.1591,75
2,7713,8.762,7.1509,74
3,7713,8.762,7.2273,80
0,7714,8.762,7.2108,88
1,7714,8.762,6.9965,85
2,7714,8.762,7.1581,86
3,7714,8.762,7.2827,79
0,7715,8.762,7.1002,88
1,7715,8.762,7.1521,92
2,7715,8.762,7.1943,82
3,7715,8.762,7.1831,96
0,7716,8.762,7.3114,79
1,7716,8.762,7.227,79
2,7716,8.762,7.1867,77
3,7716,8.762,7.223,85
0,7717,8.762,7.3488,74
1,7717,8.762,7.1136,84
2,7717,8.762,7.2288,82
3,7717,8.762,7.3517,80
0,7718,8.762,7.2572,82
1,7718,8.762,7.3174,77
2,7718,8.762,7.2084,82
3,7718,8.762,7.3001,73
0,7719,8.762,7.2279,86
1,7719,8.762,7.287,75
2,7719,8.762,7.3591,75
3,7719,8.762,7.2726,80
0,7720,8.762,7.279,83
1,7720,8.762,7.2957,83
2,7720,8.762,7.1999,77
3,7720,8.762,7.3489,83
0,7721,8.762,7.2794,81
1,7721,8.762,7.1397,92
2,7721,8.762,7.2369,82
3,7721,8.762,7.1724,85
0,7722,8.762,7.222,77
1,7722,8.762,7.2649,84
2,7722,8.762,7.3755,72
3,7722,8.762,7.2529,78
0,7723,8.762,7.2871,70
1,7723,8.762,7.2806,83
2,7723,8.762,7.1729,73
3,7723,8.762,7.1677,85
0,7724,8.762,7.2152,79
1,7724,8.762,7.1274,83
2,7724,8.762,7.2209,81
3,7724,8.762,7.0771,84
0,7725,8.762,7.3705,83
1,7725,8.762,7.2997,76
2,7725,8.762,7.2008,85
3,7725,8.762,7.3303,80
0,7726,8.762,7.333,68
1,7726,8.762,7.3609,66
2,7726,8.762,7.3191,82
3,7726,8.762,7.2526,77
0,7727,8.762,7.109,80
1,7727,8.762,7.3775,81
2,7727,8.762,7.316,80
3,7727,8.762,7.2538,76
0,7728,8.762,7.0885,87
1,7728,8.762,7.2745,81
2,7728,8.762,7.5087,63
3,7728,8.762,7.1137,87
0,7729,8.762,7.1767,82
1,7729,8.762,7.084,88
2,7729,8.762,7.1448,86
3,7729,8.762,7.1522,87
0,7730,8.762,7.1504,93
1,7730,8.762,7.2989,83
2,7730,8.762,7.3167,78
3,7730,8.762,7.2755,81
0,7731,8.762,7.283,84
1,7731,8.762,7.1534,79
2,7731,8.762,7.2551,80
3,7731,8.762,7.2234,87
0,7732,8.762,7.2207,86
1,7732,8.762,7.1083,87
2,7732,8.762,7.3451,73
3,7732,8.762,7.2497,76
0,7733,8.762,7.3203,79
1,7733,8.762,7.2382,89
2,7733,8.762,7.141,76
3,7733,8.762,7.1194,87
0,7734,8.762,7.2835,77
1,7734,8.762,7.1992,88
2,7734,8.762,7.3156,75
3,7734,8.762,7.2645,85
0,7735,8.762,7.3107,76
1,7735,8.762,7.2397,79
2,7735,8.762,7.1982,86
3,7735,8.762,7.2661,73
0,7736,8.762,7.2447,82
1,7736,8.762,7.2169,78
2,7736,8.762,6.9803,92
3,7736,8.762,7.2846,72
0,7737,8.762,7.043,90
1,7737,8.762,7.3104,75
2,7737,8.762,6.995,98
3,7737,8.762,7.3728,76
0,7738,8.762,7.1766,81
1,7738,8.762,7.1255,78
2,7738,8.762,7.1591,85
3,7738,8.762,7.2455,81
0,7739,8.762,7.1868,84
1,7739,8.762,7.17,81
2,7739,8.762,7.2248,84
3,7739,8.762,7.2817,82
0,7740,8.762,7.1462,80
1,7740,8.762,7.2019,82
2,7740,8.762,7.3263,76
3,7740,8.762,7.2408,76
0,7741,8.762,7.2346,71
1,7741,8.762,7.2548,84
2,7741,8.762,7.28,74
3,7741,8.762,7.2121,86
0,7742,8.762,7.3698,69
1,7742,8.762,7.0851,93
2,7742,8.762,7.2571,78
3,7742,8.762,7.3489,78
0,7743,8.762,7.1405,78
1,7743,8.762,7.1792,80
2,7743,8.762,7.3151,74
3,7743,8.762,7.0644,84
0,7744,8.762,7.0177,104
1,7744,8.762,7.1503,81
2,7744,8.762,7.2038,91
3,7744,8.762,7.2211,84
0,7745,8.762,7.2978,73
1,7745,8.762,7.1252,85
2,7745,8.762,7.1361,79
3,7745,8.762,7.1329,78
0,7746,8.762,7.1373,95
1,7746,8.762,7.2595,89
2,7746,8.762,7.31,83
3,7746,8.762,7.1607,85
0,7747,8.762,7.3301,82
1,7747,8.762,7.1527,79
2,7747,8.762,7.165,79
3,7747,8.762,7.1033,88
0,7748,8.762,7.1489,83
1,7748,8.762,7.1739,79
2,7748,8.762,7.2454,77
3,7748,8.762,7.2564,86
0,7749,8.762,7.0779,81
1,7749,8.762,7.31,82
2,7749,8.762,7.1949,87
3,7749,8.762,7.2467,72
0,7750,8.762,7.2302,81
1,7750,8.762,7.4289,72
2,7750,8.762,7.27,91
3,7750,8.762,7.2961,70
0,7751,8.762,7.1592,86
1,7751,8.762,7.2962,83
2,7751,8.762,7.2749,76
3,7751,8.762,7.0807,88
0,7752,8.762,7.0714,90
1,7752,8.762,7.2384,78
2,7752,8.762,7.1132,76
3,7752,8.762,7.2881,83
0,7753,8.762,7.2605,81
1,7753,8.762,7.1988,89
2,7753,8.762,7.1354,78
3,7753,8.762,7.1392,82
0,7754,8.762,7.0949,94
1,7754,8.762,7.2134,83
2,7754,8.762,7.1305,82
3,7754,8.762,7.3095,80
0,7755,8.762,7.2325,86
1,7755,8.762,7.0731,83
2,7755,8.762,7.0804,76
3,7755,8.762,7.317,78
0,7756,8.762,7.1681,77
1,7756,8.762,7.1611,83
2,7756,8.762,7.3579,84
3,7756,8.762,7.0259,92
0,7757,8.762,7.2685,87
1,7757,8.762,7.3427,73
2,7757,8.762,7.2746,89
3,7757,8.762,7.2523,84
0,7758,8.762,7.2555,90
1,7758,8.762,7.1044,86
2,7758,8.762,7.3389,67
3,7758,8.762,7.2606,88
0,7759,8.762,7.3087,85
1,7759,8.762,7.14,92
2,7759,8.762,7.2953,74
3,7759,8.762,7.2291,83
0,7760,8.762,7.1706,76
1,7760,8.762,7.3365,87
2,7760,8.762,7.2551,73
3,7760,8.762,7.2604,84
0,7761,8.762,7.3425,75
1,7761,8.762,7.1661,76
2,7761,8.762,7.1096,98
3,7761,8.762,7.2417,84
0,7762,8.762,7.2369,78
1,7762,8.762,7.3222,76
2,7762,8.762,7.1527,86
3,7762,8.762,7.2836,77
0,7763,8.762,7.1887,71
1,7763,8.762,7.351,76
2,7763,8.762,7.4043,80
3,7763,8.762,7.288,81
0,7764,8.762,7.3007,71
1,7764,8.762,7.1889,79
2,7764,8.762,7.2922,77
3,7764,8.762,7.1528,84
0,7765,8.762,7.2864,84
1,7765,8.762,7.0669,90
2,7765,8.762,7.199,70
3,7765,8.762,7.1693,85
0,7766,8.762,7.3518,66
1,7766,8.762,7.256,77
2,7766,8.762,7.338,81
3,7766,8.762,7.2318,78
0,7767,8.762,7.1991,84
1,7767,8.762,7.2601,87
2,7767,8.762,7.1943,83
3,7767,8.762,7.2306,79
0,7768,8.762,7.3114,84
1,7768,8.762,7.3453,78
2,7768,8.762,7.3143,78
3,7768,8.762,7.2468,74
0,7769,8.762,7.234,78
1,7769,8.762,7.2179,80
2,7769,8.762,6.9663,91
3,7769,8.762,7.3115,74
0,7770,8.762,7.1897,84
1,7770,8.762,7.2312,86
2,7770,8.762,7.3215,75
3,7770,8.762,7.1732,80
0,7771,8.762,7.2893,75
1,7771,8.762,7.1353,79
2,7771,8.762,7.3077,75
3,7771,8.762,7.3248,70
0,7772,8.762,7.3675,77
1,7772,8.762,7.2712,79
2,7772,8.762,7.2791,80
3,7772,8.762,7.2277,79
0,7773,8.762,7.2517,84
1,7773,8.762,7.2964,75
2,7773,8.762,7.3832,70
3,7773,8.762,7.1737,86
0,7774,8.762,7.2071,79
1,7774,8.762,7.256,76
2,7774,8.762,7.3009,72
3,7774,8.762,7.2199,84
0,7775,8.762,7.2368,76
1,7775,8.762,7.2132,88
2,7775,8.762,7.2046,74
3,7775,8.762,7.1786,93
0,7776,8.762,7.1821,84
1,7776,8.762,7.3016,90
2,7776,8.762,7.3031,82
3,7776,8.762,7.1511,86
0,7777,8.762,7.3238,73
1,7777,8.762,7.3278,76
2,7777,8.762,7.3522,74
3,7777,8.762,7.2385,84
0,7778,8.762,7.0739,87
1,7778,8.762,7.3794,82
2,7778,8.762,7.2744,81
3,7778,8.762,7.241,85
0,7779,8.762,7.1915,80
1,7779,8.762,7.3893,74
2,7779,8.762,7.177,83
3,7779,8.762,7.2533,84
0,7780,8.762,7.2534,83
1,7780,8.762,7.2919,78
2,7780,8.762,7.2036,77
3,7780,8.762,7.3346,74
0,7781,8.762,7.2042,81
1,7781,8.762,7.3226,79
2,7781,8.762,7.2484,83
3,7781,8.762,7.1974,80
0,7782,8.762,7.1721,79
1,7782,8.762,7.3926,69
2,7782,8.762,7.1871,81
3,7782,8.762,7.3611,71
0,7783,8.762,7.1511,80
1,7783,8.762,7.1588,83
2,7783,8.762,7.2051,85
3,7783,8.762,7.3144,74
0,7784,8.762,7.2124,84
1,7784,8.762,7.3183,79
2,7784,8.762,7.1712,83
3,7784,8.762,7.1985,84
0,7785,8.762,7.2323,82
1,7785,8.762,7.2234,77
2,7785,8.762,7.237,90
3,7785,8.762,7.3034,76
0,7786,8.762,7.1799,85
1,7786,8.762,7.4434,81
2,7786,8.762,7.2393,82
3,7786,8.762,7.2704,76
0,7787,8.762,7.3099,75
1,7787,8.762,7.2241,81
2,7787,8.762,7.0946,82
3,7787,8.762,7.139,84
0,7788,8.762,7.3067,91
1,7788,8.762,7.3923,78
2,7788,8.762,7.1165,78
3,7788,8.762,7.2971,82
0,7789,8.762,7.3686,82
1,7789,8.762,7.2937,78
2,7789,8.762,7.2177,89
3,7789,8.762,7.2053,81
0,7790,8.762,7.2213,69
1,7790,8.762,7.2982,77
2,7790,8.762,7.2182,75
3,7790,8.762,7.1612,86
0,7791,8.762,7.2634,77
1,7791,8.762,7.2571,74
2,7791,8.762,7.2225,85
3,7791,8.762,7.232,77
0,7792,8.762,7.2137,86
1,7792,8.762,7.2449,74
2,7792,8.762,7.2006,87
3,7792,8.762,7.381,73
0,7793,8.762,7.2423,75
1,7793,8.762,7.1996,83
2,7793,8.762,7.1957,74
3,7793,8.762,7.304,80
0,7794,8.762,7.3885,77
1,7794,8.762,7.2935,82
2,7794,8.762,7.2337,85
3,7794,8.762,7.2505,82
0,7795,8.762,7.2059,85
1,7795,8.762,7.34,69
2,7795,8.762,7.4134,83
3,7795,8.762,7.2517,77
0,7796,8.762,7.1506,77
1,7796,8.762,7.2964,78
2,7796,8.762,7.2468,81
3,7796,8.762,7.2168,84
0,7797,8.762,6.9756,86
1,7797,8.762,7.2715,84
2,7797,8.762,7.3196,84
3,7797,8.762,7.332,80
0,7798,8.762,7.4205,71
1,7798,8.762,7.3017,85
2,7798,8.762,7.1437,84
3,7798,8.762,7.3269,81
0,7799,8.762,7.1704,79
1,7799,8.762,7.241,87
2,7799,8.762,7.273,77
3,7799,8.762,7.2133,86
0,7800,8.762,7.2319,80
1,7800,8.762,7.2108,90
2,7800,8.762,7.3431,76
3,7800,8.762,7.2225,92
0,7801,8.762,7.4202,73
1,7801,8.762,7.3124,77
2,7801,8.762,7.2606,80
3,7801,8.762,7.2088,79
0,7802,8.762,7.2054,76
1,7802,8.762,7.306,73
2,7802,8.762,7.2653,71
3,7802,8.762,7.1917,91
0,7803,8.762,7.2953,82
1,7803,8.762,7.2233,83
2,7803,8.762,7.2599,86
3,7803,8.762,7.118,79
0,7804,8.762,7.5179,66
1,7804,8.762,7.4469,72
2,7804,8.762,7.2883,78
3,7804,8.762,7.3648,81
0,7805,8.762,7.4739,77
1,7805,8.762,7.3631,77
2,7805,8.762,7.4243,80
3,7805,8.762,7.2842,88
0,7806,8.762,7.2919,82
1,7806,8.762,7.2136,78
2,7806,8.762,7.4309,76
3,7806,8.762,7.0535,78
0,7807,8.762,7.1399,89
1,7807,8.762,7.2911,85
2,7807,8.762,7.385,71
3,7807,8.762,7.1905,81
0,7808,8.762,7.1952,85
1,7808,8.762,7.1632,84
2,7808,8.762,7.113,81
3,7808,8.762,7.2753,89
0,7809,8.762,7.2265,78
1,7809,8.762,7.1279,79
2,7809,8.762,7.2402,77
3,7809,8.762,7.4367,76
0,7810,8.762,7.3016,79
1,7810,8.762,7.3377,76
2,7810,8.762,7.1694,84
3,7810,8.762,7.3096,74
0,7811,8.762,7.1926,79
1,7811,8.762,7.3091,79
2,7811,8.762,7.2355,77
3,7811,8.762,7.2352,79
0,7812,8.762,7.2108,82
1,7812,8.762,7.3652,71
2,7812,8.762,7.2766,76
3,7812,8.762,7.3,76
0,7813,8.762,7.4435,74
1,7813,8.762,7.2487,81
2,7813,8.762,7.3044,80
3,7813,8.762,7.2397,94
0,7814,8.762,7.2413,71
1,7814,8.762,7.2306,70
2,7814,8.762,7.1523,81
3,7814,8.762,7.2766,82
0,7815,8.762,7.1347,88
1,7815,8.762,7.1583,93
2,7815,8.762,7.1337,92
3,7815,8.762,7.0923,77
0,7816,8.762,7.0884,88
1,7816,8.762,7.1531,83
2,7816,8.762,7.2284,89
3,7816,8.762,7.3037,81
0,7817,8.762,7.2532,86
1,7817,8.762,7.3008,79
2,7817,8.762,7.3869,78
3,7817,8.762,7.1802,82
0,7818,8.762,7.2309,76
1,7818,8.762,7.2868,75
2,7818,8.762,7.1007,91
3,7818,8.762,7.0682,90
0,7819,8.762,6.9449,92
1,7819,8.762,7.0643,85
2,7819,8.762,7.352,77
3,7819,8.762,7.2443,80
0,7820,8.762,7.2025,78
1,7820,8.762,7.4673,75
2,7820,8.762,7.2394,82
3,7820,8.762,7.1535,75
0,7821,8.762,7.2132,77
1,7821,8.762,7.1663,81
2,7821,8.762,7.2853,72
3,7821,8.762,7.0711,91
0,7822,8.762,7.273,75
1,7822,8.762,7.2923,81
2,7822,8.762,7.3431,82
3,7822,8.762,7.1503,76
0,7823,8.762,7.2195,85
1,7823,8.762,7.2907,85
2,7823,8.762,7.1575,97
3,7823,8.762,7.1929,84
0,7824,8.762,7.1944,76
1,7824,8.762,7.2572,68
2,7824,8.762,7.2375,89
3,7824,8.762,7.1998,86
0,7825,8.762,7.2214,74
1,7825,8.762,7.2566,83
2,7825,8.762,7.114,86
3,7825,8.762,7.1237,88
0,7826,8.762,7.2146,86
1,7826,8.762,7.3275,80
2,7826,8.762,7.1167,82
3,7826,8.762,7.1945,84
0,7827,8.762,7.1798,88
1,7827,8.762,7.1477,92
2,7827,8.762,7.2596,81
3,7827,8.762,7.2395,79
0,7828,8.762,7.3341,72
1,7828,8.762,7.3796,84
2,7828,8.762,7.3377,91
3,7828,8.762,7.2437,84
0,7829,8.762,7.2539,87
1,7829,8.762,7.1212,85
2,7829,8.762,7.2278,77
3,7829,8.762,7.3035,85
0,7830,8.762,7.2204,85
1,7830,8.762,7.166,82
2,7830,8.762,7.1781,88
3,7830,8.762,7.2715,90
0,7831,8.762,7.2163,81
1,7831,8.762,7.1627,85
2,7831,8.762,7.1905,70
3,7831,8.762,7.1389,88
0,7832,8.762,7.257,80
1,7832,8.762,7.2359,78
2,7832,8.762,7.1774,90
3,7832,8.762,7.2344,82
0,7833,8.762,7.277,77
1,7833,8.762,7.3123,83
2,7833,8.762,7.2236,84
3,7833,8.762,7.229,77
0,7834,8.762,7.3717,77
1,7834,8.762,7.2399,79
2,7834,8.762,7.2236,74
3,7834,8.762,7.2798,78
0,7835,8.762,7.3426,79
1,7835,8.762,7.2957,80
2,7835,8.762,7.1975,88
3,7835,8.762,7.1851,84
0,7836,8.762,7.218,80
1,7836,8.762,7.2427,80
2,7836,8.762,7.294,80
3,7836,8.762,7.2943,81
0,7837,8.762,7.2023,80
1,7837,8.762,7.1861,77
2,7837,8.762,7.0243,90
3,7837,8.762,7.216,83
0,7838,8.762,7.1325,79
1,7838,8.762,7.2273,80
2,7838,8.762,7.2397,75
3,7838,8.762,7.1317,88
0,7839,8.762,7.2832,75
1,7839,8.762,7.2941,77
2,7839,8.762,7.1974,85
3,7839,8.762,7.1521,93
0,7840,8.762,7.204,71
1,7840,8.762,7.1825,85
2,7840,8.762,7.3699,77
3,7840,8.762,7.2786,72
0,7841,8.762,7.3159,82
1,7841,8.762,7.3822,72
2,7841,8.762,7.1285,81
3,7841,8.762,7.2908,90
0,7842,8.762,7.3171,77
1,7842,8.762,7.3047,80
2,7842,8.762,7.1177,88
3,7842,8.762,7.2901,86
0,7843,8.762,7.4004,69
1,7843,8.762,7.1948,78
2,7843,8.762,7.2911,83
3,7843,8.762,7.2166,81
0,7844,8.762,7.3846,78
1,7844,8.762,7.2429,75
2,7844,8.762,7.2292,77
3,7844,8.762,7.1514,88
0,7845,8.762,7.2743,84
1,7845,8.762,7.1921,80
2,7845,8.762,7.2547,81
3,7845,8.762,7.127,85
0,7846,8.762,7.2987,85
1,7846,8.762,7.2806,75
2,7846,8.762,7.1907,75
3,7846,8.762,7.2976,76
0,7847,8.762,7.0979,92
1,7847,8.762,7.1883,95
2,7847,8.762,7.28,75
3,7847,8.762,7.2705,69
0,7848,8.762,7.2137,84
1,7848,8.762,7.264,84
2,7848,8.762,7.1932,89
3,7848,8.762,7.2234,85
0,7849,8.762,7.2211,81
1,7849,8.762,7.2458,87
2,7849,8.762,7.2895,75
3,7849,8.762,7.2343,80
0,7850,8.762,7.2424,83
1,7850,8.762,7.1881,84
2,7850,8.762,7.1575,71
3,7850,8.762,7.1447,83
0,7851,8.762,7.4003,78
1,7851,8.762,7.3035,78
2,7851,8.762,7.107,89
3,7851,8.762,7.1989,82
0,7852,8.762,7.2985,76
1,7852,8.762,7.2412,84
2,7852,8.762,7.3165,80
3,7852,8.762,7.054,84
0,7853,8.762,7.3615,80
1,7853,8.762,7.0922,84
2,7853,8.762,7.2698,80
3,7853,8.762,7.3012,75
0,7854,8.762,7.2338,80
1,7854,8.762,7.3639,84
2,7854,8.762,7.1767,69
3,7854,8.762,7.3658,81
0,7855,8.762,7.1427,84
1,7855,8.762,7.2454,82
2,7855,8.762,7.1037,90
3,7855,8.762,7.3363,79
0,7856,8.762,7.2418,84
1,7856,8.762,7.1809,82
2,7856,8.762,7.3418,76
3,7856,8.762,7.1832,87
0,7857,8.762,7.215,92
1,7857,8.762,7.138,82
2,7857,8.762,7.2327,77
3,7857,8.762,7.274,92
0,7858,8.762,7.2512,82
1,7858,8.762,7.2047,79
2,7858,8.762,7.2127,78
3,7858,8.762,7.307,76
0,7859,8.762,7.3988,71
1,7859,8.762,7.3824,76
2,7859,8.762,7.1784,95
3,7859,8.762,7.2026,72
0,7860,8.762,7.2007,88
1,7860,8.762,7.1356,80
2,7860,8.762,7.1703,92
3,7860,8.762,7.2153,87
0,7861,8.762,7.1885,82
1,7861,8.762,7.3123,86
2,7861,8.762,7.3686,72
3,7861,8.762,7.2938,75
0,7862,8.762,7.3801,74
1,7862,8.762,7.2553,85
2,7862,8.762,7.1499,75
3,7862,8.762,7.4291,76
0,7863,8.762,7.1646,80
1,7863,8.762,7.1799,84
2,7863,8.762,7.3452,85
3,7863,8.762,7.1959,74
0,7864,8.762,7.1992,83
1,7864,8.762,7.2843,85
2,7864,8.762,7.2797,74
3,7864,8.762,7.326,86
0,7865,8.762,7.1491,77
1,7865,8.762,7.1356,87
2,7865,8.762,7.2764,79
3,7865,8.762,7.2427,82
0,7866,8.762,7.2238,80
1,7866,8.762,7.3617,75
2,7866,8.762,7.3034,79
3,7866,8.762,7.1652,81
0,7867,8.762,7.2225,87
1,7867,8.762,7.3256,77
2,7867,8.762,7.2792,71
3,7867,8.762,7.3192,79
0,7868,8.762,7.2485,78
1,7868,8.762,7.079,82
2,7868,8.762,7.1832,82
3,7868,8.762,7.2311,76
0,7869,8.762,7.3157,84
1,7869,8.762,7.1719,84
2,7869,8.762,7.1751,87
3,7869,8.762,7.2522,75
0,7870,8.762,7.2144,78
1,7870,8.762,7.3068,85
2,7870,8.762,7.3077,77
3,7870,8.762,7.275,80
0,7871,8.762,7.3102,70
1,7871,8.762,7.1228,83
2,7871,8.762,7.2221,82
3,7871,8.762,7.2161,82
0,7872,8.762,7.2109,90
1,7872,8.762,7.1991,79
2,7872,8.762,7.258,80
3,7872,8.762,7.1297,78
0,7873,8.762,7.1863,76
1,7873,8.762,7.1885,79
2,7873,8.762,7.2037,76
3,7873,8.762,7.2572,84
0,7874,8.762,7.2095,82
1,7874,8.762,7.3741,73
2,7874,8.762,7.2667,83
3,7874,8.762,7.152,80
0,7875,8.762,7.1694,84
1,7875,8.762,7.1358,86
2,7875,8.762,7.3855,78
3,7875,8.762,7.1387,81
0,7876,8.762,7.2124,86
1,7876,8.762,7.2204,78
2,7876,8.762,7.3567,77
3,7876,8.762,7.2168,79
0,7877,8.762,7.2611,81
1,7877,8.762,7.1724,92
2,7877,8.762,7.3388,80
3,7877,8.762,7.2606,85
0,7878,8.762,7.089,78
1,7878,8.762,7.2072,81
2,7878,8.762,7.1853,86
3,7878,8.762,7.2808,85
0,7879,8.762,7.1746,91
1,7879,8.762,7.2015,84
2,7879,8.762,7.3509,80
3,7879,8.762,7.0895,79
0,7880,8.762,7.1796,74
1,7880,8.762,7.3083,81
2,7880,8.762,7.2043,91
3,7880,8.762,7.3325,68
0,7881,8.762,7.0022,83
1,7881,8.762,7.336,82
2,7881,8.762,7.3443,86
3,7881,8.762,7.2628,72
0,7882,8.762,7.3183,76
1,7882,8.762,7.234,72
2,7882,8.762,7.2575,87
3,7882,8.762,7.17,75
0,7883,8.762,7.1857,81
1,7883,8.762,7.2007,83
2,7883,8.762,7.2684,76
3,7883,8.762,7.2226,82
0,7884,8.762,7.2326,81
1,7884,8.762,7.1647,84
2,7884,8.762,7.1899,88
3,7884,8.762,7.171,74
0,7885,8.762,7.3099,84
1,7885,8.762,7.1416,87
2,7885,8.762,7.1305,93
3,7885,8.762,7.3267,74
0,7886,8.762,7.1339,79
1,7886,8.762,7.2907,84
2,7886,8.762,7.2159,81
3,7886,8.762,7.2128,85
0,7887,8.762,7.4106,77
1,7887,8.762,7.0866,91
2,7887,8.762,7.1789,86
3,7887,8.762,7.3557,76
0,7888,8.762,7.1118,95
1,7888,8.762,7.2206,76
2,7888,8.762,7.182,88
3,7888,8.762,7.3009,73
0,7889,8.762,7.1667,75
1,7889,8.762,7.1246,84
2,7889,8.762,7.257,84
3,7889,8.762,7.2469,85
0,7890,8.762,7.1951,86
1,7890,8.762,7.1363,80
2,7890,8.762,7.3046,75
3,7890,8.762,7.199,85
0,7891,8.762,7.1791,89
1,7891,8.762,7.185,77
2,7891,8.762,7.2375,81
3,7891,8.762,7.3173,84
0,7892,8.762,7.2572,71
1,7892,8.762,7.2343,83
2,7892,8.762,7.4076,73
3,7892,8.762,7.2934,79
0,7893,8.762,7.0676,83
1,7893,8.762,7.3269,80
2,7893,8.762,7.2459,81
3,7893,8.762,7.2255,84
0,7894,8.762,7.3337,70
1,7894,8.762,7.2159,84
2,7894,8.762,7.3135,82
3,7894,8.762,7.3505,82
0,7895,8.762,7.3516,65
1,7895,8.762,7.2569,80
2,7895,8.762,7.2912,73
3,7895,8.762,7.136,84
0,7896,8.762,7.2025,81
1,7896,8.762,7.3205,80
2,7896,8.762,7.3933,76
3,7896,8.762,7.2395,86
0,7897,8.762,7.294,81
1,7897,8.762,7.277,76
2,7897,8.762,7.1206,85
3,7897,8.762,7.3389,83
0,7898,8.762,7.316,76
1,7898,8.762,7.1703,84
2,7898,8.762,7.3702,82
3,7898,8.762,7.3197,79
0,7899,8.762,7.1692,96
1,7899,8.762,7.0284,97
2,7899,8.762,7.2488,77
3,7899,8.762,7.1828,88
0,7900,8.762,7.1115,91
1,7900,8.762,7.179,89
2,7900,8.762,7.2553,87
3,7900,8.762,7.2758,87
0,7901,8.762,7.3227,68
1,7901,8.762,7.2344,84
2,7901,8.762,7.2581,78
3,7901,8.762,7.2346,82
0,7902,8.762,7.2281,75
1,7902,8.762,7.241,82
2,7902,8.762,7.0555,88
3,7902,8.762,7.2093,81
0,7903,8.762,7.1781,72
1,7903,8.762,7.1992,78
2,7903,8.762,7.273,83
3,7903,8.762,7.2575,79
0,7904,8.762,7.296,75
1,7904,8.762,7.3479,77
2,7904,8.762,7.1532,87
3,7904,8.762,7.2677,83
0,7905,8.762,7.1957,90
1,7905,8.762,7.2272,85
2,7905,8.762,7.244,79
3,7905,8.762,7.1599,87
0,7906,8.762,7.2576,85
1,7906,8.762,7.2201,81
2,7906,8.762,7.1278,97
3,7906,8.762,7.2449,81
0,7907,8.762,7.246,75
1,7907,8.762,7.1745,87
2,7907,8.762,7.171,86
3,7907,8.762,7.247,83
0,7908,8.762,7.2834,76
1,7908,8.762,7.2755,85
2,7908,8.762,7.3056,68
3,7908,8.762,7.2498,71
0,7909,8.762,7.2252,90
1,7909,8.762,7.1562,83
2,7909,8.762,7.2807,82
3,7909,8.762,7.193,97
0,7910,8.762,7.3155,82
1,7910,8.762,7.3901,71
2,7910,8.762,7.262,83
3,7910,8.762,7.26,81
0,7911,8.762,7.4435,76
1,7911,8.762,7.2078,79
2,7911,8.762,7.2209,93
3,7911,8.762,7.259,72
0,7912,8.762,7.1934,78
1,7912,8.762,7.2211,82
2,7912,8.762,7.2522,78
3,7912,8.762,7.33,92
0,7913,8.762,7.3735,71
1,7913,8.762,7.4017,88
2,7913,8.762,7.3013,74
3,7913,8.762,7.0735,86
0,7914,8.762,7.1488,82
1,7914,8.762,7.261,81
2,7914,8.762,7.2144,88
3,7914,8.762,7.3176,78
0,7915,8.762,7.2745,75
1,7915,8.762,7.2624,81
2,7915,8.762,7.2094,84
3,7915,8.762,7.2126,81
0,7916,8.762,7.4461,67
1,7916,8.762,7.2083,85
2,7916,8.762,7.2098,91
3,7916,8.762,7.2992,82
0,7917,8.762,7.2086,79
1,7917,8.762,7.2442,75
2,7917,8.762,7.3095,85
3,7917,8.762,7.0674,85
0,7918,8.762,7.1753,81
1,7918,8.762,7.2069,79
2,7918,8.762,7.196,76
3,7918,8.762,7.1987,92
0,7919,8.762,7.2417,85
1,7919,8.762,7.3147,78
2,7919,8.762,7.3604,76
3,7919,8.762,7.2623,80
0,7920,8.762,7.1953,83
1,7920,8.762,7.4387,72
2,7920,8.762,7.2861,75
3,7920,8.762,7.214,82
0,7921,8.762,7.2323,86
1,7921,8.762,7.4747,71
2,7921,8.762,7.4252,77
3,7921,8.762,7.4245,75
0,7922,8.762,7.2086,81
1,7922,8.762,7.1983,90
2,7922,8.762,7.1944,78
3,7922,8.762,7.1528,86
0,7923,8.762,7.2509,88
1,7923,8.762,7.2516,89
2,7923,8.762,7.2217,83
3,7923,8.762,7.3355,73
0,7924,8.762,7.2347,79
1,7924,8.762,7.1649,81
2,7924,8.762,7.4028,70
3,7924,8.762,7.1898,72
0,7925,8.762,7.2014,85
1,7925,8.762,7.3776,68
2,7925,8.762,7.3114,74
3,7925,8.762,7.1425,92
0,7926,8.762,7.0949,85
1,7926,8.762,7.1246,86
2,7926,8.762,7.2651,76
3,7926,8.762,7.2777,74
0,7927,8.762,7.2905,85
1,7927,8.762,7.3253,78
2,7927,8.762,7.1633,87
3,7927,8.762,7.2986,83
0,7928,8.762,7.3848,82
1,7928,8.762,7.2874,89
2,7928,8.762,7.3511,78
3,7928,8.762,7.3232,84
0,7929,8.762,7.1565,79
1,7929,8.762,7.1334,74
2,7929,8.762,7.1431,92
3,7929,8.762,7.1956,80
0,7930,8.762,7.2105,69
1,7930,8.762,7.2615,94
2,7930,8.762,7.2693,84
3,7930,8.762,7.0601,89
0,7931,8.762,7.1642,87
1,7931,8.762,7.3286,83
2,7931,8.762,7.1336,86
3,7931,8.762,7.3174,76
0,7932,8.762,7.3283,79
1,7932,8.762,7.1634,85
2,7932,8.762,7.36,75
3,7932,8.762,7.3043,90
0,7933,8.762,7.2409,81
1,7933,8.762,7.249,87
2,7933,8.762,7.1915,83
3,7933,8.762,7.2016,89
0,7934,8.762,7.264,90
1,7934,8.762,7.1794,79
2,7934,8.762,7.1811,77
3,7934,8.762,7.1914,86
0,7935,8.762,7.3264,72
1,7935,8.762,7.3878,79
2,7935,8.762,7.2188,83
3,7935,8.762,7.2211,73
0,7936,8.762,7.2035,75
1,7936,8.762,6.9634,90
2,7936,8.762,7.2072,84
3,7936,8.762,7.299,75
0,7937,8.762,7.2266,83
1,7937,8.762,7.2956,74
2,7937,8.762,7.0866,94
3,7937,8.762,7.1989,87
0,7938,8.762,7.1764,91
1,7938,8.762,7.2794,86
2,7938,8.762,7.2496,78
3,7938,8.762,7.1342,88
0,7939,8.762,7.0148,97
1,7939,8.762,7.2924,82
2,7939,8.762,7.2778,79
3,7939,8.762,7.3544,79
0,7940,8.762,7.358,74
1,7940,8.762,7.1861,85
2,7940,8.762,7.0806,90
3,7940,8.762,7.1862,71
0,7941,8.762,7.2248,88
1,7941,8.762,7.3071,80
2,7941,8.762,7.3416,79
3,7941,8.762,7.1432,88
0,7942,8.762,7.3276,72
1,7942,8.762,7.2113,90
2,7942,8.762,7.2781,82
3,7942,8.762,7.1861,85
0,7943,8.762,7.2311,79
1,7943,8.762,7.2433,82
2,7943,8.762,7.1884,84
3,7943,8.762,7.0926,69
0,7944,8.762,7.2457,84
1,7944,8.762,7.1925,84
2,7944,8.762,7.2388,80
3,7944,8.762,7.2378,72
0,7945,8.762,7.2463,77
1,7945,8.762,7.1839,93
2,7945,8.762,7.2789,83
3,7945,8.762,7.2528,80
0,7946,8.762,7.2405,80
1,7946,8.762,7.3882,89
2,7946,8.762,7.2648,86
3,7946,8.762,7.2264,90
0,7947,8.762,7.2479,89
1,7947,8.762,7.3245,80
2,7947,8.762,7.1042,80
3,7947,8.762,7.3821,77
0,7948,8.762,7.2844,86
1,7948,8.762,7.0889,90
2,7948,8.762,7.2529,77
3,7948,8.762,7.1614,90
0,7949,8.762,7.3735,75
1,7949,8.762,7.1925,82
2,7949,8.762,7.302,74
3,7949,8.762,7.2803,72
0,7950,8.762,7.2132,78
1,7950,8.762,7.2403,85
2,7950,8.762,7.3309,76
3,7950,8.762,7.2032,86
0,7951,8.762,7.2707,78
1,7951,8.762,7.367,82
2,7951,8.762,7.2794,78
3,7951,8.762,7.3627,71
0,7952,8.762,7.2065,92
1,7952,8.762,7.151,78
2,7952,8.762,7.2874,77
3,7952,8.762,7.2903,83
0,7953,8.762,7.1427,85
1,7953,8.762,7.3491,79
2,7953,8.762,7.0671,91
3,7953,8.762,7.1848,74
0,7954,8.762,7.1266,95
1,7954,8.762,7.2665,80
2,7954,8.762,7.244,84
3,7954,8.762,7.2934,89
0,7955,8.762,7.3524,74
1,7955,8.762,7.372,74
2,7955,8.762,7.2304,75
3,7955,8.762,7.1151,84
0,7956,8.762,7.2997,75
1,7956,8.762,7.3324,80
2,7956,8.762,7.162,82
3,7956,8.762,7.2141,90
0,7957,8.762,7.2036,84
1,7957,8.762,7.2069,85
2,7957,8.762,7.3624,72
3,7957,8.762,7.22,80
0,7958,8.762,7.3582,74
1,7958,8.762,7.0898,91
2,7958,8.762,7.1793,90
3,7958,8.762,7.3189,82
0,7959,8.762,7.3723,78
1,7959,8.762,7.0941,85
2,7959,8.762,7.2354,80
3,7959,8.762,7.1781,87
0,7960,8.762,7.2412,79
1,7960,8.762,7.1941,80
2,7960,8.762,7.5046,80
3,7960,8.762,7.3116,73
0,7961,8.762,7.3334,73
1,7961,8.762,7.218,81
2,7961,8.762,7.0633,87
3,7961,8.762,7.0959,83
0,7962,8.762,7.2458,87
1,7962,8.762,7.2037,80
2,7962,8.762,7.2568,84
3,7962,8.762,7.3641,78
0,7963,8.762,7.3376,93
1,7963,8.762,7.2803,65
2,7963,8.762,7.2393,80
3,7963,8.762,7.19,86
0,7964,8.762,7.4331,72
1,7964,8.762,7.2557,80
2,7964,8.762,7.2634,79
3,7964,8.762,7.3169,92
0,7965,8.762,7.1944,79
1,7965,8.762,7.2584,79
2,7965,8.762,7.2785,78
3,7965,8.762,7.4093,68
0,7966,8.762,7.1772,81
1,7966,8.762,7.2807,74
2,7966,8.762,7.3208,80
3,7966,8.762,7.3059,78
0,7967,8.762,7.241,79
1,7967,8.762,7.3432,79
2,7967,8.762,7.1904,80
3,7967,8.762,7.1916,86
0,7968,8.762,7.175,81
1,7968,8.762,7.1422,80
2,7968,8.762,7.2938,72
3,7968,8.762,7.1256,78
0,7969,8.762,7.2738,76
1,7969,8.762,6.9882,94
2,7969,8.762,7.3354,85
3,7969,8.762,7.3036,85
0,7970,8.762,7.324,70
1,7970,8.762,7.2775,79
2,7970,8.762,7.1165,83
3,7970,8.762,7.2964,88
0,7971,8.762,7.222,73
1,7971,8.762,7.2284,84
2,7971,8.762,7.165,88
3,7971,8.762,7.2149,83
0,7972,8.762,7.2142,84
1,7972,8.762,7.1483,85
2,7972,8.762,7.3225,77
3,7972,8.762,7.2325,75
0,7973,8.762,7.3593,75
1,7973,8.762,7.2618,88
2,7973,8.762,7.2366,86
3,7973,8.762,7.2587,75
0,7974,8.762,7.3968,67
1,7974,8.762,7.3672,75
2,7974,8.762,7.1467,80
3,7974,8.762,7.1252,85
0,7975,8.762,7.448,71
1,7975,8.762,7.406,75
2,7975,8.762,7.3344,87
3,7975,8.762,7.138,91
0,7976,8.762,7.2937,79
1,7976,8.762,7.2493,86
2,7976,8.762,7.1684,89
3,7976,8.762,7.0389,91
0,7977,8.762,7.1613,80
1,7977,8.762,7.0657,86
2,7977,8.762,7.2915,78
3,7977,8.762,7.2458,77
0,7978,8.762,7.1345,78
1,7978,8.762,7.2714,78
2,7978,8.762,7.296,76
3,7978,8.762,7.1334,88
0,7979,8.762,7.0392,92
1,7979,8.762,7.2813,80
2,7979,8.762,7.156,89
3,7979,8.762,7.3269,73
0,7980,8.762,7.2771,82
1,7980,8.762,7.2471,73
2,7980,8.762,7.2336,77
3,7980,8.762,7.2392,77
0,7981,8.762,7.1679,82
1,7981,8.762,7.1666,84
2,7981,8.762,7.4363,69
3,7981,8.762,7.1676,88
0,7982,8.762,7.4097,76
1,7982,8.762,7.2645,96
2,7982,8.762,7.1855,83
3,7982,8.762,7.1101,86
0,7983,8.762,7.2529,85
1,7983,8.762,7.1587,75
2,7983,8.762,7.2512,80
3,7983,8.762,7.4094,70
0,7984,8.762,7.2928,79
1,7984,8.762,7.2963,81
2,7984,8.762,7.1714,82
3,7984,8.762,7.221,82
0,7985,8.762,7.1992,86
1,7985,8.762,7.1805,82
2,7985,8.762,7.1935,83
3,7985,8.762,7.4084,68
0,7986,8.762,7.3178,70
1,7986,8.762,7.1744,84
2,7986,8.762,7.1843,87
3,7986,8.762,7.2239,84
0,7987,8.762,7.27,79
1,7987,8.762,7.2248,77
2,7987,8.762,7.2147,82
3,7987,8.762,7.229,79
0,7988,8.762,7.2815,81
1,7988,8.762,7.1351,90
2,7988,8.762,7.2838,74
3,7988,8.762,7.2264,85
0,7989,8.762,7.3008,77
1,7989,8.762,7.405,78
2,7989,8.762,7.3114,79
3,7989,8.762,7.2084,82
0,7990,8.762,7.3673,86
1,7990,8.762,7.1553,88
2,7990,8.762,7.2605,77
3,7990,8.762,7.3822,83
0,7991,8.762,7.2498,80
1,7991,8.762,7.1394,82
2,7991,8.762,7.1856,79
3,7991,8.762,7.3275,77
0,7992,8.762,7.1874,78
1,7992,8.762,7.2921,74
2,7992,8.762,7.4307,73
3,7992,8.762,7.1161,82
0,7993,8.762,7.089,88
1,7993,8.762,7.2536,81
2,7993,8.762,7.2585,85
3,7993,8.762,7.3976,82
0,7994,8.762,7.1925,82
1,7994,8.762,7.4648,70
2,7994,8.762,7.2412,80
3,7994,8.762,7.3297,77
0,7995,8.762,7.2119,77
1,7995,8.762,7.1463,81
2,7995,8.762,7.1647,88
3,7995,8.762,7.3042,86
0,7996,8.762,7.2367,80
1,7996,8.762,7.2517,76
2,7996,8.762,7.275,86
3,7996,8.762,7.2866,78
0,7997,8.762,7.2705,85
1,7997,8.762,7.3862,77
2,7997,8.762,7.1483,81
3,7997,8.762,7.3019,76
0,7998,8.762,7.1268,80
1,7998,8.762,7.1563,81
2,7998,8.762,7.213,78
3,7998,8.762,7.1503,88
0,7999,8.762,7.1761,85
1,7999,8.762,7.3144,70
2,7999,8.762,7.2954,84
3,7999,8.762,7.2211,87
0,8000,8.762,7.3714,77
1,8000,8.762,7.1427,88
2,8000,8.762,7.266,75
3,8000,8.762,7.1197,88
0,8001,8.762,7.243,74
1,8001,8.762,7.0523,91
2,8001,8.762,7.3305,85
3,8001,8.762,7.2152,87
0,8002,8.762,7.3126,78
1,8002,8.762,7.1911,89
2,8002,8.762,7.2116,81
3,8002,8.762,7.1636,81
0,8003,8.762,7.0455,88
1,8003,8.762,7.3482,77
2,8003,8.762,7.269,68
3,8003,8.762,7.2542,79
0,8004,8.762,7.3417,76
1,8004,8.762,7.2067,78
2,8004,8.762,7.2861,79
3,8004,8.762,7.215,83
0,8005,8.762,7.147,87
1,8005,8.762,7.1828,86
2,8005,8.762,7.1811,78
3,8005,8.762,7.4428,82
0,8006,8.762,7.3262,82
1,8006,8.762,7.2119,72
2,8006,8.762,7.0624,90
3,8006,8.762,7.2723,75
0,8007,8.762,7.1658,89
1,8007,8.762,7.2879,82
2,8007,8.762,7.1711,80
3,8007,8.762,7.2504,78
0,8008,8.762,7.3284,79
1,8008,8.762,7.1697,75
2,8008,8.762,7.2463,79
3,8008,8.762,7.2879,85
0,8009,8.762,7.0978,88
1,8009,8.762,6.9413,82
2,8009,8.762,7.1057,77
3,8009,8.762,7.2222,87
0,8010,8.762,7.2751,81
1,8010,8.762,7.186,86
2,8010,8.762,7.2047,86
3,8010,8.762,7.1935,85
0,8011,8.762,7.124,81
1,8011,8.762,7.2139,84
2,8011,8.762,7.2176,84
3,8011,8.762,7.234,83
0,8012,8.762,7.2642,80
1,8012,8.762,7.2123,77
2,8012,8.762,7.1497,93
3,8012,8.762,7.2117,76
0,8013,8.762,7.2538,83
1,8013,8.762,7.4548,80
2,8013,8.762,7.3276,72
3,8013,8.762,7.2375,79
0,8014,8.762,7.3373,78
1,8014,8.762,7.2446,81
2,8014,8.762,7.2006,79
3,8014,8.762,7.1446,74
0,8015,8.762,7.3587,79
1,8015,8.762,7.1285,77
2,8015,8.762,7.1627,96
3,8015,8.762,7.2174,90
0,8016,8.762,7.3246,79
1,8016,8.762,7.2918,79
2,8016,8.762,7.0105,85
3,8016,8.762,7.1397,86
0,8017,8.762,7.2536,72
1,8017,8.762,7.1857,84
2,8017,8.762,7.1177,87
3,8017,8.762,7.2564,88
0,8018,8.762,7.2725,80
1,8018,8.762,7.3019,78
2,8018,8.762,7.0888,85
3,8018,8.762,7.2357,89
0,8019,8.762,7.1508,79
1,8019,8.762,7.2491,81
2,8019,8.762,7.1941,75
3,8019,8.762,7.0417,80
0,8020,8.762,7.2646,73
1,8020,8.762,7.28,82
2,8020,8.762,7.246,73
3,8020,8.762,7.3196,80
0,8021,8.762,7.2612,75
1,8021,8.762,7.2598,90
2,8021,8.762,7.1838,86
3,8021,8.762,7.3299,65
0,8022,8.762,7.3441,73
1,8022,8.762,7.1941,87
2,8022,8.762,7.2846,80
3,8022,8.762,7.2334,76
0,8023,8.762,7.3721,76
1,8023,8.762,7.4347,75
2,8023,8.762,7.2572,73
3,8023,8.762,7.1593,85
0,8024,8.762,7.3365,70
1,8024,8.762,7.4074,79
2,8024,8.762,7.1831,80
3,8024,8.762,7.3872,76
0,8025,8.762,7.1522,94
1,8025,8.762,7.3596,76
2,8025,8.762,7.1158,81
3,8025,8.762,7.135,77
0,8026,8.762,7.3672,70
1,8026,8.762,7.1869,88
2,8026,8.762,7.2471,87
3,8026,8.762,7.375,67
0,8027,8.762,7.3938,71
1,8027,8.762,7.2484,79
2,8027,8.762,7.2725,87
3,8027,8.762,7.2301,78
0,8028,8.762,7.3695,81
1,8028,8.762,7.1218,95
2,8028,8.762,7.2917,84
3,8028,8.762,7.2184,77
0,8029,8.762,7.2606,81
1,8029,8.762,7.1855,91
2,8029,8.762,7.2543,76
3,8029,8.762,7.2452,88
0,8030,8.762,7.2554,80
1,8030,8.762,7.434,77
2,8030,8.762,7.3106,77
3,8030,8.762,7.2765,83
0,8031,8.762,7.2409,80
1,8031,8.762,7.2883,85
2,8031,8.762,7.298,77
3,8031,8.762,7.2482,70
0,8032,8.762,7.1977,78
1,8032,8.762,7.3354,90
2,8032,8.762,7.2369,82
3,8032,8.762,7.2506,82
0,8033,8.762,7.1267,84
1,8033,8.762,7.2403,82
2,8033,8.762,7.2411,83
3,8033,8.762,7.2619,82
0,8034,8.762,7.2319,79
1,8034,8.762,7.1984,76
2,8034,8.762,7.2122,74
3,8034,8.762,7.2397,84
0,8035,8.762,7.2252,82
1,8035,8.762,7.1631,84
2,8035,8.762,7.3048,82
3,8035,8.762,7.3154,80
0,8036,8.762,7.2032,84
1,8036,8.762,7.1676,89
2,8036,8.762,7.2048,89
3,8036,8.762,7.2311,79
0,8037,8.762,7.24,81
1,8037,8.762,7.178,79
2,8037,8.762,7.2172,74
3,8037,8.762,7.3603,84
0,8038,8.762,7.2878,76
1,8038,8.762,7.1461,86
2,8038,8.762,7.2979,87
3,8038,8.762,7.4633,75
0,8039,8.762,7.2906,75
1,8039,8.762,7.1779,77
2,8039,8.762,7.0948,87
3,8039,8.762,7.1689,83
0,8040,8.762,7.3467,79
1,8040,8.762,7.2674,80
2,8040,8.762,7.2756,69
3,8040,8.762,7.2985,77
0,8041,8.762,7.2213,82
1,8041,8.762,7.4322,81
2,8041,8.762,7.263,77
3,8041,8.762,7.35,77
0,8042,8.762,7.3474,74
1,8042,8.762,7.3613,63
2,8042,8.762,7.2168,79
3,8042,8.762,7.1586,79
0,8043,8.762,7.3414,80
1,8043,8.762,7.3555,76
2,8043,8.762,7.2396,78
3,8043,8.762,7.2214,87
0,8044,8.762,7.2914,85
1,8044,8.762,7.3898,77
2,8044,8.762,7.3399,84
3,8044,8.762,7.2606,80
0,8045,8.762,7.2387,82
1,8045,8.762,7.1996,83
2,8045,8.762,7.2322,83
3,8045,8.762,7.3011,77
0,8046,8.762,7.3005,75
1,8046,8.762,7.0585,90
2,8046,8.762,7.3475,77
3,8046,8.762,7.2613,77
0,8047,8.762,7.2912,78
1,8047,8.762,7.2162,91
2,8047,8.762,7.3543,77
3,8047,8.762,7.1337,92
0,8048,8.762,7.1682,87
1,8048,8.762,7.2495,74
2,8048,8.762,7.1837,81
3,8048,8.762,7.228,91
0,8049,8.762,7.1875,92
1,8049,8.762,7.5104,80
2,8049,8.762,7.3191,78
3,8049,8.762,7.2795,86
0,8050,8.762,7.4392,71
1,8050,8.762,7.3536,79
2,8050,8.762,7.4864,71
3,8050,8.762,7.3156,73
0,8051,8.762,7.3229,73
1,8051,8.762,7.1104,83
2,8051,8.762,7.2823,72
3,8051,8.762,7.2917,72
0,8052,8.762,7.0996,87
1,8052,8.762,7.2554,84
2,8052,8.762,7.3388,74
3,8052,8.762,7.2397,77
0,8053,8.762,7.1216,81
1,8053,8.762,7.267,84
2,8053,8.762,7.2656,87
3,8053,8.762,7.3356,78
0,8054,8.762,7.3414,78
1,8054,8.762,7.4382,78
2,8054,8.762,7.2518,87
3,8054,8.762,7.1696,77
0,8055,8.762,7.2831,76
1,8055,8.762,7.2097,90
2,8055,8.762,7.3731,79
3,8055,8.762,7.2652,78
0,8056,8.762,7.3534,79
1,8056,8.762,7.306,79
2,8056,8.762,7.1954,77
3,8056,8.762,7.1612,79
0,8057,8.762,7.0798,89
1,8057,8.762,7.2286,79
2,8057,8.762,7.2523,74
3,8057,8.762,7.1885,78
0,8058,8.762,7.2861,81
1,8058,8.762,7.4072,67
2,8058,8.762,7.3938,81
3,8058,8.762,7.0558,79
0,8059,8.762,7.2801,82
1,8059,8.762,7.1262,80
2,8059,8.762,7.3537,70
3,8059,8.762,7.2069,75
0,8060,8.762,7.2335,81
1,8060,8.762,7.1056,83
2,8060,8.762,7.3351,74
3,8060,8.762,7.2193,74
0,8061,8.762,7.2526,78
1,8061,8.762,7.2051,79
2,8061,8.762,7.1863,83
3,8061,8.762,7.1155,86
0,8062,8.762,7.2513,84
1,8062,8.762,7.2615,82
2,8062,8.762,7.3236,87
3,8062,8.762,7.2899,77
0,8063,8.762,7.089,85
1,8063,8.762,7.1642,90
2,8063,8.762,7.2381,88
3,8063,8.762,7.2363,95
0,8064,8.762,7.3247,84
1,8064,8.762,7.3779,79
2,8064,8.762,7.144,89
3,8064,8.762,7.3589,92
0,8065,8.762,7.2405,82
1,8065,8.762,7.2243,86
2,8065,8.762,7.2445,77
3,8065,8.762,7.3685,85
0,8066,8.762,7.2762,73
1,8066,8.762,7.236,76
2,8066,8.762,7.2568,85
3,8066,8.762,7.4936,71
0,8067,8.762,7.3008,76
1,8067,8.762,7.2116,80
2,8067,8.762,7.3098,79
3,8067,8.762,7.1647,86
0,8068,8.762,7.266,81
1,8068,8.762,7.1979,85
2,8068,8.762,7.208,87
3,8068,8.762,7.1072,88
0,8069,8.762,7.4213,71
1,8069,8.762,7.3167,78
2,8069,8.762,7.251,84
3,8069,8.762,7.3739,76
0,8070,8.762,7.1376,80
1,8070,8.762,7.321,80
2,8070,8.762,7.1434,75
3,8070,8.762,7.2587,81
0,8071,8.762,7.1719,86
1,8071,8.762,7.246,81
2,8071,8.762,7.046,89
3,8071,8.762,7.4902,74
0,8072,8.762,7.4881,72
1,8072,8.762,7.3183,74
2,8072,8.762,7.2484,76
3,8072,8.762,7.2411,77
0,8073,8.762,7.2315,91
1,8073,8.762,7.2797,87
2,8073,8.762,7.227,81
3,8073,8.762,7.3024,81
0,8074,8.762,7.3965,75
1,8074,8.762,7.2709,79
2,8074,8.762,7.2717,74
3,8074,8.762,7.1073,87
0,8075,8.762,7.2649,79
1,8075,8.762,7.2256,86
2,8075,8.762,7.2395,90
3,8075,8.762,7.0203,89
0,8076,8.762,7.1426,96
1,8076,8.762,7.3693,76
2,8076,8.762,7.3261,79
3,8076,8.762,7.084,86
0,8077,8.762,7.2663,84
1,8077,8.762,7.2281,75
2,8077,8.762,7.2569,76
3,8077,8.762,7.2008,84
0,8078,8.762,7.1405,81
1,8078,8.762,7.3033,74
2,8078,8.762,7.0825,81
3,8078,8.762,7.2636,81
0,8079,8.762,7.2986,77
1,8079,8.762,7.2946,77
2,8079,8.762,7.4953,71
3,8079,8.762,7.0838,87
0,8080,8.762,7.4133,81
1,8080,8.762,7.2738,88
2,8080,8.762,7.3477,80
3,8080,8.762,7.3106,86
0,8081,8.762,7.275,79
1,8081,8.762,7.3285,74
2,8081,8.762,7.2733,89
3,8081,8.762,7.2429,91
0,8082,8.762,7.2676,81
1,8082,8.762,7.2404,85
2,8082,8.762,7.2056,72
3,8082,8.762,7.3092,81
0,8083,8.762,7.3214,85
1,8083,8.762,7.3112,71
2,8083,8.762,7.277,72
3,8083,8.762,7.0786,80
0,8084,8.762,7.1353,80
1,8084,8.762,7.2852,88
2,8084,8.762,7.1308,86
3,8084,8.762,7.1349,81
0,8085,8.762,7.2485,82
1,8085,8.762,7.3251,78
2,8085,8.762,7.0765,99
3,8085,8.762,7.1755,92
0,8086,8.762,7.2245,83
1,8086,8.762,7.3784,78
2,8086,8.762,7.1735,83
3,8086,8.762,7.351,73
0,8087,8.762,7.2233,91
1,8087,8.762,7.2966,84
2,8087,8.762,7.1487,84
3,8087,8.762,7.2834,81
0,8088,8.762,7.3982,76
1,8088,8.762,7.4154,77
2,8088,8.762,7.153,82
3,8088,8.762,7.2952,69
0,8089,8.762,7.1704,70
1,8089,8.762,7.382,75
2,8089,8.762,7.1379,87
3,8089,8.762,7.2633,76
0,8090,8.762,7.3098,75
1,8090,8.762,7.1631,74
2,8090,8.762,7.3874,79
3,8090,8.762,7.2857,80
0,8091,8.762,7.2532,87
1,8091,8.762,7.156,93
2,8091,8.762,7.0902,90
3,8091,8.762,7.1898,89
0,8092,8.762,7.1172,79
1,8092,8.762,7.3936,74
2,8092,8.762,7.1848,77
3,8092,8.762,7.3186,83
0,8093,8.762,7.3535,76
1,8093,8.762,7.3503,72
2,8093,8.762,7.3156,81
3,8093,8.762,7.3422,79
0,8094,8.762,7.2906,73
1,8094,8.762,7.2563,70
2,8094,8.762,7.39,75
3,8094,8.762,7.1222,83
0,8095,8.762,7.3275,78
1,8095,8.762,7.2377,84
2,8095,8.762,7.2909,76
3,8095,8.762,7.2502,77
0,8096,8.762,7.3171,79
1,8096,8.762,7.267,73
2,8096,8.762,7.3714,79
3,8096,8.762,7.0571,81
0,8097,8.762,7.0363,86
1,8097,8.762,7.1634,89
2,8097,8.762,7.0698,82
3,8097,8.762,7.2901,80
0,8098,8.762,7.2773,77
1,8098,8.762,7.3039,72
2,8098,8.762,7.0641,84
3,8098,8.762,7.1983,81
0,8099,8.762,7.2779,87
1,8099,8.762,7.2912,83
2,8099,8.762,7.2646,79
3,8099,8.762,7.2221,87
0,8100,8.762,7.3245,82
1,8100,8.762,7.1754,87
2,8100,8.762,7.4165,73
3,8100,8.762,7.2292,78
0,8101,8.762,7.2502,85
1,8101,8.762,7.1444,88
2,8101,8.762,7.2584,78
3,8101,8.762,7.1287,87
0,8102,8.762,7.3265,72
1,8102,8.762,7.2657,79
2,8102,8.762,7.1424,87
3,8102,8.762,7.3297,83
0,8103,8.762,7.1975,95
1,8103,8.762,7.3721,79
2,8103,8.762,7.142,80
3,8103,8.762,7.3079,87
0,8104,8.762,7.3671,80
1,8104,8.762,7.1638,85
2,8104,8.762,7.2346,78
3,8104,8.762,7.2278,71
0,8105,8.762,7.2172,76
1,8105,8.762,7.2716,83
2,8105,8.762,7.2688,85
3,8105,8.762,7.1491,80
0,8106,8.762,7.2037,86
1,8106,8.762,7.284,84
2,8106,8.762,7.1506,83
3,8106,8.762,7.0488,88
0,8107,8.762,7.2853,84
1,8107,8.762,7.3085,73
2,8107,8.762,7.2622,92
3,8107,8.762,7.3142,79
0,8108,8.762,7.235,74
1,8108,8.762,7.2614,79
2,8108,8.762,7.1447,84
3,8108,8.762,7.1844,81
0,8109,8.762,7.2948,86
1,8109,8.762,7.3518,87
2,8109,8.762,7.1752,79
3,8109,8.762,7.2016,87
0,8110,8.762,7.1923,82
1,8110,8.762,7.1555,78
2,8110,8.762,7.2413,84
3,8110,8.762,7.5564,64
0,8111,8.762,7.3206,77
1,8111,8.762,7.1668,86
2,8111,8.762,7.1043,85
3,8111,8.762,7.1878,79
0,8112,8.762,7.2925,79
1,8112,8.762,7.0947,77
2,8112,8.762,7.2876,71
3,8112,8.762,7.1339,89
0,8113,8.762,7.2614,88
1,8113,8.762,7.3275,74
2,8113,8.762,7.1149,84
3,8113,8.762,7.3297,75
0,8114,8.762,7.3497,84
1,8114,8.762,7.2021,89
2,8114,8.762,7.2675,84
3,8114,8.762,7.2073,81
0,8115,8.762,7.1454,92
1,8115,8.762,7.1463,79
2,8115,8.762,7.267,84
3,8115,8.762,7.3097,80
0,8116,8.762,7.3554,77
1,8116,8.762,7.2758,91
2,8116,8.762,7.2469,83
3,8116,8.762,7.3054,79
0,8117,8.762,7.2402,78
1,8117,8.762,7.2736,81
2,8117,8.762,7.2569,81
3,8117,8.762,7.1736,85
0,8118,8.762,7.2547,81
1,8118,8.762,7.2343,70
2,8118,8.762,7.2492,80
3,8118,8.762,7.2266,83
0,8119,8.762,7.2878,88
1,8119,8.762,7.239,76
2,8119,8.762,7.2792,88
3,8119,8.762,7.2144,84
0,8120,8.762,7.162,83
1,8120,8.762,7.1433,90
2,8120,8.762,7.1093,87
3,8120,8.762,7.3712,72
0,8121,8.762,7.2647,72
1,8121,8.762,7.2104,86
2,8121,8.762,7.2826,89
3,8121,8.762,7.0231,84
0,8122,8.762,7.1232,83
1,8122,8.762,7.2787,87
2,8122,8.762,7.3352,81
3,8122,8.762,7.3234,95
0,8123,8.762,6.9726,97
1,8123,8.762,7.3056,78
2,8123,8.762,7.3017,83
3,8123,8.762,7.2168,77
0,8124,8.762,7.1833,69
1,8124,8.762,7.2944,79
2,8124,8.762,7.2523,72
3,8124,8.762,7.3539,78
0,8125,8.762,7.189,78
1,8125,8.762,7.2726,80
2,8125,8.762,7.0627,92
3,8125,8.762,7.3104,91
0,8126,8.762,7.285,82
1,8126,8.762,7.2027,85
2,8126,8.762,7.1104,86
3,8126,8.762,7.1409,78
0,8127,8.762,7.3186,79
1,8127,8.762,7.2272,82
2,8127,8.762,7.2664,90
3,8127,8.762,7.2073,82
0,8128,8.762,7.3251,85
1,8128,8.762,7.0178,88
2,8128,8.762,7.2175,69
3,8128,8.762,7.1862,77
0,8129,8.762,7.2493,82
1,8129,8.762,7.2023,87
2,8129,8.762,7.2633,80
3,8129,8.762,7.1179,83
0,8130,8.762,7.2439,85
1,8130,8.762,7.0863,87
2,8130,8.762,7.0804,83
3,8130,8.762,7.3138,85
0,8131,8.762,7.2696,80
1,8131,8.762,7.2592,70
2,8131,8.762,7.3749,73
3,8131,8.762,7.2964,72
0,8132,8.762,7.2967,71
1,8132,8.762,7.0348,89
2,8132,8.762,7.1541,89
3,8132,8.762,7.2526,75
0,8133,8.762,7.1415,86
1,8133,8.762,7.1511,74
2,8133,8.762,7.1384,87
3,8133,8.762,7.309,85
0,8134,8.762,7.2028,68
1,8134,8.762,7.2736,79
2,8134,8.762,7.2613,82
3,8134,8.762,7.413,77
0,8135,8.762,7.1825,86
1,8135,8.762,7.246,87
2,8135,8.762,7.3374,83
3,8135,8.762,7.222,90
0,8136,8.762,7.303,83
1,8136,8.762,7.2675,77
2,8136,8.762,7.253,80
3,8136,8.762,7.2665,88
0,8137,8.762,7.316,80
1,8137,8.762,7.1667,88
2,8137,8.762,7.1107,78
3,8137,8.762,7.2016,75
0,8138,8.762,7.272,72
1,8138,8.762,7.1597,84
2,8138,8.762,7.2292,74
3,8138,8.762,7.0391,89
0,8139,8.762,7.1234,88
1,8139,8.762,7.2923,71
2,8139,8.762,7.2806,79
3,8139,8.762,7.2155,79
0,8140,8.762,7.103,81
1,8140,8.762,7.2722,79
2,8140,8.762,7.2661,81
3,8140,8.762,7.2577,80
0,8141,8.762,7.2564,76
1,8141,8.762,7.2517,79
2,8141,8.762,7.2343,87
3,8141,8.762,7.2304,80
0,8142,8.762,7.3036,80
1,8142,8.762,7.3097,67
2,8142,8.762,7.3091,83
3,8142,8.762,7.23,83
0,8143,8.762,7.1848,82
1,8143,8.762,7.4481,65
2,8143,8.762,7.1813,84
3,8143,8.762,7.2679,90
0,8144,8.762,7.2374,82
1,8144,8.762,7.3025,79
2,8144,8.762,7.1299,89
3,8144,8.762,7.2137,75
0,8145,8.762,7.3116,79
1,8145,8.762,7.2837,78
2,8145,8.762,7.2365,87
3,8145,8.762,7.097,85
0,8146,8.762,7.1508,82
1,8146,8.762,7.293,81
2,8146,8.762,6.983,95
3,8146,8.762,7.135,74
0,8147,8.762,7.1591,91
1,8147,8.762,7.3401,69
2,8147,8.762,7.0596,87
3,8147,8.762,7.2362,78
0,8148,8.762,7.3159,81
1,8148,8.762,7.1682,83
2,8148,8.762,7.2284,94
3,8148,8.762,7.291,79
0,8149,8.762,7.2855,71
1,8149,8.762,7.3751,80
2,8149,8.762,7.1933,86
3,8149,8.762,7.2983,74
0,8150,8.762,7.3966,76
1,8150,8.762,7.3641,89
2,8150,8.762,7.3163,71
3,8150,8.762,7.2676,82
0,8151,8.762,7.039,85
1,8151,8.762,7.2831,76
2,8151,8.762,7.4213,74
3,8151,8.762,7.4726,74
0,8152,8.762,7.3159,84
1,8152,8.762,7.1512,79
2,8152,8.762,7.2855,81
3,8152,8.762,7.4674,71
0,8153,8.762,7.2332,86
1,8153,8.762,7.1896,75
2,8153,8.762,7.1869,82
3,8153,8.762,7.2235,79
0,8154,8.762,7.0619,85
1,8154,8.762,7.1589,84
2,8154,8.762,7.418,66
3,8154,8.762,7.3167,82
0,8155,8.762,7.3088,76
1,8155,8.762,7.1662,82
2,8155,8.762,7.1512,83
3,8155,8.762,7.2482,85
0,8156,8.762,7.3679,73
1,8156,8.762,7.2211,77
2,8156,8.762,7.104,80
3,8156,8.762,7.2293,78
0,8157,8.762,7.2008,95
1,8157,8.762,7.0064,89
2,8157,8.762,7.1416,78
3,8157,8.762,7.1786,89
0,8158,8.762,7.285,73
1,8158,8.762,7.1716,79
2,8158,8.762,7.2532,77
3,8158,8.762,7.1094,82
0,8159,8.762,7.2902,79
1,8159,8.762,7.3455,71
2,8159,8.762,7.2745,85
3,8159,8.762,7.1605,80
0,8160,8.762,7.3801,84
1,8160,8.762,7.3479,88
2,8160,8.762,7.1136,89
3,8160,8.762,7.232,81
0,8161,8.762,7.2788,76
1,8161,8.762,7.435,76
2,8161,8.762,7.2371,72
3,8161,8.762,7.2267,87
0,8162,8.762,7.1195,89
1,8162,8.762,7.2491,81
2,8162,8.762,7.2262,78
3,8162,8.762,7.2763,86
0,8163,8.762,7.2882,79
1,8163,8.762,7.1514,92
2,8163,8.762,7.0934,95
3,8163,8.762,7.2403,80
0,8164,8.762,7.1772,78
1,8164,8.762,7.332,85
2,8164,8.762,7.2792,94
3,8164,8.762,7.3373,76
0,8165,8.762,7.2059,84
1,8165,8.762,7.2525,79
2,8165,8.762,7.2828,76
3,8165,8.762,7.2556,76
0,8166,8.762,7.2207,74
1,8166,8.762,7.277,75
2,8166,8.762,7.2707,84
3,8166,8.762,7.2954,76
0,8167,8.762,7.0839,83
1,8167,8.762,7.2017,84
2,8167,8.762,7.2423,75
3,8167,8.762,6.9896,84
0,8168,8.762,7.3706,72
1,8168,8.762,7.338,79
2,8168,8.762,7.2479,79
3,8168,8.762,7.2268,82
0,8169,8.762,7.1635,76
1,8169,8.762,7.2993,79
2,8169,8.762,7.3798,78
3,8169,8.762,7.214,80
0,8170,8.762,7.1866,86
1,8170,8.762,7.4355,77
2,8170,8.762,7.2088,76
3,8170,8.762,7.2657,73
0,8171,8.762,7.2815,80
1,8171,8.762,7.1526,86
2,8171,8.762,7.1211,83
3,8171,8.762,7.1137,82
0,8172,8.762,7.3212,84
1,8172,8.762,7.3101,88
2,8172,8.762,7.3262,75
3,8172,8.762,7.2836,76
0,8173,8.762,7.2588,81
1,8173,8.762,7.1069,82
2,8173,8.762,7.1334,84
3,8173,8.762,7.3282,77
0,8174,8.762,7.0342,81
1,8174,8.762,7.2664,71
2,8174,8.762,7.3473,71
3,8174,8.762,7.2688,82
0,8175,8.762,7.3219,82
1,8175,8.762,7.0403,83
2,8175,8.762,7.2877,81
3,8175,8.762,7.3364,74
0,8176,8.762,7.1651,86
1,8176,8.762,7.198,86
2,8176,8.762,7.3363,80
3,8176,8.762,7.319,82
0,8177,8.762,7.2482,86
1,8177,8.762,7.3299,78
2,8177,8.762,7.1923,89
3,8177,8.762,7.0902,86
0,8178,8.762,7.3358,82
1,8178,8.762,7.1968,75
2,8178,8.762,7.1579,82
3,8178,8.762,7.293,88
0,8179,8.762,7.1543,96
1,8179,8.762,7.1682,85
2,8179,8.762,7.3391,85
3,8179,8.762,7.2784,83
0,8180,8.762,7.1502,76
1,8180,8.762,7.1401,87
2,8180,8.762,7.2469,78
3,8180,8.762,7.291,80
0,8181,8.762,7.4874,69
1,8181,8.762,7.0976,85
2,8181,8.762,7.3732,77
3,8181,8.762,7.1248,81
0,8182,8.762,7.2084,89
1,8182,8.762,7.1442,83
2,8182,8.762,7.2956,81
3,8182,8.762,7.1256,83
0,8183,8.762,7.245,78
1,8183,8.762,7.1749,87
2,8183,8.762,7.2248,83
3,8183,8.762,7.2471,79
0,8184,8.762,7.0993,86
1,8184,8.762,7.2079,84
2,8184,8.762,7.2333,85
3,8184,8.762,7.1236,83
0,8185,8.762,7.3108,81
1,8185,8.762,7.2253,89
2,8185,8.762,7.2337,81
3,8185,8.762,7.2387,78
0,8186,8.762,7.3443,67
1,8186,8.762,7.1219,79
2,8186,8.762,7.2781,80
3,8186,8.762,7.3998,74
0,8187,8.762,7.2906,72
1,8187,8.762,7.2624,84
2,8187,8.762,7.2374,74
3,8187,8.762,7.0873,79
0,8188,8.762,7.2686,75
1,8188,8.762,7.151,82
2,8188,8.762,7.3327,80
3,8188,8.762,7.1768,78
0,8189,8.762,7.4084,83
1,8189,8.762,7.2352,79
2,8189,8.762,7.2712,86
3,8189,8.762,7.2454,78
0,8190,8.762,7.2075,82
1,8190,8.762,7.1287,81
2,8190,8.762,7.3477,71
3,8190,8.762,7.2125,83
0,8191,8.762,7.2884,79
1,8191,8.762,7.2731,84
2,8191,8.762,7.2585,78
3,8191,8.762,7.168,87
0,8192,8.762,7.2137,84
1,8192,8.762,7.2005,87
2,8192,8.762,7.2141,85
3,8192,8.762,7.1733,75
0,8193,8.762,7.3262,76
1,8193,8.762,7.227,80
2,8193,8.762,7.2007,82
3,8193,8.762,7.1093,81
0,8194,8.762,7.2573,78
1,8194,8.762,7.2275,82
2,8194,8.762,7.2714,82
3,8194,8.762,7.3349,79
0,8195,8.762,7.2774,78
1,8195,8.762,7.2123,82
2,8195,8.762,7.146,89
3,8195,8.762,7.1734,85
0,8196,8.762,7.3321,80
1,8196,8.762,7.3109,80
2,8196,8.762,7.3132,81
3,8196,8.762,7.2842,79
0,8197,8.762,7.1382,85
1,8197,8.762,7.1185,83
2,8197,8.762,7.2569,79
3,8197,8.762,7.2572,82
0,8198,8.762,7.4462,70
1,8198,8.762,7.2368,82
2,8198,8.762,7.2964,85
3,8198,8.762,7.3024,82
0,8199,8.762,7.2482,83
1,8199,8.762,7.1868,84
2,8199,8.762,7.2003,74
3,8199,8.762,7.3811,78
0,8200,8.762,7.3126,75
1,8200,8.762,7.1895,75
2,8200,8.762,7.1849,83
3,8200,8.762,7.2397,73
0,8201,8.762,7.2413,85
1,8201,8.762,7.2528,74
2,8201,8.762,7.2043,89
3,8201,8.762,7.4108,77
0,8202,8.762,7.3228,84
1,8202,8.762,7.3724,85
2,8202,8.762,7.201,90
3,8202,8.762,7.3488,73
0,8203,8.762,7.112,93
1,8203,8.762,7.2757,83
2,8203,8.762,7.2161,80
3,8203,8.762,7.2667,84
0,8204,8.762,7.1836,84
1,8204,8.762,7.0866,89
2,8204,8.762,7.2371,82
3,8204,8.762,6.9975,95
0,8205,8.762,7.142,82
1,8205,8.762,7.2564,77
2,8205,8.762,7.1977,84
3,8205,8.762,7.2179,84
0,8206,8.762,7.1138,86
1,8206,8.762,7.3251,77
2,8206,8.762,7.3899,84
3,8206,8.762,7.1143,85
0,8207,8.762,7.232,84
1,8207,8.762,7.4139,79
2,8207,8.762,7.176,86
3,8207,8.762,7.1238,84
0,8208,8.762,7.2309,79
1,8208,8.762,7.4677,76
2,8208,8.762,7.1764,78
3,8208,8.762,7.3296,70
0,8209,8.762,7.1898,83
1,8209,8.762,7.1652,92
2,8209,8.762,7.1706,87
3,8209,8.762,7.3022,80
0,8210,8.762,7.2272,74
1,8210,8.762,7.169,80
2,8210,8.762,7.286,76
3,8210,8.762,7.206,87
0,8211,8.762,7.2995,81
1,8211,8.762,7.1629,77
2,8211,8.762,7.155,78
3,8211,8.762,7.0819,78
0,8212,8.762,7.258,83
1,8212,8.762,7.4051,83
2,8212,8.762,7.2566,86
3,8212,8.762,7.1711,82
0,8213,8.762,7.3004,73
1,8213,8.762,7.1836,83
2,8213,8.762,7.3478,78
3,8213,8.762,7.0532,89
0,8214,8.762,7.3025,62
1,8214,8.762,7.3,87
2,8214,8.762,7.195,84
3,8214,8.762,7.2283,86
0,8215,8.762,7.3234,79
1,8215,8.762,7.1784,85
2,8215,8.762,7.3584,71
3,8215,8.762,7.3785,76
0,8216,8.762,7.0919,87
1,8216,8.762,7.3836,76
2,8216,8.762,7.3955,85
3,8216,8.762,7.3937,79
0,8217,8.762,7.0131,91
1,8217,8.762,7.3856,77
2,8217,8.762,7.3359,88
3,8217,8.762,7.2832,77
0,8218,8.762,7.1146,81
1,8218,8.762,7.3444,80
2,8218,8.762,7.2831,86
3,8218,8.762,7.3049,71
0,8219,8.762,7.0364,86
1,8219,8.762,7.3518,74
2,8219,8.762,7.1674,79
3,8219,8.762,7.3083,82
0,8220,8.762,7.3393,73
1,8220,8.762,7.2008,75
2,8220,8.762,7.1599,83
3,8220,8.762,7.3198,76
0,8221,8.762,7.2131,81
1,8221,8.762,7.2557,84
2,8221,8.762,7.2047,76
3,8221,8.762,7.3915,79
0,8222,8.762,7.1541,73
1,8222,8.762,7.1574,80
2,8222,8.762,7.382,81
3,8222,8.762,7.196,78
0,8223,8.762,7.1621,91
1,8223,8.762,7.3384,78
2,8223,8.762,7.2655,85
3,8223,8.762,7.4354,73
0,8224,8.762,7.3864,81
1,8224,8.762,7.1668,89
2,8224,8.762,7.2597,81
3,8224,8.762,7.2675,73
0,8225,8.762,7.32,72
1,8225,8.762,7.2653,81
2,8225,8.762,7.1404,90
3,8225,8.762,7.3731,75
0,8226,8.762,7.2288,76
1,8226,8.762,7.1579,83
2,8226,8.762,7.1865,83
3,8226,8.762,7.3014,80
0,8227,8.762,7.3281,85
1,8227,8.762,7.3127,81
2,8227,8.762,7.2414,82
3,8227,8.762,7.3542,71
0,8228,8.762,7.3742,72
1,8228,8.762,7.2889,72
2,8228,8.762,7.2354,80
3,8228,8.762,7.2266,74
0,8229,8.762,7.1667,86
1,8229,8.762,7.1616,87
2,8229,8.762,7.1631,87
3,8229,8.762,7.2841,77
0,8230,8.762,7.0213,87
1,8230,8.762,7.2226,80
2,8230,8.762,7.1319,82
3,8230,8.762,7.2045,84
0,8231,8.762,7.3433,75
1,8231,8.762,7.3342,76
2,8231,8.762,7.193,75
3,8231,8.762,7.3028,69
0,8232,8.762,7.3485,72
1,8232,8.762,7.1973,78
2,8232,8.762,7.2236,87
3,8232,8.762,7.3139,79
0,8233,8.762,7.2925,88
1,8233,8.762,7.1735,78
2,8233,8.762,7.0778,79
3,8233,8.762,7.16,69
0,8234,8.762,7.124,93
1,8234,8.762,7.0605,86
2,8234,8.762,7.4602,77
3,8234,8.762,7.3771,76
0,8235,8.762,7.114,92
1,8235,8.762,7.3198,75
2,8235,8.762,7.3469,80
3,8235,8.762,7.241,73
0,8236,8.762,7.1064,80
1,8236,8.762,7.2987,75
2,8236,8.762,7.2197,80
3,8236,8.762,7.3482,79
0,8237,8.762,7.0788,91
1,8237,8.762,7.2732,83
2,8237,8.762,7.2474,79
3,8237,8.762,7.332,80
0,8238,8.762,7.3403,88
1,8238,8.762,7.2758,87
2,8238,8.762,7.2631,75
3,8238,8.762,7.3145,76
0,8239,8.762,7.3657,70
1,8239,8.762,7.239,90
2,8239,8.762,7.1569,92
3,8239,8.762,7.4056,79
0,8240,8.762,7.3359,75
1,8240,8.762,7.2194,92
2,8240,8.762,7.2322,77
3,8240,8.762,7.1867,81
0,8241,8.762,7.1811,87
1,8241,8.762,7.1122,80
2,8241,8.762,7.239,82
3,8241,8.762,7.5033,68
0,8242,8.762,7.3269,86
1,8242,8.762,7.127,80
2,8242,8.762,7.2226,82
3,8242,8.762,7.1243,81
0,8243,8.762,7.4028,79
1,8243,8.762,7.2552,89
2,8243,8.762,7.4544,77
3,8243,8.762,7.3696,72
0,8244,8.762,7.1083,82
1,8244,8.762,7.2274,79
2,8244,8.762,7.276,75
3,8244,8.762,7.2086,87
0,8245,8.762,7.3055,72
1,8245,8.762,7.0958,84
2,8245,8.762,7.294,80
3,8245,8.762,7.1631,79
0,8246,8.762,7.119,86
1,8246,8.762,7.205,80
2,8246,8.762,7.226,89
3,8246,8.762,7.3109,81
0,8247,8.762,7.2213,90
1,8247,8.762,7.2746,78
2,8247,8.762,7.3075,78
3,8247,8.762,7.2415,80
0,8248,8.762,7.3784,78
1,8248,8.762,7.3305,71
2,8248,8.762,7.2213,84
3,8248,8.762,7.0721,88
0,8249,8.762,7.2503,75
1,8249,8.762,7.2198,79
2,8249,8.762,7.1952,88
3,8249,8.762,7.334,80
0,8250,8.762,7.2684,89
1,8250,8.762,7.1987,88
2,8250,8.762,7.0548,92
3,8250,8.762,7.3476,72
0,8251,8.762,7.2447,88
1,8251,8.762,7.2374,84
2,8251,8.762,7.3044,78
3,8251,8.762,7.2657,78
0,8252,8.762,7.3731,79
1,8252,8.762,7.2287,79
2,8252,8.762,7.0333,94
3,8252,8.762,7.1466,86
0,8253,8.762,7.172,86
1,8253,8.762,7.337,73
2,8253,8.762,7.2856,70
3,8253,8.762,7.1864,80
0,8254,8.762,7.1919,81
1,8254,8.762,7.3314,80
2,8254,8.762,7.159,83
3,8254,8.762,7.3839,79
0,8255,8.762,7.1901,82
1,8255,8.762,7.3114,78
2,8255,8.762,7.2045,78
3,8255,8.762,7.1489,89
0,8256,8.762,7.3542,76
1,8256,8.762,7.1705,87
2,8256,8.762,7.1341,94
3,8256,8.762,7.304,74
0,8257,8.762,7.1643,80
1,8257,8.762,7.2843,83
2,8257,8.762,7.3455,83
3,8257,8.762,7.1799,77
0,8258,8.762,7.0434,84
1,8258,8.762,7.2792,79
2,8258,8.762,7.2691,73
3,8258,8.762,7.2222,77
0,8259,8.762,7.2544,82
1,8259,8.762,7.3938,81
2,8259,8.762,7.2368,82
3,8259,8.762,7.3512,71
0,8260,8.762,7.1657,81
1,8260,8.762,7.323,81
2,8260,8.762,7.1094,89
3,8260,8.762,7.3443,72
0,8261,8.762,7.2461,88
1,8261,8.762,7.3562,71
2,8261,8.762,7.0718,80
3,8261,8.762,7.2419,84
0,8262,8.762,7.4115,78
1,8262,8.762,7.2106,80
2,8262,8.762,7.219,79
3,8262,8.762,7.1498,90
0,8263,8.762,7.1869,82
1,8263,8.762,7.1206,80
2,8263,8.762,7.1845,84
3,8263,8.762,7.1035,77
0,8264,8.762,7.2232,77
1,8264,8.762,7.1956,87
2,8264,8.762,7.0464,83
3,8264,8.762,7.1305,81
0,8265,8.762,7.1259,91
1,8265,8.762,7.144,79
2,8265,8.762,7.1985,86
3,8265,8.762,7.1696,84
0,8266,8.762,7.0475,79
1,8266,8.762,7.2819,74
2,8266,8.762,7.2775,79
3,8266,8.762,7.243,88
0,8267,8.762,7.2986,83
1,8267,8.762,7.3398,81
2,8267,8.762,7.2214,84
3,8267,8.762,7.2585,87
0,8268,8.762,7.2891,78
1,8268,8.762,7.2026,76
2,8268,8.762,7.1864,84
3,8268,8.762,7.2787,84
0,8269,8.762,7.1671,80
1,8269,8.762,7.2781,77
2,8269,8.762,7.2392,78
3,8269,8.762,7.2185,84
0,8270,8.762,7.2388,79
1,8270,8.762,7.1754,76
2,8270,8.762,7.2659,76
3,8270,8.762,7.272,80
0,8271,8.762,7.2265,78
1,8271,8.762,7.2822,77
2,8271,8.762,7.1975,77
3,8271,8.762,7.3787,80
0,8272,8.762,7.2599,71
1,8272,8.762,7.2948,80
2,8272,8.762,7.2064,89
3,8272,8.762,7.3096,73
0,8273,8.762,7.3439,72
1,8273,8.762,7.1929,81
2,8273,8.762,7.3417,75
3,8273,8.762,7.17,84
0,8274,8.762,7.2285,80
1,8274,8.762,7.1204,86
2,8274,8.762,7.2574,83
3,8274,8.762,7.1754,87
0,8275,8.762,7.3172,79
1,8275,8.762,7.2066,83
2,8275,8.762,7.1625,78
3,8275,8.762,7.3376,92
0,8276,8.762,7.2442,80
1,8276,8.762,7.022,84
2,8276,8.762,7.3087,76
3,8276,8.762,7.2077,87
0,8277,8.762,7.4023,77
1,8277,8.762,7.2135,88
2,8277,8.762,7.4245,78
3,8277,8.762,7.2664,83
0,8278,8.762,7.214,85
1,8278,8.762,7.0915,88
2,8278,8.762,7.371,72
3,8278,8.762,7.0782,95
0,8279,8.762,7.1932,82
1,8279,8.762,7.186,89
2,8279,8.762,7.2493,77
3,8279,8.762,7.1833,82
0,8280,8.762,7.2472,82
1,8280,8.762,7.2501,84
2,8280,8.762,7.0395,93
3,8280,8.762,7.2676,86
0,8281,8.762,7.2409,78
1,8281,8.762,7.2801,86
2,8281,8.762,7.1811,85
3,8281,8.762,7.3526,77
0,8282,8.762,7.2958,76
1,8282,8.762,7.2547,82
2,8282,8.762,7.2437,77
3,8282,8.762,7.3111,79
0,8283,8.762,7.1199,86
1,8283,8.762,7.1705,79
2,8283,8.762,7.1272,84
3,8283,8.762,7.1872,83
0,8284,8.762,7.279,73
1,8284,8.762,7.1964,71
2,8284,8.762,7.0508,85
3,8284,8.762,7.1333,92
0,8285,8.762,7.2859,74
1,8285,8.762,7.2236,72
2,8285,8.762,7.3317,79
3,8285,8.762,7.2782,71
0,8286,8.762,7.2159,77
1,8286,8.762,7.2968,82
2,8286,8.762,7.3054,69
3,8286,8.762,7.2941,75
0,8287,8.762,7.1194,87
1,8287,8.762,7.3374,70
2,8287,8.762,7.1985,79
3,8287,8.762,7.2789,71
0,8288,8.762,7.2247,85
1,8288,8.762,7.3269,76
2,8288,8.762,7.2441,76
3,8288,8.762,7.2098,75
0,8289,8.762,7.2311,81
1,8289,8.762,7.3485,81
2,8289,8.762,7.2887,81
3,8289,8.762,7.3217,81
0,8290,8.762,7.2172,77
1,8290,8.762,7.3074,76
2,8290,8.762,7.2182,83
3,8290,8.762,6.9494,95
0,8291,8.762,7.2534,79
1,8291,8.762,7.1864,80
2,8291,8.762,7.1346,87
3,8291,8.762,7.3434,76
0,8292,8.762,7.2252,76
1,8292,8.762,7.0977,83
2,8292,8.762,7.4143,76
3,8292,8.762,7.1681,89
0,8293,8.762,7.306,86
1,8293,8.762,7.2067,87
2,8293,8.762,6.9833,82
3,8293,8.762,7.4204,83
0,8294,8.762,7.3937,78
1,8294,8.762,7.2168,80
2,8294,8.762,7.1876,82
3,8294,8.762,7.1627,89
0,8295,8.762,7.1377,84
1,8295,8.762,7.1001,101
2,8295,8.762,7.2675,79
3,8295,8.762,7.3807,74
0,8296,8.762,7.246,74
1,8296,8.762,7.2248,79
2,8296,8.762,7.0477,92
3,8296,8.762,7.4978,78
0,8297,8.762,7.1587,85
1,8297,8.762,7.3277,74
2,8297,8.762,7.032,81
3,8297,8.762,7.3749,74
0,8298,8.762,7.1685,75
1,8298,8.762,7.1763,81
2,8298,8.762,7.3677,78
3,8298,8.762,7.1775,77
0,8299,8.762,7.1726,78
1,8299,8.762,7.1025,79
2,8299,8.762,7.1864,77
3,8299,8.762,7.3985,75
0,8300,8.762,7.3609,84
1,8300,8.762,7.1737,87
2,8300,8.762,7.1762,84
3,8300,8.762,7.3051,81
0,8301,8.762,7.3711,80
1,8301,8.762,7.3079,79
2,8301,8.762,7.2708,81
3,8301,8.762,7.1803,91
0,8302,8.762,7.2169,89
1,8302,8.762,7.1225,89
2,8302,8.762,7.082,85
3,8302,8.762,7.3672,84
0,8303,8.762,7.4483,70
1,8303,8.762,7.2176,82
2,8303,8.762,7.1007,81
3,8303,8.762,7.2375,80
0,8304,8.762,7.3859,77
1,8304,8.762,7.3077,84
2,8304,8.762,6.9538,84
3,8304,8.762,7.2122,77
0,8305,8.762,7.3099,70
1,8305,8.762,7.2203,80
2,8305,8.762,7.2249,73
3,8305,8.762,7.1873,82
0,8306,8.762,7.2407,84
1,8306,8.762,7.2474,86
2,8306,8.762,7.1942,81
3,8306,8.762,7.1169,85
0,8307,8.762,7.2222,79
1,8307,8.762,7.355,77
2,8307,8.762,7.213,90
3,8307,8.762,7.2076,78
0,8308,8.762,7.1964,85
1,8308,8.762,7.318,81
2,8308,8.762,7.3561,77
3,8308,8.762,7.3374,83
0,8309,8.762,7.308,78
1,8309,8.762,7.2816,77
2,8309,8.762,7.2098,81
3,8309,8.762,7.0887,75
0,8310,8.762,7.086,83
1,8310,8.762,7.2032,75
2,8310,8.762,7.1956,77
3,8310,8.762,7.0853,86
0,8311,8.762,7.2741,74
1,8311,8.762,7.322,73
2,8311,8.762,7.4188,67
3,8311,8.762,7.2709,87
0,8312,8.762,7.1311,92
1,8312,8.762,7.2779,87
2,8312,8.762,7.4268,81
3,8312,8.762,7.246,84
0,8313,8.762,7.3622,75
1,8313,8.762,7.1603,83
2,8313,8.762,7.173,79
3,8313,8.762,7.3078,79
0,8314,8.762,7.1027,94
1,8314,8.762,7.2215,81
2,8314,8.762,7.3504,83
3,8314,8.762,7.1798,81
0,8315,8.762,7.2376,79
1,8315,8.762,7.2446,83
2,8315,8.762,7.2547,79
3,8315,8.762,7.3009,84
0,8316,8.762,7.1881,88
1,8316,8.762,7.1191,81
2,8316,8.762,7.1785,86
3,8316,8.762,7.2127,77
0,8317,8.762,7.1618,79
1,8317,8.762,7.3333,73
2,8317,8.762,7.1931,75
3,8317,8.762,7.2585,84
0,8318,8.762,7.2067,78
1,8318,8.762,7.2823,82
2,8318,8.762,7.2245,81
3,8318,8.762,7.3232,76
0,8319,8.762,7.3869,77
1,8319,8.762,7.247,79
2,8319,8.762,7.2334,85
3,8319,8.762,7.2345,79
0,8320,8.762,7.3316,83
1,8320,8.762,7.221,88
2,8320,8.762,7.229,82
3,8320,8.762,7.3406,77
0,8321,8.762,7.2919,88
1,8321,8.762,7.2533,83
2,8321,8.762,7.243,78
3,8321,8.762,7.2963,75
0,8322,8.762,7.1372,87
1,8322,8.762,7.3675,77
2,8322,8.762,7.278,81
3,8322,8.762,7.2298,82
0,8323,8.762,7.1613,78
1,8323,8.762,7.3218,74
2,8323,8.762,7.2771,84
3,8323,8.762,7.2351,81
0,8324,8.762,7.2435,82
1,8324,8.762,7.21,89
2,8324,8.762,7.3369,81
3,8324,8.762,7.2924,85
0,8325,8.762,7.3121,80
1,8325,8.762,7.3803,78
2,8325,8.762,7.1963,90
3,8325,8.762,7.0958,92
0,8326,8.762,7.2023,88
1,8326,8.762,7.2256,85
2,8326,8.762,7.0903,87
3,8326,8.762,7.2569,73
0,8327,8.762,7.2135,82
1,8327,8.762,7.2573,80
2,8327,8.762,7.3347,80
3,8327,8.762,7.2084,81
0,8328,8.762,7.1511,82
1,8328,8.762,6.9713,93
2,8328,8.762,7.1548,84
3,8328,8.762,7.3167,77
0,8329,8.762,7.1605,79
1,8329,8.762,7.2292,81
2,8329,8.762,7.2415,86
3,8329,8.762,7.2556,81
0,8330,8.762,7.0927,92
1,8330,8.762,7.1909,76
2,8330,8.762,6.9882,96
3,8330,8.762,7.2628,86
0,8331,8.762,7.2478,85
1,8331,8.762,7.2111,78
2,8331,8.762,7.2474,80
3,8331,8.762,7.3314,70
0,8332,8.762,7.1548,78
1,8332,8.762,7.335,80
2,8332,8.762,7.3538,73
3,8332,8.762,7.1824,79
0,8333,8.762,7.2841,85
1,8333,8.762,7.1613,77
2,8333,8.762,7.1893,84
3,8333,8.762,7.3586,74
0,8334,8.762,7.0763,85
1,8334,8.762,7.2527,92
2,8334,8.762,7.3158,83
3,8334,8.762,7.2754,74
0,8335,8.762,7.2011,90
1,8335,8.762,7.2215,72
2,8335,8.762,7.0775,91
3,8335,8.762,7.3122,83
0,8336,8.762,7.0662,89
1,8336,8.762,7.1129,80
2,8336,8.762,7.2117,81
3,8336,8.762,7.2531,79
0,8337,8.762,7.4548,71
1,8337,8.762,7.1909,81
2,8337,8.762,7.4698,78
3,8337,8.762,7.2483,78
0,8338,8.762,7.2929,73
1,8338,8.762,7.1694,86
2,8338,8.762,7.1822,86
3,8338,8.762,7.2929,79
0,8339,8.762,7.2125,87
1,8339,8.762,7.3122,80
2,8339,8.762,7.2802,81
3,8339,8.762,7.2839,76
0,8340,8.762,7.338,73
1,8340,8.762,7.3185,77
2,8340,8.762,7.261,86
3,8340,8.762,7.3143,71
0,8341,8.762,7.1866,91
1,8341,8.762,7.0276,80
2,8341,8.762,7.3703,72
3,8341,8.762,7.2364,77
0,8342,8.762,7.0646,85
1,8342,8.762,7.3493,72
2,8342,8.762,7.247,79
3,8342,8.762,7.2043,83
0,8343,8.762,7.2663,82
1,8343,8.762,7.3166,77
2,8343,8.762,7.2922,82
3,8343,8.762,7.138,77
0,8344,8.762,7.2025,91
1,8344,8.762,7.3428,79
2,8344,8.762,7.1784,86
3,8344,8.762,7.2342,80
0,8345,8.762,7.3913,79
1,8345,8.762,7.3648,67
2,8345,8.762,7.423,74
3,8345,8.762,7.1875,79
0,8346,8.762,7.2268,86
1,8346,8.762,7.2643,79
2,8346,8.762,7.1997,88
3,8346,8.762,7.0196,88
0,8347,8.762,7.3661,72
1,8347,8.762,7.1644,80
2,8347,8.762,7.3777,73
3,8347,8.762,7.2889,82
0,8348,8.762,7.1456,88
1,8348,8.762,7.2064,90
2,8348,8.762,7.1426,87
3,8348,8.762,7.1396,85
0,8349,8.762,7.1909,91
1,8349,8.762,7.2243,79
2,8349,8.762,7.2926,82
3,8349,8.762,7.2764,83
0,8350,8.762,7.156,89
1,8350,8.762,7.174,88
2,8350,8.762,7.1627,84
3,8350,8.762,7.3882,82
0,8351,8.762,7.0539,83
1,8351,8.762,7.2734,85
2,8351,8.762,7.1615,90
3,8351,8.762,7.2127,78
0,8352,8.762,7.2659,76
1,8352,8.762,7.2974,72
2,8352,8.762,7.3681,79
3,8352,8.762,7.1239,85
0,8353,8.762,7.2545,83
1,8353,8.762,7.1793,77
2,8353,8.762,7.2787,78
3,8353,8.762,7.3008,67
0,8354,8.762,7.1931,85
1,8354,8.762,7.2842,80
2,8354,8.762,7.1202,95
3,8354,8.762,7.1851,83
0,8355,8.762,7.3013,84
1,8355,8.762,7.2507,81
2,8355,8.762,7.1724,89
3,8355,8.762,7.2051,82
0,8356,8.762,7.3328,82
1,8356,8.762,7.3172,75
2,8356,8.762,7.2631,88
3,8356,8.762,7.1634,89
0,8357,8.762,7.1591,90
1,8357,8.762,7.2446,87
2,8357,8.762,7.2909,81
3,8357,8.762,7.2738,79
0,8358,8.762,7.3031,78
1,8358,8.762,7.2501,85
2,8358,8.762,7.2624,84
3,8358,8.762,7.1343,89
0,8359,8.762,7.1581,88
1,8359,8.762,7.2509,83
2,8359,8.762,7.2431,89
3,8359,8.762,7.2182,81
0,8360,8.762,7.2557,84
1,8360,8.762,7.3754,80
2,8360,8.762,7.3415,77
3,8360,8.762,7.181,81
0,8361,8.762,7.2379,78
1,8361,8.762,7.3317,77
2,8361,8.762,7.4235,81
3,8361,8.762,7.1293,84
0,8362,8.762,7.3468,70
1,8362,8.762,7.2878,79
2,8362,8.762,7.1277,82
3,8362,8.762,7.1732,78
0,8363,8.762,7.2382,77
1,8363,8.762,7.1627,84
2,8363,8.762,7.2132,79
3,8363,8.762,7.1881,90
0,8364,8.762,7.1904,82
1,8364,8.762,7.3013,82
2,8364,8.762,7.4045,78
3,8364,8.762,7.2039,82
0,8365,8.762,7.3221,85
1,8365,8.762,7.0656,91
2,8365,8.762,7.2928,77
3,8365,8.762,7.3152,75
0,8366,8.762,7.2024,85
1,8366,8.762,7.1675,85
2,8366,8.762,7.2887,77
3,8366,8.762,7.2517,85
0,8367,8.762,7.1914,83
1,8367,8.762,7.3463,81
2,8367,8.762,7.3102,78
3,8367,8.762,7.3012,79
0,8368,8.762,7.3422,78
1,8368,8.762,7.2741,82
2,8368,8.762,7.3203,75
3,8368,8.762,7.1825,87
0,8369,8.762,7.306,79
1,8369,8.762,7.0702,87
2,8369,8.762,7.0336,92
3,8369,8.762,7.3143,77
0,8370,8.762,7.2573,82
1,8370,8.762,7.2687,89
2,8370,8.762,7.2499,79
3,8370,8.762,7.2083,86
0,8371,8.762,7.2573,81
1,8371,8.762,7.2362,79
2,8371,8.762,7.1632,84
3,8371,8.762,7.2712,78
0,8372,8.762,7.2359,80
1,8372,8.762,7.1782,79
2,8372,8.762,7.1551,81
3,8372,8.762,7.1792,78
0,8373,8.762,7.2036,73
1,8373,8.762,7.2608,86
2,8373,8.762,7.2179,82
3,8373,8.762,7.1877,82
0,8374,8.762,7.1542,84
1,8374,8.762,7.2118,76
2,8374,8.762,7.5077,76
3,8374,8.762,7.1501,93
0,8375,8.762,7.2693,82
1,8375,8.762,7.1155,83
2,8375,8.762,7.1288,85
3,8375,8.762,7.246,82
0,8376,8.762,7.3191,85
1,8376,8.762,7.2144,73
2,8376,8.762,7.2085,82
3,8376,8.762,7.344,73
0,8377,8.762,7.333,84
1,8377,8.762,7.2976,72
2,8377,8.762,7.2794,81
3,8377,8.762,7.3584,79
0,8378,8.762,7.3065,82
1,8378,8.762,7.2427,78
2,8378,8.762,7.2959,77
3,8378,8.762,7.5564,65
0,8379,8.762,7.2942,78
1,8379,8.762,7.133,82
2,8379,8.762,7.3159,75
3,8379,8.762,7.2457,83
0,8380,8.762,7.2453,82
1,8380,8.762,7.1124,83
2,8380,8.762,7.2416,84
3,8380,8.762,7.3305,76
0,8381,8.762,7.1324,87
1,8381,8.762,7.2774,79
2,8381,8.762,7.3969,73
3,8381,8.762,7.2709,77
0,8382,8.762,7.1189,85
1,8382,8.762,7.1798,85
2,8382,8.762,7.2193,88
3,8382,8.762,7.2776,83
0,8383,8.762,7.3089,85
1,8383,8.762,7.1904,78
2,8383,8.762,7.0901,84
3,8383,8.762,7.2485,77
0,8384,8.762,7.1635,85
1,8384,8.762,7.1854,87
2,8384,8.762,7.1203,83
3,8384,8.762,7.3057,67
0,8385,8.762,7.1956,81
1,8385,8.762,7.2335,84
2,8385,8.762,7.2097,87
3,8385,8.762,7.146,77
0,8386,8.762,7.1281,82
1,8386,8.762,7.3525,76
2,8386,8.762,7.2489,82
3,8386,8.762,7.307,83
0,8387,8.762,7.1892,86
1,8387,8.762,7.1643,84
2,8387,8.762,7.2796,84
3,8387,8.762,7.4432,81
0,8388,8.762,7.2086,92
1,8388,8.762,7.2801,78
2,8388,8.762,7.302,74
3,8388,8.762,7.19,84
0,8389,8.762,7.2413,76
1,8389,8.762,7.4205,78
2,8389,8.762,7.1998,89
3,8389,8.762,7.1972,80
0,8390,8.762,7.1578,81
1,8390,8.762,7.2902,80
2,8390,8.762,7.3654,77
3,8390,8.762,7.3458,77
0,8391,8.762,7.1627,82
1,8391,8.762,7.3761,75
2,8391,8.762,7.1493,80
3,8391,8.762,7.3201,81
0,8392,8.762,7.092,84
1,8392,8.762,7.2738,79
2,8392,8.762,7.1663,75
3,8392,8.762,7.0897,79
0,8393,8.762,7.1444,80
1,8393,8.762,7.408,73
2,8393,8.762,7.2396,88
3,8393,8.762,7.1632,79
0,8394,8.762,7.2322,77
1,8394,8.762,7.2178,84
2,8394,8.762,7.2612,81
3,8394,8.762,7.258,76
0,8395,8.762,7.266,75
1,8395,8.762,7.178,83
2,8395,8.762,7.2507,82
3,8395,8.762,7.247,86
0,8396,8.762,7.3427,77
1,8396,8.762,7.2935,80
2,8396,8.762,7.3289,76
3,8396,8.762,7.3478,74
0,8397,8.762,7.2571,86
1,8397,8.762,7.1095,79
2,8397,8.762,7.3194,74
3,8397,8.762,7.2811,73
0,8398,8.762,7.1393,89
1,8398,8.762,7.3262,77
2,8398,8.762,7.1849,87
3,8398,8.762,7.2685,74
0,8399,8.762,7.3241,73
1,8399,8.762,7.3531,77
2,8399,8.762,7.1231,89
3,8399,8.762,7.3628,70
0,8400,8.762,7.3098,77
1,8400,8.762,7.4193,79
2,8400,8.762,7.3825,79
3,8400,8.762,7.3514,74
0,8401,8.762,7.2712,89
1,8401,8.762,7.2244,82
2,8401,8.762,7.369,75
3,8401,8.762,7.3096,84
0,8402,8.762,7.2137,82
1,8402,8.762,7.2703,86
2,8402,8.762,7.2845,73
3,8402,8.762,7.2602,82
0,8403,8.762,7.212,83
1,8403,8.762,7.2285,80
2,8403,8.762,7.2008,82
3,8403,8.762,7.3893,86
0,8404,8.762,7.3011,74
1,8404,8.762,7.3381,79
2,8404,8.762,7.2027,87
3,8404,8.762,7.3355,79
0,8405,8.762,7.3006,84
1,8405,8.762,7.229,80
2,8405,8.762,7.1972,91
3,8405,8.762,7.3061,78
0,8406,8.762,7.3176,78
1,8406,8.762,7.2433,88
2,8406,8.762,7.3627,86
3,8406,8.762,7.1373,91
0,8407,8.762,7.1711,82
1,8407,8.762,7.1776,80
2,8407,8.762,7.3419,75
3,8407,8.762,7.0378,83
0,8408,8.762,7.2731,88
1,8408,8.762,7.3245,73
2,8408,8.762,7.111,92
3,8408,8.762,7.1409,82
0,8409,8.762,7.0737,86
1,8409,8.762,7.2025,85
2,8409,8.762,7.1823,80
3,8409,8.762,7.3451,77
0,8410,8.762,7.2368,85
1,8410,8.762,7.278,78
2,8410,8.762,7.2443,82
3,8410,8.762,7.3895,76
0,8411,8.762,7.4418,70
1,8411,8.762,7.2213,84
2,8411,8.762,7.2937,88
3,8411,8.762,7.2132,83
0,8412,8.762,7.2218,73
1,8412,8.762,7.1904,83
2,8412,8.762,7.2845,82
3,8412,8.762,7.14,81
0,8413,8.762,7.303,76
1,8413,8.762,7.2217,86
2,8413,8.762,7.2865,82
3,8413,8.762,7.2302,87
0,8414,8.762,7.156,88
1,8414,8.762,7.1843,71
2,8414,8.762,7.2787,83
3,8414,8.762,7.3357,80
0,8415,8.762,7.3771,76
1,8415,8.762,7.3215,82
2,8415,8.762,7.0674,92
3,8415,8.762,7.2859,86
0,8416,8.762,7.3144,68
1,8416,8.762,7.2027,93
2,8416,8.762,7.3646,81
3,8416,8.762,7.2439,81
0,8417,8.762,7.2966,78
1,8417,8.762,7.22,95
2,8417,8.762,7.2727,77
3,8417,8.762,7.1061,90
0,8418,8.762,7.0933,89
1,8418,8.762,7.2348,84
2,8418,8.762,7.2822,82
3,8418,8.762,7.009,86
0,8419,8.762,7.2488,78
1,8419,8.762,7.2249,78
2,8419,8.762,7.2575,76
3,8419,8.762,7.3359,87
0,8420,8.762,7.3479,79
1,8420,8.762,7.3036,82
2,8420,8.762,7.181,82
3,8420,8.762,7.1138,88
0,8421,8.762,7.0822,81
1,8421,8.762,7.3229,78
2,8421,8.762,7.1853,84
3,8421,8.762,7.2676,77
0,8422,8.762,7.2929,93
1,8422,8.762,7.3411,75
2,8422,8.762,7.5268,62
3,8422,8.762,7.1955,85
0,8423,8.762,7.4027,82
1,8423,8.762,7.1894,85
2,8423,8.762,7.3992,79
3,8423,8.762,7.289,81
0,8424,8.762,7.2845,76
1,8424,8.762,7.2903,74
2,8424,8.762,7.1907,81
3,8424,8.762,7.2073,85
0,8425,8.762,7.2599,79
1,8425,8.762,7.3418,85
2,8425,8.762,7.2172,87
3,8425,8.762,7.338,77
0,8426,8.762,7.4101,86
1,8426,8.762,7.2773,83
2,8426,8.762,7.2389,77
3,8426,8.762,7.238,89
0,8427,8.762,7.2762,84
1,8427,8.762,7.0985,87
2,8427,8.762,7.2867,78
3,8427,8.762,7.3067,79
0,8428,8.762,7.3156,76
1,8428,8.762,7.0675,82
2,8428,8.762,7.3377,74
3,8428,8.762,6.9912,86
0,8429,8.762,7.3016,79
1,8429,8.762,7.3194,79
2,8429,8.762,7.1982,80
3,8429,8.762,7.148,85
0,8430,8.762,7.3223,82
1,8430,8.762,7.2295,84
2,8430,8.762,7.2366,83
3,8430,8.762,7.3009,81
0,8431,8.762,7.3122,84
1,8431,8.762,7.2842,86
2,8431,8.762,7.2078,79
3,8431,8.762,7.3001,72
0,8432,8.762,7.3222,70
1,8432,8.762,7.4701,75
2,8432,8.762,7.037,94
3,8432,8.762,7.1179,88
0,8433,8.762,7.1092,78
1,8433,8.762,7.3428,78
2,8433,8.762,7.0769,78
3,8433,8.762,7.2006,83
0,8434,8.762,7.1995,81
1,8434,8.762,7.3475,82
2,8434,8.762,7.2733,77
3,8434,8.762,7.3481,80
0,8435,8.762,7.3288,81
1,8435,8.762,7.2899,81
2,8435,8.762,7.2741,84
3,8435,8.762,7.1391,86
0,8436,8.762,7.4815,78
1,8436,8.762,7.3447,79
2,8436,8.762,7.2915,83
3,8436,8.762,7.0765,90
0,8437,8.762,7.1525,83
1,8437,8.762,7.3094,67
2,8437,8.762,7.2331,85
3,8437,8.762,7.1793,85
0,8438,8.762,7.3878,75
1,8438,8.762,7.1286,80
2,8438,8.762,7.3162,83
3,8438,8.762,7.1137,81
0,8439,8.762,7.1436,83
1,8439,8.762,7.3255,87
2,8439,8.762,7.0982,81
3,8439,8.762,7.1191,85
0,8440,8.762,7.2841,91
1,8440,8.762,7.2051,90
2,8440,8.762,7.2196,77
3,8440,8.762,7.234,80
0,8441,8.762,7.2021,77
1,8441,8.762,7.2524,76
2,8441,8.762,7.2689,79
3,8441,8.762,7.2147,85
0,8442,8.762,7.0646,91
1,8442,8.762,7.2818,80
2,8442,8.762,7.2838,79
3,8442,8.762,7.1152,78
0,8443,8.762,7.324,78
1,8443,8.762,7.2809,79
2,8443,8.762,7.0551,90
3,8443,8.762,7.2588,77
0,8444,8.762,7.1089,84
1,8444,8.762,7.3023,84
2,8444,8.762,7.2564,82
3,8444,8.762,7.1189,78
0,8445,8.762,7.0992,79
1,8445,8.762,7.1385,84
2,8445,8.762,7.2683,82
3,8445,8.762,7.1803,88
0,8446,8.762,7.2049,85
1,8446,8.762,7.1338,88
2,8446,8.762,7.2858,82
3,8446,8.762,7.2779,85
0,8447,8.762,7.095,90
1,8447,8.762,7.2181,83
2,8447,8.762,7.0629,83
3,8447,8.762,7.3582,78
0,8448,8.762,7.3207,81
1,8448,8.762,7.0798,96
2,8448,8.762,7.2578,81
3,8448,8.762,7.2859,82
0,8449,8.762,7.2007,92
1,8449,8.762,7.3537,71
2,8449,8.762,7.2143,85
3,8449,8.762,7.3515,64
0,8450,8.762,7.1616,78
1,8450,8.762,7.1381,83
2,8450,8.762,7.2235,75
3,8450,8.762,7.3464,77
0,8451,8.762,7.3613,69
1,8451,8.762,7.1066,78
2,8451,8.762,7.2522,86
3,8451,8.762,7.1808,88
0,8452,8.762,7.1985,88
1,8452,8.762,7.3575,92
2,8452,8.762,6.9913,92
3,8452,8.762,7.2095,88
0,8453,8.762,7.1938,81
1,8453,8.762,7.094,89
2,8453,8.762,7.1666,72
3,8453,8.762,7.1865,86
0,8454,8.762,7.2803,76
1,8454,8.762,7.2718,80
2,8454,8.762,7.2022,79
3,8454,8.762,7.1213,89
0,8455,8.762,7.3413,71
1,8455,8.762,7.074,88
2,8455,8.762,7.2167,87
3,8455,8.762,7.3645,78
0,8456,8.762,7.2997,72
1,8456,8.762,7.2935,78
2,8456,8.762,7.2418,92
3,8456,8.762,7.3909,70
0,8457,8.762,7.2738,74
1,8457,8.762,7.2579,76
2,8457,8.762,7.4228,77
3,8457,8.762,7.3597,76
0,8458,8.762,6.9778,91
1,8458,8.762,7.2416,82
2,8458,8.762,7.346,73
3,8458,8.762,7.3216,77
0,8459,8.762,7.2236,84
1,8459,8.762,7.3405,79
2,8459,8.762,7.4265,67
3,8459,8.762,7.2183,79
0,8460,8.762,7.2084,87
1,8460,8.762,7.4026,74
2,8460,8.762,7.3195,69
3,8460,8.762,7.1912,82
0,8461,8.762,7.1817,81
1,8461,8.762,7.1447,96
2,8461,8.762,7.0679,84
3,8461,8.762,7.2598,74
0,8462,8.762,7.1105,70
1,8462,8.762,7.1935,84
2,8462,8.762,7.1117,84
3,8462,8.762,7.2303,95
0,8463,8.762,7.152,91
1,8463,8.762,7.213,85
2,8463,8.762,7.3192,77
3,8463,8.762,7.1034,76
0,8464,8.762,7.2257,93
1,8464,8.762,7.1677,87
2,8464,8.762,7.1331,84
3,8464,8.762,7.0823,90
0,8465,8.762,7.2462,83
1,8465,8.762,7.346,75
2,8465,8.762,7.2095,87
3,8465,8.762,7.2446,80
0,8466,8.762,7.203,89
1,8466,8.762,7.3498,85
2,8466,8.762,7.1242,87
3,8466,8.762,7.3208,81
0,8467,8.762,7.3133,80
1,8467,8.762,7.3065,74
2,8467,8.762,7.3019,84
3,8467,8.762,7.2349,85
0,8468,8.762,7.121,84
1,8468,8.762,7.1506,78
2,8468,8.762,7.2168,79
3,8468,8.762,7.385,72
0,8469,8.762,7.3156,72
1,8469,8.762,7.2189,79
2,8469,8.762,7.0962,92
3,8469,8.762,7.1832,83
0,8470,8.762,7.2326,81
1,8470,8.762,7.2479,83
2,8470,8.762,7.376,80
3,8470,8.762,7.2976,78
0,8471,8.762,7.1538,72
1,8471,8.762,7.3243,79
2,8471,8.762,7.2041,86
3,8471,8.762,7.0818,82
0,8472,8.762,7.1926,85
1,8472,8.762,7.2758,80
2,8472,8.762,7.246,77
3,8472,8.762,7.3582,86
0,8473,8.762,7.4263,76
1,8473,8.762,7.2475,81
2,8473,8.762,7.36,82
3,8473,8.762,7.2502,79
0,8474,8.762,7.0922,79
1,8474,8.762,7.2384,79
2,8474,8.762,7.2194,85
3,8474,8.762,7.2121,83
0,8475,8.762,7.2449,76
1,8475,8.762,7.3589,74
2,8475,8.762,7.1529,83
3,8475,8.762,7.2673,83
0,8476,8.762,7.2501,79
1,8476,8.762,7.1522,86
2,8476,8.762,7.2626,88
3,8476,8.762,7.3149,76
0,8477,8.762,7.3145,79
1,8477,8.762,7.3243,77
2,8477,8.762,7.3302,83
3,8477,8.762,7.155,87
0,8478,8.762,7.2336,84
1,8478,8.762,7.3968,78
2,8478,8.762,7.2834,84
3,8478,8.762,7.3223,83
0,8479,8.762,7.1193,75
1,8479,8.762,7.3468,89
2,8479,8.762,7.2381,79
3,8479,8.762,7.1665,81
0,8480,8.762,7.2643,86
1,8480,8.762,7.1924,83
2,8480,8.762,7.2555,67
3,8480,8.762,7.2999,83
0,8481,8.762,7.2073,87
1,8481,8.762,7.1761,84
2,8481,8.762,7.2214,84
3,8481,8.762,7.1736,84
0,8482,8.762,7.2428,77
1,8482,8.762,7.2144,90
2,8482,8.762,7.231,70
3,8482,8.762,7.2921,79
0,8483,8.762,7.2609,73
1,8483,8.762,7.1963,69
2,8483,8.762,7.2832,85
3,8483,8.762,7.2549,80
0,8484,8.762,7.2716,72
1,8484,8.762,7.2911,82
2,8484,8.762,7.2136,82
3,8484,8.762,7.2001,75
0,8485,8.762,7.3035,86
1,8485,8.762,7.146,92
2,8485,8.762,7.3237,81
3,8485,8.762,7.3109,70
0,8486,8.762,7.1588,80
1,8486,8.762,7.2392,85
2,8486,8.762,7.1135,79
3,8486,8.762,7.3676,75
0,8487,8.762,7.1264,89
1,8487,8.762,7.3376,88
2,8487,8.762,7.0079,86
3,8487,8.762,7.3464,71
0,8488,8.762,7.179,86
1,8488,8.762,7.0822,82
2,8488,8.762,7.1167,80
3,8488,8.762,7.2578,83
0,8489,8.762,7.1985,83
1,8489,8.762,7.2544,75
2,8489,8.762,7.2476,89
3,8489,8.762,7.2896,82
0,8490,8.762,7.2765,84
1,8490,8.762,7.2814,76
2,8490,8.762,7.2799,83
3,8490,8.762,7.3399,79
0,8491,8.762,7.0301,100
1,8491,8.762,7.1453,82
2,8491,8.762,7.227,87
3,8491,8.762,7.2298,82
0,8492,8.762,7.1619,90
1,8492,8.762,7.3359,73
2,8492,8.762,7.2952,85
3,8492,8.762,7.1833,88
0,8493,8.762,7.3104,91
1,8493,8.762,7.2451,81
2,8493,8.762,7.3566,76
3,8493,8.762,7.2404,77
0,8494,8.762,7.234,71
1,8494,8.762,7.2805,85
2,8494,8.762,7.2591,84
3,8494,8.762,7.176,82
0,8495,8.762,7.2132,89
1,8495,8.762,7.2674,81
2,8495,8.762,7.2701,76
3,8495,8.762,7.1747,79
0,8496,8.762,7.3513,74
1,8496,8.762,7.1979,73
2,8496,8.762,7.2584,87
3,8496,8.762,7.1442,80
0,8497,8.762,7.1712,86
1,8497,8.762,7.367,86
2,8497,8.762,7.2399,73
3,8497,8.762,7.1624,80
0,8498,8.762,7.1941,79
1,8498,8.762,7.229,91
2,8498,8.762,7.2509,75
3,8498,8.762,7.3089,79
0,8499,8.762,7.1776,89
1,8499,8.762,7.2122,75
2,8499,8.762,7.2432,89
3,8499,8.762,7.1322,77
0,8500,8.762,7.2378,84
1,8500,8.762,7.1712,76
2,8500,8.762,7.3666,84
3,8500,8.762,7.0241,93
0,8501,8.762,7.3691,74
1,8501,8.762,7.2489,84
2,8501,8.762,7.2637,71
3,8501,8.762,7.2005,83
0,8502,8.762,7.3842,71
1,8502,8.762,7.308,82
2,8502,8.762,7.2761,82
3,8502,8.762,7.0893,90
0,8503,8.762,7.3244,73
1,8503,8.762,7.2125,82
2,8503,8.762,7.1972,83
3,8503,8.762,7.2042,79
0,8504,8.762,7.2808,88
1,8504,8.762,7.1306,85
2,8504,8.762,7.1909,78
3,8504,8.762,7.3152,75
0,8505,8.762,7.2843,82
1,8505,8.762,7.3474,79
2,8505,8.762,7.1012,94
3,8505,8.762,7.3167,82
0,8506,8.762,7.1439,79
1,8506,8.762,7.3517,79
2,8506,8.762,7.3235,81
3,8506,8.762,7.3338,71
0,8507,8.762,7.1791,79
1,8507,8.762,7.2385,70
2,8507,8.762,7.3297,81
3,8507,8.762,7.2242,79
0,8508,8.762,7.3654,73
1,8508,8.762,7.3015,80
2,8508,8.762,7.2342,85
3,8508,8.762,7.3301,80
0,8509,8.762,7.2507,78
1,8509,8.762,7.322,79
2,8509,8.762,7.2364,90
3,8509,8.762,7.1441,79
0,8510,8.762,7.3338,81
1,8510,8.762,7.2242,83
2,8510,8.762,7.2619,88
3,8510,8.762,7.2501,79
0,8511,8.762,7.1489,83
1,8511,8.762,7.3317,83
2,8511,8.762,7.4171,89
3,8511,8.762,7.2379,81
0,8512,8.762,7.2346,83
1,8512,8.762,7.2304,79
2,8512,8.762,7.1896,86
3,8512,8.762,7.2646,79
0,8513,8.762,7.2328,84
1,8513,8.762,7.2425,81
2,8513,8.762,7.2562,79
3,8513,8.762,7.2043,83
0,8514,8.762,7.3266,77
1,8514,8.762,7.1535,81
2,8514,8.762,7.1519,89
3,8514,8.762,7.1271,84
0,8515,8.762,7.4126,78
1,8515,8.762,7.0311,84
2,8515,8.762,7.1168,89
3,8515,8.762,7.2372,81
0,8516,8.762,7.2251,72
1,8516,8.762,7.2408,79
2,8516,8.762,7.2261,80
3,8516,8.762,7.1813,82
0,8517,8.762,7.259,69
1,8517,8.762,7.1898,75
2,8517,8.762,7.3424,83
3,8517,8.762,7.2498,78
0,8518,8.762,7.1462,88
1,8518,8.762,7.2825,80
2,8518,8.762,7.1565,81
3,8518,8.762,7.3133,78
0,8519,8.762,7.1245,85
1,8519,8.762,7.2817,73
2,8519,8.762,7.238,82
3,8519,8.762,7.3247,80
0,8520,8.762,7.1648,79
1,8520,8.762,7.3394,81
2,8520,8.762,7.145,88
3,8520,8.762,7.1726,83
0,8521,8.762,7.1639,76
1,8521,8.762,7.2022,95
2,8521,8.762,6.9999,91
3,8521,8.762,7.1532,87
0,8522,8.762,7.2779,81
1,8522,8.762,7.201,81
2,8522,8.762,7.2323,75
3,8522,8.762,7.1631,91
0,8523,8.762,7.3901,73
1,8523,8.762,7.2802,83
2,8523,8.762,7.0924,91
3,8523,8.762,7.2841,76
0,8524,8.762,7.0863,91
1,8524,8.762,7.3697,78
2,8524,8.762,7.1592,85
3,8524,8.762,7.1943,74
0,8525,8.762,7.3707,70
1,8525,8.762,7.2737,86
2,8525,8.762,7.2993,84
3,8525,8.762,7.2319,74
0,8526,8.762,7.3388,75
1,8526,8.762,7.2278,84
2,8526,8.762,7.2574,76
3,8526,8.762,7.2302,90
0,8527,8.762,7.1296,75
1,8527,8.762,7.296,81
2,8527,8.762,7.0828,85
3,8527,8.762,7.1359,77
0,8528,8.762,7.2496,87
1,8528,8.762,7.2825,79
2,8528,8.762,7.2793,82
3,8528,8.762,7.1275,85
0,8529,8.762,7.2244,70
1,8529,8.762,7.206,75
2,8529,8.762,7.2664,87
3,8529,8.762,7.2789,82
0,8530,8.762,7.2803,83
1,8530,8.762,7.0185,86
2,8530,8.762,7.2602,72
3,8530,8.762,7.1696,80
0,8531,8.762,7.3674,74
1,8531,8.762,7.2887,82
2,8531,8.762,7.1856,86
3,8531,8.762,7.2692,85
0,8532,8.762,7.1824,82
1,8532,8.762,7.3604,70
2,8532,8.762,7.2911,85
3,8532,8.762,7.2035,80
0,8533,8.762,7.2328,83
1,8533,8.762,7.2207,76
2,8533,8.762,7.3479,79
3,8533,8.762,7.0616,89
0,8534,8.762,7.2609,81
1,8534,8.762,7.328,79
2,8534,8.762,7.2799,78
3,8534,8.762,7.2022,76
0,8535,8.762,7.3769,74
1,8535,8.762,7.3758,70
2,8535,8.762,7.1987,83
3,8535,8.762,7.183,81
0,8536,8.762,6.9755,93
1,8536,8.762,7.3076,77
2,8536,8.762,7.3157,77
3,8536,8.762,7.2388,86
0,8537,8.762,7.1691,88
1,8537,8.762,7.1328,84
2,8537,8.762,7.0822,88
3,8537,8.762,7.0454,96
0,8538,8.762,7.2389,72
1,8538,8.762,7.3668,75
2,8538,8.762,7.0776,81
3,8538,8.762,7.2862,88
0,8539,8.762,7.3028,78
1,8539,8.762,7.2591,81
2,8539,8.762,7.1997,86
3,8539,8.762,7.25,75
0,8540,8.762,7.2685,84
1,8540,8.762,7.2159,77
2,8540,8.762,7.1747,95
3,8540,8.762,7.0894,85
0,8541,8.762,7.2144,77
1,8541,8.762,7.3218,78
2,8541,8.762,7.2172,77
3,8541,8.762,7.208,81
0,8542,8.762,7.2157,82
1,8542,8.762,7.2319,72
2,8542,8.762,7.1782,80
3,8542,8.762,7.1231,81
0,8543,8.762,7.3887,79
1,8543,8.762,7.1264,85
2,8543,8.762,7.327,80
3,8543,8.762,7.3743,68
0,8544,8.762,7.1528,82
1,8544,8.762,7.325,79
2,8544,8.762,7.2543,74
3,8544,8.762,7.355,74
0,8545,8.762,7.3455,75
1,8545,8.762,7.2351,81
2,8545,8.762,7.312,77
3,8545,8.762,7.2872,81
0,8546,8.762,7.4137,77
1,8546,8.762,7.4047,73
2,8546,8.762,7.18,83
3,8546,8.762,7.2267,78
0,8547,8.762,7.2613,73
1,8547,8.762,7.2793,82
2,8547,8.762,7.1423,85
3,8547,8.762,7.2782,77
0,8548,8.762,7.3645,71
1,8548,8.762,7.2204,85
2,8548,8.762,7.3403,70
3,8548,8.762,7.2474,85
0,8549,8.762,7.3959,70
1,8549,8.762,7.1471,81
2,8549,8.762,7.2987,72
3,8549,8.762,7.1591,74
0,8550,8.762,7.2376,81
1,8550,8.762,7.1177,90
2,8550,8.762,7.3413,78
3,8550,8.762,7.0842,74
0,8551,8.762,7.1496,87
1,8551,8.762,7.522,71
2,8551,8.762,7.1859,78
3,8551,8.762,7.3402,74
0,8552,8.762,7.1828,84
1,8552,8.762,7.3134,82
2,8552,8.762,7.0611,80
3,8552,8.762,7.1657,91
0,8553,8.762,7.3276,72
1,8553,8.762,7.2827,74
2,8553,8.762,7.3627,83
3,8553,8.762,7.1784,83
0,8554,8.762,7.0606,85
1,8554,8.762,7.1061,81
2,8554,8.762,7.2709,78
3,8554,8.762,7.2414,85
0,8555,8.762,7.2057,82
1,8555,8.762,7.4525,68
2,8555,8.762,7.1981,83
3,8555,8.762,7.1148,80
0,8556,8.762,7.333,81
1,8556,8.762,7.3099,93
2,8556,8.762,7.3088,76
3,8556,8.762,7.2579,78
0,8557,8.762,7.1715,84
1,8557,8.762,7.2761,76
2,8557,8.762,7.1689,85
3,8557,8.762,7.377,69
0,8558,8.762,7.1466,76
1,8558,8.762,7.3201,73
2,8558,8.762,7.1551,85
3,8558,8.762,7.1602,85
0,8559,8.762,7.1888,81
1,8559,8.762,7.1634,77
2,8559,8.762,7.2469,84
3,8559,8.762,7.1621,85
0,8560,8.762,7.2518,83
1,8560,8.762,7.245,83
2,8560,8.762,7.1589,84
3,8560,8.762,7.3294,79
0,8561,8.762,7.3589,83
1,8561,8.762,7.1302,86
2,8561,8.762,7.2215,80
3,8561,8.762,7.1821,90
0,8562,8.762,7.1397,91
1,8562,8.762,7.2305,88
2,8562,8.762,7.1545,84
3,8562,8.762,7.2556,78
0,8563,8.762,7.1843,83
1,8563,8.762,7.1413,89
2,8563,8.762,7.2655,81
3,8563,8.762,7.0485,88
0,8564,8.762,7.247,78
1,8564,8.762,7.2545,82
2,8564,8.762,7.0714,86
3,8564,8.762,7.2488,80
0,8565,8.762,7.2616,82
1,8565,8.762,7.1491,73
2,8565,8.762,7.2999,83
3,8565,8.762,7.1903,93
0,8566,8.762,7.2756,86
1,8566,8.762,7.2747,77
2,8566,8.762,7.2004,78
3,8566,8.762,7.2617,73
0,8567,8.762,7.1939,81
1,8567,8.762,7.432,70
2,8567,8.762,7.4698,77
3,8567,8.762,7.2525,70
0,8568,8.762,7.0486,80
1,8568,8.762,7.1695,77
2,8568,8.762,7.1265,78
3,8568,8.762,7.1377,92
0,8569,8.762,7.3793,76
1,8569,8.762,7.1698,78
2,8569,8.762,6.9496,95
3,8569,8.762,7.2361,86
0,8570,8.762,7.2449,70
1,8570,8.762,7.42,65
2,8570,8.762,7.3744,71
3,8570,8.762,7.2712,87
0,8571,8.762,7.3058,86
1,8571,8.762,7.2129,77
2,8571,8.762,7.1952,85
3,8571,8.762,7.2092,87
0,8572,8.762,7.3689,77
1,8572,8.762,7.2349,79
2,8572,8.762,7.4009,82
3,8572,8.762,7.1456,87
0,8573,8.762,7.1334,87
1,8573,8.762,7.2256,88
2,8573,8.762,7.197,77
3,8573,8.762,7.0988,82
0,8574,8.762,6.993,91
1,8574,8.762,7.1774,84
2,8574,8.762,7.3236,77
3,8574,8.762,7.2513,86
0,8575,8.762,7.3821,75
1,8575,8.762,7.2236,82
2,8575,8.762,7.1,93
3,8575,8.762,7.3478,79
0,8576,8.762,7.3129,83
1,8576,8.762,7.2134,79
2,8576,8.762,7.39,75
3,8576,8.762,7.1596,85
0,8577,8.762,7.2323,88
1,8577,8.762,7.4384,81
2,8577,8.762,7.232,80
3,8577,8.762,7.3066,78
0,8578,8.762,7.2861,76
1,8578,8.762,7.2562,81
2,8578,8.762,7.3667,81
3,8578,8.762,7.1001,87
0,8579,8.762,7.2562,84
1,8579,8.762,7.4148,77
2,8579,8.762,7.2995,84
3,8579,8.762,7.1731,91
0,8580,8.762,7.2558,78
1,8580,8.762,7.2004,80
2,8580,8.762,7.3675,72
3,8580,8.762,7.1398,87
0,8581,8.762,7.0903,83
1,8581,8.762,7.2168,74
2,8581,8.762,7.2161,78
3,8581,8.762,7.296,80
0,8582,8.762,7.2861,77
1,8582,8.762,7.2276,76
2,8582,8.762,7.1956,79
3,8582,8.762,7.1517,88
0,8583,8.762,7.2295,72
1,8583,8.762,7.179,87
2,8583,8.762,7.1208,91
3,8583,8.762,7.1911,82
0,8584,8.762,7.1097,82
1,8584,8.762,7.2905,85
2,8584,8.762,7.2476,71
3,8584,8.762,7.2078,81
0,8585,8.762,7.3306,73
1,8585,8.762,7.2206,78
2,8585,8.762,7.3412,86
3,8585,8.762,7.2204,81
0,8586,8.762,7.2588,89
1,8586,8.762,7.094,93
2,8586,8.762,7.1296,81
3,8586,8.762,7.2595,81
0,8587,8.762,7.1405,86
1,8587,8.762,7.2018,80
2,8587,8.762,7.2609,77
3,8587,8.762,7.2553,84
0,8588,8.762,7.1779,92
1,8588,8.762,7.152,84
2,8588,8.762,7.2215,95
3,8588,8.762,7.3066,76
0,8589,8.762,7.2914,76
1,8589,8.762,7.1597,85
2,8589,8.762,7.2196,77
3,8589,8.762,7.1236,85
0,8590,8.762,7.2874,83
1,8590,8.762,7.2186,79
2,8590,8.762,7.3002,80
3,8590,8.762,7.1642,89
0,8591,8.762,7.3042,78
1,8591,8.762,7.4281,74
2,8591,8.762,7.2226,79
3,8591,8.762,7.2782,79
0,8592,8.762,7.3379,88
1,8592,8.762,7.2116,86
2,8592,8.762,7.2355,92
3,8592,8.762,7.2966,83
0,8593,8.762,7.2646,81
1,8593,8.762,7.301,84
2,8593,8.762,7.2254,90
3,8593,8.762,7.0944,88
0,8594,8.762,7.216,75
1,8594,8.762,7.3485,69
2,8594,8.762,7.3399,75
3,8594,8.762,7.1832,79
0,8595,8.762,7.2604,82
1,8595,8.762,7.2777,77
2,8595,8.762,7.3825,74
3,8595,8.762,7.3746,77
0,8596,8.762,7.2066,77
1,8596,8.762,7.1359,93
2,8596,8.762,7.3144,69
3,8596,8.762,7.1887,83
0,8597,8.762,7.1798,79
1,8597,8.762,7.1945,78
2,8597,8.762,7.3622,82
3,8597,8.762,7.185,84
0,8598,8.762,7.2034,86
1,8598,8.762,7.2419,78
2,8598,8.762,7.2484,77
3,8598,8.762,7.2406,79
0,8599,8.762,7.3144,79
1,8599,8.762,7.2758,79
2,8599,8.762,7.08,82
3,8599,8.762,7.3199,84
0,8600,8.762,7.3231,84
1,8600,8.762,7.1795,84
2,8600,8.762,7.1161,79
3,8600,8.762,7.3917,77
0,8601,8.762,7.2432,82
1,8601,8.762,7.1976,88
2,8601,8.762,7.1929,83
3,8601,8.762,7.069,82
0,8602,8.762,7.0861,85
1,8602,8.762,7.3632,84
2,8602,8.762,7.193,87
3,8602,8.762,7.2167,81
0,8603,8.762,7.1177,88
1,8603,8.762,7.3923,72
2,8603,8.762,7.3492,72
3,8603,8.762,7.2354,79
0,8604,8.762,7.384,80
1,8604,8.762,7.3692,73
2,8604,8.762,7.1383,85
3,8604,8.762,7.2839,78
0,8605,8.762,7.3882,72
1,8605,8.762,7.1507,80
2,8605,8.762,7.3967,73
3,8605,8.762,7.1917,89
0,8606,8.762,7.214,82
1,8606,8.762,7.1789,85
2,8606,8.762,7.1725,83
3,8606,8.762,7.2363,74
0,8607,8.762,7.1432,86
1,8607,8.762,7.2706,79
2,8607,8.762,7.2554,75
3,8607,8.762,7.2878,79
0,8608,8.762,7.2841,79
1,8608,8.762,7.2248,74
2,8608,8.762,7.2487,83
3,8608,8.762,7.278,78
0,8609,8.762,7.3507,78
1,8609,8.762,7.1218,86
2,8609,8.762,7.1446,85
3,8609,8.762,7.3674,73
0,8610,8.762,7.3719,79
1,8610,8.762,7.3134,73
2,8610,8.762,7.352,79
3,8610,8.762,7.2439,86
0,8611,8.762,7.2831,83
1,8611,8.762,7.1093,87
2,8611,8.762,7.2462,83
3,8611,8.762,7.2434,69
0,8612,8.762,7.181,74
1,8612,8.762,7.112,87
2,8612,8.762,7.2637,87
3,8612,8.762,7.3358,84
0,8613,8.762,7.3358,72
1,8613,8.762,7.2255,75
2,8613,8.762,7.1548,79
3,8613,8.762,7.2155,82
0,8614,8.762,7.1467,92
1,8614,8.762,7.3562,75
2,8614,8.762,7.1804,78
3,8614,8.762,7.3916,79
0,8615,8.762,7.1611,81
1,8615,8.762,6.9047,91
2,8615,8.762,7.1994,76
3,8615,8.762,7.3655,76
0,8616,8.762,7.1541,88
1,8616,8.762,7.2144,76
2,8616,8.762,7.1246,81
3,8616,8.762,7.2519,77
0,8617,8.762,7.1933,73
1,8617,8.762,7.1075,88
2,8617,8.762,7.2826,76
3,8617,8.762,7.146,88
0,8618,8.762,7.3924,68
1,8618,8.762,7.1638,88
2,8618,8.762,7.2945,89
3,8618,8.762,7.3009,86
0,8619,8.762,7.1484,91
1,8619,8.762,7.3517,79
2,8619,8.762,7.2132,80
3,8619,8.762,7.3277,79
0,8620,8.762,7.276,89
1,8620,8.762,7.3507,77
2,8620,8.762,7.205,90
3,8620,8.762,7.1526,97
0,8621,8.762,7.1372,85
1,8621,8.762,7.1065,82
2,8621,8.762,7.3869,69
3,8621,8.762,7.2249,82
0,8622,8.762,7.1993,84
1,8622,8.762,7.2672,75
2,8622,8.762,7.2202,84
3,8622,8.762,7.1403,81
0,8623,8.762,7.3679,81
1,8623,8.762,7.0781,80
2,8623,8.762,7.227,86
3,8623,8.762,7.3787,75
0,8624,8.762,7.2959,77
1,8624,8.762,7.2437,87
2,8624,8.762,7.2077,79
3,8624,8.762,7.248,86
0,8625,8.762,7.184,92
1,8625,8.762,7.3512,82
2,8625,8.762,7.122,90
3,8625,8.762,7.1683,78
0,8626,8.762,7.0954,81
1,8626,8.762,7.2577,77
2,8626,8.762,7.1986,90
3,8626,8.762,7.1931,87
0,8627,8.762,7.2621,85
1,8627,8.762,7.3706,76
2,8627,8.762,7.3334,71
3,8627,8.762,7.2094,81
0,8628,8.762,7.1932,82
1,8628,8.762,7.1967,76
2,8628,8.762,7.101,86
3,8628,8.762,7.2263,79
0,8629,8.762,7.3481,73
1,8629,8.762,7.1213,90
2,8629,8.762,7.4087,72
3,8629,8.762,7.0603,88
0,8630,8.762,7.3421,78
1,8630,8.762,7.0342,89
2,8630,8.762,7.2006,79
3,8630,8.762,7.38,73
0,8631,8.762,7.1678,90
1,8631,8.762,7.2855,87
2,8631,8.762,7.2178,87
3,8631,8.762,7.263,77
0,8632,8.762,7.2648,70
1,8632,8.762,7.223,85
2,8632,8.762,7.1731,83
3,8632,8.762,7.3646,73
0,8633,8.762,7.2988,71
1,8633,8.762,7.1576,86
2,8633,8.762,7.0389,92
3,8633,8.762,7.2533,76
0,8634,8.762,7.2654,80
1,8634,8.762,7.2773,82
2,8634,8.762,7.3559,76
3,8634,8.762,7.39,74
0,8635,8.762,7.2167,85
1,8635,8.762,7.4719,68
2,8635,8.762,7.3607,77
3,8635,8.762,7.3266,82
0,8636,8.762,7.4159,77
1,8636,8.762,7.0825,84
2,8636,8.762,7.2579,84
3,8636,8.762,7.1552,85
0,8637,8.762,7.3631,73
1,8637,8.762,7.1964,90
2,8637,8.762,7.2879,84
3,8637,8.762,7.3391,73
0,8638,8.762,7.2938,85
1,8638,8.762,7.2958,77
2,8638,8.762,7.2219,86
3,8638,8.762,7.2348,78
0,8639,8.762,7.1456,80
1,8639,8.762,7.293,89
2,8639,8.762,7.1468,82
3,8639,8.762,7.4849,76
0,8640,8.762,7.3161,76
1,8640,8.762,7.161,94
2,8640,8.762,7.3645,76
3,8640,8.762,7.2484,80
0,8641,8.762,7.3064,77
1,8641,8.762,7.1806,93
2,8641,8.762,7.3989,80
3,8641,8.762,7.1906,78
0,8642,8.762,7.3211,82
1,8642,8.762,7.379,80
2,8642,8.762,7.2603,78
3,8642,8.762,7.1835,85
0,8643,8.762,7.1504,88
1,8643,8.762,7.2964,84
2,8643,8.762,7.2478,88
3,8643,8.762,7.2277,81
0,8644,8.762,7.3023,81
1,8644,8.762,7.1241,82
2,8644,8.762,7.17,79
3,8644,8.762,7.2755,72
0,8645,8.762,7.1487,84
1,8645,8.762,7.3959,76
2,8645,8.762,7.2699,83
3,8645,8.762,7.3344,76
0,8646,8.762,7.2633,75
1,8646,8.762,7.377,83
2,8646,8.762,7.188,82
3,8646,8.762,7.3005,82
0,8647,8.762,7.2524,81
1,8647,8.762,7.2315,81
2,8647,8.762,7.2547,83
3,8647,8.762,7.2778,77
0,8648,8.762,7.4027,71
1,8648,8.762,7.2182,85
2,8648,8.762,7.1591,94
3,8648,8.762,7.2398,73
0,8649,8.762,7.2636,83
1,8649,8.762,7.2275,77
2,8649,8.762,7.2885,82
3,8649,8.762,7.2252,84
0,8650,8.762,7.124,81
1,8650,8.762,7.4532,64
2,8650,8.762,7.2526,80
3,8650,8.762,7.1456,94
0,8651,8.762,7.1763,79
1,8651,8.762,7.1034,79
2,8651,8.762,7.3162,82
3,8651,8.762,7.288,88
0,8652,8.762,7.3671,72
1,8652,8.762,7.2612,74
2,8652,8.762,7.2591,78
3,8652,8.762,7.2413,84
0,8653,8.762,7.1899,85
1,8653,8.762,7.368,80
2,8653,8.762,7.1542,79
3,8653,8.762,7.2872,82
0,8654,8.762,7.2979,80
1,8654,8.762,7.217,80
2,8654,8.762,7.2722,90
3,8654,8.762,7.1587,82
0,8655,8.762,7.1437,94
1,8655,8.762,7.2725,81
2,8655,8.762,7.3655,77
3,8655,8.762,7.2004,82
0,8656,8.762,7.3461,76
1,8656,8.762,7.3397,80
2,8656,8.762,7.3226,78
3,8656,8.762,7.118,82
0,8657,8.762,7.3211,74
1,8657,8.762,7.2854,72
2,8657,8.762,7.2575,81
3,8657,8.762,7.2298,82
0,8658,8.762,7.2288,88
1,8658,8.762,7.2346,80
2,8658,8.762,7.3258,83
3,8658,8.762,7.262,86
0,8659,8.762,7.1837,80
1,8659,8.762,7.2064,89
2,8659,8.762,7.4408,76
3,8659,8.762,7.104,83
0,8660,8.762,7.0867,84
1,8660,8.762,7.2673,76
2,8660,8.762,7.1804,83
3,8660,8.762,7.2026,85
0,8661,8.762,7.3742,81
1,8661,8.762,7.448,84
2,8661,8.762,7.2806,85
3,8661,8.762,7.0889,91
0,8662,8.762,7.2392,82
1,8662,8.762,7.0987,85
2,8662,8.762,7.1501,79
3,8662,8.762,7.2298,79
0,8663,8.762,7.4162,73
1,8663,8.762,7.2045,82
2,8663,8.762,7.232,81
3,8663,8.762,7.1491,94
0,8664,8.762,7.2382,82
1,8664,8.762,7.2722,80
2,8664,8.762,7.2912,78
3,8664,8.762,7.2468,95
0,8665,8.762,7.0849,88
1,8665,8.762,7.2624,82
2,8665,8.762,7.0725,88
3,8665,8.762,7.3015,87
0,8666,8.762,7.2785,83
1,8666,8.762,7.2484,91
2,8666,8.762,7.334,83
3,8666,8.762,7.2962,79
0,8667,8.762,7.3242,90
1,8667,8.762,7.1464,93
2,8667,8.762,7.2376,79
3,8667,8.762,7.1578,84
0,8668,8.762,7.3208,76
1,8668,8.762,7.1322,87
2,8668,8.762,7.2403,84
3,8668,8.762,7.4062,76
0,8669,8.762,7.0995,86
1,8669,8.762,7.09,94
2,8669,8.762,7.2759,81
3,8669,8.762,7.1414,90
0,8670,8.762,7.2223,83
1,8670,8.762,7.0606,84
2,8670,8.762,7.1364,91
3,8670,8.762,7.2642,75
0,8671,8.762,7.2608,80
1,8671,8.762,7.3046,81
2,8671,8.762,7.2175,82
3,8671,8.762,7.2222,78
0,8672,8.762,7.2165,86
1,8672,8.762,7.0473,95
2,8672,8.762,7.2361,82
3,8672,8.762,7.3631,81
0,8673,8.762,7.265,86
1,8673,8.762,7.136,83
2,8673,8.762,7.1351,78
3,8673,8.762,7.3636,68
0,8674,8.762,6.9908,91
1,8674,8.762,7.281,79
2,8674,8.762,7.33,82
3,8674,8.762,7.1759,94
0,8675,8.762,7.2374,75
1,8675,8.762,7.2935,76
2,8675,8.762,7.3265,78
3,8675,8.762,7.3006,78
0,8676,8.762,7.2922,85
1,8676,8.762,7.2718,79
2,8676,8.762,7.3873,75
3,8676,8.762,7.1946,81
0,8677,8.762,7.1764,81
1,8677,8.762,7.2324,71
2,8677,8.762,7.2039,70
3,8677,8.762,7.3378,82
0,8678,8.762,7.2032,89
1,8678,8.762,7.2195,77
2,8678,8.762,7.3847,73
3,8678,8.762,7.1908,81
0,8679,8.762,7.0906,75
1,8679,8.762,7.1749,87
2,8679,8.762,7.2732,78
3,8679,8.762,7.3254,75
0,8680,8.762,7.2727,76
1,8680,8.762,7.3124,69
2,8680,8.762,7.4059,76
3,8680,8.762,7.1197,87
0,8681,8.762,7.2773,78
1,8681,8.762,7.1998,84
2,8681,8.762,7.2787,74
3,8681,8.762,7.3451,80
0,8682,8.762,7.3119,80
1,8682,8.762,7.2528,85
2,8682,8.762,7.1809,80
3,8682,8.762,7.2331,83
0,8683,8.762,7.3481,82
1,8683,8.762,7.1411,83
2,8683,8.762,7.3107,87
3,8683,8.762,7.423,80
0,8684,8.762,7.1218,75
1,8684,8.762,7.0873,88
2,8684,8.762,7.135,84
3,8684,8.762,7.2318,80
0,8685,8.762,7.1686,88
1,8685,8.762,7.3892,82
2,8685,8.762,7.2783,83
3,8685,8.762,7.1897,88
0,8686,8.762,7.2107,82
1,8686,8.762,7.1137,79
2,8686,8.762,7.3933,82
3,8686,8.762,7.264,87
0,8687,8.762,7.0777,80
1,8687,8.762,7.1674,87
2,8687,8.762,7.1571,82
3,8687,8.762,7.2005,84
0,8688,8.762,7.4155,77
1,8688,8.762,7.2229,81
2,8688,8.762,7.2851,85
3,8688,8.762,7.2343,80
0,8689,8.762,7.1863,84
1,8689,8.762,7.1996,77
2,8689,8.762,7.1481,84
3,8689,8.762,7.2854,78
0,8690,8.762,7.1851,81
1,8690,8.762,7.1651,77
2,8690,8.762,7.3527,72
3,8690,8.762,7.3074,73
0,8691,8.762,7.2778,77
1,8691,8.762,7.1558,81
2,8691,8.762,7.3606,77
3,8691,8.762,7.2323,76
0,8692,8.762,7.1088,86
1,8692,8.762,7.3055,73
2,8692,8.762,7.3204,77
3,8692,8.762,7.2468,82
0,8693,8.762,7.0789,82
1,8693,8.762,7.268,78
2,8693,8.762,7.2733,79
3,8693,8.762,7.2463,79
0,8694,8.762,7.151,79
1,8694,8.762,7.2675,80
2,8694,8.762,7.1665,88
3,8694,8.762,7.3446,80
0,8695,8.762,7.3159,82
1,8695,8.762,7.2184,86
2,8695,8.762,7.3967,71
3,8695,8.762,7.3743,75
0,8696,8.762,7.1989,74
1,8696,8.762,7.3224,79
2,8696,8.762,7.2198,94
3,8696,8.762,7.3266,73
0,8697,8.762,7.3422,85
1,8697,8.762,7.3148,79
2,8697,8.762,7.2898,91
3,8697,8.762,7.241,82
0,8698,8.762,7.259,84
1,8698,8.762,7.3612,85
2,8698,8.762,7.2694,76
3,8698,8.762,7.3154,77
0,8699,8.762,7.1324,74
1,8699,8.762,7.0842,93
2,8699,8.762,7.0979,93
3,8699,8.762,7.2356,70
0,8700,8.762,7.1642,90
1,8700,8.762,7.2739,75
2,8700,8.762,7.2341,79
3,8700,8.762,7.0633,91
0,8701,8.762,7.335,79
1,8701,8.762,7.3235,71
2,8701,8.762,7.3684,78
3,8701,8.762,7.1002,76
0,8702,8.762,7.2387,83
1,8702,8.762,7.1882,79
2,8702,8.762,7.0708,82
3,8702,8.762,7.3863,70
0,8703,8.762,7.3783,72
1,8703,8.762,7.2147,84
2,8703,8.762,7.4081,81
3,8703,8.762,7.3088,80
0,8704,8.762,7.1747,85
1,8704,8.762,7.3253,74
2,8704,8.762,7.1477,82
3,8704,8.762,7.2443,75
0,8705,8.762,7.3677,80
1,8705,8.762,7.3166,80
2,8705,8.762,7.1928,84
3,8705,8.762,7.1547,85
0,8706,8.762,7.2435,83
1,8706,8.762,7.2261,70
2,8706,8.762,7.3595,82
3,8706,8.762,7.303,80
0,8707,8.762,7.3086,90
1,8707,8.762,7.2638,81
2,8707,8.762,7.2224,82
3,8707,8.762,7.2547,74
0,8708,8.762,7.3106,80
1,8708,8.762,7.1816,81
2,8708,8.762,7.3192,77
3,8708,8.762,7.3171,73
0,8709,8.762,7.3798,72
1,8709,8.762,7.1944,80
2,8709,8.762,7.1861,89
3,8709,8.762,7.2126,81
0,8710,8.762,7.2287,76
1,8710,8.762,7.2576,71
2,8710,8.762,7.3599,82
3,8710,8.762,7.1159,91
0,8711,8.762,7.2712,77
1,8711,8.762,7.3119,77
2,8711,8.762,7.2905,74
3,8711,8.762,7.3474,77
0,8712,8.762,7.2692,83
1,8712,8.762,7.2989,83
2,8712,8.762,7.0679,86
3,8712,8.762,7.2539,70
0,8713,8.762,7.388,73
1,8713,8.762,7.1992,81
2,8713,8.762,7.291,87
3,8713,8.762,7.3374,81
0,8714,8.762,7.1224,87
1,8714,8.762,7.3918,77
2,8714,8.762,7.2136,89
3,8714,8.762,7.182,88
0,8715,8.762,7.2658,70
1,8715,8.762,7.2383,76
2,8715,8.762,7.2236,82
3,8715,8.762,7.1704,82
0,8716,8.762,7.316,74
1,8716,8.762,7.1747,84
2,8716,8.762,7.2648,76
3,8716,8.762,7.1311,80
0,8717,8.762,7.1731,88
1,8717,8.762,7.2446,82
2,8717,8.762,7.2787,68
3,8717,8.762,7.2379,78
0,8718,8.762,7.1913,85
1,8718,8.762,7.0706,93
2,8718,8.762,7.153,88
3,8718,8.762,7.186,74
0,8719,8.762,6.9548,82
1,8719,8.762,7.4009,74
2,8719,8.762,7.3414,77
3,8719,8.762,7.2638,78
0,8720,8.762,7.2866,82
1,8720,8.762,7.2623,71
2,8720,8.762,7.1517,87
3,8720,8.762,7.2344,76
0,8721,8.762,7.279,87
1,8721,8.762,7.1131,84
2,8721,8.762,7.2703,80
3,8721,8.762,7.4205,77
0,8722,8.762,7.18,75
1,8722,8.762,7.3106,77
2,8722,8.762,7.1413,81
3,8722,8.762,7.2956,85
0,8723,8.762,7.222,85
1,8723,8.762,7.3358,84
2,8723,8.762,7.2553,83
3,8723,8.762,7.3548,77
0,8724,8.762,7.4427,72
1,8724,8.762,7.3811,83
2,8724,8.762,7.2675,82
3,8724,8.762,7.0343,85
0,8725,8.762,7.3046,83
1,8725,8.762,7.2065,89
2,8725,8.762,7.1433,87
3,8725,8.762,7.2549,81
0,8726,8.762,7.3081,87
1,8726,8.762,7.3693,73
2,8726,8.762,7.2666,81
3,8726,8.762,7.2975,75
0,8727,8.762,7.3562,74
1,8727,8.762,7.2064,73
2,8727,8.762,7.1762,82
3,8727,8.762,7.3899,76
0,8728,8.762,7.3715,70
1,8728,8.762,7.1953,76
2,8728,8.762,7.3593,81
3,8728,8.762,7.2478,86
0,8729,8.762,7.335,75
1,8729,8.762,7.1804,82
2,8729,8.762,7.0534,82
3,8729,8.762,7.1982,83
0,8730,8.762,7.2068,96
1,8730,8.762,7.2699,81
2,8730,8.762,7.2095,78
3,8730,8.762,7.2915,76
0,8731,8.762,7.2987,79
1,8731,8.762,7.1572,87
2,8731,8.762,7.276,88
3,8731,8.762,7.1501,82
0,8732,8.762,7.0905,91
1,8732,8.762,7.2531,80
2,8732,8.762,7.2482,81
3,8732,8.762,7.1502,89
0,8733,8.762,7.1959,85
1,8733,8.762,7.2889,77
2,8733,8.762,7.2883,78
3,8733,8.762,7.2084,89
0,8734,8.762,7.2694,82
1,8734,8.762,7.2391,87
2,8734,8.762,7.1965,82
3,8734,8.762,7.3545,75
0,8735,8.762,7.3156,69
1,8735,8.762,7.3157,76
2,8735,8.762,7.2163,81
3,8735,8.762,7.2562,76
0,8736,8.762,7.3122,74
1,8736,8.762,7.3001,70
2,8736,8.762,7.1659,79
3,8736,8.762,7.4725,74
0,8737,8.762,7.1969,79
1,8737,8.762,7.1608,87
2,8737,8.762,7.1928,80
3,8737,8.762,7.2727,83
0,8738,8.762,7.1582,85
1,8738,8.762,7.3458,75
2,8738,8.762,7.3556,81
3,8738,8.762,7.2982,79
0,8739,8.762,7.2047,86
1,8739,8.762,7.3511,79
2,8739,8.762,7.2827,82
3,8739,8.762,7.3017,79
0,8740,8.762,7.1009,84
1,8740,8.762,7.1019,81
2,8740,8.762,6.9688,97
3,8740,8.762,7.2796,85
0,8741,8.762,7.2556,74
1,8741,8.762,7.0553,89
2,8741,8.762,7.2916,74
3,8741,8.762,7.3256,79
0,8742,8.762,7.0434,79
1,8742,8.762,7.2086,89
2,8742,8.762,7.2094,77
3,8742,8.762,7.0753,73
0,8743,8.762,7.3087,77
1,8743,8.762,7.2833,73
2,8743,8.762,7.1655,78
3,8743,8.762,7.1858,71
0,8744,8.762,7.2503,72
1,8744,8.762,7.2686,82
2,8744,8.762,7.0756,82
3,8744,8.762,7.1678,89
0,8745,8.762,7.2717,81
1,8745,8.762,7.2296,88
2,8745,8.762,7.3315,79
3,8745,8.762,7.3555,79
0,8746,8.762,7.2821,74
1,8746,8.762,7.3828,71
2,8746,8.762,7.1491,85
3,8746,8.762,7.4522,79
0,8747,8.762,7.3076,72
1,8747,8.762,7.194,80
2,8747,8.762,7.1312,83
3,8747,8.762,7.3536,78
0,8748,8.762,7.0945,84
1,8748,8.762,7.1418,88
2,8748,8.762,7.0965,95
3,8748,8.762,7.2223,88
0,8749,8.762,7.1456,81
1,8749,8.762,7.2471,90
2,8749,8.762,7.0769,89
3,8749,8.762,7.3638,77
0,8750,8.762,7.2423,78
1,8750,8.762,7.3265,76
2,8750,8.762,7.2676,77
3,8750,8.762,7.1186,95
0,8751,8.762,7.1527,94
1,8751,8.762,7.1983,86
2,8751,8.762,7.2093,79
3,8751,8.762,7.2961,86
0,8752,8.762,7.2574,78
1,8752,8.762,7.2397,83
2,8752,8.762,7.3013,78
3,8752,8.762,7.1191,86
0,8753,8.762,7.386,70
1,8753,8.762,7.2818,75
2,8753,8.762,7.3141,78
3,8753,8.762,7.1529,80
0,8754,8.762,7.3849,71
1,8754,8.762,7.2301,73
2,8754,8.762,7.1509,83
3,8754,8.762,7.3521,65
0,8755,8.762,7.1878,88
1,8755,8.762,7.2404,75
2,8755,8.762,7.2159,87
3,8755,8.762,7.1186,81
0,8756,8.762,7.1877,87
1,8756,8.762,7.3933,82
2,8756,8.762,7.0413,81
3,8756,8.762,7.2409,76
0,8757,8.762,7.3028,77
1,8757,8.762,7.1703,95
2,8757,8.762,7.0628,81
3,8757,8.762,7.0258,90
0,8758,8.762,7.1114,87
1,8758,8.762,7.1841,84
2,8758,8.762,7.4629,74
3,8758,8.762,7.2297,90
0,8759,8.762,7.201,85
1,8759,8.762,7.1584,72
2,8759,8.762,7.2512,73
3,8759,8.762,7.2409,80
0,8760,8.762,7.122,86
1,8760,8.762,7.2631,75
2,8760,8.762,7.2783,76
3,8760,8.762,7.1716,84
0,8761,8.762,7.3104,78
1,8761,8.762,7.3769,76
2,8761,8.762,7.2852,74
3,8761,8.762,7.2191,79
0,8762,8.762,7.273,84
1,8762,8.762,7.3643,80
2,8762,8.762,7.2065,74
3,8762,8.762,7.2639,85
0,8763,8.762,7.2208,81
1,8763,8.762,7.2268,82
2,8763,8.762,7.2833,88
3,8763,8.762,7.2277,84
0,8764,8.762,7.2214,89
1,8764,8.762,7.3603,77
2,8764,8.762,7.3394,76
3,8764,8.762,7.259,77
0,8765,8.762,7.3071,75
1,8765,8.762,7.1216,87
2,8765,8.762,7.3018,80
3,8765,8.762,7.2711,86
0,8766,8.762,7.0431,87
1,8766,8.762,7.4564,73
2,8766,8.762,7.2769,86
3,8766,8.762,7.3232,80
0,8767,8.762,7.2297,76
1,8767,8.762,7.2267,84
2,8767,8.762,7.0999,90
3,8767,8.762,7.1735,83
0,8768,8.762,7.2923,81
1,8768,8.762,7.0379,88
2,8768,8.762,7.3667,77
3,8768,8.762,7.125,87
0,8769,8.762,7.0177,83
1,8769,8.762,7.2591,81
2,8769,8.762,7.1512,75
3,8769,8.762,7.277,78
0,8770,8.762,7.2102,81
1,8770,8.762,7.2239,81
2,8770,8.762,7.2926,81
3,8770,8.762,7.3164,66
0,8771,8.762,7.1809,78
1,8771,8.762,7.1899,79
2,8771,8.762,7.2741,80
3,8771,8.762,7.373,72
0,8772,8.762,7.2616,84
1,8772,8.762,7.2885,74
2,8772,8.762,7.2654,82
3,8772,8.762,7.398,78
0,8773,8.762,7.3456,82
1,8773,8.762,7.3007,81
2,8773,8.762,7.1635,86
3,8773,8.762,7.175,88
0,8774,8.762,7.128,85
1,8774,8.762,7.2979,73
2,8774,8.762,7.291,88
3,8774,8.762,7.3995,79
0,8775,8.762,7.2667,88
1,8775,8.762,7.2522,75
2,8775,8.762,7.1423,83
3,8775,8.762,7.2633,69
0,8776,8.762,7.2813,86
1,8776,8.762,7.2698,79
2,8776,8.762,7.2198,86
3,8776,8.762,7.2941,70
0,8777,8.762,7.1634,92
1,8777,8.762,7.479,67
2,8777,8.762,7.2248,84
3,8777,8.762,7.2301,79
0,8778,8.762,7.3431,82
1,8778,8.762,7.2221,79
2,8778,8.762,7.2106,92
3,8778,8.762,7.2484,89
0,8779,8.762,7.4605,74
1,8779,8.762,7.1084,87
2,8779,8.762,7.0886,87
3,8779,8.762,7.1468,85
0,8780,8.762,7.2025,85
1,8780,8.762,7.3169,79
2,8780,8.762,7.3547,80
3,8780,8.762,7.1345,87
0,8781,8.762,7.1462,88
1,8781,8.762,7.2505,85
2,8781,8.762,7.0843,91
3,8781,8.762,7.2062,83
0,8782,8.762,7.2855,77
1,8782,8.762,7.2311,77
2,8782,8.762,7.1724,82
3,8782,8.762,6.9983,87
0,8783,8.762,7.2273,72
1,8783,8.762,7.254,86
2,8783,8.762,7.3351,70
3,8783,8.762,7.2717,84
0,8784,8.762,7.233,76
1,8784,8.762,7.0618,82
2,8784,8.762,7.4564,76
3,8784,8.762,7.1173,93
0,8785,8.762,7.2552,77
1,8785,8.762,7.1835,80
2,8785,8.762,7.2265,75
3,8785,8.762,7.2498,81
0,8786,8.762,7.3602,73
1,8786,8.762,7.1907,88
2,8786,8.762,7.1405,86
3,8786,8.762,7.1392,92
0,8787,8.762,7.3437,81
1,8787,8.762,7.3512,74
2,8787,8.762,7.3058,76
3,8787,8.762,7.1603,86
0,8788,8.762,7.3493,70
1,8788,8.762,7.299,89
2,8788,8.762,7.3033,74
3,8788,8.762,7.2625,72
0,8789,8.762,7.2201,74
1,8789,8.762,7.0828,85
2,8789,8.762,7.2469,81
3,8789,8.762,7.2273,77
0,8790,8.762,7.2171,87
1,8790,8.762,7.201,83
2,8790,8.762,7.1247,88
3,8790,8.762,7.1463,83
0,8791,8.762,7.3796,82
1,8791,8.762,7.2642,76
2,8791,8.762,7.2917,77
3,8791,8.762,7.2266,73
0,8792,8.762,7.4123,67
1,8792,8.762,7.2323,95
2,8792,8.762,7.0992,82
3,8792,8.762,7.2028,86
0,8793,8.762,7.2419,86
1,8793,8.762,7.1888,77
2,8793,8.762,7.1348,91
3,8793,8.762,7.104,91
0,8794,8.762,7.3709,79
1,8794,8.762,7.2033,81
2,8794,8.762,7.2041,77
3,8794,8.762,7.0545,97
0,8795,8.762,7.2776,82
1,8795,8.762,7.2494,89
2,8795,8.762,7.3283,76
3,8795,8.762,7.2032,80
0,8796,8.762,7.392,73
1,8796,8.762,7.2507,90
2,8796,8.762,7.1504,86
3,8796,8.762,7.252,79
0,8797,8.762,7.2547,81
1,8797,8.762,7.1557,80
2,8797,8.762,7.2822,77
3,8797,8.762,7.1856,90
0,8798,8.762,7.0966,72
1,8798,8.762,7.3607,78
2,8798,8.762,7.2044,81
3,8798,8.762,7.271,84
0,8799,8.762,7.343,81
1,8799,8.762,7.3912,75
2,8799,8.762,7.3018,77
3,8799,8.762,7.2691,82
0,8800,8.762,7.2931,60
1,8800,8.762,7.2645,72
2,8800,8.762,7.3847,80
3,8800,8.762,7.3079,84
0,8801,8.762,7.2817,73
1,8801,8.762,7.318,80
2,8801,8.762,7.3077,82
3,8801,8.762,7.1631,84
0,8802,8.762,7.3165,79
1,8802,8.762,7.1858,74
2,8802,8.762,7.1415,88
3,8802,8.762,7.3095,86
0,8803,8.762,7.3726,78
1,8803,8.762,7.2332,88
2,8803,8.762,7.3171,79
3,8803,8.762,7.3436,81
0,8804,8.762,7.0358,84
1,8804,8.762,7.4114,66
2,8804,8.762,7.1521,83
3,8804,8.762,7.3144,80
0,8805,8.762,7.1831,79
1,8805,8.762,7.2936,79
2,8805,8.762,7.2104,81
3,8805,8.762,7.2516,85
0,8806,8.762,7.1459,94
1,8806,8.762,7.2377,78
2,8806,8.762,7.3728,71
3,8806,8.762,7.2056,78
0,8807,8.762,7.1196,84
1,8807,8.762,7.4444,73
2,8807,8.762,7.0588,97
3,8807,8.762,7.184,95
0,8808,8.762,7.1887,84
1,8808,8.762,7.2778,76
2,8808,8.762,7.084,89
3,8808,8.762,7.1862,85
0,8809,8.762,7.4007,78
1,8809,8.762,6.9316,98
2,8809,8.762,7.1173,86
3,8809,8.762,7.2,90
0,8810,8.762,7.4076,76
1,8810,8.762,7.3209,85
2,8810,8.762,7.3515,68
3,8810,8.762,7.0558,88
0,8811,8.762,7.285,81
1,8811,8.762,7.2034,78
2,8811,8.762,7.2587,91
3,8811,8.762,7.2265,83
0,8812,8.762,7.0592,86
1,8812,8.762,7.2611,93
2,8812,8.762,7.16,84
3,8812,8.762,7.2433,84
0,8813,8.762,7.2078,78
1,8813,8.762,7.1351,90
2,8813,8.762,7.2167,80
3,8813,8.762,7.1969,83
0,8814,8.762,7.4247,73
1,8814,8.762,7.4125,72
2,8814,8.762,7.2134,84
3,8814,8.762,7.2368,79
0,8815,8.762,7.0531,79
1,8815,8.762,7.2779,86
2,8815,8.762,7.2658,74
3,8815,8.762,7.2997,66
0,8816,8.762,7.2027,88
1,8816,8.762,7.2209,76
2,8816,8.762,7.3535,76
3,8816,8.762,7.1355,90
0,8817,8.762,7.1734,84
1,8817,8.762,7.1912,87
2,8817,8.762,7.3335,80
3,8817,8.762,7.1519,84
0,8818,8.762,7.1726,84
1,8818,8.762,7.0907,83
2,8818,8.762,7.2144,72
3,8818,8.762,7.0815,96
0,8819,8.762,7.1357,79
1,8819,8.762,7.2607,75
2,8819,8.762,7.2523,81
3,8819,8.762,7.3115,73
0,8820,8.762,7.0873,84
1,8820,8.762,7.2077,85
2,8820,8.762,7.2321,78
3,8820,8.762,7.1883,75
0,8821,8.762,7.1759,93
1,8821,8.762,7.1994,88
2,8821,8.762,7.3457,74
3,8821,8.762,7.1603,90
0,8822,8.762,7.3199,79
1,8822,8.762,7.145,89
2,8822,8.762,7.1623,83
3,8822,8.762,7.3205,81
0,8823,8.762,7.1291,82
1,8823,8.762,7.2858,83
2,8823,8.762,7.2295,82
3,8823,8.762,7.2666,77
0,8824,8.762,7.1866,85
1,8824,8.762,7.2639,69
2,8824,8.762,7.2173,75
3,8824,8.762,7.3231,84
0,8825,8.762,7.3682,68
1,8825,8.762,7.2482,84
2,8825,8.762,7.252,87
3,8825,8.762,7.1769,79
0,8826,8.762,7.189,80
1,8826,8.762,7.1627,84
2,8826,8.762,7.2031,85
3,8826,8.762,7.1908,78
0,8827,8.762,7.2608,82
1,8827,8.762,7.313,78
2,8827,8.762,7.3847,73
3,8827,8.762,7.1344,83
0,8828,8.762,7.315,81
1,8828,8.762,7.259,81
2,8828,8.762,7.3834,75
3,8828,8.762,7.3163,79
0,8829,8.762,7.2324,79
1,8829,8.762,7.2833,78
2,8829,8.762,7.1743,78
3,8829,8.762,7.2509,78
0,8830,8.762,7.3095,78
1,8830,8.762,7.2459,81
2,8830,8.762,7.2783,77
3,8830,8.762,7.3419,86
0,8831,8.762,7.2499,83
1,8831,8.762,7.2369,82
2,8831,8.762,7.4203,72
3,8831,8.762,7.3582,75
0,8832,8.762,7.3372,80
1,8832,8.762,7.2379,69
2,8832,8.762,7.1838,75
3,8832,8.762,7.19,84
0,8833,8.762,7.1396,87
1,8833,8.762,7.1772,82
2,8833,8.762,7.2733,73
3,8833,8.762,7.2966,84
0,8834,8.762,7.2365,83
1,8834,8.762,7.1803,76
2,8834,8.762,7.1831,90
3,8834,8.762,7.2151,79
0,8835,8.762,7.2272,95
1,8835,8.762,7.1773,74
2,8835,8.762,7.1629,85
3,8835,8.762,7.2899,77
0,8836,8.762,7.3259,82
1,8836,8.762,7.2508,74
2,8836,8.762,7.3563,73
3,8836,8.762,7.2406,85
0,8837,8.762,7.1847,87
1,8837,8.762,7.1308,77
2,8837,8.762,7.1638,77
3,8837,8.762,7.4081,73
0,8838,8.762,7.2429,80
1,8838,8.762,7.2001,82
2,8838,8.762,7.1914,82
3,8838,8.762,7.2107,77
0,8839,8.762,7.2643,87
1,8839,8.762,7.0551,80
2,8839,8.762,7.3483,76
3,8839,8.762,7.1819,83
0,8840,8.762,7.2036,87
1,8840,8.762,7.2104,76
2,8840,8.762,7.3282,85
3,8840,8.762,7.3179,85
0,8841,8.762,7.2103,85
1,8841,8.762,7.0045,93
2,8841,8.762,7.2356,84
3,8841,8.762,7.342,79
0,8842,8.762,7.2047,90
1,8842,8.762,7.2049,79
2,8842,8.762,7.1594,91
3,8842,8.762,7.1803,88
0,8843,8.762,7.2998,77
1,8843,8.762,7.1083,85
2,8843,8.762,7.1428,83
3,8843,8.762,7.3586,84
0,8844,8.762,7.2589,86
1,8844,8.762,7.395,77
2,8844,8.762,7.2134,84
3,8844,8.762,7.0996,87
0,8845,8.762,7.398,79
1,8845,8.762,7.3092,87
2,8845,8.762,7.2456,74
3,8845,8.762,7.4183,79
0,8846,8.762,7.207,93
1,8846,8.762,7.1255,87
2,8846,8.762,7.4182,74
3,8846,8.762,7.1993,78
0,8847,8.762,7.2745,85
1,8847,8.762,7.2523,84
2,8847,8.762,7.2697,75
3,8847,8.762,7.3259,70
0,8848,8.762,7.2884,80
1,8848,8.762,7.3544,85
2,8848,8.762,7.3421,69
3,8848,8.762,7.1798,94
0,8849,8.762,7.1784,87
1,8849,8.762,7.253,84
2,8849,8.762,7.3153,72
3,8849,8.762,7.3444,74
0,8850,8.762,7.1398,87
1,8850,8.762,7.3497,85
2,8850,8.762,7.2294,78
3,8850,8.762,7.3047,75
0,8851,8.762,7.0882,78
1,8851,8.762,7.1836,91
2,8851,8.762,7.1881,84
3,8851,8.762,7.2823,80
0,8852,8.762,7.1882,80
1,8852,8.762,7.1824,84
2,8852,8.762,7.2317,82
3,8852,8.762,7.3098,78
0,8853,8.762,7.2258,84
1,8853,8.762,7.2245,83
2,8853,8.762,7.3824,76
3,8853,8.762,7.2461,79
0,8854,8.762,7.2245,87
1,8854,8.762,7.4035,75
2,8854,8.762,7.1444,81
3,8854,8.762,7.2621,80
0,8855,8.762,7.2032,94
1,8855,8.762,7.1603,80
2,8855,8.762,7.3828,73
3,8855,8.762,7.3315,79
0,8856,8.762,7.2116,84
1,8856,8.762,7.385,76
2,8856,8.762,7.1309,74
3,8856,8.762,7.2059,81
0,8857,8.762,7.2068,85
1,8857,8.762,7.342,75
2,8857,8.762,7.151,79
3,8857,8.762,7.2829,85
0,8858,8.762,7.1443,81
1,8858,8.762,7.143,82
2,8858,8.762,7.2914,80
3,8858,8.762,7.2273,84
0,8859,8.762,7.2814,77
1,8859,8.762,7.3697,75
2,8859,8.762,7.2824,81
3,8859,8.762,7.1532,90
0,8860,8.762,7.2397,77
1,8860,8.762,7.3473,83
2,8860,8.762,7.3224,74
3,8860,8.762,7.0645,89
0,8861,8.762,7.3228,75
1,8861,8.762,7.2789,80
2,8861,8.762,7.0943,93
3,8861,8.762,7.1968,85
0,8862,8.762,7.2093,87
1,8862,8.762,7.3592,80
2,8862,8.762,7.1075,84
3,8862,8.762,7.0368,103
0,8863,8.762,7.2099,85
1,8863,8.762,7.2443,80
2,8863,8.762,7.2306,90
3,8863,8.762,7.2803,80
0,8864,8.762,7.3049,81
1,8864,8.762,7.1103,86
2,8864,8.762,7.2172,75
3,8864,8.762,7.2906,76
0,8865,8.762,7.0862,94
1,8865,8.762,7.2361,78
2,8865,8.762,7.2576,75
3,8865,8.762,7.2255,83
0,8866,8.762,7.2331,77
1,8866,8.762,7.2832,80
2,8866,8.762,7.2243,82
3,8866,8.762,7.2575,84
0,8867,8.762,7.3789,78
1,8867,8.762,7.1582,79
2,8867,8.762,7.2896,82
3,8867,8.762,7.3319,78
0,8868,8.762,7.2543,82
1,8868,8.762,7.3151,79
2,8868,8.762,7.3896,77
3,8868,8.762,7.1932,80
0,8869,8.762,7.2556,91
1,8869,8.762,7.1536,88
2,8869,8.762,7.273,87
3,8869,8.762,7.1246,77
0,8870,8.762,7.2223,80
1,8870,8.762,7.183,81
2,8870,8.762,7.2816,79
3,8870,8.762,7.3582,81
0,8871,8.762,7.1354,73
1,8871,8.762,7.114,90
2,8871,8.762,7.2696,79
3,8871,8.762,7.2941,85
0,8872,8.762,7.0836,80
1,8872,8.762,7.2909,68
2,8872,8.762,7.3431,70
3,8872,8.762,7.121,93
0,8873,8.762,7.1286,91
1,8873,8.762,7.5207,69
2,8873,8.762,7.2102,91
3,8873,8.762,7.1928,91
0,8874,8.762,7.2623,88
1,8874,8.762,7.2348,81
2,8874,8.762,7.3013,73
3,8874,8.762,7.3396,84
0,8875,8.762,7.3236,74
1,8875,8.762,7.257,70
2,8875,8.762,7.3073,76
3,8875,8.762,7.1655,76
0,8876,8.762,7.1604,79
1,8876,8.762,7.3119,71
2,8876,8.762,7.2424,79
3,8876,8.762,7.2411,93
0,8877,8.762,7.1664,75
1,8877,8.762,7.0998,76
2,8877,8.762,7.2223,82
3,8877,8.762,7.2249,82
0,8878,8.762,7.3661,77
1,8878,8.762,7.2951,79
2,8878,8.762,7.3683,68
3,8878,8.762,7.359,75
0,8879,8.762,7.1558,81
1,8879,8.762,7.2933,89
2,8879,8.762,7.328,76
3,8879,8.762,7.2228,76
0,8880,8.762,7.2698,85
1,8880,8.762,7.2397,87
2,8880,8.762,7.204,82
3,8880,8.762,7.1914,89
0,8881,8.762,7.0706,95
1,8881,8.762,7.1007,87
2,8881,8.762,7.196,90
3,8881,8.762,7.2219,78
0,8882,8.762,7.3727,81
1,8882,8.762,7.2507,85
2,8882,8.762,7.1923,76
3,8882,8.762,7.1162,89
0,8883,8.762,7.1298,83
1,8883,8.762,7.1528,88
2,8883,8.762,7.0677,93
3,8883,8.762,7.1603,100
0,8884,8.762,7.2752,84
1,8884,8.762,7.2221,80
2,8884,8.762,7.2381,78
3,8884,8.762,7.1052,87
0,8885,8.762,7.2028,81
1,8885,8.762,7.2451,77
2,8885,8.762,7.1789,79
3,8885,8.762,7.3373,77
0,8886,8.762,7.326,87
1,8886,8.762,7.1875,81
2,8886,8.762,7.2042,83
3,8886,8.762,7.2828,74
0,8887,8.762,7.2876,81
1,8887,8.762,7.0686,93
2,8887,8.762,7.2671,80
3,8887,8.762,7.1993,89
0,8888,8.762,7.3169,78
1,8888,8.762,7.1682,82
2,8888,8.762,7.2722,83
3,8888,8.762,7.2438,81
0,8889,8.762,7.2822,79
1,8889,8.762,7.2958,82
2,8889,8.762,7.1435,85
3,8889,8.762,7.2929,76
0,8890,8.762,7.2762,76
1,8890,8.762,7.2181,82
2,8890,8.762,7.415,76
3,8890,8.762,7.1714,83
0,8891,8.762,7.3527,80
1,8891,8.762,7.1727,87
2,8891,8.762,7.1886,86
3,8891,8.762,7.3393,68
0,8892,8.762,7.2043,71
1,8892,8.762,7.0709,76
2,8892,8.762,7.4058,71
3,8892,8.762,7.2465,87
0,8893,8.762,7.2059,85
1,8893,8.762,7.1423,86
2,8893,8.762,7.1576,78
3,8893,8.762,7.3338,80
0,8894,8.762,7.2058,85
1,8894,8.762,7.3078,81
2,8894,8.762,7.3164,84
3,8894,8.762,7.2728,83
0,8895,8.762,7.2491,90
1,8895,8.762,7.2937,75
2,8895,8.762,7.2784,78
3,8895,8.762,7.2752,69
0,8896,8.762,7.1624,88
1,8896,8.762,7.1916,75
2,8896,8.762,7.3832,70
3,8896,8.762,7.2073,73
0,8897,8.762,7.4057,82
1,8897,8.762,7.2892,79
2,8897,8.762,7.2273,83
3,8897,8.762,7.2276,76
0,8898,8.762,7.3496,77
1,8898,8.762,7.2722,74
2,8898,8.762,7.1113,87
3,8898,8.762,7.1584,90
0,8899,8.762,7.3281,83
1,8899,8.762,7.3929,83
2,8899,8.762,7.1732,78
3,8899,8.762,7.2112,87
0,8900,8.762,7.3032,79
1,8900,8.762,7.2944,77
2,8900,8.762,7.1983,72
3,8900,8.762,7.1441,92
0,8901,8.762,7.2586,82
1,8901,8.762,7.0659,87
2,8901,8.762,7.2759,80
3,8901,8.762,7.0968,83
0,8902,8.762,7.3434,78
1,8902,8.762,7.2276,78
2,8902,8.762,7.2993,83
3,8902,8.762,7.2636,77
0,8903,8.762,7.128,81
1,8903,8.762,7.2132,85
2,8903,8.762,7.2619,78
3,8903,8.762,7.3866,77
0,8904,8.762,7.2968,79
1,8904,8.762,7.1087,85
2,8904,8.762,7.2542,78
3,8904,8.762,7.2258,81
0,8905,8.762,7.3259,73
1,8905,8.762,7.2941,85
2,8905,8.762,7.3737,82
3,8905,8.762,7.3659,79
0,8906,8.762,7.2452,86
1,8906,8.762,7.2416,79
2,8906,8.762,7.1889,73
3,8906,8.762,7.2158,83
0,8907,8.762,7.2352,77
1,8907,8.762,7.2908,85
2,8907,8.762,7.2443,88
3,8907,8.762,7.2038,76
0,8908,8.762,7.0888,88
1,8908,8.762,7.2058,81
2,8908,8.762,7.2237,89
3,8908,8.762,7.34,84
0,8909,8.762,7.1714,83
1,8909,8.762,7.2617,79
2,8909,8.762,7.2469,83
3,8909,8.762,7.1626,82
0,8910,8.762,7.4034,74
1,8910,8.762,7.2566,81
2,8910,8.762,7.2574,75
3,8910,8.762,7.2527,74
0,8911,8.762,7.1846,77
1,8911,8.762,7.2446,76
2,8911,8.762,7.1462,86
3,8911,8.762,7.1974,81
0,8912,8.762,7.2798,79
1,8912,8.762,7.2545,91
2,8912,8.762,7.2127,73
3,8912,8.762,7.2031,82
0,8913,8.762,7.2054,93
1,8913,8.762,7.2516,84
2,8913,8.762,7.2421,85
3,8913,8.762,7.2889,78
0,8914,8.762,7.2985,75
1,8914,8.762,7.1571,81
2,8914,8.762,7.2958,76
3,8914,8.762,7.2769,81
0,8915,8.762,7.309,78
1,8915,8.762,7.2681,80
2,8915,8.762,7.1853,86
3,8915,8.762,7.4579,77
0,8916,8.762,7.2325,70
1,8916,8.762,7.1575,84
2,8916,8.762,7.3639,74
3,8916,8.762,7.1782,88
0,8917,8.762,7.1315,86
1,8917,8.762,7.2704,82
2,8917,8.762,7.3644,79
3,8917,8.762,7.2667,81
0,8918,8.762,7.3088,82
1,8918,8.762,7.1771,83
2,8918,8.762,7.183,84
3,8918,8.762,7.2177,81
0,8919,8.762,7.4196,76
1,8919,8.762,7.2844,78
2,8919,8.762,7.1551,80
3,8919,8.762,7.1782,87
0,8920,8.762,7.2202,84
1,8920,8.762,7.39,81
2,8920,8.762,7.176,87
3,8920,8.762,7.1498,93
0,8921,8.762,7.2568,75
1,8921,8.762,7.3518,75
2,8921,8.762,7.0909,91
3,8921,8.762,7.1638,82
0,8922,8.762,7.0974,86
1,8922,8.762,7.2171,82
2,8922,8.762,7.0803,81
3,8922,8.762,7.1281,83
0,8923,8.762,7.4027,72
1,8923,8.762,7.2535,79
2,8923,8.762,7.3549,81
3,8923,8.762,7.3884,73
0,8924,8.762,7.3089,76
1,8924,8.762,7.2161,82
2,8924,8.762,7.3705,85
3,8924,8.762,7.2531,81
0,8925,8.762,7.3508,73
1,8925,8.762,7.3711,76
2,8925,8.762,7.1978,86
3,8925,8.762,7.2222,82
0,8926,8.762,7.2381,80
1,8926,8.762,7.1371,82
2,8926,8.762,7.2613,83
3,8926,8.762,7.3448,80
0,8927,8.762,7.3167,80
1,8927,8.762,7.1658,81
2,8927,8.762,7.2867,78
3,8927,8.762,7.0939,80
0,8928,8.762,7.1882,82
1,8928,8.762,7.3088,78
2,8928,8.762,7.1866,80
3,8928,8.762,7.2173,81
0,8929,8.762,7.2984,77
1,8929,8.762,7.0842,81
2,8929,8.762,7.2817,79
3,8929,8.762,7.3488,83
0,8930,8.762,7.2066,86
1,8930,8.762,7.1558,83
2,8930,8.762,7.3076,82
3,8930,8.762,7.1946,76
0,8931,8.762,7.2638,81
1,8931,8.762,7.3398,72
2,8931,8.762,7.3979,80
3,8931,8.762,7.1916,80
0,8932,8.762,7.1707,82
1,8932,8.762,7.289,82
2,8932,8.762,7.2675,89
3,8932,8.762,7.3008,69
0,8933,8.762,7.3561,81
1,8933,8.762,7.1863,80
2,8933,8.762,7.1596,92
3,8933,8.762,7.1457,83
0,8934,8.762,7.2709,81
1,8934,8.762,7.0792,83
2,8934,8.762,7.2137,80
3,8934,8.762,7.3095,83
0,8935,8.762,7.3713,80
1,8935,8.762,7.2075,78
2,8935,8.762,7.2033,87
3,8935,8.762,7.3859,83
0,8936,8.762,7.3618,87
1,8936,8.762,7.3062,81
2,8936,8.762,7.095,87
3,8936,8.762,7.2875,73
0,8937,8.762,7.0856,80
1,8937,8.762,7.2227,77
2,8937,8.762,7.2227,86
3,8937,8.762,7.1864,78
0,8938,8.762,7.1324,93
1,8938,8.762,7.2735,76
2,8938,8.762,7.2895,80
3,8938,8.762,7.2956,73
0,8939,8.762,7.2689,74
1,8939,8.762,7.2672,73
2,8939,8.762,7.1829,84
3,8939,8.762,7.2842,70
0,8940,8.762,7.1569,89
1,8940,8.762,7.2763,77
2,8940,8.762,7.2546,83
3,8940,8.762,7.1191,84
0,8941,8.762,7.1073,80
1,8941,8.762,7.2814,80
2,8941,8.762,7.1986,77
3,8941,8.762,7.2663,87
0,8942,8.762,7.1877,80
1,8942,8.762,7.4472,74
2,8942,8.762,7.2684,77
3,8942,8.762,7.4141,69
0,8943,8.762,7.1484,91
1,8943,8.762,7.0924,88
2,8943,8.762,7.4216,71
3,8943,8.762,7.1162,84
0,8944,8.762,7.2945,79
1,8944,8.762,7.1293,78
2,8944,8.762,7.1876,86
3,8944,8.762,7.3356,67
0,8945,8.762,7.2325,98
1,8945,8.762,7.2444,83
2,8945,8.762,7.316,83
3,8945,8.762,7.267,80
0,8946,8.762,7.2376,82
1,8946,8.762,7.2402,82
2,8946,8.762,7.3132,80
3,8946,8.762,7.1081,92
0,8947,8.762,7.3202,72
1,8947,8.762,7.238,77
2,8947,8.762,7.2995,78
3,8947,8.762,7.2442,78
0,8948,8.762,7.2222,83
1,8948,8.762,7.2157,91
2,8948,8.762,7.2604,85
3,8948,8.762,7.0949,82
0,8949,8.762,7.002,88
1,8949,8.762,7.2534,69
2,8949,8.762,7.304,72
3,8949,8.762,7.269,73
0,8950,8.762,7.257,88
1,8950,8.762,7.2923,85
2,8950,8.762,7.1632,84
3,8950,8.762,7.1775,93
0,8951,8.762,7.2069,92
1,8951,8.762,7.1581,85
2,8951,8.762,7.2422,90
3,8951,8.762,7.1568,83
0,8952,8.762,7.3194,87
1,8952,8.762,7.2466,82
2,8952,8.762,7.039,84
3,8952,8.762,7.1395,81
0,8953,8.762,7.3228,70
1,8953,8.762,7.4195,78
2,8953,8.762,7.2829,76
3,8953,8.762,7.3069,78
0,8954,8.762,7.3334,75
1,8954,8.762,7.3504,81
2,8954,8.762,7.1787,92
3,8954,8.762,7.236,91
0,8955,8.762,7.1081,81
1,8955,8.762,7.2337,76
2,8955,8.762,7.1491,92
3,8955,8.762,7.1286,93
0,8956,8.762,7.1214,85
1,8956,8.762,7.0284,88
2,8956,8.762,7.1959,82
3,8956,8.762,7.3047,81
0,8957,8.762,7.3048,77
1,8957,8.762,7.1233,87
2,8957,8.762,7.1792,84
3,8957,8.762,7.2518,72
0,8958,8.762,7.1355,75
1,8958,8.762,7.1139,87
2,8958,8.762,7.2395,79
3,8958,8.762,7.1922,83
0,8959,8.762,7.2148,75
1,8959,8.762,7.3373,82
2,8959,8.762,7.1294,79
3,8959,8.762,7.2411,83
0,8960,8.762,7.3066,77
1,8960,8.762,7.2773,76
2,8960,8.762,7.269,83
3,8960,8.762,7.204,80
0,8961,8.762,7.3279,78
1,8961,8.762,7.2509,81
2,8961,8.762,7.1751,75
3,8961,8.762,7.1342,86
0,8962,8.762,6.9813,90
1,8962,8.762,7.2849,78
2,8962,8.762,7.2122,90
3,8962,8.762,7.1589,82
0,8963,8.762,7.3469,77
1,8963,8.762,7.3272,76
2,8963,8.762,7.2122,81
3,8963,8.762,7.1572,84
0,8964,8.762,7.4625,78
1,8964,8.762,7.2646,80
2,8964,8.762,7.415,83
3,8964,8.762,7.3029,74
0,8965,8.762,7.3394,78
1,8965,8.762,7.3204,84
2,8965,8.762,7.1903,87
3,8965,8.762,7.2468,71
0,8966,8.762,7.3156,84
1,8966,8.762,7.3036,77
2,8966,8.762,7.2888,84
3,8966,8.762,7.309,75
0,8967,8.762,7.1261,81
1,8967,8.762,7.2456,79
2,8967,8.762,7.1431,86
3,8967,8.762,7.183,81
0,8968,8.762,7.1712,94
1,8968,8.762,7.2729,78
2,8968,8.762,7.1733,84
3,8968,8.762,7.1757,83
0,8969,8.762,7.2722,94
1,8969,8.762,7.2744,79
2,8969,8.762,7.1778,84
3,8969,8.762,7.1659,80
0,8970,8.762,7.2558,82
1,8970,8.762,7.1103,86
2,8970,8.762,7.1095,91
3,8970,8.762,7.26,86
0,8971,8.762,7.2425,79
1,8971,8.762,7.0699,71
2,8971,8.762,7.2126,77
3,8971,8.762,7.1325,82
0,8972,8.762,7.165,75
1,8972,8.762,7.231,84
2,8972,8.762,7.2185,82
3,8972,8.762,7.4338,74
0,8973,8.762,7.2741,82
1,8973,8.762,7.17,80
2,8973,8.762,7.2685,80
3,8973,8.762,7.2634,87
0,8974,8.762,7.2828,82
1,8974,8.762,7.1173,89
2,8974,8.762,7.2532,81
3,8974,8.762,7.2457,84
0,8975,8.762,7.1607,83
1,8975,8.762,7.2174,80
2,8975,8.762,7.2215,71
3,8975,8.762,7.1817,84
0,8976,8.762,7.2482,80
1,8976,8.762,7.2529,81
2,8976,8.762,7.2605,82
3,8976,8.762,7.1704,90
0,8977,8.762,7.2115,82
1,8977,8.762,7.2071,82
2,8977,8.762,7.3814,79
3,8977,8.762,7.1508,82
0,8978,8.762,7.2335,89
1,8978,8.762,7.2608,80
2,8978,8.762,7.369,77
3,8978,8.762,7.4665,70
0,8979,8.762,7.2332,84
1,8979,8.762,7.0654,95
2,8979,8.762,7.254,77
3,8979,8.762,7.2745,76
0,8980,8.762,7.1855,85
1,8980,8.762,7.2925,81
2,8980,8.762,7.2291,82
3,8980,8.762,7.3877,72
0,8981,8.762,7.2955,76
1,8981,8.762,7.4491,72
2,8981,8.762,7.2371,89
3,8981,8.762,7.2805,74
0,8982,8.762,7.2088,70
1,8982,8.762,7.3536,78
2,8982,8.762,7.2162,88
3,8982,8.762,7.1446,93
0,8983,8.762,7.2729,83
1,8983,8.762,7.1653,85
2,8983,8.762,7.2782,84
3,8983,8.762,7.3011,81
0,8984,8.762,7.303,73
1,8984,8.762,7.2394,80
2,8984,8.762,7.0995,88
3,8984,8.762,7.1696,75
0,8985,8.762,7.2229,91
1,8985,8.762,7.2995,77
2,8985,8.762,7.3336,85
3,8985,8.762,7.2701,79
0,8986,8.762,7.4427,70
1,8986,8.762,7.2649,77
2,8986,8.762,7.201,81
3,8986,8.762,7.4511,78
0,8987,8.762,7.1046,85
1,8987,8.762,7.2214,78
2,8987,8.762,7.2652,81
3,8987,8.762,7.1799,81
0,8988,8.762,7.3609,75
1,8988,8.762,7.2987,85
2,8988,8.762,7.4369,70
3,8988,8.762,7.3245,82
0,8989,8.762,7.2777,90
1,8989,8.762,7.2461,84
2,8989,8.762,7.2883,85
3,8989,8.762,7.1855,78
0,8990,8.762,7.3247,82
1,8990,8.762,7.1982,79
2,8990,8.762,7.4006,83
3,8990,8.762,7.3952,77
0,8991,8.762,7.323,80
1,8991,8.762,7.2194,83
2,8991,8.762,7.2605,87
3,8991,8.762,7.3508,75
0,8992,8.762,7.4076,75
1,8992,8.762,7.1586,83
2,8992,8.762,7.1578,82
3,8992,8.762,7.2141,90
0,8993,8.762,7.2176,79
1,8993,8.762,7.2292,79
2,8993,8.762,7.1489,86
3,8993,8.762,7.2962,71
0,8994,8.762,7.2875,82
1,8994,8.762,7.1813,87
2,8994,8.762,7.142,90
3,8994,8.762,7.3808,69
0,8995,8.762,7.3713,80
1,8995,8.762,7.1578,78
2,8995,8.762,7.2224,78
3,8995,8.762,7.2733,76
0,8996,8.762,7.2248,80
1,8996,8.762,7.3587,67
2,8996,8.762,7.2982,83
3,8996,8.762,7.1027,83
0,8997,8.762,7.1488,83
1,8997,8.762,7.2202,76
2,8997,8.762,7.2698,69
3,8997,8.762,7.1046,77
0,8998,8.762,7.2588,80
1,8998,8.762,7.3304,67
2,8998,8.762,7.2754,85
3,8998,8.762,7.0978,90
0,8999,8.762,7.3069,80
1,8999,8.762,7.4185,77
2,8999,8.762,7.0777,87
3,8999,8.762,7.3706,70
0,9000,8.762,7.3195,82
1,9000,8.762,7.3677,72
2,9000,8.762,7.2541,70
3,9000,8.762,7.0529,89
0,9001,8.762,7.2131,80
1,9001,8.762,7.3839,72
2,9001,8.762,7.1209,84
3,9001,8.762,7.2082,80
0,9002,8.762,7.342,80
1,9002,8.762,7.1147,87
2,9002,8.762,7.1586,75
3,9002,8.762,7.1204,81
0,9003,8.762,7.3386,82
1,9003,8.762,7.3019,79
2,9003,8.762,7.1214,85
3,9003,8.762,7.2849,77
0,9004,8.762,7.1679,83
1,9004,8.762,7.2371,86
2,9004,8.762,7.4318,66
3,9004,8.762,7.2137,83
0,9005,8.762,7.2057,73
1,9005,8.762,7.3126,88
2,9005,8.762,7.0757,75
3,9005,8.762,7.2374,84
0,9006,8.762,7.152,83
1,9006,8.762,7.1679,79
2,9006,8.762,7.2079,86
3,9006,8.762,7.1639,97
0,9007,8.762,7.0618,94
1,9007,8.762,7.326,83
2,9007,8.762,7.2093,89
3,9007,8.762,7.2256,86
0,9008,8.762,7.2306,82
1,9008,8.762,7.227,74
2,9008,8.762,7.2104,79
3,9008,8.762,7.3144,74
0,9009,8.762,7.2708,76
1,9009,8.762,7.287,83
2,9009,8.762,7.2338,81
3,9009,8.762,7.2602,77
0,9010,8.762,7.2476,77
1,9010,8.762,7.1589,84
2,9010,8.762,7.2544,77
3,9010,8.762,7.2671,73
0,9011,8.762,7.19,82
1,9011,8.762,7.2162,77
2,9011,8.762,7.4284,65
3,9011,8.762,7.2505,73
0,9012,8.762,7.2338,87
1,9012,8.762,7.2381,83
2,9012,8.762,7.0988,94
3,9012,8.762,7.2054,89
0,9013,8.762,7.0478,85
1,9013,8.762,7.224,81
2,9013,8.762,7.4008,69
3,9013,8.762,7.3065,82
0,9014,8.762,7.1327,85
1,9014,8.762,7.2977,77
2,9014,8.762,7.1119,84
3,9014,8.762,7.0901,81
0,9015,8.762,7.1644,87
1,9015,8.762,7.1347,76
2,9015,8.762,6.941,99
3,9015,8.762,7.3576,74
0,9016,8.762,7.2496,86
1,9016,8.762,7.1307,85
2,9016,8.762,7.2625,85
3,9016,8.762,7.3815,76
0,9017,8.762,7.2788,86
1,9017,8.762,7.2887,76
2,9017,8.762,7.4211,81
3,9017,8.762,7.2668,69
0,9018,8.762,7.3043,90
1,9018,8.762,7.2157,85
2,9018,8.762,7.2977,67
3,9018,8.762,7.3008,84
0,9019,8.762,7.2709,76
1,9019,8.762,7.2597,80
2,9019,8.762,7.236,84
3,9019,8.762,7.1224,84
0,9020,8.762,7.0161,82
1,9020,8.762,7.2777,78
2,9020,8.762,7.2671,83
3,9020,8.762,7.1564,94
0,9021,8.762,7.4296,71
1,9021,8.762,7.2747,86
2,9021,8.762,7.0234,93
3,9021,8.762,7.3844,77
0,9022,8.762,7.266,69
1,9022,8.762,7.17,87
2,9022,8.762,7.4054,81
3,9022,8.762,7.3874,80
0,9023,8.762,7.1224,76
1,9023,8.762,7.2174,91
2,9023,8.762,7.3234,78
3,9023,8.762,7.242,82
0,9024,8.762,7.3798,73
1,9024,8.762,7.1946,86
2,9024,8.762,7.1921,78
3,9024,8.762,7.3929,73
0,9025,8.762,7.2755,78
1,9025,8.762,7.262,79
2,9025,8.762,7.3042,75
3,9025,8.762,7.3972,79
0,9026,8.762,7.17,88
1,9026,8.762,7.1016,80
2,9026,8.762,7.2315,79
3,9026,8.762,7.4694,65
0,9027,8.762,7.3598,70
1,9027,8.762,7.3269,77
2,9027,8.762,7.1174,84
3,9027,8.762,7.1735,91
0,9028,8.762,7.266,83
1,9028,8.762,7.3905,80
2,9028,8.762,7.198,71
3,9028,8.762,7.1423,89
0,9029,8.762,7.2999,83
1,9029,8.762,7.1937,91
2,9029,8.762,7.2891,84
3,9029,8.762,7.3414,74
0,9030,8.762,7.2781,88
1,9030,8.762,7.2708,82
2,9030,8.762,7.1584,86
3,9030,8.762,7.4192,75
0,9031,8.762,7.2459,79
1,9031,8.762,7.1145,80
2,9031,8.762,7.2701,76
3,9031,8.762,7.0547,98
0,9032,8.762,7.2309,77
1,9032,8.762,7.2885,80
2,9032,8.762,7.1438,70
3,9032,8.762,7.0993,87
0,9033,8.762,7.3341,88
1,9033,8.762,7.3008,84
2,9033,8.762,7.3193,77
3,9033,8.762,7.2207,72
0,9034,8.762,7.1698,90
1,9034,8.762,7.2177,80
2,9034,8.762,7.4218,80
3,9034,8.762,7.2541,75
0,9035,8.762,7.3584,77
1,9035,8.762,7.2943,74
2,9035,8.762,7.278,79
3,9035,8.762,7.3488,81
0,9036,8.762,7.2846,74
1,9036,8.762,7.3704,82
2,9036,8.762,7.2497,89
3,9036,8.762,7.1937,85
0,9037,8.762,7.2191,80
1,9037,8.762,7.2018,96
2,9037,8.762,7.275,76
3,9037,8.762,7.1246,86
0,9038,8.762,7.1305,87
1,9038,8.762,7.351,71
2,9038,8.762,7.2719,79
3,9038,8.762,7.3453,86
0,9039,8.762,7.2664,77
1,9039,8.762,7.1205,91
2,9039,8.762,7.2461,87
3,9039,8.762,7.3639,81
0,9040,8.762,7.31,85
1,9040,8.762,7.2779,79
2,9040,8.762,7.2464,84
3,9040,8.762,7.0438,89
0,9041,8.762,7.2711,80
1,9041,8.762,7.1089,83
2,9041,8.762,7.2511,81
3,9041,8.762,7.1554,85
0,9042,8.762,7.1816,82
1,9042,8.762,7.1626,95
2,9042,8.762,7.3779,78
3,9042,8.762,7.1764,81
0,9043,8.762,7.1985,86
1,9043,8.762,7.2612,78
2,9043,8.762,7.1974,83
3,9043,8.762,7.3874,80
0,9044,8.762,7.3129,79
1,9044,8.762,7.0911,89
2,9044,8.762,7.245,86
3,9044,8.762,7.3058,83
0,9045,8.762,7.0824,92
1,9045,8.762,7.2246,82
2,9045,8.762,7.3142,91
3,9045,8.762,7.2462,90
0,9046,8.762,7.2812,85
1,9046,8.762,7.3163,79
2,9046,8.762,7.2156,82
3,9046,8.762,7.27,77
0,9047,8.762,7.1058,80
1,9047,8.762,7.1692,78
2,9047,8.762,7.3458,74
3,9047,8.762,7.3929,78
0,9048,8.762,7.3832,78
1,9048,8.762,7.2918,80
2,9048,8.762,7.2809,79
3,9048,8.762,7.075,88
0,9049,8.762,7.2325,79
1,9049,8.762,7.242,82
2,9049,8.762,7.1717,83
3,9049,8.762,7.1497,81
0,9050,8.762,7.1143,93
1,9050,8.762,7.3804,77
2,9050,8.762,7.2574,82
3,9050,8.762,7.4144,78
0,9051,8.762,7.0485,96
1,9051,8.762,7.2894,80
2,9051,8.762,7.2192,78
3,9051,8.762,7.382,77
0,9052,8.762,7.3486,81
1,9052,8.762,7.3152,86
2,9052,8.762,7.2906,79
3,9052,8.762,7.1378,86
0,9053,8.762,7.1719,92
1,9053,8.762,7.2691,79
2,9053,8.762,7.4132,76
3,9053,8.762,7.0787,77
0,9054,8.762,7.2244,85
1,9054,8.762,7.2403,89
2,9054,8.762,7.0334,83
3,9054,8.762,7.2823,83
0,9055,8.762,7.3085,75
1,9055,8.762,7.2353,78
2,9055,8.762,7.167,78
3,9055,8.762,7.1982,89
0,9056,8.762,7.1119,82
1,9056,8.762,7.2686,82
2,9056,8.762,7.3728,76
3,9056,8.762,7.307,79
0,9057,8.762,7.2499,78
1,9057,8.762,7.2589,75
2,9057,8.762,7.2637,87
3,9057,8.762,7.1634,90
0,9058,8.762,7.1044,87
1,9058,8.762,7.2314,69
2,9058,8.762,7.2614,79
3,9058,8.762,7.0309,86
0,9059,8.762,7.1854,83
1,9059,8.762,7.228,78
2,9059,8.762,7.289,79
3,9059,8.762,7.1064,82
0,9060,8.762,7.1616,82
1,9060,8.762,7.1177,86
2,9060,8.762,7.224,83
3,9060,8.762,7.2051,74
0,9061,8.762,7.2639,79
1,9061,8.762,7.3443,73
2,9061,8.762,7.3811,74
3,9061,8.762,7.0279,85
0,9062,8.762,7.2214,80
1,9062,8.762,7.273,79
2,9062,8.762,7.2037,86
3,9062,8.762,7.0972,80
0,9063,8.762,7.2373,81
1,9063,8.762,7.3178,82
2,9063,8.762,7.3585,79
3,9063,8.762,7.1777,77
0,9064,8.762,7.2491,87
1,9064,8.762,7.3499,80
2,9064,8.762,7.3905,69
3,9064,8.762,7.2079,85
0,9065,8.762,7.3663,70
1,9065,8.762,7.3057,81
2,9065,8.762,7.2409,90
3,9065,8.762,7.0814,95
0,9066,8.762,7.3136,70
1,9066,8.762,7.1976,76
2,9066,8.762,7.1574,81
3,9066,8.762,7.376,75
0,9067,8.762,7.1566,86
1,9067,8.762,7.2295,92
2,9067,8.762,7.3078,78
3,9067,8.762,7.0807,89
0,9068,8.762,7.2218,79
1,9068,8.762,7.4428,76
2,9068,8.762,7.402,83
3,9068,8.762,7.0942,96
0,9069,8.762,7.2608,74
1,9069,8.762,7.3902,74
2,9069,8.762,7.2831,83
3,9069,8.762,7.1916,82
0,9070,8.762,7.2456,87
1,9070,8.762,7.2971,81
2,9070,8.762,7.2721,74
3,9070,8.762,7.2364,73
0,9071,8.762,7.3567,78
1,9071,8.762,7.3226,83
2,9071,8.762,7.3582,80
3,9071,8.762,7.3986,64
0,9072,8.762,7.3202,85
1,9072,8.762,7.3562,74
2,9072,8.762,7.4057,77
3,9072,8.762,7.2613,74
0,9073,8.762,7.2528,82
1,9073,8.762,7.264,82
2,9073,8.762,7.2607,87
3,9073,8.762,7.2307,78
0,9074,8.762,7.1105,89
1,9074,8.762,7.0752,80
2,9074,8.762,7.2383,81
3,9074,8.762,7.2781,76
0,9075,8.762,7.2372,82
1,9075,8.762,7.1574,80
2,9075,8.762,7.223,79
3,9075,8.762,7.2027,80
0,9076,8.762,7.3583,82
1,9076,8.762,7.2693,70
2,9076,8.762,7.2656,76
3,9076,8.762,7.301,81
0,9077,8.762,7.35,77
1,9077,8.762,7.2141,82
2,9077,8.762,7.1724,80
3,9077,8.762,7.2262,82
0,9078,8.762,7.3121,77
1,9078,8.762,7.1326,69
2,9078,8.762,7.5732,69
3,9078,8.762,7.1801,83
0,9079,8.762,7.1054,84
1,9079,8.762,7.3225,71
2,9079,8.762,7.2031,88
3,9079,8.762,7.3684,81
0,9080,8.762,7.2392,73
1,9080,8.762,7.291,83
2,9080,8.762,7.2511,80
3,9080,8.762,7.3498,81
0,9081,8.762,7.3474,82
1,9081,8.762,7.3805,84
2,9081,8.762,7.3253,82
3,9081,8.762,7.1956,65
0,9082,8.762,7.3823,85
1,9082,8.762,7.2176,68
2,9082,8.762,7.3469,81
3,9082,8.762,7.3579,79
0,9083,8.762,7.2127,81
1,9083,8.762,7.3745,80
2,9083,8.762,7.3634,73
3,9083,8.762,7.2992,84
0,9084,8.762,7.1914,78
1,9084,8.762,7.355,85
2,9084,8.762,7.2064,71
3,9084,8.762,7.295,79
0,9085,8.762,7.1384,88
1,9085,8.762,7.1762,76
2,9085,8.762,7.2029,87
3,9085,8.762,7.1832,87
0,9086,8.762,7.1806,90
1,9086,8.762,7.2516,83
2,9086,8.762,7.252,72
3,9086,8.762,7.2682,84
0,9087,8.762,7.2853,83
1,9087,8.762,7.2804,80
2,9087,8.762,7.2561,81
3,9087,8.762,7.2453,88
0,9088,8.762,7.2095,82
1,9088,8.762,7.0652,83
2,9088,8.762,7.2655,74
3,9088,8.762,7.3587,70
0,9089,8.762,7.1759,79
1,9089,8.762,7.0819,86
2,9089,8.762,7.2581,81
3,9089,8.762,7.3117,76
0,9090,8.762,7.2779,86
1,9090,8.762,7.0864,86
2,9090,8.762,7.2522,80
3,9090,8.762,7.0821,83
0,9091,8.762,7.1249,79
1,9091,8.762,7.185,79
2,9091,8.762,7.1554,85
3,9091,8.762,7.2115,77
0,9092,8.762,7.2999,81
1,9092,8.762,7.3905,77
2,9092,8.762,7.1894,93
3,9092,8.762,7.1975,78
0,9093,8.762,7.197,84
1,9093,8.762,7.3805,74
2,9093,8.762,7.1058,82
3,9093,8.762,7.3738,88
0,9094,8.762,7.2083,86
1,9094,8.762,7.1941,83
2,9094,8.762,7.3262,77
3,9094,8.762,7.2023,85
0,9095,8.762,7.3345,75
1,9095,8.762,7.3452,79
2,9095,8.762,7.2666,82
3,9095,8.762,7.2948,82
0,9096,8.762,7.2105,85
1,9096,8.762,7.397,75
2,9096,8.762,7.1975,83
3,9096,8.762,7.229,72
0,9097,8.762,7.2898,77
1,9097,8.762,7.1196,82
2,9097,8.762,7.301,74
3,9097,8.762,7.212,76
0,9098,8.762,7.2915,71
1,9098,8.762,7.1549,85
2,9098,8.762,7.1617,85
3,9098,8.762,7.1131,83
0,9099,8.762,7.4296,79
1,9099,8.762,7.2126,77
2,9099,8.762,7.2551,86
3,9099,8.762,7.3009,83
0,9100,8.762,7.1788,83
1,9100,8.762,7.1339,78
2,9100,8.762,7.3178,74
3,9100,8.762,7.3087,82
0,9101,8.762,7.2578,74
1,9101,8.762,7.3269,80
2,9101,8.762,7.2548,75
3,9101,8.762,7.513,71
0,9102,8.762,7.1904,81
1,9102,8.762,7.199,91
2,9102,8.762,7.3779,80
3,9102,8.762,7.2185,83
0,9103,8.762,7.1815,83
1,9103,8.762,7.1277,89
2,9103,8.762,7.2465,81
3,9103,8.762,7.1794,78
0,9104,8.762,7.1721,87
1,9104,8.762,7.3233,85
2,9104,8.762,7.1288,88
3,9104,8.762,7.382,80
0,9105,8.762,7.2478,81
1,9105,8.762,7.3972,84
2,9105,8.762,7.3808,66
3,9105,8.762,7.2309,83
0,9106,8.762,7.3027,78
1,9106,8.762,7.2063,80
2,9106,8.762,7.2715,86
3,9106,8.762,7.3057,77
0,9107,8.762,7.3712,80
1,9107,8.762,7.2068,85
2,9107,8.762,7.1237,87
3,9107,8.762,7.3947,74
0,9108,8.762,7.2771,75
1,9108,8.762,7.188,78
2,9108,8.762,7.135,95
3,9108,8.762,7.3535,73
0,9109,8.762,7.1908,82
1,9109,8.762,7.1816,81
2,9109,8.762,7.2881,79
3,9109,8.762,7.2454,78
0,9110,8.762,7.311,79
1,9110,8.762,7.1418,88
2,9110,8.762,7.1271,91
3,9110,8.762,7.196,85
0,9111,8.762,7.2294,82
1,9111,8.762,7.3786,75
2,9111,8.762,7.251,84
3,9111,8.762,7.1383,87
0,9112,8.762,7.2576,82
1,9112,8.762,7.235,78
2,9112,8.762,7.2104,79
3,9112,8.762,7.2411,89
0,9113,8.762,7.4251,77
1,9113,8.762,7.2281,78
2,9113,8.762,7.2356,83
3,9113,8.762,7.276,76
0,9114,8.762,7.389,77
1,9114,8.762,7.2612,90
2,9114,8.762,7.0442,88
3,9114,8.762,7.2006,76
0,9115,8.762,7.296,82
1,9115,8.762,7.2341,91
2,9115,8.762,7.2797,84
3,9115,8.762,7.2362,80
0,9116,8.762,7.1809,91
1,9116,8.762,7.1579,89
2,9116,8.762,7.1625,79
3,9116,8.762,7.0952,87
0,9117,8.762,7.0734,80
1,9117,8.762,7.3151,77
2,9117,8.762,7.3502,79
3,9117,8.762,7.4401,71
0,9118,8.762,7.4916,69
1,9118,8.762,7.1754,84
2,9118,8.762,7.2105,80
3,9118,8.762,7.2298,86
0,9119,8.762,7.1796,75
1,9119,8.762,7.2748,83
2,9119,8.762,7.2882,86
3,9119,8.762,7.0835,77
0,9120,8.762,7.1307,81
1,9120,8.762,7.3198,80
2,9120,8.762,7.2563,72
3,9120,8.762,7.3043,75
0,9121,8.762,7.3292,78
1,9121,8.762,7.2452,76
2,9121,8.762,7.3332,81
3,9121,8.762,7.1682,88
0,9122,8.762,7.318,81
1,9122,8.762,7.2935,85
2,9122,8.762,7.3208,74
3,9122,8.762,7.3324,74
0,9123,8.762,7.2669,83
1,9123,8.762,7.1034,83
2,9123,8.762,7.1066,86
3,9123,8.762,7.3061,80
0,9124,8.762,7.2244,80
1,9124,8.762,7.2975,78
2,9124,8.762,7.139,82
3,9124,8.762,7.2232,97
0,9125,8.762,7.2879,73
1,9125,8.762,7.2586,78
2,9125,8.762,7.3557,84
3,9125,8.762,7.2588,81
0,9126,8.762,7.2487,75
1,9126,8.762,7.2106,71
2,9126,8.762,7.1268,85
3,9126,8.762,7.1396,80
0,9127,8.762,7.3404,78
1,9127,8.762,7.2775,78
2,9127,8.762,7.3377,72
3,9127,8.762,7.0961,87
0,9128,8.762,7.2816,85
1,9128,8.762,7.2295,77
2,9128,8.762,7.2174,82
3,9128,8.762,7.1682,79
0,9129,8.762,7.0387,95
1,9129,8.762,7.2146,90
2,9129,8.762,7.2324,82
3,9129,8.762,7.3012,81
0,9130,8.762,7.2797,79
1,9130,8.762,7.3311,81
2,9130,8.762,7.1625,80
3,9130,8.762,7.3064,81
0,9131,8.762,7.1248,82
1,9131,8.762,7.1885,79
2,9131,8.762,7.1485,88
3,9131,8.762,7.2416,80
0,9132,8.762,7.3304,82
1,9132,8.762,7.2886,82
2,9132,8.762,7.3326,75
3,9132,8.762,7.3754,79
0,9133,8.762,7.1383,82
1,9133,8.762,7.1942,76
2,9133,8.762,7.2569,79
3,9133,8.762,7.1809,86
0,9134,8.762,7.2765,77
1,9134,8.762,7.2648,80
2,9134,8.762,7.2788,72
3,9134,8.762,7.3249,79
0,9135,8.762,7.2758,74
1,9135,8.762,7.2022,81
2,9135,8.762,7.3169,78
3,9135,8.762,7.2141,89
0,9136,8.762,7.2335,84
1,9136,8.762,7.3632,75
2,9136,8.762,7.1873,80
3,9136,8.762,7.1725,89
0,9137,8.762,7.4135,79
1,9137,8.762,7.2913,74
2,9137,8.762,7.1839,78
3,9137,8.762,7.2466,79
0,9138,8.762,7.1893,70
1,9138,8.762,7.1014,85
2,9138,8.762,7.0332,84
3,9138,8.762,7.0447,82
0,9139,8.762,7.3303,87
1,9139,8.762,7.1236,89
2,9139,8.762,7.265,86
3,9139,8.762,7.3969,77
0,9140,8.762,7.284,83
1,9140,8.762,7.2786,79
2,9140,8.762,7.2945,79
3,9140,8.762,7.0699,77
0,9141,8.762,7.2284,80
1,9141,8.762,7.2599,87
2,9141,8.762,7.2966,91
3,9141,8.762,7.3158,75
0,9142,8.762,7.273,82
1,9142,8.762,7.2015,76
2,9142,8.762,7.2948,86
3,9142,8.762,7.2817,74
0,9143,8.762,7.2745,78
1,9143,8.762,7.2053,83
2,9143,8.762,7.2185,78
3,9143,8.762,7.1818,87
0,9144,8.762,7.275,88
1,9144,8.762,7.2042,66
2,9144,8.762,7.4529,78
3,9144,8.762,7.3343,76
0,9145,8.762,7.2472,87
1,9145,8.762,7.203,82
2,9145,8.762,7.2314,83
3,9145,8.762,7.3256,70
0,9146,8.762,7.204,83
1,9146,8.762,7.1392,84
2,9146,8.762,7.3889,73
3,9146,8.762,7.0872,88
0,9147,8.762,7.1753,88
1,9147,8.762,7.174,91
2,9147,8.762,7.31,78
3,9147,8.762,7.1691,82
0,9148,8.762,7.2664,73
1,9148,8.762,7.1441,87
2,9148,8.762,7.2383,86
3,9148,8.762,7.0352,90
0,9149,8.762,7.1959,78
1,9149,8.762,7.1878,90
2,9149,8.762,7.3997,81
3,9149,8.762,7.3192,83
0,9150,8.762,7.3099,78
1,9150,8.762,7.2285,84
2,9150,8.762,7.3325,79
3,9150,8.762,7.2103,72
0,9151,8.762,7.2109,80
1,9151,8.762,7.1906,78
2,9151,8.762,7.2482,74
3,9151,8.762,7.3122,84
0,9152,8.762,7.1985,80
1,9152,8.762,7.2753,71
2,9152,8.762,7.0348,89
3,9152,8.762,7.2126,86
0,9153,8.762,7.2597,83
1,9153,8.762,7.2389,68
2,9153,8.762,7.213,80
3,9153,8.762,7.2147,92
0,9154,8.762,7.0957,84
1,9154,8.762,7.3548,76
2,9154,8.762,7.311,75
3,9154,8.762,7.283,77
0,9155,8.762,7.3183,82
1,9155,8.762,7.3482,75
2,9155,8.762,7.1346,78
3,9155,8.762,7.2003,84
0,9156,8.762,7.302,78
1,9156,8.762,7.2002,78
2,9156,8.762,7.2576,72
3,9156,8.762,7.3996,72
0,9157,8.762,7.0895,76
1,9157,8.762,7.2153,81
2,9157,8.762,6.9913,82
3,9157,8.762,7.2791,85
0,9158,8.762,7.2252,80
1,9158,8.762,7.1265,82
2,9158,8.762,7.168,85
3,9158,8.762,7.3362,78
0,9159,8.762,7.1919,79
1,9159,8.762,7.3388,91
2,9159,8.762,7.3019,78
3,9159,8.762,7.3932,74
0,9160,8.762,7.1407,76
1,9160,8.762,7.2831,80
2,9160,8.762,7.2441,87
3,9160,8.762,7.1859,85
0,9161,8.762,7.2865,76
1,9161,8.762,7.2391,76
2,9161,8.762,7.0884,92
3,9161,8.762,7.168,88
0,9162,8.762,7.0769,80
1,9162,8.762,7.2993,82
2,9162,8.762,7.3882,71
3,9162,8.762,7.3587,80
0,9163,8.762,7.0954,76
1,9163,8.762,7.3168,82
2,9163,8.762,7.3414,70
3,9163,8.762,7.2967,74
0,9164,8.762,7.1494,85
1,9164,8.762,7.2342,85
2,9164,8.762,7.26,78
3,9164,8.762,7.3353,79
0,9165,8.762,7.271,74
1,9165,8.762,7.3009,82
2,9165,8.762,7.1744,81
3,9165,8.762,7.0788,91
0,9166,8.762,7.1328,74
1,9166,8.762,7.1749,96
2,9166,8.762,7.0986,85
3,9166,8.762,7.2523,80
0,9167,8.762,7.2568,78
1,9167,8.762,7.2329,82
2,9167,8.762,7.13,81
3,9167,8.762,7.1934,87
0,9168,8.762,7.3638,76
1,9168,8.762,7.2804,82
2,9168,8.762,7.2218,85
3,9168,8.762,7.2142,83
0,9169,8.762,7.2052,82
1,9169,8.762,7.1908,82
2,9169,8.762,7.3841,76
3,9169,8.762,7.3754,75
0,9170,8.762,7.1702,85
1,9170,8.762,7.0172,81
2,9170,8.762,7.2852,82
3,9170,8.762,7.3799,81
0,9171,8.762,7.0991,91
1,9171,8.762,7.2926,74
2,9171,8.762,7.2247,78
3,9171,8.762,7.2933,82
0,9172,8.762,7.1284,88
1,9172,8.762,7.1509,78
2,9172,8.762,7.1783,82
3,9172,8.762,7.302,74
0,9173,8.762,7.1414,81
1,9173,8.762,7.1815,92
2,9173,8.762,7.3348,75
3,9173,8.762,7.2199,82
0,9174,8.762,7.2276,82
1,9174,8.762,7.1405,78
2,9174,8.762,7.3057,78
3,9174,8.762,7.1184,85
0,9175,8.762,7.2599,77
1,9175,8.762,7.2849,82
2,9175,8.762,7.1486,89
3,9175,8.762,7.077,87
0,9176,8.762,7.4866,77
1,9176,8.762,7.2243,74
2,9176,8.762,7.3244,77
3,9176,8.762,7.3512,72
0,9177,8.762,7.1952,84
1,9177,8.762,7.1596,79
2,9177,8.762,7.2373,85
3,9177,8.762,7.4771,74
0,9178,8.762,7.2833,71
1,9178,8.762,7.1901,85
2,9178,8.762,7.0917,91
3,9178,8.762,7.3949,82
0,9179,8.762,7.1001,83
1,9179,8.762,7.2829,80
2,9179,8.762,7.3377,79
3,9179,8.762,7.2857,85
0,9180,8.762,7.1345,92
1,9180,8.762,7.3569,72
2,9180,8.762,7.0954,95
3,9180,8.762,7.1067,77
0,9181,8.762,7.3598,86
1,9181,8.762,7.1797,84
2,9181,8.762,7.3429,67
3,9181,8.762,7.3518,78
0,9182,8.762,7.4074,69
1,9182,8.762,7.2343,81
2,9182,8.762,7.166,83
3,9182,8.762,7.2013,79
0,9183,8.762,7.3065,83
1,9183,8.762,7.2151,79
2,9183,8.762,7.3256,73
3,9183,8.762,7.2347,75
0,9184,8.762,7.3459,78
1,9184,8.762,7.2247,91
2,9184,8.762,7.2871,84
3,9184,8.762,7.2792,70
0,9185,8.762,7.0998,94
1,9185,8.762,7.1636,86
2,9185,8.762,7.2494,79
3,9185,8.762,7.2678,79
0,9186,8.762,7.2811,88
1,9186,8.762,7.2344,79
2,9186,8.762,7.3897,73
3,9186,8.762,7.1898,84
0,9187,8.762,7.2948,76
1,9187,8.762,7.1924,87
2,9187,8.762,7.3679,83
3,9187,8.762,7.3693,73
0,9188,8.762,7.1709,79
1,9188,8.762,7.1481,81
2,9188,8.762,7.177,86
3,9188,8.762,7.2081,83
0,9189,8.762,7.2231,84
1,9189,8.762,7.1582,85
2,9189,8.762,7.2106,81
3,9189,8.762,7.1713,86
0,9190,8.762,7.2552,79
1,9190,8.762,7.1723,89
2,9190,8.762,7.1645,81
3,9190,8.762,7.2818,84
0,9191,8.762,7.1995,72
1,9191,8.762,7.2166,78
2,9191,8.762,7.2561,87
3,9191,8.762,7.1823,83
0,9192,8.762,7.2569,72
1,9192,8.762,7.2171,76
2,9192,8.762,7.3383,86
3,9192,8.762,7.2964,82
0,9193,8.762,7.2066,81
1,9193,8.762,7.356,87
2,9193,8.762,7.4313,76
3,9193,8.762,7.0527,88
0,9194,8.762,7.4102,74
1,9194,8.762,7.3734,75
2,9194,8.762,7.137,87
3,9194,8.762,7.334,89
0,9195,8.762,7.3295,81
1,9195,8.762,7.2054,82
2,9195,8.762,7.2232,78
3,9195,8.762,7.3436,84
0,9196,8.762,7.21,81
1,9196,8.762,7.2168,89
2,9196,8.762,7.2754,79
3,9196,8.762,7.3417,81
0,9197,8.762,7.2391,85
1,9197,8.762,7.1894,81
2,9197,8.762,7.1948,81
3,9197,8.762,7.1344,83
0,9198,8.762,7.4078,70
1,9198,8.762,7.2719,79
2,9198,8.762,7.2592,79
3,9198,8.762,7.437,72
0,9199,8.762,7.2287,79
1,9199,8.762,7.2676,74
2,9199,8.762,7.006,97
3,9199,8.762,7.3624,71
0,9200,8.762,7.277,90
1,9200,8.762,7.2409,80
2,9200,8.762,7.2068,87
3,9200,8.762,7.2078,89
0,9201,8.762,7.2871,81
1,9201,8.762,7.3149,82
2,9201,8.762,7.2775,80
3,9201,8.762,7.1655,89
0,9202,8.762,7.1143,81
1,9202,8.762,7.2205,84
2,9202,8.762,7.3109,81
3,9202,8.762,7.3116,80
0,9203,8.762,7.2064,92
1,9203,8.762,7.2638,85
2,9203,8.762,7.1986,83
3,9203,8.762,7.2862,87
0,9204,8.762,7.1829,86
1,9204,8.762,7.0882,82
2,9204,8.762,7.2132,88
3,9204,8.762,7.2793,79
0,9205,8.762,7.1725,82
1,9205,8.762,7.162,80
2,9205,8.762,7.2772,72
3,9205,8.762,7.4637,79
0,9206,8.762,7.2169,84
1,9206,8.762,7.153,89
2,9206,8.762,7.2598,76
3,9206,8.762,7.3483,77
0,9207,8.762,7.1981,83
1,9207,8.762,7.2569,80
2,9207,8.762,7.2812,74
3,9207,8.762,7.2876,73
0,9208,8.762,7.3529,76
1,9208,8.762,7.0662,83
2,9208,8.762,7.1498,90
3,9208,8.762,7.3677,80
0,9209,8.762,7.2711,76
1,9209,8.762,7.1623,89
2,9209,8.762,7.3697,78
3,9209,8.762,7.3924,71
0,9210,8.762,7.2666,74
1,9210,8.762,7.3215,82
2,9210,8.762,7.2303,84
3,9210,8.762,7.1659,78
0,9211,8.762,7.2991,82
1,9211,8.762,7.3106,76
2,9211,8.762,7.3072,79
3,9211,8.762,7.4049,78
0,9212,8.762,7.2678,82
1,9212,8.762,7.1982,92
2,9212,8.762,7.3555,76
3,9212,8.762,7.3692,82
0,9213,8.762,7.1663,81
1,9213,8.762,7.3785,68
2,9213,8.762,7.4077,74
3,9213,8.762,7.4433,65
0,9214,8.762,7.1962,75
1,9214,8.762,7.2798,73
2,9214,8.762,7.2745,77
3,9214,8.762,7.2866,72
0,9215,8.762,7.1884,94
1,9215,8.762,7.1194,84
2,9215,8.762,7.2046,89
3,9215,8.762,7.3104,76
0,9216,8.762,7.1853,94
1,9216,8.762,7.205,90
2,9216,8.762,7.185,87
3,9216,8.762,7.1955,85
0,9217,8.762,7.2705,77
1,9217,8.762,7.395,76
2,9217,8.762,7.3041,83
3,9217,8.762,7.1719,76
0,9218,8.762,7.211,88
1,9218,8.762,7.2671,77
2,9218,8.762,7.2891,82
3,9218,8.762,7.2332,73
0,9219,8.762,7.3446,84
1,9219,8.762,7.4283,75
2,9219,8.762,7.1213,86
3,9219,8.762,7.3166,83
0,9220,8.762,7.1582,89
1,9220,8.762,7.2265,72
2,9220,8.762,7.1954,82
3,9220,8.762,7.3535,80
0,9221,8.762,7.2498,85
1,9221,8.762,7.1775,79
2,9221,8.762,7.2502,70
3,9221,8.762,7.1407,85
0,9222,8.762,7.2697,90
1,9222,8.762,7.2904,77
2,9222,8.762,7.228,81
3,9222,8.762,7.251,94
0,9223,8.762,7.1937,97
1,9223,8.762,7.3258,76
2,9223,8.762,7.1532,86
3,9223,8.762,7.1931,79
0,9224,8.762,7.0172,88
1,9224,8.762,7.2913,70
2,9224,8.762,7.3176,79
3,9224,8.762,7.3867,81
0,9225,8.762,7.2915,84
1,9225,8.762,7.2137,82
2,9225,8.762,7.2507,69
3,9225,8.762,7.2454,78
0,9226,8.762,7.3412,85
1,9226,8.762,7.1382,84
2,9226,8.762,7.2361,93
3,9226,8.762,7.1898,81
0,9227,8.762,7.2317,87
1,9227,8.762,7.4141,69
2,9227,8.762,7.1664,86
3,9227,8.762,7.1741,91
0,9228,8.762,7.1265,84
1,9228,8.762,7.393,72
2,9228,8.762,7.1839,80
3,9228,8.762,7.4093,73
0,9229,8.762,7.2193,78
1,9229,8.762,7.3355,83
2,9229,8.762,7.2832,80
3,9229,8.762,7.3916,77
0,9230,8.762,7.275,86
1,9230,8.762,7.1461,87
2,9230,8.762,7.2649,81
3,9230,8.762,7.1851,80
0,9231,8.762,7.1287,85
1,9231,8.762,7.4058,82
2,9231,8.762,7.2474,84
3,9231,8.762,7.2634,74
0,9232,8.762,7.3642,74
1,9232,8.762,7.1728,85
2,9232,8.762,7.3817,80
3,9232,8.762,7.215,67
0,9233,8.762,7.2477,74
1,9233,8.762,7.2125,87
2,9233,8.762,7.1497,83
3,9233,8.762,7.4067,74
0,9234,8.762,7.1929,89
1,9234,8.762,7.2773,74
2,9234,8.762,7.3123,81
3,9234,8.762,7.1223,79
0,9235,8.762,7.2087,82
1,9235,8.762,7.2226,78
2,9235,8.762,7.0945,80
3,9235,8.762,7.0482,95
0,9236,8.762,7.1224,93
1,9236,8.762,7.2352,79
2,9236,8.762,7.2983,74
3,9236,8.762,7.177,81
0,9237,8.762,7.0673,93
1,9237,8.762,7.279,84
2,9237,8.762,7.2822,87
3,9237,8.762,7.2547,79
0,9238,8.762,7.1777,78
1,9238,8.762,7.3456,79
2,9238,8.762,7.2701,81
3,9238,8.762,7.141,77
0,9239,8.762,7.3451,78
1,9239,8.762,7.1938,82
2,9239,8.762,7.3331,78
3,9239,8.762,7.3026,75
0,9240,8.762,7.2439,85
1,9240,8.762,6.991,86
2,9240,8.762,7.3151,82
3,9240,8.762,7.3431,84
0,9241,8.762,7.3527,74
1,9241,8.762,7.1496,87
2,9241,8.762,7.3611,76
3,9241,8.762,7.2915,79
0,9242,8.762,7.1278,86
1,9242,8.762,7.1688,73
2,9242,8.762,7.3245,70
3,9242,8.762,7.2581,83
0,9243,8.762,7.3147,71
1,9243,8.762,7.0702,88
2,9243,8.762,7.2826,85
3,9243,8.762,7.3074,84
0,9244,8.762,7.2118,79
1,9244,8.762,7.0944,84
2,9244,8.762,7.2915,75
3,9244,8.762,7.2192,87
0,9245,8.762,7.1706,86
1,9245,8.762,7.1487,74
2,9245,8.762,7.1023,91
3,9245,8.762,7.258,87
0,9246,8.762,7.2077,77
1,9246,8.762,7.3717,80
2,9246,8.762,7.3148,74
3,9246,8.762,7.1576,77
0,9247,8.762,7.2659,86
1,9247,8.762,7.2044,81
2,9247,8.762,7.1502,82
3,9247,8.762,7.3173,76
0,9248,8.762,7.2464,77
1,9248,8.762,7.175,81
2,9248,8.762,7.4287,75
3,9248,8.762,7.2359,77
0,9249,8.762,7.2461,80
1,9249,8.762,7.2488,82
2,9249,8.762,7.2103,76
3,9249,8.762,7.2732,78
0,9250,8.762,7.2363,78
1,9250,8.762,7.0796,93
2,9250,8.762,7.2407,80
3,9250,8.762,7.3287,84
0,9251,8.762,7.4528,72
1,9251,8.762,7.2735,81
2,9251,8.762,7.1362,87
3,9251,8.762,7.2451,87
0,9252,8.762,7.2647,78
1,9252,8.762,7.2896,74
2,9252,8.762,7.2083,79
3,9252,8.762,7.2422,83
0,9253,8.762,7.3571,75
1,9253,8.762,7.2908,74
2,9253,8.762,7.1333,88
3,9253,8.762,7.2215,84
0,9254,8.762,7.287,77
1,9254,8.762,7.3427,79
2,9254,8.762,7.4146,83
3,9254,8.762,7.3085,68
0,9255,8.762,7.3582,82
1,9255,8.762,7.244,91
2,9255,8.762,7.1835,89
3,9255,8.762,7.2587,78
0,9256,8.762,7.193,86
1,9256,8.762,7.3787,86
2,9256,8.762,7.2022,83
3,9256,8.762,7.3789,76
0,9257,8.762,7.2783,79
1,9257,8.762,7.238,80
2,9257,8.762,7.0949,81
3,9257,8.762,7.2346,90
0,9258,8.762,7.2473,82
1,9258,8.762,7.2201,77
2,9258,8.762,7.3561,76
3,9258,8.762,7.4359,75
0,9259,8.762,7.2855,73
1,9259,8.762,7.3333,76
2,9259,8.762,7.2893,81
3,9259,8.762,6.9708,85
0,9260,8.762,7.2244,80
1,9260,8.762,7.2418,88
2,9260,8.762,7.1196,81
3,9260,8.762,7.3761,75
0,9261,8.762,7.1885,81
1,9261,8.762,7.3177,72
2,9261,8.762,7.1498,76
3,9261,8.762,7.1753,84
0,9262,8.762,7.2717,81
1,9262,8.762,7.3059,87
2,9262,8.762,7.2918,83
3,9262,8.762,7.3322,77
0,9263,8.762,7.1914,85
1,9263,8.762,7.1853,79
2,9263,8.762,7.3116,90
3,9263,8.762,7.3269,78
0,9264,8.762,7.3316,75
1,9264,8.762,7.404,75
2,9264,8.762,7.3167,82
3,9264,8.762,7.3419,85
0,9265,8.762,7.2524,72
1,9265,8.762,7.2422,71
2,9265,8.762,7.3699,75
3,9265,8.762,7.2028,89
0,9266,8.762,7.2277,81
1,9266,8.762,7.1542,78
2,9266,8.762,7.1799,82
3,9266,8.762,7.1422,87
0,9267,8.762,7.25,82
1,9267,8.762,7.2136,88
2,9267,8.762,7.126,92
3,9267,8.762,7.2028,89
0,9268,8.762,7.3736,76
1,9268,8.762,7.1557,90
2,9268,8.762,7.1811,87
3,9268,8.762,7.2344,86
0,9269,8.762,7.3488,76
1,9269,8.762,7.389,63
2,9269,8.762,7.3385,72
3,9269,8.762,7.4962,72
0,9270,8.762,6.9492,83
1,9270,8.762,7.2087,77
2,9270,8.762,7.2712,81
3,9270,8.762,7.2495,73
0,9271,8.762,7.4259,65
1,9271,8.762,7.3509,80
2,9271,8.762,7.2125,81
3,9271,8.762,7.1936,79
0,9272,8.762,7.2806,72
1,9272,8.762,7.2644,75
2,9272,8.762,7.1253,79
3,9272,8.762,7.3718,70
0,9273,8.762,7.2737,81
1,9273,8.762,7.1432,91
2,9273,8.762,6.926,88
3,9273,8.762,7.282,78
0,9274,8.762,7.1114,80
1,9274,8.762,7.226,78
2,9274,8.762,7.2237,87
3,9274,8.762,7.147,81
0,9275,8.762,7.2273,78
1,9275,8.762,7.2921,75
2,9275,8.762,7.0749,80
3,9275,8.762,7.3583,83
0,9276,8.762,7.3091,77
1,9276,8.762,7.1714,75
2,9276,8.762,7.2465,79
3,9276,8.762,7.2399,87
0,9277,8.762,7.2932,80
1,9277,8.762,7.2544,76
2,9277,8.762,7.2749,76
3,9277,8.762,7.3743,69
0,9278,8.762,7.2401,88
1,9278,8.762,7.3072,75
2,9278,8.762,7.2832,82
3,9278,8.762,7.2418,89
0,9279,8.762,7.1282,76
1,9279,8.762,7.2923,80
2,9279,8.762,7.3,81
3,9279,8.762,7.1228,90
0,9280,8.762,7.275,80
1,9280,8.762,7.4182,77
2,9280,8.762,7.1843,83
3,9280,8.762,7.0806,90
0,9281,8.762,7.2907,84
1,9281,8.762,7.2677,77
2,9281,8.762,7.3759,83
3,9281,8.762,7.2557,81
0,9282,8.762,7.1289,79
1,9282,8.762,7.2421,79
2,9282,8.762,7.3117,79
3,9282,8.762,7.2859,73
0,9283,8.762,7.2433,80
1,9283,8.762,7.2348,79
2,9283,8.762,7.2903,80
3,9283,8.762,7.3309,75
0,9284,8.762,7.2145,83
1,9284,8.762,7.3404,74
2,9284,8.762,7.1897,84
3,9284,8.762,7.2719,76
0,9285,8.762,7.0498,90
1,9285,8.762,7.0966,91
2,9285,8.762,7.1208,92
3,9285,8.762,7.237,84
0,9286,8.762,7.3829,78
1,9286,8.762,7.2299,89
2,9286,8.762,7.2129,85
3,9286,8.762,7.3187,79
0,9287,8.762,7.2724,74
1,9287,8.762,7.3575,75
2,9287,8.762,7.0972,88
3,9287,8.762,7.2531,87
0,9288,8.762,7.1496,86
1,9288,8.762,7.0635,87
2,9288,8.762,7.268,82
3,9288,8.762,7.2814,78
0,9289,8.762,7.3312,73
1,9289,8.762,7.2092,88
2,9289,8.762,7.2443,82
3,9289,8.762,7.3269,74
0,9290,8.762,7.1402,88
1,9290,8.762,7.4264,76
2,9290,8.762,7.3581,72
3,9290,8.762,7.1439,85
0,9291,8.762,7.1451,76
1,9291,8.762,7.3027,84
2,9291,8.762,7.2863,77
3,9291,8.762,7.4337,77
0,9292,8.762,7.2128,77
1,9292,8.762,7.3501,86
2,9292,8.762,7.3002,77
3,9292,8.762,7.1857,90
0,9293,8.762,7.239,80
1,9293,8.762,7.2107,81
2,9293,8.762,7.3126,77
3,9293,8.762,7.2638,82
0,9294,8.762,7.2433,76
1,9294,8.762,7.1889,74
2,9294,8.762,7.2732,82
3,9294,8.762,7.2831,89
0,9295,8.762,7.0463,96
1,9295,8.762,7.1754,81
2,9295,8.762,7.1942,80
3,9295,8.762,7.2779,74
0,9296,8.762,7.3468,79
1,9296,8.762,7.2774,79
2,9296,8.762,7.2679,87
3,9296,8.762,7.0483,92
0,9297,8.762,7.249,77
1,9297,8.762,7.2463,82
2,9297,8.762,7.1965,89
3,9297,8.762,7.3554,81
0,9298,8.762,7.3427,74
1,9298,8.762,7.2234,87
2,9298,8.762,7.3156,75
3,9298,8.762,7.1659,84
0,9299,8.762,7.1202,96
1,9299,8.762,7.2749,74
2,9299,8.762,7.3144,72
3,9299,8.762,7.2228,77
0,9300,8.762,7.354,72
1,9300,8.762,7.343,78
2,9300,8.762,7.3061,76
3,9300,8.762,7.2464,86
0,9301,8.762,7.1109,78
1,9301,8.762,7.3518,73
2,9301,8.762,7.5349,76
3,9301,8.762,7.1764,82
0,9302,8.762,7.1607,84
1,9302,8.762,7.2216,80
2,9302,8.762,7.2704,83
3,9302,8.762,7.1524,82
0,9303,8.762,7.297,85
1,9303,8.762,7.1996,86
2,9303,8.762,7.3433,72
3,9303,8.762,7.1425,88
0,9304,8.762,7.2878,79
1,9304,8.762,7.3965,76
2,9304,8.762,7.2883,78
3,9304,8.762,7.4252,75
0,9305,8.762,7.3464,70
1,9305,8.762,7.3384,74
2,9305,8.762,7.1674,85
3,9305,8.762,7.2168,80
0,9306,8.762,7.2992,71
1,9306,8.762,7.1529,81
2,9306,8.762,7.2901,75
3,9306,8.762,7.1711,89
0,9307,8.762,7.2544,82
1,9307,8.762,7.1696,86
2,9307,8.762,7.1626,84
3,9307,8.762,7.2768,81
0,9308,8.762,7.2611,80
1,9308,8.762,7.361,86
2,9308,8.762,7.3413,82
3,9308,8.762,7.1198,85
0,9309,8.762,7.1994,81
1,9309,8.762,7.2275,86
2,9309,8.762,7.1848,89
3,9309,8.762,7.3429,75
0,9310,8.762,7.3732,72
1,9310,8.762,7.0971,79
2,9310,8.762,7.1686,87
3,9310,8.762,7.1823,88
0,9311,8.762,7.3294,81
1,9311,8.762,7.2688,73
2,9311,8.762,7.2159,87
3,9311,8.762,7.1057,87
0,9312,8.762,7.2812,76
1,9312,8.762,7.255,81
2,9312,8.762,7.1429,92
3,9312,8.762,7.086,91
0,9313,8.762,7.3362,79
1,9313,8.762,7.1654,91
2,9313,8.762,7.2177,83
3,9313,8.762,7.2733,75
0,9314,8.762,7.3834,77
1,9314,8.762,7.1965,88
2,9314,8.762,7.3779,78
3,9314,8.762,7.2836,88
0,9315,8.762,7.1133,95
1,9315,8.762,7.1686,87
2,9315,8.762,7.2927,82
3,9315,8.762,7.3541,79
0,9316,8.762,7.2288,71
1,9316,8.762,7.1591,85
2,9316,8.762,7.1832,81
3,9316,8.762,7.1827,95
0,9317,8.762,7.2254,76
1,9317,8.762,7.3479,81
2,9317,8.762,7.3232,78
3,9317,8.762,7.3537,77
0,9318,8.762,7.1485,88
1,9318,8.762,7.306,78
2,9318,8.762,7.2098,88
3,9318,8.762,7.1378,90
0,9319,8.762,7.244,78
1,9319,8.762,7.2218,85
2,9319,8.762,7.2432,79
3,9319,8.762,7.1978,86
0,9320,8.762,7.3617,76
1,9320,8.762,7.244,76
2,9320,8.762,7.2274,85
3,9320,8.762,7.2182,78
0,9321,8.762,7.2933,82
1,9321,8.762,7.2495,85
2,9321,8.762,7.1325,91
3,9321,8.762,7.2581,79
0,9322,8.762,7.2214,89
1,9322,8.762,7.2724,82
2,9322,8.762,7.3059,73
3,9322,8.762,7.3191,87
0,9323,8.762,7.1816,79
1,9323,8.762,7.1456,83
2,9323,8.762,7.2405,81
3,9323,8.762,7.1501,87
0,9324,8.762,7.2014,88
1,9324,8.762,7.2763,80
2,9324,8.762,7.2715,90
3,9324,8.762,7.1123,88
0,9325,8.762,7.255,81
1,9325,8.762,7.2284,77
2,9325,8.762,7.2996,86
3,9325,8.762,7.1306,86
0,9326,8.762,7.2859,84
1,9326,8.762,7.252,77
2,9326,8.762,7.2583,71
3,9326,8.762,7.2913,85
0,9327,8.762,7.2781,82
1,9327,8.762,7.2423,78
2,9327,8.762,7.29,70
3,9327,8.762,7.4377,70
0,9328,8.762,7.3605,73
1,9328,8.762,7.2876,85
2,9328,8.762,7.1718,80
3,9328,8.762,7.2405,81
0,9329,8.762,7.0943,80
1,9329,8.762,7.2639,83
2,9329,8.762,7.1934,81
3,9329,8.762,7.3481,77
0,9330,8.762,7.2322,81
1,9330,8.762,7.3063,78
2,9330,8.762,7.1541,85
3,9330,8.762,7.3651,77
0,9331,8.762,7.3172,79
1,9331,8.762,7.0934,88
2,9331,8.762,7.2056,86
3,9331,8.762,7.2153,82
0,9332,8.762,7.3811,69
1,9332,8.762,7.2062,85
2,9332,8.762,7.1624,81
3,9332,8.762,7.2085,81
0,9333,8.762,7.1309,83
1,9333,8.762,7.1865,77
2,9333,8.762,7.3835,71
3,9333,8.762,7.3405,77
0,9334,8.762,7.238,73
1,9334,8.762,7.3985,74
2,9334,8.762,7.2457,84
3,9334,8.762,7.3241,73
0,9335,8.762,7.1955,88
1,9335,8.762,7.2529,76
2,9335,8.762,7.1491,79
3,9335,8.762,7.2699,76
0,9336,8.762,7.3411,84
1,9336,8.762,7.3809,88
2,9336,8.762,7.103,90
3,9336,8.762,7.2534,78
0,9337,8.762,7.2059,81
1,9337,8.762,7.3126,79
2,9337,8.762,7.2362,70
3,9337,8.762,7.1892,84
0,9338,8.762,7.1815,87
1,9338,8.762,7.2691,80
2,9338,8.762,7.3152,69
3,9338,8.762,7.0687,95
0,9339,8.762,7.2807,83
1,9339,8.762,7.2345,86
2,9339,8.762,7.2189,75
3,9339,8.762,7.2976,82
0,9340,8.762,7.3511,70
1,9340,8.762,7.2654,89
2,9340,8.762,7.3971,74
3,9340,8.762,7.2208,87
0,9341,8.762,7.2896,75
1,9341,8.762,7.1075,76
2,9341,8.762,7.2954,83
3,9341,8.762,7.0497,86
0,9342,8.762,7.2314,86
1,9342,8.762,7.3283,87
2,9342,8.762,7.3669,76
3,9342,8.762,7.3055,77
0,9343,8.762,7.2476,83
1,9343,8.762,7.2161,83
2,9343,8.762,7.3267,76
3,9343,8.762,7.3983,73
0,9344,8.762,7.4457,73
1,9344,8.762,7.4235,71
2,9344,8.762,7.3609,74
3,9344,8.762,7.2813,79
0,9345,8.762,7.4003,75
1,9345,8.762,7.2877,77
2,9345,8.762,7.0892,90
3,9345,8.762,7.1834,74
0,9346,8.762,7.1484,86
1,9346,8.762,7.3945,81
2,9346,8.762,7.2771,79
3,9346,8.762,7.2834,71
0,9347,8.762,7.313,79
1,9347,8.762,7.1851,81
2,9347,8.762,7.2602,89
3,9347,8.762,7.1482,99
0,9348,8.762,7.0216,97
1,9348,8.762,7.2086,75
2,9348,8.762,7.2478,87
3,9348,8.762,7.2892,85
0,9349,8.762,7.1369,79
1,9349,8.762,7.1436,83
2,9349,8.762,7.0571,85
3,9349,8.762,7.2413,75
0,9350,8.762,7.1975,77
1,9350,8.762,7.2212,86
2,9350,8.762,7.2342,90
3,9350,8.762,7.3002,71
0,9351,8.762,7.2802,78
1,9351,8.762,7.3261,80
2,9351,8.762,7.3556,81
3,9351,8.762,7.1449,89
0,9352,8.762,7.2983,76
1,9352,8.762,7.2797,82
2,9352,8.762,7.2461,89
3,9352,8.762,7.1388,90
0,9353,8.762,7.4012,75
1,9353,8.762,7.1532,76
2,9353,8.762,7.2636,83
3,9353,8.762,7.0704,92
0,9354,8.762,7.1527,81
1,9354,8.762,7.2791,83
2,9354,8.762,7.2254,85
3,9354,8.762,7.1271,82
0,9355,8.762,7.2837,88
1,9355,8.762,7.3101,74
2,9355,8.762,7.2258,79
3,9355,8.762,7.3676,74
0,9356,8.762,7.3324,79
1,9356,8.762,7.1725,84
2,9356,8.762,7.2841,77
3,9356,8.762,7.1898,80
0,9357,8.762,7.1176,81
1,9357,8.762,7.1888,79
2,9357,8.762,7.3785,73
3,9357,8.762,7.2092,85
0,9358,8.762,7.2473,80
1,9358,8.762,7.3274,77
2,9358,8.762,7.2002,85
3,9358,8.762,7.1962,95
0,9359,8.762,7.2019,82
1,9359,8.762,7.382,80
2,9359,8.762,7.0857,82
3,9359,8.762,7.2714,86
0,9360,8.762,7.1976,83
1,9360,8.762,7.1885,82
2,9360,8.762,7.3131,79
3,9360,8.762,7.1465,80
0,9361,8.762,7.3356,75
1,9361,8.762,7.2061,79
2,9361,8.762,7.1652,79
3,9361,8.762,7.3455,79
0,9362,8.762,7.2539,73
1,9362,8.762,7.2493,75
2,9362,8.762,7.3934,74
3,9362,8.762,7.0193,93
0,9363,8.762,7.1712,78
1,9363,8.762,7.0489,87
2,9363,8.762,7.17,89
3,9363,8.762,7.2606,66
0,9364,8.762,7.3022,76
1,9364,8.762,7.3553,75
2,9364,8.762,7.1511,85
3,9364,8.762,7.2831,76
0,9365,8.762,7.0805,82
1,9365,8.762,7.2846,81
2,9365,8.762,7.4116,72
3,9365,8.762,7.1529,95
0,9366,8.762,7.3318,79
1,9366,8.762,7.4259,86
2,9366,8.762,7.1976,81
3,9366,8.762,7.3454,76
0,9367,8.762,7.267,84
1,9367,8.762,7.2637,73
2,9367,8.762,7.2196,78
3,9367,8.762,7.1701,84
0,9368,8.762,7.0808,93
1,9368,8.762,7.3696,78
2,9368,8.762,7.2793,67
3,9368,8.762,7.162,94
0,9369,8.762,7.1866,84
1,9369,8.762,7.3144,82
2,9369,8.762,7.3107,83
3,9369,8.762,7.1715,85
0,9370,8.762,7.1869,96
1,9370,8.762,7.3018,78
2,9370,8.762,7.3259,77
3,9370,8.762,7.2091,81
0,9371,8.762,7.2335,76
1,9371,8.762,7.2344,79
2,9371,8.762,7.1827,81
3,9371,8.762,7.2629,72
0,9372,8.762,7.3354,72
1,9372,8.762,7.2315,74
2,9372,8.762,7.3343,82
3,9372,8.762,7.459,76
0,9373,8.762,7.2471,68
1,9373,8.762,7.2026,86
2,9373,8.762,7.1261,90
3,9373,8.762,7.37,75
0,9374,8.762,7.3513,79
1,9374,8.762,6.991,92
2,9374,8.762,7.2102,76
3,9374,8.762,7.2238,76
0,9375,8.762,7.1568,90
1,9375,8.762,7.1565,74
2,9375,8.762,7.1927,88
3,9375,8.762,7.336,76
0,9376,8.762,7.1624,89
1,9376,8.762,7.2462,81
2,9376,8.762,7.0133,88
3,9376,8.762,7.2607,82
0,9377,8.762,7.3333,78
1,9377,8.762,7.2768,85
2,9377,8.762,7.0828,89
3,9377,8.762,7.2458,83
0,9378,8.762,7.1627,87
1,9378,8.762,7.0877,87
2,9378,8.762,7.2525,78
3,9378,8.762,7.0458,93
0,9379,8.762,7.3577,79
1,9379,8.762,7.2311,78
2,9379,8.762,7.1344,83
3,9379,8.762,7.2566,77
0,9380,8.762,7.2044,82
1,9380,8.762,7.224,76
2,9380,8.762,7.262,82
3,9380,8.762,7.3389,79
0,9381,8.762,7.3064,77
1,9381,8.762,7.0915,85
2,9381,8.762,7.3878,79
3,9381,8.762,7.298,79
0,9382,8.762,7.2695,82
1,9382,8.762,7.2442,86
2,9382,8.762,7.3033,78
3,9382,8.762,7.3241,78
0,9383,8.762,7.2899,81
1,9383,8.762,7.412,75
2,9383,8.762,7.1657,81
3,9383,8.762,7.2521,72
0,9384,8.762,7.2583,84
1,9384,8.762,7.3879,76
2,9384,8.762,7.0216,84
3,9384,8.762,7.2547,84
0,9385,8.762,7.1207,90
1,9385,8.762,7.3285,87
2,9385,8.762,7.1508,91
3,9385,8.762,7.1846,82
0,9386,8.762,7.2311,77
1,9386,8.762,7.1207,83
2,9386,8.762,7.1997,80
3,9386,8.762,7.1431,92
0,9387,8.762,7.3338,77
1,9387,8.762,7.0445,92
2,9387,8.762,7.2094,83
3,9387,8.762,7.1749,84
0,9388,8.762,7.1787,92
1,9388,8.762,7.3361,73
2,9388,8.762,7.1747,91
3,9388,8.762,7.0701,90
0,9389,8.762,7.3573,74
1,9389,8.762,7.2097,77
2,9389,8.762,7.2126,80
3,9389,8.762,7.2857,87
0,9390,8.762,7.3812,74
1,9390,8.762,7.3512,85
2,9390,8.762,7.3313,80
3,9390,8.762,7.3476,78
0,9391,8.762,7.0969,80
1,9391,8.762,7.2207,82
2,9391,8.762,7.1052,91
3,9391,8.762,7.3495,77
0,9392,8.762,7.3221,66
1,9392,8.762,7.3725,71
2,9392,8.762,7.0441,89
3,9392,8.762,7.3385,81
0,9393,8.762,7.2596,86
1,9393,8.762,7.1829,80
2,9393,8.762,7.256,82
3,9393,8.762,7.3037,76
0,9394,8.762,7.2286,77
1,9394,8.762,7.276,81
2,9394,8.762,7.1693,80
3,9394,8.762,7.2276,81
0,9395,8.762,7.312,76
1,9395,8.762,7.1545,82
2,9395,8.762,7.3455,85
3,9395,8.762,7.3122,79
0,9396,8.762,7.1565,95
1,9396,8.762,7.2828,75
2,9396,8.762,7.2514,88
3,9396,8.762,7.3513,80
0,9397,8.762,7.0663,96
1,9397,8.762,7.2051,84
2,9397,8.762,7.3045,75
3,9397,8.762,7.2496,80
0,9398,8.762,7.2668,75
1,9398,8.762,7.1247,77
2,9398,8.762,7.278,81
3,9398,8.762,7.1141,87
0,9399,8.762,7.2006,80
1,9399,8.762,7.3048,81
2,9399,8.762,7.3069,72
3,9399,8.762,7.167,84
0,9400,8.762,7.1513,83
1,9400,8.762,7.2813,77
2,9400,8.762,7.0427,95
3,9400,8.762,7.1285,97
0,9401,8.762,7.4217,82
1,9401,8.762,7.2779,76
2,9401,8.762,7.3582,74
3,9401,8.762,7.1294,82
0,9402,8.762,7.2302,78
1,9402,8.762,7.0647,89
2,9402,8.762,7.1971,88
3,9402,8.762,7.2537,85
0,9403,8.762,7.2275,84
1,9403,8.762,7.317,72
2,9403,8.762,7.1065,87
3,9403,8.762,7.3434,86
0,9404,8.762,7.2229,70
1,9404,8.762,7.2644,79
2,9404,8.762,7.2884,77
3,9404,8.762,7.3247,81
0,9405,8.762,7.1667,78
1,9405,8.762,7.2467,85
2,9405,8.762,7.246,90
3,9405,8.762,7.112,82
0,9406,8.762,7.09,75
1,9406,8.762,7.2368,76
2,9406,8.762,7.2112,89
3,9406,8.762,7.3347,67
0,9407,8.762,7.2561,78
1,9407,8.762,7.2916,79
2,9407,8.762,7.1732,88
3,9407,8.762,7.0564,78
0,9408,8.762,7.4485,72
1,9408,8.762,7.1492,83
2,9408,8.762,7.1378,89
3,9408,8.762,7.2962,84
0,9409,8.762,7.4036,77
1,9409,8.762,7.3061,86
2,9409,8.762,7.0399,93
3,9409,8.762,7.4619,71
0,9410,8.762,7.2364,82
1,9410,8.762,7.3352,80
2,9410,8.762,7.1693,81
3,9410,8.762,7.2898,86
0,9411,8.762,7.2737,86
1,9411,8.762,7.3002,81
2,9411,8.762,7.2091,88
3,9411,8.762,7.213,86
0,9412,8.762,7.1636,90
1,9412,8.762,7.3427,71
2,9412,8.762,7.3189,80
3,9412,8.762,7.3564,70
0,9413,8.762,7.2417,81
1,9413,8.762,7.266,77
2,9413,8.762,7.1985,86
3,9413,8.762,7.2623,72
0,9414,8.762,7.0531,93
1,9414,8.762,7.1978,79
2,9414,8.762,7.2657,82
3,9414,8.762,7.2584,76
0,9415,8.762,7.1734,84
1,9415,8.762,7.2422,79
2,9415,8.762,7.3241,80
3,9415,8.762,7.1337,95
0,9416,8.762,7.2337,81
1,9416,8.762,7.1661,85
2,9416,8.762,7.1894,79
3,9416,8.762,7.0849,88
0,9417,8.762,7.1453,91
1,9417,8.762,7.3038,77
2,9417,8.762,7.4249,71
3,9417,8.762,7.3105,83
0,9418,8.762,7.1631,88
1,9418,8.762,7.2841,73
2,9418,8.762,7.2833,86
3,9418,8.762,7.2341,73
0,9419,8.762,7.2664,69
1,9419,8.762,7.2479,80
2,9419,8.762,7.4118,80
3,9419,8.762,7.1986,87
0,9420,8.762,7.2021,84
1,9420,8.762,7.2544,81
2,9420,8.762,7.1138,78
3,9420,8.762,7.2364,80
0,9421,8.762,7.3862,74
1,9421,8.762,7.374,75
2,9421,8.762,7.2493,87
3,9421,8.762,7.3304,83
0,9422,8.762,7.1198,87
1,9422,8.762,7.1674,94
2,9422,8.762,7.0472,77
3,9422,8.762,7.2438,79
0,9423,8.762,7.0686,95
1,9423,8.762,7.2515,82
2,9423,8.762,7.1531,83
3,9423,8.762,7.2929,72
0,9424,8.762,7.1637,87
1,9424,8.762,7.3058,86
2,9424,8.762,7.1627,93
3,9424,8.762,7.2243,78
0,9425,8.762,7.3444,72
1,9425,8.762,7.2361,79
2,9425,8.762,7.3082,87
3,9425,8.762,7.1879,73
0,9426,8.762,7.3121,77
1,9426,8.762,7.3008,80
2,9426,8.762,7.2011,81
3,9426,8.762,7.0945,85
0,9427,8.762,7.3816,83
1,9427,8.762,7.3667,76
2,9427,8.762,7.2533,86
3,9427,8.762,7.1456,91
0,9428,8.762,7.1789,87
1,9428,8.762,7.4092,77
2,9428,8.762,7.2408,73
3,9428,8.762,7.3104,83
0,9429,8.762,7.2013,81
1,9429,8.762,7.3191,75
2,9429,8.762,7.3958,71
3,9429,8.762,7.2147,80
0,9430,8.762,7.3383,70
1,9430,8.762,7.1366,74
2,9430,8.762,7.2869,71
3,9430,8.762,7.3706,82
0,9431,8.762,7.1474,83
1,9431,8.762,7.203,85
2,9431,8.762,7.274,81
3,9431,8.762,7.2484,78
0,9432,8.762,7.201,82
1,9432,8.762,7.2965,82
2,9432,8.762,7.352,79
3,9432,8.762,7.3115,71
0,9433,8.762,7.2548,80
1,9433,8.762,7.3493,77
2,9433,8.762,7.2718,74
3,9433,8.762,7.339,76
0,9434,8.762,7.1053,87
1,9434,8.762,7.2318,86
2,9434,8.762,7.2792,79
3,9434,8.762,7.1338,87
0,9435,8.762,7.2937,81
1,9435,8.762,7.058,86
2,9435,8.762,7.2171,79
3,9435,8.762,7.1395,90
0,9436,8.762,7.4064,80
1,9436,8.762,7.2681,74
2,9436,8.762,7.1542,89
3,9436,8.762,7.1763,89
0,9437,8.762,7.1485,91
1,9437,8.762,7.2428,80
2,9437,8.762,7.1362,87
3,9437,8.762,7.1054,85
0,9438,8.762,7.212,90
1,9438,8.762,7.2242,78
2,9438,8.762,7.0639,85
3,9438,8.762,7.2401,77
0,9439,8.762,7.2263,73
1,9439,8.762,7.212,69
2,9439,8.762,7.2233,89
3,9439,8.762,7.211,72
0,9440,8.762,7.2206,83
1,9440,8.762,7.1448,92
2,9440,8.762,7.3114,79
3,9440,8.762,7.1113,82
0,9441,8.762,7.3353,73
1,9441,8.762,7.2918,72
2,9441,8.762,7.1876,79
3,9441,8.762,7.349,79
0,9442,8.762,7.3093,87
1,9442,8.762,7.2215,84
2,9442,8.762,7.1819,85
3,9442,8.762,7.311,77
0,9443,8.762,7.1466,94
1,9443,8.762,7.3232,71
2,9443,8.762,7.0844,79
3,9443,8.762,7.409,76
0,9444,8.762,7.2248,80
1,9444,8.762,7.2557,88
2,9444,8.762,7.3915,74
3,9444,8.762,7.323,80
0,9445,8.762,7.3246,80
1,9445,8.762,7.3501,80
2,9445,8.762,7.2045,79
3,9445,8.762,7.278,78
0,9446,8.762,7.2977,78
1,9446,8.762,7.1559,69
2,9446,8.762,7.1751,83
3,9446,8.762,7.229,80
0,9447,8.762,7.2234,83
1,9447,8.762,7.2592,83
2,9447,8.762,7.1785,90
3,9447,8.762,7.0853,82
0,9448,8.762,7.1044,79
1,9448,8.762,7.0326,82
2,9448,8.762,7.2238,83
3,9448,8.762,7.1558,86
0,9449,8.762,7.4256,73
1,9449,8.762,7.2502,82
2,9449,8.762,7.186,84
3,9449,8.762,7.1202,91
0,9450,8.762,7.2505,78
1,9450,8.762,7.2491,77
2,9450,8.762,7.1757,76
3,9450,8.762,7.4568,87
0,9451,8.762,7.1496,83
1,9451,8.762,7.235,86
2,9451,8.762,7.5153,76
3,9451,8.762,7.3724,76
0,9452,8.762,7.3245,78
1,9452,8.762,7.3192,78
2,9452,8.762,7.2902,78
3,9452,8.762,7.3191,83
0,9453,8.762,7.2104,80
1,9453,8.762,7.2703,78
2,9453,8.762,7.0878,76
3,9453,8.762,7.2609,76
0,9454,8.762,7.266,82
1,9454,8.762,7.2824,83
2,9454,8.762,7.2886,76
3,9454,8.762,7.1686,86
0,9455,8.762,7.3471,86
1,9455,8.762,7.3367,80
2,9455,8.762,7.2805,78
3,9455,8.762,7.291,79
0,9456,8.762,7.2602,82
1,9456,8.762,7.0793,89
2,9456,8.762,7.2129,97
3,9456,8.762,7.3438,81
0,9457,8.762,7.2665,81
1,9457,8.762,7.1425,86
2,9457,8.762,7.2677,77
3,9457,8.762,7.1313,91
0,9458,8.762,7.2435,89
1,9458,8.762,7.3496,78
2,9458,8.762,7.2002,79
3,9458,8.762,7.3597,81
0,9459,8.762,7.2847,87
1,9459,8.762,7.1146,85
2,9459,8.762,7.2143,80
3,9459,8.762,7.3039,81
0,9460,8.762,7.138,73
1,9460,8.762,7.3838,72
2,9460,8.762,7.367,78
3,9460,8.762,7.2179,85
0,9461,8.762,7.4056,75
1,9461,8.762,7.2043,89
2,9461,8.762,7.3157,73
3,9461,8.762,7.1642,80
0,9462,8.762,7.2327,83
1,9462,8.762,7.1947,77
2,9462,8.762,7.3416,71
3,9462,8.762,7.314,89
0,9463,8.762,7.3158,76
1,9463,8.762,7.0803,92
2,9463,8.762,7.2708,69
3,9463,8.762,7.2292,83
0,9464,8.762,7.2273,85
1,9464,8.762,7.1481,100
2,9464,8.762,7.237,81
3,9464,8.762,7.2039,82
0,9465,8.762,7.2166,81
1,9465,8.762,7.3731,74
2,9465,8.762,7.145,79
3,9465,8.762,7.1756,73
0,9466,8.762,7.1702,79
1,9466,8.762,7.1583,80
2,9466,8.762,7.3506,79
3,9466,8.762,7.2582,78
0,9467,8.762,7.162,72
1,9467,8.762,7.2449,62
2,9467,8.762,7.2373,88
3,9467,8.762,7.1594,78
0,9468,8.762,7.3046,81
1,9468,8.762,7.3372,83
2,9468,8.762,7.3913,83
3,9468,8.762,7.2631,89
0,9469,8.762,7.4003,68
1,9469,8.762,7.2858,71
2,9469,8.762,7.1915,84
3,9469,8.762,7.188,83
0,9470,8.762,7.2062,82
1,9470,8.762,7.3039,86
2,9470,8.762,7.2116,79
3,9470,8.762,7.2259,79
0,9471,8.762,7.2602,81
1,9471,8.762,7.3521,74
2,9471,8.762,7.2253,76
3,9471,8.762,7.1443,97
0,9472,8.762,7.1999,78
1,9472,8.762,7.2453,80
2,9472,8.762,7.2442,92
3,9472,8.762,7.4733,79
0,9473,8.762,7.2751,85
1,9473,8.762,7.2456,80
2,9473,8.762,7.2637,79
3,9473,8.762,7.1124,81
0,9474,8.762,7.1607,83
1,9474,8.762,7.2241,86
2,9474,8.762,7.3047,88
3,9474,8.762,7.3059,81
0,9475,8.762,7.2847,77
1,9475,8.762,6.9973,86
2,9475,8.762,7.2412,80
3,9475,8.762,7.3693,70
0,9476,8.762,7.1688,92
1,9476,8.762,7.1359,91
2,9476,8.762,7.1933,88
3,9476,8.762,7.405,76
0,9477,8.762,7.247,82
1,9477,8.762,7.1155,75
2,9477,8.762,7.3294,69
3,9477,8.762,7.2839,83
0,9478,8.762,7.5079,77
1,9478,8.762,7.1974,83
2,9478,8.762,7.1837,78
3,9478,8.762,7.1706,76
0,9479,8.762,7.1696,82
1,9479,8.762,7.2786,76
2,9479,8.762,7.184,91
3,9479,8.762,7.306,81
0,9480,8.762,7.2759,77
1,9480,8.762,7.3343,84
2,9480,8.762,7.2568,86
3,9480,8.762,7.065,87
0,9481,8.762,7.3349,86
1,9481,8.762,7.1867,83
2,9481,8.762,7.2497,85
3,9481,8.762,7.3072,77
0,9482,8.762,7.1648,88
1,9482,8.762,7.1443,82
2,9482,8.762,7.3777,81
3,9482,8.762,7.1827,89
0,9483,8.762,7.2937,77
1,9483,8.762,7.2366,82
2,9483,8.762,7.2353,78
3,9483,8.762,7.3586,78
0,9484,8.762,7.4304,73
1,9484,8.762,7.2556,77
2,9484,8.762,7.188,84
3,9484,8.762,7.1388,86
0,9485,8.762,7.4223,76
1,9485,8.762,7.4044,79
2,9485,8.762,7.1219,85
3,9485,8.762,7.2877,79
0,9486,8.762,7.2695,85
1,9486,8.762,7.2993,81
2,9486,8.762,7.3107,69
3,9486,8.762,7.1443,79
0,9487,8.762,7.2148,81
1,9487,8.762,7.2216,74
2,9487,8.762,7.3716,78
3,9487,8.762,7.1042,86
0,9488,8.762,7.3661,82
1,9488,8.762,7.1762,82
2,9488,8.762,7.4432,75
3,9488,8.762,7.2503,89
0,9489,8.762,7.2424,82
1,9489,8.762,7.2369,91
2,9489,8.762,7.3556,77
3,9489,8.762,7.1726,74
0,9490,8.762,7.2891,77
1,9490,8.762,7.3601,84
2,9490,8.762,7.1813,80
3,9490,8.762,7.2503,79
0,9491,8.762,7.3445,75
1,9491,8.762,7.1511,86
2,9491,8.762,7.254,79
3,9491,8.762,7.2368,77
0,9492,8.762,7.3204,76
1,9492,8.762,7.1452,80
2,9492,8.762,7.2749,78
3,9492,8.762,7.2804,86
0,9493,8.762,7.4355,73
1,9493,8.762,7.3452,74
2,9493,8.762,7.1578,84
3,9493,8.762,7.3547,77
0,9494,8.762,7.0967,83
1,9494,8.762,7.3044,71
2,9494,8.762,7.3171,76
3,9494,8.762,7.1777,80
0,9495,8.762,7.2188,80
1,9495,8.762,7.3053,74
2,9495,8.762,7.0773,78
3,9495,8.762,7.0685,79
0,9496,8.762,7.289,81
1,9496,8.762,7.3226,81
2,9496,8.762,7.3021,79
3,9496,8.762,7.2159,77
0,9497,8.762,7.1538,86
1,9497,8.762,7.2981,80
2,9497,8.762,7.1457,78
3,9497,8.762,7.239,86
0,9498,8.762,7.0347,85
1,9498,8.762,7.3576,81
2,9498,8.762,7.2183,87
3,9498,8.762,7.2267,76
0,9499,8.762,7.3798,81
1,9499,8.762,7.2364,85
2,9499,8.762,7.2207,89
3,9499,8.762,7.2687,80
0,9500,8.762,7.2468,82
1,9500,8.762,7.2453,81
2,9500,8.762,7.2543,72
3,9500,8.762,7.2875,77
0,9501,8.762,7.2158,74
1,9501,8.762,7.287,82
2,9501,8.762,7.2943,68
3,9501,8.762,7.3249,73
0,9502,8.762,7.2283,77
1,9502,8.762,7.2017,87
2,9502,8.762,7.1225,86
3,9502,8.762,7.2572,84
0,9503,8.762,7.1441,85
1,9503,8.762,7.277,84
2,9503,8.762,7.2933,83
3,9503,8.762,7.26,82
0,9504,8.762,7.1502,81
1,9504,8.762,7.2662,77
2,9504,8.762,7.3222,78
3,9504,8.762,7.0726,75
0,9505,8.762,7.1303,79
1,9505,8.762,7.2264,83
2,9505,8.762,7.2918,76
3,9505,8.762,7.1835,85
0,9506,8.762,7.2625,76
1,9506,8.762,7.3145,82
2,9506,8.762,7.5167,63
3,9506,8.762,7.3435,81
0,9507,8.762,7.1056,83
1,9507,8.762,7.3179,78
2,9507,8.762,7.3944,67
3,9507,8.762,7.1538,88
0,9508,8.762,7.1715,89
1,9508,8.762,7.3052,79
2,9508,8.762,7.213,91
3,9508,8.762,7.1535,86
0,9509,8.762,7.1887,79
1,9509,8.762,7.1526,85
2,9509,8.762,7.2641,80
3,9509,8.762,7.1446,89
0,9510,8.762,7.3198,86
1,9510,8.762,7.1238,84
2,9510,8.762,7.2596,86
3,9510,8.762,7.1207,78
0,9511,8.762,7.231,88
1,9511,8.762,7.1309,83
2,9511,8.762,7.251,83
3,9511,8.762,7.017,92
0,9512,8.762,7.1499,84
1,9512,8.762,7.2982,76
2,9512,8.762,7.2463,75
3,9512,8.762,7.1903,86
0,9513,8.762,7.2271,82
1,9513,8.762,7.1629,87
2,9513,8.762,7.2398,77
3,9513,8.762,7.3063,85
0,9514,8.762,7.1594,90
1,9514,8.762,7.1371,85
2,9514,8.762,7.1054,84
3,9514,8.762,7.4302,82
0,9515,8.762,7.2366,76
1,9515,8.762,7.0445,84
2,9515,8.762,7.2475,79
3,9515,8.762,7.1504,92
0,9516,8.762,7.2242,81
1,9516,8.762,7.3977,74
2,9516,8.762,7.3524,78
3,9516,8.762,7.2875,77
0,9517,8.762,7.1872,79
1,9517,8.762,7.2764,80
2,9517,8.762,7.2897,80
3,9517,8.762,7.0493,86
0,9518,8.762,7.2634,73
1,9518,8.762,7.3462,87
2,9518,8.762,7.2982,75
3,9518,8.762,7.185,82
0,9519,8.762,7.2072,86
1,9519,8.762,7.1494,86
2,9519,8.762,7.1861,94
3,9519,8.762,7.2371,74
0,9520,8.762,7.3523,76
1,9520,8.762,7.2648,86
2,9520,8.762,7.1775,87
3,9520,8.762,7.2798,81
0,9521,8.762,7.3269,76
1,9521,8.762,7.3159,80
2,9521,8.762,7.1899,80
3,9521,8.762,7.187,94
0,9522,8.762,7.1821,88
1,9522,8.762,7.2186,75
2,9522,8.762,7.1526,93
3,9522,8.762,7.3869,73
0,9523,8.762,7.2702,82
1,9523,8.762,7.2475,73
2,9523,8.762,7.0692,89
3,9523,8.762,7.2175,73
0,9524,8.762,7.3204,81
1,9524,8.762,7.2981,80
2,9524,8.762,7.1815,83
3,9524,8.762,7.127,84
0,9525,8.762,7.3225,74
1,9525,8.762,7.0888,98
2,9525,8.762,7.2738,79
3,9525,8.762,7.245,79
0,9526,8.762,7.2987,82
1,9526,8.762,7.3439,78
2,9526,8.762,7.3525,74
3,9526,8.762,7.198,85
0,9527,8.762,7.0948,84
1,9527,8.762,6.9792,90
2,9527,8.762,7.2739,76
3,9527,8.762,7.4646,71
0,9528,8.762,7.2166,84
1,9528,8.762,7.2119,81
2,9528,8.762,7.1399,107
3,9528,8.762,7.1729,88
0,9529,8.762,7.3389,85
1,9529,8.762,7.1672,79
2,9529,8.762,7.3638,83
3,9529,8.762,7.1159,80
0,9530,8.762,7.2072,85
1,9530,8.762,7.2837,75
2,9530,8.762,7.2747,76
3,9530,8.762,7.2329,82
0,9531,8.762,7.2834,80
1,9531,8.762,7.4477,66
2,9531,8.762,7.2643,78
3,9531,8.762,7.3222,88
0,9532,8.762,7.326,68
1,9532,8.762,7.3213,82
2,9532,8.762,7.4595,67
3,9532,8.762,7.1858,83
0,9533,8.762,7.2287,84
1,9533,8.762,7.2231,89
2,9533,8.762,7.2641,87
3,9533,8.762,7.1883,73
0,9534,8.762,7.1324,78
1,9534,8.762,7.1996,89
2,9534,8.762,7.3,87
3,9534,8.762,7.1433,77
0,9535,8.762,7.1307,85
1,9535,8.762,7.1495,84
2,9535,8.762,7.344,83
3,9535,8.762,7.1008,83
0,9536,8.762,7.1649,90
1,9536,8.762,7.0883,96
2,9536,8.762,7.3356,76
3,9536,8.762,7.1925,85
0,9537,8.762,7.2612,79
1,9537,8.762,7.2688,80
2,9537,8.762,7.4093,78
3,9537,8.762,7.1629,83
0,9538,8.762,7.3046,73
1,9538,8.762,7.2532,74
2,9538,8.762,7.3049,88
3,9538,8.762,7.1423,92
0,9539,8.762,7.4299,70
1,9539,8.762,7.1535,88
2,9539,8.762,7.1701,81
3,9539,8.762,7.3042,73
0,9540,8.762,7.2735,80
1,9540,8.762,7.2116,84
2,9540,8.762,7.357,83
3,9540,8.762,7.3079,85
0,9541,8.762,7.1586,88
1,9541,8.762,7.1836,74
2,9541,8.762,7.1958,78
3,9541,8.762,7.1767,78
0,9542,8.762,7.1693,91
1,9542,8.762,7.3064,80
2,9542,8.762,7.118,84
3,9542,8.762,7.2962,80
0,9543,8.762,7.1389,86
1,9543,8.762,7.16,83
2,9543,8.762,7.2053,86
3,9543,8.762,7.3178,78
0,9544,8.762,7.2753,75
1,9544,8.762,7.151,86
2,9544,8.762,7.1822,87
3,9544,8.762,7.2249,80
0,9545,8.762,7.0979,76
1,9545,8.762,7.1942,80
2,9545,8.762,7.3476,86
3,9545,8.762,7.1701,85
0,9546,8.762,7.1782,82
1,9546,8.762,7.2561,78
2,9546,8.762,7.2926,86
3,9546,8.762,7.3804,72
0,9547,8.762,6.9051,88
1,9547,8.762,7.2374,81
2,9547,8.762,7.2559,82
3,9547,8.762,7.0625,79
0,9548,8.762,7.2625,84
1,9548,8.762,7.3047,74
2,9548,8.762,7.3239,72
3,9548,8.762,7.2302,80
0,9549,8.762,7.3875,76
1,9549,8.762,7.3145,79
2,9549,8.762,7.1614,87
3,9549,8.762,7.2862,81
0,9550,8.762,7.3114,87
1,9550,8.762,7.272,78
2,9550,8.762,7.2498,69
3,9550,8.762,7.1083,88
0,9551,8.762,7.1223,79
1,9551,8.762,7.275,77
2,9551,8.762,7.2315,77
3,9551,8.762,7.3465,76
0,9552,8.762,7.1329,85
1,9552,8.762,7.2645,79
2,9552,8.762,7.1124,78
3,9552,8.762,7.2663,85
0,9553,8.762,7.205,83
1,9553,8.762,7.0924,89
2,9553,8.762,7.2035,84
3,9553,8.762,7.2138,75
0,9554,8.762,7.3483,79
1,9554,8.762,7.0648,93
2,9554,8.762,7.2541,81
3,9554,8.762,7.2512,82
0,9555,8.762,7.173,89
1,9555,8.762,7.1189,80
2,9555,8.762,7.3183,80
3,9555,8.762,7.0915,81
0,9556,8.762,7.3501,88
1,9556,8.762,7.1951,95
2,9556,8.762,7.2146,81
3,9556,8.762,7.0791,84
0,9557,8.762,7.3359,75
1,9557,8.762,7.2483,78
2,9557,8.762,7.182,81
3,9557,8.762,7.2274,81
0,9558,8.762,7.2566,82
1,9558,8.762,7.2606,88
2,9558,8.762,7.2586,79
3,9558,8.762,7.1577,88
0,9559,8.762,7.2092,81
1,9559,8.762,7.3768,76
2,9559,8.762,7.4261,70
3,9559,8.762,7.0858,84
0,9560,8.762,7.2869,81
1,9560,8.762,7.3624,80
2,9560,8.762,7.2131,69
3,9560,8.762,7.2973,79
0,9561,8.762,7.2599,82
1,9561,8.762,7.1368,85
2,9561,8.762,7.2136,87
3,9561,8.762,7.2429,85
0,9562,8.762,7.3084,79
1,9562,8.762,7.318,84
2,9562,8.762,7.2689,85
3,9562,8.762,7.216,79
0,9563,8.762,7.2896,77
1,9563,8.762,7.212,78
2,9563,8.762,7.0769,95
3,9563,8.762,7.3675,89
0,9564,8.762,7.2732,82
1,9564,8.762,7.2282,76
2,9564,8.762,7.2639,73
3,9564,8.762,7.2625,83
0,9565,8.762,7.3792,73
1,9565,8.762,7.3235,76
2,9565,8.762,7.3991,85
3,9565,8.762,7.1601,91
0,9566,8.762,7.3306,70
1,9566,8.762,7.1675,84
2,9566,8.762,7.2632,72
3,9566,8.762,7.3658,70
0,9567,8.762,7.2461,84
1,9567,8.762,7.1546,79
2,9567,8.762,7.3067,81
3,9567,8.762,7.3393,70
0,9568,8.762,7.141,83
1,9568,8.762,7.3084,75
2,9568,8.762,7.1672,87
3,9568,8.762,7.2744,71
0,9569,8.762,7.2442,74
1,9569,8.762,7.0243,87
2,9569,8.762,7.1193,85
3,9569,8.762,7.3885,78
0,9570,8.762,7.1787,86
1,9570,8.762,7.1652,77
2,9570,8.762,7.3096,86
3,9570,8.762,7.3587,88
0,9571,8.762,7.3147,79
1,9571,8.762,7.3546,74
2,9571,8.762,7.3327,76
3,9571,8.762,7.2407,99
0,9572,8.762,7.1669,85
1,9572,8.762,7.2173,77
2,9572,8.762,7.4019,69
3,9572,8.762,7.2527,79
0,9573,8.762,7.2901,78
1,9573,8.762,7.248,90
2,9573,8.762,7.1847,82
3,9573,8.762,7.1943,75
0,9574,8.762,7.2529,77
1,9574,8.762,7.2736,71
2,9574,8.762,7.351,78
3,9574,8.762,7.1625,88
0,9575,8.762,7.3696,81
1,9575,8.762,7.1685,80
2,9575,8.762,7.3105,75
3,9575,8.762,7.1432,92
0,9576,8.762,7.4485,68
1,9576,8.762,7.1157,91
2,9576,8.762,7.3285,73
3,9576,8.762,7.1403,81
0,9577,8.762,7.216,80
1,9577,8.762,7.2418,76
2,9577,8.762,7.1369,82
3,9577,8.762,7.2687,84
0,9578,8.762,7.2199,73
1,9578,8.762,7.187,83
2,9578,8.762,7.1562,79
3,9578,8.762,7.261,84
0,9579,8.762,7.1086,76
1,9579,8.762,7.3309,73
2,9579,8.762,7.2652,81
3,9579,8.762,7.0684,93
0,9580,8.762,7.054,92
1,9580,8.762,7.2195,83
2,9580,8.762,7.3196,86
3,9580,8.762,7.1842,80
0,9581,8.762,7.1348,82
1,9581,8.762,7.2851,79
2,9581,8.762,7.248,81
3,9581,8.762,7.3349,75
0,9582,8.762,7.1395,85
1,9582,8.762,7.2335,86
2,9582,8.762,7.3679,81
3,9582,8.762,7.1975,89
0,9583,8.762,7.3522,87
1,9583,8.762,7.2482,82
2,9583,8.762,7.3962,72
3,9583,8.762,7.3346,79
0,9584,8.762,7.2378,87
1,9584,8.762,7.214,82
2,9584,8.762,7.3463,87
3,9584,8.762,7.1827,79
0,9585,8.762,7.2498,83
1,9585,8.762,7.3299,70
2,9585,8.762,7.2401,81
3,9585,8.762,7.2058,86
0,9586,8.762,7.3216,76
1,9586,8.762,7.2348,87
2,9586,8.762,7.2533,87
3,9586,8.762,7.2086,81
0,9587,8.762,7.1174,86
1,9587,8.762,7.2667,88
2,9587,8.762,7.0388,93
3,9587,8.762,7.1001,91
0,9588,8.762,7.2894,86
1,9588,8.762,7.2563,77
2,9588,8.762,7.0491,96
3,9588,8.762,7.1344,86
0,9589,8.762,7.2159,77
1,9589,8.762,7.4047,82
2,9589,8.762,7.3556,79
3,9589,8.762,7.1896,81
0,9590,8.762,7.2106,89
1,9590,8.762,7.1927,82
2,9590,8.762,7.2117,76
3,9590,8.762,7.2903,70
0,9591,8.762,7.2865,78
1,9591,8.762,7.3053,82
2,9591,8.762,7.3363,81
3,9591,8.762,7.2039,76
0,9592,8.762,7.2537,80
1,9592,8.762,7.3152,74
2,9592,8.762,7.2522,79
3,9592,8.762,7.2497,77
0,9593,8.762,7.127,88
1,9593,8.762,7.3853,76
2,9593,8.762,7.1882,87
3,9593,8.762,7.2491,82
0,9594,8.762,7.2182,82
1,9594,8.762,7.2749,75
2,9594,8.762,7.2578,85
3,9594,8.762,7.2362,80
0,9595,8.762,7.2879,83
1,9595,8.762,7.0877,86
2,9595,8.762,7.1299,81
3,9595,8.762,7.2425,80
0,9596,8.762,7.196,86
1,9596,8.762,7.3585,81
2,9596,8.762,7.2934,72
3,9596,8.762,7.3185,76
0,9597,8.762,7.3156,71
1,9597,8.762,7.2094,80
2,9597,8.762,7.1899,74
3,9597,8.762,7.3696,79
0,9598,8.762,7.0957,85
1,9598,8.762,7.1246,87
2,9598,8.762,7.2549,77
3,9598,8.762,7.3643,68
0,9599,8.762,7.2875,82
1,9599,8.762,7.0471,86
2,9599,8.762,7.0304,89
3,9599,8.762,7.2504,87
0,9600,8.762,7.2942,72
1,9600,8.762,7.0158,94
2,9600,8.762,7.3333,70
3,9600,8.762,7.2405,83
0,9601,8.762,7.2889,81
1,9601,8.762,7.1742,91
2,9601,8.762,7.2247,81
3,9601,8.762,7.2292,78
0,9602,8.762,7.3702,81
1,9602,8.762,7.2684,75
2,9602,8.762,7.3036,77
3,9602,8.762,7.2857,84
0,9603,8.762,7.2189,77
1,9603,8.762,7.1906,80
2,9603,8.762,7.0672,79
3,9603,8.762,7.1321,85
0,9604,8.762,7.2166,84
1,9604,8.762,7.3189,79
2,9604,8.762,7.176,80
3,9604,8.762,7.1078,85
0,9605,8.762,7.2619,77
1,9605,8.762,7.3068,76
2,9605,8.762,7.2713,84
3,9605,8.762,7.433,71
0,9606,8.762,7.2665,78
1,9606,8.762,7.3052,73
2,9606,8.762,7.2345,82
3,9606,8.762,7.077,91
0,9607,8.762,7.1302,84
1,9607,8.762,7.3548,87
2,9607,8.762,7.0607,86
3,9607,8.762,7.4023,73
0,9608,8.762,7.1272,82
1,9608,8.762,7.1802,82
2,9608,8.762,7.1869,85
3,9608,8.762,7.3139,70
0,9609,8.762,7.1656,87
1,9609,8.762,7.3416,84
2,9609,8.762,7.2744,86
3,9609,8.762,7.3885,76
0,9610,8.762,7.1966,79
1,9610,8.762,7.0863,88
2,9610,8.762,7.2868,85
3,9610,8.762,7.3624,70
0,9611,8.762,7.184,84
1,9611,8.762,7.0675,80
2,9611,8.762,7.2898,78
3,9611,8.762,7.2154,80
0,9612,8.762,7.32,80
1,9612,8.762,7.1523,80
2,9612,8.762,7.1213,100
3,9612,8.762,7.2071,83
0,9613,8.762,7.2049,75
1,9613,8.762,7.1616,73
2,9613,8.762,7.1539,83
3,9613,8.762,7.1233,89
0,9614,8.762,7.3148,82
1,9614,8.762,7.0663,93
2,9614,8.762,7.3467,80
3,9614,8.762,7.3622,83
0,9615,8.762,7.3996,75
1,9615,8.762,7.1369,92
2,9615,8.762,7.1903,82
3,9615,8.762,7.2416,77
0,9616,8.762,7.1124,86
1,9616,8.762,7.3149,77
2,9616,8.762,7.2805,67
3,9616,8.762,7.2576,78
0,9617,8.762,7.2999,81
1,9617,8.762,6.9984,92
2,9617,8.762,7.3355,78
3,9617,8.762,7.1998,85
0,9618,8.762,7.1152,86
1,9618,8.762,7.1824,93
2,9618,8.762,7.31,78
3,9618,8.762,7.2486,76
0,9619,8.762,7.2054,74
1,9619,8.762,7.3365,88
2,9619,8.762,7.143,87
3,9619,8.762,7.1535,81
0,9620,8.762,7.4254,76
1,9620,8.762,7.4455,82
2,9620,8.762,7.266,81
3,9620,8.762,7.1632,85
0,9621,8.762,7.1894,79
1,9621,8.762,7.1061,84
2,9621,8.762,7.1587,98
3,9621,8.762,7.279,80
0,9622,8.762,7.0989,87
1,9622,8.762,7.297,78
2,9622,8.762,7.1948,82
3,9622,8.762,7.2114,84
0,9623,8.762,7.3528,74
1,9623,8.762,7.3541,85
2,9623,8.762,7.2188,82
3,9623,8.762,7.3271,77
0,9624,8.762,7.2181,77
1,9624,8.762,7.2699,85
2,9624,8.762,7.2812,82
3,9624,8.762,7.1016,88
0,9625,8.762,7.1611,83
1,9625,8.762,7.1532,92
2,9625,8.762,7.2791,84
3,9625,8.762,7.1788,87
0,9626,8.762,7.2187,85
1,9626,8.762,7.4121,74
2,9626,8.762,7.141,90
3,9626,8.762,7.1891,85
0,9627,8.762,7.2093,84
1,9627,8.762,7.3342,82
2,9627,8.762,7.1378,82
3,9627,8.762,7.0921,95
0,9628,8.762,7.2435,93
1,9628,8.762,7.1209,76
2,9628,8.762,7.1764,79
3,9628,8.762,7.2567,82
0,9629,8.762,7.2627,79
1,9629,8.762,7.211,84
2,9629,8.762,7.3452,75
3,9629,8.762,7.2456,76
0,9630,8.762,7.1686,89
1,9630,8.762,7.4424,75
2,9630,8.762,7.222,71
3,9630,8.762,7.3271,74
0,9631,8.762,7.3057,75
1,9631,8.762,7.2082,91
2,9631,8.762,7.245,84
3,9631,8.762,7.2876,84
0,9632,8.762,7.3659,78
1,9632,8.762,7.2907,73
2,9632,8.762,7.1669,81
3,9632,8.762,7.3612,75
0,9633,8.762,7.3323,67
1,9633,8.762,7.2667,72
2,9633,8.762,7.3282,78
3,9633,8.762,7.035,93
0,9634,8.762,7.2942,79
1,9634,8.762,7.2072,88
2,9634,8.762,7.2721,87
3,9634,8.762,7.1362,77
0,9635,8.762,7.342,85
1,9635,8.762,7.2906,81
2,9635,8.762,7.2459,80
3,9635,8.762,7.3769,71
0,9636,8.762,7.2778,84
1,9636,8.762,7.2587,83
2,9636,8.762,7.3042,79
3,9636,8.762,7.1399,99
0,9637,8.762,7.1504,84
1,9637,8.762,7.0618,97
2,9637,8.762,7.3084,83
3,9637,8.762,7.2256,83
0,9638,8.762,7.214,82
1,9638,8.762,7.2151,80
2,9638,8.762,7.3646,76
3,9638,8.762,7.2443,79
0,9639,8.762,7.1813,93
1,9639,8.762,7.3049,78
2,9639,8.762,7.2363,78
3,9639,8.762,7.1538,82
0,9640,8.762,7.1194,95
1,9640,8.762,7.1754,80
2,9640,8.762,7.2661,77
3,9640,8.762,7.2558,76
0,9641,8.762,7.2091,81
1,9641,8.762,7.3534,88
2,9641,8.762,7.3508,72
3,9641,8.762,7.2351,83
0,9642,8.762,7.2654,84
1,9642,8.762,7.2696,86
2,9642,8.762,7.2357,84
3,9642,8.762,7.353,85
0,9643,8.762,7.1036,81
1,9643,8.762,7.1545,85
2,9643,8.762,7.1758,82
3,9643,8.762,7.1566,77
0,9644,8.762,7.2719,85
1,9644,8.762,7.2698,86
2,9644,8.762,7.2655,73
3,9644,8.762,7.2418,86
0,9645,8.762,7.3174,77
1,9645,8.762,7.2063,86
2,9645,8.762,7.1761,79
3,9645,8.762,7.1087,92
0,9646,8.762,7.2444,82
1,9646,8.762,7.3068,70
2,9646,8.762,7.2881,84
3,9646,8.762,7.2258,78
0,9647,8.762,7.2718,83
1,9647,8.762,7.337,66
2,9647,8.762,7.2218,79
3,9647,8.762,7.2822,81
0,9648,8.762,7.0577,94
1,9648,8.762,7.2071,94
2,9648,8.762,7.2275,78
3,9648,8.762,7.213,85
0,9649,8.762,7.1826,83
1,9649,8.762,7.1963,79
2,9649,8.762,7.2963,76
3,9649,8.762,7.2139,85
0,9650,8.762,7.0525,87
1,9650,8.762,7.2917,83
2,9650,8.762,7.1927,87
3,9650,8.762,7.1838,81
0,9651,8.762,7.2888,85
1,9651,8.762,7.0264,89
2,9651,8.762,7.1941,76
3,9651,8.762,7.1641,95
0,9652,8.762,7.314,72
1,9652,8.762,7.2795,80
2,9652,8.762,7.3789,77
3,9652,8.762,7.0408,88
0,9653,8.762,7.2514,79
1,9653,8.762,7.3725,73
2,9653,8.762,7.4022,79
3,9653,8.762,7.2146,82
0,9654,8.762,7.1895,84
1,9654,8.762,7.4035,73
2,9654,8.762,7.0953,87
3,9654,8.762,7.2549,78
0,9655,8.762,7.2537,87
1,9655,8.762,7.1823,78
2,9655,8.762,7.1077,90
3,9655,8.762,7.3173,68
0,9656,8.762,7.2553,77
1,9656,8.762,7.377,77
2,9656,8.762,7.2047,85
3,9656,8.762,7.3059,82
0,9657,8.762,7.114,77
1,9657,8.762,7.212,71
2,9657,8.762,7.3398,76
3,9657,8.762,7.1293,90
0,9658,8.762,7.0992,79
1,9658,8.762,7.1732,82
2,9658,8.762,7.0791,88
3,9658,8.762,7.1979,84
0,9659,8.762,7.232,82
1,9659,8.762,7.3103,82
2,9659,8.762,7.1937,88
3,9659,8.762,7.3143,76
0,9660,8.762,7.6328,69
1,9660,8.762,7.1746,91
2,9660,8.762,7.3162,77
3,9660,8.762,7.2607,87
0,9661,8.762,7.175,89
1,9661,8.762,7.3257,79
2,9661,8.762,7.2793,84
3,9661,8.762,7.1849,75
0,9662,8.762,7.1668,78
1,9662,8.762,7.3378,76
2,9662,8.762,7.1636,86
3,9662,8.762,7.0963,92
0,9663,8.762,7.3824,71
1,9663,8.762,7.2342,83
2,9663,8.762,7.1457,84
3,9663,8.762,7.3944,84
0,9664,8.762,7.4055,76
1,9664,8.762,7.4363,78
2,9664,8.762,7.1143,83
3,9664,8.762,7.1699,78
0,9665,8.762,7.2767,79
1,9665,8.762,7.0876,85
2,9665,8.762,7.3116,79
3,9665,8.762,7.1966,88
0,9666,8.762,7.2399,84
1,9666,8.762,7.2362,94
2,9666,8.762,7.2802,79
3,9666,8.762,7.1183,84
0,9667,8.762,7.2596,83
1,9667,8.762,7.2868,75
2,9667,8.762,7.265,72
3,9667,8.762,7.2892,87
0,9668,8.762,7.0448,93
1,9668,8.762,7.3406,76
2,9668,8.762,7.2639,90
3,9668,8.762,7.2859,75
0,9669,8.762,7.2233,80
1,9669,8.762,7.4352,73
2,9669,8.762,7.3377,74
3,9669,8.762,7.1785,82
0,9670,8.762,7.171,85
1,9670,8.762,7.2875,74
2,9670,8.762,7.1751,77
3,9670,8.762,7.366,82
0,9671,8.762,7.2847,76
1,9671,8.762,7.0948,82
2,9671,8.762,7.2453,71
3,9671,8.762,7.3076,86
0,9672,8.762,7.1937,90
1,9672,8.762,7.3612,79
2,9672,8.762,7.0703,96
3,9672,8.762,7.3178,84
0,9673,8.762,7.3367,79
1,9673,8.762,7.175,84
2,9673,8.762,7.2221,86
3,9673,8.762,7.2258,81
0,9674,8.762,7.1096,79
1,9674,8.762,7.1988,76
2,9674,8.762,7.314,82
3,9674,8.762,7.1682,75
0,9675,8.762,7.0511,96
1,9675,8.762,7.2752,84
2,9675,8.762,7.2382,73
3,9675,8.762,7.1252,81
0,9676,8.762,7.1237,79
1,9676,8.762,7.2064,95
2,9676,8.762,7.3501,78
3,9676,8.762,7.0794,86
0,9677,8.762,7.2146,82
1,9677,8.762,7.3216,83
2,9677,8.762,7.1941,83
3,9677,8.762,7.303,87
0,9678,8.762,7.2331,84
1,9678,8.762,7.157,84
2,9678,8.762,7.3618,83
3,9678,8.762,7.3347,85
0,9679,8.762,7.2573,80
1,9679,8.762,7.2644,78
2,9679,8.762,7.252,79
3,9679,8.762,7.1,82
0,9680,8.762,7.2589,90
1,9680,8.762,7.1697,87
2,9680,8.762,7.16,84
3,9680,8.762,7.2011,89
0,9681,8.762,7.1858,85
1,9681,8.762,7.2742,76
2,9681,8.762,7.2371,87
3,9681,8.762,7.3661,67
0,9682,8.762,7.2394,87
1,9682,8.762,7.3243,77
2,9682,8.762,7.2438,90
3,9682,8.762,7.2575,83
0,9683,8.762,7.1471,81
1,9683,8.762,7.1795,80
2,9683,8.762,7.4128,82
3,9683,8.762,7.3732,82
0,9684,8.762,7.1249,87
1,9684,8.762,7.2458,85
2,9684,8.762,7.1984,86
3,9684,8.762,7.3074,88
0,9685,8.762,7.2203,89
1,9685,8.762,7.1984,83
2,9685,8.762,7.2764,79
3,9685,8.762,7.3569,78
0,9686,8.762,7.3125,79
1,9686,8.762,7.2926,80
2,9686,8.762,7.2944,87
3,9686,8.762,7.1689,82
0,9687,8.762,7.3031,69
1,9687,8.762,7.2051,81
2,9687,8.762,7.0151,106
3,9687,8.762,7.3997,78
0,9688,8.762,7.2182,80
1,9688,8.762,7.129,89
2,9688,8.762,7.3465,78
3,9688,8.762,7.2208,86
0,9689,8.762,7.1583,81
1,9689,8.762,7.2254,85
2,9689,8.762,7.3067,80
3,9689,8.762,7.0967,81
0,9690,8.762,7.3226,75
1,9690,8.762,7.3618,68
2,9690,8.762,7.3043,75
3,9690,8.762,7.1614,92
0,9691,8.762,7.1441,86
1,9691,8.762,7.2332,85
2,9691,8.762,7.2714,79
3,9691,8.762,7.2662,78
0,9692,8.762,7.1826,84
1,9692,8.762,7.1752,79
2,9692,8.762,7.3623,77
3,9692,8.762,7.1273,82
0,9693,8.762,7.0841,80
1,9693,8.762,7.2445,88
2,9693,8.762,7.269,80
3,9693,8.762,7.3743,74
0,9694,8.762,7.2134,85
1,9694,8.762,7.0758,83
2,9694,8.762,7.4103,68
3,9694,8.762,7.3834,67
0,9695,8.762,7.2767,81
1,9695,8.762,7.2795,73
2,9695,8.762,7.3572,80
3,9695,8.762,7.2512,81
0,9696,8.762,7.115,90
1,9696,8.762,7.1917,83
2,9696,8.762,7.2358,90
3,9696,8.762,7.0051,92
0,9697,8.762,7.3306,69
1,9697,8.762,7.3697,78
2,9697,8.762,7.2953,79
3,9697,8.762,7.247,76
0,9698,8.762,7.2445,78
1,9698,8.762,7.1082,82
2,9698,8.762,7.139,80
3,9698,8.762,7.2073,93
0,9699,8.762,7.1899,78
1,9699,8.762,7.4431,77
2,9699,8.762,7.1991,78
3,9699,8.762,7.1144,80
0,9700,8.762,7.2074,74
1,9700,8.762,7.1411,80
2,9700,8.762,7.3036,82
3,9700,8.762,7.1768,80
0,9701,8.762,6.9946,99
1,9701,8.762,7.2437,78
2,9701,8.762,7.2979,75
3,9701,8.762,7.2565,78
0,9702,8.762,7.3363,75
1,9702,8.762,7.4749,74
2,9702,8.762,7.1715,83
3,9702,8.762,7.2078,82
0,9703,8.762,7.0992,86
1,9703,8.762,7.1644,77
2,9703,8.762,7.2836,89
3,9703,8.762,7.3169,81
0,9704,8.762,7.2559,84
1,9704,8.762,7.4087,71
2,9704,8.762,7.304,83
3,9704,8.762,7.2253,86
0,9705,8.762,7.1486,76
1,9705,8.762,7.2734,85
2,9705,8.762,7.3243,87
3,9705,8.762,7.3134,78
0,9706,8.762,7.2176,82
1,9706,8.762,7.4698,73
2,9706,8.762,7.3396,72
3,9706,8.762,7.3018,82
0,9707,8.762,7.0332,92
1,9707,8.762,7.1448,91
2,9707,8.762,7.2919,89
3,9707,8.762,7.2673,72
0,9708,8.762,7.1873,82
1,9708,8.762,7.391,80
2,9708,8.762,7.2015,86
3,9708,8.762,7.3138,81
0,9709,8.762,7.3114,82
1,9709,8.762,7.2849,73
2,9709,8.762,7.2697,75
3,9709,8.762,7.0903,77
0,9710,8.762,7.402,73
1,9710,8.762,7.0719,93
2,9710,8.762,7.2612,85
3,9710,8.762,7.1434,95
0,9711,8.762,7.2919,78
1,9711,8.762,7.3945,79
2,9711,8.762,7.3402,83
3,9711,8.762,7.1519,85
0,9712,8.762,7.2702,83
1,9712,8.762,7.1526,88
2,9712,8.762,7.1864,83
3,9712,8.762,7.2621,85
0,9713,8.762,7.2394,74
1,9713,8.762,7.1159,93
2,9713,8.762,7.4119,72
3,9713,8.762,7.181,81
0,9714,8.762,7.2672,85
1,9714,8.762,7.366,78
2,9714,8.762,7.2627,89
3,9714,8.762,7.1138,81
0,9715,8.762,7.3092,81
1,9715,8.762,7.1707,85
2,9715,8.762,7.1616,84
3,9715,8.762,7.2269,92
0,9716,8.762,7.3089,85
1,9716,8.762,7.336,85
2,9716,8.762,7.1875,90
3,9716,8.762,7.3464,82
0,9717,8.762,7.4174,76
1,9717,8.762,7.3662,80
2,9717,8.762,7.3226,76
3,9717,8.762,7.1621,76
0,9718,8.762,7.1959,79
1,9718,8.762,7.3436,82
2,9718,8.762,7.0483,96
3,9718,8.762,7.2483,87
0,9719,8.762,7.1632,86
1,9719,8.762,7.3316,87
2,9719,8.762,7.3334,77
3,9719,8.762,7.3746,86
0,9720,8.762,7.2592,84
1,9720,8.762,7.2662,77
2,9720,8.762,7.2247,87
3,9720,8.762,7.1865,80
0,9721,8.762,7.3487,67
1,9721,8.762,7.3235,82
2,9721,8.762,7.1023,87
3,9721,8.762,7.1764,79
0,9722,8.762,7.1594,85
1,9722,8.762,7.1695,70
2,9722,8.762,7.2688,83
3,9722,8.762,7.3047,79
0,9723,8.762,7.2305,85
1,9723,8.762,7.2309,85
2,9723,8.762,7.3077,76
3,9723,8.762,7.321,83
0,9724,8.762,7.2535,75
1,9724,8.762,7.299,72
2,9724,8.762,7.1779,83
3,9724,8.762,7.38,82
0,9725,8.762,7.2596,78
1,9725,8.762,7.3035,79
2,9725,8.762,7.3179,75
3,9725,8.762,7.337,77
0,9726,8.762,7.2564,81
1,9726,8.762,7.3496,80
2,9726,8.762,7.2859,74
3,9726,8.762,7.1907,71
0,9727,8.762,7.0533,88
1,9727,8.762,7.3385,78
2,9727,8.762,7.113,81
3,9727,8.762,7.196,93
0,9728,8.762,7.1997,81
1,9728,8.762,7.1152,91
2,9728,8.762,7.1929,93
3,9728,8.762,7.1832,88
0,9729,8.762,7.0825,88
1,9729,8.762,7.0901,89
2,9729,8.762,7.3198,69
3,9729,8.762,7.315,83
0,9730,8.762,7.261,77
1,9730,8.762,7.1522,84
2,9730,8.762,7.202,90
3,9730,8.762,7.2464,80
0,9731,8.762,7.2761,78
1,9731,8.762,7.2051,87
2,9731,8.762,7.1,89
3,9731,8.762,7.2896,76
0,9732,8.762,7.2613,85
1,9732,8.762,6.9984,89
2,9732,8.762,7.2517,83
3,9732,8.762,7.3841,83
0,9733,8.762,7.1438,81
1,9733,8.762,7.2103,80
2,9733,8.762,7.1922,87
3,9733,8.762,7.2216,79
0,9734,8.762,7.2171,79
1,9734,8.762,7.2767,82
2,9734,8.762,7.3146,77
3,9734,8.762,7.1237,78
0,9735,8.762,7.2763,83
1,9735,8.762,7.4112,78
2,9735,8.762,7.2187,88
3,9735,8.762,7.1594,85
0,9736,8.762,7.1115,93
1,9736,8.762,7.2219,79
2,9736,8.762,7.2567,82
3,9736,8.762,7.2367,96
0,9737,8.762,7.243,82
1,9737,8.762,7.3456,89
2,9737,8.762,7.1691,81
3,9737,8.762,7.1628,95
0,9738,8.762,7.2176,82
1,9738,8.762,7.3807,70
2,9738,8.762,7.4332,75
3,9738,8.762,7.36,75
0,9739,8.762,7.2366,91
1,9739,8.762,7.3199,76
2,9739,8.762,7.3801,68
3,9739,8.762,7.3096,76
0,9740,8.762,7.3912,82
1,9740,8.762,7.2756,75
2,9740,8.762,7.2238,70
3,9740,8.762,7.2564,84
0,9741,8.762,7.2069,73
1,9741,8.762,7.2388,79
2,9741,8.762,7.2733,83
3,9741,8.762,7.3918,78
0,9742,8.762,7.2559,90
1,9742,8.762,7.2452,81
2,9742,8.762,7.22,77
3,9742,8.762,7.2853,76
0,9743,8.762,7.2284,80
1,9743,8.762,7.2198,98
2,9743,8.762,7.1868,83
3,9743,8.762,7.3078,85
0,9744,8.762,7.2395,81
1,9744,8.762,7.2705,81
2,9744,8.762,7.1999,75
3,9744,8.762,7.4821,70
0,9745,8.762,7.3746,69
1,9745,8.762,7.224,74
2,9745,8.762,7.3366,86
3,9745,8.762,7.1941,83
0,9746,8.762,7.0637,91
1,9746,8.762,7.2331,87
2,9746,8.762,7.0846,90
3,9746,8.762,7.3159,86
0,9747,8.762,7.1901,73
1,9747,8.762,7.3233,76
2,9747,8.762,7.263,88
3,9747,8.762,7.2475,80
0,9748,8.762,7.2197,74
1,9748,8.762,7.1617,84
2,9748,8.762,7.2121,79
3,9748,8.762,7.251,72
0,9749,8.762,7.1678,83
1,9749,8.762,7.1629,79
2,9749,8.762,7.1105,80
3,9749,8.762,7.2981,88
0,9750,8.762,7.319,81
1,9750,8.762,7.237,80
2,9750,8.762,7.1548,84
3,9750,8.762,7.2674,88
0,9751,8.762,7.4266,71
1,9751,8.762,7.2019,95
2,9751,8.762,7.0805,90
3,9751,8.762,7.3123,84
0,9752,8.762,7.2472,79
1,9752,8.762,7.049,94
2,9752,8.762,7.2536,85
3,9752,8.762,7.3428,85
0,9753,8.762,7.5109,77
1,9753,8.762,7.0474,97
2,9753,8.762,7.1918,78
3,9753,8.762,7.448,69
0,9754,8.762,7.2174,85
1,9754,8.762,7.1382,101
2,9754,8.762,7.365,73
3,9754,8.762,7.321,68
0,9755,8.762,7.1406,87
1,9755,8.762,7.3569,72
2,9755,8.762,7.2067,76
3,9755,8.762,7.2025,70
0,9756,8.762,7.3952,77
1,9756,8.762,7.1507,87
2,9756,8.762,7.2614,79
3,9756,8.762,7.1167,92
0,9757,8.762,7.1508,85
1,9757,8.762,7.2417,78
2,9757,8.762,7.2188,81
3,9757,8.762,7.2317,83
0,9758,8.762,7.292,88
1,9758,8.762,7.2002,92
2,9758,8.762,7.329,76
3,9758,8.762,7.3237,75
0,9759,8.762,7.17,73
1,9759,8.762,7.2084,82
2,9759,8.762,7.2895,82
3,9759,8.762,7.2629,80
0,9760,8.762,7.2774,82
1,9760,8.762,7.2592,79
2,9760,8.762,7.1641,84
3,9760,8.762,7.2372,80
0,9761,8.762,7.3082,79
1,9761,8.762,7.1667,83
2,9761,8.762,7.203,76
3,9761,8.762,7.2875,76
0,9762,8.762,7.2053,77
1,9762,8.762,7.099,80
2,9762,8.762,7.2055,73
3,9762,8.762,7.3264,80
0,9763,8.762,7.1232,78
1,9763,8.762,7.2007,79
2,9763,8.762,7.2145,81
3,9763,8.762,7.1502,84
0,9764,8.762,7.2406,86
1,9764,8.762,7.2542,76
2,9764,8.762,7.227,82
3,9764,8.762,7.2128,79
0,9765,8.762,7.3475,69
1,9765,8.762,7.2572,74
2,9765,8.762,7.3447,78
3,9765,8.762,7.2707,74
0,9766,8.762,7.3579,80
1,9766,8.762,7.1929,89
2,9766,8.762,7.4092,69
3,9766,8.762,7.3106,85
0,9767,8.762,7.2376,85
1,9767,8.762,7.3039,82
2,9767,8.762,7.2414,79
3,9767,8.762,7.2048,91
0,9768,8.762,7.2336,86
1,9768,8.762,7.284,80
2,9768,8.762,7.0834,79
3,9768,8.762,7.0778,78
0,9769,8.762,7.2026,74
1,9769,8.762,7.2732,77
2,9769,8.762,7.2278,88
3,9769,8.762,7.2246,80
0,9770,8.762,7.0877,81
1,9770,8.762,7.2024,80
2,9770,8.762,7.289,79
3,9770,8.762,7.2726,79
0,9771,8.762,7.2132,91
1,9771,8.762,7.4199,70
2,9771,8.762,7.2785,75
3,9771,8.762,7.2366,84
0,9772,8.762,7.2766,82
1,9772,8.762,7.204,74
2,9772,8.762,7.2796,75
3,9772,8.762,7.2195,82
0,9773,8.762,7.3907,78
1,9773,8.762,7.2728,74
2,9773,8.762,7.3179,80
3,9773,8.762,7.2322,79
0,9774,8.762,7.2564,80
1,9774,8.762,7.2466,75
2,9774,8.762,7.2598,78
3,9774,8.762,7.2608,78
0,9775,8.762,7.211,84
1,9775,8.762,7.101,86
2,9775,8.762,7.074,85
3,9775,8.762,7.2896,78
0,9776,8.762,7.33,74
1,9776,8.762,7.164,92
2,9776,8.762,7.2003,90
3,9776,8.762,7.2261,82
0,9777,8.762,7.2924,71
1,9777,8.762,7.1753,91
2,9777,8.762,7.1213,79
3,9777,8.762,7.3505,76
0,9778,8.762,7.1778,78
1,9778,8.762,7.2038,90
2,9778,8.762,7.2085,78
3,9778,8.762,7.0858,81
0,9779,8.762,7.1803,85
1,9779,8.762,7.1427,80
2,9779,8.762,7.1692,83
3,9779,8.762,7.2411,72
0,9780,8.762,7.3656,77
1,9780,8.762,7.1949,90
2,9780,8.762,7.1847,81
3,9780,8.762,7.2039,83
0,9781,8.762,7.3078,82
1,9781,8.762,7.2237,82
2,9781,8.762,6.9886,89
3,9781,8.762,7.2477,81
0,9782,8.762,7.2583,76
1,9782,8.762,7.4836,73
2,9782,8.762,7.2372,88
3,9782,8.762,7.142,85
0,9783,8.762,7.3501,75
1,9783,8.762,7.3582,77
2,9783,8.762,7.2333,81
3,9783,8.762,7.2481,75
0,9784,8.762,7.3011,70
1,9784,8.762,7.1381,78
2,9784,8.762,7.1187,91
3,9784,8.762,7.2436,82
0,9785,8.762,7.2365,80
1,9785,8.762,7.1488,83
2,9785,8.762,7.2992,83
3,9785,8.762,7.2766,73
0,9786,8.762,7.2288,78
1,9786,8.762,7.4368,74
2,9786,8.762,7.1796,85
3,9786,8.762,7.2558,78
0,9787,8.762,7.2074,80
1,9787,8.762,7.2561,83
2,9787,8.762,7.4125,79
3,9787,8.762,7.2819,82
0,9788,8.762,7.2141,83
1,9788,8.762,7.1485,89
2,9788,8.762,7.2981,81
3,9788,8.762,7.1765,80
0,9789,8.762,7.3152,74
1,9789,8.762,7.3446,77
2,9789,8.762,7.361,69
3,9789,8.762,7.0616,84
0,9790,8.762,7.2784,75
1,9790,8.762,7.2304,81
2,9790,8.762,7.2392,85
3,9790,8.762,7.231,83
0,9791,8.762,7.2104,81
1,9791,8.762,7.1214,91
2,9791,8.762,7.2427,81
3,9791,8.762,7.1631,77
0,9792,8.762,7.1828,77
1,9792,8.762,7.1506,81
2,9792,8.762,7.3136,83
3,9792,8.762,7.2844,84
0,9793,8.762,7.0577,82
1,9793,8.762,7.2676,75
2,9793,8.762,7.0592,89
3,9793,8.762,7.2059,87
0,9794,8.762,7.2513,81
1,9794,8.762,7.204,86
2,9794,8.762,7.3233,77
3,9794,8.762,7.2835,71
0,9795,8.762,7.2008,81
1,9795,8.762,7.2237,85
2,9795,8.762,7.1971,92
3,9795,8.762,7.196,84
0,9796,8.762,7.2614,78
1,9796,8.762,7.1449,86
2,9796,8.762,7.4469,76
3,9796,8.762,7.1438,82
0,9797,8.762,7.3286,69
1,9797,8.762,7.1837,83
2,9797,8.762,7.2923,84
3,9797,8.762,7.2468,83
0,9798,8.762,7.3941,80
1,9798,8.762,7.0808,90
2,9798,8.762,7.2848,81
3,9798,8.762,7.1476,82
0,9799,8.762,7.2282,77
1,9799,8.762,7.2829,83
2,9799,8.762,7.1353,76
3,9799,8.762,7.2245,83
0,9800,8.762,7.3961,76
1,9800,8.762,7.2188,77
2,9800,8.762,7.2247,77
3,9800,8.762,7.3674,75
0,9801,8.762,7.3159,74
1,9801,8.762,7.3378,76
2,9801,8.762,7.2423,79
3,9801,8.762,7.4099,78
0,9802,8.762,7.1774,68
1,9802,8.762,7.4256,76
2,9802,8.762,7.3081,90
3,9802,8.762,7.0848,79
0,9803,8.762,7.3474,79
1,9803,8.762,7.032,83
2,9803,8.762,7.3279,78
3,9803,8.762,7.2281,87
0,9804,8.762,7.3447,83
1,9804,8.762,7.3514,72
2,9804,8.762,7.3425,80
3,9804,8.762,7.2782,77
0,9805,8.762,7.2204,88
1,9805,8.762,7.0397,90
2,9805,8.762,7.2308,74
3,9805,8.762,7.388,76
0,9806,8.762,7.2256,94
1,9806,8.762,7.3974,69
2,9806,8.762,7.2382,77
3,9806,8.762,7.195,76
0,9807,8.762,7.3194,79
1,9807,8.762,7.0954,80
2,9807,8.762,7.1926,79
3,9807,8.762,7.1494,83
0,9808,8.762,7.4087,77
1,9808,8.762,7.2368,83
2,9808,8.762,7.2816,77
3,9808,8.762,7.3551,76
0,9809,8.762,7.0765,84
1,9809,8.762,7.2233,86
2,9809,8.762,7.3135,79
3,9809,8.762,7.0649,83
0,9810,8.762,7.152,83
1,9810,8.762,7.1443,79
2,9810,8.762,7.3721,71
3,9810,8.762,7.3023,78
0,9811,8.762,7.1789,76
1,9811,8.762,7.1095,86
2,9811,8.762,7.3823,81
3,9811,8.762,7.1557,85
0,9812,8.762,7.3187,78
1,9812,8.762,7.3633,81
2,9812,8.762,7.2959,79
3,9812,8.762,7.218,80
0,9813,8.762,7.0359,91
1,9813,8.762,7.4522,83
2,9813,8.762,7.1778,88
3,9813,8.762,7.2602,77
0,9814,8.762,7.2103,85
1,9814,8.762,7.2538,85
2,9814,8.762,7.2796,82
3,9814,8.762,7.4134,70
0,9815,8.762,7.2947,86
1,9815,8.762,7.1094,77
2,9815,8.762,7.3721,78
3,9815,8.762,7.2715,81
0,9816,8.762,7.2698,76
1,9816,8.762,7.1954,94
2,9816,8.762,7.2219,82
3,9816,8.762,7.329,86
0,9817,8.762,7.2329,80
1,9817,8.762,7.2702,74
2,9817,8.762,7.2135,89
3,9817,8.762,7.3641,71
0,9818,8.762,7.206,88
1,9818,8.762,7.2012,83
2,9818,8.762,7.3366,67
3,9818,8.762,7.3918,76
0,9819,8.762,7.3504,69
1,9819,8.762,7.1885,81
2,9819,8.762,7.2778,74
3,9819,8.762,7.2095,76
0,9820,8.762,7.2664,79
1,9820,8.762,7.42,75
2,9820,8.762,7.2712,70
3,9820,8.762,7.285,79
0,9821,8.762,7.2202,89
1,9821,8.762,7.3424,73
2,9821,8.762,7.4558,74
3,9821,8.762,7.2307,83
0,9822,8.762,7.2903,73
1,9822,8.762,7.3241,81
2,9822,8.762,7.2229,82
3,9822,8.762,7.0829,92
0,9823,8.762,7.3526,87
1,9823,8.762,7.3808,76
2,9823,8.762,7.2812,74
3,9823,8.762,7.2,84
0,9824,8.762,7.2771,86
1,9824,8.762,7.2231,70
2,9824,8.762,7.2273,79
3,9824,8.762,7.2724,78
0,9825,8.762,7.4505,69
1,9825,8.762,7.3066,86
2,9825,8.762,7.0908,86
3,9825,8.762,7.1878,85
0,9826,8.762,7.1653,77
1,9826,8.762,7.23,90
2,9826,8.762,7.2994,79
3,9826,8.762,7.3161,82
0,9827,8.762,7.3436,71
1,9827,8.762,7.3337,69
2,9827,8.762,7.1699,90
3,9827,8.762,7.1621,94
0,9828,8.762,7.1515,89
1,9828,8.762,7.3056,81
2,9828,8.762,7.1472,80
3,9828,8.762,7.2362,83
0,9829,8.762,7.2796,82
1,9829,8.762,7.2643,75
2,9829,8.762,7.1292,93
3,9829,8.762,7.1939,85
0,9830,8.762,7.1557,87
1,9830,8.762,7.1612,84
2,9830,8.762,7.2213,82
3,9830,8.762,7.2578,82
0,9831,8.762,7.1165,82
1,9831,8.762,7.2485,78
2,9831,8.762,6.8877,90
3,9831,8.762,7.2277,75
0,9832,8.762,7.2275,80
1,9832,8.762,7.2672,74
2,9832,8.762,7.2539,80
3,9832,8.762,7.2835,83
0,9833,8.762,7.2275,84
1,9833,8.762,7.2383,73
2,9833,8.762,7.2636,89
3,9833,8.762,7.2567,76
0,9834,8.762,7.3086,73
1,9834,8.762,7.2048,76
2,9834,8.762,7.1151,90
3,9834,8.762,7.2791,80
0,9835,8.762,7.1879,74
1,9835,8.762,7.3449,75
2,9835,8.762,7.1946,80
3,9835,8.762,7.3467,83
0,9836,8.762,7.1998,84
1,9836,8.762,7.2242,74
2,9836,8.762,7.1897,86
3,9836,8.762,7.3402,77
0,9837,8.762,7.3973,82
1,9837,8.762,7.2485,77
2,9837,8.762,7.1575,77
3,9837,8.762,7.355,71
0,9838,8.762,7.2378,85
1,9838,8.762,7.1452,82
2,9838,8.762,7.2246,89
3,9838,8.762,7.206,86
0,9839,8.762,7.1437,80
1,9839,8.762,7.1658,85
2,9839,8.762,7.3404,77
3,9839,8.762,7.2335,77
0,9840,8.762,7.2513,85
1,9840,8.762,7.2094,72
2,9840,8.762,7.3157,71
3,9840,8.762,7.2352,80
0,9841,8.762,7.121,85
1,9841,8.762,7.1152,89
2,9841,8.762,7.1606,79
3,9841,8.762,7.1518,81
0,9842,8.762,7.2456,77
1,9842,8.762,7.2383,76
2,9842,8.762,7.3745,73
3,9842,8.762,7.2234,82
0,9843,8.762,7.1903,84
1,9843,8.762,7.1859,82
2,9843,8.762,7.2177,79
3,9843,8.762,7.2476,86
0,9844,8.762,7.3334,78
1,9844,8.762,7.3552,81
2,9844,8.762,7.1467,77
3,9844,8.762,7.3511,76
0,9845,8.762,7.0963,84
1,9845,8.762,7.0884,77
2,9845,8.762,7.2327,77
3,9845,8.762,7.397,81
0,9846,8.762,7.2929,80
1,9846,8.762,7.0646,85
2,9846,8.762,7.2726,78
3,9846,8.762,7.3462,68
0,9847,8.762,7.258,73
1,9847,8.762,7.1693,84
2,9847,8.762,7.2225,82
3,9847,8.762,7.1633,80
0,9848,8.762,7.389,79
1,9848,8.762,7.2696,81
2,9848,8.762,7.2436,91
3,9848,8.762,7.0645,93
0,9849,8.762,7.348,77
1,9849,8.762,7.289,71
2,9849,8.762,7.1923,82
3,9849,8.762,7.0873,84
0,9850,8.762,7.1778,75
1,9850,8.762,7.3993,72
2,9850,8.762,7.2073,91
3,9850,8.762,7.3629,79
0,9851,8.762,7.1246,85
1,9851,8.762,7.1946,84
2,9851,8.762,7.0502,89
3,9851,8.762,7.4232,74
0,9852,8.762,7.198,86
1,9852,8.762,7.3106,71
2,9852,8.762,7.2465,81
3,9852,8.762,7.4296,77
0,9853,8.762,7.1454,82
1,9853,8.762,7.2487,81
2,9853,8.762,7.3176,82
3,9853,8.762,7.3013,90
0,9854,8.762,7.2193,83
1,9854,8.762,7.1792,80
2,9854,8.762,7.1203,83
3,9854,8.762,7.2266,82
0,9855,8.762,7.0858,90
1,9855,8.762,7.3317,84
2,9855,8.762,7.202,66
3,9855,8.762,7.1541,81
0,9856,8.762,7.1928,78
1,9856,8.762,7.307,83
2,9856,8.762,7.2199,78
3,9856,8.762,7.2572,78
0,9857,8.762,7.493,66
1,9857,8.762,7.2696,89
2,9857,8.762,7.4031,74
3,9857,8.762,7.2514,81
0,9858,8.762,7.3184,68
1,9858,8.762,7.2232,81
2,9858,8.762,7.3014,84
3,9858,8.762,7.3557,75
0,9859,8.762,7.1366,83
1,9859,8.762,7.3979,76
2,9859,8.762,7.42,73
3,9859,8.762,7.1497,81
0,9860,8.762,7.3091,82
1,9860,8.762,7.2649,73
2,9860,8.762,7.0466,87
3,9860,8.762,7.1803,81
0,9861,8.762,7.1587,80
1,9861,8.762,7.403,70
2,9861,8.762,7.2937,78
3,9861,8.762,7.2551,72
0,9862,8.762,7.3257,76
1,9862,8.762,7.2657,77
2,9862,8.762,7.3014,79
3,9862,8.762,7.2477,83
0,9863,8.762,7.2285,81
1,9863,8.762,7.3844,80
2,9863,8.762,7.245,75
3,9863,8.762,7.2474,84
0,9864,8.762,7.2353,84
1,9864,8.762,7.2704,87
2,9864,8.762,7.2729,88
3,9864,8.762,7.1522,85
0,9865,8.762,7.024,87
1,9865,8.762,7.1842,85
2,9865,8.762,7.16,85
3,9865,8.762,7.2773,83
0,9866,8.762,7.2445,85
1,9866,8.762,7.2338,86
2,9866,8.762,7.1899,80
3,9866,8.762,7.1342,86
0,9867,8.762,7.1499,93
1,9867,8.762,7.194,89
2,9867,8.762,7.2231,80
3,9867,8.762,7.3456,80
0,9868,8.762,7.1996,84
1,9868,8.762,7.3303,76
2,9868,8.762,7.144,77
3,9868,8.762,7.2586,73
0,9869,8.762,7.2212,85
1,9869,8.762,7.2796,83
2,9869,8.762,7.3099,72
3,9869,8.762,7.2662,76
0,9870,8.762,7.1641,75
1,9870,8.762,7.1134,90
2,9870,8.762,7.3419,88
3,9870,8.762,7.3505,74
0,9871,8.762,7.3731,76
1,9871,8.762,7.1419,85
2,9871,8.762,7.1939,74
3,9871,8.762,7.2828,77
0,9872,8.762,7.3126,86
1,9872,8.762,7.2921,87
2,9872,8.762,7.3205,80
3,9872,8.762,7.2671,75
0,9873,8.762,7.3607,74
1,9873,8.762,7.3032,77
2,9873,8.762,7.3968,72
3,9873,8.762,7.1869,81
0,9874,8.762,7.2028,80
1,9874,8.762,7.1452,88
2,9874,8.762,7.2082,75
3,9874,8.762,7.157,87
0,9875,8.762,7.2581,88
1,9875,8.762,7.356,78
2,9875,8.762,7.1882,80
3,9875,8.762,7.2236,80
0,9876,8.762,7.2009,84
1,9876,8.762,7.2982,82
2,9876,8.762,7.1982,78
3,9876,8.762,7.2543,88
0,9877,8.762,7.1263,85
1,9877,8.762,7.3077,78
2,9877,8.762,7.3829,79
3,9877,8.762,7.3244,78
0,9878,8.762,7.0393,84
1,9878,8.762,7.1961,85
2,9878,8.762,7.1581,84
3,9878,8.762,7.3363,69
0,9879,8.762,7.2311,76
1,9879,8.762,7.3223,84
2,9879,8.762,7.3148,90
3,9879,8.762,7.3618,80
0,9880,8.762,7.2056,79
1,9880,8.762,6.9737,99
2,9880,8.762,7.2276,85
3,9880,8.762,7.2741,74
0,9881,8.762,7.2872,87
1,9881,8.762,7.3096,82
2,9881,8.762,7.3143,81
3,9881,8.762,7.2638,79
0,9882,8.762,7.2444,77
1,9882,8.762,7.3117,84
2,9882,8.762,7.339,73
3,9882,8.762,7.4604,73
0,9883,8.762,7.2646,77
1,9883,8.762,7.295,79
2,9883,8.762,7.2832,82
3,9883,8.762,7.2289,73
0,9884,8.762,7.2234,88
1,9884,8.762,7.2163,89
2,9884,8.762,7.0539,86
3,9884,8.762,7.2874,79
0,9885,8.762,7.2743,81
1,9885,8.762,7.2315,92
2,9885,8.762,7.218,76
3,9885,8.762,7.1691,81
0,9886,8.762,7.2243,82
1,9886,8.762,7.0502,88
2,9886,8.762,7.4379,72
3,9886,8.762,7.2637,84
0,9887,8.762,7.176,80
1,9887,8.762,7.192,81
2,9887,8.762,7.1486,79
3,9887,8.762,7.2046,88
0,9888,8.762,7.0606,95
1,9888,8.762,7.2426,77
2,9888,8.762,7.3457,71
3,9888,8.762,7.1591,84
0,9889,8.762,7.2176,89
1,9889,8.762,7.4162,80
2,9889,8.762,7.3266,75
3,9889,8.762,7.3815,80
0,9890,8.762,7.3244,74
1,9890,8.762,7.2556,84
2,9890,8.762,7.4134,78
3,9890,8.762,7.1684,81
0,9891,8.762,7.3644,76
1,9891,8.762,7.2661,80
2,9891,8.762,7.3226,75
3,9891,8.762,7.2399,82
0,9892,8.762,7.1102,84
1,9892,8.762,7.2497,79
2,9892,8.762,7.1332,85
3,9892,8.762,7.0791,88
0,9893,8.762,7.2486,75
1,9893,8.762,7.1917,80
2,9893,8.762,7.326,79
3,9893,8.762,7.3764,82
0,9894,8.762,7.2896,81
1,9894,8.762,7.3256,78
2,9894,8.762,7.2768,87
3,9894,8.762,7.461,72
0,9895,8.762,7.3614,77
1,9895,8.762,7.1212,77
2,9895,8.762,7.1204,86
3,9895,8.762,7.1897,81
0,9896,8.762,7.3007,89
1,9896,8.762,7.0137,84
2,9896,8.762,7.2443,88
3,9896,8.762,7.1647,85
0,9897,8.762,7.264,85
1,9897,8.762,7.3083,82
2,9897,8.762,7.117,96
3,9897,8.762,7.2034,82
0,9898,8.762,7.3575,73
1,9898,8.762,7.2609,77
2,9898,8.762,7.2152,89
3,9898,8.762,7.0824,82
0,9899,8.762,7.2903,71
1,9899,8.762,7.1251,80
2,9899,8.762,7.3611,79
3,9899,8.762,7.165,84
0,9900,8.762,7.2935,87
1,9900,8.762,7.215,81
2,9900,8.762,7.0535,85
3,9900,8.762,7.2103,86
0,9901,8.762,7.4064,80
1,9901,8.762,7.2045,81
2,9901,8.762,7.3546,85
3,9901,8.762,7.279,84
0,9902,8.762,7.0353,81
1,9902,8.762,7.1767,92
2,9902,8.762,7.2439,89
3,9902,8.762,7.2164,81
0,9903,8.762,7.2463,81
1,9903,8.762,7.2152,90
2,9903,8.762,7.2954,89
3,9903,8.762,7.1449,81
0,9904,8.762,7.2436,87
1,9904,8.762,7.3352,81
2,9904,8.762,7.0471,86
3,9904,8.762,7.3167,75
0,9905,8.762,7.3154,69
1,9905,8.762,7.1581,83
2,9905,8.762,7.3617,80
3,9905,8.762,7.1565,92
0,9906,8.762,7.2485,80
1,9906,8.762,7.2297,82
2,9906,8.762,7.2545,94
3,9906,8.762,7.3029,81
0,9907,8.762,7.3877,86
1,9907,8.762,7.3064,82
2,9907,8.762,7.4723,76
3,9907,8.762,7.2977,80
0,9908,8.762,7.1734,82
1,9908,8.762,7.3145,82
2,9908,8.762,7.3889,77
3,9908,8.762,7.2945,81
0,9909,8.762,7.2126,87
1,9909,8.762,7.185,76
2,9909,8.762,7.2122,78
3,9909,8.762,7.2338,80
0,9910,8.762,7.303,83
1,9910,8.762,7.3593,78
2,9910,8.762,7.1629,88
3,9910,8.762,7.2569,89
0,9911,8.762,7.1382,90
1,9911,8.762,7.1763,75
2,9911,8.762,7.0826,92
3,9911,8.762,7.2309,87
0,9912,8.762,7.2787,77
1,9912,8.762,7.3501,77
2,9912,8.762,7.121,88
3,9912,8.762,7.1669,86
0,9913,8.762,7.1301,88
1,9913,8.762,7.1902,79
2,9913,8.762,7.3429,81
3,9913,8.762,7.1045,85
0,9914,8.762,7.0672,90
1,9914,8.762,7.2242,70
2,9914,8.762,7.113,93
3,9914,8.762,7.1365,92
0,9915,8.762,7.1447,81
1,9915,8.762,7.1483,79
2,9915,8.762,7.3042,80
3,9915,8.762,7.0761,81
0,9916,8.762,7.3375,83
1,9916,8.762,7.2531,75
2,9916,8.762,7.274,77
3,9916,8.762,7.2892,73
0,9917,8.762,7.3391,82
1,9917,8.762,7.1881,82
2,9917,8.762,7.314,82
3,9917,8.762,7.1097,88
0,9918,8.762,7.1018,84
1,9918,8.762,7.159,92
2,9918,8.762,7.1919,87
3,9918,8.762,7.2918,79
0,9919,8.762,7.2296,75
1,9919,8.762,7.2343,82
2,9919,8.762,7.3216,74
3,9919,8.762,7.1836,85
0,9920,8.762,7.3663,76
1,9920,8.762,7.168,88
2,9920,8.762,7.2921,77
3,9920,8.762,7.2666,84
0,9921,8.762,7.1621,86
1,9921,8.762,7.1578,81
2,9921,8.762,7.3203,78
3,9921,8.762,7.1833,87
0,9922,8.762,7.2807,79
1,9922,8.762,7.224,72
2,9922,8.762,7.3327,76
3,9922,8.762,7.2497,88
0,9923,8.762,7.3174,67
1,9923,8.762,7.2604,83
2,9923,8.762,7.346,84
3,9923,8.762,7.125,85
0,9924,8.762,7.1962,84
1,9924,8.762,7.4085,71
2,9924,8.762,7.3037,79
3,9924,8.762,7.2484,79
0,9925,8.762,7.1306,87
1,9925,8.762,7.2172,85
2,9925,8.762,7.244,83
3,9925,8.762,7.296,72
0,9926,8.762,7.2739,80
1,9926,8.762,7.4405,72
2,9926,8.762,7.3088,74
3,9926,8.762,7.4256,74
0,9927,8.762,7.0934,84
1,9927,8.762,7.2995,81
2,9927,8.762,7.3571,76
3,9927,8.762,7.0991,89
0,9928,8.762,7.3362,83
1,9928,8.762,7.2136,76
2,9928,8.762,7.1939,87
3,9928,8.762,7.1406,81
0,9929,8.762,7.0956,88
1,9929,8.762,7.3087,83
2,9929,8.762,7.2389,83
3,9929,8.762,7.1395,84
0,9930,8.762,7.2535,81
1,9930,8.762,7.3177,79
2,9930,8.762,7.1189,88
3,9930,8.762,7.2437,81
0,9931,8.762,7.084,92
1,9931,8.762,7.3014,84
2,9931,8.762,7.2297,88
3,9931,8.762,7.2986,82
0,9932,8.762,7.1663,84
1,9932,8.762,7.2419,80
2,9932,8.762,7.2036,85
3,9932,8.762,7.1908,90
0,9933,8.762,7.0402,88
1,9933,8.762,7.2176,87
2,9933,8.762,7.3353,82
3,9933,8.762,7.294,80
0,9934,8.762,7.2801,80
1,9934,8.762,7.2609,76
2,9934,8.762,7.3016,81
3,9934,8.762,7.2917,67
0,9935,8.762,7.2012,82
1,9935,8.762,7.0964,93
2,9935,8.762,7.2801,88
3,9935,8.762,7.3514,71
0,9936,8.762,7.2929,85
1,9936,8.762,7.2011,82
2,9936,8.762,7.2616,85
3,9936,8.762,7.3987,76
0,9937,8.762,7.3092,76
1,9937,8.762,7.2188,87
2,9937,8.762,7.2239,86
3,9937,8.762,7.2467,86
0,9938,8.762,7.2748,82
1,9938,8.762,7.2385,79
2,9938,8.762,7.2835,87
3,9938,8.762,7.3294,78
0,9939,8.762,7.3871,79
1,9939,8.762,7.1916,91
2,9939,8.762,7.2466,74
3,9939,8.762,7.1546,82
0,9940,8.762,7.1864,88
1,9940,8.762,7.1364,93
2,9940,8.762,7.1816,72
3,9940,8.762,7.3333,78
0,9941,8.762,7.1595,80
1,9941,8.762,7.1455,78
2,9941,8.762,7.2851,78
3,9941,8.762,7.2833,78
0,9942,8.762,7.0965,89
1,9942,8.762,7.0232,84
2,9942,8.762,7.3128,77
3,9942,8.762,7.0292,90
0,9943,8.762,7.1664,92
1,9943,8.762,7.3517,76
2,9943,8.762,7.3744,83
3,9943,8.762,6.9899,93
0,9944,8.762,7.1221,86
1,9944,8.762,7.2657,91
2,9944,8.762,7.2935,86
3,9944,8.762,7.2857,78
0,9945,8.762,7.1904,79
1,9945,8.762,7.2258,83
2,9945,8.762,7.3039,78
3,9945,8.762,7.2997,79
0,9946,8.762,7.2557,86
1,9946,8.762,7.137,82
2,9946,8.762,7.2006,84
3,9946,8.762,7.0575,78
0,9947,8.762,7.2125,82
1,9947,8.762,7.2715,88
2,9947,8.762,7.1521,84
3,9947,8.762,7.2686,88
0,9948,8.762,7.3269,81
1,9948,8.762,7.2654,82
2,9948,8.762,7.304,85
3,9948,8.762,7.2218,87
0,9949,8.762,7.3292,78
1,9949,8.762,7.157,84
2,9949,8.762,7.3419,79
3,9949,8.762,7.3309,67
0,9950,8.762,7.3174,73
1,9950,8.762,7.3139,80
2,9950,8.762,7.2588,77
3,9950,8.762,7.1426,98
0,9951,8.762,7.3074,79
1,9951,8.762,7.219,77
2,9951,8.762,7.2931,86
3,9951,8.762,7.1943,91
0,9952,8.762,7.1785,79
1,9952,8.762,7.2771,78
2,9952,8.762,7.2971,82
3,9952,8.762,7.0748,91
0,9953,8.762,7.0769,94
1,9953,8.762,7.1071,89
2,9953,8.762,7.2387,84
3,9953,8.762,7.2414,84
0,9954,8.762,7.2349,76
1,9954,8.762,7.0705,89
2,9954,8.762,7.3832,67
3,9954,8.762,7.2137,80
0,9955,8.762,7.3001,79
1,9955,8.762,7.1592,91
2,9955,8.762,7.248,86
3,9955,8.762,7.0677,90
0,9956,8.762,7.2723,80
1,9956,8.762,7.2532,78
2,9956,8.762,7.1882,92
3,9956,8.762,7.1684,82
0,9957,8.762,7.1803,84
1,9957,8.762,7.2117,80
2,9957,8.762,7.3565,81
3,9957,8.762,7.2228,79
0,9958,8.762,7.1194,82
1,9958,8.762,7.321,79
2,9958,8.762,7.2857,82
3,9958,8.762,7.261,84
0,9959,8.762,7.1851,77
1,9959,8.762,7.2476,84
2,9959,8.762,7.3123,72
3,9959,8.762,7.2481,80
0,9960,8.762,7.3715,80
1,9960,8.762,7.0772,91
2,9960,8.762,7.2328,86
3,9960,8.762,7.0996,88
0,9961,8.762,7.1888,92
1,9961,8.762,6.9941,88
2,9961,8.762,7.3909,80
3,9961,8.762,7.3027,80
0,9962,8.762,7.192,86
1,9962,8.762,7.2834,87
2,9962,8.762,7.3548,80
3,9962,8.762,7.265,82
0,9963,8.762,7.2559,84
1,9963,8.762,7.1073,79
2,9963,8.762,7.2226,81
3,9963,8.762,7.28,85
0,9964,8.762,7.2276,77
1,9964,8.762,7.2114,91
2,9964,8.762,7.3183,80
3,9964,8.762,7.2251,90
0,9965,8.762,7.2999,79
1,9965,8.762,7.2997,78
2,9965,8.762,7.2125,77
3,9965,8.762,7.2918,71
0,9966,8.762,7.2228,85
1,9966,8.762,7.2451,76
2,9966,8.762,7.2668,79
3,9966,8.762,7.1553,87
0,9967,8.762,7.0529,88
1,9967,8.762,7.2856,88
2,9967,8.762,7.3702,75
3,9967,8.762,7.177,83
0,9968,8.762,7.241,87
1,9968,8.762,7.3624,76
2,9968,8.762,7.2224,83
3,9968,8.762,7.1751,83
0,9969,8.762,7.1814,84
1,9969,8.762,7.1757,79
2,9969,8.762,7.2994,81
3,9969,8.762,7.2607,79
0,9970,8.762,7.268,84
1,9970,8.762,7.2538,84
2,9970,8.762,7.2597,79
3,9970,8.762,7.2732,85
0,9971,8.762,7.1511,84
1,9971,8.762,7.288,78
2,9971,8.762,7.1507,86
3,9971,8.762,7.1412,91
0,9972,8.762,7.2122,80
1,9972,8.762,7.0204,92
2,9972,8.762,7.3233,75
3,9972,8.762,7.2891,73
0,9973,8.762,7.1879,80
1,9973,8.762,7.0487,92
2,9973,8.762,7.2357,83
3,9973,8.762,7.2378,86
0,9974,8.762,7.1255,81
1,9974,8.762,7.2167,85
2,9974,8.762,7.3837,76
3,9974,8.762,7.278,81
0,9975,8.762,7.1186,95
1,9975,8.762,7.1393,83
2,9975,8.762,7.3309,75
3,9975,8.762,7.2694,78
0,9976,8.762,7.2671,89
1,9976,8.762,7.2964,80
2,9976,8.762,7.3756,88
3,9976,8.762,7.1868,83
0,9977,8.762,7.3967,80
1,9977,8.762,7.1751,84
2,9977,8.762,7.2917,84
3,9977,8.762,7.0785,91
0,9978,8.762,7.3459,71
1,9978,8.762,7.3546,80
2,9978,8.762,7.1862,84
3,9978,8.762,7.3292,76
0,9979,8.762,7.1462,91
1,9979,8.762,6.9657,89
2,9979,8.762,7.1871,77
3,9979,8.762,7.18,80
0,9980,8.762,7.3003,81
1,9980,8.762,7.3455,83
2,9980,8.762,7.3008,77
3,9980,8.762,6.9163,86
0,9981,8.762,7.2929,83
1,9981,8.762,7.1888,78
2,9981,8.762,7.2956,74
3,9981,8.762,7.319,79
0,9982,8.762,7.1626,84
1,9982,8.762,7.2591,80
2,9982,8.762,7.2048,85
3,9982,8.762,7.2311,84
0,9983,8.762,7.1439,97
1,9983,8.762,7.355,82
2,9983,8.762,7.3141,77
3,9983,8.762,7.2754,80
0,9984,8.762,7.3172,79
1,9984,8.762,7.221,82
2,9984,8.762,7.421,76
3,9984,8.762,7.0415,94
0,9985,8.762,7.3389,72
1,9985,8.762,7.0923,92
2,9985,8.762,7.1967,83
3,9985,8.762,7.3181,81
0,9986,8.762,7.1599,80
1,9986,8.762,7.5353,69
2,9986,8.762,7.3827,76
3,9986,8.762,7.1816,89
0,9987,8.762,7.2192,80
1,9987,8.762,7.103,90
2,9987,8.762,7.3268,83
3,9987,8.762,7.1717,83
0,9988,8.762,7.2425,80
1,9988,8.762,7.1949,83
2,9988,8.762,7.1331,79
3,9988,8.762,7.1563,84
0,9989,8.762,7.3622,87
1,9989,8.762,7.4237,75
2,9989,8.762,7.3284,83
3,9989,8.762,7.0656,78
0,9990,8.762,7.2853,81
1,9990,8.762,7.2206,81
2,9990,8.762,7.4811,72
3,9990,8.762,7.1705,90
0,9991,8.762,7.297,80
1,9991,8.762,7.2417,74
2,9991,8.762,7.3028,81
3,9991,8.762,7.4233,83
0,9992,8.762,7.1466,87
1,9992,8.762,7.2435,79
2,9992,8.762,7.3457,76
3,9992,8.762,7.1381,84
0,9993,8.762,7.2138,84
1,9993,8.762,7.308,79
2,9993,8.762,7.1667,91
3,9993,8.762,7.3627,75
0,9994,8.762,7.2408,78
1,9994,8.762,7.2832,85
2,9994,8.762,7.1927,87
3,9994,8.762,7.1657,76
0,9995,8.762,7.1795,88
1,9995,8.762,7.2603,86
2,9995,8.762,7.1192,83
3,9995,8.762,7.1807,91
0,9996,8.762,7.2091,81
1,9996,8.762,7.1721,88
2,9996,8.762,7.2406,82
3,9996,8.762,7.1598,81
0,9997,8.762,7.3061,79
1,9997,8.762,7.3217,83
2,9997,8.762,7.3522,73
3,9997,8.762,7.2435,84
0,9998,8.762,7.331,76
1,9998,8.762,7.2693,84
2,9998,8.762,7.5067,76
3,9998,8.762,7.2938,80
0,9999,8.762,7.4472,80
1,9999,8.762,7.1708,85
2,9999,8.762,7.31,85
3,9999,8.762,7.1756,78
