pred,model,conf,iptm,ligand_iptm,act,d_act,lockA,d_read17,lockB,d_253_23,dual,d_y217_23,d_m255_23,d_r85,d_r207,d_r267,d_e123,iface,ntcov
n2_TrackF_r1_F88F_M255A_OFF_T_G17,0,0.8641,0.882,0.9884,1,4.15,0,15.7,0,37.06,0,38.21,38.79,2.52,4.64,3.92,3.19,29,12
n2_TrackF_r1_F88F_M255A_OFF_T_G17,1,0.8623,0.9161,0.9911,1,3.24,0,14.63,0,43.05,0,40.61,41.91,3.28,4.22,6.9,4.9,32,13
n2_TrackF_r1_F88F_M255A_OFF_T_G17,10,0.8529,0.8869,0.9847,1,4.46,0,17.31,0,39.57,0,39.64,38.44,2.21,4.7,1.75,5.5,28,13
n2_TrackF_r1_F88F_M255A_OFF_T_G17,11,0.8528,0.9237,0.9894,1,1.73,0,13.15,0,37.44,0,36.1,36.58,1.61,4.6,4.37,4.15,43,14
n2_TrackF_r1_F88F_M255A_OFF_T_G17,12,0.8524,0.903,0.9882,1,4.96,0,11.56,0,25.02,0,27.81,33.68,1.04,2.97,5.23,4.93,27,9
n2_TrackF_r1_F88F_M255A_OFF_T_G17,13,0.8516,0.9193,0.9872,0,5.02,0,11.52,0,28.73,0,27.16,31.88,2.42,3.86,2.96,4.02,39,14
n2_TrackF_r1_F88F_M255A_OFF_T_G17,14,0.8503,0.8927,0.9848,1,3.8,0,14.34,0,38.61,0,36.76,38.39,0.74,4.33,4.93,2.6,31,11
n2_TrackF_r1_F88F_M255A_OFF_T_G17,15,0.85,0.8728,0.9835,1,4.51,0,16.79,0,41.34,0,38.91,40.88,1.7,2.97,4.66,5.43,32,12
n2_TrackF_r1_F88F_M255A_OFF_T_G17,16,0.8485,0.8918,0.9877,1,3.42,0,18.74,0,35.93,0,36.27,36.71,2.76,4.02,6.2,2.16,33,15
n2_TrackF_r1_F88F_M255A_OFF_T_G17,17,0.8473,0.9136,0.99,1,3.08,0,10.7,0,37.57,0,36.81,36.67,2.91,4.14,6.53,2.43,29,15
n2_TrackF_r1_F88F_M255A_OFF_T_G17,18,0.8472,0.8803,0.9861,1,3.56,0,15.81,0,38.67,0,36.9,38.48,2.78,4.62,5.47,3.49,41,12
n2_TrackF_r1_F88F_M255A_OFF_T_G17,19,0.847,0.9135,0.9879,1,4.56,0,12.27,0,38.01,0,36.96,36.48,2.22,1.96,5.62,4.83,32,16
n2_TrackF_r1_F88F_M255A_OFF_T_G17,2,0.8607,0.9096,0.9871,1,3.49,0,13.34,0,25.53,0,25.08,27.12,3.15,3.74,5.32,2.81,36,14
n2_TrackF_r1_F88F_M255A_OFF_T_G17,20,0.8452,0.8618,0.9848,0,6.45,0,15.24,0,42.68,0,40.61,42.01,3.76,4.95,5.18,6.01,27,12
n2_TrackF_r1_F88F_M255A_OFF_T_G17,21,0.8443,0.9194,0.9878,1,4.6,0,14.53,0,40.15,0,37.33,38.48,0.47,2.19,4.38,4.92,33,13
n2_TrackF_r1_F88F_M255A_OFF_T_G17,22,0.8424,0.9211,0.9874,1,4.52,0,16.96,0,52.17,0,47.71,52.8,1.19,2.16,7.25,4.92,45,15
n2_TrackF_r1_F88F_M255A_OFF_T_G17,23,0.8423,0.8888,0.986,1,4.5,0,11.33,0,17.62,0,22.57,26.2,2.92,4.92,6.17,5.04,31,14
n2_TrackF_r1_F88F_M255A_OFF_T_G17,24,0.842,0.8644,0.9828,0,6.81,0,17.25,0,41.88,0,39.91,40.86,1.14,2.79,5.93,6.61,31,14
n2_TrackF_r1_F88F_M255A_OFF_T_G17,25,0.8412,0.8902,0.985,0,5.48,0,14.58,0,40.92,0,38.43,40.73,0.97,4.91,5.08,6.6,25,12
n2_TrackF_r1_F88F_M255A_OFF_T_G17,26,0.841,0.8821,0.9841,1,4.93,0,15.02,0,38.08,0,37.02,37.88,3.21,4.23,4.87,6.47,34,15
n2_TrackF_r1_F88F_M255A_OFF_T_G17,27,0.8407,0.8907,0.9871,1,5.0,0,21.8,0,22.04,0,23.13,27.53,0.88,3.01,4.97,4.46,42,15
n2_TrackF_r1_F88F_M255A_OFF_T_G17,28,0.8406,0.886,0.9882,1,1.7,0,13.86,0,37.08,0,35.83,36.89,2.36,4.62,4.33,3.34,35,12
n2_TrackF_r1_F88F_M255A_OFF_T_G17,29,0.8388,0.8826,0.986,1,4.39,0,15.11,0,38.53,0,36.94,38.26,2.09,5.43,4.72,3.87,34,9
n2_TrackF_r1_F88F_M255A_OFF_T_G17,3,0.8602,0.8908,0.9871,0,5.73,0,15.41,0,41.25,0,39.15,40.43,2.71,4.96,5.13,4.68,28,12
n2_TrackF_r1_F88F_M255A_OFF_T_G17,30,0.8386,0.8504,0.9875,1,4.03,0,11.04,0,15.51,0,21.1,25.28,2.14,3.72,2.73,4.17,30,10
n2_TrackF_r1_F88F_M255A_OFF_T_G17,31,0.8375,0.8665,0.9865,0,7.39,0,13.59,0,38.48,0,36.78,37.81,2.5,4.32,3.88,7.57,27,11
n2_TrackF_r1_F88F_M255A_OFF_T_G17,32,0.8365,0.851,0.9851,1,2.47,0,14.34,0,38.21,0,36.97,37.95,2.3,5.53,3.63,3.31,31,9
n2_TrackF_r1_F88F_M255A_OFF_T_G17,33,0.8356,0.882,0.9847,0,7.29,0,17.28,0,38.09,0,36.87,37.04,0.96,5.63,4.1,8.01,27,10
n2_TrackF_r1_F88F_M255A_OFF_T_G17,34,0.835,0.8585,0.986,1,3.82,0,11.28,0,18.44,0,22.7,27.78,2.58,3.82,2.59,4.47,41,13
n2_TrackF_r1_F88F_M255A_OFF_T_G17,35,0.8347,0.8838,0.9881,1,3.6,0,14.76,0,37.7,0,36.38,37.31,1.45,4.54,4.75,2.85,38,10
n2_TrackF_r1_F88F_M255A_OFF_T_G17,36,0.83,0.8592,0.9838,0,6.73,0,12.13,0,35.8,0,35.19,36.02,1.13,4.96,4.79,5.97,31,11
n2_TrackF_r1_F88F_M255A_OFF_T_G17,37,0.83,0.9132,0.986,1,4.38,0,10.11,0,29.21,0,28.33,32.56,3.06,5.01,3.84,4.98,44,19
n2_TrackF_r1_F88F_M255A_OFF_T_G17,38,0.8298,0.8901,0.9896,1,3.25,0,23.85,0,50.38,0,50.16,56.42,0.73,3.4,8.74,2.97,25,7
n2_TrackF_r1_F88F_M255A_OFF_T_G17,39,0.8295,0.907,0.9881,0,6.9,0,12.96,0,38.2,0,36.81,37.58,1.95,2.92,4.8,6.63,32,12
n2_TrackF_r1_F88F_M255A_OFF_T_G17,4,0.8595,0.909,0.9873,0,5.06,0,14.91,0,42.54,0,39.34,41.67,2.63,3.12,4.74,5.84,31,13
n2_TrackF_r1_F88F_M255A_OFF_T_G17,40,0.8283,0.8652,0.9878,0,5.75,0,23.31,0,22.16,0,22.36,27.9,0.59,4.97,9.6,5.57,28,12
n2_TrackF_r1_F88F_M255A_OFF_T_G17,41,0.8276,0.87,0.9858,0,5.53,0,15.57,0,38.11,0,36.42,37.74,1.52,4.35,5.0,6.62,26,13
n2_TrackF_r1_F88F_M255A_OFF_T_G17,42,0.8265,0.7899,0.9852,1,4.17,0,12.63,0,20.34,0,24.79,29.3,1.92,4.8,2.29,4.42,30,10
n2_TrackF_r1_F88F_M255A_OFF_T_G17,43,0.8258,0.8579,0.9863,0,5.41,0,24.54,0,23.02,0,28.32,33.2,1.07,1.95,7.95,5.52,23,9
n2_TrackF_r1_F88F_M255A_OFF_T_G17,44,0.8256,0.8989,0.9904,0,7.43,0,15.77,0,16.74,0,20.37,24.05,3.32,3.17,3.08,5.55,35,12
n2_TrackF_r1_F88F_M255A_OFF_T_G17,45,0.8249,0.8644,0.9886,1,4.8,0,12.03,0,32.5,0,33.63,37.46,1.48,2.87,6.48,4.01,33,10
n2_TrackF_r1_F88F_M255A_OFF_T_G17,46,0.8248,0.7826,0.9858,1,2.94,0,12.21,0,16.68,0,20.5,24.22,1.12,3.51,3.98,3.7,29,10
n2_TrackF_r1_F88F_M255A_OFF_T_G17,47,0.8243,0.8246,0.9842,0,15.18,0,23.79,0,47.18,0,46.83,53.41,5.55,4.91,3.16,17.24,10,8
n2_TrackF_r1_F88F_M255A_OFF_T_G17,48,0.8235,0.8762,0.9897,1,4.84,0,9.63,0,23.06,0,25.04,28.5,2.41,3.35,3.91,6.01,26,9
n2_TrackF_r1_F88F_M255A_OFF_T_G17,49,0.8235,0.8149,0.9859,0,5.68,0,23.99,0,51.2,0,48.41,52.07,2.39,3.42,4.8,6.11,32,10
n2_TrackF_r1_F88F_M255A_OFF_T_G17,5,0.859,0.8982,0.9882,0,6.49,0,12.39,0,38.13,0,36.65,37.92,1.47,1.71,5.84,5.92,30,13
n2_TrackF_r1_F88F_M255A_OFF_T_G17,50,0.8231,0.9,0.9911,0,5.62,0,25.35,0,33.36,0,37.91,42.24,0.77,1.65,4.35,6.69,22,8
n2_TrackF_r1_F88F_M255A_OFF_T_G17,51,0.8219,0.8641,0.9875,0,5.73,0,24.12,0,32.44,0,35.6,40.72,0.81,3.14,5.82,6.86,21,9
n2_TrackF_r1_F88F_M255A_OFF_T_G17,52,0.8217,0.759,0.9836,1,4.68,0,12.01,0,8.52,0,12.72,14.6,3.29,3.47,3.95,5.14,26,9
n2_TrackF_r1_F88F_M255A_OFF_T_G17,53,0.8211,0.8282,0.9843,0,16.89,0,25.42,0,27.34,0,31.7,35.68,6.72,8.05,4.74,19.71,9,6
n2_TrackF_r1_F88F_M255A_OFF_T_G17,54,0.8208,0.862,0.9847,0,6.69,0,13.61,0,39.73,0,41.12,42.1,3.59,3.6,3.55,6.93,25,10
n2_TrackF_r1_F88F_M255A_OFF_T_G17,55,0.8204,0.8772,0.9866,0,5.83,0,24.38,0,26.79,0,29.97,34.24,0.72,3.56,4.79,4.73,26,10
n2_TrackF_r1_F88F_M255A_OFF_T_G17,56,0.8199,0.8857,0.9857,0,6.11,0,17.32,0,40.31,0,37.95,39.72,1.57,3.39,6.23,6.81,28,13
n2_TrackF_r1_F88F_M255A_OFF_T_G17,57,0.8197,0.8592,0.9849,0,6.42,0,24.96,0,32.71,0,32.39,35.0,2.86,2.72,2.69,6.07,45,17
n2_TrackF_r1_F88F_M255A_OFF_T_G17,58,0.8191,0.8022,0.9839,0,8.51,0,21.03,0,39.92,0,41.33,47.02,1.59,4.86,6.46,8.29,13,9
n2_TrackF_r1_F88F_M255A_OFF_T_G17,59,0.819,0.8173,0.9852,0,5.38,0,14.34,0,41.9,0,39.13,40.86,1.79,4.73,4.98,6.42,29,12
n2_TrackF_r1_F88F_M255A_OFF_T_G17,6,0.8582,0.9097,0.9905,1,3.5,0,22.69,0,35.38,0,37.51,40.09,1.31,3.9,2.33,4.38,28,12
n2_TrackF_r1_F88F_M255A_OFF_T_G17,60,0.817,0.8502,0.9837,0,8.09,0,15.1,0,38.69,0,37.53,37.64,2.89,2.83,4.04,6.0,30,11
n2_TrackF_r1_F88F_M255A_OFF_T_G17,61,0.8166,0.8946,0.9846,0,6.32,0,9.83,0,28.57,0,29.27,31.81,1.96,1.74,4.22,5.76,38,16
n2_TrackF_r1_F88F_M255A_OFF_T_G17,62,0.8164,0.8406,0.9795,1,2.9,0,17.32,0,36.91,0,37.49,39.96,1.02,5.28,7.14,1.27,37,16
n2_TrackF_r1_F88F_M255A_OFF_T_G17,63,0.8151,0.886,0.9884,1,4.76,0,12.93,0,16.0,0,19.3,22.0,2.02,3.73,3.22,5.21,34,15
n2_TrackF_r1_F88F_M255A_OFF_T_G17,64,0.8146,0.682,0.9744,1,2.54,0,15.23,0,40.25,0,41.29,43.58,3.3,4.65,2.36,1.93,36,13
n2_TrackF_r1_F88F_M255A_OFF_T_G17,65,0.8144,0.8829,0.9862,1,3.97,0,9.38,0,20.94,0,21.9,28.06,2.05,2.51,4.02,4.98,35,12
n2_TrackF_r1_F88F_M255A_OFF_T_G17,66,0.8141,0.8723,0.9879,1,4.32,0,24.88,0,21.02,0,21.61,26.33,1.42,3.2,8.84,4.61,31,8
n2_TrackF_r1_F88F_M255A_OFF_T_G17,67,0.8134,0.8682,0.9881,0,5.61,0,24.62,0,34.26,0,38.32,42.26,1.58,0.58,3.39,6.81,25,11
n2_TrackF_r1_F88F_M255A_OFF_T_G17,68,0.813,0.7685,0.9818,0,10.35,0,23.35,0,51.29,0,50.87,56.71,6.05,5.43,4.27,10.12,17,9
n2_TrackF_r1_F88F_M255A_OFF_T_G17,69,0.8129,0.8254,0.9837,1,3.87,0,11.3,0,14.22,0,18.24,21.72,2.47,5.52,3.02,3.7,34,10
n2_TrackF_r1_F88F_M255A_OFF_T_G17,7,0.8569,0.8797,0.9865,1,4.13,0,14.99,0,39.68,0,37.79,38.48,2.18,3.16,4.46,4.33,35,11
n2_TrackF_r1_F88F_M255A_OFF_T_G17,70,0.8118,0.864,0.9871,0,5.77,0,24.45,0,31.83,0,34.39,39.97,1.22,2.23,3.0,6.44,25,8
n2_TrackF_r1_F88F_M255A_OFF_T_G17,71,0.8116,0.8144,0.9856,1,3.71,0,11.9,0,15.63,0,13.95,21.15,2.79,3.39,3.94,5.21,36,12
n2_TrackF_r1_F88F_M255A_OFF_T_G17,72,0.8091,0.822,0.983,0,5.35,0,24.96,0,29.42,0,33.46,38.29,3.02,3.62,6.6,4.85,22,9
n2_TrackF_r1_F88F_M255A_OFF_T_G17,73,0.809,0.8075,0.9793,1,2.8,0,16.01,0,36.74,0,35.09,36.2,3.3,3.96,4.24,3.91,30,12
n2_TrackF_r1_F88F_M255A_OFF_T_G17,74,0.8089,0.8044,0.9852,0,6.93,0,23.67,0,25.64,0,28.02,33.08,2.11,3.9,7.39,5.54,27,10
n2_TrackF_r1_F88F_M255A_OFF_T_G17,75,0.8087,0.8483,0.9837,1,3.56,0,9.44,0,21.75,0,20.7,27.12,1.52,4.2,3.95,4.34,41,16
n2_TrackF_r1_F88F_M255A_OFF_T_G17,76,0.8084,0.7818,0.9835,0,5.47,0,24.94,0,28.88,0,31.87,36.96,1.33,4.35,7.8,6.15,21,8
n2_TrackF_r1_F88F_M255A_OFF_T_G17,77,0.8077,0.8504,0.987,1,4.71,0,23.01,0,26.33,0,29.84,34.97,1.71,2.3,3.33,4.47,23,10
n2_TrackF_r1_F88F_M255A_OFF_T_G17,78,0.8075,0.831,0.9847,1,4.57,0,25.02,0,21.67,0,25.6,29.78,1.36,4.94,4.59,4.44,30,9
n2_TrackF_r1_F88F_M255A_OFF_T_G17,79,0.8053,0.8505,0.9857,1,4.98,0,17.21,0,42.02,0,39.53,41.5,2.52,6.08,5.64,5.09,24,10
n2_TrackF_r1_F88F_M255A_OFF_T_G17,8,0.8561,0.8999,0.9886,0,5.21,0,14.93,0,40.78,0,38.9,40.28,2.46,4.63,5.34,5.25,33,11
n2_TrackF_r1_F88F_M255A_OFF_T_G17,80,0.8041,0.8268,0.9846,0,6.1,0,14.88,0,40.09,0,37.72,39.24,2.29,1.97,4.46,7.24,23,11
n2_TrackF_r1_F88F_M255A_OFF_T_G17,81,0.8034,0.8704,0.9882,0,5.59,0,15.34,0,40.29,0,38.27,39.74,1.2,4.97,5.39,7.03,23,11
n2_TrackF_r1_F88F_M255A_OFF_T_G17,82,0.8025,0.8173,0.9834,0,5.76,0,24.31,0,26.48,0,30.45,35.48,0.69,3.78,8.31,6.78,23,8
n2_TrackF_r1_F88F_M255A_OFF_T_G17,83,0.8013,0.8173,0.9805,0,7.1,0,15.02,0,35.97,0,34.23,35.43,1.63,4.76,4.45,7.31,25,13
n2_TrackF_r1_F88F_M255A_OFF_T_G17,84,0.8006,0.708,0.977,0,5.95,0,16.94,0,42.85,0,39.62,41.69,2.68,4.1,5.38,5.32,31,13
n2_TrackF_r1_F88F_M255A_OFF_T_G17,85,0.8005,0.7576,0.9795,0,7.84,0,14.2,0,41.97,0,38.25,40.07,3.12,4.06,4.59,6.85,28,13
n2_TrackF_r1_F88F_M255A_OFF_T_G17,86,0.8004,0.8163,0.9832,0,5.12,0,23.01,0,31.04,0,33.56,38.88,2.85,3.68,6.56,5.92,26,9
n2_TrackF_r1_F88F_M255A_OFF_T_G17,87,0.7997,0.8378,0.9843,0,5.05,0,24.15,0,29.74,0,32.96,38.31,1.04,2.43,3.39,5.98,26,9
n2_TrackF_r1_F88F_M255A_OFF_T_G17,88,0.7981,0.7572,0.9813,0,5.23,0,14.28,0,44.63,0,42.1,43.75,1.48,2.39,5.44,4.18,34,11
n2_TrackF_r1_F88F_M255A_OFF_T_G17,89,0.7951,0.8634,0.9845,0,5.83,0,22.29,0,23.11,0,22.14,28.99,1.23,2.43,6.12,5.33,39,14
n2_TrackF_r1_F88F_M255A_OFF_T_G17,9,0.8531,0.9006,0.9854,0,7.0,0,15.51,0,38.96,0,38.5,40.23,0.47,3.57,6.08,7.91,24,13
n2_TrackF_r1_F88F_M255A_OFF_T_G17,90,0.7944,0.7986,0.9794,0,5.67,0,15.12,0,38.03,0,37.26,37.9,0.58,3.96,7.62,5.59,42,16
n2_TrackF_r1_F88F_M255A_OFF_T_G17,91,0.7918,0.6395,0.9722,0,5.9,0,17.28,0,44.66,0,41.45,43.64,0.88,3.74,5.25,4.95,30,13
n2_TrackF_r1_F88F_M255A_OFF_T_G17,92,0.7899,0.8114,0.9826,1,4.11,0,20.2,0,41.45,0,41.86,44.61,1.68,3.91,4.91,1.92,36,14
n2_TrackF_r1_F88F_M255A_OFF_T_G17,93,0.7867,0.7407,0.9811,1,4.38,0,16.78,0,36.38,0,35.65,37.35,2.3,3.41,3.43,2.47,30,13
n2_TrackF_r1_F88F_M255A_OFF_T_G17,94,0.7836,0.7605,0.981,0,6.91,0,12.67,0,35.84,0,35.11,35.92,0.96,4.45,4.99,6.77,27,11
n2_TrackF_r1_F88F_M255A_OFF_T_G17,95,0.7759,0.7333,0.9809,0,5.69,0,25.31,0,30.24,0,33.64,38.45,1.07,2.72,7.36,6.44,24,10
n2_TrackF_r1_F88F_M255A_OFF_T_G17,96,0.7709,0.7095,0.9816,1,4.22,0,11.19,0,14.2,0,19.04,22.74,1.87,4.07,3.5,4.03,33,14
n2_TrackF_r1_F88F_M255A_OFF_T_G17,97,0.7618,0.6543,0.9765,0,6.59,0,12.24,0,42.03,0,41.52,41.97,0.84,3.9,2.83,5.64,41,15
n2_TrackF_r1_F88F_M255A_OFF_T_G17,98,0.7562,0.6423,0.9775,0,5.89,0,23.1,0,31.44,0,35.2,40.86,0.63,2.36,6.18,5.42,24,8
n2_TrackF_r1_F88F_M255A_OFF_T_G17,99,0.7323,0.529,0.9711,0,5.3,0,17.38,0,47.95,0,45.06,48.47,2.62,2.15,5.85,5.34,28,14
n2_TrackF_r1_F88F_M255A_S1_G17,0,0.8427,0.8396,0.9892,1,3.53,0,14.48,0,16.59,0,8.43,16.01,1.78,4.27,7.9,3.84,27,7
n2_TrackF_r1_F88F_M255A_S1_G17,1,0.8415,0.8605,0.9903,1,4.45,0,12.49,0,13.4,0,8.62,16.18,0.86,4.41,3.14,4.34,31,9
n2_TrackF_r1_F88F_M255A_S1_G17,10,0.8316,0.8664,0.9869,1,1.89,0,18.76,0,27.43,0,24.13,31.03,1.11,2.14,4.59,2.86,30,11
n2_TrackF_r1_F88F_M255A_S1_G17,11,0.831,0.8291,0.9885,1,1.79,0,14.2,0,28.07,0,24.23,31.09,2.28,2.82,5.02,2.05,35,10
n2_TrackF_r1_F88F_M255A_S1_G17,12,0.8308,0.8258,0.9892,1,3.73,0,20.24,0,15.72,0,7.67,15.79,1.87,4.47,11.66,3.69,27,9
n2_TrackF_r1_F88F_M255A_S1_G17,13,0.8305,0.8294,0.9885,1,2.95,0,12.22,0,15.0,0,8.56,16.26,2.45,4.69,4.19,3.9,32,9
n2_TrackF_r1_F88F_M255A_S1_G17,14,0.8299,0.9323,0.9899,1,2.36,0,14.43,0,30.65,0,23.7,30.22,3.41,4.36,5.08,0.47,39,15
n2_TrackF_r1_F88F_M255A_S1_G17,15,0.8289,0.8862,0.9898,1,3.87,0,14.92,0,17.39,0,13.18,20.75,2.35,2.62,4.92,3.97,38,14
n2_TrackF_r1_F88F_M255A_S1_G17,16,0.8276,0.8191,0.9884,0,5.72,0,19.29,0,12.51,0,8.42,15.35,0.96,2.6,6.43,6.19,28,8
n2_TrackF_r1_F88F_M255A_S1_G17,17,0.8264,0.8373,0.988,1,2.73,1,2.49,1,0.92,1,2.89,4.49,1.49,3.72,5.23,2.67,46,13
n2_TrackF_r1_F88F_M255A_S1_G17,18,0.826,0.8038,0.9855,0,5.44,0,15.89,0,15.59,0,8.41,15.81,0.95,4.25,3.93,6.08,27,10
n2_TrackF_r1_F88F_M255A_S1_G17,19,0.8259,0.8475,0.9886,0,5.94,0,19.25,0,15.38,0,7.39,14.79,1.96,1.65,3.56,6.3,33,9
n2_TrackF_r1_F88F_M255A_S1_G17,2,0.841,0.8513,0.9895,1,3.5,0,20.14,0,14.56,0,8.74,16.27,2.57,4.12,10.8,3.12,30,8
n2_TrackF_r1_F88F_M255A_S1_G17,20,0.8247,0.8412,0.9909,1,3.35,0,13.31,0,20.8,0,15.06,21.97,1.39,3.11,3.12,4.09,33,10
n2_TrackF_r1_F88F_M255A_S1_G17,21,0.8231,0.8323,0.9886,1,2.03,0,13.64,0,28.61,0,24.85,31.93,2.11,3.41,5.77,2.28,31,10
n2_TrackF_r1_F88F_M255A_S1_G17,22,0.8225,0.7806,0.986,1,3.42,0,11.37,0,13.28,0,7.81,15.78,3.63,2.96,1.81,3.5,31,9
n2_TrackF_r1_F88F_M255A_S1_G17,23,0.8217,0.7847,0.9866,1,3.57,0,12.03,0,15.64,0,11.15,17.41,2.05,3.07,3.71,2.27,30,10
n2_TrackF_r1_F88F_M255A_S1_G17,24,0.8215,0.7674,0.9813,1,1.96,0,10.5,0,23.36,0,20.34,27.54,1.13,3.45,5.92,2.84,26,10
n2_TrackF_r1_F88F_M255A_S1_G17,25,0.8214,0.7878,0.9853,1,3.31,0,14.29,0,13.7,0,8.22,15.77,3.35,1.19,2.81,2.97,34,11
n2_TrackF_r1_F88F_M255A_S1_G17,26,0.8214,0.7599,0.986,1,3.92,0,18.84,0,13.92,0,7.13,14.99,3.2,3.87,8.54,3.26,27,6
n2_TrackF_r1_F88F_M255A_S1_G17,27,0.8207,0.804,0.9882,1,4.22,0,17.44,0,11.63,0,7.86,15.34,1.53,4.37,1.74,4.08,37,11
n2_TrackF_r1_F88F_M255A_S1_G17,28,0.8206,0.8205,0.9896,1,2.18,0,20.07,0,23.7,0,21.13,28.28,2.27,5.21,3.14,2.48,27,12
n2_TrackF_r1_F88F_M255A_S1_G17,29,0.8203,0.8602,0.9881,1,2.39,0,18.8,0,30.16,0,23.94,30.75,1.95,4.31,5.47,2.79,38,16
n2_TrackF_r1_F88F_M255A_S1_G17,3,0.8409,0.8943,0.9879,1,2.77,0,15.16,0,24.4,0,21.84,28.96,1.69,2.8,3.61,2.37,30,14
n2_TrackF_r1_F88F_M255A_S1_G17,30,0.8202,0.7963,0.9864,1,2.83,0,15.04,0,12.84,0,7.72,15.48,3.06,5.18,6.01,2.99,31,13
n2_TrackF_r1_F88F_M255A_S1_G17,31,0.8201,0.7904,0.9872,1,1.33,0,12.98,0,17.92,0,13.11,20.08,2.48,4.68,6.71,2.13,29,11
n2_TrackF_r1_F88F_M255A_S1_G17,32,0.8177,0.779,0.987,1,3.26,0,12.28,0,18.76,0,14.44,21.69,0.73,3.78,4.08,3.46,26,9
n2_TrackF_r1_F88F_M255A_S1_G17,33,0.8175,0.8072,0.9872,0,6.18,0,13.62,0,11.3,0,7.44,14.48,1.81,2.46,4.11,6.1,32,9
n2_TrackF_r1_F88F_M255A_S1_G17,34,0.8174,0.7973,0.9871,1,2.44,0,14.09,0,24.68,0,22.44,29.76,2.09,2.98,4.45,2.59,29,11
n2_TrackF_r1_F88F_M255A_S1_G17,35,0.817,0.8191,0.9864,1,2.35,0,18.57,0,28.2,0,26.46,33.15,1.8,5.04,5.43,2.45,35,12
n2_TrackF_r1_F88F_M255A_S1_G17,36,0.817,0.7816,0.9865,1,4.95,0,13.05,0,21.12,0,15.48,23.07,1.63,4.39,4.85,5.73,28,9
n2_TrackF_r1_F88F_M255A_S1_G17,37,0.8167,0.7863,0.9889,1,4.5,0,12.16,0,14.47,0,10.93,17.72,3.04,3.22,2.85,4.17,27,9
n2_TrackF_r1_F88F_M255A_S1_G17,38,0.8161,0.7762,0.9882,1,2.43,0,17.92,0,18.47,0,12.73,20.11,2.54,5.5,10.51,2.88,20,6
n2_TrackF_r1_F88F_M255A_S1_G17,39,0.816,0.7878,0.9889,0,5.03,0,13.93,0,16.76,0,11.53,18.84,0.81,3.89,4.92,5.81,29,9
n2_TrackF_r1_F88F_M255A_S1_G17,4,0.8408,0.8762,0.9886,1,4.11,0,16.47,0,13.23,0,8.97,16.51,1.59,4.98,9.13,3.69,36,13
n2_TrackF_r1_F88F_M255A_S1_G17,40,0.8155,0.774,0.9861,1,4.97,0,14.87,0,18.35,0,14.07,20.56,2.24,3.38,3.19,3.62,25,10
n2_TrackF_r1_F88F_M255A_S1_G17,41,0.815,0.794,0.9873,1,2.98,1,4.96,1,2.85,1,2.29,4.07,1.27,2.5,5.01,4.2,40,15
n2_TrackF_r1_F88F_M255A_S1_G17,42,0.8134,0.7317,0.9844,1,3.42,0,18.17,0,17.58,0,8.21,16.05,3.52,4.25,4.98,2.87,36,10
n2_TrackF_r1_F88F_M255A_S1_G17,43,0.8128,0.7973,0.9885,1,3.97,0,8.64,0,11.71,0,8.06,15.78,2.79,3.16,3.27,3.85,33,13
n2_TrackF_r1_F88F_M255A_S1_G17,44,0.8119,0.7963,0.9889,1,1.81,0,13.07,0,28.63,0,25.62,32.78,1.28,4.15,5.37,2.87,33,10
n2_TrackF_r1_F88F_M255A_S1_G17,45,0.8114,0.7796,0.9847,1,3.26,0,17.06,0,14.31,0,8.73,16.34,1.82,5.53,4.55,2.34,34,12
n2_TrackF_r1_F88F_M255A_S1_G17,46,0.8111,0.754,0.9824,1,3.79,0,15.25,0,13.07,0,8.41,15.77,2.61,3.99,7.35,3.59,38,15
n2_TrackF_r1_F88F_M255A_S1_G17,47,0.8109,0.861,0.9867,0,5.82,0,7.38,0,30.86,0,31.17,32.2,2.51,5.39,4.59,6.21,27,14
n2_TrackF_r1_F88F_M255A_S1_G17,48,0.8107,0.6992,0.9855,1,4.72,0,17.12,0,18.24,0,14.43,21.86,2.22,3.63,9.2,3.23,28,8
n2_TrackF_r1_F88F_M255A_S1_G17,49,0.81,0.7868,0.9883,1,2.21,1,3.2,1,1.26,1,2.61,3.66,1.98,4.45,4.84,4.63,38,12
n2_TrackF_r1_F88F_M255A_S1_G17,5,0.8386,0.9096,0.9898,1,2.43,0,8.11,0,33.49,0,33.52,34.26,0.98,3.28,5.54,4.03,33,11
n2_TrackF_r1_F88F_M255A_S1_G17,50,0.81,0.744,0.9839,1,2.78,0,17.27,0,27.46,0,25.02,32.01,1.94,5.04,5.59,2.37,29,9
n2_TrackF_r1_F88F_M255A_S1_G17,51,0.81,0.7361,0.9842,1,4.21,0,22.1,0,19.51,0,13.58,20.59,1.0,3.21,8.49,6.13,24,8
n2_TrackF_r1_F88F_M255A_S1_G17,52,0.8087,0.7555,0.9845,1,2.96,0,16.95,0,19.07,0,14.03,20.61,2.74,3.76,4.63,1.78,28,9
n2_TrackF_r1_F88F_M255A_S1_G17,53,0.8086,0.7955,0.9839,1,4.36,0,13.18,0,19.43,0,12.12,18.97,1.87,2.77,4.7,4.8,38,15
n2_TrackF_r1_F88F_M255A_S1_G17,54,0.8081,0.745,0.987,1,2.85,0,14.24,0,19.46,0,14.46,22.26,1.8,2.93,4.2,3.34,30,10
n2_TrackF_r1_F88F_M255A_S1_G17,55,0.8075,0.8512,0.9843,0,6.52,0,6.75,0,31.83,0,32.18,33.39,1.62,4.59,4.25,6.71,32,12
n2_TrackF_r1_F88F_M255A_S1_G17,56,0.8072,0.7771,0.9855,1,4.69,1,4.77,1,3.11,1,1.32,5.28,0.88,4.93,4.47,3.5,44,14
n2_TrackF_r1_F88F_M255A_S1_G17,57,0.8053,0.6992,0.9849,1,2.41,0,11.52,0,14.28,0,8.62,15.83,2.82,3.77,2.93,2.79,31,10
n2_TrackF_r1_F88F_M255A_S1_G17,58,0.804,0.8138,0.9838,1,2.34,0,17.97,0,28.95,0,24.67,31.92,2.33,3.52,8.63,2.79,30,11
n2_TrackF_r1_F88F_M255A_S1_G17,59,0.8033,0.7398,0.9839,1,2.48,0,13.86,0,19.56,0,13.71,20.39,2.99,4.1,4.14,2.54,32,10
n2_TrackF_r1_F88F_M255A_S1_G17,6,0.8349,0.8537,0.9899,1,2.07,0,11.56,0,26.35,0,22.95,30.19,0.79,3.64,6.47,3.0,28,10
n2_TrackF_r1_F88F_M255A_S1_G17,60,0.803,0.7465,0.9859,1,3.29,1,3.28,1,3.67,1,1.76,4.38,0.93,2.05,4.97,3.38,36,13
n2_TrackF_r1_F88F_M255A_S1_G17,61,0.8015,0.7418,0.9846,1,2.38,0,15.12,0,16.41,0,12.78,19.95,3.18,4.86,6.51,2.84,27,8
n2_TrackF_r1_F88F_M255A_S1_G17,62,0.8012,0.764,0.986,1,1.37,1,4.99,1,4.77,1,1.53,5.13,1.47,3.05,3.96,3.28,45,13
n2_TrackF_r1_F88F_M255A_S1_G17,63,0.7987,0.6881,0.9832,1,3.21,0,21.94,0,26.72,0,22.19,29.38,1.24,4.25,5.78,3.01,33,14
n2_TrackF_r1_F88F_M255A_S1_G17,64,0.7983,0.7881,0.9859,1,3.32,0,21.16,0,25.65,0,23.63,30.83,1.21,5.02,5.5,2.98,36,16
n2_TrackF_r1_F88F_M255A_S1_G17,65,0.7975,0.7591,0.9847,1,2.89,1,2.82,1,1.1,1,2.8,3.56,2.16,4.64,4.78,3.58,48,13
n2_TrackF_r1_F88F_M255A_S1_G17,66,0.7971,0.7387,0.9856,1,2.32,1,4.74,1,2.82,1,1.54,4.24,2.07,3.93,4.5,1.53,42,14
n2_TrackF_r1_F88F_M255A_S1_G17,67,0.797,0.7788,0.9848,1,2.54,1,4.19,1,2.52,1,4.25,7.24,2.31,2.03,4.65,5.13,40,10
n2_TrackF_r1_F88F_M255A_S1_G17,68,0.7963,0.7715,0.9869,1,2.56,1,4.84,1,2.47,1,2.93,3.04,1.79,4.19,4.19,3.84,47,13
n2_TrackF_r1_F88F_M255A_S1_G17,69,0.794,0.7497,0.984,0,6.88,1,4.33,1,1.63,1,2.48,5.28,1.77,2.23,5.1,6.27,37,11
n2_TrackF_r1_F88F_M255A_S1_G17,7,0.8336,0.834,0.9881,0,5.52,0,15.41,0,13.51,0,9.65,16.97,1.13,4.58,3.43,6.08,27,8
n2_TrackF_r1_F88F_M255A_S1_G17,70,0.7936,0.7805,0.9853,1,2.31,1,3.09,1,2.81,1,2.35,4.23,2.6,6.41,5.68,3.86,40,13
n2_TrackF_r1_F88F_M255A_S1_G17,71,0.7935,0.8862,0.9883,1,2.18,0,17.0,0,35.87,0,28.77,36.3,2.23,3.96,5.56,2.71,40,18
n2_TrackF_r1_F88F_M255A_S1_G17,72,0.7934,0.7379,0.9829,0,5.69,0,11.71,0,13.45,0,8.13,16.04,2.18,3.92,3.22,6.28,33,10
n2_TrackF_r1_F88F_M255A_S1_G17,73,0.7923,0.7315,0.9846,1,3.72,0,5.55,1,3.11,0,0.75,4.31,1.4,2.49,3.9,3.7,41,14
n2_TrackF_r1_F88F_M255A_S1_G17,74,0.7919,0.7617,0.9862,1,1.99,1,4.62,1,2.38,1,1.9,5.1,2.54,2.85,3.27,3.64,42,13
n2_TrackF_r1_F88F_M255A_S1_G17,75,0.7916,0.7473,0.9854,1,2.07,1,3.41,0,35.61,0,31.94,39.21,1.51,1.08,4.74,2.28,49,12
n2_TrackF_r1_F88F_M255A_S1_G17,76,0.7914,0.7321,0.9842,1,2.18,0,15.93,0,17.38,0,13.99,21.07,2.58,4.86,5.49,1.8,27,11
n2_TrackF_r1_F88F_M255A_S1_G17,77,0.791,0.7466,0.9884,1,2.82,1,4.68,0,40.3,0,31.08,39.06,2.06,2.19,4.5,2.94,41,14
n2_TrackF_r1_F88F_M255A_S1_G17,78,0.7902,0.6645,0.9823,1,3.38,0,18.94,0,19.47,0,12.78,19.7,1.93,4.61,7.51,3.97,27,8
n2_TrackF_r1_F88F_M255A_S1_G17,79,0.7901,0.766,0.9861,1,2.69,1,4.19,1,3.19,1,2.25,5.97,1.95,4.76,3.71,4.42,39,13
n2_TrackF_r1_F88F_M255A_S1_G17,8,0.8331,0.8616,0.9869,0,5.24,0,13.7,0,12.57,0,8.14,15.77,1.26,3.54,6.85,4.8,37,11
n2_TrackF_r1_F88F_M255A_S1_G17,80,0.7896,0.7266,0.9843,1,2.85,0,5.09,1,3.32,0,1.84,4.58,2.15,3.67,5.23,4.65,37,13
n2_TrackF_r1_F88F_M255A_S1_G17,81,0.7878,0.7912,0.9797,1,2.11,0,19.85,0,18.37,0,14.14,20.8,1.85,4.37,2.91,1.2,47,18
n2_TrackF_r1_F88F_M255A_S1_G17,82,0.7874,0.7412,0.9833,1,2.5,0,20.08,0,27.28,0,25.1,31.75,1.9,3.94,4.71,2.05,44,16
n2_TrackF_r1_F88F_M255A_S1_G17,83,0.7855,0.7537,0.9839,1,3.22,1,4.4,1,2.48,1,1.73,3.67,0.93,3.02,6.0,3.85,42,14
n2_TrackF_r1_F88F_M255A_S1_G17,84,0.7829,0.6917,0.9793,1,3.23,0,19.07,0,22.39,0,14.65,21.3,2.39,1.26,2.9,2.41,34,13
n2_TrackF_r1_F88F_M255A_S1_G17,85,0.7823,0.6728,0.9818,1,1.74,1,2.83,1,3.07,1,2.28,4.91,1.72,4.74,4.77,2.65,34,11
n2_TrackF_r1_F88F_M255A_S1_G17,86,0.7823,0.7638,0.9848,1,3.48,0,18.95,0,17.81,0,13.29,19.7,2.12,4.09,4.21,3.44,38,13
n2_TrackF_r1_F88F_M255A_S1_G17,87,0.782,0.6827,0.983,1,3.78,1,4.51,1,2.74,1,2.21,4.33,0.73,4.75,4.46,4.0,39,13
n2_TrackF_r1_F88F_M255A_S1_G17,88,0.7812,0.6733,0.978,1,4.02,0,12.75,0,21.56,0,15.6,22.76,2.25,3.13,1.05,5.23,39,15
n2_TrackF_r1_F88F_M255A_S1_G17,89,0.7811,0.6906,0.9823,1,2.79,1,4.71,1,1.96,1,1.94,3.64,2.59,2.21,4.33,4.12,43,12
n2_TrackF_r1_F88F_M255A_S1_G17,9,0.8319,0.8278,0.9881,1,2.4,0,9.95,0,15.13,0,9.26,16.69,1.85,3.05,2.89,3.09,36,10
n2_TrackF_r1_F88F_M255A_S1_G17,90,0.7803,0.6729,0.9836,1,2.22,1,4.25,1,3.73,1,1.81,3.44,0.7,2.1,4.08,4.27,37,12
n2_TrackF_r1_F88F_M255A_S1_G17,91,0.778,0.6448,0.9844,1,2.32,0,11.96,0,17.93,0,14.33,20.76,2.46,2.95,2.32,2.49,24,10
n2_TrackF_r1_F88F_M255A_S1_G17,92,0.7773,0.7421,0.9812,1,3.04,0,16.29,0,6.31,0,3.4,8.36,2.26,5.51,6.29,6.29,38,12
n2_TrackF_r1_F88F_M255A_S1_G17,93,0.7763,0.6764,0.9827,1,2.19,1,3.33,1,1.89,1,3.34,5.1,1.19,5.17,5.31,1.97,37,12
n2_TrackF_r1_F88F_M255A_S1_G17,94,0.7751,0.7343,0.9853,1,2.61,1,3.05,1,2.11,1,2.73,4.59,0.77,3.62,4.05,4.74,47,13
n2_TrackF_r1_F88F_M255A_S1_G17,95,0.7742,0.593,0.9819,1,2.2,0,15.63,0,22.16,0,13.2,20.35,1.89,2.98,4.65,2.34,28,8
n2_TrackF_r1_F88F_M255A_S1_G17,96,0.7719,0.6649,0.9799,0,6.92,1,2.34,1,3.18,1,2.26,5.02,1.71,1.55,6.15,6.95,35,11
n2_TrackF_r1_F88F_M255A_S1_G17,97,0.7665,0.6857,0.9834,1,2.17,1,2.71,0,23.62,0,20.79,28.11,2.95,2.52,4.8,4.5,42,15
n2_TrackF_r1_F88F_M255A_S1_G17,98,0.7516,0.6102,0.9816,1,2.89,1,3.23,1,1.79,1,1.41,5.29,1.4,5.53,4.99,3.46,45,14
n2_TrackF_r1_F88F_M255A_S1_G17,99,0.6977,0.3439,0.9729,1,2.08,0,18.82,0,18.61,0,12.69,19.74,3.18,4.41,10.37,2.78,25,8
n2_TrackF_r1_F88F_M255I_OFF_T_G17,0,0.8648,0.9123,0.9882,1,2.45,0,13.4,0,39.42,0,36.6,38.15,1.12,4.54,4.65,5.04,38,12
n2_TrackF_r1_F88F_M255I_OFF_T_G17,1,0.8606,0.9131,0.9906,1,3.59,0,14.8,0,41.46,0,37.82,40.02,1.37,4.64,4.5,4.72,30,11
n2_TrackF_r1_F88F_M255I_OFF_T_G17,10,0.8463,0.9077,0.9909,0,6.28,0,16.86,0,41.18,0,38.1,40.47,3.06,3.95,6.28,5.03,31,11
n2_TrackF_r1_F88F_M255I_OFF_T_G17,11,0.8459,0.8678,0.983,1,4.56,0,17.32,0,40.94,0,37.67,40.15,1.84,2.52,6.11,4.14,37,13
n2_TrackF_r1_F88F_M255I_OFF_T_G17,12,0.8456,0.9071,0.9881,0,5.93,0,10.57,0,34.16,0,35.14,33.49,1.81,4.5,7.13,4.49,31,15
n2_TrackF_r1_F88F_M255I_OFF_T_G17,13,0.8446,0.8653,0.9843,0,5.48,0,15.3,0,40.83,0,38.74,40.16,2.73,4.72,4.83,5.77,30,13
n2_TrackF_r1_F88F_M255I_OFF_T_G17,14,0.8444,0.8736,0.9846,0,6.97,0,14.57,0,43.26,0,40.38,42.54,1.78,3.89,5.37,7.87,25,12
n2_TrackF_r1_F88F_M255I_OFF_T_G17,15,0.843,0.884,0.9854,0,5.06,0,14.54,0,40.17,0,37.74,38.94,0.59,3.29,4.7,4.19,36,13
n2_TrackF_r1_F88F_M255I_OFF_T_G17,16,0.8426,0.8967,0.9889,1,4.76,0,14.53,0,41.45,0,39.33,40.86,2.53,5.23,5.35,4.28,36,11
n2_TrackF_r1_F88F_M255I_OFF_T_G17,17,0.8423,0.9069,0.9895,1,0.79,0,14.97,0,39.55,0,41.65,43.26,1.56,3.46,4.06,1.27,33,13
n2_TrackF_r1_F88F_M255I_OFF_T_G17,18,0.8421,0.8897,0.9879,1,2.58,0,15.33,0,39.75,0,37.55,38.39,2.06,3.51,4.07,2.6,32,13
n2_TrackF_r1_F88F_M255I_OFF_T_G17,19,0.8402,0.896,0.9885,1,2.31,0,14.05,0,39.09,0,37.15,38.63,1.6,4.39,3.56,4.16,37,9
n2_TrackF_r1_F88F_M255I_OFF_T_G17,2,0.8568,0.9226,0.9911,1,3.56,0,14.86,0,44.53,0,41.51,43.13,2.84,1.79,6.67,5.85,32,13
n2_TrackF_r1_F88F_M255I_OFF_T_G17,20,0.8397,0.9273,0.9913,1,2.2,0,14.12,0,36.05,0,34.71,35.59,2.94,3.57,5.4,3.36,34,12
n2_TrackF_r1_F88F_M255I_OFF_T_G17,21,0.8373,0.9067,0.9888,1,4.44,0,14.98,0,40.35,0,38.21,40.71,2.27,5.04,6.68,3.99,33,11
n2_TrackF_r1_F88F_M255I_OFF_T_G17,22,0.8369,0.9082,0.9877,1,4.77,0,17.38,0,48.43,0,43.44,47.93,2.17,3.6,6.44,5.27,36,13
n2_TrackF_r1_F88F_M255I_OFF_T_G17,23,0.8366,0.8569,0.981,0,6.14,0,16.85,0,44.68,0,41.32,43.49,2.1,4.73,5.9,6.02,31,13
n2_TrackF_r1_F88F_M255I_OFF_T_G17,24,0.8357,0.8818,0.9867,0,6.23,0,17.84,0,42.0,0,40.11,42.34,1.25,2.73,6.59,5.88,28,12
n2_TrackF_r1_F88F_M255I_OFF_T_G17,25,0.8337,0.8833,0.9873,1,2.02,0,13.55,0,37.63,0,36.8,36.99,2.01,4.25,4.87,3.98,29,11
n2_TrackF_r1_F88F_M255I_OFF_T_G17,26,0.8322,0.871,0.9845,1,4.34,0,15.01,0,38.4,0,37.11,38.25,2.48,4.37,4.05,3.84,35,10
n2_TrackF_r1_F88F_M255I_OFF_T_G17,27,0.832,0.8788,0.9887,1,4.05,0,12.88,0,21.89,0,19.79,23.51,3.0,4.03,2.26,2.9,38,12
n2_TrackF_r1_F88F_M255I_OFF_T_G17,28,0.8319,0.8691,0.9857,0,6.14,0,16.15,0,28.65,0,24.23,31.13,2.91,4.11,7.93,5.5,25,11
n2_TrackF_r1_F88F_M255I_OFF_T_G17,29,0.8315,0.8614,0.9854,0,6.14,0,13.77,0,37.46,0,35.86,36.72,0.86,4.25,4.22,7.39,28,12
n2_TrackF_r1_F88F_M255I_OFF_T_G17,3,0.8552,0.909,0.9891,1,2.02,0,13.52,0,38.63,0,36.93,38.28,2.1,3.49,5.3,3.94,37,13
n2_TrackF_r1_F88F_M255I_OFF_T_G17,30,0.8314,0.8855,0.9856,0,6.41,0,17.08,0,42.65,0,40.5,41.91,1.64,4.08,4.89,5.85,30,14
n2_TrackF_r1_F88F_M255I_OFF_T_G17,31,0.8314,0.93,0.9888,1,2.08,0,20.65,0,30.11,0,28.93,30.94,2.15,5.34,2.95,2.19,46,18
n2_TrackF_r1_F88F_M255I_OFF_T_G17,32,0.8297,0.9124,0.9875,0,6.79,0,11.79,0,36.08,0,35.17,35.62,1.83,3.95,4.3,6.48,39,14
n2_TrackF_r1_F88F_M255I_OFF_T_G17,33,0.8297,0.9236,0.9904,0,5.78,0,17.11,0,44.66,0,41.43,43.49,2.52,3.88,4.64,5.95,27,13
n2_TrackF_r1_F88F_M255I_OFF_T_G17,34,0.8279,0.8735,0.9862,1,4.88,0,17.72,0,42.38,0,38.96,40.89,1.01,3.3,3.38,5.71,29,12
n2_TrackF_r1_F88F_M255I_OFF_T_G17,35,0.8276,0.8733,0.9805,1,3.93,0,11.67,0,37.38,0,36.39,36.31,1.8,3.25,6.46,3.63,35,13
n2_TrackF_r1_F88F_M255I_OFF_T_G17,36,0.8274,0.8752,0.9834,0,6.3,0,16.05,0,36.55,0,35.73,36.05,0.57,3.89,4.73,6.61,29,12
n2_TrackF_r1_F88F_M255I_OFF_T_G17,37,0.8256,0.8118,0.981,0,6.59,0,16.02,0,39.94,0,37.49,39.08,1.29,5.27,5.24,6.4,26,12
n2_TrackF_r1_F88F_M255I_OFF_T_G17,38,0.8249,0.8705,0.9851,1,4.98,0,16.32,0,41.24,0,38.57,40.26,1.39,5.63,3.22,4.43,29,14
n2_TrackF_r1_F88F_M255I_OFF_T_G17,39,0.824,0.831,0.9879,1,3.28,0,12.18,0,12.64,0,13.72,17.33,2.11,5.51,6.84,3.79,29,12
n2_TrackF_r1_F88F_M255I_OFF_T_G17,4,0.8517,0.8934,0.9892,1,2.85,0,16.95,0,36.87,0,37.83,37.44,1.82,6.49,2.66,3.53,30,12
n2_TrackF_r1_F88F_M255I_OFF_T_G17,40,0.8237,0.8579,0.9862,0,5.85,0,10.48,0,40.25,0,39.32,38.96,3.31,2.13,7.26,6.24,34,14
n2_TrackF_r1_F88F_M255I_OFF_T_G17,41,0.8229,0.8888,0.9865,0,6.61,0,16.25,0,24.87,0,19.07,25.58,3.72,3.2,1.61,6.75,30,11
n2_TrackF_r1_F88F_M255I_OFF_T_G17,42,0.8227,0.9224,0.9885,0,6.04,0,9.5,0,33.9,0,33.81,34.93,1.9,4.38,4.64,7.03,34,11
n2_TrackF_r1_F88F_M255I_OFF_T_G17,43,0.8226,0.8602,0.9849,1,4.58,0,17.08,0,47.92,0,43.58,46.63,2.26,4.29,6.29,4.85,28,13
n2_TrackF_r1_F88F_M255I_OFF_T_G17,44,0.8211,0.8541,0.9836,0,5.31,0,15.25,0,36.26,0,34.12,35.49,1.72,4.29,2.71,5.45,31,11
n2_TrackF_r1_F88F_M255I_OFF_T_G17,45,0.8202,0.8345,0.98,0,5.09,0,14.56,0,39.87,0,38.45,39.0,2.21,5.28,4.58,6.08,31,13
n2_TrackF_r1_F88F_M255I_OFF_T_G17,46,0.82,0.8419,0.9827,1,4.93,0,15.56,0,41.73,0,39.82,41.45,2.92,2.67,4.4,4.35,36,13
n2_TrackF_r1_F88F_M255I_OFF_T_G17,47,0.8191,0.8099,0.9851,0,15.83,0,23.76,0,45.87,0,43.27,49.55,6.09,6.95,5.04,17.68,8,9
n2_TrackF_r1_F88F_M255I_OFF_T_G17,48,0.819,0.8883,0.9865,1,3.99,0,11.59,0,20.32,0,17.62,23.61,1.96,3.54,7.88,4.87,36,13
n2_TrackF_r1_F88F_M255I_OFF_T_G17,49,0.8182,0.8503,0.9815,0,5.28,0,11.9,0,38.86,0,40.13,40.15,1.69,3.13,2.08,4.05,32,9
n2_TrackF_r1_F88F_M255I_OFF_T_G17,5,0.8497,0.9253,0.9896,0,6.55,0,12.84,0,35.57,0,36.44,36.33,2.21,3.72,4.92,5.85,40,12
n2_TrackF_r1_F88F_M255I_OFF_T_G17,50,0.8181,0.8208,0.982,0,7.65,0,15.13,0,39.12,0,37.46,38.06,1.72,3.04,3.83,5.6,29,12
n2_TrackF_r1_F88F_M255I_OFF_T_G17,51,0.818,0.8528,0.9864,0,5.93,0,22.9,0,26.55,0,27.12,32.74,2.42,3.44,6.13,5.73,28,11
n2_TrackF_r1_F88F_M255I_OFF_T_G17,52,0.8178,0.8673,0.9873,0,5.87,0,15.7,0,46.91,0,43.32,49.76,1.58,3.19,5.64,5.62,24,10
n2_TrackF_r1_F88F_M255I_OFF_T_G17,53,0.8175,0.8453,0.9866,1,4.09,0,23.03,0,26.65,0,26.21,31.27,2.67,3.8,10.31,5.67,27,10
n2_TrackF_r1_F88F_M255I_OFF_T_G17,54,0.8157,0.8325,0.9814,0,5.55,0,16.12,0,39.82,0,37.79,38.72,1.95,3.78,3.97,4.74,30,12
n2_TrackF_r1_F88F_M255I_OFF_T_G17,55,0.8153,0.7967,0.9829,0,5.15,0,15.9,0,41.01,0,38.41,39.96,3.98,4.81,6.12,4.18,35,11
n2_TrackF_r1_F88F_M255I_OFF_T_G17,56,0.8145,0.8963,0.9878,0,11.17,0,20.37,0,51.3,0,46.61,53.31,5.7,3.56,2.64,17.02,18,10
n2_TrackF_r1_F88F_M255I_OFF_T_G17,57,0.8138,0.9016,0.9881,0,5.02,0,12.29,0,26.41,0,25.7,30.79,0.76,4.81,3.82,5.19,32,12
n2_TrackF_r1_F88F_M255I_OFF_T_G17,58,0.8129,0.8777,0.9897,0,7.99,0,15.82,0,15.71,0,18.09,21.82,3.21,2.86,2.48,6.14,40,12
n2_TrackF_r1_F88F_M255I_OFF_T_G17,59,0.8128,0.7516,0.9774,1,3.8,0,21.45,0,59.43,0,50.41,57.52,1.15,1.79,5.13,3.44,31,11
n2_TrackF_r1_F88F_M255I_OFF_T_G17,6,0.8492,0.8886,0.9847,1,4.6,0,15.12,0,42.35,0,38.68,41.29,2.35,3.45,4.35,6.7,29,11
n2_TrackF_r1_F88F_M255I_OFF_T_G17,60,0.8113,0.9089,0.9893,1,1.99,0,10.98,0,28.8,0,27.54,32.9,0.65,2.41,4.86,3.16,37,13
n2_TrackF_r1_F88F_M255I_OFF_T_G17,61,0.8112,0.913,0.9892,1,1.85,0,11.96,0,45.91,0,37.97,44.83,2.7,3.86,3.3,2.83,43,14
n2_TrackF_r1_F88F_M255I_OFF_T_G17,62,0.8108,0.8518,0.9849,0,5.51,0,23.55,0,34.63,0,37.55,40.44,3.04,2.85,1.96,5.17,25,10
n2_TrackF_r1_F88F_M255I_OFF_T_G17,63,0.8101,0.9071,0.9873,0,5.76,0,20.84,0,39.97,0,37.28,38.39,1.9,1.97,1.96,6.3,26,13
n2_TrackF_r1_F88F_M255I_OFF_T_G17,64,0.81,0.8385,0.9851,0,5.49,0,24.2,0,26.94,0,29.25,33.79,0.7,4.71,10.78,5.46,21,9
n2_TrackF_r1_F88F_M255I_OFF_T_G17,65,0.8092,0.857,0.9873,0,6.5,0,23.53,0,31.8,0,30.59,36.71,1.53,4.55,6.07,6.28,26,11
n2_TrackF_r1_F88F_M255I_OFF_T_G17,66,0.809,0.7687,0.9849,1,3.05,0,11.62,0,20.62,0,23.07,25.11,0.5,4.22,3.05,3.83,28,8
n2_TrackF_r1_F88F_M255I_OFF_T_G17,67,0.8086,0.891,0.9865,0,6.14,0,21.27,0,34.25,0,32.89,35.96,2.24,2.76,4.53,4.93,41,15
n2_TrackF_r1_F88F_M255I_OFF_T_G17,68,0.8084,0.8524,0.982,1,4.67,0,16.61,0,30.38,0,30.72,32.36,1.39,2.82,4.37,4.51,46,18
n2_TrackF_r1_F88F_M255I_OFF_T_G17,69,0.808,0.8633,0.9888,0,5.35,0,24.96,0,36.9,0,37.14,40.7,1.18,2.27,4.39,6.34,23,8
n2_TrackF_r1_F88F_M255I_OFF_T_G17,7,0.849,0.8887,0.9876,1,2.36,0,14.22,0,40.19,0,38.69,40.04,2.46,4.07,4.81,2.38,34,11
n2_TrackF_r1_F88F_M255I_OFF_T_G17,70,0.8076,0.7975,0.9781,0,12.68,0,20.31,0,34.71,0,34.07,39.05,5.74,2.3,4.16,13.07,14,11
n2_TrackF_r1_F88F_M255I_OFF_T_G17,71,0.8059,0.8099,0.9839,1,4.66,0,14.11,0,44.62,0,41.54,43.7,1.69,3.69,6.7,3.9,43,13
n2_TrackF_r1_F88F_M255I_OFF_T_G17,72,0.8058,0.8117,0.9808,1,4.06,0,11.52,1,4.9,0,11.1,10.79,3.27,4.85,2.96,4.96,51,16
n2_TrackF_r1_F88F_M255I_OFF_T_G17,73,0.8055,0.8,0.9797,1,4.21,0,14.86,0,40.36,0,37.5,39.98,0.81,5.49,7.27,5.43,32,11
n2_TrackF_r1_F88F_M255I_OFF_T_G17,74,0.8052,0.7917,0.9835,0,5.82,0,26.19,0,40.24,0,40.48,44.1,1.03,3.06,6.06,6.48,25,9
n2_TrackF_r1_F88F_M255I_OFF_T_G17,75,0.8044,0.886,0.9869,1,4.15,0,11.01,0,25.17,0,25.8,29.55,2.23,3.46,3.93,5.43,36,14
n2_TrackF_r1_F88F_M255I_OFF_T_G17,76,0.8032,0.7817,0.979,0,5.53,0,12.58,0,32.11,0,35.35,32.99,1.24,2.8,5.9,4.69,26,14
n2_TrackF_r1_F88F_M255I_OFF_T_G17,77,0.8024,0.8416,0.983,1,4.35,0,20.36,0,22.69,0,19.81,25.33,2.01,3.45,6.58,4.46,36,10
n2_TrackF_r1_F88F_M255I_OFF_T_G17,78,0.8002,0.8239,0.9837,0,16.56,0,15.92,0,34.0,0,34.27,32.49,6.66,3.94,4.98,18.97,14,7
n2_TrackF_r1_F88F_M255I_OFF_T_G17,79,0.7988,0.8508,0.9844,0,5.28,0,23.7,0,31.02,0,32.51,37.5,1.52,2.38,2.11,5.77,28,8
n2_TrackF_r1_F88F_M255I_OFF_T_G17,8,0.8487,0.9362,0.9917,1,4.52,0,9.74,0,31.75,0,34.52,33.89,3.07,1.98,5.2,6.18,33,14
n2_TrackF_r1_F88F_M255I_OFF_T_G17,80,0.7988,0.7917,0.9824,0,6.75,0,18.79,0,45.51,0,43.34,44.97,1.31,1.41,6.52,5.61,29,14
n2_TrackF_r1_F88F_M255I_OFF_T_G17,81,0.7983,0.8439,0.9806,1,4.93,1,4.38,0,27.91,0,29.4,30.98,0.91,3.64,2.31,5.55,18,9
n2_TrackF_r1_F88F_M255I_OFF_T_G17,82,0.7979,0.8804,0.9865,1,4.57,0,12.0,0,24.16,0,18.06,23.68,2.06,4.8,7.03,5.44,34,14
n2_TrackF_r1_F88F_M255I_OFF_T_G17,83,0.7962,0.8272,0.9857,0,5.77,0,23.49,0,30.35,0,30.84,36.38,1.25,2.44,7.93,6.43,23,8
n2_TrackF_r1_F88F_M255I_OFF_T_G17,84,0.7948,0.7696,0.9813,0,5.63,0,16.25,0,42.17,0,39.95,40.96,2.19,3.25,6.84,3.98,30,14
n2_TrackF_r1_F88F_M255I_OFF_T_G17,85,0.7943,0.861,0.9837,1,4.04,0,11.19,0,20.82,0,21.99,26.08,1.36,3.59,3.97,4.96,40,14
n2_TrackF_r1_F88F_M255I_OFF_T_G17,86,0.7933,0.8645,0.9843,1,4.4,0,9.48,0,28.55,0,31.39,31.87,2.9,3.16,3.63,2.51,39,15
n2_TrackF_r1_F88F_M255I_OFF_T_G17,87,0.7912,0.718,0.9806,0,5.62,0,16.85,0,45.27,0,42.1,44.59,2.5,3.95,5.23,5.29,25,13
n2_TrackF_r1_F88F_M255I_OFF_T_G17,88,0.7903,0.8095,0.9817,1,4.32,0,11.7,0,17.14,0,14.57,19.92,1.21,3.76,3.04,5.16,29,11
n2_TrackF_r1_F88F_M255I_OFF_T_G17,89,0.7851,0.8057,0.9848,0,7.12,0,14.77,0,38.62,0,36.0,37.43,2.04,3.7,4.15,7.25,19,9
n2_TrackF_r1_F88F_M255I_OFF_T_G17,9,0.8481,0.8889,0.9887,0,6.08,0,12.75,0,32.81,0,34.93,36.2,1.78,4.49,3.91,5.86,30,15
n2_TrackF_r1_F88F_M255I_OFF_T_G17,90,0.7818,0.7782,0.9824,0,5.88,0,25.41,0,27.59,0,29.78,34.08,2.3,5.01,9.03,6.38,23,9
n2_TrackF_r1_F88F_M255I_OFF_T_G17,91,0.781,0.8138,0.9843,1,4.88,0,9.65,0,20.0,0,13.65,19.55,0.76,3.48,4.22,5.4,34,11
n2_TrackF_r1_F88F_M255I_OFF_T_G17,92,0.7792,0.7985,0.9832,0,6.3,0,15.5,0,37.36,0,35.83,36.31,0.65,3.53,9.16,5.22,31,11
n2_TrackF_r1_F88F_M255I_OFF_T_G17,93,0.7781,0.7266,0.9748,0,6.24,0,15.44,0,33.8,0,33.33,33.56,1.72,4.82,10.98,7.11,35,10
n2_TrackF_r1_F88F_M255I_OFF_T_G17,94,0.7754,0.707,0.9761,1,4.8,0,16.8,0,40.32,0,37.19,39.49,0.13,1.76,5.08,5.67,30,12
n2_TrackF_r1_F88F_M255I_OFF_T_G17,95,0.7735,0.73,0.9806,0,6.08,0,14.89,0,37.94,0,36.49,38.29,1.96,3.77,4.23,6.49,30,12
n2_TrackF_r1_F88F_M255I_OFF_T_G17,96,0.7664,0.7227,0.9806,1,4.98,0,10.63,0,21.99,0,22.66,27.08,1.02,3.05,4.78,5.58,35,15
n2_TrackF_r1_F88F_M255I_OFF_T_G17,97,0.7661,0.5695,0.9773,0,17.93,0,26.58,0,60.64,0,57.34,59.89,7.78,5.62,4.82,21.36,11,5
n2_TrackF_r1_F88F_M255I_OFF_T_G17,98,0.7555,0.7005,0.9796,0,5.91,0,23.66,0,32.61,0,34.78,38.69,1.52,2.71,3.42,6.72,22,11
n2_TrackF_r1_F88F_M255I_OFF_T_G17,99,0.7549,0.5668,0.9757,1,3.79,0,17.19,0,47.41,0,45.17,49.37,2.71,6.06,9.44,3.62,30,12
n2_TrackF_r1_F88F_M255I_S1_G17,0,0.8453,0.8498,0.9896,1,2.24,0,16.56,0,33.79,0,25.32,32.05,1.41,4.51,11.29,2.54,43,12
n2_TrackF_r1_F88F_M255I_S1_G17,1,0.842,0.9423,0.9911,1,5.0,0,7.41,0,39.35,0,38.02,39.6,0.96,2.92,6.57,5.15,32,12
n2_TrackF_r1_F88F_M255I_S1_G17,10,0.8302,0.818,0.9882,1,2.44,0,20.66,0,27.4,0,19.51,26.26,2.19,5.62,11.77,2.51,24,6
n2_TrackF_r1_F88F_M255I_S1_G17,11,0.8295,0.857,0.9886,1,4.94,0,13.52,0,18.68,0,8.49,15.78,1.34,3.69,2.37,5.7,26,9
n2_TrackF_r1_F88F_M255I_S1_G17,12,0.8272,0.8189,0.9862,0,5.32,0,13.32,0,16.75,0,6.35,13.64,3.47,1.63,3.84,5.85,31,10
n2_TrackF_r1_F88F_M255I_S1_G17,13,0.8268,0.8372,0.9889,1,3.32,0,14.66,0,17.91,0,9.13,15.78,1.52,3.35,2.82,4.46,33,10
n2_TrackF_r1_F88F_M255I_S1_G17,14,0.8263,0.8326,0.9893,1,2.3,0,11.88,0,17.97,0,7.19,14.1,1.74,3.15,2.31,2.92,38,10
n2_TrackF_r1_F88F_M255I_S1_G17,15,0.8246,0.8705,0.989,0,5.6,0,15.5,0,22.79,0,12.5,20.04,1.78,3.63,5.52,5.38,31,16
n2_TrackF_r1_F88F_M255I_S1_G17,16,0.8244,0.7958,0.9873,1,3.61,0,12.68,0,16.45,0,8.67,15.8,3.17,2.07,3.09,2.89,34,10
n2_TrackF_r1_F88F_M255I_S1_G17,17,0.8241,0.798,0.9868,0,5.81,0,19.48,0,17.74,0,7.89,14.87,1.77,2.0,8.05,6.33,27,7
n2_TrackF_r1_F88F_M255I_S1_G17,18,0.824,0.7778,0.9852,1,3.52,0,17.34,0,18.42,0,7.31,14.71,2.81,4.59,4.69,3.04,34,11
n2_TrackF_r1_F88F_M255I_S1_G17,19,0.8238,0.8558,0.9903,1,4.38,0,13.21,0,21.71,0,11.26,18.51,1.84,3.66,4.35,3.0,39,10
n2_TrackF_r1_F88F_M255I_S1_G17,2,0.8405,0.8363,0.9857,1,1.11,0,20.93,0,29.38,0,19.78,27.33,1.12,7.62,12.08,2.47,38,13
n2_TrackF_r1_F88F_M255I_S1_G17,20,0.8237,0.7838,0.9862,1,2.89,0,15.05,0,27.91,0,20.21,26.86,1.64,4.43,6.45,2.77,26,10
n2_TrackF_r1_F88F_M255I_S1_G17,21,0.8234,0.8112,0.9875,1,3.41,0,15.0,0,16.47,0,7.42,14.75,3.59,2.33,2.76,3.22,36,12
n2_TrackF_r1_F88F_M255I_S1_G17,22,0.8222,0.8088,0.9878,1,3.17,0,14.95,0,19.28,0,9.19,16.24,3.74,4.16,4.49,3.92,30,9
n2_TrackF_r1_F88F_M255I_S1_G17,23,0.8219,0.8228,0.9884,0,5.74,0,20.13,0,17.39,0,7.83,15.32,2.17,4.81,6.26,6.5,35,12
n2_TrackF_r1_F88F_M255I_S1_G17,24,0.8218,0.8641,0.9902,1,1.52,0,16.55,0,37.62,0,30.31,37.87,2.15,7.27,12.05,0.7,50,13
n2_TrackF_r1_F88F_M255I_S1_G17,25,0.821,0.7743,0.9883,1,4.95,0,16.66,0,18.52,0,12.98,18.92,2.94,3.14,7.3,3.58,23,7
n2_TrackF_r1_F88F_M255I_S1_G17,26,0.8152,0.8263,0.9918,1,2.57,1,3.91,0,41.34,0,32.56,40.63,1.95,2.29,4.87,2.82,50,14
n2_TrackF_r1_F88F_M255I_S1_G17,27,0.8134,0.8343,0.9886,1,3.18,0,5.04,1,2.49,0,3.09,3.76,1.16,3.02,6.63,4.33,40,14
n2_TrackF_r1_F88F_M255I_S1_G17,28,0.8129,0.757,0.9851,0,6.77,0,12.28,0,19.02,0,9.48,16.89,1.97,3.47,1.55,5.42,23,9
n2_TrackF_r1_F88F_M255I_S1_G17,29,0.8126,0.7724,0.9864,0,6.2,0,20.11,0,14.4,0,4.96,11.65,2.12,3.47,6.84,5.89,30,8
n2_TrackF_r1_F88F_M255I_S1_G17,3,0.839,0.8597,0.9908,1,1.15,0,8.83,0,31.82,0,23.57,29.8,0.86,4.52,5.92,2.37,35,13
n2_TrackF_r1_F88F_M255I_S1_G17,30,0.8096,0.8039,0.9905,1,3.38,0,5.54,0,42.48,0,33.16,40.29,2.07,4.56,5.32,2.39,48,15
n2_TrackF_r1_F88F_M255I_S1_G17,31,0.8093,0.7883,0.9849,0,6.38,0,13.87,0,19.69,0,8.71,16.6,2.58,3.14,3.14,5.97,36,9
n2_TrackF_r1_F88F_M255I_S1_G17,32,0.8088,0.7911,0.9864,1,2.26,1,4.03,1,1.8,1,3.4,3.61,2.0,5.13,4.38,5.1,42,13
n2_TrackF_r1_F88F_M255I_S1_G17,33,0.8087,0.8102,0.9864,0,6.28,0,15.34,0,16.99,0,7.42,14.46,1.64,3.58,3.31,6.43,42,11
n2_TrackF_r1_F88F_M255I_S1_G17,34,0.8085,0.7977,0.9878,1,3.19,0,5.15,1,2.94,0,3.13,4.17,2.19,3.88,5.39,4.59,44,11
n2_TrackF_r1_F88F_M255I_S1_G17,35,0.8083,0.7414,0.9847,1,4.76,0,20.62,0,15.89,0,4.03,11.4,3.0,6.95,11.28,4.59,23,8
n2_TrackF_r1_F88F_M255I_S1_G17,36,0.8078,0.7876,0.9877,1,2.88,1,4.69,1,0.77,1,6.53,7.67,1.51,3.07,6.39,5.36,40,13
n2_TrackF_r1_F88F_M255I_S1_G17,37,0.8077,0.8302,0.9878,1,4.39,0,18.71,0,18.78,0,8.46,15.97,2.7,4.23,5.49,4.18,37,13
n2_TrackF_r1_F88F_M255I_S1_G17,38,0.8073,0.7815,0.9859,1,3.23,0,14.46,0,18.58,0,7.89,15.19,2.67,3.63,3.04,2.92,35,8
n2_TrackF_r1_F88F_M255I_S1_G17,39,0.8069,0.7525,0.9849,1,3.62,0,15.81,0,21.47,0,12.4,19.03,2.55,4.35,5.8,1.32,26,9
n2_TrackF_r1_F88F_M255I_S1_G17,4,0.8349,0.8202,0.9874,1,3.31,0,13.28,0,18.85,0,7.95,15.53,1.25,4.64,4.9,3.55,30,9
n2_TrackF_r1_F88F_M255I_S1_G17,40,0.8067,0.8079,0.9864,1,2.25,0,20.65,0,35.63,0,27.35,33.81,2.14,5.27,5.01,2.85,36,14
n2_TrackF_r1_F88F_M255I_S1_G17,41,0.8067,0.8081,0.9877,1,2.71,0,21.28,0,28.66,0,20.48,27.29,0.24,5.45,4.4,2.97,33,13
n2_TrackF_r1_F88F_M255I_S1_G17,42,0.8058,0.7611,0.9845,1,2.36,1,2.99,1,3.53,1,3.5,4.97,1.89,4.23,5.24,3.7,33,12
n2_TrackF_r1_F88F_M255I_S1_G17,43,0.8055,0.7724,0.9861,1,2.02,0,15.48,0,20.83,0,11.54,18.57,3.01,4.9,6.81,3.16,24,10
n2_TrackF_r1_F88F_M255I_S1_G17,44,0.8041,0.8113,0.9867,0,5.37,0,15.06,0,17.34,0,7.1,14.15,2.28,3.19,4.35,5.7,41,14
n2_TrackF_r1_F88F_M255I_S1_G17,45,0.8031,0.7615,0.9863,1,2.96,0,5.17,1,1.87,0,2.47,4.02,2.73,4.41,4.41,4.86,40,13
n2_TrackF_r1_F88F_M255I_S1_G17,46,0.8029,0.7678,0.9859,0,5.22,0,15.79,0,16.5,0,7.5,14.41,1.08,3.78,4.08,6.48,32,10
n2_TrackF_r1_F88F_M255I_S1_G17,47,0.8024,0.7838,0.9857,1,2.91,0,18.45,0,28.29,0,21.31,27.96,1.05,5.62,6.73,2.74,30,11
n2_TrackF_r1_F88F_M255I_S1_G17,48,0.8022,0.8112,0.9871,1,2.35,1,2.48,1,2.23,1,3.41,4.07,2.29,4.09,5.05,3.99,43,14
n2_TrackF_r1_F88F_M255I_S1_G17,49,0.8017,0.8397,0.9865,1,3.08,0,19.22,0,28.41,0,18.82,26.02,1.07,4.25,4.12,2.96,34,12
n2_TrackF_r1_F88F_M255I_S1_G17,5,0.8342,0.8396,0.9882,0,5.43,0,14.55,0,17.36,0,8.31,14.95,1.25,2.62,8.13,6.24,28,9
n2_TrackF_r1_F88F_M255I_S1_G17,50,0.8009,0.7351,0.9838,1,2.21,0,16.23,0,21.13,0,14.06,19.89,2.62,4.12,3.06,1.18,35,10
n2_TrackF_r1_F88F_M255I_S1_G17,51,0.8004,0.7557,0.9855,0,5.88,0,14.13,0,22.85,0,13.01,19.9,2.6,3.14,4.02,4.28,20,9
n2_TrackF_r1_F88F_M255I_S1_G17,52,0.7995,0.7734,0.9852,1,2.73,1,3.98,1,3.41,1,2.19,3.17,2.71,3.32,7.03,4.69,33,12
n2_TrackF_r1_F88F_M255I_S1_G17,53,0.7979,0.7939,0.9869,1,2.65,1,4.26,1,3.54,1,3.35,3.6,2.01,1.4,4.45,4.05,44,13
n2_TrackF_r1_F88F_M255I_S1_G17,54,0.7975,0.7682,0.9859,1,3.33,1,4.56,1,2.22,1,3.45,5.26,2.05,4.48,3.1,3.98,43,14
n2_TrackF_r1_F88F_M255I_S1_G17,55,0.796,0.7021,0.9822,0,6.49,0,13.36,0,15.25,0,7.03,12.86,1.87,3.75,3.9,5.8,26,10
n2_TrackF_r1_F88F_M255I_S1_G17,56,0.7952,0.7436,0.9846,1,2.67,1,3.79,1,3.52,1,3.19,3.48,1.98,3.66,5.51,4.64,45,13
n2_TrackF_r1_F88F_M255I_S1_G17,57,0.7934,0.709,0.9807,1,2.19,0,14.66,0,21.6,0,12.58,19.01,2.7,4.14,3.73,3.41,31,10
n2_TrackF_r1_F88F_M255I_S1_G17,58,0.7924,0.7295,0.9846,1,2.24,0,17.38,0,21.5,0,12.3,18.97,2.4,5.55,5.08,2.82,27,12
n2_TrackF_r1_F88F_M255I_S1_G17,59,0.7922,0.7278,0.9843,0,6.5,0,13.85,0,14.8,0,7.56,14.48,1.01,3.84,4.65,6.08,28,10
n2_TrackF_r1_F88F_M255I_S1_G17,6,0.8336,0.8331,0.9906,1,3.5,0,10.5,0,17.19,0,7.29,15.16,2.26,6.09,3.41,4.43,31,12
n2_TrackF_r1_F88F_M255I_S1_G17,60,0.7922,0.7475,0.984,1,3.24,0,5.07,1,3.25,0,3.39,3.78,2.81,4.28,4.43,5.21,41,13
n2_TrackF_r1_F88F_M255I_S1_G17,61,0.7922,0.7374,0.9837,1,4.01,0,16.15,0,18.24,0,7.42,14.75,3.69,3.12,3.71,3.48,32,10
n2_TrackF_r1_F88F_M255I_S1_G17,62,0.7915,0.764,0.9887,1,1.65,1,4.81,1,3.5,1,3.27,4.53,1.39,2.13,3.45,3.35,40,11
n2_TrackF_r1_F88F_M255I_S1_G17,63,0.7906,0.6973,0.9835,1,3.16,0,21.84,0,30.16,0,21.18,27.97,1.73,5.61,5.17,2.85,30,13
n2_TrackF_r1_F88F_M255I_S1_G17,64,0.7904,0.7358,0.9837,1,2.67,1,4.2,1,4.0,1,3.29,4.05,2.24,5.08,5.81,4.23,39,13
n2_TrackF_r1_F88F_M255I_S1_G17,65,0.7895,0.7803,0.9867,1,2.72,1,4.54,1,2.51,1,2.39,4.4,1.84,2.8,4.79,4.28,37,12
n2_TrackF_r1_F88F_M255I_S1_G17,66,0.7895,0.7509,0.9852,1,3.6,0,19.03,0,17.24,0,7.84,14.57,3.34,4.7,4.79,2.66,45,15
n2_TrackF_r1_F88F_M255I_S1_G17,67,0.789,0.7542,0.9871,1,2.64,0,5.85,1,3.02,0,2.17,3.39,2.18,5.74,4.57,4.54,46,11
n2_TrackF_r1_F88F_M255I_S1_G17,68,0.7876,0.7232,0.9835,1,2.65,1,4.35,1,2.96,1,3.11,4.08,2.52,3.66,2.49,3.48,46,12
n2_TrackF_r1_F88F_M255I_S1_G17,69,0.7873,0.7486,0.9842,0,6.57,1,3.01,1,3.35,1,2.2,3.05,1.92,1.61,5.16,6.94,43,11
n2_TrackF_r1_F88F_M255I_S1_G17,7,0.8318,0.8301,0.9884,1,3.03,0,12.67,0,17.22,0,7.95,15.6,1.93,4.52,3.16,3.95,37,9
n2_TrackF_r1_F88F_M255I_S1_G17,70,0.783,0.7131,0.9824,1,3.02,1,2.87,1,2.58,1,3.14,3.59,1.6,2.49,4.14,4.23,41,14
n2_TrackF_r1_F88F_M255I_S1_G17,71,0.783,0.7103,0.9833,1,4.47,1,4.32,1,1.63,1,4.58,3.71,1.28,3.42,2.17,4.92,47,14
n2_TrackF_r1_F88F_M255I_S1_G17,72,0.7812,0.6269,0.9793,0,5.38,0,13.38,0,23.07,0,13.12,19.87,3.02,2.92,3.72,3.06,29,10
n2_TrackF_r1_F88F_M255I_S1_G17,73,0.7807,0.7215,0.9838,1,4.7,1,3.91,1,3.31,1,3.71,2.38,1.58,4.96,4.73,4.37,43,13
n2_TrackF_r1_F88F_M255I_S1_G17,74,0.7804,0.7298,0.9842,1,1.81,1,4.96,1,3.63,1,4.11,5.15,1.56,3.14,4.09,3.84,49,14
n2_TrackF_r1_F88F_M255I_S1_G17,75,0.7797,0.7193,0.9839,1,3.36,1,4.09,1,4.09,1,2.75,2.82,2.21,3.25,4.41,5.41,43,11
n2_TrackF_r1_F88F_M255I_S1_G17,76,0.7794,0.7761,0.9823,1,1.57,0,16.07,0,38.27,0,29.89,37.59,3.09,4.61,6.54,0.89,48,14
n2_TrackF_r1_F88F_M255I_S1_G17,77,0.7788,0.7636,0.982,1,1.81,0,14.71,0,28.82,0,20.01,26.84,1.61,1.13,1.46,3.12,47,16
n2_TrackF_r1_F88F_M255I_S1_G17,78,0.7787,0.7341,0.9841,1,2.91,1,4.92,0,5.43,0,2.42,4.8,3.2,3.58,4.2,5.24,36,11
n2_TrackF_r1_F88F_M255I_S1_G17,79,0.7778,0.7136,0.9835,1,2.56,1,3.7,1,2.85,1,2.98,4.1,2.88,2.77,4.45,4.78,38,12
n2_TrackF_r1_F88F_M255I_S1_G17,8,0.8317,0.8209,0.986,0,5.25,0,18.88,0,17.44,0,8.18,15.28,0.42,4.19,3.88,5.4,34,12
n2_TrackF_r1_F88F_M255I_S1_G17,80,0.7768,0.6888,0.9833,1,2.61,1,4.18,0,7.49,0,2.85,4.37,2.62,3.15,5.29,4.44,35,12
n2_TrackF_r1_F88F_M255I_S1_G17,81,0.7767,0.7231,0.9814,1,1.42,0,19.29,0,21.14,0,12.67,19.44,1.25,2.72,6.9,2.3,45,18
n2_TrackF_r1_F88F_M255I_S1_G17,82,0.7765,0.7453,0.9881,1,2.85,0,5.35,1,2.55,0,2.39,3.55,0.48,2.65,5.24,4.14,35,12
n2_TrackF_r1_F88F_M255I_S1_G17,83,0.7744,0.6843,0.9848,1,1.48,1,3.61,1,3.79,1,3.34,4.62,2.55,3.57,4.75,3.0,44,12
n2_TrackF_r1_F88F_M255I_S1_G17,84,0.7721,0.7154,0.9849,1,2.54,1,3.6,1,3.1,1,3.76,4.84,1.47,3.97,4.72,4.06,40,13
n2_TrackF_r1_F88F_M255I_S1_G17,85,0.7719,0.6464,0.9805,0,5.39,0,18.2,0,21.13,0,11.18,18.31,1.94,4.86,4.97,4.06,32,13
n2_TrackF_r1_F88F_M255I_S1_G17,86,0.7715,0.6942,0.9805,1,2.73,0,5.65,1,2.14,0,4.42,5.19,1.49,3.36,4.85,3.96,49,14
n2_TrackF_r1_F88F_M255I_S1_G17,87,0.7692,0.6331,0.9809,1,2.6,1,4.82,1,4.38,1,3.46,3.76,2.65,2.06,5.03,4.15,36,12
n2_TrackF_r1_F88F_M255I_S1_G17,88,0.7675,0.6687,0.9827,1,1.69,1,4.57,0,5.57,0,3.03,3.45,1.2,3.36,3.1,2.91,41,11
n2_TrackF_r1_F88F_M255I_S1_G17,89,0.7659,0.6569,0.9833,1,2.47,0,5.26,1,2.44,0,3.04,2.18,1.8,4.38,2.4,4.04,44,13
n2_TrackF_r1_F88F_M255I_S1_G17,9,0.8306,0.9183,0.9901,1,3.56,0,7.89,0,34.79,0,34.32,35.68,0.97,2.91,6.29,4.21,30,10
n2_TrackF_r1_F88F_M255I_S1_G17,90,0.7656,0.619,0.9819,1,2.94,0,5.4,1,3.64,0,3.14,3.44,1.78,2.26,3.94,4.63,35,14
n2_TrackF_r1_F88F_M255I_S1_G17,91,0.7652,0.5961,0.9765,1,3.37,0,13.9,0,15.69,0,7.62,14.23,2.76,4.73,4.31,2.72,35,12
n2_TrackF_r1_F88F_M255I_S1_G17,92,0.7648,0.7549,0.9808,0,5.15,0,16.92,1,1.37,0,3.0,3.73,1.34,5.21,7.24,5.97,42,14
n2_TrackF_r1_F88F_M255I_S1_G17,93,0.7627,0.6472,0.9802,1,3.15,1,4.34,1,0.97,1,2.49,4.1,1.77,4.2,4.36,3.55,47,13
n2_TrackF_r1_F88F_M255I_S1_G17,94,0.7625,0.6656,0.9826,1,2.48,1,2.97,1,4.5,1,1.42,3.97,2.22,2.54,4.46,4.41,44,11
n2_TrackF_r1_F88F_M255I_S1_G17,95,0.7619,0.6478,0.9785,1,2.68,1,4.03,1,3.48,1,1.88,3.44,1.46,2.11,4.8,4.3,39,13
n2_TrackF_r1_F88F_M255I_S1_G17,96,0.754,0.5511,0.9782,1,3.1,0,16.31,0,20.47,0,13.49,19.2,2.12,4.39,4.17,2.1,31,12
n2_TrackF_r1_F88F_M255I_S1_G17,97,0.7467,0.4867,0.9772,1,3.19,0,11.34,0,19.98,0,11.21,17.47,2.93,1.29,4.45,4.74,39,11
n2_TrackF_r1_F88F_M255I_S1_G17,98,0.7467,0.6078,0.9811,1,2.02,1,3.36,1,3.25,1,3.3,3.97,2.33,6.51,4.44,4.94,42,13
n2_TrackF_r1_F88F_M255I_S1_G17,99,0.729,0.4676,0.9749,1,1.77,0,9.33,0,32.69,0,25.32,31.58,2.07,4.77,4.63,1.76,40,12
n2_TrackF_r1_F88F_M255K_OFF_T_G17,0,0.8636,0.9326,0.9924,1,2.28,0,15.02,0,42.91,0,39.23,41.58,2.79,0.67,6.62,4.49,29,10
n2_TrackF_r1_F88F_M255K_OFF_T_G17,1,0.8565,0.8723,0.9923,1,2.8,0,18.6,0,41.2,0,38.15,43.33,1.09,5.48,1.66,1.0,36,11
n2_TrackF_r1_F88F_M255K_OFF_T_G17,10,0.8419,0.884,0.987,1,2.19,0,13.29,0,41.01,0,38.69,40.26,2.3,3.51,4.26,2.63,35,10
n2_TrackF_r1_F88F_M255K_OFF_T_G17,11,0.8414,0.8544,0.9872,1,4.59,0,10.9,0,16.42,0,20.55,24.32,2.5,3.43,4.92,5.59,36,13
n2_TrackF_r1_F88F_M255K_OFF_T_G17,12,0.8389,0.903,0.9849,0,5.12,0,11.4,0,40.76,0,39.36,39.79,2.95,3.81,7.4,6.11,31,15
n2_TrackF_r1_F88F_M255K_OFF_T_G17,13,0.8386,0.8364,0.9817,0,5.77,0,17.02,0,41.08,0,38.74,40.57,2.2,5.68,5.37,5.83,29,13
n2_TrackF_r1_F88F_M255K_OFF_T_G17,14,0.8378,0.8779,0.9837,0,5.07,0,14.66,0,39.57,0,37.99,38.75,2.14,3.41,5.71,6.15,30,13
n2_TrackF_r1_F88F_M255K_OFF_T_G17,15,0.8374,0.9034,0.9884,1,4.53,0,13.21,0,31.63,0,29.73,31.84,3.08,1.85,5.05,4.22,43,15
n2_TrackF_r1_F88F_M255K_OFF_T_G17,16,0.8366,0.9295,0.9877,1,4.92,0,10.14,1,3.17,0,9.67,9.07,0.66,4.45,3.96,5.22,40,17
n2_TrackF_r1_F88F_M255K_OFF_T_G17,17,0.8365,0.853,0.985,1,3.24,0,12.62,1,3.71,0,9.65,7.56,2.01,3.83,2.44,4.72,41,15
n2_TrackF_r1_F88F_M255K_OFF_T_G17,18,0.8358,0.8158,0.9813,1,4.62,0,11.95,1,4.0,0,9.41,9.01,3.06,5.39,3.23,4.95,46,16
n2_TrackF_r1_F88F_M255K_OFF_T_G17,19,0.8353,0.913,0.9857,0,5.17,0,10.41,0,26.19,0,24.33,28.79,2.28,5.23,3.7,5.47,41,17
n2_TrackF_r1_F88F_M255K_OFF_T_G17,2,0.8525,0.9013,0.9862,1,4.4,0,13.73,0,35.78,0,34.46,35.25,0.95,3.8,3.89,5.1,41,14
n2_TrackF_r1_F88F_M255K_OFF_T_G17,20,0.8341,0.8085,0.9862,1,2.31,0,24.73,0,14.26,0,20.74,23.43,0.91,2.75,2.95,3.39,37,10
n2_TrackF_r1_F88F_M255K_OFF_T_G17,21,0.8339,0.8661,0.9818,0,5.91,0,16.7,0,43.35,0,40.83,42.55,2.08,4.45,5.95,5.48,29,12
n2_TrackF_r1_F88F_M255K_OFF_T_G17,22,0.8336,0.8394,0.9857,0,6.09,0,12.3,0,27.54,0,29.2,32.27,2.91,5.27,4.03,5.12,41,17
n2_TrackF_r1_F88F_M255K_OFF_T_G17,23,0.8336,0.8015,0.9842,1,3.84,0,12.3,0,20.93,0,25.11,30.06,1.04,5.1,3.52,3.57,27,8
n2_TrackF_r1_F88F_M255K_OFF_T_G17,24,0.8315,0.8756,0.9865,0,5.72,0,17.73,0,42.27,0,39.05,41.21,1.72,3.48,4.2,3.55,33,12
n2_TrackF_r1_F88F_M255K_OFF_T_G17,25,0.8315,0.8844,0.984,0,5.93,0,13.05,0,38.92,0,37.39,38.19,1.96,4.77,4.7,5.6,31,12
n2_TrackF_r1_F88F_M255K_OFF_T_G17,26,0.8309,0.8756,0.9846,0,6.62,0,13.8,0,35.37,0,34.58,34.12,0.46,3.47,7.19,6.54,41,16
n2_TrackF_r1_F88F_M255K_OFF_T_G17,27,0.8307,0.7853,0.9855,1,2.6,0,12.27,1,4.54,0,9.74,11.72,0.81,4.22,3.57,4.32,37,14
n2_TrackF_r1_F88F_M255K_OFF_T_G17,28,0.8298,0.861,0.985,1,3.77,0,11.01,0,26.42,0,27.34,32.32,1.15,5.12,6.63,5.21,27,10
n2_TrackF_r1_F88F_M255K_OFF_T_G17,29,0.8298,0.8815,0.9861,0,7.27,0,16.17,0,32.47,0,29.21,34.99,2.98,3.0,2.44,7.83,28,14
n2_TrackF_r1_F88F_M255K_OFF_T_G17,3,0.8518,0.8486,0.987,1,4.17,0,12.75,1,3.8,0,10.46,10.79,3.15,4.94,4.43,5.09,34,14
n2_TrackF_r1_F88F_M255K_OFF_T_G17,30,0.8292,0.8578,0.9861,0,5.36,0,14.14,0,22.09,0,26.87,30.39,2.62,6.1,5.58,5.66,46,15
n2_TrackF_r1_F88F_M255K_OFF_T_G17,31,0.8282,0.8578,0.9822,0,5.95,0,14.09,0,44.3,0,42.15,43.81,1.11,3.13,5.76,6.19,38,14
n2_TrackF_r1_F88F_M255K_OFF_T_G17,32,0.8273,0.9095,0.9879,0,6.64,0,13.0,0,31.99,0,29.9,34.51,2.13,3.91,3.99,6.5,43,18
n2_TrackF_r1_F88F_M255K_OFF_T_G17,33,0.8264,0.8423,0.9862,1,3.08,0,12.13,1,3.53,0,9.64,8.26,2.08,4.71,1.54,4.98,43,13
n2_TrackF_r1_F88F_M255K_OFF_T_G17,34,0.8264,0.9064,0.9878,0,5.5,0,13.85,0,35.87,0,32.61,36.09,1.61,4.58,8.54,4.74,38,16
n2_TrackF_r1_F88F_M255K_OFF_T_G17,35,0.8263,0.8422,0.9839,0,6.34,0,12.37,0,40.25,0,38.5,39.77,1.33,1.99,5.63,6.19,33,14
n2_TrackF_r1_F88F_M255K_OFF_T_G17,36,0.825,0.8642,0.9863,0,5.38,0,21.69,0,35.14,0,33.66,36.11,1.76,3.2,2.91,5.43,37,14
n2_TrackF_r1_F88F_M255K_OFF_T_G17,37,0.8244,0.8507,0.9865,0,5.05,0,10.67,0,33.55,0,35.92,39.1,1.54,5.64,4.3,5.1,44,15
n2_TrackF_r1_F88F_M255K_OFF_T_G17,38,0.8243,0.9006,0.9861,1,4.83,0,17.65,0,24.98,0,26.49,30.34,1.53,2.95,3.67,4.91,39,17
n2_TrackF_r1_F88F_M255K_OFF_T_G17,39,0.8242,0.8671,0.9895,1,4.75,0,8.91,0,23.24,0,24.7,28.64,2.43,4.22,4.19,6.28,24,10
n2_TrackF_r1_F88F_M255K_OFF_T_G17,4,0.8516,0.8871,0.9862,1,3.36,0,13.53,0,39.19,0,38.03,38.82,2.26,5.77,4.17,5.26,31,12
n2_TrackF_r1_F88F_M255K_OFF_T_G17,40,0.8237,0.7956,0.9815,1,4.12,0,15.13,0,37.62,0,36.67,37.82,2.22,5.31,5.37,2.72,30,12
n2_TrackF_r1_F88F_M255K_OFF_T_G17,41,0.8236,0.8977,0.986,0,5.99,0,16.99,0,40.04,0,37.49,39.4,1.15,3.79,5.78,6.96,32,12
n2_TrackF_r1_F88F_M255K_OFF_T_G17,42,0.8231,0.8204,0.9844,1,4.9,0,15.64,0,38.37,0,37.15,38.76,2.47,5.08,5.96,6.16,25,13
n2_TrackF_r1_F88F_M255K_OFF_T_G17,43,0.8221,0.8914,0.9852,1,4.57,0,10.97,0,26.12,0,24.97,29.13,2.04,3.61,3.39,3.6,51,18
n2_TrackF_r1_F88F_M255K_OFF_T_G17,44,0.821,0.8236,0.9863,1,3.94,0,12.12,1,2.82,0,7.45,6.87,2.17,4.43,4.24,5.09,40,13
n2_TrackF_r1_F88F_M255K_OFF_T_G17,45,0.8208,0.8027,0.9847,1,2.1,0,13.46,0,37.92,0,36.87,37.76,2.68,3.72,4.23,4.18,31,9
n2_TrackF_r1_F88F_M255K_OFF_T_G17,46,0.8207,0.9137,0.9889,1,1.09,0,19.98,0,32.8,0,31.17,34.28,1.37,3.75,8.2,2.86,49,18
n2_TrackF_r1_F88F_M255K_OFF_T_G17,47,0.8199,0.8458,0.9843,0,6.74,0,19.05,0,43.8,0,42.42,49.03,1.98,4.08,4.66,7.16,16,8
n2_TrackF_r1_F88F_M255K_OFF_T_G17,48,0.8196,0.8666,0.9855,1,4.27,0,11.76,0,21.71,0,22.03,27.36,2.51,3.1,7.89,5.28,34,13
n2_TrackF_r1_F88F_M255K_OFF_T_G17,49,0.8186,0.8416,0.9804,1,4.02,0,19.38,0,33.56,0,32.29,35.12,2.83,1.44,2.77,5.62,52,18
n2_TrackF_r1_F88F_M255K_OFF_T_G17,5,0.8498,0.9131,0.9877,1,3.84,0,13.55,0,29.87,0,29.17,32.15,2.68,3.41,5.33,2.06,39,19
n2_TrackF_r1_F88F_M255K_OFF_T_G17,50,0.8182,0.8663,0.9852,0,5.2,0,12.3,0,40.22,0,42.22,42.79,1.65,3.28,2.37,4.43,31,11
n2_TrackF_r1_F88F_M255K_OFF_T_G17,51,0.8166,0.8923,0.9893,0,6.07,0,22.53,0,42.91,0,45.39,48.82,1.6,2.48,1.76,6.0,31,10
n2_TrackF_r1_F88F_M255K_OFF_T_G17,52,0.8163,0.8728,0.986,0,7.48,0,15.8,0,19.29,0,12.74,14.42,2.52,4.01,1.28,6.69,30,16
n2_TrackF_r1_F88F_M255K_OFF_T_G17,53,0.8159,0.8139,0.9788,1,4.68,0,18.76,0,29.1,0,28.37,30.65,2.48,2.73,4.17,4.75,52,18
n2_TrackF_r1_F88F_M255K_OFF_T_G17,54,0.8151,0.8388,0.9851,1,3.6,0,11.19,0,19.32,0,21.25,24.22,1.6,6.27,1.27,3.92,28,11
n2_TrackF_r1_F88F_M255K_OFF_T_G17,55,0.8149,0.8051,0.9858,0,6.67,0,11.48,0,19.21,0,23.66,27.1,3.36,3.13,3.04,5.66,25,11
n2_TrackF_r1_F88F_M255K_OFF_T_G17,56,0.8131,0.8553,0.9865,1,4.84,0,22.97,0,31.41,0,33.76,36.53,1.99,2.06,3.14,5.84,35,11
n2_TrackF_r1_F88F_M255K_OFF_T_G17,57,0.8126,0.818,0.9819,0,6.93,0,13.97,0,44.32,0,39.21,45.51,4.11,4.62,4.43,6.02,34,11
n2_TrackF_r1_F88F_M255K_OFF_T_G17,58,0.8124,0.8769,0.9872,1,3.36,0,9.68,0,27.29,0,26.25,31.46,0.77,5.02,8.35,4.54,29,12
n2_TrackF_r1_F88F_M255K_OFF_T_G17,59,0.8119,0.8998,0.9853,1,4.69,0,13.77,0,27.21,0,25.7,29.12,0.97,3.11,3.86,4.93,51,19
n2_TrackF_r1_F88F_M255K_OFF_T_G17,6,0.8494,0.9,0.9874,1,3.94,0,15.18,0,40.6,0,38.81,40.72,2.21,4.68,6.19,2.87,39,11
n2_TrackF_r1_F88F_M255K_OFF_T_G17,60,0.8115,0.8748,0.9857,1,4.18,0,11.78,0,20.84,0,16.42,20.51,1.66,5.12,3.63,5.12,35,12
n2_TrackF_r1_F88F_M255K_OFF_T_G17,61,0.8107,0.879,0.9861,1,4.19,0,9.77,0,20.97,0,20.49,24.78,0.48,3.77,4.59,5.22,35,12
n2_TrackF_r1_F88F_M255K_OFF_T_G17,62,0.8105,0.833,0.9857,0,5.7,0,23.46,0,26.08,0,26.82,29.79,3.29,4.23,8.64,6.16,27,11
n2_TrackF_r1_F88F_M255K_OFF_T_G17,63,0.8102,0.9209,0.9908,1,0.73,0,11.36,0,22.83,0,19.82,26.27,1.95,3.79,7.27,2.28,42,15
n2_TrackF_r1_F88F_M255K_OFF_T_G17,64,0.8102,0.7687,0.979,0,5.97,0,15.47,0,31.73,0,30.47,33.65,1.89,2.93,7.34,5.35,42,20
n2_TrackF_r1_F88F_M255K_OFF_T_G17,65,0.8099,0.8782,0.9851,1,4.37,0,11.13,0,16.74,0,13.15,17.27,1.74,4.8,4.1,4.9,36,14
n2_TrackF_r1_F88F_M255K_OFF_T_G17,66,0.8091,0.8549,0.9877,0,5.76,0,24.47,0,31.58,0,36.04,41.21,1.48,4.14,0.94,7.02,24,7
n2_TrackF_r1_F88F_M255K_OFF_T_G17,67,0.8077,0.8722,0.9851,0,5.29,0,11.23,0,20.31,0,20.87,23.99,1.82,2.84,3.6,5.33,41,19
n2_TrackF_r1_F88F_M255K_OFF_T_G17,68,0.8073,0.8705,0.9848,0,6.3,0,21.62,0,31.54,0,30.34,33.33,1.03,4.77,6.16,5.52,34,15
n2_TrackF_r1_F88F_M255K_OFF_T_G17,69,0.8062,0.7163,0.9758,1,4.81,0,13.95,0,43.86,0,40.06,42.08,2.01,3.88,5.67,4.21,38,14
n2_TrackF_r1_F88F_M255K_OFF_T_G17,7,0.8485,0.9155,0.9898,1,2.73,0,15.28,0,39.3,0,37.74,38.74,1.17,6.11,4.67,4.17,32,12
n2_TrackF_r1_F88F_M255K_OFF_T_G17,70,0.8055,0.7819,0.9759,1,4.93,0,11.45,0,20.43,0,23.63,28.4,0.89,4.61,2.66,4.74,34,14
n2_TrackF_r1_F88F_M255K_OFF_T_G17,71,0.8045,0.8159,0.9851,1,3.65,0,10.78,0,10.4,0,8.28,12.26,2.62,2.64,3.16,5.36,38,14
n2_TrackF_r1_F88F_M255K_OFF_T_G17,72,0.8041,0.7769,0.9845,0,10.04,0,22.95,0,43.69,0,44.49,49.5,3.25,6.93,4.05,10.19,13,10
n2_TrackF_r1_F88F_M255K_OFF_T_G17,73,0.8028,0.8735,0.9879,0,5.57,0,23.64,0,29.95,0,32.77,39.41,1.03,2.36,3.27,5.56,27,9
n2_TrackF_r1_F88F_M255K_OFF_T_G17,74,0.8027,0.869,0.9859,0,5.64,0,22.07,0,36.05,0,31.0,36.05,1.24,5.35,7.23,5.34,37,18
n2_TrackF_r1_F88F_M255K_OFF_T_G17,75,0.8026,0.8578,0.986,1,4.7,0,19.5,0,45.62,0,42.44,43.84,1.9,2.41,7.44,5.02,32,16
n2_TrackF_r1_F88F_M255K_OFF_T_G17,76,0.8024,0.7246,0.9793,1,3.37,0,12.61,1,2.78,0,8.73,8.04,1.59,2.82,2.53,4.43,40,12
n2_TrackF_r1_F88F_M255K_OFF_T_G17,77,0.8011,0.8316,0.9857,0,6.97,0,9.7,0,30.02,0,32.86,33.11,1.22,2.85,7.23,5.82,27,12
n2_TrackF_r1_F88F_M255K_OFF_T_G17,78,0.8008,0.8555,0.9857,0,7.14,0,14.16,0,42.86,0,40.69,42.21,2.19,4.56,4.88,7.46,26,11
n2_TrackF_r1_F88F_M255K_OFF_T_G17,79,0.7989,0.7723,0.9825,0,6.71,0,12.54,0,35.19,0,35.61,35.24,1.4,2.43,8.01,6.69,45,17
n2_TrackF_r1_F88F_M255K_OFF_T_G17,8,0.8453,0.9219,0.9873,0,6.89,0,11.9,0,37.19,0,36.21,36.92,1.98,3.42,5.16,6.51,37,12
n2_TrackF_r1_F88F_M255K_OFF_T_G17,80,0.7988,0.7811,0.9783,0,5.38,0,13.54,0,34.73,0,33.64,36.97,0.97,5.03,5.2,4.09,51,19
n2_TrackF_r1_F88F_M255K_OFF_T_G17,81,0.7986,0.7136,0.9798,0,7.33,0,16.63,1,2.56,0,8.05,7.68,3.16,2.37,3.5,5.87,31,11
n2_TrackF_r1_F88F_M255K_OFF_T_G17,82,0.7943,0.8708,0.9881,0,5.42,0,24.7,0,29.48,0,31.73,34.82,1.14,3.6,7.3,5.41,21,10
n2_TrackF_r1_F88F_M255K_OFF_T_G17,83,0.7942,0.8537,0.9854,0,6.62,0,22.31,0,32.93,0,32.38,35.1,1.84,3.44,3.07,6.62,41,14
n2_TrackF_r1_F88F_M255K_OFF_T_G17,84,0.7915,0.8168,0.9862,0,5.63,0,25.26,0,31.99,0,35.07,39.86,1.57,2.67,6.66,6.53,24,8
n2_TrackF_r1_F88F_M255K_OFF_T_G17,85,0.79,0.8085,0.9851,0,5.91,0,23.86,0,31.99,0,36.88,41.61,0.77,2.86,2.66,6.41,24,11
n2_TrackF_r1_F88F_M255K_OFF_T_G17,86,0.7869,0.7705,0.9803,1,4.87,0,10.81,0,20.91,0,20.46,23.63,2.04,4.64,7.26,5.87,30,10
n2_TrackF_r1_F88F_M255K_OFF_T_G17,87,0.7843,0.7895,0.9794,0,5.21,0,11.75,0,27.21,0,27.18,32.13,1.91,3.43,4.73,6.04,34,14
n2_TrackF_r1_F88F_M255K_OFF_T_G17,88,0.7825,0.7719,0.9805,0,5.22,1,4.52,0,28.33,0,28.83,31.93,1.38,4.27,7.52,6.38,15,8
n2_TrackF_r1_F88F_M255K_OFF_T_G17,89,0.781,0.7874,0.9818,1,3.99,0,11.08,0,18.66,0,21.79,25.56,1.78,4.67,4.09,5.27,41,14
n2_TrackF_r1_F88F_M255K_OFF_T_G17,9,0.8428,0.9072,0.99,0,6.58,0,21.07,0,13.73,0,18.42,21.07,2.37,4.17,2.1,6.02,41,17
n2_TrackF_r1_F88F_M255K_OFF_T_G17,90,0.7757,0.6568,0.9766,0,6.71,0,15.82,0,36.25,0,35.74,36.64,4.47,3.48,5.67,5.85,29,15
n2_TrackF_r1_F88F_M255K_OFF_T_G17,91,0.771,0.6126,0.9748,0,12.68,0,22.78,0,61.33,0,58.62,60.65,8.0,5.3,2.56,19.18,14,7
n2_TrackF_r1_F88F_M255K_OFF_T_G17,92,0.7645,0.6274,0.9749,0,6.27,0,14.93,0,37.79,0,36.6,37.03,2.16,3.5,3.13,7.54,27,12
n2_TrackF_r1_F88F_M255K_OFF_T_G17,93,0.7585,0.6741,0.979,0,16.66,0,16.44,0,34.05,0,34.47,32.82,6.84,4.12,5.28,18.84,12,7
n2_TrackF_r1_F88F_M255K_OFF_T_G17,94,0.7518,0.661,0.9802,1,4.76,0,8.95,0,20.75,0,18.38,20.96,2.65,4.26,4.23,4.74,38,15
n2_TrackF_r1_F88F_M255K_OFF_T_G17,95,0.747,0.6289,0.9765,0,5.08,0,10.87,0,18.3,0,22.48,26.85,1.38,3.28,3.9,5.69,37,15
n2_TrackF_r1_F88F_M255K_OFF_T_G17,96,0.7464,0.5055,0.9736,0,7.91,0,16.57,0,32.49,0,32.7,37.17,2.47,3.99,4.35,8.16,21,11
n2_TrackF_r1_F88F_M255K_OFF_T_G17,97,0.7425,0.6637,0.9772,1,4.0,0,20.27,0,31.68,0,30.32,34.25,2.79,2.7,3.15,3.66,55,17
n2_TrackF_r1_F88F_M255K_OFF_T_G17,98,0.7403,0.579,0.9782,1,2.72,0,20.02,0,41.51,0,42.94,47.71,2.12,4.72,11.37,2.84,61,16
n2_TrackF_r1_F88F_M255K_OFF_T_G17,99,0.7341,0.6311,0.9774,1,4.27,0,18.32,0,37.18,0,36.33,39.18,1.94,5.09,4.38,5.5,23,8
n2_TrackF_r1_F88F_M255K_S1_G17,0,0.8547,0.8409,0.9878,1,3.78,0,24.25,0,23.31,0,17.19,24.75,2.65,6.94,12.55,3.28,36,12
n2_TrackF_r1_F88F_M255K_S1_G17,1,0.8487,0.8411,0.9879,1,2.35,0,25.22,0,27.39,0,19.83,27.72,1.77,6.22,13.39,2.34,31,10
n2_TrackF_r1_F88F_M255K_S1_G17,10,0.8318,0.8309,0.9876,1,3.36,0,14.26,0,16.76,0,8.43,15.12,1.63,2.7,4.75,4.12,33,10
n2_TrackF_r1_F88F_M255K_S1_G17,11,0.8308,0.8659,0.9916,1,4.01,0,13.41,0,19.14,0,9.23,15.69,2.63,2.23,3.71,4.2,39,9
n2_TrackF_r1_F88F_M255K_S1_G17,12,0.8299,0.8519,0.9849,1,1.79,0,25.27,0,23.96,0,20.68,27.56,1.3,6.39,9.81,3.0,57,21
n2_TrackF_r1_F88F_M255K_S1_G17,13,0.8299,0.816,0.9873,1,3.76,0,13.75,0,18.73,0,9.88,17.01,2.71,2.76,3.83,3.77,30,13
n2_TrackF_r1_F88F_M255K_S1_G17,14,0.8298,0.8529,0.9895,1,3.46,0,12.04,0,18.31,0,8.25,15.07,2.93,3.8,4.72,3.65,31,10
n2_TrackF_r1_F88F_M255K_S1_G17,15,0.828,0.8414,0.9886,1,4.76,0,12.24,0,16.94,0,8.95,15.3,1.01,3.28,5.73,4.92,30,9
n2_TrackF_r1_F88F_M255K_S1_G17,16,0.8276,0.8326,0.9847,1,2.02,0,20.29,0,27.7,0,20.78,27.43,1.69,5.69,10.71,2.5,45,16
n2_TrackF_r1_F88F_M255K_S1_G17,17,0.8245,0.8121,0.9876,1,4.55,0,12.87,0,18.41,0,9.81,17.3,1.77,1.82,2.84,4.78,25,10
n2_TrackF_r1_F88F_M255K_S1_G17,18,0.8244,0.8336,0.9882,1,4.19,0,21.29,0,17.15,0,7.46,14.73,0.99,5.58,10.77,3.79,22,9
n2_TrackF_r1_F88F_M255K_S1_G17,19,0.8244,0.8407,0.9876,0,6.09,0,15.51,0,15.11,0,7.13,14.22,0.83,3.18,5.06,6.15,31,10
n2_TrackF_r1_F88F_M255K_S1_G17,2,0.8455,0.8421,0.9879,1,2.39,0,16.22,0,28.81,0,21.86,28.66,1.95,5.46,11.12,2.75,39,12
n2_TrackF_r1_F88F_M255K_S1_G17,20,0.8237,0.7953,0.9861,1,1.76,0,17.68,0,29.39,0,24.53,31.86,1.0,4.39,12.42,2.07,41,12
n2_TrackF_r1_F88F_M255K_S1_G17,21,0.8235,0.8739,0.987,0,5.62,0,12.72,0,13.55,0,8.85,15.33,2.35,3.59,3.92,4.42,37,15
n2_TrackF_r1_F88F_M255K_S1_G17,22,0.8234,0.8879,0.9876,1,4.74,0,16.2,0,14.48,0,6.15,12.07,1.34,3.03,7.03,3.57,40,16
n2_TrackF_r1_F88F_M255K_S1_G17,23,0.8231,0.7945,0.9863,1,1.93,0,14.38,0,32.25,0,26.42,33.24,1.17,6.0,10.29,2.45,42,12
n2_TrackF_r1_F88F_M255K_S1_G17,24,0.8216,0.7873,0.9898,1,2.18,0,14.69,0,30.26,0,24.45,31.13,0.87,4.0,4.61,2.35,31,9
n2_TrackF_r1_F88F_M255K_S1_G17,25,0.8213,0.8522,0.9894,1,3.21,0,20.44,0,29.42,0,22.97,29.59,1.3,4.21,5.94,2.06,33,14
n2_TrackF_r1_F88F_M255K_S1_G17,26,0.8211,0.8668,0.9864,1,2.89,0,16.6,0,18.85,0,12.22,18.79,2.75,5.41,9.19,4.06,37,13
n2_TrackF_r1_F88F_M255K_S1_G17,27,0.8201,0.7668,0.9852,1,2.88,0,13.33,0,30.13,0,21.61,28.13,1.87,5.01,10.01,2.59,38,11
n2_TrackF_r1_F88F_M255K_S1_G17,28,0.8199,0.9227,0.9877,0,7.15,0,15.59,0,17.3,0,7.26,14.21,0.18,3.32,7.35,6.02,37,12
n2_TrackF_r1_F88F_M255K_S1_G17,29,0.8196,0.8797,0.9868,1,1.78,0,16.76,0,31.63,0,27.15,33.67,1.32,5.18,5.06,1.54,38,15
n2_TrackF_r1_F88F_M255K_S1_G17,3,0.8452,0.9429,0.9922,1,3.75,0,7.4,0,38.8,0,38.28,39.72,1.24,3.48,7.04,4.59,32,11
n2_TrackF_r1_F88F_M255K_S1_G17,30,0.8187,0.782,0.9854,1,2.02,0,22.16,0,29.67,0,22.16,29.97,1.09,7.76,12.83,2.73,41,13
n2_TrackF_r1_F88F_M255K_S1_G17,31,0.8187,0.8962,0.9892,1,2.33,0,20.3,0,28.28,0,20.85,28.72,1.28,5.98,10.52,3.04,35,14
n2_TrackF_r1_F88F_M255K_S1_G17,32,0.8181,0.8955,0.9889,1,3.28,0,9.14,0,30.2,0,30.78,32.46,1.63,5.42,5.46,4.54,29,10
n2_TrackF_r1_F88F_M255K_S1_G17,33,0.8175,0.8887,0.9885,1,3.24,0,15.93,0,22.96,0,14.43,20.89,1.65,3.45,4.89,4.2,41,17
n2_TrackF_r1_F88F_M255K_S1_G17,34,0.8171,0.7567,0.9803,1,2.67,0,12.33,0,24.21,0,14.34,20.38,2.46,5.06,5.96,5.08,35,15
n2_TrackF_r1_F88F_M255K_S1_G17,35,0.8159,0.7713,0.9844,1,2.14,0,18.29,0,25.28,0,20.3,26.76,1.08,6.06,5.86,3.07,29,11
n2_TrackF_r1_F88F_M255K_S1_G17,36,0.8138,0.7484,0.9847,1,3.7,0,19.77,0,19.03,0,9.53,16.68,2.74,1.78,7.75,2.54,28,7
n2_TrackF_r1_F88F_M255K_S1_G17,37,0.8137,0.7987,0.9888,1,1.88,0,12.9,0,33.05,0,25.81,32.29,2.38,2.13,11.14,1.83,51,14
n2_TrackF_r1_F88F_M255K_S1_G17,38,0.813,0.7781,0.9848,0,5.61,0,13.02,0,14.57,0,6.78,13.36,3.37,2.58,2.74,6.21,30,9
n2_TrackF_r1_F88F_M255K_S1_G17,39,0.812,0.7481,0.9848,0,5.31,0,15.77,0,16.79,0,8.39,15.48,0.86,3.53,6.07,6.13,30,9
n2_TrackF_r1_F88F_M255K_S1_G17,4,0.8415,0.8368,0.9886,1,2.3,0,16.0,0,33.59,0,26.36,33.3,0.88,6.04,12.03,2.63,37,12
n2_TrackF_r1_F88F_M255K_S1_G17,40,0.8119,0.8646,0.9876,1,4.68,0,7.34,0,31.18,0,30.88,32.46,2.38,4.69,5.86,6.28,21,10
n2_TrackF_r1_F88F_M255K_S1_G17,41,0.8115,0.7729,0.9876,1,3.74,0,19.5,0,13.27,0,7.38,14.57,2.72,3.15,7.31,3.76,33,10
n2_TrackF_r1_F88F_M255K_S1_G17,42,0.8098,0.7961,0.986,1,2.84,0,22.33,0,16.47,0,8.47,15.4,0.95,4.15,5.53,3.67,38,15
n2_TrackF_r1_F88F_M255K_S1_G17,43,0.8097,0.7811,0.985,1,2.78,0,19.01,0,27.95,0,22.11,28.69,1.35,5.54,7.84,2.6,31,12
n2_TrackF_r1_F88F_M255K_S1_G17,44,0.8093,0.7722,0.9887,0,6.42,0,15.04,0,24.08,0,14.84,21.46,1.34,4.84,4.11,6.36,25,7
n2_TrackF_r1_F88F_M255K_S1_G17,45,0.809,0.7462,0.9821,1,1.8,0,20.6,0,29.05,0,24.59,31.22,1.8,4.87,11.25,2.26,49,13
n2_TrackF_r1_F88F_M255K_S1_G17,46,0.8088,0.7166,0.9822,1,1.97,0,13.69,0,28.36,0,21.16,27.9,0.73,0.56,3.11,2.92,28,10
n2_TrackF_r1_F88F_M255K_S1_G17,47,0.8087,0.7376,0.9842,0,5.57,0,19.68,0,17.28,0,8.53,14.94,1.96,4.63,5.97,6.31,32,13
n2_TrackF_r1_F88F_M255K_S1_G17,48,0.8086,0.8078,0.9827,0,6.53,0,14.21,0,37.28,0,38.66,41.62,1.78,2.78,5.53,5.7,23,10
n2_TrackF_r1_F88F_M255K_S1_G17,49,0.8072,0.7982,0.9866,1,3.31,0,5.62,1,2.39,0,2.81,5.87,1.84,4.05,4.87,4.41,38,14
n2_TrackF_r1_F88F_M255K_S1_G17,5,0.841,0.9396,0.9905,1,4.38,0,7.62,0,39.98,0,38.96,40.29,1.42,3.12,6.76,5.12,29,12
n2_TrackF_r1_F88F_M255K_S1_G17,50,0.8053,0.8526,0.985,1,3.66,0,16.95,0,17.3,0,7.34,14.55,2.15,4.61,5.28,3.12,35,13
n2_TrackF_r1_F88F_M255K_S1_G17,51,0.805,0.7937,0.9874,0,5.84,0,15.65,0,17.5,0,9.08,15.71,2.02,3.46,5.04,6.44,28,10
n2_TrackF_r1_F88F_M255K_S1_G17,52,0.8042,0.8243,0.9864,1,3.02,0,19.63,0,28.07,0,19.7,26.23,0.93,4.36,4.39,2.94,36,16
n2_TrackF_r1_F88F_M255K_S1_G17,53,0.8035,0.7797,0.9868,1,3.76,0,14.63,0,21.24,0,13.25,19.92,1.45,2.39,5.7,5.04,26,9
n2_TrackF_r1_F88F_M255K_S1_G17,54,0.8033,0.8304,0.9897,1,2.46,0,18.3,0,27.94,0,20.29,26.86,2.06,4.02,11.17,2.9,33,13
n2_TrackF_r1_F88F_M255K_S1_G17,55,0.8029,0.7501,0.985,1,1.63,0,20.21,0,27.47,0,22.2,29.3,1.54,5.19,12.58,2.42,36,12
n2_TrackF_r1_F88F_M255K_S1_G17,56,0.8007,0.7069,0.9842,0,5.23,0,20.11,0,14.85,0,5.73,12.89,3.11,4.7,10.53,5.34,27,7
n2_TrackF_r1_F88F_M255K_S1_G17,57,0.8007,0.8024,0.9877,1,2.28,1,1.96,1,2.87,1,2.89,2.77,1.14,3.53,5.03,3.86,41,14
n2_TrackF_r1_F88F_M255K_S1_G17,58,0.8006,0.7269,0.9836,0,6.41,0,17.88,0,15.5,0,8.36,15.2,0.49,2.84,6.85,6.66,28,9
n2_TrackF_r1_F88F_M255K_S1_G17,59,0.8004,0.7386,0.9834,1,4.1,0,16.93,0,14.87,0,5.88,12.34,3.89,3.96,8.79,2.92,29,10
n2_TrackF_r1_F88F_M255K_S1_G17,6,0.836,0.8141,0.9865,1,3.19,0,15.96,0,30.26,0,25.22,31.66,1.59,2.84,8.63,2.61,46,13
n2_TrackF_r1_F88F_M255K_S1_G17,60,0.8003,0.7462,0.9858,1,3.04,0,21.19,0,31.3,0,25.67,32.27,1.93,4.76,12.58,1.93,32,10
n2_TrackF_r1_F88F_M255K_S1_G17,61,0.7982,0.7712,0.9863,1,3.06,1,4.82,1,1.03,1,2.94,4.68,2.25,3.68,4.61,4.04,36,12
n2_TrackF_r1_F88F_M255K_S1_G17,62,0.7982,0.8143,0.9868,0,5.07,0,18.8,0,18.94,0,8.35,14.94,1.07,2.45,6.88,4.01,40,17
n2_TrackF_r1_F88F_M255K_S1_G17,63,0.7981,0.8267,0.9819,1,0.92,0,19.31,0,21.02,0,13.17,20.0,0.93,2.88,7.32,2.59,46,19
n2_TrackF_r1_F88F_M255K_S1_G17,64,0.7976,0.8107,0.9865,1,4.28,0,18.22,0,23.62,0,13.95,20.82,2.59,5.62,1.78,4.01,38,14
n2_TrackF_r1_F88F_M255K_S1_G17,65,0.7967,0.8386,0.9836,1,2.87,0,17.8,0,17.8,0,12.2,19.39,0.89,3.55,6.89,2.64,33,15
n2_TrackF_r1_F88F_M255K_S1_G17,66,0.7964,0.7577,0.9863,1,2.82,1,4.94,1,3.26,1,3.06,7.39,2.8,3.63,4.76,5.03,40,13
n2_TrackF_r1_F88F_M255K_S1_G17,67,0.7961,0.737,0.9853,1,3.1,0,20.6,0,19.96,0,12.52,19.13,0.7,5.41,11.92,3.24,27,8
n2_TrackF_r1_F88F_M255K_S1_G17,68,0.7953,0.7672,0.9851,1,2.78,1,2.75,1,3.52,1,1.98,4.41,1.73,2.11,4.05,3.84,47,15
n2_TrackF_r1_F88F_M255K_S1_G17,69,0.7948,0.7588,0.9844,1,3.75,1,4.72,1,3.67,1,3.03,3.55,1.39,4.14,4.26,3.98,47,15
n2_TrackF_r1_F88F_M255K_S1_G17,7,0.8345,0.9207,0.9911,1,3.48,0,8.2,0,33.85,0,34.12,34.93,0.83,3.38,5.53,3.94,30,11
n2_TrackF_r1_F88F_M255K_S1_G17,70,0.7946,0.7692,0.9852,1,2.81,1,4.35,0,7.8,0,3.16,5.5,2.03,2.44,4.6,4.98,35,13
n2_TrackF_r1_F88F_M255K_S1_G17,71,0.7927,0.8302,0.9877,1,2.57,1,3.72,1,3.83,1,3.06,7.74,2.62,4.0,5.81,4.18,41,12
n2_TrackF_r1_F88F_M255K_S1_G17,72,0.7919,0.8288,0.9864,1,1.92,0,15.83,0,36.78,0,29.56,36.49,0.85,4.45,6.66,2.33,44,17
n2_TrackF_r1_F88F_M255K_S1_G17,73,0.7915,0.7713,0.9837,0,5.29,0,16.13,0,22.04,0,14.05,20.37,2.81,3.76,6.01,4.31,36,17
n2_TrackF_r1_F88F_M255K_S1_G17,74,0.7908,0.7484,0.9861,1,1.6,1,3.75,1,3.15,1,1.58,5.39,2.27,3.48,4.26,3.27,42,14
n2_TrackF_r1_F88F_M255K_S1_G17,75,0.7903,0.7671,0.9862,1,2.46,1,3.68,1,1.89,1,1.4,2.78,1.45,5.17,3.65,3.26,44,13
n2_TrackF_r1_F88F_M255K_S1_G17,76,0.79,0.724,0.9838,1,2.28,0,18.54,0,20.28,0,12.65,19.49,2.55,5.23,4.45,3.06,29,12
n2_TrackF_r1_F88F_M255K_S1_G17,77,0.7898,0.7262,0.983,1,2.78,0,5.63,1,3.71,0,1.7,4.36,1.55,2.79,4.04,3.86,45,13
n2_TrackF_r1_F88F_M255K_S1_G17,78,0.7884,0.7855,0.9846,1,4.68,0,22.43,0,23.74,0,14.97,21.08,0.68,5.55,5.34,5.63,40,13
n2_TrackF_r1_F88F_M255K_S1_G17,79,0.7882,0.7983,0.9821,1,4.88,0,19.58,0,23.47,0,18.01,24.76,1.07,2.05,4.73,3.39,34,14
n2_TrackF_r1_F88F_M255K_S1_G17,8,0.8324,0.9297,0.9902,1,4.75,0,6.4,0,35.01,0,34.8,36.2,1.23,4.59,4.5,4.54,33,12
n2_TrackF_r1_F88F_M255K_S1_G17,80,0.7881,0.7708,0.9862,0,6.0,0,16.97,0,18.88,0,10.24,17.11,0.83,4.1,2.49,6.37,36,9
n2_TrackF_r1_F88F_M255K_S1_G17,81,0.7873,0.7524,0.9853,1,3.55,1,4.17,1,2.81,1,1.39,4.32,2.8,2.24,3.44,4.61,44,14
n2_TrackF_r1_F88F_M255K_S1_G17,82,0.7859,0.6629,0.9804,1,2.38,0,16.55,0,21.54,0,13.38,19.97,2.41,5.43,4.81,2.68,25,8
n2_TrackF_r1_F88F_M255K_S1_G17,83,0.7856,0.7515,0.9829,1,3.08,0,5.36,0,7.33,0,2.76,3.49,3.3,3.64,4.7,5.64,37,10
n2_TrackF_r1_F88F_M255K_S1_G17,84,0.7826,0.8621,0.9829,1,2.8,0,15.37,0,17.47,0,9.11,16.2,2.77,3.86,2.32,3.18,47,15
n2_TrackF_r1_F88F_M255K_S1_G17,85,0.7811,0.7462,0.9851,1,2.31,0,7.17,0,39.24,0,33.8,40.58,1.65,3.85,4.53,2.56,46,13
n2_TrackF_r1_F88F_M255K_S1_G17,86,0.78,0.7279,0.9836,1,4.92,0,18.51,0,20.67,0,11.56,18.2,1.14,3.34,5.04,4.98,32,15
n2_TrackF_r1_F88F_M255K_S1_G17,87,0.7797,0.6578,0.9825,1,2.94,0,14.96,0,19.52,0,13.23,20.12,2.99,3.84,8.36,2.83,22,8
n2_TrackF_r1_F88F_M255K_S1_G17,88,0.7785,0.7032,0.982,0,6.06,0,19.13,0,15.33,0,8.38,15.33,1.99,3.59,6.06,6.59,33,11
n2_TrackF_r1_F88F_M255K_S1_G17,89,0.7759,0.6791,0.9774,0,6.42,0,15.24,0,24.12,0,15.57,22.3,2.94,3.83,4.2,5.89,40,12
n2_TrackF_r1_F88F_M255K_S1_G17,9,0.8323,0.8016,0.9872,1,3.26,0,17.12,0,18.07,0,8.3,14.99,3.16,3.91,4.63,2.6,35,11
n2_TrackF_r1_F88F_M255K_S1_G17,90,0.7669,0.6956,0.9808,1,2.91,0,18.82,0,30.19,0,25.06,31.68,0.8,3.05,3.17,2.91,39,14
n2_TrackF_r1_F88F_M255K_S1_G17,91,0.7666,0.7784,0.984,1,3.32,0,15.63,0,16.72,0,8.67,15.32,1.3,3.59,5.6,3.11,43,17
n2_TrackF_r1_F88F_M255K_S1_G17,92,0.7652,0.6336,0.9817,0,6.26,0,12.49,0,18.53,0,9.45,15.84,2.95,1.32,3.64,5.64,31,10
n2_TrackF_r1_F88F_M255K_S1_G17,93,0.7652,0.5786,0.9823,1,1.69,0,22.1,0,31.7,0,25.09,31.81,2.01,3.6,9.63,2.02,26,8
n2_TrackF_r1_F88F_M255K_S1_G17,94,0.7634,0.6118,0.9805,1,4.51,0,20.05,0,21.18,0,12.88,19.31,0.74,3.54,8.28,3.85,25,8
n2_TrackF_r1_F88F_M255K_S1_G17,95,0.7633,0.7854,0.9821,1,4.61,0,13.84,0,20.55,0,13.35,19.51,1.14,4.01,5.37,5.06,27,13
n2_TrackF_r1_F88F_M255K_S1_G17,96,0.7585,0.6342,0.9795,1,3.72,0,16.89,0,19.88,0,10.22,17.29,0.29,2.79,2.66,5.15,38,14
n2_TrackF_r1_F88F_M255K_S1_G17,97,0.7524,0.654,0.9764,1,2.98,0,17.63,0,18.9,0,13.01,19.94,2.03,3.11,3.16,2.41,36,18
n2_TrackF_r1_F88F_M255K_S1_G17,98,0.7521,0.6144,0.9818,1,3.11,1,4.18,1,4.88,1,2.92,4.74,3.09,4.82,4.15,4.47,42,13
n2_TrackF_r1_F88F_M255K_S1_G17,99,0.7267,0.4031,0.9754,1,2.49,0,20.51,0,19.75,0,12.47,19.01,3.31,2.67,7.53,3.57,21,9
n2_TrackF_r1_F88F_M255M_OFF_T_G17,0,0.86,0.923,0.9881,0,6.15,0,11.56,0,34.38,0,34.4,34.97,1.45,4.98,3.77,7.0,33,9
n2_TrackF_r1_F88F_M255M_OFF_T_G17,1,0.857,0.9354,0.9911,1,4.26,0,9.15,0,32.71,0,36.0,35.08,2.83,2.05,5.1,5.83,33,15
n2_TrackF_r1_F88F_M255M_OFF_T_G17,10,0.8463,0.8821,0.9866,1,3.25,0,13.77,0,41.23,0,38.28,40.09,2.23,3.14,3.79,2.66,33,10
n2_TrackF_r1_F88F_M255M_OFF_T_G17,11,0.8452,0.8638,0.9839,1,4.64,0,15.3,0,36.56,0,34.35,35.7,1.87,4.96,2.83,5.3,32,12
n2_TrackF_r1_F88F_M255M_OFF_T_G17,12,0.8452,0.8915,0.9863,0,7.11,0,14.53,0,42.79,0,40.28,42.18,1.88,4.79,5.61,7.46,27,12
n2_TrackF_r1_F88F_M255M_OFF_T_G17,13,0.8448,0.8927,0.9881,1,4.8,0,16.32,0,42.42,0,39.68,41.06,1.97,4.03,3.77,5.59,29,12
n2_TrackF_r1_F88F_M255M_OFF_T_G17,14,0.844,0.8895,0.9873,1,4.42,0,13.93,0,37.01,0,35.42,36.68,2.27,4.5,4.36,2.21,37,11
n2_TrackF_r1_F88F_M255M_OFF_T_G17,15,0.8437,0.8563,0.9839,1,4.47,0,14.29,0,37.97,0,36.7,37.05,1.63,4.64,3.99,6.21,34,11
n2_TrackF_r1_F88F_M255M_OFF_T_G17,16,0.8417,0.8595,0.987,0,6.17,0,16.08,0,43.46,0,40.88,42.8,2.6,4.4,4.82,5.81,28,13
n2_TrackF_r1_F88F_M255M_OFF_T_G17,17,0.8417,0.9151,0.9895,1,2.19,0,13.65,0,36.04,0,34.95,35.61,3.05,5.32,4.16,3.19,34,11
n2_TrackF_r1_F88F_M255M_OFF_T_G17,18,0.8416,0.917,0.9894,1,3.89,0,10.38,0,31.85,0,28.26,33.15,3.26,4.14,3.35,4.29,47,20
n2_TrackF_r1_F88F_M255M_OFF_T_G17,19,0.8401,0.9079,0.9888,1,1.94,0,13.18,0,40.56,0,38.84,40.13,2.75,4.31,5.59,3.36,39,12
n2_TrackF_r1_F88F_M255M_OFF_T_G17,2,0.8553,0.9094,0.9884,0,6.84,0,12.28,0,36.97,0,35.73,36.95,1.4,4.52,5.27,6.74,35,12
n2_TrackF_r1_F88F_M255M_OFF_T_G17,20,0.8401,0.91,0.9888,1,3.31,0,11.22,0,34.4,0,35.3,33.84,2.53,4.36,7.34,2.53,29,14
n2_TrackF_r1_F88F_M255M_OFF_T_G17,21,0.8388,0.8722,0.9838,1,5.0,0,14.7,0,39.54,0,37.55,38.66,2.01,5.15,4.17,5.47,35,13
n2_TrackF_r1_F88F_M255M_OFF_T_G17,22,0.8385,0.892,0.986,1,4.62,0,15.03,0,38.3,0,36.58,38.19,2.23,4.22,3.96,3.96,33,8
n2_TrackF_r1_F88F_M255M_OFF_T_G17,23,0.8384,0.9001,0.988,0,6.59,0,16.97,0,36.5,0,35.26,36.45,4.36,2.71,5.67,5.51,31,16
n2_TrackF_r1_F88F_M255M_OFF_T_G17,24,0.8373,0.8771,0.9851,0,6.24,0,14.95,0,38.59,0,36.63,38.34,3.13,4.94,4.5,7.29,27,11
n2_TrackF_r1_F88F_M255M_OFF_T_G17,25,0.8369,0.8909,0.9832,0,5.31,0,14.42,0,41.64,0,38.14,40.8,2.79,3.65,4.82,5.92,34,13
n2_TrackF_r1_F88F_M255M_OFF_T_G17,26,0.8369,0.8887,0.988,1,4.07,0,11.84,0,18.71,0,16.76,21.87,2.38,4.52,6.43,4.99,30,11
n2_TrackF_r1_F88F_M255M_OFF_T_G17,27,0.8365,0.921,0.9871,0,6.81,0,11.96,0,37.0,0,35.85,36.54,2.03,4.37,4.23,6.34,36,14
n2_TrackF_r1_F88F_M255M_OFF_T_G17,28,0.8364,0.9135,0.9871,0,6.52,0,9.55,0,29.3,0,33.01,32.67,3.53,2.45,4.54,7.75,36,16
n2_TrackF_r1_F88F_M255M_OFF_T_G17,29,0.8349,0.9007,0.9884,0,6.58,0,16.09,0,23.34,0,15.5,20.79,2.51,2.16,2.39,7.27,30,13
n2_TrackF_r1_F88F_M255M_OFF_T_G17,3,0.8535,0.9003,0.9901,0,6.27,0,14.77,0,41.09,0,37.85,39.61,2.51,4.83,4.54,5.87,34,10
n2_TrackF_r1_F88F_M255M_OFF_T_G17,30,0.8338,0.8596,0.9896,0,5.72,0,15.58,0,35.95,0,35.88,37.32,2.99,3.54,4.39,5.32,33,13
n2_TrackF_r1_F88F_M255M_OFF_T_G17,31,0.8327,0.8703,0.984,0,6.38,0,15.97,0,35.8,0,35.22,35.54,0.72,4.25,4.84,7.07,30,14
n2_TrackF_r1_F88F_M255M_OFF_T_G17,32,0.8321,0.8819,0.9858,1,4.38,0,16.98,0,37.07,0,37.92,36.82,2.14,5.41,1.46,6.09,26,11
n2_TrackF_r1_F88F_M255M_OFF_T_G17,33,0.8318,0.8863,0.9847,0,6.51,0,17.01,0,41.64,0,39.65,40.84,1.65,3.78,4.89,6.05,33,13
n2_TrackF_r1_F88F_M255M_OFF_T_G17,34,0.8315,0.908,0.986,1,4.89,0,15.46,0,28.45,0,25.8,27.8,2.26,3.56,4.27,5.53,40,17
n2_TrackF_r1_F88F_M255M_OFF_T_G17,35,0.8307,0.846,0.9835,1,3.57,0,11.97,0,23.3,0,24.82,29.61,0.95,2.9,2.75,4.3,38,12
n2_TrackF_r1_F88F_M255M_OFF_T_G17,36,0.8305,0.882,0.9863,0,7.02,0,12.8,0,37.91,0,37.54,37.26,2.43,3.71,5.63,6.37,26,14
n2_TrackF_r1_F88F_M255M_OFF_T_G17,37,0.8297,0.8349,0.9833,0,6.67,0,17.15,0,40.49,0,39.03,40.17,0.65,3.58,6.35,5.86,26,12
n2_TrackF_r1_F88F_M255M_OFF_T_G17,38,0.8294,0.8781,0.989,1,3.74,0,16.92,0,32.99,0,31.41,34.77,1.49,4.92,2.34,2.3,30,12
n2_TrackF_r1_F88F_M255M_OFF_T_G17,39,0.8294,0.8521,0.981,0,6.03,0,16.71,0,44.26,0,41.11,43.08,2.07,4.16,5.89,5.56,32,13
n2_TrackF_r1_F88F_M255M_OFF_T_G17,4,0.8517,0.9122,0.9891,1,0.73,0,14.03,0,38.87,0,41.49,40.95,1.91,3.4,2.6,1.79,41,15
n2_TrackF_r1_F88F_M255M_OFF_T_G17,40,0.829,0.8531,0.9844,0,5.35,0,17.68,0,42.03,0,38.35,40.48,2.02,3.41,3.91,3.8,33,12
n2_TrackF_r1_F88F_M255M_OFF_T_G17,41,0.8284,0.8632,0.9853,0,5.7,0,15.81,0,37.8,0,36.72,38.11,2.25,5.13,4.41,6.38,28,14
n2_TrackF_r1_F88F_M255M_OFF_T_G17,42,0.8283,0.8921,0.9866,0,5.16,0,14.87,0,40.68,0,38.73,39.79,2.01,5.06,3.29,4.39,30,10
n2_TrackF_r1_F88F_M255M_OFF_T_G17,43,0.8282,0.8396,0.9847,0,6.32,0,12.13,0,40.25,0,39.09,39.31,1.64,2.02,6.57,6.16,31,15
n2_TrackF_r1_F88F_M255M_OFF_T_G17,44,0.8263,0.8818,0.9889,0,7.97,0,16.32,0,21.73,0,23.08,28.24,2.72,4.79,3.78,5.48,26,9
n2_TrackF_r1_F88F_M255M_OFF_T_G17,45,0.8257,0.7962,0.9816,1,3.62,0,13.99,0,40.54,0,38.31,39.56,2.25,3.18,4.74,3.27,39,12
n2_TrackF_r1_F88F_M255M_OFF_T_G17,46,0.8249,0.8398,0.9834,0,8.4,0,19.13,0,39.9,0,38.82,43.11,2.67,3.1,2.58,7.81,17,8
n2_TrackF_r1_F88F_M255M_OFF_T_G17,47,0.8247,0.8678,0.9815,1,4.96,0,14.06,0,32.19,0,33.22,32.28,1.35,3.39,3.09,4.56,35,13
n2_TrackF_r1_F88F_M255M_OFF_T_G17,48,0.8226,0.7896,0.9789,0,5.76,0,16.09,0,38.84,0,36.36,38.3,2.13,4.9,3.92,5.92,37,13
n2_TrackF_r1_F88F_M255M_OFF_T_G17,49,0.8226,0.7989,0.9793,0,5.99,0,16.81,0,40.2,0,38.04,39.46,2.04,5.67,4.78,5.77,29,12
n2_TrackF_r1_F88F_M255M_OFF_T_G17,5,0.8508,0.9101,0.9848,1,4.11,0,11.79,0,36.62,0,35.65,35.21,1.78,2.6,6.01,3.7,30,13
n2_TrackF_r1_F88F_M255M_OFF_T_G17,50,0.8225,0.7907,0.9843,1,4.94,0,24.84,0,52.61,0,49.84,52.69,2.76,4.32,6.0,4.9,37,14
n2_TrackF_r1_F88F_M255M_OFF_T_G17,51,0.8223,0.8474,0.978,0,5.08,0,14.94,0,36.27,0,34.05,35.16,1.91,5.36,3.34,5.94,36,11
n2_TrackF_r1_F88F_M255M_OFF_T_G17,52,0.8218,0.8559,0.9838,1,4.66,0,15.64,0,41.27,0,39.48,40.76,2.86,3.43,4.63,4.04,36,13
n2_TrackF_r1_F88F_M255M_OFF_T_G17,53,0.8205,0.8324,0.9837,1,4.14,0,15.56,0,40.68,0,38.67,40.02,1.17,3.87,4.54,5.23,30,12
n2_TrackF_r1_F88F_M255M_OFF_T_G17,54,0.8201,0.8409,0.9861,0,5.92,0,22.52,0,28.59,0,27.24,32.62,1.57,3.74,5.85,5.8,28,11
n2_TrackF_r1_F88F_M255M_OFF_T_G17,55,0.8194,0.9119,0.9864,0,5.92,0,21.48,0,38.58,0,36.35,36.99,2.18,1.78,2.79,5.01,27,13
n2_TrackF_r1_F88F_M255M_OFF_T_G17,56,0.8192,0.7909,0.9814,0,6.75,0,16.01,0,38.28,0,36.31,37.8,3.02,4.92,3.78,7.13,26,9
n2_TrackF_r1_F88F_M255M_OFF_T_G17,57,0.8186,0.8712,0.9874,0,5.92,0,24.09,0,33.75,0,32.06,36.11,1.91,4.21,5.68,6.12,22,9
n2_TrackF_r1_F88F_M255M_OFF_T_G17,58,0.8169,0.7869,0.9831,0,6.61,0,14.12,0,15.29,0,18.76,22.77,1.69,4.45,5.6,4.79,30,13
n2_TrackF_r1_F88F_M255M_OFF_T_G17,59,0.8166,0.7845,0.9859,1,3.08,0,11.75,0,18.44,0,22.1,25.49,1.07,4.03,3.16,3.72,29,8
n2_TrackF_r1_F88F_M255M_OFF_T_G17,6,0.8504,0.8876,0.9834,1,4.79,0,16.81,0,40.11,0,37.19,39.28,0.34,1.77,5.06,5.76,31,11
n2_TrackF_r1_F88F_M255M_OFF_T_G17,60,0.8163,0.7383,0.9818,0,7.28,0,16.45,0,38.57,0,34.33,40.93,2.1,5.28,4.58,6.55,24,7
n2_TrackF_r1_F88F_M255M_OFF_T_G17,61,0.8158,0.8561,0.9851,1,4.73,0,17.11,0,47.72,0,43.73,46.39,2.39,3.78,6.17,5.31,29,13
n2_TrackF_r1_F88F_M255M_OFF_T_G17,62,0.8148,0.9154,0.9902,0,9.95,0,18.23,0,52.24,0,48.09,54.82,4.01,3.59,2.3,8.89,26,13
n2_TrackF_r1_F88F_M255M_OFF_T_G17,63,0.8148,0.7961,0.9805,0,5.14,0,14.37,0,40.58,0,37.59,39.14,1.39,3.94,5.12,5.18,33,12
n2_TrackF_r1_F88F_M255M_OFF_T_G17,64,0.8147,0.8163,0.9794,0,5.67,0,11.96,0,34.83,0,36.76,35.26,2.33,3.8,5.18,5.58,30,13
n2_TrackF_r1_F88F_M255M_OFF_T_G17,65,0.8122,0.8302,0.9883,0,5.83,0,24.62,0,31.05,0,33.57,36.7,1.13,5.14,2.76,6.98,23,10
n2_TrackF_r1_F88F_M255M_OFF_T_G17,66,0.8117,0.7704,0.981,0,9.3,0,18.17,0,38.18,0,36.14,41.01,3.24,2.36,4.04,10.14,17,13
n2_TrackF_r1_F88F_M255M_OFF_T_G17,67,0.8115,0.8591,0.9884,0,5.57,0,25.38,0,36.07,0,36.57,40.45,1.28,3.23,5.14,6.77,26,8
n2_TrackF_r1_F88F_M255M_OFF_T_G17,68,0.8113,0.8389,0.9811,0,5.53,0,11.65,0,37.55,0,39.21,38.52,2.14,3.07,2.11,4.09,29,11
n2_TrackF_r1_F88F_M255M_OFF_T_G17,69,0.8103,0.8715,0.9844,0,5.17,0,11.47,0,22.43,0,23.42,28.15,1.1,3.44,3.02,5.42,27,14
n2_TrackF_r1_F88F_M255M_OFF_T_G17,7,0.8484,0.9075,0.9892,1,2.12,0,13.93,0,38.96,0,37.21,38.55,1.7,4.37,4.01,4.04,36,9
n2_TrackF_r1_F88F_M255M_OFF_T_G17,70,0.8097,0.826,0.9836,0,5.35,0,11.86,0,20.25,0,20.52,25.13,2.49,4.34,6.24,5.22,26,14
n2_TrackF_r1_F88F_M255M_OFF_T_G17,71,0.8087,0.7945,0.9785,0,13.8,0,20.35,0,32.0,0,31.79,35.83,6.25,1.65,3.71,14.5,14,9
n2_TrackF_r1_F88F_M255M_OFF_T_G17,72,0.8077,0.8458,0.9838,0,7.15,0,15.54,0,21.47,0,16.12,21.62,3.37,4.58,3.02,7.55,35,12
n2_TrackF_r1_F88F_M255M_OFF_T_G17,73,0.8054,0.8565,0.986,0,5.17,0,24.33,0,28.68,0,31.18,34.37,2.77,3.12,6.37,5.52,26,9
n2_TrackF_r1_F88F_M255M_OFF_T_G17,74,0.8039,0.7564,0.9806,0,5.79,0,16.29,0,41.52,0,38.76,40.43,4.77,4.78,6.12,4.77,37,12
n2_TrackF_r1_F88F_M255M_OFF_T_G17,75,0.8035,0.8485,0.9805,0,5.09,1,4.58,0,28.01,0,29.75,29.21,0.99,3.63,2.09,5.58,17,8
n2_TrackF_r1_F88F_M255M_OFF_T_G17,76,0.799,0.7747,0.9816,1,4.56,0,14.21,0,44.23,0,41.48,43.39,1.89,3.91,6.53,3.82,41,13
n2_TrackF_r1_F88F_M255M_OFF_T_G17,77,0.7987,0.8524,0.9845,0,5.28,0,23.82,0,31.67,0,33.08,38.1,1.33,2.45,2.11,5.95,29,9
n2_TrackF_r1_F88F_M255M_OFF_T_G17,78,0.7974,0.7652,0.979,1,3.92,0,18.9,0,30.19,0,28.88,30.03,1.84,1.95,3.64,4.36,35,15
n2_TrackF_r1_F88F_M255M_OFF_T_G17,79,0.7973,0.7899,0.9821,0,5.8,0,25.38,0,29.72,0,30.26,34.2,2.24,4.94,8.77,6.28,23,9
n2_TrackF_r1_F88F_M255M_OFF_T_G17,8,0.8479,0.9131,0.9875,0,5.44,0,12.0,0,30.29,0,35.82,33.81,1.65,2.6,5.53,5.27,25,14
n2_TrackF_r1_F88F_M255M_OFF_T_G17,80,0.7968,0.8293,0.9837,1,4.94,0,13.96,0,10.39,0,14.56,18.45,2.69,4.13,2.96,2.76,27,13
n2_TrackF_r1_F88F_M255M_OFF_T_G17,81,0.7966,0.8261,0.9856,0,5.62,0,23.72,0,29.43,0,29.94,35.07,1.23,1.34,7.7,6.26,23,8
n2_TrackF_r1_F88F_M255M_OFF_T_G17,82,0.7965,0.851,0.9848,0,6.93,0,16.23,0,16.16,0,7.35,12.63,2.12,3.36,3.61,7.68,26,12
n2_TrackF_r1_F88F_M255M_OFF_T_G17,83,0.7959,0.833,0.9795,1,4.92,0,19.45,0,29.16,0,29.22,29.9,1.35,3.02,5.14,4.48,43,18
n2_TrackF_r1_F88F_M255M_OFF_T_G17,84,0.7957,0.8488,0.9874,0,6.4,0,24.25,0,31.06,0,31.1,36.94,1.21,4.72,4.6,7.49,22,8
n2_TrackF_r1_F88F_M255M_OFF_T_G17,85,0.7942,0.7812,0.9805,0,5.78,0,15.67,0,41.47,0,39.56,40.25,1.99,4.28,5.9,4.22,29,12
n2_TrackF_r1_F88F_M255M_OFF_T_G17,86,0.7932,0.7882,0.9863,1,3.69,0,11.07,0,12.94,0,10.35,13.32,1.11,4.61,3.09,3.87,38,13
n2_TrackF_r1_F88F_M255M_OFF_T_G17,87,0.7914,0.792,0.9808,1,4.17,0,11.58,0,17.32,0,14.15,19.5,1.26,3.79,3.03,5.16,27,11
n2_TrackF_r1_F88F_M255M_OFF_T_G17,88,0.7907,0.8298,0.9841,1,3.63,0,19.31,0,31.92,0,29.29,32.72,2.66,4.94,2.53,3.55,57,17
n2_TrackF_r1_F88F_M255M_OFF_T_G17,89,0.7904,0.825,0.9837,1,4.45,0,10.54,0,22.6,0,20.51,24.86,2.48,4.66,2.75,4.69,38,13
n2_TrackF_r1_F88F_M255M_OFF_T_G17,9,0.8469,0.8963,0.9854,0,6.69,0,12.06,0,37.95,0,36.26,37.13,1.88,4.02,4.51,6.44,36,13
n2_TrackF_r1_F88F_M255M_OFF_T_G17,90,0.7867,0.6888,0.9812,0,9.82,0,22.61,0,47.98,0,42.37,49.63,3.13,4.46,6.56,9.52,11,9
n2_TrackF_r1_F88F_M255M_OFF_T_G17,91,0.7851,0.8443,0.9838,1,4.03,0,11.07,0,20.8,0,22.09,25.56,1.47,5.17,4.33,5.0,37,13
n2_TrackF_r1_F88F_M255M_OFF_T_G17,92,0.7835,0.8249,0.9825,1,4.87,0,19.1,0,41.87,0,35.17,40.99,1.75,3.31,3.15,5.35,49,16
n2_TrackF_r1_F88F_M255M_OFF_T_G17,93,0.7759,0.732,0.9797,1,4.12,0,9.81,0,22.16,0,19.76,25.28,0.47,3.74,4.37,5.1,36,12
n2_TrackF_r1_F88F_M255M_OFF_T_G17,94,0.7737,0.7069,0.9771,1,4.73,0,10.86,0,23.2,0,20.47,24.66,2.24,5.4,6.96,5.77,29,10
n2_TrackF_r1_F88F_M255M_OFF_T_G17,95,0.7585,0.695,0.9773,0,5.11,0,23.7,0,32.4,0,34.5,38.71,1.82,2.86,3.05,4.2,23,12
n2_TrackF_r1_F88F_M255M_OFF_T_G17,96,0.7551,0.6959,0.9784,1,4.91,0,10.17,0,19.52,0,13.14,17.89,0.63,3.53,3.81,4.74,33,11
n2_TrackF_r1_F88F_M255M_OFF_T_G17,97,0.7469,0.5635,0.9819,0,6.06,0,16.91,0,42.73,0,39.36,42.48,1.45,6.17,6.69,6.3,22,9
n2_TrackF_r1_F88F_M255M_OFF_T_G17,98,0.7425,0.5156,0.975,0,18.6,0,27.15,0,60.66,0,58.42,60.31,8.42,4.17,2.8,22.7,13,6
n2_TrackF_r1_F88F_M255M_OFF_T_G17,99,0.724,0.4934,0.9682,1,2.55,0,22.86,0,56.75,0,47.09,54.29,0.57,2.62,7.61,3.51,24,11
n2_TrackF_r1_F88F_M255M_S1_G17,0,0.8392,0.8588,0.9894,1,3.87,0,15.44,0,18.01,0,7.1,14.71,1.75,2.84,5.81,4.12,28,11
n2_TrackF_r1_F88F_M255M_S1_G17,1,0.8385,0.8415,0.9886,1,2.25,0,17.5,0,31.35,0,24.72,30.47,1.0,4.58,11.29,2.63,44,12
n2_TrackF_r1_F88F_M255M_S1_G17,10,0.8264,0.81,0.9876,1,3.31,0,14.84,0,15.05,0,7.29,14.89,3.48,3.0,2.79,2.97,37,11
n2_TrackF_r1_F88F_M255M_S1_G17,11,0.826,0.8144,0.9873,1,2.9,0,13.56,0,27.81,0,20.32,26.21,2.43,2.7,4.34,2.28,28,12
n2_TrackF_r1_F88F_M255M_S1_G17,12,0.8242,0.8625,0.9904,1,4.7,0,12.73,0,18.47,0,9.5,16.22,1.81,3.67,4.06,3.93,36,10
n2_TrackF_r1_F88F_M255M_S1_G17,13,0.8239,0.8216,0.9899,1,3.54,0,13.69,0,20.42,0,12.22,18.47,3.15,2.19,3.86,3.5,33,10
n2_TrackF_r1_F88F_M255M_S1_G17,14,0.8233,0.7974,0.9878,1,3.67,0,12.65,0,16.22,0,8.61,14.73,3.17,3.58,2.62,2.9,33,10
n2_TrackF_r1_F88F_M255M_S1_G17,15,0.8217,0.776,0.9854,1,3.96,0,13.07,0,18.08,0,8.68,15.41,2.9,3.7,3.89,3.78,30,12
n2_TrackF_r1_F88F_M255M_S1_G17,16,0.8212,0.841,0.9844,1,2.68,0,7.47,0,33.62,0,24.73,32.27,1.99,4.08,6.75,2.4,50,19
n2_TrackF_r1_F88F_M255M_S1_G17,17,0.8208,0.8585,0.9863,0,5.25,0,9.21,0,31.96,0,31.86,32.88,2.63,5.7,5.04,6.29,24,11
n2_TrackF_r1_F88F_M255M_S1_G17,18,0.8192,0.8232,0.9871,0,5.29,0,15.22,0,16.44,0,7.47,14.79,1.82,3.94,4.43,6.55,32,11
n2_TrackF_r1_F88F_M255M_S1_G17,19,0.8192,0.7977,0.9867,0,5.92,0,19.15,0,18.25,0,8.19,15.04,1.85,3.13,4.87,6.32,28,7
n2_TrackF_r1_F88F_M255M_S1_G17,2,0.8343,0.8356,0.9883,1,3.8,0,12.94,0,18.51,0,7.85,14.79,3.17,4.44,6.59,3.38,32,11
n2_TrackF_r1_F88F_M255M_S1_G17,20,0.8164,0.7704,0.9842,0,6.03,0,19.61,0,16.41,0,6.76,13.15,2.41,4.11,5.89,5.73,28,9
n2_TrackF_r1_F88F_M255M_S1_G17,21,0.8162,0.8004,0.9876,0,6.15,0,11.3,0,14.13,0,7.83,14.17,0.65,3.96,3.77,6.59,34,13
n2_TrackF_r1_F88F_M255M_S1_G17,22,0.8154,0.8202,0.9885,0,6.03,0,13.89,0,19.56,0,8.15,15.11,0.9,2.75,4.16,6.41,29,9
n2_TrackF_r1_F88F_M255M_S1_G17,23,0.8153,0.7836,0.9872,1,3.37,0,14.31,0,18.9,0,8.95,15.85,2.72,4.74,3.15,4.14,28,10
n2_TrackF_r1_F88F_M255M_S1_G17,24,0.8147,0.8256,0.9878,1,2.25,0,5.42,1,3.5,0,3.54,3.5,2.16,3.99,3.61,4.78,42,12
n2_TrackF_r1_F88F_M255M_S1_G17,25,0.8142,0.7773,0.987,0,6.22,0,19.95,0,13.8,0,4.68,10.46,2.01,3.48,7.15,5.85,30,7
n2_TrackF_r1_F88F_M255M_S1_G17,26,0.8131,0.806,0.9878,0,5.9,0,20.18,0,18.21,0,7.61,15.04,2.39,5.65,6.19,6.25,35,12
n2_TrackF_r1_F88F_M255M_S1_G17,27,0.8128,0.7675,0.9847,0,5.67,0,13.95,0,14.56,0,6.54,14.46,2.02,3.08,3.4,5.55,28,9
n2_TrackF_r1_F88F_M255M_S1_G17,28,0.8127,0.8036,0.9856,0,5.68,0,11.84,0,15.01,0,6.74,13.62,1.47,1.94,3.8,6.26,33,10
n2_TrackF_r1_F88F_M255M_S1_G17,29,0.8126,0.8308,0.9883,1,3.02,0,5.02,1,2.73,0,3.06,3.82,0.83,2.63,6.62,4.23,40,13
n2_TrackF_r1_F88F_M255M_S1_G17,3,0.8339,0.8253,0.9883,1,3.53,0,13.18,0,16.73,0,8.29,15.03,2.49,3.36,2.82,3.64,32,9
n2_TrackF_r1_F88F_M255M_S1_G17,30,0.8119,0.7672,0.9867,1,2.48,0,14.67,0,30.38,0,23.71,28.38,2.8,4.96,4.08,2.54,36,10
n2_TrackF_r1_F88F_M255M_S1_G17,31,0.8116,0.755,0.9822,1,1.95,0,15.55,0,21.53,0,11.8,19.55,2.8,3.87,4.96,3.69,31,11
n2_TrackF_r1_F88F_M255M_S1_G17,32,0.8116,0.8006,0.9839,0,6.68,1,4.04,1,2.46,1,2.98,3.75,2.29,2.62,1.65,6.35,48,14
n2_TrackF_r1_F88F_M255M_S1_G17,33,0.8103,0.7845,0.9871,1,2.68,0,8.68,0,34.49,0,26.06,32.41,1.17,4.6,5.45,2.27,39,15
n2_TrackF_r1_F88F_M255M_S1_G17,34,0.8098,0.7675,0.9853,1,3.19,0,15.79,0,20.99,0,11.49,18.45,3.03,4.28,5.19,1.32,27,9
n2_TrackF_r1_F88F_M255M_S1_G17,35,0.8096,0.7796,0.9854,1,3.41,0,18.53,0,17.86,0,7.86,14.57,3.36,4.21,3.07,3.15,33,12
n2_TrackF_r1_F88F_M255M_S1_G17,36,0.8088,0.8138,0.9904,1,3.48,0,5.44,0,41.36,0,32.5,39.25,2.02,3.66,5.04,2.32,47,15
n2_TrackF_r1_F88F_M255M_S1_G17,37,0.8076,0.8054,0.9881,1,2.5,0,20.79,0,28.04,0,20.28,27.06,0.76,5.85,4.68,3.07,36,14
n2_TrackF_r1_F88F_M255M_S1_G17,38,0.8068,0.7749,0.9867,1,2.92,1,4.68,1,0.98,1,6.11,7.92,1.33,2.92,6.44,5.49,42,13
n2_TrackF_r1_F88F_M255M_S1_G17,39,0.8056,0.8182,0.9865,1,2.55,0,20.39,0,33.88,0,26.55,32.92,2.64,4.87,4.96,2.8,38,15
n2_TrackF_r1_F88F_M255M_S1_G17,4,0.8335,0.8165,0.9894,1,2.89,0,13.64,0,19.18,0,13.94,18.82,2.82,3.99,9.25,1.15,25,8
n2_TrackF_r1_F88F_M255M_S1_G17,40,0.805,0.7783,0.9864,1,2.48,1,4.06,1,2.57,1,3.2,4.03,1.81,4.15,5.58,3.94,49,13
n2_TrackF_r1_F88F_M255M_S1_G17,41,0.8049,0.8022,0.9881,1,3.0,1,3.87,1,1.88,1,3.54,1.59,1.59,3.09,5.73,4.63,49,13
n2_TrackF_r1_F88F_M255M_S1_G17,42,0.8049,0.7866,0.9847,0,5.61,0,16.54,0,16.65,0,8.73,14.45,1.22,3.68,7.39,6.36,34,14
n2_TrackF_r1_F88F_M255M_S1_G17,43,0.8037,0.8923,0.9837,0,5.28,0,14.68,1,3.91,0,3.73,4.68,1.23,3.04,3.72,3.53,53,19
n2_TrackF_r1_F88F_M255M_S1_G17,44,0.8027,0.7924,0.9871,1,3.03,1,4.4,1,3.18,1,3.05,4.66,2.98,2.84,6.61,5.03,43,13
n2_TrackF_r1_F88F_M255M_S1_G17,45,0.8025,0.785,0.987,1,2.87,0,5.1,1,1.58,0,4.29,4.74,2.92,4.35,4.75,5.33,42,13
n2_TrackF_r1_F88F_M255M_S1_G17,46,0.8021,0.7968,0.987,1,2.58,1,4.39,1,2.04,1,2.96,2.88,1.63,1.19,4.49,4.08,41,13
n2_TrackF_r1_F88F_M255M_S1_G17,47,0.8017,0.7632,0.9858,1,2.89,0,5.16,1,1.83,0,2.55,5.17,2.6,4.25,4.45,4.78,43,13
n2_TrackF_r1_F88F_M255M_S1_G17,48,0.801,0.7804,0.9861,1,2.9,1,3.16,1,2.68,1,2.19,3.14,1.49,3.4,3.68,4.13,44,13
n2_TrackF_r1_F88F_M255M_S1_G17,49,0.8006,0.8287,0.9856,1,3.06,0,18.0,0,28.26,0,19.39,25.97,1.23,3.69,3.95,2.87,34,13
n2_TrackF_r1_F88F_M255M_S1_G17,5,0.8314,0.8416,0.9888,1,4.7,0,11.09,0,16.45,0,7.89,15.57,0.92,2.78,3.75,5.33,35,9
n2_TrackF_r1_F88F_M255M_S1_G17,50,0.8002,0.8047,0.9861,1,2.33,1,2.79,1,4.74,1,3.12,3.63,2.6,4.06,4.96,4.03,40,14
n2_TrackF_r1_F88F_M255M_S1_G17,51,0.7997,0.7823,0.9854,0,6.64,1,3.03,1,2.61,1,2.33,4.65,1.85,0.42,5.33,6.97,42,11
n2_TrackF_r1_F88F_M255M_S1_G17,52,0.7995,0.7085,0.9842,0,5.49,0,20.32,0,14.35,0,4.98,11.16,1.68,6.72,11.87,4.4,22,8
n2_TrackF_r1_F88F_M255M_S1_G17,53,0.7994,0.7632,0.9849,1,2.88,0,5.51,1,3.26,0,2.01,5.32,2.29,3.26,4.28,4.79,46,15
n2_TrackF_r1_F88F_M255M_S1_G17,54,0.7991,0.7643,0.9847,1,2.48,0,5.68,1,2.89,0,4.61,5.88,1.6,3.35,4.97,3.91,46,14
n2_TrackF_r1_F88F_M255M_S1_G17,55,0.799,0.7723,0.9873,1,3.34,0,20.5,0,15.29,0,6.49,13.23,1.36,4.4,4.73,4.73,46,13
n2_TrackF_r1_F88F_M255M_S1_G17,56,0.7986,0.7445,0.9842,1,1.51,0,9.13,0,33.22,0,25.87,32.29,2.22,1.82,2.67,2.1,45,12
n2_TrackF_r1_F88F_M255M_S1_G17,57,0.798,0.7536,0.9839,1,3.15,0,5.05,1,3.41,0,2.04,2.82,1.99,2.58,5.26,4.72,39,14
n2_TrackF_r1_F88F_M255M_S1_G17,58,0.7973,0.7495,0.9855,0,6.73,0,10.91,0,12.52,0,3.3,10.05,2.98,4.22,5.27,5.84,37,11
n2_TrackF_r1_F88F_M255M_S1_G17,59,0.7966,0.7423,0.984,1,2.27,1,3.57,1,2.78,1,3.81,5.53,1.34,4.19,5.01,3.93,33,14
n2_TrackF_r1_F88F_M255M_S1_G17,6,0.8312,0.8325,0.988,0,5.37,0,14.23,0,17.46,0,8.28,14.9,1.37,2.41,7.74,6.16,29,9
n2_TrackF_r1_F88F_M255M_S1_G17,60,0.7965,0.7685,0.9868,1,2.48,1,4.12,0,7.53,0,2.58,4.01,2.59,2.34,5.2,3.15,35,12
n2_TrackF_r1_F88F_M255M_S1_G17,61,0.7963,0.7753,0.9834,0,5.73,0,15.72,0,16.91,0,6.91,13.77,1.7,3.44,4.66,5.54,42,14
n2_TrackF_r1_F88F_M255M_S1_G17,62,0.796,0.7573,0.9862,1,2.14,0,23.6,0,30.24,0,21.56,28.31,1.59,7.15,7.29,2.4,41,14
n2_TrackF_r1_F88F_M255M_S1_G17,63,0.7959,0.7253,0.9839,1,4.79,0,15.01,0,14.49,0,8.65,14.67,1.6,3.06,4.83,4.35,29,11
n2_TrackF_r1_F88F_M255M_S1_G17,64,0.7959,0.6878,0.9836,0,5.61,0,14.28,0,21.93,0,12.67,19.52,1.41,3.92,4.49,5.97,30,10
n2_TrackF_r1_F88F_M255M_S1_G17,65,0.7959,0.7158,0.9835,1,2.15,0,16.95,0,21.33,0,14.13,20.01,2.74,3.2,3.97,1.11,34,10
n2_TrackF_r1_F88F_M255M_S1_G17,66,0.7945,0.7221,0.9839,1,3.82,0,16.21,0,15.93,0,7.12,14.63,3.91,3.69,4.12,3.2,34,12
n2_TrackF_r1_F88F_M255M_S1_G17,67,0.7923,0.7658,0.9841,1,2.3,1,4.92,1,3.71,1,3.41,1.46,2.74,2.18,3.92,4.19,42,11
n2_TrackF_r1_F88F_M255M_S1_G17,68,0.7917,0.7504,0.9844,1,3.19,0,5.18,1,3.51,0,3.38,3.34,2.76,4.26,4.36,5.11,41,13
n2_TrackF_r1_F88F_M255M_S1_G17,69,0.7887,0.7065,0.9824,0,6.81,0,19.63,0,12.69,0,7.74,12.86,2.73,3.33,5.51,6.06,29,13
n2_TrackF_r1_F88F_M255M_S1_G17,7,0.831,0.9202,0.9906,1,3.54,0,8.37,0,33.73,0,33.45,34.71,0.85,3.34,5.99,4.01,30,11
n2_TrackF_r1_F88F_M255M_S1_G17,70,0.788,0.7293,0.9836,1,2.16,1,4.46,1,1.52,1,2.55,4.82,2.11,3.37,2.38,3.5,45,13
n2_TrackF_r1_F88F_M255M_S1_G17,71,0.7873,0.7706,0.9858,1,2.75,1,4.48,1,2.9,1,2.45,6.83,1.78,2.84,4.92,4.22,42,13
n2_TrackF_r1_F88F_M255M_S1_G17,72,0.7863,0.7214,0.984,1,4.5,1,4.51,1,1.96,1,4.28,4.82,1.55,3.68,2.26,4.98,48,13
n2_TrackF_r1_F88F_M255M_S1_G17,73,0.7855,0.7374,0.9841,1,3.04,0,5.06,1,4.84,0,3.75,3.36,2.93,3.71,4.38,4.99,42,11
n2_TrackF_r1_F88F_M255M_S1_G17,74,0.7854,0.6826,0.9837,1,3.08,0,22.12,0,30.31,0,21.51,26.95,1.16,4.4,5.05,2.92,31,15
n2_TrackF_r1_F88F_M255M_S1_G17,75,0.7852,0.7374,0.9874,1,1.83,0,5.14,1,3.38,0,3.28,4.25,1.11,3.65,4.07,2.9,41,13
n2_TrackF_r1_F88F_M255M_S1_G17,76,0.784,0.7559,0.9827,0,5.8,0,21.18,0,15.49,0,8.53,14.69,1.62,3.59,4.26,6.03,40,15
n2_TrackF_r1_F88F_M255M_S1_G17,77,0.7831,0.7331,0.9855,1,3.05,1,3.84,1,1.86,1,3.37,4.46,1.06,3.38,3.97,3.54,43,12
n2_TrackF_r1_F88F_M255M_S1_G17,78,0.7822,0.7014,0.9824,1,3.52,1,4.29,1,1.14,1,2.53,4.41,1.56,4.25,4.16,3.79,49,14
n2_TrackF_r1_F88F_M255M_S1_G17,79,0.7814,0.6453,0.9838,1,2.7,0,10.7,0,14.92,0,8.92,15.86,1.83,2.99,2.83,3.51,35,9
n2_TrackF_r1_F88F_M255M_S1_G17,8,0.8298,0.8321,0.9893,1,2.09,0,12.25,0,16.71,0,6.44,13.03,2.39,3.62,2.51,3.57,38,10
n2_TrackF_r1_F88F_M255M_S1_G17,80,0.7812,0.7209,0.9857,1,1.58,1,3.59,1,3.04,1,2.06,6.52,2.63,4.22,4.89,2.64,47,14
n2_TrackF_r1_F88F_M255M_S1_G17,81,0.7794,0.7308,0.9837,1,1.83,1,4.89,1,3.53,1,4.43,4.82,1.21,4.06,3.66,3.83,50,15
n2_TrackF_r1_F88F_M255M_S1_G17,82,0.7792,0.7342,0.9846,1,2.6,1,3.79,1,2.4,1,1.06,4.49,2.75,2.77,3.57,4.62,39,13
n2_TrackF_r1_F88F_M255M_S1_G17,83,0.7774,0.7217,0.984,1,3.22,1,3.82,1,2.87,1,2.73,4.36,2.29,4.51,4.75,5.27,51,10
n2_TrackF_r1_F88F_M255M_S1_G17,84,0.7772,0.7165,0.9827,1,1.91,1,3.9,1,3.43,1,2.06,4.52,3.14,2.92,5.01,4.0,38,10
n2_TrackF_r1_F88F_M255M_S1_G17,85,0.7743,0.6993,0.9823,0,5.06,1,3.84,1,2.98,1,3.6,1.65,1.48,4.96,4.71,4.53,43,14
n2_TrackF_r1_F88F_M255M_S1_G17,86,0.7729,0.6216,0.9785,0,7.12,0,12.85,0,12.79,0,6.74,11.91,2.76,2.89,3.4,6.0,29,10
n2_TrackF_r1_F88F_M255M_S1_G17,87,0.7725,0.6919,0.9854,1,1.84,1,4.75,0,5.38,0,3.19,3.71,1.0,3.5,3.06,2.18,45,12
n2_TrackF_r1_F88F_M255M_S1_G17,88,0.7723,0.6973,0.985,1,2.81,0,5.48,0,6.37,0,3.1,3.65,2.08,3.81,4.56,5.61,38,11
n2_TrackF_r1_F88F_M255M_S1_G17,89,0.7711,0.7198,0.9857,1,2.5,1,3.51,1,3.43,1,5.02,3.81,1.58,3.94,4.29,4.04,45,13
n2_TrackF_r1_F88F_M255M_S1_G17,9,0.8275,0.8333,0.9883,1,3.98,0,15.46,0,19.02,0,7.68,15.39,2.95,3.88,4.94,3.35,34,11
n2_TrackF_r1_F88F_M255M_S1_G17,90,0.766,0.7597,0.9811,1,4.37,0,16.77,1,2.08,0,3.14,0.64,1.79,4.92,7.28,5.79,43,14
n2_TrackF_r1_F88F_M255M_S1_G17,91,0.7645,0.6799,0.9837,1,2.4,1,2.98,1,4.06,1,2.29,7.06,2.08,2.51,4.26,4.27,46,13
n2_TrackF_r1_F88F_M255M_S1_G17,92,0.7633,0.6213,0.9794,1,2.73,1,4.86,1,4.57,1,3.14,3.36,2.59,2.71,4.91,3.8,42,12
n2_TrackF_r1_F88F_M255M_S1_G17,93,0.7631,0.6819,0.9844,1,2.5,0,6.18,1,3.19,0,3.08,3.68,2.81,5.95,4.52,4.7,43,13
n2_TrackF_r1_F88F_M255M_S1_G17,94,0.7621,0.6887,0.9796,1,1.5,0,19.79,0,20.96,0,12.58,18.58,1.45,2.95,7.65,2.01,46,17
n2_TrackF_r1_F88F_M255M_S1_G17,95,0.7611,0.6151,0.9824,1,2.78,0,5.48,1,2.87,0,3.47,3.22,1.67,2.21,3.91,4.58,36,13
n2_TrackF_r1_F88F_M255M_S1_G17,96,0.7611,0.6571,0.9803,1,3.38,1,3.89,1,3.35,1,1.58,5.26,1.44,1.82,4.84,3.77,39,14
n2_TrackF_r1_F88F_M255M_S1_G17,97,0.7567,0.6657,0.9773,1,3.93,0,14.18,0,13.56,0,9.95,15.55,1.71,4.36,7.68,4.14,32,11
n2_TrackF_r1_F88F_M255M_S1_G17,98,0.7563,0.6515,0.9814,1,2.07,1,3.3,1,3.34,1,3.36,3.55,2.18,6.05,4.48,4.14,43,14
n2_TrackF_r1_F88F_M255M_S1_G17,99,0.7535,0.6022,0.9817,1,2.43,0,5.47,1,3.83,0,5.32,2.37,1.62,3.75,1.75,4.01,47,13
n2_TrackF_r1_F88K_M255A_OFF_T_G17,0,0.868,0.9188,0.9901,1,1.26,0,12.03,0,39.48,0,37.84,39.71,1.73,3.74,6.32,3.58,30,11
n2_TrackF_r1_F88K_M255A_OFF_T_G17,1,0.8599,0.9167,0.9893,1,4.13,0,10.62,0,28.7,0,27.63,28.76,2.86,3.38,2.22,4.55,32,15
n2_TrackF_r1_F88K_M255A_OFF_T_G17,10,0.851,0.8801,0.9869,1,1.63,0,11.99,0,39.69,0,38.93,40.11,2.29,2.11,5.81,4.38,25,9
n2_TrackF_r1_F88K_M255A_OFF_T_G17,11,0.8507,0.8949,0.9891,1,1.48,0,11.24,0,40.73,0,39.03,40.61,3.14,2.54,6.46,3.9,28,8
n2_TrackF_r1_F88K_M255A_OFF_T_G17,12,0.85,0.8903,0.988,1,3.31,0,13.48,0,38.02,0,36.47,37.88,2.96,4.85,5.77,2.84,28,12
n2_TrackF_r1_F88K_M255A_OFF_T_G17,13,0.8498,0.8825,0.9863,1,2.52,0,11.43,0,38.78,0,36.76,38.61,2.26,4.04,3.54,3.97,31,9
n2_TrackF_r1_F88K_M255A_OFF_T_G17,14,0.8496,0.8978,0.9872,1,3.08,0,14.11,0,36.29,0,35.27,37.65,2.65,4.73,4.25,2.84,36,12
n2_TrackF_r1_F88K_M255A_OFF_T_G17,15,0.849,0.8958,0.9888,1,2.76,0,13.05,0,35.72,0,35.42,37.94,1.67,5.25,8.62,2.78,30,9
n2_TrackF_r1_F88K_M255A_OFF_T_G17,16,0.8486,0.8792,0.9869,1,1.62,0,10.9,0,39.36,0,37.82,39.55,2.89,2.6,6.19,4.81,26,10
n2_TrackF_r1_F88K_M255A_OFF_T_G17,17,0.8478,0.9068,0.9899,1,1.92,0,10.44,0,39.31,0,37.78,39.27,1.66,3.42,5.86,2.01,27,8
n2_TrackF_r1_F88K_M255A_OFF_T_G17,18,0.8478,0.8759,0.9873,1,1.67,0,10.05,0,41.06,0,38.53,40.54,2.37,4.6,5.59,3.33,26,10
n2_TrackF_r1_F88K_M255A_OFF_T_G17,19,0.8477,0.8976,0.9905,1,2.67,0,12.33,0,38.31,0,37.19,39.16,3.04,4.43,6.81,2.84,28,8
n2_TrackF_r1_F88K_M255A_OFF_T_G17,2,0.8596,0.9024,0.989,1,2.46,0,12.34,0,40.59,0,38.96,40.47,3.29,4.03,4.58,4.7,27,10
n2_TrackF_r1_F88K_M255A_OFF_T_G17,20,0.8452,0.8889,0.9877,1,2.46,0,14.09,0,36.75,0,35.29,37.01,2.29,3.0,4.97,3.81,36,11
n2_TrackF_r1_F88K_M255A_OFF_T_G17,21,0.8449,0.8781,0.9862,1,1.83,0,13.45,0,35.48,0,34.26,35.51,2.73,3.2,1.32,2.96,30,12
n2_TrackF_r1_F88K_M255A_OFF_T_G17,22,0.8449,0.8959,0.987,1,1.69,0,12.99,0,35.77,0,34.68,35.36,2.49,2.79,4.27,5.04,24,9
n2_TrackF_r1_F88K_M255A_OFF_T_G17,23,0.8445,0.9088,0.9894,1,4.69,0,15.74,0,39.12,0,38.16,40.38,3.14,5.52,8.03,5.05,28,13
n2_TrackF_r1_F88K_M255A_OFF_T_G17,24,0.8444,0.8971,0.9877,1,1.59,0,13.11,0,37.95,0,36.19,37.69,3.0,3.66,4.08,2.55,32,9
n2_TrackF_r1_F88K_M255A_OFF_T_G17,25,0.8439,0.9146,0.9877,1,3.22,0,14.31,0,36.76,0,35.87,38.58,2.84,4.83,4.66,4.61,35,13
n2_TrackF_r1_F88K_M255A_OFF_T_G17,26,0.8439,0.8917,0.9885,1,3.1,0,10.65,0,36.46,0,34.93,36.62,1.47,3.82,3.39,1.8,32,11
n2_TrackF_r1_F88K_M255A_OFF_T_G17,27,0.8437,0.9055,0.9888,1,1.67,0,14.12,0,34.93,0,35.36,37.28,2.05,4.34,5.3,5.02,32,11
n2_TrackF_r1_F88K_M255A_OFF_T_G17,28,0.8426,0.8674,0.986,1,2.28,0,12.93,0,41.29,0,39.26,41.2,1.63,2.91,4.87,2.07,29,9
n2_TrackF_r1_F88K_M255A_OFF_T_G17,29,0.8422,0.8736,0.9844,0,7.14,0,13.27,0,42.0,0,39.8,41.01,1.35,3.4,3.86,7.7,26,11
n2_TrackF_r1_F88K_M255A_OFF_T_G17,3,0.8594,0.9111,0.9894,1,2.53,0,10.31,0,38.6,0,37.24,38.4,1.72,5.7,3.72,1.73,36,12
n2_TrackF_r1_F88K_M255A_OFF_T_G17,30,0.8422,0.8626,0.9872,1,2.26,0,10.19,0,36.48,0,35.61,36.71,2.29,2.71,5.61,1.73,32,9
n2_TrackF_r1_F88K_M255A_OFF_T_G17,31,0.8415,0.8483,0.984,0,10.49,0,15.96,0,35.56,0,36.61,42.02,4.54,3.84,3.35,11.44,16,10
n2_TrackF_r1_F88K_M255A_OFF_T_G17,32,0.8412,0.9141,0.9894,1,2.02,0,12.61,0,37.62,0,35.56,37.24,2.16,3.25,6.2,1.41,29,9
n2_TrackF_r1_F88K_M255A_OFF_T_G17,33,0.8406,0.8632,0.9867,1,2.44,0,12.67,0,40.86,0,39.18,40.76,2.63,5.33,5.92,1.59,29,8
n2_TrackF_r1_F88K_M255A_OFF_T_G17,34,0.8405,0.9014,0.9884,1,2.95,0,12.08,0,36.49,0,35.09,36.67,2.51,4.21,6.34,4.43,30,9
n2_TrackF_r1_F88K_M255A_OFF_T_G17,35,0.8393,0.9254,0.9917,1,3.78,0,13.62,0,39.57,0,37.95,39.67,3.48,5.64,6.45,4.39,27,10
n2_TrackF_r1_F88K_M255A_OFF_T_G17,36,0.839,0.8525,0.9833,1,3.56,0,11.36,0,40.03,0,37.19,39.25,3.18,3.16,3.79,2.65,29,9
n2_TrackF_r1_F88K_M255A_OFF_T_G17,37,0.8389,0.907,0.9871,0,8.21,0,12.91,0,34.24,0,33.99,34.53,4.17,5.57,5.88,6.75,25,12
n2_TrackF_r1_F88K_M255A_OFF_T_G17,38,0.8382,0.8143,0.9829,1,3.9,0,18.71,0,43.4,0,44.28,48.5,3.01,6.11,12.09,3.49,29,11
n2_TrackF_r1_F88K_M255A_OFF_T_G17,39,0.8381,0.8786,0.9859,1,2.03,0,13.21,0,38.89,0,35.77,38.17,1.69,3.21,2.97,1.59,38,11
n2_TrackF_r1_F88K_M255A_OFF_T_G17,4,0.8582,0.913,0.9895,1,2.01,0,10.34,0,37.45,0,35.84,37.24,2.74,4.48,5.53,3.19,29,10
n2_TrackF_r1_F88K_M255A_OFF_T_G17,40,0.8371,0.9048,0.9858,1,4.26,0,11.43,0,23.48,0,24.74,28.42,2.08,4.02,5.16,4.89,26,11
n2_TrackF_r1_F88K_M255A_OFF_T_G17,41,0.8369,0.9095,0.986,0,7.36,0,10.67,0,36.77,0,35.74,37.28,2.77,2.75,2.97,8.56,22,10
n2_TrackF_r1_F88K_M255A_OFF_T_G17,42,0.8367,0.8451,0.9842,0,7.92,0,15.07,0,40.74,0,38.34,39.62,2.09,3.74,5.06,7.77,23,9
n2_TrackF_r1_F88K_M255A_OFF_T_G17,43,0.8367,0.8055,0.9825,0,6.6,0,13.48,0,40.78,0,38.01,39.75,1.38,4.36,4.48,6.67,25,12
n2_TrackF_r1_F88K_M255A_OFF_T_G17,44,0.8363,0.8114,0.9818,1,1.48,0,9.88,0,38.17,0,35.5,37.27,3.92,3.35,5.19,3.31,29,8
n2_TrackF_r1_F88K_M255A_OFF_T_G17,45,0.8352,0.8385,0.987,0,8.8,0,26.39,0,47.34,0,46.7,46.18,0.62,3.2,9.21,5.69,35,13
n2_TrackF_r1_F88K_M255A_OFF_T_G17,46,0.8348,0.8173,0.9837,1,2.0,0,10.25,0,40.45,0,38.83,40.17,2.0,4.3,5.09,2.5,26,10
n2_TrackF_r1_F88K_M255A_OFF_T_G17,47,0.8345,0.8289,0.9839,1,2.8,0,14.31,0,37.05,0,35.7,37.17,2.37,4.05,4.93,3.9,32,10
n2_TrackF_r1_F88K_M255A_OFF_T_G17,48,0.8332,0.8485,0.9865,0,8.06,0,20.42,0,42.14,0,40.34,40.95,2.66,3.54,8.53,7.63,37,13
n2_TrackF_r1_F88K_M255A_OFF_T_G17,49,0.833,0.8367,0.9843,1,3.45,0,11.25,0,39.49,0,38.22,39.63,2.27,3.94,5.73,3.85,30,9
n2_TrackF_r1_F88K_M255A_OFF_T_G17,5,0.8573,0.8965,0.9902,1,1.35,0,9.18,0,38.05,0,36.67,37.99,2.0,4.45,6.05,2.25,26,9
n2_TrackF_r1_F88K_M255A_OFF_T_G17,50,0.8314,0.893,0.9891,1,1.82,0,10.84,0,35.79,0,34.62,36.01,2.56,5.02,4.69,3.21,24,10
n2_TrackF_r1_F88K_M255A_OFF_T_G17,51,0.8313,0.9189,0.9908,1,2.55,0,7.37,0,24.56,0,23.62,30.58,3.9,3.12,3.09,4.41,29,10
n2_TrackF_r1_F88K_M255A_OFF_T_G17,52,0.8303,0.8818,0.9875,1,4.37,0,12.99,1,4.81,0,9.67,10.37,1.31,4.31,3.05,3.56,34,13
n2_TrackF_r1_F88K_M255A_OFF_T_G17,53,0.8292,0.8227,0.9842,0,14.23,0,17.79,0,41.18,0,41.47,47.84,6.02,4.7,6.41,15.49,11,10
n2_TrackF_r1_F88K_M255A_OFF_T_G17,54,0.8287,0.8613,0.9858,1,1.37,0,10.2,0,38.33,0,36.29,37.61,3.09,3.42,4.36,2.32,31,11
n2_TrackF_r1_F88K_M255A_OFF_T_G17,55,0.8282,0.8992,0.9868,1,2.59,0,13.25,0,35.87,0,35.31,37.67,2.61,3.75,6.35,3.26,37,13
n2_TrackF_r1_F88K_M255A_OFF_T_G17,56,0.8278,0.8362,0.9859,1,1.87,0,10.26,0,39.55,0,37.31,39.44,3.08,3.28,3.06,3.3,29,10
n2_TrackF_r1_F88K_M255A_OFF_T_G17,57,0.8272,0.8702,0.9829,1,2.05,0,12.85,0,37.46,0,35.98,37.91,2.59,3.77,4.6,4.42,28,7
n2_TrackF_r1_F88K_M255A_OFF_T_G17,58,0.827,0.84,0.9819,0,6.74,0,14.9,0,39.29,0,37.68,38.99,1.94,3.18,4.59,6.97,25,11
n2_TrackF_r1_F88K_M255A_OFF_T_G17,59,0.8239,0.9057,0.9877,1,2.6,0,13.13,0,38.79,0,37.7,39.83,2.81,4.98,7.11,1.92,37,11
n2_TrackF_r1_F88K_M255A_OFF_T_G17,6,0.8573,0.9058,0.9886,1,1.84,0,10.14,0,40.02,0,38.04,39.17,3.97,2.9,5.59,3.82,32,10
n2_TrackF_r1_F88K_M255A_OFF_T_G17,60,0.8235,0.9054,0.9894,1,2.29,0,10.54,0,34.73,0,35.74,41.94,2.35,2.66,2.9,2.68,36,13
n2_TrackF_r1_F88K_M255A_OFF_T_G17,61,0.8232,0.8163,0.9831,1,1.85,0,14.08,0,36.77,0,35.0,36.49,3.03,3.68,3.22,4.06,26,8
n2_TrackF_r1_F88K_M255A_OFF_T_G17,62,0.8211,0.8488,0.9858,0,10.03,0,14.79,0,25.55,0,26.34,32.9,4.57,2.44,5.4,8.92,14,9
n2_TrackF_r1_F88K_M255A_OFF_T_G17,63,0.8209,0.8451,0.9852,0,7.32,0,17.65,0,42.29,0,42.41,49.33,2.45,5.22,2.29,7.14,16,10
n2_TrackF_r1_F88K_M255A_OFF_T_G17,64,0.8207,0.7802,0.9848,1,4.5,0,10.28,0,37.31,0,36.09,37.75,2.79,3.63,5.54,6.04,29,13
n2_TrackF_r1_F88K_M255A_OFF_T_G17,65,0.8206,0.7847,0.9808,0,7.99,0,12.67,0,40.17,0,37.15,38.5,2.65,4.74,3.52,7.73,24,12
n2_TrackF_r1_F88K_M255A_OFF_T_G17,66,0.8206,0.8731,0.9868,1,2.63,0,11.08,0,38.99,0,37.39,39.4,2.24,5.25,3.09,5.15,26,10
n2_TrackF_r1_F88K_M255A_OFF_T_G17,67,0.8199,0.8669,0.9864,0,7.35,0,14.02,0,37.2,0,35.37,36.61,1.73,2.75,4.32,8.06,25,11
n2_TrackF_r1_F88K_M255A_OFF_T_G17,68,0.8195,0.8658,0.9887,1,2.46,0,12.16,0,38.94,0,37.48,38.99,3.41,5.71,5.56,3.94,19,7
n2_TrackF_r1_F88K_M255A_OFF_T_G17,69,0.8184,0.8834,0.9847,0,7.53,0,13.34,0,30.03,0,29.87,36.66,2.8,3.91,4.19,6.85,32,12
n2_TrackF_r1_F88K_M255A_OFF_T_G17,7,0.8533,0.9052,0.9881,1,2.12,0,12.41,0,37.69,0,35.99,37.08,2.62,4.59,3.69,4.26,32,10
n2_TrackF_r1_F88K_M255A_OFF_T_G17,70,0.8184,0.8378,0.9853,1,3.1,0,10.9,0,38.09,0,36.15,37.54,2.28,5.08,3.08,2.51,34,10
n2_TrackF_r1_F88K_M255A_OFF_T_G17,71,0.8175,0.8888,0.9872,1,3.76,0,13.8,0,36.65,0,35.77,37.5,3.43,5.45,5.08,2.91,27,12
n2_TrackF_r1_F88K_M255A_OFF_T_G17,72,0.8164,0.8591,0.9859,1,3.8,0,21.61,0,48.71,0,49.98,54.56,1.52,5.73,11.22,3.7,16,9
n2_TrackF_r1_F88K_M255A_OFF_T_G17,73,0.8162,0.8841,0.9877,1,1.93,0,12.96,0,35.41,0,34.49,36.38,2.13,3.7,6.87,3.6,32,13
n2_TrackF_r1_F88K_M255A_OFF_T_G17,74,0.8157,0.8734,0.9847,0,5.64,0,11.35,0,27.08,0,26.75,33.26,1.87,3.41,2.07,4.88,33,13
n2_TrackF_r1_F88K_M255A_OFF_T_G17,75,0.8148,0.7879,0.9801,0,6.27,0,13.95,0,40.3,0,38.41,40.1,2.41,4.1,4.32,7.04,26,10
n2_TrackF_r1_F88K_M255A_OFF_T_G17,76,0.8128,0.8366,0.983,1,4.45,0,16.34,0,26.48,0,26.31,31.2,2.65,6.38,4.35,7.41,43,15
n2_TrackF_r1_F88K_M255A_OFF_T_G17,77,0.8113,0.9374,0.9914,1,1.97,0,15.19,0,31.46,0,26.68,34.29,3.22,3.6,3.52,3.38,38,15
n2_TrackF_r1_F88K_M255A_OFF_T_G17,78,0.8111,0.8541,0.9847,0,12.93,0,18.38,0,35.06,0,34.87,41.98,6.44,3.93,3.25,13.68,15,11
n2_TrackF_r1_F88K_M255A_OFF_T_G17,79,0.8096,0.839,0.9831,0,8.42,0,16.29,0,38.17,0,37.71,43.78,3.53,4.11,6.04,8.71,18,11
n2_TrackF_r1_F88K_M255A_OFF_T_G17,8,0.8518,0.8859,0.9889,1,3.29,0,11.41,0,36.24,0,34.95,36.38,1.77,3.83,2.82,0.91,29,10
n2_TrackF_r1_F88K_M255A_OFF_T_G17,80,0.8079,0.8342,0.9874,1,3.78,0,12.18,0,23.84,0,27.43,31.59,2.31,3.03,3.36,3.92,26,8
n2_TrackF_r1_F88K_M255A_OFF_T_G17,81,0.8073,0.8481,0.9847,0,6.14,0,12.65,0,36.45,0,34.92,35.47,2.19,4.98,4.15,7.05,19,10
n2_TrackF_r1_F88K_M255A_OFF_T_G17,82,0.807,0.8549,0.9855,0,5.52,0,13.76,0,39.95,0,38.21,40.61,2.15,4.12,6.15,6.17,20,10
n2_TrackF_r1_F88K_M255A_OFF_T_G17,83,0.8066,0.8285,0.9851,0,9.16,0,14.8,0,25.74,0,23.63,30.77,4.18,4.5,3.93,7.59,22,11
n2_TrackF_r1_F88K_M255A_OFF_T_G17,84,0.806,0.8212,0.9842,1,2.59,0,14.03,0,41.01,0,38.92,40.52,2.37,2.69,4.64,2.28,33,10
n2_TrackF_r1_F88K_M255A_OFF_T_G17,85,0.8021,0.884,0.9871,1,4.38,0,10.74,0,19.71,0,19.34,25.82,2.76,2.71,3.89,4.06,38,12
n2_TrackF_r1_F88K_M255A_OFF_T_G17,86,0.8021,0.8859,0.988,0,7.0,0,11.8,0,17.45,0,12.41,20.0,2.86,4.92,4.8,7.58,23,12
n2_TrackF_r1_F88K_M255A_OFF_T_G17,87,0.8016,0.8504,0.9878,1,3.68,0,13.2,0,22.27,0,25.07,30.75,1.63,3.16,3.26,4.15,30,8
n2_TrackF_r1_F88K_M255A_OFF_T_G17,88,0.8007,0.8166,0.9841,1,1.84,0,13.26,0,36.67,0,35.61,37.09,3.48,4.83,6.32,2.24,29,10
n2_TrackF_r1_F88K_M255A_OFF_T_G17,89,0.7969,0.8566,0.9843,1,3.78,0,8.77,0,17.99,0,17.18,23.34,0.97,1.23,3.25,4.0,44,17
n2_TrackF_r1_F88K_M255A_OFF_T_G17,9,0.8511,0.8978,0.9888,1,1.76,0,12.56,0,38.75,0,37.05,38.38,3.25,3.09,4.49,3.88,31,10
n2_TrackF_r1_F88K_M255A_OFF_T_G17,90,0.7967,0.7285,0.9821,0,6.49,0,14.77,0,41.7,0,40.49,42.42,1.68,6.16,7.13,6.26,21,11
n2_TrackF_r1_F88K_M255A_OFF_T_G17,91,0.7958,0.7352,0.9831,0,5.1,0,23.85,0,25.01,0,28.12,32.56,2.77,5.74,10.74,4.7,24,8
n2_TrackF_r1_F88K_M255A_OFF_T_G17,92,0.7928,0.7346,0.9799,1,3.48,0,12.0,0,39.92,0,38.58,39.93,3.7,4.14,5.34,6.74,30,11
n2_TrackF_r1_F88K_M255A_OFF_T_G17,93,0.7881,0.7596,0.9831,1,2.27,0,10.69,0,38.68,0,37.62,38.54,2.12,4.89,3.89,2.66,36,14
n2_TrackF_r1_F88K_M255A_OFF_T_G17,94,0.7836,0.6395,0.9813,1,2.35,0,11.52,0,41.65,0,38.4,40.99,2.22,4.35,5.22,1.74,28,10
n2_TrackF_r1_F88K_M255A_OFF_T_G17,95,0.7807,0.8046,0.981,1,3.09,0,9.33,0,11.95,0,14.8,20.47,1.59,4.63,3.89,3.91,41,13
n2_TrackF_r1_F88K_M255A_OFF_T_G17,96,0.7769,0.6897,0.9791,1,2.5,0,13.13,0,36.16,0,34.74,35.98,1.96,5.28,4.81,2.39,26,9
n2_TrackF_r1_F88K_M255A_OFF_T_G17,97,0.776,0.7225,0.9825,0,5.75,0,24.13,0,27.07,0,28.8,34.86,2.5,4.68,10.49,6.13,28,8
n2_TrackF_r1_F88K_M255A_OFF_T_G17,98,0.7746,0.7996,0.9844,0,7.77,0,13.44,0,15.2,0,9.72,17.37,2.41,5.06,5.3,6.55,18,12
n2_TrackF_r1_F88K_M255A_OFF_T_G17,99,0.7574,0.5639,0.9832,0,6.37,0,21.03,0,45.19,0,43.66,44.14,4.07,3.85,8.82,5.06,20,7
n2_TrackF_r1_F88K_M255A_S1_G17,0,0.8287,0.8391,0.9903,1,4.92,0,20.06,0,11.81,0,7.9,15.5,2.24,3.53,8.4,6.01,36,12
n2_TrackF_r1_F88K_M255A_S1_G17,1,0.8271,0.8995,0.9919,1,1.43,0,15.97,0,40.74,0,33.79,41.41,4.1,5.84,8.45,2.67,42,14
n2_TrackF_r1_F88K_M255A_S1_G17,10,0.8174,0.8103,0.988,1,2.36,1,3.89,1,2.16,1,3.0,4.67,1.27,3.86,5.0,4.79,37,12
n2_TrackF_r1_F88K_M255A_S1_G17,11,0.817,0.8614,0.9877,1,2.75,0,12.13,0,28.74,0,24.67,31.52,1.14,4.85,4.25,2.13,36,15
n2_TrackF_r1_F88K_M255A_S1_G17,12,0.8164,0.8021,0.9891,1,3.69,0,11.68,0,14.54,0,9.57,16.81,2.38,4.81,6.22,3.32,30,10
n2_TrackF_r1_F88K_M255A_S1_G17,13,0.8164,0.8162,0.9892,1,2.78,1,4.08,1,1.65,1,1.58,4.29,1.38,4.29,4.45,4.47,42,12
n2_TrackF_r1_F88K_M255A_S1_G17,14,0.8155,0.7822,0.9863,1,1.37,1,3.62,1,2.45,1,2.51,3.6,2.04,3.09,4.76,3.93,42,13
n2_TrackF_r1_F88K_M255A_S1_G17,15,0.8149,0.8099,0.9887,1,3.36,1,3.59,1,4.39,1,2.27,5.26,2.91,1.69,4.78,5.11,34,11
n2_TrackF_r1_F88K_M255A_S1_G17,16,0.8146,0.862,0.9874,1,2.69,0,14.09,0,28.73,0,25.34,31.96,0.32,5.98,5.53,2.16,32,13
n2_TrackF_r1_F88K_M255A_S1_G17,17,0.8146,0.8256,0.9876,1,2.04,1,3.05,1,2.54,1,2.45,4.71,3.11,4.28,4.85,3.9,41,13
n2_TrackF_r1_F88K_M255A_S1_G17,18,0.8141,0.7777,0.9874,0,8.77,1,3.89,1,3.44,1,1.69,3.93,2.0,1.77,5.7,8.36,35,12
n2_TrackF_r1_F88K_M255A_S1_G17,19,0.8134,0.8241,0.9907,1,2.27,1,3.26,1,0.71,1,2.23,4.02,1.9,4.11,4.29,2.35,40,13
n2_TrackF_r1_F88K_M255A_S1_G17,2,0.8265,0.8542,0.9908,1,2.99,1,2.47,1,1.66,1,2.06,3.88,0.93,3.62,5.2,3.36,37,15
n2_TrackF_r1_F88K_M255A_S1_G17,20,0.8119,0.8209,0.9894,1,2.31,1,3.02,1,4.0,1,2.77,4.17,1.45,2.39,5.3,5.16,39,14
n2_TrackF_r1_F88K_M255A_S1_G17,21,0.8118,0.7773,0.9854,1,3.17,1,3.55,1,2.93,1,1.93,4.58,2.32,2.5,4.82,5.01,37,12
n2_TrackF_r1_F88K_M255A_S1_G17,22,0.8116,0.8138,0.9878,1,3.08,1,4.36,1,4.84,1,2.79,4.06,2.14,2.74,3.74,4.85,43,13
n2_TrackF_r1_F88K_M255A_S1_G17,23,0.8114,0.9243,0.9904,1,3.52,0,10.04,0,25.7,0,18.42,26.16,1.8,3.12,3.13,3.25,34,17
n2_TrackF_r1_F88K_M255A_S1_G17,24,0.8114,0.7978,0.9872,1,2.98,1,4.69,1,2.1,1,2.37,3.55,1.42,2.62,5.3,4.04,39,13
n2_TrackF_r1_F88K_M255A_S1_G17,25,0.8103,0.82,0.9882,1,3.09,0,6.23,1,2.04,0,3.19,4.84,2.16,2.59,3.75,5.04,40,14
n2_TrackF_r1_F88K_M255A_S1_G17,26,0.8094,0.7466,0.9863,1,2.51,1,3.14,1,0.58,1,3.18,3.15,0.91,2.57,5.13,4.83,38,12
n2_TrackF_r1_F88K_M255A_S1_G17,27,0.8092,0.7981,0.9862,1,1.48,1,3.87,1,3.29,1,1.97,4.17,1.49,1.62,4.59,3.5,46,15
n2_TrackF_r1_F88K_M255A_S1_G17,28,0.8091,0.7891,0.9881,1,2.61,1,4.16,1,3.09,1,0.95,4.31,2.95,3.27,4.99,4.51,41,13
n2_TrackF_r1_F88K_M255A_S1_G17,29,0.809,0.8556,0.985,1,1.04,0,14.89,0,34.3,0,28.23,36.51,2.14,4.92,7.77,1.48,56,17
n2_TrackF_r1_F88K_M255A_S1_G17,3,0.8237,0.9059,0.9893,1,2.92,0,15.15,0,30.39,0,27.57,34.38,1.26,4.57,4.9,2.16,37,13
n2_TrackF_r1_F88K_M255A_S1_G17,30,0.8087,0.8102,0.9891,1,3.01,1,3.38,1,2.08,1,2.57,3.53,1.66,2.5,5.75,4.97,37,14
n2_TrackF_r1_F88K_M255A_S1_G17,31,0.8086,0.8056,0.9891,1,2.5,1,3.25,1,0.65,1,2.92,3.93,2.8,3.3,4.41,3.57,38,13
n2_TrackF_r1_F88K_M255A_S1_G17,32,0.8073,0.8587,0.9837,0,5.11,0,9.75,1,1.11,0,2.34,3.33,3.28,3.43,3.48,4.2,55,18
n2_TrackF_r1_F88K_M255A_S1_G17,33,0.8066,0.8444,0.9893,1,3.19,1,4.4,0,23.45,0,19.61,27.14,1.01,2.07,4.1,4.06,41,12
n2_TrackF_r1_F88K_M255A_S1_G17,34,0.8065,0.7899,0.9863,1,3.49,1,4.5,1,1.59,1,2.43,3.55,0.7,2.39,4.86,4.32,41,14
n2_TrackF_r1_F88K_M255A_S1_G17,35,0.8064,0.9282,0.99,1,2.78,0,12.86,0,31.01,0,27.13,34.55,1.88,4.55,3.84,2.43,33,15
n2_TrackF_r1_F88K_M255A_S1_G17,36,0.8047,0.7809,0.9863,1,2.4,1,3.88,1,2.73,1,1.53,3.84,2.97,3.17,4.42,4.34,42,13
n2_TrackF_r1_F88K_M255A_S1_G17,37,0.8047,0.788,0.987,1,3.18,1,3.92,1,1.31,1,1.52,3.27,1.93,2.22,4.01,4.5,39,12
n2_TrackF_r1_F88K_M255A_S1_G17,38,0.8045,0.7603,0.9902,1,3.02,1,2.24,0,35.77,0,31.87,39.81,2.26,4.87,5.19,3.5,37,10
n2_TrackF_r1_F88K_M255A_S1_G17,39,0.8044,0.7934,0.9871,1,4.68,1,4.68,1,2.83,1,3.16,4.7,2.64,2.18,4.96,5.41,39,12
n2_TrackF_r1_F88K_M255A_S1_G17,4,0.8235,0.9064,0.9893,0,6.08,0,5.1,0,34.57,0,34.0,35.93,2.46,5.66,4.62,6.35,29,15
n2_TrackF_r1_F88K_M255A_S1_G17,40,0.8044,0.849,0.9853,0,6.77,0,5.7,0,31.98,0,32.29,33.68,1.82,4.44,5.37,7.35,24,10
n2_TrackF_r1_F88K_M255A_S1_G17,41,0.8039,0.7986,0.9891,0,8.41,1,2.37,0,15.39,0,11.55,19.07,1.73,4.87,3.91,6.76,31,15
n2_TrackF_r1_F88K_M255A_S1_G17,42,0.8037,0.8742,0.9862,0,5.06,0,13.73,0,22.02,0,17.98,25.98,3.8,2.3,2.85,6.14,34,14
n2_TrackF_r1_F88K_M255A_S1_G17,43,0.8031,0.7584,0.9843,1,2.58,1,4.19,1,0.32,1,1.94,4.82,2.14,2.87,4.25,4.61,44,13
n2_TrackF_r1_F88K_M255A_S1_G17,44,0.8028,0.7642,0.9879,1,1.79,1,2.94,0,34.34,0,30.45,37.96,2.81,3.39,2.73,2.92,49,14
n2_TrackF_r1_F88K_M255A_S1_G17,45,0.8027,0.7715,0.9851,1,2.61,1,2.5,1,1.25,1,2.33,3.74,1.16,4.74,4.64,3.68,36,13
n2_TrackF_r1_F88K_M255A_S1_G17,46,0.8026,0.7951,0.9873,1,2.43,1,3.5,1,4.76,1,2.32,3.82,3.09,1.85,4.44,5.19,34,12
n2_TrackF_r1_F88K_M255A_S1_G17,47,0.8023,0.79,0.9866,1,3.35,1,3.76,1,2.32,1,2.97,3.45,2.75,3.16,4.37,5.41,51,15
n2_TrackF_r1_F88K_M255A_S1_G17,48,0.8021,0.7775,0.9857,1,2.72,1,1.67,1,1.72,1,2.5,4.25,1.68,2.4,5.28,4.14,37,11
n2_TrackF_r1_F88K_M255A_S1_G17,49,0.802,0.7941,0.9863,1,3.35,1,3.54,1,1.39,1,1.73,3.92,2.8,3.33,4.82,4.97,44,14
n2_TrackF_r1_F88K_M255A_S1_G17,5,0.8233,0.8153,0.9904,1,2.3,1,1.46,0,36.43,0,32.55,40.75,3.36,2.8,3.72,1.88,45,13
n2_TrackF_r1_F88K_M255A_S1_G17,50,0.8018,0.8004,0.9892,1,1.96,0,6.28,0,34.23,0,29.78,37.47,2.14,2.86,6.47,2.12,36,11
n2_TrackF_r1_F88K_M255A_S1_G17,51,0.8017,0.8573,0.9852,0,6.89,1,4.09,0,42.76,0,37.19,42.27,1.67,3.43,5.48,6.41,38,15
n2_TrackF_r1_F88K_M255A_S1_G17,52,0.8012,0.7583,0.9856,1,3.52,1,3.09,1,2.17,1,2.43,3.77,1.04,2.94,6.39,3.36,41,14
n2_TrackF_r1_F88K_M255A_S1_G17,53,0.8011,0.7674,0.9874,1,1.4,1,3.95,0,35.01,0,30.37,38.08,2.08,1.99,4.46,2.12,45,14
n2_TrackF_r1_F88K_M255A_S1_G17,54,0.8011,0.8084,0.9902,1,2.95,1,2.61,1,2.36,1,2.18,5.11,2.01,3.19,4.19,4.16,38,14
n2_TrackF_r1_F88K_M255A_S1_G17,55,0.8006,0.7664,0.9848,1,2.87,1,3.43,1,3.01,1,2.74,4.68,1.91,2.44,3.4,4.84,37,13
n2_TrackF_r1_F88K_M255A_S1_G17,56,0.7997,0.7467,0.9858,1,2.14,1,3.57,1,3.05,1,2.73,4.6,1.51,3.36,4.06,4.05,43,12
n2_TrackF_r1_F88K_M255A_S1_G17,57,0.7995,0.7617,0.9833,1,3.33,1,3.48,1,1.6,1,3.22,3.96,2.17,3.6,5.3,4.04,42,15
n2_TrackF_r1_F88K_M255A_S1_G17,58,0.7989,0.7597,0.9902,1,2.14,0,8.88,0,34.02,0,27.79,36.11,3.59,1.76,4.78,2.38,37,9
n2_TrackF_r1_F88K_M255A_S1_G17,59,0.798,0.7344,0.986,1,3.53,1,4.26,1,0.68,1,2.42,4.7,2.28,3.76,5.44,4.56,39,13
n2_TrackF_r1_F88K_M255A_S1_G17,6,0.8205,0.8052,0.9874,1,2.48,1,4.48,1,2.0,1,2.47,4.63,1.85,1.85,4.3,4.79,39,14
n2_TrackF_r1_F88K_M255A_S1_G17,60,0.7975,0.8149,0.9859,1,4.0,1,4.66,0,22.56,0,17.86,26.4,2.42,2.7,5.25,4.49,35,13
n2_TrackF_r1_F88K_M255A_S1_G17,61,0.7967,0.857,0.9871,0,5.04,0,14.54,0,25.21,0,19.92,27.65,2.82,5.37,5.06,6.77,33,13
n2_TrackF_r1_F88K_M255A_S1_G17,62,0.7955,0.8773,0.9871,1,2.24,0,16.47,0,35.01,0,26.66,34.48,3.18,2.52,4.62,2.01,43,16
n2_TrackF_r1_F88K_M255A_S1_G17,63,0.7953,0.7899,0.9847,1,4.65,0,8.5,0,32.63,0,32.3,33.93,2.43,5.08,5.9,5.7,21,11
n2_TrackF_r1_F88K_M255A_S1_G17,64,0.7951,0.7863,0.9823,0,6.66,0,6.83,0,32.55,0,32.45,34.68,2.19,4.45,6.29,7.49,22,10
n2_TrackF_r1_F88K_M255A_S1_G17,65,0.7944,0.7875,0.9873,1,3.65,1,3.14,1,1.38,1,2.33,3.38,0.94,3.49,3.61,4.0,40,13
n2_TrackF_r1_F88K_M255A_S1_G17,66,0.7942,0.7185,0.9847,0,5.71,1,3.11,0,28.23,0,23.99,31.3,1.31,3.81,4.5,5.76,36,15
n2_TrackF_r1_F88K_M255A_S1_G17,67,0.7941,0.7817,0.9886,1,2.96,1,3.82,0,38.59,0,31.63,39.76,2.51,3.73,2.29,0.25,47,12
n2_TrackF_r1_F88K_M255A_S1_G17,68,0.7941,0.7404,0.9848,1,3.84,0,13.93,0,16.63,0,12.7,19.32,2.42,5.11,3.64,2.67,28,10
n2_TrackF_r1_F88K_M255A_S1_G17,69,0.7937,0.7258,0.9846,1,4.03,1,4.28,1,1.71,1,3.29,3.45,1.76,3.03,4.06,5.19,39,13
n2_TrackF_r1_F88K_M255A_S1_G17,7,0.8203,0.8245,0.9875,1,3.44,0,10.19,0,10.0,0,6.39,13.8,2.65,3.72,2.34,5.13,30,11
n2_TrackF_r1_F88K_M255A_S1_G17,70,0.7932,0.7267,0.9855,1,2.15,0,14.27,0,35.38,0,28.15,36.35,2.2,7.32,12.39,1.9,42,13
n2_TrackF_r1_F88K_M255A_S1_G17,71,0.7931,0.7818,0.9874,1,2.82,1,2.4,1,3.18,1,3.24,4.74,2.15,2.22,4.87,4.25,38,13
n2_TrackF_r1_F88K_M255A_S1_G17,72,0.7928,0.8699,0.9871,0,6.71,0,7.99,0,30.97,0,31.63,33.06,3.04,5.66,6.48,6.22,22,11
n2_TrackF_r1_F88K_M255A_S1_G17,73,0.7928,0.7655,0.9872,1,3.17,1,4.49,1,1.36,1,2.59,3.49,1.4,2.53,5.02,3.99,36,14
n2_TrackF_r1_F88K_M255A_S1_G17,74,0.7926,0.7749,0.9879,1,2.54,1,3.76,1,3.04,1,3.17,3.54,1.82,2.14,4.53,4.77,39,14
n2_TrackF_r1_F88K_M255A_S1_G17,75,0.7919,0.882,0.9867,0,6.09,0,13.13,0,23.58,0,19.48,27.17,2.22,5.02,5.49,6.41,26,13
n2_TrackF_r1_F88K_M255A_S1_G17,76,0.7896,0.7517,0.9878,1,3.05,1,2.85,0,34.82,0,30.02,37.74,2.63,5.02,4.92,2.5,43,14
n2_TrackF_r1_F88K_M255A_S1_G17,77,0.7885,0.6998,0.987,1,1.91,0,15.34,0,26.31,0,24.17,30.96,1.32,2.83,3.19,2.55,25,10
n2_TrackF_r1_F88K_M255A_S1_G17,78,0.7866,0.826,0.9818,1,3.39,0,12.9,0,25.6,0,17.2,25.12,2.41,3.56,5.26,3.72,38,13
n2_TrackF_r1_F88K_M255A_S1_G17,79,0.7857,0.8388,0.9847,0,5.8,0,10.67,0,23.03,0,19.8,27.76,2.22,3.63,5.18,6.29,25,13
n2_TrackF_r1_F88K_M255A_S1_G17,8,0.82,0.8231,0.9918,1,0.95,0,9.89,0,36.02,0,32.87,40.54,2.34,2.43,1.77,2.08,38,12
n2_TrackF_r1_F88K_M255A_S1_G17,80,0.7827,0.8161,0.9848,0,5.6,0,14.43,0,20.31,0,16.94,25.05,2.86,4.97,7.56,6.81,20,12
n2_TrackF_r1_F88K_M255A_S1_G17,81,0.7816,0.7249,0.9859,1,3.2,1,3.27,1,3.4,1,3.21,4.68,1.7,2.85,4.62,4.14,40,12
n2_TrackF_r1_F88K_M255A_S1_G17,82,0.7808,0.709,0.9862,1,2.37,0,15.31,0,35.86,0,29.01,37.24,1.66,6.96,13.16,2.17,39,13
n2_TrackF_r1_F88K_M255A_S1_G17,83,0.7792,0.6895,0.9832,1,3.37,1,4.1,1,1.77,1,1.3,3.88,1.5,2.2,3.85,3.31,39,11
n2_TrackF_r1_F88K_M255A_S1_G17,84,0.7787,0.6888,0.9847,1,4.02,0,5.11,1,1.35,0,2.74,4.18,2.91,5.41,4.34,5.47,37,12
n2_TrackF_r1_F88K_M255A_S1_G17,85,0.7785,0.7173,0.9838,1,2.72,1,3.67,1,0.91,1,1.88,3.7,2.86,1.66,3.75,4.71,39,12
n2_TrackF_r1_F88K_M255A_S1_G17,86,0.7766,0.7448,0.9858,1,2.47,1,2.22,1,1.87,1,1.95,3.42,2.64,3.55,3.89,4.42,41,13
n2_TrackF_r1_F88K_M255A_S1_G17,87,0.776,0.6989,0.9856,1,3.34,1,4.64,1,1.84,1,2.68,4.22,1.9,3.01,4.57,4.8,39,12
n2_TrackF_r1_F88K_M255A_S1_G17,88,0.7756,0.7997,0.985,0,6.38,0,12.98,0,22.56,0,17.68,25.88,2.01,5.04,6.37,6.32,27,14
n2_TrackF_r1_F88K_M255A_S1_G17,89,0.7751,0.7034,0.984,1,2.76,0,11.62,0,19.25,0,12.93,19.57,2.57,4.54,3.37,1.83,34,11
n2_TrackF_r1_F88K_M255A_S1_G17,9,0.8197,0.8361,0.9895,1,2.12,1,3.69,1,2.26,1,2.47,4.62,1.34,3.05,5.05,4.17,40,11
n2_TrackF_r1_F88K_M255A_S1_G17,90,0.7719,0.7508,0.9786,1,1.71,0,13.62,0,27.86,0,25.53,32.43,2.33,3.69,4.32,2.93,38,15
n2_TrackF_r1_F88K_M255A_S1_G17,91,0.771,0.6926,0.9858,1,3.43,1,2.85,1,2.58,1,2.51,4.93,3.46,5.15,5.4,4.98,34,12
n2_TrackF_r1_F88K_M255A_S1_G17,92,0.7707,0.7008,0.9837,1,3.24,1,2.11,1,0.91,1,2.53,4.39,2.48,2.16,2.88,4.61,42,13
n2_TrackF_r1_F88K_M255A_S1_G17,93,0.7668,0.6434,0.9816,1,3.42,1,2.11,0,26.38,0,23.05,30.57,1.17,2.8,3.23,3.18,39,12
n2_TrackF_r1_F88K_M255A_S1_G17,94,0.7658,0.7561,0.9839,1,3.87,0,12.66,0,12.51,0,8.35,15.64,1.94,4.1,3.51,4.08,39,15
n2_TrackF_r1_F88K_M255A_S1_G17,95,0.7644,0.688,0.981,1,3.62,1,3.98,0,21.32,0,17.85,25.53,2.99,2.93,4.38,4.98,39,10
n2_TrackF_r1_F88K_M255A_S1_G17,96,0.7543,0.6103,0.983,1,0.82,0,6.02,0,36.66,0,32.99,40.6,1.31,2.93,3.69,2.5,43,10
n2_TrackF_r1_F88K_M255A_S1_G17,97,0.754,0.5654,0.9824,1,1.9,0,13.42,0,25.59,0,24.19,31.07,1.67,4.8,4.08,2.34,30,12
n2_TrackF_r1_F88K_M255A_S1_G17,98,0.7376,0.6605,0.9832,1,2.3,0,14.8,0,34.5,0,29.68,38.19,1.96,4.46,2.77,2.34,44,17
n2_TrackF_r1_F88K_M255A_S1_G17,99,0.7344,0.6341,0.9821,1,4.7,0,12.45,0,20.14,0,18.03,25.63,2.35,2.44,2.31,6.34,30,15
n2_TrackF_r1_F88K_M255I_OFF_T_G17,0,0.8557,0.909,0.9906,1,1.95,0,11.28,0,41.72,0,38.38,40.98,2.82,2.13,4.84,2.84,33,12
n2_TrackF_r1_F88K_M255I_OFF_T_G17,1,0.855,0.9149,0.9909,1,1.2,0,9.48,0,37.41,0,36.44,37.54,2.2,5.06,4.19,2.53,28,10
n2_TrackF_r1_F88K_M255I_OFF_T_G17,10,0.8493,0.8947,0.9881,1,1.59,0,13.32,0,37.18,0,35.56,36.83,2.76,4.29,5.17,3.56,29,11
n2_TrackF_r1_F88K_M255I_OFF_T_G17,11,0.8486,0.8963,0.9902,1,1.75,0,13.01,0,37.58,0,36.01,37.94,2.51,5.03,5.76,4.1,29,10
n2_TrackF_r1_F88K_M255I_OFF_T_G17,12,0.8462,0.8751,0.9878,1,4.54,0,10.35,0,35.98,0,35.35,36.53,2.81,4.29,4.62,6.11,29,12
n2_TrackF_r1_F88K_M255I_OFF_T_G17,13,0.8455,0.916,0.9888,1,3.1,0,10.63,0,38.62,0,36.67,38.07,2.68,4.53,4.19,2.74,39,11
n2_TrackF_r1_F88K_M255I_OFF_T_G17,14,0.8452,0.9235,0.9909,1,4.62,0,13.48,0,38.94,0,38.11,39.79,3.94,4.97,5.63,5.13,35,14
n2_TrackF_r1_F88K_M255I_OFF_T_G17,15,0.8444,0.8917,0.9862,1,3.5,0,13.79,0,36.74,0,34.99,36.78,3.02,5.32,4.31,3.47,39,13
n2_TrackF_r1_F88K_M255I_OFF_T_G17,16,0.8431,0.8966,0.9873,1,2.07,0,12.08,0,38.26,0,37.27,38.93,2.22,4.05,4.58,4.25,39,9
n2_TrackF_r1_F88K_M255I_OFF_T_G17,17,0.8431,0.8873,0.9879,0,5.92,0,13.68,0,38.51,0,36.12,38.1,2.33,3.51,4.57,6.47,24,10
n2_TrackF_r1_F88K_M255I_OFF_T_G17,18,0.8428,0.8889,0.9883,1,1.88,0,11.21,0,41.2,0,39.27,41.17,3.35,4.22,5.47,3.79,25,11
n2_TrackF_r1_F88K_M255I_OFF_T_G17,19,0.8426,0.8865,0.9879,1,1.89,0,13.75,0,36.31,0,35.55,36.22,2.95,3.7,4.29,3.7,31,8
n2_TrackF_r1_F88K_M255I_OFF_T_G17,2,0.8531,0.9198,0.9897,1,4.18,0,15.79,0,38.45,0,37.76,39.75,3.43,4.93,8.64,4.47,30,13
n2_TrackF_r1_F88K_M255I_OFF_T_G17,20,0.8422,0.8622,0.9846,1,3.22,0,11.79,0,39.09,0,36.56,38.55,2.78,4.61,3.55,1.64,30,10
n2_TrackF_r1_F88K_M255I_OFF_T_G17,21,0.8413,0.8842,0.9873,1,2.02,0,13.34,0,37.52,0,35.12,37.72,2.05,4.01,4.19,4.36,36,12
n2_TrackF_r1_F88K_M255I_OFF_T_G17,22,0.8406,0.8888,0.986,1,1.51,0,13.73,0,36.71,0,36.57,38.55,2.15,3.47,4.6,4.1,28,10
n2_TrackF_r1_F88K_M255I_OFF_T_G17,23,0.8405,0.8468,0.9849,1,1.99,0,14.06,0,38.47,0,36.76,39.02,3.0,3.14,4.91,3.79,30,11
n2_TrackF_r1_F88K_M255I_OFF_T_G17,24,0.8396,0.8584,0.9888,0,7.21,0,26.96,0,35.69,0,40.51,38.05,2.69,7.2,3.27,6.33,42,12
n2_TrackF_r1_F88K_M255I_OFF_T_G17,25,0.8382,0.9157,0.9889,1,2.33,0,13.99,0,37.62,0,35.73,37.12,3.14,4.57,5.12,5.14,34,11
n2_TrackF_r1_F88K_M255I_OFF_T_G17,26,0.8378,0.8592,0.9876,1,2.76,0,9.99,0,40.29,0,37.58,40.37,1.99,5.04,4.62,1.71,27,10
n2_TrackF_r1_F88K_M255I_OFF_T_G17,27,0.8376,0.865,0.987,1,1.72,0,13.31,0,37.23,0,36.1,37.8,2.55,2.5,5.3,2.14,31,8
n2_TrackF_r1_F88K_M255I_OFF_T_G17,28,0.8375,0.8609,0.9856,0,6.79,0,13.42,0,39.95,0,37.55,39.1,0.65,5.04,4.4,7.13,25,10
n2_TrackF_r1_F88K_M255I_OFF_T_G17,29,0.8368,0.8996,0.9897,1,3.51,0,12.35,0,21.2,0,23.71,27.99,2.5,2.91,2.74,3.84,40,12
n2_TrackF_r1_F88K_M255I_OFF_T_G17,3,0.8526,0.9043,0.9881,1,3.1,0,12.61,1,2.94,0,9.28,9.71,2.32,4.68,3.18,4.28,43,15
n2_TrackF_r1_F88K_M255I_OFF_T_G17,30,0.8363,0.8664,0.9835,0,6.61,0,14.06,0,41.94,0,38.77,41.17,1.57,3.17,5.76,7.67,23,12
n2_TrackF_r1_F88K_M255I_OFF_T_G17,31,0.8362,0.84,0.9858,1,2.06,0,13.93,0,37.75,0,36.14,37.92,2.96,4.64,3.73,2.85,28,11
n2_TrackF_r1_F88K_M255I_OFF_T_G17,32,0.8359,0.8866,0.9905,1,2.49,0,12.82,0,11.35,0,12.61,15.62,3.44,6.03,3.48,3.09,35,14
n2_TrackF_r1_F88K_M255I_OFF_T_G17,33,0.8358,0.8995,0.9881,1,2.41,0,13.23,0,36.62,0,34.8,37.31,1.54,4.5,7.02,2.76,33,12
n2_TrackF_r1_F88K_M255I_OFF_T_G17,34,0.8356,0.8714,0.987,0,5.12,0,13.27,0,37.92,0,35.39,37.05,2.64,5.5,4.36,3.55,26,13
n2_TrackF_r1_F88K_M255I_OFF_T_G17,35,0.8351,0.9001,0.9882,1,2.05,0,13.32,0,35.48,0,34.04,35.42,2.28,4.84,5.4,1.11,34,14
n2_TrackF_r1_F88K_M255I_OFF_T_G17,36,0.8342,0.8836,0.9881,1,2.67,0,10.26,0,39.19,0,36.99,38.83,1.82,5.4,5.74,2.2,35,10
n2_TrackF_r1_F88K_M255I_OFF_T_G17,37,0.8341,0.8761,0.9862,0,6.51,0,18.64,0,38.56,0,38.08,37.23,2.45,3.0,8.53,6.44,42,16
n2_TrackF_r1_F88K_M255I_OFF_T_G17,38,0.8339,0.8724,0.9852,1,2.6,0,12.9,0,34.68,0,32.68,35.33,3.48,3.98,6.99,3.39,35,15
n2_TrackF_r1_F88K_M255I_OFF_T_G17,39,0.8338,0.9009,0.9891,0,5.25,0,16.59,0,42.88,0,41.0,43.26,2.17,6.86,6.62,5.65,27,11
n2_TrackF_r1_F88K_M255I_OFF_T_G17,4,0.8525,0.9207,0.99,1,2.93,0,13.8,0,36.8,0,36.91,38.14,2.04,3.72,5.75,1.67,34,14
n2_TrackF_r1_F88K_M255I_OFF_T_G17,40,0.833,0.8429,0.9852,0,6.24,0,12.4,0,41.74,0,39.38,41.15,2.5,5.31,6.0,7.36,19,10
n2_TrackF_r1_F88K_M255I_OFF_T_G17,41,0.8319,0.8717,0.9885,1,2.43,0,13.0,0,39.01,0,37.31,38.78,1.79,5.18,6.7,1.43,29,11
n2_TrackF_r1_F88K_M255I_OFF_T_G17,42,0.8313,0.9142,0.9906,1,2.04,0,14.28,0,36.05,0,34.82,36.92,1.53,4.15,5.19,4.28,35,12
n2_TrackF_r1_F88K_M255I_OFF_T_G17,43,0.8309,0.9329,0.9918,1,1.72,0,13.38,0,39.06,0,36.17,41.49,2.56,1.85,4.56,2.87,44,12
n2_TrackF_r1_F88K_M255I_OFF_T_G17,44,0.8301,0.8849,0.985,1,4.9,0,18.41,0,38.84,0,37.13,37.76,1.73,2.49,8.72,5.08,42,18
n2_TrackF_r1_F88K_M255I_OFF_T_G17,45,0.8298,0.8967,0.9878,1,3.66,0,13.79,1,2.62,0,10.18,6.32,2.28,5.17,5.26,5.26,38,15
n2_TrackF_r1_F88K_M255I_OFF_T_G17,46,0.8294,0.8973,0.9888,0,5.04,0,12.56,0,37.89,0,36.15,38.44,4.31,4.93,5.79,4.59,25,10
n2_TrackF_r1_F88K_M255I_OFF_T_G17,47,0.8289,0.8855,0.9849,0,7.0,0,14.84,0,40.09,0,38.34,39.82,1.89,2.86,4.76,7.19,27,12
n2_TrackF_r1_F88K_M255I_OFF_T_G17,48,0.8283,0.8538,0.9842,0,11.07,0,15.21,0,21.37,0,21.88,26.55,7.44,2.45,2.88,8.94,15,11
n2_TrackF_r1_F88K_M255I_OFF_T_G17,49,0.8283,0.8643,0.9872,1,2.62,0,13.55,0,35.66,0,34.78,35.99,1.76,2.17,4.53,1.14,32,12
n2_TrackF_r1_F88K_M255I_OFF_T_G17,5,0.8513,0.9165,0.9896,1,1.47,0,10.45,0,37.19,0,35.89,37.34,3.29,4.63,3.99,3.51,31,12
n2_TrackF_r1_F88K_M255I_OFF_T_G17,50,0.8279,0.8624,0.9856,1,1.55,0,11.33,0,38.51,0,36.53,39.18,2.74,4.04,4.43,2.72,42,11
n2_TrackF_r1_F88K_M255I_OFF_T_G17,51,0.8273,0.8161,0.9839,1,1.76,0,10.95,0,38.72,0,36.86,38.84,2.31,4.15,3.51,2.42,35,9
n2_TrackF_r1_F88K_M255I_OFF_T_G17,52,0.8267,0.8398,0.9824,1,2.11,0,10.55,0,39.31,0,37.12,38.62,2.26,5.03,4.97,3.11,27,11
n2_TrackF_r1_F88K_M255I_OFF_T_G17,53,0.8262,0.8614,0.9866,0,7.99,0,17.69,0,45.76,0,42.04,48.48,3.43,5.73,2.75,7.26,17,11
n2_TrackF_r1_F88K_M255I_OFF_T_G17,54,0.826,0.8852,0.9869,0,6.97,0,15.04,0,33.09,0,31.76,37.02,2.33,2.83,3.15,6.71,27,10
n2_TrackF_r1_F88K_M255I_OFF_T_G17,55,0.8252,0.906,0.9885,0,6.29,0,14.66,0,39.46,0,36.82,38.45,2.02,5.9,4.32,5.85,25,11
n2_TrackF_r1_F88K_M255I_OFF_T_G17,56,0.8244,0.8434,0.9848,0,12.53,0,19.56,0,40.94,0,39.25,45.17,4.35,6.37,3.94,13.29,15,9
n2_TrackF_r1_F88K_M255I_OFF_T_G17,57,0.824,0.8821,0.9868,1,2.73,0,11.15,0,36.25,0,34.62,36.65,2.46,3.29,2.72,5.56,27,11
n2_TrackF_r1_F88K_M255I_OFF_T_G17,58,0.824,0.8603,0.9883,1,2.51,0,11.13,0,36.83,0,36.01,36.62,2.91,3.27,4.95,1.92,31,11
n2_TrackF_r1_F88K_M255I_OFF_T_G17,59,0.8236,0.8409,0.9827,0,6.59,0,12.93,0,39.91,0,36.81,38.38,2.56,3.57,4.15,7.1,26,11
n2_TrackF_r1_F88K_M255I_OFF_T_G17,6,0.8504,0.8809,0.9881,1,1.38,0,12.69,0,39.75,0,37.54,39.27,2.85,2.48,4.98,4.12,33,10
n2_TrackF_r1_F88K_M255I_OFF_T_G17,60,0.8235,0.9118,0.9892,1,4.62,0,10.35,0,36.24,0,34.82,36.43,2.19,2.9,5.43,6.39,27,11
n2_TrackF_r1_F88K_M255I_OFF_T_G17,61,0.8227,0.8547,0.9838,0,7.21,0,21.02,0,27.6,0,25.81,31.65,3.02,2.43,6.73,6.5,38,12
n2_TrackF_r1_F88K_M255I_OFF_T_G17,62,0.8212,0.9066,0.9848,0,7.46,0,16.14,0,27.52,0,24.32,29.72,3.24,2.88,5.62,8.28,26,13
n2_TrackF_r1_F88K_M255I_OFF_T_G17,63,0.8212,0.8909,0.9895,1,2.83,0,11.77,0,24.28,0,24.52,28.65,2.58,2.8,5.68,3.8,30,12
n2_TrackF_r1_F88K_M255I_OFF_T_G17,64,0.8207,0.8949,0.9856,0,5.46,0,11.24,0,27.09,0,23.69,30.07,1.43,2.77,4.34,5.5,35,13
n2_TrackF_r1_F88K_M255I_OFF_T_G17,65,0.8197,0.8436,0.9846,1,2.02,0,14.19,0,36.46,0,35.38,36.08,2.8,4.18,4.25,3.48,31,11
n2_TrackF_r1_F88K_M255I_OFF_T_G17,66,0.8178,0.817,0.9823,1,1.75,0,13.36,0,34.44,0,33.94,34.54,1.36,3.76,4.7,2.48,27,9
n2_TrackF_r1_F88K_M255I_OFF_T_G17,67,0.8177,0.8299,0.9847,0,6.48,0,14.51,0,35.72,0,33.6,35.43,2.46,3.64,2.69,7.25,25,14
n2_TrackF_r1_F88K_M255I_OFF_T_G17,68,0.8176,0.9242,0.9902,1,1.93,0,12.18,0,44.45,0,37.89,45.84,1.86,2.62,4.16,3.04,38,11
n2_TrackF_r1_F88K_M255I_OFF_T_G17,69,0.8155,0.8569,0.9863,1,4.37,0,10.72,0,30.55,0,27.47,31.66,2.9,5.12,3.44,4.26,37,10
n2_TrackF_r1_F88K_M255I_OFF_T_G17,7,0.8499,0.9283,0.9908,1,1.75,0,13.27,0,37.65,0,36.04,38.25,2.37,3.79,5.47,3.66,40,11
n2_TrackF_r1_F88K_M255I_OFF_T_G17,70,0.8155,0.8421,0.9864,1,2.02,0,13.01,0,35.5,0,34.48,36.11,2.26,3.98,3.3,3.74,37,12
n2_TrackF_r1_F88K_M255I_OFF_T_G17,71,0.8148,0.9408,0.9916,1,3.32,0,23.45,0,22.86,0,15.79,22.2,0.8,5.63,12.82,3.75,31,11
n2_TrackF_r1_F88K_M255I_OFF_T_G17,72,0.8144,0.8344,0.9849,1,1.59,0,11.53,0,37.15,0,34.56,36.79,3.12,4.37,5.47,2.68,32,12
n2_TrackF_r1_F88K_M255I_OFF_T_G17,73,0.8144,0.9012,0.9876,0,6.02,0,14.07,0,43.11,0,40.2,42.29,2.02,4.25,5.48,6.37,25,11
n2_TrackF_r1_F88K_M255I_OFF_T_G17,74,0.8143,0.895,0.9892,1,1.33,0,9.81,0,35.37,0,34.52,35.91,3.18,4.37,3.94,3.43,34,11
n2_TrackF_r1_F88K_M255I_OFF_T_G17,75,0.8142,0.8009,0.9804,1,3.0,0,14.33,0,36.36,0,34.61,36.94,2.72,2.33,4.65,2.1,32,10
n2_TrackF_r1_F88K_M255I_OFF_T_G17,76,0.8137,0.8857,0.9843,0,6.42,0,14.99,0,40.71,0,38.22,40.25,2.98,4.46,5.25,6.43,28,10
n2_TrackF_r1_F88K_M255I_OFF_T_G17,77,0.8132,0.8822,0.985,0,7.05,0,14.94,0,39.92,0,37.45,39.05,2.1,4.8,4.89,6.13,29,12
n2_TrackF_r1_F88K_M255I_OFF_T_G17,78,0.813,0.8532,0.9819,0,8.12,0,13.87,0,36.24,0,35.91,35.61,2.33,3.37,2.98,8.39,28,10
n2_TrackF_r1_F88K_M255I_OFF_T_G17,79,0.8128,0.9053,0.9888,1,3.28,0,9.4,0,17.88,0,14.19,19.7,2.17,2.08,3.1,3.65,39,13
n2_TrackF_r1_F88K_M255I_OFF_T_G17,8,0.8495,0.8638,0.9842,0,8.21,0,15.01,0,42.41,0,37.83,44.05,4.27,4.68,3.49,7.51,22,9
n2_TrackF_r1_F88K_M255I_OFF_T_G17,80,0.8102,0.892,0.9859,0,6.12,0,12.97,0,34.85,0,32.98,34.11,2.3,5.29,3.69,6.96,22,12
n2_TrackF_r1_F88K_M255I_OFF_T_G17,81,0.8096,0.8355,0.9839,1,2.71,0,13.31,0,35.02,0,34.45,36.03,3.38,4.19,7.49,3.94,32,10
n2_TrackF_r1_F88K_M255I_OFF_T_G17,82,0.8068,0.8479,0.9816,1,2.3,0,14.21,0,37.03,0,35.99,37.55,3.25,4.67,4.98,1.77,34,9
n2_TrackF_r1_F88K_M255I_OFF_T_G17,83,0.8038,0.9001,0.9872,1,3.38,0,12.37,0,26.16,0,19.88,26.29,1.55,3.58,3.57,4.68,37,15
n2_TrackF_r1_F88K_M255I_OFF_T_G17,84,0.8034,0.8209,0.9882,1,2.12,0,12.29,0,18.03,0,21.65,23.89,1.68,3.68,4.16,3.94,29,10
n2_TrackF_r1_F88K_M255I_OFF_T_G17,85,0.8017,0.8917,0.9837,1,3.96,0,8.14,0,15.61,0,13.61,18.72,2.65,2.11,3.07,3.82,45,17
n2_TrackF_r1_F88K_M255I_OFF_T_G17,86,0.8002,0.8025,0.9849,1,2.55,0,12.99,0,36.2,0,34.8,35.32,2.05,2.29,4.17,1.1,32,9
n2_TrackF_r1_F88K_M255I_OFF_T_G17,87,0.7994,0.7732,0.9854,0,9.16,0,22.0,0,48.36,0,51.15,49.15,2.8,2.95,4.08,7.3,36,13
n2_TrackF_r1_F88K_M255I_OFF_T_G17,88,0.7976,0.8653,0.9853,0,8.18,0,22.17,0,27.69,0,24.62,29.2,2.98,2.68,2.96,5.74,45,18
n2_TrackF_r1_F88K_M255I_OFF_T_G17,89,0.7941,0.7824,0.9844,1,2.03,0,13.01,0,38.12,0,36.78,38.99,3.24,4.37,7.09,4.25,29,8
n2_TrackF_r1_F88K_M255I_OFF_T_G17,9,0.8494,0.9047,0.9871,1,1.67,0,12.58,0,37.6,0,36.59,37.02,2.22,5.26,2.53,3.19,30,10
n2_TrackF_r1_F88K_M255I_OFF_T_G17,90,0.7935,0.8113,0.9867,1,4.17,0,11.94,0,39.08,0,37.91,39.23,3.25,5.6,6.5,3.53,25,9
n2_TrackF_r1_F88K_M255I_OFF_T_G17,91,0.7924,0.8033,0.9854,1,3.76,0,25.12,0,22.19,0,25.28,27.53,2.27,2.2,5.87,4.11,25,8
n2_TrackF_r1_F88K_M255I_OFF_T_G17,92,0.7919,0.7747,0.9814,1,3.99,0,8.79,0,26.77,0,21.47,27.3,2.07,3.48,3.49,4.5,46,16
n2_TrackF_r1_F88K_M255I_OFF_T_G17,93,0.7894,0.7835,0.9844,0,11.94,0,15.95,0,42.86,0,40.01,46.04,2.51,1.13,3.58,12.75,14,10
n2_TrackF_r1_F88K_M255I_OFF_T_G17,94,0.786,0.803,0.9851,0,6.69,0,13.72,0,37.75,0,35.71,37.05,2.65,4.24,3.98,7.57,19,11
n2_TrackF_r1_F88K_M255I_OFF_T_G17,95,0.7852,0.7038,0.9815,0,6.6,0,16.41,0,42.19,0,38.98,40.87,2.22,3.71,3.99,6.66,27,12
n2_TrackF_r1_F88K_M255I_OFF_T_G17,96,0.7817,0.7362,0.9828,1,3.52,0,10.37,0,27.77,0,26.94,27.79,2.72,3.76,5.8,4.32,34,12
n2_TrackF_r1_F88K_M255I_OFF_T_G17,97,0.7736,0.7733,0.9832,0,5.31,0,9.16,0,23.86,0,21.28,27.07,1.8,4.37,3.72,5.18,28,11
n2_TrackF_r1_F88K_M255I_OFF_T_G17,98,0.7663,0.7587,0.9844,0,5.44,0,14.06,0,23.4,0,15.64,22.19,1.8,6.06,2.51,5.43,25,10
n2_TrackF_r1_F88K_M255I_OFF_T_G17,99,0.7443,0.5935,0.9797,1,1.68,0,10.63,0,39.58,0,36.93,39.09,2.95,5.48,4.59,1.98,27,9
n2_TrackF_r1_F88K_M255I_S1_G17,0,0.8415,0.8276,0.9878,1,2.98,0,16.23,0,36.24,0,27.49,34.86,1.09,3.71,10.47,2.58,54,13
n2_TrackF_r1_F88K_M255I_S1_G17,1,0.832,0.8194,0.9875,1,1.97,0,17.46,0,36.82,0,28.8,36.42,1.91,2.67,9.43,1.24,56,13
n2_TrackF_r1_F88K_M255I_S1_G17,10,0.8181,0.8362,0.9903,1,4.41,1,3.32,1,1.8,1,4.44,4.12,2.81,2.79,5.54,5.56,35,11
n2_TrackF_r1_F88K_M255I_S1_G17,11,0.8178,0.9017,0.9903,0,5.9,0,23.15,0,22.16,0,13.28,20.38,2.12,2.42,4.59,6.64,27,13
n2_TrackF_r1_F88K_M255I_S1_G17,12,0.8168,0.7679,0.9864,1,2.33,0,14.26,0,37.12,0,27.26,34.97,2.41,7.03,11.87,1.79,46,12
n2_TrackF_r1_F88K_M255I_S1_G17,13,0.8163,0.896,0.9918,1,1.01,0,16.33,0,38.9,0,29.04,37.14,1.87,5.57,7.47,2.19,49,18
n2_TrackF_r1_F88K_M255I_S1_G17,14,0.8162,0.8101,0.9875,1,4.35,1,3.01,1,2.77,1,3.32,3.12,2.12,2.09,3.8,5.28,38,13
n2_TrackF_r1_F88K_M255I_S1_G17,15,0.8156,0.7926,0.9874,1,2.46,0,14.78,0,34.55,0,27.92,35.66,1.38,7.58,12.23,2.66,41,12
n2_TrackF_r1_F88K_M255I_S1_G17,16,0.815,0.7659,0.9853,1,2.43,0,12.37,0,21.14,0,11.68,18.8,2.76,4.07,3.36,3.05,29,11
n2_TrackF_r1_F88K_M255I_S1_G17,17,0.8144,0.7827,0.9866,1,1.59,0,16.82,0,37.85,0,30.12,37.43,1.23,3.06,10.81,2.55,57,13
n2_TrackF_r1_F88K_M255I_S1_G17,18,0.8143,0.9142,0.99,0,6.52,0,5.28,0,25.99,0,25.85,29.09,2.4,5.27,5.95,5.62,25,12
n2_TrackF_r1_F88K_M255I_S1_G17,19,0.8142,0.9211,0.9889,1,1.77,0,15.42,0,30.19,0,21.74,29.22,0.94,5.29,4.18,3.1,35,14
n2_TrackF_r1_F88K_M255I_S1_G17,2,0.8288,0.8313,0.9877,1,3.0,1,2.49,1,4.48,1,2.63,3.04,0.8,2.1,4.77,3.36,47,14
n2_TrackF_r1_F88K_M255I_S1_G17,20,0.8132,0.7927,0.9831,1,2.77,1,3.52,1,3.58,1,1.94,3.06,2.63,3.92,5.45,4.47,44,14
n2_TrackF_r1_F88K_M255I_S1_G17,21,0.8119,0.8071,0.9875,1,3.44,1,2.46,1,2.16,1,2.79,3.04,2.66,1.19,4.8,5.37,35,11
n2_TrackF_r1_F88K_M255I_S1_G17,22,0.8113,0.8135,0.9878,1,3.57,0,5.61,1,3.16,0,2.91,5.27,1.58,2.35,4.92,4.61,41,12
n2_TrackF_r1_F88K_M255I_S1_G17,23,0.8108,0.7826,0.985,1,2.95,1,3.01,1,3.54,1,3.41,2.92,1.77,3.02,4.55,4.13,41,12
n2_TrackF_r1_F88K_M255I_S1_G17,24,0.8108,0.7887,0.9876,1,1.66,1,3.84,1,2.4,1,1.92,2.16,1.1,2.35,3.29,3.32,40,13
n2_TrackF_r1_F88K_M255I_S1_G17,25,0.81,0.8109,0.9909,1,1.72,1,3.52,0,40.25,0,31.21,38.31,0.91,3.81,5.04,2.07,43,13
n2_TrackF_r1_F88K_M255I_S1_G17,26,0.8099,0.7858,0.987,1,2.48,1,3.65,1,0.71,1,3.39,5.56,1.74,3.24,3.56,4.59,43,12
n2_TrackF_r1_F88K_M255I_S1_G17,27,0.8093,0.8102,0.9887,1,2.61,1,2.94,1,3.57,1,2.29,3.77,3.35,4.31,3.62,4.95,42,14
n2_TrackF_r1_F88K_M255I_S1_G17,28,0.8089,0.835,0.9911,1,2.15,1,3.28,0,38.97,0,31.4,39.23,1.91,4.29,4.1,2.05,47,13
n2_TrackF_r1_F88K_M255I_S1_G17,29,0.8086,0.7894,0.988,1,2.45,0,16.62,0,37.89,0,29.13,36.99,2.55,6.07,9.62,2.65,46,13
n2_TrackF_r1_F88K_M255I_S1_G17,3,0.8247,0.9315,0.9895,1,2.75,0,11.5,0,38.97,0,30.22,37.03,3.67,5.1,3.96,1.6,41,16
n2_TrackF_r1_F88K_M255I_S1_G17,30,0.8082,0.8118,0.9873,1,2.56,1,3.44,1,3.24,1,3.79,3.12,1.68,2.49,6.02,4.59,37,13
n2_TrackF_r1_F88K_M255I_S1_G17,31,0.808,0.8477,0.9843,1,3.05,0,15.64,0,32.03,0,24.84,31.51,1.08,5.76,4.64,2.0,35,15
n2_TrackF_r1_F88K_M255I_S1_G17,32,0.8065,0.8159,0.9883,1,2.74,1,4.06,1,3.27,1,2.84,3.32,1.78,2.34,4.94,5.28,34,12
n2_TrackF_r1_F88K_M255I_S1_G17,33,0.8063,0.7735,0.9861,1,3.36,1,3.39,0,7.39,0,2.73,4.13,1.58,2.33,4.28,5.15,37,13
n2_TrackF_r1_F88K_M255I_S1_G17,34,0.8061,0.7726,0.9847,1,3.02,1,4.3,1,1.32,1,7.65,7.1,1.54,3.81,3.99,4.21,38,14
n2_TrackF_r1_F88K_M255I_S1_G17,35,0.806,0.754,0.9861,1,3.19,1,4.2,1,2.45,1,2.11,4.06,3.38,4.94,5.24,5.15,40,13
n2_TrackF_r1_F88K_M255I_S1_G17,36,0.8053,0.8063,0.9891,1,3.18,1,3.04,1,4.69,1,3.03,2.67,2.23,3.24,5.36,4.89,34,14
n2_TrackF_r1_F88K_M255I_S1_G17,37,0.8046,0.8934,0.9875,1,3.55,0,15.04,0,33.65,0,24.2,31.44,1.24,4.48,5.09,2.51,36,14
n2_TrackF_r1_F88K_M255I_S1_G17,38,0.8044,0.7985,0.9883,1,2.64,1,3.18,1,2.07,1,1.57,2.29,2.03,3.81,5.01,4.96,36,13
n2_TrackF_r1_F88K_M255I_S1_G17,39,0.8038,0.9283,0.9917,1,1.82,0,12.86,0,32.53,0,25.2,32.99,2.93,3.81,5.07,2.63,37,17
n2_TrackF_r1_F88K_M255I_S1_G17,4,0.8242,0.8085,0.9868,1,2.89,1,4.01,1,2.67,1,2.67,4.52,1.55,2.06,4.73,4.29,41,14
n2_TrackF_r1_F88K_M255I_S1_G17,40,0.8028,0.8068,0.9875,1,3.65,1,2.76,1,3.43,1,3.3,2.17,1.57,3.41,4.34,4.69,43,13
n2_TrackF_r1_F88K_M255I_S1_G17,41,0.8026,0.7998,0.9815,0,5.5,0,9.69,1,2.94,0,3.28,3.02,1.99,2.64,2.44,2.87,47,15
n2_TrackF_r1_F88K_M255I_S1_G17,42,0.8025,0.7887,0.9865,1,2.67,1,3.49,1,2.71,1,3.9,2.65,1.87,4.29,4.34,4.36,42,12
n2_TrackF_r1_F88K_M255I_S1_G17,43,0.8019,0.9033,0.99,1,2.42,0,14.79,0,37.79,0,29.82,37.65,1.91,3.89,3.21,2.51,44,14
n2_TrackF_r1_F88K_M255I_S1_G17,44,0.8018,0.7807,0.9874,1,3.38,1,3.01,1,2.27,1,3.64,3.69,2.01,1.42,5.4,4.95,37,12
n2_TrackF_r1_F88K_M255I_S1_G17,45,0.8015,0.8816,0.9867,1,4.86,0,14.58,0,24.96,0,16.74,23.64,2.86,4.07,3.62,6.51,37,12
n2_TrackF_r1_F88K_M255I_S1_G17,46,0.8002,0.779,0.9865,1,2.9,1,2.72,0,5.18,0,3.11,3.42,2.43,4.07,3.92,4.6,38,12
n2_TrackF_r1_F88K_M255I_S1_G17,47,0.8,0.7759,0.9859,1,2.78,1,3.38,1,3.47,1,3.79,4.1,2.66,2.51,4.3,4.44,52,15
n2_TrackF_r1_F88K_M255I_S1_G17,48,0.7999,0.9043,0.9876,0,6.4,0,13.45,0,27.02,0,17.88,25.49,1.63,1.95,2.61,7.47,33,18
n2_TrackF_r1_F88K_M255I_S1_G17,49,0.7998,0.7884,0.9856,1,2.87,1,3.66,1,1.71,1,5.91,6.66,1.65,3.34,5.63,3.82,43,14
n2_TrackF_r1_F88K_M255I_S1_G17,5,0.8228,0.8111,0.9891,1,2.61,1,3.18,1,2.06,1,3.71,5.05,0.24,3.5,4.18,4.58,38,12
n2_TrackF_r1_F88K_M255I_S1_G17,50,0.7993,0.7467,0.9848,1,2.97,1,3.67,1,1.56,1,2.54,3.9,1.65,1.97,4.61,4.33,42,14
n2_TrackF_r1_F88K_M255I_S1_G17,51,0.7985,0.7896,0.9865,1,3.4,1,3.64,1,1.27,1,3.07,6.88,2.29,2.57,4.39,4.56,45,12
n2_TrackF_r1_F88K_M255I_S1_G17,52,0.798,0.8127,0.9899,1,3.46,1,2.67,1,1.85,1,2.44,3.39,1.73,3.22,3.29,5.37,43,13
n2_TrackF_r1_F88K_M255I_S1_G17,53,0.7977,0.7754,0.985,1,2.95,1,3.41,1,0.73,1,3.52,3.18,1.71,3.88,4.37,4.73,48,14
n2_TrackF_r1_F88K_M255I_S1_G17,54,0.7973,0.8069,0.9895,0,5.55,1,3.27,0,31.19,0,25.03,31.29,2.78,3.01,4.72,6.46,37,15
n2_TrackF_r1_F88K_M255I_S1_G17,55,0.7972,0.7921,0.9877,1,2.48,1,3.24,1,2.25,1,2.92,3.53,1.79,3.53,4.32,4.19,48,12
n2_TrackF_r1_F88K_M255I_S1_G17,56,0.7962,0.8774,0.9876,1,4.74,0,11.89,0,21.9,0,14.16,21.53,2.63,3.96,3.92,5.96,36,17
n2_TrackF_r1_F88K_M255I_S1_G17,57,0.795,0.8396,0.9867,0,6.35,0,6.69,0,29.96,0,31.64,32.28,2.51,4.73,5.0,7.0,28,12
n2_TrackF_r1_F88K_M255I_S1_G17,58,0.7946,0.7747,0.9875,1,4.09,1,4.25,1,4.31,1,2.76,3.72,2.78,2.1,4.35,5.88,48,14
n2_TrackF_r1_F88K_M255I_S1_G17,59,0.7932,0.75,0.9864,1,3.05,1,4.3,1,1.74,1,3.43,4.42,0.72,3.43,5.0,4.37,42,13
n2_TrackF_r1_F88K_M255I_S1_G17,6,0.8228,0.8105,0.9884,1,4.11,0,5.31,1,1.69,0,3.09,3.39,1.58,3.94,5.78,4.28,35,14
n2_TrackF_r1_F88K_M255I_S1_G17,60,0.793,0.7765,0.9866,1,1.9,1,1.98,1,3.2,1,3.64,4.18,1.6,3.51,4.85,4.59,47,14
n2_TrackF_r1_F88K_M255I_S1_G17,61,0.7929,0.7624,0.9853,1,3.36,1,2.46,1,3.58,1,3.31,6.68,1.38,2.01,3.48,3.89,42,14
n2_TrackF_r1_F88K_M255I_S1_G17,62,0.7927,0.7697,0.9869,1,2.86,1,3.72,1,1.18,1,2.14,4.26,2.22,3.14,4.93,4.63,40,12
n2_TrackF_r1_F88K_M255I_S1_G17,63,0.7926,0.7502,0.9846,1,3.05,1,1.7,1,2.57,1,3.61,4.76,1.47,2.68,3.36,4.08,40,12
n2_TrackF_r1_F88K_M255I_S1_G17,64,0.7919,0.7561,0.9869,1,2.91,1,2.34,1,1.39,1,5.85,5.47,2.99,2.46,4.35,5.05,41,13
n2_TrackF_r1_F88K_M255I_S1_G17,65,0.7917,0.7675,0.9861,1,3.45,1,3.95,1,1.54,1,3.72,3.31,3.12,5.2,4.86,4.93,41,13
n2_TrackF_r1_F88K_M255I_S1_G17,66,0.7917,0.6779,0.9817,1,2.24,0,15.28,0,42.08,0,31.28,38.95,2.04,7.0,12.21,1.88,40,12
n2_TrackF_r1_F88K_M255I_S1_G17,67,0.7907,0.719,0.9844,1,2.82,0,10.55,0,21.25,0,12.55,19.52,2.58,4.31,2.97,3.32,22,10
n2_TrackF_r1_F88K_M255I_S1_G17,68,0.7903,0.7626,0.9823,1,1.92,0,15.1,0,40.55,0,30.8,38.58,3.22,6.46,5.84,2.83,56,18
n2_TrackF_r1_F88K_M255I_S1_G17,69,0.7897,0.7672,0.9866,1,2.98,1,2.94,1,2.48,1,2.64,3.23,2.33,2.64,4.63,3.96,41,13
n2_TrackF_r1_F88K_M255I_S1_G17,7,0.822,0.8264,0.9879,1,1.86,0,16.95,0,35.89,0,27.59,35.37,1.53,4.47,9.34,2.15,45,11
n2_TrackF_r1_F88K_M255I_S1_G17,70,0.7881,0.7452,0.9843,1,3.35,1,3.02,1,3.4,1,1.64,3.76,2.22,3.91,4.12,4.69,42,13
n2_TrackF_r1_F88K_M255I_S1_G17,71,0.7872,0.7093,0.9844,1,2.39,1,4.31,1,4.78,1,3.25,3.81,2.52,4.77,4.52,3.93,38,11
n2_TrackF_r1_F88K_M255I_S1_G17,72,0.7871,0.7281,0.988,1,1.09,0,11.08,0,40.6,0,31.24,38.56,2.92,3.56,3.23,2.65,36,11
n2_TrackF_r1_F88K_M255I_S1_G17,73,0.787,0.7385,0.9866,1,2.42,1,2.63,1,3.94,1,3.15,2.24,1.84,1.85,4.46,4.75,41,11
n2_TrackF_r1_F88K_M255I_S1_G17,74,0.7866,0.7938,0.9834,1,4.32,1,3.89,1,2.97,1,3.45,2.08,1.86,3.13,5.31,5.23,49,17
n2_TrackF_r1_F88K_M255I_S1_G17,75,0.7864,0.8164,0.9843,1,3.36,0,19.96,0,19.55,0,11.3,17.9,2.1,3.53,6.37,5.37,32,13
n2_TrackF_r1_F88K_M255I_S1_G17,76,0.7854,0.7642,0.9828,1,1.81,0,15.65,0,39.6,0,29.77,37.44,1.98,4.74,8.02,2.58,54,19
n2_TrackF_r1_F88K_M255I_S1_G17,77,0.7851,0.74,0.9855,1,3.01,1,3.43,1,3.09,1,4.39,2.78,2.44,3.46,4.94,5.62,41,14
n2_TrackF_r1_F88K_M255I_S1_G17,78,0.7845,0.7295,0.9843,1,3.15,1,4.0,1,2.07,1,2.19,2.66,2.15,1.69,4.62,5.01,40,12
n2_TrackF_r1_F88K_M255I_S1_G17,79,0.7832,0.7361,0.9852,1,1.42,0,19.29,0,33.78,0,25.29,32.59,0.93,2.47,4.99,2.32,36,13
n2_TrackF_r1_F88K_M255I_S1_G17,8,0.8195,0.8216,0.9877,1,2.77,1,2.69,0,7.11,0,2.89,3.23,2.85,2.29,4.74,4.9,34,13
n2_TrackF_r1_F88K_M255I_S1_G17,80,0.7826,0.6822,0.9833,1,2.0,0,15.03,0,39.21,0,28.19,35.86,1.27,5.63,11.79,1.91,43,12
n2_TrackF_r1_F88K_M255I_S1_G17,81,0.7758,0.8448,0.9885,1,3.67,0,10.37,1,2.15,0,2.88,4.92,0.83,2.4,2.42,3.3,39,17
n2_TrackF_r1_F88K_M255I_S1_G17,82,0.7757,0.6762,0.9822,0,5.74,1,4.46,0,5.09,0,3.16,2.72,2.47,3.12,4.35,5.6,33,12
n2_TrackF_r1_F88K_M255I_S1_G17,83,0.7752,0.6711,0.9825,1,1.27,0,15.66,0,37.36,0,27.67,35.69,2.04,3.17,8.26,1.58,41,11
n2_TrackF_r1_F88K_M255I_S1_G17,84,0.775,0.6327,0.9808,1,1.16,0,14.02,0,36.99,0,27.61,34.74,1.58,6.39,10.5,1.98,42,12
n2_TrackF_r1_F88K_M255I_S1_G17,85,0.7743,0.7029,0.9841,1,2.41,1,2.77,1,2.56,1,1.66,3.76,2.67,2.78,4.27,3.48,41,14
n2_TrackF_r1_F88K_M255I_S1_G17,86,0.7741,0.6932,0.984,1,2.45,1,4.04,1,4.39,1,2.79,2.63,3.09,2.31,4.57,4.36,42,14
n2_TrackF_r1_F88K_M255I_S1_G17,87,0.7704,0.7734,0.9795,1,4.5,0,13.66,0,26.72,0,15.96,25.27,2.36,4.48,3.76,4.27,44,13
n2_TrackF_r1_F88K_M255I_S1_G17,88,0.7688,0.7715,0.9832,1,4.49,0,11.26,1,4.75,0,3.33,2.45,1.4,2.44,2.06,4.34,45,17
n2_TrackF_r1_F88K_M255I_S1_G17,89,0.7663,0.6159,0.982,1,2.32,0,14.49,0,39.45,0,28.84,36.74,1.45,6.96,12.62,2.6,39,12
n2_TrackF_r1_F88K_M255I_S1_G17,9,0.8182,0.9136,0.9894,1,3.48,0,11.9,0,28.01,0,17.97,25.36,1.63,4.99,5.21,3.61,30,17
n2_TrackF_r1_F88K_M255I_S1_G17,90,0.7574,0.6931,0.984,1,1.84,0,13.67,0,39.93,0,28.95,36.91,3.86,5.97,6.94,1.2,55,17
n2_TrackF_r1_F88K_M255I_S1_G17,91,0.7555,0.6786,0.9776,0,5.97,0,8.93,1,2.44,0,5.2,3.41,1.93,3.4,2.47,5.81,49,20
n2_TrackF_r1_F88K_M255I_S1_G17,92,0.7534,0.6759,0.9762,1,1.99,0,14.18,0,39.88,0,30.69,38.33,3.09,5.02,6.7,1.98,53,17
n2_TrackF_r1_F88K_M255I_S1_G17,93,0.7499,0.5503,0.9769,1,2.21,1,2.77,0,41.59,0,31.79,39.7,0.85,3.6,5.34,1.62,39,14
n2_TrackF_r1_F88K_M255I_S1_G17,94,0.7451,0.7281,0.9838,1,2.79,0,13.27,0,38.96,0,30.52,37.95,2.77,1.53,5.01,1.96,47,17
n2_TrackF_r1_F88K_M255I_S1_G17,95,0.7287,0.5123,0.977,1,2.1,0,13.8,0,21.31,0,12.28,18.8,2.9,3.7,5.34,3.05,29,9
n2_TrackF_r1_F88K_M255I_S1_G17,96,0.7244,0.4791,0.9728,1,2.58,0,15.45,0,21.13,0,12.18,18.6,2.63,4.51,3.92,2.7,26,12
n2_TrackF_r1_F88K_M255I_S1_G17,97,0.7228,0.5638,0.9756,1,2.73,0,15.6,0,39.28,0,30.7,38.75,4.46,4.11,4.39,1.82,47,16
n2_TrackF_r1_F88K_M255I_S1_G17,98,0.7216,0.4728,0.9761,0,6.34,0,12.95,0,17.61,0,10.24,17.06,2.62,2.55,2.6,6.55,32,15
n2_TrackF_r1_F88K_M255I_S1_G17,99,0.6978,0.4965,0.9825,1,2.29,0,16.05,0,34.4,0,24.33,31.98,2.92,1.92,4.9,1.08,42,16
n2_TrackF_r1_F88K_M255K_OFF_T_G17,0,0.8688,0.936,0.9914,1,3.46,0,13.38,0,36.87,0,36.5,38.32,3.24,4.55,7.02,2.36,28,13
n2_TrackF_r1_F88K_M255K_OFF_T_G17,1,0.8611,0.9189,0.9911,1,3.14,0,11.24,0,38.1,0,35.79,37.7,3.07,5.95,4.96,2.03,29,11
n2_TrackF_r1_F88K_M255K_OFF_T_G17,10,0.8486,0.8826,0.988,1,1.65,0,11.52,0,38.68,0,37.32,38.53,2.43,5.58,5.84,3.97,29,11
n2_TrackF_r1_F88K_M255K_OFF_T_G17,11,0.8478,0.9053,0.9915,1,1.23,0,10.25,0,37.81,0,36.9,38.02,2.48,6.04,5.49,2.06,26,10
n2_TrackF_r1_F88K_M255K_OFF_T_G17,12,0.8467,0.9013,0.9893,1,3.28,0,13.06,0,33.76,0,36.1,36.4,3.13,3.29,3.79,3.7,31,12
n2_TrackF_r1_F88K_M255K_OFF_T_G17,13,0.8459,0.9064,0.9886,1,2.4,0,11.18,0,35.42,0,34.68,35.9,1.73,5.18,4.67,2.86,25,9
n2_TrackF_r1_F88K_M255K_OFF_T_G17,14,0.8456,0.8816,0.9865,1,2.29,0,13.68,0,40.0,0,39.12,40.26,2.99,2.25,4.84,5.01,30,9
n2_TrackF_r1_F88K_M255K_OFF_T_G17,15,0.8451,0.8679,0.9885,1,2.06,0,10.35,0,40.4,0,38.02,40.3,2.41,5.54,4.29,2.06,24,9
n2_TrackF_r1_F88K_M255K_OFF_T_G17,16,0.8442,0.8488,0.9867,1,2.1,0,10.86,0,38.16,0,36.28,38.03,2.12,4.35,4.41,1.8,28,8
n2_TrackF_r1_F88K_M255K_OFF_T_G17,17,0.8432,0.835,0.9847,1,1.98,0,14.13,0,38.89,0,37.85,39.56,2.77,4.16,4.21,3.63,30,10
n2_TrackF_r1_F88K_M255K_OFF_T_G17,18,0.8429,0.9178,0.9902,1,1.81,0,12.25,0,35.75,0,34.06,36.0,2.04,4.7,6.21,1.77,31,12
n2_TrackF_r1_F88K_M255K_OFF_T_G17,19,0.8419,0.883,0.9877,1,1.03,0,12.05,0,40.75,0,39.74,45.23,1.67,4.97,3.11,2.36,36,11
n2_TrackF_r1_F88K_M255K_OFF_T_G17,2,0.8592,0.8752,0.9856,0,7.07,0,13.68,0,39.41,0,38.48,45.18,3.27,4.94,5.26,8.28,20,9
n2_TrackF_r1_F88K_M255K_OFF_T_G17,20,0.8419,0.9104,0.9898,1,3.92,0,12.11,0,39.12,0,38.67,40.17,4.61,5.68,5.83,4.71,32,14
n2_TrackF_r1_F88K_M255K_OFF_T_G17,21,0.8409,0.8915,0.9873,0,6.13,0,16.32,0,41.98,0,40.33,41.92,1.52,5.51,5.93,6.48,21,11
n2_TrackF_r1_F88K_M255K_OFF_T_G17,22,0.8403,0.9215,0.9911,1,1.95,0,14.13,0,37.01,0,36.21,38.17,0.93,4.77,4.85,4.25,30,10
n2_TrackF_r1_F88K_M255K_OFF_T_G17,23,0.8381,0.8676,0.9855,1,1.84,0,12.49,0,38.83,0,37.46,38.51,2.5,5.29,4.09,2.4,27,10
n2_TrackF_r1_F88K_M255K_OFF_T_G17,24,0.8372,0.9112,0.9894,1,2.09,0,11.21,0,40.2,0,38.78,40.42,2.83,3.53,5.14,5.57,25,9
n2_TrackF_r1_F88K_M255K_OFF_T_G17,25,0.8365,0.8906,0.9894,0,5.14,0,13.54,0,43.46,0,41.43,43.38,2.47,6.43,7.27,5.74,26,11
n2_TrackF_r1_F88K_M255K_OFF_T_G17,26,0.8349,0.8556,0.9849,1,2.78,0,14.11,0,36.98,0,36.03,37.77,2.55,2.2,3.77,1.62,33,9
n2_TrackF_r1_F88K_M255K_OFF_T_G17,27,0.8326,0.869,0.9857,1,1.96,0,13.62,0,37.34,0,36.19,37.26,2.12,5.55,4.61,3.0,35,9
n2_TrackF_r1_F88K_M255K_OFF_T_G17,28,0.8323,0.8739,0.9862,1,1.98,0,12.82,0,36.11,0,35.48,35.79,2.1,3.67,3.6,3.19,33,10
n2_TrackF_r1_F88K_M255K_OFF_T_G17,29,0.8318,0.8667,0.9853,0,12.05,0,15.96,0,32.61,0,34.05,40.02,2.75,3.64,6.72,12.47,13,11
n2_TrackF_r1_F88K_M255K_OFF_T_G17,3,0.8583,0.9118,0.9902,1,1.58,0,12.33,0,38.41,0,37.7,38.79,2.63,5.12,5.48,4.42,23,7
n2_TrackF_r1_F88K_M255K_OFF_T_G17,30,0.8318,0.9121,0.9901,1,3.77,0,11.39,0,40.19,0,38.79,40.24,2.51,4.19,5.88,2.74,29,9
n2_TrackF_r1_F88K_M255K_OFF_T_G17,31,0.8311,0.9111,0.9897,1,1.56,0,17.6,0,33.39,0,32.03,35.81,2.96,2.71,4.85,2.35,51,15
n2_TrackF_r1_F88K_M255K_OFF_T_G17,32,0.8309,0.8501,0.9855,1,3.76,0,11.17,0,36.28,0,34.74,35.93,2.32,4.18,2.92,1.92,33,10
n2_TrackF_r1_F88K_M255K_OFF_T_G17,33,0.829,0.8936,0.9885,1,1.52,0,10.41,0,38.68,0,37.64,39.0,3.4,5.61,5.57,5.24,25,9
n2_TrackF_r1_F88K_M255K_OFF_T_G17,34,0.8289,0.8384,0.9879,0,7.94,0,25.79,0,34.01,0,37.38,36.89,2.93,2.88,3.79,7.41,42,13
n2_TrackF_r1_F88K_M255K_OFF_T_G17,35,0.8285,0.8478,0.9875,1,1.41,0,13.17,0,38.22,0,36.87,38.92,2.49,4.36,5.22,3.82,34,10
n2_TrackF_r1_F88K_M255K_OFF_T_G17,36,0.8273,0.8746,0.987,0,7.45,0,16.86,0,29.7,0,26.32,29.99,3.39,3.18,6.92,7.39,22,10
n2_TrackF_r1_F88K_M255K_OFF_T_G17,37,0.827,0.8582,0.9862,1,2.54,0,12.45,0,36.08,0,35.04,36.29,1.89,3.53,3.75,2.41,30,11
n2_TrackF_r1_F88K_M255K_OFF_T_G17,38,0.8269,0.8522,0.9868,1,4.65,0,10.89,0,27.89,0,26.68,32.01,2.46,4.72,3.56,4.51,37,11
n2_TrackF_r1_F88K_M255K_OFF_T_G17,39,0.8253,0.8307,0.9869,1,2.74,0,13.86,1,3.21,0,8.34,7.53,1.38,3.6,3.85,3.98,31,13
n2_TrackF_r1_F88K_M255K_OFF_T_G17,4,0.8569,0.9204,0.9906,1,2.06,0,13.39,0,36.65,0,35.92,36.98,2.98,4.85,4.44,4.63,28,9
n2_TrackF_r1_F88K_M255K_OFF_T_G17,40,0.8246,0.8788,0.9842,1,1.8,0,13.9,0,37.16,0,35.78,37.78,3.14,3.34,3.94,2.28,30,8
n2_TrackF_r1_F88K_M255K_OFF_T_G17,41,0.8241,0.8531,0.9848,1,2.1,0,12.03,0,36.49,0,35.18,36.76,2.95,5.52,4.27,3.8,30,9
n2_TrackF_r1_F88K_M255K_OFF_T_G17,42,0.824,0.9272,0.9872,0,8.03,0,21.33,0,23.76,0,23.2,28.57,2.93,4.15,3.57,6.96,40,13
n2_TrackF_r1_F88K_M255K_OFF_T_G17,43,0.8236,0.8506,0.9848,0,9.23,0,15.53,0,30.56,0,31.69,35.84,4.46,4.22,6.09,8.79,14,10
n2_TrackF_r1_F88K_M255K_OFF_T_G17,44,0.8235,0.8635,0.985,0,6.84,0,12.24,0,34.84,0,33.23,34.37,2.81,2.75,3.02,7.94,26,12
n2_TrackF_r1_F88K_M255K_OFF_T_G17,45,0.8234,0.866,0.9853,0,7.9,0,9.85,0,39.85,0,37.16,38.82,3.22,4.35,2.4,8.56,27,10
n2_TrackF_r1_F88K_M255K_OFF_T_G17,46,0.8229,0.8497,0.9857,1,1.41,0,10.39,0,39.53,0,38.13,39.4,3.62,2.81,5.39,2.75,32,9
n2_TrackF_r1_F88K_M255K_OFF_T_G17,47,0.8218,0.8747,0.9845,1,3.27,0,10.66,0,30.23,0,30.1,30.15,0.66,3.41,9.79,4.98,52,16
n2_TrackF_r1_F88K_M255K_OFF_T_G17,48,0.8215,0.883,0.9892,1,1.77,0,13.28,0,34.62,0,34.22,36.41,1.27,2.84,6.97,3.3,34,12
n2_TrackF_r1_F88K_M255K_OFF_T_G17,49,0.8215,0.8104,0.9862,0,7.26,0,24.07,0,25.26,0,26.11,29.76,1.73,3.77,10.21,6.67,20,9
n2_TrackF_r1_F88K_M255K_OFF_T_G17,5,0.8561,0.888,0.9883,1,1.62,0,12.71,0,37.99,0,36.32,38.06,3.07,3.25,5.18,3.75,25,9
n2_TrackF_r1_F88K_M255K_OFF_T_G17,50,0.8215,0.8195,0.9858,0,7.88,0,16.04,0,40.3,0,38.32,39.09,1.82,3.91,9.26,6.4,38,13
n2_TrackF_r1_F88K_M255K_OFF_T_G17,51,0.8207,0.8519,0.9876,1,1.38,0,12.22,0,37.47,0,36.87,38.51,2.52,5.39,6.64,2.48,27,10
n2_TrackF_r1_F88K_M255K_OFF_T_G17,52,0.8203,0.8801,0.9885,1,2.12,0,9.94,0,46.05,0,40.71,47.03,3.43,2.93,4.21,3.41,34,11
n2_TrackF_r1_F88K_M255K_OFF_T_G17,53,0.8192,0.8308,0.9837,0,6.82,0,15.76,0,41.73,0,39.01,40.75,1.9,3.58,3.67,6.63,28,11
n2_TrackF_r1_F88K_M255K_OFF_T_G17,54,0.8185,0.9464,0.9933,1,4.0,0,24.67,0,22.24,0,16.47,24.49,2.71,6.71,12.24,3.22,34,11
n2_TrackF_r1_F88K_M255K_OFF_T_G17,55,0.8184,0.8572,0.9872,1,3.43,0,11.03,0,28.18,0,26.69,28.37,2.6,3.38,5.69,4.46,29,13
n2_TrackF_r1_F88K_M255K_OFF_T_G17,56,0.8183,0.9093,0.9894,1,2.11,0,11.86,0,43.66,0,39.21,46.1,1.66,2.86,3.98,2.61,35,12
n2_TrackF_r1_F88K_M255K_OFF_T_G17,57,0.8178,0.8671,0.9885,1,2.36,0,12.52,0,36.22,0,34.94,37.07,2.22,5.38,6.73,3.85,28,9
n2_TrackF_r1_F88K_M255K_OFF_T_G17,58,0.8177,0.876,0.9886,1,1.38,0,9.62,0,35.84,0,35.05,36.43,3.1,5.55,6.16,3.73,30,9
n2_TrackF_r1_F88K_M255K_OFF_T_G17,59,0.8175,0.8664,0.9881,1,2.38,0,12.46,0,38.71,0,37.19,38.78,2.19,5.57,5.65,1.47,27,11
n2_TrackF_r1_F88K_M255K_OFF_T_G17,6,0.8549,0.9006,0.9893,1,2.0,0,13.22,0,36.78,0,35.55,36.55,2.88,4.41,5.1,4.62,24,10
n2_TrackF_r1_F88K_M255K_OFF_T_G17,60,0.8172,0.8349,0.9864,0,6.75,0,21.89,0,25.53,0,32.95,36.2,3.77,3.45,6.28,6.87,18,8
n2_TrackF_r1_F88K_M255K_OFF_T_G17,61,0.8161,0.8229,0.9824,0,11.53,0,18.79,0,38.17,0,38.99,44.81,4.31,5.17,5.99,12.42,15,8
n2_TrackF_r1_F88K_M255K_OFF_T_G17,62,0.8131,0.9052,0.9867,0,5.17,0,9.16,0,23.39,0,23.22,29.03,0.61,4.18,4.6,5.17,39,16
n2_TrackF_r1_F88K_M255K_OFF_T_G17,63,0.8126,0.896,0.9894,1,1.32,0,12.63,0,36.23,0,35.25,35.62,2.34,2.67,4.83,3.04,31,10
n2_TrackF_r1_F88K_M255K_OFF_T_G17,64,0.8118,0.8524,0.9841,0,8.78,0,17.13,0,31.15,0,34.81,39.77,3.24,2.67,7.1,10.13,12,10
n2_TrackF_r1_F88K_M255K_OFF_T_G17,65,0.8113,0.8768,0.9855,0,6.26,0,13.13,0,40.56,0,37.56,39.27,2.11,4.01,3.3,6.38,27,13
n2_TrackF_r1_F88K_M255K_OFF_T_G17,66,0.8112,0.8538,0.9839,0,9.33,0,15.95,0,37.36,0,36.47,42.58,3.29,4.42,6.05,10.1,18,11
n2_TrackF_r1_F88K_M255K_OFF_T_G17,67,0.8097,0.87,0.9834,0,8.7,0,14.74,1,4.67,0,10.78,9.86,3.94,4.58,2.68,6.18,37,16
n2_TrackF_r1_F88K_M255K_OFF_T_G17,68,0.809,0.8847,0.9864,0,5.71,0,14.71,0,37.79,0,37.38,39.16,2.3,4.98,3.63,6.16,24,12
n2_TrackF_r1_F88K_M255K_OFF_T_G17,69,0.8084,0.8563,0.9851,0,5.4,0,13.46,0,37.84,0,36.53,37.51,2.33,3.26,4.51,7.63,21,9
n2_TrackF_r1_F88K_M255K_OFF_T_G17,7,0.8525,0.8908,0.9885,1,3.82,0,18.12,0,43.39,0,43.2,47.56,2.05,5.62,9.24,3.35,31,11
n2_TrackF_r1_F88K_M255K_OFF_T_G17,70,0.8079,0.8935,0.9881,1,3.19,0,8.52,0,21.58,0,21.67,25.8,1.75,3.95,6.69,3.98,33,12
n2_TrackF_r1_F88K_M255K_OFF_T_G17,71,0.8074,0.8618,0.9866,0,5.78,0,10.32,0,41.24,0,39.78,41.03,1.96,2.87,6.74,7.64,18,12
n2_TrackF_r1_F88K_M255K_OFF_T_G17,72,0.807,0.8476,0.9857,0,5.98,0,12.36,0,42.11,0,39.64,41.69,2.3,3.4,5.43,6.14,20,10
n2_TrackF_r1_F88K_M255K_OFF_T_G17,73,0.8058,0.8335,0.9847,0,7.01,0,14.66,0,39.39,0,38.05,39.38,2.63,2.87,4.96,7.08,23,10
n2_TrackF_r1_F88K_M255K_OFF_T_G17,74,0.8053,0.817,0.9816,0,8.34,0,16.83,0,21.68,0,17.99,21.93,2.82,3.74,3.61,8.66,27,12
n2_TrackF_r1_F88K_M255K_OFF_T_G17,75,0.8052,0.8312,0.9828,0,7.99,0,15.29,1,4.37,0,10.03,8.76,3.19,4.9,4.13,6.25,38,18
n2_TrackF_r1_F88K_M255K_OFF_T_G17,76,0.8044,0.893,0.9871,0,6.56,0,15.83,0,22.83,0,21.74,24.39,2.72,5.9,2.48,5.49,43,18
n2_TrackF_r1_F88K_M255K_OFF_T_G17,77,0.8026,0.8246,0.9838,0,6.77,0,13.5,0,37.02,0,36.43,36.42,2.54,4.86,10.64,8.28,39,13
n2_TrackF_r1_F88K_M255K_OFF_T_G17,78,0.8023,0.7314,0.9803,1,2.7,0,12.55,0,38.93,0,37.08,38.35,2.46,5.5,4.62,2.77,25,10
n2_TrackF_r1_F88K_M255K_OFF_T_G17,79,0.8007,0.8477,0.9835,1,1.9,0,13.95,0,36.12,0,35.05,36.24,3.08,3.22,4.33,3.63,28,10
n2_TrackF_r1_F88K_M255K_OFF_T_G17,8,0.8516,0.9052,0.9898,1,2.12,0,10.77,0,38.69,0,37.1,39.29,3.09,4.27,5.99,4.39,33,11
n2_TrackF_r1_F88K_M255K_OFF_T_G17,80,0.7968,0.8799,0.9862,1,3.74,0,13.59,0,26.6,0,22.34,26.21,2.14,4.31,3.13,4.75,42,15
n2_TrackF_r1_F88K_M255K_OFF_T_G17,81,0.7953,0.8194,0.9831,0,7.35,0,15.89,0,37.64,0,36.64,37.82,1.48,5.01,11.71,7.02,41,17
n2_TrackF_r1_F88K_M255K_OFF_T_G17,82,0.7935,0.8434,0.9853,1,4.99,0,14.62,1,2.24,0,6.81,7.67,2.17,5.31,3.01,4.25,29,14
n2_TrackF_r1_F88K_M255K_OFF_T_G17,83,0.7913,0.8194,0.984,1,4.05,0,18.85,0,48.58,0,45.02,48.64,2.58,4.93,8.63,3.95,32,14
n2_TrackF_r1_F88K_M255K_OFF_T_G17,84,0.7897,0.805,0.9811,0,7.13,0,14.31,0,40.2,0,38.12,39.87,1.27,5.77,4.74,7.45,25,11
n2_TrackF_r1_F88K_M255K_OFF_T_G17,85,0.7877,0.775,0.9848,0,9.49,0,22.97,0,33.31,0,35.85,39.59,1.25,3.14,3.7,8.41,34,12
n2_TrackF_r1_F88K_M255K_OFF_T_G17,86,0.7872,0.8289,0.9836,0,8.56,0,12.46,0,16.38,0,11.27,16.68,3.35,4.02,4.03,9.17,20,13
n2_TrackF_r1_F88K_M255K_OFF_T_G17,87,0.7866,0.8735,0.9862,0,8.11,0,11.73,0,15.77,0,9.51,16.21,1.78,4.62,4.57,7.8,21,10
n2_TrackF_r1_F88K_M255K_OFF_T_G17,88,0.7852,0.7344,0.9819,1,2.46,0,10.27,0,39.97,0,37.83,39.43,1.26,5.3,5.43,3.02,29,8
n2_TrackF_r1_F88K_M255K_OFF_T_G17,89,0.7838,0.7933,0.9834,0,7.63,0,14.54,0,37.03,0,36.06,36.97,2.34,4.07,10.33,7.51,28,14
n2_TrackF_r1_F88K_M255K_OFF_T_G17,9,0.8515,0.8918,0.9893,1,4.47,0,12.07,0,40.91,0,39.9,40.15,2.49,4.62,5.45,4.35,23,11
n2_TrackF_r1_F88K_M255K_OFF_T_G17,90,0.7837,0.8255,0.9803,0,7.9,0,13.47,0,15.36,0,12.7,17.84,2.21,4.94,4.44,6.37,20,8
n2_TrackF_r1_F88K_M255K_OFF_T_G17,91,0.7825,0.8427,0.9861,1,3.94,0,13.48,0,17.63,0,21.21,24.69,1.5,3.15,2.77,3.91,29,16
n2_TrackF_r1_F88K_M255K_OFF_T_G17,92,0.78,0.7237,0.9798,0,6.99,0,15.69,0,37.58,0,35.61,37.04,1.44,3.93,11.13,7.72,37,13
n2_TrackF_r1_F88K_M255K_OFF_T_G17,93,0.7791,0.7215,0.9843,0,6.36,0,13.34,0,35.79,0,34.32,36.29,2.32,3.59,10.4,5.75,31,12
n2_TrackF_r1_F88K_M255K_OFF_T_G17,94,0.7779,0.7893,0.9845,0,5.54,0,18.55,0,47.39,0,44.44,46.85,2.75,2.46,7.85,6.13,39,12
n2_TrackF_r1_F88K_M255K_OFF_T_G17,95,0.7756,0.6572,0.9805,0,7.95,0,18.72,0,38.6,0,38.2,37.54,3.35,3.74,9.56,6.7,44,17
n2_TrackF_r1_F88K_M255K_OFF_T_G17,96,0.7724,0.6411,0.9787,1,2.27,0,23.27,0,10.68,0,14.98,13.45,2.83,5.18,13.51,1.61,25,8
n2_TrackF_r1_F88K_M255K_OFF_T_G17,97,0.7685,0.7105,0.98,0,7.22,0,15.32,0,39.13,0,37.26,43.17,2.41,5.27,3.94,6.03,15,9
n2_TrackF_r1_F88K_M255K_OFF_T_G17,98,0.7537,0.5403,0.9766,0,6.89,0,13.46,0,40.61,0,38.27,40.04,1.06,5.44,4.41,6.95,23,10
n2_TrackF_r1_F88K_M255K_OFF_T_G17,99,0.7462,0.5359,0.9824,0,6.36,0,15.61,0,33.96,0,36.43,37.23,1.29,3.77,5.22,4.75,34,13
n2_TrackF_r1_F88K_M255K_S1_G17,0,0.8367,0.8695,0.9862,1,2.84,0,20.09,0,28.6,0,21.87,28.44,2.2,6.64,11.58,3.12,46,16
n2_TrackF_r1_F88K_M255K_S1_G17,1,0.8348,0.9082,0.9884,0,6.8,1,2.66,0,36.15,0,36.23,37.71,2.72,5.43,5.41,5.51,31,16
n2_TrackF_r1_F88K_M255K_S1_G17,10,0.8203,0.8792,0.9891,1,2.75,0,18.47,0,29.26,0,25.67,32.21,3.06,3.65,7.63,3.05,29,12
n2_TrackF_r1_F88K_M255K_S1_G17,11,0.8185,0.8942,0.988,1,3.56,0,13.11,0,21.35,0,14.22,20.48,1.71,4.27,5.38,1.59,28,14
n2_TrackF_r1_F88K_M255K_S1_G17,12,0.8174,0.8298,0.9908,1,2.18,0,14.33,0,37.87,0,30.22,38.21,2.44,8.48,12.81,2.14,44,13
n2_TrackF_r1_F88K_M255K_S1_G17,13,0.8161,0.8559,0.9909,0,5.19,1,1.09,0,44.52,0,36.53,42.96,2.89,6.38,6.18,6.42,35,14
n2_TrackF_r1_F88K_M255K_S1_G17,14,0.8157,0.7536,0.9831,1,1.38,0,24.36,0,26.16,0,19.72,26.47,0.77,8.62,14.53,2.23,31,9
n2_TrackF_r1_F88K_M255K_S1_G17,15,0.8148,0.9059,0.9844,0,6.74,0,22.25,1,3.46,0,3.01,2.84,3.82,4.26,9.32,5.91,37,13
n2_TrackF_r1_F88K_M255K_S1_G17,16,0.8148,0.7888,0.9881,1,2.91,0,11.22,0,26.94,0,21.29,28.05,0.77,4.39,6.02,2.69,27,9
n2_TrackF_r1_F88K_M255K_S1_G17,17,0.8139,0.8255,0.9838,1,3.58,0,13.41,0,19.17,0,9.23,16.07,1.96,5.37,8.32,3.66,35,14
n2_TrackF_r1_F88K_M255K_S1_G17,18,0.8138,0.867,0.9858,0,7.16,0,7.06,0,34.41,0,35.04,36.22,2.11,5.16,6.16,7.48,27,10
n2_TrackF_r1_F88K_M255K_S1_G17,19,0.8133,0.8192,0.9901,1,1.95,0,14.17,0,37.55,0,28.46,34.89,0.38,5.13,9.84,2.35,44,13
n2_TrackF_r1_F88K_M255K_S1_G17,2,0.8332,0.8221,0.9874,1,3.22,0,14.16,0,25.38,0,21.15,27.98,1.83,4.97,8.93,2.36,40,11
n2_TrackF_r1_F88K_M255K_S1_G17,20,0.8126,0.8115,0.9906,1,3.51,1,4.89,0,38.81,0,30.62,37.19,2.85,3.64,4.56,1.61,43,12
n2_TrackF_r1_F88K_M255K_S1_G17,21,0.8106,0.8375,0.9842,0,8.29,0,23.55,1,3.94,0,12.17,11.43,4.32,4.35,10.23,6.82,22,9
n2_TrackF_r1_F88K_M255K_S1_G17,22,0.8104,0.7601,0.9853,1,2.69,0,16.71,0,32.58,0,27.51,33.98,0.49,7.44,10.22,0.91,44,13
n2_TrackF_r1_F88K_M255K_S1_G17,23,0.8097,0.7578,0.9867,1,1.02,0,14.5,0,35.62,0,29.65,37.17,1.47,7.91,12.18,2.06,40,12
n2_TrackF_r1_F88K_M255K_S1_G17,24,0.8092,0.7998,0.9845,1,3.29,0,14.16,0,16.07,0,8.75,15.81,2.63,4.07,5.95,4.7,40,12
n2_TrackF_r1_F88K_M255K_S1_G17,25,0.8092,0.8271,0.9897,1,2.83,1,3.38,1,2.6,1,1.71,4.0,2.33,3.19,5.77,4.91,34,14
n2_TrackF_r1_F88K_M255K_S1_G17,26,0.8084,0.8721,0.9873,1,4.09,0,5.59,0,40.56,0,35.34,40.57,1.83,2.47,6.43,3.76,36,15
n2_TrackF_r1_F88K_M255K_S1_G17,27,0.8083,0.7816,0.9853,1,1.75,0,12.35,0,20.17,0,13.31,19.75,2.66,3.72,5.06,2.56,30,11
n2_TrackF_r1_F88K_M255K_S1_G17,28,0.8077,0.8178,0.9885,1,2.54,1,3.36,1,2.71,1,0.85,3.72,2.1,2.08,5.29,5.05,32,13
n2_TrackF_r1_F88K_M255K_S1_G17,29,0.8076,0.8193,0.9882,1,3.27,1,2.81,1,3.35,1,2.12,4.57,2.92,1.97,4.63,5.04,37,12
n2_TrackF_r1_F88K_M255K_S1_G17,3,0.8328,0.8277,0.9884,1,1.65,0,17.59,0,31.98,0,25.16,32.14,1.68,3.72,11.29,2.5,52,13
n2_TrackF_r1_F88K_M255K_S1_G17,30,0.8074,0.8529,0.9878,1,2.5,0,12.51,0,40.33,0,31.64,39.81,1.43,7.46,11.52,2.74,50,17
n2_TrackF_r1_F88K_M255K_S1_G17,31,0.8061,0.7807,0.9897,1,2.25,0,16.69,0,30.84,0,23.96,30.83,1.54,2.57,5.41,2.44,28,9
n2_TrackF_r1_F88K_M255K_S1_G17,32,0.805,0.7669,0.9851,1,2.56,0,15.75,0,17.8,0,8.5,15.63,1.5,3.81,5.86,4.24,31,10
n2_TrackF_r1_F88K_M255K_S1_G17,33,0.8044,0.7949,0.9881,0,5.45,1,3.16,1,2.5,1,2.94,5.53,2.46,1.8,5.29,5.75,37,12
n2_TrackF_r1_F88K_M255K_S1_G17,34,0.8041,0.8712,0.988,1,2.15,0,15.33,0,40.45,0,32.15,39.31,2.23,4.51,4.2,2.7,50,18
n2_TrackF_r1_F88K_M255K_S1_G17,35,0.804,0.9248,0.9893,0,7.01,0,15.28,0,18.26,0,11.82,18.86,1.7,4.72,3.49,6.34,32,14
n2_TrackF_r1_F88K_M255K_S1_G17,36,0.8036,0.7961,0.9858,1,2.76,1,3.79,1,2.91,1,3.14,6.89,1.56,2.27,5.81,4.15,33,12
n2_TrackF_r1_F88K_M255K_S1_G17,37,0.8026,0.859,0.9882,1,1.89,0,17.65,0,33.1,0,26.27,32.95,2.05,2.94,7.56,2.67,41,14
n2_TrackF_r1_F88K_M255K_S1_G17,38,0.8024,0.7474,0.9863,1,0.96,0,16.32,0,35.98,0,31.02,38.02,1.07,4.87,9.31,2.31,45,11
n2_TrackF_r1_F88K_M255K_S1_G17,39,0.8012,0.7711,0.987,1,2.43,1,3.32,1,3.25,1,4.79,8.86,2.1,2.24,4.97,5.0,35,12
n2_TrackF_r1_F88K_M255K_S1_G17,4,0.829,0.9088,0.9893,1,2.67,0,16.67,0,30.6,0,24.28,30.8,3.49,6.34,5.7,0.94,39,15
n2_TrackF_r1_F88K_M255K_S1_G17,40,0.7994,0.8073,0.987,1,2.75,1,2.46,1,2.43,1,7.68,7.64,2.52,3.68,3.36,3.63,45,15
n2_TrackF_r1_F88K_M255K_S1_G17,41,0.7993,0.8762,0.9867,1,2.68,0,6.24,1,1.28,0,2.72,5.44,3.05,3.51,5.05,2.87,42,17
n2_TrackF_r1_F88K_M255K_S1_G17,42,0.7987,0.7881,0.9877,1,4.01,1,3.04,1,1.67,1,3.58,7.54,2.86,1.97,4.92,4.78,44,13
n2_TrackF_r1_F88K_M255K_S1_G17,43,0.7974,0.8641,0.988,0,5.86,0,18.41,0,19.19,0,12.75,19.92,0.3,4.38,10.18,6.12,29,13
n2_TrackF_r1_F88K_M255K_S1_G17,44,0.7973,0.7815,0.9848,0,5.99,0,12.4,0,16.22,0,10.69,17.51,1.88,1.19,2.23,6.39,36,14
n2_TrackF_r1_F88K_M255K_S1_G17,45,0.7971,0.863,0.9868,0,5.75,0,11.21,0,23.22,0,20.96,27.26,3.75,3.87,4.63,7.02,35,14
n2_TrackF_r1_F88K_M255K_S1_G17,46,0.797,0.7604,0.9845,1,2.44,0,14.79,0,39.85,0,31.96,38.24,2.67,4.51,8.03,2.44,46,12
n2_TrackF_r1_F88K_M255K_S1_G17,47,0.7969,0.7478,0.9838,1,3.66,1,4.12,1,2.58,1,2.23,4.84,2.78,2.9,4.42,4.05,37,15
n2_TrackF_r1_F88K_M255K_S1_G17,48,0.7967,0.7485,0.9852,1,3.1,0,23.49,0,29.62,0,25.43,32.0,1.33,4.73,11.09,2.16,32,11
n2_TrackF_r1_F88K_M255K_S1_G17,49,0.7967,0.8524,0.9838,1,1.27,0,14.79,0,37.09,0,31.44,37.74,3.01,4.85,4.48,2.05,50,15
n2_TrackF_r1_F88K_M255K_S1_G17,5,0.8284,0.8993,0.9887,0,6.14,0,12.96,0,18.71,0,11.12,17.73,1.69,3.72,7.43,4.52,34,18
n2_TrackF_r1_F88K_M255K_S1_G17,50,0.7965,0.7239,0.9856,1,1.44,0,16.25,0,34.34,0,28.67,35.92,2.08,7.96,13.43,1.64,44,11
n2_TrackF_r1_F88K_M255K_S1_G17,51,0.7961,0.8341,0.9849,1,2.28,0,14.75,0,30.63,0,25.35,31.92,1.17,4.51,3.95,1.08,40,16
n2_TrackF_r1_F88K_M255K_S1_G17,52,0.7951,0.682,0.9859,1,1.67,0,9.69,0,36.21,0,29.6,36.64,2.03,4.05,4.94,0.45,36,12
n2_TrackF_r1_F88K_M255K_S1_G17,53,0.7951,0.7487,0.9852,1,3.68,1,3.8,1,3.23,1,2.58,4.38,1.84,4.51,4.23,4.37,46,12
n2_TrackF_r1_F88K_M255K_S1_G17,54,0.7947,0.7665,0.9862,1,3.54,1,4.01,1,3.82,1,1.65,4.83,2.31,3.24,4.7,4.72,42,15
n2_TrackF_r1_F88K_M255K_S1_G17,55,0.7946,0.7601,0.9861,1,4.05,1,4.13,1,2.73,1,2.78,5.6,1.57,1.89,4.31,4.87,44,14
n2_TrackF_r1_F88K_M255K_S1_G17,56,0.7929,0.8556,0.9873,1,2.2,0,14.92,0,36.38,0,30.38,37.6,1.56,5.26,2.56,2.01,49,15
n2_TrackF_r1_F88K_M255K_S1_G17,57,0.7925,0.8899,0.9889,0,5.47,0,11.95,0,23.29,0,17.32,24.25,2.83,2.85,2.67,6.34,34,15
n2_TrackF_r1_F88K_M255K_S1_G17,58,0.7924,0.875,0.9888,0,5.26,0,14.09,0,25.61,0,19.6,25.91,2.21,4.69,5.1,6.82,34,12
n2_TrackF_r1_F88K_M255K_S1_G17,59,0.7924,0.8153,0.9855,1,1.8,0,16.15,0,35.95,0,29.17,36.07,2.47,2.8,3.49,2.05,45,17
n2_TrackF_r1_F88K_M255K_S1_G17,6,0.8267,0.8725,0.9872,1,3.77,0,14.36,0,21.27,0,13.97,20.14,2.98,4.81,9.95,3.25,34,13
n2_TrackF_r1_F88K_M255K_S1_G17,60,0.7921,0.7943,0.9893,1,3.72,1,2.49,1,2.66,1,2.41,4.71,2.24,1.6,4.71,4.74,45,13
n2_TrackF_r1_F88K_M255K_S1_G17,61,0.7919,0.7302,0.9872,1,1.4,0,11.75,0,34.25,0,28.54,35.56,2.19,3.32,9.71,1.54,51,12
n2_TrackF_r1_F88K_M255K_S1_G17,62,0.7893,0.8462,0.9879,1,2.44,0,16.6,0,30.11,0,23.69,30.43,3.19,3.91,4.02,3.54,41,12
n2_TrackF_r1_F88K_M255K_S1_G17,63,0.7893,0.8747,0.9873,0,9.27,0,5.27,0,30.12,0,31.19,32.36,2.45,4.8,5.8,8.4,23,12
n2_TrackF_r1_F88K_M255K_S1_G17,64,0.7892,0.7793,0.9907,1,1.43,1,3.89,0,41.91,0,32.11,39.15,2.11,1.97,4.46,2.48,42,14
n2_TrackF_r1_F88K_M255K_S1_G17,65,0.7885,0.8642,0.988,0,5.44,0,11.01,0,22.7,0,15.17,22.13,2.03,1.94,6.25,6.37,26,12
n2_TrackF_r1_F88K_M255K_S1_G17,66,0.788,0.7477,0.9827,1,2.28,0,14.08,0,35.54,0,29.24,35.58,0.92,8.7,13.83,1.97,48,11
n2_TrackF_r1_F88K_M255K_S1_G17,67,0.7872,0.8277,0.9857,0,6.01,0,7.53,0,29.43,0,29.51,31.91,3.07,4.6,5.4,6.63,26,14
n2_TrackF_r1_F88K_M255K_S1_G17,68,0.7852,0.7508,0.9842,0,5.99,1,2.56,0,40.25,0,35.01,39.58,2.29,4.05,4.36,6.93,40,14
n2_TrackF_r1_F88K_M255K_S1_G17,69,0.7845,0.8303,0.9871,1,1.84,0,14.61,0,37.78,0,32.26,39.38,3.04,5.2,5.9,2.17,47,16
n2_TrackF_r1_F88K_M255K_S1_G17,7,0.8263,0.9118,0.989,1,1.48,0,14.66,0,29.9,0,24.89,31.67,2.59,4.89,3.04,2.03,34,12
n2_TrackF_r1_F88K_M255K_S1_G17,70,0.7843,0.7562,0.9844,1,3.68,1,4.26,1,4.46,1,5.38,9.5,2.02,3.13,3.32,3.89,45,13
n2_TrackF_r1_F88K_M255K_S1_G17,71,0.7835,0.6658,0.9832,1,1.48,0,14.31,0,37.0,0,32.38,39.65,2.84,6.63,10.32,3.05,47,12
n2_TrackF_r1_F88K_M255K_S1_G17,72,0.7821,0.7097,0.9817,1,4.48,1,3.4,1,2.2,1,2.57,4.25,1.94,1.57,4.36,5.52,42,12
n2_TrackF_r1_F88K_M255K_S1_G17,73,0.7815,0.8707,0.987,1,3.52,1,2.79,0,40.03,0,33.38,40.34,2.32,3.89,5.09,2.06,52,18
n2_TrackF_r1_F88K_M255K_S1_G17,74,0.7807,0.8463,0.9874,0,6.16,0,14.48,0,24.55,0,19.42,26.51,2.11,3.2,5.68,6.55,25,12
n2_TrackF_r1_F88K_M255K_S1_G17,75,0.7785,0.7326,0.985,1,3.33,1,3.06,1,4.6,1,2.29,4.87,1.62,2.2,4.71,4.63,41,12
n2_TrackF_r1_F88K_M255K_S1_G17,76,0.778,0.8489,0.9859,1,3.4,0,14.48,0,29.39,0,23.25,29.77,0.91,4.19,4.92,1.16,33,11
n2_TrackF_r1_F88K_M255K_S1_G17,77,0.7771,0.7691,0.9866,0,6.62,0,14.18,0,14.35,0,10.44,13.28,1.37,1.21,4.02,6.42,30,10
n2_TrackF_r1_F88K_M255K_S1_G17,78,0.7762,0.795,0.9853,1,1.04,0,17.05,0,38.45,0,32.29,39.0,2.72,4.95,5.51,2.48,44,17
n2_TrackF_r1_F88K_M255K_S1_G17,79,0.7756,0.7534,0.9857,1,3.64,1,3.59,1,1.24,1,3.01,5.75,2.67,3.03,4.96,4.84,42,12
n2_TrackF_r1_F88K_M255K_S1_G17,8,0.8259,0.8075,0.9876,1,3.15,0,17.65,0,30.69,0,24.03,30.98,2.05,4.21,8.65,2.72,37,11
n2_TrackF_r1_F88K_M255K_S1_G17,80,0.7755,0.7862,0.9857,1,1.27,0,16.26,0,36.82,0,32.13,38.83,2.03,4.28,6.44,2.75,52,18
n2_TrackF_r1_F88K_M255K_S1_G17,81,0.7738,0.6791,0.9831,0,7.2,1,4.13,1,3.29,1,2.07,5.72,2.0,1.71,4.66,6.94,39,13
n2_TrackF_r1_F88K_M255K_S1_G17,82,0.7737,0.74,0.9828,1,2.09,0,16.42,0,36.84,0,30.01,36.82,0.87,4.79,8.65,2.15,46,17
n2_TrackF_r1_F88K_M255K_S1_G17,83,0.7735,0.7139,0.9849,1,3.58,1,3.25,1,2.82,1,3.1,6.35,2.48,2.27,4.42,5.17,49,14
n2_TrackF_r1_F88K_M255K_S1_G17,84,0.7714,0.7734,0.9871,0,5.73,0,13.07,0,22.39,0,17.53,23.66,2.43,4.37,7.89,6.65,29,14
n2_TrackF_r1_F88K_M255K_S1_G17,85,0.7678,0.7937,0.9839,0,6.62,0,15.74,0,21.58,0,18.29,24.87,2.11,3.16,4.78,6.45,26,13
n2_TrackF_r1_F88K_M255K_S1_G17,86,0.7669,0.7301,0.9854,1,1.75,0,15.94,0,32.53,0,26.72,33.04,2.71,6.54,8.2,2.02,52,19
n2_TrackF_r1_F88K_M255K_S1_G17,87,0.7657,0.6739,0.9834,1,2.57,1,3.62,1,3.06,1,2.8,5.19,2.19,3.68,4.45,4.69,35,11
n2_TrackF_r1_F88K_M255K_S1_G17,88,0.7638,0.669,0.9797,1,2.76,0,17.02,0,19.15,0,12.48,19.24,2.79,3.73,3.75,3.51,27,10
n2_TrackF_r1_F88K_M255K_S1_G17,89,0.7603,0.6786,0.9855,1,4.6,1,3.82,1,2.59,1,2.17,6.04,1.06,1.67,4.08,4.65,38,14
n2_TrackF_r1_F88K_M255K_S1_G17,9,0.8246,0.8356,0.9887,1,3.07,0,19.17,0,31.0,0,22.56,30.36,1.31,5.26,10.28,2.81,37,11
n2_TrackF_r1_F88K_M255K_S1_G17,90,0.7587,0.6272,0.9836,1,3.32,1,4.65,1,1.59,1,2.52,5.4,3.44,3.86,4.59,5.44,39,12
n2_TrackF_r1_F88K_M255K_S1_G17,91,0.757,0.6159,0.9832,1,3.65,1,4.87,1,2.55,1,1.48,4.7,2.0,1.62,4.71,5.02,37,12
n2_TrackF_r1_F88K_M255K_S1_G17,92,0.7568,0.675,0.9816,1,1.49,0,15.35,0,38.19,0,31.35,38.85,1.68,3.68,1.11,2.84,51,17
n2_TrackF_r1_F88K_M255K_S1_G17,93,0.749,0.6559,0.9763,1,2.53,0,16.35,0,34.5,0,28.53,35.64,1.16,4.2,5.6,2.34,41,16
n2_TrackF_r1_F88K_M255K_S1_G17,94,0.7489,0.6206,0.9723,1,3.01,0,9.25,0,21.17,0,13.29,19.9,2.81,3.1,1.54,3.14,31,10
n2_TrackF_r1_F88K_M255K_S1_G17,95,0.7476,0.6517,0.9819,1,1.51,0,12.54,0,38.68,0,30.67,37.18,2.89,6.0,9.08,3.12,53,15
n2_TrackF_r1_F88K_M255K_S1_G17,96,0.745,0.5339,0.9819,1,2.1,0,16.84,0,30.28,0,25.61,32.45,1.23,5.16,10.93,2.36,33,11
n2_TrackF_r1_F88K_M255K_S1_G17,97,0.7419,0.5339,0.9817,1,1.96,0,5.13,0,35.58,0,28.93,36.07,3.19,2.2,4.55,2.22,38,12
n2_TrackF_r1_F88K_M255K_S1_G17,98,0.7164,0.5259,0.9735,1,2.1,0,14.2,0,37.55,0,30.89,37.44,0.58,4.45,6.86,1.29,49,17
n2_TrackF_r1_F88K_M255K_S1_G17,99,0.7123,0.4358,0.975,1,3.43,0,9.87,0,16.24,0,8.35,14.7,2.01,3.72,2.28,2.89,36,9
n2_TrackF_r1_F88K_M255M_OFF_T_G17,0,0.8577,0.9238,0.9919,1,1.2,0,9.24,0,37.64,0,36.86,37.41,2.23,5.36,3.53,2.34,25,9
n2_TrackF_r1_F88K_M255M_OFF_T_G17,1,0.8554,0.9051,0.9898,1,2.01,0,12.95,0,37.92,0,35.89,37.1,2.07,3.22,5.09,2.17,29,11
n2_TrackF_r1_F88K_M255M_OFF_T_G17,10,0.8477,0.9093,0.9875,1,1.67,0,13.4,0,39.02,0,38.59,38.63,2.07,3.88,5.49,4.29,32,9
n2_TrackF_r1_F88K_M255M_OFF_T_G17,11,0.8474,0.9357,0.9894,1,4.72,0,11.62,0,32.09,0,28.99,32.97,1.99,2.34,4.59,4.45,54,21
n2_TrackF_r1_F88K_M255M_OFF_T_G17,12,0.8466,0.9175,0.9869,0,6.76,0,15.31,0,43.98,0,41.5,42.48,2.6,4.38,5.34,4.91,26,11
n2_TrackF_r1_F88K_M255M_OFF_T_G17,13,0.8463,0.8964,0.9887,1,1.76,0,11.24,0,41.47,0,39.63,40.66,3.26,4.2,6.03,3.92,26,10
n2_TrackF_r1_F88K_M255M_OFF_T_G17,14,0.8458,0.8975,0.9889,1,2.61,0,10.1,0,40.64,0,37.85,39.63,1.5,2.96,3.07,1.77,29,10
n2_TrackF_r1_F88K_M255M_OFF_T_G17,15,0.8447,0.8666,0.9869,0,7.54,0,17.25,0,37.7,0,32.75,38.15,2.85,3.54,5.64,8.28,21,11
n2_TrackF_r1_F88K_M255M_OFF_T_G17,16,0.8429,0.8821,0.987,1,2.11,0,13.28,0,38.28,0,36.19,38.69,2.18,3.61,6.51,4.23,35,13
n2_TrackF_r1_F88K_M255M_OFF_T_G17,17,0.8426,0.9098,0.9905,1,1.76,0,10.67,0,36.45,0,34.68,36.37,3.05,3.93,5.23,6.21,28,11
n2_TrackF_r1_F88K_M255M_OFF_T_G17,18,0.842,0.8917,0.9873,1,2.4,0,12.32,0,35.58,0,34.74,35.15,2.51,4.09,4.77,2.47,26,10
n2_TrackF_r1_F88K_M255M_OFF_T_G17,19,0.8413,0.887,0.9886,1,4.39,0,11.72,0,23.53,0,23.22,27.76,2.01,3.57,1.82,4.51,25,10
n2_TrackF_r1_F88K_M255M_OFF_T_G17,2,0.8541,0.9217,0.9905,1,1.42,0,10.49,0,37.61,0,36.5,37.32,3.33,5.45,4.5,4.67,27,9
n2_TrackF_r1_F88K_M255M_OFF_T_G17,20,0.841,0.891,0.9892,1,2.64,0,10.32,0,39.77,0,38.11,39.04,1.93,5.59,5.92,2.52,33,9
n2_TrackF_r1_F88K_M255M_OFF_T_G17,21,0.8409,0.9062,0.988,1,3.79,0,12.89,0,37.71,0,37.62,37.94,2.89,3.7,5.03,1.62,32,9
n2_TrackF_r1_F88K_M255M_OFF_T_G17,22,0.84,0.8529,0.9839,0,10.04,0,15.79,0,34.16,0,32.84,36.87,4.12,4.18,5.36,9.97,14,11
n2_TrackF_r1_F88K_M255M_OFF_T_G17,23,0.8398,0.9197,0.9898,1,1.78,0,13.25,0,34.71,0,33.88,35.03,3.78,2.42,7.7,4.1,35,13
n2_TrackF_r1_F88K_M255M_OFF_T_G17,24,0.8394,0.8823,0.9887,1,2.98,0,10.19,0,38.88,0,36.7,39.35,1.85,4.16,4.53,2.1,38,13
n2_TrackF_r1_F88K_M255M_OFF_T_G17,25,0.8369,0.8912,0.9877,1,2.22,0,12.44,0,36.16,0,33.89,35.94,2.09,4.38,5.35,1.13,33,12
n2_TrackF_r1_F88K_M255M_OFF_T_G17,26,0.8368,0.8764,0.9865,1,1.95,0,13.14,0,35.95,0,35.81,35.43,1.88,2.56,3.26,4.07,31,9
n2_TrackF_r1_F88K_M255M_OFF_T_G17,27,0.8355,0.8081,0.9842,0,5.71,0,16.92,0,33.24,0,32.09,37.8,1.44,3.6,3.91,6.15,21,10
n2_TrackF_r1_F88K_M255M_OFF_T_G17,28,0.8351,0.8761,0.9866,1,2.45,0,10.94,0,39.17,0,36.81,38.71,2.72,4.43,4.23,1.53,31,9
n2_TrackF_r1_F88K_M255M_OFF_T_G17,29,0.8347,0.9122,0.9885,0,6.73,0,13.26,0,41.88,0,39.2,41.07,1.8,4.6,5.03,6.75,24,11
n2_TrackF_r1_F88K_M255M_OFF_T_G17,3,0.8527,0.9212,0.9905,1,1.34,0,13.34,0,37.4,0,36.16,37.02,2.43,3.95,3.55,3.98,36,10
n2_TrackF_r1_F88K_M255M_OFF_T_G17,30,0.8345,0.8477,0.9856,1,2.94,0,13.12,0,42.08,0,39.41,41.35,1.3,3.75,5.6,2.52,29,11
n2_TrackF_r1_F88K_M255M_OFF_T_G17,31,0.8338,0.8785,0.9863,1,1.84,0,13.82,0,36.19,0,36.08,36.94,2.8,3.21,3.46,4.41,29,9
n2_TrackF_r1_F88K_M255M_OFF_T_G17,32,0.8335,0.876,0.9853,0,11.25,0,15.35,0,22.02,0,22.49,27.3,7.35,2.47,2.92,9.01,15,11
n2_TrackF_r1_F88K_M255M_OFF_T_G17,33,0.8334,0.8419,0.9824,0,10.2,0,17.18,0,41.4,0,37.01,40.99,3.16,5.15,5.79,10.27,18,9
n2_TrackF_r1_F88K_M255M_OFF_T_G17,34,0.833,0.8482,0.9851,1,2.27,0,10.28,0,39.67,0,37.76,38.77,1.66,4.97,5.06,3.26,25,11
n2_TrackF_r1_F88K_M255M_OFF_T_G17,35,0.8325,0.8942,0.9885,1,2.86,0,11.08,0,37.49,0,35.67,37.87,2.69,3.29,4.12,5.88,27,10
n2_TrackF_r1_F88K_M255M_OFF_T_G17,36,0.8323,0.8262,0.982,0,12.71,0,17.96,0,38.94,0,36.26,40.08,5.83,3.54,3.77,13.72,15,8
n2_TrackF_r1_F88K_M255M_OFF_T_G17,37,0.832,0.8726,0.9852,0,6.99,0,10.7,0,39.99,0,37.42,39.0,2.28,3.35,5.12,7.77,26,12
n2_TrackF_r1_F88K_M255M_OFF_T_G17,38,0.8308,0.8672,0.9889,1,2.45,0,12.84,0,39.39,0,37.36,39.22,1.89,5.35,6.75,1.4,27,11
n2_TrackF_r1_F88K_M255M_OFF_T_G17,39,0.8307,0.8777,0.9859,0,6.66,0,15.23,0,39.35,0,37.77,39.25,1.88,2.89,5.2,6.86,24,11
n2_TrackF_r1_F88K_M255M_OFF_T_G17,4,0.8519,0.8992,0.9892,1,1.61,0,13.24,0,37.84,0,36.2,37.03,2.97,4.32,5.2,3.5,28,10
n2_TrackF_r1_F88K_M255M_OFF_T_G17,40,0.8304,0.8816,0.9869,1,2.7,0,13.73,0,37.54,0,36.45,37.31,2.91,5.56,3.85,1.07,34,11
n2_TrackF_r1_F88K_M255M_OFF_T_G17,41,0.8294,0.8499,0.9875,1,2.51,0,11.03,0,37.02,0,36.32,36.79,2.61,3.31,4.9,1.98,31,10
n2_TrackF_r1_F88K_M255M_OFF_T_G17,42,0.8292,0.825,0.9835,0,11.98,0,19.15,0,37.03,0,36.25,40.39,4.63,4.94,4.47,12.68,17,10
n2_TrackF_r1_F88K_M255M_OFF_T_G17,43,0.8291,0.8658,0.9864,1,3.66,0,11.92,0,5.18,0,11.64,11.11,1.98,6.35,2.63,3.81,36,13
n2_TrackF_r1_F88K_M255M_OFF_T_G17,44,0.8285,0.8531,0.9853,1,4.41,0,14.85,0,35.22,0,35.1,35.04,2.61,4.66,3.63,3.06,28,12
n2_TrackF_r1_F88K_M255M_OFF_T_G17,45,0.8278,0.9085,0.9893,0,6.25,0,14.87,0,40.1,0,37.24,39.01,2.39,5.66,4.44,5.76,25,12
n2_TrackF_r1_F88K_M255M_OFF_T_G17,46,0.827,0.8446,0.9825,0,6.71,0,13.42,0,39.32,0,36.27,38.23,1.35,4.66,2.5,7.31,26,10
n2_TrackF_r1_F88K_M255M_OFF_T_G17,47,0.8261,0.8736,0.9883,0,5.47,0,13.29,0,43.67,0,41.78,42.77,2.92,5.29,7.3,7.18,25,10
n2_TrackF_r1_F88K_M255M_OFF_T_G17,48,0.8259,0.8397,0.9858,1,4.94,0,14.61,0,37.81,0,37.02,38.54,3.51,3.79,6.32,5.67,22,12
n2_TrackF_r1_F88K_M255M_OFF_T_G17,49,0.8257,0.8784,0.989,0,5.28,0,11.52,0,40.65,0,39.02,40.19,3.24,4.0,5.79,4.66,23,9
n2_TrackF_r1_F88K_M255M_OFF_T_G17,5,0.8507,0.8907,0.9893,1,2.05,0,11.39,0,41.95,0,38.86,40.98,2.77,2.03,5.46,3.08,33,11
n2_TrackF_r1_F88K_M255M_OFF_T_G17,50,0.8251,0.8678,0.9883,1,1.57,0,13.06,0,38.66,0,37.08,37.73,3.03,5.46,3.28,1.95,29,10
n2_TrackF_r1_F88K_M255M_OFF_T_G17,51,0.8251,0.8844,0.9877,1,1.69,0,21.39,0,58.6,0,52.35,58.87,3.34,5.16,11.99,3.19,34,14
n2_TrackF_r1_F88K_M255M_OFF_T_G17,52,0.8232,0.827,0.9822,1,1.87,0,13.52,0,35.09,0,34.52,35.06,1.82,4.19,4.66,3.16,27,9
n2_TrackF_r1_F88K_M255M_OFF_T_G17,53,0.8231,0.8285,0.9829,1,2.65,0,13.93,0,36.69,0,36.1,36.76,2.42,2.93,4.42,1.85,31,10
n2_TrackF_r1_F88K_M255M_OFF_T_G17,54,0.8228,0.8683,0.9846,1,2.42,0,12.19,0,38.73,0,37.24,38.96,3.77,3.17,5.1,4.17,29,8
n2_TrackF_r1_F88K_M255M_OFF_T_G17,55,0.8227,0.8484,0.9862,0,7.01,0,19.46,0,38.33,0,36.98,36.54,3.14,4.12,8.24,6.44,38,13
n2_TrackF_r1_F88K_M255M_OFF_T_G17,56,0.8222,0.8902,0.9856,0,8.46,0,16.16,0,14.25,0,10.92,17.08,4.23,3.61,4.67,9.49,25,12
n2_TrackF_r1_F88K_M255M_OFF_T_G17,57,0.8212,0.8563,0.9852,1,2.95,0,8.16,0,10.02,0,14.51,19.09,2.09,3.81,2.61,3.18,47,17
n2_TrackF_r1_F88K_M255M_OFF_T_G17,58,0.82,0.8391,0.9866,1,1.62,0,12.05,0,35.89,0,34.94,35.44,2.59,4.09,3.73,3.81,31,11
n2_TrackF_r1_F88K_M255M_OFF_T_G17,59,0.8192,0.8901,0.9848,0,5.84,0,12.72,0,35.21,0,33.09,34.28,2.29,4.91,3.73,6.69,24,12
n2_TrackF_r1_F88K_M255M_OFF_T_G17,6,0.8506,0.8822,0.9869,1,1.71,0,12.42,0,38.69,0,37.76,38.25,2.53,5.16,3.09,3.46,30,10
n2_TrackF_r1_F88K_M255M_OFF_T_G17,60,0.8187,0.8971,0.9902,1,1.85,0,7.3,0,22.5,0,22.06,26.46,4.69,1.44,3.62,3.15,30,12
n2_TrackF_r1_F88K_M255M_OFF_T_G17,61,0.8187,0.8299,0.9828,0,6.52,0,12.68,0,37.97,0,36.68,37.4,3.16,4.38,4.3,7.92,23,10
n2_TrackF_r1_F88K_M255M_OFF_T_G17,62,0.8183,0.8018,0.9837,1,3.84,0,19.32,0,46.32,0,44.98,47.63,3.57,6.1,9.86,3.24,30,11
n2_TrackF_r1_F88K_M255M_OFF_T_G17,63,0.818,0.8588,0.9879,0,8.98,0,17.12,0,24.74,0,17.69,23.03,4.16,5.56,8.35,8.88,24,10
n2_TrackF_r1_F88K_M255M_OFF_T_G17,64,0.8179,0.8489,0.9842,1,1.76,0,14.12,0,36.7,0,35.57,36.1,3.08,3.49,4.89,3.48,29,10
n2_TrackF_r1_F88K_M255M_OFF_T_G17,65,0.8176,0.9066,0.9861,1,4.73,0,10.05,0,24.82,0,23.13,27.72,1.25,3.92,4.27,5.06,40,16
n2_TrackF_r1_F88K_M255M_OFF_T_G17,66,0.8175,0.9293,0.9914,1,2.22,0,10.65,0,32.57,0,30.87,33.91,2.55,2.6,3.17,3.22,42,13
n2_TrackF_r1_F88K_M255M_OFF_T_G17,67,0.8171,0.9228,0.9904,1,1.81,0,12.48,0,44.0,0,37.97,45.07,2.89,2.63,4.34,3.67,35,12
n2_TrackF_r1_F88K_M255M_OFF_T_G17,68,0.816,0.7886,0.9842,0,11.05,0,16.12,0,33.97,0,33.59,38.11,1.49,2.9,7.28,12.22,12,8
n2_TrackF_r1_F88K_M255M_OFF_T_G17,69,0.8157,0.8116,0.9882,1,2.27,0,12.28,0,18.6,0,21.44,26.57,1.19,3.76,3.85,3.45,30,9
n2_TrackF_r1_F88K_M255M_OFF_T_G17,7,0.8495,0.9261,0.9907,1,3.57,0,12.04,0,35.97,0,34.59,35.4,3.17,4.79,3.33,3.04,30,10
n2_TrackF_r1_F88K_M255M_OFF_T_G17,70,0.8152,0.8527,0.9849,1,2.53,0,10.49,0,39.36,0,37.33,38.98,3.0,4.35,4.86,2.48,35,10
n2_TrackF_r1_F88K_M255M_OFF_T_G17,71,0.8151,0.8134,0.9875,0,7.45,0,25.27,0,35.68,0,37.81,37.93,2.41,6.26,3.43,6.08,34,10
n2_TrackF_r1_F88K_M255M_OFF_T_G17,72,0.8149,0.8177,0.9843,0,6.13,0,13.44,0,35.88,0,34.1,35.77,2.15,3.11,4.18,6.82,25,11
n2_TrackF_r1_F88K_M255M_OFF_T_G17,73,0.8142,0.7683,0.977,0,11.49,0,18.63,0,41.17,0,36.23,43.76,4.74,4.9,2.96,12.15,17,9
n2_TrackF_r1_F88K_M255M_OFF_T_G17,74,0.8138,0.8432,0.9848,1,3.78,0,11.84,0,39.95,0,38.01,39.64,3.34,4.68,5.82,3.73,32,11
n2_TrackF_r1_F88K_M255M_OFF_T_G17,75,0.8131,0.9214,0.989,1,3.53,0,11.4,0,27.08,0,24.14,29.73,1.37,3.74,3.52,4.6,34,14
n2_TrackF_r1_F88K_M255M_OFF_T_G17,76,0.8121,0.8573,0.9846,0,6.9,0,15.55,0,37.41,0,34.58,39.9,1.89,2.78,4.05,7.26,23,7
n2_TrackF_r1_F88K_M255M_OFF_T_G17,77,0.8116,0.8283,0.9823,1,3.5,0,13.96,0,40.43,0,38.29,39.52,2.25,5.41,4.51,3.17,35,11
n2_TrackF_r1_F88K_M255M_OFF_T_G17,78,0.8095,0.8416,0.9832,0,9.15,0,19.3,0,36.65,0,33.53,37.0,3.69,4.25,7.02,10.49,15,10
n2_TrackF_r1_F88K_M255M_OFF_T_G17,79,0.8093,0.8461,0.9855,1,4.21,0,10.61,0,28.48,0,25.49,29.67,3.04,5.69,1.91,4.06,35,11
n2_TrackF_r1_F88K_M255M_OFF_T_G17,8,0.8486,0.9144,0.9916,1,1.56,0,10.22,0,35.31,0,34.68,35.15,3.1,3.98,5.22,2.8,37,10
n2_TrackF_r1_F88K_M255M_OFF_T_G17,80,0.8093,0.8966,0.9892,1,3.33,0,11.1,0,23.01,0,22.54,27.49,1.87,4.08,2.52,4.33,42,16
n2_TrackF_r1_F88K_M255M_OFF_T_G17,81,0.8085,0.8402,0.9847,0,13.15,0,13.8,0,34.43,0,35.31,33.35,6.14,2.1,5.65,14.4,18,7
n2_TrackF_r1_F88K_M255M_OFF_T_G17,82,0.8058,0.8039,0.986,0,5.55,0,10.24,0,37.26,0,35.95,37.14,3.11,4.54,5.61,6.84,18,10
n2_TrackF_r1_F88K_M255M_OFF_T_G17,83,0.8038,0.8883,0.9874,0,7.64,0,16.03,0,20.7,0,12.28,18.74,2.61,5.26,5.46,6.2,23,11
n2_TrackF_r1_F88K_M255M_OFF_T_G17,84,0.8019,0.8554,0.9887,1,3.29,0,13.84,0,20.73,0,23.22,26.05,1.87,3.85,2.06,3.91,28,7
n2_TrackF_r1_F88K_M255M_OFF_T_G17,85,0.7911,0.788,0.981,1,4.1,0,9.37,0,21.48,0,16.02,21.61,1.48,3.03,3.35,5.19,49,16
n2_TrackF_r1_F88K_M255M_OFF_T_G17,86,0.7908,0.847,0.9893,1,3.52,0,14.34,0,8.79,0,12.35,13.9,3.01,4.52,2.56,4.2,27,9
n2_TrackF_r1_F88K_M255M_OFF_T_G17,87,0.7901,0.7866,0.9834,1,4.33,0,11.15,0,27.09,0,25.04,28.55,1.07,4.5,2.59,4.05,36,11
n2_TrackF_r1_F88K_M255M_OFF_T_G17,88,0.7899,0.8341,0.9836,0,6.74,0,12.35,0,17.02,0,13.24,18.7,2.2,4.46,2.05,5.93,20,10
n2_TrackF_r1_F88K_M255M_OFF_T_G17,89,0.7883,0.8063,0.9857,0,6.62,0,13.63,0,38.0,0,36.53,37.46,2.74,4.28,4.28,7.62,16,9
n2_TrackF_r1_F88K_M255M_OFF_T_G17,9,0.8479,0.9086,0.9893,1,4.46,0,11.52,0,37.7,0,36.65,37.3,3.73,5.07,5.34,4.22,25,9
n2_TrackF_r1_F88K_M255M_OFF_T_G17,90,0.7874,0.7916,0.9844,1,3.89,0,25.31,0,23.08,0,25.72,29.19,2.21,2.04,5.87,4.13,24,7
n2_TrackF_r1_F88K_M255M_OFF_T_G17,91,0.7864,0.7767,0.9846,0,5.18,0,10.15,0,24.57,0,23.41,27.2,2.25,4.31,4.41,5.01,29,8
n2_TrackF_r1_F88K_M255M_OFF_T_G17,92,0.7823,0.6733,0.9832,1,1.75,0,12.49,0,37.81,0,36.76,37.4,2.39,5.39,4.94,3.99,28,10
n2_TrackF_r1_F88K_M255M_OFF_T_G17,93,0.7814,0.763,0.9773,1,2.05,0,13.86,0,37.34,0,36.44,37.85,2.82,3.6,5.33,2.14,30,10
n2_TrackF_r1_F88K_M255M_OFF_T_G17,94,0.7805,0.7224,0.9805,0,5.64,0,12.55,0,41.98,0,39.76,41.3,1.85,3.35,6.1,7.24,20,12
n2_TrackF_r1_F88K_M255M_OFF_T_G17,95,0.7787,0.7312,0.9826,0,6.16,0,13.95,0,37.43,0,35.53,37.09,3.39,5.11,4.62,6.88,22,12
n2_TrackF_r1_F88K_M255M_OFF_T_G17,96,0.7687,0.6252,0.9777,1,2.97,0,10.88,0,39.79,0,38.02,39.57,1.84,3.89,4.5,3.03,33,11
n2_TrackF_r1_F88K_M255M_OFF_T_G17,97,0.7602,0.7596,0.9807,1,4.49,0,7.03,0,18.16,0,13.69,18.97,1.97,3.77,2.42,4.38,33,14
n2_TrackF_r1_F88K_M255M_OFF_T_G17,98,0.7466,0.6112,0.9785,1,2.04,0,10.41,0,38.81,0,36.26,38.16,2.92,5.29,4.37,1.63,29,11
n2_TrackF_r1_F88K_M255M_OFF_T_G17,99,0.7314,0.562,0.9797,0,5.45,0,17.15,0,36.51,0,35.19,35.37,2.59,3.69,8.43,4.75,38,16
n2_TrackF_r1_F88K_M255M_S1_G17,0,0.8438,0.9313,0.9902,1,3.36,0,14.2,0,27.36,0,18.36,23.8,0.88,3.33,3.7,2.71,28,17
n2_TrackF_r1_F88K_M255M_S1_G17,1,0.8296,0.9063,0.9881,0,6.14,1,4.94,0,34.44,0,33.45,36.04,2.22,5.06,5.02,6.67,33,13
n2_TrackF_r1_F88K_M255M_S1_G17,10,0.8196,0.8517,0.9869,0,5.85,0,8.28,0,41.31,0,34.67,39.69,2.4,4.41,8.17,6.07,34,13
n2_TrackF_r1_F88K_M255M_S1_G17,11,0.8188,0.8062,0.9874,1,3.48,1,3.68,1,2.67,1,2.21,3.28,1.61,2.54,4.29,5.28,41,13
n2_TrackF_r1_F88K_M255M_S1_G17,12,0.8173,0.8556,0.991,1,3.2,1,3.23,1,4.23,1,3.36,6.18,1.22,2.73,3.05,4.01,43,12
n2_TrackF_r1_F88K_M255M_S1_G17,13,0.8169,0.7984,0.9884,1,2.37,1,3.27,1,3.03,1,3.49,4.89,0.65,2.12,4.17,4.33,38,11
n2_TrackF_r1_F88K_M255M_S1_G17,14,0.8165,0.824,0.988,1,3.11,1,4.4,1,2.71,1,3.32,3.91,1.74,2.88,4.98,4.47,48,12
n2_TrackF_r1_F88K_M255M_S1_G17,15,0.8163,0.8189,0.9885,1,2.71,1,4.57,1,3.26,1,3.53,2.91,0.68,1.4,5.25,4.38,45,15
n2_TrackF_r1_F88K_M255M_S1_G17,16,0.8159,0.7963,0.9874,1,2.53,1,4.36,1,4.94,1,3.01,2.0,1.04,3.08,5.29,5.12,33,11
n2_TrackF_r1_F88K_M255M_S1_G17,17,0.8156,0.8336,0.9851,0,6.79,0,7.86,0,31.36,0,32.8,33.81,2.36,4.32,5.86,7.47,22,11
n2_TrackF_r1_F88K_M255M_S1_G17,18,0.8146,0.8417,0.9894,1,3.46,1,2.81,1,3.04,1,4.0,1.73,1.87,2.88,4.29,4.59,47,14
n2_TrackF_r1_F88K_M255M_S1_G17,19,0.8141,0.8359,0.9906,1,3.21,1,3.07,1,2.34,1,2.06,4.76,1.76,3.9,3.98,4.09,46,13
n2_TrackF_r1_F88K_M255M_S1_G17,2,0.8265,0.9213,0.9891,1,2.71,0,11.73,0,38.44,0,30.41,36.87,3.91,4.42,3.35,1.07,43,17
n2_TrackF_r1_F88K_M255M_S1_G17,20,0.8138,0.8278,0.9883,1,2.31,1,2.51,1,3.08,1,1.89,2.8,2.01,3.76,3.85,3.7,49,14
n2_TrackF_r1_F88K_M255M_S1_G17,21,0.8135,0.8617,0.9912,1,3.39,1,3.76,1,3.22,1,3.29,2.28,1.52,2.94,2.67,4.11,39,13
n2_TrackF_r1_F88K_M255M_S1_G17,22,0.8118,0.8055,0.9877,1,4.52,1,3.14,1,1.77,1,2.75,2.54,1.98,2.43,3.78,5.2,35,12
n2_TrackF_r1_F88K_M255M_S1_G17,23,0.8117,0.8308,0.9896,1,2.52,1,4.06,1,1.13,1,3.92,2.36,2.11,3.63,6.96,5.11,35,13
n2_TrackF_r1_F88K_M255M_S1_G17,24,0.8116,0.7983,0.9866,1,2.47,1,3.39,1,2.08,1,2.2,4.47,2.26,4.07,5.14,4.85,43,14
n2_TrackF_r1_F88K_M255M_S1_G17,25,0.8108,0.8158,0.9898,1,4.78,1,3.46,1,2.8,1,3.27,3.46,2.91,2.96,5.67,5.9,42,11
n2_TrackF_r1_F88K_M255M_S1_G17,26,0.8106,0.8124,0.9911,1,1.63,1,3.46,0,40.22,0,31.16,38.12,0.77,2.67,4.88,2.23,47,13
n2_TrackF_r1_F88K_M255M_S1_G17,27,0.8098,0.7959,0.9843,1,2.88,1,3.73,1,3.05,1,1.78,5.38,2.57,4.05,5.51,4.26,47,14
n2_TrackF_r1_F88K_M255M_S1_G17,28,0.8095,0.809,0.9894,0,5.0,0,19.89,0,16.45,0,7.4,13.6,1.55,3.18,7.3,5.81,38,12
n2_TrackF_r1_F88K_M255M_S1_G17,29,0.8094,0.8402,0.9906,0,6.34,1,4.1,0,26.46,0,17.8,24.46,2.56,3.63,4.52,6.83,42,13
n2_TrackF_r1_F88K_M255M_S1_G17,3,0.823,0.8273,0.9866,1,4.33,0,13.33,0,14.88,0,7.51,12.71,1.57,3.2,7.6,5.46,24,10
n2_TrackF_r1_F88K_M255M_S1_G17,30,0.8094,0.7905,0.9867,1,1.81,1,3.06,1,2.46,1,1.81,2.84,1.68,3.38,4.62,4.12,43,13
n2_TrackF_r1_F88K_M255M_S1_G17,31,0.8088,0.7693,0.9846,1,2.04,0,16.29,0,36.0,0,28.58,35.04,1.9,4.4,9.3,1.97,44,12
n2_TrackF_r1_F88K_M255M_S1_G17,32,0.8083,0.8819,0.9833,0,6.94,0,13.89,1,1.91,0,3.1,2.87,2.44,4.23,3.89,6.6,37,15
n2_TrackF_r1_F88K_M255M_S1_G17,33,0.8077,0.8097,0.9872,1,2.89,1,3.61,1,3.08,1,4.03,5.87,2.97,2.74,4.49,4.67,50,13
n2_TrackF_r1_F88K_M255M_S1_G17,34,0.8076,0.7842,0.9852,1,3.46,0,12.34,0,17.66,0,7.3,14.07,3.19,3.14,3.4,4.0,28,11
n2_TrackF_r1_F88K_M255M_S1_G17,35,0.8075,0.8172,0.9879,1,2.85,1,4.22,1,2.87,1,3.05,1.63,0.74,2.6,5.54,5.44,34,15
n2_TrackF_r1_F88K_M255M_S1_G17,36,0.8066,0.7975,0.9866,1,2.75,1,2.28,1,2.52,1,2.05,2.0,2.07,1.93,3.83,4.57,44,14
n2_TrackF_r1_F88K_M255M_S1_G17,37,0.8065,0.7843,0.9861,1,1.58,1,4.54,1,3.58,1,3.07,1.39,2.95,3.95,4.92,4.11,40,13
n2_TrackF_r1_F88K_M255M_S1_G17,38,0.8064,0.8086,0.9884,1,3.58,0,6.4,1,1.68,0,2.68,2.28,1.58,2.47,5.07,4.47,39,12
n2_TrackF_r1_F88K_M255M_S1_G17,39,0.8063,0.7679,0.9853,1,2.52,1,3.87,1,2.9,1,3.53,3.15,2.47,3.3,2.97,3.36,43,12
n2_TrackF_r1_F88K_M255M_S1_G17,4,0.8229,0.7956,0.9863,1,4.38,0,10.2,0,16.3,0,7.3,14.44,1.02,3.54,2.73,5.1,38,10
n2_TrackF_r1_F88K_M255M_S1_G17,40,0.8044,0.7966,0.9878,1,2.6,0,5.01,1,3.23,0,2.28,2.41,3.36,3.75,5.04,5.2,37,14
n2_TrackF_r1_F88K_M255M_S1_G17,41,0.8043,0.8103,0.9902,1,3.19,1,3.25,1,0.83,1,1.63,2.65,2.24,3.35,5.35,4.91,42,14
n2_TrackF_r1_F88K_M255M_S1_G17,42,0.8022,0.8023,0.9885,1,3.15,1,1.83,1,1.9,1,3.42,5.56,1.32,2.24,3.62,3.74,49,14
n2_TrackF_r1_F88K_M255M_S1_G17,43,0.8019,0.8186,0.9888,1,3.14,1,2.94,1,2.73,1,1.65,5.22,1.7,4.35,4.29,4.27,46,14
n2_TrackF_r1_F88K_M255M_S1_G17,44,0.8008,0.7928,0.9853,1,4.3,1,4.09,1,3.4,1,2.81,4.17,0.56,3.34,2.56,4.33,50,14
n2_TrackF_r1_F88K_M255M_S1_G17,45,0.8007,0.7784,0.9855,1,3.8,1,3.81,1,2.5,1,1.17,3.71,0.62,1.54,3.43,4.14,48,11
n2_TrackF_r1_F88K_M255M_S1_G17,46,0.8006,0.7744,0.9853,1,3.1,1,3.18,1,2.44,1,2.67,3.89,2.0,3.51,4.41,4.3,41,13
n2_TrackF_r1_F88K_M255M_S1_G17,47,0.8002,0.7716,0.9864,1,2.0,1,3.27,1,2.67,1,3.39,6.67,2.39,3.17,3.61,3.99,49,12
n2_TrackF_r1_F88K_M255M_S1_G17,48,0.8002,0.7992,0.988,1,2.9,1,2.99,1,3.51,1,3.28,6.64,2.33,2.49,4.42,4.68,49,14
n2_TrackF_r1_F88K_M255M_S1_G17,49,0.7998,0.7823,0.9876,1,2.66,1,3.25,1,1.49,1,1.55,2.86,2.06,2.62,5.06,5.02,35,15
n2_TrackF_r1_F88K_M255M_S1_G17,5,0.8228,0.8079,0.9872,1,3.29,1,4.5,1,1.56,1,3.58,5.73,1.61,4.02,4.38,4.19,40,14
n2_TrackF_r1_F88K_M255M_S1_G17,50,0.7994,0.7682,0.9852,1,2.85,1,1.58,1,1.7,1,2.94,2.48,1.38,2.84,3.3,4.0,39,12
n2_TrackF_r1_F88K_M255M_S1_G17,51,0.7989,0.7527,0.9857,1,2.37,1,3.98,1,2.4,1,1.1,3.55,0.64,2.41,3.4,1.57,40,12
n2_TrackF_r1_F88K_M255M_S1_G17,52,0.7983,0.7879,0.9855,1,2.75,1,3.96,1,1.1,1,3.37,5.45,1.77,4.17,4.36,4.36,42,13
n2_TrackF_r1_F88K_M255M_S1_G17,53,0.7969,0.7645,0.9861,1,2.81,1,3.85,1,2.66,1,4.48,2.55,1.57,2.35,5.01,4.4,39,11
n2_TrackF_r1_F88K_M255M_S1_G17,54,0.796,0.7418,0.9847,1,2.59,1,3.57,1,1.96,1,2.84,3.36,1.43,2.05,5.04,4.5,43,13
n2_TrackF_r1_F88K_M255M_S1_G17,55,0.7955,0.7675,0.984,1,2.87,1,3.38,1,3.47,1,2.79,3.04,1.69,4.21,3.61,3.82,49,15
n2_TrackF_r1_F88K_M255M_S1_G17,56,0.7951,0.7607,0.985,1,4.96,0,13.04,0,15.72,0,9.28,15.23,2.19,2.51,2.62,5.34,37,13
n2_TrackF_r1_F88K_M255M_S1_G17,57,0.795,0.7713,0.9864,1,3.01,1,3.12,1,2.14,1,1.72,3.03,2.51,1.41,4.71,5.25,37,11
n2_TrackF_r1_F88K_M255M_S1_G17,58,0.7944,0.7394,0.9844,1,2.77,1,1.83,1,3.38,1,3.42,4.36,1.97,3.82,4.95,3.84,44,14
n2_TrackF_r1_F88K_M255M_S1_G17,59,0.7942,0.7047,0.9833,1,3.25,0,11.38,0,17.57,0,10.53,16.96,3.41,4.42,2.17,2.89,27,10
n2_TrackF_r1_F88K_M255M_S1_G17,6,0.8224,0.8749,0.9917,1,2.95,1,2.68,1,3.27,1,4.87,2.87,1.53,2.81,3.87,4.07,40,13
n2_TrackF_r1_F88K_M255M_S1_G17,60,0.7934,0.7943,0.9875,1,1.81,1,1.94,1,3.75,1,4.39,6.08,1.66,3.61,4.89,4.48,50,15
n2_TrackF_r1_F88K_M255M_S1_G17,61,0.7931,0.8658,0.9855,0,6.39,0,13.29,0,23.5,0,15.5,22.28,2.72,4.16,2.9,6.41,33,16
n2_TrackF_r1_F88K_M255M_S1_G17,62,0.7929,0.7292,0.9855,1,2.93,1,4.34,1,0.81,1,3.13,2.59,3.2,5.07,5.38,4.82,35,14
n2_TrackF_r1_F88K_M255M_S1_G17,63,0.7921,0.7499,0.9858,1,3.08,1,4.17,1,1.69,1,3.39,5.65,0.54,3.45,4.07,4.44,44,13
n2_TrackF_r1_F88K_M255M_S1_G17,64,0.7909,0.7836,0.9847,1,4.96,0,8.22,0,33.25,0,32.71,34.67,2.3,4.97,5.36,6.4,26,12
n2_TrackF_r1_F88K_M255M_S1_G17,65,0.7904,0.8275,0.9879,1,2.29,0,15.23,0,38.03,0,27.12,35.15,3.13,3.53,8.52,1.66,46,15
n2_TrackF_r1_F88K_M255M_S1_G17,66,0.7901,0.8069,0.9813,0,7.94,0,5.57,0,41.73,0,36.01,40.7,0.86,3.8,5.7,8.32,35,15
n2_TrackF_r1_F88K_M255M_S1_G17,67,0.7894,0.7519,0.9865,1,1.8,0,18.37,0,34.03,0,26.14,32.38,0.68,4.96,5.48,2.55,38,13
n2_TrackF_r1_F88K_M255M_S1_G17,68,0.789,0.7459,0.9865,1,2.83,1,3.1,1,0.71,1,4.31,1.36,1.67,3.64,4.61,3.92,44,14
n2_TrackF_r1_F88K_M255M_S1_G17,69,0.7879,0.7519,0.9875,1,2.6,1,2.81,1,1.09,1,1.54,2.01,1.95,1.95,4.4,4.69,41,13
n2_TrackF_r1_F88K_M255M_S1_G17,7,0.8222,0.8458,0.9897,1,2.73,1,2.97,1,4.03,1,2.42,2.77,2.86,2.16,4.7,4.72,36,13
n2_TrackF_r1_F88K_M255M_S1_G17,70,0.7869,0.7623,0.9851,1,3.83,1,3.63,1,1.83,1,5.47,5.59,3.12,2.63,5.1,4.96,46,13
n2_TrackF_r1_F88K_M255M_S1_G17,71,0.7862,0.7416,0.9857,1,2.0,1,2.61,1,2.19,1,2.77,4.97,2.53,3.04,4.52,3.17,42,15
n2_TrackF_r1_F88K_M255M_S1_G17,72,0.7856,0.7005,0.9841,1,2.99,0,14.07,0,17.45,0,8.81,14.3,1.97,4.98,4.3,2.9,30,10
n2_TrackF_r1_F88K_M255M_S1_G17,73,0.7848,0.7495,0.9873,1,3.22,1,2.95,1,2.58,1,0.85,4.28,2.56,3.09,4.77,4.43,40,14
n2_TrackF_r1_F88K_M255M_S1_G17,74,0.7848,0.7614,0.9877,1,2.55,1,3.51,1,2.68,1,2.61,3.0,1.87,3.49,4.29,4.43,44,12
n2_TrackF_r1_F88K_M255M_S1_G17,75,0.7826,0.7136,0.9859,1,2.46,1,4.63,1,3.13,1,3.35,6.28,2.59,4.21,4.55,3.88,42,11
n2_TrackF_r1_F88K_M255M_S1_G17,76,0.7822,0.7096,0.9845,1,2.95,1,3.51,1,1.9,1,1.58,5.95,2.72,2.55,4.35,4.66,42,13
n2_TrackF_r1_F88K_M255M_S1_G17,77,0.7801,0.7695,0.9844,1,1.77,0,10.46,0,38.28,0,28.99,35.59,2.63,3.91,9.98,2.15,51,13
n2_TrackF_r1_F88K_M255M_S1_G17,78,0.7799,0.6616,0.9815,1,1.86,0,15.59,0,35.59,0,27.77,35.02,2.04,5.29,9.08,1.65,39,11
n2_TrackF_r1_F88K_M255M_S1_G17,79,0.7795,0.698,0.9869,1,0.94,0,10.78,0,39.33,0,31.24,37.88,2.81,4.88,3.41,2.69,41,12
n2_TrackF_r1_F88K_M255M_S1_G17,8,0.8207,0.8105,0.9873,1,2.81,1,4.23,1,2.43,1,3.77,5.33,1.74,2.11,4.97,4.21,41,13
n2_TrackF_r1_F88K_M255M_S1_G17,80,0.7781,0.7349,0.985,1,3.22,1,4.19,1,0.81,1,3.23,5.86,2.57,3.73,4.67,5.92,40,15
n2_TrackF_r1_F88K_M255M_S1_G17,81,0.7779,0.7045,0.9841,1,2.66,1,4.84,1,2.61,1,3.45,3.8,2.46,3.63,4.39,5.12,40,12
n2_TrackF_r1_F88K_M255M_S1_G17,82,0.7751,0.692,0.9825,1,2.78,1,3.44,1,1.31,1,1.66,3.44,2.4,1.65,4.42,4.03,44,13
n2_TrackF_r1_F88K_M255M_S1_G17,83,0.7747,0.7186,0.9838,1,2.77,1,3.71,1,1.44,1,3.24,8.18,2.19,3.57,3.73,4.26,45,14
n2_TrackF_r1_F88K_M255M_S1_G17,84,0.774,0.7396,0.9804,1,2.49,0,16.28,0,38.33,0,29.97,37.9,4.9,2.35,4.16,1.62,46,16
n2_TrackF_r1_F88K_M255M_S1_G17,85,0.7709,0.7053,0.9831,1,3.17,1,4.5,1,2.88,1,1.73,5.96,2.54,1.78,4.31,4.98,41,11
n2_TrackF_r1_F88K_M255M_S1_G17,86,0.7699,0.6832,0.9832,0,5.24,1,4.33,1,3.97,1,4.46,5.16,2.6,2.87,4.19,5.38,40,14
n2_TrackF_r1_F88K_M255M_S1_G17,87,0.7693,0.7465,0.9774,1,3.84,0,14.58,0,21.52,0,11.31,18.27,1.51,2.37,2.64,3.09,38,13
n2_TrackF_r1_F88K_M255M_S1_G17,88,0.7678,0.6821,0.9855,1,3.06,1,2.46,1,2.2,1,3.6,4.72,3.17,2.26,4.29,4.31,45,13
n2_TrackF_r1_F88K_M255M_S1_G17,89,0.7632,0.6746,0.9865,1,4.11,1,4.18,1,1.45,1,3.34,1.83,2.66,2.51,4.43,5.78,43,13
n2_TrackF_r1_F88K_M255M_S1_G17,9,0.8201,0.8413,0.9904,1,3.65,1,3.2,1,1.62,1,3.83,3.0,2.54,1.32,5.45,5.24,35,11
n2_TrackF_r1_F88K_M255M_S1_G17,90,0.757,0.6436,0.9868,1,2.15,1,1.87,0,39.74,0,31.12,37.97,2.76,5.2,4.23,3.2,40,15
n2_TrackF_r1_F88K_M255M_S1_G17,91,0.7563,0.6816,0.9843,1,2.43,1,2.32,0,21.95,0,12.0,19.44,2.54,2.38,3.46,4.83,33,12
n2_TrackF_r1_F88K_M255M_S1_G17,92,0.7517,0.6306,0.9821,1,2.3,1,3.74,1,4.45,1,3.79,7.72,3.25,2.33,4.55,4.11,50,14
n2_TrackF_r1_F88K_M255M_S1_G17,93,0.7449,0.7141,0.9817,1,3.43,0,11.21,0,21.56,0,13.49,19.54,2.51,2.38,2.0,2.23,36,18
n2_TrackF_r1_F88K_M255M_S1_G17,94,0.741,0.6732,0.9812,1,2.86,0,14.24,0,37.55,0,31.03,38.21,3.01,4.36,3.66,1.94,44,15
n2_TrackF_r1_F88K_M255M_S1_G17,95,0.7406,0.5536,0.9815,1,2.27,0,18.84,0,37.37,0,27.34,34.68,0.78,3.93,9.87,1.53,45,12
n2_TrackF_r1_F88K_M255M_S1_G17,96,0.737,0.6573,0.9792,1,0.92,0,8.37,0,40.15,0,30.33,37.89,2.58,1.99,2.53,2.73,51,19
n2_TrackF_r1_F88K_M255M_S1_G17,97,0.7359,0.5193,0.9752,1,2.23,0,16.65,0,21.32,0,12.72,17.9,2.97,2.16,4.47,3.45,28,11
n2_TrackF_r1_F88K_M255M_S1_G17,98,0.7291,0.6221,0.9865,1,1.61,0,15.58,0,40.78,0,31.18,39.14,3.63,2.79,5.43,3.07,47,16
n2_TrackF_r1_F88K_M255M_S1_G17,99,0.7228,0.4866,0.9763,1,2.41,0,13.71,0,21.47,0,12.48,18.9,3.02,4.19,5.62,2.88,30,10
n2_TrackF_r1_F88R_M255A_OFF_T_G17,0,0.8679,0.9181,0.9899,1,2.23,0,12.96,0,38.54,0,37.11,38.4,1.94,3.74,5.74,4.93,30,10
n2_TrackF_r1_F88R_M255A_OFF_T_G17,1,0.8624,0.9271,0.9911,1,1.93,0,9.13,0,39.43,0,37.82,40.11,2.23,4.94,4.1,4.89,40,13
n2_TrackF_r1_F88R_M255A_OFF_T_G17,10,0.8541,0.8723,0.9876,1,3.99,0,12.93,0,39.59,0,37.12,38.94,3.05,4.79,4.96,3.44,36,11
n2_TrackF_r1_F88R_M255A_OFF_T_G17,11,0.8534,0.8832,0.9878,1,2.16,0,13.26,0,40.6,0,39.76,41.07,2.28,4.63,6.62,2.15,31,8
n2_TrackF_r1_F88R_M255A_OFF_T_G17,12,0.8528,0.906,0.9888,1,2.33,0,13.3,0,39.85,0,37.85,40.01,2.96,3.61,5.52,4.26,32,10
n2_TrackF_r1_F88R_M255A_OFF_T_G17,13,0.8511,0.8895,0.9887,1,1.96,0,13.79,0,36.91,0,36.1,37.02,1.68,3.48,3.7,3.21,31,9
n2_TrackF_r1_F88R_M255A_OFF_T_G17,14,0.851,0.8973,0.9884,1,2.73,0,13.33,0,37.7,0,36.22,37.25,1.33,3.47,4.41,2.74,32,11
n2_TrackF_r1_F88R_M255A_OFF_T_G17,15,0.8503,0.881,0.9895,1,1.48,0,10.12,0,38.41,0,36.84,38.39,2.41,3.59,5.43,3.04,30,11
n2_TrackF_r1_F88R_M255A_OFF_T_G17,16,0.8487,0.8965,0.9875,1,1.62,0,13.18,0,39.37,0,38.27,39.4,1.47,3.55,5.86,2.86,34,10
n2_TrackF_r1_F88R_M255A_OFF_T_G17,17,0.8465,0.878,0.9843,0,6.43,0,15.63,0,42.69,0,39.81,41.73,2.8,2.66,4.61,7.05,25,12
n2_TrackF_r1_F88R_M255A_OFF_T_G17,18,0.8464,0.8756,0.9865,1,4.41,0,15.64,0,38.83,0,38.64,41.18,2.55,4.87,8.73,4.67,30,11
n2_TrackF_r1_F88R_M255A_OFF_T_G17,19,0.8463,0.8709,0.9888,0,6.75,0,12.34,0,17.61,0,21.06,24.8,4.14,4.95,5.34,4.64,22,10
n2_TrackF_r1_F88R_M255A_OFF_T_G17,2,0.8602,0.8995,0.9892,1,2.86,0,13.24,0,37.74,0,36.61,37.76,0.78,3.06,5.63,1.83,32,10
n2_TrackF_r1_F88R_M255A_OFF_T_G17,20,0.8448,0.8464,0.9835,0,7.42,0,13.28,0,39.03,0,36.43,37.85,2.26,3.4,5.73,8.46,21,11
n2_TrackF_r1_F88R_M255A_OFF_T_G17,21,0.8441,0.895,0.9892,1,1.75,0,13.92,0,35.8,0,34.67,35.84,1.77,3.58,5.63,3.36,29,11
n2_TrackF_r1_F88R_M255A_OFF_T_G17,22,0.843,0.8358,0.9852,1,3.23,0,12.96,0,39.43,0,38.5,39.64,1.82,3.85,5.8,1.91,30,9
n2_TrackF_r1_F88R_M255A_OFF_T_G17,23,0.8426,0.8894,0.9848,0,5.79,0,14.05,0,49.27,0,46.77,51.35,1.88,1.97,8.43,6.9,34,14
n2_TrackF_r1_F88R_M255A_OFF_T_G17,24,0.8418,0.9154,0.9876,1,2.6,0,12.99,0,36.69,0,35.02,36.59,1.66,3.31,5.23,1.19,34,10
n2_TrackF_r1_F88R_M255A_OFF_T_G17,25,0.8409,0.8982,0.9882,1,2.14,0,13.25,0,38.24,0,36.65,38.09,3.14,2.44,4.51,3.61,31,10
n2_TrackF_r1_F88R_M255A_OFF_T_G17,26,0.8397,0.9084,0.99,0,5.53,0,14.39,0,33.94,0,36.16,42.29,2.71,2.75,3.07,6.49,27,10
n2_TrackF_r1_F88R_M255A_OFF_T_G17,27,0.8389,0.8687,0.9871,1,2.26,0,13.62,0,39.52,0,38.02,39.35,2.32,5.54,4.29,1.95,29,10
n2_TrackF_r1_F88R_M255A_OFF_T_G17,28,0.8348,0.8206,0.9822,1,4.18,0,15.51,0,40.32,0,39.16,40.93,3.15,4.52,5.39,4.25,33,14
n2_TrackF_r1_F88R_M255A_OFF_T_G17,29,0.8347,0.8817,0.9884,1,4.54,0,8.84,0,25.39,0,27.52,33.15,2.52,2.87,2.57,4.83,38,10
n2_TrackF_r1_F88R_M255A_OFF_T_G17,3,0.8596,0.914,0.9884,1,2.44,0,13.25,0,35.75,0,34.59,34.92,2.13,4.24,3.35,3.3,37,12
n2_TrackF_r1_F88R_M255A_OFF_T_G17,30,0.8344,0.8568,0.9837,1,4.83,0,16.53,0,39.95,0,38.2,40.11,1.17,5.02,7.16,5.29,28,12
n2_TrackF_r1_F88R_M255A_OFF_T_G17,31,0.8336,0.8117,0.9818,1,3.79,0,13.32,0,39.9,0,37.47,39.05,2.0,2.75,4.08,2.42,28,10
n2_TrackF_r1_F88R_M255A_OFF_T_G17,32,0.8335,0.8691,0.9852,0,10.28,0,19.78,0,49.76,0,46.65,53.35,7.12,5.35,1.08,17.91,17,7
n2_TrackF_r1_F88R_M255A_OFF_T_G17,33,0.8333,0.827,0.9851,1,2.0,0,12.29,0,43.66,0,41.45,43.08,1.34,4.04,4.69,2.75,35,11
n2_TrackF_r1_F88R_M255A_OFF_T_G17,34,0.8333,0.9213,0.9892,1,2.89,0,8.47,0,21.33,0,22.87,29.2,0.66,3.4,4.52,3.97,45,13
n2_TrackF_r1_F88R_M255A_OFF_T_G17,35,0.8331,0.8623,0.9897,1,2.92,0,10.22,0,18.81,0,23.32,28.5,0.3,4.08,5.28,3.25,24,10
n2_TrackF_r1_F88R_M255A_OFF_T_G17,36,0.8326,0.8374,0.984,1,2.66,0,12.83,0,41.74,0,40.22,41.68,3.72,2.91,6.01,4.13,30,10
n2_TrackF_r1_F88R_M255A_OFF_T_G17,37,0.8325,0.8553,0.9858,0,6.45,0,14.81,0,36.96,0,35.65,36.8,2.79,3.66,3.54,7.4,28,12
n2_TrackF_r1_F88R_M255A_OFF_T_G17,38,0.8325,0.8721,0.9855,1,4.12,0,18.63,0,40.65,0,39.85,43.68,2.96,6.28,12.99,3.08,31,12
n2_TrackF_r1_F88R_M255A_OFF_T_G17,39,0.8324,0.828,0.983,0,7.6,0,13.16,0,41.08,0,37.69,39.37,2.58,3.46,3.54,7.68,30,11
n2_TrackF_r1_F88R_M255A_OFF_T_G17,4,0.8585,0.867,0.9852,1,2.24,0,14.17,0,35.44,0,35.6,38.34,2.99,5.35,8.93,1.73,33,13
n2_TrackF_r1_F88R_M255A_OFF_T_G17,40,0.8317,0.9121,0.9894,1,2.45,0,14.49,0,38.66,0,37.51,39.13,2.0,3.55,5.91,3.2,42,11
n2_TrackF_r1_F88R_M255A_OFF_T_G17,41,0.8292,0.8309,0.9829,0,6.73,0,12.27,0,36.29,0,34.81,35.95,1.61,3.06,4.15,7.35,26,11
n2_TrackF_r1_F88R_M255A_OFF_T_G17,42,0.8289,0.7584,0.9823,0,5.86,0,15.82,0,42.29,0,39.54,42.1,1.57,3.28,5.29,5.07,24,11
n2_TrackF_r1_F88R_M255A_OFF_T_G17,43,0.8285,0.8437,0.9862,0,6.08,0,15.0,0,40.99,0,38.86,40.57,2.42,3.99,4.66,6.77,23,9
n2_TrackF_r1_F88R_M255A_OFF_T_G17,44,0.8283,0.855,0.9858,1,2.12,0,14.26,0,44.35,0,40.98,43.62,2.41,3.83,7.7,1.87,32,13
n2_TrackF_r1_F88R_M255A_OFF_T_G17,45,0.8281,0.8828,0.9874,0,7.9,0,15.48,0,45.44,0,42.11,44.66,2.63,2.47,5.12,5.84,25,15
n2_TrackF_r1_F88R_M255A_OFF_T_G17,46,0.8276,0.8462,0.9834,0,6.0,0,15.23,0,40.04,0,37.98,39.47,1.11,3.08,4.34,7.41,24,11
n2_TrackF_r1_F88R_M255A_OFF_T_G17,47,0.8261,0.8791,0.9855,0,6.31,0,14.69,0,41.75,0,39.62,41.06,1.82,4.5,4.74,7.23,30,11
n2_TrackF_r1_F88R_M255A_OFF_T_G17,48,0.8255,0.8197,0.9836,0,6.58,0,14.7,0,40.05,0,38.65,40.49,2.91,3.69,5.57,7.3,22,11
n2_TrackF_r1_F88R_M255A_OFF_T_G17,49,0.8248,0.8595,0.985,0,11.04,0,18.4,0,38.52,0,39.37,45.13,4.93,3.33,6.93,11.99,18,11
n2_TrackF_r1_F88R_M255A_OFF_T_G17,5,0.8583,0.8921,0.9888,1,2.1,0,13.7,0,37.27,0,37.25,38.81,2.61,2.6,6.18,4.51,29,12
n2_TrackF_r1_F88R_M255A_OFF_T_G17,50,0.8233,0.8289,0.9833,0,5.34,0,15.56,0,42.5,0,40.0,41.84,2.79,3.62,5.21,6.27,22,11
n2_TrackF_r1_F88R_M255A_OFF_T_G17,51,0.8229,0.8261,0.9863,0,6.2,0,13.94,0,38.37,0,36.95,38.32,2.43,4.19,5.01,6.46,25,11
n2_TrackF_r1_F88R_M255A_OFF_T_G17,52,0.8227,0.8379,0.9804,1,4.56,0,13.02,0,38.22,0,35.87,37.63,2.96,2.92,4.24,5.08,39,12
n2_TrackF_r1_F88R_M255A_OFF_T_G17,53,0.8226,0.8348,0.988,1,3.61,0,8.75,0,22.39,0,26.07,30.09,1.51,3.93,4.48,3.2,32,11
n2_TrackF_r1_F88R_M255A_OFF_T_G17,54,0.8219,0.8411,0.9844,0,6.74,0,13.53,0,42.76,0,40.66,42.28,2.03,3.08,6.22,7.54,21,9
n2_TrackF_r1_F88R_M255A_OFF_T_G17,55,0.8212,0.8722,0.984,0,7.64,0,12.03,0,36.22,0,35.47,36.48,2.1,5.09,5.34,7.84,21,10
n2_TrackF_r1_F88R_M255A_OFF_T_G17,56,0.8212,0.8028,0.9802,0,6.5,0,13.44,0,39.97,0,38.24,39.51,1.19,3.6,3.78,6.11,25,11
n2_TrackF_r1_F88R_M255A_OFF_T_G17,57,0.8205,0.8753,0.9839,0,8.43,0,13.17,0,38.84,0,37.76,38.06,3.71,4.8,6.01,6.02,25,12
n2_TrackF_r1_F88R_M255A_OFF_T_G17,58,0.8182,0.7908,0.9823,1,4.68,0,14.36,0,40.98,0,39.28,40.96,2.04,5.32,6.19,3.46,31,10
n2_TrackF_r1_F88R_M255A_OFF_T_G17,59,0.8179,0.8688,0.9861,1,4.05,0,9.57,0,15.39,0,19.15,23.66,1.76,2.84,3.45,4.84,42,15
n2_TrackF_r1_F88R_M255A_OFF_T_G17,6,0.8576,0.9126,0.9898,1,2.61,0,12.69,0,37.38,0,36.14,37.71,1.88,4.63,4.74,1.74,34,10
n2_TrackF_r1_F88R_M255A_OFF_T_G17,60,0.8179,0.8707,0.9805,0,5.54,0,12.81,0,38.17,0,37.02,38.69,1.81,4.36,4.03,4.4,28,10
n2_TrackF_r1_F88R_M255A_OFF_T_G17,61,0.8145,0.8845,0.9864,0,11.71,0,19.69,0,48.72,0,46.64,53.79,5.83,4.28,1.49,17.3,21,8
n2_TrackF_r1_F88R_M255A_OFF_T_G17,62,0.814,0.8521,0.9861,0,7.43,0,14.43,0,38.39,0,37.29,37.79,1.09,4.08,3.23,8.61,25,10
n2_TrackF_r1_F88R_M255A_OFF_T_G17,63,0.8124,0.8656,0.9867,0,14.15,0,16.8,0,34.08,0,33.4,39.94,6.58,4.06,4.37,14.54,14,11
n2_TrackF_r1_F88R_M255A_OFF_T_G17,64,0.8094,0.8523,0.9863,0,5.09,0,12.68,0,42.72,0,43.91,45.07,2.06,2.62,2.72,3.33,25,10
n2_TrackF_r1_F88R_M255A_OFF_T_G17,65,0.8089,0.9138,0.9892,0,7.82,0,13.62,0,13.09,0,11.49,19.02,2.04,4.66,3.09,7.8,26,12
n2_TrackF_r1_F88R_M255A_OFF_T_G17,66,0.8072,0.8095,0.9819,0,5.45,0,14.18,0,42.74,0,39.36,41.72,2.69,3.5,4.0,6.65,26,11
n2_TrackF_r1_F88R_M255A_OFF_T_G17,67,0.8066,0.8474,0.9843,1,4.93,0,23.32,0,27.37,0,30.21,35.9,1.04,2.68,5.76,4.96,26,11
n2_TrackF_r1_F88R_M255A_OFF_T_G17,68,0.8056,0.915,0.9881,1,3.78,0,6.5,0,20.74,0,19.75,25.86,1.79,3.98,3.79,4.21,36,10
n2_TrackF_r1_F88R_M255A_OFF_T_G17,69,0.8052,0.9202,0.991,1,2.3,0,13.1,0,17.07,0,12.89,20.53,1.42,5.03,4.87,3.23,26,10
n2_TrackF_r1_F88R_M255A_OFF_T_G17,7,0.8568,0.9089,0.9876,1,2.16,0,13.94,0,37.01,0,35.68,38.05,3.34,3.56,5.04,1.46,40,14
n2_TrackF_r1_F88R_M255A_OFF_T_G17,70,0.8044,0.8103,0.9805,0,6.86,0,14.12,0,36.82,0,35.84,36.14,0.99,2.13,2.91,7.92,28,10
n2_TrackF_r1_F88R_M255A_OFF_T_G17,71,0.8032,0.7493,0.9816,0,5.93,0,14.71,0,41.98,0,39.06,40.85,1.75,4.46,4.8,5.0,32,12
n2_TrackF_r1_F88R_M255A_OFF_T_G17,72,0.8021,0.852,0.988,0,5.76,0,23.81,0,29.01,0,31.23,36.75,1.75,2.96,8.09,6.77,24,10
n2_TrackF_r1_F88R_M255A_OFF_T_G17,73,0.8007,0.826,0.9838,1,4.57,0,23.38,0,24.12,0,27.03,32.38,1.09,4.36,5.58,3.87,26,8
n2_TrackF_r1_F88R_M255A_OFF_T_G17,74,0.8003,0.8349,0.9823,1,1.49,0,7.16,0,26.67,0,24.09,31.15,3.53,3.73,2.79,2.58,29,12
n2_TrackF_r1_F88R_M255A_OFF_T_G17,75,0.7999,0.7195,0.9805,1,3.59,0,13.26,0,36.32,0,35.02,36.19,1.64,3.43,4.93,2.18,28,9
n2_TrackF_r1_F88R_M255A_OFF_T_G17,76,0.7993,0.85,0.9865,1,4.19,0,21.22,0,46.46,0,48.9,52.66,1.32,4.26,12.49,3.68,20,5
n2_TrackF_r1_F88R_M255A_OFF_T_G17,77,0.7992,0.8271,0.9833,1,4.79,0,21.37,0,28.49,0,30.1,35.79,1.08,2.99,8.77,6.38,18,8
n2_TrackF_r1_F88R_M255A_OFF_T_G17,78,0.7992,0.8069,0.9859,0,10.88,0,24.41,0,56.86,0,56.87,58.49,3.37,4.51,1.08,11.61,19,7
n2_TrackF_r1_F88R_M255A_OFF_T_G17,79,0.7986,0.8438,0.9887,1,1.43,0,23.49,0,51.83,0,52.81,59.15,2.33,3.67,6.83,2.97,26,9
n2_TrackF_r1_F88R_M255A_OFF_T_G17,8,0.8559,0.8946,0.989,1,2.0,0,13.62,0,38.83,0,37.65,38.75,2.16,3.44,5.5,3.0,30,9
n2_TrackF_r1_F88R_M255A_OFF_T_G17,80,0.7984,0.8251,0.9869,0,6.64,0,14.37,0,39.29,0,38.06,39.2,3.54,5.29,5.34,7.38,19,11
n2_TrackF_r1_F88R_M255A_OFF_T_G17,81,0.7953,0.8169,0.9856,0,5.82,0,21.96,0,29.65,0,30.42,36.49,1.86,4.3,6.86,6.64,20,8
n2_TrackF_r1_F88R_M255A_OFF_T_G17,82,0.7944,0.8319,0.983,1,1.9,1,4.2,0,21.56,0,24.1,30.39,2.6,2.33,2.41,1.46,29,10
n2_TrackF_r1_F88R_M255A_OFF_T_G17,83,0.7936,0.8468,0.9867,1,3.04,0,18.88,0,57.22,0,52.47,58.94,1.69,5.43,11.93,2.76,26,13
n2_TrackF_r1_F88R_M255A_OFF_T_G17,84,0.7923,0.718,0.9819,1,1.49,0,12.22,0,42.29,0,40.15,42.24,1.4,2.89,5.64,2.86,26,9
n2_TrackF_r1_F88R_M255A_OFF_T_G17,85,0.7908,0.7351,0.9802,0,5.35,0,22.33,0,22.41,0,21.73,27.57,2.28,5.23,10.21,5.0,31,12
n2_TrackF_r1_F88R_M255A_OFF_T_G17,86,0.7854,0.7095,0.9792,0,6.68,0,15.38,0,36.35,0,34.76,36.08,1.61,4.89,4.59,7.18,20,9
n2_TrackF_r1_F88R_M255A_OFF_T_G17,87,0.7835,0.744,0.982,0,16.84,0,15.82,0,34.98,0,34.53,33.28,6.74,4.07,6.34,18.68,11,7
n2_TrackF_r1_F88R_M255A_OFF_T_G17,88,0.7814,0.7523,0.9806,0,6.53,0,15.03,0,35.97,0,35.14,35.82,4.26,3.5,4.3,7.44,28,14
n2_TrackF_r1_F88R_M255A_OFF_T_G17,89,0.7797,0.7475,0.981,0,5.9,0,15.49,0,38.96,0,37.57,39.46,2.17,5.82,5.56,6.61,21,10
n2_TrackF_r1_F88R_M255A_OFF_T_G17,9,0.8557,0.9217,0.9907,1,2.94,0,13.19,0,39.09,0,37.18,37.96,1.79,4.35,4.29,1.93,32,11
n2_TrackF_r1_F88R_M255A_OFF_T_G17,90,0.778,0.7148,0.9792,0,11.0,0,17.53,0,49.76,0,48.09,55.08,4.06,4.67,3.58,10.76,22,13
n2_TrackF_r1_F88R_M255A_OFF_T_G17,91,0.7723,0.6593,0.9796,0,5.74,0,16.39,0,37.54,0,36.63,36.75,1.85,4.59,9.08,6.69,35,13
n2_TrackF_r1_F88R_M255A_OFF_T_G17,92,0.7702,0.7759,0.9829,0,8.95,0,15.7,0,13.73,0,14.03,21.93,1.85,5.18,3.27,8.65,17,8
n2_TrackF_r1_F88R_M255A_OFF_T_G17,93,0.7654,0.6068,0.9778,1,3.32,0,20.3,0,48.35,0,47.7,53.33,3.51,4.96,9.92,2.83,29,10
n2_TrackF_r1_F88R_M255A_OFF_T_G17,94,0.7641,0.606,0.9768,1,3.95,0,13.59,0,41.34,0,40.39,41.79,3.13,5.26,6.62,3.74,34,12
n2_TrackF_r1_F88R_M255A_OFF_T_G17,95,0.7539,0.5758,0.9802,1,1.66,0,12.83,0,41.4,0,39.17,40.92,3.68,5.23,4.82,2.92,28,10
n2_TrackF_r1_F88R_M255A_OFF_T_G17,96,0.7496,0.6494,0.9812,0,6.34,0,13.04,0,37.75,0,36.2,37.54,1.76,4.28,5.19,7.74,24,10
n2_TrackF_r1_F88R_M255A_OFF_T_G17,97,0.7407,0.5435,0.9765,0,6.74,0,22.28,0,29.57,0,30.87,36.62,3.1,2.97,4.01,5.97,32,12
n2_TrackF_r1_F88R_M255A_OFF_T_G17,98,0.7172,0.5421,0.9752,1,3.14,1,3.0,0,22.2,0,22.12,28.66,2.99,3.2,3.11,1.5,23,10
n2_TrackF_r1_F88R_M255A_OFF_T_G17,99,0.7168,0.478,0.9761,0,5.99,0,13.35,0,38.1,0,36.69,37.54,2.02,4.03,4.18,6.38,22,11
n2_TrackF_r1_F88R_M255A_S1_G17,0,0.8403,0.8345,0.9895,1,4.21,1,2.14,0,14.21,0,8.76,16.35,1.97,1.8,3.28,4.53,41,12
n2_TrackF_r1_F88R_M255A_S1_G17,1,0.8349,0.8942,0.9922,1,3.22,0,14.86,0,23.42,0,20.44,27.77,2.94,4.64,6.66,3.23,36,14
n2_TrackF_r1_F88R_M255A_S1_G17,10,0.8228,0.7917,0.9868,1,1.24,0,5.74,0,28.47,0,24.54,31.54,2.01,3.69,4.34,2.58,42,12
n2_TrackF_r1_F88R_M255A_S1_G17,11,0.8223,0.8605,0.9854,1,4.89,1,4.88,0,35.85,0,35.12,37.22,1.59,5.88,5.82,6.04,29,15
n2_TrackF_r1_F88R_M255A_S1_G17,12,0.822,0.8209,0.992,1,1.97,0,11.57,0,37.35,0,33.71,39.29,0.79,4.14,8.57,2.88,44,13
n2_TrackF_r1_F88R_M255A_S1_G17,13,0.8216,0.8366,0.9869,0,6.19,1,3.42,0,24.97,0,22.84,30.14,1.16,4.38,5.32,6.45,41,12
n2_TrackF_r1_F88R_M255A_S1_G17,14,0.8216,0.8206,0.9881,1,3.44,0,12.96,0,18.43,0,14.68,21.22,1.48,3.77,4.79,3.37,27,9
n2_TrackF_r1_F88R_M255A_S1_G17,15,0.8205,0.8331,0.9899,1,4.77,1,1.23,0,21.96,0,17.42,24.4,1.9,3.39,3.74,6.36,41,13
n2_TrackF_r1_F88R_M255A_S1_G17,16,0.8201,0.8219,0.9877,1,2.46,1,3.09,1,1.01,1,2.89,4.42,2.34,3.08,5.76,3.57,36,13
n2_TrackF_r1_F88R_M255A_S1_G17,17,0.8198,0.8321,0.9895,0,6.26,1,2.26,0,14.36,0,10.09,17.07,1.64,3.92,3.22,4.29,35,13
n2_TrackF_r1_F88R_M255A_S1_G17,18,0.8192,0.7907,0.9857,1,3.25,1,3.3,1,1.84,1,2.96,4.09,2.06,3.23,4.37,4.7,39,16
n2_TrackF_r1_F88R_M255A_S1_G17,19,0.819,0.9036,0.9871,1,2.1,0,14.88,0,27.7,0,22.66,30.15,3.08,5.6,5.27,2.04,40,15
n2_TrackF_r1_F88R_M255A_S1_G17,2,0.8294,0.927,0.9907,1,2.52,0,12.32,0,30.74,0,25.44,31.94,0.87,3.52,4.14,1.88,46,17
n2_TrackF_r1_F88R_M255A_S1_G17,20,0.8185,0.9408,0.991,0,5.57,1,4.8,0,44.72,0,38.14,43.2,1.79,4.61,5.36,5.12,37,16
n2_TrackF_r1_F88R_M255A_S1_G17,21,0.817,0.7657,0.9872,1,3.03,1,4.94,0,21.3,0,18.59,25.54,2.37,3.01,2.57,2.72,42,12
n2_TrackF_r1_F88R_M255A_S1_G17,22,0.8157,0.7878,0.9848,1,3.01,1,4.86,1,2.19,1,2.96,3.18,1.99,1.13,5.16,4.4,40,14
n2_TrackF_r1_F88R_M255A_S1_G17,23,0.8153,0.8053,0.9885,1,2.79,1,2.17,1,3.6,1,1.77,5.58,2.3,2.98,5.37,4.56,40,14
n2_TrackF_r1_F88R_M255A_S1_G17,24,0.815,0.8225,0.9876,0,5.61,1,2.35,0,23.64,0,21.2,28.28,1.3,1.45,5.7,5.98,29,10
n2_TrackF_r1_F88R_M255A_S1_G17,25,0.815,0.801,0.9856,1,2.91,1,2.78,1,1.35,1,3.21,4.59,1.43,4.56,4.84,3.76,43,15
n2_TrackF_r1_F88R_M255A_S1_G17,26,0.8144,0.8856,0.9868,1,1.79,0,15.96,0,31.66,0,27.84,34.46,2.07,6.27,4.88,1.74,37,15
n2_TrackF_r1_F88R_M255A_S1_G17,27,0.8144,0.7674,0.9881,0,6.51,1,3.02,1,2.18,1,2.57,3.57,1.73,2.27,5.23,6.07,33,12
n2_TrackF_r1_F88R_M255A_S1_G17,28,0.8143,0.8184,0.9894,1,3.26,1,4.89,1,1.11,1,2.72,4.3,2.84,3.6,6.92,5.42,32,13
n2_TrackF_r1_F88R_M255A_S1_G17,29,0.8129,0.8159,0.9878,1,1.45,0,7.3,0,25.66,0,20.25,27.59,1.35,3.42,4.34,2.33,33,10
n2_TrackF_r1_F88R_M255A_S1_G17,3,0.8293,0.8209,0.9886,1,1.66,0,12.68,0,24.65,0,21.31,28.39,1.55,2.47,6.13,3.16,28,10
n2_TrackF_r1_F88R_M255A_S1_G17,30,0.812,0.8052,0.9861,1,3.56,1,2.48,1,2.15,1,3.14,2.8,1.79,3.93,4.45,5.48,37,11
n2_TrackF_r1_F88R_M255A_S1_G17,31,0.8117,0.9234,0.9903,1,4.25,0,5.51,0,42.97,0,38.51,43.34,2.57,4.4,7.02,6.09,36,16
n2_TrackF_r1_F88R_M255A_S1_G17,32,0.8117,0.7616,0.9864,1,0.43,0,16.47,0,27.62,0,22.24,29.32,1.74,2.08,4.8,2.23,32,11
n2_TrackF_r1_F88R_M255A_S1_G17,33,0.8116,0.7964,0.988,1,3.68,0,5.17,1,4.22,0,2.49,3.1,2.09,4.3,4.57,4.73,41,12
n2_TrackF_r1_F88R_M255A_S1_G17,34,0.811,0.7712,0.9851,1,2.64,1,3.18,1,4.84,1,1.05,4.57,2.94,2.93,4.32,4.58,37,13
n2_TrackF_r1_F88R_M255A_S1_G17,35,0.811,0.7765,0.9861,1,3.7,1,4.81,1,3.6,1,2.22,5.13,1.87,3.81,3.99,4.1,37,13
n2_TrackF_r1_F88R_M255A_S1_G17,36,0.811,0.8012,0.9803,0,5.36,0,12.55,0,18.25,0,14.18,20.89,3.33,4.94,6.64,5.13,34,13
n2_TrackF_r1_F88R_M255A_S1_G17,37,0.8108,0.7945,0.9872,1,2.2,1,2.86,1,1.54,1,1.54,4.55,2.3,4.2,5.63,4.88,39,14
n2_TrackF_r1_F88R_M255A_S1_G17,38,0.8107,0.7987,0.9873,1,2.65,1,3.16,1,3.24,1,2.64,4.8,1.61,2.13,4.56,5.26,35,11
n2_TrackF_r1_F88R_M255A_S1_G17,39,0.8098,0.7626,0.9868,1,3.54,1,3.0,1,0.92,1,1.73,4.59,2.69,4.44,6.2,4.74,39,13
n2_TrackF_r1_F88R_M255A_S1_G17,4,0.829,0.8296,0.9895,1,2.94,1,3.94,1,2.81,1,1.31,4.84,1.03,3.41,4.69,4.94,37,11
n2_TrackF_r1_F88R_M255A_S1_G17,40,0.8093,0.808,0.9883,1,2.53,1,3.34,1,3.19,1,2.51,5.16,3.03,2.51,1.97,4.03,38,12
n2_TrackF_r1_F88R_M255A_S1_G17,41,0.8093,0.8074,0.9878,1,2.35,1,2.43,1,1.05,1,2.37,4.43,2.15,3.73,5.92,4.74,38,14
n2_TrackF_r1_F88R_M255A_S1_G17,42,0.8088,0.7751,0.987,0,7.27,1,3.11,1,2.56,1,2.47,4.29,2.13,1.1,4.14,6.38,42,14
n2_TrackF_r1_F88R_M255A_S1_G17,43,0.8085,0.8184,0.9849,0,6.66,1,4.83,0,31.39,0,31.8,33.84,1.72,4.35,5.91,7.45,20,10
n2_TrackF_r1_F88R_M255A_S1_G17,44,0.8084,0.8341,0.9893,1,3.5,1,3.1,1,3.92,1,1.72,6.34,1.79,3.74,2.63,4.48,40,12
n2_TrackF_r1_F88R_M255A_S1_G17,45,0.8079,0.7645,0.985,0,7.15,1,3.7,0,25.4,0,22.65,30.07,1.53,3.29,4.33,6.68,42,12
n2_TrackF_r1_F88R_M255A_S1_G17,46,0.8077,0.73,0.9837,1,1.28,0,18.16,0,26.27,0,22.88,29.64,2.53,1.58,6.04,2.3,32,10
n2_TrackF_r1_F88R_M255A_S1_G17,47,0.8073,0.7975,0.9871,1,2.81,1,3.77,1,2.05,1,3.5,1.8,2.57,2.0,4.55,4.34,43,12
n2_TrackF_r1_F88R_M255A_S1_G17,48,0.8071,0.7717,0.9874,1,1.5,0,7.24,0,36.03,0,32.75,40.55,2.03,2.94,1.49,1.78,47,14
n2_TrackF_r1_F88R_M255A_S1_G17,49,0.8066,0.8364,0.987,0,6.28,0,9.09,0,33.8,0,34.01,35.73,1.36,6.37,7.52,5.25,22,11
n2_TrackF_r1_F88R_M255A_S1_G17,5,0.8276,0.8464,0.9894,1,3.42,0,16.84,0,16.39,0,9.23,16.89,2.45,2.39,5.68,3.73,29,11
n2_TrackF_r1_F88R_M255A_S1_G17,50,0.8054,0.8914,0.9871,1,3.47,0,15.25,1,1.95,0,3.02,3.85,1.94,5.21,5.11,5.36,40,13
n2_TrackF_r1_F88R_M255A_S1_G17,51,0.8044,0.7635,0.9856,1,2.29,1,2.91,1,2.38,1,2.4,3.8,1.35,3.9,3.56,4.29,44,14
n2_TrackF_r1_F88R_M255A_S1_G17,52,0.8043,0.7958,0.9875,1,2.78,1,4.32,1,1.43,1,2.81,4.09,2.26,5.16,3.61,4.32,38,13
n2_TrackF_r1_F88R_M255A_S1_G17,53,0.8036,0.7893,0.9858,1,2.73,1,4.86,1,1.43,1,2.53,3.11,2.2,2.04,3.8,4.74,47,15
n2_TrackF_r1_F88R_M255A_S1_G17,54,0.8035,0.7463,0.9842,1,4.18,1,3.9,1,0.59,1,1.93,4.94,2.57,2.36,5.41,5.25,40,13
n2_TrackF_r1_F88R_M255A_S1_G17,55,0.8031,0.7646,0.9863,1,1.17,1,3.03,1,4.13,1,3.13,4.72,2.71,2.97,3.86,2.65,45,13
n2_TrackF_r1_F88R_M255A_S1_G17,56,0.803,0.8979,0.9883,1,2.39,0,11.48,0,36.7,0,28.97,35.72,2.92,2.31,3.06,2.27,41,16
n2_TrackF_r1_F88R_M255A_S1_G17,57,0.802,0.7624,0.9895,1,2.38,0,5.1,1,1.66,0,2.69,5.78,2.38,6.41,12.75,2.95,28,10
n2_TrackF_r1_F88R_M255A_S1_G17,58,0.8019,0.7713,0.9869,1,3.15,1,4.73,1,4.62,1,1.62,4.66,2.65,3.1,4.42,5.06,36,13
n2_TrackF_r1_F88R_M255A_S1_G17,59,0.8019,0.8469,0.9847,0,6.94,1,3.76,0,31.45,0,31.84,33.31,1.47,5.1,4.31,7.04,26,11
n2_TrackF_r1_F88R_M255A_S1_G17,6,0.8255,0.8576,0.9905,0,6.28,1,3.55,1,0.91,1,3.37,3.85,1.33,2.51,4.41,5.75,43,12
n2_TrackF_r1_F88R_M255A_S1_G17,60,0.8018,0.7718,0.9859,1,2.63,1,2.89,1,0.75,1,2.67,4.17,2.28,4.02,4.41,3.72,49,13
n2_TrackF_r1_F88R_M255A_S1_G17,61,0.7984,0.7284,0.9896,1,3.37,1,1.89,0,33.86,0,29.17,36.66,1.39,3.13,4.91,1.7,43,14
n2_TrackF_r1_F88R_M255A_S1_G17,62,0.7981,0.7474,0.9856,0,5.64,1,4.23,0,26.17,0,20.02,27.41,1.59,1.36,4.26,5.73,40,15
n2_TrackF_r1_F88R_M255A_S1_G17,63,0.7978,0.7602,0.9839,1,2.21,0,15.44,0,16.95,0,13.43,19.99,2.25,3.05,4.81,1.39,30,12
n2_TrackF_r1_F88R_M255A_S1_G17,64,0.7971,0.8828,0.988,1,4.49,0,16.14,0,21.94,0,18.33,26.17,2.23,5.36,3.39,6.19,34,15
n2_TrackF_r1_F88R_M255A_S1_G17,65,0.797,0.7768,0.9872,1,2.97,1,2.44,0,26.45,0,20.69,27.9,1.51,1.44,4.45,4.59,44,12
n2_TrackF_r1_F88R_M255A_S1_G17,66,0.7957,0.753,0.9861,1,3.58,1,3.62,1,1.25,1,2.71,4.28,1.99,2.16,4.57,4.79,39,10
n2_TrackF_r1_F88R_M255A_S1_G17,67,0.7956,0.7659,0.9843,1,1.78,0,15.96,0,18.73,0,13.75,20.2,2.58,4.45,4.12,1.69,34,13
n2_TrackF_r1_F88R_M255A_S1_G17,68,0.7953,0.8117,0.9876,1,2.16,0,12.94,0,23.71,0,22.38,29.71,1.53,4.27,6.95,2.96,34,15
n2_TrackF_r1_F88R_M255A_S1_G17,69,0.7933,0.7768,0.987,1,1.29,0,7.98,0,34.93,0,31.33,38.9,1.69,3.71,4.75,2.08,41,12
n2_TrackF_r1_F88R_M255A_S1_G17,7,0.8241,0.8542,0.9859,1,2.42,0,13.98,0,28.8,0,24.38,31.81,1.32,3.85,5.52,1.22,32,16
n2_TrackF_r1_F88R_M255A_S1_G17,70,0.7919,0.6842,0.9832,1,0.78,1,3.06,0,34.63,0,31.48,38.88,2.71,2.86,3.27,2.74,52,12
n2_TrackF_r1_F88R_M255A_S1_G17,71,0.7906,0.7444,0.9839,0,5.26,0,5.6,1,2.38,0,2.66,5.69,2.6,3.11,4.59,6.24,32,13
n2_TrackF_r1_F88R_M255A_S1_G17,72,0.7899,0.7416,0.9858,1,1.37,0,13.48,0,20.5,0,14.18,20.31,2.34,3.33,3.3,2.55,36,11
n2_TrackF_r1_F88R_M255A_S1_G17,73,0.7888,0.7604,0.986,1,2.8,1,2.55,1,2.59,1,3.52,2.85,1.83,3.12,3.95,4.28,51,12
n2_TrackF_r1_F88R_M255A_S1_G17,74,0.7886,0.7539,0.9865,1,1.85,0,11.71,0,36.62,0,31.17,38.53,3.05,4.64,4.2,2.04,36,11
n2_TrackF_r1_F88R_M255A_S1_G17,75,0.7884,0.8334,0.9866,1,2.64,0,13.52,0,18.61,0,17.25,24.59,0.75,2.37,1.82,4.09,43,14
n2_TrackF_r1_F88R_M255A_S1_G17,76,0.7883,0.7604,0.9888,0,5.92,1,3.1,0,25.13,0,20.53,28.01,1.29,3.45,5.23,6.34,34,13
n2_TrackF_r1_F88R_M255A_S1_G17,77,0.7879,0.7518,0.9843,1,3.16,1,2.79,1,1.72,1,2.3,4.31,2.81,2.49,4.51,4.95,44,14
n2_TrackF_r1_F88R_M255A_S1_G17,78,0.7877,0.7691,0.9827,1,1.51,0,15.58,0,22.24,0,14.46,21.1,2.61,3.78,4.88,1.75,34,12
n2_TrackF_r1_F88R_M255A_S1_G17,79,0.7859,0.6827,0.9837,1,2.11,1,3.3,1,3.96,1,1.64,3.62,1.91,2.6,4.69,4.49,38,13
n2_TrackF_r1_F88R_M255A_S1_G17,8,0.8238,0.8568,0.9899,1,2.19,1,3.13,1,1.15,1,4.1,4.68,2.41,4.96,3.65,3.87,49,14
n2_TrackF_r1_F88R_M255A_S1_G17,80,0.785,0.6728,0.9825,1,0.95,0,9.57,0,26.24,0,22.95,29.27,1.36,2.33,2.99,2.41,30,10
n2_TrackF_r1_F88R_M255A_S1_G17,81,0.784,0.8543,0.987,1,2.25,0,11.34,0,37.38,0,32.17,39.63,2.09,5.99,4.74,2.86,40,16
n2_TrackF_r1_F88R_M255A_S1_G17,82,0.7832,0.8696,0.9888,0,5.33,0,14.73,0,22.68,0,19.05,27.12,1.79,3.41,5.79,6.61,27,12
n2_TrackF_r1_F88R_M255A_S1_G17,83,0.783,0.677,0.9827,1,4.85,1,2.64,1,3.2,1,0.91,4.16,1.84,2.74,4.43,6.46,40,14
n2_TrackF_r1_F88R_M255A_S1_G17,84,0.7819,0.7289,0.986,1,3.15,1,1.5,1,3.05,1,3.47,6.09,2.35,3.95,4.85,4.45,35,14
n2_TrackF_r1_F88R_M255A_S1_G17,85,0.7817,0.6992,0.9843,1,2.92,1,3.44,1,2.04,1,1.35,4.41,2.14,1.17,4.32,4.64,40,13
n2_TrackF_r1_F88R_M255A_S1_G17,86,0.7805,0.7555,0.9827,1,3.65,0,6.41,0,39.51,0,35.66,40.42,0.88,1.9,6.85,4.65,43,17
n2_TrackF_r1_F88R_M255A_S1_G17,87,0.7788,0.8104,0.9829,1,3.02,0,18.28,0,22.47,0,15.83,23.36,1.97,4.69,6.27,3.24,36,13
n2_TrackF_r1_F88R_M255A_S1_G17,88,0.7779,0.7092,0.9877,1,3.35,1,3.42,1,0.84,1,1.91,3.98,2.43,1.69,4.13,4.98,38,14
n2_TrackF_r1_F88R_M255A_S1_G17,89,0.7773,0.6913,0.982,1,2.55,1,2.95,1,4.02,1,1.71,4.87,1.84,2.52,3.86,4.3,41,14
n2_TrackF_r1_F88R_M255A_S1_G17,9,0.8233,0.8909,0.9882,0,5.94,1,2.9,0,34.0,0,34.02,35.55,1.61,5.61,3.67,6.47,32,15
n2_TrackF_r1_F88R_M255A_S1_G17,90,0.7771,0.6688,0.9831,1,0.72,0,5.7,0,34.05,0,30.39,38.02,2.13,3.33,4.34,1.9,46,13
n2_TrackF_r1_F88R_M255A_S1_G17,91,0.7769,0.6716,0.9845,1,3.44,1,4.28,1,3.0,1,1.48,4.07,1.99,3.71,5.69,5.18,36,13
n2_TrackF_r1_F88R_M255A_S1_G17,92,0.7751,0.6513,0.982,0,7.32,1,3.62,0,23.06,0,20.22,28.12,2.43,2.19,5.0,6.61,38,13
n2_TrackF_r1_F88R_M255A_S1_G17,93,0.7726,0.6167,0.9787,1,0.9,1,2.24,0,37.12,0,31.83,39.49,2.83,3.11,4.78,1.58,40,12
n2_TrackF_r1_F88R_M255A_S1_G17,94,0.7717,0.8031,0.9829,1,3.81,0,14.25,0,26.15,0,18.36,26.28,2.18,3.71,4.59,4.75,42,14
n2_TrackF_r1_F88R_M255A_S1_G17,95,0.7712,0.694,0.985,1,1.23,0,15.11,0,38.09,0,29.81,38.22,1.19,6.53,12.37,2.42,43,11
n2_TrackF_r1_F88R_M255A_S1_G17,96,0.7658,0.6169,0.9825,0,6.76,1,3.58,0,24.87,0,18.65,26.32,1.47,3.82,4.67,7.93,34,12
n2_TrackF_r1_F88R_M255A_S1_G17,97,0.7594,0.744,0.987,1,2.24,1,3.75,0,30.41,0,24.53,31.71,2.23,4.44,3.11,3.88,44,12
n2_TrackF_r1_F88R_M255A_S1_G17,98,0.7442,0.658,0.9835,1,1.31,0,12.73,0,35.46,0,30.68,38.87,2.06,2.69,2.89,1.29,55,15
n2_TrackF_r1_F88R_M255A_S1_G17,99,0.7147,0.5949,0.9845,1,1.44,0,15.0,0,34.03,0,29.53,37.54,0.98,2.63,3.45,2.26,37,14
n2_TrackF_r1_F88R_M255I_OFF_T_G17,0,0.8605,0.9065,0.9903,1,2.03,0,10.07,0,38.29,0,36.86,38.01,2.75,3.71,5.18,3.69,31,10
n2_TrackF_r1_F88R_M255I_OFF_T_G17,1,0.8603,0.9156,0.9913,1,1.82,0,11.37,0,34.99,0,34.2,35.42,2.85,3.14,5.18,4.01,39,11
n2_TrackF_r1_F88R_M255I_OFF_T_G17,10,0.8517,0.8937,0.9883,1,2.62,0,13.08,0,38.01,0,36.84,38.82,2.7,3.79,5.54,4.06,29,9
n2_TrackF_r1_F88R_M255I_OFF_T_G17,11,0.8507,0.9145,0.9906,1,2.19,0,13.19,0,38.03,0,36.1,38.48,3.09,5.12,5.59,4.62,29,9
n2_TrackF_r1_F88R_M255I_OFF_T_G17,12,0.8504,0.9096,0.9892,0,5.4,0,10.17,0,36.42,0,36.5,36.3,1.46,4.08,5.59,5.54,29,12
n2_TrackF_r1_F88R_M255I_OFF_T_G17,13,0.849,0.8566,0.9877,1,1.75,0,9.81,0,36.55,0,35.23,37.32,1.91,3.53,4.63,1.74,35,12
n2_TrackF_r1_F88R_M255I_OFF_T_G17,14,0.8483,0.9324,0.9896,1,2.89,0,13.66,0,32.73,0,31.18,34.25,1.15,2.42,3.96,3.4,45,17
n2_TrackF_r1_F88R_M255I_OFF_T_G17,15,0.8478,0.9074,0.9891,0,9.15,0,14.13,0,38.21,0,33.85,40.56,3.05,5.24,6.48,9.61,15,8
n2_TrackF_r1_F88R_M255I_OFF_T_G17,16,0.8476,0.917,0.9918,1,2.24,0,20.24,0,58.04,0,51.64,57.64,2.04,6.95,11.38,2.7,28,13
n2_TrackF_r1_F88R_M255I_OFF_T_G17,17,0.8466,0.8916,0.8242,1,1.43,0,12.15,0,38.78,0,36.81,39.39,3.08,4.37,6.09,2.4,30,10
n2_TrackF_r1_F88R_M255I_OFF_T_G17,18,0.8466,0.9117,0.9905,1,3.65,0,20.34,0,59.82,0,52.16,58.84,4.26,6.55,12.35,2.71,28,12
n2_TrackF_r1_F88R_M255I_OFF_T_G17,19,0.8465,0.8589,0.9852,1,2.17,0,12.93,0,39.23,0,38.25,38.92,2.94,3.47,4.05,2.93,32,10
n2_TrackF_r1_F88R_M255I_OFF_T_G17,2,0.8601,0.8984,0.9893,1,1.77,0,13.22,0,38.14,0,36.51,37.78,1.67,3.49,5.29,3.29,31,11
n2_TrackF_r1_F88R_M255I_OFF_T_G17,20,0.845,0.841,0.9833,1,1.91,0,13.04,0,38.69,0,36.3,38.04,1.72,3.32,2.23,2.6,32,10
n2_TrackF_r1_F88R_M255I_OFF_T_G17,21,0.844,0.9132,0.9899,0,5.94,0,15.01,0,41.0,0,39.4,41.07,1.8,5.04,6.0,6.31,30,13
n2_TrackF_r1_F88R_M255I_OFF_T_G17,22,0.8436,0.8948,0.9882,0,12.42,0,15.59,0,36.6,0,35.53,40.52,2.31,4.72,5.26,13.59,14,12
n2_TrackF_r1_F88R_M255I_OFF_T_G17,23,0.8425,0.8889,0.9868,1,2.22,0,13.22,0,37.55,0,36.43,37.71,2.73,5.08,4.01,3.28,35,11
n2_TrackF_r1_F88R_M255I_OFF_T_G17,24,0.842,0.8756,0.9859,1,1.9,0,12.87,0,36.52,0,35.09,35.93,2.34,5.26,3.77,2.4,32,11
n2_TrackF_r1_F88R_M255I_OFF_T_G17,25,0.8405,0.8991,0.9893,1,2.37,0,13.51,0,40.6,0,38.65,40.14,1.91,3.27,5.06,1.09,31,11
n2_TrackF_r1_F88R_M255I_OFF_T_G17,26,0.8387,0.8811,0.9871,1,2.74,0,13.89,0,39.1,0,37.71,38.49,2.15,5.31,5.29,2.7,33,10
n2_TrackF_r1_F88R_M255I_OFF_T_G17,27,0.8381,0.878,0.9862,0,9.93,0,14.03,0,34.99,0,35.8,35.33,3.94,5.32,6.12,8.33,23,10
n2_TrackF_r1_F88R_M255I_OFF_T_G17,28,0.8381,0.8952,0.9873,1,1.86,0,13.46,0,39.07,0,37.73,39.13,4.06,4.17,5.07,3.09,32,8
n2_TrackF_r1_F88R_M255I_OFF_T_G17,29,0.8377,0.8547,0.982,0,5.09,0,13.11,0,36.24,0,34.08,35.59,2.07,4.44,3.54,2.64,31,11
n2_TrackF_r1_F88R_M255I_OFF_T_G17,3,0.8595,0.8782,0.9889,1,3.25,0,13.52,0,36.04,0,35.61,36.51,1.82,4.63,3.87,3.25,35,10
n2_TrackF_r1_F88R_M255I_OFF_T_G17,30,0.8373,0.9214,0.989,1,1.53,0,12.99,0,34.57,0,33.54,35.06,2.49,3.27,5.61,1.93,38,11
n2_TrackF_r1_F88R_M255I_OFF_T_G17,31,0.8373,0.9125,0.9898,1,4.69,0,13.77,0,38.65,0,37.32,39.23,3.09,6.05,6.64,3.51,31,11
n2_TrackF_r1_F88R_M255I_OFF_T_G17,32,0.837,0.8922,0.9866,0,6.19,0,16.78,0,52.86,0,47.13,52.4,3.43,2.29,6.52,5.6,40,14
n2_TrackF_r1_F88R_M255I_OFF_T_G17,33,0.8351,0.8775,0.986,1,1.83,0,12.41,0,40.48,0,37.39,39.48,2.54,3.64,5.09,4.05,31,11
n2_TrackF_r1_F88R_M255I_OFF_T_G17,34,0.835,0.8465,0.9861,1,2.34,0,8.69,0,36.78,0,34.63,37.38,2.69,4.47,5.69,3.77,30,8
n2_TrackF_r1_F88R_M255I_OFF_T_G17,35,0.8344,0.8602,0.9867,0,7.09,0,13.3,0,40.65,0,38.23,39.72,1.79,2.82,6.32,8.17,25,12
n2_TrackF_r1_F88R_M255I_OFF_T_G17,36,0.8342,0.8888,0.9875,0,5.99,0,14.18,0,40.12,0,39.24,39.63,3.15,5.25,5.83,5.74,31,11
n2_TrackF_r1_F88R_M255I_OFF_T_G17,37,0.8337,0.828,0.9859,1,1.81,0,13.17,0,38.66,0,37.52,39.3,3.13,5.18,5.98,2.65,32,10
n2_TrackF_r1_F88R_M255I_OFF_T_G17,38,0.8335,0.8915,0.9839,0,7.25,0,12.86,0,35.75,0,33.59,34.83,1.14,2.38,3.26,8.15,28,11
n2_TrackF_r1_F88R_M255I_OFF_T_G17,39,0.8318,0.893,0.9861,1,2.2,0,13.65,0,37.25,0,36.04,37.76,3.12,4.8,5.2,1.84,31,8
n2_TrackF_r1_F88R_M255I_OFF_T_G17,4,0.8582,0.9046,0.9897,1,1.87,0,13.03,0,39.07,0,37.62,39.42,1.87,3.67,5.43,3.0,30,12
n2_TrackF_r1_F88R_M255I_OFF_T_G17,40,0.8296,0.8626,0.9856,1,2.61,0,12.56,0,36.14,0,34.45,36.6,2.5,4.38,1.47,3.32,34,11
n2_TrackF_r1_F88R_M255I_OFF_T_G17,41,0.8285,0.898,0.985,1,4.51,0,21.9,0,30.46,0,28.97,31.14,0.72,4.69,2.91,3.84,45,17
n2_TrackF_r1_F88R_M255I_OFF_T_G17,42,0.8283,0.8947,0.9907,1,1.13,0,12.77,0,34.15,0,34.94,36.83,1.79,3.96,10.12,3.72,36,9
n2_TrackF_r1_F88R_M255I_OFF_T_G17,43,0.8281,0.8578,0.9874,0,5.27,0,11.6,0,37.55,0,36.35,37.18,2.82,4.01,4.45,7.2,22,11
n2_TrackF_r1_F88R_M255I_OFF_T_G17,44,0.8275,0.8666,0.9863,1,3.01,0,11.32,0,35.68,0,35.54,35.73,2.05,2.76,5.35,2.39,32,13
n2_TrackF_r1_F88R_M255I_OFF_T_G17,45,0.8264,0.8505,0.9867,1,3.75,0,21.33,0,50.59,0,45.63,50.28,1.03,4.18,9.68,3.82,34,13
n2_TrackF_r1_F88R_M255I_OFF_T_G17,46,0.8264,0.8966,0.9876,0,5.53,0,14.51,0,43.35,0,39.73,42.17,2.0,3.66,5.66,5.99,23,13
n2_TrackF_r1_F88R_M255I_OFF_T_G17,47,0.8262,0.827,0.9878,0,7.98,0,27.75,0,36.61,0,40.66,38.47,2.94,4.25,3.57,6.2,42,12
n2_TrackF_r1_F88R_M255I_OFF_T_G17,48,0.8259,0.8898,0.9841,0,6.66,0,13.98,0,39.07,0,37.04,38.49,2.03,4.21,3.53,6.33,31,12
n2_TrackF_r1_F88R_M255I_OFF_T_G17,49,0.8257,0.8926,0.9879,1,3.21,0,11.56,0,29.2,0,27.99,29.14,2.43,3.44,5.65,4.65,31,14
n2_TrackF_r1_F88R_M255I_OFF_T_G17,5,0.8581,0.9425,0.9933,1,1.79,0,13.71,0,37.69,0,36.08,38.9,1.79,3.2,5.09,3.81,33,13
n2_TrackF_r1_F88R_M255I_OFF_T_G17,50,0.8245,0.8918,0.9845,1,3.96,0,14.2,0,36.62,0,34.74,36.65,3.06,3.19,6.07,4.55,32,13
n2_TrackF_r1_F88R_M255I_OFF_T_G17,51,0.8236,0.8716,0.9852,0,5.24,0,13.15,0,40.87,0,37.52,39.23,3.43,3.9,3.6,6.39,24,11
n2_TrackF_r1_F88R_M255I_OFF_T_G17,52,0.8232,0.8992,0.9889,1,1.68,0,11.74,0,37.11,0,36.33,37.62,3.15,5.71,5.68,4.22,30,10
n2_TrackF_r1_F88R_M255I_OFF_T_G17,53,0.8229,0.8253,0.9828,1,2.11,0,13.7,0,35.27,0,34.09,35.5,1.33,2.85,3.75,2.24,31,11
n2_TrackF_r1_F88R_M255I_OFF_T_G17,54,0.8226,0.9159,0.99,1,1.78,0,12.4,0,33.3,0,32.48,32.85,2.52,4.09,5.07,3.99,36,10
n2_TrackF_r1_F88R_M255I_OFF_T_G17,55,0.8225,0.8005,0.9798,0,6.65,0,14.63,0,37.05,0,35.33,36.87,4.87,3.5,4.36,7.29,29,11
n2_TrackF_r1_F88R_M255I_OFF_T_G17,56,0.822,0.8565,0.9856,0,6.42,0,16.3,0,41.78,0,39.67,42.38,2.72,3.8,7.15,5.77,30,11
n2_TrackF_r1_F88R_M255I_OFF_T_G17,57,0.8206,0.8545,0.9862,0,5.24,0,14.2,0,37.29,0,36.9,38.32,3.04,4.89,5.99,6.1,19,12
n2_TrackF_r1_F88R_M255I_OFF_T_G17,58,0.8191,0.8844,0.985,0,7.17,0,16.06,0,35.5,0,35.41,35.45,4.59,3.48,5.09,8.11,26,15
n2_TrackF_r1_F88R_M255I_OFF_T_G17,59,0.8189,0.8602,0.9875,1,2.23,0,13.62,0,36.33,0,35.47,35.97,1.64,5.3,5.86,2.31,28,10
n2_TrackF_r1_F88R_M255I_OFF_T_G17,6,0.8577,0.8994,0.9895,1,1.81,0,13.58,0,38.83,0,37.18,38.81,3.08,3.56,3.62,3.27,29,9
n2_TrackF_r1_F88R_M255I_OFF_T_G17,60,0.8177,0.8259,0.9843,0,6.63,0,14.58,0,40.34,0,38.3,40.78,3.26,3.7,4.36,7.04,22,10
n2_TrackF_r1_F88R_M255I_OFF_T_G17,61,0.8173,0.8113,0.9813,1,2.83,0,12.6,0,34.75,0,34.41,35.1,1.34,3.74,4.79,2.67,29,12
n2_TrackF_r1_F88R_M255I_OFF_T_G17,62,0.8171,0.8252,0.9839,0,6.59,0,19.97,0,41.76,0,41.08,40.91,2.11,3.0,9.31,5.08,30,14
n2_TrackF_r1_F88R_M255I_OFF_T_G17,63,0.8166,0.8983,0.9893,0,11.46,0,19.46,0,52.02,0,46.66,53.51,6.14,3.63,2.73,17.42,21,9
n2_TrackF_r1_F88R_M255I_OFF_T_G17,64,0.8161,0.8314,0.9816,0,6.86,0,14.47,0,39.77,0,37.42,38.85,2.33,4.37,4.69,7.46,27,11
n2_TrackF_r1_F88R_M255I_OFF_T_G17,65,0.8154,0.8065,0.9838,1,1.24,0,12.8,0,37.96,0,36.73,37.78,3.01,3.66,4.4,2.96,36,10
n2_TrackF_r1_F88R_M255I_OFF_T_G17,66,0.8152,0.8438,0.9814,0,6.53,0,14.92,0,37.64,0,36.6,37.25,1.91,2.53,3.82,7.07,25,11
n2_TrackF_r1_F88R_M255I_OFF_T_G17,67,0.8151,0.9082,0.9879,1,4.77,0,13.47,0,28.68,0,21.25,28.23,1.97,3.89,3.63,5.09,35,15
n2_TrackF_r1_F88R_M255I_OFF_T_G17,68,0.815,0.8828,0.9867,0,6.6,0,17.35,0,48.48,0,44.65,47.46,3.02,3.94,6.54,5.54,27,14
n2_TrackF_r1_F88R_M255I_OFF_T_G17,69,0.8138,0.9214,0.9898,1,2.96,0,6.8,0,21.42,0,19.63,25.29,2.46,3.76,4.04,4.21,39,16
n2_TrackF_r1_F88R_M255I_OFF_T_G17,7,0.8535,0.8931,0.9861,1,4.02,0,13.78,0,35.68,0,35.58,36.23,1.68,4.38,5.22,1.83,25,10
n2_TrackF_r1_F88R_M255I_OFF_T_G17,70,0.8125,0.7929,0.9831,1,2.05,0,12.43,0,42.44,0,39.91,41.96,2.41,2.35,6.24,3.63,43,12
n2_TrackF_r1_F88R_M255I_OFF_T_G17,71,0.8107,0.8846,0.9872,0,6.25,0,13.06,0,41.55,0,39.38,41.21,2.39,3.41,6.43,7.45,19,11
n2_TrackF_r1_F88R_M255I_OFF_T_G17,72,0.8101,0.7287,0.9797,1,2.61,0,12.25,0,38.34,0,36.38,37.91,4.18,3.43,4.41,2.96,31,12
n2_TrackF_r1_F88R_M255I_OFF_T_G17,73,0.8093,0.8413,0.9891,0,5.49,0,25.83,0,49.9,0,46.47,48.55,2.8,3.1,3.28,4.69,37,14
n2_TrackF_r1_F88R_M255I_OFF_T_G17,74,0.8091,0.8448,0.9836,1,3.73,0,18.82,0,23.66,0,21.5,26.95,2.03,1.63,6.31,4.46,39,11
n2_TrackF_r1_F88R_M255I_OFF_T_G17,75,0.8076,0.8635,0.9871,1,4.69,0,23.15,0,24.51,0,23.15,29.77,1.81,3.2,9.61,6.42,33,11
n2_TrackF_r1_F88R_M255I_OFF_T_G17,76,0.8067,0.893,0.9894,0,6.01,0,12.99,0,36.97,0,35.32,36.79,1.93,3.9,5.31,7.43,25,12
n2_TrackF_r1_F88R_M255I_OFF_T_G17,77,0.8027,0.8319,0.9845,1,1.28,0,13.82,0,36.25,0,36.36,37.71,2.81,5.33,5.27,3.4,28,11
n2_TrackF_r1_F88R_M255I_OFF_T_G17,78,0.8002,0.8322,0.988,0,6.16,0,23.16,0,34.08,0,34.79,38.64,2.35,3.23,3.87,7.06,20,8
n2_TrackF_r1_F88R_M255I_OFF_T_G17,79,0.7997,0.8646,0.9853,0,5.35,0,23.24,0,31.18,0,32.17,37.66,2.32,3.0,2.3,5.91,29,9
n2_TrackF_r1_F88R_M255I_OFF_T_G17,8,0.8526,0.8861,0.9879,1,1.84,0,13.44,0,38.87,0,39.1,39.56,2.54,2.35,5.7,3.77,34,10
n2_TrackF_r1_F88R_M255I_OFF_T_G17,80,0.7997,0.7579,0.9799,0,5.98,0,13.99,0,35.8,0,34.66,35.38,1.49,4.82,3.0,7.38,21,9
n2_TrackF_r1_F88R_M255I_OFF_T_G17,81,0.7979,0.8184,0.9836,0,5.2,0,23.45,0,25.33,0,27.72,32.22,1.96,3.36,8.17,4.25,23,10
n2_TrackF_r1_F88R_M255I_OFF_T_G17,82,0.7946,0.7844,0.9834,0,6.59,0,12.47,0,38.38,0,35.97,37.53,1.92,3.34,4.16,7.69,21,11
n2_TrackF_r1_F88R_M255I_OFF_T_G17,83,0.7943,0.8278,0.9842,0,6.28,0,13.84,0,33.38,0,31.09,33.1,1.57,5.39,4.49,6.3,24,13
n2_TrackF_r1_F88R_M255I_OFF_T_G17,84,0.7916,0.8184,0.9834,1,3.9,0,21.77,0,24.56,0,25.46,30.38,0.91,2.95,4.83,5.43,23,8
n2_TrackF_r1_F88R_M255I_OFF_T_G17,85,0.7912,0.742,0.9798,0,5.8,0,13.54,0,39.18,0,36.87,38.46,2.75,4.5,4.07,5.8,28,11
n2_TrackF_r1_F88R_M255I_OFF_T_G17,86,0.7909,0.8163,0.9853,0,6.48,0,14.38,0,38.54,0,36.8,38.59,3.66,4.5,5.54,7.19,22,12
n2_TrackF_r1_F88R_M255I_OFF_T_G17,87,0.7856,0.8029,0.9785,0,6.46,0,14.22,0,35.85,0,34.99,35.49,2.52,4.08,3.83,7.3,24,11
n2_TrackF_r1_F88R_M255I_OFF_T_G17,88,0.7847,0.6729,0.9809,0,5.86,0,13.7,0,41.98,0,38.22,40.54,1.37,4.5,2.84,6.02,24,10
n2_TrackF_r1_F88R_M255I_OFF_T_G17,89,0.7836,0.7407,0.981,1,1.7,0,12.67,0,36.88,0,35.39,37.99,2.29,3.59,6.64,3.35,34,15
n2_TrackF_r1_F88R_M255I_OFF_T_G17,9,0.852,0.8915,0.9891,1,1.71,0,12.71,0,40.96,0,39.02,41.55,2.64,2.28,5.32,4.46,30,9
n2_TrackF_r1_F88R_M255I_OFF_T_G17,90,0.7833,0.8131,0.9828,0,5.85,0,9.97,0,35.7,0,34.41,33.84,2.02,1.91,6.03,6.99,23,12
n2_TrackF_r1_F88R_M255I_OFF_T_G17,91,0.7764,0.6898,0.9793,1,3.91,0,9.85,0,26.3,0,25.89,30.86,2.33,2.81,5.11,3.38,25,8
n2_TrackF_r1_F88R_M255I_OFF_T_G17,92,0.776,0.6624,0.9788,1,1.9,0,13.06,0,39.27,0,36.65,39.24,2.22,3.66,6.58,2.09,29,8
n2_TrackF_r1_F88R_M255I_OFF_T_G17,93,0.7756,0.7128,0.9777,0,5.9,0,14.98,0,38.19,0,36.41,38.65,3.66,3.7,3.89,6.26,23,12
n2_TrackF_r1_F88R_M255I_OFF_T_G17,94,0.7723,0.6133,0.9775,1,3.57,0,17.87,0,52.23,0,47.92,53.17,3.1,5.04,9.91,2.88,32,12
n2_TrackF_r1_F88R_M255I_OFF_T_G17,95,0.7637,0.656,0.9774,1,3.77,0,13.15,0,36.47,0,35.63,36.42,2.52,3.44,4.8,4.31,29,14
n2_TrackF_r1_F88R_M255I_OFF_T_G17,96,0.7616,0.6804,0.9818,0,6.66,0,20.83,0,32.79,0,34.19,38.68,3.19,2.33,4.92,5.55,19,8
n2_TrackF_r1_F88R_M255I_OFF_T_G17,97,0.7535,0.6984,0.9763,1,2.2,1,2.66,0,27.03,0,23.84,30.43,3.13,3.35,3.98,1.92,31,12
n2_TrackF_r1_F88R_M255I_OFF_T_G17,98,0.7501,0.6229,0.9777,1,2.79,0,12.74,0,38.98,0,36.22,38.18,1.85,4.8,4.21,3.14,31,9
n2_TrackF_r1_F88R_M255I_OFF_T_G17,99,0.7492,0.5389,0.9788,0,5.31,0,15.44,0,40.88,0,38.42,41.3,1.24,5.23,5.38,7.0,29,11
n2_TrackF_r1_F88R_M255I_S1_G17,0,0.8326,0.8378,0.9902,1,2.3,0,13.6,0,38.59,0,29.66,37.73,1.42,7.83,11.39,2.28,46,12
n2_TrackF_r1_F88R_M255I_S1_G17,1,0.8252,0.9159,0.9886,1,4.68,0,5.43,0,36.59,0,35.47,37.36,2.31,4.66,4.89,4.02,30,12
n2_TrackF_r1_F88R_M255I_S1_G17,10,0.821,0.931,0.991,1,3.44,0,16.01,0,33.89,0,24.94,31.74,0.76,5.38,3.81,2.18,38,16
n2_TrackF_r1_F88R_M255I_S1_G17,11,0.821,0.8452,0.9914,0,5.33,1,4.25,1,3.52,1,3.01,3.28,2.17,3.16,3.14,5.9,38,12
n2_TrackF_r1_F88R_M255I_S1_G17,12,0.8201,0.8404,0.9888,1,2.81,1,3.27,1,0.92,1,5.81,3.27,2.18,5.4,3.24,3.17,48,15
n2_TrackF_r1_F88R_M255I_S1_G17,13,0.8195,0.9172,0.9906,1,1.86,0,12.76,0,33.45,0,25.37,32.67,1.18,6.54,5.33,1.82,40,15
n2_TrackF_r1_F88R_M255I_S1_G17,14,0.8194,0.833,0.9902,1,3.53,0,5.8,1,2.63,0,4.37,4.12,2.42,3.32,4.97,6.4,43,12
n2_TrackF_r1_F88R_M255I_S1_G17,15,0.8189,0.9228,0.9913,1,2.5,0,10.79,0,32.97,0,24.79,31.93,2.41,4.87,5.51,2.44,36,17
n2_TrackF_r1_F88R_M255I_S1_G17,16,0.8187,0.882,0.9878,0,6.22,1,4.41,0,31.83,0,33.7,34.44,1.93,5.65,5.14,6.75,25,15
n2_TrackF_r1_F88R_M255I_S1_G17,17,0.8183,0.7925,0.9882,1,2.86,1,3.27,1,3.02,1,1.58,4.08,2.06,3.64,4.98,4.52,46,13
n2_TrackF_r1_F88R_M255I_S1_G17,18,0.8177,0.7805,0.9862,1,3.05,0,13.33,0,42.98,0,32.22,40.19,1.57,6.12,10.95,2.52,46,12
n2_TrackF_r1_F88R_M255I_S1_G17,19,0.8171,0.7983,0.9872,1,3.7,1,4.27,0,6.75,0,3.17,3.02,2.51,2.87,5.06,4.78,35,11
n2_TrackF_r1_F88R_M255I_S1_G17,2,0.825,0.8402,0.9895,1,2.45,1,3.66,1,2.71,1,3.04,2.85,1.87,5.43,4.17,4.89,38,14
n2_TrackF_r1_F88R_M255I_S1_G17,20,0.8165,0.7855,0.9867,1,2.76,1,2.3,1,0.85,1,3.68,4.19,1.79,3.44,6.55,4.23,42,13
n2_TrackF_r1_F88R_M255I_S1_G17,21,0.8155,0.8159,0.9885,1,3.08,1,3.89,1,0.53,1,6.4,7.21,1.61,1.69,6.94,4.79,38,13
n2_TrackF_r1_F88R_M255I_S1_G17,22,0.8147,0.8542,0.9907,1,4.34,1,3.63,0,29.27,0,21.06,27.79,3.16,3.51,4.32,6.08,38,11
n2_TrackF_r1_F88R_M255I_S1_G17,23,0.8143,0.8256,0.9891,1,2.43,1,3.23,1,4.94,1,2.28,2.9,1.36,1.68,4.06,4.46,48,12
n2_TrackF_r1_F88R_M255I_S1_G17,24,0.8137,0.817,0.9895,1,3.22,1,3.8,1,1.2,1,3.87,6.12,2.29,1.6,4.71,4.67,41,11
n2_TrackF_r1_F88R_M255I_S1_G17,25,0.8132,0.8283,0.9891,1,3.86,1,3.59,1,3.1,1,2.81,3.07,2.28,1.07,4.62,4.88,45,12
n2_TrackF_r1_F88R_M255I_S1_G17,26,0.8121,0.7918,0.9871,0,7.32,1,3.4,1,2.82,1,2.12,2.85,1.83,1.14,5.3,6.53,33,14
n2_TrackF_r1_F88R_M255I_S1_G17,27,0.8116,0.9108,0.988,0,5.59,0,10.7,0,5.5,0,3.06,3.65,1.78,2.74,2.82,5.23,55,17
n2_TrackF_r1_F88R_M255I_S1_G17,28,0.8106,0.7931,0.9854,1,3.73,1,4.99,1,4.38,1,3.04,1.75,2.62,0.97,5.34,5.12,42,14
n2_TrackF_r1_F88R_M255I_S1_G17,29,0.8104,0.7926,0.9885,1,3.44,1,3.97,1,2.99,1,3.08,2.8,2.74,2.08,4.57,4.85,46,15
n2_TrackF_r1_F88R_M255I_S1_G17,3,0.8245,0.7849,0.9893,1,0.9,1,2.67,0,39.62,0,31.37,38.78,2.73,3.24,3.71,0.95,42,12
n2_TrackF_r1_F88R_M255I_S1_G17,30,0.8093,0.7894,0.9876,1,2.7,1,2.97,1,2.52,1,3.22,2.96,2.7,2.52,4.35,4.87,46,13
n2_TrackF_r1_F88R_M255I_S1_G17,31,0.8085,0.7649,0.9868,1,2.39,1,4.13,1,1.79,1,3.43,3.38,1.51,3.31,4.56,4.74,37,13
n2_TrackF_r1_F88R_M255I_S1_G17,32,0.8076,0.7751,0.9865,1,4.08,1,4.29,1,2.55,1,4.28,4.75,3.01,4.31,5.11,4.69,40,14
n2_TrackF_r1_F88R_M255I_S1_G17,33,0.8071,0.7774,0.9881,1,1.92,1,2.17,1,2.26,1,2.17,4.18,2.47,3.07,4.55,2.7,42,15
n2_TrackF_r1_F88R_M255I_S1_G17,34,0.8068,0.7705,0.9856,1,1.61,0,13.48,0,38.77,0,28.48,36.39,1.03,5.82,11.96,2.14,44,11
n2_TrackF_r1_F88R_M255I_S1_G17,35,0.8066,0.8464,0.9898,1,2.99,0,13.1,0,34.22,0,26.56,34.04,2.88,6.43,7.46,2.56,62,17
n2_TrackF_r1_F88R_M255I_S1_G17,36,0.8056,0.7863,0.9873,1,3.28,1,3.63,1,3.13,1,5.98,5.48,2.76,4.03,4.51,5.07,38,14
n2_TrackF_r1_F88R_M255I_S1_G17,37,0.8055,0.7571,0.986,1,2.77,1,4.05,1,3.37,1,3.4,3.53,1.68,1.72,4.84,4.5,48,13
n2_TrackF_r1_F88R_M255I_S1_G17,38,0.805,0.9346,0.9911,1,0.51,0,12.95,0,42.12,0,32.8,39.98,2.72,3.71,1.69,2.05,53,15
n2_TrackF_r1_F88R_M255I_S1_G17,39,0.8048,0.8739,0.9873,0,6.82,1,3.48,0,31.66,0,33.38,33.79,3.05,5.59,4.49,7.46,27,13
n2_TrackF_r1_F88R_M255I_S1_G17,4,0.8245,0.8204,0.9882,1,2.98,1,3.93,1,4.25,1,3.4,3.26,1.07,4.77,4.97,4.38,37,12
n2_TrackF_r1_F88R_M255I_S1_G17,40,0.8042,0.819,0.9881,1,3.04,0,5.94,1,2.37,0,3.87,4.03,1.42,3.64,4.48,4.66,46,13
n2_TrackF_r1_F88R_M255I_S1_G17,41,0.8035,0.8083,0.9887,1,2.56,1,2.86,0,24.84,0,19.71,25.9,1.43,4.41,4.52,4.65,44,15
n2_TrackF_r1_F88R_M255I_S1_G17,42,0.8034,0.782,0.9882,1,3.51,1,4.8,1,0.72,1,3.45,5.67,2.29,3.52,4.89,4.64,38,14
n2_TrackF_r1_F88R_M255I_S1_G17,43,0.8034,0.8519,0.9865,1,1.48,0,14.06,0,36.6,0,26.87,34.82,1.83,5.26,6.93,2.62,52,18
n2_TrackF_r1_F88R_M255I_S1_G17,44,0.8023,0.815,0.9879,1,3.09,1,4.59,1,1.63,1,2.64,3.59,2.04,4.03,3.79,4.81,42,12
n2_TrackF_r1_F88R_M255I_S1_G17,45,0.8023,0.7885,0.9857,0,6.96,0,13.46,0,19.58,0,10.38,17.78,2.16,1.83,3.7,5.91,35,13
n2_TrackF_r1_F88R_M255I_S1_G17,46,0.8021,0.9024,0.9887,0,7.46,1,4.13,0,29.39,0,29.18,31.01,1.19,5.68,4.98,6.86,26,13
n2_TrackF_r1_F88R_M255I_S1_G17,47,0.8018,0.7873,0.9879,1,1.6,1,3.25,1,1.33,1,3.56,4.94,0.99,3.84,3.23,2.9,41,13
n2_TrackF_r1_F88R_M255I_S1_G17,48,0.8016,0.7832,0.9863,1,1.09,0,13.61,0,36.43,0,27.41,35.28,1.38,4.27,10.15,1.24,47,13
n2_TrackF_r1_F88R_M255I_S1_G17,49,0.801,0.7719,0.9868,1,3.0,1,2.22,1,3.68,1,3.8,2.76,2.12,3.17,4.21,4.52,46,13
n2_TrackF_r1_F88R_M255I_S1_G17,5,0.8236,0.8427,0.9913,1,1.68,0,13.21,0,36.45,0,26.93,34.4,1.08,4.32,9.26,2.11,46,12
n2_TrackF_r1_F88R_M255I_S1_G17,50,0.7988,0.7356,0.9856,1,2.83,1,2.99,1,3.42,1,3.55,3.29,2.78,2.86,4.98,4.25,41,12
n2_TrackF_r1_F88R_M255I_S1_G17,51,0.7971,0.7412,0.9852,1,2.98,1,3.43,1,3.5,1,4.74,2.48,2.99,1.82,4.46,4.76,39,14
n2_TrackF_r1_F88R_M255I_S1_G17,52,0.797,0.7267,0.9865,1,2.07,0,13.31,0,38.12,0,29.1,36.45,1.51,8.54,13.02,2.13,48,12
n2_TrackF_r1_F88R_M255I_S1_G17,53,0.7965,0.8234,0.9845,1,2.68,0,5.08,1,3.84,0,2.66,2.48,3.1,2.64,4.69,2.32,46,18
n2_TrackF_r1_F88R_M255I_S1_G17,54,0.7962,0.7674,0.9889,1,3.45,1,4.59,1,4.18,1,3.08,2.71,2.18,1.91,5.68,5.09,38,13
n2_TrackF_r1_F88R_M255I_S1_G17,55,0.7945,0.7657,0.9847,1,3.17,1,2.81,1,3.54,1,1.3,3.59,2.36,3.96,4.46,4.95,39,13
n2_TrackF_r1_F88R_M255I_S1_G17,56,0.7944,0.7289,0.9861,1,3.03,1,2.96,1,2.47,1,3.52,2.68,1.8,1.06,4.58,4.82,41,14
n2_TrackF_r1_F88R_M255I_S1_G17,57,0.7939,0.7268,0.9854,1,1.42,0,13.46,0,35.25,0,28.41,35.82,4.34,8.76,11.51,2.91,43,13
n2_TrackF_r1_F88R_M255I_S1_G17,58,0.7936,0.911,0.99,1,3.87,0,12.24,1,4.34,0,3.26,2.59,1.91,1.82,2.72,4.62,49,20
n2_TrackF_r1_F88R_M255I_S1_G17,59,0.7915,0.7616,0.9852,1,2.88,1,3.5,1,3.11,1,2.16,4.54,2.97,2.84,4.02,4.64,40,13
n2_TrackF_r1_F88R_M255I_S1_G17,6,0.8228,0.842,0.989,1,3.32,1,3.56,1,1.36,1,3.39,5.4,2.2,3.0,4.69,4.82,49,15
n2_TrackF_r1_F88R_M255I_S1_G17,60,0.7906,0.8572,0.9881,1,1.84,0,14.9,0,41.56,0,32.41,40.21,0.96,4.79,6.99,2.24,52,16
n2_TrackF_r1_F88R_M255I_S1_G17,61,0.7905,0.7237,0.9834,1,4.1,1,3.61,0,5.06,0,2.55,3.57,1.51,1.95,4.76,5.41,39,13
n2_TrackF_r1_F88R_M255I_S1_G17,62,0.7894,0.7575,0.9869,1,3.08,1,2.78,1,2.21,1,3.52,5.2,1.95,1.67,4.5,4.44,40,14
n2_TrackF_r1_F88R_M255I_S1_G17,63,0.7887,0.6988,0.9814,1,3.53,0,13.81,0,21.96,0,12.92,19.43,1.68,2.41,3.47,3.46,25,10
n2_TrackF_r1_F88R_M255I_S1_G17,64,0.788,0.705,0.9849,0,7.0,1,3.9,0,6.61,0,3.47,2.96,2.37,2.75,4.42,7.21,35,11
n2_TrackF_r1_F88R_M255I_S1_G17,65,0.7864,0.774,0.9852,1,1.57,0,11.09,0,41.42,0,31.51,38.89,2.59,3.96,2.98,2.19,39,10
n2_TrackF_r1_F88R_M255I_S1_G17,66,0.7863,0.6946,0.9847,1,4.55,1,3.04,1,0.84,1,5.88,4.02,1.28,3.52,3.69,5.11,46,12
n2_TrackF_r1_F88R_M255I_S1_G17,67,0.7856,0.7769,0.9847,1,1.66,0,14.31,0,37.2,0,28.19,36.1,1.77,3.83,1.52,1.95,48,15
n2_TrackF_r1_F88R_M255I_S1_G17,68,0.7846,0.7284,0.9858,0,5.11,1,4.08,1,3.21,1,2.96,3.92,2.77,2.83,4.84,5.73,40,13
n2_TrackF_r1_F88R_M255I_S1_G17,69,0.7843,0.834,0.984,1,2.37,0,12.82,0,39.44,0,33.95,40.99,1.97,1.84,4.71,2.2,33,14
n2_TrackF_r1_F88R_M255I_S1_G17,7,0.8227,0.8279,0.9869,0,5.37,0,11.98,0,17.33,0,7.53,15.14,2.1,3.35,2.83,5.69,39,9
n2_TrackF_r1_F88R_M255I_S1_G17,70,0.784,0.7341,0.9834,1,1.82,0,13.01,0,21.24,0,12.77,19.03,2.47,4.3,4.31,2.87,30,11
n2_TrackF_r1_F88R_M255I_S1_G17,71,0.784,0.7701,0.9885,1,3.18,1,3.69,1,3.37,1,3.26,2.29,1.28,3.21,3.84,4.12,40,11
n2_TrackF_r1_F88R_M255I_S1_G17,72,0.7834,0.7332,0.9837,1,0.87,0,14.4,0,21.87,0,12.14,19.08,2.24,6.19,4.12,2.52,33,12
n2_TrackF_r1_F88R_M255I_S1_G17,73,0.7818,0.7117,0.984,1,2.44,1,3.86,1,2.57,1,3.69,2.75,1.82,2.5,3.76,4.23,39,12
n2_TrackF_r1_F88R_M255I_S1_G17,74,0.7805,0.8356,0.9845,0,8.5,1,3.92,1,1.12,1,1.77,3.73,1.51,3.26,3.74,9.56,38,17
n2_TrackF_r1_F88R_M255I_S1_G17,75,0.7792,0.6964,0.9817,1,4.11,1,4.82,1,3.5,1,2.34,3.23,2.39,1.96,4.69,5.0,38,12
n2_TrackF_r1_F88R_M255I_S1_G17,76,0.7788,0.6826,0.9867,1,3.23,1,3.02,0,40.02,0,30.84,38.38,1.07,3.57,4.01,2.8,42,13
n2_TrackF_r1_F88R_M255I_S1_G17,77,0.7781,0.7739,0.9858,1,2.81,0,17.29,0,32.51,0,25.31,32.38,0.77,4.67,5.49,2.65,41,17
n2_TrackF_r1_F88R_M255I_S1_G17,78,0.7774,0.7035,0.9835,1,1.4,0,14.16,0,36.71,0,28.49,36.26,1.55,7.37,11.15,0.75,48,13
n2_TrackF_r1_F88R_M255I_S1_G17,79,0.7771,0.848,0.9863,1,4.33,0,16.2,0,24.7,0,16.06,23.86,2.33,3.44,1.01,6.34,33,14
n2_TrackF_r1_F88R_M255I_S1_G17,8,0.8226,0.8104,0.9894,1,2.56,0,13.17,0,35.49,0,27.35,34.89,1.72,7.47,12.06,1.37,43,12
n2_TrackF_r1_F88R_M255I_S1_G17,80,0.7756,0.7877,0.9851,1,3.45,0,13.71,0,36.01,0,27.52,35.29,3.67,5.58,8.92,1.87,50,19
n2_TrackF_r1_F88R_M255I_S1_G17,81,0.7742,0.6683,0.986,1,1.69,0,13.69,0,38.38,0,28.28,35.7,2.84,7.33,11.34,2.73,54,12
n2_TrackF_r1_F88R_M255I_S1_G17,82,0.7733,0.6094,0.9814,1,0.72,0,15.93,0,32.65,0,23.57,31.06,2.0,1.42,8.86,2.15,38,12
n2_TrackF_r1_F88R_M255I_S1_G17,83,0.773,0.7379,0.9855,0,6.49,0,11.29,1,3.43,0,3.05,3.23,2.25,1.93,2.78,6.23,34,11
n2_TrackF_r1_F88R_M255I_S1_G17,84,0.7693,0.759,0.9882,1,2.43,0,8.69,0,38.45,0,30.05,37.58,3.83,2.55,1.98,1.59,44,15
n2_TrackF_r1_F88R_M255I_S1_G17,85,0.769,0.807,0.9813,1,1.81,0,11.14,0,32.05,0,23.63,30.44,1.0,2.48,3.57,2.63,36,14
n2_TrackF_r1_F88R_M255I_S1_G17,86,0.769,0.7522,0.9845,1,2.48,0,17.33,0,32.04,0,24.1,30.76,1.44,2.21,3.67,2.59,39,16
n2_TrackF_r1_F88R_M255I_S1_G17,87,0.7686,0.6346,0.9814,1,4.68,1,3.6,1,3.47,1,3.88,2.02,2.31,2.17,4.63,3.69,36,12
n2_TrackF_r1_F88R_M255I_S1_G17,88,0.7665,0.7671,0.9852,1,1.15,0,14.29,0,40.18,0,29.72,37.53,3.92,4.68,7.05,2.06,62,19
n2_TrackF_r1_F88R_M255I_S1_G17,89,0.762,0.7346,0.9862,1,0.89,0,15.11,0,36.56,0,29.11,36.61,2.51,4.6,5.8,1.99,55,16
n2_TrackF_r1_F88R_M255I_S1_G17,9,0.8217,0.832,0.9916,1,3.12,1,3.27,0,38.4,0,28.37,35.59,2.22,3.07,4.09,1.51,37,11
n2_TrackF_r1_F88R_M255I_S1_G17,90,0.7543,0.7277,0.9844,1,1.37,0,15.02,0,38.06,0,29.02,36.51,0.71,4.17,2.78,2.28,50,18
n2_TrackF_r1_F88R_M255I_S1_G17,91,0.7503,0.7011,0.9832,1,2.94,0,17.7,0,24.12,0,14.65,21.65,2.23,2.89,7.79,3.35,35,17
n2_TrackF_r1_F88R_M255I_S1_G17,92,0.7349,0.6444,0.986,1,1.16,0,14.36,0,39.99,0,31.53,39.15,2.55,4.77,9.2,2.24,54,14
n2_TrackF_r1_F88R_M255I_S1_G17,93,0.7305,0.6323,0.9865,1,1.64,0,13.42,0,42.36,0,31.1,38.98,1.4,4.97,8.22,1.73,46,17
n2_TrackF_r1_F88R_M255I_S1_G17,94,0.7282,0.5953,0.9781,1,1.93,0,14.07,0,37.31,0,29.84,37.34,1.16,5.59,2.53,2.08,57,17
n2_TrackF_r1_F88R_M255I_S1_G17,95,0.7263,0.595,0.983,1,1.3,0,15.31,0,38.86,0,30.32,38.01,1.31,2.44,4.48,1.74,56,15
n2_TrackF_r1_F88R_M255I_S1_G17,96,0.7246,0.6226,0.9849,1,2.51,0,17.74,0,31.92,0,25.08,32.08,2.9,4.26,7.76,2.3,46,17
n2_TrackF_r1_F88R_M255I_S1_G17,97,0.7242,0.6244,0.9794,1,3.9,0,11.9,0,30.07,0,17.94,26.07,0.4,0.86,2.85,3.28,43,14
n2_TrackF_r1_F88R_M255I_S1_G17,98,0.7236,0.5906,0.9796,1,1.91,0,13.76,0,37.09,0,29.22,37.09,0.95,4.33,7.14,1.7,52,16
n2_TrackF_r1_F88R_M255I_S1_G17,99,0.7232,0.5747,0.9851,1,2.23,0,14.18,0,41.77,0,32.1,40.0,1.28,4.42,8.96,2.06,47,16
n2_TrackF_r1_F88R_M255K_OFF_T_G17,0,0.8671,0.9174,0.9899,1,1.1,0,21.5,0,10.34,0,15.56,15.33,1.69,2.88,10.67,2.21,46,13
n2_TrackF_r1_F88R_M255K_OFF_T_G17,1,0.8611,0.9094,0.9895,1,1.75,0,11.11,0,37.59,0,35.85,37.53,3.14,4.86,4.36,4.06,37,11
n2_TrackF_r1_F88R_M255K_OFF_T_G17,10,0.8494,0.8611,0.985,1,3.43,0,12.45,0,40.45,0,37.66,39.12,1.64,4.42,3.37,1.93,32,10
n2_TrackF_r1_F88R_M255K_OFF_T_G17,11,0.8486,0.8556,0.9855,1,4.3,0,13.48,0,35.86,0,35.01,35.65,0.67,2.77,4.14,3.09,30,9
n2_TrackF_r1_F88R_M255K_OFF_T_G17,12,0.8473,0.9152,0.9904,1,1.45,0,9.9,0,38.33,0,37.17,38.24,3.04,3.38,5.24,2.98,30,9
n2_TrackF_r1_F88R_M255K_OFF_T_G17,13,0.8453,0.8552,0.9839,1,2.27,0,12.04,0,40.0,0,37.61,39.61,1.97,3.23,4.14,2.78,32,10
n2_TrackF_r1_F88R_M255K_OFF_T_G17,14,0.8448,0.8573,0.986,1,4.37,0,12.41,0,38.74,0,37.09,38.29,2.24,4.43,4.32,2.8,32,11
n2_TrackF_r1_F88R_M255K_OFF_T_G17,15,0.8448,0.8854,0.9867,1,2.14,0,13.31,0,40.67,0,39.86,40.91,2.11,4.44,5.98,3.85,35,9
n2_TrackF_r1_F88R_M255K_OFF_T_G17,16,0.8442,0.8578,0.9874,1,1.42,0,13.12,0,37.92,0,37.06,38.66,2.49,5.53,6.21,2.91,29,10
n2_TrackF_r1_F88R_M255K_OFF_T_G17,17,0.8441,0.8491,0.9835,1,3.59,0,13.63,0,40.48,0,38.63,39.74,3.57,3.91,5.87,3.56,29,10
n2_TrackF_r1_F88R_M255K_OFF_T_G17,18,0.8414,0.8613,0.9852,0,5.89,0,9.05,0,36.63,0,36.28,37.74,0.46,5.14,4.44,5.05,36,13
n2_TrackF_r1_F88R_M255K_OFF_T_G17,19,0.8412,0.8638,0.9858,1,3.07,0,15.78,0,24.91,0,20.13,25.35,1.69,3.37,6.31,1.69,39,13
n2_TrackF_r1_F88R_M255K_OFF_T_G17,2,0.8601,0.9068,0.9896,1,2.24,0,13.07,0,38.58,0,37.51,38.5,2.91,3.64,4.54,4.57,27,9
n2_TrackF_r1_F88R_M255K_OFF_T_G17,20,0.8405,0.8981,0.9864,0,7.19,0,12.75,1,4.08,0,13.91,10.46,3.28,4.63,3.5,6.15,45,16
n2_TrackF_r1_F88R_M255K_OFF_T_G17,21,0.8399,0.8853,0.9858,1,1.8,0,12.9,0,37.19,0,36.48,38.18,4.44,3.35,5.61,2.59,31,10
n2_TrackF_r1_F88R_M255K_OFF_T_G17,22,0.8386,0.8867,0.9864,0,11.84,0,15.92,0,33.77,0,36.17,41.31,2.48,4.93,5.12,12.54,13,11
n2_TrackF_r1_F88R_M255K_OFF_T_G17,23,0.836,0.9143,0.9905,0,6.94,0,13.22,0,41.6,0,38.58,40.79,3.52,5.26,5.46,7.07,22,10
n2_TrackF_r1_F88R_M255K_OFF_T_G17,24,0.836,0.8271,0.9818,1,2.56,0,13.0,0,38.51,0,37.72,38.64,2.24,5.22,4.9,4.88,35,13
n2_TrackF_r1_F88R_M255K_OFF_T_G17,25,0.836,0.8704,0.9868,0,5.09,0,11.68,0,37.73,0,36.35,37.63,2.28,4.13,4.79,6.89,23,10
n2_TrackF_r1_F88R_M255K_OFF_T_G17,26,0.8359,0.842,0.9862,1,1.89,0,9.14,0,37.7,0,36.16,37.96,1.9,4.55,5.6,2.26,33,10
n2_TrackF_r1_F88R_M255K_OFF_T_G17,27,0.8354,0.8651,0.9868,1,3.52,0,14.49,0,36.7,0,35.46,36.7,2.01,5.25,4.11,2.62,34,9
n2_TrackF_r1_F88R_M255K_OFF_T_G17,28,0.8347,0.9017,0.9869,0,6.37,0,13.99,0,38.99,0,38.48,39.72,2.97,2.51,6.02,7.27,27,13
n2_TrackF_r1_F88R_M255K_OFF_T_G17,29,0.8346,0.9123,0.9888,1,1.57,0,12.87,0,35.4,0,34.54,36.12,3.27,2.98,5.1,3.92,30,10
n2_TrackF_r1_F88R_M255K_OFF_T_G17,3,0.8589,0.9103,0.9905,1,1.86,0,11.54,0,35.79,0,34.68,36.15,3.2,3.38,3.44,4.12,35,10
n2_TrackF_r1_F88R_M255K_OFF_T_G17,30,0.8341,0.9056,0.9879,0,7.26,0,16.12,0,43.87,0,41.48,43.13,1.59,3.58,4.82,6.05,23,10
n2_TrackF_r1_F88R_M255K_OFF_T_G17,31,0.8339,0.9017,0.9894,1,1.79,0,12.97,0,36.57,0,35.94,36.55,1.58,3.72,4.3,2.19,27,9
n2_TrackF_r1_F88R_M255K_OFF_T_G17,32,0.8327,0.8667,0.9872,1,1.54,0,12.88,0,38.99,0,37.86,38.91,2.22,3.72,3.56,2.72,34,9
n2_TrackF_r1_F88R_M255K_OFF_T_G17,33,0.8325,0.8804,0.9849,0,6.02,0,10.8,0,36.78,0,35.75,35.06,4.92,2.66,5.55,8.51,22,11
n2_TrackF_r1_F88R_M255K_OFF_T_G17,34,0.8298,0.9045,0.9883,0,5.92,0,15.68,0,40.76,0,39.28,40.93,1.68,5.01,5.64,6.23,28,11
n2_TrackF_r1_F88R_M255K_OFF_T_G17,35,0.8294,0.8628,0.9859,0,6.32,0,13.25,0,40.42,0,38.31,39.69,2.94,4.26,6.19,7.03,28,11
n2_TrackF_r1_F88R_M255K_OFF_T_G17,36,0.8289,0.8925,0.9856,0,7.4,0,11.78,0,40.44,0,38.19,39.72,3.04,4.66,4.43,7.68,27,11
n2_TrackF_r1_F88R_M255K_OFF_T_G17,37,0.8276,0.8603,0.988,0,5.49,0,9.64,1,2.87,0,7.4,6.07,1.8,1.77,3.83,4.93,45,15
n2_TrackF_r1_F88R_M255K_OFF_T_G17,38,0.827,0.9085,0.9876,0,6.25,0,12.98,0,36.28,0,34.06,35.91,3.46,5.41,4.83,6.18,27,13
n2_TrackF_r1_F88R_M255K_OFF_T_G17,39,0.8268,0.9297,0.9903,1,2.37,0,14.09,0,35.27,0,35.67,37.3,2.15,4.76,7.45,2.52,32,12
n2_TrackF_r1_F88R_M255K_OFF_T_G17,4,0.858,0.9285,0.991,1,2.48,0,12.92,0,38.89,0,37.96,40.02,2.9,3.92,6.7,4.98,36,12
n2_TrackF_r1_F88R_M255K_OFF_T_G17,40,0.8253,0.8665,0.8621,1,2.5,0,10.65,0,36.3,0,35.64,36.48,2.09,3.72,5.18,2.59,30,12
n2_TrackF_r1_F88R_M255K_OFF_T_G17,41,0.8253,0.858,0.9851,0,6.4,0,14.88,0,37.78,0,36.97,37.38,3.71,4.74,4.54,7.85,29,11
n2_TrackF_r1_F88R_M255K_OFF_T_G17,42,0.8246,0.8802,0.9857,0,6.59,0,20.43,0,44.43,0,41.52,42.9,2.83,3.68,8.05,5.92,31,15
n2_TrackF_r1_F88R_M255K_OFF_T_G17,43,0.8242,0.8482,0.9851,0,11.01,0,20.42,0,37.68,0,38.17,43.65,3.51,4.58,6.12,12.38,16,9
n2_TrackF_r1_F88R_M255K_OFF_T_G17,44,0.8242,0.8034,0.9807,1,1.87,0,13.72,0,36.82,0,35.44,36.95,2.81,3.12,5.56,3.36,40,9
n2_TrackF_r1_F88R_M255K_OFF_T_G17,45,0.8242,0.8248,0.9853,1,2.25,0,12.51,0,39.78,0,37.33,39.62,3.04,5.0,6.05,1.54,26,10
n2_TrackF_r1_F88R_M255K_OFF_T_G17,46,0.8239,0.9032,0.9887,1,1.89,0,8.57,0,38.57,0,37.61,38.58,3.27,5.04,5.14,4.9,23,8
n2_TrackF_r1_F88R_M255K_OFF_T_G17,47,0.8238,0.8753,0.9859,0,6.62,0,13.17,0,30.82,0,31.43,31.22,2.52,4.65,10.79,7.78,39,12
n2_TrackF_r1_F88R_M255K_OFF_T_G17,48,0.8233,0.8505,0.9806,1,2.46,0,12.83,0,38.78,0,37.46,38.34,2.28,5.19,3.86,2.41,37,11
n2_TrackF_r1_F88R_M255K_OFF_T_G17,49,0.8233,0.8276,0.9869,0,7.69,0,27.03,0,35.05,0,37.81,37.62,2.78,2.94,4.43,6.79,41,12
n2_TrackF_r1_F88R_M255K_OFF_T_G17,5,0.8571,0.9125,0.9893,1,3.89,0,14.24,0,42.66,0,41.02,41.87,2.85,3.55,5.87,6.15,29,12
n2_TrackF_r1_F88R_M255K_OFF_T_G17,50,0.8228,0.877,0.9867,1,1.88,0,12.23,0,42.34,0,40.31,42.35,3.4,4.23,6.25,4.41,30,10
n2_TrackF_r1_F88R_M255K_OFF_T_G17,51,0.8227,0.9252,0.9911,1,3.58,0,11.68,0,22.26,0,22.67,26.44,1.61,3.2,3.82,2.29,35,13
n2_TrackF_r1_F88R_M255K_OFF_T_G17,52,0.8225,0.8588,0.9863,0,8.4,0,12.9,0,25.81,0,25.24,29.37,3.34,3.79,7.62,6.83,24,12
n2_TrackF_r1_F88R_M255K_OFF_T_G17,53,0.8214,0.8845,0.9896,0,5.21,0,19.34,0,48.63,0,46.79,49.42,1.51,3.17,6.77,7.18,39,16
n2_TrackF_r1_F88R_M255K_OFF_T_G17,54,0.8209,0.8352,0.9847,1,2.02,0,12.9,0,39.86,0,37.52,40.08,2.24,3.18,5.6,1.82,35,11
n2_TrackF_r1_F88R_M255K_OFF_T_G17,55,0.8194,0.8823,0.9869,1,3.96,0,11.57,0,28.96,0,27.45,29.15,2.74,3.01,5.12,4.62,34,14
n2_TrackF_r1_F88R_M255K_OFF_T_G17,56,0.8193,0.8961,0.9879,1,2.79,0,12.82,0,35.71,0,35.2,37.57,2.41,3.66,7.4,3.48,38,13
n2_TrackF_r1_F88R_M255K_OFF_T_G17,57,0.8189,0.8641,0.9851,1,4.79,0,13.06,0,39.61,0,37.59,39.09,2.76,4.96,5.26,3.4,38,12
n2_TrackF_r1_F88R_M255K_OFF_T_G17,58,0.8186,0.8801,0.9862,1,2.23,0,13.69,0,38.19,0,36.99,38.95,2.99,4.01,5.81,1.93,30,8
n2_TrackF_r1_F88R_M255K_OFF_T_G17,59,0.8183,0.8081,0.9851,1,2.63,0,10.05,0,11.98,0,16.86,20.74,2.25,3.45,4.87,4.85,27,11
n2_TrackF_r1_F88R_M255K_OFF_T_G17,6,0.8558,0.8836,0.9865,1,3.53,0,12.77,0,36.45,0,35.07,36.53,1.65,3.7,5.02,1.75,28,12
n2_TrackF_r1_F88R_M255K_OFF_T_G17,60,0.8181,0.9082,0.9898,1,2.11,0,11.93,0,38.73,0,37.74,39.47,3.04,4.24,5.84,4.27,28,9
n2_TrackF_r1_F88R_M255K_OFF_T_G17,61,0.8177,0.8877,0.9873,1,4.62,0,21.64,0,31.39,0,33.66,40.71,1.6,2.2,3.36,5.45,29,9
n2_TrackF_r1_F88R_M255K_OFF_T_G17,62,0.817,0.8184,0.9781,0,5.05,0,20.31,0,33.84,0,31.3,34.01,1.0,2.47,4.67,6.5,47,22
n2_TrackF_r1_F88R_M255K_OFF_T_G17,63,0.816,0.9202,0.9908,0,6.1,0,13.02,0,37.45,0,36.09,37.38,2.78,4.16,4.05,7.54,24,11
n2_TrackF_r1_F88R_M255K_OFF_T_G17,64,0.8143,0.8653,0.9897,0,5.92,0,14.09,0,36.03,0,34.68,36.86,2.13,4.4,11.67,5.58,35,13
n2_TrackF_r1_F88R_M255K_OFF_T_G17,65,0.8142,0.9189,0.9858,0,8.15,0,17.06,1,4.08,0,8.96,7.87,2.99,2.36,2.78,8.37,37,16
n2_TrackF_r1_F88R_M255K_OFF_T_G17,66,0.8129,0.8699,0.9883,0,5.35,0,23.39,0,29.94,0,30.86,36.38,2.45,2.15,5.19,5.98,16,6
n2_TrackF_r1_F88R_M255K_OFF_T_G17,67,0.8125,0.8371,0.9884,0,8.2,0,26.56,0,48.76,0,45.83,47.51,2.99,3.46,2.72,7.51,33,13
n2_TrackF_r1_F88R_M255K_OFF_T_G17,68,0.8115,0.8214,0.9844,1,4.92,0,19.63,0,32.09,0,30.56,34.54,2.71,4.35,2.67,5.07,49,16
n2_TrackF_r1_F88R_M255K_OFF_T_G17,69,0.811,0.8419,0.9833,0,5.04,0,22.28,0,24.53,0,26.55,30.54,3.04,3.17,5.2,6.19,25,8
n2_TrackF_r1_F88R_M255K_OFF_T_G17,7,0.8529,0.8755,0.9875,1,1.78,0,13.01,0,38.24,0,36.9,38.44,1.6,3.13,5.51,3.77,30,9
n2_TrackF_r1_F88R_M255K_OFF_T_G17,70,0.8104,0.8755,0.9878,0,6.86,0,13.08,0,41.91,0,40.0,41.46,1.97,4.7,4.41,7.8,18,9
n2_TrackF_r1_F88R_M255K_OFF_T_G17,71,0.8102,0.7735,0.9811,1,2.38,0,13.87,0,38.11,0,36.88,38.72,2.65,3.45,2.15,2.98,29,10
n2_TrackF_r1_F88R_M255K_OFF_T_G17,72,0.8099,0.9084,0.9909,1,2.32,0,12.47,0,31.97,0,30.95,35.88,2.99,3.06,6.02,3.11,36,12
n2_TrackF_r1_F88R_M255K_OFF_T_G17,73,0.8087,0.8619,0.9838,0,6.5,0,14.49,0,35.16,0,34.7,35.56,4.87,3.41,5.22,6.33,29,14
n2_TrackF_r1_F88R_M255K_OFF_T_G17,74,0.8084,0.7985,0.9819,1,2.87,0,12.44,0,36.35,0,36.04,36.78,2.28,5.14,4.67,2.77,26,12
n2_TrackF_r1_F88R_M255K_OFF_T_G17,75,0.8064,0.7112,0.9781,1,2.09,0,13.12,0,41.59,0,39.13,40.78,1.69,4.96,5.72,3.06,32,12
n2_TrackF_r1_F88R_M255K_OFF_T_G17,76,0.8056,0.8497,0.9823,1,3.75,0,18.03,0,42.34,0,35.76,41.9,1.56,3.8,2.56,4.17,52,16
n2_TrackF_r1_F88R_M255K_OFF_T_G17,77,0.804,0.7584,0.9774,0,6.56,0,14.5,0,38.85,0,37.63,38.93,2.7,3.94,3.92,7.0,29,10
n2_TrackF_r1_F88R_M255K_OFF_T_G17,78,0.8032,0.8671,0.9879,0,5.9,0,23.52,0,32.56,0,35.62,40.57,1.51,2.74,2.61,7.18,20,6
n2_TrackF_r1_F88R_M255K_OFF_T_G17,79,0.8027,0.7943,0.9798,1,2.31,0,13.65,0,36.8,0,35.62,36.8,3.43,5.73,4.11,3.15,32,9
n2_TrackF_r1_F88R_M255K_OFF_T_G17,8,0.8505,0.8928,0.9868,1,2.98,0,13.58,0,40.69,0,39.01,40.6,3.07,4.38,5.16,2.6,35,10
n2_TrackF_r1_F88R_M255K_OFF_T_G17,80,0.8011,0.823,0.9845,1,2.08,0,12.3,0,39.73,0,37.84,40.25,2.46,4.91,5.89,3.66,28,9
n2_TrackF_r1_F88R_M255K_OFF_T_G17,81,0.7993,0.7421,0.9805,0,6.09,0,14.48,0,40.51,0,39.07,40.96,4.51,4.2,4.6,7.21,24,10
n2_TrackF_r1_F88R_M255K_OFF_T_G17,82,0.7991,0.8354,0.9834,1,1.88,0,13.69,0,38.25,0,37.69,39.3,2.55,3.92,5.94,2.22,29,11
n2_TrackF_r1_F88R_M255K_OFF_T_G17,83,0.7988,0.8403,0.9827,1,4.15,0,13.1,0,43.22,0,40.26,42.41,2.57,3.32,4.84,3.79,29,12
n2_TrackF_r1_F88R_M255K_OFF_T_G17,84,0.7969,0.8175,0.9849,0,5.01,0,12.81,0,40.43,0,39.24,40.51,3.63,5.2,4.41,5.89,17,10
n2_TrackF_r1_F88R_M255K_OFF_T_G17,85,0.7951,0.7844,0.9838,0,6.05,0,16.76,0,41.94,0,38.68,40.99,1.38,3.06,2.49,6.62,28,11
n2_TrackF_r1_F88R_M255K_OFF_T_G17,86,0.7916,0.8799,0.9859,1,4.9,0,13.61,0,19.48,0,11.77,19.2,3.05,4.46,4.6,5.15,25,12
n2_TrackF_r1_F88R_M255K_OFF_T_G17,87,0.7899,0.8331,0.9842,1,3.49,0,15.38,0,16.27,0,10.82,16.76,2.46,3.22,3.47,5.02,27,12
n2_TrackF_r1_F88R_M255K_OFF_T_G17,88,0.7867,0.7358,0.9858,1,4.28,0,18.3,0,33.45,0,38.08,38.19,1.99,3.68,3.69,5.49,46,14
n2_TrackF_r1_F88R_M255K_OFF_T_G17,89,0.7857,0.8096,0.9823,1,2.03,0,14.18,0,37.1,0,36.57,37.39,2.6,3.11,5.12,3.54,29,10
n2_TrackF_r1_F88R_M255K_OFF_T_G17,9,0.8496,0.9055,0.9891,1,1.72,0,12.52,0,35.79,0,33.72,35.07,2.42,3.29,4.02,2.73,32,11
n2_TrackF_r1_F88R_M255K_OFF_T_G17,90,0.7833,0.8405,0.9877,1,2.49,0,19.43,0,58.19,0,52.53,59.59,2.0,7.66,12.43,2.59,28,13
n2_TrackF_r1_F88R_M255K_OFF_T_G17,91,0.7831,0.7413,0.979,1,2.84,0,12.81,0,39.82,0,37.21,39.21,2.52,4.96,5.13,3.36,32,9
n2_TrackF_r1_F88R_M255K_OFF_T_G17,92,0.7795,0.758,0.9822,0,16.79,0,15.44,0,33.9,0,34.23,32.59,6.33,3.89,5.46,20.23,12,7
n2_TrackF_r1_F88R_M255K_OFF_T_G17,93,0.7783,0.7114,0.9796,1,4.34,0,17.73,0,32.51,0,33.99,33.86,2.09,5.11,4.7,3.79,29,15
n2_TrackF_r1_F88R_M255K_OFF_T_G17,94,0.7772,0.7664,0.9839,1,4.07,0,21.08,0,53.72,0,50.3,54.19,1.96,3.31,8.07,4.27,32,10
n2_TrackF_r1_F88R_M255K_OFF_T_G17,95,0.7771,0.7845,0.9827,1,4.49,0,23.17,0,23.17,0,26.2,28.83,2.2,2.2,7.81,3.88,23,9
n2_TrackF_r1_F88R_M255K_OFF_T_G17,96,0.7657,0.6451,0.9791,0,6.68,0,18.01,0,39.39,0,38.86,38.76,1.54,3.29,8.44,6.16,38,13
n2_TrackF_r1_F88R_M255K_OFF_T_G17,97,0.7629,0.7013,0.9787,0,5.54,0,22.98,0,25.51,0,27.59,29.85,1.01,4.13,10.14,4.43,19,8
n2_TrackF_r1_F88R_M255K_OFF_T_G17,98,0.7531,0.6796,0.9751,1,2.49,0,19.6,0,48.39,0,44.07,47.88,2.39,4.4,8.21,3.71,40,17
n2_TrackF_r1_F88R_M255K_OFF_T_G17,99,0.7488,0.6627,0.9788,1,4.09,0,18.5,0,30.04,0,29.07,33.22,3.43,2.27,1.39,4.81,52,17
n2_TrackF_r1_F88R_M255K_S1_G17,0,0.8484,0.8591,0.9889,1,2.77,0,15.51,0,29.03,0,20.2,27.43,1.06,5.27,11.11,2.71,34,13
n2_TrackF_r1_F88R_M255K_S1_G17,1,0.8467,0.8142,0.9862,1,3.04,0,23.14,0,28.04,0,18.96,27.07,2.35,6.28,12.41,2.8,39,13
n2_TrackF_r1_F88R_M255K_S1_G17,10,0.8313,0.8514,0.9915,1,2.04,0,12.0,0,35.49,0,27.81,35.22,1.61,3.84,10.04,2.48,45,11
n2_TrackF_r1_F88R_M255K_S1_G17,11,0.8307,0.9214,0.9892,0,6.65,1,4.23,0,34.79,0,34.55,36.26,2.55,5.69,4.41,5.09,27,13
n2_TrackF_r1_F88R_M255K_S1_G17,12,0.8295,0.852,0.9897,1,3.35,1,0.7,0,45.26,0,35.15,41.82,3.41,5.63,10.32,1.76,54,15
n2_TrackF_r1_F88R_M255K_S1_G17,13,0.8236,0.8616,0.9895,1,1.17,0,13.86,0,43.84,0,37.43,42.86,1.62,6.45,12.32,2.27,46,17
n2_TrackF_r1_F88R_M255K_S1_G17,14,0.8232,0.7971,0.9846,1,2.53,0,16.31,0,29.87,0,23.14,29.91,1.69,0.84,11.39,2.69,41,12
n2_TrackF_r1_F88R_M255K_S1_G17,15,0.822,0.7898,0.988,0,6.32,1,3.21,0,41.85,0,34.69,40.26,2.13,4.71,4.74,5.27,39,12
n2_TrackF_r1_F88R_M255K_S1_G17,16,0.8199,0.8822,0.9868,0,6.75,1,2.96,0,36.02,0,35.94,37.58,1.48,4.99,5.67,5.72,28,12
n2_TrackF_r1_F88R_M255K_S1_G17,17,0.819,0.9076,0.9896,1,4.77,0,5.54,0,40.94,0,35.86,41.01,0.96,3.1,5.41,4.58,38,15
n2_TrackF_r1_F88R_M255K_S1_G17,18,0.8183,0.8818,0.9878,1,2.98,0,17.65,0,27.88,0,23.52,30.69,2.61,3.52,6.93,2.11,45,17
n2_TrackF_r1_F88R_M255K_S1_G17,19,0.8166,0.7913,0.9886,1,2.28,0,13.8,0,35.97,0,28.69,35.49,0.82,6.48,11.24,1.53,42,11
n2_TrackF_r1_F88R_M255K_S1_G17,2,0.8461,0.8508,0.9884,1,2.13,0,25.04,0,23.84,0,18.92,25.75,1.63,7.61,13.2,2.69,36,12
n2_TrackF_r1_F88R_M255K_S1_G17,20,0.8154,0.9437,0.9917,1,3.32,0,12.07,0,15.0,0,11.69,17.89,2.34,4.01,4.82,4.22,38,14
n2_TrackF_r1_F88R_M255K_S1_G17,21,0.814,0.8479,0.9861,0,6.36,0,11.63,0,31.07,0,31.08,32.43,1.91,5.41,6.26,5.59,21,12
n2_TrackF_r1_F88R_M255K_S1_G17,22,0.8138,0.7851,0.9871,1,1.35,0,15.7,0,38.33,0,28.58,36.06,1.09,3.66,11.85,2.25,44,13
n2_TrackF_r1_F88R_M255K_S1_G17,23,0.8136,0.7881,0.9881,1,1.25,0,13.84,0,34.72,0,29.76,37.34,0.83,7.04,9.28,2.33,43,13
n2_TrackF_r1_F88R_M255K_S1_G17,24,0.8133,0.8071,0.985,1,3.37,0,14.93,0,14.75,0,7.81,14.37,2.58,3.81,6.04,4.84,45,12
n2_TrackF_r1_F88R_M255K_S1_G17,25,0.813,0.7778,0.9859,1,1.87,0,14.5,0,35.21,0,30.06,36.89,0.58,4.23,11.17,2.71,48,13
n2_TrackF_r1_F88R_M255K_S1_G17,26,0.8128,0.8015,0.9872,0,7.19,1,3.39,1,4.11,1,3.48,4.68,2.18,1.64,4.7,6.74,40,11
n2_TrackF_r1_F88R_M255K_S1_G17,27,0.811,0.8257,0.9891,0,6.09,1,3.42,0,30.91,0,23.72,30.21,2.24,4.1,4.79,6.87,35,13
n2_TrackF_r1_F88R_M255K_S1_G17,28,0.8109,0.8285,0.9861,0,7.08,0,5.01,0,40.32,0,34.94,39.33,3.1,3.39,3.96,7.36,42,13
n2_TrackF_r1_F88R_M255K_S1_G17,29,0.8106,0.7431,0.9856,1,1.64,0,16.61,0,31.42,0,26.95,33.83,1.62,5.87,9.37,2.81,39,11
n2_TrackF_r1_F88R_M255K_S1_G17,3,0.8424,0.8274,0.9876,1,1.14,0,25.05,0,26.45,0,19.67,27.71,2.08,7.41,14.03,2.46,34,10
n2_TrackF_r1_F88R_M255K_S1_G17,30,0.8096,0.77,0.9886,1,2.82,0,14.73,0,26.31,0,23.01,30.11,0.94,2.42,3.13,2.39,32,10
n2_TrackF_r1_F88R_M255K_S1_G17,31,0.8088,0.7877,0.9868,1,2.97,0,15.56,0,18.73,0,11.16,17.77,1.01,3.49,4.84,2.27,28,11
n2_TrackF_r1_F88R_M255K_S1_G17,32,0.8086,0.8018,0.9875,1,1.48,0,14.95,0,35.81,0,30.02,37.22,2.42,8.42,9.2,1.98,52,13
n2_TrackF_r1_F88R_M255K_S1_G17,33,0.8076,0.7825,0.9879,0,7.66,1,3.66,1,4.44,1,3.2,5.42,1.86,1.67,4.87,7.66,39,12
n2_TrackF_r1_F88R_M255K_S1_G17,34,0.807,0.755,0.9858,1,4.83,1,2.82,1,3.26,1,2.57,4.55,1.82,1.62,4.41,4.9,40,12
n2_TrackF_r1_F88R_M255K_S1_G17,35,0.8066,0.8786,0.9889,0,5.58,0,5.83,0,30.66,0,31.41,32.69,2.58,5.58,6.15,7.88,24,13
n2_TrackF_r1_F88R_M255K_S1_G17,36,0.8062,0.7845,0.9865,1,3.92,0,5.12,1,1.88,0,2.71,5.67,2.52,2.35,4.41,4.9,37,13
n2_TrackF_r1_F88R_M255K_S1_G17,37,0.8057,0.85,0.9843,0,6.46,0,6.17,0,32.44,0,32.83,34.34,1.95,5.43,5.66,6.07,24,12
n2_TrackF_r1_F88R_M255K_S1_G17,38,0.805,0.7663,0.9856,0,5.11,1,3.41,1,1.74,1,5.17,8.36,0.6,4.33,4.34,6.25,43,13
n2_TrackF_r1_F88R_M255K_S1_G17,39,0.8047,0.8435,0.9859,1,2.31,0,17.31,0,32.1,0,25.25,33.0,2.08,3.48,4.29,1.84,37,15
n2_TrackF_r1_F88R_M255K_S1_G17,4,0.8405,0.8359,0.9883,1,2.0,0,16.33,0,31.91,0,25.42,32.77,1.15,2.97,10.66,2.42,39,12
n2_TrackF_r1_F88R_M255K_S1_G17,40,0.8043,0.7996,0.9881,1,4.16,1,4.85,1,3.2,1,3.13,4.76,2.6,2.78,5.79,5.88,36,10
n2_TrackF_r1_F88R_M255K_S1_G17,41,0.8034,0.807,0.9881,1,4.21,0,15.41,0,8.88,0,11.83,11.98,1.85,4.49,9.53,5.56,35,11
n2_TrackF_r1_F88R_M255K_S1_G17,42,0.8031,0.8358,0.9898,0,5.26,1,3.12,1,3.15,1,2.33,5.1,1.36,3.13,3.07,4.15,36,12
n2_TrackF_r1_F88R_M255K_S1_G17,43,0.8028,0.788,0.9868,0,7.72,1,4.4,1,3.04,1,2.67,4.33,2.19,1.18,5.12,7.31,50,14
n2_TrackF_r1_F88R_M255K_S1_G17,44,0.8027,0.697,0.9826,1,3.02,0,12.7,0,22.72,0,15.55,21.65,0.83,2.04,2.59,5.6,38,12
n2_TrackF_r1_F88R_M255K_S1_G17,45,0.8024,0.7578,0.9855,1,1.85,0,14.78,0,38.23,0,31.46,39.11,1.3,4.75,10.0,1.76,46,12
n2_TrackF_r1_F88R_M255K_S1_G17,46,0.801,0.7358,0.9832,1,2.11,0,18.43,0,28.93,0,23.88,32.26,1.63,2.84,11.29,3.03,35,12
n2_TrackF_r1_F88R_M255K_S1_G17,47,0.8008,0.7996,0.9872,0,7.03,1,3.34,0,40.5,0,33.89,39.66,2.09,3.45,3.62,6.89,46,14
n2_TrackF_r1_F88R_M255K_S1_G17,48,0.7998,0.8346,0.9879,1,1.29,0,13.18,0,34.9,0,29.66,36.26,1.33,4.38,8.27,2.61,56,16
n2_TrackF_r1_F88R_M255K_S1_G17,49,0.799,0.746,0.9847,1,2.8,1,3.87,1,2.07,1,3.46,7.95,1.6,2.72,4.67,4.83,38,13
n2_TrackF_r1_F88R_M255K_S1_G17,5,0.8396,0.8171,0.9869,1,2.51,0,25.51,0,26.84,0,20.04,27.26,2.52,6.54,13.48,3.01,38,13
n2_TrackF_r1_F88R_M255K_S1_G17,50,0.7985,0.7617,0.9858,1,2.44,0,17.37,0,31.82,0,25.04,32.52,1.04,5.3,12.13,2.93,46,13
n2_TrackF_r1_F88R_M255K_S1_G17,51,0.7967,0.7964,0.9889,1,4.54,1,4.95,1,3.49,1,1.81,5.03,2.42,3.1,5.78,5.21,39,14
n2_TrackF_r1_F88R_M255K_S1_G17,52,0.7967,0.751,0.9864,1,2.13,0,12.62,0,29.22,0,24.64,32.47,2.06,3.32,9.95,2.48,42,11
n2_TrackF_r1_F88R_M255K_S1_G17,53,0.796,0.763,0.9864,1,3.6,1,4.14,0,5.35,0,2.41,3.76,2.25,5.21,4.16,4.84,35,10
n2_TrackF_r1_F88R_M255K_S1_G17,54,0.7954,0.7678,0.9849,1,4.72,1,3.47,1,1.02,1,3.22,7.21,3.08,3.35,4.35,5.58,37,14
n2_TrackF_r1_F88R_M255K_S1_G17,55,0.7953,0.7866,0.9836,1,2.4,0,17.16,0,28.5,0,24.44,31.76,2.02,3.85,5.12,3.08,39,16
n2_TrackF_r1_F88R_M255K_S1_G17,56,0.7953,0.9318,0.9908,1,4.19,0,15.7,0,24.48,0,17.52,24.81,2.51,4.65,6.15,6.19,24,11
n2_TrackF_r1_F88R_M255K_S1_G17,57,0.795,0.8608,0.9882,1,1.36,0,14.5,0,37.66,0,30.37,37.93,0.59,4.82,8.85,2.26,49,17
n2_TrackF_r1_F88R_M255K_S1_G17,58,0.7949,0.7492,0.985,1,1.44,0,11.77,0,21.81,0,13.77,20.15,1.27,3.99,3.54,2.24,33,10
n2_TrackF_r1_F88R_M255K_S1_G17,59,0.7946,0.8286,0.9849,1,2.04,0,15.36,0,21.42,0,12.99,19.81,2.04,3.02,4.64,2.73,32,13
n2_TrackF_r1_F88R_M255K_S1_G17,6,0.8358,0.8493,0.9887,1,2.09,0,19.37,0,27.59,0,20.46,28.85,2.2,6.83,12.58,2.91,33,13
n2_TrackF_r1_F88R_M255K_S1_G17,60,0.7945,0.8631,0.9885,1,3.04,0,16.35,0,21.34,0,12.02,19.51,2.35,5.75,10.57,1.67,33,14
n2_TrackF_r1_F88R_M255K_S1_G17,61,0.7933,0.7679,0.9875,1,3.38,1,4.12,1,1.24,1,3.01,4.91,2.05,2.22,4.98,4.98,34,12
n2_TrackF_r1_F88R_M255K_S1_G17,62,0.7917,0.8353,0.984,1,3.38,0,18.67,0,11.01,0,12.78,10.27,2.85,4.48,12.28,3.02,24,8
n2_TrackF_r1_F88R_M255K_S1_G17,63,0.7917,0.7446,0.987,1,4.69,1,4.89,1,3.45,1,2.02,4.62,1.81,2.62,5.23,5.29,42,14
n2_TrackF_r1_F88R_M255K_S1_G17,64,0.7914,0.7289,0.9858,1,2.04,0,13.38,0,38.12,0,32.57,39.1,3.07,6.4,10.66,2.79,51,13
n2_TrackF_r1_F88R_M255K_S1_G17,65,0.7899,0.7574,0.9866,1,4.98,1,4.29,1,3.25,1,3.48,7.08,1.24,1.75,4.15,5.28,40,14
n2_TrackF_r1_F88R_M255K_S1_G17,66,0.7884,0.7948,0.9855,0,6.77,0,14.82,0,46.6,0,39.8,46.02,2.94,4.06,6.37,6.11,32,16
n2_TrackF_r1_F88R_M255K_S1_G17,67,0.7869,0.7565,0.9865,1,2.19,0,13.44,0,41.74,0,35.7,40.78,2.35,9.45,13.71,1.03,45,18
n2_TrackF_r1_F88R_M255K_S1_G17,68,0.7868,0.8745,0.9861,1,3.6,0,10.85,0,26.66,0,18.55,24.63,2.27,1.92,1.51,4.06,37,13
n2_TrackF_r1_F88R_M255K_S1_G17,69,0.7866,0.8191,0.9878,0,6.56,1,1.65,0,41.66,0,35.84,40.74,3.41,3.04,4.34,7.25,38,15
n2_TrackF_r1_F88R_M255K_S1_G17,7,0.834,0.9192,0.9896,1,4.16,1,4.49,0,36.87,0,37.05,38.45,1.64,4.69,5.57,3.83,32,15
n2_TrackF_r1_F88R_M255K_S1_G17,70,0.786,0.704,0.9822,1,2.59,0,14.86,0,20.49,0,12.98,19.8,2.89,4.94,3.88,3.38,29,10
n2_TrackF_r1_F88R_M255K_S1_G17,71,0.7857,0.8687,0.9875,0,5.34,0,14.43,0,22.2,0,18.78,25.57,2.03,4.89,6.95,7.18,23,10
n2_TrackF_r1_F88R_M255K_S1_G17,72,0.7849,0.8009,0.9803,1,2.09,0,16.46,0,19.16,0,13.07,20.36,4.2,4.59,4.24,2.59,38,15
n2_TrackF_r1_F88R_M255K_S1_G17,73,0.7831,0.7636,0.9847,0,5.7,0,13.15,0,44.64,0,37.65,43.93,2.96,3.55,4.96,5.45,38,19
n2_TrackF_r1_F88R_M255K_S1_G17,74,0.7827,0.8238,0.9842,1,1.45,0,15.05,0,38.88,0,32.51,39.47,2.33,4.41,7.17,2.36,56,17
n2_TrackF_r1_F88R_M255K_S1_G17,75,0.7813,0.8818,0.9874,1,3.92,0,14.63,0,20.6,0,14.35,20.01,3.23,5.19,4.28,4.46,31,14
n2_TrackF_r1_F88R_M255K_S1_G17,76,0.7795,0.856,0.9857,1,4.76,0,15.1,0,27.03,0,17.29,24.47,1.57,2.79,2.29,6.56,32,10
n2_TrackF_r1_F88R_M255K_S1_G17,77,0.7795,0.8343,0.9846,0,5.12,0,13.64,0,23.89,0,19.92,26.55,2.15,4.69,3.53,6.7,23,11
n2_TrackF_r1_F88R_M255K_S1_G17,78,0.7779,0.8523,0.9873,1,2.43,0,14.22,0,36.96,0,30.79,38.01,1.85,4.37,2.74,2.26,48,17
n2_TrackF_r1_F88R_M255K_S1_G17,79,0.7765,0.7063,0.9861,1,3.25,1,4.17,1,1.01,1,3.42,6.42,2.79,2.37,4.29,4.91,39,12
n2_TrackF_r1_F88R_M255K_S1_G17,8,0.8328,0.8214,0.9863,1,2.02,0,24.67,0,27.05,0,22.39,28.95,0.73,7.35,11.95,2.98,30,10
n2_TrackF_r1_F88R_M255K_S1_G17,80,0.7758,0.8171,0.9877,0,5.7,0,11.52,0,22.71,0,17.78,23.65,2.82,4.24,5.53,7.27,23,12
n2_TrackF_r1_F88R_M255K_S1_G17,81,0.7753,0.7215,0.9855,1,2.08,0,11.12,0,40.65,0,31.87,39.18,2.39,3.17,4.31,2.16,35,12
n2_TrackF_r1_F88R_M255K_S1_G17,82,0.7741,0.8532,0.9856,1,4.48,0,15.4,0,22.69,0,17.58,23.54,1.97,5.45,3.45,5.55,28,16
n2_TrackF_r1_F88R_M255K_S1_G17,83,0.7729,0.6857,0.9843,0,5.55,1,2.77,1,3.38,1,2.01,5.31,2.48,2.31,4.7,5.67,33,13
n2_TrackF_r1_F88R_M255K_S1_G17,84,0.7719,0.7767,0.9833,1,1.46,0,14.97,0,33.75,0,27.93,35.06,1.42,4.67,3.43,1.63,43,15
n2_TrackF_r1_F88R_M255K_S1_G17,85,0.7711,0.8133,0.9871,1,4.74,0,14.31,0,24.53,0,17.75,22.85,2.24,4.17,7.5,6.49,30,12
n2_TrackF_r1_F88R_M255K_S1_G17,86,0.77,0.671,0.983,1,3.79,1,4.38,1,2.63,1,2.58,6.44,1.93,2.95,5.69,4.37,36,14
n2_TrackF_r1_F88R_M255K_S1_G17,87,0.7691,0.7901,0.9844,1,1.16,0,11.85,0,39.29,0,33.12,40.55,1.82,2.79,5.39,2.45,50,16
n2_TrackF_r1_F88R_M255K_S1_G17,88,0.7679,0.801,0.9858,1,4.81,0,12.52,0,24.13,0,15.73,23.78,3.09,2.12,3.46,5.71,31,14
n2_TrackF_r1_F88R_M255K_S1_G17,89,0.7675,0.7477,0.981,1,1.47,0,13.41,0,34.32,0,28.6,34.83,3.09,3.29,6.91,1.21,47,16
n2_TrackF_r1_F88R_M255K_S1_G17,9,0.8313,0.8451,0.9889,1,2.18,0,18.16,0,26.15,0,22.19,29.84,1.17,7.37,11.57,2.5,35,12
n2_TrackF_r1_F88R_M255K_S1_G17,90,0.767,0.6885,0.9817,1,1.98,0,13.88,0,31.63,0,22.63,29.34,1.46,2.6,1.06,2.98,37,14
n2_TrackF_r1_F88R_M255K_S1_G17,91,0.7654,0.7549,0.9832,1,3.81,0,18.3,0,23.7,0,14.12,21.02,3.37,4.09,5.86,3.43,32,14
n2_TrackF_r1_F88R_M255K_S1_G17,92,0.7635,0.6708,0.9752,1,2.26,0,17.47,0,21.45,0,13.17,19.92,3.08,3.75,3.37,3.09,31,11
n2_TrackF_r1_F88R_M255K_S1_G17,93,0.7569,0.621,0.9848,1,2.92,0,9.52,0,34.22,0,28.36,36.41,3.4,3.27,1.06,1.34,36,14
n2_TrackF_r1_F88R_M255K_S1_G17,94,0.7527,0.6002,0.9838,1,1.19,0,13.6,0,37.23,0,30.28,38.99,2.34,7.93,13.25,1.88,45,13
n2_TrackF_r1_F88R_M255K_S1_G17,95,0.7508,0.7157,0.9838,0,5.63,0,12.7,0,24.15,0,16.98,23.42,1.86,3.99,5.14,6.56,26,12
n2_TrackF_r1_F88R_M255K_S1_G17,96,0.7496,0.6727,0.982,1,2.58,0,17.8,0,26.0,0,21.46,28.26,1.93,2.88,4.79,2.85,40,17
n2_TrackF_r1_F88R_M255K_S1_G17,97,0.7363,0.6274,0.9815,0,5.13,0,12.9,0,23.46,0,19.16,26.39,3.11,3.18,3.8,6.2,41,16
n2_TrackF_r1_F88R_M255K_S1_G17,98,0.7307,0.6026,0.9703,1,2.57,0,16.0,0,22.45,0,13.75,20.66,1.84,4.11,6.59,4.14,36,16
n2_TrackF_r1_F88R_M255K_S1_G17,99,0.7227,0.5392,0.9822,1,2.7,0,18.04,0,29.62,0,23.89,31.51,1.85,3.93,4.6,2.77,38,15
n2_TrackF_r1_F88R_M255M_OFF_T_G17,0,0.8633,0.9238,0.9902,1,2.3,0,13.57,0,39.93,0,38.24,39.88,2.68,3.59,5.06,3.37,33,11
n2_TrackF_r1_F88R_M255M_OFF_T_G17,1,0.861,0.9012,0.9894,1,1.96,0,13.25,0,38.68,0,37.09,38.51,2.92,3.7,3.41,3.45,30,9
n2_TrackF_r1_F88R_M255M_OFF_T_G17,10,0.8495,0.923,0.9907,1,1.88,0,10.79,0,39.52,0,36.04,42.28,2.22,2.85,3.19,3.56,34,12
n2_TrackF_r1_F88R_M255M_OFF_T_G17,11,0.8489,0.8949,0.9878,0,7.01,0,13.53,0,41.95,0,39.7,41.64,1.33,3.12,5.92,7.77,20,12
n2_TrackF_r1_F88R_M255M_OFF_T_G17,12,0.8485,0.8935,0.9856,1,2.23,0,13.49,0,39.62,0,39.08,39.13,2.3,3.07,5.59,3.85,31,10
n2_TrackF_r1_F88R_M255M_OFF_T_G17,13,0.8442,0.9083,0.9859,0,7.98,0,12.14,0,34.47,0,33.95,34.42,1.91,3.74,4.5,8.55,24,12
n2_TrackF_r1_F88R_M255M_OFF_T_G17,14,0.844,0.9166,0.989,0,7.9,0,12.88,0,36.14,0,34.77,35.97,2.78,4.64,3.95,8.73,29,10
n2_TrackF_r1_F88R_M255M_OFF_T_G17,15,0.8439,0.8869,0.9853,1,4.04,0,14.0,0,35.45,0,33.9,35.74,1.29,4.57,3.1,2.69,32,12
n2_TrackF_r1_F88R_M255M_OFF_T_G17,16,0.8432,0.878,0.9876,1,1.3,0,13.01,0,38.03,0,36.87,38.05,2.96,3.56,4.7,3.05,36,10
n2_TrackF_r1_F88R_M255M_OFF_T_G17,17,0.843,0.8933,0.9867,1,4.57,0,14.13,0,38.94,0,37.08,38.73,2.81,4.74,4.17,3.45,31,11
n2_TrackF_r1_F88R_M255M_OFF_T_G17,18,0.8418,0.8686,0.7361,0,6.15,0,13.66,0,41.14,0,37.96,40.55,3.09,4.38,4.95,7.25,25,14
n2_TrackF_r1_F88R_M255M_OFF_T_G17,19,0.8414,0.8755,0.9841,1,1.9,0,9.52,0,38.41,0,35.93,37.69,1.41,3.54,2.13,2.45,31,10
n2_TrackF_r1_F88R_M255M_OFF_T_G17,2,0.8597,0.8972,0.9889,1,1.88,0,13.35,0,38.54,0,37.05,37.94,1.54,3.63,5.31,3.11,30,10
n2_TrackF_r1_F88R_M255M_OFF_T_G17,20,0.8411,0.894,0.9887,1,1.31,0,13.14,0,36.83,0,35.66,36.62,1.96,3.91,8.43,3.32,32,11
n2_TrackF_r1_F88R_M255M_OFF_T_G17,21,0.8402,0.9044,0.9885,1,2.16,0,13.25,0,39.85,0,38.27,39.5,4.16,2.89,5.69,3.5,33,8
n2_TrackF_r1_F88R_M255M_OFF_T_G17,22,0.8401,0.8616,0.9846,0,6.47,0,13.25,0,40.54,0,37.45,39.1,3.8,4.39,4.51,7.36,27,10
n2_TrackF_r1_F88R_M255M_OFF_T_G17,23,0.8397,0.9177,0.991,1,3.19,0,10.29,0,23.84,0,25.13,28.64,2.42,2.95,5.27,3.57,29,11
n2_TrackF_r1_F88R_M255M_OFF_T_G17,24,0.8393,0.8764,0.9862,1,1.83,0,13.89,0,37.27,0,36.52,37.07,2.59,4.98,4.58,2.74,36,12
n2_TrackF_r1_F88R_M255M_OFF_T_G17,25,0.8383,0.8355,0.9839,0,5.57,0,13.26,0,40.04,0,38.81,39.57,2.67,3.42,3.8,6.39,23,10
n2_TrackF_r1_F88R_M255M_OFF_T_G17,26,0.838,0.9066,0.9889,0,5.89,0,12.92,0,34.04,0,33.07,37.42,3.4,3.57,3.31,6.88,23,8
n2_TrackF_r1_F88R_M255M_OFF_T_G17,27,0.8368,0.8683,0.987,1,2.18,0,12.55,0,42.76,0,40.33,42.31,2.74,2.2,6.17,3.69,43,12
n2_TrackF_r1_F88R_M255M_OFF_T_G17,28,0.8368,0.8931,0.986,1,2.3,0,13.64,0,37.55,0,36.32,37.37,2.86,3.41,5.29,1.87,31,9
n2_TrackF_r1_F88R_M255M_OFF_T_G17,29,0.8359,0.8832,0.9837,0,7.2,0,12.98,0,35.85,0,33.71,34.8,1.19,2.65,3.46,7.95,25,12
n2_TrackF_r1_F88R_M255M_OFF_T_G17,3,0.8577,0.9102,0.9886,0,6.39,0,11.01,0,39.34,0,37.4,38.87,1.33,3.04,5.84,6.05,28,12
n2_TrackF_r1_F88R_M255M_OFF_T_G17,30,0.834,0.8384,0.9832,1,2.02,0,12.98,0,36.53,0,35.36,36.08,2.32,5.17,4.07,2.8,33,12
n2_TrackF_r1_F88R_M255M_OFF_T_G17,31,0.834,0.8796,0.9864,0,6.06,0,14.15,0,39.23,0,38.58,38.83,3.26,5.29,5.78,5.34,31,10
n2_TrackF_r1_F88R_M255M_OFF_T_G17,32,0.8329,0.8818,0.9861,0,6.29,0,14.01,0,37.47,0,36.8,37.69,2.68,3.48,4.84,6.7,28,13
n2_TrackF_r1_F88R_M255M_OFF_T_G17,33,0.8324,0.9122,0.9891,1,2.08,0,13.01,0,35.98,0,34.74,35.15,2.07,4.53,3.94,3.43,28,9
n2_TrackF_r1_F88R_M255M_OFF_T_G17,34,0.8322,0.9248,0.9904,1,2.83,0,12.84,0,37.89,0,36.73,37.75,3.19,4.96,6.65,3.65,36,14
n2_TrackF_r1_F88R_M255M_OFF_T_G17,35,0.8317,0.9061,0.9879,1,1.82,0,13.07,0,35.51,0,34.13,35.01,2.24,3.47,6.03,1.92,39,10
n2_TrackF_r1_F88R_M255M_OFF_T_G17,36,0.8311,0.8252,0.9834,1,2.21,0,14.15,0,36.55,0,36.18,36.72,2.99,4.7,4.12,3.05,29,8
n2_TrackF_r1_F88R_M255M_OFF_T_G17,37,0.8304,0.8701,0.9804,0,5.89,0,14.22,0,36.24,0,34.64,35.44,1.16,4.4,1.64,7.56,33,10
n2_TrackF_r1_F88R_M255M_OFF_T_G17,38,0.8303,0.9049,0.9867,1,4.32,0,14.72,0,35.66,0,35.41,35.74,1.64,4.08,2.25,2.86,31,9
n2_TrackF_r1_F88R_M255M_OFF_T_G17,39,0.8302,0.8779,0.9856,0,7.68,0,14.75,0,43.7,0,40.31,42.49,2.79,3.67,5.13,6.42,26,13
n2_TrackF_r1_F88R_M255M_OFF_T_G17,4,0.8564,0.9027,0.9885,1,2.72,0,12.97,0,38.09,0,36.95,37.85,2.74,3.56,4.89,3.71,31,10
n2_TrackF_r1_F88R_M255M_OFF_T_G17,40,0.8301,0.8564,0.985,1,4.7,0,14.41,0,39.72,0,38.06,38.88,1.78,5.06,5.44,3.69,33,10
n2_TrackF_r1_F88R_M255M_OFF_T_G17,41,0.83,0.8649,0.9876,0,6.84,0,14.17,0,40.92,0,38.33,39.96,2.77,3.08,6.12,7.5,23,11
n2_TrackF_r1_F88R_M255M_OFF_T_G17,42,0.8287,0.8972,0.9906,1,1.31,0,12.64,0,35.23,0,35.48,35.78,1.57,2.91,6.59,3.68,32,11
n2_TrackF_r1_F88R_M255M_OFF_T_G17,43,0.8281,0.9157,0.9866,1,2.42,0,12.13,0,19.24,0,15.0,20.56,2.14,2.12,4.2,3.02,44,15
n2_TrackF_r1_F88R_M255M_OFF_T_G17,44,0.8279,0.8966,0.9845,1,3.97,0,13.63,0,32.48,0,30.24,32.04,2.78,5.16,4.73,3.43,29,10
n2_TrackF_r1_F88R_M255M_OFF_T_G17,45,0.8272,0.8702,0.9856,1,3.87,0,11.58,0,35.55,0,35.26,35.62,2.04,3.12,4.72,2.71,31,13
n2_TrackF_r1_F88R_M255M_OFF_T_G17,46,0.8268,0.8998,0.9903,1,1.43,0,13.08,0,38.42,0,36.8,39.02,1.6,3.68,3.99,3.73,35,11
n2_TrackF_r1_F88R_M255M_OFF_T_G17,47,0.8267,0.8191,0.9833,1,2.11,0,13.77,0,35.47,0,34.3,35.74,1.45,3.07,4.04,2.77,29,10
n2_TrackF_r1_F88R_M255M_OFF_T_G17,48,0.826,0.8781,0.9857,1,3.99,0,12.98,0,36.28,0,35.45,36.29,2.12,3.21,3.69,4.42,27,12
n2_TrackF_r1_F88R_M255M_OFF_T_G17,49,0.8227,0.8325,0.9835,0,5.15,0,10.81,0,37.97,0,35.73,38.5,3.43,4.9,6.82,5.71,23,9
n2_TrackF_r1_F88R_M255M_OFF_T_G17,5,0.8562,0.9042,0.9893,1,1.83,0,12.84,0,41.79,0,39.86,41.58,2.78,2.34,4.47,4.33,31,9
n2_TrackF_r1_F88R_M255M_OFF_T_G17,50,0.8225,0.8479,0.981,1,4.21,0,15.37,0,38.25,0,35.97,37.95,2.47,2.97,5.95,6.19,23,11
n2_TrackF_r1_F88R_M255M_OFF_T_G17,51,0.8223,0.8898,0.9868,1,3.2,0,14.71,0,24.25,0,21.64,27.5,2.48,2.97,4.39,5.04,36,14
n2_TrackF_r1_F88R_M255M_OFF_T_G17,52,0.8222,0.8707,0.985,1,3.75,0,13.02,0,37.2,0,35.31,37.08,1.94,4.86,2.3,3.38,32,10
n2_TrackF_r1_F88R_M255M_OFF_T_G17,53,0.8208,0.88,0.9883,0,6.87,0,21.56,0,38.76,0,39.06,37.49,3.72,3.67,7.44,5.98,28,12
n2_TrackF_r1_F88R_M255M_OFF_T_G17,54,0.8206,0.8189,0.985,1,1.97,0,9.87,0,37.39,0,37.26,37.62,1.31,5.12,5.86,2.86,28,11
n2_TrackF_r1_F88R_M255M_OFF_T_G17,55,0.8205,0.8599,0.9844,0,6.8,0,10.54,0,37.39,0,36.68,37.1,2.11,5.65,4.82,7.66,21,11
n2_TrackF_r1_F88R_M255M_OFF_T_G17,56,0.8203,0.892,0.9861,0,5.21,0,17.3,0,50.21,0,44.71,48.39,2.11,2.9,6.91,5.46,35,14
n2_TrackF_r1_F88R_M255M_OFF_T_G17,57,0.8196,0.9016,0.9892,0,6.37,0,16.02,0,41.92,0,39.98,41.7,1.55,5.26,5.65,5.94,24,11
n2_TrackF_r1_F88R_M255M_OFF_T_G17,58,0.8184,0.9095,0.9915,1,2.72,0,20.82,0,59.25,0,52.34,59.43,3.47,6.61,12.55,2.48,21,8
n2_TrackF_r1_F88R_M255M_OFF_T_G17,59,0.8176,0.8646,0.9871,1,2.7,0,13.7,0,37.21,0,36.23,36.93,2.13,5.42,5.16,1.96,28,11
n2_TrackF_r1_F88R_M255M_OFF_T_G17,6,0.856,0.9003,0.9856,1,3.18,0,13.71,0,41.27,0,38.91,40.51,4.01,4.21,5.08,4.16,33,11
n2_TrackF_r1_F88R_M255M_OFF_T_G17,60,0.817,0.8542,0.9825,0,6.41,0,15.15,0,37.63,0,36.61,37.32,1.81,2.49,3.81,7.07,25,11
n2_TrackF_r1_F88R_M255M_OFF_T_G17,61,0.8163,0.7903,0.9816,0,6.53,0,14.92,0,39.98,0,38.05,40.49,3.4,3.56,4.19,7.28,21,10
n2_TrackF_r1_F88R_M255M_OFF_T_G17,62,0.8162,0.9219,0.9905,0,7.45,0,11.9,0,17.95,0,8.34,15.63,2.51,4.7,3.12,7.55,25,11
n2_TrackF_r1_F88R_M255M_OFF_T_G17,63,0.8161,0.7795,0.9793,0,6.56,0,14.61,0,37.69,0,35.73,37.39,4.86,3.5,4.44,7.15,27,11
n2_TrackF_r1_F88R_M255M_OFF_T_G17,64,0.816,0.8384,0.9841,1,3.61,0,14.61,0,36.15,0,35.53,35.96,2.21,4.7,3.86,3.27,33,8
n2_TrackF_r1_F88R_M255M_OFF_T_G17,65,0.8154,0.8484,0.9855,1,4.43,0,20.34,0,40.3,0,43.15,43.15,2.36,2.2,0.81,4.26,20,10
n2_TrackF_r1_F88R_M255M_OFF_T_G17,66,0.8151,0.8858,0.9864,0,6.63,0,15.18,0,40.23,0,37.71,39.42,2.19,3.45,5.42,7.14,24,10
n2_TrackF_r1_F88R_M255M_OFF_T_G17,67,0.8135,0.8795,0.9861,0,8.7,0,13.33,0,37.04,0,36.56,36.39,1.57,4.89,4.57,6.19,22,11
n2_TrackF_r1_F88R_M255M_OFF_T_G17,68,0.8133,0.9159,0.9881,1,4.87,0,13.79,0,28.23,0,21.04,27.62,2.17,3.92,3.52,5.18,36,14
n2_TrackF_r1_F88R_M255M_OFF_T_G17,69,0.813,0.8526,0.9836,0,7.34,0,16.01,0,23.59,0,18.62,24.87,3.24,1.66,2.98,7.94,28,11
n2_TrackF_r1_F88R_M255M_OFF_T_G17,7,0.8531,0.9199,0.9911,1,2.53,0,13.49,0,39.91,0,38.2,39.4,2.28,2.99,4.62,1.15,33,10
n2_TrackF_r1_F88R_M255M_OFF_T_G17,70,0.812,0.862,0.9851,1,2.28,0,14.09,0,35.87,0,35.2,35.62,2.12,4.16,4.03,2.59,32,11
n2_TrackF_r1_F88R_M255M_OFF_T_G17,71,0.8097,0.8734,0.9878,1,2.64,0,20.43,0,49.69,0,44.73,48.68,0.87,4.57,9.2,3.74,34,15
n2_TrackF_r1_F88R_M255M_OFF_T_G17,72,0.8094,0.7868,0.9801,0,12.49,0,18.74,0,44.53,0,39.43,46.51,4.43,4.95,6.6,13.29,13,9
n2_TrackF_r1_F88R_M255M_OFF_T_G17,73,0.8094,0.8581,0.9884,0,6.6,0,13.54,0,40.53,0,37.11,39.31,2.94,5.58,5.73,5.47,23,9
n2_TrackF_r1_F88R_M255M_OFF_T_G17,74,0.8093,0.833,0.9875,0,5.21,0,8.37,0,26.6,0,26.31,31.02,2.54,4.4,3.64,5.14,27,8
n2_TrackF_r1_F88R_M255M_OFF_T_G17,75,0.8082,0.8248,0.9828,0,6.76,0,15.7,0,34.63,0,33.68,34.68,4.85,3.38,4.65,7.8,28,14
n2_TrackF_r1_F88R_M255M_OFF_T_G17,76,0.8081,0.8709,0.9868,0,6.21,0,14.33,0,37.54,0,37.0,37.66,2.36,5.51,3.24,5.97,20,13
n2_TrackF_r1_F88R_M255M_OFF_T_G17,77,0.8081,0.8227,0.984,1,1.79,0,13.28,0,40.19,0,37.3,39.47,2.05,4.58,5.74,2.05,28,9
n2_TrackF_r1_F88R_M255M_OFF_T_G17,78,0.8076,0.834,0.9834,0,6.48,0,14.2,0,35.67,0,34.8,35.36,1.72,4.41,2.58,8.01,30,12
n2_TrackF_r1_F88R_M255M_OFF_T_G17,79,0.8069,0.7865,0.9872,0,5.54,0,24.02,0,52.0,0,53.76,53.64,2.74,3.75,3.73,6.05,37,14
n2_TrackF_r1_F88R_M255M_OFF_T_G17,8,0.8506,0.8937,0.9886,1,3.65,0,13.09,0,35.64,0,35.15,35.64,1.72,3.5,4.37,2.04,29,11
n2_TrackF_r1_F88R_M255M_OFF_T_G17,80,0.8054,0.8466,0.9884,0,6.1,0,23.75,0,34.45,0,33.87,38.27,1.15,1.58,6.99,6.38,23,7
n2_TrackF_r1_F88R_M255M_OFF_T_G17,81,0.8044,0.8455,0.9866,0,6.66,0,14.38,0,38.66,0,36.81,38.51,3.43,3.77,5.2,7.52,22,12
n2_TrackF_r1_F88R_M255M_OFF_T_G17,82,0.8039,0.872,0.9858,0,7.79,0,15.38,0,18.99,0,12.21,18.14,2.37,4.07,3.69,6.75,20,8
n2_TrackF_r1_F88R_M255M_OFF_T_G17,83,0.8019,0.8958,0.9897,1,2.67,0,20.47,0,59.3,0,52.45,57.46,2.15,6.49,12.06,2.48,27,10
n2_TrackF_r1_F88R_M255M_OFF_T_G17,84,0.8005,0.7654,0.9843,0,5.36,0,21.53,0,38.58,0,36.55,41.59,1.96,5.35,4.66,4.98,18,6
n2_TrackF_r1_F88R_M255M_OFF_T_G17,85,0.8,0.8708,0.9867,0,5.47,0,23.31,0,32.8,0,33.55,38.11,2.58,3.2,2.23,6.37,27,8
n2_TrackF_r1_F88R_M255M_OFF_T_G17,86,0.798,0.7253,0.9792,0,6.2,0,15.67,0,41.64,0,38.32,40.16,2.04,4.35,2.98,6.0,25,10
n2_TrackF_r1_F88R_M255M_OFF_T_G17,87,0.7956,0.7612,0.9794,0,5.97,0,14.51,0,38.7,0,37.6,38.45,3.67,3.54,3.55,6.33,22,11
n2_TrackF_r1_F88R_M255M_OFF_T_G17,88,0.7933,0.7264,0.9813,0,6.28,0,13.92,0,39.21,0,37.41,38.62,2.5,5.14,3.94,7.24,24,10
n2_TrackF_r1_F88R_M255M_OFF_T_G17,89,0.7911,0.8637,0.9841,0,8.83,0,12.78,0,18.41,0,10.12,16.13,1.85,3.84,2.97,9.26,20,11
n2_TrackF_r1_F88R_M255M_OFF_T_G17,9,0.8504,0.919,0.9899,1,1.95,0,10.08,0,38.42,0,37.03,38.06,2.8,4.13,5.36,3.83,29,12
n2_TrackF_r1_F88R_M255M_OFF_T_G17,90,0.7846,0.7989,0.9844,0,6.35,0,20.81,0,32.83,0,32.9,37.17,2.16,1.79,4.95,7.04,20,7
n2_TrackF_r1_F88R_M255M_OFF_T_G17,91,0.7838,0.8031,0.9835,0,5.44,0,24.17,0,29.9,0,29.54,34.24,3.26,3.07,7.79,6.52,24,9
n2_TrackF_r1_F88R_M255M_OFF_T_G17,92,0.7835,0.7545,0.9818,0,6.73,0,12.85,0,38.53,0,36.1,37.72,1.87,3.32,4.14,7.81,22,10
n2_TrackF_r1_F88R_M255M_OFF_T_G17,93,0.7823,0.7401,0.9782,1,3.09,0,12.77,0,39.46,0,36.7,38.3,2.03,4.42,4.21,3.58,29,8
n2_TrackF_r1_F88R_M255M_OFF_T_G17,94,0.7802,0.6939,0.9794,0,5.55,0,22.59,0,28.36,0,29.63,34.37,2.07,2.94,9.02,6.01,21,8
n2_TrackF_r1_F88R_M255M_OFF_T_G17,95,0.773,0.6503,0.9778,1,3.56,0,18.27,0,50.61,0,46.76,51.17,3.27,6.3,10.04,3.05,31,11
n2_TrackF_r1_F88R_M255M_OFF_T_G17,96,0.7729,0.6631,0.9774,1,3.83,0,9.94,0,25.68,0,26.03,31.41,2.28,2.8,5.43,3.65,25,10
n2_TrackF_r1_F88R_M255M_OFF_T_G17,97,0.7687,0.6524,0.9729,0,6.72,0,13.61,0,39.03,0,37.13,38.51,1.7,4.33,2.37,6.05,36,11
n2_TrackF_r1_F88R_M255M_OFF_T_G17,98,0.761,0.5857,0.9793,0,5.55,0,15.41,0,41.49,0,38.96,40.95,2.15,5.3,5.55,5.74,27,11
n2_TrackF_r1_F88R_M255M_OFF_T_G17,99,0.7324,0.5881,0.9731,0,6.34,0,13.55,0,32.25,0,30.67,31.5,2.95,2.83,5.11,5.69,36,13
n2_TrackF_r1_F88R_M255M_S1_G17,0,0.8334,0.8566,0.9901,1,4.74,1,1.72,1,3.51,1,2.68,2.01,1.02,2.41,3.92,6.12,41,11
n2_TrackF_r1_F88R_M255M_S1_G17,1,0.8328,0.9403,0.9908,1,3.08,0,13.13,0,37.62,0,31.26,37.66,2.61,3.12,4.08,1.89,46,18
n2_TrackF_r1_F88R_M255M_S1_G17,10,0.8221,0.8278,0.9872,0,5.3,0,12.82,0,17.76,0,7.5,14.81,2.16,2.8,3.6,5.59,36,9
n2_TrackF_r1_F88R_M255M_S1_G17,11,0.822,0.8088,0.9875,1,2.84,1,2.96,1,2.76,1,4.62,3.08,3.04,1.71,4.49,4.84,41,14
n2_TrackF_r1_F88R_M255M_S1_G17,12,0.8201,0.8359,0.9889,1,3.38,1,3.09,1,0.52,1,2.76,7.18,2.74,3.05,4.55,4.93,45,13
n2_TrackF_r1_F88R_M255M_S1_G17,13,0.8192,0.818,0.989,1,2.85,1,4.0,1,3.04,1,2.22,4.42,2.01,4.85,4.87,4.26,42,11
n2_TrackF_r1_F88R_M255M_S1_G17,14,0.8186,0.8071,0.9891,1,3.06,0,5.8,1,1.01,0,7.18,7.46,2.53,2.92,5.41,4.21,39,13
n2_TrackF_r1_F88R_M255M_S1_G17,15,0.8185,0.7904,0.9876,1,4.93,0,5.49,1,1.36,0,5.0,2.95,2.64,3.89,5.93,4.75,35,11
n2_TrackF_r1_F88R_M255M_S1_G17,16,0.8181,0.93,0.99,1,1.51,0,9.95,0,31.19,0,25.52,30.89,1.88,5.33,5.69,2.58,34,19
n2_TrackF_r1_F88R_M255M_S1_G17,17,0.8166,0.8379,0.9899,1,4.13,1,3.32,1,4.65,1,3.32,5.2,2.1,1.94,3.94,5.29,40,12
n2_TrackF_r1_F88R_M255M_S1_G17,18,0.8162,0.8144,0.9874,1,3.58,1,4.45,0,7.18,0,2.7,2.63,2.55,3.04,5.3,4.88,41,14
n2_TrackF_r1_F88R_M255M_S1_G17,19,0.8158,0.8168,0.9879,0,7.1,1,1.77,1,3.22,1,2.95,2.51,1.69,1.14,5.08,6.61,40,15
n2_TrackF_r1_F88R_M255M_S1_G17,2,0.8315,0.9157,0.9884,1,4.2,0,9.09,1,2.4,0,5.68,5.01,1.71,3.46,5.37,4.9,44,20
n2_TrackF_r1_F88R_M255M_S1_G17,20,0.8157,0.8218,0.989,1,3.21,1,4.15,1,1.44,1,5.98,7.59,1.65,1.6,7.12,5.09,41,13
n2_TrackF_r1_F88R_M255M_S1_G17,21,0.8153,0.8242,0.9903,1,3.17,0,5.84,1,3.15,0,4.69,3.06,1.68,3.37,5.16,6.1,42,12
n2_TrackF_r1_F88R_M255M_S1_G17,22,0.8151,0.8143,0.9877,0,6.36,1,3.13,1,2.27,1,4.33,3.16,2.03,5.28,3.74,6.55,51,15
n2_TrackF_r1_F88R_M255M_S1_G17,23,0.8143,0.8149,0.9893,1,3.35,1,4.0,1,4.05,1,3.7,3.36,2.56,2.05,4.54,4.81,46,14
n2_TrackF_r1_F88R_M255M_S1_G17,24,0.8137,0.8107,0.9867,1,3.17,1,3.94,1,1.03,1,4.02,3.7,1.47,3.99,4.21,4.82,46,14
n2_TrackF_r1_F88R_M255M_S1_G17,25,0.812,0.8282,0.9892,1,4.73,1,4.25,1,3.5,1,3.01,2.61,0.42,4.31,3.92,5.01,41,13
n2_TrackF_r1_F88R_M255M_S1_G17,26,0.8119,0.7896,0.9849,1,3.69,0,5.19,1,2.85,0,3.4,1.56,2.5,1.09,4.99,4.9,47,13
n2_TrackF_r1_F88R_M255M_S1_G17,27,0.8113,0.8445,0.9904,1,4.88,1,3.44,0,27.63,0,18.88,26.19,2.92,3.49,4.36,6.39,40,11
n2_TrackF_r1_F88R_M255M_S1_G17,28,0.8109,0.8013,0.9867,1,3.0,1,3.13,1,4.41,1,3.58,3.4,1.99,3.18,3.9,4.63,43,13
n2_TrackF_r1_F88R_M255M_S1_G17,29,0.8106,0.768,0.9858,1,2.95,1,3.57,1,3.01,1,1.55,3.58,2.75,4.08,4.85,4.28,43,13
n2_TrackF_r1_F88R_M255M_S1_G17,3,0.8299,0.8377,0.9884,1,2.34,1,3.41,1,4.01,1,3.24,3.71,2.1,3.52,5.93,4.4,41,14
n2_TrackF_r1_F88R_M255M_S1_G17,30,0.81,0.817,0.9907,1,3.06,1,4.08,0,38.24,0,28.33,35.25,2.49,3.59,3.99,1.51,38,11
n2_TrackF_r1_F88R_M255M_S1_G17,31,0.8097,0.8214,0.9886,1,2.51,0,5.93,1,2.36,0,2.29,2.4,1.43,4.45,4.45,4.33,47,15
n2_TrackF_r1_F88R_M255M_S1_G17,32,0.8093,0.7818,0.9848,1,3.4,1,3.39,1,3.47,1,2.76,2.33,1.48,1.57,4.81,5.28,42,14
n2_TrackF_r1_F88R_M255M_S1_G17,33,0.8093,0.7885,0.9878,1,3.42,1,4.93,1,1.26,1,2.9,5.62,2.28,3.22,4.92,4.42,42,13
n2_TrackF_r1_F88R_M255M_S1_G17,34,0.8086,0.8309,0.9906,1,4.9,1,4.71,1,2.17,1,2.86,5.36,2.09,3.38,3.11,5.74,43,13
n2_TrackF_r1_F88R_M255M_S1_G17,35,0.808,0.8031,0.9882,1,2.32,1,4.05,1,2.23,1,2.8,3.5,2.82,2.65,4.27,4.03,42,12
n2_TrackF_r1_F88R_M255M_S1_G17,36,0.8079,0.7842,0.9876,1,2.56,1,2.91,1,2.47,1,2.9,2.53,2.92,2.78,6.84,4.97,45,14
n2_TrackF_r1_F88R_M255M_S1_G17,37,0.8074,0.771,0.9859,0,7.6,1,4.14,1,3.65,1,3.66,2.61,2.21,2.63,4.87,7.75,40,12
n2_TrackF_r1_F88R_M255M_S1_G17,38,0.8061,0.8011,0.9887,1,2.39,0,12.04,0,21.05,0,14.33,18.92,2.56,3.56,3.44,1.63,27,9
n2_TrackF_r1_F88R_M255M_S1_G17,39,0.8061,0.7299,0.9826,1,1.25,0,19.63,0,30.28,0,19.91,27.16,1.55,7.69,12.48,2.65,37,12
n2_TrackF_r1_F88R_M255M_S1_G17,4,0.8294,0.9302,0.9906,1,4.65,0,5.43,0,36.36,0,36.0,37.29,2.05,5.03,4.78,4.06,29,11
n2_TrackF_r1_F88R_M255M_S1_G17,40,0.8061,0.8291,0.9905,1,2.78,1,3.3,1,1.85,1,5.67,3.69,1.1,3.11,3.92,4.23,43,14
n2_TrackF_r1_F88R_M255M_S1_G17,41,0.8059,0.816,0.9888,1,2.52,1,3.07,1,4.91,1,4.79,7.95,1.39,1.56,4.13,4.45,51,13
n2_TrackF_r1_F88R_M255M_S1_G17,42,0.8059,0.7801,0.9855,1,4.59,1,4.06,1,3.04,1,5.41,4.79,3.0,4.25,4.87,4.72,47,14
n2_TrackF_r1_F88R_M255M_S1_G17,43,0.8058,0.7575,0.9845,1,1.07,0,12.32,0,38.0,0,27.73,35.39,2.18,8.33,11.04,2.64,44,13
n2_TrackF_r1_F88R_M255M_S1_G17,44,0.8057,0.8524,0.9908,1,3.04,1,2.79,1,2.12,1,2.58,3.16,1.23,4.06,4.7,4.17,41,12
n2_TrackF_r1_F88R_M255M_S1_G17,45,0.8054,0.8928,0.989,1,1.88,0,12.55,0,33.38,0,25.41,32.7,0.65,6.19,4.72,1.75,40,14
n2_TrackF_r1_F88R_M255M_S1_G17,46,0.8049,0.8076,0.9862,1,3.04,1,4.59,1,1.25,1,3.11,2.6,2.02,4.27,3.74,4.98,44,14
n2_TrackF_r1_F88R_M255M_S1_G17,47,0.8044,0.7898,0.9874,1,2.04,1,3.31,1,2.1,1,2.89,4.75,1.39,3.23,3.47,2.19,43,11
n2_TrackF_r1_F88R_M255M_S1_G17,48,0.8043,0.7455,0.9858,1,2.5,1,3.99,1,1.92,1,2.57,4.32,2.33,3.17,4.55,4.56,39,13
n2_TrackF_r1_F88R_M255M_S1_G17,49,0.8031,0.7721,0.9867,1,3.53,0,5.18,1,1.3,0,3.1,5.5,2.79,1.88,7.29,5.18,37,15
n2_TrackF_r1_F88R_M255M_S1_G17,5,0.8281,0.9098,0.9924,1,4.48,0,15.63,0,20.74,0,11.18,18.26,1.49,2.92,5.9,5.82,33,15
n2_TrackF_r1_F88R_M255M_S1_G17,50,0.8031,0.7914,0.9895,1,3.41,1,4.06,1,2.71,1,3.39,2.3,2.4,2.0,5.51,5.15,43,13
n2_TrackF_r1_F88R_M255M_S1_G17,51,0.8029,0.7378,0.9869,1,0.83,1,2.88,0,37.89,0,30.89,37.97,1.86,4.09,4.34,1.05,43,11
n2_TrackF_r1_F88R_M255M_S1_G17,52,0.8027,0.8052,0.99,1,3.06,1,2.89,1,3.18,1,3.45,5.34,2.67,2.44,4.95,5.13,47,14
n2_TrackF_r1_F88R_M255M_S1_G17,53,0.8023,0.7809,0.9861,0,7.48,1,3.78,1,2.28,1,2.93,5.8,1.56,3.71,3.94,7.15,47,14
n2_TrackF_r1_F88R_M255M_S1_G17,54,0.802,0.7636,0.9862,1,3.35,1,3.49,1,1.53,1,4.02,5.78,3.17,3.77,4.47,5.09,38,15
n2_TrackF_r1_F88R_M255M_S1_G17,55,0.8019,0.7385,0.984,1,2.7,1,2.43,1,1.01,1,3.67,3.36,1.75,2.37,5.26,3.12,45,12
n2_TrackF_r1_F88R_M255M_S1_G17,56,0.8019,0.7979,0.9874,0,6.27,0,13.76,0,16.93,0,10.82,16.0,2.47,1.93,3.78,5.91,35,12
n2_TrackF_r1_F88R_M255M_S1_G17,57,0.8016,0.7839,0.9866,1,2.59,1,4.1,1,2.25,1,2.22,4.25,3.02,3.07,3.89,4.48,39,13
n2_TrackF_r1_F88R_M255M_S1_G17,58,0.8014,0.7142,0.9863,1,1.69,0,12.04,0,37.39,0,28.2,35.99,2.21,6.52,9.9,1.99,41,10
n2_TrackF_r1_F88R_M255M_S1_G17,59,0.8014,0.8696,0.9869,0,6.87,1,3.57,0,31.16,0,33.11,33.1,3.45,5.4,4.42,7.55,26,12
n2_TrackF_r1_F88R_M255M_S1_G17,6,0.8272,0.8272,0.9887,1,2.85,1,4.55,1,2.5,1,2.48,4.05,1.75,4.28,5.28,4.61,39,12
n2_TrackF_r1_F88R_M255M_S1_G17,60,0.8013,0.7744,0.9873,1,3.22,1,3.74,1,2.28,1,4.25,3.46,2.25,1.5,4.47,4.63,45,12
n2_TrackF_r1_F88R_M255M_S1_G17,61,0.8012,0.8996,0.9875,0,6.24,0,10.72,0,5.63,0,3.31,3.37,1.74,2.69,2.87,4.54,58,19
n2_TrackF_r1_F88R_M255M_S1_G17,62,0.8008,0.9393,0.992,1,2.43,0,12.21,0,40.36,0,31.54,39.92,2.35,3.53,1.01,1.66,52,16
n2_TrackF_r1_F88R_M255M_S1_G17,63,0.8005,0.7701,0.9866,1,3.06,1,2.67,1,1.9,1,3.44,4.39,1.8,2.14,4.48,4.07,45,14
n2_TrackF_r1_F88R_M255M_S1_G17,64,0.8004,0.8341,0.982,1,0.68,0,13.8,0,40.23,0,31.75,38.37,2.04,3.99,5.42,2.21,59,18
n2_TrackF_r1_F88R_M255M_S1_G17,65,0.7999,0.802,0.988,1,3.75,1,1.58,1,2.43,1,5.55,6.96,3.39,3.84,4.41,4.46,45,15
n2_TrackF_r1_F88R_M255M_S1_G17,66,0.798,0.7447,0.9841,0,6.81,1,3.21,1,2.56,1,1.82,5.5,1.34,0.87,5.0,7.43,44,11
n2_TrackF_r1_F88R_M255M_S1_G17,67,0.7969,0.7827,0.9887,1,3.76,1,3.56,1,2.49,1,1.45,4.14,2.65,2.62,5.04,5.95,39,10
n2_TrackF_r1_F88R_M255M_S1_G17,68,0.7962,0.7514,0.9872,1,1.92,1,2.36,1,2.0,1,1.43,5.34,2.39,3.1,4.63,2.73,43,14
n2_TrackF_r1_F88R_M255M_S1_G17,69,0.7954,0.7169,0.9838,1,1.8,0,9.03,0,35.72,0,28.66,35.16,2.47,7.43,11.74,2.92,46,12
n2_TrackF_r1_F88R_M255M_S1_G17,7,0.8267,0.8267,0.9896,1,2.15,0,13.81,0,37.75,0,29.01,36.22,1.93,6.81,10.86,2.04,46,12
n2_TrackF_r1_F88R_M255M_S1_G17,70,0.7954,0.7601,0.9845,1,2.2,0,14.93,0,20.21,0,11.54,18.22,3.26,2.97,3.28,3.51,29,7
n2_TrackF_r1_F88R_M255M_S1_G17,71,0.7934,0.7641,0.9855,1,3.79,1,4.71,1,3.01,1,4.88,4.42,2.56,3.87,3.55,4.01,38,12
n2_TrackF_r1_F88R_M255M_S1_G17,72,0.7921,0.7313,0.9842,1,2.69,1,4.03,1,2.96,1,3.98,4.16,1.68,2.65,4.68,4.47,51,15
n2_TrackF_r1_F88R_M255M_S1_G17,73,0.7918,0.7049,0.984,1,2.71,1,3.27,1,2.18,1,3.03,2.44,3.13,2.94,4.7,4.12,36,13
n2_TrackF_r1_F88R_M255M_S1_G17,74,0.7918,0.8982,0.9876,1,3.64,0,11.25,0,28.32,0,17.27,24.81,1.46,1.73,3.87,2.82,49,13
n2_TrackF_r1_F88R_M255M_S1_G17,75,0.7913,0.8614,0.982,0,7.39,1,4.08,1,3.55,1,3.67,4.03,1.3,3.88,3.29,8.2,44,18
n2_TrackF_r1_F88R_M255M_S1_G17,76,0.7905,0.6919,0.984,1,4.83,1,3.73,1,0.68,1,2.52,4.9,1.3,3.66,3.52,5.5,47,14
n2_TrackF_r1_F88R_M255M_S1_G17,77,0.7905,0.8548,0.9859,1,1.28,0,17.02,0,27.89,0,21.14,28.34,0.83,4.69,5.7,2.39,50,18
n2_TrackF_r1_F88R_M255M_S1_G17,78,0.7895,0.827,0.9864,1,1.52,0,13.24,0,39.86,0,29.43,37.44,2.66,5.09,6.18,2.04,57,19
n2_TrackF_r1_F88R_M255M_S1_G17,79,0.7891,0.795,0.9802,1,4.12,0,21.31,0,19.72,0,13.56,19.66,2.98,2.45,3.99,3.91,29,11
n2_TrackF_r1_F88R_M255M_S1_G17,8,0.8239,0.8361,0.989,1,2.43,1,3.48,1,1.76,1,3.79,3.84,1.78,5.44,4.25,4.95,43,12
n2_TrackF_r1_F88R_M255M_S1_G17,80,0.7891,0.7657,0.984,0,6.15,1,3.05,0,23.02,0,16.87,24.45,1.9,1.63,4.64,6.01,37,13
n2_TrackF_r1_F88R_M255M_S1_G17,81,0.789,0.7382,0.9836,1,3.17,1,3.3,1,3.43,1,2.55,3.62,2.63,3.97,4.42,5.03,37,14
n2_TrackF_r1_F88R_M255M_S1_G17,82,0.7886,0.7432,0.9851,1,2.86,1,2.74,1,1.81,1,2.5,1.94,1.81,4.52,5.12,5.11,38,13
n2_TrackF_r1_F88R_M255M_S1_G17,83,0.7883,0.7847,0.9867,1,1.52,0,11.21,0,40.22,0,30.5,38.19,2.66,2.68,3.18,2.3,42,11
n2_TrackF_r1_F88R_M255M_S1_G17,84,0.788,0.7181,0.9833,1,1.92,1,4.08,1,2.87,1,3.02,1.49,2.76,2.07,4.42,4.36,42,14
n2_TrackF_r1_F88R_M255M_S1_G17,85,0.7869,0.7583,0.9859,1,1.85,0,11.57,0,37.27,0,28.77,36.73,1.82,7.72,12.36,2.32,52,13
n2_TrackF_r1_F88R_M255M_S1_G17,86,0.7841,0.7782,0.9863,1,3.07,1,2.27,0,24.27,0,14.35,21.47,2.2,2.5,4.46,3.61,35,14
n2_TrackF_r1_F88R_M255M_S1_G17,87,0.7828,0.862,0.987,1,4.81,0,16.11,0,24.34,0,15.78,23.03,3.5,2.94,2.8,6.36,30,13
n2_TrackF_r1_F88R_M255M_S1_G17,88,0.7818,0.8558,0.9874,1,3.57,0,13.82,0,20.74,0,15.32,21.95,2.3,2.02,4.65,2.66,36,16
n2_TrackF_r1_F88R_M255M_S1_G17,89,0.7805,0.7209,0.9851,1,3.94,1,3.69,1,2.58,1,3.57,3.05,2.1,0.95,4.61,4.99,45,13
n2_TrackF_r1_F88R_M255M_S1_G17,9,0.8227,0.8779,0.991,1,3.19,1,4.76,1,1.25,1,4.37,6.31,1.9,3.2,3.72,4.36,40,15
n2_TrackF_r1_F88R_M255M_S1_G17,90,0.7804,0.6849,0.9842,1,3.13,1,3.09,1,2.13,1,3.03,5.58,2.02,1.02,4.25,4.66,45,14
n2_TrackF_r1_F88R_M255M_S1_G17,91,0.7749,0.6968,0.9833,1,4.81,1,3.63,1,2.25,1,4.0,5.58,2.3,1.97,4.68,3.72,43,11
n2_TrackF_r1_F88R_M255M_S1_G17,92,0.7698,0.675,0.9801,1,1.06,0,14.59,0,22.04,0,12.37,18.22,0.57,6.3,4.33,2.76,34,12
n2_TrackF_r1_F88R_M255M_S1_G17,93,0.7657,0.6831,0.9825,1,2.01,0,16.37,0,21.88,0,12.18,19.38,2.08,4.76,5.02,1.96,28,10
n2_TrackF_r1_F88R_M255M_S1_G17,94,0.7639,0.653,0.9845,1,3.44,1,2.5,1,2.73,1,1.44,3.77,2.46,2.94,4.75,4.74,35,13
n2_TrackF_r1_F88R_M255M_S1_G17,95,0.7623,0.7202,0.9843,1,1.48,0,13.96,0,38.2,0,29.32,36.12,2.08,4.34,7.0,1.54,57,19
n2_TrackF_r1_F88R_M255M_S1_G17,96,0.7551,0.6956,0.9805,0,5.15,0,7.13,0,34.34,0,35.8,37.52,2.85,5.61,7.52,6.46,25,11
n2_TrackF_r1_F88R_M255M_S1_G17,97,0.7456,0.6643,0.986,1,1.39,0,17.39,0,23.34,0,12.75,20.24,1.83,3.33,8.23,2.31,47,18
n2_TrackF_r1_F88R_M255M_S1_G17,98,0.7332,0.646,0.9831,1,1.35,0,13.9,0,36.5,0,29.23,37.07,2.3,4.98,7.35,1.6,60,19
n2_TrackF_r1_F88R_M255M_S1_G17,99,0.7244,0.4601,0.9815,1,3.15,0,10.41,0,43.77,0,33.71,40.6,0.9,5.53,11.31,2.65,36,12
n2_TrackF_r1_F88W_M255A_OFF_T_G17,0,0.8757,0.9324,0.9888,0,6.79,0,14.75,0,44.51,0,39.91,43.54,2.85,4.26,6.24,6.09,34,13
n2_TrackF_r1_F88W_M255A_OFF_T_G17,1,0.8716,0.9119,0.9881,1,3.84,0,14.71,0,39.2,0,39.06,41.46,1.57,3.61,8.6,3.12,33,13
n2_TrackF_r1_F88W_M255A_OFF_T_G17,10,0.8528,0.854,0.9886,0,6.5,0,17.09,0,47.56,0,44.47,46.92,1.91,3.34,6.57,5.5,29,13
n2_TrackF_r1_F88W_M255A_OFF_T_G17,11,0.8528,0.8685,0.9857,0,5.07,0,17.53,0,42.29,0,40.62,41.27,2.63,4.52,4.21,5.71,26,10
n2_TrackF_r1_F88W_M255A_OFF_T_G17,12,0.8524,0.9016,0.989,0,5.6,0,18.26,0,44.21,0,42.56,45.4,2.31,4.12,6.73,5.1,28,13
n2_TrackF_r1_F88W_M255A_OFF_T_G17,13,0.8513,0.8848,0.9874,0,5.83,0,15.41,0,39.44,0,37.93,39.61,2.13,5.22,4.42,6.69,27,12
n2_TrackF_r1_F88W_M255A_OFF_T_G17,14,0.8508,0.854,0.9888,0,5.79,0,25.39,0,30.9,0,36.56,40.43,2.81,3.83,6.88,5.91,22,12
n2_TrackF_r1_F88W_M255A_OFF_T_G17,15,0.8502,0.8683,0.9849,0,6.74,0,14.89,0,41.48,0,38.8,40.24,2.87,4.86,2.53,7.42,25,11
n2_TrackF_r1_F88W_M255A_OFF_T_G17,16,0.8488,0.8613,0.9849,0,6.17,0,14.77,0,41.55,0,38.68,40.71,1.94,3.84,2.74,6.75,25,11
n2_TrackF_r1_F88W_M255A_OFF_T_G17,17,0.8488,0.8609,0.983,0,7.01,0,16.78,0,38.81,0,37.2,38.19,1.73,4.53,3.83,6.93,29,13
n2_TrackF_r1_F88W_M255A_OFF_T_G17,18,0.8487,0.897,0.988,1,4.43,0,14.1,0,40.39,0,37.49,40.11,4.09,5.37,5.49,3.97,24,11
n2_TrackF_r1_F88W_M255A_OFF_T_G17,19,0.8481,0.8727,0.986,0,6.08,0,14.46,0,38.31,0,37.15,38.2,1.4,5.56,4.36,6.06,24,11
n2_TrackF_r1_F88W_M255A_OFF_T_G17,2,0.8619,0.9225,0.9901,0,6.31,0,16.28,0,41.02,0,39.59,41.27,2.13,1.26,5.99,6.7,33,13
n2_TrackF_r1_F88W_M255A_OFF_T_G17,20,0.848,0.8334,0.9851,0,5.67,0,21.5,0,28.6,0,34.03,37.93,2.84,1.94,5.72,4.03,25,8
n2_TrackF_r1_F88W_M255A_OFF_T_G17,21,0.8475,0.8669,0.9841,0,6.81,0,14.03,0,37.75,0,35.58,36.53,1.7,3.85,2.71,6.31,30,12
n2_TrackF_r1_F88W_M255A_OFF_T_G17,22,0.847,0.8459,0.9842,0,6.64,0,14.59,0,37.34,0,35.53,36.42,1.31,3.07,5.24,7.22,24,11
n2_TrackF_r1_F88W_M255A_OFF_T_G17,23,0.8465,0.8062,0.9811,0,6.22,0,17.21,0,43.38,0,40.77,43.28,1.54,1.89,6.25,5.44,30,13
n2_TrackF_r1_F88W_M255A_OFF_T_G17,24,0.8457,0.8766,0.9874,1,1.01,0,12.48,0,34.31,0,33.15,35.42,3.65,4.92,5.49,2.87,37,12
n2_TrackF_r1_F88W_M255A_OFF_T_G17,25,0.8455,0.8689,0.9871,1,4.28,0,21.9,0,18.36,0,20.25,23.77,1.09,1.31,8.39,4.89,39,11
n2_TrackF_r1_F88W_M255A_OFF_T_G17,26,0.8454,0.8918,0.9875,0,5.07,0,17.85,0,44.09,0,40.67,42.85,2.15,3.5,4.16,3.81,31,12
n2_TrackF_r1_F88W_M255A_OFF_T_G17,27,0.8452,0.8374,0.9825,0,7.65,0,15.68,0,39.47,0,38.0,38.27,2.25,5.05,4.32,6.44,25,10
n2_TrackF_r1_F88W_M255A_OFF_T_G17,28,0.8449,0.8155,0.9819,0,6.88,0,16.33,0,45.85,0,42.49,45.08,1.79,4.04,5.94,5.08,24,13
n2_TrackF_r1_F88W_M255A_OFF_T_G17,29,0.8437,0.8744,0.988,0,6.0,0,13.93,0,38.42,0,36.79,37.79,1.27,4.3,3.9,6.91,26,10
n2_TrackF_r1_F88W_M255A_OFF_T_G17,3,0.8614,0.9217,0.9905,1,3.6,0,14.99,0,39.29,0,38.28,39.89,2.76,3.12,4.51,4.49,39,10
n2_TrackF_r1_F88W_M255A_OFF_T_G17,30,0.8432,0.8578,0.9842,0,6.7,0,16.79,0,46.57,0,44.59,47.28,1.24,2.99,5.57,5.96,29,13
n2_TrackF_r1_F88W_M255A_OFF_T_G17,31,0.8428,0.8736,0.9892,0,5.69,0,24.64,0,29.27,0,33.79,38.98,1.13,4.21,7.7,6.67,22,8
n2_TrackF_r1_F88W_M255A_OFF_T_G17,32,0.8425,0.8563,0.9892,0,5.75,0,25.19,0,26.41,0,30.63,35.2,1.53,4.19,6.78,6.84,23,10
n2_TrackF_r1_F88W_M255A_OFF_T_G17,33,0.8424,0.8633,0.9875,1,2.47,0,13.75,0,38.47,0,36.64,38.16,0.78,4.31,5.16,3.9,37,13
n2_TrackF_r1_F88W_M255A_OFF_T_G17,34,0.8417,0.851,0.9845,1,3.32,0,15.14,0,39.83,0,38.42,39.47,1.57,3.92,4.43,3.79,41,12
n2_TrackF_r1_F88W_M255A_OFF_T_G17,35,0.8417,0.8146,0.982,1,4.63,0,16.2,0,43.36,0,40.69,42.3,1.26,4.94,3.89,5.42,34,14
n2_TrackF_r1_F88W_M255A_OFF_T_G17,36,0.8392,0.9108,0.9902,0,7.01,0,13.93,0,40.72,0,39.51,41.15,1.46,4.55,5.8,7.44,26,10
n2_TrackF_r1_F88W_M255A_OFF_T_G17,37,0.8377,0.892,0.9903,1,3.95,0,23.44,0,22.58,0,23.32,28.54,0.75,4.71,10.92,4.93,20,9
n2_TrackF_r1_F88W_M255A_OFF_T_G17,38,0.8367,0.8468,0.9817,0,5.08,0,17.96,0,38.25,0,37.17,37.88,3.09,3.01,5.47,6.47,30,13
n2_TrackF_r1_F88W_M255A_OFF_T_G17,39,0.8361,0.8506,0.9827,0,7.6,0,15.46,0,36.25,0,34.5,35.05,1.69,4.86,2.99,5.45,27,11
n2_TrackF_r1_F88W_M255A_OFF_T_G17,4,0.8575,0.86,0.9826,0,5.64,0,15.21,0,41.41,0,38.97,40.82,1.76,3.89,4.41,6.49,24,10
n2_TrackF_r1_F88W_M255A_OFF_T_G17,40,0.8361,0.804,0.9812,1,4.27,0,14.73,0,40.73,0,39.35,40.84,3.25,2.23,5.0,3.95,34,12
n2_TrackF_r1_F88W_M255A_OFF_T_G17,41,0.8318,0.848,0.984,0,5.52,0,14.31,0,40.08,0,38.24,40.56,2.5,3.67,4.87,5.31,24,11
n2_TrackF_r1_F88W_M255A_OFF_T_G17,42,0.8317,0.9166,0.9865,0,5.74,0,16.88,0,41.83,0,36.71,41.81,3.96,2.96,6.63,5.02,39,17
n2_TrackF_r1_F88W_M255A_OFF_T_G17,43,0.8316,0.888,0.987,0,5.11,0,14.52,0,42.22,0,39.99,41.42,2.57,1.67,5.43,5.07,25,12
n2_TrackF_r1_F88W_M255A_OFF_T_G17,44,0.8305,0.8372,0.9859,0,5.7,0,17.2,0,53.32,0,51.95,58.01,2.2,2.96,4.45,5.9,37,14
n2_TrackF_r1_F88W_M255A_OFF_T_G17,45,0.8281,0.8144,0.9852,0,6.08,0,19.31,0,41.01,0,40.7,39.93,2.51,2.56,5.59,4.78,28,13
n2_TrackF_r1_F88W_M255A_OFF_T_G17,46,0.8279,0.7661,0.9817,0,6.67,0,16.72,0,41.12,0,38.86,41.11,1.54,2.61,4.84,5.67,29,12
n2_TrackF_r1_F88W_M255A_OFF_T_G17,47,0.8279,0.8681,0.9849,0,5.4,0,13.84,0,38.86,0,37.03,37.99,1.39,5.51,5.18,5.49,24,12
n2_TrackF_r1_F88W_M255A_OFF_T_G17,48,0.8279,0.8686,0.9881,1,4.25,0,24.17,0,23.98,0,26.06,30.33,0.83,4.2,10.52,4.21,21,9
n2_TrackF_r1_F88W_M255A_OFF_T_G17,49,0.8271,0.8074,0.9834,1,3.93,0,15.12,0,35.07,0,34.59,37.54,2.37,5.2,9.47,2.98,32,10
n2_TrackF_r1_F88W_M255A_OFF_T_G17,5,0.8566,0.9117,0.9892,0,5.86,0,17.22,0,40.46,0,38.19,39.34,1.59,5.64,4.35,6.85,26,11
n2_TrackF_r1_F88W_M255A_OFF_T_G17,50,0.8261,0.7626,0.9815,0,5.52,0,15.25,0,41.79,0,40.09,41.48,3.24,2.84,5.24,6.43,30,12
n2_TrackF_r1_F88W_M255A_OFF_T_G17,51,0.826,0.7987,0.9811,0,5.85,0,16.47,0,38.29,0,37.8,39.61,2.81,3.79,4.52,6.07,25,11
n2_TrackF_r1_F88W_M255A_OFF_T_G17,52,0.8259,0.8894,0.9887,0,6.29,0,21.53,0,26.11,0,27.56,33.04,1.5,3.27,2.83,6.72,28,9
n2_TrackF_r1_F88W_M255A_OFF_T_G17,53,0.8256,0.8121,0.9828,1,4.64,0,14.97,0,42.66,0,40.24,42.06,3.49,4.16,5.86,4.2,32,11
n2_TrackF_r1_F88W_M255A_OFF_T_G17,54,0.8252,0.8866,0.9897,0,6.1,0,23.84,0,44.96,0,48.27,51.92,2.58,4.37,2.19,6.23,24,8
n2_TrackF_r1_F88W_M255A_OFF_T_G17,55,0.8246,0.8244,0.986,0,5.75,0,23.0,0,26.95,0,27.82,33.73,2.21,4.4,6.91,6.27,31,9
n2_TrackF_r1_F88W_M255A_OFF_T_G17,56,0.8246,0.9009,0.9871,1,2.75,0,14.86,0,44.39,0,40.37,43.46,1.97,3.73,6.21,4.05,36,15
n2_TrackF_r1_F88W_M255A_OFF_T_G17,57,0.8245,0.8821,0.9895,0,5.87,0,23.48,0,28.9,0,30.41,36.35,1.16,2.66,2.23,6.69,28,8
n2_TrackF_r1_F88W_M255A_OFF_T_G17,58,0.8242,0.8268,0.9834,1,4.06,0,20.72,0,23.48,0,26.34,30.93,0.84,3.28,6.31,5.41,30,10
n2_TrackF_r1_F88W_M255A_OFF_T_G17,59,0.8241,0.8275,0.9866,0,6.02,0,24.34,0,25.72,0,29.42,34.35,1.74,3.26,8.8,7.0,24,9
n2_TrackF_r1_F88W_M255A_OFF_T_G17,6,0.8563,0.8737,0.9835,0,6.39,0,14.95,0,39.63,0,37.55,38.95,2.34,3.84,4.94,6.42,31,14
n2_TrackF_r1_F88W_M255A_OFF_T_G17,60,0.8234,0.8132,0.9837,0,8.65,0,16.4,0,35.46,0,35.34,35.51,2.93,3.11,6.04,8.51,20,9
n2_TrackF_r1_F88W_M255A_OFF_T_G17,61,0.8226,0.8994,0.991,0,5.61,0,24.12,0,28.83,0,30.97,37.4,0.78,3.93,8.83,4.67,16,8
n2_TrackF_r1_F88W_M255A_OFF_T_G17,62,0.8223,0.8454,0.985,0,6.95,0,23.5,0,25.0,0,30.68,33.68,1.54,8.11,10.12,5.92,24,9
n2_TrackF_r1_F88W_M255A_OFF_T_G17,63,0.8217,0.8565,0.9885,1,4.8,0,23.59,0,29.46,0,34.55,38.5,0.3,5.14,6.47,4.8,22,11
n2_TrackF_r1_F88W_M255A_OFF_T_G17,64,0.8213,0.8725,0.9904,1,4.32,0,25.04,0,30.84,0,35.58,39.21,1.23,4.84,6.98,5.31,18,9
n2_TrackF_r1_F88W_M255A_OFF_T_G17,65,0.8213,0.8199,0.9833,0,6.09,0,14.78,0,41.82,0,39.67,42.57,1.64,5.72,6.4,5.56,21,9
n2_TrackF_r1_F88W_M255A_OFF_T_G17,66,0.8199,0.8851,0.9864,1,3.26,0,14.44,0,38.8,0,37.43,40.23,4.21,4.76,7.56,2.87,38,12
n2_TrackF_r1_F88W_M255A_OFF_T_G17,67,0.8199,0.8275,0.9865,1,3.23,0,12.97,0,36.1,0,34.97,36.8,3.15,3.34,5.69,4.7,40,14
n2_TrackF_r1_F88W_M255A_OFF_T_G17,68,0.8197,0.8688,0.9886,0,6.08,0,15.52,0,39.93,0,38.18,39.55,0.89,5.43,3.77,7.91,24,12
n2_TrackF_r1_F88W_M255A_OFF_T_G17,69,0.8194,0.788,0.9823,0,5.81,0,24.54,0,29.03,0,32.16,36.66,1.48,2.63,7.92,6.62,23,10
n2_TrackF_r1_F88W_M255A_OFF_T_G17,7,0.8561,0.9008,0.9865,0,6.74,0,12.83,0,35.76,0,35.01,36.26,1.45,3.52,4.9,6.43,29,9
n2_TrackF_r1_F88W_M255A_OFF_T_G17,70,0.8172,0.7433,0.9799,1,4.52,0,14.62,0,41.44,0,39.51,41.01,1.49,3.78,5.3,4.65,39,11
n2_TrackF_r1_F88W_M255A_OFF_T_G17,71,0.8167,0.7913,0.9841,1,4.84,0,22.81,0,25.16,0,25.98,31.27,2.86,5.63,10.58,6.25,28,8
n2_TrackF_r1_F88W_M255A_OFF_T_G17,72,0.8153,0.6955,0.9788,0,5.99,0,16.65,0,40.31,0,37.91,39.83,1.74,2.79,5.25,6.21,23,11
n2_TrackF_r1_F88W_M255A_OFF_T_G17,73,0.8136,0.8169,0.9849,0,5.86,0,24.41,0,30.54,0,34.64,39.59,1.92,4.84,6.96,6.95,20,8
n2_TrackF_r1_F88W_M255A_OFF_T_G17,74,0.8114,0.8838,0.9868,0,6.47,0,15.99,0,42.15,0,40.22,41.15,2.37,2.4,4.12,6.35,24,12
n2_TrackF_r1_F88W_M255A_OFF_T_G17,75,0.8098,0.716,0.9838,1,4.09,0,13.64,0,44.71,0,41.99,44.1,2.99,3.24,6.34,4.02,40,11
n2_TrackF_r1_F88W_M255A_OFF_T_G17,76,0.8098,0.8288,0.9859,1,3.56,0,25.76,0,17.82,0,23.57,26.12,2.34,5.34,9.9,2.41,19,8
n2_TrackF_r1_F88W_M255A_OFF_T_G17,77,0.8079,0.7606,0.983,0,5.07,0,14.9,0,37.11,0,35.93,36.21,2.66,4.07,2.15,4.69,33,11
n2_TrackF_r1_F88W_M255A_OFF_T_G17,78,0.8077,0.7315,0.9782,1,4.61,0,15.14,0,42.44,0,40.63,42.46,1.69,4.03,6.02,4.24,33,12
n2_TrackF_r1_F88W_M255A_OFF_T_G17,79,0.8058,0.7963,0.9878,0,6.65,0,26.68,0,46.7,0,46.94,50.69,2.72,2.48,2.52,6.21,31,12
n2_TrackF_r1_F88W_M255A_OFF_T_G17,8,0.854,0.9032,0.9868,0,5.92,0,14.94,0,39.47,0,37.58,39.07,2.07,4.66,5.07,7.27,32,10
n2_TrackF_r1_F88W_M255A_OFF_T_G17,80,0.8052,0.6568,0.9757,0,6.23,0,16.6,0,43.0,0,40.67,42.12,1.52,5.69,4.99,5.5,26,11
n2_TrackF_r1_F88W_M255A_OFF_T_G17,81,0.8046,0.8227,0.9843,0,5.67,0,22.28,0,37.52,0,40.76,44.39,1.74,2.83,2.49,5.19,28,12
n2_TrackF_r1_F88W_M255A_OFF_T_G17,82,0.8037,0.8302,0.9855,0,6.32,0,24.87,0,34.59,0,39.02,42.77,1.47,3.02,5.29,6.39,19,9
n2_TrackF_r1_F88W_M255A_OFF_T_G17,83,0.8025,0.7159,0.981,1,4.5,0,18.04,0,50.1,0,46.85,49.56,1.44,2.54,7.42,5.07,29,14
n2_TrackF_r1_F88W_M255A_OFF_T_G17,84,0.8,0.6417,0.9794,0,7.08,0,14.68,0,44.72,0,42.21,43.98,2.84,2.49,5.47,7.88,23,13
n2_TrackF_r1_F88W_M255A_OFF_T_G17,85,0.7997,0.7951,0.9838,0,8.01,0,15.85,0,23.3,0,18.37,25.0,3.51,2.5,7.69,8.0,22,7
n2_TrackF_r1_F88W_M255A_OFF_T_G17,86,0.7997,0.8669,0.9877,1,2.27,0,7.03,0,26.92,0,27.57,33.62,3.39,3.04,3.73,3.06,24,9
n2_TrackF_r1_F88W_M255A_OFF_T_G17,87,0.797,0.7161,0.9793,0,6.38,0,15.69,0,39.4,0,37.57,39.33,1.61,5.8,5.85,6.54,20,11
n2_TrackF_r1_F88W_M255A_OFF_T_G17,88,0.7919,0.7675,0.9819,0,5.9,0,25.15,0,22.16,0,24.99,29.22,0.74,3.09,6.55,6.99,25,7
n2_TrackF_r1_F88W_M255A_OFF_T_G17,89,0.7903,0.6607,0.9803,0,6.41,0,24.09,0,31.1,0,32.96,38.88,2.26,2.5,5.84,5.95,29,10
n2_TrackF_r1_F88W_M255A_OFF_T_G17,9,0.8529,0.8485,0.9828,1,4.8,0,17.72,0,42.81,0,40.51,42.06,2.05,3.79,5.46,5.39,29,13
n2_TrackF_r1_F88W_M255A_OFF_T_G17,90,0.7847,0.7917,0.9791,0,6.02,0,5.74,0,27.66,0,28.83,31.75,1.96,3.49,4.22,6.35,18,11
n2_TrackF_r1_F88W_M255A_OFF_T_G17,91,0.7843,0.697,0.9806,0,8.9,0,17.48,0,36.86,0,36.38,36.48,1.84,3.87,4.81,6.73,23,11
n2_TrackF_r1_F88W_M255A_OFF_T_G17,92,0.7795,0.6587,0.9813,0,5.89,0,23.97,0,29.5,0,32.96,37.29,0.5,3.84,5.55,6.56,23,10
n2_TrackF_r1_F88W_M255A_OFF_T_G17,93,0.7739,0.6786,0.981,1,2.28,0,16.21,0,24.12,0,20.43,27.3,2.44,4.7,11.29,2.67,33,13
n2_TrackF_r1_F88W_M255A_OFF_T_G17,94,0.7708,0.696,0.9813,0,5.98,0,24.68,0,29.25,0,32.35,37.58,1.02,3.56,6.6,7.03,23,11
n2_TrackF_r1_F88W_M255A_OFF_T_G17,95,0.769,0.6669,0.9768,0,5.27,0,23.86,0,24.31,0,25.55,31.31,1.43,4.34,10.29,4.97,31,12
n2_TrackF_r1_F88W_M255A_OFF_T_G17,96,0.7642,0.5812,0.9733,0,7.08,0,15.91,0,38.63,0,37.26,38.17,2.37,3.8,3.61,7.36,26,10
n2_TrackF_r1_F88W_M255A_OFF_T_G17,97,0.7569,0.6641,0.9761,0,6.74,0,13.41,0,35.84,0,34.52,35.38,1.63,3.28,3.6,8.08,26,11
n2_TrackF_r1_F88W_M255A_OFF_T_G17,98,0.7423,0.5205,0.9726,0,6.81,0,16.14,0,37.57,0,36.0,37.38,2.81,5.16,3.91,6.78,23,10
n2_TrackF_r1_F88W_M255A_OFF_T_G17,99,0.7341,0.3327,0.9869,0,33.12,0,29.52,0,41.63,0,44.14,47.61,24.67,18.75,16.48,34.51,0,0
n2_TrackF_r1_F88W_M255A_S1_G17,0,0.8504,0.9189,0.9911,1,1.59,0,18.54,0,38.8,0,33.71,41.63,2.02,3.63,3.97,2.53,48,14
n2_TrackF_r1_F88W_M255A_S1_G17,1,0.8495,0.9248,0.9896,0,5.06,0,6.46,0,37.61,0,37.03,38.93,2.38,5.56,5.58,5.65,35,14
n2_TrackF_r1_F88W_M255A_S1_G17,10,0.8331,0.8981,0.9893,1,1.81,0,15.42,0,36.22,0,32.47,39.87,2.18,4.39,3.5,2.28,43,15
n2_TrackF_r1_F88W_M255A_S1_G17,11,0.831,0.8039,0.9871,1,1.87,0,18.23,0,28.22,0,25.37,32.79,0.87,4.07,11.35,2.35,45,12
n2_TrackF_r1_F88W_M255A_S1_G17,12,0.8302,0.8876,0.9881,0,6.72,0,8.64,0,30.68,0,30.95,33.18,2.75,4.96,4.75,7.31,26,11
n2_TrackF_r1_F88W_M255A_S1_G17,13,0.8301,0.9305,0.9913,1,4.08,0,16.89,0,15.09,0,11.09,18.41,1.91,4.17,4.49,3.57,35,12
n2_TrackF_r1_F88W_M255A_S1_G17,14,0.8289,0.9085,0.988,0,5.97,0,14.74,0,17.6,0,13.72,20.38,2.43,3.72,4.39,4.47,33,17
n2_TrackF_r1_F88W_M255A_S1_G17,15,0.8276,0.8551,0.9883,1,3.3,0,13.53,0,14.65,0,8.98,16.43,3.47,4.14,2.19,4.42,44,17
n2_TrackF_r1_F88W_M255A_S1_G17,16,0.826,0.8739,0.9874,1,1.83,0,12.66,0,26.17,0,22.13,29.58,1.0,3.0,5.1,2.86,32,16
n2_TrackF_r1_F88W_M255A_S1_G17,17,0.8248,0.8109,0.987,0,5.61,0,6.83,0,20.75,0,13.92,20.67,3.72,3.71,3.21,2.87,29,10
n2_TrackF_r1_F88W_M255A_S1_G17,18,0.8239,0.8193,0.9898,1,2.28,0,15.03,0,25.38,0,22.13,29.24,1.13,2.11,4.31,3.06,30,9
n2_TrackF_r1_F88W_M255A_S1_G17,19,0.8232,0.805,0.9866,1,3.76,0,15.61,0,13.27,0,8.45,15.4,2.08,3.37,3.82,5.22,38,9
n2_TrackF_r1_F88W_M255A_S1_G17,2,0.8427,0.8981,0.988,1,2.0,0,16.65,0,26.03,0,22.09,29.71,1.43,2.38,3.55,2.92,38,15
n2_TrackF_r1_F88W_M255A_S1_G17,20,0.8219,0.8896,0.9888,1,1.33,0,10.44,0,29.53,0,23.39,29.92,1.61,3.17,4.43,2.34,47,19
n2_TrackF_r1_F88W_M255A_S1_G17,21,0.8219,0.9126,0.9892,0,6.77,0,5.51,0,35.65,0,35.35,36.91,1.98,4.73,4.91,6.85,35,14
n2_TrackF_r1_F88W_M255A_S1_G17,22,0.8218,0.8048,0.9847,1,4.11,0,15.91,0,13.1,0,8.72,16.32,2.09,3.19,4.97,3.71,35,12
n2_TrackF_r1_F88W_M255A_S1_G17,23,0.8207,0.8544,0.986,1,3.82,0,13.63,0,17.35,0,9.46,17.04,1.62,4.82,4.21,3.86,36,17
n2_TrackF_r1_F88W_M255A_S1_G17,24,0.8206,0.8472,0.9896,1,4.06,0,15.23,0,13.42,0,8.25,15.66,2.13,2.21,5.01,5.07,43,12
n2_TrackF_r1_F88W_M255A_S1_G17,25,0.8201,0.8924,0.9906,1,4.28,0,19.89,0,21.08,0,15.03,22.87,3.6,3.96,2.3,5.01,34,12
n2_TrackF_r1_F88W_M255A_S1_G17,26,0.8198,0.9193,0.9893,1,4.57,0,12.71,0,23.04,0,14.18,21.36,2.36,2.35,7.29,2.54,37,14
n2_TrackF_r1_F88W_M255A_S1_G17,27,0.819,0.9119,0.9882,1,4.5,0,12.7,0,24.81,0,15.52,23.13,2.23,2.13,3.05,2.32,34,16
n2_TrackF_r1_F88W_M255A_S1_G17,28,0.8184,0.8316,0.9872,1,3.28,0,19.37,0,17.44,0,13.69,21.1,2.27,5.9,6.86,4.26,29,10
n2_TrackF_r1_F88W_M255A_S1_G17,29,0.817,0.8845,0.9896,0,6.77,0,5.92,0,30.05,0,30.25,31.49,1.74,4.91,4.75,7.39,30,11
n2_TrackF_r1_F88W_M255A_S1_G17,3,0.8427,0.9154,0.9885,1,4.39,0,12.21,0,19.44,0,15.15,22.05,1.47,3.26,6.31,4.63,30,14
n2_TrackF_r1_F88W_M255A_S1_G17,30,0.8153,0.7586,0.9865,1,4.24,0,22.66,0,12.05,0,7.03,14.87,3.03,4.37,7.96,4.16,48,14
n2_TrackF_r1_F88W_M255A_S1_G17,31,0.8148,0.8482,0.9838,1,3.26,0,15.84,0,27.72,0,25.65,32.34,0.56,2.35,4.66,2.0,38,16
n2_TrackF_r1_F88W_M255A_S1_G17,32,0.8139,0.7146,0.9832,1,4.44,0,12.37,0,22.93,0,15.62,22.54,3.97,3.45,5.84,4.51,35,12
n2_TrackF_r1_F88W_M255A_S1_G17,33,0.8134,0.9446,0.9922,1,2.44,0,16.5,0,33.46,0,29.92,36.52,0.67,5.68,4.53,2.6,30,15
n2_TrackF_r1_F88W_M255A_S1_G17,34,0.8134,0.775,0.9862,1,3.4,0,13.57,0,12.34,0,9.08,16.99,3.24,2.87,4.46,3.94,26,10
n2_TrackF_r1_F88W_M255A_S1_G17,35,0.8109,0.8113,0.9828,1,1.52,1,3.29,0,37.88,0,32.98,40.5,2.49,4.23,5.39,2.14,53,20
n2_TrackF_r1_F88W_M255A_S1_G17,36,0.8104,0.8591,0.9849,0,6.89,0,5.92,0,32.16,0,32.74,34.27,1.67,4.55,5.08,7.15,26,11
n2_TrackF_r1_F88W_M255A_S1_G17,37,0.809,0.8468,0.9875,1,4.08,0,19.63,0,11.82,0,5.83,13.15,2.48,4.62,2.81,4.98,37,10
n2_TrackF_r1_F88W_M255A_S1_G17,38,0.8089,0.8791,0.9886,0,5.43,0,14.47,0,10.78,0,5.08,13.13,3.01,3.11,7.03,4.96,42,14
n2_TrackF_r1_F88W_M255A_S1_G17,39,0.8085,0.8721,0.9866,0,6.76,0,22.69,0,13.02,0,8.42,15.67,1.97,3.77,3.4,6.41,36,13
n2_TrackF_r1_F88W_M255A_S1_G17,4,0.8423,0.8976,0.9891,1,4.05,0,18.67,0,30.6,0,25.52,32.49,1.45,5.84,5.83,1.92,33,14
n2_TrackF_r1_F88W_M255A_S1_G17,40,0.8083,0.7831,0.9869,1,4.07,0,13.82,0,14.42,0,10.35,17.49,2.64,3.9,3.13,3.33,24,9
n2_TrackF_r1_F88W_M255A_S1_G17,41,0.8071,0.9087,0.9897,1,2.6,0,16.07,0,28.18,0,24.43,31.03,0.95,4.73,3.87,2.07,41,16
n2_TrackF_r1_F88W_M255A_S1_G17,42,0.8068,0.7296,0.984,1,3.22,0,12.99,0,15.45,0,9.12,17.09,2.13,4.94,2.5,4.26,32,9
n2_TrackF_r1_F88W_M255A_S1_G17,43,0.8064,0.7802,0.9858,1,3.5,1,4.08,1,2.22,1,2.3,4.14,1.98,2.02,5.18,4.84,44,14
n2_TrackF_r1_F88W_M255A_S1_G17,44,0.8057,0.8069,0.9881,1,3.71,1,3.33,1,2.09,1,2.91,4.64,2.42,3.46,3.94,5.67,38,11
n2_TrackF_r1_F88W_M255A_S1_G17,45,0.8055,0.7911,0.9853,0,5.94,0,9.35,0,5.11,0,6.43,12.6,2.69,1.3,5.23,4.29,33,11
n2_TrackF_r1_F88W_M255A_S1_G17,46,0.8047,0.8305,0.986,1,3.43,0,11.67,0,23.6,0,22.06,29.08,1.1,4.16,3.36,3.04,39,14
n2_TrackF_r1_F88W_M255A_S1_G17,47,0.8045,0.8522,0.9867,0,5.52,0,23.1,0,19.15,0,13.33,20.92,1.45,3.67,6.28,6.18,22,13
n2_TrackF_r1_F88W_M255A_S1_G17,48,0.804,0.7432,0.9866,1,3.21,0,15.64,0,14.6,0,10.08,17.0,1.61,5.8,2.36,3.53,30,10
n2_TrackF_r1_F88W_M255A_S1_G17,49,0.8036,0.7098,0.983,1,3.87,0,14.54,0,15.91,0,9.01,16.41,2.84,3.8,6.53,3.63,25,10
n2_TrackF_r1_F88W_M255A_S1_G17,5,0.8381,0.8621,0.9872,1,3.52,0,11.49,0,19.48,0,14.48,21.15,2.36,4.58,2.84,5.36,38,15
n2_TrackF_r1_F88W_M255A_S1_G17,50,0.803,0.8481,0.9847,1,2.88,0,23.18,0,24.23,0,22.32,29.37,1.26,4.36,3.93,2.44,37,14
n2_TrackF_r1_F88W_M255A_S1_G17,51,0.8027,0.7579,0.9856,1,3.19,0,13.85,0,12.3,0,8.81,16.13,1.86,2.24,2.7,3.71,38,9
n2_TrackF_r1_F88W_M255A_S1_G17,52,0.8016,0.8019,0.9839,0,5.08,0,10.18,0,21.04,0,15.75,23.3,3.08,3.21,3.71,6.03,44,13
n2_TrackF_r1_F88W_M255A_S1_G17,53,0.8011,0.8157,0.988,1,4.29,0,17.44,0,16.49,0,10.29,17.17,1.54,6.04,5.78,3.88,44,13
n2_TrackF_r1_F88W_M255A_S1_G17,54,0.8008,0.754,0.9879,1,2.4,0,12.73,0,20.36,0,14.46,21.87,1.8,5.57,3.09,3.82,33,11
n2_TrackF_r1_F88W_M255A_S1_G17,55,0.7994,0.7491,0.9883,1,2.4,0,9.79,0,20.05,0,15.75,23.44,3.14,5.62,10.8,2.79,44,12
n2_TrackF_r1_F88W_M255A_S1_G17,56,0.7985,0.7493,0.9856,1,2.59,0,12.89,0,15.29,0,8.74,16.65,2.86,4.0,3.09,4.54,34,10
n2_TrackF_r1_F88W_M255A_S1_G17,57,0.7984,0.8,0.9857,0,5.48,0,19.25,0,11.5,0,7.32,14.77,1.26,3.02,6.17,6.0,40,14
n2_TrackF_r1_F88W_M255A_S1_G17,58,0.7982,0.8564,0.9842,1,3.44,0,16.07,0,18.02,0,12.98,20.46,2.08,2.78,6.71,3.17,30,14
n2_TrackF_r1_F88W_M255A_S1_G17,59,0.7982,0.8476,0.9838,0,5.02,0,14.82,0,10.3,0,9.5,15.53,1.76,3.75,4.38,6.16,35,14
n2_TrackF_r1_F88W_M255A_S1_G17,6,0.8381,0.8986,0.9876,0,6.93,0,6.19,0,36.61,0,35.89,37.56,2.3,4.65,5.06,7.23,30,13
n2_TrackF_r1_F88W_M255A_S1_G17,60,0.798,0.8138,0.9883,1,3.56,0,16.39,0,42.94,0,38.51,43.42,2.77,3.8,5.37,5.45,31,15
n2_TrackF_r1_F88W_M255A_S1_G17,61,0.798,0.8581,0.9823,1,4.23,0,15.49,0,14.43,0,11.5,19.24,2.41,3.98,3.1,4.41,36,11
n2_TrackF_r1_F88W_M255A_S1_G17,62,0.7968,0.7638,0.9827,1,3.19,0,16.11,0,16.36,0,13.27,20.48,2.58,3.64,3.55,4.34,29,11
n2_TrackF_r1_F88W_M255A_S1_G17,63,0.7937,0.7416,0.9842,1,3.02,1,3.39,1,1.62,1,2.73,5.76,1.98,2.33,4.02,4.28,43,14
n2_TrackF_r1_F88W_M255A_S1_G17,64,0.7929,0.7364,0.9823,1,2.81,0,10.73,0,38.34,0,39.19,41.31,1.14,3.35,5.89,3.14,21,11
n2_TrackF_r1_F88W_M255A_S1_G17,65,0.7903,0.7406,0.9832,1,2.2,0,15.77,0,26.67,0,24.81,31.69,1.65,5.63,7.91,2.92,31,11
n2_TrackF_r1_F88W_M255A_S1_G17,66,0.7899,0.6764,0.9843,1,2.63,0,8.5,0,29.66,0,25.9,32.96,2.06,4.08,3.46,2.52,36,11
n2_TrackF_r1_F88W_M255A_S1_G17,67,0.7897,0.7721,0.9878,1,2.01,0,10.4,0,36.14,0,30.16,37.95,2.33,3.9,4.09,0.93,41,11
n2_TrackF_r1_F88W_M255A_S1_G17,68,0.7895,0.7737,0.984,1,2.89,0,18.01,0,29.44,0,24.63,31.56,1.19,3.43,5.72,2.66,49,19
n2_TrackF_r1_F88W_M255A_S1_G17,69,0.7871,0.7651,0.9835,1,4.28,0,14.36,0,24.32,0,16.7,23.4,0.55,3.03,4.1,2.95,39,14
n2_TrackF_r1_F88W_M255A_S1_G17,7,0.8378,0.9169,0.9896,1,3.93,0,15.35,0,19.77,0,14.86,22.03,0.6,4.0,4.1,3.42,38,15
n2_TrackF_r1_F88W_M255A_S1_G17,70,0.7867,0.6855,0.9843,1,4.83,0,15.09,0,17.26,0,13.09,20.16,2.54,2.62,4.15,4.44,27,9
n2_TrackF_r1_F88W_M255A_S1_G17,71,0.7867,0.8407,0.9901,0,8.52,0,23.96,0,23.77,0,16.53,22.78,2.62,3.21,4.79,7.65,25,10
n2_TrackF_r1_F88W_M255A_S1_G17,72,0.7845,0.7151,0.9824,1,2.76,0,20.17,0,24.65,0,23.14,30.26,1.13,5.52,7.06,2.83,35,13
n2_TrackF_r1_F88W_M255A_S1_G17,73,0.7844,0.7247,0.988,0,6.21,1,2.0,1,2.12,1,1.76,3.8,2.13,3.22,4.61,6.19,39,13
n2_TrackF_r1_F88W_M255A_S1_G17,74,0.7825,0.7468,0.9862,1,3.51,1,3.34,1,2.84,1,1.25,4.65,1.54,2.58,4.01,4.23,42,14
n2_TrackF_r1_F88W_M255A_S1_G17,75,0.7819,0.7322,0.9817,1,4.9,0,21.71,0,19.77,0,13.29,19.96,2.74,2.56,6.94,6.17,39,14
n2_TrackF_r1_F88W_M255A_S1_G17,76,0.7811,0.7132,0.9825,0,6.97,1,2.53,0,25.07,0,20.88,28.78,2.11,4.1,3.61,6.68,39,13
n2_TrackF_r1_F88W_M255A_S1_G17,77,0.7796,0.7738,0.9851,1,4.04,0,21.81,0,21.03,0,14.25,21.81,0.87,4.56,2.39,1.61,32,13
n2_TrackF_r1_F88W_M255A_S1_G17,78,0.7796,0.6482,0.9811,1,2.22,0,15.75,0,25.59,0,21.98,29.16,1.33,1.91,5.1,2.84,31,9
n2_TrackF_r1_F88W_M255A_S1_G17,79,0.7786,0.6759,0.982,0,5.43,1,3.88,1,2.52,1,1.29,5.01,3.05,4.03,3.81,6.02,38,10
n2_TrackF_r1_F88W_M255A_S1_G17,8,0.8351,0.8178,0.9882,1,3.94,0,11.95,0,17.77,0,9.11,16.53,3.04,1.91,4.29,3.29,29,10
n2_TrackF_r1_F88W_M255A_S1_G17,80,0.7771,0.6611,0.981,0,5.37,1,4.12,1,2.84,1,2.04,3.72,1.38,2.37,3.77,6.36,37,13
n2_TrackF_r1_F88W_M255A_S1_G17,81,0.7737,0.6202,0.9798,1,2.77,0,10.75,0,22.09,0,14.97,22.32,0.99,2.09,4.94,3.33,28,10
n2_TrackF_r1_F88W_M255A_S1_G17,82,0.7717,0.6917,0.9828,1,3.72,1,2.57,0,23.72,0,17.1,25.13,1.58,2.78,4.31,4.26,44,12
n2_TrackF_r1_F88W_M255A_S1_G17,83,0.767,0.6729,0.9808,1,4.22,1,2.19,1,3.11,1,2.48,4.83,1.04,3.35,3.84,4.22,44,13
n2_TrackF_r1_F88W_M255A_S1_G17,84,0.7634,0.5972,0.9801,0,7.29,1,4.77,1,3.58,1,1.91,4.72,1.48,1.06,5.48,6.09,37,14
n2_TrackF_r1_F88W_M255A_S1_G17,85,0.7604,0.6044,0.9783,1,3.24,0,13.81,0,17.55,0,14.1,20.52,2.42,4.32,3.45,3.39,22,9
n2_TrackF_r1_F88W_M255A_S1_G17,86,0.7579,0.6084,0.9832,1,4.78,1,3.04,1,2.59,1,1.08,4.65,2.41,4.75,4.4,4.92,38,15
n2_TrackF_r1_F88W_M255A_S1_G17,87,0.7566,0.6156,0.9809,1,3.21,1,3.38,1,4.99,1,1.69,5.22,1.13,4.17,1.87,4.04,44,13
n2_TrackF_r1_F88W_M255A_S1_G17,88,0.7555,0.7303,0.982,1,4.64,0,15.46,0,19.7,0,14.91,22.61,1.63,5.63,4.12,5.29,29,16
n2_TrackF_r1_F88W_M255A_S1_G17,89,0.7555,0.6137,0.9804,1,3.49,0,11.78,0,16.03,0,11.21,18.58,3.15,3.8,4.28,3.17,31,9
n2_TrackF_r1_F88W_M255A_S1_G17,9,0.8349,0.8759,0.9866,1,1.74,0,17.03,0,30.98,0,28.15,34.87,1.79,3.94,5.43,1.39,40,14
n2_TrackF_r1_F88W_M255A_S1_G17,90,0.7517,0.6213,0.9806,1,4.33,0,15.97,0,19.06,0,13.18,19.55,2.06,4.11,3.4,3.54,35,13
n2_TrackF_r1_F88W_M255A_S1_G17,91,0.7472,0.502,0.9722,1,3.74,0,17.18,0,18.16,0,12.94,19.56,2.51,4.42,4.83,3.48,24,8
n2_TrackF_r1_F88W_M255A_S1_G17,92,0.7417,0.6779,0.9789,1,3.47,0,15.26,0,10.15,0,7.61,14.77,3.02,3.58,2.48,2.96,37,19
n2_TrackF_r1_F88W_M255A_S1_G17,93,0.737,0.4968,0.9731,1,2.6,0,8.99,0,30.41,0,27.09,34.23,1.52,3.38,4.65,2.46,35,11
n2_TrackF_r1_F88W_M255A_S1_G17,94,0.7361,0.5394,0.9741,1,4.63,0,16.0,0,19.31,0,14.84,21.74,2.98,3.24,4.66,5.22,36,12
n2_TrackF_r1_F88W_M255A_S1_G17,95,0.7316,0.4609,0.9743,0,6.77,0,16.0,0,19.95,0,14.44,21.59,4.11,4.8,2.24,4.28,27,9
n2_TrackF_r1_F88W_M255A_S1_G17,96,0.7306,0.5106,0.9761,1,2.76,0,14.19,0,21.56,0,13.18,20.34,2.59,1.42,1.74,4.15,29,9
n2_TrackF_r1_F88W_M255A_S1_G17,97,0.7236,0.5089,0.9772,1,3.32,0,18.96,0,18.27,0,12.7,20.03,3.09,3.31,6.51,4.24,33,15
n2_TrackF_r1_F88W_M255A_S1_G17,98,0.7125,0.4292,0.9692,1,2.39,0,12.73,0,32.14,0,24.4,31.63,1.74,3.94,5.52,2.35,38,14
n2_TrackF_r1_F88W_M255A_S1_G17,99,0.7053,0.409,0.9699,1,4.61,0,17.93,0,17.82,0,13.83,20.18,3.01,4.8,4.81,4.83,32,13
n2_TrackF_r1_F88W_M255I_OFF_T_G17,0,0.8676,0.896,0.989,0,7.0,0,16.11,0,43.41,0,39.74,42.53,1.99,5.21,5.04,6.62,30,10
n2_TrackF_r1_F88W_M255I_OFF_T_G17,1,0.8632,0.9037,0.9878,1,3.02,0,13.99,0,37.97,0,36.14,36.08,3.48,4.76,5.27,5.24,33,14
n2_TrackF_r1_F88W_M255I_OFF_T_G17,10,0.8546,0.9039,0.9909,0,6.37,0,15.47,0,43.21,0,40.41,42.02,1.23,3.39,4.75,6.27,29,10
n2_TrackF_r1_F88W_M255I_OFF_T_G17,11,0.8545,0.9224,0.9886,0,7.35,0,15.91,0,44.01,0,41.15,43.01,2.05,1.85,5.92,5.77,29,13
n2_TrackF_r1_F88W_M255I_OFF_T_G17,12,0.8539,0.8855,0.9865,0,7.02,0,16.02,0,42.63,0,38.97,41.07,2.04,2.66,5.24,6.72,27,11
n2_TrackF_r1_F88W_M255I_OFF_T_G17,13,0.8531,0.8816,0.9898,0,5.86,0,11.19,0,32.11,0,28.24,32.45,2.13,5.73,2.82,5.01,28,13
n2_TrackF_r1_F88W_M255I_OFF_T_G17,14,0.8524,0.8802,0.987,1,4.93,0,15.23,0,42.53,0,40.16,41.42,2.5,3.57,5.65,5.02,34,14
n2_TrackF_r1_F88W_M255I_OFF_T_G17,15,0.8519,0.9196,0.9903,1,2.83,0,13.39,0,38.01,0,35.77,37.59,2.17,4.22,4.01,0.75,37,12
n2_TrackF_r1_F88W_M255I_OFF_T_G17,16,0.8517,0.9217,0.9904,1,4.62,0,15.12,0,43.24,0,40.56,42.39,3.28,3.45,6.92,5.68,31,14
n2_TrackF_r1_F88W_M255I_OFF_T_G17,17,0.851,0.8398,0.9822,0,6.84,0,16.79,0,41.21,0,39.64,41.81,1.3,3.36,6.21,5.5,26,12
n2_TrackF_r1_F88W_M255I_OFF_T_G17,18,0.8502,0.8691,0.986,1,2.19,0,13.19,0,37.8,0,35.51,39.08,2.17,4.21,5.68,3.3,31,12
n2_TrackF_r1_F88W_M255I_OFF_T_G17,19,0.8497,0.849,0.9836,0,6.15,0,15.2,0,38.82,0,36.85,37.79,3.24,3.06,4.49,5.51,28,11
n2_TrackF_r1_F88W_M255I_OFF_T_G17,2,0.863,0.9125,0.9869,1,3.07,0,13.53,0,39.48,0,36.93,38.32,2.86,4.6,3.8,4.23,33,11
n2_TrackF_r1_F88W_M255I_OFF_T_G17,20,0.8496,0.8906,0.9855,0,6.61,0,14.97,0,39.8,0,38.15,39.6,1.53,4.78,6.14,7.51,26,13
n2_TrackF_r1_F88W_M255I_OFF_T_G17,21,0.8474,0.8826,0.9878,0,5.22,0,15.53,0,42.62,0,40.42,42.55,2.36,2.8,6.76,5.14,32,11
n2_TrackF_r1_F88W_M255I_OFF_T_G17,22,0.8473,0.9076,0.99,1,2.4,0,14.11,0,39.02,0,38.27,39.19,1.77,2.77,6.03,2.04,35,10
n2_TrackF_r1_F88W_M255I_OFF_T_G17,23,0.8472,0.8826,0.9838,1,4.6,0,15.33,0,44.0,0,41.57,43.32,2.83,3.01,6.9,3.86,30,12
n2_TrackF_r1_F88W_M255I_OFF_T_G17,24,0.8462,0.894,0.988,0,7.11,0,16.41,0,41.99,0,39.75,42.55,1.68,4.95,6.7,5.81,31,14
n2_TrackF_r1_F88W_M255I_OFF_T_G17,25,0.8459,0.9174,0.988,0,5.13,0,10.02,0,32.17,0,33.66,32.26,0.58,4.01,5.91,4.79,29,14
n2_TrackF_r1_F88W_M255I_OFF_T_G17,26,0.8458,0.8841,0.9869,0,5.03,0,14.46,0,39.92,0,37.98,39.4,2.43,3.7,2.63,3.49,34,12
n2_TrackF_r1_F88W_M255I_OFF_T_G17,27,0.8453,0.8815,0.9878,0,5.48,0,13.6,0,37.74,0,36.39,37.33,1.78,4.23,3.59,6.31,27,10
n2_TrackF_r1_F88W_M255I_OFF_T_G17,28,0.8452,0.901,0.9874,0,5.84,0,18.38,0,49.44,0,45.88,49.05,1.08,3.63,6.87,5.45,29,13
n2_TrackF_r1_F88W_M255I_OFF_T_G17,29,0.8441,0.8991,0.9892,0,7.32,0,16.44,0,46.25,0,41.59,45.83,2.29,1.96,6.99,6.19,28,11
n2_TrackF_r1_F88W_M255I_OFF_T_G17,3,0.8604,0.8694,0.9856,1,1.8,0,14.62,0,41.28,0,38.63,40.25,3.09,5.21,4.4,2.42,28,10
n2_TrackF_r1_F88W_M255I_OFF_T_G17,30,0.8435,0.871,0.9839,1,4.73,0,18.23,0,44.92,0,42.36,44.36,1.38,2.93,6.09,6.32,31,14
n2_TrackF_r1_F88W_M255I_OFF_T_G17,31,0.8435,0.8977,0.9908,0,5.16,0,23.16,0,20.21,0,20.52,24.06,2.98,1.64,6.35,4.9,29,11
n2_TrackF_r1_F88W_M255I_OFF_T_G17,32,0.8431,0.8271,0.9842,1,4.81,0,15.09,0,42.88,0,39.71,41.98,2.48,4.23,4.26,4.95,34,12
n2_TrackF_r1_F88W_M255I_OFF_T_G17,33,0.8429,0.8849,0.9896,1,2.17,0,23.56,0,26.17,0,27.61,32.28,2.68,2.32,9.59,4.09,27,8
n2_TrackF_r1_F88W_M255I_OFF_T_G17,34,0.8428,0.9082,0.9871,0,6.26,0,14.52,0,39.08,0,37.38,38.3,1.87,4.6,3.69,6.57,25,13
n2_TrackF_r1_F88W_M255I_OFF_T_G17,35,0.8427,0.901,0.985,0,5.96,0,13.57,0,39.47,0,37.73,38.43,1.49,4.62,3.29,6.25,32,12
n2_TrackF_r1_F88W_M255I_OFF_T_G17,36,0.8423,0.8973,0.9862,1,4.83,0,14.27,0,40.42,0,38.66,39.61,2.04,4.85,5.35,3.69,37,12
n2_TrackF_r1_F88W_M255I_OFF_T_G17,37,0.8416,0.8743,0.9886,1,4.2,0,15.06,0,38.88,0,37.49,38.26,2.05,4.41,5.24,4.14,35,11
n2_TrackF_r1_F88W_M255I_OFF_T_G17,38,0.8414,0.8517,0.9849,1,4.31,0,13.65,0,40.33,0,38.35,40.03,2.79,3.12,5.56,3.58,31,13
n2_TrackF_r1_F88W_M255I_OFF_T_G17,39,0.8414,0.8794,0.9845,0,7.01,0,15.84,0,36.59,0,34.96,36.31,1.94,2.01,3.73,6.16,28,14
n2_TrackF_r1_F88W_M255I_OFF_T_G17,4,0.8589,0.9199,0.9901,0,5.78,0,15.53,0,43.87,0,41.95,43.02,2.74,3.06,4.24,5.68,35,13
n2_TrackF_r1_F88W_M255I_OFF_T_G17,40,0.8413,0.8616,0.983,1,4.26,0,15.19,0,38.99,0,37.55,38.63,3.42,3.47,5.3,4.47,33,13
n2_TrackF_r1_F88W_M255I_OFF_T_G17,41,0.8413,0.9317,0.9917,1,2.15,0,13.57,0,36.04,0,34.02,36.62,3.22,3.65,6.24,3.9,40,14
n2_TrackF_r1_F88W_M255I_OFF_T_G17,42,0.8406,0.9195,0.9894,0,6.58,0,13.24,0,36.52,0,36.01,36.25,0.88,3.26,4.47,7.31,26,10
n2_TrackF_r1_F88W_M255I_OFF_T_G17,43,0.8405,0.7829,0.98,0,6.0,0,16.91,0,42.25,0,38.92,41.39,1.41,3.94,6.22,5.69,29,13
n2_TrackF_r1_F88W_M255I_OFF_T_G17,44,0.8394,0.8221,0.9843,1,4.69,0,18.44,0,48.16,0,44.5,47.8,1.51,3.58,6.02,5.71,29,13
n2_TrackF_r1_F88W_M255I_OFF_T_G17,45,0.8393,0.8635,0.9857,1,3.91,0,13.92,0,42.63,0,39.0,41.71,4.48,4.92,5.5,3.14,28,12
n2_TrackF_r1_F88W_M255I_OFF_T_G17,46,0.8383,0.8672,0.9836,0,8.11,0,14.18,0,34.2,0,35.53,35.98,2.55,3.55,6.2,7.59,22,12
n2_TrackF_r1_F88W_M255I_OFF_T_G17,47,0.8373,0.8545,0.9837,0,6.89,0,15.87,0,35.6,0,36.01,35.77,1.47,3.25,5.47,7.9,23,11
n2_TrackF_r1_F88W_M255I_OFF_T_G17,48,0.8373,0.8861,0.9847,0,7.88,0,16.68,0,37.1,0,36.42,36.6,1.71,4.39,6.8,7.03,21,10
n2_TrackF_r1_F88W_M255I_OFF_T_G17,49,0.8357,0.836,0.9848,0,5.17,0,15.12,0,41.32,0,38.58,41.99,2.05,3.11,3.91,5.57,34,12
n2_TrackF_r1_F88W_M255I_OFF_T_G17,5,0.8564,0.9205,0.9889,1,4.44,0,15.0,0,40.08,0,38.94,39.4,2.82,2.75,5.18,4.01,36,12
n2_TrackF_r1_F88W_M255I_OFF_T_G17,50,0.8338,0.8107,0.9789,1,4.43,0,14.6,0,42.13,0,39.92,41.13,2.61,3.65,6.18,4.23,38,12
n2_TrackF_r1_F88W_M255I_OFF_T_G17,51,0.8325,0.866,0.9866,0,7.77,0,16.78,0,37.32,0,36.42,36.7,1.91,5.44,4.0,6.53,23,10
n2_TrackF_r1_F88W_M255I_OFF_T_G17,52,0.8325,0.9037,0.9898,1,2.26,0,13.61,0,40.81,0,38.57,41.19,1.64,5.76,5.1,3.3,33,10
n2_TrackF_r1_F88W_M255I_OFF_T_G17,53,0.8325,0.8998,0.9894,0,6.07,0,13.82,0,39.44,0,37.46,39.8,1.39,4.37,3.88,7.12,25,10
n2_TrackF_r1_F88W_M255I_OFF_T_G17,54,0.8322,0.8575,0.9872,1,3.8,0,22.7,0,24.82,0,27.27,31.46,0.75,3.4,1.24,4.54,29,8
n2_TrackF_r1_F88W_M255I_OFF_T_G17,55,0.8309,0.9029,0.987,1,4.14,0,15.19,0,35.93,0,33.6,35.04,2.58,4.87,4.54,3.5,33,12
n2_TrackF_r1_F88W_M255I_OFF_T_G17,56,0.8297,0.8481,0.9875,1,4.59,0,24.27,0,24.73,0,24.14,27.82,1.34,4.25,10.28,4.11,22,7
n2_TrackF_r1_F88W_M255I_OFF_T_G17,57,0.8297,0.8491,0.9887,1,3.2,0,14.66,0,38.78,0,36.83,38.64,2.65,2.69,4.8,3.4,40,9
n2_TrackF_r1_F88W_M255I_OFF_T_G17,58,0.8285,0.9015,0.9882,0,6.99,0,14.54,0,39.82,0,37.67,38.86,1.36,2.91,4.32,7.52,25,11
n2_TrackF_r1_F88W_M255I_OFF_T_G17,59,0.8285,0.7739,0.9799,0,5.24,0,16.46,0,39.74,0,38.14,40.08,2.67,6.08,5.44,5.94,20,10
n2_TrackF_r1_F88W_M255I_OFF_T_G17,6,0.8564,0.8962,0.9849,1,4.72,0,14.45,0,36.53,0,34.73,35.38,2.77,5.39,2.75,4.44,35,11
n2_TrackF_r1_F88W_M255I_OFF_T_G17,60,0.8264,0.9112,0.9901,1,2.25,0,13.24,0,30.09,0,27.98,30.7,3.66,4.28,6.47,3.67,37,10
n2_TrackF_r1_F88W_M255I_OFF_T_G17,61,0.8262,0.894,0.9906,1,3.2,0,24.9,0,32.64,0,35.75,37.85,2.91,3.59,7.12,4.77,28,11
n2_TrackF_r1_F88W_M255I_OFF_T_G17,62,0.8259,0.8371,0.9851,1,4.35,0,23.63,0,21.82,0,21.6,27.12,1.55,4.21,8.98,3.58,29,9
n2_TrackF_r1_F88W_M255I_OFF_T_G17,63,0.8227,0.8397,0.9821,1,4.91,0,17.99,0,50.31,0,46.2,49.32,2.48,2.89,6.48,5.49,29,11
n2_TrackF_r1_F88W_M255I_OFF_T_G17,64,0.8226,0.7818,0.9817,1,4.42,0,17.4,0,35.98,0,35.8,37.83,3.38,6.78,9.66,3.09,30,11
n2_TrackF_r1_F88W_M255I_OFF_T_G17,65,0.8217,0.8028,0.9814,1,4.72,0,14.97,0,40.19,0,38.46,39.76,2.82,4.62,4.93,3.21,32,12
n2_TrackF_r1_F88W_M255I_OFF_T_G17,66,0.8217,0.8497,0.984,0,5.23,0,17.33,0,50.79,0,45.22,50.15,4.38,2.97,6.09,5.8,44,14
n2_TrackF_r1_F88W_M255I_OFF_T_G17,67,0.8215,0.8443,0.984,0,6.42,0,16.23,0,44.19,0,41.0,44.05,2.01,2.15,6.12,4.92,28,12
n2_TrackF_r1_F88W_M255I_OFF_T_G17,68,0.8208,0.8092,0.9812,0,6.9,0,15.26,0,38.44,0,37.24,38.08,1.26,5.14,2.3,7.61,20,11
n2_TrackF_r1_F88W_M255I_OFF_T_G17,69,0.8204,0.9123,0.9887,0,6.96,0,10.44,0,23.87,0,23.61,27.52,2.0,3.98,4.86,5.64,35,12
n2_TrackF_r1_F88W_M255I_OFF_T_G17,7,0.8561,0.9072,0.9878,1,3.34,0,13.09,0,36.14,0,35.31,36.38,2.28,4.51,3.33,4.92,34,12
n2_TrackF_r1_F88W_M255I_OFF_T_G17,70,0.8193,0.8955,0.9838,0,6.16,0,15.52,0,40.73,0,38.78,40.71,1.27,5.38,5.24,5.79,24,10
n2_TrackF_r1_F88W_M255I_OFF_T_G17,71,0.8185,0.8206,0.9848,1,3.8,0,14.17,0,40.77,0,39.36,41.47,2.4,4.25,6.13,5.12,31,12
n2_TrackF_r1_F88W_M255I_OFF_T_G17,72,0.818,0.8902,0.9891,1,2.21,0,15.2,0,34.72,0,35.2,36.9,2.95,4.72,7.68,3.4,38,11
n2_TrackF_r1_F88W_M255I_OFF_T_G17,73,0.8174,0.788,0.9816,1,3.89,0,24.21,0,25.44,0,29.61,33.13,1.56,4.33,7.47,4.31,29,9
n2_TrackF_r1_F88W_M255I_OFF_T_G17,74,0.8171,0.8689,0.9873,1,4.25,0,23.51,0,23.64,0,23.69,27.9,0.6,4.04,7.24,3.81,26,10
n2_TrackF_r1_F88W_M255I_OFF_T_G17,75,0.8145,0.7446,0.9798,0,5.66,0,15.21,0,42.94,0,39.32,42.02,2.38,4.14,4.34,4.77,31,11
n2_TrackF_r1_F88W_M255I_OFF_T_G17,76,0.8134,0.8551,0.9838,1,3.95,0,14.61,0,41.17,0,39.22,41.67,2.32,5.32,6.84,4.27,31,10
n2_TrackF_r1_F88W_M255I_OFF_T_G17,77,0.812,0.7814,0.9822,0,6.15,0,13.97,0,45.73,0,42.73,45.16,1.94,2.99,6.41,6.18,31,13
n2_TrackF_r1_F88W_M255I_OFF_T_G17,78,0.8108,0.7453,0.977,1,3.23,0,14.64,0,40.39,0,38.41,40.16,3.04,3.43,4.99,3.3,35,12
n2_TrackF_r1_F88W_M255I_OFF_T_G17,79,0.8078,0.8588,0.982,0,7.39,0,13.3,0,19.1,0,15.46,21.55,2.37,2.87,3.9,7.52,33,12
n2_TrackF_r1_F88W_M255I_OFF_T_G17,8,0.8556,0.8854,0.9856,0,5.35,0,15.35,0,44.21,0,41.7,43.56,3.34,3.37,6.06,4.95,30,14
n2_TrackF_r1_F88W_M255I_OFF_T_G17,80,0.8059,0.8437,0.9831,0,6.21,0,25.42,0,15.65,0,18.56,19.56,2.11,3.63,6.03,6.85,24,8
n2_TrackF_r1_F88W_M255I_OFF_T_G17,81,0.8049,0.8007,0.9852,0,5.0,0,24.07,0,24.64,0,29.81,32.81,2.06,4.79,9.75,5.95,24,10
n2_TrackF_r1_F88W_M255I_OFF_T_G17,82,0.8042,0.7432,0.9795,1,3.43,0,14.5,0,40.8,0,37.6,40.63,3.58,4.62,5.82,3.27,28,10
n2_TrackF_r1_F88W_M255I_OFF_T_G17,83,0.8031,0.6998,0.9761,0,5.0,0,15.33,0,37.64,0,36.5,38.45,3.17,4.01,6.62,4.77,25,11
n2_TrackF_r1_F88W_M255I_OFF_T_G17,84,0.8015,0.8761,0.9893,1,2.35,0,24.44,0,37.63,0,40.3,44.14,3.54,3.49,4.28,3.9,22,11
n2_TrackF_r1_F88W_M255I_OFF_T_G17,85,0.8012,0.8262,0.9844,0,6.35,0,24.93,0,35.28,0,39.09,41.68,3.37,4.73,6.21,6.01,22,11
n2_TrackF_r1_F88W_M255I_OFF_T_G17,86,0.7987,0.8116,0.9834,0,5.75,0,17.2,0,41.58,0,38.16,40.04,2.02,3.61,4.32,4.72,28,12
n2_TrackF_r1_F88W_M255I_OFF_T_G17,87,0.795,0.8464,0.9862,0,5.64,0,14.88,0,34.19,0,33.68,34.47,1.75,5.54,6.49,5.92,22,12
n2_TrackF_r1_F88W_M255I_OFF_T_G17,88,0.7903,0.8435,0.9814,0,7.37,0,17.71,0,29.56,0,26.67,29.37,2.16,3.3,4.13,5.56,38,15
n2_TrackF_r1_F88W_M255I_OFF_T_G17,89,0.788,0.7287,0.9815,0,5.41,0,23.59,0,28.83,0,29.07,32.94,1.3,3.47,4.78,6.2,26,8
n2_TrackF_r1_F88W_M255I_OFF_T_G17,9,0.8553,0.9027,0.9876,1,3.75,0,14.72,0,33.82,0,33.8,35.81,1.55,4.59,8.95,3.2,28,13
n2_TrackF_r1_F88W_M255I_OFF_T_G17,90,0.7837,0.7092,0.979,0,6.02,0,15.32,0,41.02,0,38.94,40.3,2.91,2.1,5.78,5.03,29,12
n2_TrackF_r1_F88W_M255I_OFF_T_G17,91,0.7836,0.677,0.9736,1,4.33,0,13.98,0,39.64,0,36.7,38.43,3.01,4.41,3.93,5.26,35,12
n2_TrackF_r1_F88W_M255I_OFF_T_G17,92,0.7812,0.722,0.9815,1,2.35,0,13.41,0,37.69,0,35.51,36.55,1.93,4.64,3.25,3.27,35,11
n2_TrackF_r1_F88W_M255I_OFF_T_G17,93,0.77,0.5867,0.9725,0,5.15,0,16.19,0,36.92,0,35.42,36.68,3.46,5.39,3.69,5.62,28,10
n2_TrackF_r1_F88W_M255I_OFF_T_G17,94,0.7609,0.6777,0.9774,1,4.42,0,18.45,0,48.23,0,44.24,48.1,2.22,3.15,5.47,5.92,34,12
n2_TrackF_r1_F88W_M255I_OFF_T_G17,95,0.7597,0.657,0.9814,0,6.93,0,15.53,0,43.55,0,40.88,42.71,1.75,2.74,3.59,5.93,30,12
n2_TrackF_r1_F88W_M255I_OFF_T_G17,96,0.7594,0.6178,0.9793,1,3.55,0,13.78,0,40.63,0,38.3,40.28,1.42,4.92,4.66,2.77,29,9
n2_TrackF_r1_F88W_M255I_OFF_T_G17,97,0.7583,0.5957,0.9788,1,3.75,0,21.85,0,29.53,0,29.61,34.93,2.75,4.12,6.5,5.63,29,10
n2_TrackF_r1_F88W_M255I_OFF_T_G17,98,0.7575,0.5702,0.974,1,3.65,0,13.94,0,39.44,0,38.14,39.2,3.28,3.83,4.28,4.91,45,15
n2_TrackF_r1_F88W_M255I_OFF_T_G17,99,0.7304,0.3153,0.9862,0,28.76,0,31.79,0,40.9,0,40.5,43.63,25.38,20.56,17.41,29.71,0,0
n2_TrackF_r1_F88W_M255I_S1_G17,0,0.8479,0.8376,0.9884,1,1.96,0,18.21,0,34.03,0,25.54,32.06,0.52,4.67,10.28,2.5,40,12
n2_TrackF_r1_F88W_M255I_S1_G17,1,0.8448,0.8985,0.9898,1,2.92,0,10.99,0,23.21,0,14.41,21.74,1.55,5.28,4.73,4.31,43,14
n2_TrackF_r1_F88W_M255I_S1_G17,10,0.8284,0.9179,0.9909,0,6.58,0,6.8,0,36.83,0,35.55,37.5,2.6,5.58,5.35,7.27,32,12
n2_TrackF_r1_F88W_M255I_S1_G17,11,0.8263,0.9157,0.9889,1,1.63,0,15.71,0,30.31,0,21.08,27.94,1.05,3.21,4.31,2.9,40,14
n2_TrackF_r1_F88W_M255I_S1_G17,12,0.8258,0.8707,0.986,0,6.25,0,6.81,0,32.54,0,32.35,34.51,2.4,5.53,5.8,6.54,27,11
n2_TrackF_r1_F88W_M255I_S1_G17,13,0.8248,0.804,0.988,1,3.59,0,14.01,0,13.35,0,7.66,13.99,3.14,2.9,5.69,3.39,30,8
n2_TrackF_r1_F88W_M255I_S1_G17,14,0.8233,0.9111,0.9888,1,2.63,0,18.08,0,32.16,0,24.93,31.83,0.89,2.64,4.52,2.65,38,14
n2_TrackF_r1_F88W_M255I_S1_G17,15,0.8222,0.8515,0.9827,1,2.14,0,13.16,0,29.34,0,19.51,26.86,0.11,2.58,4.99,2.29,31,18
n2_TrackF_r1_F88W_M255I_S1_G17,16,0.8216,0.7891,0.9877,1,1.95,0,15.99,0,30.57,0,22.54,29.03,0.61,4.74,3.92,3.27,35,11
n2_TrackF_r1_F88W_M255I_S1_G17,17,0.8215,0.8475,0.9891,0,5.91,0,15.18,0,23.13,0,14.58,22.23,2.98,3.45,5.67,6.47,30,9
n2_TrackF_r1_F88W_M255I_S1_G17,18,0.8214,0.893,0.988,0,6.11,0,9.52,0,40.77,0,38.94,40.76,2.18,5.74,6.99,6.83,30,14
n2_TrackF_r1_F88W_M255I_S1_G17,19,0.8206,0.8794,0.9879,1,0.81,0,14.64,0,39.12,0,29.25,37.01,1.91,3.91,3.07,2.75,49,15
n2_TrackF_r1_F88W_M255I_S1_G17,2,0.8372,0.8739,0.9866,1,2.33,0,15.98,0,32.27,0,24.81,30.7,1.57,4.49,5.19,2.16,37,15
n2_TrackF_r1_F88W_M255I_S1_G17,20,0.8177,0.7951,0.988,1,4.01,0,15.68,0,17.65,0,8.01,15.09,3.06,4.29,6.0,4.02,31,10
n2_TrackF_r1_F88W_M255I_S1_G17,21,0.8158,0.8633,0.9884,0,5.2,0,13.46,0,23.25,0,13.75,21.61,3.02,6.14,4.78,5.05,35,14
n2_TrackF_r1_F88W_M255I_S1_G17,22,0.8152,0.8978,0.9889,0,7.78,0,7.43,0,32.25,0,34.17,33.95,2.97,4.02,5.71,6.94,23,12
n2_TrackF_r1_F88W_M255I_S1_G17,23,0.8126,0.7777,0.9843,1,3.16,0,24.26,0,32.15,0,23.3,30.12,1.19,7.23,11.36,2.78,35,12
n2_TrackF_r1_F88W_M255I_S1_G17,24,0.8112,0.8972,0.9898,1,4.94,0,15.79,0,25.17,0,16.71,24.55,0.81,4.82,5.21,3.37,27,13
n2_TrackF_r1_F88W_M255I_S1_G17,25,0.8108,0.919,0.989,0,5.43,0,11.6,0,6.82,0,2.87,3.22,1.4,2.61,3.34,3.72,44,17
n2_TrackF_r1_F88W_M255I_S1_G17,26,0.8103,0.8492,0.9876,1,2.97,0,25.5,0,22.52,0,13.42,19.8,2.12,5.12,6.3,1.95,28,10
n2_TrackF_r1_F88W_M255I_S1_G17,27,0.8096,0.7611,0.9869,1,2.57,0,10.71,0,32.52,0,24.35,30.88,1.25,3.87,4.61,3.08,33,11
n2_TrackF_r1_F88W_M255I_S1_G17,28,0.8092,0.6963,0.9835,1,4.25,0,12.42,0,25.56,0,15.51,22.68,2.99,5.27,6.48,4.84,35,10
n2_TrackF_r1_F88W_M255I_S1_G17,29,0.8078,0.8004,0.9877,1,2.4,0,13.66,0,33.34,0,25.57,31.7,1.13,3.69,5.5,2.37,29,10
n2_TrackF_r1_F88W_M255I_S1_G17,3,0.8359,0.9347,0.9905,1,2.15,0,15.92,0,26.96,0,20.74,27.57,1.04,5.22,6.62,1.17,36,14
n2_TrackF_r1_F88W_M255I_S1_G17,30,0.8075,0.7226,0.9862,1,3.45,0,9.25,0,16.33,0,4.53,11.26,2.63,5.97,12.05,0.92,39,11
n2_TrackF_r1_F88W_M255I_S1_G17,31,0.8074,0.8619,0.9855,0,5.84,0,16.16,0,20.94,0,15.72,22.51,1.71,4.34,5.8,6.64,36,14
n2_TrackF_r1_F88W_M255I_S1_G17,32,0.8072,0.7821,0.987,1,3.63,0,13.89,0,22.61,0,13.43,20.34,2.56,2.26,3.87,3.22,28,10
n2_TrackF_r1_F88W_M255I_S1_G17,33,0.8067,0.8621,0.9826,0,5.39,0,13.94,0,7.75,0,2.94,8.82,2.77,3.89,5.62,5.86,41,17
n2_TrackF_r1_F88W_M255I_S1_G17,34,0.8065,0.8352,0.9875,0,5.63,0,18.48,0,14.37,0,6.63,13.43,1.75,3.43,6.05,6.01,42,17
n2_TrackF_r1_F88W_M255I_S1_G17,35,0.8065,0.8124,0.9864,1,2.2,0,16.19,0,33.3,0,25.32,31.57,0.67,5.8,8.25,2.49,40,13
n2_TrackF_r1_F88W_M255I_S1_G17,36,0.8062,0.8528,0.9882,1,3.14,0,14.06,0,12.96,0,2.43,9.04,1.39,2.82,4.03,2.0,46,14
n2_TrackF_r1_F88W_M255I_S1_G17,37,0.8056,0.7456,0.9849,1,4.84,1,3.91,0,6.16,0,3.17,2.94,0.63,4.49,4.26,6.24,37,12
n2_TrackF_r1_F88W_M255I_S1_G17,38,0.8052,0.8021,0.9845,1,3.77,0,14.21,0,19.96,0,8.95,16.15,3.56,4.64,5.0,3.58,44,14
n2_TrackF_r1_F88W_M255I_S1_G17,39,0.8051,0.7936,0.9843,1,4.83,0,15.25,0,17.59,0,9.73,16.39,2.33,4.52,4.76,5.75,40,16
n2_TrackF_r1_F88W_M255I_S1_G17,4,0.8333,0.851,0.9901,1,2.2,0,16.56,0,30.78,0,24.4,31.17,1.77,4.07,11.26,2.22,47,12
n2_TrackF_r1_F88W_M255I_S1_G17,40,0.8049,0.7629,0.9853,1,3.81,1,2.37,0,23.68,0,19.52,25.47,1.27,3.51,4.8,4.05,48,15
n2_TrackF_r1_F88W_M255I_S1_G17,41,0.804,0.785,0.9853,0,7.22,1,2.38,1,2.23,1,3.85,1.46,2.26,4.39,3.9,6.37,42,13
n2_TrackF_r1_F88W_M255I_S1_G17,42,0.803,0.7799,0.9883,1,4.68,1,3.04,1,2.51,1,6.52,5.35,1.2,2.98,3.72,5.21,36,11
n2_TrackF_r1_F88W_M255I_S1_G17,43,0.8024,0.8411,0.9846,0,6.88,0,6.0,0,31.77,0,33.6,33.76,1.7,4.79,5.55,7.39,30,12
n2_TrackF_r1_F88W_M255I_S1_G17,44,0.8011,0.9053,0.989,1,4.25,0,14.94,0,17.39,0,8.36,14.85,1.44,3.55,5.27,3.04,35,16
n2_TrackF_r1_F88W_M255I_S1_G17,45,0.7997,0.762,0.9867,1,3.92,1,3.11,1,3.24,1,3.18,3.02,2.24,3.67,3.72,4.52,41,12
n2_TrackF_r1_F88W_M255I_S1_G17,46,0.7993,0.8655,0.9856,1,1.71,0,15.91,0,33.33,0,25.44,31.94,1.15,5.18,4.19,1.5,37,15
n2_TrackF_r1_F88W_M255I_S1_G17,47,0.7989,0.7618,0.9848,1,3.15,1,3.57,0,5.33,0,2.78,5.21,2.93,3.42,4.41,5.25,39,11
n2_TrackF_r1_F88W_M255I_S1_G17,48,0.7982,0.904,0.9907,1,2.68,0,11.65,0,37.81,0,29.78,37.14,2.37,4.07,4.53,2.48,47,18
n2_TrackF_r1_F88W_M255I_S1_G17,49,0.7977,0.7469,0.9857,1,3.65,1,3.3,1,4.26,1,2.66,4.52,1.64,4.3,2.85,5.25,43,12
n2_TrackF_r1_F88W_M255I_S1_G17,5,0.8323,0.875,0.9906,1,3.73,0,17.93,0,16.37,0,9.32,16.26,2.71,4.45,6.99,5.24,36,14
n2_TrackF_r1_F88W_M255I_S1_G17,50,0.7977,0.7461,0.9859,1,2.48,1,3.28,1,3.93,1,3.35,3.78,0.87,3.39,4.26,3.44,47,14
n2_TrackF_r1_F88W_M255I_S1_G17,51,0.7973,0.7617,0.9861,1,4.48,0,14.0,0,17.35,0,8.8,15.82,0.76,4.94,2.06,4.17,32,9
n2_TrackF_r1_F88W_M255I_S1_G17,52,0.7968,0.8556,0.9847,1,1.73,0,15.61,0,36.25,0,28.75,35.72,2.17,2.99,7.26,2.19,49,16
n2_TrackF_r1_F88W_M255I_S1_G17,53,0.7953,0.8004,0.9798,1,3.63,0,12.22,0,28.82,0,19.43,27.85,0.59,3.48,3.23,3.26,44,13
n2_TrackF_r1_F88W_M255I_S1_G17,54,0.795,0.8029,0.9838,1,4.0,0,13.8,0,15.49,0,8.1,15.17,2.96,3.66,2.43,4.29,45,13
n2_TrackF_r1_F88W_M255I_S1_G17,55,0.7948,0.7644,0.9871,0,7.15,1,4.15,1,4.9,1,3.01,3.65,3.35,2.42,2.71,6.54,38,12
n2_TrackF_r1_F88W_M255I_S1_G17,56,0.7932,0.7474,0.9846,0,5.69,0,12.3,0,15.45,0,6.75,14.04,3.96,3.88,4.97,6.03,30,12
n2_TrackF_r1_F88W_M255I_S1_G17,57,0.7921,0.836,0.9867,0,5.66,0,6.47,0,33.43,0,34.48,35.01,2.25,4.75,6.42,4.56,27,10
n2_TrackF_r1_F88W_M255I_S1_G17,58,0.7918,0.7126,0.9828,1,4.69,0,11.77,0,21.58,0,12.04,19.19,3.24,3.72,2.66,3.76,30,10
n2_TrackF_r1_F88W_M255I_S1_G17,59,0.7911,0.7555,0.9835,1,1.59,0,19.15,0,32.48,0,24.53,30.86,1.79,5.21,5.33,2.96,37,13
n2_TrackF_r1_F88W_M255I_S1_G17,6,0.8314,0.8882,0.9904,1,2.92,0,8.83,0,33.21,0,36.49,35.9,1.92,2.48,6.44,3.31,27,12
n2_TrackF_r1_F88W_M255I_S1_G17,60,0.7907,0.7667,0.9796,0,5.21,0,18.94,0,22.19,0,12.45,20.38,2.5,5.05,9.36,4.51,35,13
n2_TrackF_r1_F88W_M255I_S1_G17,61,0.7868,0.7191,0.9843,1,4.79,1,2.63,1,4.67,1,1.55,4.05,1.0,2.14,5.52,5.55,42,14
n2_TrackF_r1_F88W_M255I_S1_G17,62,0.7846,0.7222,0.9829,1,2.83,1,2.06,1,2.69,1,2.97,4.59,0.76,3.37,2.87,4.39,46,14
n2_TrackF_r1_F88W_M255I_S1_G17,63,0.7836,0.7966,0.9892,1,1.18,0,13.01,0,39.39,0,30.49,37.83,3.21,7.68,8.58,1.88,57,18
n2_TrackF_r1_F88W_M255I_S1_G17,64,0.7824,0.6512,0.9792,0,5.63,0,12.7,0,20.03,0,9.83,16.79,2.25,2.74,6.92,4.83,22,10
n2_TrackF_r1_F88W_M255I_S1_G17,65,0.7821,0.7489,0.9828,0,5.44,0,22.2,0,23.86,0,13.11,20.16,1.87,3.35,11.13,4.64,33,14
n2_TrackF_r1_F88W_M255I_S1_G17,66,0.7815,0.712,0.9804,1,2.22,0,19.92,0,32.94,0,25.17,31.7,1.38,5.53,6.93,2.53,32,15
n2_TrackF_r1_F88W_M255I_S1_G17,67,0.7808,0.6918,0.9838,0,7.61,1,3.53,0,6.51,0,3.62,2.56,1.19,4.13,3.12,6.82,37,12
n2_TrackF_r1_F88W_M255I_S1_G17,68,0.7798,0.7027,0.9843,0,8.5,1,2.69,1,3.5,1,10.78,8.24,2.34,3.04,4.17,7.68,44,13
n2_TrackF_r1_F88W_M255I_S1_G17,69,0.7794,0.6567,0.9781,1,3.23,0,18.44,0,21.15,0,11.21,18.1,2.64,2.93,5.11,4.58,24,10
n2_TrackF_r1_F88W_M255I_S1_G17,7,0.8311,0.8993,0.9892,0,6.05,0,6.16,0,36.97,0,37.12,37.85,2.05,5.29,5.28,7.13,32,13
n2_TrackF_r1_F88W_M255I_S1_G17,70,0.779,0.7421,0.9815,1,4.41,0,14.93,0,24.36,0,17.29,24.96,1.47,3.81,2.59,4.49,39,12
n2_TrackF_r1_F88W_M255I_S1_G17,71,0.7769,0.6565,0.9815,0,5.79,0,11.24,0,23.47,0,12.92,20.02,3.18,2.98,3.69,5.85,39,11
n2_TrackF_r1_F88W_M255I_S1_G17,72,0.7755,0.7171,0.9774,1,2.85,0,16.52,0,34.53,0,26.64,33.27,0.78,4.86,5.86,2.54,42,15
n2_TrackF_r1_F88W_M255I_S1_G17,73,0.7742,0.7108,0.9841,0,5.62,0,17.81,0,17.77,0,7.43,14.9,2.43,4.98,6.2,6.19,40,12
n2_TrackF_r1_F88W_M255I_S1_G17,74,0.7733,0.624,0.9835,1,2.73,0,19.72,0,31.65,0,24.02,30.78,1.87,9.2,13.14,3.0,36,13
n2_TrackF_r1_F88W_M255I_S1_G17,75,0.7732,0.7272,0.9802,1,1.43,0,17.49,0,25.21,0,14.97,21.73,2.22,3.64,6.24,3.35,39,11
n2_TrackF_r1_F88W_M255I_S1_G17,76,0.7705,0.6892,0.9861,0,8.2,1,1.97,0,5.48,0,1.91,5.97,2.13,2.67,4.16,7.61,31,11
n2_TrackF_r1_F88W_M255I_S1_G17,77,0.7696,0.6391,0.9827,1,3.67,1,3.44,1,4.92,1,4.25,2.84,1.3,2.15,3.96,4.73,38,13
n2_TrackF_r1_F88W_M255I_S1_G17,78,0.7675,0.6466,0.9816,1,4.86,1,3.07,1,4.1,1,1.57,4.69,1.56,2.67,5.36,6.25,34,12
n2_TrackF_r1_F88W_M255I_S1_G17,79,0.7667,0.6451,0.9805,0,5.18,0,15.82,0,20.86,0,10.61,17.63,2.87,1.85,5.7,5.88,28,9
n2_TrackF_r1_F88W_M255I_S1_G17,8,0.83,0.9107,0.9878,1,1.85,0,14.01,0,30.31,0,21.58,28.36,1.15,3.54,0.94,3.05,35,16
n2_TrackF_r1_F88W_M255I_S1_G17,80,0.7642,0.7401,0.9833,1,2.15,0,16.96,0,25.02,0,14.19,21.93,2.55,2.94,6.78,1.87,41,16
n2_TrackF_r1_F88W_M255I_S1_G17,81,0.7641,0.8033,0.9808,0,5.03,0,6.19,1,2.6,0,2.95,3.06,2.79,3.75,3.3,4.61,46,16
n2_TrackF_r1_F88W_M255I_S1_G17,82,0.7627,0.6363,0.978,1,2.66,1,3.52,1,2.6,1,2.41,4.47,2.32,5.15,4.1,3.43,39,12
n2_TrackF_r1_F88W_M255I_S1_G17,83,0.7611,0.6576,0.9836,1,3.33,1,4.09,0,7.44,0,2.97,3.55,1.44,1.78,3.23,4.15,39,11
n2_TrackF_r1_F88W_M255I_S1_G17,84,0.7597,0.6431,0.9809,1,3.41,0,14.46,0,25.16,0,16.2,22.95,0.8,2.83,2.93,1.99,37,17
n2_TrackF_r1_F88W_M255I_S1_G17,85,0.7596,0.7276,0.9851,1,1.42,0,16.57,0,40.74,0,31.21,38.61,1.05,4.11,8.99,0.96,44,14
n2_TrackF_r1_F88W_M255I_S1_G17,86,0.7585,0.724,0.9839,0,5.61,0,6.41,0,32.99,0,34.34,34.2,2.23,3.7,5.37,4.98,27,11
n2_TrackF_r1_F88W_M255I_S1_G17,87,0.7557,0.6011,0.9804,0,7.3,1,3.33,1,3.19,1,2.63,2.79,1.1,1.79,4.22,6.67,41,13
n2_TrackF_r1_F88W_M255I_S1_G17,88,0.7545,0.6759,0.9858,0,6.65,0,24.6,0,21.32,0,12.86,19.65,2.71,3.89,6.88,6.73,16,9
n2_TrackF_r1_F88W_M255I_S1_G17,89,0.7539,0.5992,0.9804,0,5.96,1,2.79,1,4.87,1,3.26,2.62,2.34,4.2,4.18,6.71,35,12
n2_TrackF_r1_F88W_M255I_S1_G17,9,0.8296,0.8831,0.9889,1,2.21,0,15.14,0,22.2,0,11.47,19.17,1.01,3.83,7.61,2.61,44,13
n2_TrackF_r1_F88W_M255I_S1_G17,90,0.7534,0.6231,0.9823,1,2.93,1,4.09,1,3.46,1,2.64,3.89,1.43,3.0,3.51,3.6,42,14
n2_TrackF_r1_F88W_M255I_S1_G17,91,0.7523,0.6178,0.9858,1,2.31,0,10.64,0,41.23,0,32.25,39.52,2.29,2.51,1.63,1.46,47,10
n2_TrackF_r1_F88W_M255I_S1_G17,92,0.7448,0.5999,0.972,1,3.47,0,16.18,0,20.56,0,12.41,18.98,2.12,4.56,4.7,4.29,28,12
n2_TrackF_r1_F88W_M255I_S1_G17,93,0.7433,0.5935,0.9744,1,2.81,0,16.04,0,31.22,0,21.98,28.56,3.17,4.27,6.86,1.19,39,12
n2_TrackF_r1_F88W_M255I_S1_G17,94,0.7383,0.6837,0.9856,1,2.5,0,16.99,0,32.69,0,23.02,30.37,1.85,3.23,6.28,3.29,51,18
n2_TrackF_r1_F88W_M255I_S1_G17,95,0.7294,0.6205,0.9809,1,1.7,0,16.58,0,32.57,0,23.45,30.45,2.76,2.67,4.68,3.9,47,16
n2_TrackF_r1_F88W_M255I_S1_G17,96,0.7278,0.5915,0.9791,1,1.7,0,14.29,0,38.4,0,31.27,38.61,3.98,3.85,4.17,1.98,54,15
n2_TrackF_r1_F88W_M255I_S1_G17,97,0.7274,0.5446,0.9778,1,3.71,0,20.22,0,23.39,0,15.25,22.13,2.57,3.59,6.05,4.17,43,13
n2_TrackF_r1_F88W_M255I_S1_G17,98,0.7242,0.4226,0.9756,1,2.4,0,13.79,0,21.55,0,12.51,19.43,2.56,3.29,3.94,3.72,26,10
n2_TrackF_r1_F88W_M255I_S1_G17,99,0.7182,0.5195,0.9767,1,1.71,0,15.1,0,39.11,0,30.5,38.66,2.72,1.01,4.33,1.9,50,17
n2_TrackF_r1_F88W_M255K_OFF_T_G17,0,0.8711,0.9127,0.989,1,4.87,0,15.46,0,42.9,0,41.31,42.64,2.89,2.91,6.64,4.59,32,12
n2_TrackF_r1_F88W_M255K_OFF_T_G17,1,0.8677,0.9067,0.9862,1,2.62,0,21.88,0,5.25,0,11.76,10.54,3.05,3.85,11.0,0.87,45,17
n2_TrackF_r1_F88W_M255K_OFF_T_G17,10,0.8531,0.8822,0.9848,0,7.23,0,15.66,0,40.56,0,38.97,39.85,2.1,4.95,4.53,6.44,27,11
n2_TrackF_r1_F88W_M255K_OFF_T_G17,11,0.8526,0.9109,0.9906,1,4.92,0,14.98,0,41.41,0,39.85,41.24,3.4,5.12,4.3,5.0,35,10
n2_TrackF_r1_F88W_M255K_OFF_T_G17,12,0.8524,0.9311,0.9877,1,4.54,0,24.21,0,7.26,0,11.58,8.93,2.37,3.85,9.42,2.27,32,10
n2_TrackF_r1_F88W_M255K_OFF_T_G17,13,0.8522,0.9372,0.9916,0,6.94,0,15.64,0,55.41,0,50.19,55.56,3.77,3.48,5.88,5.53,33,14
n2_TrackF_r1_F88W_M255K_OFF_T_G17,14,0.8499,0.8782,0.9842,1,4.52,0,14.87,0,39.5,0,37.72,39.19,2.93,1.53,5.5,4.96,35,13
n2_TrackF_r1_F88W_M255K_OFF_T_G17,15,0.8498,0.8727,0.9866,1,2.37,0,13.77,0,36.7,0,35.6,36.33,2.66,2.3,3.87,2.47,35,12
n2_TrackF_r1_F88W_M255K_OFF_T_G17,16,0.8482,0.8569,0.9815,1,4.37,0,14.3,0,36.92,0,35.06,36.04,2.95,5.77,3.77,4.22,37,11
n2_TrackF_r1_F88W_M255K_OFF_T_G17,17,0.8473,0.9214,0.9898,0,7.18,0,10.87,0,37.88,0,36.1,37.42,1.38,3.78,3.71,7.21,32,12
n2_TrackF_r1_F88W_M255K_OFF_T_G17,18,0.846,0.9037,0.9841,1,4.38,0,18.66,0,29.08,0,27.55,29.95,2.18,2.77,3.62,5.51,50,18
n2_TrackF_r1_F88W_M255K_OFF_T_G17,19,0.8454,0.8698,0.9838,1,3.83,0,14.12,0,39.94,0,38.21,39.37,3.78,4.66,4.91,4.66,35,13
n2_TrackF_r1_F88W_M255K_OFF_T_G17,2,0.865,0.9144,0.9889,1,2.35,0,12.82,0,36.37,0,34.81,37.22,3.25,3.85,3.86,3.96,40,12
n2_TrackF_r1_F88W_M255K_OFF_T_G17,20,0.8452,0.8771,0.9877,1,4.2,0,13.82,0,41.38,0,39.17,41.37,0.97,4.05,4.86,3.62,29,10
n2_TrackF_r1_F88W_M255K_OFF_T_G17,21,0.8451,0.8699,0.9834,0,5.38,0,17.25,0,37.14,0,38.04,37.34,1.4,4.71,1.5,5.18,25,12
n2_TrackF_r1_F88W_M255K_OFF_T_G17,22,0.8442,0.89,0.9863,1,2.43,0,13.02,0,38.56,0,36.79,37.64,2.26,4.65,2.58,3.67,35,11
n2_TrackF_r1_F88W_M255K_OFF_T_G17,23,0.8431,0.8421,0.9822,0,6.57,0,16.09,0,46.73,0,42.75,45.58,2.01,3.7,4.62,5.51,27,12
n2_TrackF_r1_F88W_M255K_OFF_T_G17,24,0.8426,0.8744,0.9885,1,4.26,0,24.47,0,20.73,0,23.44,25.62,0.49,3.49,8.5,5.1,27,8
n2_TrackF_r1_F88W_M255K_OFF_T_G17,25,0.8425,0.9023,0.9911,0,5.72,0,23.71,0,24.81,0,28.26,30.05,0.94,4.33,9.3,3.87,25,8
n2_TrackF_r1_F88W_M255K_OFF_T_G17,26,0.8416,0.8786,0.9854,1,3.52,0,15.45,0,37.4,0,36.12,37.68,2.46,5.59,5.12,3.93,33,10
n2_TrackF_r1_F88W_M255K_OFF_T_G17,27,0.8416,0.9051,0.986,0,6.2,0,13.55,0,40.14,0,38.54,39.54,1.62,3.22,4.42,5.89,30,13
n2_TrackF_r1_F88W_M255K_OFF_T_G17,28,0.8412,0.905,0.9876,0,6.18,0,15.63,0,31.98,0,30.9,33.01,0.95,3.48,4.98,5.87,56,19
n2_TrackF_r1_F88W_M255K_OFF_T_G17,29,0.8405,0.8946,0.9875,0,7.08,0,16.54,0,38.44,0,37.09,38.18,2.08,5.68,4.64,6.42,23,10
n2_TrackF_r1_F88W_M255K_OFF_T_G17,3,0.8635,0.9061,0.9894,0,6.11,0,15.42,0,43.46,0,40.15,42.6,3.37,4.97,5.05,6.57,32,11
n2_TrackF_r1_F88W_M255K_OFF_T_G17,30,0.8405,0.908,0.9885,0,6.12,0,13.12,0,36.85,0,35.72,36.9,0.81,3.31,4.18,6.31,27,10
n2_TrackF_r1_F88W_M255K_OFF_T_G17,31,0.8392,0.8864,0.9881,0,5.33,0,16.75,0,47.19,0,44.34,47.33,1.96,4.96,5.81,6.11,21,11
n2_TrackF_r1_F88W_M255K_OFF_T_G17,32,0.8392,0.8862,0.9894,1,3.61,0,23.87,0,24.98,0,27.1,29.82,2.14,2.32,10.31,4.38,27,7
n2_TrackF_r1_F88W_M255K_OFF_T_G17,33,0.8384,0.8841,0.9886,1,4.64,0,25.59,0,17.28,0,16.67,16.45,2.47,4.38,11.27,5.64,28,5
n2_TrackF_r1_F88W_M255K_OFF_T_G17,34,0.8383,0.9091,0.9902,1,3.02,0,20.87,0,26.23,0,23.69,26.79,2.36,2.92,8.95,3.22,30,13
n2_TrackF_r1_F88W_M255K_OFF_T_G17,35,0.8381,0.8903,0.9891,0,7.13,0,14.62,0,43.57,0,41.05,42.6,2.79,3.05,5.33,4.3,32,11
n2_TrackF_r1_F88W_M255K_OFF_T_G17,36,0.8367,0.8279,0.9864,1,4.01,0,22.99,0,46.38,0,46.93,50.11,2.72,3.33,5.16,3.47,38,15
n2_TrackF_r1_F88W_M255K_OFF_T_G17,37,0.8367,0.8208,0.9844,0,5.66,0,26.81,0,14.7,0,20.28,23.89,1.24,4.73,3.22,6.53,33,11
n2_TrackF_r1_F88W_M255K_OFF_T_G17,38,0.8361,0.8672,0.9814,0,6.55,0,13.44,0,30.52,0,29.17,32.14,2.7,1.86,4.06,5.98,49,19
n2_TrackF_r1_F88W_M255K_OFF_T_G17,39,0.8349,0.864,0.9858,0,6.02,0,13.94,0,45.4,0,42.84,45.2,1.98,4.07,6.27,6.07,30,12
n2_TrackF_r1_F88W_M255K_OFF_T_G17,4,0.8621,0.8829,0.9867,1,4.86,0,14.79,0,42.9,0,39.84,42.27,2.69,4.06,4.82,5.31,34,12
n2_TrackF_r1_F88W_M255K_OFF_T_G17,40,0.8346,0.8657,0.9813,1,2.81,0,20.49,1,4.68,0,11.39,9.92,2.2,5.98,10.99,1.18,45,15
n2_TrackF_r1_F88W_M255K_OFF_T_G17,41,0.8331,0.8855,0.9886,1,5.0,0,22.79,0,33.79,0,35.75,38.75,2.97,4.65,6.55,5.84,27,10
n2_TrackF_r1_F88W_M255K_OFF_T_G17,42,0.8324,0.832,0.9845,0,6.1,0,17.04,0,42.03,0,39.01,40.67,1.85,3.74,5.01,5.6,25,12
n2_TrackF_r1_F88W_M255K_OFF_T_G17,43,0.8314,0.881,0.9902,0,6.0,0,25.0,0,23.96,0,27.95,30.44,0.85,2.68,6.89,6.77,25,9
n2_TrackF_r1_F88W_M255K_OFF_T_G17,44,0.8314,0.8861,0.9867,1,4.95,0,15.58,0,35.46,0,34.7,35.6,1.81,3.1,4.89,4.41,38,14
n2_TrackF_r1_F88W_M255K_OFF_T_G17,45,0.8296,0.8857,0.9912,0,5.92,0,24.17,0,26.51,0,30.56,33.78,1.38,3.9,4.58,6.84,23,9
n2_TrackF_r1_F88W_M255K_OFF_T_G17,46,0.8294,0.8706,0.9859,0,7.13,0,13.16,0,31.06,0,31.49,31.32,1.98,5.65,10.5,7.09,40,15
n2_TrackF_r1_F88W_M255K_OFF_T_G17,47,0.8292,0.8412,0.9852,0,5.87,0,24.13,0,29.5,0,32.66,36.13,1.95,3.19,4.24,6.56,21,7
n2_TrackF_r1_F88W_M255K_OFF_T_G17,48,0.829,0.8794,0.9863,0,5.95,0,14.01,0,39.95,0,37.85,39.41,1.49,3.14,4.14,6.84,26,10
n2_TrackF_r1_F88W_M255K_OFF_T_G17,49,0.8278,0.8552,0.9876,0,5.69,0,25.04,0,27.25,0,30.99,34.24,0.92,1.31,5.62,6.43,25,9
n2_TrackF_r1_F88W_M255K_OFF_T_G17,5,0.8611,0.9096,0.9885,0,5.11,0,14.49,0,41.04,0,39.11,41.56,1.01,5.39,5.15,6.07,29,12
n2_TrackF_r1_F88W_M255K_OFF_T_G17,50,0.8262,0.8897,0.9849,1,4.96,0,15.03,0,42.0,0,40.03,42.46,2.29,5.5,6.47,3.96,33,10
n2_TrackF_r1_F88W_M255K_OFF_T_G17,51,0.8253,0.8373,0.9875,0,6.03,0,24.69,0,34.37,0,38.22,41.9,1.03,2.97,4.02,6.6,20,9
n2_TrackF_r1_F88W_M255K_OFF_T_G17,52,0.8231,0.853,0.9858,1,2.69,0,13.56,0,41.58,0,39.87,42.31,0.92,5.32,5.13,2.57,24,9
n2_TrackF_r1_F88W_M255K_OFF_T_G17,53,0.8228,0.7921,0.9818,0,5.39,0,15.82,0,39.43,0,36.63,39.27,4.94,4.03,5.43,5.04,24,11
n2_TrackF_r1_F88W_M255K_OFF_T_G17,54,0.8224,0.8532,0.9863,0,7.22,0,13.52,0,32.58,0,32.5,34.36,2.19,5.73,12.7,6.55,33,12
n2_TrackF_r1_F88W_M255K_OFF_T_G17,55,0.8219,0.8384,0.9885,1,2.81,0,14.37,0,38.83,0,37.67,38.99,2.67,3.19,5.1,2.65,37,9
n2_TrackF_r1_F88W_M255K_OFF_T_G17,56,0.821,0.7537,0.9823,1,4.84,0,15.42,0,42.08,0,40.17,42.07,2.34,3.99,6.66,5.04,39,11
n2_TrackF_r1_F88W_M255K_OFF_T_G17,57,0.821,0.8449,0.9865,0,6.18,0,22.62,0,18.36,0,16.69,16.37,3.08,2.53,4.28,4.96,28,10
n2_TrackF_r1_F88W_M255K_OFF_T_G17,58,0.821,0.7706,0.9785,1,4.53,0,13.24,0,41.47,0,36.83,40.31,3.13,3.88,4.25,5.03,46,18
n2_TrackF_r1_F88W_M255K_OFF_T_G17,59,0.8208,0.8019,0.985,0,6.34,0,15.93,0,44.25,0,41.84,43.77,1.92,2.58,3.86,8.0,22,11
n2_TrackF_r1_F88W_M255K_OFF_T_G17,6,0.8596,0.8873,0.985,1,3.53,0,12.71,0,40.7,0,38.05,39.8,2.37,4.25,3.66,3.63,34,11
n2_TrackF_r1_F88W_M255K_OFF_T_G17,60,0.8203,0.836,0.9843,0,6.13,0,24.17,0,33.68,0,32.84,35.96,2.85,4.16,3.52,6.44,35,15
n2_TrackF_r1_F88W_M255K_OFF_T_G17,61,0.8198,0.7964,0.9833,1,4.38,0,13.2,0,39.94,0,38.25,39.8,3.13,4.4,5.22,5.81,35,14
n2_TrackF_r1_F88W_M255K_OFF_T_G17,62,0.8193,0.8482,0.9866,0,5.41,0,24.16,0,28.56,0,33.71,37.9,2.75,3.16,4.68,6.35,26,9
n2_TrackF_r1_F88W_M255K_OFF_T_G17,63,0.8191,0.7322,0.9751,1,4.45,0,16.13,0,40.17,0,39.09,40.91,2.59,3.22,5.29,4.38,33,10
n2_TrackF_r1_F88W_M255K_OFF_T_G17,64,0.8187,0.7952,0.9783,0,7.38,0,15.97,0,35.87,0,35.61,36.28,2.26,2.45,4.7,7.07,23,11
n2_TrackF_r1_F88W_M255K_OFF_T_G17,65,0.818,0.8328,0.9834,1,4.63,0,20.21,0,21.89,0,19.8,22.17,1.92,3.07,4.38,4.87,34,9
n2_TrackF_r1_F88W_M255K_OFF_T_G17,66,0.8179,0.7556,0.9802,1,2.7,0,14.57,0,35.06,0,35.21,35.43,1.34,3.02,2.5,3.03,41,14
n2_TrackF_r1_F88W_M255K_OFF_T_G17,67,0.8176,0.745,0.9771,0,5.85,0,15.29,0,40.66,0,37.65,39.9,3.36,4.29,4.62,6.26,32,13
n2_TrackF_r1_F88W_M255K_OFF_T_G17,68,0.8166,0.8241,0.985,0,5.1,0,21.2,0,39.64,0,40.47,39.32,2.66,4.24,3.89,5.26,39,13
n2_TrackF_r1_F88W_M255K_OFF_T_G17,69,0.8161,0.8198,0.9817,0,6.84,0,14.07,0,44.97,0,41.65,44.13,2.99,3.76,5.12,7.07,28,11
n2_TrackF_r1_F88W_M255K_OFF_T_G17,7,0.8583,0.8982,0.9871,1,3.69,0,15.39,0,39.39,0,37.12,38.41,1.48,4.73,5.22,4.74,35,14
n2_TrackF_r1_F88W_M255K_OFF_T_G17,70,0.8154,0.8603,0.9887,0,6.25,0,24.96,0,34.63,0,36.51,40.16,1.67,3.64,4.16,6.76,27,10
n2_TrackF_r1_F88W_M255K_OFF_T_G17,71,0.8141,0.8047,0.983,1,4.21,0,23.85,0,22.81,0,21.76,24.48,1.93,3.68,10.87,3.68,31,10
n2_TrackF_r1_F88W_M255K_OFF_T_G17,72,0.814,0.7888,0.9826,0,5.25,0,20.64,0,43.11,0,39.7,41.35,2.14,4.41,8.82,5.95,31,11
n2_TrackF_r1_F88W_M255K_OFF_T_G17,73,0.8133,0.81,0.9862,0,7.09,0,23.37,0,44.16,0,44.99,47.99,2.48,3.61,4.5,6.54,33,13
n2_TrackF_r1_F88W_M255K_OFF_T_G17,74,0.813,0.9137,0.9881,0,5.39,0,18.34,0,49.46,0,45.94,50.02,1.31,2.72,5.42,6.56,31,12
n2_TrackF_r1_F88W_M255K_OFF_T_G17,75,0.8124,0.8289,0.9855,1,1.96,0,17.58,0,25.93,0,27.02,31.95,2.38,4.23,6.76,2.98,39,13
n2_TrackF_r1_F88W_M255K_OFF_T_G17,76,0.8087,0.7864,0.9808,0,6.77,0,14.64,0,38.84,0,37.49,38.57,1.16,4.99,3.89,7.35,22,10
n2_TrackF_r1_F88W_M255K_OFF_T_G17,77,0.8067,0.8168,0.9838,1,4.8,0,19.28,0,25.91,0,24.69,27.44,2.41,3.34,6.08,5.81,31,14
n2_TrackF_r1_F88W_M255K_OFF_T_G17,78,0.8065,0.8167,0.983,0,7.6,0,17.67,0,35.32,0,36.09,35.37,2.51,3.88,5.63,6.72,38,11
n2_TrackF_r1_F88W_M255K_OFF_T_G17,79,0.8059,0.8659,0.9842,0,6.18,0,31.75,0,28.27,0,26.83,31.96,2.45,5.1,3.66,6.66,35,16
n2_TrackF_r1_F88W_M255K_OFF_T_G17,8,0.8577,0.8961,0.9865,1,3.61,0,12.95,0,36.92,0,35.98,37.35,2.38,4.93,4.83,4.99,32,10
n2_TrackF_r1_F88W_M255K_OFF_T_G17,80,0.8054,0.7751,0.9861,0,6.59,0,26.35,0,36.44,0,38.09,41.21,2.78,3.03,4.48,7.22,28,11
n2_TrackF_r1_F88W_M255K_OFF_T_G17,81,0.8034,0.8176,0.9832,0,7.53,0,9.95,0,20.57,0,18.31,23.68,1.9,2.36,3.31,6.47,53,18
n2_TrackF_r1_F88W_M255K_OFF_T_G17,82,0.8006,0.8068,0.9847,0,5.98,0,24.17,0,30.24,0,32.8,36.1,0.93,3.61,7.41,6.74,24,9
n2_TrackF_r1_F88W_M255K_OFF_T_G17,83,0.8005,0.8405,0.9829,0,5.33,0,14.94,0,38.69,0,37.33,38.48,1.63,5.37,4.63,6.78,24,11
n2_TrackF_r1_F88W_M255K_OFF_T_G17,84,0.8,0.6604,0.9772,1,4.61,0,14.95,0,42.91,0,40.11,42.02,2.87,3.37,6.95,4.82,34,14
n2_TrackF_r1_F88W_M255K_OFF_T_G17,85,0.7949,0.7983,0.9782,0,6.2,0,17.62,0,40.79,0,36.67,41.02,0.35,4.69,4.63,5.89,49,17
n2_TrackF_r1_F88W_M255K_OFF_T_G17,86,0.7908,0.7903,0.9815,1,4.6,0,23.89,0,22.45,0,21.42,22.14,0.6,5.43,9.1,3.65,22,8
n2_TrackF_r1_F88W_M255K_OFF_T_G17,87,0.7906,0.7992,0.9862,0,5.95,0,23.53,0,29.23,0,30.91,35.03,1.43,3.46,7.93,6.54,23,8
n2_TrackF_r1_F88W_M255K_OFF_T_G17,88,0.7887,0.7363,0.9806,0,5.99,0,22.98,0,31.06,0,33.18,35.06,0.95,3.49,7.09,6.98,22,8
n2_TrackF_r1_F88W_M255K_OFF_T_G17,89,0.7863,0.6655,0.9729,1,2.58,0,20.61,0,5.89,0,11.65,10.45,2.9,5.72,10.33,1.97,46,16
n2_TrackF_r1_F88W_M255K_OFF_T_G17,9,0.8543,0.8499,0.9839,1,4.89,0,14.69,0,39.02,0,37.76,38.32,2.77,3.06,4.79,5.0,30,10
n2_TrackF_r1_F88W_M255K_OFF_T_G17,90,0.7863,0.6984,0.9808,0,5.7,0,23.73,0,26.78,0,31.37,36.11,1.51,2.52,4.06,6.66,20,8
n2_TrackF_r1_F88W_M255K_OFF_T_G17,91,0.7849,0.766,0.977,0,6.34,0,15.55,0,39.3,0,37.39,39.63,1.91,4.52,4.71,6.43,26,10
n2_TrackF_r1_F88W_M255K_OFF_T_G17,92,0.781,0.7196,0.9762,1,4.71,0,25.5,0,10.63,0,12.05,9.69,1.49,5.59,8.48,4.01,33,9
n2_TrackF_r1_F88W_M255K_OFF_T_G17,93,0.7769,0.8568,0.9872,0,6.59,0,15.51,0,13.44,0,8.43,16.84,2.3,5.0,4.97,7.11,19,10
n2_TrackF_r1_F88W_M255K_OFF_T_G17,94,0.7752,0.6701,0.9762,0,5.15,0,10.82,0,24.38,0,24.9,29.64,1.66,4.06,2.85,4.84,31,12
n2_TrackF_r1_F88W_M255K_OFF_T_G17,95,0.7681,0.5791,0.9791,0,5.29,0,17.05,0,43.27,0,41.22,44.37,1.21,7.2,11.38,4.79,31,13
n2_TrackF_r1_F88W_M255K_OFF_T_G17,96,0.7628,0.6318,0.9781,0,5.38,0,24.04,0,26.64,0,28.65,32.03,1.34,3.04,4.32,6.08,24,8
n2_TrackF_r1_F88W_M255K_OFF_T_G17,97,0.758,0.6489,0.9758,1,4.14,0,25.0,0,5.09,0,10.49,8.89,2.42,4.21,11.0,3.74,42,16
n2_TrackF_r1_F88W_M255K_OFF_T_G17,98,0.753,0.5317,0.9695,1,3.76,0,15.75,0,37.34,0,35.74,37.39,3.41,5.54,4.46,4.77,30,12
n2_TrackF_r1_F88W_M255K_OFF_T_G17,99,0.7113,0.1584,0.9872,0,42.21,0,40.68,0,48.23,0,51.38,53.29,32.03,27.32,22.27,44.53,0,0
n2_TrackF_r1_F88W_M255K_S1_G17,0,0.8536,0.8493,0.9897,1,3.22,0,15.72,0,30.41,0,21.88,29.34,1.33,4.01,10.99,2.92,44,13
n2_TrackF_r1_F88W_M255K_S1_G17,1,0.8423,0.8296,0.9881,1,1.97,0,15.5,0,33.8,0,26.17,33.93,0.49,4.06,12.09,2.7,51,14
n2_TrackF_r1_F88W_M255K_S1_G17,10,0.8324,0.888,0.9878,1,2.14,0,18.22,0,31.42,0,25.01,31.91,1.54,4.08,7.03,2.36,42,17
n2_TrackF_r1_F88W_M255K_S1_G17,11,0.8323,0.8872,0.9873,1,3.36,0,15.35,0,31.34,0,23.1,29.99,0.98,4.84,4.25,2.5,45,14
n2_TrackF_r1_F88W_M255K_S1_G17,12,0.8322,0.8634,0.9884,1,2.73,0,13.79,0,19.27,0,10.16,17.09,3.06,3.73,6.55,4.18,37,13
n2_TrackF_r1_F88W_M255K_S1_G17,13,0.8317,0.7797,0.9856,1,1.92,0,25.99,0,27.16,0,22.29,28.93,1.25,7.76,13.28,2.69,34,10
n2_TrackF_r1_F88W_M255K_S1_G17,14,0.8316,0.852,0.9904,0,5.63,0,21.71,0,49.35,0,49.78,53.8,2.59,1.95,5.87,6.65,17,6
n2_TrackF_r1_F88W_M255K_S1_G17,15,0.8302,0.9112,0.9879,1,3.77,0,15.38,0,27.37,0,17.58,24.4,1.04,3.37,4.26,3.78,37,15
n2_TrackF_r1_F88W_M255K_S1_G17,16,0.8296,0.8043,0.984,1,1.91,0,21.82,0,27.44,0,21.71,28.46,1.0,6.42,10.61,2.8,37,13
n2_TrackF_r1_F88W_M255K_S1_G17,17,0.8286,0.7986,0.9885,1,3.94,0,7.67,0,15.01,0,6.84,12.64,3.09,5.24,11.69,1.22,46,12
n2_TrackF_r1_F88W_M255K_S1_G17,18,0.828,0.9165,0.9892,0,5.35,0,6.32,0,41.94,0,40.05,42.64,1.41,3.23,6.32,5.36,32,16
n2_TrackF_r1_F88W_M255K_S1_G17,19,0.8271,0.8915,0.9897,1,3.33,0,17.61,0,15.8,0,8.42,14.87,3.26,5.27,6.91,3.35,42,12
n2_TrackF_r1_F88W_M255K_S1_G17,2,0.8411,0.926,0.991,1,3.46,0,19.29,0,16.93,0,16.56,17.17,2.69,4.3,11.43,3.45,38,10
n2_TrackF_r1_F88W_M255K_S1_G17,20,0.8268,0.8583,0.9901,1,4.08,0,25.89,0,20.18,0,14.06,20.9,1.48,4.33,4.91,4.48,25,9
n2_TrackF_r1_F88W_M255K_S1_G17,21,0.8255,0.9327,0.9917,0,6.67,0,6.24,0,37.85,0,37.21,38.58,2.26,3.22,5.4,5.99,31,14
n2_TrackF_r1_F88W_M255K_S1_G17,22,0.8254,0.8902,0.9899,1,2.78,0,20.55,0,28.5,0,20.78,27.91,0.63,5.4,9.29,2.97,34,13
n2_TrackF_r1_F88W_M255K_S1_G17,23,0.8246,0.8756,0.9904,1,3.11,0,15.68,0,14.17,0,7.4,14.48,2.17,3.29,5.03,2.74,46,14
n2_TrackF_r1_F88W_M255K_S1_G17,24,0.8237,0.7881,0.9865,1,2.99,0,15.37,0,31.66,0,24.22,31.41,1.54,4.43,10.89,2.24,37,12
n2_TrackF_r1_F88W_M255K_S1_G17,25,0.8231,0.9261,0.992,0,5.06,0,9.02,0,32.12,0,33.74,34.5,1.62,5.52,5.86,5.14,24,12
n2_TrackF_r1_F88W_M255K_S1_G17,26,0.8216,0.8866,0.9884,1,2.5,0,18.02,0,31.88,0,26.93,33.95,1.23,1.62,5.61,2.68,41,15
n2_TrackF_r1_F88W_M255K_S1_G17,27,0.8209,0.9241,0.9894,1,2.26,0,15.28,0,28.3,0,23.61,30.42,1.78,5.33,5.76,1.64,40,14
n2_TrackF_r1_F88W_M255K_S1_G17,28,0.8207,0.8656,0.9879,0,5.1,0,22.88,0,23.3,0,14.31,20.79,3.01,2.42,3.64,5.03,33,16
n2_TrackF_r1_F88W_M255K_S1_G17,29,0.8204,0.857,0.9869,1,2.54,0,20.58,0,29.65,0,24.58,31.69,0.49,3.33,12.47,2.79,44,17
n2_TrackF_r1_F88W_M255K_S1_G17,3,0.841,0.8411,0.9858,0,6.65,0,11.57,0,22.02,0,13.66,20.73,2.39,4.4,5.55,5.79,28,12
n2_TrackF_r1_F88W_M255K_S1_G17,30,0.8189,0.8061,0.9882,1,3.17,0,16.29,0,31.45,0,23.88,30.59,1.92,6.04,12.11,2.89,37,12
n2_TrackF_r1_F88W_M255K_S1_G17,31,0.8173,0.8762,0.9864,1,3.07,0,21.07,0,22.9,0,15.2,22.03,1.66,3.57,11.63,0.84,33,11
n2_TrackF_r1_F88W_M255K_S1_G17,32,0.8163,0.7909,0.9826,1,4.09,0,11.81,0,23.52,0,14.74,21.51,2.19,3.19,8.59,6.04,37,13
n2_TrackF_r1_F88W_M255K_S1_G17,33,0.8138,0.8313,0.9865,1,4.65,0,19.44,0,14.19,0,8.85,15.41,2.94,2.99,3.67,5.08,44,17
n2_TrackF_r1_F88W_M255K_S1_G17,34,0.8137,0.8487,0.9866,1,2.95,0,18.8,0,26.77,0,20.96,28.39,2.06,3.55,9.07,2.52,32,13
n2_TrackF_r1_F88W_M255K_S1_G17,35,0.8136,0.8667,0.9855,1,2.83,0,14.99,0,27.65,0,20.12,26.73,0.8,3.95,4.04,3.44,34,14
n2_TrackF_r1_F88W_M255K_S1_G17,36,0.813,0.911,0.9885,1,3.75,0,15.02,0,16.88,0,11.86,18.74,1.61,3.73,4.42,3.71,32,13
n2_TrackF_r1_F88W_M255K_S1_G17,37,0.8129,0.8047,0.9884,0,5.2,0,15.56,0,20.5,0,12.71,19.35,0.42,5.45,3.11,5.38,29,9
n2_TrackF_r1_F88W_M255K_S1_G17,38,0.8128,0.8875,0.9906,1,4.61,0,12.8,0,11.41,0,2.68,8.81,1.49,2.93,4.51,3.31,38,12
n2_TrackF_r1_F88W_M255K_S1_G17,39,0.8122,0.8273,0.9829,1,3.21,0,22.24,0,15.58,0,7.95,14.38,1.67,4.95,4.36,4.43,30,10
n2_TrackF_r1_F88W_M255K_S1_G17,4,0.84,0.8289,0.9879,1,1.45,0,24.81,0,26.95,0,20.82,28.36,0.91,6.76,13.48,3.15,40,11
n2_TrackF_r1_F88W_M255K_S1_G17,40,0.811,0.8689,0.988,1,3.1,0,23.93,0,20.46,0,13.53,20.39,2.49,4.98,7.0,3.0,24,8
n2_TrackF_r1_F88W_M255K_S1_G17,41,0.8105,0.877,0.9896,1,2.82,0,15.82,0,38.65,0,31.01,37.94,2.74,4.42,6.08,2.64,49,16
n2_TrackF_r1_F88W_M255K_S1_G17,42,0.8087,0.8345,0.9841,1,2.38,0,15.79,0,32.21,0,26.52,33.69,1.13,5.96,2.69,2.14,33,12
n2_TrackF_r1_F88W_M255K_S1_G17,43,0.8082,0.8521,0.9871,1,2.48,0,18.52,0,30.89,0,25.45,32.15,0.52,4.8,5.77,2.81,45,17
n2_TrackF_r1_F88W_M255K_S1_G17,44,0.8079,0.8945,0.9894,1,2.16,0,15.54,0,39.56,0,32.95,39.83,1.11,4.16,6.97,0.81,54,18
n2_TrackF_r1_F88W_M255K_S1_G17,45,0.8077,0.8087,0.9844,1,2.26,0,16.67,0,28.23,0,23.11,29.96,1.4,1.71,10.11,2.86,50,16
n2_TrackF_r1_F88W_M255K_S1_G17,46,0.8075,0.8683,0.9862,0,6.44,0,18.46,0,23.73,0,12.76,19.88,1.12,4.42,6.27,5.95,37,16
n2_TrackF_r1_F88W_M255K_S1_G17,47,0.8061,0.8378,0.9861,1,3.07,0,17.86,0,26.68,0,22.45,29.83,1.82,5.2,9.65,2.9,31,13
n2_TrackF_r1_F88W_M255K_S1_G17,48,0.8052,0.8413,0.9869,0,5.36,0,21.83,0,24.96,0,15.1,21.69,2.93,4.48,2.05,4.09,30,12
n2_TrackF_r1_F88W_M255K_S1_G17,49,0.8037,0.8311,0.9852,1,2.52,0,18.78,0,25.47,0,21.52,28.43,1.24,3.11,6.62,2.79,38,17
n2_TrackF_r1_F88W_M255K_S1_G17,5,0.8395,0.9059,0.9878,1,1.9,0,12.98,0,29.21,0,20.7,27.31,0.36,2.98,3.82,2.38,32,17
n2_TrackF_r1_F88W_M255K_S1_G17,50,0.8037,0.8411,0.9848,1,2.28,0,18.79,0,26.75,0,22.38,30.52,2.89,2.09,6.69,2.78,37,15
n2_TrackF_r1_F88W_M255K_S1_G17,51,0.8033,0.8487,0.9856,0,6.43,0,7.82,0,37.36,0,36.61,38.38,2.18,5.74,5.26,7.01,25,13
n2_TrackF_r1_F88W_M255K_S1_G17,52,0.8028,0.7959,0.99,1,2.92,0,10.78,0,32.72,0,25.16,31.8,2.37,3.34,3.01,2.49,32,9
n2_TrackF_r1_F88W_M255K_S1_G17,53,0.8012,0.7715,0.9862,1,1.42,0,14.96,0,28.51,0,25.01,31.73,1.15,7.84,9.24,2.52,39,16
n2_TrackF_r1_F88W_M255K_S1_G17,54,0.8004,0.8021,0.9832,0,6.86,0,12.67,0,31.23,0,31.66,32.64,1.67,5.18,5.56,6.59,21,11
n2_TrackF_r1_F88W_M255K_S1_G17,55,0.7993,0.8707,0.9882,1,2.91,0,16.84,0,31.67,0,23.38,30.46,2.31,4.37,5.82,2.51,44,17
n2_TrackF_r1_F88W_M255K_S1_G17,56,0.7993,0.7825,0.9808,1,2.65,0,18.3,0,20.4,0,12.95,19.98,2.65,3.94,6.38,3.89,39,18
n2_TrackF_r1_F88W_M255K_S1_G17,57,0.7988,0.7625,0.9854,1,3.78,0,11.51,0,35.45,0,29.61,36.37,2.73,3.78,8.82,2.09,47,12
n2_TrackF_r1_F88W_M255K_S1_G17,58,0.798,0.8238,0.9851,1,1.68,0,19.37,0,28.38,0,22.67,29.86,0.92,4.38,8.0,2.79,40,17
n2_TrackF_r1_F88W_M255K_S1_G17,59,0.7979,0.7693,0.9845,1,3.53,0,20.22,0,17.77,0,9.0,15.98,1.49,3.41,6.51,3.16,46,12
n2_TrackF_r1_F88W_M255K_S1_G17,6,0.8373,0.9205,0.9878,1,2.62,0,18.4,0,28.52,0,24.86,31.66,2.06,5.12,12.62,2.47,36,16
n2_TrackF_r1_F88W_M255K_S1_G17,60,0.7969,0.9031,0.9884,0,5.37,0,14.0,0,22.35,0,16.77,23.79,3.62,2.83,3.81,5.93,30,12
n2_TrackF_r1_F88W_M255K_S1_G17,61,0.7966,0.8378,0.987,0,6.5,0,21.75,0,21.73,0,13.87,20.56,1.06,2.18,3.92,6.5,28,10
n2_TrackF_r1_F88W_M255K_S1_G17,62,0.7965,0.819,0.9858,1,3.1,0,18.86,0,24.05,0,14.61,21.07,2.12,3.12,6.36,3.97,42,18
n2_TrackF_r1_F88W_M255K_S1_G17,63,0.7955,0.857,0.9884,1,1.31,0,16.66,0,28.33,0,21.35,28.86,3.0,4.04,4.0,2.86,50,18
n2_TrackF_r1_F88W_M255K_S1_G17,64,0.7954,0.7529,0.9853,1,2.32,0,17.06,0,29.61,0,25.79,32.53,1.2,5.56,6.55,2.54,36,11
n2_TrackF_r1_F88W_M255K_S1_G17,65,0.795,0.8131,0.9856,0,7.09,0,22.93,0,12.77,0,6.96,13.4,1.49,2.67,2.51,6.25,28,9
n2_TrackF_r1_F88W_M255K_S1_G17,66,0.792,0.8369,0.9895,1,2.02,0,16.04,0,39.49,0,31.33,38.17,1.67,3.9,5.98,2.11,50,18
n2_TrackF_r1_F88W_M255K_S1_G17,67,0.7904,0.7491,0.9814,1,2.11,0,19.53,0,32.39,0,26.12,33.26,1.65,3.37,8.94,2.41,38,15
n2_TrackF_r1_F88W_M255K_S1_G17,68,0.7902,0.8376,0.9851,1,3.28,0,16.86,0,28.45,0,22.39,29.63,2.21,3.75,6.26,3.52,42,15
n2_TrackF_r1_F88W_M255K_S1_G17,69,0.7897,0.8565,0.9872,1,2.59,0,15.94,0,30.19,0,23.33,30.37,2.67,2.33,5.34,2.42,39,14
n2_TrackF_r1_F88W_M255K_S1_G17,7,0.8371,0.8313,0.9869,1,2.69,0,15.64,0,32.17,0,24.65,31.86,1.04,3.82,11.85,2.84,38,12
n2_TrackF_r1_F88W_M255K_S1_G17,70,0.7889,0.8078,0.9854,1,2.11,0,16.62,0,36.03,0,30.03,37.25,0.62,4.02,5.89,1.22,52,16
n2_TrackF_r1_F88W_M255K_S1_G17,71,0.7885,0.7101,0.9849,1,2.42,0,21.25,0,29.24,0,22.77,29.57,1.2,3.62,10.18,2.51,49,15
n2_TrackF_r1_F88W_M255K_S1_G17,72,0.7882,0.7691,0.9825,1,2.15,0,18.5,0,22.22,0,12.77,19.41,2.18,4.49,6.5,3.76,37,15
n2_TrackF_r1_F88W_M255K_S1_G17,73,0.787,0.8563,0.9886,1,1.63,0,16.52,0,33.74,0,29.55,36.73,2.88,4.25,4.98,1.86,45,17
n2_TrackF_r1_F88W_M255K_S1_G17,74,0.7866,0.8071,0.9868,1,4.69,0,17.98,0,22.81,0,13.87,20.84,3.29,5.88,6.29,3.29,35,12
n2_TrackF_r1_F88W_M255K_S1_G17,75,0.7865,0.7473,0.9802,1,3.69,0,18.55,0,21.39,0,13.06,20.28,2.17,3.79,7.75,3.27,38,17
n2_TrackF_r1_F88W_M255K_S1_G17,76,0.785,0.7922,0.9839,1,3.37,0,17.07,0,33.51,0,27.2,34.0,0.55,5.06,7.53,2.55,38,14
n2_TrackF_r1_F88W_M255K_S1_G17,77,0.7849,0.7148,0.984,0,5.35,1,2.71,0,39.78,0,34.87,39.33,1.42,4.16,5.34,5.74,43,13
n2_TrackF_r1_F88W_M255K_S1_G17,78,0.7837,0.7293,0.9807,1,1.38,0,16.02,0,32.57,0,25.5,31.85,1.62,2.97,2.93,2.6,40,11
n2_TrackF_r1_F88W_M255K_S1_G17,79,0.7837,0.7756,0.985,0,5.79,0,19.26,0,15.21,0,8.92,15.5,2.23,3.33,2.26,4.81,41,15
n2_TrackF_r1_F88W_M255K_S1_G17,8,0.8367,0.9183,0.9891,1,2.27,0,15.63,0,27.71,0,21.6,28.56,1.29,3.53,3.48,2.86,36,15
n2_TrackF_r1_F88W_M255K_S1_G17,80,0.7819,0.7826,0.9826,1,2.2,0,19.85,0,28.74,0,23.56,30.41,1.55,3.25,7.66,2.9,47,20
n2_TrackF_r1_F88W_M255K_S1_G17,81,0.7814,0.6997,0.9845,0,6.47,0,11.44,0,24.19,0,16.24,22.64,3.82,4.41,5.25,6.14,31,13
n2_TrackF_r1_F88W_M255K_S1_G17,82,0.7806,0.7555,0.9841,1,4.61,0,18.28,0,18.29,0,10.84,17.9,2.69,4.37,6.07,4.47,41,15
n2_TrackF_r1_F88W_M255K_S1_G17,83,0.7803,0.6887,0.9854,1,1.52,0,19.18,0,30.44,0,25.71,32.85,1.72,4.2,7.63,2.36,34,13
n2_TrackF_r1_F88W_M255K_S1_G17,84,0.7788,0.7249,0.9833,1,4.12,1,4.29,1,2.47,1,2.05,4.04,2.85,4.8,4.83,4.5,50,15
n2_TrackF_r1_F88W_M255K_S1_G17,85,0.775,0.7841,0.9844,1,2.43,0,16.7,0,29.66,0,22.82,29.82,3.04,5.42,4.16,3.55,45,14
n2_TrackF_r1_F88W_M255K_S1_G17,86,0.7721,0.7544,0.9837,1,2.09,0,16.24,0,22.16,0,13.36,20.09,1.41,4.4,5.1,3.61,33,15
n2_TrackF_r1_F88W_M255K_S1_G17,87,0.7718,0.6736,0.982,1,2.22,0,19.6,0,33.32,0,25.73,32.93,1.55,4.62,5.95,2.89,34,16
n2_TrackF_r1_F88W_M255K_S1_G17,88,0.7705,0.8099,0.9861,1,3.15,0,17.66,0,32.41,0,25.27,31.92,2.2,2.13,6.05,3.82,40,16
n2_TrackF_r1_F88W_M255K_S1_G17,89,0.7692,0.7058,0.9809,1,3.6,0,17.96,0,19.5,0,13.4,20.22,2.73,4.16,8.42,1.81,30,15
n2_TrackF_r1_F88W_M255K_S1_G17,9,0.8341,0.9174,0.99,1,3.57,0,20.29,0,9.46,0,12.64,11.78,1.89,6.51,12.37,3.95,23,9
n2_TrackF_r1_F88W_M255K_S1_G17,90,0.7686,0.7921,0.9843,1,2.36,0,16.96,0,28.01,0,23.03,29.72,2.36,2.46,6.0,2.34,47,17
n2_TrackF_r1_F88W_M255K_S1_G17,91,0.765,0.7751,0.9852,1,1.7,0,17.98,0,37.93,0,32.25,39.67,2.33,4.01,7.37,2.33,49,16
n2_TrackF_r1_F88W_M255K_S1_G17,92,0.7643,0.5934,0.9805,1,3.31,0,20.1,0,23.46,0,15.51,21.78,2.63,4.75,9.0,3.89,37,12
n2_TrackF_r1_F88W_M255K_S1_G17,93,0.7632,0.7382,0.9817,1,4.0,0,14.94,0,15.0,0,6.78,13.63,0.99,3.73,2.83,3.41,39,19
n2_TrackF_r1_F88W_M255K_S1_G17,94,0.7611,0.7442,0.9841,1,2.07,0,13.82,0,24.7,0,15.83,22.62,1.28,3.0,4.68,2.79,33,12
n2_TrackF_r1_F88W_M255K_S1_G17,95,0.7548,0.6818,0.9785,1,1.84,0,14.85,0,35.64,0,29.47,36.48,3.23,5.12,3.29,2.53,49,16
n2_TrackF_r1_F88W_M255K_S1_G17,96,0.7506,0.5809,0.978,1,2.99,0,17.99,0,22.6,0,15.84,22.16,2.04,5.01,5.54,3.87,35,11
n2_TrackF_r1_F88W_M255K_S1_G17,97,0.7503,0.5595,0.976,1,3.07,0,20.22,0,20.43,0,13.66,20.36,2.22,5.76,6.54,3.32,25,9
n2_TrackF_r1_F88W_M255K_S1_G17,98,0.7311,0.4538,0.9762,1,2.8,0,13.5,0,18.07,0,12.26,19.05,2.43,3.62,5.88,4.08,24,10
n2_TrackF_r1_F88W_M255K_S1_G17,99,0.7305,0.456,0.9715,1,2.82,0,10.48,0,19.24,0,11.32,17.79,2.13,4.73,4.94,4.2,25,12
n2_TrackF_r1_F88W_M255M_OFF_T_G17,0,0.8742,0.9119,0.9897,0,6.96,0,16.14,0,43.96,0,40.35,42.71,2.25,5.2,5.22,5.67,27,12
n2_TrackF_r1_F88W_M255M_OFF_T_G17,1,0.8667,0.9242,0.9888,1,3.13,0,13.0,0,36.39,0,35.51,35.88,2.29,4.94,3.63,4.68,33,11
n2_TrackF_r1_F88W_M255M_OFF_T_G17,10,0.8584,0.8947,0.9891,0,6.61,0,15.77,0,42.78,0,40.2,41.75,1.28,3.85,5.2,6.12,26,9
n2_TrackF_r1_F88W_M255M_OFF_T_G17,11,0.8582,0.8767,0.9868,0,6.5,0,17.08,0,40.56,0,37.95,39.41,2.07,3.95,4.73,5.27,27,12
n2_TrackF_r1_F88W_M255M_OFF_T_G17,12,0.8581,0.9107,0.9885,1,4.11,0,14.76,0,37.64,0,36.6,36.96,2.41,2.89,3.91,3.54,32,11
n2_TrackF_r1_F88W_M255M_OFF_T_G17,13,0.8571,0.9222,0.991,1,3.02,0,13.31,0,39.1,0,36.82,38.5,1.98,4.15,4.31,0.99,36,13
n2_TrackF_r1_F88W_M255M_OFF_T_G17,14,0.8567,0.8892,0.9871,0,6.58,0,15.99,0,42.22,0,39.17,40.67,2.29,5.16,5.19,7.4,27,11
n2_TrackF_r1_F88W_M255M_OFF_T_G17,15,0.8563,0.8613,0.984,0,6.82,0,17.0,0,41.11,0,39.74,40.83,1.45,3.87,6.58,6.17,25,11
n2_TrackF_r1_F88W_M255M_OFF_T_G17,16,0.8556,0.9141,0.9906,1,3.75,0,14.89,0,43.05,0,40.32,42.25,3.56,3.6,6.77,5.88,30,12
n2_TrackF_r1_F88W_M255M_OFF_T_G17,17,0.8553,0.8876,0.9869,1,3.4,0,15.38,0,38.0,0,36.83,37.65,2.37,4.17,4.71,3.95,34,10
n2_TrackF_r1_F88W_M255M_OFF_T_G17,18,0.8552,0.8886,0.9867,1,4.98,0,14.13,0,39.94,0,38.04,39.53,2.41,4.42,5.19,4.06,39,13
n2_TrackF_r1_F88W_M255M_OFF_T_G17,19,0.8536,0.9085,0.9877,0,7.79,0,14.34,0,34.06,0,37.56,35.74,2.89,3.44,7.15,7.71,21,12
n2_TrackF_r1_F88W_M255M_OFF_T_G17,2,0.8651,0.9168,0.9895,1,4.48,0,15.48,0,39.73,0,37.63,39.57,2.58,3.99,4.59,4.92,33,12
n2_TrackF_r1_F88W_M255M_OFF_T_G17,20,0.853,0.8856,0.9854,1,4.95,0,13.86,0,41.23,0,37.83,40.19,3.78,3.51,3.22,5.66,33,13
n2_TrackF_r1_F88W_M255M_OFF_T_G17,21,0.8522,0.8567,0.9836,0,5.86,0,15.18,0,38.21,0,36.46,37.38,3.24,5.14,4.34,5.28,29,11
n2_TrackF_r1_F88W_M255M_OFF_T_G17,22,0.8519,0.9071,0.9879,1,3.27,0,14.36,0,32.57,0,33.04,32.99,0.97,4.53,9.19,3.21,29,12
n2_TrackF_r1_F88W_M255M_OFF_T_G17,23,0.8517,0.8717,0.9852,1,4.41,0,14.14,0,40.03,0,37.99,39.5,3.0,3.31,3.01,3.06,38,12
n2_TrackF_r1_F88W_M255M_OFF_T_G17,24,0.8516,0.8995,0.988,0,6.74,0,16.12,0,40.89,0,38.61,41.25,2.0,4.87,6.49,6.36,31,12
n2_TrackF_r1_F88W_M255M_OFF_T_G17,25,0.8514,0.9296,0.9895,0,7.31,0,11.69,0,37.68,0,36.83,37.15,1.43,4.23,3.37,6.97,32,11
n2_TrackF_r1_F88W_M255M_OFF_T_G17,26,0.8512,0.8991,0.9871,0,5.95,0,14.25,0,39.61,0,37.94,38.94,1.85,4.74,5.44,4.5,37,12
n2_TrackF_r1_F88W_M255M_OFF_T_G17,27,0.8511,0.9085,0.987,0,7.04,0,13.13,0,36.27,0,35.82,36.04,0.64,3.22,4.41,7.42,30,11
n2_TrackF_r1_F88W_M255M_OFF_T_G17,28,0.8511,0.8775,0.985,0,6.18,0,15.68,0,43.1,0,40.88,42.54,1.91,4.83,5.5,7.59,25,13
n2_TrackF_r1_F88W_M255M_OFF_T_G17,29,0.851,0.8805,0.9893,0,5.53,0,13.64,0,38.14,0,36.76,37.51,1.86,4.22,3.78,6.23,27,10
n2_TrackF_r1_F88W_M255M_OFF_T_G17,3,0.8645,0.8992,0.986,1,2.92,0,13.49,0,39.9,0,37.1,38.83,2.91,4.67,3.28,4.29,32,11
n2_TrackF_r1_F88W_M255M_OFF_T_G17,30,0.8509,0.8613,0.9839,0,5.6,0,12.68,0,44.04,0,41.08,43.06,0.85,1.38,4.52,5.38,34,14
n2_TrackF_r1_F88W_M255M_OFF_T_G17,31,0.8507,0.899,0.9848,0,5.54,0,12.9,0,36.71,0,35.59,34.69,2.33,3.26,5.12,5.5,28,13
n2_TrackF_r1_F88W_M255M_OFF_T_G17,32,0.8501,0.8694,0.9858,0,5.91,0,14.4,0,41.09,0,38.8,40.44,2.3,4.41,3.82,5.95,29,10
n2_TrackF_r1_F88W_M255M_OFF_T_G17,33,0.8495,0.8872,0.9852,1,4.22,0,15.27,0,43.76,0,41.4,42.92,2.99,2.76,6.46,3.85,31,12
n2_TrackF_r1_F88W_M255M_OFF_T_G17,34,0.8475,0.8588,0.9837,1,4.75,0,18.32,0,44.39,0,41.6,43.99,1.28,2.62,5.91,6.24,29,13
n2_TrackF_r1_F88W_M255M_OFF_T_G17,35,0.846,0.8861,0.9861,0,8.59,0,17.4,0,37.7,0,37.06,37.33,1.49,3.6,6.41,7.14,23,9
n2_TrackF_r1_F88W_M255M_OFF_T_G17,36,0.8448,0.8712,0.9837,0,6.53,0,14.94,0,39.31,0,37.91,38.98,1.79,4.83,6.21,7.36,29,12
n2_TrackF_r1_F88W_M255M_OFF_T_G17,37,0.8448,0.8494,0.983,0,6.76,0,16.43,0,41.18,0,39.13,40.07,1.81,5.36,4.49,5.64,22,11
n2_TrackF_r1_F88W_M255M_OFF_T_G17,38,0.8443,0.9125,0.988,0,5.22,0,10.18,0,32.62,0,34.16,32.51,0.4,3.95,6.72,5.03,29,14
n2_TrackF_r1_F88W_M255M_OFF_T_G17,39,0.8428,0.8864,0.9869,0,7.49,0,14.82,0,37.49,0,36.64,37.32,2.2,5.08,4.51,8.38,28,12
n2_TrackF_r1_F88W_M255M_OFF_T_G17,4,0.8635,0.8905,0.9862,0,5.01,0,14.95,0,42.41,0,39.16,41.62,2.71,2.8,4.26,5.03,31,12
n2_TrackF_r1_F88W_M255M_OFF_T_G17,40,0.8423,0.8902,0.9844,0,6.08,0,13.41,0,38.29,0,36.97,37.54,1.69,4.35,1.57,5.99,32,13
n2_TrackF_r1_F88W_M255M_OFF_T_G17,41,0.8417,0.9162,0.9909,0,5.74,0,13.49,0,38.66,0,36.68,38.9,1.37,4.51,4.12,6.82,28,12
n2_TrackF_r1_F88W_M255M_OFF_T_G17,42,0.8417,0.8183,0.9831,1,4.81,0,14.97,0,43.36,0,40.5,41.9,2.58,3.33,4.13,5.01,33,14
n2_TrackF_r1_F88W_M255M_OFF_T_G17,43,0.8416,0.8355,0.9846,0,6.22,0,14.06,0,45.33,0,42.56,44.21,2.07,3.98,6.29,6.26,32,13
n2_TrackF_r1_F88W_M255M_OFF_T_G17,44,0.8413,0.8801,0.9873,1,2.67,0,15.7,0,41.28,0,39.59,40.62,1.42,4.19,5.58,3.74,29,11
n2_TrackF_r1_F88W_M255M_OFF_T_G17,45,0.8412,0.8303,0.9837,1,2.16,0,14.18,0,39.0,0,37.31,38.91,2.01,3.76,4.57,2.92,39,13
n2_TrackF_r1_F88W_M255M_OFF_T_G17,46,0.8411,0.8398,0.9848,0,5.82,0,15.91,0,40.42,0,37.98,40.17,2.8,4.48,4.35,6.62,28,11
n2_TrackF_r1_F88W_M255M_OFF_T_G17,47,0.8401,0.8234,0.9826,1,4.03,0,14.13,0,36.99,0,35.2,35.98,2.32,2.1,3.04,4.46,41,12
n2_TrackF_r1_F88W_M255M_OFF_T_G17,48,0.8398,0.9341,0.9914,1,2.17,0,13.67,0,36.37,0,34.45,37.0,2.39,3.99,5.35,4.08,39,14
n2_TrackF_r1_F88W_M255M_OFF_T_G17,49,0.8397,0.8504,0.9859,1,3.44,0,14.59,0,39.6,0,38.28,39.23,2.13,4.65,4.59,2.36,32,12
n2_TrackF_r1_F88W_M255M_OFF_T_G17,5,0.8628,0.893,0.9856,1,4.12,0,14.68,0,40.97,0,38.23,39.72,2.38,4.5,3.34,4.57,38,13
n2_TrackF_r1_F88W_M255M_OFF_T_G17,50,0.8386,0.8819,0.9855,0,7.79,0,16.3,0,35.55,0,33.94,35.2,2.36,1.84,3.37,5.92,30,13
n2_TrackF_r1_F88W_M255M_OFF_T_G17,51,0.8386,0.8678,0.9856,1,4.38,0,17.07,0,36.08,0,36.04,36.27,2.87,6.72,8.88,3.16,29,12
n2_TrackF_r1_F88W_M255M_OFF_T_G17,52,0.8377,0.8383,0.9838,1,4.88,0,14.74,0,41.39,0,39.49,40.46,3.61,4.07,5.58,4.01,27,11
n2_TrackF_r1_F88W_M255M_OFF_T_G17,53,0.8374,0.8817,0.9842,0,6.43,0,13.65,0,37.47,0,35.45,36.37,1.29,4.84,2.85,7.37,26,12
n2_TrackF_r1_F88W_M255M_OFF_T_G17,54,0.8372,0.8004,0.9839,1,4.13,0,20.46,0,48.04,0,45.14,50.52,2.01,5.31,11.33,3.29,28,10
n2_TrackF_r1_F88W_M255M_OFF_T_G17,55,0.8365,0.8491,0.9885,1,3.02,0,14.58,0,38.6,0,36.6,38.36,2.44,2.72,4.56,3.56,39,10
n2_TrackF_r1_F88W_M255M_OFF_T_G17,56,0.8358,0.8225,0.9847,0,5.45,0,15.82,0,42.4,0,40.35,41.72,2.31,3.84,6.74,5.56,34,13
n2_TrackF_r1_F88W_M255M_OFF_T_G17,57,0.8354,0.8022,0.9837,0,5.38,0,14.63,0,41.31,0,38.09,40.02,3.09,4.41,5.82,5.44,22,10
n2_TrackF_r1_F88W_M255M_OFF_T_G17,58,0.8352,0.8936,0.9869,0,6.13,0,18.4,0,49.25,0,45.85,48.32,2.05,3.69,6.5,5.57,31,14
n2_TrackF_r1_F88W_M255M_OFF_T_G17,59,0.8346,0.8704,0.9854,0,6.88,0,16.85,0,41.11,0,38.0,39.6,1.7,3.7,4.37,5.18,29,11
n2_TrackF_r1_F88W_M255M_OFF_T_G17,6,0.8622,0.9177,0.9881,0,7.04,0,15.69,0,43.41,0,40.59,42.47,2.37,1.74,5.46,5.89,29,12
n2_TrackF_r1_F88W_M255M_OFF_T_G17,60,0.8344,0.8728,0.9884,1,3.34,0,23.61,0,26.69,0,27.56,32.08,3.26,2.35,9.58,3.83,26,8
n2_TrackF_r1_F88W_M255M_OFF_T_G17,61,0.8335,0.8457,0.9862,0,5.65,0,14.92,0,38.5,0,36.95,37.9,2.3,4.01,4.96,4.94,34,12
n2_TrackF_r1_F88W_M255M_OFF_T_G17,62,0.8319,0.9064,0.9881,0,7.03,0,14.52,0,40.07,0,38.01,39.1,1.47,3.1,4.37,7.5,25,9
n2_TrackF_r1_F88W_M255M_OFF_T_G17,63,0.8301,0.8567,0.9878,0,5.75,0,23.39,0,31.41,0,31.01,35.04,0.74,2.78,6.72,6.51,17,7
n2_TrackF_r1_F88W_M255M_OFF_T_G17,64,0.8291,0.8499,0.9838,0,5.46,0,17.75,0,49.22,0,45.38,47.78,2.39,3.1,6.58,5.29,25,12
n2_TrackF_r1_F88W_M255M_OFF_T_G17,65,0.8282,0.8835,0.9848,0,5.13,0,15.83,0,35.41,0,33.63,34.74,2.83,5.59,4.13,6.91,26,13
n2_TrackF_r1_F88W_M255M_OFF_T_G17,66,0.8276,0.8589,0.988,0,5.76,0,22.45,0,22.3,0,19.86,23.32,2.85,3.42,6.6,5.15,28,12
n2_TrackF_r1_F88W_M255M_OFF_T_G17,67,0.8274,0.8762,0.9873,1,4.75,0,24.1,0,24.84,0,26.38,30.88,2.37,2.2,2.31,4.98,32,8
n2_TrackF_r1_F88W_M255M_OFF_T_G17,68,0.8269,0.7586,0.9795,0,6.15,0,14.65,0,41.75,0,38.85,41.95,1.34,4.22,5.11,5.87,23,12
n2_TrackF_r1_F88W_M255M_OFF_T_G17,69,0.8266,0.9002,0.9899,1,1.3,0,13.32,0,30.56,0,28.59,31.14,3.73,4.78,6.56,3.52,37,9
n2_TrackF_r1_F88W_M255M_OFF_T_G17,7,0.8614,0.9024,0.9869,1,3.44,0,15.67,0,39.37,0,37.76,39.01,1.69,3.54,5.35,2.83,27,13
n2_TrackF_r1_F88W_M255M_OFF_T_G17,70,0.8265,0.809,0.9811,0,6.9,0,15.85,0,38.45,0,37.35,38.22,1.56,5.29,3.95,7.42,19,11
n2_TrackF_r1_F88W_M255M_OFF_T_G17,71,0.8255,0.8427,0.9858,1,4.58,0,23.39,0,22.42,0,20.89,25.68,3.03,3.93,9.46,3.61,27,9
n2_TrackF_r1_F88W_M255M_OFF_T_G17,72,0.8247,0.8992,0.9834,0,5.64,0,15.21,0,39.68,0,38.38,39.24,1.34,5.9,5.13,6.0,25,10
n2_TrackF_r1_F88W_M255M_OFF_T_G17,73,0.8237,0.8068,0.9803,0,5.89,0,15.14,0,39.13,0,37.01,38.59,1.17,5.2,2.97,6.81,28,11
n2_TrackF_r1_F88W_M255M_OFF_T_G17,74,0.8236,0.8415,0.9875,0,6.37,0,22.96,0,25.56,0,23.47,27.16,2.53,4.03,9.09,5.39,19,7
n2_TrackF_r1_F88W_M255M_OFF_T_G17,75,0.8235,0.782,0.9793,0,5.5,0,16.17,0,37.12,0,35.68,36.65,1.91,5.21,3.02,5.75,28,10
n2_TrackF_r1_F88W_M255M_OFF_T_G17,76,0.8218,0.8052,0.9836,0,7.32,0,14.85,0,37.26,0,35.62,36.41,1.28,4.8,2.78,7.74,22,9
n2_TrackF_r1_F88W_M255M_OFF_T_G17,77,0.8218,0.8049,0.9828,1,4.88,0,13.86,0,40.78,0,39.53,40.74,2.33,3.53,6.27,5.14,31,11
n2_TrackF_r1_F88W_M255M_OFF_T_G17,78,0.8203,0.8736,0.9881,1,4.44,0,23.41,0,24.35,0,23.75,27.99,0.47,3.85,8.48,3.6,24,9
n2_TrackF_r1_F88W_M255M_OFF_T_G17,79,0.8195,0.7564,0.9825,1,4.95,0,18.23,0,45.84,0,42.31,44.7,1.43,3.8,4.82,5.9,30,13
n2_TrackF_r1_F88W_M255M_OFF_T_G17,8,0.8602,0.9025,0.9899,1,3.4,0,14.21,0,38.2,0,37.48,37.81,2.41,3.36,5.47,2.07,32,11
n2_TrackF_r1_F88W_M255M_OFF_T_G17,80,0.816,0.8591,0.9875,0,6.11,0,14.64,0,42.09,0,40.15,41.37,2.27,5.46,6.14,6.35,18,11
n2_TrackF_r1_F88W_M255M_OFF_T_G17,81,0.8148,0.8098,0.9819,1,2.67,0,14.1,0,38.71,0,37.62,38.53,0.33,4.72,4.45,4.28,38,10
n2_TrackF_r1_F88W_M255M_OFF_T_G17,82,0.8131,0.8328,0.9855,0,6.36,0,16.68,0,43.17,0,40.95,43.01,1.76,2.65,5.93,4.24,27,10
n2_TrackF_r1_F88W_M255M_OFF_T_G17,83,0.8128,0.7388,0.9825,0,7.4,0,16.39,0,38.36,0,37.33,37.59,2.09,5.3,4.11,7.51,25,9
n2_TrackF_r1_F88W_M255M_OFF_T_G17,84,0.8127,0.7227,0.9834,0,7.46,0,16.15,0,43.01,0,39.28,42.28,1.95,1.4,5.6,6.95,25,12
n2_TrackF_r1_F88W_M255M_OFF_T_G17,85,0.8115,0.7577,0.9824,1,3.64,0,14.3,0,41.75,0,38.57,40.49,4.59,4.55,5.08,3.62,28,12
n2_TrackF_r1_F88W_M255M_OFF_T_G17,86,0.8105,0.8896,0.9888,0,6.34,0,25.1,0,37.55,0,40.98,40.4,2.75,3.76,5.31,4.55,21,11
n2_TrackF_r1_F88W_M255M_OFF_T_G17,87,0.8051,0.8016,0.9825,0,9.89,0,17.89,0,32.43,0,32.43,36.07,4.45,3.82,5.84,11.06,17,11
n2_TrackF_r1_F88W_M255M_OFF_T_G17,88,0.8037,0.8301,0.9844,0,6.52,0,25.1,0,34.54,0,38.77,39.94,3.52,4.9,6.35,6.17,24,9
n2_TrackF_r1_F88W_M255M_OFF_T_G17,89,0.802,0.8149,0.9793,0,7.06,0,15.78,0,34.78,0,34.22,35.03,1.85,3.26,5.47,5.64,28,12
n2_TrackF_r1_F88W_M255M_OFF_T_G17,9,0.8593,0.9158,0.9901,0,5.7,0,15.61,0,43.44,0,41.71,42.73,2.47,3.06,3.7,5.68,33,13
n2_TrackF_r1_F88W_M255M_OFF_T_G17,90,0.8018,0.8237,0.9824,0,6.38,0,17.88,0,49.66,0,45.26,47.88,0.88,3.07,5.36,7.03,31,13
n2_TrackF_r1_F88W_M255M_OFF_T_G17,91,0.7967,0.7666,0.9809,1,4.51,0,24.54,0,24.96,0,29.58,32.51,1.14,4.3,7.2,4.96,23,8
n2_TrackF_r1_F88W_M255M_OFF_T_G17,92,0.7855,0.6088,0.9751,1,4.24,0,14.35,0,39.24,0,38.24,38.64,2.97,3.97,5.34,5.41,36,12
n2_TrackF_r1_F88W_M255M_OFF_T_G17,93,0.7841,0.6983,0.9804,0,6.16,0,15.3,0,40.97,0,39.17,40.37,2.93,2.19,5.75,5.15,30,15
n2_TrackF_r1_F88W_M255M_OFF_T_G17,94,0.784,0.6349,0.9768,0,6.37,0,16.23,0,41.59,0,38.49,40.17,1.47,3.86,5.58,5.47,32,14
n2_TrackF_r1_F88W_M255M_OFF_T_G17,95,0.7818,0.7054,0.9773,0,5.66,0,13.25,0,38.88,0,37.87,38.29,2.07,4.91,4.67,6.26,23,12
n2_TrackF_r1_F88W_M255M_OFF_T_G17,96,0.7733,0.6712,0.9804,1,3.77,0,13.85,0,40.46,0,37.83,40.15,1.52,5.36,3.88,2.84,29,10
n2_TrackF_r1_F88W_M255M_OFF_T_G17,97,0.7659,0.638,0.9806,0,6.94,0,15.23,0,43.41,0,40.74,42.36,2.3,2.88,3.83,7.08,28,12
n2_TrackF_r1_F88W_M255M_OFF_T_G17,98,0.7647,0.6921,0.9803,0,5.66,0,15.2,0,37.47,0,35.39,37.02,2.3,4.26,4.46,6.61,22,12
n2_TrackF_r1_F88W_M255M_OFF_T_G17,99,0.7379,0.5222,0.982,0,17.4,0,33.72,0,27.68,0,26.98,29.18,7.45,5.72,7.13,20.01,1,2
n2_TrackF_r1_F88W_M255M_S1_G17,0,0.8529,0.9269,0.9895,0,6.54,0,6.8,0,39.11,0,38.44,39.19,2.58,5.56,5.72,7.6,30,14
n2_TrackF_r1_F88W_M255M_S1_G17,1,0.8397,0.8116,0.9891,0,6.0,0,13.01,0,23.2,0,12.6,19.81,3.57,2.71,3.85,6.15,38,11
n2_TrackF_r1_F88W_M255M_S1_G17,10,0.8297,0.9211,0.9901,0,5.51,0,5.58,0,34.13,0,34.76,35.6,1.14,4.61,4.22,6.25,34,16
n2_TrackF_r1_F88W_M255M_S1_G17,11,0.8292,0.8925,0.9877,0,6.93,0,8.82,0,31.26,0,30.87,32.24,3.52,4.21,4.38,7.32,25,11
n2_TrackF_r1_F88W_M255M_S1_G17,12,0.8289,0.91,0.9908,1,4.78,0,6.95,0,30.47,0,33.72,32.49,2.31,3.08,6.4,4.92,33,11
n2_TrackF_r1_F88W_M255M_S1_G17,13,0.8273,0.9148,0.9883,1,1.57,0,14.9,0,29.02,0,20.86,26.91,0.58,3.21,4.3,2.55,39,15
n2_TrackF_r1_F88W_M255M_S1_G17,14,0.8253,0.7948,0.988,1,3.6,0,13.26,0,13.13,0,6.85,12.84,3.19,3.57,5.19,3.29,30,8
n2_TrackF_r1_F88W_M255M_S1_G17,15,0.8246,0.8954,0.9909,0,5.86,0,16.07,0,17.66,0,7.92,14.55,1.89,4.0,5.44,6.72,35,15
n2_TrackF_r1_F88W_M255M_S1_G17,16,0.8243,0.8203,0.9904,1,3.1,0,12.13,0,22.16,0,10.71,18.04,3.16,3.54,2.52,3.95,31,9
n2_TrackF_r1_F88W_M255M_S1_G17,17,0.822,0.8639,0.9859,0,6.26,0,6.51,0,31.79,0,32.39,34.09,2.13,5.49,5.94,6.24,25,12
n2_TrackF_r1_F88W_M255M_S1_G17,18,0.8216,0.8904,0.9867,0,5.62,0,5.88,0,44.38,0,38.3,43.14,2.3,5.2,3.46,5.65,45,15
n2_TrackF_r1_F88W_M255M_S1_G17,19,0.8208,0.7678,0.9858,1,3.92,0,14.7,0,18.16,0,7.14,13.89,1.78,3.74,7.2,4.6,29,7
n2_TrackF_r1_F88W_M255M_S1_G17,2,0.8389,0.9527,0.9927,1,3.99,0,15.55,0,25.69,0,17.49,23.96,0.8,1.42,3.74,2.2,38,17
n2_TrackF_r1_F88W_M255M_S1_G17,20,0.8205,0.8654,0.9895,1,3.48,0,21.77,0,14.99,0,7.71,13.8,2.87,2.93,6.57,3.87,39,11
n2_TrackF_r1_F88W_M255M_S1_G17,21,0.8202,0.822,0.9865,0,5.28,0,17.42,0,16.47,0,7.63,14.01,0.64,4.31,5.49,5.33,25,12
n2_TrackF_r1_F88W_M255M_S1_G17,22,0.8188,0.7878,0.9853,1,3.2,0,8.76,0,17.95,0,8.95,15.36,3.45,2.87,5.3,3.73,34,11
n2_TrackF_r1_F88W_M255M_S1_G17,23,0.8185,0.8997,0.9898,1,2.82,0,19.6,0,17.3,0,9.37,16.52,3.12,3.05,2.13,4.36,34,8
n2_TrackF_r1_F88W_M255M_S1_G17,24,0.8174,0.7945,0.9848,1,3.2,0,18.53,0,26.55,0,22.27,29.14,1.8,5.11,6.36,2.95,34,14
n2_TrackF_r1_F88W_M255M_S1_G17,25,0.817,0.9032,0.9892,1,2.03,0,17.13,0,33.5,0,28.95,35.33,2.36,5.14,5.61,1.8,39,13
n2_TrackF_r1_F88W_M255M_S1_G17,26,0.8165,0.8648,0.9862,1,3.74,0,15.22,0,15.57,0,9.02,14.58,2.01,4.09,4.55,4.76,44,17
n2_TrackF_r1_F88W_M255M_S1_G17,27,0.8161,0.7269,0.9851,1,3.57,0,19.73,0,20.57,0,10.04,16.94,2.36,5.4,5.78,3.04,37,14
n2_TrackF_r1_F88W_M255M_S1_G17,28,0.8153,0.8248,0.99,0,6.03,1,3.86,1,2.1,1,3.3,2.64,3.1,2.11,2.9,6.82,43,13
n2_TrackF_r1_F88W_M255M_S1_G17,29,0.8139,0.7858,0.9868,1,2.06,1,3.87,1,1.92,1,3.31,3.48,1.57,4.0,4.37,3.87,52,15
n2_TrackF_r1_F88W_M255M_S1_G17,3,0.8371,0.9157,0.9894,1,4.87,0,16.12,0,21.04,0,13.87,18.9,2.42,4.4,5.84,3.88,31,13
n2_TrackF_r1_F88W_M255M_S1_G17,30,0.8134,0.7632,0.9841,1,4.25,0,14.56,0,15.84,0,7.98,14.77,2.57,3.97,4.96,4.23,26,11
n2_TrackF_r1_F88W_M255M_S1_G17,31,0.8133,0.8184,0.9875,1,3.85,0,17.36,0,19.06,0,9.5,14.61,3.23,3.48,5.17,3.55,23,10
n2_TrackF_r1_F88W_M255M_S1_G17,32,0.8131,0.7735,0.988,0,5.23,1,3.95,0,29.41,0,23.48,29.63,0.68,1.1,4.36,5.63,43,12
n2_TrackF_r1_F88W_M255M_S1_G17,33,0.8121,0.8244,0.986,1,1.26,0,18.98,0,33.06,0,26.91,33.07,1.62,2.62,6.15,2.81,37,15
n2_TrackF_r1_F88W_M255M_S1_G17,34,0.8116,0.7995,0.9881,1,1.71,1,3.51,0,29.46,0,20.41,27.29,1.28,3.01,1.74,3.17,45,14
n2_TrackF_r1_F88W_M255M_S1_G17,35,0.8111,0.8148,0.989,1,3.48,1,3.22,1,2.29,1,2.79,6.34,1.29,3.46,3.35,4.19,34,11
n2_TrackF_r1_F88W_M255M_S1_G17,36,0.8107,0.7943,0.9856,1,2.43,1,1.92,1,2.56,1,2.48,3.2,1.75,3.47,3.1,4.4,47,14
n2_TrackF_r1_F88W_M255M_S1_G17,37,0.8106,0.8006,0.9884,1,2.82,0,12.71,0,16.34,0,8.59,15.28,2.76,2.99,4.6,3.45,37,10
n2_TrackF_r1_F88W_M255M_S1_G17,38,0.8102,0.7631,0.9859,0,7.6,1,4.12,1,3.82,1,3.03,1.84,2.69,2.6,4.25,7.02,42,12
n2_TrackF_r1_F88W_M255M_S1_G17,39,0.8097,0.7452,0.986,1,4.32,0,13.78,0,17.44,0,8.75,14.62,2.59,3.48,2.56,3.3,34,9
n2_TrackF_r1_F88W_M255M_S1_G17,4,0.8362,0.8953,0.9915,1,3.62,0,18.19,0,15.31,0,9.38,16.2,3.02,3.84,6.62,5.08,34,13
n2_TrackF_r1_F88W_M255M_S1_G17,40,0.8091,0.8337,0.9871,1,4.46,0,19.25,0,16.65,0,10.03,16.42,3.25,3.72,8.68,4.06,37,14
n2_TrackF_r1_F88W_M255M_S1_G17,41,0.8088,0.9236,0.9892,0,6.07,0,5.72,0,41.29,0,37.01,40.02,1.25,3.21,3.3,5.84,39,14
n2_TrackF_r1_F88W_M255M_S1_G17,42,0.8087,0.9114,0.9904,1,2.83,0,16.19,0,29.95,0,23.11,27.96,0.61,4.18,3.33,1.8,38,15
n2_TrackF_r1_F88W_M255M_S1_G17,43,0.8086,0.8524,0.9883,1,4.81,0,16.12,0,14.6,0,7.89,14.22,2.0,4.75,5.74,5.41,42,17
n2_TrackF_r1_F88W_M255M_S1_G17,44,0.8084,0.7487,0.9842,1,4.37,0,13.81,0,17.46,0,9.03,15.98,2.13,3.36,3.67,3.63,29,10
n2_TrackF_r1_F88W_M255M_S1_G17,45,0.808,0.7668,0.9853,1,4.81,1,3.13,1,2.66,1,1.37,3.96,0.53,2.19,5.77,5.07,46,14
n2_TrackF_r1_F88W_M255M_S1_G17,46,0.8079,0.8725,0.986,1,1.77,0,15.78,0,33.67,0,25.58,30.48,1.12,5.33,4.13,1.3,37,15
n2_TrackF_r1_F88W_M255M_S1_G17,47,0.8074,0.8576,0.9855,0,5.83,0,17.84,0,16.36,0,7.57,12.86,0.94,3.66,3.99,5.74,36,12
n2_TrackF_r1_F88W_M255M_S1_G17,48,0.8073,0.8012,0.9847,1,2.2,0,15.06,0,31.8,0,26.02,30.15,1.04,4.7,8.47,2.55,42,14
n2_TrackF_r1_F88W_M255M_S1_G17,49,0.8059,0.779,0.987,1,3.24,1,3.12,1,1.31,1,2.55,3.24,2.68,3.56,3.85,4.29,42,12
n2_TrackF_r1_F88W_M255M_S1_G17,5,0.8339,0.9102,0.9896,0,5.8,0,5.9,0,36.74,0,37.18,37.27,1.85,5.38,5.31,6.93,32,15
n2_TrackF_r1_F88W_M255M_S1_G17,50,0.8057,0.7367,0.9837,1,1.18,0,25.12,0,27.16,0,20.26,25.93,1.01,7.44,11.41,2.71,34,10
n2_TrackF_r1_F88W_M255M_S1_G17,51,0.8056,0.8872,0.9909,1,1.96,0,19.89,0,21.65,0,11.98,19.01,2.79,3.71,3.85,1.41,40,14
n2_TrackF_r1_F88W_M255M_S1_G17,52,0.8052,0.8559,0.9858,1,4.96,0,14.02,0,15.22,0,6.36,12.69,1.6,3.12,2.44,4.35,42,16
n2_TrackF_r1_F88W_M255M_S1_G17,53,0.8048,0.769,0.9873,1,3.51,1,3.64,1,3.83,1,2.74,4.31,2.15,4.27,2.92,5.16,43,12
n2_TrackF_r1_F88W_M255M_S1_G17,54,0.8045,0.8357,0.9854,0,6.91,0,5.77,0,31.17,0,33.85,32.56,1.65,4.93,5.51,7.32,27,12
n2_TrackF_r1_F88W_M255M_S1_G17,55,0.8041,0.8713,0.9858,0,5.73,0,14.58,0,11.3,0,6.62,12.7,1.56,4.71,6.25,5.99,31,16
n2_TrackF_r1_F88W_M255M_S1_G17,56,0.804,0.8487,0.9841,0,7.44,0,7.56,0,32.41,0,34.72,33.55,3.02,4.76,4.64,6.98,30,10
n2_TrackF_r1_F88W_M255M_S1_G17,57,0.8034,0.7988,0.9876,1,4.01,1,2.17,1,2.2,1,3.99,2.95,2.98,4.84,4.3,5.76,45,15
n2_TrackF_r1_F88W_M255M_S1_G17,58,0.8021,0.773,0.9859,1,2.96,1,3.64,1,3.1,1,2.0,2.76,2.73,3.54,4.14,5.19,50,12
n2_TrackF_r1_F88W_M255M_S1_G17,59,0.8016,0.667,0.9811,1,3.98,0,12.33,0,25.43,0,15.4,21.97,3.25,6.06,6.83,3.97,34,10
n2_TrackF_r1_F88W_M255M_S1_G17,6,0.8318,0.9264,0.9908,0,5.39,0,6.55,0,31.99,0,33.2,33.35,2.12,4.28,6.51,5.1,26,10
n2_TrackF_r1_F88W_M255M_S1_G17,60,0.8015,0.8542,0.9867,0,5.94,0,6.23,0,32.29,0,34.02,33.64,2.12,3.77,5.34,5.07,27,10
n2_TrackF_r1_F88W_M255M_S1_G17,61,0.8003,0.8956,0.99,0,6.63,0,6.36,0,27.04,0,30.11,28.89,2.41,2.95,2.85,5.05,29,11
n2_TrackF_r1_F88W_M255M_S1_G17,62,0.8,0.8793,0.9868,0,5.95,1,4.64,0,29.13,0,31.45,30.49,1.02,5.21,5.27,6.82,30,17
n2_TrackF_r1_F88W_M255M_S1_G17,63,0.7989,0.8778,0.9892,0,5.5,0,15.45,0,22.11,0,16.05,23.45,1.06,4.89,5.5,3.48,27,13
n2_TrackF_r1_F88W_M255M_S1_G17,64,0.7976,0.7874,0.9825,1,3.65,0,13.93,0,19.14,0,12.28,17.51,2.2,2.85,3.53,3.92,27,9
n2_TrackF_r1_F88W_M255M_S1_G17,65,0.7969,0.8827,0.9859,1,3.86,0,15.4,0,22.2,0,12.83,19.56,1.57,3.59,3.29,3.85,42,17
n2_TrackF_r1_F88W_M255M_S1_G17,66,0.7967,0.7509,0.9846,0,5.12,1,3.3,1,3.44,1,4.14,1.74,1.86,4.28,3.68,5.82,38,12
n2_TrackF_r1_F88W_M255M_S1_G17,67,0.7962,0.8536,0.9861,1,3.78,0,21.04,0,21.05,0,13.37,19.68,2.36,2.77,6.64,4.4,25,11
n2_TrackF_r1_F88W_M255M_S1_G17,68,0.7951,0.7095,0.984,1,4.27,1,3.73,1,3.45,1,3.48,2.44,1.95,4.62,4.54,5.69,42,12
n2_TrackF_r1_F88W_M255M_S1_G17,69,0.7932,0.7995,0.9867,0,5.43,0,17.31,0,22.38,0,13.26,19.37,2.96,4.65,6.57,5.08,36,12
n2_TrackF_r1_F88W_M255M_S1_G17,7,0.8312,0.9017,0.9891,0,5.31,0,5.82,0,37.33,0,36.04,38.51,1.56,5.31,5.04,6.28,33,15
n2_TrackF_r1_F88W_M255M_S1_G17,70,0.7929,0.8034,0.9839,1,2.07,0,15.9,0,38.61,0,30.24,37.99,2.71,6.1,7.56,1.57,46,14
n2_TrackF_r1_F88W_M255M_S1_G17,71,0.7925,0.7462,0.9853,1,2.05,1,3.28,1,2.1,1,2.26,2.42,2.67,3.89,4.55,3.76,47,14
n2_TrackF_r1_F88W_M255M_S1_G17,72,0.7922,0.8789,0.9876,0,6.13,0,14.98,0,23.28,0,18.2,24.47,2.56,4.51,4.13,5.33,33,13
n2_TrackF_r1_F88W_M255M_S1_G17,73,0.7921,0.8443,0.9853,1,3.04,0,15.08,0,23.94,0,14.37,22.05,1.27,5.03,7.81,3.76,41,13
n2_TrackF_r1_F88W_M255M_S1_G17,74,0.7914,0.8516,0.9874,1,1.27,0,15.99,0,39.03,0,31.39,38.39,1.8,2.88,7.66,1.39,59,17
n2_TrackF_r1_F88W_M255M_S1_G17,75,0.7902,0.8543,0.984,0,6.09,0,12.97,0,15.22,0,14.79,18.93,2.27,2.47,5.02,5.87,35,12
n2_TrackF_r1_F88W_M255M_S1_G17,76,0.7887,0.7183,0.9834,0,6.39,1,3.34,1,2.44,1,2.66,3.18,1.29,1.77,3.76,5.57,46,14
n2_TrackF_r1_F88W_M255M_S1_G17,77,0.7884,0.7515,0.9855,1,3.11,1,4.03,1,2.9,1,3.85,5.32,1.69,3.46,3.25,3.62,47,12
n2_TrackF_r1_F88W_M255M_S1_G17,78,0.7877,0.7839,0.9834,1,2.88,0,14.17,0,16.31,0,8.57,15.43,2.62,2.82,5.07,4.14,36,13
n2_TrackF_r1_F88W_M255M_S1_G17,79,0.7872,0.7771,0.9848,1,4.24,0,13.45,0,13.48,0,7.61,14.06,2.8,2.92,4.33,5.58,44,16
n2_TrackF_r1_F88W_M255M_S1_G17,8,0.8308,0.8766,0.9853,1,1.94,0,15.79,0,27.84,0,23.41,27.94,1.65,4.51,4.89,2.02,35,13
n2_TrackF_r1_F88W_M255M_S1_G17,80,0.7868,0.7943,0.9798,1,1.56,0,11.09,0,33.72,0,24.72,31.83,1.44,3.37,3.72,1.74,45,16
n2_TrackF_r1_F88W_M255M_S1_G17,81,0.7848,0.6823,0.9823,1,3.4,1,4.0,1,2.11,1,2.15,3.34,1.29,2.38,4.21,4.95,43,13
n2_TrackF_r1_F88W_M255M_S1_G17,82,0.7844,0.6724,0.9822,1,3.67,1,3.6,1,3.09,1,2.25,2.96,0.62,1.98,3.87,4.57,40,13
n2_TrackF_r1_F88W_M255M_S1_G17,83,0.7826,0.659,0.9796,0,5.76,0,12.73,0,19.46,0,9.62,15.53,2.0,2.51,6.88,5.09,22,12
n2_TrackF_r1_F88W_M255M_S1_G17,84,0.7824,0.8182,0.9822,0,6.83,0,17.64,0,13.45,0,8.5,14.78,1.3,3.13,1.85,7.0,41,14
n2_TrackF_r1_F88W_M255M_S1_G17,85,0.7811,0.7537,0.9826,0,6.51,0,19.52,0,15.37,0,6.66,12.22,2.32,3.52,5.75,6.02,35,12
n2_TrackF_r1_F88W_M255M_S1_G17,86,0.779,0.7306,0.9843,1,3.73,1,2.59,1,1.52,1,2.35,1.59,0.47,3.45,3.11,3.92,47,14
n2_TrackF_r1_F88W_M255M_S1_G17,87,0.7774,0.718,0.9854,1,3.26,1,4.16,0,5.27,0,3.23,3.61,1.38,2.62,4.36,4.36,41,13
n2_TrackF_r1_F88W_M255M_S1_G17,88,0.7766,0.7357,0.9856,1,4.19,1,2.2,0,24.21,0,19.92,25.68,1.28,3.4,4.06,3.71,44,14
n2_TrackF_r1_F88W_M255M_S1_G17,89,0.7746,0.6606,0.9808,0,5.12,0,16.89,0,20.16,0,10.22,17.53,2.55,3.85,6.73,5.74,27,10
n2_TrackF_r1_F88W_M255M_S1_G17,9,0.8305,0.9084,0.9899,1,1.76,0,15.32,0,30.52,0,22.0,29.11,1.47,2.96,3.98,3.24,34,13
n2_TrackF_r1_F88W_M255M_S1_G17,90,0.7707,0.6366,0.9801,1,3.25,0,16.42,0,20.98,0,10.87,17.77,2.85,3.03,5.08,4.31,26,10
n2_TrackF_r1_F88W_M255M_S1_G17,91,0.7677,0.6663,0.9835,0,7.04,1,2.85,0,6.73,0,3.07,2.65,3.49,2.4,4.4,7.15,33,13
n2_TrackF_r1_F88W_M255M_S1_G17,92,0.7659,0.6892,0.9792,1,1.67,0,18.03,0,21.98,0,12.94,18.33,1.99,4.48,6.41,3.24,36,13
n2_TrackF_r1_F88W_M255M_S1_G17,93,0.7643,0.5962,0.9824,1,2.23,0,11.96,0,22.21,0,12.82,18.75,3.01,4.19,4.92,3.75,21,10
n2_TrackF_r1_F88W_M255M_S1_G17,94,0.7572,0.6046,0.9818,0,5.05,1,3.0,1,3.18,1,1.11,2.46,1.43,2.89,5.26,5.69,37,11
n2_TrackF_r1_F88W_M255M_S1_G17,95,0.7529,0.605,0.9867,0,7.16,0,9.21,0,10.43,0,2.98,10.7,1.27,1.41,4.82,5.78,33,12
n2_TrackF_r1_F88W_M255M_S1_G17,96,0.749,0.655,0.9853,1,2.14,0,18.02,0,24.58,0,13.6,22.31,2.97,3.14,6.37,3.1,41,17
n2_TrackF_r1_F88W_M255M_S1_G17,97,0.7482,0.6998,0.9809,0,5.14,0,13.69,0,20.57,0,11.46,18.59,1.55,4.12,3.62,4.39,35,13
n2_TrackF_r1_F88W_M255M_S1_G17,98,0.7415,0.4906,0.9752,1,4.45,0,13.83,0,20.51,0,12.88,18.51,2.64,4.56,4.96,3.81,23,9
n2_TrackF_r1_F88W_M255M_S1_G17,99,0.7364,0.4881,0.9755,1,3.12,0,11.54,0,14.3,0,3.28,9.6,3.39,4.34,12.98,1.93,47,13
n2_TrackF_r1_F88Y_M255A_OFF_T_G17,0,0.862,0.9256,0.9893,1,3.58,0,13.77,0,37.09,0,35.74,36.7,2.29,2.42,4.68,2.03,34,11
n2_TrackF_r1_F88Y_M255A_OFF_T_G17,1,0.851,0.8937,0.9886,0,5.3,0,14.97,0,40.72,0,38.64,39.91,2.16,4.74,5.44,5.61,32,10
n2_TrackF_r1_F88Y_M255A_OFF_T_G17,10,0.8444,0.8895,0.9878,1,2.16,0,13.87,0,35.51,0,34.37,35.5,1.98,4.15,5.13,1.95,32,12
n2_TrackF_r1_F88Y_M255A_OFF_T_G17,11,0.8435,0.8557,0.9821,0,6.59,0,14.91,0,41.37,0,38.55,39.94,2.87,3.68,4.59,4.93,32,14
n2_TrackF_r1_F88Y_M255A_OFF_T_G17,12,0.8431,0.8733,0.9895,1,2.84,0,10.95,0,10.29,0,16.62,20.01,1.09,5.12,3.83,4.01,24,9
n2_TrackF_r1_F88Y_M255A_OFF_T_G17,13,0.8414,0.8807,0.9841,0,5.67,0,16.13,0,37.76,0,35.69,36.8,2.31,4.41,3.81,6.81,26,12
n2_TrackF_r1_F88Y_M255A_OFF_T_G17,14,0.8409,0.8713,0.9874,1,2.07,0,13.84,0,37.87,0,36.29,37.59,2.13,4.23,4.86,2.65,33,12
n2_TrackF_r1_F88Y_M255A_OFF_T_G17,15,0.8402,0.8716,0.9826,0,5.29,0,15.55,0,42.0,0,39.39,41.22,1.69,3.33,4.09,5.18,35,14
n2_TrackF_r1_F88Y_M255A_OFF_T_G17,16,0.8397,0.923,0.9889,0,6.94,0,13.0,0,36.33,0,35.21,36.03,0.94,3.48,4.64,7.17,25,12
n2_TrackF_r1_F88Y_M255A_OFF_T_G17,17,0.8376,0.8841,0.983,0,5.08,0,14.54,0,37.17,0,34.87,36.22,1.36,3.82,3.47,5.67,30,12
n2_TrackF_r1_F88Y_M255A_OFF_T_G17,18,0.8372,0.8524,0.9826,0,6.37,0,16.75,0,41.36,0,39.74,41.73,0.95,3.46,5.7,5.75,25,12
n2_TrackF_r1_F88Y_M255A_OFF_T_G17,19,0.8361,0.8692,0.9876,0,9.78,0,22.31,0,44.09,0,45.03,51.65,2.82,6.5,4.23,10.36,15,10
n2_TrackF_r1_F88Y_M255A_OFF_T_G17,2,0.8496,0.9058,0.9874,1,3.99,0,13.82,0,36.47,0,35.14,36.01,3.04,5.12,3.36,4.48,34,12
n2_TrackF_r1_F88Y_M255A_OFF_T_G17,20,0.836,0.8803,0.9842,0,7.38,0,16.09,0,39.12,0,37.12,38.42,2.73,5.04,4.59,6.87,30,10
n2_TrackF_r1_F88Y_M255A_OFF_T_G17,21,0.835,0.8947,0.9888,0,5.65,0,23.69,0,32.44,0,35.96,40.51,2.06,3.0,2.85,6.74,26,10
n2_TrackF_r1_F88Y_M255A_OFF_T_G17,22,0.8334,0.8219,0.9812,0,5.03,0,17.38,0,42.01,0,39.43,41.02,0.83,4.01,5.09,4.86,31,14
n2_TrackF_r1_F88Y_M255A_OFF_T_G17,23,0.8333,0.931,0.9875,1,4.97,0,9.87,0,28.54,0,28.09,32.36,3.66,3.38,3.67,5.79,50,18
n2_TrackF_r1_F88Y_M255A_OFF_T_G17,24,0.8322,0.8273,0.9819,0,5.14,0,15.75,0,40.55,0,37.68,39.82,1.93,4.96,4.68,5.0,25,10
n2_TrackF_r1_F88Y_M255A_OFF_T_G17,25,0.8313,0.8617,0.9806,0,7.02,0,14.38,0,36.45,0,36.54,35.5,2.58,4.71,4.97,5.72,29,14
n2_TrackF_r1_F88Y_M255A_OFF_T_G17,26,0.8312,0.8982,0.9896,1,4.48,0,8.9,0,23.53,0,25.87,29.28,2.81,4.87,4.19,5.25,26,10
n2_TrackF_r1_F88Y_M255A_OFF_T_G17,27,0.83,0.8663,0.9833,0,6.64,0,14.83,0,40.59,0,39.63,40.88,0.61,3.33,6.22,7.21,27,13
n2_TrackF_r1_F88Y_M255A_OFF_T_G17,28,0.83,0.8345,0.983,1,2.31,0,14.89,0,37.85,0,36.08,36.96,1.81,3.7,2.52,4.47,32,13
n2_TrackF_r1_F88Y_M255A_OFF_T_G17,29,0.8299,0.842,0.988,0,6.78,0,21.17,0,51.85,0,48.75,52.11,1.32,3.03,5.62,6.63,28,10
n2_TrackF_r1_F88Y_M255A_OFF_T_G17,3,0.8492,0.9081,0.9876,1,3.62,0,11.03,0,20.82,0,24.22,29.7,1.59,2.84,4.19,4.32,34,13
n2_TrackF_r1_F88Y_M255A_OFF_T_G17,30,0.8295,0.8634,0.9866,0,5.62,0,23.93,0,30.81,0,33.85,39.55,0.7,3.64,6.71,6.76,22,9
n2_TrackF_r1_F88Y_M255A_OFF_T_G17,31,0.8291,0.8221,0.9868,0,7.73,0,29.24,0,31.27,0,33.54,35.09,2.7,3.69,3.81,5.67,34,12
n2_TrackF_r1_F88Y_M255A_OFF_T_G17,32,0.8282,0.906,0.9887,0,6.28,0,21.69,0,22.15,0,23.98,29.25,1.57,3.63,2.52,6.8,32,10
n2_TrackF_r1_F88Y_M255A_OFF_T_G17,33,0.8282,0.8484,0.982,0,7.3,0,15.45,0,44.86,0,41.3,43.77,2.28,3.04,6.15,5.05,26,14
n2_TrackF_r1_F88Y_M255A_OFF_T_G17,34,0.8273,0.8458,0.9783,1,4.37,0,14.57,0,36.37,0,34.07,35.15,1.56,4.55,4.0,5.33,35,12
n2_TrackF_r1_F88Y_M255A_OFF_T_G17,35,0.8269,0.862,0.982,0,8.15,0,18.04,0,10.97,0,10.43,16.73,2.43,3.53,2.87,6.71,27,12
n2_TrackF_r1_F88Y_M255A_OFF_T_G17,36,0.8267,0.8303,0.9812,1,4.97,0,16.47,0,37.96,0,36.89,38.38,0.75,5.44,5.64,4.47,32,12
n2_TrackF_r1_F88Y_M255A_OFF_T_G17,37,0.8267,0.8344,0.9807,1,4.38,0,15.3,0,38.94,0,36.98,38.51,2.55,4.88,4.63,5.53,29,11
n2_TrackF_r1_F88Y_M255A_OFF_T_G17,38,0.8258,0.8535,0.9866,0,5.63,0,23.86,0,29.06,0,33.17,37.91,1.53,2.72,5.09,6.81,19,8
n2_TrackF_r1_F88Y_M255A_OFF_T_G17,39,0.8244,0.8819,0.986,1,3.79,0,9.15,0,18.76,0,22.06,26.73,1.04,4.23,6.1,4.28,32,13
n2_TrackF_r1_F88Y_M255A_OFF_T_G17,4,0.8478,0.897,0.9884,0,5.14,0,15.27,0,39.94,0,37.67,39.07,2.4,4.45,5.94,4.53,33,10
n2_TrackF_r1_F88Y_M255A_OFF_T_G17,40,0.8234,0.7939,0.9843,1,3.34,0,11.79,0,17.91,0,22.51,26.91,1.47,3.35,3.79,3.45,30,13
n2_TrackF_r1_F88Y_M255A_OFF_T_G17,41,0.8233,0.9063,0.9859,1,2.99,0,23.46,0,27.34,0,27.35,31.58,1.01,3.68,1.98,4.23,57,17
n2_TrackF_r1_F88Y_M255A_OFF_T_G17,42,0.8231,0.8285,0.9803,0,6.38,0,15.14,0,39.08,0,37.82,38.81,1.58,3.97,3.66,7.18,28,11
n2_TrackF_r1_F88Y_M255A_OFF_T_G17,43,0.8224,0.8184,0.985,0,8.37,0,20.43,0,41.92,0,41.5,47.33,2.14,3.6,5.39,7.92,16,9
n2_TrackF_r1_F88Y_M255A_OFF_T_G17,44,0.8199,0.8929,0.9853,0,5.99,0,25.03,0,33.49,0,36.07,40.21,1.61,1.78,2.79,6.55,36,13
n2_TrackF_r1_F88Y_M255A_OFF_T_G17,45,0.8194,0.884,0.9847,1,3.8,0,9.98,0,19.59,0,23.52,28.77,1.33,3.51,3.59,2.23,35,15
n2_TrackF_r1_F88Y_M255A_OFF_T_G17,46,0.8184,0.8718,0.9877,0,5.24,0,24.21,0,30.96,0,33.29,38.83,0.98,2.65,2.76,5.31,25,9
n2_TrackF_r1_F88Y_M255A_OFF_T_G17,47,0.8177,0.8477,0.983,1,4.52,0,24.99,0,9.91,0,11.0,16.46,0.59,4.51,10.64,3.89,26,9
n2_TrackF_r1_F88Y_M255A_OFF_T_G17,48,0.8152,0.8635,0.984,1,4.63,0,9.59,0,22.91,0,24.72,30.01,1.13,4.84,4.32,5.23,38,12
n2_TrackF_r1_F88Y_M255A_OFF_T_G17,49,0.8109,0.7929,0.9808,1,4.38,0,22.46,0,28.06,0,29.94,35.49,1.26,3.44,7.79,4.14,25,10
n2_TrackF_r1_F88Y_M255A_OFF_T_G17,5,0.8467,0.9016,0.9886,0,5.8,0,16.29,0,39.95,0,37.74,39.9,3.07,3.73,5.36,5.6,34,12
n2_TrackF_r1_F88Y_M255A_OFF_T_G17,50,0.8101,0.8381,0.9807,0,5.0,0,14.45,0,37.98,0,36.69,36.92,2.16,3.49,3.79,4.95,30,13
n2_TrackF_r1_F88Y_M255A_OFF_T_G17,51,0.8098,0.8884,0.9852,1,3.78,0,8.59,0,17.59,0,19.02,24.62,0.77,3.04,8.25,4.44,32,13
n2_TrackF_r1_F88Y_M255A_OFF_T_G17,52,0.8095,0.8352,0.9858,0,5.54,0,24.98,0,31.25,0,34.44,39.57,1.38,3.78,1.51,6.79,25,9
n2_TrackF_r1_F88Y_M255A_OFF_T_G17,53,0.8091,0.8524,0.9821,0,6.34,0,14.85,0,38.0,0,35.79,37.23,1.32,3.79,3.13,6.88,24,12
n2_TrackF_r1_F88Y_M255A_OFF_T_G17,54,0.8091,0.8244,0.9855,0,5.5,0,24.97,0,44.76,0,47.89,52.59,0.87,4.03,3.21,6.41,24,10
n2_TrackF_r1_F88Y_M255A_OFF_T_G17,55,0.8085,0.816,0.9842,0,5.86,0,24.29,0,33.04,0,35.67,39.87,1.69,3.39,2.64,6.9,26,11
n2_TrackF_r1_F88Y_M255A_OFF_T_G17,56,0.8079,0.9099,0.988,1,3.46,0,8.73,0,21.34,0,23.08,28.95,1.3,3.59,4.13,4.38,40,14
n2_TrackF_r1_F88Y_M255A_OFF_T_G17,57,0.8071,0.8844,0.9889,0,5.6,0,24.26,0,30.25,0,32.05,38.33,1.57,2.31,7.8,3.93,20,9
n2_TrackF_r1_F88Y_M255A_OFF_T_G17,58,0.8057,0.7908,0.9813,0,5.65,0,24.75,0,27.15,0,31.19,35.2,1.25,3.0,7.68,5.74,24,9
n2_TrackF_r1_F88Y_M255A_OFF_T_G17,59,0.8057,0.7444,0.9849,0,6.12,0,24.52,0,49.74,0,45.51,49.13,2.58,3.48,5.61,6.29,35,13
n2_TrackF_r1_F88Y_M255A_OFF_T_G17,6,0.8464,0.8485,0.9868,1,4.13,0,21.75,0,53.32,0,51.24,59.46,2.78,4.4,7.93,3.39,25,9
n2_TrackF_r1_F88Y_M255A_OFF_T_G17,60,0.8054,0.8542,0.9871,0,5.96,0,25.7,0,26.54,0,30.48,34.54,0.69,4.1,6.46,4.64,26,8
n2_TrackF_r1_F88Y_M255A_OFF_T_G17,61,0.8049,0.8046,0.9844,0,6.22,0,22.73,0,24.46,0,26.67,31.93,2.44,5.16,9.8,5.58,28,9
n2_TrackF_r1_F88Y_M255A_OFF_T_G17,62,0.804,0.8366,0.981,0,6.42,0,18.27,0,30.59,0,28.25,31.12,1.01,4.58,5.38,6.08,43,16
n2_TrackF_r1_F88Y_M255A_OFF_T_G17,63,0.804,0.8283,0.9853,0,6.66,0,21.95,0,32.45,0,31.65,33.39,1.17,3.56,5.96,5.75,31,11
n2_TrackF_r1_F88Y_M255A_OFF_T_G17,64,0.8039,0.8942,0.9865,1,4.48,0,7.54,0,19.43,0,21.61,27.52,0.61,4.6,3.87,5.12,39,15
n2_TrackF_r1_F88Y_M255A_OFF_T_G17,65,0.8037,0.7165,0.9727,1,3.93,0,14.84,0,41.64,0,38.79,40.54,1.12,2.94,4.48,5.24,34,14
n2_TrackF_r1_F88Y_M255A_OFF_T_G17,66,0.8037,0.8729,0.9863,1,3.68,0,9.19,0,20.76,0,21.37,28.92,1.09,3.28,3.49,4.4,39,14
n2_TrackF_r1_F88Y_M255A_OFF_T_G17,67,0.8034,0.8441,0.984,0,5.28,0,23.52,0,33.12,0,36.46,40.85,1.31,3.66,4.74,5.83,25,10
n2_TrackF_r1_F88Y_M255A_OFF_T_G17,68,0.8032,0.862,0.9847,0,6.08,0,15.42,0,38.68,0,36.88,38.27,1.22,4.68,5.38,6.95,29,13
n2_TrackF_r1_F88Y_M255A_OFF_T_G17,69,0.8028,0.8457,0.9838,0,6.1,0,11.54,0,28.52,0,26.9,29.79,1.75,3.02,5.03,5.58,34,15
n2_TrackF_r1_F88Y_M255A_OFF_T_G17,7,0.8457,0.8535,0.987,1,2.78,0,11.08,0,24.5,0,27.98,31.92,1.0,6.89,2.57,3.61,32,10
n2_TrackF_r1_F88Y_M255A_OFF_T_G17,70,0.8027,0.7478,0.9844,1,3.51,0,10.55,0,19.28,0,22.81,27.15,1.65,3.21,2.74,3.45,28,12
n2_TrackF_r1_F88Y_M255A_OFF_T_G17,71,0.8027,0.7705,0.983,0,6.05,0,9.74,0,28.46,0,26.6,31.35,1.99,2.84,4.73,5.22,37,14
n2_TrackF_r1_F88Y_M255A_OFF_T_G17,72,0.8026,0.8304,0.9826,0,5.5,0,24.32,0,24.83,0,28.14,32.59,0.32,2.77,6.84,4.41,24,10
n2_TrackF_r1_F88Y_M255A_OFF_T_G17,73,0.8014,0.8434,0.9865,0,5.68,0,15.19,0,39.0,0,37.03,38.19,1.05,4.95,4.69,7.39,27,11
n2_TrackF_r1_F88Y_M255A_OFF_T_G17,74,0.8001,0.8001,0.9835,1,3.16,0,13.5,0,36.98,0,35.8,36.89,1.99,4.8,4.71,4.32,37,10
n2_TrackF_r1_F88Y_M255A_OFF_T_G17,75,0.7988,0.8137,0.984,0,5.61,0,24.75,0,28.63,0,31.6,36.89,1.74,2.96,2.54,7.02,26,10
n2_TrackF_r1_F88Y_M255A_OFF_T_G17,76,0.7985,0.7102,0.9766,0,5.71,0,14.19,0,37.44,0,35.9,36.12,1.94,4.32,3.67,6.76,35,16
n2_TrackF_r1_F88Y_M255A_OFF_T_G17,77,0.7964,0.7337,0.9821,0,12.72,0,23.5,0,38.18,0,40.25,46.04,3.59,3.62,4.03,12.32,13,12
n2_TrackF_r1_F88Y_M255A_OFF_T_G17,78,0.7963,0.7014,0.976,1,4.63,0,17.57,0,41.81,0,38.35,40.21,0.98,2.93,4.76,4.9,34,13
n2_TrackF_r1_F88Y_M255A_OFF_T_G17,79,0.7958,0.8988,0.9874,0,6.69,0,15.5,0,13.14,0,10.17,17.68,1.91,3.24,3.41,7.18,29,12
n2_TrackF_r1_F88Y_M255A_OFF_T_G17,8,0.8456,0.9018,0.989,1,3.12,0,10.78,0,35.02,0,34.82,34.44,3.08,3.53,6.41,2.45,33,13
n2_TrackF_r1_F88Y_M255A_OFF_T_G17,80,0.7949,0.8696,0.9861,1,4.94,0,9.33,0,23.51,0,23.83,30.36,1.18,3.42,9.54,6.15,30,13
n2_TrackF_r1_F88Y_M255A_OFF_T_G17,81,0.7929,0.7201,0.9793,0,5.92,0,23.58,0,30.64,0,34.41,39.87,0.57,2.17,6.56,5.75,24,7
n2_TrackF_r1_F88Y_M255A_OFF_T_G17,82,0.7912,0.7713,0.9805,1,3.51,0,9.81,0,17.73,0,16.54,22.91,1.24,3.34,3.39,4.43,32,12
n2_TrackF_r1_F88Y_M255A_OFF_T_G17,83,0.7912,0.8255,0.9791,1,4.75,0,9.72,0,18.57,0,21.26,26.66,1.16,3.63,3.83,5.21,34,14
n2_TrackF_r1_F88Y_M255A_OFF_T_G17,84,0.7891,0.8538,0.9821,1,4.82,0,10.17,0,25.2,0,21.88,28.76,2.13,4.57,6.96,5.46,37,14
n2_TrackF_r1_F88Y_M255A_OFF_T_G17,85,0.788,0.7141,0.9809,0,5.18,0,14.49,0,44.28,0,41.57,43.53,1.81,3.8,6.67,4.29,37,10
n2_TrackF_r1_F88Y_M255A_OFF_T_G17,86,0.7875,0.8044,0.9832,0,6.49,0,15.09,0,38.27,0,36.15,37.28,1.75,4.49,4.39,7.53,20,11
n2_TrackF_r1_F88Y_M255A_OFF_T_G17,87,0.7865,0.8006,0.9822,1,3.2,0,7.83,0,22.82,0,22.39,30.3,0.53,4.0,4.99,4.54,39,15
n2_TrackF_r1_F88Y_M255A_OFF_T_G17,88,0.786,0.7055,0.9811,0,6.34,0,25.14,0,28.94,0,34.01,37.05,0.82,4.3,4.2,7.21,21,11
n2_TrackF_r1_F88Y_M255A_OFF_T_G17,89,0.782,0.7709,0.981,0,5.69,0,26.1,0,30.92,0,36.09,40.51,1.11,2.14,3.72,5.49,21,7
n2_TrackF_r1_F88Y_M255A_OFF_T_G17,9,0.8449,0.9165,0.9899,1,4.2,0,14.93,0,38.25,0,36.4,37.7,1.59,4.76,4.68,3.62,36,9
n2_TrackF_r1_F88Y_M255A_OFF_T_G17,90,0.7813,0.7079,0.9793,0,6.48,0,14.0,0,43.35,0,40.7,42.43,1.95,2.82,4.98,7.21,24,11
n2_TrackF_r1_F88Y_M255A_OFF_T_G17,91,0.7807,0.7425,0.9839,0,5.4,0,18.68,0,31.22,0,30.52,33.09,1.9,3.45,5.61,2.47,23,13
n2_TrackF_r1_F88Y_M255A_OFF_T_G17,92,0.7784,0.774,0.9835,1,4.13,0,10.74,0,12.92,0,13.35,16.41,1.29,2.59,2.79,4.79,40,13
n2_TrackF_r1_F88Y_M255A_OFF_T_G17,93,0.7776,0.6751,0.9776,1,3.82,0,22.3,0,53.34,0,50.03,56.75,1.85,4.85,9.45,3.21,30,12
n2_TrackF_r1_F88Y_M255A_OFF_T_G17,94,0.776,0.6945,0.9803,0,5.81,0,24.21,0,33.9,0,37.31,40.91,0.57,3.85,2.73,6.68,26,10
n2_TrackF_r1_F88Y_M255A_OFF_T_G17,95,0.7715,0.648,0.9805,0,9.99,0,21.56,0,47.1,0,46.4,53.25,3.98,4.23,2.54,8.79,14,10
n2_TrackF_r1_F88Y_M255A_OFF_T_G17,96,0.7677,0.7166,0.9802,0,6.15,0,15.92,0,43.75,0,43.52,43.32,2.39,4.32,7.1,5.94,42,14
n2_TrackF_r1_F88Y_M255A_OFF_T_G17,97,0.7616,0.7646,0.9819,1,3.71,1,4.34,0,21.29,0,21.63,27.83,2.67,2.36,2.21,1.6,27,12
n2_TrackF_r1_F88Y_M255A_OFF_T_G17,98,0.7527,0.6532,0.9777,1,3.95,0,8.35,0,20.24,0,20.57,27.96,1.97,5.01,3.72,4.56,37,12
n2_TrackF_r1_F88Y_M255A_OFF_T_G17,99,0.7185,0.4881,0.9717,1,4.91,0,23.74,0,27.67,0,31.53,36.65,2.45,2.56,7.61,5.62,27,9
n2_TrackF_r1_F88Y_M255A_S1_G17,0,0.8388,0.9392,0.9908,1,0.61,0,12.56,0,38.32,0,32.8,40.15,2.98,3.12,2.96,2.72,53,19
n2_TrackF_r1_F88Y_M255A_S1_G17,1,0.8345,0.8404,0.9921,1,3.26,1,3.95,0,34.24,0,29.95,37.74,2.01,4.04,3.69,2.45,44,12
n2_TrackF_r1_F88Y_M255A_S1_G17,10,0.8259,0.8617,0.9912,1,3.04,0,10.68,0,11.43,0,7.74,15.04,2.17,2.44,4.33,2.85,35,11
n2_TrackF_r1_F88Y_M255A_S1_G17,11,0.825,0.8022,0.9863,1,3.3,0,13.35,0,14.2,0,7.99,15.43,3.15,3.05,4.69,3.99,36,13
n2_TrackF_r1_F88Y_M255A_S1_G17,12,0.8242,0.8023,0.9866,1,3.65,0,11.46,0,15.04,0,8.22,16.08,2.22,4.44,2.55,3.7,29,8
n2_TrackF_r1_F88Y_M255A_S1_G17,13,0.8241,0.8032,0.9874,1,3.15,0,11.83,0,19.22,0,14.33,21.2,1.16,2.98,5.63,3.78,27,10
n2_TrackF_r1_F88Y_M255A_S1_G17,14,0.8239,0.8325,0.9866,1,4.89,0,20.59,0,11.76,0,7.35,14.82,0.89,3.96,8.56,4.08,23,7
n2_TrackF_r1_F88Y_M255A_S1_G17,15,0.8237,0.8315,0.9907,1,2.63,1,2.94,0,34.03,0,30.15,37.77,1.76,6.13,1.2,2.92,49,12
n2_TrackF_r1_F88Y_M255A_S1_G17,16,0.8233,0.8213,0.9868,1,3.54,0,18.87,0,11.76,0,9.19,16.17,3.42,4.68,3.01,2.54,36,13
n2_TrackF_r1_F88Y_M255A_S1_G17,17,0.823,0.8117,0.9901,1,3.78,0,11.59,0,19.37,0,14.25,21.49,1.69,2.67,1.94,3.38,27,10
n2_TrackF_r1_F88Y_M255A_S1_G17,18,0.8227,0.8463,0.9899,1,3.5,0,9.85,0,16.95,0,8.69,16.37,3.01,4.02,4.13,3.21,38,9
n2_TrackF_r1_F88Y_M255A_S1_G17,19,0.822,0.834,0.9891,1,4.54,0,13.17,0,14.31,0,8.97,16.58,0.96,2.83,3.55,4.29,25,9
n2_TrackF_r1_F88Y_M255A_S1_G17,2,0.8344,0.8985,0.9866,0,5.7,0,9.62,0,31.9,0,31.86,32.68,1.37,4.75,3.8,5.44,30,9
n2_TrackF_r1_F88Y_M255A_S1_G17,20,0.8216,0.784,0.9849,1,3.05,0,10.51,0,13.76,0,7.67,15.08,2.7,4.67,2.47,3.18,32,10
n2_TrackF_r1_F88Y_M255A_S1_G17,21,0.8215,0.8075,0.988,1,1.51,0,12.97,0,18.27,0,13.32,20.03,2.6,4.8,7.52,2.36,29,10
n2_TrackF_r1_F88Y_M255A_S1_G17,22,0.8214,0.8201,0.9874,1,3.03,1,2.74,1,1.38,1,1.51,5.49,1.61,4.19,3.99,3.79,44,14
n2_TrackF_r1_F88Y_M255A_S1_G17,23,0.8209,0.7967,0.9874,1,3.01,0,12.41,0,15.1,0,8.73,16.91,0.79,3.16,3.05,4.99,30,9
n2_TrackF_r1_F88Y_M255A_S1_G17,24,0.8204,0.796,0.9875,1,2.99,1,3.54,1,1.85,1,2.73,4.11,1.13,3.88,5.04,4.17,37,16
n2_TrackF_r1_F88Y_M255A_S1_G17,25,0.82,0.8208,0.991,1,2.5,0,14.14,0,17.77,0,13.23,20.62,2.39,3.62,4.5,3.33,31,9
n2_TrackF_r1_F88Y_M255A_S1_G17,26,0.819,0.7821,0.9855,0,6.5,1,2.51,1,2.29,1,2.76,3.16,2.72,1.64,4.67,7.42,41,12
n2_TrackF_r1_F88Y_M255A_S1_G17,27,0.8189,0.7977,0.9866,0,6.65,1,3.7,1,0.32,1,2.29,5.62,1.4,1.54,6.02,6.53,39,13
n2_TrackF_r1_F88Y_M255A_S1_G17,28,0.8176,0.7892,0.986,0,6.32,1,3.95,1,2.19,1,1.59,4.98,0.98,3.79,4.86,6.12,42,12
n2_TrackF_r1_F88Y_M255A_S1_G17,29,0.8175,0.8136,0.9872,1,1.64,0,13.2,0,30.35,0,23.51,30.62,1.13,1.74,3.35,2.64,32,9
n2_TrackF_r1_F88Y_M255A_S1_G17,3,0.8343,0.842,0.99,1,2.94,0,13.23,0,23.76,0,20.65,27.82,1.73,4.27,5.3,2.71,26,9
n2_TrackF_r1_F88Y_M255A_S1_G17,30,0.8169,0.8938,0.988,0,6.06,0,9.0,0,31.06,0,31.32,32.22,3.81,5.59,4.88,6.96,27,12
n2_TrackF_r1_F88Y_M255A_S1_G17,31,0.8164,0.7858,0.9866,1,1.44,0,11.92,0,24.44,0,22.54,29.54,0.78,3.88,3.83,3.61,28,8
n2_TrackF_r1_F88Y_M255A_S1_G17,32,0.8156,0.8879,0.9863,1,1.7,0,17.79,0,18.39,0,12.96,20.54,2.48,3.58,4.55,2.82,29,12
n2_TrackF_r1_F88Y_M255A_S1_G17,33,0.8154,0.8283,0.9894,0,5.87,1,3.73,1,1.18,1,2.46,2.98,2.08,1.41,4.63,5.7,43,12
n2_TrackF_r1_F88Y_M255A_S1_G17,34,0.8148,0.7637,0.9866,0,6.35,1,4.27,1,1.71,1,2.35,3.25,2.31,1.3,5.57,4.88,37,13
n2_TrackF_r1_F88Y_M255A_S1_G17,35,0.8148,0.7776,0.9872,1,3.92,0,14.41,0,19.57,0,13.37,20.38,0.99,2.69,3.63,3.6,28,10
n2_TrackF_r1_F88Y_M255A_S1_G17,36,0.8146,0.8333,0.9906,1,2.94,1,4.54,0,39.43,0,31.94,39.96,2.04,4.82,4.08,2.81,48,13
n2_TrackF_r1_F88Y_M255A_S1_G17,37,0.8142,0.7623,0.9871,1,2.18,1,3.11,1,2.29,1,1.53,3.88,1.66,4.41,4.51,3.44,41,13
n2_TrackF_r1_F88Y_M255A_S1_G17,38,0.8141,0.8079,0.9878,0,8.13,1,3.51,1,4.11,1,1.11,4.52,1.24,1.05,6.44,7.36,32,11
n2_TrackF_r1_F88Y_M255A_S1_G17,39,0.8138,0.911,0.9884,1,1.99,0,15.14,0,34.28,0,28.76,37.87,0.64,3.61,6.88,1.61,40,14
n2_TrackF_r1_F88Y_M255A_S1_G17,4,0.8334,0.855,0.9878,0,5.93,0,14.34,0,13.75,0,8.19,15.07,2.6,3.59,4.64,6.36,25,10
n2_TrackF_r1_F88Y_M255A_S1_G17,40,0.8137,0.7924,0.9866,0,5.69,1,2.4,0,11.36,0,8.44,15.5,1.89,3.27,4.08,5.77,38,15
n2_TrackF_r1_F88Y_M255A_S1_G17,41,0.8135,0.8193,0.9881,1,2.78,1,3.78,1,4.92,1,2.78,5.83,1.77,3.82,4.69,4.22,37,12
n2_TrackF_r1_F88Y_M255A_S1_G17,42,0.8129,0.8063,0.9867,1,2.54,1,3.88,1,3.48,1,3.55,4.68,1.18,5.02,5.46,3.24,45,12
n2_TrackF_r1_F88Y_M255A_S1_G17,43,0.8123,0.7853,0.9856,0,6.82,1,3.11,1,3.07,1,3.2,5.39,2.02,3.82,5.9,7.01,44,13
n2_TrackF_r1_F88Y_M255A_S1_G17,44,0.8116,0.7744,0.9854,0,6.89,1,4.21,0,7.25,0,1.57,6.18,1.52,3.03,5.63,6.17,35,12
n2_TrackF_r1_F88Y_M255A_S1_G17,45,0.8111,0.7704,0.9876,0,8.06,1,4.52,1,2.61,1,2.71,4.13,0.95,3.36,5.11,7.02,35,12
n2_TrackF_r1_F88Y_M255A_S1_G17,46,0.8108,0.9434,0.9942,1,1.87,0,21.26,0,23.6,0,18.99,25.76,2.14,4.86,7.04,2.24,35,14
n2_TrackF_r1_F88Y_M255A_S1_G17,47,0.8107,0.7593,0.9854,0,5.53,0,12.9,0,21.17,0,13.29,19.97,1.83,4.08,4.34,4.5,30,10
n2_TrackF_r1_F88Y_M255A_S1_G17,48,0.8101,0.8097,0.9891,1,2.67,1,3.41,1,2.68,1,2.98,4.35,2.01,4.2,4.34,4.2,42,13
n2_TrackF_r1_F88Y_M255A_S1_G17,49,0.8098,0.8053,0.9876,1,2.79,1,4.3,1,1.38,1,1.25,4.12,2.52,3.73,5.46,4.6,41,13
n2_TrackF_r1_F88Y_M255A_S1_G17,5,0.8308,0.8483,0.99,1,2.95,0,12.61,0,15.43,0,9.4,16.9,1.2,2.19,4.13,4.27,32,10
n2_TrackF_r1_F88Y_M255A_S1_G17,50,0.8092,0.787,0.9855,1,2.55,1,3.69,1,2.77,1,2.18,5.94,2.34,1.38,6.28,5.07,37,10
n2_TrackF_r1_F88Y_M255A_S1_G17,51,0.8091,0.9194,0.9905,0,5.72,0,7.58,0,29.15,0,30.29,32.23,2.31,4.01,6.67,4.9,32,12
n2_TrackF_r1_F88Y_M255A_S1_G17,52,0.8081,0.7938,0.9859,1,2.45,1,3.11,1,1.81,1,1.67,3.98,1.66,3.22,4.12,4.43,47,14
n2_TrackF_r1_F88Y_M255A_S1_G17,53,0.8077,0.772,0.9871,0,5.43,0,13.34,0,18.03,0,12.71,19.91,1.1,4.82,4.69,4.88,26,9
n2_TrackF_r1_F88Y_M255A_S1_G17,54,0.8049,0.7804,0.9862,1,2.2,1,2.92,1,1.21,1,1.83,4.26,2.35,3.3,4.87,5.09,35,13
n2_TrackF_r1_F88Y_M255A_S1_G17,55,0.8048,0.7907,0.987,1,2.57,1,3.83,1,2.12,1,2.86,4.31,2.62,3.18,6.39,4.97,41,11
n2_TrackF_r1_F88Y_M255A_S1_G17,56,0.8047,0.7603,0.9863,0,8.42,1,2.73,1,2.16,1,2.99,2.84,2.43,3.61,4.83,7.33,42,14
n2_TrackF_r1_F88Y_M255A_S1_G17,57,0.8046,0.8228,0.9869,1,2.84,1,4.47,1,2.19,1,2.33,3.97,1.23,2.3,5.15,3.96,41,12
n2_TrackF_r1_F88Y_M255A_S1_G17,58,0.8043,0.7881,0.9829,0,6.31,1,3.02,0,22.13,0,20.71,27.85,1.05,2.36,5.02,6.69,38,13
n2_TrackF_r1_F88Y_M255A_S1_G17,59,0.8039,0.7913,0.9866,1,3.32,1,3.66,1,0.71,1,2.89,3.35,1.65,4.33,4.22,4.8,53,13
n2_TrackF_r1_F88Y_M255A_S1_G17,6,0.8296,0.8328,0.9881,1,3.74,0,8.84,0,14.66,0,8.37,15.14,2.79,2.65,3.12,3.09,37,10
n2_TrackF_r1_F88Y_M255A_S1_G17,60,0.8028,0.72,0.9823,1,3.45,0,10.81,0,13.88,0,8.29,16.31,3.65,3.18,2.88,3.89,28,12
n2_TrackF_r1_F88Y_M255A_S1_G17,61,0.8025,0.7753,0.9873,1,2.51,1,1.95,1,0.67,1,3.57,3.89,3.47,4.75,4.06,3.94,45,14
n2_TrackF_r1_F88Y_M255A_S1_G17,62,0.8015,0.7695,0.9842,1,2.79,1,4.58,0,5.77,0,3.14,4.03,0.55,3.52,4.89,4.15,39,13
n2_TrackF_r1_F88Y_M255A_S1_G17,63,0.8012,0.7636,0.9854,0,6.56,0,13.31,0,11.57,0,7.5,15.1,1.3,3.46,5.84,6.07,29,9
n2_TrackF_r1_F88Y_M255A_S1_G17,64,0.8008,0.7921,0.9864,1,2.19,1,2.62,0,22.89,0,19.82,27.2,0.27,2.93,3.59,3.64,47,15
n2_TrackF_r1_F88Y_M255A_S1_G17,65,0.8002,0.7613,0.9838,1,3.65,0,16.47,0,12.67,0,8.78,16.52,1.93,2.59,2.06,2.59,33,11
n2_TrackF_r1_F88Y_M255A_S1_G17,66,0.7998,0.7188,0.9835,0,6.95,1,3.82,1,3.11,1,1.91,4.69,1.83,0.76,4.11,6.63,36,12
n2_TrackF_r1_F88Y_M255A_S1_G17,67,0.7992,0.8204,0.989,1,2.97,0,19.87,0,29.79,0,25.89,33.29,1.59,5.31,4.49,3.06,40,16
n2_TrackF_r1_F88Y_M255A_S1_G17,68,0.799,0.7768,0.9865,1,2.46,1,3.11,1,2.69,1,3.32,5.17,0.44,3.13,3.78,4.12,44,14
n2_TrackF_r1_F88Y_M255A_S1_G17,69,0.7986,0.7712,0.986,1,3.05,1,4.29,1,2.41,1,3.34,3.62,1.85,4.32,4.1,4.66,41,13
n2_TrackF_r1_F88Y_M255A_S1_G17,7,0.8277,0.797,0.9855,1,1.72,0,12.4,0,24.8,0,22.7,29.33,1.34,2.45,5.35,2.87,32,11
n2_TrackF_r1_F88Y_M255A_S1_G17,70,0.7983,0.7252,0.9821,1,2.64,0,13.58,0,20.6,0,13.47,20.05,2.61,3.8,3.94,2.66,29,10
n2_TrackF_r1_F88Y_M255A_S1_G17,71,0.7972,0.7302,0.9843,0,5.06,1,2.43,1,3.51,1,2.38,4.89,0.59,2.27,5.59,5.99,38,13
n2_TrackF_r1_F88Y_M255A_S1_G17,72,0.7972,0.7078,0.9805,0,5.18,0,17.14,0,19.34,0,13.9,21.24,2.43,3.94,5.34,3.56,26,9
n2_TrackF_r1_F88Y_M255A_S1_G17,73,0.7961,0.7421,0.9815,0,7.33,1,4.34,1,3.18,1,2.08,4.78,1.87,1.35,4.2,6.55,37,12
n2_TrackF_r1_F88Y_M255A_S1_G17,74,0.7954,0.7927,0.9844,1,1.46,0,17.56,0,25.87,0,24.35,31.37,1.48,4.8,6.72,2.18,34,12
n2_TrackF_r1_F88Y_M255A_S1_G17,75,0.7946,0.7598,0.9848,1,2.75,1,3.78,1,2.73,1,2.23,4.02,1.29,3.51,3.55,3.25,48,14
n2_TrackF_r1_F88Y_M255A_S1_G17,76,0.7935,0.7328,0.9886,1,2.89,1,3.76,0,39.14,0,30.59,38.64,2.98,2.99,3.86,3.15,43,13
n2_TrackF_r1_F88Y_M255A_S1_G17,77,0.7932,0.8855,0.987,1,5.0,0,15.25,0,21.2,0,17.66,25.33,3.0,4.8,3.66,5.89,32,16
n2_TrackF_r1_F88Y_M255A_S1_G17,78,0.7928,0.7426,0.9852,1,3.1,1,3.62,1,2.18,1,2.5,3.39,1.99,3.19,4.54,5.21,49,12
n2_TrackF_r1_F88Y_M255A_S1_G17,79,0.7921,0.7413,0.9842,1,2.98,1,4.55,1,2.15,1,3.11,5.27,1.06,3.0,3.89,3.76,40,13
n2_TrackF_r1_F88Y_M255A_S1_G17,8,0.8276,0.7945,0.9894,1,1.83,0,14.52,0,27.53,0,24.55,31.55,1.12,4.44,3.77,2.43,30,10
n2_TrackF_r1_F88Y_M255A_S1_G17,80,0.7919,0.6974,0.9816,1,2.29,0,13.91,0,27.28,0,25.6,32.53,2.12,3.74,4.47,2.74,32,11
n2_TrackF_r1_F88Y_M255A_S1_G17,81,0.7913,0.7225,0.9834,0,7.01,1,2.68,1,3.84,1,2.44,4.64,1.69,3.22,6.12,7.09,36,13
n2_TrackF_r1_F88Y_M255A_S1_G17,82,0.7898,0.7488,0.9854,0,5.13,1,3.42,1,2.21,1,2.36,4.19,0.27,4.59,4.15,5.55,48,13
n2_TrackF_r1_F88Y_M255A_S1_G17,83,0.7887,0.7823,0.9778,1,1.76,0,18.54,0,18.43,0,13.26,20.47,1.71,3.89,5.59,1.87,45,19
n2_TrackF_r1_F88Y_M255A_S1_G17,84,0.7877,0.6752,0.9816,1,2.75,0,13.18,0,18.8,0,14.45,20.67,2.45,4.05,3.6,1.41,28,9
n2_TrackF_r1_F88Y_M255A_S1_G17,85,0.7861,0.7339,0.9847,1,2.28,1,3.71,1,3.53,1,2.24,5.29,1.26,3.23,3.38,3.69,45,11
n2_TrackF_r1_F88Y_M255A_S1_G17,86,0.7848,0.6787,0.9823,1,2.66,1,3.44,1,1.32,1,0.43,3.64,2.75,2.23,4.33,4.15,39,13
n2_TrackF_r1_F88Y_M255A_S1_G17,87,0.7813,0.6632,0.9813,1,2.77,1,3.27,1,4.92,1,1.35,4.33,1.52,2.31,5.74,4.63,35,11
n2_TrackF_r1_F88Y_M255A_S1_G17,88,0.7787,0.801,0.9812,1,3.84,0,10.87,1,2.37,0,4.26,8.15,2.67,1.72,3.17,1.97,40,16
n2_TrackF_r1_F88Y_M255A_S1_G17,89,0.7754,0.6894,0.9827,1,2.54,1,4.02,1,2.65,1,1.6,4.71,2.3,2.57,4.53,3.95,39,11
n2_TrackF_r1_F88Y_M255A_S1_G17,9,0.8268,0.7904,0.987,1,4.1,0,11.98,0,21.64,0,13.75,21.6,2.0,4.08,2.64,3.46,29,10
n2_TrackF_r1_F88Y_M255A_S1_G17,90,0.7665,0.6845,0.9822,1,2.5,1,3.46,1,2.51,1,3.08,7.18,2.83,4.44,4.66,4.4,35,13
n2_TrackF_r1_F88Y_M255A_S1_G17,91,0.7646,0.8059,0.9855,1,0.67,0,12.79,0,40.41,0,32.16,39.59,1.58,2.52,2.66,1.82,44,15
n2_TrackF_r1_F88Y_M255A_S1_G17,92,0.7613,0.7203,0.986,1,2.56,0,12.25,0,28.06,0,24.72,31.68,2.59,1.58,6.28,3.01,44,19
n2_TrackF_r1_F88Y_M255A_S1_G17,93,0.7565,0.5645,0.9783,1,3.08,0,12.59,0,17.99,0,9.16,16.43,1.67,3.84,4.99,2.39,36,10
n2_TrackF_r1_F88Y_M255A_S1_G17,94,0.751,0.6587,0.981,1,0.99,0,11.24,0,26.45,0,20.83,27.51,1.33,2.87,3.19,2.42,45,17
n2_TrackF_r1_F88Y_M255A_S1_G17,95,0.7509,0.5847,0.9767,0,7.78,1,4.42,1,4.69,1,1.71,4.96,1.68,3.62,4.06,6.85,37,12
n2_TrackF_r1_F88Y_M255A_S1_G17,96,0.7488,0.7011,0.978,1,4.82,0,13.45,1,3.8,0,3.43,3.61,2.26,3.6,2.29,4.39,46,15
n2_TrackF_r1_F88Y_M255A_S1_G17,97,0.7484,0.6274,0.9794,1,1.36,0,19.21,0,32.26,0,26.65,33.46,1.29,4.3,4.16,3.03,35,15
n2_TrackF_r1_F88Y_M255A_S1_G17,98,0.7352,0.4865,0.977,0,7.25,1,4.6,1,3.42,1,1.39,4.14,1.14,3.49,5.0,6.32,38,13
n2_TrackF_r1_F88Y_M255A_S1_G17,99,0.7085,0.5001,0.9718,0,6.76,0,14.16,0,16.87,0,15.11,22.71,2.32,2.01,1.39,3.12,37,15
n2_TrackF_r1_F88Y_M255I_OFF_T_G17,0,0.8638,0.9071,0.9874,1,4.1,0,15.87,0,36.71,0,38.65,37.19,1.82,6.66,1.32,2.0,30,13
n2_TrackF_r1_F88Y_M255I_OFF_T_G17,1,0.8588,0.9298,0.9905,1,1.87,0,13.17,0,38.79,0,36.63,38.23,1.53,3.09,5.17,3.46,34,11
n2_TrackF_r1_F88Y_M255I_OFF_T_G17,10,0.8487,0.9083,0.9902,0,5.87,0,14.81,0,40.38,0,37.13,39.28,2.13,4.82,5.87,5.92,30,10
n2_TrackF_r1_F88Y_M255I_OFF_T_G17,11,0.8485,0.8983,0.9881,1,3.91,0,15.66,0,41.47,0,39.96,42.81,2.53,6.01,9.29,3.76,32,12
n2_TrackF_r1_F88Y_M255I_OFF_T_G17,12,0.8461,0.9174,0.9865,1,4.71,0,20.09,0,31.02,0,29.69,31.9,1.69,3.18,3.85,6.41,45,18
n2_TrackF_r1_F88Y_M255I_OFF_T_G17,13,0.8453,0.8675,0.9884,1,3.28,0,21.35,0,60.69,0,52.8,59.2,2.62,3.76,9.75,2.81,22,9
n2_TrackF_r1_F88Y_M255I_OFF_T_G17,14,0.8453,0.8196,0.9825,1,2.73,0,16.65,0,39.73,0,43.1,42.7,2.97,3.56,2.4,1.78,31,12
n2_TrackF_r1_F88Y_M255I_OFF_T_G17,15,0.8451,0.9092,0.9849,0,5.98,0,13.2,0,36.68,0,35.92,35.58,1.9,3.49,7.85,6.14,28,14
n2_TrackF_r1_F88Y_M255I_OFF_T_G17,16,0.8432,0.8871,0.9862,1,3.96,0,15.81,0,36.56,0,36.6,38.74,1.56,5.48,9.32,4.14,32,12
n2_TrackF_r1_F88Y_M255I_OFF_T_G17,17,0.8426,0.8814,0.987,1,2.85,0,14.01,0,39.4,0,37.38,39.29,2.34,3.56,5.3,2.19,33,11
n2_TrackF_r1_F88Y_M255I_OFF_T_G17,18,0.8415,0.9224,0.9907,1,1.71,0,13.7,0,35.29,0,33.85,37.47,2.53,5.57,9.72,2.8,40,11
n2_TrackF_r1_F88Y_M255I_OFF_T_G17,19,0.8412,0.9108,0.9886,1,3.74,0,12.39,0,6.14,0,8.34,8.57,3.25,3.66,2.5,2.74,38,16
n2_TrackF_r1_F88Y_M255I_OFF_T_G17,2,0.8587,0.9201,0.9898,1,1.82,0,13.77,0,37.19,0,35.51,37.0,2.15,4.08,4.67,4.07,35,12
n2_TrackF_r1_F88Y_M255I_OFF_T_G17,20,0.841,0.926,0.9915,1,3.06,0,11.9,0,34.94,0,33.19,35.27,3.18,3.22,4.26,5.79,31,10
n2_TrackF_r1_F88Y_M255I_OFF_T_G17,21,0.8405,0.9415,0.9876,0,5.19,0,22.31,0,30.45,0,28.24,32.19,1.77,1.91,2.36,4.83,51,15
n2_TrackF_r1_F88Y_M255I_OFF_T_G17,22,0.8404,0.8803,0.9858,1,2.97,0,15.45,0,32.82,0,33.01,35.24,1.71,4.33,8.73,2.8,38,14
n2_TrackF_r1_F88Y_M255I_OFF_T_G17,23,0.8396,0.8981,0.9895,1,1.43,0,13.4,0,37.32,0,35.74,37.13,2.59,4.93,5.23,3.44,33,14
n2_TrackF_r1_F88Y_M255I_OFF_T_G17,24,0.8382,0.8693,0.9852,0,6.73,0,15.02,0,40.55,0,37.86,39.28,1.66,2.77,4.42,5.23,28,12
n2_TrackF_r1_F88Y_M255I_OFF_T_G17,25,0.8382,0.8866,0.9847,0,7.2,0,14.54,0,42.67,0,39.69,41.75,1.57,4.23,5.19,6.62,28,12
n2_TrackF_r1_F88Y_M255I_OFF_T_G17,26,0.8371,0.8828,0.9869,0,5.74,0,13.83,0,37.36,0,35.97,36.74,1.22,4.56,4.13,6.91,29,12
n2_TrackF_r1_F88Y_M255I_OFF_T_G17,27,0.837,0.8997,0.9885,1,4.01,0,19.71,0,44.81,0,42.26,46.32,3.67,6.32,12.47,2.68,31,11
n2_TrackF_r1_F88Y_M255I_OFF_T_G17,28,0.8364,0.898,0.9871,1,2.77,0,10.04,0,24.06,0,25.62,27.58,1.69,5.1,3.15,4.73,41,12
n2_TrackF_r1_F88Y_M255I_OFF_T_G17,29,0.8364,0.8923,0.9857,0,7.16,0,11.71,0,21.06,0,17.6,22.04,2.43,4.68,3.03,7.1,41,13
n2_TrackF_r1_F88Y_M255I_OFF_T_G17,3,0.858,0.9309,0.9916,1,0.93,0,13.99,0,37.83,0,39.75,41.26,1.51,3.0,2.81,2.86,35,13
n2_TrackF_r1_F88Y_M255I_OFF_T_G17,30,0.836,0.893,0.9885,0,5.68,0,16.08,0,41.62,0,38.77,41.7,2.62,3.85,5.94,4.99,28,11
n2_TrackF_r1_F88Y_M255I_OFF_T_G17,31,0.8356,0.8761,0.9839,0,6.72,0,15.1,0,39.7,0,36.76,38.87,1.67,4.57,3.65,7.75,29,9
n2_TrackF_r1_F88Y_M255I_OFF_T_G17,32,0.8329,0.9243,0.9892,1,3.72,0,10.57,0,31.93,0,33.87,31.87,1.72,3.35,6.37,0.85,31,14
n2_TrackF_r1_F88Y_M255I_OFF_T_G17,33,0.8322,0.876,0.9854,0,5.83,0,15.85,0,42.49,0,39.83,41.54,1.49,3.52,4.58,6.57,29,14
n2_TrackF_r1_F88Y_M255I_OFF_T_G17,34,0.8317,0.8945,0.9886,1,2.84,0,14.27,0,42.24,0,39.12,40.67,2.16,3.9,6.11,4.68,31,10
n2_TrackF_r1_F88Y_M255I_OFF_T_G17,35,0.8313,0.8914,0.9839,0,6.25,0,14.62,0,44.39,0,41.28,43.54,1.73,3.84,5.45,6.42,36,13
n2_TrackF_r1_F88Y_M255I_OFF_T_G17,36,0.831,0.8604,0.9834,0,7.45,0,15.06,0,37.44,0,36.36,36.53,1.44,2.39,3.77,6.61,28,11
n2_TrackF_r1_F88Y_M255I_OFF_T_G17,37,0.8304,0.8917,0.9854,1,4.42,0,9.38,0,23.38,0,22.96,27.37,2.28,3.76,4.85,4.39,30,10
n2_TrackF_r1_F88Y_M255I_OFF_T_G17,38,0.8295,0.8783,0.9875,1,3.27,0,14.58,0,34.03,0,34.67,36.46,3.01,4.27,7.92,5.04,40,13
n2_TrackF_r1_F88Y_M255I_OFF_T_G17,39,0.8284,0.8644,0.983,1,4.89,0,14.36,0,41.15,0,37.58,40.13,0.67,3.02,3.8,6.27,32,13
n2_TrackF_r1_F88Y_M255I_OFF_T_G17,4,0.8569,0.9225,0.9898,1,2.09,0,12.98,0,41.41,0,37.91,40.49,2.29,3.8,5.33,2.6,33,14
n2_TrackF_r1_F88Y_M255I_OFF_T_G17,40,0.8278,0.8793,0.9842,1,3.96,0,15.37,0,38.4,0,36.06,38.04,3.24,4.78,6.4,5.75,30,13
n2_TrackF_r1_F88Y_M255I_OFF_T_G17,41,0.8275,0.8523,0.9811,0,6.78,0,14.54,0,38.38,0,36.26,37.23,0.54,4.78,4.31,7.52,25,12
n2_TrackF_r1_F88Y_M255I_OFF_T_G17,42,0.8273,0.8521,0.9836,0,6.7,0,17.21,0,42.83,0,40.72,42.97,0.4,4.41,6.22,5.65,27,13
n2_TrackF_r1_F88Y_M255I_OFF_T_G17,43,0.8263,0.8491,0.9841,1,1.89,0,13.7,0,39.7,0,38.12,39.15,2.53,2.97,3.36,1.94,36,11
n2_TrackF_r1_F88Y_M255I_OFF_T_G17,44,0.825,0.8922,0.9838,0,6.88,0,14.73,0,39.99,0,36.98,38.64,1.56,4.52,4.32,7.44,27,11
n2_TrackF_r1_F88Y_M255I_OFF_T_G17,45,0.8226,0.8602,0.9857,0,5.58,0,21.57,0,39.89,0,38.92,43.37,1.31,4.08,2.33,6.73,25,10
n2_TrackF_r1_F88Y_M255I_OFF_T_G17,46,0.8222,0.8467,0.9855,0,10.79,0,20.45,0,47.62,0,42.45,47.83,2.64,4.83,4.83,11.18,15,11
n2_TrackF_r1_F88Y_M255I_OFF_T_G17,47,0.8215,0.8409,0.986,0,5.44,0,24.76,0,28.02,0,28.39,33.25,0.84,3.24,4.45,6.51,27,11
n2_TrackF_r1_F88Y_M255I_OFF_T_G17,48,0.8212,0.8464,0.9827,0,8.07,0,27.0,0,26.91,0,25.56,28.56,2.47,3.11,2.67,6.71,36,15
n2_TrackF_r1_F88Y_M255I_OFF_T_G17,49,0.8208,0.8724,0.9798,0,5.79,0,14.62,0,36.83,0,35.01,35.74,1.76,4.6,2.83,6.68,30,11
n2_TrackF_r1_F88Y_M255I_OFF_T_G17,5,0.8551,0.9416,0.9877,1,2.84,0,10.24,0,21.11,0,20.3,24.61,1.19,2.71,3.21,4.82,35,13
n2_TrackF_r1_F88Y_M255I_OFF_T_G17,50,0.8197,0.8706,0.9819,0,6.88,0,14.35,0,38.76,0,37.49,38.0,2.46,4.41,3.4,7.4,29,12
n2_TrackF_r1_F88Y_M255I_OFF_T_G17,51,0.8191,0.8477,0.9843,1,4.54,0,17.66,0,41.26,0,37.56,39.56,1.74,2.98,1.99,5.74,32,11
n2_TrackF_r1_F88Y_M255I_OFF_T_G17,52,0.819,0.8961,0.9855,1,4.77,0,10.54,0,25.6,0,26.47,30.65,2.4,4.52,4.28,4.14,31,16
n2_TrackF_r1_F88Y_M255I_OFF_T_G17,53,0.8171,0.8533,0.984,0,5.46,0,24.91,0,33.52,0,33.25,35.14,3.18,2.84,2.57,6.73,37,17
n2_TrackF_r1_F88Y_M255I_OFF_T_G17,54,0.8167,0.9317,0.9894,0,5.28,0,9.67,0,21.6,0,22.01,26.47,0.73,3.68,3.88,5.34,38,14
n2_TrackF_r1_F88Y_M255I_OFF_T_G17,55,0.8146,0.8567,0.9823,0,7.09,0,14.89,0,43.98,0,40.37,42.42,2.44,3.3,4.99,6.05,27,14
n2_TrackF_r1_F88Y_M255I_OFF_T_G17,56,0.8146,0.8809,0.9886,0,5.35,0,23.85,0,30.96,0,33.05,37.86,0.72,2.23,2.61,5.02,26,9
n2_TrackF_r1_F88Y_M255I_OFF_T_G17,57,0.8145,0.8725,0.9878,0,5.89,0,23.85,0,33.7,0,34.41,38.11,1.21,2.76,3.26,7.09,27,11
n2_TrackF_r1_F88Y_M255I_OFF_T_G17,58,0.8143,0.8154,0.9859,0,10.05,0,22.36,0,44.04,0,42.71,48.45,2.78,6.06,4.47,9.9,13,11
n2_TrackF_r1_F88Y_M255I_OFF_T_G17,59,0.8136,0.8985,0.9868,1,1.97,0,11.21,0,43.38,0,35.51,42.44,3.35,2.92,4.27,2.95,43,13
n2_TrackF_r1_F88Y_M255I_OFF_T_G17,6,0.8536,0.8888,0.9901,1,3.13,0,22.26,0,24.97,0,25.46,29.82,1.14,3.37,2.53,1.0,33,11
n2_TrackF_r1_F88Y_M255I_OFF_T_G17,60,0.8132,0.8093,0.9812,1,2.55,0,16.02,0,39.66,0,37.73,39.7,1.7,3.63,5.55,2.86,33,13
n2_TrackF_r1_F88Y_M255I_OFF_T_G17,61,0.8129,0.7457,0.9813,0,8.36,0,28.88,0,32.41,0,39.08,36.87,2.99,3.6,4.87,6.36,38,14
n2_TrackF_r1_F88Y_M255I_OFF_T_G17,62,0.8129,0.8585,0.9856,0,6.99,0,16.22,0,36.31,0,34.83,35.84,1.42,3.94,4.93,7.42,29,12
n2_TrackF_r1_F88Y_M255I_OFF_T_G17,63,0.8127,0.8545,0.9839,0,5.43,0,24.1,0,32.78,0,33.97,38.46,0.84,2.74,5.69,6.65,29,11
n2_TrackF_r1_F88Y_M255I_OFF_T_G17,64,0.8115,0.8869,0.9885,0,5.12,0,23.9,0,27.44,0,28.41,33.35,0.93,2.82,4.4,4.34,24,10
n2_TrackF_r1_F88Y_M255I_OFF_T_G17,65,0.8113,0.9007,0.9892,1,2.8,0,10.26,0,29.08,0,32.51,32.6,1.76,3.22,6.32,2.46,31,15
n2_TrackF_r1_F88Y_M255I_OFF_T_G17,66,0.8101,0.8442,0.9872,0,5.81,0,23.97,0,32.56,0,33.63,36.79,0.68,3.61,2.45,6.88,23,10
n2_TrackF_r1_F88Y_M255I_OFF_T_G17,67,0.8081,0.8639,0.9874,0,5.92,0,15.31,0,38.99,0,36.87,38.22,1.34,5.09,4.7,6.91,27,13
n2_TrackF_r1_F88Y_M255I_OFF_T_G17,68,0.8067,0.8629,0.9877,0,5.77,0,25.34,0,36.41,0,36.74,40.04,1.58,5.02,2.65,6.76,23,10
n2_TrackF_r1_F88Y_M255I_OFF_T_G17,69,0.8053,0.8538,0.9845,1,3.45,0,8.3,0,26.37,0,24.44,29.5,0.71,2.54,5.11,3.64,31,11
n2_TrackF_r1_F88Y_M255I_OFF_T_G17,7,0.8519,0.9126,0.9902,1,2.15,0,13.43,0,38.41,0,36.57,38.18,2.81,4.48,4.99,4.06,32,10
n2_TrackF_r1_F88Y_M255I_OFF_T_G17,70,0.8048,0.8035,0.9881,1,3.86,0,11.05,0,11.56,0,12.42,16.05,1.4,2.76,6.53,3.32,31,12
n2_TrackF_r1_F88Y_M255I_OFF_T_G17,71,0.8047,0.8667,0.985,1,4.66,0,23.07,0,41.12,0,40.79,45.72,2.2,3.53,3.88,3.74,25,10
n2_TrackF_r1_F88Y_M255I_OFF_T_G17,72,0.8042,0.8384,0.9854,1,4.31,0,22.65,0,25.89,0,26.63,31.54,1.43,2.6,5.3,4.51,24,10
n2_TrackF_r1_F88Y_M255I_OFF_T_G17,73,0.8031,0.8075,0.979,0,12.6,0,19.0,0,27.52,0,26.78,31.65,3.38,3.64,5.15,13.42,17,10
n2_TrackF_r1_F88Y_M255I_OFF_T_G17,74,0.803,0.7807,0.9807,0,5.72,0,14.27,0,23.85,0,17.19,23.9,1.3,5.87,5.66,7.01,25,10
n2_TrackF_r1_F88Y_M255I_OFF_T_G17,75,0.8018,0.8236,0.9839,0,5.48,0,25.44,0,32.98,0,35.21,38.87,1.55,3.88,6.48,5.81,26,10
n2_TrackF_r1_F88Y_M255I_OFF_T_G17,76,0.7999,0.8745,0.9844,1,4.35,0,8.73,0,21.23,0,20.15,25.47,0.55,2.81,7.81,5.32,39,16
n2_TrackF_r1_F88Y_M255I_OFF_T_G17,77,0.7996,0.8685,0.9863,1,2.49,0,7.11,0,25.56,0,23.24,29.51,1.4,3.67,7.85,3.65,39,16
n2_TrackF_r1_F88Y_M255I_OFF_T_G17,78,0.7995,0.8695,0.9876,0,9.29,0,17.5,0,53.72,0,48.49,55.25,2.95,3.66,1.21,7.99,24,11
n2_TrackF_r1_F88Y_M255I_OFF_T_G17,79,0.7992,0.7765,0.9839,0,12.71,0,27.78,0,56.66,0,55.46,56.54,4.29,3.92,2.41,14.2,14,6
n2_TrackF_r1_F88Y_M255I_OFF_T_G17,8,0.8491,0.9019,0.9869,1,4.95,0,15.55,0,39.48,0,37.3,38.96,1.55,4.46,4.46,4.61,42,13
n2_TrackF_r1_F88Y_M255I_OFF_T_G17,80,0.7992,0.7702,0.9868,1,3.18,0,23.88,0,60.24,0,54.24,60.54,2.0,5.86,10.41,2.89,52,16
n2_TrackF_r1_F88Y_M255I_OFF_T_G17,81,0.7987,0.8948,0.9888,1,3.73,0,23.12,0,14.65,0,18.64,21.03,1.6,3.43,8.94,4.0,32,11
n2_TrackF_r1_F88Y_M255I_OFF_T_G17,82,0.7974,0.802,0.979,1,4.97,0,15.78,0,40.26,0,36.73,39.45,3.22,5.46,7.14,6.07,21,10
n2_TrackF_r1_F88Y_M255I_OFF_T_G17,83,0.7959,0.782,0.9836,0,6.64,0,16.79,0,45.12,0,44.48,46.2,1.67,4.22,8.09,5.83,43,15
n2_TrackF_r1_F88Y_M255I_OFF_T_G17,84,0.7894,0.85,0.9832,1,3.48,0,6.93,0,19.88,0,19.19,24.67,2.28,2.98,3.34,2.16,37,14
n2_TrackF_r1_F88Y_M255I_OFF_T_G17,85,0.7874,0.8339,0.9813,1,4.76,0,11.16,0,24.17,0,18.12,23.66,2.1,3.85,6.62,5.43,33,14
n2_TrackF_r1_F88Y_M255I_OFF_T_G17,86,0.7871,0.8263,0.9824,1,4.81,0,9.32,0,19.32,0,19.21,24.93,1.54,4.65,4.79,5.56,41,16
n2_TrackF_r1_F88Y_M255I_OFF_T_G17,87,0.7853,0.8959,0.9899,1,2.45,0,8.84,0,24.98,0,21.35,26.46,1.37,4.05,4.71,3.38,38,14
n2_TrackF_r1_F88Y_M255I_OFF_T_G17,88,0.7822,0.7892,0.9811,0,5.35,0,24.8,0,24.85,0,28.1,31.39,1.44,3.88,6.16,4.84,26,9
n2_TrackF_r1_F88Y_M255I_OFF_T_G17,89,0.7812,0.8209,0.9843,0,5.32,0,26.12,0,34.88,0,38.3,40.87,1.88,3.39,5.69,5.68,24,10
n2_TrackF_r1_F88Y_M255I_OFF_T_G17,9,0.8488,0.9059,0.9882,0,6.86,0,15.52,0,39.54,0,38.13,38.59,2.5,4.57,4.38,4.97,35,13
n2_TrackF_r1_F88Y_M255I_OFF_T_G17,90,0.7748,0.7203,0.9781,0,5.27,0,23.99,0,28.53,0,29.95,34.53,1.38,3.87,8.77,4.6,24,10
n2_TrackF_r1_F88Y_M255I_OFF_T_G17,91,0.7737,0.7467,0.9786,0,5.21,0,23.23,0,32.89,0,33.98,38.21,2.45,4.96,3.76,4.41,25,9
n2_TrackF_r1_F88Y_M255I_OFF_T_G17,92,0.7718,0.5948,0.9764,1,4.24,0,17.86,0,44.54,0,37.62,43.76,2.57,1.57,6.0,4.14,40,16
n2_TrackF_r1_F88Y_M255I_OFF_T_G17,93,0.7646,0.7273,0.9822,0,6.84,0,17.85,0,46.64,0,42.6,44.99,1.79,2.27,7.54,5.15,37,13
n2_TrackF_r1_F88Y_M255I_OFF_T_G17,94,0.7633,0.7384,0.9799,0,5.6,0,15.74,0,40.18,0,38.1,40.44,1.82,2.69,6.21,6.84,26,14
n2_TrackF_r1_F88Y_M255I_OFF_T_G17,95,0.7624,0.7025,0.9806,1,4.86,0,9.5,0,24.89,0,21.34,27.07,1.97,2.43,3.97,5.54,33,12
n2_TrackF_r1_F88Y_M255I_OFF_T_G17,96,0.762,0.6218,0.9796,0,5.72,0,18.45,0,35.47,0,37.15,37.22,1.59,0.96,3.37,4.83,48,15
n2_TrackF_r1_F88Y_M255I_OFF_T_G17,97,0.7489,0.6549,0.979,1,4.1,0,13.89,0,36.15,0,34.74,36.26,3.62,4.13,3.62,3.67,32,12
n2_TrackF_r1_F88Y_M255I_OFF_T_G17,98,0.7427,0.6308,0.9757,1,3.68,0,9.32,0,18.94,0,19.39,23.79,1.25,4.93,3.9,4.33,46,15
n2_TrackF_r1_F88Y_M255I_OFF_T_G17,99,0.7316,0.5712,0.97,1,4.25,0,11.79,1,2.71,0,11.32,6.16,2.77,4.13,2.42,2.48,38,19
n2_TrackF_r1_F88Y_M255I_S1_G17,0,0.8469,0.8327,0.9856,1,3.26,0,20.72,0,28.95,0,20.01,26.74,2.2,6.14,12.21,2.59,45,14
n2_TrackF_r1_F88Y_M255I_S1_G17,1,0.8445,0.915,0.9879,1,1.23,0,15.82,0,29.85,0,23.34,30.48,2.07,3.39,2.9,3.36,36,14
n2_TrackF_r1_F88Y_M255I_S1_G17,10,0.8281,0.8661,0.9902,1,4.83,0,12.72,0,18.46,0,8.18,15.47,1.03,2.64,4.01,4.81,35,10
n2_TrackF_r1_F88Y_M255I_S1_G17,11,0.8267,0.8139,0.988,1,3.63,0,14.09,0,18.36,0,8.62,15.51,1.36,4.3,6.96,3.95,30,10
n2_TrackF_r1_F88Y_M255I_S1_G17,12,0.8265,0.8376,0.9895,1,3.64,0,11.29,0,17.15,0,9.19,15.31,1.1,4.32,2.23,3.4,30,10
n2_TrackF_r1_F88Y_M255I_S1_G17,13,0.8234,0.8061,0.9868,1,3.82,0,11.4,0,16.95,0,7.81,14.62,1.75,3.0,4.0,3.14,32,11
n2_TrackF_r1_F88Y_M255I_S1_G17,14,0.8231,0.8415,0.992,1,3.09,1,2.56,0,40.16,0,30.08,38.13,3.2,4.39,4.63,3.16,43,14
n2_TrackF_r1_F88Y_M255I_S1_G17,15,0.822,0.8037,0.9874,1,4.14,0,11.02,0,17.39,0,7.22,14.54,2.11,5.71,1.82,3.37,36,10
n2_TrackF_r1_F88Y_M255I_S1_G17,16,0.8218,0.8213,0.987,0,5.27,0,15.57,0,14.46,0,5.82,12.53,1.88,4.76,4.51,6.34,27,9
n2_TrackF_r1_F88Y_M255I_S1_G17,17,0.8208,0.8412,0.9895,1,2.8,1,4.11,1,2.94,1,3.44,4.76,1.75,3.07,3.23,4.15,43,13
n2_TrackF_r1_F88Y_M255I_S1_G17,18,0.8191,0.8403,0.9873,0,6.15,0,14.72,0,17.15,0,7.27,13.96,2.57,4.15,5.44,6.66,29,11
n2_TrackF_r1_F88Y_M255I_S1_G17,19,0.8179,0.8088,0.9884,0,6.87,1,4.24,1,4.66,1,3.62,1.66,3.02,2.23,2.73,6.82,37,13
n2_TrackF_r1_F88Y_M255I_S1_G17,2,0.8441,0.8467,0.9889,1,1.74,0,16.81,0,36.33,0,25.69,33.23,2.17,5.29,10.85,1.88,41,12
n2_TrackF_r1_F88Y_M255I_S1_G17,20,0.8178,0.9183,0.992,1,1.82,0,18.28,0,31.84,0,21.23,29.09,1.58,6.45,8.1,2.02,40,16
n2_TrackF_r1_F88Y_M255I_S1_G17,21,0.8175,0.8248,0.988,0,6.1,1,3.28,0,29.4,0,19.57,27.07,2.39,0.69,3.18,6.04,39,13
n2_TrackF_r1_F88Y_M255I_S1_G17,22,0.8173,0.9374,0.9919,1,2.23,0,15.85,0,38.1,0,30.7,38.42,1.98,3.6,8.09,0.42,45,15
n2_TrackF_r1_F88Y_M255I_S1_G17,23,0.8166,0.7864,0.9857,1,3.37,1,3.56,1,1.7,1,3.92,4.61,0.64,4.18,6.55,4.45,41,14
n2_TrackF_r1_F88Y_M255I_S1_G17,24,0.8162,0.7958,0.9869,1,3.97,0,12.73,0,21.99,0,11.81,19.44,2.25,4.03,3.1,3.79,30,9
n2_TrackF_r1_F88Y_M255I_S1_G17,25,0.8158,0.8358,0.9883,0,6.24,1,3.45,1,1.57,1,2.82,4.79,1.8,2.79,5.62,6.95,41,12
n2_TrackF_r1_F88Y_M255I_S1_G17,26,0.8157,0.8341,0.9892,1,2.84,1,4.19,1,2.51,1,3.46,3.62,0.63,2.44,7.26,3.71,38,14
n2_TrackF_r1_F88Y_M255I_S1_G17,27,0.8149,0.8192,0.9888,1,4.92,0,12.92,0,16.32,0,7.68,14.07,1.74,2.09,2.61,4.74,27,10
n2_TrackF_r1_F88Y_M255I_S1_G17,28,0.8142,0.8463,0.9856,1,1.55,0,11.23,0,27.16,0,21.2,27.92,1.77,2.69,2.78,3.1,52,17
n2_TrackF_r1_F88Y_M255I_S1_G17,29,0.8141,0.8809,0.9867,0,6.89,0,11.1,0,32.57,0,31.91,33.04,1.91,5.69,5.04,6.69,23,10
n2_TrackF_r1_F88Y_M255I_S1_G17,3,0.8386,0.9112,0.9888,1,2.67,0,21.26,0,33.83,0,25.19,31.87,1.88,3.85,4.61,2.77,29,10
n2_TrackF_r1_F88Y_M255I_S1_G17,30,0.8126,0.7724,0.9833,1,4.42,0,11.56,0,22.5,0,12.31,19.23,2.04,3.62,2.81,3.79,30,11
n2_TrackF_r1_F88Y_M255I_S1_G17,31,0.8103,0.7944,0.9853,0,6.06,0,13.3,0,18.61,0,8.75,15.9,2.4,3.34,2.69,5.93,25,8
n2_TrackF_r1_F88Y_M255I_S1_G17,32,0.8098,0.8089,0.9879,1,2.91,1,4.98,1,1.74,1,5.7,5.67,1.16,3.23,4.97,4.23,41,14
n2_TrackF_r1_F88Y_M255I_S1_G17,33,0.8091,0.7991,0.9835,0,6.4,1,2.94,0,22.91,0,17.73,24.88,3.07,3.68,3.46,6.5,43,12
n2_TrackF_r1_F88Y_M255I_S1_G17,34,0.809,0.7712,0.987,0,5.27,0,14.48,0,16.09,0,9.43,16.74,2.16,4.45,6.78,4.1,24,9
n2_TrackF_r1_F88Y_M255I_S1_G17,35,0.8089,0.7691,0.987,0,7.09,1,3.16,1,4.21,1,3.58,2.19,2.08,3.03,4.03,7.18,39,11
n2_TrackF_r1_F88Y_M255I_S1_G17,36,0.8084,0.799,0.987,1,3.38,1,4.23,1,2.08,1,4.57,5.67,3.37,3.39,5.17,4.21,38,13
n2_TrackF_r1_F88Y_M255I_S1_G17,37,0.8084,0.7698,0.9849,0,5.01,0,15.08,0,14.89,0,4.54,12.23,2.71,4.61,5.04,4.64,32,9
n2_TrackF_r1_F88Y_M255I_S1_G17,38,0.8071,0.7926,0.9869,1,2.54,1,3.09,1,2.89,1,4.1,6.8,2.71,3.84,4.41,6.19,37,13
n2_TrackF_r1_F88Y_M255I_S1_G17,39,0.8069,0.92,0.9887,1,1.28,0,8.97,0,41.78,0,32.43,39.11,1.92,2.69,3.56,0.91,46,18
n2_TrackF_r1_F88Y_M255I_S1_G17,4,0.8382,0.8379,0.992,1,2.94,1,4.34,0,39.96,0,31.78,39.47,3.54,5.41,2.0,2.26,41,12
n2_TrackF_r1_F88Y_M255I_S1_G17,40,0.8069,0.7897,0.9865,1,2.08,1,2.41,1,2.28,1,3.78,5.0,1.96,3.79,3.72,2.16,45,15
n2_TrackF_r1_F88Y_M255I_S1_G17,41,0.8066,0.7636,0.9851,1,1.39,0,13.5,0,28.25,0,20.78,28.01,0.76,2.84,5.43,2.68,30,12
n2_TrackF_r1_F88Y_M255I_S1_G17,42,0.8065,0.7972,0.9888,1,3.5,0,10.05,0,16.75,0,6.96,14.15,2.65,4.83,3.28,3.22,39,12
n2_TrackF_r1_F88Y_M255I_S1_G17,43,0.8062,0.7441,0.9851,1,3.07,0,11.09,0,17.19,0,6.35,13.84,0.93,3.87,2.06,4.75,31,11
n2_TrackF_r1_F88Y_M255I_S1_G17,44,0.8054,0.7989,0.9866,1,4.5,0,12.69,0,17.8,0,8.07,14.92,1.22,3.68,3.76,4.64,27,9
n2_TrackF_r1_F88Y_M255I_S1_G17,45,0.8051,0.9086,0.9866,0,5.33,0,13.56,0,5.55,0,3.03,3.42,0.97,2.94,2.72,4.48,57,17
n2_TrackF_r1_F88Y_M255I_S1_G17,46,0.8038,0.7439,0.9815,1,2.95,0,15.51,0,17.36,0,7.98,14.38,2.79,3.98,2.96,1.62,34,11
n2_TrackF_r1_F88Y_M255I_S1_G17,47,0.8034,0.8379,0.9875,1,2.97,0,17.97,0,20.84,0,12.34,19.89,2.81,3.17,5.04,4.84,25,11
n2_TrackF_r1_F88Y_M255I_S1_G17,48,0.8021,0.9144,0.99,1,0.97,0,11.33,0,39.08,0,29.02,36.21,2.72,5.23,3.3,2.83,47,18
n2_TrackF_r1_F88Y_M255I_S1_G17,49,0.8017,0.7878,0.9877,1,2.7,1,4.53,1,2.68,1,2.92,4.14,2.77,3.7,6.02,5.13,36,12
n2_TrackF_r1_F88Y_M255I_S1_G17,5,0.8379,0.8604,0.9906,1,4.12,0,17.23,0,16.12,0,6.89,14.04,1.65,4.87,3.79,3.68,31,11
n2_TrackF_r1_F88Y_M255I_S1_G17,50,0.8005,0.7677,0.9871,1,3.14,1,3.56,1,2.33,1,3.66,3.62,3.01,3.73,4.28,4.73,42,14
n2_TrackF_r1_F88Y_M255I_S1_G17,51,0.8,0.7795,0.9872,1,3.25,1,3.39,1,2.65,1,3.51,3.84,2.37,3.82,4.98,5.48,39,14
n2_TrackF_r1_F88Y_M255I_S1_G17,52,0.7986,0.7126,0.9837,1,4.68,1,3.93,1,4.57,1,3.56,3.71,2.43,4.02,5.51,4.71,37,10
n2_TrackF_r1_F88Y_M255I_S1_G17,53,0.7984,0.773,0.985,1,2.43,1,4.3,0,5.54,0,2.68,4.33,3.07,3.66,5.55,4.99,36,10
n2_TrackF_r1_F88Y_M255I_S1_G17,54,0.7982,0.8012,0.9897,1,4.8,1,3.26,1,3.2,1,2.89,3.37,0.51,2.8,3.85,3.14,36,12
n2_TrackF_r1_F88Y_M255I_S1_G17,55,0.7981,0.7645,0.987,1,2.89,0,13.08,0,21.67,0,12.36,18.92,2.6,3.35,4.5,3.18,28,8
n2_TrackF_r1_F88Y_M255I_S1_G17,56,0.7976,0.7042,0.9817,0,6.0,1,4.75,1,2.0,1,3.27,3.82,1.32,1.56,4.05,6.35,42,11
n2_TrackF_r1_F88Y_M255I_S1_G17,57,0.797,0.7686,0.9866,0,6.31,0,18.31,0,6.28,0,3.04,7.53,3.7,5.86,11.64,6.21,28,7
n2_TrackF_r1_F88Y_M255I_S1_G17,58,0.7951,0.7308,0.9854,1,3.27,1,3.83,1,3.15,1,3.5,3.35,3.3,3.03,5.16,4.34,39,13
n2_TrackF_r1_F88Y_M255I_S1_G17,59,0.7949,0.7597,0.9857,1,2.44,1,3.15,1,2.76,1,3.79,4.3,0.81,4.15,5.74,3.6,39,15
n2_TrackF_r1_F88Y_M255I_S1_G17,6,0.8358,0.9216,0.9906,1,4.07,0,7.21,0,32.63,0,32.21,33.85,1.44,2.68,5.3,4.52,29,10
n2_TrackF_r1_F88Y_M255I_S1_G17,60,0.7947,0.7493,0.9866,1,2.31,0,12.68,0,41.49,0,31.24,38.92,3.73,6.94,10.54,2.14,51,12
n2_TrackF_r1_F88Y_M255I_S1_G17,61,0.7944,0.7371,0.9847,0,8.03,1,3.77,1,3.47,1,2.46,2.7,2.4,3.16,5.63,7.08,36,14
n2_TrackF_r1_F88Y_M255I_S1_G17,62,0.7931,0.7303,0.9846,1,2.74,1,4.19,1,1.87,1,3.42,4.11,2.98,5.27,5.09,4.81,35,13
n2_TrackF_r1_F88Y_M255I_S1_G17,63,0.7931,0.8057,0.9846,1,2.26,0,10.14,0,40.43,0,32.03,38.29,1.42,3.46,4.63,2.26,46,18
n2_TrackF_r1_F88Y_M255I_S1_G17,64,0.7922,0.7154,0.9859,0,7.46,1,3.52,1,4.2,1,2.45,3.72,2.21,3.61,4.72,6.25,33,13
n2_TrackF_r1_F88Y_M255I_S1_G17,65,0.7911,0.7749,0.9871,1,3.14,1,3.25,1,2.14,1,2.93,5.07,1.66,3.02,4.48,4.2,33,12
n2_TrackF_r1_F88Y_M255I_S1_G17,66,0.7903,0.7321,0.9835,0,7.45,0,11.3,0,18.72,0,9.99,17.84,3.13,2.25,2.73,5.91,30,9
n2_TrackF_r1_F88Y_M255I_S1_G17,67,0.7894,0.7613,0.9843,1,3.98,1,3.01,1,3.05,1,5.99,7.34,2.49,1.97,4.86,4.9,41,12
n2_TrackF_r1_F88Y_M255I_S1_G17,68,0.7886,0.7251,0.9836,1,2.78,1,3.68,1,3.3,1,3.43,4.16,1.65,4.22,5.29,3.9,36,13
n2_TrackF_r1_F88Y_M255I_S1_G17,69,0.7885,0.7523,0.9841,1,3.23,0,17.26,0,18.74,0,8.88,16.17,3.14,4.37,3.27,3.62,32,13
n2_TrackF_r1_F88Y_M255I_S1_G17,7,0.8305,0.8264,0.9881,1,4.91,0,11.0,0,16.14,0,5.62,13.34,0.99,5.51,3.61,4.51,36,13
n2_TrackF_r1_F88Y_M255I_S1_G17,70,0.7882,0.704,0.9819,1,1.02,0,22.46,0,29.32,0,20.03,27.72,0.97,7.28,12.06,2.47,39,13
n2_TrackF_r1_F88Y_M255I_S1_G17,71,0.7874,0.7116,0.9829,1,4.32,1,3.2,1,3.18,1,0.89,4.01,0.85,1.97,6.09,5.26,38,13
n2_TrackF_r1_F88Y_M255I_S1_G17,72,0.7871,0.6909,0.9804,0,7.11,1,4.34,1,3.97,1,2.93,4.17,2.79,3.81,5.0,6.58,31,12
n2_TrackF_r1_F88Y_M255I_S1_G17,73,0.7851,0.6845,0.983,0,5.63,1,4.73,1,3.74,1,3.2,3.43,0.67,2.3,4.03,5.78,35,13
n2_TrackF_r1_F88Y_M255I_S1_G17,74,0.7848,0.7335,0.9848,1,2.43,1,4.53,1,2.68,1,3.32,3.87,3.05,4.19,2.84,5.26,40,12
n2_TrackF_r1_F88Y_M255I_S1_G17,75,0.7841,0.7016,0.9834,1,4.3,1,3.96,1,1.81,1,3.77,4.42,0.92,2.45,3.73,5.18,49,13
n2_TrackF_r1_F88Y_M255I_S1_G17,76,0.7834,0.7292,0.9799,0,6.11,0,10.72,0,12.97,0,4.47,11.38,2.09,3.12,3.28,6.08,36,12
n2_TrackF_r1_F88Y_M255I_S1_G17,77,0.7832,0.6833,0.9806,0,7.7,1,4.86,1,3.3,1,3.4,2.03,1.46,1.95,5.59,6.8,26,13
n2_TrackF_r1_F88Y_M255I_S1_G17,78,0.7831,0.6809,0.9821,1,2.93,1,4.24,1,2.61,1,2.92,4.12,3.06,3.52,4.29,4.36,39,12
n2_TrackF_r1_F88Y_M255I_S1_G17,79,0.7828,0.6999,0.9824,0,6.12,1,3.15,1,4.74,1,4.18,4.14,1.36,1.56,4.93,6.47,41,12
n2_TrackF_r1_F88Y_M255I_S1_G17,8,0.8304,0.8046,0.9901,1,2.56,1,3.28,0,37.39,0,29.49,37.3,2.7,5.33,3.41,2.79,41,13
n2_TrackF_r1_F88Y_M255I_S1_G17,80,0.7827,0.8274,0.9828,1,3.78,0,8.76,1,3.35,0,3.63,4.15,2.03,3.22,2.96,3.35,55,15
n2_TrackF_r1_F88Y_M255I_S1_G17,81,0.7811,0.6891,0.9844,1,3.43,1,3.7,1,2.62,1,3.07,3.64,0.56,2.78,5.35,4.22,40,12
n2_TrackF_r1_F88Y_M255I_S1_G17,82,0.7769,0.6874,0.9814,1,2.37,1,2.72,1,3.55,1,3.55,4.44,1.82,4.0,4.73,4.16,43,14
n2_TrackF_r1_F88Y_M255I_S1_G17,83,0.7758,0.7754,0.9899,1,2.97,0,11.92,0,39.47,0,29.61,36.46,1.68,1.98,4.6,1.59,46,20
n2_TrackF_r1_F88Y_M255I_S1_G17,84,0.7756,0.6956,0.982,1,1.79,0,18.35,0,30.45,0,24.7,31.07,1.49,3.69,10.23,2.77,48,15
n2_TrackF_r1_F88Y_M255I_S1_G17,85,0.7741,0.6551,0.9827,0,6.64,1,3.54,1,2.64,1,3.06,2.89,2.42,5.33,4.17,6.6,36,12
n2_TrackF_r1_F88Y_M255I_S1_G17,86,0.7723,0.6888,0.9807,1,2.64,0,17.49,0,36.29,0,25.25,33.11,0.87,5.18,8.76,1.41,44,16
n2_TrackF_r1_F88Y_M255I_S1_G17,87,0.7699,0.6713,0.9824,0,6.48,1,3.18,1,3.58,1,2.9,3.08,3.04,5.27,4.75,6.55,38,14
n2_TrackF_r1_F88Y_M255I_S1_G17,88,0.769,0.6304,0.9771,1,4.19,0,15.66,0,17.26,0,8.77,16.03,1.58,2.29,3.77,4.17,25,9
n2_TrackF_r1_F88Y_M255I_S1_G17,89,0.7666,0.637,0.98,1,2.46,1,3.77,1,4.04,1,3.31,3.6,0.88,3.99,3.34,3.48,41,13
n2_TrackF_r1_F88Y_M255I_S1_G17,9,0.8297,0.9076,0.9891,1,1.66,0,13.35,0,29.91,0,20.03,27.76,1.46,3.37,3.56,3.0,40,16
n2_TrackF_r1_F88Y_M255I_S1_G17,90,0.7622,0.6709,0.9801,1,1.65,0,17.51,0,30.94,0,24.19,30.57,2.32,2.93,6.81,2.36,31,10
n2_TrackF_r1_F88Y_M255I_S1_G17,91,0.7558,0.6714,0.9803,1,2.61,0,18.5,0,32.72,0,24.97,32.08,1.15,4.94,3.03,2.88,40,16
n2_TrackF_r1_F88Y_M255I_S1_G17,92,0.7539,0.6212,0.9831,1,3.16,1,2.45,0,6.36,0,2.97,4.28,1.26,3.51,4.96,3.87,34,12
n2_TrackF_r1_F88Y_M255I_S1_G17,93,0.7513,0.6112,0.9825,1,2.48,1,3.79,1,2.3,1,1.85,3.2,2.26,5.55,4.74,4.68,38,13
n2_TrackF_r1_F88Y_M255I_S1_G17,94,0.75,0.619,0.98,1,2.36,0,15.39,0,38.86,0,28.67,36.57,1.89,4.36,2.55,1.01,47,14
n2_TrackF_r1_F88Y_M255I_S1_G17,95,0.7491,0.5817,0.9814,1,2.94,1,3.29,1,1.48,1,3.13,4.69,2.04,2.39,3.04,3.74,41,13
n2_TrackF_r1_F88Y_M255I_S1_G17,96,0.7481,0.5619,0.9818,1,2.18,0,15.23,0,21.75,0,13.81,19.77,1.36,3.79,4.56,1.23,33,11
n2_TrackF_r1_F88Y_M255I_S1_G17,97,0.742,0.5416,0.9759,1,3.66,0,11.75,0,20.79,0,11.46,18.72,2.98,4.0,3.26,2.73,28,8
n2_TrackF_r1_F88Y_M255I_S1_G17,98,0.7382,0.6716,0.9826,1,2.26,0,16.08,0,41.12,0,31.55,39.21,1.41,2.45,5.31,2.09,48,18
n2_TrackF_r1_F88Y_M255I_S1_G17,99,0.7269,0.5534,0.976,1,1.35,0,18.54,0,20.84,0,12.6,19.53,1.68,3.05,7.24,2.5,45,18
n2_TrackF_r1_F88Y_M255K_OFF_T_G17,0,0.8562,0.9119,0.9882,1,3.56,0,12.48,0,36.63,0,35.49,37.0,2.4,5.07,5.01,4.37,31,11
n2_TrackF_r1_F88Y_M255K_OFF_T_G17,1,0.8538,0.9073,0.9905,1,2.13,0,13.37,0,39.43,0,38.35,39.23,2.74,4.89,3.91,4.02,31,10
n2_TrackF_r1_F88Y_M255K_OFF_T_G17,10,0.8424,0.8731,0.985,0,6.75,0,14.71,0,37.72,0,36.48,37.16,0.86,2.97,3.83,5.93,27,11
n2_TrackF_r1_F88Y_M255K_OFF_T_G17,11,0.842,0.9073,0.9857,0,5.34,0,9.7,0,29.24,0,28.0,32.47,0.58,5.34,3.93,5.67,40,18
n2_TrackF_r1_F88Y_M255K_OFF_T_G17,12,0.8404,0.8623,0.9838,1,2.31,0,15.15,0,41.11,0,38.33,40.1,2.34,3.66,5.68,4.56,32,13
n2_TrackF_r1_F88Y_M255K_OFF_T_G17,13,0.8403,0.8788,0.9836,1,3.99,0,8.6,0,34.67,0,35.42,38.9,1.37,4.52,4.03,3.47,39,15
n2_TrackF_r1_F88Y_M255K_OFF_T_G17,14,0.8381,0.9095,0.9893,1,4.39,0,10.78,0,23.85,0,22.99,26.56,3.49,3.61,6.09,5.25,28,9
n2_TrackF_r1_F88Y_M255K_OFF_T_G17,15,0.8371,0.9308,0.9906,1,3.88,0,11.88,0,33.57,0,33.63,36.49,2.75,4.35,3.0,2.43,33,16
n2_TrackF_r1_F88Y_M255K_OFF_T_G17,16,0.8363,0.8726,0.9848,0,6.44,0,16.61,0,40.72,0,37.34,39.18,1.76,3.19,3.87,4.82,27,12
n2_TrackF_r1_F88Y_M255K_OFF_T_G17,17,0.836,0.8923,0.9897,1,2.98,0,12.94,0,38.73,0,37.24,38.38,2.16,4.75,6.31,1.24,25,12
n2_TrackF_r1_F88Y_M255K_OFF_T_G17,18,0.8326,0.9019,0.9877,1,4.6,0,11.14,1,3.64,0,8.95,7.32,3.23,3.27,3.66,4.66,58,20
n2_TrackF_r1_F88Y_M255K_OFF_T_G17,19,0.8323,0.8712,0.9838,1,4.17,0,15.07,0,39.29,0,37.43,38.98,2.1,4.51,5.95,6.2,28,12
n2_TrackF_r1_F88Y_M255K_OFF_T_G17,2,0.8483,0.898,0.9883,1,3.5,0,13.96,0,40.24,0,37.9,39.81,2.56,3.87,3.95,3.05,31,10
n2_TrackF_r1_F88Y_M255K_OFF_T_G17,20,0.8315,0.9182,0.9867,1,4.11,0,9.97,0,30.37,0,26.98,31.92,3.39,3.0,4.31,3.49,46,19
n2_TrackF_r1_F88Y_M255K_OFF_T_G17,21,0.8315,0.8682,0.9873,0,6.41,0,14.3,0,41.39,0,38.88,40.24,2.66,3.43,5.31,6.95,29,11
n2_TrackF_r1_F88Y_M255K_OFF_T_G17,22,0.8304,0.816,0.982,1,2.0,0,16.05,0,38.2,0,36.8,38.58,1.75,5.78,5.36,2.29,27,9
n2_TrackF_r1_F88Y_M255K_OFF_T_G17,23,0.8294,0.8826,0.9847,0,5.16,0,14.42,0,42.57,0,39.68,41.5,2.31,3.44,4.27,6.9,23,13
n2_TrackF_r1_F88Y_M255K_OFF_T_G17,24,0.8293,0.846,0.9811,0,5.55,0,17.4,0,34.89,0,34.43,35.07,3.22,5.09,5.58,5.04,28,12
n2_TrackF_r1_F88Y_M255K_OFF_T_G17,25,0.8284,0.8808,0.9833,1,4.68,0,20.87,0,29.95,0,28.62,31.16,0.74,2.98,3.15,5.65,46,17
n2_TrackF_r1_F88Y_M255K_OFF_T_G17,26,0.8277,0.8632,0.9837,0,7.15,0,13.68,0,41.63,0,38.46,40.42,1.52,2.91,4.58,7.89,29,13
n2_TrackF_r1_F88Y_M255K_OFF_T_G17,27,0.8269,0.8943,0.9898,0,5.6,0,24.37,0,25.4,0,29.33,32.16,0.38,4.68,6.71,4.45,22,8
n2_TrackF_r1_F88Y_M255K_OFF_T_G17,28,0.8264,0.8325,0.9859,0,5.59,0,24.82,0,37.59,0,39.81,39.2,2.05,3.92,3.3,5.61,43,14
n2_TrackF_r1_F88Y_M255K_OFF_T_G17,29,0.826,0.8894,0.9896,0,5.55,0,24.18,0,31.01,0,35.7,38.45,1.58,3.58,2.73,6.67,23,10
n2_TrackF_r1_F88Y_M255K_OFF_T_G17,3,0.848,0.9357,0.9916,0,5.08,0,13.96,0,40.44,0,37.28,39.43,2.48,4.0,5.64,3.86,32,13
n2_TrackF_r1_F88Y_M255K_OFF_T_G17,30,0.8259,0.8724,0.9807,1,5.0,0,14.38,0,35.57,0,33.8,34.72,1.38,4.85,3.3,6.63,35,12
n2_TrackF_r1_F88Y_M255K_OFF_T_G17,31,0.8257,0.9072,0.986,0,6.06,0,11.64,0,37.02,0,36.53,36.22,3.16,3.44,6.6,7.43,26,12
n2_TrackF_r1_F88Y_M255K_OFF_T_G17,32,0.8231,0.8108,0.9842,0,6.12,0,13.01,0,21.44,0,24.86,29.45,1.27,4.36,3.83,3.75,27,9
n2_TrackF_r1_F88Y_M255K_OFF_T_G17,33,0.823,0.8454,0.985,0,5.45,0,25.56,0,25.7,0,30.63,32.31,1.83,3.54,7.71,5.71,23,8
n2_TrackF_r1_F88Y_M255K_OFF_T_G17,34,0.8225,0.8708,0.9858,0,5.14,0,14.45,0,42.1,0,39.34,41.49,1.7,4.59,4.24,7.02,29,12
n2_TrackF_r1_F88Y_M255K_OFF_T_G17,35,0.8208,0.8822,0.9879,1,4.19,0,23.64,0,31.45,0,34.43,39.63,1.6,3.36,2.39,5.07,28,8
n2_TrackF_r1_F88Y_M255K_OFF_T_G17,36,0.82,0.8897,0.9848,1,4.8,0,10.42,0,23.31,0,27.15,32.08,2.13,4.41,3.17,4.14,32,15
n2_TrackF_r1_F88Y_M255K_OFF_T_G17,37,0.8184,0.8776,0.9828,0,5.88,0,14.41,0,43.73,0,41.66,43.48,1.02,4.43,6.76,5.6,31,11
n2_TrackF_r1_F88Y_M255K_OFF_T_G17,38,0.8183,0.8353,0.9851,0,5.77,0,20.22,0,51.23,0,47.65,51.87,2.35,1.05,8.34,5.61,35,12
n2_TrackF_r1_F88Y_M255K_OFF_T_G17,39,0.8175,0.9279,0.9905,1,4.28,0,10.48,0,13.85,0,13.18,11.09,1.42,4.11,3.46,5.25,33,15
n2_TrackF_r1_F88Y_M255K_OFF_T_G17,4,0.8475,0.8946,0.9889,1,1.87,0,13.19,0,38.66,0,37.42,38.65,3.71,3.15,6.03,3.62,35,14
n2_TrackF_r1_F88Y_M255K_OFF_T_G17,40,0.8171,0.8676,0.98,0,5.29,0,14.18,0,38.0,0,36.68,37.11,1.37,4.52,3.47,5.81,30,11
n2_TrackF_r1_F88Y_M255K_OFF_T_G17,41,0.8164,0.8646,0.9797,0,6.52,0,17.59,0,28.02,0,27.22,29.73,2.9,4.89,3.51,4.37,51,19
n2_TrackF_r1_F88Y_M255K_OFF_T_G17,42,0.815,0.9209,0.9888,0,5.33,0,11.44,0,28.77,0,27.01,32.62,3.42,3.93,4.39,5.74,46,18
n2_TrackF_r1_F88Y_M255K_OFF_T_G17,43,0.8146,0.8352,0.9808,0,5.77,0,15.21,0,35.7,0,34.58,35.82,0.91,5.38,4.5,6.63,24,10
n2_TrackF_r1_F88Y_M255K_OFF_T_G17,44,0.8145,0.8802,0.9839,0,5.8,0,8.68,0,23.5,0,24.83,28.81,3.21,3.51,4.21,5.04,49,18
n2_TrackF_r1_F88Y_M255K_OFF_T_G17,45,0.8141,0.8749,0.9887,0,5.88,0,23.77,0,32.92,0,35.19,40.23,1.02,2.63,3.53,7.13,27,11
n2_TrackF_r1_F88Y_M255K_OFF_T_G17,46,0.8139,0.8567,0.9805,1,4.87,0,9.88,1,4.26,0,9.54,8.89,2.97,5.3,2.89,4.07,38,18
n2_TrackF_r1_F88Y_M255K_OFF_T_G17,47,0.8137,0.8145,0.9823,0,6.44,0,13.41,0,35.09,0,35.37,35.19,1.08,2.67,8.62,6.35,41,15
n2_TrackF_r1_F88Y_M255K_OFF_T_G17,48,0.813,0.8695,0.984,0,5.67,0,24.61,0,33.73,0,36.53,40.98,0.52,1.96,4.26,6.71,30,12
n2_TrackF_r1_F88Y_M255K_OFF_T_G17,49,0.8125,0.8275,0.9826,1,3.72,0,8.22,0,19.32,0,21.47,25.73,1.44,4.62,3.33,3.31,38,11
n2_TrackF_r1_F88Y_M255K_OFF_T_G17,5,0.8448,0.8954,0.8004,0,6.3,0,13.55,0,37.36,0,36.31,37.22,1.75,3.55,5.36,6.57,33,14
n2_TrackF_r1_F88Y_M255K_OFF_T_G17,50,0.8122,0.8574,0.9837,0,7.78,0,23.88,0,32.2,0,30.81,34.59,2.18,2.9,3.93,7.1,42,17
n2_TrackF_r1_F88Y_M255K_OFF_T_G17,51,0.8121,0.8265,0.9835,0,8.44,0,19.42,0,43.18,0,41.16,48.1,2.92,3.97,4.24,8.15,12,10
n2_TrackF_r1_F88Y_M255K_OFF_T_G17,52,0.8113,0.8834,0.9861,0,6.63,0,23.6,0,33.91,0,32.96,36.22,0.71,2.29,2.42,6.53,39,15
n2_TrackF_r1_F88Y_M255K_OFF_T_G17,53,0.8102,0.855,0.983,1,3.7,0,8.44,0,23.5,0,23.53,29.82,1.05,2.18,6.11,3.68,35,12
n2_TrackF_r1_F88Y_M255K_OFF_T_G17,54,0.8098,0.8227,0.9835,0,5.18,0,20.09,0,52.72,0,46.36,54.43,1.29,4.71,5.66,4.52,22,11
n2_TrackF_r1_F88Y_M255K_OFF_T_G17,55,0.8096,0.7671,0.9856,0,7.2,0,27.71,0,46.12,0,46.67,49.95,2.92,3.48,3.62,6.55,36,15
n2_TrackF_r1_F88Y_M255K_OFF_T_G17,56,0.8086,0.8837,0.9844,1,2.7,0,6.85,0,22.03,0,23.46,26.14,1.78,2.37,3.54,3.97,31,13
n2_TrackF_r1_F88Y_M255K_OFF_T_G17,57,0.8081,0.8439,0.9853,0,5.81,0,9.64,0,35.12,0,36.88,40.62,1.55,4.5,4.74,5.62,40,15
n2_TrackF_r1_F88Y_M255K_OFF_T_G17,58,0.8075,0.8305,0.9809,1,4.53,0,19.84,0,32.78,0,31.28,34.06,3.64,2.27,2.88,6.43,48,17
n2_TrackF_r1_F88Y_M255K_OFF_T_G17,59,0.8075,0.81,0.9826,0,10.26,0,21.95,0,48.69,0,47.55,54.23,5.16,2.63,4.01,9.66,14,7
n2_TrackF_r1_F88Y_M255K_OFF_T_G17,6,0.8446,0.8666,0.9879,1,3.16,0,24.04,0,20.3,0,23.91,27.23,1.54,2.84,2.65,3.93,40,14
n2_TrackF_r1_F88Y_M255K_OFF_T_G17,60,0.8073,0.8526,0.9855,0,5.93,0,14.16,0,35.48,0,36.5,36.97,0.89,4.36,10.81,5.4,32,13
n2_TrackF_r1_F88Y_M255K_OFF_T_G17,61,0.806,0.7588,0.9797,1,3.03,0,21.29,0,60.66,0,52.99,59.88,2.92,4.78,9.68,2.86,30,13
n2_TrackF_r1_F88Y_M255K_OFF_T_G17,62,0.8058,0.8526,0.9863,0,5.69,0,25.25,0,30.51,0,34.77,38.87,1.36,4.28,3.14,6.44,20,7
n2_TrackF_r1_F88Y_M255K_OFF_T_G17,63,0.8055,0.8262,0.9837,1,4.25,0,23.0,0,26.44,0,26.17,28.19,1.09,4.01,8.23,4.81,30,11
n2_TrackF_r1_F88Y_M255K_OFF_T_G17,64,0.8055,0.8583,0.985,0,6.64,0,9.97,0,21.2,0,20.85,25.8,3.35,5.06,7.76,5.4,27,13
n2_TrackF_r1_F88Y_M255K_OFF_T_G17,65,0.8051,0.8709,0.9855,0,8.57,0,14.35,0,32.35,0,32.08,32.64,1.4,4.6,4.9,9.08,21,11
n2_TrackF_r1_F88Y_M255K_OFF_T_G17,66,0.8049,0.8192,0.98,1,4.68,0,16.76,0,36.75,0,37.56,36.47,1.49,4.68,1.47,5.29,28,12
n2_TrackF_r1_F88Y_M255K_OFF_T_G17,67,0.8037,0.8714,0.9862,0,5.43,0,24.3,0,27.3,0,28.41,33.37,0.38,4.53,8.95,3.79,23,9
n2_TrackF_r1_F88Y_M255K_OFF_T_G17,68,0.8034,0.7959,0.9848,0,8.43,0,24.12,0,38.46,0,40.12,42.76,1.6,4.0,3.61,7.36,36,12
n2_TrackF_r1_F88Y_M255K_OFF_T_G17,69,0.8015,0.8222,0.9817,0,6.71,0,14.53,0,36.62,0,34.62,36.13,1.6,4.0,3.01,6.82,25,11
n2_TrackF_r1_F88Y_M255K_OFF_T_G17,7,0.8438,0.8944,0.9879,0,5.53,0,13.63,0,37.79,0,36.24,37.56,1.52,4.77,4.49,6.62,26,11
n2_TrackF_r1_F88Y_M255K_OFF_T_G17,70,0.8015,0.8755,0.9852,1,2.92,0,7.86,0,24.31,0,22.65,28.04,1.31,2.31,7.89,3.99,33,13
n2_TrackF_r1_F88Y_M255K_OFF_T_G17,71,0.8001,0.8743,0.984,1,4.71,0,10.74,1,3.31,0,9.31,8.33,0.99,3.12,3.97,5.18,43,21
n2_TrackF_r1_F88Y_M255K_OFF_T_G17,72,0.7996,0.7986,0.986,0,6.66,0,25.51,0,32.21,0,34.86,37.29,1.74,3.56,4.19,6.74,35,12
n2_TrackF_r1_F88Y_M255K_OFF_T_G17,73,0.7991,0.8366,0.982,1,4.15,0,8.29,0,20.68,0,19.65,26.22,1.72,4.91,4.17,4.8,39,12
n2_TrackF_r1_F88Y_M255K_OFF_T_G17,74,0.7988,0.8595,0.9872,0,7.12,0,23.05,0,49.0,0,45.56,49.3,1.68,3.76,4.22,7.41,43,16
n2_TrackF_r1_F88Y_M255K_OFF_T_G17,75,0.7979,0.8679,0.9809,1,4.27,0,8.72,0,21.64,0,19.98,24.11,0.43,2.96,4.28,4.52,41,13
n2_TrackF_r1_F88Y_M255K_OFF_T_G17,76,0.7964,0.7126,0.9783,1,2.12,0,15.15,0,39.12,0,38.0,38.49,1.34,4.52,4.6,3.25,37,14
n2_TrackF_r1_F88Y_M255K_OFF_T_G17,77,0.7947,0.8222,0.9829,1,3.45,0,14.25,0,28.5,0,29.86,31.78,2.22,2.55,7.28,1.88,24,10
n2_TrackF_r1_F88Y_M255K_OFF_T_G17,78,0.7942,0.8817,0.9866,1,2.69,0,6.36,0,20.48,0,18.27,20.96,0.93,5.25,4.94,3.67,37,11
n2_TrackF_r1_F88Y_M255K_OFF_T_G17,79,0.794,0.813,0.9872,1,3.37,0,17.15,0,36.07,0,37.0,41.66,3.07,3.44,3.72,1.61,38,12
n2_TrackF_r1_F88Y_M255K_OFF_T_G17,8,0.843,0.8927,0.9861,1,2.19,0,13.03,0,36.61,0,37.01,36.0,2.14,2.59,4.87,3.33,32,12
n2_TrackF_r1_F88Y_M255K_OFF_T_G17,80,0.7935,0.7454,0.9806,0,6.48,0,22.37,0,35.49,0,34.1,35.87,2.22,3.44,4.1,6.55,37,14
n2_TrackF_r1_F88Y_M255K_OFF_T_G17,81,0.7925,0.8153,0.9827,0,5.27,0,10.8,0,26.9,0,26.33,29.98,4.05,4.94,4.76,5.7,43,18
n2_TrackF_r1_F88Y_M255K_OFF_T_G17,82,0.7917,0.8299,0.9834,1,4.54,0,9.13,0,21.11,0,22.17,26.72,0.84,4.31,6.84,5.57,39,16
n2_TrackF_r1_F88Y_M255K_OFF_T_G17,83,0.7915,0.7904,0.9821,1,3.69,0,9.57,0,18.78,0,13.98,15.59,1.74,4.42,4.63,4.4,38,13
n2_TrackF_r1_F88Y_M255K_OFF_T_G17,84,0.7899,0.8173,0.9823,0,5.07,0,9.43,0,24.44,0,22.44,25.52,1.76,3.74,3.89,5.97,31,14
n2_TrackF_r1_F88Y_M255K_OFF_T_G17,85,0.7861,0.7563,0.9846,1,4.59,0,8.78,0,23.27,0,24.74,29.46,3.36,4.8,3.95,5.71,27,11
n2_TrackF_r1_F88Y_M255K_OFF_T_G17,86,0.7853,0.7892,0.9829,0,5.63,0,26.14,0,30.76,0,36.16,40.62,0.98,1.97,2.23,6.12,22,8
n2_TrackF_r1_F88Y_M255K_OFF_T_G17,87,0.784,0.8229,0.9824,0,5.89,0,8.77,0,20.49,0,21.36,24.44,1.83,3.41,4.44,6.09,39,15
n2_TrackF_r1_F88Y_M255K_OFF_T_G17,88,0.7804,0.7277,0.9791,0,5.89,0,23.19,0,34.27,0,36.4,40.51,0.88,2.04,2.04,7.3,21,9
n2_TrackF_r1_F88Y_M255K_OFF_T_G17,89,0.7762,0.7209,0.9743,1,3.96,0,10.38,0,23.87,0,25.56,30.92,0.59,3.05,3.87,3.79,29,12
n2_TrackF_r1_F88Y_M255K_OFF_T_G17,9,0.8425,0.8927,0.9891,0,5.72,0,14.93,0,40.43,0,37.58,39.62,2.03,4.46,5.71,6.11,34,10
n2_TrackF_r1_F88Y_M255K_OFF_T_G17,90,0.7745,0.6274,0.9772,1,4.11,0,16.45,0,44.36,0,38.45,44.27,2.14,1.41,6.83,3.98,33,14
n2_TrackF_r1_F88Y_M255K_OFF_T_G17,91,0.7737,0.6565,0.9776,0,5.95,0,12.26,0,32.85,0,32.98,35.59,1.33,3.09,4.57,5.81,42,20
n2_TrackF_r1_F88Y_M255K_OFF_T_G17,92,0.7728,0.7759,0.9806,1,4.69,0,8.37,0,18.49,0,18.24,21.29,2.4,5.1,3.04,4.74,31,12
n2_TrackF_r1_F88Y_M255K_OFF_T_G17,93,0.7668,0.7991,0.9779,0,5.1,0,23.86,0,23.7,0,17.73,24.47,2.64,3.62,11.54,2.62,35,11
n2_TrackF_r1_F88Y_M255K_OFF_T_G17,94,0.7644,0.7471,0.9848,0,7.69,0,23.9,0,31.61,0,31.22,34.27,1.83,2.78,3.0,7.61,37,14
n2_TrackF_r1_F88Y_M255K_OFF_T_G17,95,0.76,0.6803,0.9767,0,5.06,0,11.03,0,19.33,0,20.85,26.27,1.75,4.23,3.49,5.49,33,14
n2_TrackF_r1_F88Y_M255K_OFF_T_G17,96,0.7524,0.6775,0.979,1,4.07,0,9.84,0,18.35,0,19.87,25.05,1.05,3.81,3.97,4.97,44,15
n2_TrackF_r1_F88Y_M255K_OFF_T_G17,97,0.752,0.6536,0.9717,1,3.05,0,20.34,0,26.02,0,26.7,30.23,2.37,2.66,3.2,2.55,48,17
n2_TrackF_r1_F88Y_M255K_OFF_T_G17,98,0.7355,0.414,0.9867,0,28.36,0,32.52,0,57.67,0,60.94,64.09,18.25,11.3,10.12,30.33,3,3
n2_TrackF_r1_F88Y_M255K_OFF_T_G17,99,0.7176,0.4223,0.9684,1,3.58,0,24.99,0,16.12,0,21.67,22.35,0.8,4.36,7.88,2.78,24,8
n2_TrackF_r1_F88Y_M255K_S1_G17,0,0.8501,0.8693,0.9884,1,2.1,0,14.55,0,30.91,0,23.15,30.06,1.91,4.48,11.26,2.64,43,12
n2_TrackF_r1_F88Y_M255K_S1_G17,1,0.8402,0.8462,0.9895,1,2.05,0,16.17,0,29.68,0,25.49,32.07,1.12,4.19,11.03,2.69,41,11
n2_TrackF_r1_F88Y_M255K_S1_G17,10,0.8204,0.8831,0.9849,1,2.48,0,12.86,0,29.88,0,23.99,31.75,1.67,2.11,2.55,2.84,45,14
n2_TrackF_r1_F88Y_M255K_S1_G17,11,0.8186,0.8603,0.992,1,2.14,1,3.31,0,38.17,0,30.9,37.54,2.89,4.24,4.3,3.08,47,14
n2_TrackF_r1_F88Y_M255K_S1_G17,12,0.8186,0.7742,0.9848,1,1.86,0,18.41,0,29.5,0,23.6,30.63,1.42,4.23,11.55,3.01,47,13
n2_TrackF_r1_F88Y_M255K_S1_G17,13,0.818,0.8254,0.9874,1,4.28,0,12.09,0,12.57,0,7.92,14.58,2.07,3.59,3.85,3.98,31,9
n2_TrackF_r1_F88Y_M255K_S1_G17,14,0.8168,0.7909,0.9889,1,1.59,1,2.77,0,39.35,0,31.36,37.92,1.85,2.15,3.39,2.92,39,12
n2_TrackF_r1_F88Y_M255K_S1_G17,15,0.8156,0.8123,0.986,1,2.6,0,9.3,0,32.0,0,23.93,30.9,2.41,3.73,5.08,1.87,35,12
n2_TrackF_r1_F88Y_M255K_S1_G17,16,0.8136,0.8749,0.9893,1,1.23,0,13.78,0,35.12,0,30.7,36.9,3.14,6.94,6.96,1.4,57,20
n2_TrackF_r1_F88Y_M255K_S1_G17,17,0.8131,0.7717,0.9848,1,4.08,0,12.13,0,17.96,0,9.17,15.62,1.75,3.15,3.6,4.0,29,9
n2_TrackF_r1_F88Y_M255K_S1_G17,18,0.813,0.7364,0.9828,1,1.88,0,19.77,0,29.95,0,23.33,30.13,1.02,5.44,12.57,2.57,45,12
n2_TrackF_r1_F88Y_M255K_S1_G17,19,0.813,0.7985,0.9875,1,2.77,1,3.92,0,35.86,0,28.02,34.46,1.63,2.58,3.87,2.54,45,15
n2_TrackF_r1_F88Y_M255K_S1_G17,2,0.8358,0.9156,0.9886,1,2.04,0,12.55,0,27.84,0,19.82,26.93,1.56,2.54,5.71,2.45,34,18
n2_TrackF_r1_F88Y_M255K_S1_G17,20,0.8128,0.8692,0.9849,0,6.68,0,11.83,0,31.8,0,31.82,32.66,1.67,6.17,4.32,7.2,26,10
n2_TrackF_r1_F88Y_M255K_S1_G17,21,0.8123,0.8099,0.9899,1,2.32,0,16.02,0,36.8,0,29.85,37.01,2.88,7.12,11.63,2.42,49,13
n2_TrackF_r1_F88Y_M255K_S1_G17,22,0.8123,0.773,0.9868,1,3.5,0,12.97,0,15.18,0,4.3,11.14,2.88,8.01,12.33,1.97,44,12
n2_TrackF_r1_F88Y_M255K_S1_G17,23,0.8112,0.8347,0.9876,0,5.65,0,15.59,0,23.65,0,14.81,21.51,2.51,3.37,4.56,4.79,38,14
n2_TrackF_r1_F88Y_M255K_S1_G17,24,0.8111,0.954,0.9922,1,2.76,0,11.91,0,39.36,0,32.17,39.62,3.08,2.91,3.95,2.75,48,16
n2_TrackF_r1_F88Y_M255K_S1_G17,25,0.8108,0.8887,0.989,0,5.4,0,8.78,0,31.09,0,30.94,32.33,2.5,5.01,5.67,6.47,28,9
n2_TrackF_r1_F88Y_M255K_S1_G17,26,0.8096,0.7911,0.9856,1,1.86,0,17.97,0,28.84,0,25.94,32.67,1.84,2.44,10.58,2.69,43,11
n2_TrackF_r1_F88Y_M255K_S1_G17,27,0.8095,0.7543,0.9839,1,2.96,0,14.05,0,24.3,0,20.74,27.74,0.75,3.73,5.59,3.01,25,10
n2_TrackF_r1_F88Y_M255K_S1_G17,28,0.8095,0.7721,0.985,0,7.49,1,4.12,1,3.88,1,2.83,5.06,3.3,2.68,5.51,6.67,36,14
n2_TrackF_r1_F88Y_M255K_S1_G17,29,0.8093,0.812,0.9887,1,3.31,1,3.57,1,1.21,1,7.04,9.94,2.26,3.25,4.53,4.17,37,11
n2_TrackF_r1_F88Y_M255K_S1_G17,3,0.833,0.7977,0.9859,1,1.54,0,25.32,0,24.65,0,20.12,27.03,1.31,7.8,13.78,2.31,31,9
n2_TrackF_r1_F88Y_M255K_S1_G17,30,0.809,0.7757,0.9833,1,2.84,0,21.75,0,26.65,0,23.02,29.66,1.54,3.8,6.4,2.72,31,13
n2_TrackF_r1_F88Y_M255K_S1_G17,31,0.809,0.7865,0.9872,0,7.0,1,3.25,1,3.16,1,2.56,5.09,0.66,2.54,4.54,6.68,34,13
n2_TrackF_r1_F88Y_M255K_S1_G17,32,0.8088,0.7759,0.987,1,3.05,1,3.67,1,3.87,1,3.35,3.81,2.76,2.49,4.76,4.25,39,13
n2_TrackF_r1_F88Y_M255K_S1_G17,33,0.808,0.7777,0.9868,1,1.39,0,14.67,0,34.93,0,28.95,36.58,1.81,6.66,10.11,2.4,39,12
n2_TrackF_r1_F88Y_M255K_S1_G17,34,0.8075,0.7782,0.9855,1,3.53,1,3.98,1,2.09,1,2.11,5.15,0.09,4.15,6.52,4.94,37,13
n2_TrackF_r1_F88Y_M255K_S1_G17,35,0.8074,0.8741,0.9884,1,1.5,0,16.84,0,35.37,0,27.41,34.31,1.8,3.44,2.94,1.85,44,15
n2_TrackF_r1_F88Y_M255K_S1_G17,36,0.8073,0.864,0.9856,0,5.05,0,8.06,1,2.7,0,2.36,2.61,1.71,3.14,4.2,4.3,53,18
n2_TrackF_r1_F88Y_M255K_S1_G17,37,0.8073,0.7574,0.9846,1,3.51,0,16.39,0,22.69,0,13.81,20.07,2.22,3.82,5.19,1.98,26,11
n2_TrackF_r1_F88Y_M255K_S1_G17,38,0.8069,0.763,0.9871,1,2.83,0,11.88,0,26.55,0,23.18,29.67,0.62,3.5,3.07,2.8,30,10
n2_TrackF_r1_F88Y_M255K_S1_G17,39,0.8068,0.8662,0.9868,1,3.98,0,19.52,0,18.32,0,11.15,18.01,2.76,3.73,4.16,3.03,28,11
n2_TrackF_r1_F88Y_M255K_S1_G17,4,0.8285,0.8234,0.9871,1,3.81,0,13.23,0,17.47,0,9.06,15.93,2.24,4.52,5.03,3.59,31,11
n2_TrackF_r1_F88Y_M255K_S1_G17,40,0.8058,0.8684,0.9897,1,3.51,0,16.5,0,21.86,0,13.66,20.32,1.61,4.06,7.3,3.07,34,12
n2_TrackF_r1_F88Y_M255K_S1_G17,41,0.8048,0.7936,0.9835,1,2.74,0,16.88,0,20.3,0,13.29,19.68,2.38,3.64,3.08,3.17,24,9
n2_TrackF_r1_F88Y_M255K_S1_G17,42,0.8048,0.8469,0.9866,1,2.8,0,21.78,0,28.51,0,23.32,30.06,1.82,4.11,3.35,2.55,28,11
n2_TrackF_r1_F88Y_M255K_S1_G17,43,0.8048,0.8505,0.9868,1,3.2,0,9.47,0,35.34,0,36.95,37.37,1.68,3.52,6.35,4.88,26,10
n2_TrackF_r1_F88Y_M255K_S1_G17,44,0.8037,0.745,0.9881,1,2.99,1,4.55,0,41.73,0,30.76,37.4,1.2,2.3,4.57,1.97,42,13
n2_TrackF_r1_F88Y_M255K_S1_G17,45,0.8032,0.8846,0.9874,1,4.02,0,15.38,0,21.34,0,15.65,22.03,3.34,5.07,2.74,4.91,28,12
n2_TrackF_r1_F88Y_M255K_S1_G17,46,0.8022,0.8215,0.989,1,3.28,1,4.67,1,3.55,1,2.88,4.49,1.87,3.57,6.11,4.39,40,12
n2_TrackF_r1_F88Y_M255K_S1_G17,47,0.8018,0.7923,0.9879,1,3.23,1,2.89,1,2.47,1,2.42,5.41,1.36,3.48,4.61,4.04,37,13
n2_TrackF_r1_F88Y_M255K_S1_G17,48,0.801,0.7431,0.9856,0,7.23,0,19.29,0,14.54,0,4.23,9.57,3.44,5.46,9.53,6.32,23,7
n2_TrackF_r1_F88Y_M255K_S1_G17,49,0.7998,0.7235,0.9818,1,2.56,0,18.79,0,26.55,0,22.85,29.86,2.17,4.34,12.11,2.87,33,12
n2_TrackF_r1_F88Y_M255K_S1_G17,5,0.8258,0.7962,0.9869,1,1.5,0,12.11,0,31.84,0,23.77,30.78,2.28,5.33,7.87,2.86,39,12
n2_TrackF_r1_F88Y_M255K_S1_G17,50,0.7988,0.8399,0.988,1,2.88,0,25.4,0,21.5,0,15.09,21.97,1.17,4.51,7.13,3.56,24,9
n2_TrackF_r1_F88Y_M255K_S1_G17,51,0.7979,0.8193,0.9838,1,1.93,0,20.3,0,27.44,0,23.1,30.36,1.77,4.38,0.97,3.13,37,14
n2_TrackF_r1_F88Y_M255K_S1_G17,52,0.7969,0.7323,0.9837,1,3.72,0,17.17,0,18.92,0,8.98,15.66,1.25,4.22,5.4,3.56,35,16
n2_TrackF_r1_F88Y_M255K_S1_G17,53,0.7963,0.748,0.988,1,1.65,0,9.64,0,40.09,0,31.34,37.56,1.95,1.85,2.31,2.42,40,12
n2_TrackF_r1_F88Y_M255K_S1_G17,54,0.7944,0.7278,0.9818,0,6.2,0,16.09,0,12.52,0,5.91,11.66,2.79,3.48,3.84,5.73,32,12
n2_TrackF_r1_F88Y_M255K_S1_G17,55,0.793,0.7244,0.9787,1,1.48,0,13.78,0,26.87,0,22.0,28.6,1.3,1.74,1.46,3.35,42,17
n2_TrackF_r1_F88Y_M255K_S1_G17,56,0.7929,0.9127,0.9899,1,3.77,0,15.75,0,28.31,0,18.76,25.06,2.86,2.2,2.26,3.57,40,14
n2_TrackF_r1_F88Y_M255K_S1_G17,57,0.7923,0.7369,0.9847,1,2.31,1,4.33,1,3.32,1,4.74,7.99,3.07,5.05,5.2,4.84,39,12
n2_TrackF_r1_F88Y_M255K_S1_G17,58,0.7919,0.7764,0.9834,1,1.53,0,16.9,0,35.68,0,28.43,35.31,3.03,2.38,3.98,1.16,52,18
n2_TrackF_r1_F88Y_M255K_S1_G17,59,0.7906,0.7181,0.982,1,2.77,0,17.08,0,20.5,0,11.9,18.76,2.66,4.33,3.55,4.0,32,11
n2_TrackF_r1_F88Y_M255K_S1_G17,6,0.8246,0.8411,0.9827,1,1.44,0,17.16,0,21.62,0,13.28,19.98,1.34,2.06,4.54,2.84,33,12
n2_TrackF_r1_F88Y_M255K_S1_G17,60,0.7906,0.7235,0.9867,1,3.74,0,6.47,0,20.64,0,14.0,19.82,3.21,5.16,9.99,2.14,39,13
n2_TrackF_r1_F88Y_M255K_S1_G17,61,0.7897,0.7162,0.9824,1,3.01,1,4.23,1,4.61,1,2.25,4.44,2.68,3.55,3.58,4.58,35,11
n2_TrackF_r1_F88Y_M255K_S1_G17,62,0.7866,0.8637,0.9845,0,5.64,0,14.61,0,21.91,0,15.29,20.98,3.1,3.24,3.89,4.63,35,17
n2_TrackF_r1_F88Y_M255K_S1_G17,63,0.7856,0.7087,0.9835,1,4.07,1,4.58,1,3.52,1,1.53,3.97,0.59,1.84,4.26,5.17,42,13
n2_TrackF_r1_F88Y_M255K_S1_G17,64,0.7839,0.7241,0.983,1,3.43,1,3.53,1,4.2,1,2.74,3.74,2.63,2.89,4.3,4.31,37,11
n2_TrackF_r1_F88Y_M255K_S1_G17,65,0.7837,0.7039,0.9806,1,3.96,0,14.16,0,15.11,0,7.33,14.06,2.74,4.17,3.76,3.6,30,11
n2_TrackF_r1_F88Y_M255K_S1_G17,66,0.7831,0.6922,0.9814,0,6.06,0,7.72,0,18.5,0,10.56,17.37,3.75,2.86,2.4,5.07,25,10
n2_TrackF_r1_F88Y_M255K_S1_G17,67,0.783,0.8079,0.9831,1,3.71,0,19.78,0,23.86,0,14.27,21.28,3.04,3.6,7.66,3.67,36,15
n2_TrackF_r1_F88Y_M255K_S1_G17,68,0.783,0.868,0.9811,1,4.37,1,4.47,0,7.85,0,3.35,4.94,2.9,2.49,4.1,5.82,48,17
n2_TrackF_r1_F88Y_M255K_S1_G17,69,0.7827,0.7647,0.9855,1,2.52,1,2.51,1,3.02,1,3.2,7.0,2.92,3.06,4.47,3.65,45,13
n2_TrackF_r1_F88Y_M255K_S1_G17,7,0.8245,0.9267,0.9904,1,2.09,0,17.26,0,26.92,0,22.45,29.53,3.5,5.82,5.48,1.5,34,14
n2_TrackF_r1_F88Y_M255K_S1_G17,70,0.7816,0.7179,0.9799,1,2.71,0,11.88,0,36.49,0,29.13,35.17,3.09,6.22,9.65,1.66,46,13
n2_TrackF_r1_F88Y_M255K_S1_G17,71,0.7815,0.7143,0.9831,1,2.68,0,19.85,0,23.54,0,18.74,25.85,2.3,6.11,10.48,2.52,34,12
n2_TrackF_r1_F88Y_M255K_S1_G17,72,0.7777,0.6879,0.9832,0,5.55,0,13.43,0,21.59,0,13.07,19.76,3.2,5.24,3.61,4.03,24,9
n2_TrackF_r1_F88Y_M255K_S1_G17,73,0.7771,0.6624,0.9833,1,3.95,1,3.33,1,1.4,1,3.07,5.35,0.75,4.1,5.37,3.69,35,13
n2_TrackF_r1_F88Y_M255K_S1_G17,74,0.7726,0.7947,0.9844,1,1.09,0,15.53,0,37.15,0,30.56,37.25,2.72,4.37,5.01,1.1,50,17
n2_TrackF_r1_F88Y_M255K_S1_G17,75,0.7722,0.7194,0.9819,1,2.46,0,20.68,0,35.06,0,27.35,34.21,1.9,4.42,4.06,2.29,33,12
n2_TrackF_r1_F88Y_M255K_S1_G17,76,0.7722,0.6874,0.9802,1,3.36,0,15.91,0,17.54,0,8.73,15.14,1.81,3.83,4.14,2.45,27,10
n2_TrackF_r1_F88Y_M255K_S1_G17,77,0.7699,0.6445,0.9809,1,4.73,0,14.21,0,17.52,0,10.03,17.17,1.36,1.84,5.62,4.89,26,8
n2_TrackF_r1_F88Y_M255K_S1_G17,78,0.7688,0.6844,0.9799,1,2.72,0,18.62,0,25.05,0,19.8,27.97,2.34,5.23,7.41,2.84,44,16
n2_TrackF_r1_F88Y_M255K_S1_G17,79,0.7671,0.813,0.9849,1,3.26,0,17.03,0,28.77,0,22.04,29.13,2.03,3.45,4.24,2.55,42,15
n2_TrackF_r1_F88Y_M255K_S1_G17,8,0.8232,0.9131,0.9889,0,5.9,0,7.97,0,34.01,0,34.51,35.88,1.94,5.23,6.95,6.6,24,11
n2_TrackF_r1_F88Y_M255K_S1_G17,80,0.766,0.66,0.9827,1,3.4,0,11.04,0,19.24,0,11.18,18.92,2.55,4.46,3.49,3.97,26,9
n2_TrackF_r1_F88Y_M255K_S1_G17,81,0.7656,0.7432,0.9825,1,1.82,0,15.08,0,33.54,0,28.05,34.85,1.4,4.43,4.5,1.1,46,15
n2_TrackF_r1_F88Y_M255K_S1_G17,82,0.7653,0.6989,0.9824,1,1.83,0,19.49,0,26.65,0,21.78,29.63,2.62,4.37,9.2,2.57,35,15
n2_TrackF_r1_F88Y_M255K_S1_G17,83,0.7651,0.7114,0.9817,1,2.21,0,17.93,0,31.64,0,25.74,32.22,1.57,4.29,3.01,2.66,39,15
n2_TrackF_r1_F88Y_M255K_S1_G17,84,0.7636,0.784,0.985,1,3.34,1,3.45,0,39.17,0,30.8,37.08,0.93,3.58,2.59,3.6,55,19
n2_TrackF_r1_F88Y_M255K_S1_G17,85,0.7627,0.6279,0.9825,1,2.13,0,14.77,0,35.64,0,29.92,36.95,1.7,8.35,13.14,0.92,43,12
n2_TrackF_r1_F88Y_M255K_S1_G17,86,0.7627,0.5689,0.9781,1,2.09,0,14.35,0,20.94,0,12.11,19.64,1.6,4.32,4.33,2.33,30,8
n2_TrackF_r1_F88Y_M255K_S1_G17,87,0.7625,0.7617,0.983,1,0.94,0,11.9,0,40.66,0,31.43,38.26,2.38,2.38,2.12,2.6,53,18
n2_TrackF_r1_F88Y_M255K_S1_G17,88,0.7614,0.7486,0.9756,1,3.17,0,15.3,0,15.36,0,8.81,15.48,0.96,2.21,0.95,2.98,48,12
n2_TrackF_r1_F88Y_M255K_S1_G17,89,0.7559,0.6245,0.9826,1,2.81,1,4.02,1,2.39,1,1.9,4.85,2.67,3.17,4.98,4.45,40,15
n2_TrackF_r1_F88Y_M255K_S1_G17,9,0.8216,0.8414,0.9885,1,3.82,0,12.61,0,17.62,0,8.01,14.39,3.41,2.97,3.33,3.22,33,9
n2_TrackF_r1_F88Y_M255K_S1_G17,90,0.7547,0.7092,0.979,1,2.65,0,14.89,0,35.88,0,29.31,36.08,2.87,2.47,4.31,1.31,40,14
n2_TrackF_r1_F88Y_M255K_S1_G17,91,0.7522,0.624,0.9818,1,2.32,0,19.42,0,31.77,0,25.6,32.44,1.38,4.38,7.75,2.73,31,13
n2_TrackF_r1_F88Y_M255K_S1_G17,92,0.7502,0.6971,0.9779,1,0.33,0,14.74,0,39.12,0,31.22,37.95,1.58,2.25,7.09,2.34,55,17
n2_TrackF_r1_F88Y_M255K_S1_G17,93,0.7476,0.6825,0.9764,1,2.12,0,18.27,0,18.99,0,12.5,20.23,2.58,5.26,6.13,3.1,33,14
n2_TrackF_r1_F88Y_M255K_S1_G17,94,0.7441,0.4871,0.9824,1,2.1,0,10.76,0,18.7,0,9.74,16.15,1.48,3.82,3.18,3.22,33,9
n2_TrackF_r1_F88Y_M255K_S1_G17,95,0.7389,0.4799,0.9805,1,2.31,0,13.57,0,20.88,0,12.63,17.28,2.65,3.53,7.83,2.7,24,8
n2_TrackF_r1_F88Y_M255K_S1_G17,96,0.7365,0.5364,0.9801,1,4.58,1,3.56,1,3.36,1,2.52,5.56,0.83,1.32,2.91,5.42,39,14
n2_TrackF_r1_F88Y_M255K_S1_G17,97,0.7262,0.4896,0.9739,1,2.6,0,20.09,0,21.03,0,12.78,19.24,3.12,6.42,8.0,2.7,34,14
n2_TrackF_r1_F88Y_M255K_S1_G17,98,0.719,0.5887,0.9804,0,5.03,0,14.98,0,25.41,0,18.26,25.19,3.52,4.68,5.39,6.14,22,13
n2_TrackF_r1_F88Y_M255K_S1_G17,99,0.6823,0.4579,0.9743,1,2.69,0,14.97,0,29.69,0,23.56,30.26,2.7,4.6,4.61,2.07,49,17
n2_TrackF_r1_F88Y_M255M_OFF_T_G17,0,0.8617,0.9348,0.9912,1,2.14,0,14.25,0,36.96,0,39.31,38.63,2.73,2.64,2.64,1.02,39,13
n2_TrackF_r1_F88Y_M255M_OFF_T_G17,1,0.8583,0.9076,0.9859,1,1.87,0,12.64,0,35.84,0,33.88,35.78,2.6,4.97,3.78,2.65,33,12
n2_TrackF_r1_F88Y_M255M_OFF_T_G17,10,0.8467,0.8975,0.9881,1,2.65,0,13.89,0,36.57,0,34.93,36.52,2.11,4.29,4.24,1.84,36,13
n2_TrackF_r1_F88Y_M255M_OFF_T_G17,11,0.8454,0.9005,0.983,0,5.13,0,11.69,0,38.38,0,37.3,37.43,1.76,3.26,7.4,4.09,33,13
n2_TrackF_r1_F88Y_M255M_OFF_T_G17,12,0.8451,0.8487,0.9835,0,5.17,0,17.77,0,41.3,0,38.16,40.05,1.96,4.14,5.54,4.68,32,13
n2_TrackF_r1_F88Y_M255M_OFF_T_G17,13,0.8449,0.8528,0.9816,0,6.32,0,14.49,0,36.8,0,35.96,36.05,0.53,2.32,3.85,6.07,27,10
n2_TrackF_r1_F88Y_M255M_OFF_T_G17,14,0.8446,0.9181,0.987,1,4.71,0,20.13,0,30.99,0,29.08,31.94,1.72,2.98,3.68,6.41,43,15
n2_TrackF_r1_F88Y_M255M_OFF_T_G17,15,0.8443,0.9242,0.9871,1,4.77,0,11.17,0,30.55,0,27.12,30.78,3.17,1.58,4.99,3.83,57,18
n2_TrackF_r1_F88Y_M255M_OFF_T_G17,16,0.8422,0.9214,0.9878,0,6.18,0,9.68,0,28.62,0,29.62,31.36,3.92,2.99,5.9,7.32,33,14
n2_TrackF_r1_F88Y_M255M_OFF_T_G17,17,0.8416,0.8752,0.9871,1,2.71,0,14.36,0,37.75,0,36.09,37.59,2.81,3.2,4.87,2.35,35,12
n2_TrackF_r1_F88Y_M255M_OFF_T_G17,18,0.8406,0.8818,0.985,1,4.89,0,15.67,0,39.13,0,37.13,38.77,1.57,4.44,4.72,4.32,41,12
n2_TrackF_r1_F88Y_M255M_OFF_T_G17,19,0.8392,0.8423,0.9829,1,3.86,0,16.73,0,44.55,0,42.71,44.34,2.57,6.09,9.37,4.0,31,12
n2_TrackF_r1_F88Y_M255M_OFF_T_G17,2,0.8567,0.8936,0.9857,0,5.44,0,16.32,0,41.62,0,39.69,40.31,3.22,1.78,6.32,4.72,32,12
n2_TrackF_r1_F88Y_M255M_OFF_T_G17,20,0.8387,0.8566,0.985,0,9.98,0,22.16,0,40.08,0,39.28,42.34,2.25,5.75,4.63,9.13,10,11
n2_TrackF_r1_F88Y_M255M_OFF_T_G17,21,0.8379,0.9082,0.987,1,3.5,0,14.23,0,36.44,0,34.92,39.11,3.45,5.02,10.19,3.42,31,12
n2_TrackF_r1_F88Y_M255M_OFF_T_G17,22,0.8378,0.8619,0.9841,0,5.95,0,13.92,0,37.32,0,35.36,36.8,0.94,4.23,4.29,7.16,26,12
n2_TrackF_r1_F88Y_M255M_OFF_T_G17,23,0.8374,0.9196,0.9892,1,2.69,0,10.73,0,31.84,0,34.13,32.14,1.13,3.45,6.33,1.17,32,13
n2_TrackF_r1_F88Y_M255M_OFF_T_G17,24,0.8362,0.9422,0.9917,1,3.44,0,9.66,0,29.11,0,32.18,31.63,2.08,2.86,6.01,2.25,35,13
n2_TrackF_r1_F88Y_M255M_OFF_T_G17,25,0.8356,0.8827,0.9827,1,3.53,0,14.26,0,45.04,0,36.73,43.0,2.49,4.2,4.07,4.04,36,13
n2_TrackF_r1_F88Y_M255M_OFF_T_G17,26,0.8353,0.8881,0.9855,1,4.39,0,9.8,0,22.79,0,23.24,26.53,2.47,3.78,4.66,4.21,30,10
n2_TrackF_r1_F88Y_M255M_OFF_T_G17,27,0.8335,0.8649,0.9817,0,6.81,0,15.11,0,39.21,0,36.81,38.1,2.22,4.66,3.5,7.84,28,11
n2_TrackF_r1_F88Y_M255M_OFF_T_G17,28,0.8329,0.8764,0.9874,1,3.57,0,16.34,0,39.75,0,40.29,42.55,2.18,3.97,2.53,3.53,31,11
n2_TrackF_r1_F88Y_M255M_OFF_T_G17,29,0.8322,0.8846,0.9813,0,5.33,0,14.67,0,35.67,0,33.41,34.49,1.31,4.51,2.95,6.64,35,13
n2_TrackF_r1_F88Y_M255M_OFF_T_G17,3,0.8565,0.9084,0.9878,1,2.56,0,13.52,0,38.96,0,36.89,37.99,2.76,3.17,5.19,3.57,36,12
n2_TrackF_r1_F88Y_M255M_OFF_T_G17,30,0.8317,0.8833,0.9874,1,2.78,0,14.41,0,41.92,0,39.01,40.49,2.09,3.78,5.89,4.51,32,11
n2_TrackF_r1_F88Y_M255M_OFF_T_G17,31,0.8302,0.9229,0.9905,1,2.54,0,12.78,0,37.27,0,35.35,37.35,2.77,3.41,5.11,3.76,32,8
n2_TrackF_r1_F88Y_M255M_OFF_T_G17,32,0.8298,0.8626,0.9848,1,1.6,0,13.77,0,39.4,0,37.79,39.17,2.59,3.02,3.28,2.29,36,11
n2_TrackF_r1_F88Y_M255M_OFF_T_G17,33,0.8293,0.8686,0.9823,1,4.26,0,15.6,0,38.76,0,36.45,38.46,3.17,4.77,6.59,5.79,28,12
n2_TrackF_r1_F88Y_M255M_OFF_T_G17,34,0.8292,0.8526,0.9814,0,5.66,0,17.57,0,34.1,0,33.37,34.09,3.16,4.52,5.61,5.13,30,12
n2_TrackF_r1_F88Y_M255M_OFF_T_G17,35,0.8282,0.8632,0.9806,0,5.34,0,14.55,0,41.44,0,38.12,40.66,0.4,2.88,4.19,5.92,29,12
n2_TrackF_r1_F88Y_M255M_OFF_T_G17,36,0.8279,0.886,0.9819,0,6.57,0,14.87,0,40.19,0,37.39,38.98,1.63,4.57,4.29,7.32,29,11
n2_TrackF_r1_F88Y_M255M_OFF_T_G17,37,0.8267,0.8312,0.9812,0,6.71,0,14.38,0,42.77,0,39.89,41.99,1.25,4.14,5.33,7.35,31,12
n2_TrackF_r1_F88Y_M255M_OFF_T_G17,38,0.8266,0.8401,0.9815,0,6.5,0,14.96,0,40.85,0,38.32,39.96,2.03,3.1,3.7,7.29,28,11
n2_TrackF_r1_F88Y_M255M_OFF_T_G17,39,0.8265,0.8431,0.9819,1,2.74,0,13.92,0,40.06,0,36.77,39.41,3.28,5.06,6.17,1.66,32,12
n2_TrackF_r1_F88Y_M255M_OFF_T_G17,4,0.8514,0.8905,0.9837,1,4.57,0,16.31,0,36.91,0,38.43,36.82,1.46,5.7,1.74,4.83,27,10
n2_TrackF_r1_F88Y_M255M_OFF_T_G17,40,0.8236,0.8334,0.9834,0,6.69,0,19.26,0,46.15,0,41.46,45.36,2.34,4.32,3.56,6.09,11,8
n2_TrackF_r1_F88Y_M255M_OFF_T_G17,41,0.8236,0.8825,0.9897,1,3.09,0,9.86,0,22.82,0,22.89,27.97,2.78,4.75,2.93,5.38,32,13
n2_TrackF_r1_F88Y_M255M_OFF_T_G17,42,0.8234,0.8828,0.9801,0,5.28,0,14.4,0,36.48,0,35.01,35.49,1.32,4.51,2.71,6.03,31,11
n2_TrackF_r1_F88Y_M255M_OFF_T_G17,43,0.8213,0.8208,0.9828,0,6.25,0,16.41,0,39.88,0,38.32,40.21,1.8,5.01,5.23,6.67,23,10
n2_TrackF_r1_F88Y_M255M_OFF_T_G17,44,0.8207,0.8646,0.9862,0,5.88,0,15.07,0,36.36,0,33.2,36.28,3.03,3.74,9.51,4.09,32,13
n2_TrackF_r1_F88Y_M255M_OFF_T_G17,45,0.8203,0.8587,0.9879,1,3.73,0,9.84,0,11.63,0,13.52,17.48,2.63,3.7,3.63,4.03,36,11
n2_TrackF_r1_F88Y_M255M_OFF_T_G17,46,0.8203,0.8536,0.9821,0,7.33,0,15.21,0,44.69,0,41.21,43.19,2.46,3.5,5.6,6.76,25,13
n2_TrackF_r1_F88Y_M255M_OFF_T_G17,47,0.82,0.8545,0.9811,0,7.44,0,17.93,0,28.05,0,26.76,30.56,1.97,3.14,4.12,6.39,38,17
n2_TrackF_r1_F88Y_M255M_OFF_T_G17,48,0.8198,0.8274,0.9849,0,10.1,0,22.61,0,43.62,0,42.78,47.14,2.86,6.0,4.37,10.04,13,12
n2_TrackF_r1_F88Y_M255M_OFF_T_G17,49,0.819,0.8808,0.9866,0,5.32,0,23.97,0,32.21,0,33.53,40.02,0.86,1.23,2.67,4.93,28,9
n2_TrackF_r1_F88Y_M255M_OFF_T_G17,5,0.8499,0.8618,0.9824,0,6.85,0,16.77,0,40.5,0,38.95,40.38,0.81,4.02,6.09,6.06,25,11
n2_TrackF_r1_F88Y_M255M_OFF_T_G17,50,0.8182,0.9171,0.9893,1,4.23,0,9.85,0,14.76,0,13.95,15.35,2.25,4.03,3.21,4.94,38,16
n2_TrackF_r1_F88Y_M255M_OFF_T_G17,51,0.8173,0.8276,0.9831,1,2.42,0,13.95,0,37.97,0,35.85,38.58,2.35,4.64,5.68,2.71,32,11
n2_TrackF_r1_F88Y_M255M_OFF_T_G17,52,0.8169,0.8822,0.9884,0,5.85,0,23.95,0,33.1,0,33.97,37.94,1.1,2.85,3.36,7.07,28,11
n2_TrackF_r1_F88Y_M255M_OFF_T_G17,53,0.8168,0.8741,0.9859,1,4.67,0,23.51,0,38.03,0,38.49,43.44,2.09,2.23,3.61,4.67,26,12
n2_TrackF_r1_F88Y_M255M_OFF_T_G17,54,0.8158,0.7973,0.9815,1,1.47,0,13.98,0,35.51,0,35.45,37.0,2.61,4.32,6.09,4.66,33,10
n2_TrackF_r1_F88Y_M255M_OFF_T_G17,55,0.8158,0.8512,0.9846,0,5.86,0,15.84,0,39.57,0,38.21,39.85,1.66,5.17,6.17,6.82,24,13
n2_TrackF_r1_F88Y_M255M_OFF_T_G17,56,0.8154,0.8384,0.9825,0,5.53,0,15.45,0,40.47,0,38.21,39.77,2.96,4.48,4.99,6.48,25,11
n2_TrackF_r1_F88Y_M255M_OFF_T_G17,57,0.8141,0.851,0.9836,0,5.79,0,24.54,0,33.38,0,33.01,34.99,3.19,2.69,2.13,7.0,38,17
n2_TrackF_r1_F88Y_M255M_OFF_T_G17,58,0.8136,0.826,0.9807,0,6.99,0,14.72,0,37.74,0,36.75,36.94,2.87,4.3,3.43,7.46,28,12
n2_TrackF_r1_F88Y_M255M_OFF_T_G17,59,0.8124,0.8328,0.9822,0,6.58,0,14.81,0,36.3,0,33.96,35.65,1.45,4.49,4.43,6.68,27,12
n2_TrackF_r1_F88Y_M255M_OFF_T_G17,6,0.8496,0.893,0.9886,1,2.07,0,13.47,0,38.52,0,36.89,38.41,2.87,4.92,5.15,4.09,30,11
n2_TrackF_r1_F88Y_M255M_OFF_T_G17,60,0.8109,0.7271,0.9798,1,2.08,0,16.9,0,48.94,0,43.74,49.57,2.45,3.5,6.23,2.41,29,10
n2_TrackF_r1_F88Y_M255M_OFF_T_G17,61,0.8102,0.8004,0.9847,1,2.85,0,10.06,0,22.96,0,22.81,27.18,1.51,5.11,3.46,4.69,40,12
n2_TrackF_r1_F88Y_M255M_OFF_T_G17,62,0.81,0.8556,0.9839,0,5.62,0,24.31,0,33.9,0,35.0,38.68,0.81,2.97,4.62,6.43,28,11
n2_TrackF_r1_F88Y_M255M_OFF_T_G17,63,0.8087,0.9207,0.9882,0,5.21,0,9.83,0,21.0,0,21.82,26.85,0.85,3.17,3.33,5.23,40,15
n2_TrackF_r1_F88Y_M255M_OFF_T_G17,64,0.8086,0.8815,0.9886,0,5.3,0,24.3,0,28.61,0,29.65,34.12,0.74,3.06,4.35,5.02,22,8
n2_TrackF_r1_F88Y_M255M_OFF_T_G17,65,0.8067,0.8122,0.982,0,8.55,0,18.62,0,36.24,0,36.69,41.8,2.43,5.88,4.11,7.66,16,8
n2_TrackF_r1_F88Y_M255M_OFF_T_G17,66,0.8059,0.8139,0.9771,0,12.66,0,19.99,0,32.1,0,31.7,37.29,5.48,2.61,4.64,13.19,14,10
n2_TrackF_r1_F88Y_M255M_OFF_T_G17,67,0.8044,0.8304,0.9834,1,3.37,0,9.22,0,14.86,0,12.46,16.87,1.64,2.56,2.69,3.97,35,13
n2_TrackF_r1_F88Y_M255M_OFF_T_G17,68,0.8043,0.8891,0.988,0,9.25,0,17.7,0,53.23,0,48.25,55.12,2.83,3.68,0.99,7.96,25,13
n2_TrackF_r1_F88Y_M255M_OFF_T_G17,69,0.8041,0.8564,0.9834,1,4.28,0,8.96,0,20.99,0,20.57,25.63,0.55,2.64,8.0,5.26,37,16
n2_TrackF_r1_F88Y_M255M_OFF_T_G17,7,0.849,0.8811,0.9889,1,3.31,0,21.66,0,60.73,0,52.65,59.14,1.96,4.08,10.21,2.98,20,10
n2_TrackF_r1_F88Y_M255M_OFF_T_G17,70,0.8027,0.862,0.9865,0,5.65,0,25.44,0,34.0,0,35.49,40.35,1.05,3.97,6.46,5.74,25,9
n2_TrackF_r1_F88Y_M255M_OFF_T_G17,71,0.8022,0.8333,0.9839,0,7.11,0,16.07,0,35.16,0,33.9,34.91,1.68,3.66,4.93,7.67,27,12
n2_TrackF_r1_F88Y_M255M_OFF_T_G17,72,0.797,0.8392,0.9864,0,5.65,0,14.97,0,38.32,0,36.31,37.89,2.29,4.9,4.67,7.0,24,13
n2_TrackF_r1_F88Y_M255M_OFF_T_G17,73,0.7965,0.8594,0.9862,1,2.34,0,6.89,0,25.81,0,23.05,29.01,1.62,4.01,7.75,3.69,37,16
n2_TrackF_r1_F88Y_M255M_OFF_T_G17,74,0.7953,0.8118,0.9844,1,3.97,0,11.98,0,32.57,0,29.0,31.69,1.76,4.53,3.26,4.92,36,13
n2_TrackF_r1_F88Y_M255M_OFF_T_G17,75,0.7947,0.6879,0.9744,0,5.71,0,14.88,0,39.44,0,37.4,38.56,1.64,4.46,4.66,6.51,36,12
n2_TrackF_r1_F88Y_M255M_OFF_T_G17,76,0.7942,0.7946,0.9808,1,4.64,0,24.58,0,25.82,0,27.75,30.79,0.66,1.93,4.74,3.58,27,9
n2_TrackF_r1_F88Y_M255M_OFF_T_G17,77,0.7941,0.7999,0.9791,0,5.62,0,14.66,0,43.93,0,41.24,43.34,0.59,3.95,5.77,5.11,32,12
n2_TrackF_r1_F88Y_M255M_OFF_T_G17,78,0.7938,0.7838,0.9796,1,2.14,0,16.12,0,38.74,0,36.69,38.94,1.34,4.48,5.21,2.27,30,12
n2_TrackF_r1_F88Y_M255M_OFF_T_G17,79,0.79,0.8373,0.9838,1,4.88,0,6.99,0,21.33,0,18.27,22.82,2.65,5.17,3.68,4.42,34,13
n2_TrackF_r1_F88Y_M255M_OFF_T_G17,8,0.8486,0.9099,0.9894,1,1.43,0,13.49,0,37.58,0,36.21,37.47,2.58,4.62,5.4,3.43,30,12
n2_TrackF_r1_F88Y_M255M_OFF_T_G17,80,0.7896,0.7636,0.976,0,7.17,0,22.52,0,33.97,0,32.33,35.78,1.88,4.1,3.74,6.36,43,14
n2_TrackF_r1_F88Y_M255M_OFF_T_G17,81,0.788,0.7397,0.9782,0,5.63,0,15.98,0,39.23,0,37.59,39.94,1.72,4.53,5.63,6.46,24,13
n2_TrackF_r1_F88Y_M255M_OFF_T_G17,82,0.7876,0.8304,0.9806,1,4.52,0,11.05,0,23.9,0,17.5,22.54,2.04,3.86,6.76,5.44,35,14
n2_TrackF_r1_F88Y_M255M_OFF_T_G17,83,0.7863,0.775,0.9796,1,3.2,0,13.79,0,37.15,0,35.78,37.05,2.15,4.86,4.75,1.65,29,12
n2_TrackF_r1_F88Y_M255M_OFF_T_G17,84,0.7844,0.6681,0.976,0,6.57,0,15.66,0,38.45,0,37.37,37.64,2.42,5.1,3.8,4.92,35,12
n2_TrackF_r1_F88Y_M255M_OFF_T_G17,85,0.7843,0.6931,0.9757,1,4.91,0,17.69,0,41.29,0,37.73,39.38,1.66,2.65,2.57,5.8,30,11
n2_TrackF_r1_F88Y_M255M_OFF_T_G17,86,0.7841,0.7014,0.9818,0,5.73,0,24.98,0,49.05,0,44.85,47.4,3.25,3.38,6.53,5.01,26,9
n2_TrackF_r1_F88Y_M255M_OFF_T_G17,87,0.7688,0.6261,0.973,1,3.84,0,15.57,0,36.47,0,36.66,37.45,1.42,5.17,9.18,3.83,31,13
n2_TrackF_r1_F88Y_M255M_OFF_T_G17,88,0.7661,0.6738,0.9752,0,5.34,0,20.27,0,27.08,0,26.88,30.87,0.63,3.6,8.85,5.02,35,12
n2_TrackF_r1_F88Y_M255M_OFF_T_G17,89,0.7653,0.7147,0.98,0,5.11,0,9.69,0,26.06,0,22.87,27.79,1.97,2.54,3.69,6.0,30,13
n2_TrackF_r1_F88Y_M255M_OFF_T_G17,9,0.8483,0.9048,0.9902,0,5.95,0,14.91,0,40.68,0,37.49,39.66,2.21,4.87,5.94,6.1,32,10
n2_TrackF_r1_F88Y_M255M_OFF_T_G17,90,0.7646,0.6564,0.9785,0,17.03,0,28.17,0,57.49,0,56.65,57.67,8.43,1.73,3.37,18.9,10,5
n2_TrackF_r1_F88Y_M255M_OFF_T_G17,91,0.7628,0.7184,0.9799,1,3.57,0,9.19,0,18.53,0,19.33,25.13,1.38,5.65,4.15,4.28,42,14
n2_TrackF_r1_F88Y_M255M_OFF_T_G17,92,0.7623,0.6583,0.9718,1,3.64,0,16.84,0,26.67,0,25.98,29.64,2.97,2.43,6.61,1.62,24,12
n2_TrackF_r1_F88Y_M255M_OFF_T_G17,93,0.7564,0.6611,0.9782,1,3.39,0,22.86,0,38.55,0,36.81,41.35,1.85,3.8,7.3,4.89,22,9
n2_TrackF_r1_F88Y_M255M_OFF_T_G17,94,0.7473,0.591,0.9763,1,2.73,0,21.18,0,39.14,0,37.86,39.98,1.72,5.22,10.24,2.98,49,14
n2_TrackF_r1_F88Y_M255M_OFF_T_G17,95,0.7458,0.6275,0.9699,0,5.02,0,14.74,0,38.79,0,36.48,37.75,1.36,4.52,4.41,6.53,26,11
n2_TrackF_r1_F88Y_M255M_OFF_T_G17,96,0.7437,0.6122,0.975,1,3.92,0,8.3,0,21.84,0,19.84,25.35,1.6,4.83,3.86,4.56,38,13
n2_TrackF_r1_F88Y_M255M_OFF_T_G17,97,0.7396,0.568,0.9773,0,5.47,0,16.89,0,50.0,0,44.89,47.88,1.96,4.18,8.92,5.18,38,12
n2_TrackF_r1_F88Y_M255M_OFF_T_G17,98,0.739,0.5609,0.9688,0,5.24,0,23.65,0,36.39,0,38.45,41.4,1.67,2.42,6.82,4.97,23,10
n2_TrackF_r1_F88Y_M255M_OFF_T_G17,99,0.7361,0.5082,0.9742,1,3.9,0,16.87,0,43.97,0,43.82,43.71,2.13,3.19,6.57,5.23,40,15
n2_TrackF_r1_F88Y_M255M_S1_G17,0,0.8456,0.9358,0.9898,1,2.32,0,12.56,0,28.23,0,19.31,26.19,1.6,2.4,5.07,3.27,37,18
n2_TrackF_r1_F88Y_M255M_S1_G17,1,0.8386,0.9248,0.9908,1,4.09,0,7.02,0,32.06,0,31.85,33.42,1.27,2.74,5.38,4.54,30,10
n2_TrackF_r1_F88Y_M255M_S1_G17,10,0.825,0.8756,0.9894,1,3.84,0,9.52,0,37.4,0,41.3,39.63,1.58,1.71,6.81,3.0,27,10
n2_TrackF_r1_F88Y_M255M_S1_G17,11,0.8226,0.7855,0.9844,1,3.55,0,11.96,0,16.63,0,7.54,13.11,2.04,4.29,1.86,3.23,32,10
n2_TrackF_r1_F88Y_M255M_S1_G17,12,0.8219,0.7624,0.9848,1,4.02,0,12.68,0,15.65,0,8.36,15.67,3.11,4.69,3.47,2.91,34,10
n2_TrackF_r1_F88Y_M255M_S1_G17,13,0.8215,0.8064,0.9907,1,4.6,1,3.31,0,44.91,0,34.09,41.95,1.85,3.69,4.48,2.8,43,13
n2_TrackF_r1_F88Y_M255M_S1_G17,14,0.821,0.818,0.9875,1,4.35,1,3.79,1,1.67,1,3.97,3.84,1.14,5.05,3.59,3.22,38,14
n2_TrackF_r1_F88Y_M255M_S1_G17,15,0.8208,0.8903,0.9877,1,3.08,0,8.64,0,38.7,0,32.33,37.93,1.11,3.25,3.96,2.6,51,20
n2_TrackF_r1_F88Y_M255M_S1_G17,16,0.8207,0.8978,0.9874,0,6.58,0,11.04,0,32.36,0,32.06,32.93,2.61,5.63,4.97,6.65,24,9
n2_TrackF_r1_F88Y_M255M_S1_G17,17,0.8203,0.8038,0.9861,0,5.62,0,17.79,0,14.31,0,6.13,11.82,2.27,5.8,4.91,6.27,23,8
n2_TrackF_r1_F88Y_M255M_S1_G17,18,0.8197,0.8537,0.9882,0,5.71,0,14.14,0,17.51,0,7.94,14.38,1.31,3.9,5.05,6.29,26,10
n2_TrackF_r1_F88Y_M255M_S1_G17,19,0.8183,0.8492,0.9868,1,1.98,0,15.74,0,21.89,0,12.67,17.68,2.33,3.58,4.87,2.11,31,12
n2_TrackF_r1_F88Y_M255M_S1_G17,2,0.8381,0.8528,0.9927,1,2.88,1,4.24,0,39.65,0,30.61,37.96,3.25,5.01,2.04,2.22,42,13
n2_TrackF_r1_F88Y_M255M_S1_G17,20,0.8177,0.7912,0.9872,1,4.2,1,3.32,1,2.73,1,2.34,1.65,1.43,2.11,6.03,4.86,40,14
n2_TrackF_r1_F88Y_M255M_S1_G17,21,0.8168,0.7613,0.9855,1,3.65,0,11.15,0,22.01,0,13.14,18.35,2.45,2.93,2.41,2.48,27,10
n2_TrackF_r1_F88Y_M255M_S1_G17,22,0.8159,0.8598,0.9857,1,1.45,0,13.84,0,30.16,0,21.27,27.77,1.15,3.53,3.66,2.94,39,17
n2_TrackF_r1_F88Y_M255M_S1_G17,23,0.8152,0.8292,0.9907,1,3.26,1,2.26,0,39.11,0,30.01,37.54,3.02,3.81,4.2,3.54,44,14
n2_TrackF_r1_F88Y_M255M_S1_G17,24,0.8147,0.7991,0.9868,0,7.31,1,4.35,1,2.86,1,2.45,2.66,2.15,1.86,4.2,6.72,40,13
n2_TrackF_r1_F88Y_M255M_S1_G17,25,0.8139,0.8221,0.988,0,6.35,1,3.53,1,2.8,1,2.89,5.72,1.81,2.36,5.59,7.02,43,12
n2_TrackF_r1_F88Y_M255M_S1_G17,26,0.8136,0.7642,0.9847,1,3.11,1,3.74,1,1.77,1,3.48,6.88,1.21,5.49,5.92,4.32,40,14
n2_TrackF_r1_F88Y_M255M_S1_G17,27,0.8128,0.8118,0.9875,1,3.18,1,3.71,1,2.42,1,2.72,7.2,1.1,4.4,5.74,4.31,40,12
n2_TrackF_r1_F88Y_M255M_S1_G17,28,0.8128,0.7771,0.9861,1,2.56,0,8.1,0,33.16,0,23.78,29.27,2.65,3.2,5.18,2.19,41,11
n2_TrackF_r1_F88Y_M255M_S1_G17,29,0.8126,0.7741,0.9898,1,1.69,0,15.7,0,32.98,0,25.51,30.91,1.26,3.75,2.64,3.13,30,10
n2_TrackF_r1_F88Y_M255M_S1_G17,3,0.8371,0.9256,0.9894,1,1.69,0,15.65,0,38.88,0,29.5,37.84,2.1,4.86,9.1,1.19,49,13
n2_TrackF_r1_F88Y_M255M_S1_G17,30,0.812,0.787,0.9863,1,3.22,0,13.36,0,17.18,0,8.67,15.69,1.89,3.02,1.98,4.55,32,8
n2_TrackF_r1_F88Y_M255M_S1_G17,31,0.8114,0.7384,0.9846,1,1.9,0,15.53,0,32.35,0,26.66,32.66,2.9,5.56,10.92,2.23,42,11
n2_TrackF_r1_F88Y_M255M_S1_G17,32,0.811,0.7662,0.9871,1,3.56,0,12.69,0,24.89,0,14.78,20.76,1.73,3.96,3.37,3.79,33,11
n2_TrackF_r1_F88Y_M255M_S1_G17,33,0.8107,0.7474,0.9845,1,1.82,1,2.75,0,39.06,0,28.95,36.46,2.49,2.77,2.74,2.65,37,13
n2_TrackF_r1_F88Y_M255M_S1_G17,34,0.8099,0.7954,0.9868,1,3.29,1,2.94,1,4.58,1,3.12,5.05,1.25,4.06,4.69,3.78,39,13
n2_TrackF_r1_F88Y_M255M_S1_G17,35,0.8099,0.7973,0.9868,1,1.89,1,2.25,1,2.49,1,2.9,6.69,1.79,3.7,3.66,2.2,47,15
n2_TrackF_r1_F88Y_M255M_S1_G17,36,0.8077,0.8128,0.9872,0,5.64,0,12.97,0,15.78,0,7.25,14.07,2.76,1.51,3.83,4.55,24,9
n2_TrackF_r1_F88Y_M255M_S1_G17,37,0.8077,0.7988,0.9857,1,3.71,0,15.57,0,16.65,0,6.81,14.48,1.85,4.28,5.58,3.8,32,12
n2_TrackF_r1_F88Y_M255M_S1_G17,38,0.8072,0.763,0.9853,1,2.51,1,4.07,1,1.88,1,3.16,3.24,1.24,2.52,4.17,3.91,45,14
n2_TrackF_r1_F88Y_M255M_S1_G17,39,0.8067,0.7983,0.987,1,2.37,1,3.18,1,3.33,1,3.45,6.65,2.59,3.67,4.26,5.71,40,13
n2_TrackF_r1_F88Y_M255M_S1_G17,4,0.8347,0.9247,0.9927,1,2.55,0,22.81,0,21.22,0,12.51,18.69,3.16,2.28,5.46,2.46,28,11
n2_TrackF_r1_F88Y_M255M_S1_G17,40,0.8054,0.7553,0.9823,0,7.63,1,3.69,1,3.37,1,2.62,5.65,2.53,3.05,5.0,6.82,36,12
n2_TrackF_r1_F88Y_M255M_S1_G17,41,0.8048,0.7634,0.9846,1,2.71,1,4.15,1,2.83,1,3.7,3.71,2.57,2.56,3.44,4.36,40,12
n2_TrackF_r1_F88Y_M255M_S1_G17,42,0.8045,0.7153,0.9839,1,2.9,0,11.1,0,16.63,0,6.93,13.64,0.61,4.23,1.72,4.71,29,11
n2_TrackF_r1_F88Y_M255M_S1_G17,43,0.803,0.7683,0.9845,1,2.54,1,3.5,1,4.34,1,2.77,3.4,1.39,3.26,5.48,3.57,38,15
n2_TrackF_r1_F88Y_M255M_S1_G17,44,0.803,0.7469,0.9828,0,8.29,1,3.1,1,2.59,1,2.14,5.1,1.44,3.06,3.78,7.38,40,11
n2_TrackF_r1_F88Y_M255M_S1_G17,45,0.8023,0.7587,0.987,1,3.77,0,16.71,0,15.71,0,7.14,13.84,1.77,3.88,3.54,3.37,32,12
n2_TrackF_r1_F88Y_M255M_S1_G17,46,0.8021,0.7292,0.984,1,3.13,1,3.93,1,3.31,1,2.52,3.34,3.31,3.33,5.09,4.61,42,13
n2_TrackF_r1_F88Y_M255M_S1_G17,47,0.801,0.7828,0.985,0,5.4,1,3.11,1,3.65,1,5.81,7.46,1.82,1.97,4.19,6.5,41,12
n2_TrackF_r1_F88Y_M255M_S1_G17,48,0.8009,0.7692,0.9841,1,2.43,1,2.65,1,3.76,1,2.93,4.08,1.91,4.4,4.34,4.03,43,14
n2_TrackF_r1_F88Y_M255M_S1_G17,49,0.8008,0.7814,0.9856,1,2.35,1,4.54,0,5.64,0,2.93,4.26,3.06,3.35,5.46,5.16,35,11
n2_TrackF_r1_F88Y_M255M_S1_G17,5,0.8315,0.831,0.9879,1,3.84,0,13.98,0,18.1,0,8.41,15.08,1.45,4.53,6.45,3.84,29,10
n2_TrackF_r1_F88Y_M255M_S1_G17,50,0.8006,0.7817,0.9867,1,3.23,1,3.32,1,2.72,1,3.0,6.22,2.34,3.46,4.83,5.42,44,13
n2_TrackF_r1_F88Y_M255M_S1_G17,51,0.8005,0.776,0.9869,1,2.37,0,14.44,0,38.86,0,28.33,35.62,2.15,6.76,12.08,2.34,37,8
n2_TrackF_r1_F88Y_M255M_S1_G17,52,0.8004,0.8138,0.9888,1,3.28,1,3.24,1,2.42,1,2.38,6.84,1.47,3.08,4.12,4.1,38,11
n2_TrackF_r1_F88Y_M255M_S1_G17,53,0.8001,0.7371,0.9836,1,4.26,0,5.01,1,2.33,0,2.41,5.55,1.05,3.15,4.7,5.03,38,14
n2_TrackF_r1_F88Y_M255M_S1_G17,54,0.7999,0.9141,0.9899,1,2.84,1,3.02,1,1.92,1,2.53,4.57,1.98,3.35,5.48,2.37,63,21
n2_TrackF_r1_F88Y_M255M_S1_G17,55,0.7998,0.7658,0.982,1,1.52,0,16.05,0,21.47,0,13.14,18.16,1.46,2.89,3.99,2.37,33,10
n2_TrackF_r1_F88Y_M255M_S1_G17,56,0.7998,0.7535,0.9869,1,3.07,1,3.53,1,2.51,1,2.8,6.14,1.83,3.59,4.08,3.34,41,13
n2_TrackF_r1_F88Y_M255M_S1_G17,57,0.7995,0.8093,0.99,1,4.04,1,3.73,1,3.88,1,1.3,4.46,0.79,3.21,4.26,3.78,37,12
n2_TrackF_r1_F88Y_M255M_S1_G17,58,0.7993,0.7635,0.9866,1,2.91,1,3.54,1,2.51,1,3.62,4.73,3.02,3.71,4.17,4.63,43,14
n2_TrackF_r1_F88Y_M255M_S1_G17,59,0.7979,0.7616,0.9853,1,2.87,0,5.11,1,2.5,0,3.68,6.26,1.52,3.38,4.9,4.38,41,15
n2_TrackF_r1_F88Y_M255M_S1_G17,6,0.8257,0.8092,0.9873,0,5.47,1,3.56,1,3.12,1,3.26,2.35,2.17,4.41,5.54,4.77,43,12
n2_TrackF_r1_F88Y_M255M_S1_G17,60,0.7978,0.7721,0.9865,1,2.5,1,3.2,1,3.38,1,4.71,7.33,0.89,4.04,4.94,3.53,41,12
n2_TrackF_r1_F88Y_M255M_S1_G17,61,0.7975,0.7315,0.9827,0,8.56,1,3.89,1,0.74,1,3.8,5.47,2.33,5.15,3.8,6.89,41,13
n2_TrackF_r1_F88Y_M255M_S1_G17,62,0.7966,0.7418,0.9861,1,2.25,0,11.94,0,40.53,0,31.93,37.7,3.7,6.43,10.14,2.12,54,12
n2_TrackF_r1_F88Y_M255M_S1_G17,63,0.7958,0.7473,0.9831,1,2.62,0,16.81,0,20.55,0,13.3,19.19,2.62,4.19,2.89,1.95,30,11
n2_TrackF_r1_F88Y_M255M_S1_G17,64,0.7953,0.7185,0.9831,1,2.7,1,4.32,1,2.62,1,3.51,4.51,3.19,2.99,4.22,4.31,41,13
n2_TrackF_r1_F88Y_M255M_S1_G17,65,0.795,0.7175,0.9845,1,3.95,0,14.74,0,16.25,0,7.73,15.47,3.69,3.49,3.45,3.0,37,11
n2_TrackF_r1_F88Y_M255M_S1_G17,66,0.7948,0.787,0.9825,1,2.11,0,19.72,0,29.91,0,25.52,32.13,1.54,5.21,6.25,2.92,31,13
n2_TrackF_r1_F88Y_M255M_S1_G17,67,0.794,0.8367,0.9816,0,5.47,0,12.16,1,2.84,0,2.83,3.44,1.41,4.25,2.48,4.94,48,15
n2_TrackF_r1_F88Y_M255M_S1_G17,68,0.7934,0.7233,0.986,0,7.69,1,3.23,1,3.0,1,2.49,4.95,1.68,3.85,5.21,6.82,36,13
n2_TrackF_r1_F88Y_M255M_S1_G17,69,0.7924,0.756,0.9862,1,2.53,0,11.46,0,21.53,0,13.89,18.56,0.92,1.85,4.13,3.21,33,9
n2_TrackF_r1_F88Y_M255M_S1_G17,7,0.8256,0.7958,0.9848,0,6.81,0,15.99,0,13.58,0,2.48,9.5,3.23,4.04,5.38,6.1,32,10
n2_TrackF_r1_F88Y_M255M_S1_G17,70,0.7921,0.7539,0.9863,1,3.24,1,4.48,1,1.72,1,2.48,3.27,1.91,3.79,5.89,5.14,38,12
n2_TrackF_r1_F88Y_M255M_S1_G17,71,0.792,0.7445,0.985,1,2.87,1,4.0,1,2.46,1,3.16,6.06,2.75,4.94,5.15,4.8,41,12
n2_TrackF_r1_F88Y_M255M_S1_G17,72,0.7919,0.8483,0.9849,1,1.07,0,9.24,0,41.29,0,32.35,37.49,2.41,4.43,4.04,1.87,44,13
n2_TrackF_r1_F88Y_M255M_S1_G17,73,0.7908,0.7172,0.9835,0,5.81,1,3.32,1,2.31,1,3.75,4.07,2.53,5.38,3.96,6.22,37,14
n2_TrackF_r1_F88Y_M255M_S1_G17,74,0.7866,0.7412,0.9848,0,6.21,1,4.91,0,5.31,0,5.52,8.34,0.34,1.67,3.96,5.89,51,13
n2_TrackF_r1_F88Y_M255M_S1_G17,75,0.7863,0.7147,0.9825,1,2.22,1,3.55,1,1.96,1,1.78,3.36,1.42,3.63,5.14,3.69,43,14
n2_TrackF_r1_F88Y_M255M_S1_G17,76,0.7861,0.7138,0.9833,1,2.5,1,3.74,1,2.93,1,1.33,3.47,1.33,5.22,4.86,4.32,44,15
n2_TrackF_r1_F88Y_M255M_S1_G17,77,0.7826,0.6972,0.9819,1,3.76,1,3.44,1,4.38,1,3.18,4.02,2.28,3.59,4.05,4.15,43,14
n2_TrackF_r1_F88Y_M255M_S1_G17,78,0.7823,0.6788,0.9837,1,3.22,1,3.77,1,2.46,1,2.66,4.3,0.62,2.45,5.27,4.22,37,13
n2_TrackF_r1_F88Y_M255M_S1_G17,79,0.7807,0.7313,0.9842,0,6.54,0,18.1,1,4.57,0,3.96,7.11,1.97,6.06,10.38,6.24,28,9
n2_TrackF_r1_F88Y_M255M_S1_G17,8,0.8255,0.7841,0.9842,1,4.43,0,11.58,0,23.15,0,12.57,19.47,2.05,4.09,2.38,3.84,29,11
n2_TrackF_r1_F88Y_M255M_S1_G17,80,0.7776,0.6915,0.9827,1,3.14,1,4.37,1,2.92,1,4.49,4.1,0.8,3.51,3.94,3.48,48,14
n2_TrackF_r1_F88Y_M255M_S1_G17,81,0.7775,0.693,0.9833,1,2.58,1,2.61,1,2.9,1,3.07,5.71,2.66,3.21,4.1,4.28,41,14
n2_TrackF_r1_F88Y_M255M_S1_G17,82,0.7756,0.6936,0.9841,0,5.77,1,3.51,1,1.92,1,3.29,4.87,0.52,3.39,5.86,5.49,40,14
n2_TrackF_r1_F88Y_M255M_S1_G17,83,0.7754,0.6684,0.9811,1,3.66,1,3.65,1,1.11,1,2.88,4.54,0.96,2.54,4.19,4.15,53,12
n2_TrackF_r1_F88Y_M255M_S1_G17,84,0.7705,0.6857,0.9824,1,4.24,1,3.45,1,3.07,1,4.09,4.16,1.65,4.44,3.38,4.73,44,15
n2_TrackF_r1_F88Y_M255M_S1_G17,85,0.7702,0.6486,0.9788,1,4.01,0,15.36,0,16.72,0,8.45,16.3,2.08,1.88,4.31,4.16,30,9
n2_TrackF_r1_F88Y_M255M_S1_G17,86,0.7635,0.6797,0.9852,0,5.25,1,3.99,1,2.53,1,2.83,1.47,1.72,1.78,4.03,5.36,39,14
n2_TrackF_r1_F88Y_M255M_S1_G17,87,0.7626,0.6629,0.9816,1,4.16,1,2.51,1,3.03,1,3.89,4.65,1.76,5.93,4.1,5.27,42,14
n2_TrackF_r1_F88Y_M255M_S1_G17,88,0.7625,0.6177,0.9791,0,7.87,0,5.09,1,2.19,0,3.6,3.85,1.49,2.23,5.35,6.86,32,12
n2_TrackF_r1_F88Y_M255M_S1_G17,89,0.762,0.6206,0.9805,1,2.54,1,3.4,1,4.03,1,3.17,5.72,2.68,2.01,6.38,4.26,33,13
n2_TrackF_r1_F88Y_M255M_S1_G17,9,0.8254,0.8395,0.9898,1,2.6,1,4.01,1,2.02,1,3.25,6.92,2.27,3.65,2.78,4.33,44,13
n2_TrackF_r1_F88Y_M255M_S1_G17,90,0.7607,0.6032,0.9737,1,3.1,0,15.54,0,17.61,0,8.28,14.66,1.04,3.66,3.28,1.75,32,10
n2_TrackF_r1_F88Y_M255M_S1_G17,91,0.76,0.6726,0.9827,1,2.61,0,18.78,0,31.75,0,24.38,28.69,1.42,4.14,4.3,2.41,32,12
n2_TrackF_r1_F88Y_M255M_S1_G17,92,0.7581,0.5973,0.9798,1,2.97,1,3.63,1,3.01,1,3.73,3.64,1.19,2.97,4.6,4.98,36,13
n2_TrackF_r1_F88Y_M255M_S1_G17,93,0.7578,0.623,0.9803,1,2.79,1,3.39,1,3.03,1,2.47,5.06,2.12,3.44,3.08,3.71,44,13
n2_TrackF_r1_F88Y_M255M_S1_G17,94,0.7573,0.6568,0.9784,1,1.48,0,11.03,0,35.55,0,28.34,34.88,0.86,3.62,2.17,1.74,42,14
n2_TrackF_r1_F88Y_M255M_S1_G17,95,0.7562,0.6222,0.9818,1,2.4,1,3.81,1,2.33,1,1.54,4.63,2.19,5.38,4.44,4.59,39,14
n2_TrackF_r1_F88Y_M255M_S1_G17,96,0.7455,0.665,0.9819,1,1.71,0,14.69,0,39.0,0,28.62,36.51,3.56,2.14,5.92,1.97,50,17
n2_TrackF_r1_F88Y_M255M_S1_G17,97,0.7385,0.5891,0.973,1,2.73,0,13.94,0,19.15,0,12.8,18.83,1.73,4.52,2.72,3.75,28,12
n2_TrackF_r1_F88Y_M255M_S1_G17,98,0.7333,0.5948,0.9829,1,1.48,0,15.29,0,36.24,0,29.39,37.13,1.98,4.74,8.0,1.96,59,18
n2_TrackF_r1_F88Y_M255M_S1_G17,99,0.7283,0.5554,0.9754,1,1.39,0,18.79,0,20.74,0,12.37,19.45,1.87,3.33,7.25,2.36,46,18
n2_WT_F88F_M255A_OFF_T_G17,0,0.8599,0.8841,0.9877,1,4.53,0,13.15,0,5.44,0,8.32,12.48,2.8,2.98,2.1,4.57,43,12
n2_WT_F88F_M255A_OFF_T_G17,1,0.8591,0.8716,0.981,0,5.18,0,27.45,0,6.71,0,4.34,12.67,1.19,3.01,6.65,5.39,37,15
n2_WT_F88F_M255A_OFF_T_G17,10,0.8478,0.8759,0.987,1,4.83,0,12.57,0,6.93,0,12.96,17.38,3.26,2.7,3.79,5.32,43,13
n2_WT_F88F_M255A_OFF_T_G17,11,0.8477,0.8728,0.9809,0,6.46,0,17.39,0,14.17,0,18.31,23.87,2.46,0.87,3.45,6.24,41,17
n2_WT_F88F_M255A_OFF_T_G17,12,0.8475,0.8133,0.9801,0,6.74,0,14.01,0,8.66,0,7.77,15.96,3.26,2.48,2.32,6.11,38,11
n2_WT_F88F_M255A_OFF_T_G17,13,0.8474,0.8621,0.9864,1,3.16,0,13.4,0,6.35,0,8.7,12.93,2.93,2.13,3.03,5.56,46,16
n2_WT_F88F_M255A_OFF_T_G17,14,0.8453,0.8753,0.9829,1,4.78,0,29.93,0,10.81,0,19.73,17.37,2.24,2.72,6.71,5.76,40,12
n2_WT_F88F_M255A_OFF_T_G17,15,0.8453,0.8427,0.9829,1,4.23,0,13.13,1,2.88,0,8.99,12.77,2.45,1.89,5.24,5.75,38,14
n2_WT_F88F_M255A_OFF_T_G17,16,0.8443,0.8607,0.9845,1,4.91,0,18.26,0,11.09,0,7.78,13.78,2.92,2.9,3.34,5.98,31,11
n2_WT_F88F_M255A_OFF_T_G17,17,0.8437,0.8424,0.9855,1,4.57,0,12.45,0,6.87,0,10.48,16.15,3.19,2.7,5.43,5.25,38,10
n2_WT_F88F_M255A_OFF_T_G17,18,0.8418,0.8715,0.985,1,4.37,0,16.47,0,10.52,0,12.67,16.61,2.72,2.12,1.38,5.69,50,16
n2_WT_F88F_M255A_OFF_T_G17,19,0.8401,0.8989,0.9882,0,7.28,0,22.28,0,13.73,0,18.29,24.73,1.34,2.15,4.05,5.9,40,13
n2_WT_F88F_M255A_OFF_T_G17,2,0.8553,0.9302,0.982,0,7.08,0,20.61,0,14.89,0,16.72,19.02,2.33,2.61,5.13,6.15,42,15
n2_WT_F88F_M255A_OFF_T_G17,20,0.8391,0.8429,0.9797,0,8.05,0,18.87,0,27.08,0,23.25,31.53,3.43,2.6,4.17,7.19,35,11
n2_WT_F88F_M255A_OFF_T_G17,21,0.8389,0.8809,0.984,0,6.79,0,19.12,0,27.58,0,21.87,30.72,0.53,2.07,2.43,6.18,31,13
n2_WT_F88F_M255A_OFF_T_G17,22,0.8383,0.7873,0.9856,1,3.48,0,13.28,1,2.67,0,9.37,13.02,2.07,1.57,3.33,3.72,34,12
n2_WT_F88F_M255A_OFF_T_G17,23,0.8352,0.8141,0.9857,1,4.47,0,12.87,0,10.64,0,8.62,17.4,2.93,2.79,3.83,3.71,40,12
n2_WT_F88F_M255A_OFF_T_G17,24,0.8343,0.8462,0.9832,0,5.22,0,10.57,1,3.6,0,2.73,7.54,2.12,2.8,3.07,6.0,46,15
n2_WT_F88F_M255A_OFF_T_G17,25,0.8342,0.9304,0.9848,1,4.41,0,10.66,0,5.65,0,7.23,14.08,1.27,3.22,3.76,5.76,48,18
n2_WT_F88F_M255A_OFF_T_G17,26,0.8334,0.8221,0.9808,0,8.67,0,19.08,0,22.04,0,18.81,26.8,2.79,3.11,3.72,7.63,24,12
n2_WT_F88F_M255A_OFF_T_G17,27,0.832,0.8428,0.979,0,6.29,0,17.75,0,12.81,0,13.57,20.82,3.52,3.05,2.05,6.12,37,19
n2_WT_F88F_M255A_OFF_T_G17,28,0.8319,0.8647,0.985,0,6.87,0,14.01,0,39.27,0,43.28,42.18,2.28,2.97,5.16,5.51,30,12
n2_WT_F88F_M255A_OFF_T_G17,29,0.8318,0.8543,0.9855,1,4.28,0,17.77,1,3.62,0,9.82,11.48,2.46,1.58,4.52,5.1,51,13
n2_WT_F88F_M255A_OFF_T_G17,3,0.8528,0.8719,0.9882,1,3.87,0,13.96,0,7.05,0,9.16,13.65,2.97,2.97,0.77,4.08,42,12
n2_WT_F88F_M255A_OFF_T_G17,30,0.8317,0.8244,0.9848,0,5.43,0,17.33,0,14.83,0,19.19,23.06,2.99,2.03,3.26,5.81,29,12
n2_WT_F88F_M255A_OFF_T_G17,31,0.8296,0.8217,0.9802,1,4.83,0,12.81,0,6.48,0,9.05,15.18,3.54,3.2,4.89,5.43,40,16
n2_WT_F88F_M255A_OFF_T_G17,32,0.8293,0.8767,0.9846,1,2.08,0,26.21,0,15.0,0,13.53,19.39,2.27,3.3,2.09,3.84,42,17
n2_WT_F88F_M255A_OFF_T_G17,33,0.8291,0.7585,0.9756,0,6.69,0,24.56,0,7.59,0,7.49,12.0,2.02,0.64,4.32,5.15,36,14
n2_WT_F88F_M255A_OFF_T_G17,34,0.8291,0.8557,0.9843,1,4.64,0,12.62,0,10.1,0,7.68,17.04,1.75,1.57,4.54,4.61,39,17
n2_WT_F88F_M255A_OFF_T_G17,35,0.8275,0.8494,0.9804,0,5.14,0,17.22,0,6.01,0,6.47,15.25,0.75,1.97,2.82,5.32,40,15
n2_WT_F88F_M255A_OFF_T_G17,36,0.8272,0.7842,0.9775,0,6.52,0,30.36,0,12.25,0,21.52,21.1,2.53,2.16,7.06,5.19,40,16
n2_WT_F88F_M255A_OFF_T_G17,37,0.827,0.7979,0.9836,1,4.75,0,17.22,1,4.51,0,4.86,10.29,1.87,2.08,3.88,5.77,24,11
n2_WT_F88F_M255A_OFF_T_G17,38,0.8261,0.9346,0.991,1,1.98,0,16.63,0,17.63,0,10.92,18.94,2.49,2.68,2.03,2.72,48,16
n2_WT_F88F_M255A_OFF_T_G17,39,0.826,0.8437,0.9849,0,8.9,0,20.42,0,15.94,0,13.21,21.8,3.16,2.7,3.4,7.6,27,14
n2_WT_F88F_M255A_OFF_T_G17,4,0.8507,0.8551,0.9856,1,4.53,0,13.32,0,5.56,0,9.79,15.99,1.24,3.3,2.38,5.17,37,11
n2_WT_F88F_M255A_OFF_T_G17,40,0.8257,0.8081,0.9802,0,8.78,0,19.74,0,13.38,0,11.68,20.32,2.06,3.78,4.64,8.26,28,13
n2_WT_F88F_M255A_OFF_T_G17,41,0.825,0.8077,0.9795,0,5.12,0,27.04,0,5.77,0,13.81,12.07,1.66,2.68,6.51,5.47,41,12
n2_WT_F88F_M255A_OFF_T_G17,42,0.8249,0.843,0.9821,0,6.08,0,19.97,0,14.99,0,11.72,20.35,0.98,3.85,6.15,5.92,25,12
n2_WT_F88F_M255A_OFF_T_G17,43,0.8247,0.8282,0.9873,1,3.08,0,33.23,0,26.27,0,20.68,28.03,1.83,0.65,2.9,4.09,35,10
n2_WT_F88F_M255A_OFF_T_G17,44,0.8236,0.819,0.9819,0,8.57,0,19.51,0,6.47,0,6.45,14.45,2.25,3.56,4.69,7.02,26,12
n2_WT_F88F_M255A_OFF_T_G17,45,0.8236,0.8139,0.9837,0,5.37,0,18.93,0,13.8,0,11.18,18.53,3.35,1.87,3.43,5.64,24,12
n2_WT_F88F_M255A_OFF_T_G17,46,0.8235,0.8563,0.9849,1,3.23,0,9.49,0,22.37,0,18.78,23.05,0.82,2.23,3.44,5.3,32,14
n2_WT_F88F_M255A_OFF_T_G17,47,0.8224,0.8337,0.98,0,5.03,0,19.24,0,16.58,0,13.19,22.23,2.29,2.51,2.96,5.02,35,13
n2_WT_F88F_M255A_OFF_T_G17,48,0.8214,0.8135,0.9812,0,7.78,0,15.61,0,6.33,0,8.48,13.62,3.62,3.68,6.1,5.66,33,14
n2_WT_F88F_M255A_OFF_T_G17,49,0.8212,0.8021,0.9807,1,4.95,0,19.52,0,11.13,0,14.66,19.48,2.87,3.93,5.11,5.36,32,14
n2_WT_F88F_M255A_OFF_T_G17,5,0.8497,0.8753,0.9855,1,4.79,0,13.66,0,10.46,0,9.35,16.52,2.99,2.09,2.37,5.02,41,15
n2_WT_F88F_M255A_OFF_T_G17,50,0.8204,0.7739,0.98,1,4.85,0,20.69,0,7.62,0,12.02,15.17,2.34,2.14,2.73,4.54,43,13
n2_WT_F88F_M255A_OFF_T_G17,51,0.8195,0.8821,0.9779,1,4.62,0,19.87,0,17.87,0,17.16,21.06,0.79,2.39,4.6,4.48,50,18
n2_WT_F88F_M255A_OFF_T_G17,52,0.8191,0.7764,0.9825,1,4.76,0,17.52,1,3.44,0,3.71,8.16,1.47,2.6,3.28,5.0,31,13
n2_WT_F88F_M255A_OFF_T_G17,53,0.8182,0.9106,0.9872,1,4.5,0,10.18,0,5.5,0,10.37,11.98,1.08,3.32,5.68,5.17,48,18
n2_WT_F88F_M255A_OFF_T_G17,54,0.8178,0.8048,0.9812,0,6.56,0,18.75,1,3.23,0,7.1,12.27,2.22,3.0,3.8,5.22,22,14
n2_WT_F88F_M255A_OFF_T_G17,55,0.8169,0.8488,0.9842,0,6.6,0,18.95,0,17.55,0,15.19,23.46,0.97,2.54,2.79,6.02,23,10
n2_WT_F88F_M255A_OFF_T_G17,56,0.8167,0.7295,0.9821,0,8.87,0,19.14,1,2.13,0,6.15,9.17,3.7,3.06,4.03,8.2,24,10
n2_WT_F88F_M255A_OFF_T_G17,57,0.8164,0.8219,0.9804,1,4.32,0,17.07,0,14.62,0,16.08,24.27,2.38,2.79,3.33,4.68,43,16
n2_WT_F88F_M255A_OFF_T_G17,58,0.8153,0.8372,0.9802,0,7.33,0,19.83,1,2.73,0,5.02,8.75,3.7,3.04,2.29,6.25,25,16
n2_WT_F88F_M255A_OFF_T_G17,59,0.8151,0.7601,0.9786,0,7.53,0,18.71,0,18.77,0,12.68,20.64,2.67,3.58,3.59,6.53,34,13
n2_WT_F88F_M255A_OFF_T_G17,6,0.8497,0.881,0.986,0,5.05,0,12.5,1,4.44,0,8.65,13.9,3.03,3.45,2.99,4.37,44,15
n2_WT_F88F_M255A_OFF_T_G17,60,0.8147,0.812,0.9787,0,5.96,0,18.54,0,14.46,0,9.79,17.82,1.13,1.98,3.6,6.41,29,13
n2_WT_F88F_M255A_OFF_T_G17,61,0.814,0.8093,0.9781,0,6.11,0,10.57,0,30.84,0,36.21,33.56,0.97,1.24,4.78,4.6,32,15
n2_WT_F88F_M255A_OFF_T_G17,62,0.8139,0.8417,0.9832,0,6.28,0,26.81,0,16.68,0,15.7,22.54,2.94,1.54,4.54,6.19,37,13
n2_WT_F88F_M255A_OFF_T_G17,63,0.8136,0.8318,0.9843,0,8.79,0,19.19,0,22.85,0,17.75,26.55,2.62,3.41,4.6,9.02,24,12
n2_WT_F88F_M255A_OFF_T_G17,64,0.8136,0.8617,0.9814,1,4.38,0,12.21,0,6.36,0,4.73,12.38,1.78,2.44,3.1,6.0,40,17
n2_WT_F88F_M255A_OFF_T_G17,65,0.8133,0.7875,0.9779,0,9.53,0,19.91,0,10.74,0,8.57,17.41,2.01,2.5,3.58,9.04,27,13
n2_WT_F88F_M255A_OFF_T_G17,66,0.8128,0.9068,0.9827,1,1.57,0,12.52,0,24.25,0,21.33,27.25,2.2,2.83,6.45,0.5,30,15
n2_WT_F88F_M255A_OFF_T_G17,67,0.8122,0.8445,0.9775,1,4.99,0,15.91,1,3.63,0,2.56,10.21,1.76,3.21,3.65,5.62,46,17
n2_WT_F88F_M255A_OFF_T_G17,68,0.8117,0.8963,0.9833,0,5.07,0,10.86,0,21.96,0,20.58,25.4,2.84,1.95,3.53,5.68,38,13
n2_WT_F88F_M255A_OFF_T_G17,69,0.8109,0.7122,0.9798,0,9.36,0,19.06,0,5.36,0,6.13,9.34,3.07,3.65,6.1,7.58,19,10
n2_WT_F88F_M255A_OFF_T_G17,7,0.849,0.917,0.9847,0,6.31,0,18.53,0,12.48,0,8.47,18.15,1.87,2.63,4.44,6.41,37,14
n2_WT_F88F_M255A_OFF_T_G17,70,0.8093,0.8523,0.981,1,4.25,0,11.45,0,11.25,0,8.97,17.65,2.62,2.32,5.44,4.78,47,18
n2_WT_F88F_M255A_OFF_T_G17,71,0.8088,0.8363,0.9816,0,5.62,0,19.46,0,18.9,0,14.51,22.75,1.6,0.66,5.8,4.67,28,15
n2_WT_F88F_M255A_OFF_T_G17,72,0.8064,0.7765,0.9784,0,8.82,0,20.4,0,5.32,0,5.67,13.18,2.18,3.67,4.62,8.41,31,14
n2_WT_F88F_M255A_OFF_T_G17,73,0.8057,0.8661,0.9848,0,6.15,0,20.86,0,17.14,0,16.43,24.29,1.84,3.31,6.47,5.3,33,14
n2_WT_F88F_M255A_OFF_T_G17,74,0.8047,0.7426,0.9783,0,5.42,0,15.93,0,9.57,0,9.25,15.77,2.18,3.51,2.24,5.12,40,11
n2_WT_F88F_M255A_OFF_T_G17,75,0.8034,0.7543,0.9771,0,7.39,0,19.16,0,24.99,0,21.44,30.21,2.88,3.31,4.85,7.62,26,13
n2_WT_F88F_M255A_OFF_T_G17,76,0.8032,0.694,0.9725,1,4.7,0,27.49,0,7.71,0,7.22,11.84,1.17,1.97,6.67,1.73,38,15
n2_WT_F88F_M255A_OFF_T_G17,77,0.8023,0.8219,0.9835,1,1.18,0,23.73,0,17.4,0,12.46,20.31,2.03,2.86,4.41,3.3,46,15
n2_WT_F88F_M255A_OFF_T_G17,78,0.8017,0.776,0.9839,1,4.03,0,12.74,0,6.91,0,7.92,13.83,3.12,2.38,4.2,5.08,33,14
n2_WT_F88F_M255A_OFF_T_G17,79,0.8017,0.7605,0.9768,0,7.44,0,18.31,0,8.49,0,6.74,16.52,3.44,2.65,4.04,6.53,46,20
n2_WT_F88F_M255A_OFF_T_G17,8,0.8484,0.8198,0.9761,0,7.15,0,26.87,0,14.12,0,22.9,23.05,2.24,1.95,6.5,4.33,36,14
n2_WT_F88F_M255A_OFF_T_G17,80,0.8017,0.7606,0.9776,0,8.06,0,18.82,1,5.0,0,6.35,8.15,2.37,2.5,4.18,6.9,22,12
n2_WT_F88F_M255A_OFF_T_G17,81,0.8007,0.785,0.9772,0,9.22,0,19.29,0,14.99,0,11.64,19.84,3.37,3.25,3.75,9.38,28,12
n2_WT_F88F_M255A_OFF_T_G17,82,0.7988,0.7026,0.9801,1,4.88,0,12.41,0,9.77,0,7.14,15.06,2.0,1.94,3.75,5.8,34,13
n2_WT_F88F_M255A_OFF_T_G17,83,0.7968,0.6674,0.977,0,7.43,0,16.71,0,8.96,0,6.31,13.86,3.84,3.3,1.95,5.29,37,10
n2_WT_F88F_M255A_OFF_T_G17,84,0.7934,0.8114,0.9813,0,5.95,0,16.38,0,38.18,0,36.06,37.55,1.75,2.77,4.42,6.26,31,16
n2_WT_F88F_M255A_OFF_T_G17,85,0.7933,0.717,0.9773,1,3.93,0,19.37,0,10.83,0,12.26,18.43,1.64,2.22,2.12,4.94,40,13
n2_WT_F88F_M255A_OFF_T_G17,86,0.7928,0.7261,0.9793,1,3.98,0,16.97,0,6.35,0,9.83,9.0,1.21,2.73,4.77,4.51,34,17
n2_WT_F88F_M255A_OFF_T_G17,87,0.7891,0.7156,0.9739,0,7.06,0,19.13,0,15.32,0,12.19,20.76,2.06,1.13,3.57,7.2,30,14
n2_WT_F88F_M255A_OFF_T_G17,88,0.7888,0.7775,0.9836,1,3.76,0,27.22,0,13.88,0,14.75,19.46,2.01,2.97,4.97,3.33,51,16
n2_WT_F88F_M255A_OFF_T_G17,89,0.7865,0.7985,0.9796,0,7.84,0,17.49,0,5.46,0,5.7,13.0,2.67,2.37,2.77,7.08,48,18
n2_WT_F88F_M255A_OFF_T_G17,9,0.8483,0.8792,0.9826,0,5.56,0,26.56,0,17.78,0,18.37,27.5,0.64,2.23,7.61,5.2,32,11
n2_WT_F88F_M255A_OFF_T_G17,90,0.7802,0.7341,0.9777,1,4.06,0,12.02,0,9.31,0,9.44,16.55,2.29,3.17,5.11,5.4,47,19
n2_WT_F88F_M255A_OFF_T_G17,91,0.7757,0.8003,0.9815,0,6.62,0,22.51,0,14.06,0,11.23,17.89,2.46,1.51,3.94,5.16,33,14
n2_WT_F88F_M255A_OFF_T_G17,92,0.7687,0.6067,0.9742,0,7.05,0,20.53,0,17.5,0,13.9,20.5,1.56,2.41,4.37,6.55,29,13
n2_WT_F88F_M255A_OFF_T_G17,93,0.7686,0.6464,0.9759,0,6.55,0,21.17,1,3.61,0,9.32,8.5,3.15,0.68,3.27,4.99,30,11
n2_WT_F88F_M255A_OFF_T_G17,94,0.7678,0.6228,0.9742,0,7.4,0,16.64,0,7.16,0,10.31,13.61,3.46,2.7,3.56,6.04,34,11
n2_WT_F88F_M255A_OFF_T_G17,95,0.7676,0.7004,0.9768,0,5.85,0,23.26,0,12.47,0,16.09,21.34,2.24,2.17,5.14,3.83,34,15
n2_WT_F88F_M255A_OFF_T_G17,96,0.7676,0.6561,0.9759,0,8.93,0,18.71,0,6.87,0,11.79,14.06,3.25,3.58,4.24,6.59,31,13
n2_WT_F88F_M255A_OFF_T_G17,97,0.7586,0.625,0.9739,1,2.92,0,16.59,0,5.27,0,4.09,3.03,2.89,2.84,2.96,2.15,56,15
n2_WT_F88F_M255A_OFF_T_G17,98,0.7337,0.5692,0.9747,1,4.67,0,12.07,0,22.6,0,19.31,26.35,2.31,2.78,3.76,5.17,34,13
n2_WT_F88F_M255A_OFF_T_G17,99,0.7111,0.5137,0.9642,0,6.38,0,22.04,0,15.55,0,12.3,19.7,1.28,2.69,1.77,5.85,39,14
n2_WT_F88F_M255A_S1_G17,0,0.8577,0.8635,0.9886,1,1.96,0,25.59,0,26.1,0,19.56,27.15,3.1,5.48,10.35,3.19,36,9
n2_WT_F88F_M255A_S1_G17,1,0.8576,0.8491,0.9884,0,5.04,0,24.01,0,23.1,0,18.3,24.19,3.31,3.4,5.9,4.64,37,10
n2_WT_F88F_M255A_S1_G17,10,0.8493,0.8364,0.9864,1,1.25,0,24.61,0,28.14,0,22.26,29.1,1.27,4.72,10.34,2.32,34,10
n2_WT_F88F_M255A_S1_G17,11,0.8487,0.8196,0.9853,1,2.49,0,15.63,0,32.35,0,26.8,33.61,2.65,3.2,10.19,2.77,36,11
n2_WT_F88F_M255A_S1_G17,12,0.8487,0.8248,0.988,1,2.91,0,25.39,0,26.58,0,20.52,27.43,2.35,6.58,11.14,2.84,35,10
n2_WT_F88F_M255A_S1_G17,13,0.8484,0.8486,0.9913,1,2.86,0,22.06,0,33.9,0,27.59,34.61,3.35,3.81,8.78,3.24,40,13
n2_WT_F88F_M255A_S1_G17,14,0.8482,0.8321,0.9869,1,1.26,0,25.13,0,28.4,0,21.86,29.14,2.46,5.46,10.86,3.49,33,9
n2_WT_F88F_M255A_S1_G17,15,0.8481,0.8155,0.9868,1,1.45,0,25.31,0,28.67,0,23.1,29.79,1.63,5.82,10.16,3.14,35,9
n2_WT_F88F_M255A_S1_G17,16,0.8478,0.8504,0.9885,1,1.72,0,25.84,0,25.85,0,20.07,27.0,1.99,5.05,11.49,3.09,37,9
n2_WT_F88F_M255A_S1_G17,17,0.847,0.7969,0.9864,1,1.53,0,19.53,0,32.44,0,26.72,33.71,3.25,3.81,7.99,2.55,41,12
n2_WT_F88F_M255A_S1_G17,18,0.8462,0.8204,0.9849,1,2.36,0,25.52,0,26.73,0,19.79,27.2,2.18,5.75,9.96,2.54,32,10
n2_WT_F88F_M255A_S1_G17,19,0.8445,0.8142,0.9844,1,1.19,0,23.75,0,27.28,0,20.93,28.16,3.38,6.61,10.7,2.46,32,9
n2_WT_F88F_M255A_S1_G17,2,0.8564,0.8537,0.988,1,0.83,0,5.46,0,26.52,0,19.75,26.85,2.6,3.18,5.2,1.3,43,12
n2_WT_F88F_M255A_S1_G17,20,0.8434,0.8175,0.9867,1,1.94,0,20.06,0,32.82,0,26.34,33.76,2.37,6.57,9.8,2.91,42,10
n2_WT_F88F_M255A_S1_G17,21,0.8427,0.8085,0.9861,1,2.38,0,22.61,0,31.18,0,24.66,32.02,1.66,6.23,10.85,3.24,38,10
n2_WT_F88F_M255A_S1_G17,22,0.8418,0.8381,0.9867,0,5.4,1,4.31,0,40.05,0,34.68,39.08,0.79,2.35,3.54,5.2,39,13
n2_WT_F88F_M255A_S1_G17,23,0.8402,0.8917,0.9869,1,2.97,1,4.35,1,3.33,1,2.97,3.42,2.23,1.33,7.01,5.1,37,13
n2_WT_F88F_M255A_S1_G17,24,0.8386,0.779,0.9858,1,1.23,0,21.09,0,30.72,0,24.63,31.67,2.14,3.86,9.67,2.47,38,10
n2_WT_F88F_M255A_S1_G17,25,0.8382,0.7998,0.9864,1,2.04,0,17.93,0,31.98,0,25.96,32.95,3.95,2.77,7.64,3.21,39,11
n2_WT_F88F_M255A_S1_G17,26,0.8373,0.8427,0.9824,1,1.89,1,4.11,1,4.23,1,0.98,3.68,2.03,1.69,4.97,5.47,41,12
n2_WT_F88F_M255A_S1_G17,27,0.8371,0.7719,0.9874,1,1.9,0,18.95,0,35.92,0,28.56,36.05,1.44,3.33,10.68,2.74,38,11
n2_WT_F88F_M255A_S1_G17,28,0.836,0.7955,0.9866,1,3.1,0,21.91,0,27.61,0,21.04,28.58,4.86,5.67,9.54,2.4,36,10
n2_WT_F88F_M255A_S1_G17,29,0.8342,0.7794,0.9853,1,1.94,0,25.11,0,27.35,0,20.95,28.27,2.64,4.82,9.52,2.45,32,9
n2_WT_F88F_M255A_S1_G17,3,0.8559,0.8402,0.9873,1,2.67,0,21.21,0,26.38,0,18.96,26.84,2.94,5.53,10.83,2.47,35,9
n2_WT_F88F_M255A_S1_G17,30,0.8327,0.8006,0.9869,1,3.67,0,6.53,1,2.86,0,2.33,4.26,3.54,2.65,2.94,6.3,43,12
n2_WT_F88F_M255A_S1_G17,31,0.832,0.8148,0.9855,1,3.21,0,5.98,1,2.18,0,3.99,5.65,3.7,3.64,2.42,5.35,38,12
n2_WT_F88F_M255A_S1_G17,32,0.831,0.8966,0.9867,1,2.18,0,8.99,0,38.32,0,30.46,38.24,1.18,3.18,3.54,0.75,57,17
n2_WT_F88F_M255A_S1_G17,33,0.8304,0.7893,0.9847,1,1.81,0,5.09,0,25.76,0,19.45,26.49,1.64,3.46,3.03,2.51,44,13
n2_WT_F88F_M255A_S1_G17,34,0.8283,0.9102,0.9849,1,4.57,0,12.6,1,2.23,0,3.28,3.41,1.97,2.89,4.8,4.63,45,17
n2_WT_F88F_M255A_S1_G17,35,0.8276,0.796,0.9845,1,3.2,0,6.46,1,2.24,0,3.46,3.61,3.25,2.78,4.24,5.65,39,12
n2_WT_F88F_M255A_S1_G17,36,0.827,0.7686,0.9856,1,3.09,0,25.43,0,29.89,0,24.18,31.24,0.9,5.39,11.57,3.0,32,10
n2_WT_F88F_M255A_S1_G17,37,0.8266,0.7366,0.9803,0,6.29,0,20.44,0,17.8,0,10.24,17.73,2.56,2.23,6.0,6.04,39,14
n2_WT_F88F_M255A_S1_G17,38,0.8259,0.8094,0.986,1,4.77,0,19.4,0,18.54,0,13.57,20.14,3.65,1.93,6.64,5.34,33,11
n2_WT_F88F_M255A_S1_G17,39,0.8255,0.8315,0.9861,0,5.0,0,7.42,0,42.13,0,37.06,40.82,2.9,1.77,3.39,5.52,47,14
n2_WT_F88F_M255A_S1_G17,4,0.8528,0.866,0.9885,1,2.05,0,22.24,0,26.37,0,20.14,27.56,2.09,2.59,8.32,2.89,34,10
n2_WT_F88F_M255A_S1_G17,40,0.8254,0.7683,0.9825,1,4.4,0,6.35,1,1.69,0,2.62,2.94,2.38,3.11,3.17,6.55,40,13
n2_WT_F88F_M255A_S1_G17,41,0.8251,0.8988,0.985,1,3.47,0,11.55,1,2.96,0,0.52,5.18,2.17,3.1,4.44,3.37,49,17
n2_WT_F88F_M255A_S1_G17,42,0.8239,0.8159,0.9832,1,4.16,0,6.43,0,30.52,0,34.17,33.51,3.31,2.83,4.07,4.49,40,11
n2_WT_F88F_M255A_S1_G17,43,0.8236,0.7974,0.9858,1,1.48,0,6.74,1,2.71,0,3.42,5.18,2.85,3.25,2.57,4.12,41,13
n2_WT_F88F_M255A_S1_G17,44,0.8233,0.8455,0.9826,1,4.83,0,16.69,1,1.14,0,1.75,7.03,3.34,2.53,6.84,4.73,32,10
n2_WT_F88F_M255A_S1_G17,45,0.8227,0.8943,0.9831,1,4.6,0,13.48,1,0.7,0,0.37,8.0,2.31,3.38,6.87,4.91,32,12
n2_WT_F88F_M255A_S1_G17,46,0.8226,0.7745,0.9815,1,4.22,1,3.59,0,39.91,0,34.79,38.98,3.29,2.32,3.51,4.49,41,12
n2_WT_F88F_M255A_S1_G17,47,0.8217,0.7973,0.9864,1,4.5,0,7.23,1,3.35,0,1.32,3.58,3.2,3.11,4.13,6.55,44,14
n2_WT_F88F_M255A_S1_G17,48,0.8214,0.8311,0.9886,1,4.78,0,6.87,0,41.59,0,36.7,41.67,2.3,2.34,3.76,5.53,43,13
n2_WT_F88F_M255A_S1_G17,49,0.8213,0.7048,0.9781,0,5.42,0,19.01,0,20.86,0,18.08,23.48,3.37,1.44,5.88,4.51,28,11
n2_WT_F88F_M255A_S1_G17,5,0.8526,0.8243,0.986,1,1.64,0,24.1,0,27.67,0,21.13,28.52,1.49,5.02,9.51,3.12,35,11
n2_WT_F88F_M255A_S1_G17,50,0.8204,0.817,0.9856,0,5.88,1,3.03,0,41.19,0,35.34,40.4,1.55,2.64,4.07,6.15,42,12
n2_WT_F88F_M255A_S1_G17,51,0.8203,0.7796,0.9856,1,2.42,0,6.11,1,2.18,0,0.62,4.15,3.87,2.52,5.23,5.72,42,13
n2_WT_F88F_M255A_S1_G17,52,0.8199,0.7916,0.9844,1,2.97,0,6.93,1,1.52,0,1.3,4.93,3.45,2.49,3.24,6.37,41,14
n2_WT_F88F_M255A_S1_G17,53,0.8196,0.838,0.9886,0,5.6,0,43.84,0,51.16,0,56.72,54.81,3.1,1.07,6.96,4.76,20,8
n2_WT_F88F_M255A_S1_G17,54,0.8181,0.8441,0.978,1,4.39,0,19.3,0,18.91,0,14.5,20.7,3.35,2.39,7.5,4.08,37,16
n2_WT_F88F_M255A_S1_G17,55,0.8179,0.919,0.9899,1,2.54,0,20.69,0,31.23,0,24.35,31.23,2.14,1.86,5.6,3.07,44,16
n2_WT_F88F_M255A_S1_G17,56,0.8179,0.7918,0.9869,1,3.98,0,5.79,1,2.63,0,3.65,4.98,2.89,2.77,2.65,6.2,42,15
n2_WT_F88F_M255A_S1_G17,57,0.8168,0.8164,0.9846,1,3.16,0,5.75,1,2.2,0,2.17,6.23,2.84,3.06,4.14,6.7,40,12
n2_WT_F88F_M255A_S1_G17,58,0.8161,0.6887,0.9799,1,4.77,0,16.57,0,25.02,0,21.23,25.24,2.63,2.94,4.4,5.0,33,10
n2_WT_F88F_M255A_S1_G17,59,0.815,0.7762,0.9836,1,3.31,1,4.91,1,2.29,1,1.05,5.1,1.95,1.93,2.23,4.62,41,12
n2_WT_F88F_M255A_S1_G17,6,0.8521,0.8295,0.9854,1,3.31,0,24.78,0,25.07,0,17.95,25.23,1.88,7.31,10.86,3.63,34,9
n2_WT_F88F_M255A_S1_G17,60,0.8149,0.757,0.983,1,3.44,0,6.57,1,2.35,0,0.7,4.92,3.1,1.84,3.53,6.82,42,12
n2_WT_F88F_M255A_S1_G17,61,0.8147,0.8128,0.9849,1,4.09,0,6.73,1,2.31,0,4.15,3.73,2.74,3.2,4.19,4.44,43,12
n2_WT_F88F_M255A_S1_G17,62,0.8147,0.7649,0.978,0,5.28,0,16.38,0,23.09,0,21.14,24.05,2.41,2.74,3.49,5.36,31,12
n2_WT_F88F_M255A_S1_G17,63,0.8145,0.7588,0.9801,0,5.9,1,3.31,0,25.34,0,23.93,25.9,1.25,2.74,4.77,4.54,35,11
n2_WT_F88F_M255A_S1_G17,64,0.8133,0.8374,0.9834,1,2.9,0,21.53,0,29.4,0,23.23,30.66,1.56,2.86,2.91,3.09,54,20
n2_WT_F88F_M255A_S1_G17,65,0.8131,0.6855,0.982,1,4.4,0,22.71,0,24.79,0,16.9,24.12,1.64,2.86,8.26,4.94,39,10
n2_WT_F88F_M255A_S1_G17,66,0.8128,0.7845,0.9799,0,6.07,0,16.21,0,21.75,0,19.61,23.83,3.86,2.43,6.02,5.5,28,12
n2_WT_F88F_M255A_S1_G17,67,0.8124,0.8617,0.9868,1,2.89,0,5.62,1,3.37,0,1.73,6.72,2.74,2.54,3.35,6.51,39,16
n2_WT_F88F_M255A_S1_G17,68,0.8116,0.7946,0.9845,1,3.9,0,5.4,1,3.34,0,2.69,7.42,3.36,0.98,5.43,5.55,43,12
n2_WT_F88F_M255A_S1_G17,69,0.811,0.7786,0.9837,1,2.68,0,5.83,1,2.48,0,1.92,6.26,2.96,2.83,5.05,6.0,36,12
n2_WT_F88F_M255A_S1_G17,7,0.8514,0.8301,0.9853,1,1.88,0,23.75,0,26.23,0,19.21,26.97,1.89,4.68,10.64,3.25,36,8
n2_WT_F88F_M255A_S1_G17,70,0.8104,0.7537,0.9812,0,6.01,0,7.65,1,2.47,0,3.71,6.04,2.39,2.54,3.36,6.26,39,12
n2_WT_F88F_M255A_S1_G17,71,0.8103,0.8514,0.9796,1,2.85,0,19.49,0,21.83,0,17.38,22.92,2.25,2.47,3.91,2.92,43,18
n2_WT_F88F_M255A_S1_G17,72,0.8102,0.7087,0.983,1,4.78,0,21.15,0,22.17,0,18.99,23.81,3.25,2.53,6.79,4.66,29,10
n2_WT_F88F_M255A_S1_G17,73,0.8098,0.71,0.984,1,2.47,0,23.65,0,31.09,0,25.68,32.41,5.61,7.16,11.69,2.12,32,9
n2_WT_F88F_M255A_S1_G17,74,0.8076,0.8411,0.9802,1,4.32,0,20.75,0,22.08,0,12.84,20.23,2.26,2.12,5.09,4.61,35,15
n2_WT_F88F_M255A_S1_G17,75,0.8076,0.839,0.9825,1,1.64,0,20.64,0,22.7,0,14.12,21.58,3.3,3.33,3.48,3.2,45,18
n2_WT_F88F_M255A_S1_G17,76,0.8057,0.7728,0.9833,0,6.6,0,8.47,1,3.15,0,0.49,3.63,2.55,3.54,5.15,5.94,35,12
n2_WT_F88F_M255A_S1_G17,77,0.8056,0.7943,0.9805,1,4.08,0,6.14,0,17.77,0,12.81,19.83,2.49,2.33,2.9,4.54,40,14
n2_WT_F88F_M255A_S1_G17,78,0.8053,0.8472,0.9825,1,2.46,0,5.22,1,3.57,0,3.35,4.78,4.03,2.88,3.27,4.41,45,15
n2_WT_F88F_M255A_S1_G17,79,0.8053,0.7689,0.9829,1,2.59,0,5.23,1,3.94,0,2.41,7.98,1.91,2.91,3.49,4.59,46,12
n2_WT_F88F_M255A_S1_G17,8,0.8512,0.8338,0.9898,1,2.6,0,21.28,0,29.29,0,23.27,30.59,2.26,5.65,10.08,2.83,33,10
n2_WT_F88F_M255A_S1_G17,80,0.8033,0.7902,0.9855,1,4.72,0,13.22,0,42.43,0,36.88,42.05,2.76,1.82,4.9,5.3,38,14
n2_WT_F88F_M255A_S1_G17,81,0.7986,0.783,0.984,1,3.12,1,4.16,1,3.2,1,2.99,6.77,3.15,0.96,3.99,6.34,46,14
n2_WT_F88F_M255A_S1_G17,82,0.7982,0.6479,0.9765,1,4.18,0,19.89,0,22.21,0,19.38,23.45,3.28,1.95,7.05,4.33,36,11
n2_WT_F88F_M255A_S1_G17,83,0.7979,0.8608,0.9871,1,1.81,0,17.34,0,38.89,0,31.36,38.77,1.96,2.8,7.15,0.99,56,18
n2_WT_F88F_M255A_S1_G17,84,0.7977,0.7434,0.9823,0,5.47,1,2.75,0,28.61,0,28.24,30.2,1.04,2.07,4.24,5.18,34,11
n2_WT_F88F_M255A_S1_G17,85,0.7944,0.781,0.9867,1,1.29,0,17.94,0,38.72,0,30.96,38.36,1.72,5.48,11.16,1.82,46,11
n2_WT_F88F_M255A_S1_G17,86,0.7938,0.7931,0.9774,1,2.77,0,19.5,0,19.15,0,11.19,18.84,2.76,1.03,3.8,1.9,38,16
n2_WT_F88F_M255A_S1_G17,87,0.7913,0.676,0.9802,0,9.49,0,10.71,1,3.23,0,1.68,4.75,2.16,2.28,3.7,7.59,29,12
n2_WT_F88F_M255A_S1_G17,88,0.7894,0.8127,0.9799,1,4.54,0,19.82,0,22.19,0,20.06,24.33,3.07,1.87,6.1,5.04,42,17
n2_WT_F88F_M255A_S1_G17,89,0.788,0.7014,0.9825,1,2.43,0,12.17,0,36.54,0,28.78,36.65,2.75,7.76,11.38,3.38,38,12
n2_WT_F88F_M255A_S1_G17,9,0.851,0.8353,0.9873,1,2.58,0,22.4,0,29.28,0,22.87,30.14,3.01,5.73,10.98,2.24,32,10
n2_WT_F88F_M255A_S1_G17,90,0.785,0.5999,0.9805,1,1.01,0,24.38,0,28.29,0,22.13,28.37,4.45,4.29,10.82,2.43,38,9
n2_WT_F88F_M255A_S1_G17,91,0.7849,0.6992,0.9821,0,6.1,0,8.53,0,9.15,0,7.2,12.95,1.04,3.19,4.61,6.25,36,12
n2_WT_F88F_M255A_S1_G17,92,0.7844,0.6099,0.9738,0,5.71,0,18.5,0,26.96,0,24.72,27.23,2.89,2.06,3.95,4.03,30,11
n2_WT_F88F_M255A_S1_G17,93,0.7841,0.6683,0.9809,0,5.49,0,19.25,0,22.01,0,19.41,23.47,3.23,1.31,4.51,4.81,35,12
n2_WT_F88F_M255A_S1_G17,94,0.7815,0.7372,0.9815,0,6.97,0,13.59,0,44.28,0,38.53,44.19,1.49,1.58,4.43,6.36,35,13
n2_WT_F88F_M255A_S1_G17,95,0.7776,0.6766,0.98,1,4.3,0,5.42,1,2.27,0,1.72,3.53,3.39,2.9,4.59,7.15,37,13
n2_WT_F88F_M255A_S1_G17,96,0.7728,0.6812,0.976,1,4.73,0,6.9,0,23.88,0,22.55,26.45,2.45,2.83,4.45,5.58,39,13
n2_WT_F88F_M255A_S1_G17,97,0.7562,0.513,0.9762,1,4.65,0,19.12,0,18.2,0,15.61,20.88,3.16,1.18,5.46,4.88,31,9
n2_WT_F88F_M255A_S1_G17,98,0.7481,0.6399,0.9694,1,2.5,0,17.74,0,32.66,0,27.33,34.22,3.85,3.41,4.69,1.81,43,17
n2_WT_F88F_M255A_S1_G17,99,0.7056,0.4457,0.9675,1,2.05,0,10.95,0,28.87,0,21.4,28.97,1.32,1.85,4.6,1.58,44,14
n2_WT_F88F_M255I_OFF_T_G17,0,0.8671,0.9235,0.9809,0,7.62,0,22.93,0,14.43,0,13.69,17.29,3.54,2.53,2.88,5.89,50,17
n2_WT_F88F_M255I_OFF_T_G17,1,0.8617,0.8863,0.9821,0,6.15,0,17.14,0,12.0,0,6.1,12.14,0.68,2.28,2.16,6.72,43,16
n2_WT_F88F_M255I_OFF_T_G17,10,0.8473,0.9476,0.9905,1,4.3,0,11.94,0,12.94,0,9.56,17.65,2.54,2.57,3.57,5.67,48,21
n2_WT_F88F_M255I_OFF_T_G17,11,0.8466,0.8846,0.9192,0,6.3,0,10.5,0,31.36,0,30.78,31.88,4.0,1.17,2.87,3.29,38,19
n2_WT_F88F_M255I_OFF_T_G17,12,0.8465,0.8824,0.9798,0,10.92,0,13.82,0,30.59,0,29.32,31.55,2.91,2.13,5.38,8.64,28,17
n2_WT_F88F_M255I_OFF_T_G17,13,0.8464,0.8973,0.9853,0,5.06,0,17.53,0,8.78,0,7.01,12.23,2.6,2.43,4.29,5.5,47,16
n2_WT_F88F_M255I_OFF_T_G17,14,0.8464,0.9016,0.988,1,4.76,0,12.75,0,7.82,0,9.35,13.38,1.86,3.29,3.4,3.89,40,13
n2_WT_F88F_M255I_OFF_T_G17,15,0.8457,0.8739,0.9796,0,7.65,0,19.48,0,7.2,0,6.56,12.29,2.31,2.38,4.13,5.54,30,13
n2_WT_F88F_M255I_OFF_T_G17,16,0.8454,0.9264,0.9887,1,3.76,0,16.93,1,4.67,0,10.14,11.92,2.47,2.89,3.43,3.68,42,18
n2_WT_F88F_M255I_OFF_T_G17,17,0.8447,0.9007,0.9848,1,3.01,0,26.49,0,13.46,0,11.19,16.51,3.31,0.53,3.64,4.01,36,16
n2_WT_F88F_M255I_OFF_T_G17,18,0.8442,0.9114,0.9852,1,4.48,0,24.65,0,14.69,0,7.6,13.71,2.03,2.76,3.76,4.4,46,19
n2_WT_F88F_M255I_OFF_T_G17,19,0.844,0.8558,0.9858,1,3.86,0,12.36,0,10.87,0,13.33,18.03,2.49,3.07,2.72,5.16,41,14
n2_WT_F88F_M255I_OFF_T_G17,2,0.8571,0.8978,0.9785,0,8.63,0,10.69,0,30.54,0,29.42,31.19,5.08,2.37,1.76,5.97,32,15
n2_WT_F88F_M255I_OFF_T_G17,20,0.8436,0.9021,0.9837,0,6.94,0,18.64,0,31.1,0,25.88,32.19,1.66,1.86,2.3,6.38,35,13
n2_WT_F88F_M255I_OFF_T_G17,21,0.8431,0.8672,0.9849,0,7.29,0,19.64,0,26.76,0,20.9,27.02,1.2,2.08,3.89,7.74,35,13
n2_WT_F88F_M255I_OFF_T_G17,22,0.8418,0.8093,0.9838,0,5.29,0,19.33,0,21.69,0,19.12,25.99,2.96,3.64,1.71,6.08,29,12
n2_WT_F88F_M255I_OFF_T_G17,23,0.84,0.8879,0.9859,1,4.45,0,17.28,0,9.58,0,9.89,16.06,2.59,1.86,4.66,5.24,46,14
n2_WT_F88F_M255I_OFF_T_G17,24,0.8394,0.8751,0.9836,0,6.43,0,17.89,0,13.91,0,11.14,16.98,2.6,2.92,3.16,6.21,34,13
n2_WT_F88F_M255I_OFF_T_G17,25,0.8393,0.893,0.9835,0,5.27,0,22.6,0,17.15,0,12.99,19.24,3.22,3.16,3.97,5.23,38,14
n2_WT_F88F_M255I_OFF_T_G17,26,0.8378,0.8481,0.9858,0,5.06,0,28.39,0,18.62,0,16.84,22.78,1.42,3.1,2.68,4.79,35,11
n2_WT_F88F_M255I_OFF_T_G17,27,0.8349,0.8421,0.9834,0,7.13,0,18.82,0,18.41,0,11.06,16.59,2.8,2.35,6.62,6.71,37,14
n2_WT_F88F_M255I_OFF_T_G17,28,0.8343,0.8544,0.9812,0,6.44,0,19.89,0,23.23,0,20.98,27.07,1.13,3.09,6.32,6.65,31,10
n2_WT_F88F_M255I_OFF_T_G17,29,0.8339,0.8882,0.9853,1,2.12,0,18.68,1,4.68,0,4.81,7.57,3.19,1.85,4.38,3.02,56,18
n2_WT_F88F_M255I_OFF_T_G17,3,0.8549,0.9004,0.9856,1,4.02,0,17.84,0,10.79,0,13.69,17.74,2.22,1.8,2.52,5.55,48,17
n2_WT_F88F_M255I_OFF_T_G17,30,0.8325,0.9026,0.984,1,4.31,0,10.1,0,10.31,0,11.82,16.97,1.63,2.62,4.36,4.3,42,17
n2_WT_F88F_M255I_OFF_T_G17,31,0.832,0.8101,0.9858,1,4.57,0,13.25,0,31.88,0,30.61,35.24,2.74,3.04,2.98,4.3,34,11
n2_WT_F88F_M255I_OFF_T_G17,32,0.8317,0.7805,0.9746,1,3.24,0,24.9,0,9.59,0,13.88,18.81,1.06,1.48,5.31,2.54,35,15
n2_WT_F88F_M255I_OFF_T_G17,33,0.8312,0.9236,0.9865,1,2.28,0,21.71,0,17.33,0,12.84,18.75,2.04,2.52,3.03,0.57,54,18
n2_WT_F88F_M255I_OFF_T_G17,34,0.8308,0.868,0.9831,0,6.73,0,19.2,0,24.52,0,21.7,28.29,2.36,3.49,5.08,6.01,27,13
n2_WT_F88F_M255I_OFF_T_G17,35,0.8307,0.8149,0.9804,1,4.74,0,16.92,0,32.65,0,29.66,35.88,3.02,1.06,3.66,5.45,29,15
n2_WT_F88F_M255I_OFF_T_G17,36,0.8284,0.9097,0.9831,1,4.56,0,10.4,0,19.01,0,12.37,18.64,2.76,2.14,4.75,4.59,50,20
n2_WT_F88F_M255I_OFF_T_G17,37,0.8282,0.8598,0.9792,0,5.03,0,22.35,0,13.48,0,9.91,15.31,2.76,2.56,3.64,6.77,46,18
n2_WT_F88F_M255I_OFF_T_G17,38,0.8282,0.8942,0.9857,1,4.12,0,11.61,0,10.35,0,9.46,15.34,2.08,3.13,2.45,5.61,46,18
n2_WT_F88F_M255I_OFF_T_G17,39,0.8274,0.8222,0.9842,0,6.03,0,35.2,0,21.32,0,20.4,26.42,1.65,2.19,2.6,5.91,39,12
n2_WT_F88F_M255I_OFF_T_G17,4,0.8532,0.8829,0.9836,0,5.55,0,16.37,0,38.92,0,43.15,41.24,1.35,3.61,4.35,6.58,32,11
n2_WT_F88F_M255I_OFF_T_G17,40,0.826,0.7778,0.9784,0,8.93,0,19.77,0,19.51,0,17.17,23.55,2.13,3.16,4.08,9.31,29,14
n2_WT_F88F_M255I_OFF_T_G17,41,0.826,0.8172,0.9785,0,7.31,0,19.81,0,18.86,0,15.94,22.14,1.29,3.42,3.37,7.15,30,14
n2_WT_F88F_M255I_OFF_T_G17,42,0.8249,0.8043,0.9781,0,9.34,0,17.89,0,20.01,0,16.86,22.53,3.97,3.32,6.08,9.4,28,12
n2_WT_F88F_M255I_OFF_T_G17,43,0.8237,0.7615,0.9748,0,6.82,0,26.28,0,5.77,0,12.52,13.94,1.96,1.61,6.75,4.73,33,12
n2_WT_F88F_M255I_OFF_T_G17,44,0.8235,0.9303,0.9866,1,2.52,0,23.36,0,16.18,0,10.67,17.02,1.89,2.93,3.62,2.69,54,20
n2_WT_F88F_M255I_OFF_T_G17,45,0.8232,0.8044,0.9763,0,7.11,0,19.22,0,17.39,0,13.35,19.22,3.08,1.6,3.34,7.04,30,13
n2_WT_F88F_M255I_OFF_T_G17,46,0.8225,0.8066,0.974,0,7.85,0,23.12,0,14.7,0,10.16,16.11,4.08,1.91,1.97,7.33,35,17
n2_WT_F88F_M255I_OFF_T_G17,47,0.8219,0.8967,0.9862,1,1.91,0,11.36,0,5.4,0,14.55,11.62,2.89,3.72,3.31,2.93,51,20
n2_WT_F88F_M255I_OFF_T_G17,48,0.8215,0.8857,0.9817,0,5.52,0,25.5,0,16.89,0,12.85,18.99,1.57,1.86,4.37,6.51,38,16
n2_WT_F88F_M255I_OFF_T_G17,49,0.8214,0.8521,0.983,0,6.35,0,18.67,0,20.88,0,17.65,23.49,0.38,2.38,4.47,5.16,28,11
n2_WT_F88F_M255I_OFF_T_G17,5,0.8516,0.8442,0.9813,1,3.5,0,31.62,1,3.08,0,8.86,7.53,2.91,3.35,6.61,3.97,41,14
n2_WT_F88F_M255I_OFF_T_G17,50,0.8207,0.801,0.9805,1,4.23,0,17.23,0,32.11,0,27.05,33.67,2.1,2.82,2.18,5.64,46,14
n2_WT_F88F_M255I_OFF_T_G17,51,0.8196,0.8855,0.9867,0,5.58,0,24.87,0,13.55,0,15.36,19.29,0.88,2.91,4.36,4.88,38,17
n2_WT_F88F_M255I_OFF_T_G17,52,0.8191,0.8155,0.9794,0,8.02,0,18.0,0,14.12,0,16.4,20.09,1.8,2.45,3.77,5.03,38,13
n2_WT_F88F_M255I_OFF_T_G17,53,0.8179,0.8501,0.9822,0,6.38,0,19.3,0,18.3,0,15.13,21.01,2.51,2.41,4.07,6.42,28,13
n2_WT_F88F_M255I_OFF_T_G17,54,0.8175,0.8316,0.9836,0,6.85,0,19.6,0,26.04,0,20.4,27.17,2.33,3.42,3.0,4.62,32,13
n2_WT_F88F_M255I_OFF_T_G17,55,0.8153,0.8169,0.976,1,4.22,0,13.04,1,4.71,0,7.74,11.69,1.99,2.72,1.73,2.3,47,20
n2_WT_F88F_M255I_OFF_T_G17,56,0.8151,0.8941,0.9873,1,1.97,0,12.57,0,30.14,0,29.63,34.0,2.49,3.68,5.74,2.65,38,16
n2_WT_F88F_M255I_OFF_T_G17,57,0.815,0.8475,0.7867,0,5.66,0,22.36,0,13.43,0,15.21,17.83,3.36,2.65,5.01,5.35,40,16
n2_WT_F88F_M255I_OFF_T_G17,58,0.8142,0.8518,0.9799,0,6.06,0,22.67,0,16.07,0,14.32,19.1,1.81,2.55,3.96,5.65,40,17
n2_WT_F88F_M255I_OFF_T_G17,59,0.8136,0.7755,0.9808,0,7.24,0,31.2,0,28.38,0,30.27,36.2,2.33,2.57,2.96,6.72,30,13
n2_WT_F88F_M255I_OFF_T_G17,6,0.8502,0.8857,0.9827,1,4.41,0,19.73,0,22.37,0,20.41,26.4,0.94,2.67,3.27,4.73,44,14
n2_WT_F88F_M255I_OFF_T_G17,60,0.8128,0.8239,0.9789,1,4.92,0,16.09,0,11.0,0,15.03,16.53,0.94,1.33,2.91,4.77,47,16
n2_WT_F88F_M255I_OFF_T_G17,61,0.8126,0.7765,0.9758,0,5.26,0,10.84,0,10.56,0,15.02,19.55,2.53,2.96,4.15,6.09,37,15
n2_WT_F88F_M255I_OFF_T_G17,62,0.8114,0.8187,0.9798,1,4.46,0,20.21,0,13.85,0,15.21,18.1,0.58,3.2,2.96,4.8,38,14
n2_WT_F88F_M255I_OFF_T_G17,63,0.8113,0.727,0.9801,1,3.4,0,12.99,0,9.36,0,9.22,15.4,3.04,3.36,4.18,4.49,48,10
n2_WT_F88F_M255I_OFF_T_G17,64,0.8112,0.8807,0.9791,0,5.53,0,29.16,0,15.0,0,9.59,15.39,1.0,2.13,4.36,4.95,38,16
n2_WT_F88F_M255I_OFF_T_G17,65,0.811,0.7764,0.9788,1,4.96,0,10.45,1,2.02,0,6.24,8.92,2.21,3.14,6.0,5.24,48,18
n2_WT_F88F_M255I_OFF_T_G17,66,0.8103,0.9093,0.9883,1,1.77,0,12.9,0,22.26,0,15.12,21.61,2.52,3.02,5.15,2.89,46,18
n2_WT_F88F_M255I_OFF_T_G17,67,0.8091,0.8454,0.9816,1,3.11,0,20.5,0,14.98,0,11.05,16.72,1.7,2.71,6.45,1.48,31,12
n2_WT_F88F_M255I_OFF_T_G17,68,0.8085,0.7838,0.9798,0,7.02,0,35.14,0,13.75,0,10.54,16.53,2.83,2.0,5.33,5.09,32,11
n2_WT_F88F_M255I_OFF_T_G17,69,0.8083,0.8175,0.9803,0,6.29,0,22.3,0,15.66,0,11.96,17.93,1.08,0.77,5.34,6.16,36,14
n2_WT_F88F_M255I_OFF_T_G17,7,0.8501,0.9066,0.9808,0,7.45,0,11.32,0,29.86,0,29.41,31.31,2.7,2.43,5.17,5.93,29,18
n2_WT_F88F_M255I_OFF_T_G17,70,0.8083,0.779,0.9833,1,3.84,0,11.89,0,11.74,0,8.37,15.7,2.04,3.39,3.15,4.2,38,15
n2_WT_F88F_M255I_OFF_T_G17,71,0.808,0.6994,0.9786,0,6.26,0,21.62,0,28.19,0,25.8,31.69,2.39,2.69,6.75,6.22,19,8
n2_WT_F88F_M255I_OFF_T_G17,72,0.8076,0.719,0.981,0,7.24,0,15.37,0,13.71,0,17.22,20.3,4.04,2.59,4.46,5.33,33,12
n2_WT_F88F_M255I_OFF_T_G17,73,0.8075,0.7903,0.9786,0,7.7,0,17.21,1,3.74,0,5.65,9.96,2.23,2.22,3.82,6.36,31,12
n2_WT_F88F_M255I_OFF_T_G17,74,0.8042,0.7834,0.984,1,3.47,0,12.59,1,4.15,0,3.27,7.36,2.48,3.22,3.37,4.19,38,14
n2_WT_F88F_M255I_OFF_T_G17,75,0.803,0.7505,0.9797,0,7.31,0,19.17,1,1.42,0,6.01,10.26,3.05,1.8,1.12,5.6,19,8
n2_WT_F88F_M255I_OFF_T_G17,76,0.8024,0.8423,0.9803,1,2.64,0,10.19,0,19.33,0,12.98,19.48,1.8,1.26,2.6,2.4,41,13
n2_WT_F88F_M255I_OFF_T_G17,77,0.8023,0.8176,0.9764,0,5.46,0,16.94,0,12.72,0,9.78,16.22,3.02,2.69,3.96,4.1,47,20
n2_WT_F88F_M255I_OFF_T_G17,78,0.802,0.7359,0.9719,0,6.46,0,23.96,1,4.93,0,5.89,8.22,3.56,2.86,7.3,6.2,35,17
n2_WT_F88F_M255I_OFF_T_G17,79,0.8016,0.7087,0.9781,1,4.68,0,13.38,0,9.02,0,10.14,14.95,2.51,2.88,2.96,6.05,43,14
n2_WT_F88F_M255I_OFF_T_G17,8,0.8492,0.8948,0.9819,0,5.69,0,10.73,0,29.16,0,29.18,29.73,2.09,3.03,3.74,5.33,31,18
n2_WT_F88F_M255I_OFF_T_G17,80,0.8012,0.7913,0.9783,0,5.91,0,18.95,0,23.25,0,18.89,24.31,2.92,3.25,5.39,4.87,33,13
n2_WT_F88F_M255I_OFF_T_G17,81,0.7969,0.7865,0.9779,0,5.59,0,10.07,0,32.38,0,37.6,35.37,1.95,2.57,4.57,4.42,41,15
n2_WT_F88F_M255I_OFF_T_G17,82,0.7962,0.7961,0.9805,0,6.23,0,19.34,0,18.15,0,13.32,19.32,1.66,1.96,6.57,5.78,22,11
n2_WT_F88F_M255I_OFF_T_G17,83,0.7947,0.7133,0.9742,0,5.58,0,22.85,0,17.93,0,12.43,18.89,2.93,2.81,4.25,5.39,38,17
n2_WT_F88F_M255I_OFF_T_G17,84,0.7942,0.797,0.9798,1,4.54,0,12.39,0,13.92,0,10.03,16.99,2.1,3.72,4.15,6.0,47,19
n2_WT_F88F_M255I_OFF_T_G17,85,0.7935,0.8048,0.9836,1,4.86,0,11.28,0,21.4,0,15.76,21.85,2.38,3.65,5.5,6.02,24,11
n2_WT_F88F_M255I_OFF_T_G17,86,0.7932,0.7377,0.9769,0,5.14,0,24.18,0,15.09,0,7.3,13.6,1.86,2.5,4.25,6.39,40,18
n2_WT_F88F_M255I_OFF_T_G17,87,0.7906,0.7426,0.9812,1,1.88,0,23.65,0,15.2,0,13.0,17.84,2.25,2.66,4.12,4.44,49,16
n2_WT_F88F_M255I_OFF_T_G17,88,0.789,0.7685,0.9744,0,6.86,0,16.7,0,16.52,0,10.14,16.07,1.04,3.36,4.01,6.65,40,13
n2_WT_F88F_M255I_OFF_T_G17,89,0.7869,0.7428,0.9727,0,6.7,0,17.26,0,7.5,0,13.74,15.94,2.36,2.78,5.23,5.77,39,17
n2_WT_F88F_M255I_OFF_T_G17,9,0.8491,0.9159,0.9868,1,4.4,0,12.24,0,21.93,0,19.83,24.51,2.62,2.1,2.56,4.23,48,17
n2_WT_F88F_M255I_OFF_T_G17,90,0.7859,0.7508,0.982,1,3.08,0,25.55,0,7.77,0,3.92,9.92,2.06,2.47,5.05,5.07,40,16
n2_WT_F88F_M255I_OFF_T_G17,91,0.7848,0.7816,0.9794,1,4.19,0,12.61,0,25.23,0,22.48,28.18,1.5,2.83,5.08,5.86,30,13
n2_WT_F88F_M255I_OFF_T_G17,92,0.781,0.5908,0.9742,0,9.76,0,18.76,0,17.59,0,13.95,19.89,2.68,3.8,3.41,8.77,27,12
n2_WT_F88F_M255I_OFF_T_G17,93,0.7808,0.7171,0.9751,0,5.99,0,23.6,0,17.15,0,12.36,17.98,1.84,2.72,3.1,4.48,41,14
n2_WT_F88F_M255I_OFF_T_G17,94,0.7776,0.7252,0.9787,0,5.98,0,18.54,1,4.48,0,4.35,8.52,1.58,3.43,3.89,5.7,24,11
n2_WT_F88F_M255I_OFF_T_G17,95,0.7742,0.7794,0.9742,1,2.28,0,11.36,1,2.27,0,1.98,5.71,1.57,2.7,3.39,2.19,54,18
n2_WT_F88F_M255I_OFF_T_G17,96,0.768,0.5956,0.9673,0,7.97,0,18.69,0,30.57,0,26.92,32.66,3.9,2.59,3.36,6.45,27,13
n2_WT_F88F_M255I_OFF_T_G17,97,0.7422,0.5517,0.9719,1,4.51,0,14.54,0,39.7,0,43.74,42.79,2.07,2.04,4.64,3.5,30,12
n2_WT_F88F_M255I_OFF_T_G17,98,0.7295,0.5032,0.9731,0,5.71,0,20.61,0,12.48,0,18.2,19.14,1.48,2.91,2.26,5.68,30,12
n2_WT_F88F_M255I_OFF_T_G17,99,0.7167,0.5035,0.9715,0,7.48,0,20.32,0,6.4,0,4.23,10.77,4.04,1.77,4.82,5.57,31,14
n2_WT_F88F_M255I_S1_G17,0,0.8541,0.8692,0.9897,1,1.63,0,23.82,0,28.89,0,22.85,28.98,3.65,5.56,9.52,3.08,35,10
n2_WT_F88F_M255I_S1_G17,1,0.8484,0.8065,0.9883,1,1.97,0,19.63,0,32.86,0,25.68,32.16,2.16,4.1,9.32,2.44,37,13
n2_WT_F88F_M255I_S1_G17,10,0.8391,0.8212,0.9829,0,6.19,1,3.93,0,41.44,0,35.96,40.36,0.86,2.86,5.03,6.07,42,14
n2_WT_F88F_M255I_S1_G17,11,0.839,0.8106,0.9887,1,2.84,0,19.21,0,33.6,0,25.98,32.79,1.67,4.66,8.5,2.45,34,10
n2_WT_F88F_M255I_S1_G17,12,0.8381,0.9034,0.9852,1,4.36,0,13.58,1,3.33,0,2.13,5.69,2.0,2.39,3.5,3.8,43,17
n2_WT_F88F_M255I_S1_G17,13,0.8352,0.7698,0.9844,1,2.45,0,14.96,0,39.72,0,31.24,37.84,1.49,2.61,8.66,2.82,54,13
n2_WT_F88F_M255I_S1_G17,14,0.8351,0.7758,0.9869,1,2.89,0,17.7,0,30.51,0,22.95,29.7,3.86,2.99,6.89,2.45,39,12
n2_WT_F88F_M255I_S1_G17,15,0.8341,0.8295,0.7483,1,2.9,0,11.99,0,24.78,0,17.19,23.18,1.65,4.51,7.47,3.17,44,16
n2_WT_F88F_M255I_S1_G17,16,0.8317,0.8251,0.9876,1,3.14,0,5.56,1,3.58,0,3.78,5.0,3.19,1.41,3.23,5.91,40,11
n2_WT_F88F_M255I_S1_G17,17,0.8316,0.8455,0.9873,1,3.22,0,6.89,1,3.29,0,1.71,4.45,2.8,1.38,3.0,6.54,42,12
n2_WT_F88F_M255I_S1_G17,18,0.831,0.7654,0.9842,0,5.24,0,19.58,0,23.97,0,20.62,24.71,3.04,2.75,3.5,4.96,32,12
n2_WT_F88F_M255I_S1_G17,19,0.8308,0.9136,0.9883,0,5.55,0,14.39,1,2.85,0,1.64,4.99,2.07,3.77,5.41,5.73,46,19
n2_WT_F88F_M255I_S1_G17,2,0.8483,0.8184,0.9832,0,5.92,0,12.45,0,20.12,0,10.54,17.51,2.73,1.25,4.46,5.89,42,11
n2_WT_F88F_M255I_S1_G17,20,0.8292,0.9072,0.9844,1,4.86,0,14.33,1,2.66,0,1.78,4.41,2.39,3.06,5.05,3.74,50,16
n2_WT_F88F_M255I_S1_G17,21,0.8288,0.9211,0.9857,1,3.83,0,12.38,1,3.48,0,0.96,4.71,0.64,2.95,3.97,2.62,51,20
n2_WT_F88F_M255I_S1_G17,22,0.8281,0.9112,0.9849,0,5.67,0,19.62,0,24.51,0,14.97,21.85,2.51,1.86,3.6,6.28,38,16
n2_WT_F88F_M255I_S1_G17,23,0.828,0.8443,0.9835,0,6.59,0,9.14,1,3.72,0,2.55,7.61,2.01,1.0,7.43,6.34,35,11
n2_WT_F88F_M255I_S1_G17,24,0.8278,0.8993,0.9857,1,2.88,0,13.41,1,2.94,0,1.99,3.95,0.86,3.61,4.42,3.82,47,18
n2_WT_F88F_M255I_S1_G17,25,0.827,0.8323,0.987,1,3.16,1,4.88,1,4.32,1,3.98,6.46,2.78,3.01,2.89,5.97,40,12
n2_WT_F88F_M255I_S1_G17,26,0.8267,0.9158,0.9388,0,5.62,0,14.4,1,3.3,0,2.36,5.02,2.18,3.03,4.55,4.39,41,19
n2_WT_F88F_M255I_S1_G17,27,0.8263,0.813,0.9866,1,3.83,0,6.34,1,2.49,0,1.58,4.69,3.82,4.26,3.57,6.13,41,12
n2_WT_F88F_M255I_S1_G17,28,0.8254,0.8177,0.9831,0,6.51,1,3.7,1,2.26,1,2.1,5.55,1.66,1.8,4.16,6.99,34,10
n2_WT_F88F_M255I_S1_G17,29,0.8251,0.8254,0.9866,1,3.83,0,5.4,0,9.46,0,6.84,10.67,2.99,3.25,3.8,4.73,37,11
n2_WT_F88F_M255I_S1_G17,3,0.8482,0.8195,0.9867,1,4.54,0,19.02,0,21.61,0,12.46,19.13,2.09,1.85,3.51,5.75,37,13
n2_WT_F88F_M255I_S1_G17,30,0.824,0.7914,0.9854,0,5.8,0,6.48,1,1.82,0,2.73,3.26,2.33,3.03,3.23,6.34,38,13
n2_WT_F88F_M255I_S1_G17,31,0.8239,0.8865,0.9836,1,4.49,0,12.26,1,3.43,0,2.03,4.97,1.84,2.83,4.64,4.79,42,17
n2_WT_F88F_M255I_S1_G17,32,0.8235,0.9088,0.9864,1,4.09,0,12.38,1,2.85,0,1.82,4.98,1.03,1.9,5.55,4.78,45,17
n2_WT_F88F_M255I_S1_G17,33,0.8231,0.9047,0.9841,1,4.4,0,12.87,1,3.17,0,1.78,3.93,2.5,2.97,4.33,3.22,47,18
n2_WT_F88F_M255I_S1_G17,34,0.8209,0.7525,0.983,1,1.4,0,23.54,0,28.6,0,21.02,28.0,1.88,6.07,11.46,2.16,32,9
n2_WT_F88F_M255I_S1_G17,35,0.8201,0.826,0.9869,1,2.34,1,3.76,1,2.73,1,2.43,5.25,3.14,2.5,2.89,5.3,41,12
n2_WT_F88F_M255I_S1_G17,36,0.8194,0.8081,0.9838,1,2.18,0,5.38,0,5.27,0,3.86,7.0,3.47,3.34,4.27,4.83,42,12
n2_WT_F88F_M255I_S1_G17,37,0.8187,0.8453,0.9831,1,3.28,0,14.47,1,2.63,0,1.21,4.32,2.04,2.54,2.83,4.38,43,18
n2_WT_F88F_M255I_S1_G17,38,0.8186,0.7887,0.9847,1,4.68,0,6.35,1,3.69,0,2.94,5.84,2.85,2.38,2.88,5.69,40,13
n2_WT_F88F_M255I_S1_G17,39,0.8183,0.75,0.9845,1,3.54,0,19.76,0,18.12,0,11.39,17.5,2.98,2.77,6.73,4.84,38,13
n2_WT_F88F_M255I_S1_G17,4,0.8458,0.8122,0.984,0,5.67,0,19.38,0,14.76,0,7.0,13.49,2.44,0.91,6.3,5.98,42,14
n2_WT_F88F_M255I_S1_G17,40,0.8182,0.8548,0.9866,1,4.83,0,6.79,0,28.89,0,30.85,31.5,3.4,1.61,4.04,4.8,47,15
n2_WT_F88F_M255I_S1_G17,41,0.8175,0.8736,0.9835,1,4.38,0,13.96,1,2.74,0,1.09,4.62,2.17,3.67,6.37,4.13,43,15
n2_WT_F88F_M255I_S1_G17,42,0.817,0.7721,0.9817,1,2.82,0,7.32,1,2.05,0,2.52,6.15,3.39,3.1,3.04,6.16,34,13
n2_WT_F88F_M255I_S1_G17,43,0.8167,0.7585,0.9832,1,4.63,0,19.24,0,19.86,0,14.54,20.36,4.02,2.32,7.05,5.47,37,13
n2_WT_F88F_M255I_S1_G17,44,0.8165,0.8217,0.9869,1,4.07,0,5.16,1,2.67,0,2.52,5.33,2.4,3.03,2.73,6.31,40,13
n2_WT_F88F_M255I_S1_G17,45,0.816,0.7882,0.9849,1,2.47,0,6.28,1,3.7,0,2.06,4.35,3.89,2.47,4.56,4.7,46,14
n2_WT_F88F_M255I_S1_G17,46,0.8157,0.7611,0.984,1,3.79,0,6.98,1,3.67,0,3.94,7.82,3.74,2.94,4.22,6.11,36,12
n2_WT_F88F_M255I_S1_G17,47,0.8151,0.7771,0.988,1,3.07,0,6.95,1,2.3,0,4.14,4.45,2.58,3.18,2.87,6.03,37,13
n2_WT_F88F_M255I_S1_G17,48,0.8148,0.7947,0.9837,1,3.94,0,5.49,1,3.2,0,0.87,3.16,2.78,3.75,4.63,6.16,43,12
n2_WT_F88F_M255I_S1_G17,49,0.8133,0.815,0.9849,1,2.48,1,4.99,0,5.21,0,4.18,8.51,2.63,2.66,4.24,5.87,46,14
n2_WT_F88F_M255I_S1_G17,5,0.8425,0.8177,0.9835,1,1.42,0,23.46,0,28.91,0,23.09,29.12,2.14,6.23,10.58,2.97,30,10
n2_WT_F88F_M255I_S1_G17,50,0.8129,0.7778,0.9803,0,5.4,1,3.57,0,31.9,0,31.72,34.84,2.49,2.99,7.76,4.71,30,12
n2_WT_F88F_M255I_S1_G17,51,0.8127,0.716,0.9818,1,4.32,0,19.75,0,21.01,0,17.57,22.56,2.73,1.86,4.36,4.64,37,11
n2_WT_F88F_M255I_S1_G17,52,0.8127,0.9037,0.9849,1,3.6,0,12.79,1,2.76,0,3.48,3.95,1.23,3.56,3.59,2.98,49,16
n2_WT_F88F_M255I_S1_G17,53,0.8126,0.782,0.9854,1,3.32,0,5.45,0,6.69,0,5.13,7.49,2.33,3.36,5.02,6.0,40,14
n2_WT_F88F_M255I_S1_G17,54,0.8117,0.8338,0.9802,1,4.12,0,19.51,0,21.18,0,17.38,22.28,2.87,1.81,5.79,4.92,34,16
n2_WT_F88F_M255I_S1_G17,55,0.8106,0.8336,0.9796,1,1.46,0,13.95,0,27.52,0,20.16,26.81,0.81,3.14,3.41,2.72,48,16
n2_WT_F88F_M255I_S1_G17,56,0.8104,0.7782,0.9841,1,4.66,0,6.31,1,2.55,0,2.82,6.08,3.59,2.9,3.54,6.59,36,11
n2_WT_F88F_M255I_S1_G17,57,0.8103,0.7804,0.984,1,4.76,0,5.87,0,5.25,0,3.56,6.47,1.92,3.29,3.5,6.27,46,14
n2_WT_F88F_M255I_S1_G17,58,0.8102,0.7718,0.9825,1,2.02,1,4.13,1,2.37,1,2.48,5.34,2.51,1.47,6.21,5.93,42,11
n2_WT_F88F_M255I_S1_G17,59,0.8101,0.773,0.9849,1,3.69,0,5.76,1,3.12,0,1.69,2.24,2.37,2.39,4.35,7.29,37,12
n2_WT_F88F_M255I_S1_G17,6,0.8411,0.9117,0.9864,0,5.14,0,13.0,1,2.95,0,1.61,3.9,2.07,2.17,4.1,4.18,46,15
n2_WT_F88F_M255I_S1_G17,60,0.8101,0.792,0.9844,1,2.53,0,6.18,1,2.31,0,3.59,2.92,3.3,3.37,3.53,6.13,38,14
n2_WT_F88F_M255I_S1_G17,61,0.8092,0.7453,0.9816,0,5.08,1,2.7,0,38.36,0,37.65,40.84,2.2,2.24,6.95,4.72,30,11
n2_WT_F88F_M255I_S1_G17,62,0.809,0.7877,0.9831,0,6.74,0,8.51,1,3.37,0,1.55,2.61,1.46,3.67,5.84,6.22,37,13
n2_WT_F88F_M255I_S1_G17,63,0.809,0.7757,0.9851,0,5.3,0,5.14,1,3.07,0,1.75,4.65,3.19,2.95,3.81,6.6,37,13
n2_WT_F88F_M255I_S1_G17,64,0.8077,0.7638,0.9814,1,2.49,1,4.62,1,2.73,1,3.42,5.52,2.9,1.24,2.96,5.12,45,13
n2_WT_F88F_M255I_S1_G17,65,0.8074,0.7983,0.9838,1,3.18,0,7.01,0,26.95,0,20.88,27.14,1.41,2.19,3.23,1.37,44,15
n2_WT_F88F_M255I_S1_G17,66,0.8067,0.774,0.9802,1,2.58,0,6.18,0,6.55,0,5.52,8.34,2.74,3.08,5.15,5.47,36,13
n2_WT_F88F_M255I_S1_G17,67,0.8055,0.7702,0.9841,1,3.41,1,4.38,1,2.99,1,2.35,5.47,2.81,1.59,4.38,5.22,38,13
n2_WT_F88F_M255I_S1_G17,68,0.8039,0.7701,0.9829,1,3.87,0,6.23,1,2.88,0,2.35,2.98,3.25,1.88,5.76,6.39,35,13
n2_WT_F88F_M255I_S1_G17,69,0.8035,0.732,0.9797,0,6.05,0,22.95,1,4.09,0,2.23,7.45,1.87,3.05,5.87,5.93,40,12
n2_WT_F88F_M255I_S1_G17,7,0.8404,0.8084,0.9855,1,2.11,1,3.87,0,28.15,0,20.83,27.4,1.72,2.56,2.47,1.19,43,13
n2_WT_F88F_M255I_S1_G17,70,0.8029,0.7552,0.9823,0,5.4,0,6.95,1,2.7,0,0.48,4.41,2.64,2.9,3.86,6.74,39,11
n2_WT_F88F_M255I_S1_G17,71,0.8022,0.801,0.9813,1,2.16,0,20.96,0,32.85,0,27.02,32.96,3.03,1.69,6.8,3.31,47,19
n2_WT_F88F_M255I_S1_G17,72,0.8021,0.8375,0.9829,1,4.68,0,13.42,1,3.43,0,1.16,4.84,1.8,2.48,3.52,4.71,45,16
n2_WT_F88F_M255I_S1_G17,73,0.8013,0.7701,0.9854,1,2.04,0,5.69,1,2.53,0,2.8,6.25,2.56,3.37,3.55,5.37,41,12
n2_WT_F88F_M255I_S1_G17,74,0.8011,0.6776,0.9819,1,2.06,0,17.87,0,32.3,0,25.65,32.27,1.99,4.24,8.0,2.14,42,14
n2_WT_F88F_M255I_S1_G17,75,0.801,0.8012,0.9858,1,2.85,1,4.77,0,7.01,0,3.86,6.52,2.7,2.72,3.69,6.95,44,12
n2_WT_F88F_M255I_S1_G17,76,0.8004,0.7939,0.9797,1,1.71,0,18.53,0,34.12,0,27.9,34.41,1.18,2.46,6.79,2.51,47,18
n2_WT_F88F_M255I_S1_G17,77,0.7998,0.7727,0.9832,1,3.1,1,4.34,1,3.14,1,2.25,5.87,1.56,3.27,4.65,6.17,42,11
n2_WT_F88F_M255I_S1_G17,78,0.7993,0.6697,0.9753,0,5.33,0,17.1,0,25.02,0,23.27,25.75,2.95,2.05,3.12,4.28,35,12
n2_WT_F88F_M255I_S1_G17,79,0.7987,0.8346,0.9826,1,3.35,0,13.19,1,3.57,0,1.45,4.79,1.8,2.38,2.78,2.17,48,20
n2_WT_F88F_M255I_S1_G17,8,0.8403,0.782,0.9854,0,5.21,0,18.22,0,22.66,0,19.45,24.13,2.0,1.78,4.5,5.11,35,13
n2_WT_F88F_M255I_S1_G17,80,0.7971,0.734,0.9845,0,9.07,0,7.47,1,3.02,0,3.91,4.44,2.02,2.46,4.77,7.31,30,11
n2_WT_F88F_M255I_S1_G17,81,0.7967,0.7264,0.9815,1,2.56,0,7.38,1,3.15,0,0.48,3.91,3.12,3.01,3.84,6.01,38,10
n2_WT_F88F_M255I_S1_G17,82,0.7914,0.716,0.9813,0,7.01,0,8.3,1,4.87,0,5.34,8.81,2.72,3.5,4.16,6.1,35,11
n2_WT_F88F_M255I_S1_G17,83,0.7904,0.7187,0.9838,1,3.54,0,5.66,1,3.25,0,1.53,4.79,2.63,3.01,3.73,6.28,38,13
n2_WT_F88F_M255I_S1_G17,84,0.7899,0.7293,0.981,1,3.37,0,5.83,1,3.26,0,4.95,6.86,2.31,2.33,4.55,4.79,40,12
n2_WT_F88F_M255I_S1_G17,85,0.7865,0.7545,0.9835,1,3.29,0,5.1,1,2.78,0,1.84,6.09,2.38,3.58,5.87,6.43,42,11
n2_WT_F88F_M255I_S1_G17,86,0.7859,0.7859,0.9802,0,6.71,0,6.38,1,2.93,0,2.27,5.58,2.51,3.52,5.09,6.82,36,12
n2_WT_F88F_M255I_S1_G17,87,0.7807,0.7688,0.9798,1,3.89,0,13.42,1,0.9,0,2.7,5.62,2.19,3.57,8.25,5.48,35,9
n2_WT_F88F_M255I_S1_G17,88,0.7797,0.6868,0.9818,1,3.94,0,6.29,1,4.08,0,4.67,8.84,3.07,2.69,4.15,5.45,38,13
n2_WT_F88F_M255I_S1_G17,89,0.7771,0.6929,0.9829,0,8.31,0,12.15,1,3.44,0,3.64,5.79,2.37,2.32,6.13,6.07,30,10
n2_WT_F88F_M255I_S1_G17,9,0.8398,0.7899,0.9832,0,5.84,0,14.28,0,17.62,0,8.87,16.59,2.52,2.34,7.61,5.6,37,14
n2_WT_F88F_M255I_S1_G17,90,0.7749,0.6261,0.9808,0,9.74,0,10.49,1,3.0,0,4.03,4.78,1.0,3.03,3.83,8.09,26,9
n2_WT_F88F_M255I_S1_G17,91,0.7736,0.7342,0.9843,1,3.77,0,5.9,1,3.31,0,4.14,5.96,3.36,3.52,5.3,5.85,38,12
n2_WT_F88F_M255I_S1_G17,92,0.7672,0.6854,0.9762,1,2.14,0,19.57,0,22.91,0,14.65,21.17,2.76,3.46,7.52,1.37,42,19
n2_WT_F88F_M255I_S1_G17,93,0.7671,0.7716,0.9775,1,4.21,1,2.78,1,3.29,1,1.59,4.68,1.74,1.33,4.9,4.05,46,17
n2_WT_F88F_M255I_S1_G17,94,0.7636,0.7029,0.9748,0,7.09,0,18.49,0,18.81,0,14.21,19.49,0.91,1.35,6.61,6.26,38,16
n2_WT_F88F_M255I_S1_G17,95,0.7619,0.6072,0.9778,1,3.18,0,6.31,1,2.03,0,1.62,3.14,2.47,2.78,3.39,6.06,34,12
n2_WT_F88F_M255I_S1_G17,96,0.758,0.5667,0.971,0,7.51,0,18.4,0,21.62,0,20.91,24.34,2.38,3.1,5.17,6.88,31,12
n2_WT_F88F_M255I_S1_G17,97,0.7555,0.6359,0.9784,1,2.65,0,5.26,1,2.52,0,2.27,5.37,3.16,2.56,3.77,6.07,46,11
n2_WT_F88F_M255I_S1_G17,98,0.7508,0.65,0.9756,1,4.53,0,9.48,0,23.88,0,17.41,23.68,1.97,1.89,4.54,4.94,51,17
n2_WT_F88F_M255I_S1_G17,99,0.7508,0.6685,0.9761,0,5.21,0,14.6,1,3.47,0,1.12,4.48,1.92,1.52,3.46,3.98,42,18
n2_WT_F88F_M255K_OFF_T_G17,0,0.8625,0.9018,0.9844,1,4.85,0,19.03,0,20.82,0,17.61,24.13,1.99,1.91,3.77,4.88,41,15
n2_WT_F88F_M255K_OFF_T_G17,1,0.8608,0.8766,0.9799,0,6.35,0,26.96,0,8.59,0,11.99,16.99,2.01,2.04,6.1,5.4,38,14
n2_WT_F88F_M255K_OFF_T_G17,10,0.8493,0.8645,0.9797,0,6.4,0,26.96,0,5.58,0,10.63,14.22,2.53,0.98,4.79,5.15,38,13
n2_WT_F88F_M255K_OFF_T_G17,11,0.8476,0.9138,0.9855,1,4.16,0,16.92,1,3.74,0,6.32,4.88,1.94,2.62,5.11,6.13,48,16
n2_WT_F88F_M255K_OFF_T_G17,12,0.8461,0.9083,0.9825,0,7.53,0,16.59,0,6.4,0,10.32,7.53,3.31,3.23,4.41,6.12,36,13
n2_WT_F88F_M255K_OFF_T_G17,13,0.8445,0.8287,0.9811,0,7.82,0,17.03,0,12.99,0,7.84,16.26,1.42,3.63,5.1,5.74,33,12
n2_WT_F88F_M255K_OFF_T_G17,14,0.8445,0.8656,0.9795,0,5.51,0,14.77,1,3.62,0,6.48,4.48,2.35,3.47,2.45,2.34,33,18
n2_WT_F88F_M255K_OFF_T_G17,15,0.8443,0.8965,0.9867,1,3.91,0,18.39,0,5.1,0,7.12,10.37,1.93,2.99,3.04,5.42,43,16
n2_WT_F88F_M255K_OFF_T_G17,16,0.8441,0.9154,0.9864,1,4.81,0,12.85,0,7.07,0,10.69,14.08,1.16,3.28,2.55,5.9,47,18
n2_WT_F88F_M255K_OFF_T_G17,17,0.8433,0.9005,0.9838,0,5.18,0,15.63,1,0.9,0,7.01,3.59,0.98,2.81,2.19,5.81,50,19
n2_WT_F88F_M255K_OFF_T_G17,18,0.8425,0.9023,0.9819,0,6.71,0,17.04,1,3.56,0,1.5,6.6,2.15,2.45,4.71,4.63,39,18
n2_WT_F88F_M255K_OFF_T_G17,19,0.8419,0.903,0.9855,1,3.62,0,11.95,0,6.27,0,9.69,14.22,0.9,2.55,1.23,4.67,42,18
n2_WT_F88F_M255K_OFF_T_G17,2,0.8584,0.9426,0.9851,0,5.88,0,15.96,1,4.62,0,6.54,3.41,3.51,1.43,2.92,6.03,43,19
n2_WT_F88F_M255K_OFF_T_G17,20,0.8401,0.8444,0.9852,1,3.57,0,14.26,0,26.11,0,23.77,26.86,3.27,3.1,4.97,4.03,44,13
n2_WT_F88F_M255K_OFF_T_G17,21,0.8381,0.8841,0.9868,1,4.13,0,14.7,0,9.01,0,6.63,12.12,3.0,2.47,1.24,2.15,47,18
n2_WT_F88F_M255K_OFF_T_G17,22,0.8372,0.8712,0.9814,0,5.13,0,16.08,0,8.7,0,6.78,9.27,1.41,2.62,3.56,5.11,50,17
n2_WT_F88F_M255K_OFF_T_G17,23,0.8351,0.8326,0.9856,1,4.82,0,13.49,1,3.21,0,10.58,13.96,3.13,2.26,2.31,5.28,43,14
n2_WT_F88F_M255K_OFF_T_G17,24,0.8344,0.8934,0.9877,1,3.65,0,11.33,0,5.85,0,5.47,10.41,1.99,2.95,3.83,4.13,41,14
n2_WT_F88F_M255K_OFF_T_G17,25,0.8341,0.8175,0.9848,0,5.38,0,23.04,0,43.04,0,47.71,46.04,2.63,3.43,3.15,5.88,39,14
n2_WT_F88F_M255K_OFF_T_G17,26,0.8338,0.8627,0.9901,1,4.03,0,13.14,1,3.6,0,5.66,7.98,2.26,1.77,3.97,5.04,45,13
n2_WT_F88F_M255K_OFF_T_G17,27,0.8334,0.8365,0.9829,1,3.58,0,17.33,1,4.57,0,12.85,15.52,1.15,1.48,3.62,4.33,50,17
n2_WT_F88F_M255K_OFF_T_G17,28,0.8322,0.8604,0.9849,0,6.71,0,22.0,0,12.43,0,15.23,21.02,1.16,2.79,5.05,6.62,37,16
n2_WT_F88F_M255K_OFF_T_G17,29,0.8311,0.9098,0.9883,1,1.93,0,11.29,0,9.92,0,8.25,13.41,2.64,2.66,3.63,3.16,61,18
n2_WT_F88F_M255K_OFF_T_G17,3,0.8565,0.9267,0.9867,0,5.55,0,16.04,0,8.12,0,10.49,12.46,1.55,2.33,2.61,5.31,50,17
n2_WT_F88F_M255K_OFF_T_G17,30,0.8311,0.8093,0.981,0,7.27,0,17.24,1,3.99,0,3.91,8.86,2.68,2.46,2.73,5.73,38,13
n2_WT_F88F_M255K_OFF_T_G17,31,0.8311,0.8787,0.9833,0,5.19,0,12.21,0,25.47,0,26.52,27.43,2.08,2.11,3.3,3.24,40,15
n2_WT_F88F_M255K_OFF_T_G17,32,0.8305,0.9002,0.9811,1,4.85,0,13.05,1,4.64,0,6.66,10.16,2.11,1.78,3.27,5.79,44,16
n2_WT_F88F_M255K_OFF_T_G17,33,0.8303,0.8709,0.9847,1,4.99,0,15.2,1,3.85,0,7.88,8.18,1.79,2.18,4.41,5.86,41,14
n2_WT_F88F_M255K_OFF_T_G17,34,0.8286,0.889,0.9832,0,6.51,0,18.32,0,5.51,0,9.83,11.41,3.72,1.71,2.56,6.53,47,17
n2_WT_F88F_M255K_OFF_T_G17,35,0.8267,0.8176,0.983,0,7.04,0,32.73,0,9.35,0,14.43,15.02,0.8,2.71,5.19,6.98,37,12
n2_WT_F88F_M255K_OFF_T_G17,36,0.8261,0.8231,0.9811,1,4.99,0,13.91,1,3.12,0,1.45,7.27,3.05,3.8,5.29,5.07,34,13
n2_WT_F88F_M255K_OFF_T_G17,37,0.8261,0.8709,0.9852,0,6.21,0,23.36,0,18.96,0,21.99,25.43,2.04,3.13,3.9,5.08,42,17
n2_WT_F88F_M255K_OFF_T_G17,38,0.826,0.813,0.9833,1,3.96,0,18.2,0,10.43,0,7.49,7.2,2.99,2.14,2.42,4.9,40,14
n2_WT_F88F_M255K_OFF_T_G17,39,0.8251,0.8424,0.9851,1,3.39,0,13.14,0,7.72,0,7.78,11.3,1.05,2.89,3.4,5.18,37,13
n2_WT_F88F_M255K_OFF_T_G17,4,0.8565,0.9021,0.9841,0,6.24,0,18.04,0,5.79,0,9.58,12.69,2.46,2.81,3.77,4.57,47,20
n2_WT_F88F_M255K_OFF_T_G17,40,0.8244,0.8849,0.9823,0,5.67,0,30.6,0,26.33,0,24.54,28.9,2.64,3.26,5.38,4.44,42,17
n2_WT_F88F_M255K_OFF_T_G17,41,0.8241,0.846,0.9843,1,3.64,0,14.02,1,1.91,0,1.94,3.43,1.89,2.43,0.7,4.49,43,19
n2_WT_F88F_M255K_OFF_T_G17,42,0.8239,0.8968,0.9855,1,4.24,0,11.18,0,8.34,0,3.65,11.7,1.25,2.35,3.78,5.68,49,21
n2_WT_F88F_M255K_OFF_T_G17,43,0.8231,0.8277,0.9817,0,6.3,0,17.63,0,14.07,0,17.6,19.83,2.72,1.33,3.44,6.16,35,14
n2_WT_F88F_M255K_OFF_T_G17,44,0.8224,0.7979,0.9839,1,4.47,0,18.95,1,1.75,0,3.83,4.26,1.4,3.6,3.36,5.43,26,13
n2_WT_F88F_M255K_OFF_T_G17,45,0.8223,0.8444,0.9832,1,4.72,0,18.1,0,5.95,0,6.43,9.82,2.31,3.05,4.16,5.86,35,14
n2_WT_F88F_M255K_OFF_T_G17,46,0.8221,0.8614,0.9845,1,4.22,0,17.14,1,1.45,0,10.56,11.02,2.73,1.8,2.9,5.24,49,16
n2_WT_F88F_M255K_OFF_T_G17,47,0.8217,0.821,0.9819,0,7.61,0,17.47,0,8.33,0,4.56,10.21,1.96,2.31,3.0,5.71,40,16
n2_WT_F88F_M255K_OFF_T_G17,48,0.8216,0.8879,0.9841,1,3.95,0,11.32,0,10.71,0,8.49,13.92,1.66,1.73,4.3,5.01,47,19
n2_WT_F88F_M255K_OFF_T_G17,49,0.8215,0.8696,0.9854,0,6.81,0,19.25,1,3.71,0,2.9,3.29,3.69,1.82,2.99,5.96,38,16
n2_WT_F88F_M255K_OFF_T_G17,5,0.8559,0.8709,0.9813,1,3.11,0,8.48,0,34.26,0,31.47,33.76,2.45,1.39,6.06,5.2,45,17
n2_WT_F88F_M255K_OFF_T_G17,50,0.8212,0.7949,0.9808,0,7.48,0,14.42,1,1.79,0,3.95,4.83,3.16,3.4,3.42,5.71,33,13
n2_WT_F88F_M255K_OFF_T_G17,51,0.8205,0.7945,0.9821,0,7.7,0,11.1,0,29.84,0,30.1,30.42,4.86,5.65,8.66,4.44,25,13
n2_WT_F88F_M255K_OFF_T_G17,52,0.8198,0.843,0.9808,0,8.74,0,19.59,1,3.32,0,7.09,4.64,0.37,2.78,3.95,6.13,41,17
n2_WT_F88F_M255K_OFF_T_G17,53,0.8198,0.7811,0.9842,0,5.0,0,12.16,0,6.69,0,5.39,8.03,2.09,3.08,5.43,3.96,37,13
n2_WT_F88F_M255K_OFF_T_G17,54,0.8196,0.8062,0.9789,0,8.81,0,16.34,0,10.8,0,11.03,14.71,2.65,3.08,4.22,7.87,41,18
n2_WT_F88F_M255K_OFF_T_G17,55,0.8192,0.8909,0.9794,0,6.7,0,18.79,0,7.96,0,9.69,12.18,0.8,2.29,3.54,6.32,45,19
n2_WT_F88F_M255K_OFF_T_G17,56,0.8188,0.8648,0.9835,1,4.43,0,12.35,0,8.4,0,7.24,13.45,1.85,2.15,2.38,6.2,46,20
n2_WT_F88F_M255K_OFF_T_G17,57,0.8188,0.7829,0.9746,0,9.4,0,19.38,0,12.09,0,9.97,15.78,3.55,3.11,3.77,8.5,26,14
n2_WT_F88F_M255K_OFF_T_G17,58,0.8178,0.7882,0.9745,0,7.1,0,18.17,1,2.23,0,6.49,6.23,3.13,2.77,3.3,6.54,40,16
n2_WT_F88F_M255K_OFF_T_G17,59,0.8169,0.8259,0.9847,1,4.47,0,11.41,1,1.74,0,6.48,7.17,1.57,3.29,4.42,4.59,39,16
n2_WT_F88F_M255K_OFF_T_G17,6,0.8556,0.9025,0.9804,0,7.29,0,11.57,0,30.96,0,30.02,31.78,3.61,2.46,4.37,5.53,34,15
n2_WT_F88F_M255K_OFF_T_G17,60,0.8163,0.8261,0.9824,0,7.06,0,9.15,0,31.23,0,32.93,35.24,0.86,1.9,3.35,6.57,35,14
n2_WT_F88F_M255K_OFF_T_G17,61,0.8162,0.8013,0.9791,0,5.5,0,16.5,1,4.56,0,5.3,4.75,2.5,1.56,3.85,6.27,45,14
n2_WT_F88F_M255K_OFF_T_G17,62,0.8161,0.7697,0.9834,1,4.29,0,12.99,0,7.85,0,10.84,15.34,3.2,3.2,3.01,4.97,43,14
n2_WT_F88F_M255K_OFF_T_G17,63,0.8161,0.8348,0.9805,0,6.62,0,20.13,1,4.55,0,1.88,6.59,1.47,2.02,4.73,5.99,43,12
n2_WT_F88F_M255K_OFF_T_G17,64,0.8155,0.8933,0.982,0,6.78,0,18.25,1,2.69,0,1.75,7.44,1.87,2.21,5.95,5.73,42,16
n2_WT_F88F_M255K_OFF_T_G17,65,0.8154,0.8402,0.9817,0,6.35,0,17.95,0,17.13,0,11.88,19.11,3.1,2.36,3.78,5.97,42,15
n2_WT_F88F_M255K_OFF_T_G17,66,0.8149,0.828,0.9818,0,5.54,0,18.76,0,10.79,0,16.21,17.3,3.25,1.13,4.16,5.85,27,11
n2_WT_F88F_M255K_OFF_T_G17,67,0.8134,0.8764,0.9862,1,3.62,0,14.05,1,1.73,0,2.09,7.48,1.15,3.06,4.24,3.18,37,14
n2_WT_F88F_M255K_OFF_T_G17,68,0.8133,0.8497,0.9828,0,6.46,0,6.06,0,26.55,0,21.09,28.19,2.02,1.74,4.6,6.26,39,14
n2_WT_F88F_M255K_OFF_T_G17,69,0.8132,0.8534,0.9854,1,4.6,0,6.82,0,36.83,0,40.19,38.58,2.89,2.43,3.78,4.93,42,12
n2_WT_F88F_M255K_OFF_T_G17,7,0.8542,0.9408,0.988,1,4.38,0,10.7,1,4.47,0,2.39,3.5,2.59,1.85,4.39,6.0,48,20
n2_WT_F88F_M255K_OFF_T_G17,70,0.8124,0.8696,0.9824,0,6.85,0,12.88,0,29.31,0,27.67,31.4,4.53,2.73,6.45,5.21,31,16
n2_WT_F88F_M255K_OFF_T_G17,71,0.8123,0.8316,0.9827,0,5.36,0,17.91,1,2.35,0,8.6,3.73,2.15,2.62,3.3,4.56,41,15
n2_WT_F88F_M255K_OFF_T_G17,72,0.8121,0.8374,0.9811,0,6.23,0,18.53,1,4.13,0,5.89,5.98,3.29,2.53,3.04,6.28,39,14
n2_WT_F88F_M255K_OFF_T_G17,73,0.812,0.8361,0.9816,0,6.23,0,19.31,0,14.5,0,11.99,16.86,1.16,2.7,5.32,5.3,26,11
n2_WT_F88F_M255K_OFF_T_G17,74,0.8106,0.8082,0.9821,0,8.32,0,17.33,1,1.82,0,2.86,5.42,1.47,3.08,3.77,6.38,30,13
n2_WT_F88F_M255K_OFF_T_G17,75,0.8106,0.7767,0.9792,0,7.55,0,19.62,0,23.5,0,19.31,24.63,3.83,4.02,5.8,7.27,27,13
n2_WT_F88F_M255K_OFF_T_G17,76,0.8104,0.8773,0.9827,1,4.51,0,17.65,1,3.9,0,3.09,3.79,2.33,1.58,0.95,5.13,36,15
n2_WT_F88F_M255K_OFF_T_G17,77,0.808,0.8758,0.9849,0,7.8,0,19.3,0,8.23,0,6.28,8.72,1.4,2.39,4.07,7.12,45,20
n2_WT_F88F_M255K_OFF_T_G17,78,0.8069,0.8928,0.9833,0,6.34,0,27.75,0,15.81,0,8.9,16.15,2.41,3.02,1.73,5.2,42,18
n2_WT_F88F_M255K_OFF_T_G17,79,0.8065,0.751,0.9772,1,3.89,0,18.33,0,7.37,0,10.02,15.19,1.44,1.81,2.79,5.3,41,14
n2_WT_F88F_M255K_OFF_T_G17,8,0.8508,0.9218,0.983,0,6.42,0,16.57,1,4.7,0,4.08,6.19,3.75,2.77,3.83,6.97,40,19
n2_WT_F88F_M255K_OFF_T_G17,80,0.8033,0.7345,0.9781,0,8.07,0,20.34,0,16.09,0,11.61,12.95,3.56,3.27,5.05,7.87,31,13
n2_WT_F88F_M255K_OFF_T_G17,81,0.8027,0.7553,0.9818,1,4.31,0,11.05,0,8.04,0,7.6,12.44,2.56,3.21,5.13,3.2,43,13
n2_WT_F88F_M255K_OFF_T_G17,82,0.8017,0.798,0.98,1,4.92,0,17.2,0,6.32,0,7.75,8.73,0.39,2.44,2.74,5.21,47,18
n2_WT_F88F_M255K_OFF_T_G17,83,0.7984,0.7657,0.9794,0,6.83,0,16.75,1,0.96,0,1.31,4.72,1.87,3.2,3.47,5.93,39,17
n2_WT_F88F_M255K_OFF_T_G17,84,0.7973,0.8084,0.9788,0,5.64,0,17.38,0,5.99,0,4.31,6.87,3.22,1.87,5.08,4.41,31,13
n2_WT_F88F_M255K_OFF_T_G17,85,0.7971,0.8605,0.9815,1,2.73,0,10.6,1,1.8,0,2.32,7.14,0.32,2.7,2.45,2.38,52,15
n2_WT_F88F_M255K_OFF_T_G17,86,0.7963,0.7366,0.9767,0,5.93,0,16.84,0,8.36,0,6.62,8.86,3.65,2.99,4.65,5.78,37,14
n2_WT_F88F_M255K_OFF_T_G17,87,0.7962,0.7739,0.9799,1,4.71,0,15.17,0,38.71,0,42.6,41.3,2.36,2.91,5.71,3.87,33,13
n2_WT_F88F_M255K_OFF_T_G17,88,0.7961,0.7682,0.9839,1,3.44,0,12.53,0,5.33,0,6.94,12.41,2.4,2.9,2.15,4.27,48,16
n2_WT_F88F_M255K_OFF_T_G17,89,0.79,0.7016,0.9743,0,7.04,0,18.75,0,6.41,0,4.78,11.15,2.37,3.68,3.74,6.29,28,15
n2_WT_F88F_M255K_OFF_T_G17,9,0.8496,0.9098,0.9849,1,3.62,0,16.67,1,3.44,0,5.72,4.58,2.09,3.07,2.69,4.87,49,17
n2_WT_F88F_M255K_OFF_T_G17,90,0.7895,0.8079,0.9811,1,4.7,0,16.55,1,4.15,0,1.62,3.79,3.84,2.16,2.56,5.82,44,16
n2_WT_F88F_M255K_OFF_T_G17,91,0.7864,0.8232,0.9853,1,2.87,0,8.45,0,29.02,0,27.31,29.47,2.97,2.41,4.89,5.26,35,13
n2_WT_F88F_M255K_OFF_T_G17,92,0.7837,0.7266,0.9814,1,4.13,0,14.26,0,7.69,0,8.35,13.1,2.59,3.56,4.02,5.34,33,13
n2_WT_F88F_M255K_OFF_T_G17,93,0.7764,0.7015,0.9742,0,8.25,0,18.25,1,3.22,0,4.35,6.84,4.05,1.08,2.73,6.11,38,18
n2_WT_F88F_M255K_OFF_T_G17,94,0.7744,0.7147,0.9693,0,5.03,0,18.09,0,17.24,0,15.96,20.8,1.88,2.72,3.24,4.89,46,19
n2_WT_F88F_M255K_OFF_T_G17,95,0.7676,0.7318,0.9756,1,4.03,0,25.81,0,19.57,0,15.66,21.9,1.05,3.31,4.95,4.92,52,18
n2_WT_F88F_M255K_OFF_T_G17,96,0.7638,0.6119,0.9757,0,7.92,0,18.72,0,9.37,0,9.2,10.41,2.62,1.66,3.98,6.66,35,10
n2_WT_F88F_M255K_OFF_T_G17,97,0.7617,0.6404,0.9727,1,3.67,0,18.68,0,21.84,0,22.55,25.44,2.34,4.27,3.42,5.49,40,16
n2_WT_F88F_M255K_OFF_T_G17,98,0.7474,0.6176,0.972,0,6.52,0,18.36,0,11.0,0,6.82,13.78,2.12,3.25,3.92,5.04,39,17
n2_WT_F88F_M255K_OFF_T_G17,99,0.7281,0.4476,0.9727,0,8.34,0,21.02,0,5.77,0,6.22,10.7,3.2,3.75,5.76,8.9,19,9
n2_WT_F88F_M255K_S1_G17,0,0.8665,0.8608,0.9892,1,1.6,0,18.65,0,27.94,0,21.91,28.74,1.67,2.74,7.45,2.4,35,13
n2_WT_F88F_M255K_S1_G17,1,0.859,0.851,0.989,1,1.98,0,26.15,0,25.1,0,19.4,26.06,3.1,5.6,9.05,2.44,37,10
n2_WT_F88F_M255K_S1_G17,10,0.8467,0.8148,0.9872,1,3.15,0,24.22,0,29.57,0,23.22,30.58,4.56,6.1,10.31,3.39,31,9
n2_WT_F88F_M255K_S1_G17,11,0.8465,0.7975,0.9773,0,5.93,0,18.86,0,14.94,0,5.39,12.28,2.58,1.97,7.26,6.17,37,12
n2_WT_F88F_M255K_S1_G17,12,0.8449,0.8153,0.9826,1,2.26,0,6.16,0,31.0,0,25.82,32.57,2.13,2.16,6.36,2.96,38,13
n2_WT_F88F_M255K_S1_G17,13,0.8437,0.7845,0.9843,1,2.48,0,17.85,0,32.08,0,26.4,33.26,3.38,6.72,10.32,2.58,32,10
n2_WT_F88F_M255K_S1_G17,14,0.841,0.7988,0.9884,1,1.99,0,18.52,0,31.48,0,25.9,32.94,2.03,3.17,7.47,2.37,47,14
n2_WT_F88F_M255K_S1_G17,15,0.8409,0.7749,0.9827,1,4.85,0,19.69,0,20.76,0,11.52,17.22,1.58,2.88,4.72,4.7,46,13
n2_WT_F88F_M255K_S1_G17,16,0.8397,0.762,0.9829,1,2.54,0,21.83,0,32.29,0,26.58,33.52,2.12,1.62,8.05,2.89,46,14
n2_WT_F88F_M255K_S1_G17,17,0.8396,0.7826,0.9826,1,3.74,0,16.73,0,23.52,0,15.93,22.55,1.52,2.56,5.8,4.36,35,12
n2_WT_F88F_M255K_S1_G17,18,0.8393,0.8272,0.9879,1,1.34,0,23.17,0,27.39,0,20.43,27.78,3.83,7.97,11.52,2.62,38,11
n2_WT_F88F_M255K_S1_G17,19,0.8388,0.8347,0.9846,1,2.44,1,4.8,1,2.9,1,1.92,6.63,1.34,1.99,4.62,5.18,45,12
n2_WT_F88F_M255K_S1_G17,2,0.8554,0.8119,0.989,1,1.91,0,19.52,0,34.31,0,28.17,34.43,2.56,3.73,7.91,3.2,42,13
n2_WT_F88F_M255K_S1_G17,20,0.8374,0.7511,0.984,1,0.78,0,12.86,0,37.84,0,29.13,35.62,2.24,2.87,9.19,2.76,53,13
n2_WT_F88F_M255K_S1_G17,21,0.8365,0.7885,0.9846,1,2.71,0,6.95,0,31.69,0,24.54,31.25,1.55,2.43,3.34,1.91,42,12
n2_WT_F88F_M255K_S1_G17,22,0.8347,0.9101,0.9861,1,3.9,0,12.01,1,2.39,0,0.71,3.89,1.34,1.56,2.98,3.31,47,16
n2_WT_F88F_M255K_S1_G17,23,0.8335,0.7648,0.9813,0,5.76,0,20.1,0,19.45,0,10.67,17.3,2.51,2.88,4.93,5.68,37,13
n2_WT_F88F_M255K_S1_G17,24,0.8335,0.7675,0.9817,1,2.76,0,20.99,0,27.43,0,20.45,27.43,4.61,4.7,8.39,2.18,37,10
n2_WT_F88F_M255K_S1_G17,25,0.8325,0.9047,0.9832,1,1.42,0,19.51,0,22.51,0,13.89,19.99,1.37,2.01,6.03,2.53,40,15
n2_WT_F88F_M255K_S1_G17,26,0.8323,0.8143,0.9842,0,6.8,1,4.06,0,31.7,0,32.86,34.75,1.73,1.33,5.17,5.79,35,12
n2_WT_F88F_M255K_S1_G17,27,0.8322,0.8189,0.9814,0,5.29,0,14.26,0,19.85,0,18.37,22.5,1.99,0.89,6.5,5.29,34,11
n2_WT_F88F_M255K_S1_G17,28,0.8296,0.8866,0.9868,1,3.46,0,18.99,1,2.01,0,0.78,5.3,2.36,6.16,13.18,4.49,37,13
n2_WT_F88F_M255K_S1_G17,29,0.8292,0.7362,0.9728,1,4.19,0,19.79,0,23.27,0,20.4,24.12,2.8,1.67,5.51,4.34,38,14
n2_WT_F88F_M255K_S1_G17,3,0.8552,0.94,0.9897,0,5.08,0,17.97,1,3.32,0,1.78,3.72,5.02,7.57,13.16,5.27,30,10
n2_WT_F88F_M255K_S1_G17,30,0.829,0.8541,0.987,0,5.02,0,6.57,0,32.04,0,32.46,34.89,3.77,2.47,4.43,4.8,46,14
n2_WT_F88F_M255K_S1_G17,31,0.8283,0.8744,0.9798,0,5.8,0,21.19,0,19.03,0,10.78,16.91,2.34,1.07,6.31,3.81,35,17
n2_WT_F88F_M255K_S1_G17,32,0.8274,0.8804,0.9845,1,2.29,0,18.98,0,24.24,0,15.6,22.1,1.66,3.36,4.32,3.17,42,18
n2_WT_F88F_M255K_S1_G17,33,0.8273,0.8181,0.9865,1,3.96,0,6.47,1,2.57,0,2.14,5.44,3.45,4.09,3.74,6.41,42,12
n2_WT_F88F_M255K_S1_G17,34,0.827,0.8631,0.9839,0,5.25,0,6.26,1,2.66,0,0.66,5.37,1.56,1.47,6.0,5.66,39,11
n2_WT_F88F_M255K_S1_G17,35,0.8265,0.7943,0.9867,1,3.84,0,7.41,1,3.34,0,2.22,3.31,3.12,3.24,4.65,6.11,41,11
n2_WT_F88F_M255K_S1_G17,36,0.8263,0.8954,0.9835,0,5.76,0,12.85,1,2.69,0,2.36,5.97,2.29,2.01,1.54,4.86,52,19
n2_WT_F88F_M255K_S1_G17,37,0.8258,0.8015,0.985,1,4.48,0,6.61,1,2.49,0,1.09,3.96,2.41,2.73,2.98,7.01,40,12
n2_WT_F88F_M255K_S1_G17,38,0.8255,0.8034,0.9843,1,3.58,0,5.52,1,2.88,0,2.03,4.33,3.0,2.85,3.78,5.96,39,11
n2_WT_F88F_M255K_S1_G17,39,0.8253,0.8213,0.9858,1,2.16,0,5.08,1,3.09,0,0.44,4.52,2.98,2.97,3.53,5.37,42,15
n2_WT_F88F_M255K_S1_G17,4,0.8524,0.8343,0.987,1,2.25,0,14.52,0,38.44,0,30.2,36.9,2.87,3.94,10.09,2.22,47,12
n2_WT_F88F_M255K_S1_G17,40,0.825,0.8833,0.983,1,3.55,0,20.77,0,24.61,0,15.45,21.31,2.41,2.25,4.39,4.05,42,16
n2_WT_F88F_M255K_S1_G17,41,0.8245,0.8241,0.9884,1,3.7,1,4.43,1,3.14,1,0.72,4.92,1.91,2.72,4.67,4.88,42,11
n2_WT_F88F_M255K_S1_G17,42,0.8241,0.7901,0.9839,1,3.54,0,6.87,1,2.38,0,1.03,5.49,1.05,2.95,5.66,5.27,38,12
n2_WT_F88F_M255K_S1_G17,43,0.824,0.7252,0.9796,0,6.35,0,5.75,0,26.3,0,23.64,26.51,0.23,1.67,4.33,5.68,35,13
n2_WT_F88F_M255K_S1_G17,44,0.8233,0.7978,0.9875,1,2.2,0,6.36,1,1.59,0,0.56,4.01,3.65,3.24,6.89,5.11,38,13
n2_WT_F88F_M255K_S1_G17,45,0.823,0.8302,0.9813,1,4.88,0,9.24,0,30.6,0,32.47,32.68,1.0,3.59,5.29,5.68,27,10
n2_WT_F88F_M255K_S1_G17,46,0.8213,0.7732,0.984,0,6.8,0,18.72,0,18.76,0,15.66,21.41,3.6,2.7,7.86,6.27,35,12
n2_WT_F88F_M255K_S1_G17,47,0.8211,0.7053,0.9806,0,6.12,0,20.95,0,17.39,0,9.17,15.81,2.3,2.0,6.86,6.25,38,13
n2_WT_F88F_M255K_S1_G17,48,0.8211,0.8297,0.9882,1,4.98,0,6.55,1,2.59,0,0.81,3.63,2.17,3.9,4.23,6.11,40,12
n2_WT_F88F_M255K_S1_G17,49,0.8205,0.8334,0.9841,0,6.07,0,20.16,1,1.06,0,2.77,6.31,1.48,2.87,8.09,5.89,36,13
n2_WT_F88F_M255K_S1_G17,5,0.8519,0.8176,0.9872,1,1.37,0,19.23,0,33.31,0,27.2,34.24,3.05,5.88,8.85,2.62,41,12
n2_WT_F88F_M255K_S1_G17,50,0.8201,0.7879,0.9841,1,2.5,0,6.6,1,2.46,0,1.6,5.06,3.23,1.5,2.82,6.74,40,12
n2_WT_F88F_M255K_S1_G17,51,0.8197,0.7922,0.9823,1,2.87,0,5.12,1,3.45,0,3.36,7.24,1.05,2.19,5.11,4.73,41,12
n2_WT_F88F_M255K_S1_G17,52,0.8196,0.7876,0.9852,0,5.48,0,6.13,1,2.41,0,2.26,3.6,2.5,2.72,4.14,6.3,40,12
n2_WT_F88F_M255K_S1_G17,53,0.8195,0.8864,0.9823,1,4.38,0,19.44,0,18.14,0,14.42,20.44,2.96,1.63,4.21,5.47,38,15
n2_WT_F88F_M255K_S1_G17,54,0.8192,0.7706,0.9813,1,4.79,0,14.31,0,25.7,0,25.27,27.73,2.01,1.9,5.68,5.45,32,11
n2_WT_F88F_M255K_S1_G17,55,0.8185,0.7891,0.9843,1,3.06,0,6.45,1,2.82,0,1.78,2.34,3.09,2.24,3.6,5.79,38,15
n2_WT_F88F_M255K_S1_G17,56,0.8179,0.8529,0.9828,1,1.98,0,20.6,0,22.11,0,14.64,21.0,3.16,2.45,3.86,1.84,46,17
n2_WT_F88F_M255K_S1_G17,57,0.817,0.6809,0.9795,0,5.01,0,19.01,0,22.61,0,20.25,23.96,3.06,2.46,4.38,4.9,33,12
n2_WT_F88F_M255K_S1_G17,58,0.817,0.7112,0.9785,1,1.82,1,4.64,0,33.56,0,28.11,34.43,1.75,2.13,7.25,2.83,43,13
n2_WT_F88F_M255K_S1_G17,59,0.8169,0.8495,0.9806,1,1.62,0,19.38,0,29.39,0,22.81,29.92,3.61,2.71,4.25,0.58,45,17
n2_WT_F88F_M255K_S1_G17,6,0.8511,0.859,0.9889,1,1.02,0,26.66,0,27.72,0,22.44,28.82,4.53,3.81,10.49,3.12,41,10
n2_WT_F88F_M255K_S1_G17,60,0.8167,0.7696,0.9828,1,3.8,0,6.2,1,2.18,0,1.19,4.28,2.88,1.59,4.33,5.25,40,13
n2_WT_F88F_M255K_S1_G17,61,0.8162,0.7121,0.978,1,4.94,0,18.04,0,21.81,0,18.67,23.47,3.55,2.11,4.26,4.49,34,12
n2_WT_F88F_M255K_S1_G17,62,0.8143,0.8092,0.9862,1,2.91,0,5.48,1,2.62,0,1.85,5.65,2.63,2.7,4.33,6.5,41,11
n2_WT_F88F_M255K_S1_G17,63,0.8135,0.8052,0.9845,1,2.83,1,4.83,1,3.02,1,2.45,6.05,3.26,2.06,5.04,5.43,34,11
n2_WT_F88F_M255K_S1_G17,64,0.8132,0.8445,0.9818,0,6.25,0,15.7,1,2.18,0,0.75,5.03,1.02,4.42,10.44,4.72,30,11
n2_WT_F88F_M255K_S1_G17,65,0.8128,0.7761,0.9843,1,1.02,0,12.36,0,37.3,0,30.13,37.01,3.18,5.09,11.6,2.31,46,13
n2_WT_F88F_M255K_S1_G17,66,0.8118,0.8893,0.9846,1,1.76,0,11.63,0,27.14,0,19.13,26.05,2.74,1.4,4.21,2.87,40,18
n2_WT_F88F_M255K_S1_G17,67,0.8114,0.765,0.9825,1,3.54,0,6.81,1,3.4,0,0.57,4.26,2.69,3.23,4.28,6.08,40,12
n2_WT_F88F_M255K_S1_G17,68,0.811,0.8216,0.9826,1,3.34,0,6.64,1,2.75,0,0.31,3.98,2.87,2.64,5.73,5.77,40,15
n2_WT_F88F_M255K_S1_G17,69,0.81,0.8147,0.978,0,5.92,0,22.67,0,25.14,0,17.39,23.71,3.32,1.92,6.42,5.37,42,17
n2_WT_F88F_M255K_S1_G17,7,0.851,0.8341,0.9902,1,2.89,1,3.09,1,2.99,1,1.36,4.21,4.9,4.84,10.23,3.27,47,12
n2_WT_F88F_M255K_S1_G17,70,0.8095,0.7039,0.9785,0,6.41,0,18.12,0,15.29,0,8.19,15.09,2.44,2.56,8.03,6.43,34,12
n2_WT_F88F_M255K_S1_G17,71,0.8094,0.7624,0.982,1,2.84,0,6.3,1,1.95,0,1.87,5.31,2.52,2.94,4.04,4.66,41,12
n2_WT_F88F_M255K_S1_G17,72,0.8093,0.8277,0.9828,1,4.76,0,12.21,0,29.0,0,21.68,28.09,2.59,1.78,4.75,5.41,46,19
n2_WT_F88F_M255K_S1_G17,73,0.8088,0.804,0.9837,1,4.54,0,12.89,1,2.95,0,1.11,3.74,2.25,3.3,6.59,4.94,40,12
n2_WT_F88F_M255K_S1_G17,74,0.8086,0.8065,0.9846,1,3.5,0,7.0,1,2.74,0,1.9,6.67,1.93,2.87,5.7,6.15,40,11
n2_WT_F88F_M255K_S1_G17,75,0.8084,0.863,0.9851,0,5.23,0,12.96,1,2.05,0,1.9,4.2,1.24,3.26,3.46,4.67,52,20
n2_WT_F88F_M255K_S1_G17,76,0.8078,0.8752,0.9833,1,2.64,0,22.01,0,30.54,0,23.61,30.49,0.47,1.15,5.49,1.76,43,16
n2_WT_F88F_M255K_S1_G17,77,0.8075,0.8132,0.985,1,4.62,0,6.11,1,1.94,0,2.71,5.75,2.66,3.72,4.57,7.04,41,12
n2_WT_F88F_M255K_S1_G17,78,0.8066,0.7305,0.9835,1,3.54,0,20.04,0,18.98,0,12.68,19.54,3.12,2.75,6.05,4.47,40,13
n2_WT_F88F_M255K_S1_G17,79,0.8047,0.6839,0.9787,1,4.39,0,19.83,0,18.73,0,13.8,19.89,2.95,2.35,6.81,5.29,40,12
n2_WT_F88F_M255K_S1_G17,8,0.849,0.8177,0.9862,1,1.84,0,26.07,0,29.14,0,22.5,29.13,1.81,4.36,11.88,3.26,38,11
n2_WT_F88F_M255K_S1_G17,80,0.8047,0.8644,0.9847,1,2.96,0,10.59,1,3.8,0,3.69,4.97,3.57,1.68,6.89,1.19,35,14
n2_WT_F88F_M255K_S1_G17,81,0.8046,0.8942,0.9862,1,2.46,0,19.78,0,30.2,0,23.0,30.08,1.32,0.8,5.28,1.85,41,15
n2_WT_F88F_M255K_S1_G17,82,0.8043,0.8724,0.9853,1,2.74,0,20.51,0,36.68,0,28.08,34.98,3.09,2.02,7.66,2.95,50,18
n2_WT_F88F_M255K_S1_G17,83,0.8026,0.7795,0.9816,0,5.23,0,12.63,1,3.23,0,2.86,6.01,2.63,2.61,6.28,5.12,39,14
n2_WT_F88F_M255K_S1_G17,84,0.8018,0.775,0.9848,1,3.15,0,6.23,1,2.8,0,1.9,6.5,2.9,3.05,3.48,5.66,38,12
n2_WT_F88F_M255K_S1_G17,85,0.8015,0.7905,0.9869,1,1.85,0,20.22,0,30.33,0,24.26,30.85,2.64,1.55,3.56,2.26,40,14
n2_WT_F88F_M255K_S1_G17,86,0.8012,0.759,0.9793,0,6.01,0,22.08,1,2.23,0,1.41,5.62,2.8,1.38,6.55,6.47,30,11
n2_WT_F88F_M255K_S1_G17,87,0.8011,0.8076,0.9839,1,2.75,0,20.58,0,31.84,0,25.96,32.77,2.53,3.74,8.58,3.45,47,16
n2_WT_F88F_M255K_S1_G17,88,0.7993,0.7153,0.9809,1,2.87,0,7.25,1,2.18,0,1.65,5.07,3.06,3.32,3.36,5.76,35,11
n2_WT_F88F_M255K_S1_G17,89,0.7977,0.7805,0.9822,1,4.16,0,14.07,0,42.46,0,36.27,42.26,2.76,2.44,5.35,5.02,40,16
n2_WT_F88F_M255K_S1_G17,9,0.8489,0.8861,0.9851,0,5.09,0,17.33,0,42.24,0,36.77,41.52,2.86,2.28,3.29,5.29,42,16
n2_WT_F88F_M255K_S1_G17,90,0.7967,0.7767,0.9824,0,5.09,0,12.41,0,44.29,0,38.21,44.08,1.67,2.26,5.31,4.56,45,17
n2_WT_F88F_M255K_S1_G17,91,0.7946,0.7434,0.9775,1,3.55,0,6.33,1,3.32,0,2.72,1.25,2.76,2.64,4.17,1.93,40,13
n2_WT_F88F_M255K_S1_G17,92,0.7928,0.7225,0.9835,1,1.43,0,19.71,0,30.39,0,24.59,31.76,1.64,3.13,4.69,2.79,41,15
n2_WT_F88F_M255K_S1_G17,93,0.791,0.771,0.9788,0,5.23,0,13.55,0,26.07,0,18.42,24.6,2.27,1.87,6.73,6.09,39,17
n2_WT_F88F_M255K_S1_G17,94,0.7902,0.6755,0.9812,0,8.89,0,7.58,1,3.49,0,0.97,5.14,2.28,2.55,5.47,9.13,27,12
n2_WT_F88F_M255K_S1_G17,95,0.7855,0.7304,0.9766,1,2.95,0,19.18,0,22.77,0,14.99,22.1,2.49,2.66,6.23,2.34,38,17
n2_WT_F88F_M255K_S1_G17,96,0.7785,0.661,0.9799,1,3.62,0,6.98,1,2.5,0,2.9,6.09,2.78,2.57,3.96,5.24,37,11
n2_WT_F88F_M255K_S1_G17,97,0.7782,0.6497,0.9763,1,3.32,0,7.16,1,2.44,0,0.93,5.41,2.01,1.1,4.79,5.79,39,14
n2_WT_F88F_M255K_S1_G17,98,0.7612,0.6581,0.9743,1,4.29,0,18.51,0,21.92,0,18.87,23.6,3.82,0.77,5.79,3.78,41,17
n2_WT_F88F_M255K_S1_G17,99,0.7586,0.6604,0.9744,0,5.18,0,13.88,0,42.09,0,36.68,41.38,3.02,2.7,4.57,5.27,50,18
n2_WT_F88F_M255M_OFF_T_G17,0,0.8734,0.919,0.9846,0,6.78,0,17.7,0,18.11,0,20.38,24.41,2.82,2.12,3.03,6.2,37,14
n2_WT_F88F_M255M_OFF_T_G17,1,0.8715,0.9414,0.9887,1,1.18,0,17.85,0,5.99,0,9.54,13.88,2.78,2.88,3.44,2.87,51,15
n2_WT_F88F_M255M_OFF_T_G17,10,0.8493,0.8633,0.9855,1,3.59,0,12.48,0,10.25,0,15.7,16.72,1.73,3.08,2.67,4.49,39,15
n2_WT_F88F_M255M_OFF_T_G17,11,0.8491,0.8811,0.9828,0,7.52,0,18.73,0,30.79,0,27.84,34.38,2.74,1.28,3.83,6.46,32,12
n2_WT_F88F_M255M_OFF_T_G17,12,0.8475,0.828,0.9844,1,3.24,0,13.06,0,8.38,0,9.09,14.99,3.02,3.23,4.79,4.64,47,10
n2_WT_F88F_M255M_OFF_T_G17,13,0.8469,0.8783,0.9852,1,4.49,0,18.05,0,7.67,0,5.1,10.54,2.28,2.34,5.14,5.64,37,16
n2_WT_F88F_M255M_OFF_T_G17,14,0.8456,0.9047,0.9874,1,4.07,0,14.25,0,11.67,0,12.86,17.9,2.85,3.79,4.78,5.81,30,12
n2_WT_F88F_M255M_OFF_T_G17,15,0.8455,0.8914,0.9843,0,9.32,0,19.02,0,7.49,0,6.82,13.1,1.72,3.19,4.01,7.15,30,13
n2_WT_F88F_M255M_OFF_T_G17,16,0.8445,0.8809,0.9867,1,4.6,0,17.53,1,3.42,0,10.8,10.9,3.09,1.3,3.98,5.36,42,14
n2_WT_F88F_M255M_OFF_T_G17,17,0.8437,0.8826,0.7819,0,6.69,0,21.38,0,16.75,0,12.89,18.49,3.6,2.08,3.98,5.77,50,20
n2_WT_F88F_M255M_OFF_T_G17,18,0.8436,0.9097,0.9839,0,5.7,0,17.58,0,7.44,0,6.21,9.26,3.54,3.39,3.78,4.42,50,18
n2_WT_F88F_M255M_OFF_T_G17,19,0.843,0.9,0.9853,1,4.96,0,17.57,0,7.26,0,7.55,12.79,2.56,2.36,4.36,5.46,48,18
n2_WT_F88F_M255M_OFF_T_G17,2,0.8631,0.9201,0.9905,1,1.69,0,12.46,0,5.12,0,8.41,11.43,3.32,2.65,4.91,2.9,52,16
n2_WT_F88F_M255M_OFF_T_G17,20,0.8427,0.8416,0.9841,0,5.49,0,11.32,0,5.28,0,4.67,6.63,3.1,2.06,3.81,6.59,41,14
n2_WT_F88F_M255M_OFF_T_G17,21,0.8423,0.9055,0.9192,0,6.62,0,10.57,0,31.72,0,31.24,32.17,3.81,1.95,2.29,3.56,35,16
n2_WT_F88F_M255M_OFF_T_G17,22,0.842,0.894,0.9884,1,4.77,0,12.67,0,7.4,0,9.86,13.72,2.23,3.17,3.83,3.9,39,13
n2_WT_F88F_M255M_OFF_T_G17,23,0.8412,0.792,0.9837,1,3.84,0,13.48,0,8.97,0,13.03,15.01,1.45,1.94,2.98,3.93,38,12
n2_WT_F88F_M255M_OFF_T_G17,24,0.8412,0.9328,0.9848,1,4.72,0,10.54,0,21.35,0,14.74,21.09,1.84,1.41,3.36,5.44,39,19
n2_WT_F88F_M255M_OFF_T_G17,25,0.841,0.8498,0.9777,0,5.24,0,25.75,0,5.56,0,14.05,15.54,2.09,1.92,5.59,4.96,38,15
n2_WT_F88F_M255M_OFF_T_G17,26,0.8407,0.93,0.987,1,1.96,0,21.49,0,16.61,0,12.75,18.32,1.41,1.17,4.07,3.2,57,21
n2_WT_F88F_M255M_OFF_T_G17,27,0.8404,0.8842,0.9774,0,6.61,0,11.97,0,31.25,0,29.97,31.99,1.18,3.62,4.48,5.13,30,15
n2_WT_F88F_M255M_OFF_T_G17,28,0.8398,0.8595,0.9799,0,5.47,0,11.76,0,6.52,0,12.7,17.42,2.52,3.22,5.16,6.08,39,16
n2_WT_F88F_M255M_OFF_T_G17,29,0.8384,0.9043,0.9842,0,6.47,0,14.13,1,2.87,0,7.58,11.24,2.72,2.81,4.38,6.92,56,21
n2_WT_F88F_M255M_OFF_T_G17,3,0.8624,0.9125,0.9847,1,4.45,0,16.36,1,3.33,0,7.17,14.27,1.44,2.26,3.61,4.78,49,17
n2_WT_F88F_M255M_OFF_T_G17,30,0.8377,0.8968,0.9835,1,4.44,0,12.39,0,8.59,0,9.65,14.7,2.62,3.18,6.77,5.61,47,16
n2_WT_F88F_M255M_OFF_T_G17,31,0.837,0.883,0.9841,0,6.01,0,19.24,0,16.29,0,14.65,20.49,1.65,2.69,3.39,5.21,31,14
n2_WT_F88F_M255M_OFF_T_G17,32,0.8365,0.8455,0.9872,1,3.75,0,13.04,1,3.83,0,3.35,3.47,3.2,2.81,3.34,5.28,41,14
n2_WT_F88F_M255M_OFF_T_G17,33,0.8361,0.8641,0.9834,1,3.97,0,13.73,1,1.47,0,1.27,5.57,2.2,3.15,4.33,3.96,35,14
n2_WT_F88F_M255M_OFF_T_G17,34,0.8357,0.8407,0.9801,0,7.88,0,20.45,0,16.42,0,12.48,17.99,2.37,0.89,4.85,6.15,35,15
n2_WT_F88F_M255M_OFF_T_G17,35,0.8356,0.8624,0.9856,0,5.67,0,23.4,0,14.26,0,14.32,20.16,0.95,2.32,4.03,4.61,42,14
n2_WT_F88F_M255M_OFF_T_G17,36,0.8354,0.9021,0.9871,1,4.36,0,17.68,0,8.53,0,5.14,11.15,2.57,2.43,3.03,5.36,52,18
n2_WT_F88F_M255M_OFF_T_G17,37,0.835,0.84,0.9801,1,3.94,0,15.81,0,8.12,0,8.87,13.4,1.95,1.49,4.13,4.93,48,13
n2_WT_F88F_M255M_OFF_T_G17,38,0.8349,0.7902,0.9847,0,5.06,0,12.85,0,9.46,0,7.79,13.26,2.57,3.1,4.05,4.01,32,11
n2_WT_F88F_M255M_OFF_T_G17,39,0.8347,0.823,0.9869,1,4.64,0,13.25,0,31.25,0,30.3,35.23,2.75,2.99,2.82,4.19,34,11
n2_WT_F88F_M255M_OFF_T_G17,4,0.86,0.9103,0.9848,1,3.99,0,17.84,0,9.59,0,14.72,15.29,2.25,2.02,2.43,5.49,47,19
n2_WT_F88F_M255M_OFF_T_G17,40,0.8343,0.8764,0.9819,0,5.33,0,19.17,0,29.97,0,24.31,30.3,1.26,2.05,2.62,3.85,35,13
n2_WT_F88F_M255M_OFF_T_G17,41,0.8324,0.8334,0.9819,1,3.76,0,13.38,0,7.57,0,11.34,13.93,2.57,3.21,2.53,4.2,38,11
n2_WT_F88F_M255M_OFF_T_G17,42,0.8313,0.8346,0.9851,1,4.38,0,13.79,1,2.06,0,7.04,9.69,2.14,3.07,2.87,5.06,36,13
n2_WT_F88F_M255M_OFF_T_G17,43,0.8304,0.8655,0.9807,0,6.83,0,18.63,1,2.29,0,3.54,6.5,1.69,2.92,4.17,5.74,28,12
n2_WT_F88F_M255M_OFF_T_G17,44,0.8301,0.8164,0.977,0,6.5,0,17.36,0,11.79,0,7.55,13.11,0.6,2.16,2.4,6.53,42,16
n2_WT_F88F_M255M_OFF_T_G17,45,0.8301,0.8735,0.9869,1,3.49,0,25.08,0,15.78,0,20.36,25.0,1.78,2.4,2.76,2.73,42,14
n2_WT_F88F_M255M_OFF_T_G17,46,0.8299,0.7904,0.9788,0,8.38,0,18.61,0,15.9,0,12.65,18.2,2.95,3.63,4.12,7.12,29,13
n2_WT_F88F_M255M_OFF_T_G17,47,0.8299,0.7935,0.9797,0,8.15,0,17.85,0,10.17,0,9.21,16.3,2.82,3.87,5.24,5.99,32,11
n2_WT_F88F_M255M_OFF_T_G17,48,0.8294,0.8602,0.9796,0,10.12,0,13.85,0,30.32,0,29.1,31.21,4.25,2.68,5.89,8.19,28,16
n2_WT_F88F_M255M_OFF_T_G17,49,0.8277,0.8787,0.9799,0,5.33,0,16.11,0,5.99,0,9.97,14.2,3.25,3.06,3.09,5.58,51,16
n2_WT_F88F_M255M_OFF_T_G17,5,0.8571,0.8714,0.9877,1,4.12,0,13.05,0,8.01,0,9.53,13.64,2.13,3.36,2.09,5.11,42,15
n2_WT_F88F_M255M_OFF_T_G17,50,0.8274,0.8337,0.9826,0,5.61,0,22.19,0,11.53,0,16.01,20.07,2.67,2.5,5.88,5.54,39,15
n2_WT_F88F_M255M_OFF_T_G17,51,0.8249,0.7901,0.9802,0,6.14,0,15.21,0,7.84,0,13.89,16.64,1.23,2.62,3.96,5.62,43,17
n2_WT_F88F_M255M_OFF_T_G17,52,0.8238,0.8747,0.9823,1,4.83,0,11.56,0,10.81,0,8.47,15.88,0.94,3.22,1.93,4.18,41,17
n2_WT_F88F_M255M_OFF_T_G17,53,0.8227,0.8997,0.9827,1,4.33,0,10.41,0,19.77,0,12.77,18.64,1.97,1.0,5.07,5.5,49,17
n2_WT_F88F_M255M_OFF_T_G17,54,0.8224,0.7857,0.9784,0,10.01,0,19.02,0,17.21,0,14.43,19.64,2.85,2.95,3.72,8.52,29,14
n2_WT_F88F_M255M_OFF_T_G17,55,0.8219,0.8253,0.9818,0,7.35,0,18.57,0,24.9,0,21.13,26.61,2.47,3.36,4.06,7.51,29,12
n2_WT_F88F_M255M_OFF_T_G17,56,0.8218,0.8643,0.9838,0,6.26,0,18.82,0,19.1,0,16.31,21.53,0.5,2.47,4.43,5.15,27,11
n2_WT_F88F_M255M_OFF_T_G17,57,0.8208,0.8638,0.9842,1,3.45,0,30.01,0,13.96,0,14.11,18.97,2.64,3.3,4.08,5.26,37,12
n2_WT_F88F_M255M_OFF_T_G17,58,0.82,0.8272,0.9802,0,6.82,0,19.49,0,8.67,0,7.3,12.41,3.29,3.22,1.92,4.86,39,14
n2_WT_F88F_M255M_OFF_T_G17,59,0.8196,0.8258,0.9769,0,6.3,0,17.42,1,3.91,0,12.17,14.54,2.82,1.87,5.21,6.07,39,18
n2_WT_F88F_M255M_OFF_T_G17,6,0.8526,0.93,0.9887,1,1.56,0,18.71,1,4.5,0,6.15,4.89,3.13,0.33,3.75,2.99,56,17
n2_WT_F88F_M255M_OFF_T_G17,60,0.8194,0.8955,0.9791,0,5.6,0,21.73,0,18.6,0,17.79,21.61,1.81,1.96,3.9,4.86,52,19
n2_WT_F88F_M255M_OFF_T_G17,61,0.8186,0.8826,0.9815,0,6.18,0,24.57,0,16.39,0,12.35,17.89,2.41,1.56,4.53,6.1,40,16
n2_WT_F88F_M255M_OFF_T_G17,62,0.8169,0.8601,0.9803,1,4.95,0,23.55,0,16.26,0,13.07,19.5,2.8,2.73,3.86,6.15,39,17
n2_WT_F88F_M255M_OFF_T_G17,63,0.816,0.8388,0.9789,1,4.43,0,11.9,0,21.73,0,15.22,21.7,2.38,2.35,4.07,6.04,44,17
n2_WT_F88F_M255M_OFF_T_G17,64,0.8155,0.8411,0.9819,0,5.69,0,9.49,0,29.81,0,35.44,33.03,1.52,2.47,3.85,4.42,36,14
n2_WT_F88F_M255M_OFF_T_G17,65,0.8155,0.8448,0.9862,1,4.5,0,11.53,1,2.73,0,1.45,5.45,2.06,3.15,2.74,5.4,45,15
n2_WT_F88F_M255M_OFF_T_G17,66,0.8154,0.7604,0.9785,0,7.18,0,35.35,0,16.47,0,21.59,15.51,2.42,1.3,4.55,6.13,31,10
n2_WT_F88F_M255M_OFF_T_G17,67,0.812,0.8737,0.9818,0,5.49,0,19.07,1,2.46,0,2.63,8.27,1.82,1.65,2.75,5.88,39,16
n2_WT_F88F_M255M_OFF_T_G17,68,0.8114,0.8516,0.9787,0,5.17,0,15.01,0,24.24,0,24.32,28.79,1.49,2.76,2.03,6.4,37,15
n2_WT_F88F_M255M_OFF_T_G17,69,0.8104,0.8157,0.9847,0,6.99,0,19.38,1,4.34,0,6.4,11.16,2.7,3.57,4.55,5.0,29,12
n2_WT_F88F_M255M_OFF_T_G17,7,0.8521,0.883,0.982,0,7.84,0,14.23,0,8.61,0,9.33,12.99,2.36,3.21,2.95,5.64,38,17
n2_WT_F88F_M255M_OFF_T_G17,70,0.8086,0.7997,0.9804,0,7.23,0,8.33,0,30.58,0,34.7,33.34,1.36,1.72,3.15,6.56,34,13
n2_WT_F88F_M255M_OFF_T_G17,71,0.8072,0.7081,0.9773,0,7.61,0,17.62,0,11.95,0,8.89,14.74,2.41,2.33,5.99,7.99,27,13
n2_WT_F88F_M255M_OFF_T_G17,72,0.807,0.8558,0.9811,1,4.44,0,12.4,0,27.2,0,24.69,30.16,1.84,2.73,6.04,5.84,28,13
n2_WT_F88F_M255M_OFF_T_G17,73,0.8054,0.8724,0.9857,1,2.06,0,18.17,0,24.39,0,17.82,24.22,1.99,2.52,3.84,2.8,43,17
n2_WT_F88F_M255M_OFF_T_G17,74,0.8043,0.8501,0.9789,1,1.74,0,12.47,1,1.21,0,3.62,6.96,2.87,1.07,5.78,2.44,50,15
n2_WT_F88F_M255M_OFF_T_G17,75,0.8036,0.8529,0.9819,0,7.09,0,6.73,0,24.47,0,20.92,25.18,4.33,2.32,4.19,6.48,33,14
n2_WT_F88F_M255M_OFF_T_G17,76,0.8027,0.8127,0.9805,0,5.01,0,17.05,0,6.93,0,6.84,12.29,2.81,1.91,3.95,5.51,45,19
n2_WT_F88F_M255M_OFF_T_G17,77,0.8022,0.8058,0.98,0,5.78,0,19.91,0,21.49,0,17.66,23.41,1.94,2.81,3.39,4.38,30,14
n2_WT_F88F_M255M_OFF_T_G17,78,0.8012,0.766,0.9804,0,7.24,0,19.05,1,3.14,0,5.57,10.25,3.02,1.79,1.26,5.99,21,9
n2_WT_F88F_M255M_OFF_T_G17,79,0.7973,0.8664,0.9819,1,2.41,0,12.45,1,2.31,0,2.41,6.44,1.8,3.02,3.74,2.19,54,17
n2_WT_F88F_M255M_OFF_T_G17,8,0.8517,0.901,0.9849,1,4.32,0,12.07,0,10.34,0,13.13,16.91,2.41,2.64,3.55,5.92,39,14
n2_WT_F88F_M255M_OFF_T_G17,80,0.7963,0.694,0.9771,1,4.24,0,17.6,0,28.51,0,25.55,31.58,2.04,3.07,2.09,5.61,43,14
n2_WT_F88F_M255M_OFF_T_G17,81,0.7949,0.7696,0.9784,0,6.02,0,16.93,0,10.31,0,9.76,14.99,2.2,3.63,4.05,4.02,49,19
n2_WT_F88F_M255M_OFF_T_G17,82,0.7934,0.7564,0.9751,0,6.84,0,15.54,1,4.01,0,6.82,4.55,1.53,2.27,3.13,5.48,39,15
n2_WT_F88F_M255M_OFF_T_G17,83,0.7928,0.8166,0.9803,0,5.23,0,27.78,0,9.55,0,6.04,12.78,3.01,2.72,4.99,4.09,36,15
n2_WT_F88F_M255M_OFF_T_G17,84,0.7911,0.8917,0.9789,0,6.43,0,20.65,0,23.42,0,17.52,22.7,3.13,2.28,6.5,7.21,30,13
n2_WT_F88F_M255M_OFF_T_G17,85,0.7876,0.8056,0.9772,0,7.17,0,16.05,0,15.61,0,7.92,13.23,2.26,1.98,4.62,5.31,24,13
n2_WT_F88F_M255M_OFF_T_G17,86,0.7866,0.7327,0.9786,0,6.47,0,19.63,0,25.39,0,20.0,26.03,2.43,3.33,4.17,4.63,32,13
n2_WT_F88F_M255M_OFF_T_G17,87,0.7848,0.7295,0.9817,0,5.21,0,13.14,0,11.35,0,10.24,16.24,3.18,1.42,3.93,4.41,40,13
n2_WT_F88F_M255M_OFF_T_G17,88,0.7787,0.6955,0.9761,0,5.07,0,23.94,0,14.77,0,7.24,13.27,1.75,2.47,5.55,6.35,40,19
n2_WT_F88F_M255M_OFF_T_G17,89,0.7755,0.7631,0.985,1,1.96,0,9.98,1,2.86,0,2.06,8.73,2.24,3.82,4.57,3.33,50,18
n2_WT_F88F_M255M_OFF_T_G17,9,0.8508,0.9135,0.9866,0,5.14,0,19.55,0,16.23,0,16.95,21.67,3.21,2.65,3.59,5.07,43,18
n2_WT_F88F_M255M_OFF_T_G17,90,0.7703,0.6863,0.9771,0,5.28,0,16.15,0,10.86,0,8.97,10.72,1.11,2.52,2.75,5.62,57,17
n2_WT_F88F_M255M_OFF_T_G17,91,0.7645,0.6189,0.9784,1,3.92,0,18.73,0,9.52,0,7.31,12.57,2.83,2.87,2.96,5.02,40,14
n2_WT_F88F_M255M_OFF_T_G17,92,0.7645,0.6586,0.9788,0,6.62,0,22.57,0,5.35,0,12.98,9.95,1.84,2.04,4.07,6.64,21,13
n2_WT_F88F_M255M_OFF_T_G17,93,0.7548,0.6485,0.9747,1,4.38,0,16.64,1,2.18,0,6.5,7.79,1.41,2.27,4.2,5.19,39,14
n2_WT_F88F_M255M_OFF_T_G17,94,0.7537,0.6052,0.9739,0,5.25,0,14.65,0,39.86,0,43.97,42.69,2.36,2.73,4.7,4.05,28,13
n2_WT_F88F_M255M_OFF_T_G17,95,0.7486,0.4955,0.9676,0,8.59,0,19.75,0,18.18,0,15.75,21.92,2.42,3.68,3.87,8.6,29,16
n2_WT_F88F_M255M_OFF_T_G17,96,0.7449,0.5124,0.966,0,8.05,0,19.75,0,17.95,0,15.22,20.86,2.26,3.77,4.03,8.81,28,13
n2_WT_F88F_M255M_OFF_T_G17,97,0.7399,0.5521,0.9744,0,7.0,0,19.3,0,16.15,0,19.5,24.2,2.63,1.66,3.97,5.08,28,10
n2_WT_F88F_M255M_OFF_T_G17,98,0.7311,0.5865,0.9759,1,2.74,0,15.13,1,3.53,0,2.98,8.19,1.62,2.69,3.49,1.79,54,17
n2_WT_F88F_M255M_OFF_T_G17,99,0.73,0.4772,0.9737,0,6.69,0,18.95,1,2.54,0,4.78,8.28,2.26,2.31,5.35,5.88,26,13
n2_WT_F88F_M255M_S1_G17,0,0.8567,0.8329,0.9895,1,2.72,0,22.19,0,28.93,0,22.5,28.71,2.95,6.17,11.78,2.46,39,11
n2_WT_F88F_M255M_S1_G17,1,0.8539,0.8358,0.9885,1,1.87,0,21.78,0,27.18,0,19.95,26.66,3.24,5.39,11.54,2.28,35,9
n2_WT_F88F_M255M_S1_G17,10,0.8436,0.796,0.9871,1,2.36,1,4.68,0,27.91,0,20.55,25.64,0.8,2.22,2.86,0.79,40,12
n2_WT_F88F_M255M_S1_G17,11,0.8429,0.7793,0.9867,1,2.22,0,20.38,0,32.08,0,25.19,31.39,2.9,6.55,8.68,2.9,36,13
n2_WT_F88F_M255M_S1_G17,12,0.8426,0.7781,0.9843,1,3.92,0,20.08,0,23.15,0,13.59,19.07,2.12,2.38,2.83,5.22,42,13
n2_WT_F88F_M255M_S1_G17,13,0.8426,0.8342,0.9876,1,3.1,0,5.46,0,40.29,0,31.72,37.97,2.51,5.22,9.4,1.24,48,14
n2_WT_F88F_M255M_S1_G17,14,0.8419,0.8169,0.9843,1,1.62,0,24.24,0,29.12,0,23.6,28.14,3.28,6.26,10.61,3.51,31,10
n2_WT_F88F_M255M_S1_G17,15,0.8405,0.9052,0.9845,0,5.68,0,13.57,1,3.11,0,1.09,5.63,2.2,2.64,3.48,4.81,50,15
n2_WT_F88F_M255M_S1_G17,16,0.8389,0.8246,0.9848,1,4.14,0,19.51,0,21.43,0,18.08,22.89,1.79,1.0,4.7,4.88,37,13
n2_WT_F88F_M255M_S1_G17,17,0.8353,0.9066,0.9852,1,4.43,0,13.49,1,3.74,0,2.65,4.96,0.9,3.25,4.73,3.02,44,18
n2_WT_F88F_M255M_S1_G17,18,0.8343,0.915,0.9874,0,5.63,0,14.35,1,1.87,0,1.67,5.72,1.71,3.6,5.06,5.66,50,18
n2_WT_F88F_M255M_S1_G17,19,0.8342,0.9261,0.9862,1,3.42,0,11.94,1,3.26,0,1.01,2.72,0.55,3.25,3.46,3.0,49,19
n2_WT_F88F_M255M_S1_G17,2,0.8522,0.8357,0.9849,1,3.74,0,25.8,0,26.01,0,18.29,23.64,2.59,5.11,9.41,3.94,36,9
n2_WT_F88F_M255M_S1_G17,20,0.8337,0.8396,0.9869,1,3.06,0,6.81,1,1.82,0,3.13,3.69,2.64,1.33,3.03,6.41,44,12
n2_WT_F88F_M255M_S1_G17,21,0.8323,0.7435,0.9874,1,1.24,0,20.12,0,35.12,0,27.25,33.15,3.96,4.09,7.67,3.69,35,13
n2_WT_F88F_M255M_S1_G17,22,0.8316,0.8271,0.9852,0,6.44,0,7.23,1,2.51,0,3.24,1.41,2.45,3.6,3.71,6.02,39,11
n2_WT_F88F_M255M_S1_G17,23,0.8312,0.9341,0.9895,1,4.03,0,14.32,0,25.09,0,16.6,22.49,2.67,2.24,5.65,2.93,37,16
n2_WT_F88F_M255M_S1_G17,24,0.8304,0.7419,0.9811,0,6.07,0,19.77,0,17.86,0,8.97,14.77,2.25,1.76,6.68,6.14,38,11
n2_WT_F88F_M255M_S1_G17,25,0.8289,0.7668,0.981,0,5.86,0,16.28,0,19.25,0,10.18,16.48,2.76,1.72,1.83,5.83,40,12
n2_WT_F88F_M255M_S1_G17,26,0.8285,0.7946,0.9844,1,4.06,0,6.67,1,3.14,0,1.09,3.84,3.37,2.13,2.7,6.24,40,13
n2_WT_F88F_M255M_S1_G17,27,0.8284,0.7479,0.9847,1,2.64,0,23.32,0,30.03,0,24.05,30.15,4.38,6.19,9.27,3.07,35,9
n2_WT_F88F_M255M_S1_G17,28,0.8271,0.7972,0.9859,0,5.62,0,6.11,1,2.27,0,2.48,3.02,2.29,2.78,3.15,6.12,41,13
n2_WT_F88F_M255M_S1_G17,29,0.8269,0.8028,0.9852,1,4.03,0,7.09,1,2.38,0,3.15,2.65,3.15,2.4,3.87,5.96,42,13
n2_WT_F88F_M255M_S1_G17,3,0.8514,0.8401,0.987,1,3.26,0,26.69,0,24.86,0,17.56,23.09,3.04,6.16,10.01,3.55,34,10
n2_WT_F88F_M255M_S1_G17,30,0.8263,0.888,0.9837,1,3.99,0,12.2,1,2.46,0,2.73,6.59,2.06,2.53,4.78,4.18,40,18
n2_WT_F88F_M255M_S1_G17,31,0.8254,0.7419,0.9824,1,2.55,0,23.62,0,27.96,0,20.62,25.99,2.44,5.09,9.6,2.57,38,11
n2_WT_F88F_M255M_S1_G17,32,0.8254,0.8385,0.9869,1,3.85,0,6.55,1,3.07,0,1.03,2.89,2.64,3.07,3.24,6.18,42,14
n2_WT_F88F_M255M_S1_G17,33,0.8254,0.75,0.9785,0,5.45,0,7.45,0,27.68,0,24.72,27.87,1.22,1.61,5.5,5.49,33,12
n2_WT_F88F_M255M_S1_G17,34,0.8251,0.8042,0.9861,1,2.24,0,5.15,1,3.34,0,1.74,3.41,3.81,2.36,4.17,4.27,45,12
n2_WT_F88F_M255M_S1_G17,35,0.8248,0.8017,0.9894,1,3.17,0,7.06,1,2.51,0,0.79,5.63,2.34,3.42,2.8,6.15,38,13
n2_WT_F88F_M255M_S1_G17,36,0.8241,0.8059,0.984,1,4.47,1,4.99,1,2.6,1,2.82,3.57,2.74,2.88,3.55,6.25,43,11
n2_WT_F88F_M255M_S1_G17,37,0.8233,0.8114,0.9856,1,1.37,0,10.6,0,29.91,0,24.0,30.06,2.75,1.6,4.8,4.26,45,14
n2_WT_F88F_M255M_S1_G17,38,0.8223,0.9164,0.9889,1,4.56,0,14.68,1,2.41,0,2.17,5.62,1.87,3.24,6.52,3.27,43,16
n2_WT_F88F_M255M_S1_G17,39,0.822,0.7918,0.9851,1,4.04,0,6.52,1,2.32,0,1.43,4.92,3.34,4.16,3.24,6.07,44,11
n2_WT_F88F_M255M_S1_G17,4,0.8497,0.8634,0.9895,1,1.73,0,25.44,0,28.52,0,22.85,28.44,3.52,5.85,10.2,3.24,33,9
n2_WT_F88F_M255M_S1_G17,40,0.8218,0.8068,0.9835,1,2.18,0,5.36,1,3.92,0,2.72,6.76,3.45,3.38,4.16,4.97,41,13
n2_WT_F88F_M255M_S1_G17,41,0.8217,0.7753,0.9848,0,5.48,0,6.45,1,2.47,0,2.3,2.47,1.95,2.93,3.9,6.23,42,12
n2_WT_F88F_M255M_S1_G17,42,0.8215,0.7403,0.979,0,5.14,0,16.19,0,20.86,0,19.16,22.45,3.03,2.17,6.38,4.59,30,13
n2_WT_F88F_M255M_S1_G17,43,0.8215,0.804,0.9857,1,2.65,0,6.91,1,2.86,0,0.96,4.3,2.92,4.0,4.41,5.39,39,13
n2_WT_F88F_M255M_S1_G17,44,0.8213,0.8635,0.9837,1,1.83,0,19.8,0,23.07,0,15.73,20.2,2.89,2.79,5.81,2.1,39,16
n2_WT_F88F_M255M_S1_G17,45,0.8211,0.7968,0.9852,1,3.18,0,5.69,1,3.52,0,2.07,6.78,2.4,3.29,4.75,6.2,43,12
n2_WT_F88F_M255M_S1_G17,46,0.8184,0.7787,0.9855,1,3.02,0,6.69,1,2.21,0,0.61,4.21,4.02,3.47,5.86,5.46,40,13
n2_WT_F88F_M255M_S1_G17,47,0.8183,0.8651,0.9835,1,4.65,0,13.44,1,2.58,0,2.39,5.1,1.32,2.17,2.67,2.71,48,19
n2_WT_F88F_M255M_S1_G17,48,0.8174,0.8462,0.9793,1,4.05,0,19.39,0,21.91,0,18.5,23.31,2.31,0.86,5.49,4.41,37,16
n2_WT_F88F_M255M_S1_G17,49,0.8168,0.809,0.9861,1,4.2,0,5.45,1,2.21,0,1.88,6.03,3.26,3.09,2.83,6.37,39,12
n2_WT_F88F_M255M_S1_G17,5,0.8479,0.8122,0.9895,1,2.61,0,22.86,0,32.8,0,26.09,31.92,4.74,5.58,11.92,1.26,36,10
n2_WT_F88F_M255M_S1_G17,50,0.8155,0.6729,0.9802,1,3.14,0,19.58,0,15.47,0,7.42,13.9,1.82,0.84,5.76,6.19,46,12
n2_WT_F88F_M255M_S1_G17,51,0.8148,0.8244,0.9859,1,2.08,1,4.07,1,2.26,1,2.16,6.64,2.7,2.15,3.04,3.87,39,11
n2_WT_F88F_M255M_S1_G17,52,0.8148,0.7591,0.9844,1,3.87,0,6.26,1,2.44,0,1.09,4.47,3.08,1.27,4.39,5.29,38,13
n2_WT_F88F_M255M_S1_G17,53,0.8146,0.7661,0.9829,1,3.53,0,6.85,1,2.98,0,3.02,1.49,3.0,0.99,3.06,5.5,37,15
n2_WT_F88F_M255M_S1_G17,54,0.8145,0.7956,0.9832,0,5.08,0,15.43,0,23.33,0,21.87,23.87,0.73,2.27,3.65,6.32,36,12
n2_WT_F88F_M255M_S1_G17,55,0.8129,0.7921,0.9841,1,3.84,0,6.8,1,2.59,0,2.5,6.57,3.08,1.61,5.4,6.45,37,12
n2_WT_F88F_M255M_S1_G17,56,0.8125,0.6479,0.9764,1,4.14,0,26.85,0,27.16,0,21.09,26.48,3.72,5.3,7.54,5.5,28,9
n2_WT_F88F_M255M_S1_G17,57,0.8124,0.7911,0.9859,1,4.98,0,6.53,1,2.57,0,1.65,2.73,2.91,3.2,3.55,6.56,40,13
n2_WT_F88F_M255M_S1_G17,58,0.8115,0.7809,0.9829,1,2.58,0,6.29,1,2.94,0,2.4,2.52,3.19,3.28,3.58,5.91,41,13
n2_WT_F88F_M255M_S1_G17,59,0.8114,0.7846,0.9851,1,3.37,1,4.83,1,2.9,1,2.14,6.1,2.42,2.58,3.86,6.9,41,14
n2_WT_F88F_M255M_S1_G17,6,0.8478,0.8074,0.9854,1,2.22,0,20.01,0,33.5,0,26.66,32.84,4.0,5.43,8.37,3.09,37,12
n2_WT_F88F_M255M_S1_G17,60,0.8114,0.8172,0.9859,1,2.6,0,5.09,1,2.99,0,3.29,5.04,2.56,2.83,4.31,6.07,44,13
n2_WT_F88F_M255M_S1_G17,61,0.8112,0.7769,0.9847,0,5.38,1,3.16,0,24.92,0,23.81,25.77,2.65,2.94,6.06,4.8,37,13
n2_WT_F88F_M255M_S1_G17,62,0.8111,0.8285,0.9798,1,1.9,0,18.68,0,33.82,0,27.89,34.1,1.0,2.15,7.02,2.76,49,18
n2_WT_F88F_M255M_S1_G17,63,0.811,0.7984,0.9848,1,4.04,0,6.51,1,3.05,0,2.2,6.84,2.68,2.96,5.69,6.09,36,11
n2_WT_F88F_M255M_S1_G17,64,0.8107,0.8174,0.9859,1,3.55,0,5.26,1,3.79,0,3.64,6.07,3.03,3.15,3.58,6.9,44,15
n2_WT_F88F_M255M_S1_G17,65,0.81,0.7548,0.9836,1,2.21,0,7.12,1,4.37,0,3.59,7.11,2.53,3.03,3.91,4.95,41,10
n2_WT_F88F_M255M_S1_G17,66,0.8097,0.8265,0.9795,1,4.05,0,12.27,1,1.45,0,1.19,1.57,3.01,2.17,7.25,4.51,30,13
n2_WT_F88F_M255M_S1_G17,67,0.8087,0.8399,0.9862,1,1.73,1,3.45,1,3.46,1,1.35,3.39,2.15,2.33,5.2,4.08,43,11
n2_WT_F88F_M255M_S1_G17,68,0.8084,0.7917,0.9804,1,4.52,0,12.27,0,14.56,0,9.29,15.01,1.98,2.17,4.21,4.92,37,15
n2_WT_F88F_M255M_S1_G17,69,0.808,0.8447,0.981,0,5.6,0,12.92,0,25.1,0,16.22,21.93,0.59,2.44,4.36,5.92,46,18
n2_WT_F88F_M255M_S1_G17,7,0.8469,0.8306,0.986,1,1.98,0,23.21,0,26.86,0,19.73,25.16,4.32,6.44,10.76,2.64,40,10
n2_WT_F88F_M255M_S1_G17,70,0.8065,0.7863,0.9839,1,3.33,0,5.18,1,1.31,0,1.72,6.43,2.96,3.84,3.32,6.73,40,12
n2_WT_F88F_M255M_S1_G17,71,0.8056,0.7739,0.984,1,3.19,1,4.79,1,2.76,1,1.49,6.78,2.52,3.28,4.21,4.73,40,10
n2_WT_F88F_M255M_S1_G17,72,0.8052,0.7614,0.9825,1,2.61,0,5.19,1,2.18,0,1.51,6.02,3.07,1.94,3.49,5.86,47,12
n2_WT_F88F_M255M_S1_G17,73,0.8032,0.7439,0.9825,1,2.78,0,7.34,1,2.93,0,1.02,2.37,2.59,2.11,3.81,5.13,36,13
n2_WT_F88F_M255M_S1_G17,74,0.8026,0.7421,0.9835,0,6.56,0,18.76,0,21.11,0,20.57,23.47,3.6,3.95,7.32,7.18,35,12
n2_WT_F88F_M255M_S1_G17,75,0.8014,0.8162,0.9825,1,4.46,0,13.37,1,3.0,0,0.89,5.81,1.82,2.26,3.23,4.36,46,20
n2_WT_F88F_M255M_S1_G17,76,0.8014,0.8386,0.9832,1,4.29,0,18.55,1,2.61,0,1.6,6.05,2.62,7.5,12.52,4.32,29,9
n2_WT_F88F_M255M_S1_G17,77,0.8011,0.8983,0.988,1,3.07,0,19.14,0,39.75,0,30.8,36.73,1.06,1.89,5.95,2.07,55,17
n2_WT_F88F_M255M_S1_G17,78,0.7993,0.7181,0.9793,1,2.93,0,7.05,1,2.62,0,1.38,4.85,2.7,3.06,2.72,6.18,39,12
n2_WT_F88F_M255M_S1_G17,79,0.7983,0.6654,0.9791,0,5.15,0,21.21,0,21.15,0,17.54,21.86,3.25,1.37,4.58,5.16,33,11
n2_WT_F88F_M255M_S1_G17,8,0.8445,0.7982,0.9887,1,2.25,0,20.08,0,35.01,0,27.42,32.82,0.57,4.54,8.86,2.61,36,12
n2_WT_F88F_M255M_S1_G17,80,0.7978,0.8023,0.9788,1,2.29,0,17.73,0,30.49,0,24.31,30.51,3.04,3.3,4.95,2.46,44,17
n2_WT_F88F_M255M_S1_G17,81,0.7967,0.7543,0.9773,1,4.71,0,12.83,0,13.88,0,7.9,13.06,1.65,1.41,4.12,5.21,39,15
n2_WT_F88F_M255M_S1_G17,82,0.7947,0.7442,0.9824,1,3.04,0,6.58,1,2.41,0,1.25,5.29,3.8,3.51,3.69,5.93,42,13
n2_WT_F88F_M255M_S1_G17,83,0.794,0.7348,0.9839,1,3.22,0,5.57,1,2.76,0,1.81,5.18,3.0,3.0,3.85,5.99,42,13
n2_WT_F88F_M255M_S1_G17,84,0.7923,0.7377,0.9826,0,9.19,0,9.87,1,2.17,0,2.14,7.49,0.98,2.26,5.46,7.15,29,12
n2_WT_F88F_M255M_S1_G17,85,0.7875,0.6882,0.9819,0,8.81,0,6.97,1,2.42,0,1.0,6.37,2.6,2.72,4.06,7.21,30,11
n2_WT_F88F_M255M_S1_G17,86,0.7841,0.6957,0.9822,1,3.56,0,5.33,1,2.77,0,2.79,1.87,3.18,2.95,4.51,6.13,40,13
n2_WT_F88F_M255M_S1_G17,87,0.7831,0.6565,0.9787,1,3.28,0,6.23,1,1.14,0,3.45,2.88,2.61,2.73,3.36,6.36,37,12
n2_WT_F88F_M255M_S1_G17,88,0.7815,0.7041,0.9768,1,4.18,0,22.29,0,22.11,0,19.14,22.39,3.28,2.13,6.61,4.92,37,15
n2_WT_F88F_M255M_S1_G17,89,0.7808,0.6906,0.982,0,8.79,0,11.99,1,3.04,0,1.75,5.43,2.35,2.22,4.06,6.57,33,11
n2_WT_F88F_M255M_S1_G17,9,0.844,0.8303,0.9838,0,6.47,1,4.08,0,41.44,0,36.14,39.36,0.8,2.81,4.94,6.12,43,13
n2_WT_F88F_M255M_S1_G17,90,0.7798,0.6012,0.975,1,4.65,0,20.76,0,19.78,0,16.25,21.19,3.21,1.81,6.04,5.22,33,11
n2_WT_F88F_M255M_S1_G17,91,0.779,0.6673,0.9754,1,2.82,0,5.09,1,2.97,0,2.09,2.48,2.75,3.05,5.1,5.73,41,13
n2_WT_F88F_M255M_S1_G17,92,0.7762,0.5609,0.9789,1,2.45,0,21.12,0,25.95,0,18.47,24.84,1.67,2.42,7.22,2.61,38,10
n2_WT_F88F_M255M_S1_G17,93,0.7741,0.6519,0.9777,0,6.24,0,16.34,0,13.91,0,8.21,13.62,0.28,3.46,7.9,6.08,40,14
n2_WT_F88F_M255M_S1_G17,94,0.7702,0.6738,0.9735,0,5.14,0,12.88,0,26.17,0,17.77,22.22,1.62,2.81,3.15,5.61,45,17
n2_WT_F88F_M255M_S1_G17,95,0.7698,0.6948,0.9752,1,3.76,0,14.29,0,24.92,0,17.26,21.52,1.92,2.76,4.52,2.72,56,21
n2_WT_F88F_M255M_S1_G17,96,0.7628,0.6822,0.9759,1,1.72,0,19.52,0,22.41,0,14.26,20.28,3.12,2.85,4.72,2.97,39,18
n2_WT_F88F_M255M_S1_G17,97,0.7586,0.6914,0.9727,0,6.96,0,18.35,0,18.56,0,14.68,18.73,0.47,1.68,6.62,6.41,37,17
n2_WT_F88F_M255M_S1_G17,98,0.7548,0.5669,0.9748,1,2.94,1,4.61,1,3.02,1,1.77,1.81,2.26,1.91,5.16,2.32,42,14
n2_WT_F88F_M255M_S1_G17,99,0.7187,0.495,0.9715,1,4.97,0,14.07,0,44.37,0,38.07,42.83,3.27,3.03,3.94,5.19,47,14
n2_WT_F88K_M255A_OFF_T_G17,0,0.8677,0.9217,0.9898,1,1.99,0,19.99,1,4.26,0,8.31,8.0,0.42,2.94,4.58,3.25,49,15
n2_WT_F88K_M255A_OFF_T_G17,1,0.863,0.9334,0.9879,0,5.24,0,18.72,1,2.87,0,10.6,5.19,2.35,1.54,4.5,5.73,39,17
n2_WT_F88K_M255A_OFF_T_G17,10,0.8518,0.8938,0.983,0,8.0,0,17.72,0,15.48,0,18.26,22.19,1.82,2.54,4.29,5.63,43,19
n2_WT_F88K_M255A_OFF_T_G17,11,0.8518,0.8872,0.9858,1,2.04,0,18.24,1,4.44,0,4.41,11.25,1.9,1.96,3.46,3.2,52,18
n2_WT_F88K_M255A_OFF_T_G17,12,0.8517,0.8977,0.9841,0,7.96,0,18.3,0,6.34,0,10.79,8.16,3.53,2.89,2.51,6.08,46,16
n2_WT_F88K_M255A_OFF_T_G17,13,0.8515,0.923,0.9895,1,1.62,0,21.91,0,5.47,0,5.72,14.23,2.93,3.2,4.17,3.47,55,17
n2_WT_F88K_M255A_OFF_T_G17,14,0.8515,0.8703,0.9793,0,8.98,0,19.13,0,7.6,0,8.52,13.12,2.32,2.36,4.44,7.05,35,15
n2_WT_F88K_M255A_OFF_T_G17,15,0.8491,0.8935,0.9852,0,5.34,0,17.32,0,7.17,0,1.67,4.88,3.03,1.74,2.67,4.61,39,15
n2_WT_F88K_M255A_OFF_T_G17,16,0.8489,0.9068,0.9855,0,6.16,0,17.5,0,10.66,0,12.39,13.32,1.24,2.69,2.98,6.28,39,16
n2_WT_F88K_M255A_OFF_T_G17,17,0.848,0.9066,0.9834,0,6.28,0,19.59,0,10.82,0,7.82,11.71,3.78,3.08,3.3,4.99,53,20
n2_WT_F88K_M255A_OFF_T_G17,18,0.8474,0.8991,0.9852,0,5.35,0,14.63,0,5.34,0,7.32,12.72,3.06,2.49,3.65,5.2,46,19
n2_WT_F88K_M255A_OFF_T_G17,19,0.8457,0.9222,0.9882,1,1.76,0,15.64,1,3.43,0,3.2,4.33,3.64,3.03,4.95,2.73,45,15
n2_WT_F88K_M255A_OFF_T_G17,2,0.862,0.9177,0.9859,0,5.7,0,17.1,0,8.45,0,8.33,8.97,2.39,3.14,6.48,5.84,40,16
n2_WT_F88K_M255A_OFF_T_G17,20,0.8456,0.8979,0.9841,0,6.88,0,17.91,0,10.26,0,6.1,8.02,3.99,2.45,3.93,6.69,52,18
n2_WT_F88K_M255A_OFF_T_G17,21,0.8403,0.9087,0.9885,1,2.39,0,17.47,0,5.91,0,4.91,13.37,2.4,3.2,3.24,3.09,37,15
n2_WT_F88K_M255A_OFF_T_G17,22,0.8398,0.8755,0.9843,0,6.71,0,20.25,0,22.75,0,22.83,31.7,2.25,3.58,1.99,6.66,25,13
n2_WT_F88K_M255A_OFF_T_G17,23,0.8398,0.8982,0.9861,0,7.09,0,22.62,0,14.99,0,14.26,19.19,3.9,1.82,2.43,5.51,49,19
n2_WT_F88K_M255A_OFF_T_G17,24,0.8389,0.9121,0.9848,0,8.98,0,15.63,0,6.56,0,5.76,8.9,3.08,2.92,3.67,7.92,42,19
n2_WT_F88K_M255A_OFF_T_G17,25,0.8384,0.8741,0.9846,0,7.81,0,17.85,0,15.63,0,12.99,20.37,2.0,2.89,3.48,6.88,31,12
n2_WT_F88K_M255A_OFF_T_G17,26,0.8382,0.7798,0.9804,0,7.62,0,16.64,0,12.1,0,8.21,16.88,3.07,3.46,5.06,6.16,31,11
n2_WT_F88K_M255A_OFF_T_G17,27,0.8348,0.7835,0.9804,0,6.59,0,18.35,0,20.68,0,17.05,25.42,1.53,1.05,3.23,6.08,32,13
n2_WT_F88K_M255A_OFF_T_G17,28,0.8343,0.7747,0.9811,0,6.26,0,17.85,1,3.84,0,4.98,12.68,3.19,2.94,2.49,6.65,30,14
n2_WT_F88K_M255A_OFF_T_G17,29,0.8341,0.9067,0.9864,0,7.04,0,18.01,0,30.01,0,29.33,37.03,1.72,2.55,4.56,6.56,26,15
n2_WT_F88K_M255A_OFF_T_G17,3,0.8608,0.9018,0.9826,0,7.63,0,21.58,0,13.69,0,17.12,20.11,3.4,2.97,4.16,8.04,30,16
n2_WT_F88K_M255A_OFF_T_G17,30,0.8333,0.8742,0.9797,0,7.54,0,11.04,0,30.55,0,29.08,31.66,0.71,1.88,5.47,6.37,29,13
n2_WT_F88K_M255A_OFF_T_G17,31,0.8326,0.9031,0.9878,0,7.52,0,18.13,0,30.19,0,27.14,35.2,4.29,3.04,4.8,6.87,28,12
n2_WT_F88K_M255A_OFF_T_G17,32,0.831,0.8929,0.9868,0,9.71,0,20.38,0,8.12,0,8.12,14.63,2.15,2.62,3.84,7.14,36,17
n2_WT_F88K_M255A_OFF_T_G17,33,0.8305,0.8221,0.9831,0,5.36,0,17.06,0,8.01,0,5.06,10.97,0.91,2.59,4.75,5.15,45,15
n2_WT_F88K_M255A_OFF_T_G17,34,0.8302,0.8207,0.9804,0,7.77,0,17.9,1,3.34,0,7.75,12.31,1.94,1.29,3.48,6.92,34,11
n2_WT_F88K_M255A_OFF_T_G17,35,0.8298,0.9205,0.9884,1,2.83,0,11.95,1,3.19,0,2.45,6.19,3.01,3.51,4.47,2.34,51,17
n2_WT_F88K_M255A_OFF_T_G17,36,0.8296,0.8445,0.9846,0,5.89,0,19.23,0,24.11,0,21.01,28.64,3.61,2.18,3.84,5.66,22,13
n2_WT_F88K_M255A_OFF_T_G17,37,0.8295,0.8397,0.985,0,10.51,0,16.01,0,24.88,0,22.59,30.9,5.49,3.3,5.19,6.97,24,12
n2_WT_F88K_M255A_OFF_T_G17,38,0.8291,0.8161,0.9852,0,6.55,0,18.79,0,11.22,0,10.3,14.16,0.32,3.3,5.01,6.61,46,16
n2_WT_F88K_M255A_OFF_T_G17,39,0.8283,0.8317,0.9824,0,9.59,0,17.02,0,31.52,0,28.24,35.69,4.42,3.91,4.9,8.91,23,13
n2_WT_F88K_M255A_OFF_T_G17,4,0.8589,0.9256,0.9884,1,2.1,0,17.63,1,4.16,0,2.51,2.69,1.81,3.63,5.65,2.42,59,19
n2_WT_F88K_M255A_OFF_T_G17,40,0.8278,0.843,0.9814,0,5.31,0,15.93,0,13.34,0,11.93,11.75,3.42,2.89,3.63,5.26,47,15
n2_WT_F88K_M255A_OFF_T_G17,41,0.8278,0.8659,0.9833,0,7.77,0,17.01,1,4.85,0,2.21,9.01,4.69,2.44,3.17,6.43,41,14
n2_WT_F88K_M255A_OFF_T_G17,42,0.8276,0.8155,0.9784,0,8.45,0,17.51,0,5.73,0,4.48,8.9,1.56,3.7,4.34,5.23,33,14
n2_WT_F88K_M255A_OFF_T_G17,43,0.8274,0.8184,0.9816,0,6.85,0,16.25,0,12.52,0,12.73,15.17,3.76,1.96,3.69,6.18,44,20
n2_WT_F88K_M255A_OFF_T_G17,44,0.8273,0.8416,0.984,0,6.12,0,18.81,1,4.27,0,1.32,9.74,3.15,1.96,4.67,5.04,35,16
n2_WT_F88K_M255A_OFF_T_G17,45,0.8265,0.8164,0.9851,0,5.95,0,16.81,0,9.98,0,6.09,13.25,3.43,3.84,3.82,6.04,32,15
n2_WT_F88K_M255A_OFF_T_G17,46,0.8258,0.8964,0.9864,1,0.38,0,11.35,0,43.24,0,37.36,46.05,2.33,3.75,5.18,1.16,42,16
n2_WT_F88K_M255A_OFF_T_G17,47,0.8257,0.8326,0.9782,0,5.73,0,14.68,1,2.07,0,3.09,8.7,2.88,2.96,3.02,6.0,34,17
n2_WT_F88K_M255A_OFF_T_G17,48,0.8252,0.8665,0.9851,0,8.12,0,19.45,0,9.77,0,10.31,18.13,3.62,2.3,3.92,7.91,33,15
n2_WT_F88K_M255A_OFF_T_G17,49,0.8241,0.8534,0.9855,0,5.92,0,18.62,0,37.3,0,41.37,39.4,4.83,2.72,3.29,5.76,23,13
n2_WT_F88K_M255A_OFF_T_G17,5,0.8576,0.9301,0.9838,0,5.62,0,18.01,0,8.87,0,6.57,10.8,1.88,2.64,4.68,5.62,49,18
n2_WT_F88K_M255A_OFF_T_G17,50,0.8236,0.8848,0.984,1,3.16,0,13.72,0,5.57,0,4.87,10.99,2.2,2.59,2.95,2.91,51,18
n2_WT_F88K_M255A_OFF_T_G17,51,0.8234,0.7951,0.9814,0,6.41,0,18.52,0,9.05,0,7.07,16.44,2.19,3.41,4.43,5.17,42,14
n2_WT_F88K_M255A_OFF_T_G17,52,0.8231,0.8082,0.982,0,8.08,0,18.81,0,7.3,0,11.63,7.94,2.31,2.11,3.47,6.3,42,14
n2_WT_F88K_M255A_OFF_T_G17,53,0.8216,0.7907,0.9804,0,6.66,0,15.37,0,6.56,0,7.37,14.28,2.8,2.6,4.61,5.98,37,14
n2_WT_F88K_M255A_OFF_T_G17,54,0.8207,0.8864,0.9843,0,5.45,0,25.56,0,17.32,0,16.96,23.53,1.3,2.87,5.93,5.3,26,10
n2_WT_F88K_M255A_OFF_T_G17,55,0.8201,0.7696,0.9797,0,8.11,0,17.98,0,14.43,0,20.04,25.58,3.05,2.81,3.63,4.99,40,13
n2_WT_F88K_M255A_OFF_T_G17,56,0.8201,0.8705,0.9856,1,2.99,0,18.31,0,7.14,0,3.93,9.15,3.07,2.04,4.19,2.84,44,17
n2_WT_F88K_M255A_OFF_T_G17,57,0.82,0.8885,0.9866,0,8.17,0,15.22,0,42.44,0,36.86,45.09,2.29,3.52,3.53,6.94,26,10
n2_WT_F88K_M255A_OFF_T_G17,58,0.8198,0.8332,0.9786,0,5.99,0,17.06,0,6.46,0,5.28,10.67,3.08,4.28,3.96,4.48,43,18
n2_WT_F88K_M255A_OFF_T_G17,59,0.8181,0.7609,0.9813,0,8.48,0,18.88,0,7.93,0,5.21,6.18,1.78,2.42,5.3,7.28,35,13
n2_WT_F88K_M255A_OFF_T_G17,6,0.8563,0.9357,0.9896,1,0.82,0,12.54,1,2.48,0,7.53,13.38,2.59,2.68,3.83,2.76,53,18
n2_WT_F88K_M255A_OFF_T_G17,60,0.8174,0.8391,0.9836,0,7.81,0,18.85,0,10.61,0,8.4,10.01,2.17,2.64,4.24,6.26,34,11
n2_WT_F88K_M255A_OFF_T_G17,61,0.8169,0.8196,0.9829,0,6.94,0,20.26,0,19.85,0,18.42,26.32,2.19,4.0,5.9,6.56,25,12
n2_WT_F88K_M255A_OFF_T_G17,62,0.8168,0.8499,0.9832,0,6.71,0,9.0,0,30.3,0,31.55,30.8,3.6,4.48,10.02,5.99,24,11
n2_WT_F88K_M255A_OFF_T_G17,63,0.8158,0.8241,0.9815,0,8.49,0,15.84,0,5.69,0,6.48,12.59,3.15,2.85,5.13,7.54,43,18
n2_WT_F88K_M255A_OFF_T_G17,64,0.8156,0.7915,0.9787,0,6.53,0,20.78,1,3.73,0,6.85,9.24,3.19,1.58,4.39,5.22,30,15
n2_WT_F88K_M255A_OFF_T_G17,65,0.8151,0.7397,0.9745,0,5.68,0,17.05,0,12.16,0,9.43,16.46,1.89,1.7,2.3,5.67,47,17
n2_WT_F88K_M255A_OFF_T_G17,66,0.815,0.8659,0.9832,0,6.1,0,20.87,0,7.91,0,5.43,9.97,2.97,2.72,3.78,4.37,41,18
n2_WT_F88K_M255A_OFF_T_G17,67,0.8142,0.8171,0.9796,0,7.13,0,18.64,0,20.83,0,17.71,25.89,2.95,3.55,5.43,8.04,29,12
n2_WT_F88K_M255A_OFF_T_G17,68,0.8137,0.8622,0.9854,0,6.41,0,19.64,1,1.78,0,3.66,9.36,2.12,2.49,5.21,4.87,39,13
n2_WT_F88K_M255A_OFF_T_G17,69,0.813,0.8208,0.9818,1,0.92,0,13.42,0,21.26,0,16.47,25.47,2.39,3.97,7.2,1.55,33,12
n2_WT_F88K_M255A_OFF_T_G17,7,0.8527,0.9335,0.987,0,7.89,0,13.29,1,2.63,0,3.28,8.69,4.08,3.68,4.52,6.25,30,17
n2_WT_F88K_M255A_OFF_T_G17,70,0.8129,0.8335,0.9783,0,6.5,0,14.94,0,10.53,0,5.62,14.33,1.96,3.23,3.63,5.08,28,12
n2_WT_F88K_M255A_OFF_T_G17,71,0.8112,0.806,0.981,0,10.11,0,19.09,0,25.91,0,23.82,32.42,4.34,2.88,4.32,10.44,30,12
n2_WT_F88K_M255A_OFF_T_G17,72,0.8108,0.8527,0.9855,1,2.07,0,11.1,1,3.81,0,2.66,8.18,3.88,3.9,3.94,3.12,48,16
n2_WT_F88K_M255A_OFF_T_G17,73,0.8105,0.8398,0.9804,0,6.48,0,19.57,1,3.9,0,4.75,6.29,0.74,1.8,3.62,6.66,41,17
n2_WT_F88K_M255A_OFF_T_G17,74,0.8098,0.7814,0.981,0,8.86,0,20.22,0,21.88,0,21.53,29.71,3.91,2.05,3.77,9.35,28,13
n2_WT_F88K_M255A_OFF_T_G17,75,0.8094,0.8705,0.9881,0,5.5,0,22.3,0,14.49,0,13.2,21.51,1.5,2.69,4.07,4.92,37,14
n2_WT_F88K_M255A_OFF_T_G17,76,0.8083,0.7809,0.9827,0,5.6,0,20.37,1,3.94,0,10.11,8.48,1.77,1.97,3.56,5.56,38,14
n2_WT_F88K_M255A_OFF_T_G17,77,0.808,0.8827,0.9874,1,2.79,0,12.13,0,14.23,0,11.96,20.9,3.71,2.57,5.41,2.52,35,13
n2_WT_F88K_M255A_OFF_T_G17,78,0.8072,0.8436,0.9843,0,6.48,0,17.1,0,26.98,0,25.17,29.28,2.97,2.94,3.18,5.35,32,10
n2_WT_F88K_M255A_OFF_T_G17,79,0.8068,0.7513,0.9802,0,6.73,0,18.04,0,6.74,0,6.9,9.48,2.67,2.57,3.25,5.28,38,14
n2_WT_F88K_M255A_OFF_T_G17,8,0.8521,0.9384,0.9869,0,5.38,0,17.44,0,7.61,0,3.48,12.11,1.86,1.99,3.6,4.69,46,20
n2_WT_F88K_M255A_OFF_T_G17,80,0.8058,0.815,0.9839,0,7.07,0,20.75,1,3.37,0,3.86,8.41,4.19,2.17,2.87,5.24,28,14
n2_WT_F88K_M255A_OFF_T_G17,81,0.8042,0.7809,0.9761,0,5.5,0,16.1,0,6.75,0,5.77,9.26,2.04,2.32,3.32,5.01,53,19
n2_WT_F88K_M255A_OFF_T_G17,82,0.804,0.7951,0.9801,0,6.19,0,14.83,0,14.02,0,9.86,17.41,5.22,2.21,4.98,6.28,16,9
n2_WT_F88K_M255A_OFF_T_G17,83,0.8038,0.8207,0.9874,0,6.85,0,24.68,0,12.2,0,18.23,18.86,2.67,2.97,5.16,5.86,27,12
n2_WT_F88K_M255A_OFF_T_G17,84,0.8015,0.7532,0.9829,1,2.23,0,19.96,0,17.87,0,19.69,27.85,2.13,2.86,4.0,2.01,54,14
n2_WT_F88K_M255A_OFF_T_G17,85,0.8002,0.6881,0.9798,1,3.34,0,29.24,0,36.62,0,41.46,36.03,1.24,2.03,5.15,4.22,40,12
n2_WT_F88K_M255A_OFF_T_G17,86,0.799,0.7054,0.9809,0,7.17,0,22.54,0,34.88,0,40.75,37.7,4.36,1.71,4.55,6.43,41,14
n2_WT_F88K_M255A_OFF_T_G17,87,0.7984,0.8089,0.9822,1,1.2,0,12.56,1,1.71,0,5.78,9.42,2.83,2.64,2.23,3.05,53,18
n2_WT_F88K_M255A_OFF_T_G17,88,0.7982,0.8096,0.9819,1,3.09,0,17.7,0,20.71,0,15.72,24.64,2.35,2.94,3.13,3.07,40,14
n2_WT_F88K_M255A_OFF_T_G17,89,0.7979,0.8011,0.9845,0,6.49,0,16.72,0,10.08,0,5.51,11.91,1.25,1.73,3.8,5.95,39,13
n2_WT_F88K_M255A_OFF_T_G17,9,0.8518,0.8906,0.9851,1,1.7,0,19.27,0,5.82,0,6.06,6.57,3.19,2.68,4.59,2.36,49,18
n2_WT_F88K_M255A_OFF_T_G17,90,0.7965,0.7647,0.9768,1,3.76,0,16.81,1,3.81,0,7.85,7.46,2.44,2.29,5.9,2.87,39,16
n2_WT_F88K_M255A_OFF_T_G17,91,0.7914,0.7826,0.9778,1,4.94,0,17.07,1,2.31,0,2.85,7.32,2.25,3.57,5.42,5.03,49,21
n2_WT_F88K_M255A_OFF_T_G17,92,0.7856,0.6793,0.9757,1,1.08,0,17.3,1,4.62,0,8.35,14.07,1.23,2.83,3.05,2.87,48,15
n2_WT_F88K_M255A_OFF_T_G17,93,0.7853,0.7538,0.9838,1,2.9,0,12.42,1,4.85,0,9.56,10.62,3.02,2.54,4.14,2.89,62,18
n2_WT_F88K_M255A_OFF_T_G17,94,0.7796,0.6378,0.9772,0,8.16,0,21.09,0,17.43,0,14.38,22.32,3.5,2.28,3.41,7.27,36,13
n2_WT_F88K_M255A_OFF_T_G17,95,0.7753,0.7273,0.9797,0,7.51,0,16.44,1,1.15,0,0.76,4.44,3.29,3.31,3.5,6.17,32,17
n2_WT_F88K_M255A_OFF_T_G17,96,0.7734,0.6381,0.9778,0,9.55,0,16.56,0,20.12,0,17.3,25.67,1.81,1.94,2.78,8.83,30,15
n2_WT_F88K_M255A_OFF_T_G17,97,0.7692,0.6071,0.979,0,6.05,0,18.67,0,9.81,0,7.51,12.95,1.96,1.54,5.76,4.72,39,13
n2_WT_F88K_M255A_OFF_T_G17,98,0.7609,0.6051,0.977,0,7.29,0,17.53,1,3.11,0,3.44,8.68,2.69,3.26,3.68,5.31,47,13
n2_WT_F88K_M255A_OFF_T_G17,99,0.7457,0.577,0.9757,1,2.02,0,19.6,0,6.06,0,6.57,10.9,2.27,1.64,7.51,4.22,45,15
n2_WT_F88K_M255A_S1_G17,0,0.8446,0.8579,0.9886,1,4.54,0,5.37,1,1.68,0,2.9,4.19,1.87,2.23,3.81,6.05,41,13
n2_WT_F88K_M255A_S1_G17,1,0.8422,0.8246,0.9875,0,6.2,0,22.56,0,26.79,0,21.17,27.44,2.77,3.54,8.36,6.88,30,10
n2_WT_F88K_M255A_S1_G17,10,0.8295,0.7923,0.9883,1,2.43,0,12.3,0,39.56,0,30.95,39.27,3.92,1.11,8.47,1.51,38,11
n2_WT_F88K_M255A_S1_G17,11,0.8293,0.7658,0.9847,1,2.94,0,15.01,0,38.89,0,30.57,38.31,4.55,1.11,7.86,1.53,44,14
n2_WT_F88K_M255A_S1_G17,12,0.8291,0.8174,0.989,1,1.52,1,4.54,1,2.69,1,2.0,4.11,3.47,2.7,4.97,4.57,43,11
n2_WT_F88K_M255A_S1_G17,13,0.8289,0.8748,0.9837,0,6.1,0,9.69,1,2.07,0,2.72,3.99,2.65,3.19,2.72,5.48,42,18
n2_WT_F88K_M255A_S1_G17,14,0.8289,0.7819,0.9847,1,2.27,0,5.72,1,1.15,0,2.07,3.76,2.62,2.54,3.1,5.52,44,13
n2_WT_F88K_M255A_S1_G17,15,0.8287,0.8046,0.9864,0,6.79,1,3.53,1,2.97,1,3.11,5.48,2.8,3.52,3.66,6.76,38,12
n2_WT_F88K_M255A_S1_G17,16,0.8285,0.8754,0.9828,1,3.3,0,13.01,1,1.34,0,1.43,7.61,2.71,2.4,4.48,2.43,44,18
n2_WT_F88K_M255A_S1_G17,17,0.8282,0.8551,0.9855,0,5.48,1,4.4,1,1.21,1,1.53,7.12,0.87,2.0,4.84,6.15,35,14
n2_WT_F88K_M255A_S1_G17,18,0.8277,0.7986,0.9871,1,2.78,0,6.4,1,3.31,0,1.11,3.51,3.44,2.83,4.08,5.59,41,12
n2_WT_F88K_M255A_S1_G17,19,0.8274,0.7606,0.986,1,3.94,1,4.85,1,2.61,1,1.12,5.0,2.41,3.32,4.78,4.45,41,13
n2_WT_F88K_M255A_S1_G17,2,0.8377,0.83,0.9877,1,2.6,0,6.15,1,2.14,0,1.91,3.69,2.95,3.09,3.38,3.43,40,14
n2_WT_F88K_M255A_S1_G17,20,0.8269,0.7766,0.9859,1,3.66,0,5.56,1,2.75,0,3.15,4.11,2.98,3.77,5.31,5.07,41,11
n2_WT_F88K_M255A_S1_G17,21,0.8268,0.7751,0.9841,1,1.86,0,6.17,1,3.31,0,1.2,4.81,0.34,0.68,5.82,3.93,40,10
n2_WT_F88K_M255A_S1_G17,22,0.8267,0.7746,0.9864,1,3.51,0,6.31,1,1.81,0,2.78,3.91,2.8,2.56,4.03,5.73,41,12
n2_WT_F88K_M255A_S1_G17,23,0.8267,0.7888,0.9868,1,2.61,0,5.95,1,2.17,0,2.89,4.17,3.3,3.4,3.89,4.32,41,13
n2_WT_F88K_M255A_S1_G17,24,0.8266,0.7827,0.9832,0,5.2,1,3.06,1,2.49,1,1.48,6.62,1.61,3.65,3.77,6.34,34,11
n2_WT_F88K_M255A_S1_G17,25,0.8266,0.7245,0.98,0,6.14,0,22.77,0,19.77,0,16.69,21.77,1.53,2.97,6.5,6.81,27,11
n2_WT_F88K_M255A_S1_G17,26,0.8264,0.832,0.9879,1,4.98,0,6.98,1,2.6,0,1.7,4.3,3.86,3.72,4.56,6.09,40,12
n2_WT_F88K_M255A_S1_G17,27,0.8263,0.8341,0.9875,0,7.0,0,9.84,1,4.81,0,6.61,10.04,2.6,0.83,3.23,6.21,35,14
n2_WT_F88K_M255A_S1_G17,28,0.8261,0.8045,0.9869,1,3.42,0,5.35,1,3.36,0,2.81,1.62,1.55,2.46,3.45,4.74,41,13
n2_WT_F88K_M255A_S1_G17,29,0.8259,0.7908,0.987,1,3.58,0,5.97,0,6.42,0,5.59,9.33,2.44,3.59,3.99,6.58,37,11
n2_WT_F88K_M255A_S1_G17,3,0.8371,0.8427,0.9895,1,2.07,0,5.85,1,2.36,0,2.16,4.14,0.99,4.04,4.57,3.11,40,15
n2_WT_F88K_M255A_S1_G17,30,0.8259,0.8131,0.9854,1,3.35,1,4.26,1,1.81,1,0.89,5.7,2.71,2.76,3.3,6.74,37,11
n2_WT_F88K_M255A_S1_G17,31,0.8258,0.8525,0.9823,1,4.74,0,10.46,1,2.67,0,2.67,6.09,2.58,1.81,2.55,4.04,45,18
n2_WT_F88K_M255A_S1_G17,32,0.8257,0.7932,0.9846,1,2.63,0,5.69,1,2.94,0,2.9,3.7,2.58,4.0,4.52,4.83,43,13
n2_WT_F88K_M255A_S1_G17,33,0.8255,0.7414,0.984,0,6.44,0,6.42,1,2.32,0,1.57,4.2,3.17,3.03,3.32,6.73,37,13
n2_WT_F88K_M255A_S1_G17,34,0.8242,0.8057,0.987,1,3.18,0,5.96,1,2.17,0,1.2,4.89,1.63,2.12,3.47,6.22,42,16
n2_WT_F88K_M255A_S1_G17,35,0.824,0.8631,0.9816,1,3.96,0,10.05,1,2.65,0,2.93,2.95,3.72,1.71,2.99,3.1,45,18
n2_WT_F88K_M255A_S1_G17,36,0.8236,0.7934,0.9862,1,3.0,1,4.58,0,7.13,0,9.08,13.08,3.44,3.76,4.98,5.24,36,14
n2_WT_F88K_M255A_S1_G17,37,0.8233,0.7779,0.9825,0,6.94,0,7.05,1,1.51,0,2.25,4.15,2.81,3.58,4.13,6.69,42,13
n2_WT_F88K_M255A_S1_G17,38,0.8231,0.7591,0.9836,1,3.76,0,5.04,1,3.75,0,1.37,3.32,2.41,2.88,4.27,5.67,35,12
n2_WT_F88K_M255A_S1_G17,39,0.8229,0.7988,0.9874,1,2.56,0,5.3,1,3.25,0,1.87,3.88,2.31,3.11,4.71,5.8,33,11
n2_WT_F88K_M255A_S1_G17,4,0.836,0.8231,0.9884,1,2.24,1,4.52,1,2.52,1,2.99,4.53,1.23,1.65,4.38,4.46,46,12
n2_WT_F88K_M255A_S1_G17,40,0.8228,0.7853,0.9868,1,3.52,0,6.05,1,3.31,0,1.73,4.01,2.9,3.34,4.28,5.35,33,12
n2_WT_F88K_M255A_S1_G17,41,0.8225,0.7758,0.9846,1,4.15,0,6.84,1,2.86,0,0.82,4.81,3.41,3.9,3.15,5.83,40,11
n2_WT_F88K_M255A_S1_G17,42,0.8223,0.771,0.9854,1,3.56,0,5.78,1,2.34,0,2.88,4.05,1.67,2.28,3.12,6.19,39,14
n2_WT_F88K_M255A_S1_G17,43,0.8223,0.8159,0.9852,0,5.77,0,6.08,1,2.57,0,2.92,4.03,3.07,2.15,4.21,6.28,35,12
n2_WT_F88K_M255A_S1_G17,44,0.8219,0.7649,0.9848,0,6.72,1,4.87,1,2.55,1,1.45,1.64,3.25,2.93,2.9,7.05,41,13
n2_WT_F88K_M255A_S1_G17,45,0.8215,0.7904,0.9853,1,2.52,1,3.49,1,2.45,1,1.37,7.28,3.47,3.41,4.55,4.69,44,14
n2_WT_F88K_M255A_S1_G17,46,0.8215,0.745,0.9824,0,7.14,0,19.59,0,23.58,0,22.49,24.75,2.56,3.23,3.49,6.13,29,10
n2_WT_F88K_M255A_S1_G17,47,0.8213,0.7601,0.985,1,2.69,1,4.46,1,2.64,1,1.92,4.67,2.3,2.19,4.73,5.01,39,14
n2_WT_F88K_M255A_S1_G17,48,0.8209,0.721,0.9801,1,1.75,0,6.96,1,2.11,0,2.77,3.55,0.63,2.7,3.7,3.04,45,13
n2_WT_F88K_M255A_S1_G17,49,0.8208,0.7633,0.9858,0,5.11,0,6.66,1,3.16,0,0.63,4.86,2.38,2.33,3.09,6.48,37,14
n2_WT_F88K_M255A_S1_G17,5,0.8355,0.8382,0.9883,1,3.94,0,7.46,0,10.94,0,8.72,13.81,2.56,2.52,3.14,4.13,41,13
n2_WT_F88K_M255A_S1_G17,50,0.8207,0.7855,0.984,1,2.02,1,4.37,1,3.01,1,0.99,4.45,2.82,0.89,3.78,5.07,39,12
n2_WT_F88K_M255A_S1_G17,51,0.8202,0.7094,0.9788,0,5.67,0,10.02,0,24.9,0,22.76,25.34,1.54,3.61,3.13,4.62,33,11
n2_WT_F88K_M255A_S1_G17,52,0.82,0.8667,0.9839,1,4.65,1,3.13,1,3.52,1,1.9,3.45,2.61,1.88,3.79,5.65,39,15
n2_WT_F88K_M255A_S1_G17,53,0.8199,0.7567,0.985,1,2.35,0,12.75,0,37.57,0,29.5,37.34,3.73,7.21,9.86,1.3,42,13
n2_WT_F88K_M255A_S1_G17,54,0.8198,0.7771,0.9859,1,2.76,1,4.81,1,2.25,1,1.89,3.5,2.82,2.59,4.57,6.2,35,12
n2_WT_F88K_M255A_S1_G17,55,0.8194,0.7815,0.9863,1,3.38,0,5.17,1,2.13,0,0.92,5.08,2.79,1.42,3.39,5.23,43,13
n2_WT_F88K_M255A_S1_G17,56,0.8186,0.7767,0.9851,1,2.29,0,5.04,0,11.59,0,7.79,13.93,3.55,2.23,4.23,5.24,36,13
n2_WT_F88K_M255A_S1_G17,57,0.818,0.7573,0.9845,1,2.78,1,4.04,1,3.38,1,1.45,3.06,1.23,3.07,4.24,5.84,37,12
n2_WT_F88K_M255A_S1_G17,58,0.8157,0.8067,0.9793,0,7.44,0,10.85,1,2.77,0,2.58,2.69,0.93,2.36,5.11,6.22,39,19
n2_WT_F88K_M255A_S1_G17,59,0.8123,0.7665,0.9863,0,5.82,1,1.69,1,2.69,1,2.24,5.91,2.0,2.08,3.6,6.27,38,12
n2_WT_F88K_M255A_S1_G17,6,0.8353,0.8363,0.9869,0,6.58,1,4.23,0,41.79,0,36.15,40.75,1.74,2.83,4.28,6.07,40,13
n2_WT_F88K_M255A_S1_G17,60,0.8123,0.7437,0.984,1,3.31,1,4.41,1,3.14,1,1.6,7.0,2.31,2.65,3.42,5.28,38,12
n2_WT_F88K_M255A_S1_G17,61,0.8122,0.7682,0.9842,1,3.59,1,3.33,1,1.83,1,3.87,6.82,2.02,3.14,3.08,3.45,35,11
n2_WT_F88K_M255A_S1_G17,62,0.812,0.7487,0.9838,1,3.4,1,3.02,1,1.54,1,3.16,3.95,2.39,2.13,4.43,5.69,38,12
n2_WT_F88K_M255A_S1_G17,63,0.8093,0.707,0.9807,1,2.64,1,4.91,0,8.52,0,5.39,10.25,1.56,2.25,3.98,5.1,37,14
n2_WT_F88K_M255A_S1_G17,64,0.8084,0.8374,0.9785,0,7.5,0,10.75,1,1.85,0,1.63,6.28,2.31,1.86,3.69,5.09,38,15
n2_WT_F88K_M255A_S1_G17,65,0.8077,0.723,0.9812,1,2.96,0,6.23,1,2.16,0,3.22,4.02,0.94,1.98,3.56,5.27,44,12
n2_WT_F88K_M255A_S1_G17,66,0.8075,0.7303,0.979,1,2.47,1,4.12,1,3.0,1,3.43,4.94,2.1,2.52,4.88,2.77,43,13
n2_WT_F88K_M255A_S1_G17,67,0.8071,0.687,0.9822,1,3.56,1,3.3,1,1.56,1,1.01,6.66,0.32,2.4,2.88,5.41,35,12
n2_WT_F88K_M255A_S1_G17,68,0.8065,0.7668,0.9853,1,2.88,1,2.96,1,4.27,1,2.76,6.63,2.78,2.98,5.08,5.77,38,13
n2_WT_F88K_M255A_S1_G17,69,0.8063,0.7123,0.9841,1,2.56,0,5.57,0,8.56,0,9.3,12.9,2.86,2.46,3.96,6.02,33,12
n2_WT_F88K_M255A_S1_G17,7,0.8352,0.8218,0.9864,1,2.96,0,5.06,1,3.38,0,1.03,4.86,2.18,2.97,4.05,6.34,40,13
n2_WT_F88K_M255A_S1_G17,70,0.8062,0.8189,0.9843,0,8.4,0,14.89,0,46.37,0,40.7,46.65,3.02,1.47,4.97,5.71,30,18
n2_WT_F88K_M255A_S1_G17,71,0.8059,0.7547,0.9826,1,4.22,0,5.52,0,7.24,0,5.61,9.4,2.65,2.87,2.36,6.39,36,10
n2_WT_F88K_M255A_S1_G17,72,0.8048,0.795,0.9834,1,4.04,0,7.07,1,3.52,0,0.54,4.45,3.48,3.42,5.4,6.67,37,12
n2_WT_F88K_M255A_S1_G17,73,0.8046,0.7396,0.9836,1,3.65,0,5.28,0,7.97,0,6.87,10.9,3.03,1.05,3.9,5.99,36,13
n2_WT_F88K_M255A_S1_G17,74,0.8042,0.7482,0.9826,0,6.54,1,2.54,1,3.24,1,2.37,2.45,2.13,1.34,5.54,7.08,32,12
n2_WT_F88K_M255A_S1_G17,75,0.8018,0.717,0.9833,1,1.92,1,4.83,1,2.29,1,3.2,4.44,1.67,1.58,3.96,3.57,46,11
n2_WT_F88K_M255A_S1_G17,76,0.8012,0.8022,0.9823,0,5.6,0,12.68,1,3.26,0,2.15,5.42,2.29,2.46,4.59,4.91,48,19
n2_WT_F88K_M255A_S1_G17,77,0.8008,0.8257,0.9807,1,4.08,1,3.13,1,3.09,1,1.4,3.42,2.45,2.36,5.06,5.37,38,17
n2_WT_F88K_M255A_S1_G17,78,0.8006,0.7302,0.9844,1,4.79,0,5.84,1,4.21,0,4.37,9.49,1.87,3.22,4.22,5.36,34,12
n2_WT_F88K_M255A_S1_G17,79,0.7992,0.6651,0.9839,1,2.01,0,15.54,0,39.93,0,31.49,39.44,3.68,5.69,12.45,2.97,41,12
n2_WT_F88K_M255A_S1_G17,8,0.8347,0.8323,0.9884,1,2.42,0,5.23,1,2.14,0,2.8,3.83,2.16,2.08,4.29,5.0,37,13
n2_WT_F88K_M255A_S1_G17,80,0.7978,0.7021,0.9804,1,2.32,1,4.94,1,3.21,1,1.17,2.7,1.95,3.18,4.0,3.6,43,14
n2_WT_F88K_M255A_S1_G17,81,0.7933,0.8213,0.9849,1,2.98,1,3.8,1,2.47,1,3.56,4.4,3.48,2.32,3.11,3.87,60,17
n2_WT_F88K_M255A_S1_G17,82,0.7932,0.663,0.9784,0,5.78,0,15.09,0,22.66,0,22.77,24.1,2.05,1.58,3.96,6.63,25,10
n2_WT_F88K_M255A_S1_G17,83,0.7931,0.6167,0.9804,1,4.78,0,18.1,0,24.81,0,23.59,25.61,2.62,1.73,2.97,4.13,38,12
n2_WT_F88K_M255A_S1_G17,84,0.7931,0.7111,0.984,0,5.33,1,3.52,1,3.48,1,3.02,3.21,2.01,3.46,4.14,5.49,36,12
n2_WT_F88K_M255A_S1_G17,85,0.7913,0.7447,0.9771,1,3.88,1,3.91,1,1.25,1,1.64,6.37,2.27,1.5,7.59,5.11,34,15
n2_WT_F88K_M255A_S1_G17,86,0.7907,0.6893,0.9827,1,2.59,1,4.74,1,2.89,1,2.11,7.23,2.51,3.06,3.2,5.22,43,10
n2_WT_F88K_M255A_S1_G17,87,0.7907,0.6341,0.9794,1,4.4,0,17.34,0,18.28,0,14.63,19.94,2.06,1.71,5.99,4.71,34,12
n2_WT_F88K_M255A_S1_G17,88,0.7899,0.7594,0.9813,1,3.91,0,5.51,1,2.94,0,1.82,4.72,2.08,2.81,3.63,4.96,38,14
n2_WT_F88K_M255A_S1_G17,89,0.7897,0.6979,0.9816,0,5.53,0,17.62,0,17.68,0,13.87,19.64,2.2,1.99,5.69,6.36,35,11
n2_WT_F88K_M255A_S1_G17,9,0.8338,0.8004,0.9841,0,7.6,1,3.87,1,3.1,1,2.5,4.77,1.43,2.09,3.03,6.63,38,12
n2_WT_F88K_M255A_S1_G17,90,0.7893,0.7284,0.981,0,6.13,0,22.74,0,24.51,0,22.19,25.81,3.18,1.36,3.06,6.37,30,11
n2_WT_F88K_M255A_S1_G17,91,0.7875,0.694,0.9811,1,3.89,0,5.54,1,3.33,0,1.53,3.81,1.33,1.75,4.63,5.13,41,13
n2_WT_F88K_M255A_S1_G17,92,0.7842,0.6041,0.9764,0,5.22,0,17.32,0,25.28,0,22.23,25.11,1.96,0.82,2.54,4.36,27,10
n2_WT_F88K_M255A_S1_G17,93,0.7819,0.7575,0.9804,1,2.75,1,2.72,1,3.13,1,1.9,4.3,2.66,2.47,3.43,1.99,48,20
n2_WT_F88K_M255A_S1_G17,94,0.781,0.6306,0.9768,0,5.6,0,7.58,0,8.69,0,5.71,10.58,2.48,3.43,3.52,5.55,38,11
n2_WT_F88K_M255A_S1_G17,95,0.7765,0.6073,0.9818,1,2.74,0,13.45,0,36.74,0,28.54,36.71,3.79,3.38,8.5,1.95,39,13
n2_WT_F88K_M255A_S1_G17,96,0.7747,0.6619,0.9769,1,4.16,0,7.39,1,4.74,0,5.16,8.01,3.4,3.26,3.53,6.36,40,11
n2_WT_F88K_M255A_S1_G17,97,0.773,0.7013,0.9781,1,2.81,0,6.78,1,3.63,0,2.0,2.72,3.05,3.05,4.1,6.01,50,13
n2_WT_F88K_M255A_S1_G17,98,0.7471,0.5343,0.98,1,1.52,0,18.28,0,37.87,0,29.91,37.69,3.19,3.33,8.97,0.2,47,12
n2_WT_F88K_M255A_S1_G17,99,0.7451,0.5044,0.9832,1,1.34,0,15.6,0,36.93,0,28.98,36.51,2.76,3.25,9.69,2.22,43,11
n2_WT_F88K_M255I_OFF_T_G17,0,0.8626,0.9105,0.9853,1,4.96,0,16.52,0,9.78,0,7.45,14.02,2.13,2.79,2.51,4.39,44,16
n2_WT_F88K_M255I_OFF_T_G17,1,0.8566,0.8742,0.9816,0,6.86,0,14.89,0,15.96,0,10.11,15.87,2.01,2.93,3.29,6.08,47,19
n2_WT_F88K_M255I_OFF_T_G17,10,0.8432,0.9079,0.9895,1,2.29,0,20.43,0,18.93,0,21.01,26.28,2.17,1.0,3.59,2.57,52,14
n2_WT_F88K_M255I_OFF_T_G17,11,0.8426,0.9127,0.9875,1,1.14,0,16.03,0,5.5,0,4.37,9.13,2.85,2.29,2.83,3.05,51,16
n2_WT_F88K_M255I_OFF_T_G17,12,0.8419,0.873,0.9833,0,8.67,0,17.51,0,28.24,0,25.54,31.39,2.9,2.84,4.85,7.09,26,12
n2_WT_F88K_M255I_OFF_T_G17,13,0.8417,0.8851,0.9824,0,6.78,0,9.53,0,31.19,0,29.59,31.88,2.19,2.8,4.95,4.99,34,11
n2_WT_F88K_M255I_OFF_T_G17,14,0.8409,0.9179,0.9813,0,5.49,0,16.97,0,7.2,0,6.25,10.4,2.03,2.12,4.79,5.81,44,17
n2_WT_F88K_M255I_OFF_T_G17,15,0.8408,0.9251,0.9862,1,2.41,0,12.92,1,4.58,0,4.43,8.02,1.83,2.43,4.41,2.36,48,17
n2_WT_F88K_M255I_OFF_T_G17,16,0.8399,0.9115,0.9869,1,1.86,0,15.46,0,5.4,0,4.89,7.4,2.72,2.65,5.02,3.03,51,18
n2_WT_F88K_M255I_OFF_T_G17,17,0.8399,0.8941,0.9849,1,0.53,0,14.47,0,5.33,0,6.78,11.89,2.36,3.98,3.5,2.29,49,17
n2_WT_F88K_M255I_OFF_T_G17,18,0.8397,0.9059,0.9852,1,2.44,0,11.78,1,2.43,0,1.11,2.69,2.26,2.77,2.86,2.28,53,19
n2_WT_F88K_M255I_OFF_T_G17,19,0.8391,0.8506,0.9824,0,7.31,0,18.64,0,33.62,0,30.27,35.54,2.39,1.06,5.68,7.06,28,12
n2_WT_F88K_M255I_OFF_T_G17,2,0.8554,0.9393,0.9903,1,1.88,0,13.2,1,1.86,0,6.53,5.7,2.12,2.66,3.29,2.76,58,15
n2_WT_F88K_M255I_OFF_T_G17,20,0.8391,0.9147,0.9868,0,7.09,0,18.33,1,3.27,0,6.71,9.79,1.95,1.29,3.9,7.41,44,17
n2_WT_F88K_M255I_OFF_T_G17,21,0.8384,0.8941,0.9821,0,6.19,0,19.53,0,8.17,0,4.88,9.44,2.91,1.58,4.23,4.82,49,19
n2_WT_F88K_M255I_OFF_T_G17,22,0.8384,0.8762,0.9877,0,9.12,0,19.21,0,27.79,0,23.66,29.19,3.57,2.45,4.24,7.79,25,13
n2_WT_F88K_M255I_OFF_T_G17,23,0.838,0.8516,0.983,1,1.97,0,19.2,0,12.31,0,8.28,11.51,2.86,2.46,3.8,1.95,42,19
n2_WT_F88K_M255I_OFF_T_G17,24,0.8367,0.8951,0.9837,0,8.08,0,14.45,1,1.98,0,3.66,7.57,3.16,3.05,4.01,4.67,40,18
n2_WT_F88K_M255I_OFF_T_G17,25,0.8366,0.8704,0.9845,0,7.54,0,17.05,1,4.72,0,8.28,12.71,3.45,2.55,4.58,6.88,38,13
n2_WT_F88K_M255I_OFF_T_G17,26,0.8365,0.8631,0.9821,1,2.78,0,15.31,1,3.88,0,3.84,6.02,2.67,2.2,4.02,2.74,53,19
n2_WT_F88K_M255I_OFF_T_G17,27,0.8359,0.937,0.9903,1,1.47,0,9.71,1,3.39,0,1.16,4.07,2.57,3.6,4.35,2.95,58,14
n2_WT_F88K_M255I_OFF_T_G17,28,0.8356,0.8862,0.989,1,3.05,0,15.2,0,8.92,0,6.21,11.97,2.82,3.41,4.36,2.18,54,15
n2_WT_F88K_M255I_OFF_T_G17,29,0.8354,0.9038,0.9865,1,2.37,0,16.16,1,2.63,0,1.07,2.67,2.6,2.23,2.74,3.05,55,21
n2_WT_F88K_M255I_OFF_T_G17,3,0.8553,0.8945,0.9835,0,5.09,0,17.79,0,5.33,0,5.96,4.96,1.57,2.69,2.83,5.21,42,17
n2_WT_F88K_M255I_OFF_T_G17,30,0.8353,0.8543,0.981,0,8.18,0,16.07,0,35.1,0,33.14,38.21,3.54,2.62,4.63,7.01,29,14
n2_WT_F88K_M255I_OFF_T_G17,31,0.8346,0.8655,0.9847,1,3.54,0,19.0,0,11.67,0,7.01,12.87,3.34,2.9,2.71,2.55,49,19
n2_WT_F88K_M255I_OFF_T_G17,32,0.8342,0.9054,0.9839,1,3.21,0,19.17,0,30.98,0,24.05,30.56,1.67,2.75,3.77,0.69,40,16
n2_WT_F88K_M255I_OFF_T_G17,33,0.8337,0.8791,0.9814,0,7.17,0,17.7,0,13.29,0,10.82,16.8,2.51,2.55,4.08,6.13,43,16
n2_WT_F88K_M255I_OFF_T_G17,34,0.8334,0.8887,0.9856,1,4.95,0,16.96,0,11.4,0,11.53,11.75,2.07,2.21,4.03,4.51,44,16
n2_WT_F88K_M255I_OFF_T_G17,35,0.8327,0.8726,0.9867,1,2.42,0,24.57,0,8.0,0,4.98,10.78,1.75,1.13,2.54,3.24,43,12
n2_WT_F88K_M255I_OFF_T_G17,36,0.8307,0.8878,0.9852,0,7.15,0,19.31,0,9.81,0,7.16,11.57,3.39,4.36,4.39,6.04,49,18
n2_WT_F88K_M255I_OFF_T_G17,37,0.8295,0.8898,0.9874,1,2.75,0,15.72,0,9.56,0,4.94,10.99,3.33,2.88,2.68,2.77,56,16
n2_WT_F88K_M255I_OFF_T_G17,38,0.829,0.8529,0.9846,0,7.19,0,16.61,1,1.84,0,1.48,3.37,2.19,2.81,3.72,4.59,40,17
n2_WT_F88K_M255I_OFF_T_G17,39,0.8276,0.8401,0.9843,0,10.29,0,16.16,0,23.56,0,19.48,25.36,3.96,3.15,4.17,7.68,31,14
n2_WT_F88K_M255I_OFF_T_G17,4,0.8539,0.897,0.9835,0,5.61,0,16.3,0,8.33,0,10.72,9.29,1.11,2.0,3.13,5.27,45,16
n2_WT_F88K_M255I_OFF_T_G17,40,0.8275,0.8969,0.9856,0,6.39,0,15.58,0,29.17,0,28.47,33.86,2.15,2.72,3.51,4.51,34,15
n2_WT_F88K_M255I_OFF_T_G17,41,0.8275,0.8316,0.979,0,8.55,0,19.1,0,28.85,0,26.42,31.96,3.26,2.5,3.87,6.68,30,14
n2_WT_F88K_M255I_OFF_T_G17,42,0.8272,0.863,0.987,0,8.17,0,16.93,0,23.34,0,19.09,24.4,2.06,1.89,3.25,9.02,29,13
n2_WT_F88K_M255I_OFF_T_G17,43,0.8265,0.8018,0.9813,0,10.01,0,16.83,0,22.87,0,20.44,26.24,3.12,2.2,4.93,9.07,28,13
n2_WT_F88K_M255I_OFF_T_G17,44,0.8259,0.8337,0.9852,0,5.99,0,17.83,0,10.24,0,7.42,9.33,1.51,2.93,4.28,5.12,37,13
n2_WT_F88K_M255I_OFF_T_G17,45,0.8236,0.8819,0.9902,1,2.25,0,22.28,0,18.09,0,17.66,24.1,0.77,1.89,3.12,3.82,42,14
n2_WT_F88K_M255I_OFF_T_G17,46,0.8235,0.8743,0.9867,0,6.24,0,21.6,0,23.67,0,16.66,23.29,2.13,1.93,4.85,3.92,27,13
n2_WT_F88K_M255I_OFF_T_G17,47,0.8233,0.7876,0.9815,0,6.42,0,17.8,0,21.8,0,17.26,22.9,3.5,2.81,7.5,5.65,26,12
n2_WT_F88K_M255I_OFF_T_G17,48,0.8226,0.8101,0.9846,0,8.14,0,19.77,0,21.33,0,18.62,23.83,2.71,2.77,4.7,7.79,31,13
n2_WT_F88K_M255I_OFF_T_G17,49,0.8224,0.8074,0.9864,0,6.99,0,16.76,0,11.69,0,5.88,11.35,3.01,3.29,3.83,5.92,33,11
n2_WT_F88K_M255I_OFF_T_G17,5,0.85,0.9339,0.9901,1,2.72,0,12.37,1,4.84,0,10.21,9.27,2.73,2.28,3.94,3.42,54,17
n2_WT_F88K_M255I_OFF_T_G17,50,0.8224,0.7746,0.9815,0,7.35,0,16.1,1,3.27,0,1.36,3.02,3.86,3.31,3.81,5.86,30,11
n2_WT_F88K_M255I_OFF_T_G17,51,0.8222,0.7773,0.9818,1,1.5,0,15.9,1,4.03,0,6.55,8.43,2.27,3.11,4.68,3.87,45,17
n2_WT_F88K_M255I_OFF_T_G17,52,0.8215,0.8989,0.9865,1,1.89,0,13.51,1,3.17,0,6.25,8.88,3.09,1.69,3.85,3.03,56,20
n2_WT_F88K_M255I_OFF_T_G17,53,0.8211,0.7921,0.9813,0,7.66,0,16.93,0,7.62,0,6.52,11.65,1.58,1.96,4.65,5.57,39,13
n2_WT_F88K_M255I_OFF_T_G17,54,0.8204,0.755,0.9788,0,7.83,0,18.59,0,17.36,0,20.08,25.0,2.78,3.27,4.32,6.72,31,14
n2_WT_F88K_M255I_OFF_T_G17,55,0.8203,0.7664,0.981,0,5.78,0,19.92,0,17.56,0,19.79,24.94,1.28,3.26,4.65,6.34,40,15
n2_WT_F88K_M255I_OFF_T_G17,56,0.82,0.813,0.9847,1,4.65,0,18.8,0,5.11,0,7.76,8.1,1.22,2.15,3.54,5.0,40,14
n2_WT_F88K_M255I_OFF_T_G17,57,0.8196,0.8573,0.9844,1,2.0,0,13.43,0,29.79,0,27.1,32.66,3.18,4.58,4.51,3.24,52,14
n2_WT_F88K_M255I_OFF_T_G17,58,0.8195,0.8852,0.9838,0,6.98,0,19.25,0,5.58,0,3.57,5.47,3.59,2.69,3.98,5.81,45,18
n2_WT_F88K_M255I_OFF_T_G17,59,0.8179,0.7875,0.9797,0,9.25,0,18.27,0,22.62,0,19.54,24.8,4.34,2.43,5.9,9.21,25,12
n2_WT_F88K_M255I_OFF_T_G17,6,0.8489,0.931,0.9886,0,7.0,0,11.4,1,1.9,0,2.97,5.82,3.5,2.99,4.51,6.35,29,19
n2_WT_F88K_M255I_OFF_T_G17,60,0.817,0.8475,0.9805,0,6.22,0,12.58,1,4.06,0,2.68,6.9,3.87,4.02,6.69,6.93,33,16
n2_WT_F88K_M255I_OFF_T_G17,61,0.8165,0.7888,0.9791,0,6.4,0,17.62,0,26.97,0,27.8,32.69,3.16,2.54,2.55,6.07,32,15
n2_WT_F88K_M255I_OFF_T_G17,62,0.816,0.8415,0.9842,0,6.53,0,17.34,0,26.36,0,24.14,28.75,1.83,2.97,2.42,5.72,33,13
n2_WT_F88K_M255I_OFF_T_G17,63,0.8156,0.8393,0.9833,0,5.32,0,13.61,0,38.02,0,41.93,41.41,0.97,3.08,5.24,4.38,26,12
n2_WT_F88K_M255I_OFF_T_G17,64,0.8156,0.8782,0.9856,0,6.89,0,29.15,0,12.56,0,15.35,19.18,2.99,1.06,2.93,5.57,34,14
n2_WT_F88K_M255I_OFF_T_G17,65,0.8154,0.786,0.9813,0,9.99,0,19.33,0,22.26,0,20.16,25.94,3.43,2.6,5.91,9.63,31,11
n2_WT_F88K_M255I_OFF_T_G17,66,0.8126,0.8418,0.9856,0,6.66,0,17.67,0,23.0,0,19.24,25.39,1.53,2.32,3.95,5.45,22,12
n2_WT_F88K_M255I_OFF_T_G17,67,0.8126,0.8228,0.9848,0,8.63,0,20.07,0,21.79,0,16.17,21.62,3.17,3.48,7.01,8.85,28,12
n2_WT_F88K_M255I_OFF_T_G17,68,0.8124,0.9236,0.9878,1,2.51,0,12.82,1,2.86,0,2.75,5.31,2.06,2.86,3.31,3.22,55,17
n2_WT_F88K_M255I_OFF_T_G17,69,0.812,0.8806,0.9871,1,3.94,0,14.03,0,31.89,0,27.5,33.43,0.73,1.97,4.46,2.06,24,9
n2_WT_F88K_M255I_OFF_T_G17,7,0.847,0.9037,0.983,0,6.72,0,20.34,0,8.11,0,5.51,9.13,2.99,3.72,2.43,4.78,40,18
n2_WT_F88K_M255I_OFF_T_G17,70,0.811,0.8367,0.9847,0,8.71,0,18.5,0,20.3,0,16.84,22.72,0.83,3.75,4.38,10.33,27,13
n2_WT_F88K_M255I_OFF_T_G17,71,0.8106,0.7936,0.9819,0,6.71,0,22.03,0,19.89,0,23.32,28.49,3.29,2.49,4.69,6.12,39,12
n2_WT_F88K_M255I_OFF_T_G17,72,0.81,0.8182,0.983,0,7.34,0,21.25,0,22.36,0,17.43,23.69,2.69,1.95,2.55,7.75,34,12
n2_WT_F88K_M255I_OFF_T_G17,73,0.8076,0.7855,0.9808,0,7.1,0,8.6,0,28.6,0,34.15,32.34,2.48,2.31,4.6,5.26,29,11
n2_WT_F88K_M255I_OFF_T_G17,74,0.8073,0.7594,0.9761,0,7.11,0,16.6,0,14.04,0,9.83,14.92,3.29,2.46,1.34,4.76,44,17
n2_WT_F88K_M255I_OFF_T_G17,75,0.8069,0.764,0.9811,0,8.19,0,20.05,0,17.73,0,12.91,18.46,1.88,2.65,3.02,7.26,35,13
n2_WT_F88K_M255I_OFF_T_G17,76,0.8066,0.7953,0.9781,0,6.66,0,19.4,0,9.12,0,5.61,12.11,0.95,1.92,6.26,5.97,32,14
n2_WT_F88K_M255I_OFF_T_G17,77,0.8058,0.826,0.9829,0,8.08,0,17.52,0,5.16,0,1.32,6.6,1.37,2.95,4.58,5.84,31,16
n2_WT_F88K_M255I_OFF_T_G17,78,0.8048,0.7634,0.975,1,1.77,0,14.97,0,33.51,0,30.15,35.92,2.53,4.08,3.15,1.99,34,12
n2_WT_F88K_M255I_OFF_T_G17,79,0.8029,0.8328,0.9828,0,7.19,0,18.94,0,22.81,0,20.19,26.36,2.58,2.77,3.59,7.04,29,12
n2_WT_F88K_M255I_OFF_T_G17,8,0.8467,0.9461,0.9904,1,2.15,0,12.77,1,3.65,0,2.39,5.26,3.06,2.97,2.77,3.66,52,17
n2_WT_F88K_M255I_OFF_T_G17,80,0.8026,0.8403,0.9831,1,0.48,0,11.31,1,2.04,0,5.2,5.51,2.54,1.73,4.88,2.9,57,18
n2_WT_F88K_M255I_OFF_T_G17,81,0.8024,0.8411,0.9829,0,10.16,0,14.53,0,26.76,0,22.7,28.3,4.32,2.41,5.59,6.91,30,14
n2_WT_F88K_M255I_OFF_T_G17,82,0.8022,0.807,0.9821,0,6.99,0,17.24,1,4.41,0,2.16,6.24,2.55,3.3,5.19,6.15,33,13
n2_WT_F88K_M255I_OFF_T_G17,83,0.8007,0.7988,0.983,0,6.92,0,21.05,1,4.29,0,3.94,8.33,3.85,3.49,2.05,5.72,30,15
n2_WT_F88K_M255I_OFF_T_G17,84,0.8007,0.8389,0.9831,1,4.34,0,16.92,0,22.95,0,21.57,27.35,1.56,2.93,2.27,2.49,40,15
n2_WT_F88K_M255I_OFF_T_G17,85,0.7998,0.8153,0.9859,1,2.19,0,14.75,0,20.76,0,15.19,20.8,3.3,3.19,5.64,2.38,35,14
n2_WT_F88K_M255I_OFF_T_G17,86,0.7993,0.816,0.9819,0,7.48,0,18.45,0,24.51,0,22.22,24.38,3.82,2.89,2.89,6.93,39,17
n2_WT_F88K_M255I_OFF_T_G17,87,0.7988,0.7128,0.9832,0,5.47,0,15.08,0,43.32,0,37.39,43.87,2.91,2.4,2.65,5.83,24,13
n2_WT_F88K_M255I_OFF_T_G17,88,0.7978,0.7748,0.9818,0,7.31,0,11.68,0,6.99,0,6.96,13.21,2.92,2.66,3.5,6.81,32,14
n2_WT_F88K_M255I_OFF_T_G17,89,0.7961,0.7336,0.9802,0,8.69,0,18.89,1,4.54,0,6.81,7.43,2.06,2.11,4.83,7.01,34,12
n2_WT_F88K_M255I_OFF_T_G17,9,0.8442,0.8743,0.9817,0,6.18,0,18.14,0,8.95,0,6.88,12.17,3.76,2.57,1.25,4.26,38,18
n2_WT_F88K_M255I_OFF_T_G17,90,0.7928,0.7205,0.9778,1,1.94,0,16.88,0,8.37,0,7.82,12.63,1.36,2.68,2.63,1.22,51,18
n2_WT_F88K_M255I_OFF_T_G17,91,0.7912,0.7098,0.9812,0,6.73,0,17.25,1,2.75,0,6.31,7.37,3.17,2.87,4.45,4.79,26,12
n2_WT_F88K_M255I_OFF_T_G17,92,0.7857,0.8153,0.984,0,6.84,0,11.62,0,17.2,0,9.82,16.1,1.71,4.72,4.3,6.94,24,13
n2_WT_F88K_M255I_OFF_T_G17,93,0.7806,0.7588,0.974,0,6.96,0,19.72,0,28.84,0,26.89,32.88,3.01,2.67,7.98,6.72,29,12
n2_WT_F88K_M255I_OFF_T_G17,94,0.7795,0.7761,0.9775,0,5.09,0,22.32,0,22.77,0,17.0,22.96,2.6,1.53,3.99,3.44,36,14
n2_WT_F88K_M255I_OFF_T_G17,95,0.7727,0.6378,0.977,0,5.29,0,14.75,0,5.83,0,10.32,12.34,3.29,2.02,3.55,6.29,45,19
n2_WT_F88K_M255I_OFF_T_G17,96,0.7714,0.6147,0.9798,0,7.11,0,17.43,0,5.98,0,10.84,15.01,3.44,1.25,3.2,6.23,30,12
n2_WT_F88K_M255I_OFF_T_G17,97,0.7558,0.6088,0.9707,0,5.4,0,16.48,0,8.8,0,9.1,12.07,2.84,2.67,3.3,4.36,49,19
n2_WT_F88K_M255I_OFF_T_G17,98,0.7557,0.589,0.9789,0,9.14,0,18.21,1,2.5,0,5.04,9.36,3.97,2.11,2.93,7.95,20,11
n2_WT_F88K_M255I_OFF_T_G17,99,0.7131,0.4628,0.9761,0,6.66,0,16.01,1,1.15,0,3.53,7.18,2.5,1.92,5.24,6.69,26,15
n2_WT_F88K_M255I_S1_G17,0,0.8493,0.9293,0.9881,0,6.43,0,9.3,1,2.98,0,1.76,5.05,1.94,2.79,3.66,6.49,45,18
n2_WT_F88K_M255I_S1_G17,1,0.8403,0.9296,0.988,1,4.58,0,9.9,1,3.08,0,2.68,4.84,2.38,1.72,2.74,2.77,40,15
n2_WT_F88K_M255I_S1_G17,10,0.8282,0.8472,0.989,1,4.21,0,6.06,1,2.2,0,3.95,4.28,2.5,2.16,4.21,5.67,36,13
n2_WT_F88K_M255I_S1_G17,11,0.8274,0.8086,0.9868,0,5.47,1,3.53,1,2.57,1,1.93,4.77,2.59,2.1,2.53,7.67,34,13
n2_WT_F88K_M255I_S1_G17,12,0.8273,0.8272,0.9871,1,4.73,0,7.08,0,8.53,0,10.69,12.82,3.54,2.25,3.05,5.79,40,13
n2_WT_F88K_M255I_S1_G17,13,0.8273,0.799,0.9851,1,3.86,0,6.42,1,1.49,0,2.53,5.61,0.69,1.91,3.63,6.38,38,12
n2_WT_F88K_M255I_S1_G17,14,0.8268,0.8201,0.9866,0,5.32,1,3.93,1,2.54,1,1.95,5.2,2.38,2.87,3.44,6.64,36,11
n2_WT_F88K_M255I_S1_G17,15,0.8261,0.8867,0.984,1,3.91,0,10.45,1,3.09,0,2.56,4.25,2.17,2.45,3.96,3.95,42,20
n2_WT_F88K_M255I_S1_G17,16,0.8257,0.7827,0.9849,1,4.52,1,4.91,1,3.08,1,4.38,5.26,1.76,2.09,3.77,4.83,38,13
n2_WT_F88K_M255I_S1_G17,17,0.825,0.7687,0.9839,1,2.04,0,6.08,1,2.7,0,1.1,3.97,0.84,2.16,4.4,3.57,35,10
n2_WT_F88K_M255I_S1_G17,18,0.8247,0.8203,0.9875,1,4.89,1,3.27,1,3.99,1,2.97,6.58,2.8,1.96,4.0,6.31,38,14
n2_WT_F88K_M255I_S1_G17,19,0.8241,0.8079,0.9847,0,5.02,1,4.01,1,2.82,1,2.32,4.84,0.88,2.82,4.82,6.84,40,13
n2_WT_F88K_M255I_S1_G17,2,0.8373,0.8725,0.9854,1,2.65,1,4.32,1,3.46,1,2.0,3.3,1.95,2.61,4.65,5.18,40,13
n2_WT_F88K_M255I_S1_G17,20,0.8239,0.8321,0.9896,1,3.19,1,4.61,1,3.0,1,2.25,2.52,3.39,2.29,3.98,4.9,37,11
n2_WT_F88K_M255I_S1_G17,21,0.8239,0.7653,0.9846,1,3.57,0,6.26,1,2.67,0,1.93,5.61,3.73,2.62,3.69,5.29,40,13
n2_WT_F88K_M255I_S1_G17,22,0.8239,0.8263,0.9897,1,2.8,0,6.28,1,3.63,0,3.94,4.01,1.7,3.91,5.03,4.64,36,13
n2_WT_F88K_M255I_S1_G17,23,0.8235,0.7987,0.9886,1,1.82,1,2.72,1,2.5,1,2.1,4.86,3.27,1.38,3.8,5.76,39,13
n2_WT_F88K_M255I_S1_G17,24,0.8232,0.808,0.9882,1,2.18,0,5.29,1,2.62,0,1.48,4.09,2.31,2.89,3.44,5.2,37,13
n2_WT_F88K_M255I_S1_G17,25,0.8231,0.7888,0.9861,1,2.63,1,4.0,1,2.84,1,2.1,5.03,2.05,2.73,2.82,5.48,41,13
n2_WT_F88K_M255I_S1_G17,26,0.8226,0.7978,0.985,1,2.6,1,4.01,1,2.03,1,2.59,6.75,3.1,3.14,4.24,5.54,37,13
n2_WT_F88K_M255I_S1_G17,27,0.8221,0.7727,0.98,1,3.97,0,5.94,0,7.85,0,7.59,11.59,2.19,2.94,4.72,4.71,32,13
n2_WT_F88K_M255I_S1_G17,28,0.822,0.8111,0.9868,0,6.78,1,3.45,1,2.64,1,2.45,5.36,0.98,2.31,3.82,6.86,37,11
n2_WT_F88K_M255I_S1_G17,29,0.8219,0.7839,0.9845,0,7.29,0,8.3,1,4.45,0,6.56,9.04,2.81,3.7,6.28,5.97,34,14
n2_WT_F88K_M255I_S1_G17,3,0.8343,0.9121,0.9864,1,3.75,0,10.22,1,1.48,0,1.52,5.43,1.81,2.28,4.11,2.6,44,17
n2_WT_F88K_M255I_S1_G17,30,0.8215,0.7801,0.9855,1,3.68,1,2.61,1,2.46,1,1.31,3.8,1.21,3.37,3.8,4.97,37,12
n2_WT_F88K_M255I_S1_G17,31,0.8214,0.7863,0.9842,1,2.48,1,4.94,1,3.28,1,2.21,4.78,2.95,2.72,2.6,2.96,38,14
n2_WT_F88K_M255I_S1_G17,32,0.8211,0.7806,0.985,1,3.99,0,6.02,1,2.75,0,0.49,4.7,1.18,2.27,4.39,5.34,40,13
n2_WT_F88K_M255I_S1_G17,33,0.8203,0.8343,0.9854,1,2.27,0,5.24,0,5.33,0,9.65,10.56,0.98,2.9,4.09,3.81,32,11
n2_WT_F88K_M255I_S1_G17,34,0.8202,0.7922,0.9857,1,2.32,1,4.86,1,2.3,1,2.81,5.25,2.31,1.79,3.91,5.05,36,17
n2_WT_F88K_M255I_S1_G17,35,0.82,0.7785,0.9842,1,4.57,1,4.93,1,2.96,1,1.38,4.6,2.89,3.45,4.12,5.99,41,12
n2_WT_F88K_M255I_S1_G17,36,0.82,0.8046,0.9844,1,4.67,1,4.49,0,8.07,0,9.97,12.1,2.39,2.28,2.75,6.3,37,10
n2_WT_F88K_M255I_S1_G17,37,0.82,0.8146,0.9892,1,2.7,0,5.56,1,3.15,0,2.9,5.55,2.67,2.19,3.46,6.11,37,11
n2_WT_F88K_M255I_S1_G17,38,0.82,0.7743,0.9848,1,4.72,1,4.93,1,3.02,1,4.49,5.64,2.72,2.62,2.79,6.71,37,14
n2_WT_F88K_M255I_S1_G17,39,0.8197,0.8052,0.9866,1,4.43,1,4.54,1,3.51,1,2.8,3.19,3.81,3.4,3.97,6.63,42,14
n2_WT_F88K_M255I_S1_G17,4,0.834,0.8217,0.9865,1,4.78,0,5.27,1,1.43,0,2.29,2.76,1.71,1.56,3.46,5.49,40,14
n2_WT_F88K_M255I_S1_G17,40,0.8189,0.7516,0.9819,1,4.57,0,5.11,1,4.4,0,3.83,8.31,2.46,2.92,2.76,5.8,43,16
n2_WT_F88K_M255I_S1_G17,41,0.8185,0.7896,0.9832,1,4.57,0,6.97,1,1.4,0,2.22,5.41,3.08,1.4,3.56,6.54,36,13
n2_WT_F88K_M255I_S1_G17,42,0.8182,0.7715,0.984,1,3.67,0,5.79,1,1.99,0,2.17,7.01,2.7,3.01,5.96,5.64,35,13
n2_WT_F88K_M255I_S1_G17,43,0.8177,0.7878,0.9857,1,2.98,1,3.66,1,2.89,1,2.09,5.0,3.32,2.49,3.52,3.46,39,15
n2_WT_F88K_M255I_S1_G17,44,0.8175,0.7874,0.9861,1,2.46,1,4.63,1,3.17,1,1.14,3.62,3.05,3.65,2.97,5.84,40,13
n2_WT_F88K_M255I_S1_G17,45,0.817,0.808,0.9863,1,3.99,0,5.77,1,2.51,0,1.55,4.91,3.45,2.49,3.23,6.21,37,13
n2_WT_F88K_M255I_S1_G17,46,0.816,0.7829,0.9867,1,3.17,0,6.21,1,1.98,0,2.75,6.04,2.23,3.21,4.98,4.28,31,13
n2_WT_F88K_M255I_S1_G17,47,0.816,0.7781,0.982,1,3.15,0,6.9,0,9.73,0,9.84,13.24,1.43,1.83,3.65,4.73,41,15
n2_WT_F88K_M255I_S1_G17,48,0.8157,0.7663,0.9845,1,4.56,1,3.31,1,2.71,1,1.86,4.47,2.47,3.07,3.79,6.29,39,13
n2_WT_F88K_M255I_S1_G17,49,0.8155,0.7916,0.9872,1,2.79,0,5.52,1,3.62,0,1.24,3.09,0.79,2.8,5.04,4.92,40,10
n2_WT_F88K_M255I_S1_G17,5,0.8335,0.7934,0.9874,0,5.59,1,3.58,1,3.58,1,0.75,3.23,1.79,3.45,4.04,4.56,42,13
n2_WT_F88K_M255I_S1_G17,50,0.8154,0.7588,0.9841,1,3.21,0,6.58,1,4.13,0,4.09,8.48,1.83,2.65,4.14,5.45,34,12
n2_WT_F88K_M255I_S1_G17,51,0.8151,0.7617,0.984,1,3.74,0,5.22,1,2.9,0,2.21,4.84,1.6,2.73,3.07,6.82,37,13
n2_WT_F88K_M255I_S1_G17,52,0.8139,0.7521,0.983,1,2.9,0,6.66,0,6.03,0,5.43,7.87,1.23,2.01,3.75,5.66,41,12
n2_WT_F88K_M255I_S1_G17,53,0.8139,0.7415,0.9831,1,2.45,0,5.1,1,3.14,0,3.13,6.92,2.94,3.45,4.72,4.33,37,13
n2_WT_F88K_M255I_S1_G17,54,0.8137,0.7863,0.9845,1,3.96,0,7.8,0,8.13,0,4.88,8.11,2.63,2.42,3.94,5.61,42,12
n2_WT_F88K_M255I_S1_G17,55,0.8131,0.7806,0.9838,0,5.59,1,4.25,1,2.57,1,2.13,3.03,2.51,3.21,3.68,6.51,40,12
n2_WT_F88K_M255I_S1_G17,56,0.811,0.744,0.9843,1,3.86,0,7.53,1,4.06,0,6.52,8.87,1.78,2.46,4.42,4.84,34,13
n2_WT_F88K_M255I_S1_G17,57,0.8106,0.754,0.9846,1,4.5,1,3.07,1,2.52,1,4.15,5.98,1.55,3.27,3.96,5.0,38,12
n2_WT_F88K_M255I_S1_G17,58,0.8104,0.7675,0.983,1,3.83,0,7.57,1,3.84,0,4.98,9.25,1.73,2.15,3.76,4.85,34,13
n2_WT_F88K_M255I_S1_G17,59,0.8103,0.7595,0.9847,1,3.1,1,3.44,1,2.69,1,1.44,4.65,2.94,2.12,4.27,6.69,37,13
n2_WT_F88K_M255I_S1_G17,6,0.8307,0.8107,0.9864,1,3.9,0,5.75,0,7.44,0,3.7,7.18,2.2,1.87,3.88,4.97,38,14
n2_WT_F88K_M255I_S1_G17,60,0.8098,0.7293,0.9846,0,5.84,0,5.48,1,2.51,0,0.48,4.54,2.88,1.75,3.68,6.73,36,13
n2_WT_F88K_M255I_S1_G17,61,0.8094,0.7971,0.9793,0,6.99,0,10.19,1,3.0,0,1.07,4.14,1.17,1.79,4.16,5.39,42,18
n2_WT_F88K_M255I_S1_G17,62,0.809,0.7999,0.9848,1,3.54,0,5.08,1,3.25,0,2.6,4.58,3.35,2.22,4.43,6.34,41,11
n2_WT_F88K_M255I_S1_G17,63,0.809,0.7644,0.984,1,3.42,0,5.09,1,2.71,0,1.94,5.48,3.15,3.26,3.66,5.98,34,15
n2_WT_F88K_M255I_S1_G17,64,0.8086,0.7298,0.9836,1,3.1,0,5.82,0,6.02,0,7.46,9.19,2.76,3.36,4.42,4.98,37,10
n2_WT_F88K_M255I_S1_G17,65,0.8083,0.7716,0.9842,1,3.06,0,7.08,1,4.57,0,5.29,9.15,2.09,2.2,4.64,4.04,42,14
n2_WT_F88K_M255I_S1_G17,66,0.8075,0.6872,0.9768,0,6.8,0,5.43,0,5.55,0,3.28,4.11,3.36,2.55,3.32,6.67,36,14
n2_WT_F88K_M255I_S1_G17,67,0.8075,0.7068,0.9834,1,4.5,0,5.17,1,3.9,0,3.51,3.12,2.07,3.47,4.06,6.18,42,13
n2_WT_F88K_M255I_S1_G17,68,0.8066,0.8225,0.9805,0,5.08,0,8.06,1,2.96,0,1.5,4.0,2.93,1.77,3.88,4.12,37,16
n2_WT_F88K_M255I_S1_G17,69,0.8066,0.7726,0.9823,1,3.12,1,3.86,1,3.0,1,1.82,4.54,2.73,2.65,3.1,5.01,40,13
n2_WT_F88K_M255I_S1_G17,7,0.8306,0.9338,0.99,1,4.15,0,6.57,1,2.32,0,2.04,5.31,2.53,1.25,2.73,2.36,45,17
n2_WT_F88K_M255I_S1_G17,70,0.8056,0.7361,0.9812,0,6.59,0,7.85,1,3.57,0,6.31,8.23,2.73,2.72,6.56,5.76,31,14
n2_WT_F88K_M255I_S1_G17,71,0.8056,0.862,0.9867,1,2.44,1,4.6,1,2.79,1,1.89,5.39,2.47,3.44,4.51,3.59,49,20
n2_WT_F88K_M255I_S1_G17,72,0.805,0.7496,0.9839,1,3.9,0,5.95,0,5.04,0,6.55,9.78,2.6,2.47,4.22,4.57,40,15
n2_WT_F88K_M255I_S1_G17,73,0.8025,0.7656,0.9873,1,2.9,0,5.53,1,3.96,0,2.58,5.97,2.01,2.34,4.92,4.57,38,13
n2_WT_F88K_M255I_S1_G17,74,0.8019,0.7323,0.9822,1,3.31,0,6.91,1,3.24,0,0.47,3.73,1.59,2.72,2.7,6.12,42,12
n2_WT_F88K_M255I_S1_G17,75,0.8014,0.7399,0.9824,1,3.92,0,5.78,0,7.07,0,8.74,11.09,1.68,2.49,4.18,4.16,39,12
n2_WT_F88K_M255I_S1_G17,76,0.8012,0.7941,0.9789,0,7.2,0,10.41,1,3.19,0,1.08,4.35,1.75,1.61,3.34,5.25,43,18
n2_WT_F88K_M255I_S1_G17,77,0.801,0.7108,0.9828,1,3.36,1,3.84,1,3.73,1,2.34,5.91,2.39,2.76,3.73,5.43,34,12
n2_WT_F88K_M255I_S1_G17,78,0.8003,0.7333,0.9845,1,2.5,0,7.23,0,6.45,0,9.79,11.03,2.04,3.49,5.16,4.95,40,14
n2_WT_F88K_M255I_S1_G17,79,0.7958,0.792,0.9828,1,2.85,0,6.37,1,2.85,0,2.04,2.08,3.62,3.38,3.79,6.0,44,14
n2_WT_F88K_M255I_S1_G17,8,0.8296,0.8082,0.9851,1,2.55,1,4.67,1,2.09,1,1.43,3.92,2.48,2.15,3.19,4.81,40,13
n2_WT_F88K_M255I_S1_G17,80,0.7948,0.7974,0.9825,1,2.29,0,5.95,1,4.48,0,3.47,5.69,3.43,2.15,2.83,1.8,45,17
n2_WT_F88K_M255I_S1_G17,81,0.7945,0.6946,0.9818,1,1.38,0,11.1,0,38.31,0,29.12,36.19,3.94,5.75,11.99,2.55,44,12
n2_WT_F88K_M255I_S1_G17,82,0.7928,0.7206,0.985,0,6.65,1,4.67,1,2.93,1,1.93,5.39,2.48,3.37,4.66,6.31,30,13
n2_WT_F88K_M255I_S1_G17,83,0.7904,0.668,0.9774,1,2.92,0,6.39,1,3.17,0,2.21,7.17,2.63,3.57,3.89,4.43,36,12
n2_WT_F88K_M255I_S1_G17,84,0.7889,0.657,0.9799,1,2.88,0,6.83,1,3.61,0,3.7,6.73,1.14,1.3,4.19,2.95,47,14
n2_WT_F88K_M255I_S1_G17,85,0.7855,0.6196,0.9801,1,3.62,0,5.57,1,4.65,0,7.48,9.47,1.09,3.42,4.12,6.1,34,12
n2_WT_F88K_M255I_S1_G17,86,0.7837,0.7564,0.9736,0,9.49,1,4.48,1,2.42,1,1.88,5.45,2.6,2.02,3.14,8.11,42,18
n2_WT_F88K_M255I_S1_G17,87,0.7835,0.6902,0.9784,0,6.63,0,7.59,1,2.87,0,2.79,5.69,2.32,2.38,5.42,6.36,33,12
n2_WT_F88K_M255I_S1_G17,88,0.7803,0.7403,0.976,0,8.63,0,5.32,1,1.85,0,2.3,3.94,3.92,1.54,4.07,5.71,34,17
n2_WT_F88K_M255I_S1_G17,89,0.7799,0.7936,0.9821,0,8.59,0,6.23,1,1.51,0,2.6,3.04,2.36,1.52,3.87,6.56,34,15
n2_WT_F88K_M255I_S1_G17,9,0.8293,0.8038,0.9875,0,5.64,0,5.88,1,3.17,0,0.24,5.08,2.68,3.19,3.93,5.8,39,13
n2_WT_F88K_M255I_S1_G17,90,0.7784,0.6462,0.982,1,3.41,1,4.6,1,4.61,1,6.53,9.98,3.38,3.39,4.9,6.16,36,13
n2_WT_F88K_M255I_S1_G17,91,0.7782,0.6857,0.9777,0,7.07,0,11.36,0,8.35,0,9.97,12.39,3.57,2.88,2.76,5.84,36,12
n2_WT_F88K_M255I_S1_G17,92,0.7772,0.6437,0.9829,0,8.47,0,7.29,1,2.8,0,1.85,4.8,1.04,2.31,4.23,6.79,34,11
n2_WT_F88K_M255I_S1_G17,93,0.7755,0.7032,0.9806,0,6.02,0,16.83,1,3.72,0,6.9,7.64,3.4,2.01,5.56,5.86,37,14
n2_WT_F88K_M255I_S1_G17,94,0.774,0.6474,0.9797,0,6.37,0,18.62,0,24.72,0,22.27,25.64,2.93,1.12,2.45,5.65,28,12
n2_WT_F88K_M255I_S1_G17,95,0.7649,0.5294,0.9743,0,5.27,0,16.23,0,23.63,0,21.72,24.47,3.71,1.7,2.5,4.54,35,12
n2_WT_F88K_M255I_S1_G17,96,0.7609,0.6054,0.9787,1,2.23,1,4.44,1,4.02,1,2.82,6.01,2.74,1.95,3.16,5.23,43,14
n2_WT_F88K_M255I_S1_G17,97,0.7473,0.676,0.9796,1,1.05,0,16.55,0,38.36,0,29.97,36.47,2.88,3.3,5.09,2.05,46,16
n2_WT_F88K_M255I_S1_G17,98,0.7444,0.6624,0.9754,0,5.67,1,2.72,1,2.65,1,1.52,4.86,2.55,2.42,3.71,4.86,41,18
n2_WT_F88K_M255I_S1_G17,99,0.742,0.5926,0.975,0,7.72,0,11.28,1,2.47,0,1.08,4.49,2.06,3.02,2.76,5.7,36,18
n2_WT_F88K_M255K_OFF_T_G17,0,0.8646,0.9208,0.9826,0,5.82,0,17.15,1,3.42,0,4.61,6.21,2.12,2.85,3.69,5.96,38,14
n2_WT_F88K_M255K_OFF_T_G17,1,0.8603,0.9367,0.9888,1,1.21,0,12.16,1,0.99,0,7.55,3.54,3.12,2.38,4.22,3.55,48,18
n2_WT_F88K_M255K_OFF_T_G17,10,0.8493,0.9199,0.9835,0,5.15,0,14.87,0,9.89,0,7.86,11.4,2.19,2.7,5.13,5.83,44,19
n2_WT_F88K_M255K_OFF_T_G17,11,0.8493,0.8803,0.9809,0,7.95,0,16.12,1,3.55,0,3.93,3.25,2.8,2.25,3.44,6.12,41,20
n2_WT_F88K_M255K_OFF_T_G17,12,0.8476,0.9023,0.9841,0,7.17,0,17.02,1,4.37,0,4.52,3.62,1.48,1.44,4.52,6.95,46,19
n2_WT_F88K_M255K_OFF_T_G17,13,0.8469,0.8628,0.9791,0,7.48,0,15.97,1,2.78,0,7.55,11.98,3.04,2.62,4.53,4.8,42,18
n2_WT_F88K_M255K_OFF_T_G17,14,0.8466,0.8515,0.9803,0,10.73,0,20.22,0,35.01,0,32.79,39.36,12.8,7.92,14.2,8.06,19,11
n2_WT_F88K_M255K_OFF_T_G17,15,0.8455,0.909,0.9836,0,5.82,0,17.07,0,6.31,0,7.44,7.56,4.17,3.85,3.69,5.36,43,19
n2_WT_F88K_M255K_OFF_T_G17,16,0.8447,0.8129,0.9806,0,8.08,0,16.86,1,3.74,0,5.69,4.52,2.33,2.24,3.82,6.26,33,13
n2_WT_F88K_M255K_OFF_T_G17,17,0.8427,0.936,0.9893,1,2.82,0,16.76,0,6.73,0,3.7,4.55,2.17,3.15,3.51,3.37,52,16
n2_WT_F88K_M255K_OFF_T_G17,18,0.8423,0.893,0.9837,0,7.63,0,17.15,0,6.37,0,4.26,3.96,2.99,2.27,4.65,7.79,42,18
n2_WT_F88K_M255K_OFF_T_G17,19,0.8411,0.8683,0.9757,0,8.7,0,19.55,1,3.14,0,3.94,4.47,3.61,3.58,4.32,7.47,40,19
n2_WT_F88K_M255K_OFF_T_G17,2,0.859,0.9186,0.9874,1,1.05,0,11.31,1,3.72,0,1.52,3.41,2.13,2.46,3.45,2.04,49,17
n2_WT_F88K_M255K_OFF_T_G17,20,0.841,0.8726,0.9829,0,6.39,0,19.11,1,3.56,0,6.91,5.4,1.32,2.24,3.45,5.1,41,16
n2_WT_F88K_M255K_OFF_T_G17,21,0.8403,0.9135,0.9847,1,2.53,0,16.72,1,4.7,0,2.04,7.88,3.36,1.35,3.88,2.84,54,14
n2_WT_F88K_M255K_OFF_T_G17,22,0.8395,0.9181,0.9892,1,3.28,0,13.63,0,44.36,0,38.04,45.36,2.18,3.28,3.26,2.9,35,13
n2_WT_F88K_M255K_OFF_T_G17,23,0.8374,0.8314,0.9813,0,7.58,0,14.08,1,4.8,0,6.99,4.4,1.46,2.72,3.35,4.98,34,15
n2_WT_F88K_M255K_OFF_T_G17,24,0.8369,0.9012,0.9845,0,9.04,0,11.88,0,31.56,0,30.22,32.6,5.15,2.77,3.98,6.5,24,16
n2_WT_F88K_M255K_OFF_T_G17,25,0.8366,0.8556,0.982,0,6.28,0,15.13,1,4.31,0,9.92,5.97,3.74,3.33,5.04,6.26,37,15
n2_WT_F88K_M255K_OFF_T_G17,26,0.834,0.8169,0.9815,0,6.98,0,17.05,1,3.67,0,7.02,5.28,1.98,2.38,4.68,5.86,35,16
n2_WT_F88K_M255K_OFF_T_G17,27,0.8337,0.9042,0.9849,1,2.97,0,12.94,1,3.95,0,4.15,2.51,3.86,2.3,2.79,5.43,49,18
n2_WT_F88K_M255K_OFF_T_G17,28,0.8336,0.914,0.9858,1,3.62,0,13.89,0,5.4,0,6.42,7.11,2.09,1.13,2.51,4.24,45,19
n2_WT_F88K_M255K_OFF_T_G17,29,0.8336,0.8775,0.9846,0,7.82,0,16.06,0,6.51,0,12.5,12.47,3.5,2.06,3.39,6.92,47,20
n2_WT_F88K_M255K_OFF_T_G17,3,0.8583,0.9283,0.9844,0,7.81,0,17.69,1,3.15,0,7.02,5.11,2.57,1.7,1.64,5.95,43,17
n2_WT_F88K_M255K_OFF_T_G17,30,0.8328,0.9266,0.9884,1,3.14,0,13.14,1,4.39,0,5.76,4.07,1.55,2.58,3.33,3.02,56,18
n2_WT_F88K_M255K_OFF_T_G17,31,0.8325,0.8034,0.9767,0,7.2,0,20.54,0,5.49,0,5.04,3.97,2.62,2.18,3.12,6.28,46,17
n2_WT_F88K_M255K_OFF_T_G17,32,0.8314,0.8673,0.9831,1,2.87,0,11.68,1,4.3,0,3.07,2.76,1.98,2.84,2.86,3.43,44,18
n2_WT_F88K_M255K_OFF_T_G17,33,0.8302,0.836,0.9843,0,6.8,0,17.26,1,4.01,0,3.06,3.19,1.87,1.74,2.88,5.64,40,14
n2_WT_F88K_M255K_OFF_T_G17,34,0.8289,0.8193,0.9807,0,8.56,0,22.34,0,14.9,0,19.34,20.58,1.84,2.36,5.25,7.12,32,11
n2_WT_F88K_M255K_OFF_T_G17,35,0.8272,0.8928,0.9872,0,7.94,0,18.71,1,3.69,0,5.47,7.28,3.06,3.15,4.05,5.44,38,12
n2_WT_F88K_M255K_OFF_T_G17,36,0.8267,0.9378,0.9883,1,2.15,0,14.65,1,3.56,0,3.55,7.55,2.79,3.09,4.6,2.68,60,19
n2_WT_F88K_M255K_OFF_T_G17,37,0.8267,0.8567,0.9786,0,5.37,0,19.12,0,7.7,0,6.74,4.11,2.28,1.95,3.17,4.66,38,17
n2_WT_F88K_M255K_OFF_T_G17,38,0.8259,0.8305,0.9841,1,4.89,0,17.13,1,4.41,0,8.0,2.54,1.96,1.69,4.08,5.2,37,14
n2_WT_F88K_M255K_OFF_T_G17,39,0.8258,0.9173,0.9888,1,2.5,0,14.17,1,0.8,0,1.31,4.65,3.38,3.02,3.5,3.36,49,17
n2_WT_F88K_M255K_OFF_T_G17,4,0.8577,0.9277,0.984,0,7.33,0,16.57,0,5.22,0,5.87,9.83,2.48,2.17,4.05,7.18,46,18
n2_WT_F88K_M255K_OFF_T_G17,40,0.8257,0.7853,0.9833,0,6.76,0,21.78,0,37.9,0,43.08,40.81,3.48,1.48,3.94,6.35,38,12
n2_WT_F88K_M255K_OFF_T_G17,41,0.8257,0.862,0.9816,0,7.97,0,16.42,1,4.84,0,4.72,3.56,2.46,3.35,4.45,6.35,41,14
n2_WT_F88K_M255K_OFF_T_G17,42,0.8253,0.8555,0.9775,0,7.16,0,17.13,1,3.59,0,5.65,3.42,2.53,2.63,2.45,6.15,50,18
n2_WT_F88K_M255K_OFF_T_G17,43,0.8253,0.8507,0.9827,0,7.28,0,16.88,1,0.81,0,2.8,3.35,2.62,3.67,3.49,3.92,35,16
n2_WT_F88K_M255K_OFF_T_G17,44,0.8248,0.8312,0.9855,1,1.63,0,16.19,1,3.69,0,3.33,2.92,2.83,2.75,4.61,2.9,47,17
n2_WT_F88K_M255K_OFF_T_G17,45,0.8239,0.8341,0.9824,0,7.75,0,19.75,1,4.09,0,5.47,2.54,3.11,3.43,3.29,6.65,36,16
n2_WT_F88K_M255K_OFF_T_G17,46,0.8237,0.8828,0.9826,0,8.43,0,15.4,1,2.93,0,1.95,3.22,3.78,3.02,3.91,7.32,35,15
n2_WT_F88K_M255K_OFF_T_G17,47,0.8233,0.7921,0.982,0,7.06,0,8.74,0,27.64,0,32.43,32.24,2.85,2.86,3.77,5.76,27,14
n2_WT_F88K_M255K_OFF_T_G17,48,0.8228,0.8907,0.9851,1,3.02,0,11.05,1,1.94,0,1.67,4.24,3.93,3.82,3.85,3.14,54,19
n2_WT_F88K_M255K_OFF_T_G17,49,0.8224,0.8801,0.9794,0,8.93,0,20.88,0,27.22,0,23.98,29.83,3.59,2.91,3.97,6.32,53,17
n2_WT_F88K_M255K_OFF_T_G17,5,0.854,0.8818,0.976,0,6.7,0,19.61,1,3.44,0,5.11,2.9,1.87,2.05,5.7,4.94,46,17
n2_WT_F88K_M255K_OFF_T_G17,50,0.8219,0.8404,0.9838,0,6.14,0,16.0,1,2.42,0,6.18,3.36,3.4,1.98,2.86,4.86,37,13
n2_WT_F88K_M255K_OFF_T_G17,51,0.8216,0.8756,0.9837,0,5.57,0,17.41,1,3.31,0,11.71,10.37,2.83,2.46,3.28,5.39,40,16
n2_WT_F88K_M255K_OFF_T_G17,52,0.821,0.9278,0.9875,1,2.52,0,13.02,1,1.55,0,2.18,7.04,2.29,2.24,3.32,3.16,53,16
n2_WT_F88K_M255K_OFF_T_G17,53,0.8202,0.8016,0.9831,0,8.62,0,17.23,1,3.24,0,4.98,4.84,2.95,2.9,2.87,5.27,37,12
n2_WT_F88K_M255K_OFF_T_G17,54,0.8193,0.8157,0.9809,0,7.57,0,17.84,0,5.43,0,4.41,3.47,3.77,2.15,2.19,4.77,36,14
n2_WT_F88K_M255K_OFF_T_G17,55,0.8192,0.8378,0.9835,0,5.53,0,15.35,0,7.15,0,5.42,9.06,1.25,1.75,2.53,5.22,36,15
n2_WT_F88K_M255K_OFF_T_G17,56,0.819,0.9101,0.9873,1,2.3,0,13.21,1,2.61,0,1.56,8.74,2.65,2.45,1.86,2.66,47,16
n2_WT_F88K_M255K_OFF_T_G17,57,0.8185,0.8336,0.9797,1,1.39,0,16.88,0,5.64,0,3.83,3.57,3.43,1.11,3.47,2.86,52,18
n2_WT_F88K_M255K_OFF_T_G17,58,0.8184,0.7935,0.9793,1,0.87,0,16.9,1,2.08,0,3.63,4.3,0.64,2.54,2.76,1.98,46,18
n2_WT_F88K_M255K_OFF_T_G17,59,0.8183,0.9037,0.9867,1,1.74,0,15.68,0,44.11,0,37.12,43.67,2.92,1.31,3.15,3.29,42,17
n2_WT_F88K_M255K_OFF_T_G17,6,0.8526,0.8846,0.9792,0,7.82,0,16.21,0,5.25,0,4.99,4.04,3.72,2.27,2.43,5.42,41,18
n2_WT_F88K_M255K_OFF_T_G17,60,0.817,0.7677,0.977,0,8.0,0,17.96,0,5.32,0,3.45,7.8,3.51,2.27,3.93,6.41,32,14
n2_WT_F88K_M255K_OFF_T_G17,61,0.8167,0.7801,0.9806,0,7.99,0,18.14,1,2.72,0,6.83,4.96,3.48,2.58,1.58,5.87,34,13
n2_WT_F88K_M255K_OFF_T_G17,62,0.8166,0.8198,0.9849,0,7.53,0,18.02,1,0.24,0,6.28,5.17,0.76,2.84,2.77,5.69,40,13
n2_WT_F88K_M255K_OFF_T_G17,63,0.8164,0.7813,0.9803,0,8.05,0,16.65,1,2.85,0,5.51,3.85,1.37,3.21,3.63,6.18,35,14
n2_WT_F88K_M255K_OFF_T_G17,64,0.8159,0.7674,0.9808,0,6.4,0,18.34,1,2.79,0,6.99,5.17,0.9,1.62,4.26,5.78,40,13
n2_WT_F88K_M255K_OFF_T_G17,65,0.8159,0.8237,0.9829,0,7.77,0,7.45,0,30.2,0,34.9,32.76,3.06,1.84,6.03,5.28,27,11
n2_WT_F88K_M255K_OFF_T_G17,66,0.8155,0.7692,0.982,0,7.78,0,14.85,0,5.68,0,1.92,2.03,1.38,2.52,5.25,6.21,35,14
n2_WT_F88K_M255K_OFF_T_G17,67,0.8153,0.7805,0.9794,0,7.24,0,16.34,0,12.08,0,7.48,12.64,3.46,3.39,1.28,5.37,37,13
n2_WT_F88K_M255K_OFF_T_G17,68,0.8153,0.7684,0.9844,0,7.78,0,17.45,1,2.53,0,2.36,2.58,1.61,3.28,4.2,5.98,37,11
n2_WT_F88K_M255K_OFF_T_G17,69,0.8139,0.8331,0.9845,0,5.44,0,19.02,0,11.62,0,7.87,10.51,1.01,2.41,2.27,4.99,37,12
n2_WT_F88K_M255K_OFF_T_G17,7,0.8508,0.8473,0.9851,0,6.99,0,16.0,0,6.64,0,3.33,6.17,1.32,3.31,3.32,6.82,36,15
n2_WT_F88K_M255K_OFF_T_G17,70,0.8137,0.7844,0.9794,0,8.08,0,17.82,0,5.26,0,3.3,2.94,1.28,3.26,3.7,6.55,48,17
n2_WT_F88K_M255K_OFF_T_G17,71,0.8134,0.8107,0.9786,0,8.82,0,17.19,1,3.56,0,7.36,6.03,2.56,2.63,3.25,6.47,29,17
n2_WT_F88K_M255K_OFF_T_G17,72,0.8133,0.8654,0.9853,1,2.42,0,13.17,1,2.6,0,1.91,4.55,2.55,3.45,5.1,2.94,51,17
n2_WT_F88K_M255K_OFF_T_G17,73,0.8132,0.8302,0.9792,0,7.4,0,18.81,1,3.17,0,5.21,7.42,2.01,3.45,3.46,6.55,41,15
n2_WT_F88K_M255K_OFF_T_G17,74,0.8128,0.8377,0.9869,0,7.95,0,22.45,0,12.51,0,14.93,20.09,2.62,2.11,4.97,7.09,38,17
n2_WT_F88K_M255K_OFF_T_G17,75,0.8127,0.7729,0.9821,0,7.32,0,19.49,1,4.71,0,7.79,4.12,2.45,1.82,5.77,6.65,37,15
n2_WT_F88K_M255K_OFF_T_G17,76,0.8108,0.8783,0.9791,0,6.37,0,17.68,0,13.17,0,8.89,16.08,2.84,2.31,3.99,5.53,47,16
n2_WT_F88K_M255K_OFF_T_G17,77,0.8106,0.8053,0.9789,0,6.72,0,18.68,0,6.14,0,3.29,6.2,3.76,1.89,4.43,5.04,44,15
n2_WT_F88K_M255K_OFF_T_G17,78,0.8106,0.7616,0.9807,0,7.98,0,17.4,1,4.06,0,7.46,5.02,1.48,2.42,5.45,5.68,34,15
n2_WT_F88K_M255K_OFF_T_G17,79,0.8088,0.7547,0.9797,0,5.65,0,17.05,1,4.38,0,5.28,4.17,2.9,2.22,3.71,5.83,39,15
n2_WT_F88K_M255K_OFF_T_G17,8,0.8503,0.9315,0.9909,1,1.28,0,16.87,1,4.27,0,3.22,8.28,0.96,1.01,3.32,2.47,46,13
n2_WT_F88K_M255K_OFF_T_G17,80,0.8082,0.7992,0.981,0,7.01,0,8.98,0,36.47,0,36.52,35.8,2.73,2.22,8.84,7.24,27,11
n2_WT_F88K_M255K_OFF_T_G17,81,0.8051,0.7437,0.9817,0,7.18,0,16.9,0,6.48,0,4.71,4.8,4.08,3.14,2.04,5.23,38,12
n2_WT_F88K_M255K_OFF_T_G17,82,0.8051,0.8226,0.9793,0,6.7,0,8.62,0,31.99,0,32.31,32.43,4.47,5.17,10.74,5.95,20,12
n2_WT_F88K_M255K_OFF_T_G17,83,0.7986,0.8042,0.9814,0,6.14,0,6.67,0,30.06,0,30.77,31.1,2.59,4.84,10.55,6.45,26,14
n2_WT_F88K_M255K_OFF_T_G17,84,0.7978,0.7833,0.9802,0,5.76,0,19.17,0,39.56,0,43.28,42.08,5.1,1.56,5.57,6.13,22,9
n2_WT_F88K_M255K_OFF_T_G17,85,0.7975,0.6736,0.9751,0,7.6,0,15.75,0,5.83,0,8.0,11.08,2.27,2.92,5.39,6.19,42,16
n2_WT_F88K_M255K_OFF_T_G17,86,0.7974,0.7306,0.9801,0,6.79,0,19.02,1,3.21,0,6.56,3.74,2.29,1.44,4.09,6.31,42,16
n2_WT_F88K_M255K_OFF_T_G17,87,0.7954,0.7881,0.9777,0,5.86,0,12.15,1,1.1,0,1.57,4.92,4.06,2.66,5.74,6.34,31,17
n2_WT_F88K_M255K_OFF_T_G17,88,0.794,0.7808,0.9807,0,5.83,0,8.29,0,29.96,0,31.74,31.19,1.88,5.58,11.21,6.37,24,11
n2_WT_F88K_M255K_OFF_T_G17,89,0.7938,0.7953,0.9798,0,6.92,0,16.56,1,2.48,0,5.11,2.85,0.66,1.31,2.61,5.94,41,13
n2_WT_F88K_M255K_OFF_T_G17,9,0.8493,0.9164,0.983,0,10.47,0,12.35,0,30.4,0,29.54,31.51,9.37,3.7,7.66,8.34,27,13
n2_WT_F88K_M255K_OFF_T_G17,90,0.7937,0.7433,0.9788,0,7.82,0,16.92,1,2.96,0,7.37,4.57,2.3,1.79,5.37,6.78,31,14
n2_WT_F88K_M255K_OFF_T_G17,91,0.7918,0.731,0.9775,0,6.95,0,16.29,0,5.25,0,9.43,12.94,2.66,3.04,3.16,6.49,39,15
n2_WT_F88K_M255K_OFF_T_G17,92,0.7906,0.758,0.9778,0,5.2,0,15.4,0,5.79,0,11.93,10.06,2.14,2.37,3.54,5.45,49,17
n2_WT_F88K_M255K_OFF_T_G17,93,0.7903,0.815,0.9823,0,6.47,0,19.43,1,4.81,0,4.44,4.72,3.52,2.37,3.83,6.22,38,13
n2_WT_F88K_M255K_OFF_T_G17,94,0.7874,0.7242,0.9794,0,7.4,0,19.22,0,5.07,0,5.05,3.26,1.43,2.0,4.71,7.05,37,14
n2_WT_F88K_M255K_OFF_T_G17,95,0.7793,0.7039,0.9817,0,6.24,0,16.1,0,7.43,0,4.57,3.78,2.53,2.61,3.82,5.89,35,12
n2_WT_F88K_M255K_OFF_T_G17,96,0.7719,0.6927,0.9738,0,6.0,0,17.55,1,2.02,0,7.1,3.52,1.84,3.43,5.3,5.4,46,14
n2_WT_F88K_M255K_OFF_T_G17,97,0.7713,0.6654,0.971,0,7.22,0,16.68,0,8.19,0,11.87,8.16,2.2,2.11,4.25,6.27,41,19
n2_WT_F88K_M255K_OFF_T_G17,98,0.7483,0.6468,0.9803,0,9.9,0,8.3,0,30.22,0,31.66,30.61,2.66,3.3,8.83,8.95,23,10
n2_WT_F88K_M255K_OFF_T_G17,99,0.7403,0.6353,0.9772,0,5.23,0,22.23,0,54.2,0,50.37,54.26,2.27,1.19,5.33,4.37,34,14
n2_WT_F88K_M255K_S1_G17,0,0.8396,0.7835,0.9845,0,6.32,0,6.57,1,2.82,0,1.23,3.96,1.69,2.9,2.96,5.3,41,11
n2_WT_F88K_M255K_S1_G17,1,0.8381,0.8331,0.9879,1,3.72,0,5.64,1,2.17,0,2.84,2.46,2.57,3.42,5.02,6.43,38,14
n2_WT_F88K_M255K_S1_G17,10,0.8329,0.7883,0.9849,0,5.45,0,5.61,1,2.84,0,1.92,3.76,2.21,2.5,3.56,5.54,37,11
n2_WT_F88K_M255K_S1_G17,11,0.8323,0.7636,0.9835,0,6.77,0,5.52,1,2.37,0,1.3,3.87,2.29,3.44,3.24,5.97,42,13
n2_WT_F88K_M255K_S1_G17,12,0.8321,0.7475,0.9828,0,6.98,0,5.67,1,3.0,0,1.19,4.28,1.71,3.07,2.71,5.65,39,13
n2_WT_F88K_M255K_S1_G17,13,0.8321,0.7854,0.9857,1,3.29,0,5.67,1,2.88,0,3.25,2.89,2.71,3.39,3.03,6.02,39,14
n2_WT_F88K_M255K_S1_G17,14,0.8321,0.8391,0.9895,1,4.74,0,6.71,1,3.45,0,2.25,3.68,2.04,1.56,4.01,6.24,37,12
n2_WT_F88K_M255K_S1_G17,15,0.8313,0.8053,0.9884,1,2.86,1,4.2,1,2.97,1,0.54,4.4,2.15,1.57,3.69,5.15,38,12
n2_WT_F88K_M255K_S1_G17,16,0.8313,0.78,0.9868,1,3.79,0,6.45,1,2.22,0,0.71,4.17,4.0,3.41,4.65,5.79,37,9
n2_WT_F88K_M255K_S1_G17,17,0.831,0.8344,0.9878,0,5.36,0,6.19,1,2.54,0,2.36,2.41,1.93,2.74,3.99,6.02,41,12
n2_WT_F88K_M255K_S1_G17,18,0.8307,0.8141,0.9888,1,3.63,0,6.17,1,3.14,0,2.64,2.96,2.97,1.88,3.86,4.89,44,13
n2_WT_F88K_M255K_S1_G17,19,0.8307,0.7863,0.986,1,4.32,0,5.13,1,2.92,0,0.93,3.63,2.54,2.5,3.45,5.75,40,13
n2_WT_F88K_M255K_S1_G17,2,0.838,0.8055,0.9879,1,4.03,1,4.88,1,2.83,1,2.42,3.36,1.7,3.47,3.86,3.39,40,13
n2_WT_F88K_M255K_S1_G17,20,0.8302,0.8185,0.989,1,4.49,0,5.53,1,1.55,0,2.11,3.76,2.41,1.37,3.97,5.89,41,14
n2_WT_F88K_M255K_S1_G17,21,0.8301,0.7907,0.9853,1,3.05,0,5.85,1,3.11,0,2.87,2.82,1.63,2.73,4.36,5.12,35,11
n2_WT_F88K_M255K_S1_G17,22,0.8296,0.804,0.9869,1,3.32,1,4.84,1,2.64,1,2.85,2.93,2.12,2.71,2.9,5.55,40,14
n2_WT_F88K_M255K_S1_G17,23,0.829,0.8185,0.9884,1,3.0,0,6.4,1,3.18,0,0.68,4.33,0.64,2.1,3.98,5.17,43,14
n2_WT_F88K_M255K_S1_G17,24,0.8283,0.7973,0.987,1,4.32,1,4.77,1,2.69,1,1.99,3.98,3.38,3.57,4.28,6.27,43,12
n2_WT_F88K_M255K_S1_G17,25,0.8283,0.7632,0.9847,1,3.43,0,6.82,1,0.93,0,1.74,2.81,1.15,2.25,3.87,5.63,37,12
n2_WT_F88K_M255K_S1_G17,26,0.8282,0.7712,0.9851,1,4.73,0,6.12,1,2.08,0,2.0,3.76,2.8,2.64,3.23,5.82,42,12
n2_WT_F88K_M255K_S1_G17,27,0.8278,0.8416,0.9846,1,2.54,1,4.33,1,2.38,1,2.87,3.07,2.23,2.46,5.11,5.15,37,15
n2_WT_F88K_M255K_S1_G17,28,0.8276,0.7434,0.9866,1,3.31,0,13.33,0,34.26,0,25.52,32.42,3.09,1.65,8.46,1.62,45,12
n2_WT_F88K_M255K_S1_G17,29,0.8274,0.7475,0.9845,1,1.54,0,21.54,0,33.47,0,27.61,34.47,2.38,4.67,8.68,3.14,34,13
n2_WT_F88K_M255K_S1_G17,3,0.8366,0.8155,0.9856,1,2.79,1,4.75,1,1.99,1,2.22,3.85,2.8,2.52,4.37,5.19,41,14
n2_WT_F88K_M255K_S1_G17,30,0.8273,0.7632,0.9844,1,4.35,1,3.11,1,1.9,1,2.63,3.1,2.25,2.96,4.65,5.5,45,13
n2_WT_F88K_M255K_S1_G17,31,0.8272,0.7398,0.9845,1,4.04,0,5.93,1,2.47,0,0.81,4.0,2.24,2.27,3.11,4.02,47,12
n2_WT_F88K_M255K_S1_G17,32,0.827,0.7757,0.9846,1,4.51,1,4.91,1,2.33,1,2.05,3.44,1.53,2.08,3.37,6.8,40,12
n2_WT_F88K_M255K_S1_G17,33,0.8267,0.7633,0.9855,1,1.63,0,24.86,0,28.11,0,20.89,28.04,1.44,4.3,13.91,2.58,35,10
n2_WT_F88K_M255K_S1_G17,34,0.8262,0.7732,0.9841,1,3.54,0,7.06,1,2.3,0,1.49,3.99,2.5,2.31,4.26,5.45,41,12
n2_WT_F88K_M255K_S1_G17,35,0.8262,0.7813,0.9845,1,4.42,1,4.61,1,3.25,1,1.09,4.24,3.38,2.93,2.54,6.71,37,13
n2_WT_F88K_M255K_S1_G17,36,0.8258,0.7822,0.9848,1,2.67,1,4.83,1,2.91,1,2.15,2.63,1.57,2.89,5.48,4.29,35,8
n2_WT_F88K_M255K_S1_G17,37,0.8258,0.7824,0.9852,0,5.79,0,6.1,1,2.34,0,3.25,1.53,2.78,3.11,4.58,6.29,36,11
n2_WT_F88K_M255K_S1_G17,38,0.8258,0.7666,0.9839,1,4.02,0,6.51,1,1.51,0,1.92,3.84,2.59,3.55,3.56,4.67,38,13
n2_WT_F88K_M255K_S1_G17,39,0.8255,0.7949,0.9864,1,2.36,1,3.91,1,2.09,1,1.99,3.99,0.82,2.05,3.92,4.03,42,12
n2_WT_F88K_M255K_S1_G17,4,0.836,0.8319,0.9878,0,5.35,1,4.5,1,1.61,1,2.21,3.2,2.12,1.62,3.4,6.11,40,13
n2_WT_F88K_M255K_S1_G17,40,0.8249,0.7508,0.9846,1,3.72,1,4.67,1,3.02,1,2.7,4.15,2.86,1.99,3.52,4.92,42,13
n2_WT_F88K_M255K_S1_G17,41,0.8249,0.767,0.9839,0,5.86,0,5.71,1,2.69,0,3.31,3.16,2.91,2.25,4.03,6.4,37,11
n2_WT_F88K_M255K_S1_G17,42,0.8237,0.741,0.9823,1,4.05,0,5.23,1,1.54,0,2.14,3.89,1.19,3.22,3.37,6.4,37,12
n2_WT_F88K_M255K_S1_G17,43,0.8236,0.7949,0.9882,1,4.85,0,5.63,1,3.51,0,0.69,4.32,3.07,1.66,3.27,6.43,41,13
n2_WT_F88K_M255K_S1_G17,44,0.8236,0.8216,0.9877,1,3.44,0,8.38,1,3.08,0,0.56,3.93,3.65,2.28,3.62,5.98,37,13
n2_WT_F88K_M255K_S1_G17,45,0.8235,0.8795,0.9866,1,4.59,0,6.04,1,2.22,0,0.74,4.08,2.49,0.99,2.94,2.58,48,17
n2_WT_F88K_M255K_S1_G17,46,0.8231,0.757,0.9837,0,7.02,0,5.87,1,2.74,0,1.23,4.72,1.37,2.58,3.36,5.77,40,14
n2_WT_F88K_M255K_S1_G17,47,0.8226,0.7598,0.9838,1,2.84,1,3.73,1,2.79,1,2.39,2.91,1.15,2.56,4.05,2.14,39,13
n2_WT_F88K_M255K_S1_G17,48,0.8223,0.7816,0.9822,1,3.13,0,5.71,1,1.93,0,1.61,3.76,1.35,1.58,3.27,4.61,42,14
n2_WT_F88K_M255K_S1_G17,49,0.8218,0.7932,0.9857,1,2.66,1,4.8,1,2.31,1,2.11,6.06,2.41,2.49,4.27,5.55,33,10
n2_WT_F88K_M255K_S1_G17,5,0.8355,0.8297,0.9897,1,1.97,0,5.66,1,2.12,0,0.91,3.69,2.95,1.61,4.24,4.77,40,11
n2_WT_F88K_M255K_S1_G17,50,0.8217,0.7648,0.9837,1,3.2,1,4.16,1,2.27,1,0.89,4.5,2.89,3.1,3.4,6.21,41,13
n2_WT_F88K_M255K_S1_G17,51,0.8213,0.7573,0.9819,0,5.82,1,2.71,1,2.73,1,0.92,3.67,1.85,2.83,4.32,5.21,42,12
n2_WT_F88K_M255K_S1_G17,52,0.8212,0.7762,0.9841,0,5.71,1,4.28,1,1.94,1,2.81,3.84,2.39,1.83,3.39,6.58,39,12
n2_WT_F88K_M255K_S1_G17,53,0.8199,0.7659,0.985,1,2.68,0,17.1,0,38.66,0,31.88,38.98,2.39,3.93,11.45,1.32,44,12
n2_WT_F88K_M255K_S1_G17,54,0.8199,0.7489,0.9838,1,4.61,1,4.64,1,2.83,1,2.8,2.54,2.89,2.4,4.37,6.53,37,12
n2_WT_F88K_M255K_S1_G17,55,0.8199,0.7552,0.9851,1,3.94,0,5.22,1,1.89,0,0.74,3.8,2.6,3.87,3.39,6.44,39,13
n2_WT_F88K_M255K_S1_G17,56,0.8193,0.7111,0.9792,0,5.94,0,5.93,1,3.12,0,0.94,4.25,3.31,2.47,3.14,6.74,39,11
n2_WT_F88K_M255K_S1_G17,57,0.8191,0.8423,0.9834,0,8.97,0,14.25,0,43.75,0,36.87,43.01,3.29,2.56,4.91,6.33,35,17
n2_WT_F88K_M255K_S1_G17,58,0.8189,0.7219,0.9831,0,6.99,1,4.35,1,3.15,1,0.98,3.98,1.28,3.43,3.75,5.92,38,12
n2_WT_F88K_M255K_S1_G17,59,0.8188,0.8992,0.9891,1,2.64,0,5.28,1,2.85,0,2.29,5.7,3.28,1.09,3.05,2.98,56,19
n2_WT_F88K_M255K_S1_G17,6,0.8353,0.8456,0.9819,1,3.83,0,9.88,1,2.41,0,0.76,4.33,1.85,2.17,3.8,5.2,45,19
n2_WT_F88K_M255K_S1_G17,60,0.8177,0.7771,0.9856,1,4.26,1,2.8,1,3.19,1,0.99,3.72,2.9,2.6,3.71,6.16,35,13
n2_WT_F88K_M255K_S1_G17,61,0.8176,0.762,0.9841,0,5.35,0,6.58,1,2.42,0,2.61,3.79,1.73,1.87,3.74,5.42,40,15
n2_WT_F88K_M255K_S1_G17,62,0.8174,0.7313,0.9825,1,3.51,0,5.73,1,2.64,0,0.58,4.06,0.82,2.1,5.15,4.49,40,11
n2_WT_F88K_M255K_S1_G17,63,0.8172,0.7307,0.9831,1,4.96,1,3.46,1,2.83,1,1.59,4.13,1.42,3.52,3.31,5.42,44,13
n2_WT_F88K_M255K_S1_G17,64,0.8168,0.755,0.9848,1,2.35,0,10.91,0,40.87,0,31.83,38.04,3.81,6.14,11.45,2.11,43,13
n2_WT_F88K_M255K_S1_G17,65,0.8167,0.6736,0.9814,1,4.82,0,17.8,0,20.62,0,12.63,19.51,1.75,2.05,5.85,5.48,36,11
n2_WT_F88K_M255K_S1_G17,66,0.8164,0.8758,0.9828,0,7.62,0,9.46,1,2.07,0,2.91,1.89,2.47,0.68,3.1,5.91,51,20
n2_WT_F88K_M255K_S1_G17,67,0.8158,0.8499,0.981,1,4.3,0,11.35,1,2.6,0,1.95,5.93,2.12,2.34,3.49,4.48,38,18
n2_WT_F88K_M255K_S1_G17,68,0.8142,0.8695,0.9851,1,3.91,0,11.62,1,3.75,0,2.21,2.99,3.17,2.79,4.34,3.34,38,20
n2_WT_F88K_M255K_S1_G17,69,0.8141,0.7607,0.9831,1,2.38,0,5.62,1,2.89,0,1.09,3.81,3.29,3.04,4.13,5.51,37,11
n2_WT_F88K_M255K_S1_G17,7,0.8352,0.8044,0.9856,1,3.17,0,5.65,1,1.96,0,3.16,2.19,2.76,1.82,3.43,5.05,40,11
n2_WT_F88K_M255K_S1_G17,70,0.8139,0.7216,0.9804,1,3.08,0,6.16,1,2.94,0,1.45,4.31,2.91,2.62,3.33,4.36,45,13
n2_WT_F88K_M255K_S1_G17,71,0.8134,0.7619,0.9837,1,4.2,1,3.88,1,2.98,1,0.85,4.45,3.2,2.75,3.44,4.86,41,13
n2_WT_F88K_M255K_S1_G17,72,0.8128,0.7257,0.9838,1,2.08,0,5.67,1,2.38,0,2.09,4.01,2.68,3.05,3.86,4.76,39,11
n2_WT_F88K_M255K_S1_G17,73,0.8116,0.7349,0.9844,1,2.78,0,6.38,1,3.13,0,1.19,4.03,2.81,2.3,4.36,3.51,45,15
n2_WT_F88K_M255K_S1_G17,74,0.8099,0.7307,0.9839,1,4.1,0,6.8,1,3.59,0,2.55,3.53,2.23,2.34,6.37,5.59,36,12
n2_WT_F88K_M255K_S1_G17,75,0.8096,0.7105,0.9833,1,3.0,1,4.25,1,2.4,1,0.9,4.1,1.58,2.49,3.75,5.77,37,13
n2_WT_F88K_M255K_S1_G17,76,0.8095,0.6872,0.9839,1,1.32,0,18.52,0,36.8,0,28.31,34.91,0.57,5.27,13.18,0.89,35,12
n2_WT_F88K_M255K_S1_G17,77,0.8089,0.837,0.9803,1,4.85,0,9.78,1,2.7,0,0.84,4.37,2.04,2.66,3.9,4.62,42,20
n2_WT_F88K_M255K_S1_G17,78,0.8085,0.759,0.9852,1,2.98,0,7.33,1,2.54,0,0.57,4.26,2.61,2.75,4.37,5.59,44,13
n2_WT_F88K_M255K_S1_G17,79,0.808,0.7884,0.9873,1,2.11,1,2.54,1,3.35,1,3.0,4.01,0.92,1.95,7.15,3.55,41,12
n2_WT_F88K_M255K_S1_G17,8,0.8344,0.8058,0.9864,1,2.44,1,4.34,1,2.2,1,1.13,4.27,2.52,1.82,3.57,4.9,41,13
n2_WT_F88K_M255K_S1_G17,80,0.8078,0.7131,0.9822,1,4.01,1,4.72,1,2.23,1,2.86,3.3,2.32,2.01,4.63,5.72,36,13
n2_WT_F88K_M255K_S1_G17,81,0.8069,0.6924,0.9777,0,5.17,0,14.04,0,24.04,0,22.49,25.32,2.5,1.73,1.93,6.26,36,12
n2_WT_F88K_M255K_S1_G17,82,0.8065,0.7245,0.9851,0,5.17,1,2.35,1,2.91,1,1.82,4.26,1.02,2.31,5.06,4.43,41,13
n2_WT_F88K_M255K_S1_G17,83,0.8046,0.6475,0.9798,0,6.25,0,17.42,0,24.66,0,23.76,25.89,3.07,3.16,4.03,6.13,28,12
n2_WT_F88K_M255K_S1_G17,84,0.8043,0.8393,0.9843,1,1.37,0,21.49,0,35.65,0,29.51,36.27,2.82,3.17,5.66,2.41,47,19
n2_WT_F88K_M255K_S1_G17,85,0.8035,0.6617,0.9803,0,7.09,1,4.41,1,2.0,1,2.84,1.5,2.72,2.57,3.51,6.22,41,13
n2_WT_F88K_M255K_S1_G17,86,0.8023,0.8448,0.9841,1,2.51,0,23.03,0,35.3,0,27.65,34.68,3.76,1.82,5.31,3.16,41,18
n2_WT_F88K_M255K_S1_G17,87,0.8022,0.7673,0.9781,0,7.16,0,11.67,1,2.1,0,1.3,4.27,1.66,1.61,3.71,6.08,38,17
n2_WT_F88K_M255K_S1_G17,88,0.802,0.6932,0.9782,0,5.64,0,14.9,0,25.55,0,23.81,26.06,1.33,2.13,4.04,6.35,31,11
n2_WT_F88K_M255K_S1_G17,89,0.7996,0.6771,0.9818,0,5.09,0,5.37,1,2.7,0,2.6,3.84,3.44,2.46,4.02,6.56,37,12
n2_WT_F88K_M255K_S1_G17,9,0.8338,0.8179,0.9874,1,4.36,1,4.52,1,3.06,1,0.72,3.97,2.76,3.03,3.15,5.88,40,11
n2_WT_F88K_M255K_S1_G17,90,0.7996,0.6474,0.9821,1,1.6,0,12.43,0,35.99,0,27.95,35.08,3.21,6.2,9.64,1.76,42,13
n2_WT_F88K_M255K_S1_G17,91,0.7977,0.7751,0.9806,1,4.71,1,2.6,1,1.83,1,3.32,3.97,2.64,1.49,7.26,4.3,35,11
n2_WT_F88K_M255K_S1_G17,92,0.7938,0.6815,0.9827,1,3.52,0,5.58,1,2.74,0,0.93,3.84,2.33,1.62,4.66,5.42,43,12
n2_WT_F88K_M255K_S1_G17,93,0.793,0.6666,0.9765,0,5.94,0,13.91,0,25.65,0,22.54,25.75,2.56,3.5,3.46,6.02,30,12
n2_WT_F88K_M255K_S1_G17,94,0.7906,0.7532,0.9782,0,5.66,1,1.59,1,3.04,1,0.29,4.35,2.8,2.32,7.66,6.51,35,14
n2_WT_F88K_M255K_S1_G17,95,0.7886,0.7347,0.9809,0,6.8,0,7.34,1,4.78,0,3.2,9.07,1.94,3.33,5.02,5.89,35,12
n2_WT_F88K_M255K_S1_G17,96,0.7857,0.684,0.98,1,2.67,1,4.88,1,2.38,1,2.33,2.76,2.87,2.66,7.89,4.67,34,12
n2_WT_F88K_M255K_S1_G17,97,0.7785,0.6362,0.9794,1,2.79,1,4.95,1,3.13,1,2.71,3.34,2.5,2.9,3.7,5.23,42,13
n2_WT_F88K_M255K_S1_G17,98,0.7751,0.7434,0.9786,1,3.43,0,16.21,0,36.43,0,28.22,35.04,2.03,2.93,6.36,1.72,45,18
n2_WT_F88K_M255K_S1_G17,99,0.7208,0.4609,0.9761,0,5.41,0,15.51,1,3.72,0,0.76,4.06,1.93,3.28,10.88,6.44,28,12
n2_WT_F88K_M255M_OFF_T_G17,0,0.8682,0.9057,0.9827,0,6.12,0,17.77,0,14.84,0,14.73,20.43,2.26,3.13,6.01,5.67,36,14
n2_WT_F88K_M255M_OFF_T_G17,1,0.8668,0.9358,0.9869,0,5.3,0,17.11,0,7.54,0,10.11,12.88,2.98,3.98,3.54,4.88,49,19
n2_WT_F88K_M255M_OFF_T_G17,10,0.8545,0.9153,0.9887,1,2.29,0,14.56,1,3.82,0,4.73,10.45,2.83,2.67,3.09,2.36,49,15
n2_WT_F88K_M255M_OFF_T_G17,11,0.8541,0.9371,0.9905,1,2.15,0,14.79,1,4.7,0,4.95,4.0,2.2,2.91,3.47,3.02,52,19
n2_WT_F88K_M255M_OFF_T_G17,12,0.8537,0.9038,0.9831,0,7.79,0,17.15,0,7.45,0,11.82,13.46,2.24,2.0,3.75,6.74,46,19
n2_WT_F88K_M255M_OFF_T_G17,13,0.851,0.9159,0.985,1,2.42,0,16.56,1,3.3,0,6.75,5.49,2.76,1.33,3.42,2.44,49,18
n2_WT_F88K_M255M_OFF_T_G17,14,0.8509,0.8781,0.9817,0,6.66,0,10.83,0,31.65,0,30.18,32.31,2.67,1.93,5.6,4.54,27,15
n2_WT_F88K_M255M_OFF_T_G17,15,0.8496,0.9398,0.9884,1,2.96,0,13.57,0,6.45,0,6.22,3.76,1.44,3.47,3.52,0.79,54,20
n2_WT_F88K_M255M_OFF_T_G17,16,0.8494,0.8955,0.9853,1,2.25,0,17.16,1,1.51,0,4.81,6.07,1.94,2.35,3.55,2.82,49,18
n2_WT_F88K_M255M_OFF_T_G17,17,0.8488,0.9182,0.9841,0,6.85,0,15.71,0,7.52,0,6.28,10.49,2.24,1.38,3.73,6.43,51,18
n2_WT_F88K_M255M_OFF_T_G17,18,0.8476,0.905,0.9795,0,5.3,0,17.53,1,4.22,0,6.52,3.74,3.1,2.5,2.59,6.04,48,16
n2_WT_F88K_M255M_OFF_T_G17,19,0.8458,0.9368,0.9897,1,2.68,0,13.29,0,5.34,0,8.65,4.67,1.95,2.9,4.22,3.44,54,18
n2_WT_F88K_M255M_OFF_T_G17,2,0.866,0.9287,0.986,0,5.44,0,16.33,0,5.55,0,5.04,5.68,1.86,2.8,3.75,5.94,39,16
n2_WT_F88K_M255M_OFF_T_G17,20,0.8457,0.9154,0.9867,1,3.08,0,15.14,1,4.9,0,5.35,4.76,1.98,2.37,4.9,2.05,52,18
n2_WT_F88K_M255M_OFF_T_G17,21,0.8446,0.8988,0.9855,1,1.99,0,15.14,1,2.01,0,3.46,4.75,2.95,2.55,2.27,3.09,57,23
n2_WT_F88K_M255M_OFF_T_G17,22,0.8437,0.8805,0.9805,0,6.76,0,17.98,0,5.12,0,6.23,6.05,2.25,2.13,2.5,6.15,38,16
n2_WT_F88K_M255M_OFF_T_G17,23,0.8431,0.8869,0.9822,0,10.76,0,15.1,1,4.07,0,3.82,8.23,3.22,2.99,4.1,7.73,44,17
n2_WT_F88K_M255M_OFF_T_G17,24,0.8427,0.8172,0.9829,0,8.13,0,16.82,1,2.8,0,6.89,5.26,2.42,1.95,3.68,6.46,32,13
n2_WT_F88K_M255M_OFF_T_G17,25,0.8423,0.9351,0.9885,1,2.06,0,18.91,1,2.52,0,6.82,3.83,2.16,2.01,4.63,2.62,60,18
n2_WT_F88K_M255M_OFF_T_G17,26,0.8423,0.8919,0.9807,0,6.94,0,16.13,1,1.25,0,1.15,4.01,2.86,2.63,4.24,5.98,42,18
n2_WT_F88K_M255M_OFF_T_G17,27,0.8417,0.933,0.9887,1,2.41,0,14.24,1,1.8,0,7.92,5.12,3.46,3.16,2.42,2.92,56,16
n2_WT_F88K_M255M_OFF_T_G17,28,0.8417,0.8838,0.9833,1,3.66,0,19.32,0,8.63,0,5.59,11.27,2.7,3.5,3.08,2.99,54,16
n2_WT_F88K_M255M_OFF_T_G17,29,0.8416,0.9317,0.9899,1,2.27,0,16.46,1,2.8,0,2.78,6.55,2.49,2.87,4.25,2.89,55,16
n2_WT_F88K_M255M_OFF_T_G17,3,0.8633,0.9144,0.9826,0,8.08,0,20.46,0,5.1,0,3.38,3.85,2.63,2.71,4.17,6.96,45,19
n2_WT_F88K_M255M_OFF_T_G17,30,0.8411,0.8573,0.9841,1,2.48,0,19.63,0,11.27,0,8.38,10.32,2.27,2.54,3.89,3.13,48,18
n2_WT_F88K_M255M_OFF_T_G17,31,0.841,0.9305,0.989,1,2.16,0,12.69,0,5.83,0,3.56,2.55,2.29,2.38,3.6,3.29,51,17
n2_WT_F88K_M255M_OFF_T_G17,32,0.8406,0.8798,0.9815,0,7.83,0,10.07,0,30.76,0,29.41,31.62,2.89,2.91,5.02,6.31,30,13
n2_WT_F88K_M255M_OFF_T_G17,33,0.8395,0.8902,0.9806,0,5.95,0,16.69,0,6.29,0,6.5,2.79,2.88,2.74,3.14,4.04,51,19
n2_WT_F88K_M255M_OFF_T_G17,34,0.8383,0.8681,0.9858,0,6.93,0,16.83,1,3.94,0,7.51,11.88,3.35,2.51,2.52,6.32,38,13
n2_WT_F88K_M255M_OFF_T_G17,35,0.8375,0.9092,0.9852,1,2.75,0,15.8,1,3.42,0,3.82,8.5,2.67,2.78,4.83,2.71,56,18
n2_WT_F88K_M255M_OFF_T_G17,36,0.8374,0.8679,0.9863,0,5.94,0,24.24,0,13.92,0,18.33,23.53,2.87,2.37,4.3,4.58,37,12
n2_WT_F88K_M255M_OFF_T_G17,37,0.8372,0.924,0.9875,1,2.03,0,11.71,1,0.64,0,1.22,3.81,3.06,4.61,4.28,2.98,59,19
n2_WT_F88K_M255M_OFF_T_G17,38,0.8367,0.8486,0.9829,0,7.45,0,18.73,0,32.93,0,29.74,35.39,2.46,0.86,5.61,7.17,29,12
n2_WT_F88K_M255M_OFF_T_G17,39,0.8362,0.8868,0.9854,0,7.68,0,16.07,1,3.67,0,9.91,11.67,2.46,2.41,4.56,7.35,38,16
n2_WT_F88K_M255M_OFF_T_G17,4,0.8627,0.897,0.9881,0,7.13,0,16.51,0,35.97,0,32.81,38.61,3.15,2.89,3.46,6.23,23,13
n2_WT_F88K_M255M_OFF_T_G17,40,0.8359,0.8916,0.9851,1,3.4,0,16.3,0,6.72,0,2.78,8.02,2.58,3.55,4.29,2.76,52,17
n2_WT_F88K_M255M_OFF_T_G17,41,0.8355,0.9483,0.9906,1,2.07,0,9.26,0,6.27,0,1.78,4.51,3.63,2.94,3.63,3.19,55,18
n2_WT_F88K_M255M_OFF_T_G17,42,0.8347,0.8646,0.9863,0,9.05,0,19.47,0,25.79,0,23.44,29.7,3.63,2.37,3.93,8.8,26,13
n2_WT_F88K_M255M_OFF_T_G17,43,0.8338,0.8642,0.9776,0,6.19,0,17.75,0,5.73,0,3.5,7.16,3.43,2.79,3.52,4.41,53,20
n2_WT_F88K_M255M_OFF_T_G17,44,0.8327,0.8535,0.9836,0,8.26,0,18.31,1,3.86,0,6.64,4.7,2.89,2.52,4.84,5.84,32,13
n2_WT_F88K_M255M_OFF_T_G17,45,0.8324,0.9098,0.9863,1,0.57,0,11.77,1,1.8,0,5.69,4.44,2.83,1.5,5.83,2.82,61,18
n2_WT_F88K_M255M_OFF_T_G17,46,0.8318,0.8684,0.9808,0,6.39,0,17.6,1,3.83,0,6.62,8.17,2.24,2.35,5.47,6.55,43,16
n2_WT_F88K_M255M_OFF_T_G17,47,0.8315,0.9464,0.9908,1,2.76,0,13.77,0,23.73,0,22.36,23.93,2.83,2.55,3.39,2.28,48,17
n2_WT_F88K_M255M_OFF_T_G17,48,0.8309,0.8511,0.9801,0,5.79,0,13.87,0,5.31,0,9.52,12.04,3.03,3.26,3.41,6.46,53,17
n2_WT_F88K_M255M_OFF_T_G17,49,0.8304,0.803,0.9829,0,8.41,0,18.09,1,4.52,0,1.81,4.26,3.8,3.22,4.67,6.45,36,16
n2_WT_F88K_M255M_OFF_T_G17,5,0.8593,0.9386,0.9887,1,2.49,0,13.95,1,2.85,0,7.29,4.59,2.32,2.5,3.1,3.3,58,15
n2_WT_F88K_M255M_OFF_T_G17,50,0.8299,0.8037,0.9821,0,7.93,0,17.85,1,1.08,0,6.3,5.93,3.35,2.77,0.89,6.65,31,11
n2_WT_F88K_M255M_OFF_T_G17,51,0.8293,0.844,0.978,0,8.09,0,18.6,1,4.77,0,5.53,4.67,1.48,3.44,1.27,6.17,47,17
n2_WT_F88K_M255M_OFF_T_G17,52,0.8283,0.8693,0.9797,0,11.06,0,13.88,0,30.12,0,28.91,31.16,2.62,1.75,5.57,8.03,29,15
n2_WT_F88K_M255M_OFF_T_G17,53,0.8281,0.8275,0.9805,0,5.57,0,18.39,1,4.27,0,7.92,4.23,2.63,1.98,4.14,5.16,39,16
n2_WT_F88K_M255M_OFF_T_G17,54,0.8279,0.89,0.9877,0,7.54,0,17.05,0,22.26,0,17.39,22.8,1.62,1.48,3.39,8.85,31,14
n2_WT_F88K_M255M_OFF_T_G17,55,0.8259,0.8607,0.9825,0,6.77,0,13.99,1,3.12,0,2.14,7.94,5.34,4.29,6.43,5.91,29,17
n2_WT_F88K_M255M_OFF_T_G17,56,0.8258,0.8046,0.9821,0,9.27,0,16.92,0,20.17,0,17.78,23.97,3.24,2.17,5.26,8.21,25,11
n2_WT_F88K_M255M_OFF_T_G17,57,0.8251,0.8583,0.984,0,9.08,0,15.74,0,28.93,0,25.03,30.99,4.14,4.89,5.1,9.75,16,9
n2_WT_F88K_M255M_OFF_T_G17,58,0.8222,0.87,0.9875,1,1.95,0,12.9,0,8.4,0,12.51,18.77,2.35,3.32,3.83,3.17,42,13
n2_WT_F88K_M255M_OFF_T_G17,59,0.822,0.7848,0.9803,0,7.5,0,16.96,1,3.12,0,4.42,2.68,1.38,2.21,3.91,4.36,38,17
n2_WT_F88K_M255M_OFF_T_G17,6,0.8592,0.9194,0.9883,1,1.85,0,16.65,1,4.81,0,6.15,3.47,1.65,2.11,3.76,3.26,53,15
n2_WT_F88K_M255M_OFF_T_G17,60,0.822,0.8923,0.9839,1,1.21,0,13.05,0,5.55,0,4.02,5.73,2.36,3.52,3.32,2.32,52,17
n2_WT_F88K_M255M_OFF_T_G17,61,0.8198,0.8839,0.9874,0,5.9,0,21.07,0,22.61,0,16.15,22.26,2.66,1.95,4.87,3.92,27,13
n2_WT_F88K_M255M_OFF_T_G17,62,0.8193,0.8112,0.9811,0,7.79,0,16.94,1,3.12,0,7.81,4.48,1.86,1.24,2.64,5.97,42,17
n2_WT_F88K_M255M_OFF_T_G17,63,0.8189,0.8658,0.9851,0,8.3,0,19.38,0,21.89,0,16.84,21.39,2.95,3.99,3.93,8.82,35,14
n2_WT_F88K_M255M_OFF_T_G17,64,0.8185,0.811,0.9834,0,7.34,0,17.31,1,4.1,0,5.77,3.94,3.05,3.02,3.74,5.45,40,14
n2_WT_F88K_M255M_OFF_T_G17,65,0.8184,0.8709,0.9866,1,3.04,0,13.25,1,4.19,0,6.19,5.63,2.69,3.33,5.04,2.77,54,17
n2_WT_F88K_M255M_OFF_T_G17,66,0.8167,0.9028,0.9865,1,1.8,0,15.76,0,45.09,0,38.11,44.03,2.85,2.29,3.67,3.09,39,16
n2_WT_F88K_M255M_OFF_T_G17,67,0.8164,0.7806,0.9774,0,7.74,0,21.9,1,1.73,0,7.52,6.78,3.55,2.7,3.52,5.75,33,13
n2_WT_F88K_M255M_OFF_T_G17,68,0.8146,0.8047,0.9831,0,10.52,0,16.48,0,20.49,0,17.84,23.87,3.16,2.53,3.66,8.17,30,15
n2_WT_F88K_M255M_OFF_T_G17,69,0.8137,0.7127,0.9814,0,7.04,0,18.92,1,2.01,0,6.71,11.08,3.46,0.73,3.19,6.84,33,13
n2_WT_F88K_M255M_OFF_T_G17,7,0.8588,0.8947,0.9873,1,1.44,0,19.25,1,2.13,0,7.37,6.08,2.12,3.3,4.27,3.5,53,19
n2_WT_F88K_M255M_OFF_T_G17,70,0.8135,0.8691,0.9825,0,7.35,0,19.23,0,22.91,0,22.68,28.14,2.96,2.5,2.75,7.27,31,13
n2_WT_F88K_M255M_OFF_T_G17,71,0.8132,0.8582,0.9841,0,5.38,0,16.35,0,7.92,0,5.79,11.93,1.96,0.88,3.17,4.82,41,18
n2_WT_F88K_M255M_OFF_T_G17,72,0.8129,0.7914,0.9796,0,7.0,0,8.47,0,28.87,0,34.11,31.91,2.27,1.92,4.51,6.69,30,14
n2_WT_F88K_M255M_OFF_T_G17,73,0.8123,0.8221,0.9834,0,8.66,0,16.73,0,17.4,0,14.38,20.75,4.08,2.98,3.93,6.81,25,11
n2_WT_F88K_M255M_OFF_T_G17,74,0.8114,0.8731,0.983,1,4.05,0,17.04,0,14.1,0,13.42,11.92,3.2,1.33,6.02,4.07,47,18
n2_WT_F88K_M255M_OFF_T_G17,75,0.8109,0.792,0.9799,0,7.47,0,16.32,0,8.62,0,11.87,8.33,0.98,1.62,2.92,5.6,48,20
n2_WT_F88K_M255M_OFF_T_G17,76,0.8108,0.8004,0.9826,1,4.79,0,17.37,0,5.49,0,1.7,5.85,1.14,2.19,3.56,5.08,43,16
n2_WT_F88K_M255M_OFF_T_G17,77,0.8105,0.7491,0.9788,0,5.63,0,17.46,1,3.6,0,6.96,4.42,2.92,2.65,3.41,5.53,39,14
n2_WT_F88K_M255M_OFF_T_G17,78,0.81,0.8276,0.9829,0,5.61,0,13.53,0,37.74,0,41.77,40.9,0.99,3.0,5.24,4.86,28,11
n2_WT_F88K_M255M_OFF_T_G17,79,0.8087,0.8203,0.9859,0,6.91,0,20.39,0,6.3,0,8.13,12.93,2.61,2.08,5.49,4.98,22,11
n2_WT_F88K_M255M_OFF_T_G17,8,0.8584,0.9494,0.9901,1,2.11,0,12.65,1,3.9,0,6.0,6.29,3.27,2.59,2.99,3.28,56,17
n2_WT_F88K_M255M_OFF_T_G17,80,0.8086,0.8226,0.9814,1,4.58,0,17.27,1,4.49,0,5.21,8.15,1.54,2.54,4.57,4.66,39,12
n2_WT_F88K_M255M_OFF_T_G17,81,0.8059,0.8382,0.9836,0,11.52,0,14.56,0,25.29,0,23.19,28.25,3.68,2.33,4.09,7.82,30,12
n2_WT_F88K_M255M_OFF_T_G17,82,0.8022,0.849,0.986,0,6.05,0,11.72,0,16.54,0,9.98,15.23,3.3,3.65,4.69,5.93,22,12
n2_WT_F88K_M255M_OFF_T_G17,83,0.7936,0.7811,0.9798,0,8.1,0,17.99,1,1.96,0,7.53,3.52,1.89,2.65,3.89,6.6,38,16
n2_WT_F88K_M255M_OFF_T_G17,84,0.792,0.6984,0.9783,0,7.94,0,16.96,0,30.84,0,31.16,35.83,2.48,3.28,2.41,5.57,27,11
n2_WT_F88K_M255M_OFF_T_G17,85,0.7909,0.735,0.9791,0,5.39,0,14.55,1,2.84,0,5.93,6.24,1.43,2.62,3.72,5.61,55,16
n2_WT_F88K_M255M_OFF_T_G17,86,0.7908,0.7722,0.98,0,7.94,0,17.43,1,1.16,0,3.84,2.93,2.05,2.36,5.17,5.33,34,12
n2_WT_F88K_M255M_OFF_T_G17,87,0.7907,0.7077,0.9815,0,7.95,0,15.43,0,39.07,0,36.38,42.09,1.34,2.57,2.93,6.69,24,7
n2_WT_F88K_M255M_OFF_T_G17,88,0.7901,0.6872,0.9797,0,7.89,0,16.35,1,4.97,0,4.4,8.36,1.01,3.57,4.77,7.3,34,15
n2_WT_F88K_M255M_OFF_T_G17,89,0.7889,0.7131,0.9738,1,1.65,0,15.59,1,3.9,0,6.78,5.67,0.84,2.5,2.97,1.53,55,18
n2_WT_F88K_M255M_OFF_T_G17,9,0.857,0.9213,0.9852,0,6.37,0,18.44,0,7.04,0,3.75,7.6,3.14,2.33,2.96,4.84,51,21
n2_WT_F88K_M255M_OFF_T_G17,90,0.7804,0.7658,0.9796,1,2.38,0,10.24,1,2.45,0,5.5,7.25,2.96,3.04,2.98,2.2,60,18
n2_WT_F88K_M255M_OFF_T_G17,91,0.7771,0.6445,0.9742,1,4.57,0,17.36,1,4.94,0,11.17,12.69,2.14,2.03,2.47,5.35,53,17
n2_WT_F88K_M255M_OFF_T_G17,92,0.7766,0.736,0.9814,0,6.41,0,17.91,0,16.93,0,13.26,19.43,1.78,1.76,6.6,6.24,22,13
n2_WT_F88K_M255M_OFF_T_G17,93,0.7735,0.7065,0.979,0,7.76,0,19.56,0,7.27,0,8.97,15.56,3.14,2.09,3.78,7.63,36,13
n2_WT_F88K_M255M_OFF_T_G17,94,0.7622,0.6542,0.9784,0,6.69,0,21.3,0,20.56,0,16.4,21.59,2.27,2.25,2.3,7.27,34,12
n2_WT_F88K_M255M_OFF_T_G17,95,0.7588,0.7215,0.9805,1,2.4,0,15.0,0,23.0,0,14.6,20.23,3.95,2.14,5.29,2.87,40,14
n2_WT_F88K_M255M_OFF_T_G17,96,0.7588,0.5954,0.9777,0,7.03,0,19.31,0,5.34,0,6.81,5.04,1.35,2.33,4.41,6.94,38,12
n2_WT_F88K_M255M_OFF_T_G17,97,0.7506,0.5914,0.9754,0,6.75,0,15.97,1,4.52,0,6.55,4.47,1.48,1.87,5.28,5.7,41,19
n2_WT_F88K_M255M_OFF_T_G17,98,0.7496,0.6898,0.9823,1,2.62,0,12.6,1,2.72,0,2.59,6.38,2.11,3.08,4.76,3.17,49,16
n2_WT_F88K_M255M_OFF_T_G17,99,0.7427,0.6091,0.9758,0,5.18,0,10.17,0,6.59,0,5.77,8.16,3.31,2.2,6.07,5.64,32,14
n2_WT_F88K_M255M_S1_G17,0,0.8537,0.8967,0.9855,1,2.59,1,2.88,1,3.37,1,1.47,3.9,2.13,1.44,5.01,4.45,37,14
n2_WT_F88K_M255M_S1_G17,1,0.8386,0.8269,0.987,0,5.51,1,3.82,1,2.0,1,3.47,1.42,2.3,2.09,4.14,5.62,41,12
n2_WT_F88K_M255M_S1_G17,10,0.8339,0.8222,0.9863,0,7.3,1,4.67,0,42.9,0,37.13,40.59,1.48,2.14,4.24,6.53,42,12
n2_WT_F88K_M255M_S1_G17,11,0.8331,0.8077,0.9867,1,4.28,0,5.55,1,2.37,0,2.53,3.49,2.27,2.05,4.02,5.58,41,13
n2_WT_F88K_M255M_S1_G17,12,0.8329,0.8265,0.9885,1,2.05,0,6.77,1,2.44,0,3.58,2.97,0.57,1.59,3.97,5.2,42,13
n2_WT_F88K_M255M_S1_G17,13,0.8328,0.7518,0.9823,0,7.4,1,4.03,1,2.57,1,1.78,3.36,2.84,3.57,3.08,6.03,39,15
n2_WT_F88K_M255M_S1_G17,14,0.8328,0.845,0.9884,0,5.29,0,5.38,1,2.82,0,2.28,4.86,1.68,3.02,4.28,6.06,39,12
n2_WT_F88K_M255M_S1_G17,15,0.8323,0.8347,0.9876,1,4.93,1,3.87,1,2.35,1,1.96,5.7,2.79,3.04,3.15,6.62,42,13
n2_WT_F88K_M255M_S1_G17,16,0.8312,0.7972,0.9876,1,2.21,0,5.19,1,2.7,0,3.43,1.69,2.92,4.06,4.11,4.85,38,10
n2_WT_F88K_M255M_S1_G17,17,0.8312,0.7964,0.9856,1,3.68,1,4.55,1,2.67,1,3.28,1.3,2.47,2.5,3.37,5.78,42,13
n2_WT_F88K_M255M_S1_G17,18,0.8297,0.819,0.9894,1,1.58,1,4.95,1,1.54,1,2.7,1.67,3.1,1.43,3.84,3.64,45,13
n2_WT_F88K_M255M_S1_G17,19,0.8294,0.7793,0.9849,0,7.3,1,4.65,1,2.75,1,2.48,2.13,1.68,1.99,4.23,6.31,39,13
n2_WT_F88K_M255M_S1_G17,2,0.838,0.8847,0.9825,0,5.34,0,10.37,1,2.61,0,2.37,2.39,0.65,3.22,3.74,2.74,42,20
n2_WT_F88K_M255M_S1_G17,20,0.8294,0.9384,0.9899,1,4.06,0,7.21,1,2.83,0,1.53,2.64,1.62,1.96,2.99,2.47,46,19
n2_WT_F88K_M255M_S1_G17,21,0.8292,0.8313,0.9886,0,5.31,0,6.38,0,8.5,0,6.72,10.79,2.91,2.56,2.85,6.56,36,13
n2_WT_F88K_M255M_S1_G17,22,0.8288,0.7951,0.9866,0,6.8,1,4.84,1,3.02,1,3.3,1.91,2.24,2.44,3.32,6.29,43,13
n2_WT_F88K_M255M_S1_G17,23,0.8284,0.7898,0.9836,0,5.02,0,5.8,1,1.43,0,3.28,2.02,2.87,3.69,4.35,6.27,40,11
n2_WT_F88K_M255M_S1_G17,24,0.8281,0.8228,0.9879,0,6.06,1,2.53,1,2.25,1,1.86,5.74,0.86,2.62,6.34,3.08,38,12
n2_WT_F88K_M255M_S1_G17,25,0.8269,0.7909,0.9868,1,4.21,1,4.58,1,3.01,1,1.83,2.94,3.42,3.37,4.04,6.4,44,15
n2_WT_F88K_M255M_S1_G17,26,0.8269,0.8075,0.988,1,2.63,1,4.03,1,2.7,1,2.1,6.37,1.97,2.97,2.79,5.52,44,12
n2_WT_F88K_M255M_S1_G17,27,0.8267,0.7957,0.986,1,3.63,0,5.93,1,1.93,0,3.28,2.52,1.4,2.41,4.51,5.08,39,13
n2_WT_F88K_M255M_S1_G17,28,0.8264,0.8023,0.985,1,1.99,0,5.69,1,2.81,0,3.21,1.84,2.92,1.74,4.17,2.23,45,12
n2_WT_F88K_M255M_S1_G17,29,0.8264,0.8019,0.9849,1,3.63,1,4.43,1,2.55,1,2.26,7.08,1.43,2.62,3.42,5.25,37,12
n2_WT_F88K_M255M_S1_G17,3,0.8374,0.803,0.9865,1,1.78,0,25.12,0,31.86,0,25.22,31.37,1.2,5.74,12.43,3.07,29,9
n2_WT_F88K_M255M_S1_G17,30,0.8262,0.7723,0.9855,1,3.15,0,11.42,0,36.31,0,27.63,33.27,3.48,5.58,10.6,2.15,48,13
n2_WT_F88K_M255M_S1_G17,31,0.8262,0.824,0.9891,1,3.69,1,4.36,1,3.3,1,2.81,3.21,2.84,2.47,3.76,5.22,40,13
n2_WT_F88K_M255M_S1_G17,32,0.826,0.7706,0.9842,1,1.95,0,15.16,0,37.47,0,28.96,34.95,4.28,4.71,10.79,1.23,43,12
n2_WT_F88K_M255M_S1_G17,33,0.825,0.8021,0.9853,1,3.3,1,3.15,1,2.0,1,2.02,6.14,2.4,2.35,3.17,5.56,41,14
n2_WT_F88K_M255M_S1_G17,34,0.8248,0.8113,0.9858,1,1.86,0,5.85,1,1.9,0,3.33,3.31,1.81,1.83,3.58,5.53,39,11
n2_WT_F88K_M255M_S1_G17,35,0.8248,0.8049,0.9867,1,3.45,1,3.94,1,1.46,1,3.34,1.42,1.16,0.92,3.65,5.7,41,14
n2_WT_F88K_M255M_S1_G17,36,0.8244,0.8556,0.9799,0,6.94,0,10.7,1,3.5,0,1.7,3.36,1.51,1.81,2.95,5.06,46,18
n2_WT_F88K_M255M_S1_G17,37,0.8241,0.8136,0.9862,1,2.45,1,3.97,1,2.14,1,2.42,5.76,2.79,2.75,3.55,4.58,37,10
n2_WT_F88K_M255M_S1_G17,38,0.8241,0.7836,0.9842,1,2.79,1,4.49,1,2.74,1,3.26,3.77,2.64,2.99,4.38,5.27,42,13
n2_WT_F88K_M255M_S1_G17,39,0.8239,0.7747,0.985,0,5.96,1,3.92,1,0.78,1,2.76,3.18,1.74,1.75,3.04,6.58,40,14
n2_WT_F88K_M255M_S1_G17,4,0.8368,0.8127,0.9862,1,1.97,1,4.22,1,2.92,1,3.04,2.78,2.98,2.46,3.38,4.54,44,14
n2_WT_F88K_M255M_S1_G17,40,0.8231,0.8177,0.9874,1,3.01,0,6.52,1,1.33,0,2.78,2.86,1.86,3.46,3.92,5.01,34,12
n2_WT_F88K_M255M_S1_G17,41,0.8226,0.7782,0.9846,1,3.47,0,6.47,1,2.18,0,3.01,3.13,2.77,2.93,3.13,6.55,39,13
n2_WT_F88K_M255M_S1_G17,42,0.8219,0.7684,0.9854,1,3.43,0,7.05,1,2.42,0,2.05,4.79,3.99,2.7,3.76,5.62,40,12
n2_WT_F88K_M255M_S1_G17,43,0.8218,0.8276,0.9882,1,2.13,1,4.13,1,2.45,1,3.43,2.78,2.9,3.17,3.25,5.41,42,13
n2_WT_F88K_M255M_S1_G17,44,0.8212,0.7791,0.9849,1,2.42,1,3.98,1,2.61,1,3.3,2.73,2.49,2.36,3.01,5.21,40,12
n2_WT_F88K_M255M_S1_G17,45,0.8208,0.7782,0.9845,1,2.6,0,5.62,1,2.69,0,2.42,2.41,2.39,1.94,4.28,3.58,42,15
n2_WT_F88K_M255M_S1_G17,46,0.8208,0.7449,0.9824,1,2.91,1,4.94,1,2.43,1,2.73,2.19,2.22,2.71,3.03,3.36,45,12
n2_WT_F88K_M255M_S1_G17,47,0.8208,0.7707,0.985,0,5.38,1,3.55,1,2.32,1,1.73,3.79,3.12,3.42,3.46,4.25,40,15
n2_WT_F88K_M255M_S1_G17,48,0.8205,0.7863,0.986,1,4.66,1,4.15,1,2.22,1,2.06,6.48,2.67,2.63,2.83,6.93,37,13
n2_WT_F88K_M255M_S1_G17,49,0.8204,0.7754,0.9841,1,2.83,1,4.62,1,4.52,1,2.74,7.78,0.86,2.29,4.22,3.93,35,13
n2_WT_F88K_M255M_S1_G17,5,0.8363,0.7902,0.9872,0,6.4,1,3.3,1,3.08,1,3.17,3.48,2.03,3.34,4.12,5.22,42,13
n2_WT_F88K_M255M_S1_G17,50,0.8203,0.7409,0.9827,1,1.92,0,5.71,1,2.54,0,3.28,0.92,0.86,1.82,4.64,3.21,36,9
n2_WT_F88K_M255M_S1_G17,51,0.8202,0.7783,0.9847,1,3.38,1,3.18,1,3.18,1,1.79,3.33,0.99,3.23,4.01,5.19,44,12
n2_WT_F88K_M255M_S1_G17,52,0.8202,0.7634,0.985,1,3.65,0,5.34,1,1.26,0,2.55,2.52,4.21,1.96,4.47,5.78,38,13
n2_WT_F88K_M255M_S1_G17,53,0.82,0.7703,0.9834,0,5.95,0,5.41,1,2.03,0,3.18,3.18,3.1,1.46,3.4,6.43,41,13
n2_WT_F88K_M255M_S1_G17,54,0.8191,0.7829,0.9856,1,2.44,0,5.66,1,2.02,0,3.47,2.5,2.48,3.59,4.13,5.28,38,14
n2_WT_F88K_M255M_S1_G17,55,0.8189,0.7305,0.9831,0,7.08,1,2.91,1,3.32,1,1.78,2.97,2.93,3.31,5.29,4.42,34,13
n2_WT_F88K_M255M_S1_G17,56,0.8186,0.7153,0.9787,0,5.57,0,12.69,0,26.28,0,23.04,26.22,2.26,4.08,3.53,4.92,29,13
n2_WT_F88K_M255M_S1_G17,57,0.8178,0.7737,0.9855,1,3.14,1,4.84,0,8.29,0,4.28,8.59,3.29,3.24,4.43,5.46,36,13
n2_WT_F88K_M255M_S1_G17,58,0.8173,0.8308,0.9863,1,3.35,1,4.57,1,2.28,1,2.44,6.85,2.97,1.98,3.74,6.15,38,9
n2_WT_F88K_M255M_S1_G17,59,0.8171,0.7112,0.9798,0,7.13,1,4.37,1,2.68,1,3.33,2.79,3.64,2.49,3.13,6.78,38,12
n2_WT_F88K_M255M_S1_G17,6,0.8362,0.906,0.9863,1,4.5,0,10.5,1,3.53,0,1.76,4.11,2.3,2.15,3.69,2.87,47,19
n2_WT_F88K_M255M_S1_G17,60,0.817,0.751,0.9845,1,3.91,0,6.98,1,3.05,0,2.0,3.56,0.79,2.5,3.6,5.33,35,13
n2_WT_F88K_M255M_S1_G17,61,0.8167,0.7505,0.9847,1,2.64,0,6.06,1,1.77,0,3.4,2.83,2.35,2.76,3.3,5.76,38,12
n2_WT_F88K_M255M_S1_G17,62,0.8156,0.7505,0.9818,1,2.97,0,5.67,1,3.92,0,1.98,2.98,2.76,2.42,3.07,5.94,41,14
n2_WT_F88K_M255M_S1_G17,63,0.8148,0.7896,0.986,1,3.14,0,5.91,1,2.47,0,2.22,2.29,2.45,3.2,4.97,4.38,32,13
n2_WT_F88K_M255M_S1_G17,64,0.8147,0.7871,0.9861,1,3.34,0,8.18,1,2.6,0,3.21,2.4,3.0,1.13,3.96,6.11,44,12
n2_WT_F88K_M255M_S1_G17,65,0.8132,0.7891,0.9863,1,4.53,1,3.22,1,3.8,1,2.25,5.95,2.75,2.29,4.12,6.52,40,13
n2_WT_F88K_M255M_S1_G17,66,0.8127,0.7611,0.9862,1,2.97,1,4.4,1,2.51,1,2.28,6.58,0.95,2.39,4.25,3.96,42,12
n2_WT_F88K_M255M_S1_G17,67,0.8116,0.7343,0.9835,0,5.43,1,3.44,1,2.35,1,1.54,6.21,1.7,3.3,4.12,5.54,38,11
n2_WT_F88K_M255M_S1_G17,68,0.8111,0.7467,0.9863,1,4.91,1,4.93,1,1.81,1,1.96,6.65,1.21,3.08,4.47,5.74,37,13
n2_WT_F88K_M255M_S1_G17,69,0.8106,0.7623,0.9851,1,3.46,1,4.91,1,3.41,1,3.14,6.5,3.15,2.13,2.99,5.55,36,14
n2_WT_F88K_M255M_S1_G17,7,0.8357,0.8152,0.987,1,4.45,0,5.24,1,2.23,0,3.81,3.43,2.28,1.88,3.13,6.42,40,12
n2_WT_F88K_M255M_S1_G17,70,0.8101,0.7414,0.985,1,2.97,1,2.92,1,2.9,1,2.34,2.42,1.26,2.56,4.36,4.23,41,13
n2_WT_F88K_M255M_S1_G17,71,0.8099,0.751,0.9846,1,3.32,1,4.47,1,2.96,1,2.17,6.84,2.56,2.95,3.56,5.43,33,12
n2_WT_F88K_M255M_S1_G17,72,0.8099,0.6801,0.9792,0,5.18,1,4.49,1,3.55,1,2.7,1.88,1.71,3.01,3.3,5.53,42,14
n2_WT_F88K_M255M_S1_G17,73,0.8099,0.6793,0.9809,0,7.53,1,2.69,1,2.64,1,3.22,2.67,1.76,1.74,4.18,6.41,38,14
n2_WT_F88K_M255M_S1_G17,74,0.8096,0.7607,0.9842,1,2.75,0,5.96,1,3.12,0,0.86,4.04,1.27,2.26,3.89,5.62,39,10
n2_WT_F88K_M255M_S1_G17,75,0.8096,0.73,0.9819,1,4.53,0,5.15,1,3.96,0,4.34,8.16,2.75,3.27,2.77,5.87,46,16
n2_WT_F88K_M255M_S1_G17,76,0.8091,0.7833,0.9846,1,3.71,0,5.29,1,2.34,0,3.16,1.64,3.4,1.92,4.55,6.46,44,14
n2_WT_F88K_M255M_S1_G17,77,0.8086,0.7524,0.9835,1,3.63,0,5.26,1,2.93,0,2.79,2.9,2.68,3.39,3.16,5.68,36,13
n2_WT_F88K_M255M_S1_G17,78,0.8057,0.6957,0.9821,1,4.46,1,4.7,1,3.4,1,2.86,3.17,2.26,3.41,3.77,6.23,42,14
n2_WT_F88K_M255M_S1_G17,79,0.8046,0.7481,0.9836,1,4.16,1,2.37,1,1.97,1,1.26,2.26,1.86,3.12,2.62,6.17,40,13
n2_WT_F88K_M255M_S1_G17,8,0.8353,0.807,0.9865,1,2.44,1,4.74,1,2.75,1,3.09,2.24,2.17,1.97,3.24,4.78,44,12
n2_WT_F88K_M255M_S1_G17,80,0.8023,0.7206,0.9852,1,2.18,0,13.47,0,35.6,0,27.36,33.71,3.18,6.46,9.98,0.96,40,13
n2_WT_F88K_M255M_S1_G17,81,0.8021,0.7185,0.9826,1,3.89,0,7.25,0,9.68,0,10.2,13.86,1.73,2.97,2.83,5.33,42,12
n2_WT_F88K_M255M_S1_G17,82,0.8017,0.6457,0.9811,1,1.51,0,15.85,0,36.74,0,28.08,33.7,1.03,4.4,13.08,1.73,38,11
n2_WT_F88K_M255M_S1_G17,83,0.801,0.7779,0.9781,0,7.23,0,10.46,1,3.11,0,2.32,5.01,1.29,1.64,4.25,5.64,43,19
n2_WT_F88K_M255M_S1_G17,84,0.7987,0.6582,0.98,0,6.05,1,3.82,1,1.97,1,3.51,1.47,2.84,1.64,3.49,5.01,41,14
n2_WT_F88K_M255M_S1_G17,85,0.7961,0.6894,0.9815,1,3.2,0,5.74,1,2.21,0,1.77,5.23,2.97,3.89,3.26,6.2,39,14
n2_WT_F88K_M255M_S1_G17,86,0.7954,0.7179,0.9835,1,4.69,0,6.02,1,3.22,0,1.12,4.88,2.65,2.12,4.96,5.91,37,15
n2_WT_F88K_M255M_S1_G17,87,0.7952,0.7219,0.9816,0,7.15,0,21.85,0,24.87,0,21.34,24.82,2.67,1.18,2.69,6.63,31,10
n2_WT_F88K_M255M_S1_G17,88,0.7952,0.7076,0.9841,0,5.17,1,3.14,1,2.91,1,3.1,2.43,2.8,3.09,3.69,6.2,38,13
n2_WT_F88K_M255M_S1_G17,89,0.7932,0.7763,0.9788,0,7.78,0,5.56,1,3.78,0,2.76,3.0,3.85,1.68,4.03,5.45,33,16
n2_WT_F88K_M255M_S1_G17,9,0.8348,0.7923,0.9857,1,3.39,0,5.44,1,2.7,0,3.26,2.83,1.95,2.36,3.49,4.96,41,13
n2_WT_F88K_M255M_S1_G17,90,0.7924,0.7356,0.9777,0,7.18,0,11.33,1,1.36,0,1.65,2.84,2.68,2.48,3.43,5.61,38,18
n2_WT_F88K_M255M_S1_G17,91,0.7856,0.7914,0.9819,0,5.12,0,6.39,1,3.24,0,1.91,3.8,2.83,2.21,4.43,5.26,44,19
n2_WT_F88K_M255M_S1_G17,92,0.7807,0.6564,0.9832,0,8.59,0,7.86,1,4.08,0,1.59,4.21,1.28,2.27,4.19,6.46,35,11
n2_WT_F88K_M255M_S1_G17,93,0.7764,0.6473,0.9813,1,3.3,0,5.59,1,2.21,0,0.63,5.21,2.5,2.53,3.25,5.68,44,13
n2_WT_F88K_M255M_S1_G17,94,0.7711,0.7158,0.979,1,1.65,0,19.75,0,39.87,0,31.51,36.85,1.98,3.11,6.29,2.34,44,19
n2_WT_F88K_M255M_S1_G17,95,0.7687,0.6994,0.9821,0,6.01,0,15.1,1,4.68,0,6.89,8.85,2.99,3.32,4.61,5.68,38,14
n2_WT_F88K_M255M_S1_G17,96,0.7681,0.5492,0.9748,0,5.21,0,16.06,0,23.19,0,21.54,23.91,3.75,1.65,2.08,4.45,34,11
n2_WT_F88K_M255M_S1_G17,97,0.7627,0.6592,0.9749,0,7.51,0,9.82,1,2.53,0,1.31,4.77,2.12,1.1,2.65,5.28,43,19
n2_WT_F88K_M255M_S1_G17,98,0.758,0.7186,0.9763,0,5.06,1,4.36,1,2.99,1,2.4,6.66,2.61,0.71,4.04,6.69,47,18
n2_WT_F88K_M255M_S1_G17,99,0.724,0.5381,0.9709,0,7.95,0,6.52,1,1.7,0,2.82,7.23,2.95,1.5,4.3,7.73,36,15
n2_WT_F88R_M255A_OFF_T_G17,0,0.8634,0.8974,0.9857,0,7.31,0,18.03,0,8.75,0,9.05,15.71,1.59,2.49,3.82,6.15,43,16
n2_WT_F88R_M255A_OFF_T_G17,1,0.8619,0.8811,0.9849,1,4.24,0,14.9,0,7.76,0,9.9,16.19,2.78,2.0,2.63,5.4,50,16
n2_WT_F88R_M255A_OFF_T_G17,10,0.8529,0.8863,0.982,0,6.54,0,13.26,0,32.76,0,31.5,33.38,2.83,1.73,5.33,4.81,31,15
n2_WT_F88R_M255A_OFF_T_G17,11,0.8529,0.928,0.9807,0,5.55,0,13.34,0,6.48,0,5.37,11.03,2.84,2.55,4.9,5.7,45,16
n2_WT_F88R_M255A_OFF_T_G17,12,0.8528,0.8264,0.981,0,6.59,0,19.19,0,6.87,0,4.81,13.05,2.77,2.63,4.69,4.79,34,13
n2_WT_F88R_M255A_OFF_T_G17,13,0.8519,0.918,0.9851,1,3.77,0,14.19,1,2.64,0,6.65,13.91,2.67,2.54,2.96,5.3,49,19
n2_WT_F88R_M255A_OFF_T_G17,14,0.8516,0.8344,0.9786,0,6.53,0,20.24,0,8.59,0,5.37,11.16,2.11,3.12,4.31,5.91,41,19
n2_WT_F88R_M255A_OFF_T_G17,15,0.8505,0.9359,0.9858,0,6.41,0,16.78,0,15.5,0,14.71,18.99,2.11,2.43,4.15,6.1,43,17
n2_WT_F88R_M255A_OFF_T_G17,16,0.849,0.8647,0.985,0,7.9,0,16.48,0,5.83,0,5.88,12.97,2.21,3.18,2.98,5.72,35,14
n2_WT_F88R_M255A_OFF_T_G17,17,0.8479,0.7831,0.9847,0,7.7,0,15.85,0,8.32,0,1.91,10.3,1.97,3.67,2.26,5.82,35,13
n2_WT_F88R_M255A_OFF_T_G17,18,0.8467,0.8548,0.978,0,6.91,0,16.53,0,9.8,0,5.38,14.09,2.63,2.7,3.22,6.57,41,18
n2_WT_F88R_M255A_OFF_T_G17,19,0.8466,0.8895,0.983,1,4.93,0,15.74,0,6.48,0,12.31,11.5,2.46,2.41,5.57,3.69,47,17
n2_WT_F88R_M255A_OFF_T_G17,2,0.8604,0.8895,0.9869,1,4.5,0,15.54,0,36.58,0,33.58,41.49,3.16,2.55,3.19,5.44,29,16
n2_WT_F88R_M255A_OFF_T_G17,20,0.8451,0.8098,0.9765,0,5.39,0,28.45,0,8.94,0,13.66,12.23,3.53,2.4,7.39,6.09,46,15
n2_WT_F88R_M255A_OFF_T_G17,21,0.845,0.9175,0.9827,0,6.28,0,16.54,0,21.59,0,16.72,23.56,2.94,2.56,4.5,4.69,38,15
n2_WT_F88R_M255A_OFF_T_G17,22,0.8449,0.8827,0.9856,1,4.95,0,15.52,0,9.92,0,9.74,16.79,3.11,1.53,3.07,5.74,48,16
n2_WT_F88R_M255A_OFF_T_G17,23,0.8433,0.8729,0.982,1,2.29,0,25.38,1,1.71,0,1.83,7.53,1.78,1.4,7.34,2.45,37,16
n2_WT_F88R_M255A_OFF_T_G17,24,0.8433,0.8811,0.9818,0,6.57,0,17.57,0,28.75,0,24.51,32.69,2.89,0.91,4.76,6.56,36,14
n2_WT_F88R_M255A_OFF_T_G17,25,0.8424,0.8554,0.9845,1,4.72,0,17.73,0,10.82,0,7.03,12.2,0.31,3.51,5.53,4.73,45,15
n2_WT_F88R_M255A_OFF_T_G17,26,0.8419,0.8786,0.9838,0,6.86,0,17.61,0,23.75,0,22.61,31.16,1.58,2.13,3.51,6.3,31,14
n2_WT_F88R_M255A_OFF_T_G17,27,0.8399,0.8477,0.9813,1,4.5,0,16.41,0,6.4,0,6.49,14.71,0.66,2.16,3.0,5.01,44,16
n2_WT_F88R_M255A_OFF_T_G17,28,0.8394,0.8461,0.9847,1,2.2,0,26.18,0,5.96,0,10.45,15.43,1.2,2.02,4.22,3.35,46,15
n2_WT_F88R_M255A_OFF_T_G17,29,0.8393,0.8311,0.9815,0,5.82,0,16.23,0,9.55,0,6.7,13.91,2.95,1.59,2.41,6.04,39,15
n2_WT_F88R_M255A_OFF_T_G17,3,0.8569,0.873,0.9818,0,5.55,0,28.11,0,7.22,0,2.62,7.43,1.65,1.56,5.8,6.38,45,18
n2_WT_F88R_M255A_OFF_T_G17,30,0.8384,0.8573,0.9764,0,6.6,0,18.24,0,26.34,0,24.17,32.67,2.19,1.85,1.99,5.42,35,14
n2_WT_F88R_M255A_OFF_T_G17,31,0.8383,0.8995,0.9846,0,5.5,0,18.06,0,23.18,0,20.79,29.56,2.5,1.32,3.99,4.58,34,13
n2_WT_F88R_M255A_OFF_T_G17,32,0.838,0.9276,0.9886,1,1.95,0,9.52,0,5.48,0,3.5,11.55,3.19,2.15,4.18,3.2,55,17
n2_WT_F88R_M255A_OFF_T_G17,33,0.8367,0.8515,0.9848,0,7.27,0,17.58,0,14.7,0,8.31,16.5,2.7,1.78,4.43,7.73,41,15
n2_WT_F88R_M255A_OFF_T_G17,34,0.8364,0.8962,0.9872,0,5.79,0,17.76,0,18.62,0,16.56,24.74,1.3,2.24,5.0,6.94,31,13
n2_WT_F88R_M255A_OFF_T_G17,35,0.8358,0.8229,0.9818,0,6.88,0,19.11,0,5.75,0,9.5,8.15,2.23,1.43,3.33,5.79,34,12
n2_WT_F88R_M255A_OFF_T_G17,36,0.8356,0.8925,0.9862,0,7.18,0,17.79,0,28.83,0,23.83,32.61,1.43,1.9,3.92,6.14,31,11
n2_WT_F88R_M255A_OFF_T_G17,37,0.8351,0.8965,0.9871,1,3.75,0,15.82,0,6.0,0,10.89,9.37,2.44,3.0,2.77,5.14,45,14
n2_WT_F88R_M255A_OFF_T_G17,38,0.8351,0.8764,0.9828,0,5.89,0,25.44,0,18.51,0,20.13,29.08,1.28,2.07,6.58,5.13,33,11
n2_WT_F88R_M255A_OFF_T_G17,39,0.8347,0.9042,0.9845,0,6.88,0,12.86,0,37.08,0,34.52,37.49,3.97,2.78,5.5,5.8,27,13
n2_WT_F88R_M255A_OFF_T_G17,4,0.8568,0.8577,0.9808,1,4.59,0,26.98,0,6.43,0,7.71,11.3,4.14,1.29,7.21,2.14,32,17
n2_WT_F88R_M255A_OFF_T_G17,40,0.8332,0.8817,0.9849,1,4.5,0,17.93,0,24.52,0,23.35,32.1,1.88,2.95,5.2,3.89,35,12
n2_WT_F88R_M255A_OFF_T_G17,41,0.8315,0.8551,0.9788,0,6.79,0,13.61,0,31.29,0,30.67,32.3,7.17,1.55,6.17,5.43,30,12
n2_WT_F88R_M255A_OFF_T_G17,42,0.8312,0.8722,0.9784,0,6.23,0,14.89,1,2.68,0,7.79,12.14,3.58,3.2,6.74,5.8,45,19
n2_WT_F88R_M255A_OFF_T_G17,43,0.8309,0.8359,0.9814,1,4.48,0,16.81,0,6.54,0,5.41,6.83,3.08,2.2,4.6,6.18,42,12
n2_WT_F88R_M255A_OFF_T_G17,44,0.8293,0.8405,0.9776,0,6.61,0,15.93,0,27.05,0,22.76,30.05,2.88,0.77,2.85,6.03,33,13
n2_WT_F88R_M255A_OFF_T_G17,45,0.829,0.9078,0.986,0,6.52,0,19.15,0,22.19,0,21.24,29.95,2.72,2.73,5.26,5.48,35,12
n2_WT_F88R_M255A_OFF_T_G17,46,0.8289,0.8484,0.9838,0,6.96,0,19.25,0,8.19,0,9.76,9.99,2.36,1.56,5.9,5.34,42,15
n2_WT_F88R_M255A_OFF_T_G17,47,0.8289,0.863,0.986,1,2.49,0,21.56,0,12.17,0,13.91,20.26,2.37,3.71,5.09,3.39,63,17
n2_WT_F88R_M255A_OFF_T_G17,48,0.8285,0.8991,0.9888,0,6.1,0,22.37,0,13.38,0,15.75,22.58,3.31,2.41,4.8,6.2,41,14
n2_WT_F88R_M255A_OFF_T_G17,49,0.8283,0.8383,0.9812,0,6.09,0,16.25,1,3.02,0,8.21,13.01,1.42,3.65,3.24,5.14,37,13
n2_WT_F88R_M255A_OFF_T_G17,5,0.8564,0.9187,0.9853,1,3.21,0,19.11,1,4.86,0,8.05,14.67,2.08,2.47,4.62,2.02,48,19
n2_WT_F88R_M255A_OFF_T_G17,50,0.8274,0.8721,0.9835,0,5.44,0,18.55,0,22.3,0,19.38,27.36,0.66,0.36,3.28,4.52,38,15
n2_WT_F88R_M255A_OFF_T_G17,51,0.827,0.8139,0.9804,0,7.07,0,19.47,0,19.94,0,17.89,26.44,1.95,2.27,4.28,7.41,35,14
n2_WT_F88R_M255A_OFF_T_G17,52,0.826,0.8464,0.9844,0,6.55,0,14.42,0,39.05,0,43.05,42.31,1.39,2.78,5.78,5.21,29,11
n2_WT_F88R_M255A_OFF_T_G17,53,0.8249,0.8731,0.9846,0,6.5,0,17.78,0,23.33,0,23.46,31.93,2.08,2.71,5.66,6.0,28,11
n2_WT_F88R_M255A_OFF_T_G17,54,0.8241,0.8425,0.9806,0,7.5,0,17.77,0,8.01,0,9.77,16.19,2.84,2.81,4.01,6.8,45,15
n2_WT_F88R_M255A_OFF_T_G17,55,0.8227,0.7148,0.9808,0,6.27,0,15.46,1,3.46,0,5.45,12.35,3.32,2.24,4.07,5.83,31,12
n2_WT_F88R_M255A_OFF_T_G17,56,0.8217,0.84,0.9824,1,3.74,0,20.6,0,11.04,0,12.91,21.25,1.49,2.53,8.32,2.86,29,11
n2_WT_F88R_M255A_OFF_T_G17,57,0.8205,0.7992,0.9803,0,8.69,0,18.46,0,17.52,0,16.26,24.25,2.34,2.46,3.53,9.45,27,15
n2_WT_F88R_M255A_OFF_T_G17,58,0.8205,0.8536,0.985,0,7.79,0,17.35,0,25.61,0,20.6,29.52,2.56,2.78,3.45,7.5,29,12
n2_WT_F88R_M255A_OFF_T_G17,59,0.8194,0.7712,0.9816,0,5.1,0,16.91,0,7.98,0,9.35,16.75,3.65,2.09,3.8,5.71,51,18
n2_WT_F88R_M255A_OFF_T_G17,6,0.8552,0.9075,0.9883,1,4.87,0,13.97,0,7.65,0,9.4,12.34,2.09,2.52,1.83,5.62,43,17
n2_WT_F88R_M255A_OFF_T_G17,60,0.8191,0.8498,0.9822,1,4.77,0,13.66,1,3.81,0,2.88,10.14,2.45,3.77,3.36,5.13,41,16
n2_WT_F88R_M255A_OFF_T_G17,61,0.8178,0.8116,0.9817,1,4.04,0,17.44,0,22.45,0,19.43,27.51,4.06,1.38,4.59,4.59,29,14
n2_WT_F88R_M255A_OFF_T_G17,62,0.8177,0.8332,0.9848,1,4.47,0,17.49,1,4.3,0,8.5,8.92,2.21,2.27,5.35,5.27,36,14
n2_WT_F88R_M255A_OFF_T_G17,63,0.8169,0.7988,0.9791,0,6.89,0,14.3,0,5.91,0,7.18,13.13,1.97,2.7,2.49,6.24,41,13
n2_WT_F88R_M255A_OFF_T_G17,64,0.8164,0.8421,0.9822,0,6.21,0,18.24,0,22.02,0,18.81,27.86,1.53,2.66,3.93,5.85,26,12
n2_WT_F88R_M255A_OFF_T_G17,65,0.8158,0.8035,0.9817,0,5.73,0,8.93,0,30.84,0,35.76,33.19,1.35,1.03,5.6,4.32,32,13
n2_WT_F88R_M255A_OFF_T_G17,66,0.8133,0.9196,0.9882,1,3.27,0,13.73,0,43.15,0,36.24,44.73,2.56,3.16,4.45,1.38,36,16
n2_WT_F88R_M255A_OFF_T_G17,67,0.8131,0.8185,0.9803,0,6.61,0,14.83,0,5.41,0,6.06,8.3,3.07,2.67,4.13,4.87,35,13
n2_WT_F88R_M255A_OFF_T_G17,68,0.813,0.8043,0.9779,0,6.38,0,17.45,0,9.67,0,9.16,15.94,2.1,3.8,3.61,5.05,51,18
n2_WT_F88R_M255A_OFF_T_G17,69,0.8109,0.7498,0.9803,1,3.98,0,15.92,1,3.57,0,8.02,8.14,1.71,2.54,5.24,4.6,44,15
n2_WT_F88R_M255A_OFF_T_G17,7,0.8548,0.8645,0.9826,0,5.22,0,25.64,0,8.91,0,18.61,18.91,2.5,3.0,7.92,3.98,35,15
n2_WT_F88R_M255A_OFF_T_G17,70,0.8103,0.8725,0.9836,0,6.23,0,17.47,0,20.59,0,18.71,27.14,1.45,1.84,4.5,4.44,24,11
n2_WT_F88R_M255A_OFF_T_G17,71,0.8078,0.7815,0.9791,1,3.31,0,16.1,0,21.09,0,19.82,28.49,2.37,1.94,3.28,5.81,43,15
n2_WT_F88R_M255A_OFF_T_G17,72,0.8068,0.7928,0.9842,1,3.96,0,16.99,0,36.67,0,35.54,43.07,2.4,2.11,3.12,4.6,27,6
n2_WT_F88R_M255A_OFF_T_G17,73,0.8041,0.8311,0.9766,1,4.28,0,20.01,0,14.36,0,8.28,15.62,2.02,0.84,3.44,5.41,46,19
n2_WT_F88R_M255A_OFF_T_G17,74,0.8021,0.814,0.9819,0,6.7,0,17.45,0,8.36,0,8.51,12.52,2.33,1.9,4.37,6.18,39,19
n2_WT_F88R_M255A_OFF_T_G17,75,0.8008,0.7822,0.9833,0,6.37,0,26.65,0,20.63,0,22.23,30.56,2.82,1.91,3.54,5.45,34,11
n2_WT_F88R_M255A_OFF_T_G17,76,0.8006,0.7379,0.9772,0,5.91,0,14.1,0,5.58,0,7.36,8.7,2.87,2.22,2.39,5.99,45,18
n2_WT_F88R_M255A_OFF_T_G17,77,0.8004,0.792,0.9808,0,7.17,0,10.45,0,27.33,0,24.66,28.48,1.33,1.86,3.94,5.51,33,14
n2_WT_F88R_M255A_OFF_T_G17,78,0.7996,0.7897,0.9837,0,6.41,0,17.81,1,3.94,0,5.96,10.9,3.28,1.69,5.97,5.72,26,14
n2_WT_F88R_M255A_OFF_T_G17,79,0.7994,0.7926,0.9745,0,5.77,0,11.92,0,30.73,0,29.69,31.29,2.71,2.55,4.86,5.16,35,11
n2_WT_F88R_M255A_OFF_T_G17,8,0.8535,0.905,0.9896,1,3.07,0,12.42,0,6.51,0,7.24,12.47,3.02,1.77,3.24,5.29,47,14
n2_WT_F88R_M255A_OFF_T_G17,80,0.7991,0.766,0.9749,0,7.67,0,21.99,0,21.36,0,19.08,23.79,2.5,2.89,3.6,6.66,43,16
n2_WT_F88R_M255A_OFF_T_G17,81,0.799,0.7221,0.9771,1,0.87,0,16.08,0,9.1,0,8.46,16.16,1.94,2.18,2.71,2.18,54,15
n2_WT_F88R_M255A_OFF_T_G17,82,0.7976,0.6937,0.9758,1,1.99,0,16.22,0,5.32,0,6.6,7.4,2.29,1.34,3.05,2.95,52,17
n2_WT_F88R_M255A_OFF_T_G17,83,0.7973,0.8785,0.9875,1,2.45,0,9.63,1,3.2,0,2.5,5.38,0.62,2.63,3.81,2.86,51,16
n2_WT_F88R_M255A_OFF_T_G17,84,0.7956,0.6718,0.9771,0,6.39,0,17.74,1,3.7,0,12.28,13.6,1.26,2.9,3.2,5.74,39,15
n2_WT_F88R_M255A_OFF_T_G17,85,0.7946,0.764,0.9785,1,3.59,0,20.73,0,9.48,0,8.64,16.91,2.28,3.05,7.21,3.21,30,13
n2_WT_F88R_M255A_OFF_T_G17,86,0.7935,0.7249,0.9797,0,7.22,0,18.54,0,17.84,0,14.95,23.31,2.42,1.66,5.83,6.04,28,11
n2_WT_F88R_M255A_OFF_T_G17,87,0.7933,0.7631,0.9791,0,7.39,0,17.11,0,8.9,0,6.77,9.71,1.23,2.54,3.32,6.75,55,19
n2_WT_F88R_M255A_OFF_T_G17,88,0.7905,0.8554,0.9779,1,4.83,0,16.3,0,5.95,0,5.63,13.1,2.14,2.17,5.11,3.61,47,21
n2_WT_F88R_M255A_OFF_T_G17,89,0.7887,0.7528,0.9812,0,11.28,0,16.8,0,24.23,0,21.9,29.95,4.58,1.32,5.25,8.24,28,12
n2_WT_F88R_M255A_OFF_T_G17,9,0.8533,0.9065,0.9867,0,5.52,0,25.75,0,6.16,0,12.25,14.12,2.52,1.54,7.2,3.9,31,12
n2_WT_F88R_M255A_OFF_T_G17,90,0.783,0.693,0.9771,0,7.81,0,20.2,1,2.36,0,4.8,9.37,2.17,3.63,4.06,6.69,27,13
n2_WT_F88R_M255A_OFF_T_G17,91,0.7801,0.7826,0.9774,0,5.16,0,23.89,0,16.53,0,12.95,20.43,1.73,0.81,5.13,4.41,37,18
n2_WT_F88R_M255A_OFF_T_G17,92,0.7755,0.6245,0.9771,0,8.52,0,18.75,1,4.17,0,5.2,10.47,3.75,2.82,2.66,7.65,23,9
n2_WT_F88R_M255A_OFF_T_G17,93,0.7732,0.6944,0.9793,0,7.98,0,18.19,0,5.28,0,12.14,13.8,2.81,2.47,1.54,7.41,31,15
n2_WT_F88R_M255A_OFF_T_G17,94,0.7689,0.7454,0.9732,1,1.52,0,15.24,0,19.56,0,16.8,22.52,2.07,1.68,3.44,2.76,47,15
n2_WT_F88R_M255A_OFF_T_G17,95,0.7671,0.5654,0.9717,0,5.15,0,24.85,0,10.79,0,6.63,14.93,2.39,0.69,5.03,6.1,38,12
n2_WT_F88R_M255A_OFF_T_G17,96,0.7571,0.5794,0.9723,0,6.73,0,14.22,0,5.71,0,9.39,12.78,3.2,2.51,5.36,4.3,54,17
n2_WT_F88R_M255A_OFF_T_G17,97,0.7505,0.5547,0.9739,0,7.69,0,20.05,0,25.48,0,21.66,29.56,3.43,3.46,3.6,7.93,31,14
n2_WT_F88R_M255A_OFF_T_G17,98,0.7433,0.5216,0.9749,0,6.54,0,15.73,0,8.61,0,7.53,16.33,1.43,2.72,3.91,5.77,36,13
n2_WT_F88R_M255A_OFF_T_G17,99,0.7428,0.5963,0.9774,1,4.83,0,19.26,0,20.73,0,20.1,28.83,1.9,2.49,3.17,3.38,29,11
n2_WT_F88R_M255A_S1_G17,0,0.8454,0.8094,0.9865,1,1.54,0,19.71,0,30.49,0,24.6,31.68,2.67,5.12,10.1,2.79,34,11
n2_WT_F88R_M255A_S1_G17,1,0.8449,0.8803,0.9847,1,3.6,0,13.7,0,20.91,0,12.85,20.16,1.02,2.67,4.96,4.59,46,17
n2_WT_F88R_M255A_S1_G17,10,0.8361,0.8435,0.9814,1,3.85,1,1.91,1,3.0,1,1.73,4.73,1.64,0.38,6.83,4.89,39,14
n2_WT_F88R_M255A_S1_G17,11,0.8355,0.8263,0.9857,1,2.68,0,14.56,0,32.44,0,26.54,33.36,2.17,3.32,9.08,2.57,30,11
n2_WT_F88R_M255A_S1_G17,12,0.8353,0.7838,0.9854,1,1.44,0,21.22,0,30.49,0,24.86,32.01,1.3,3.56,12.13,3.67,35,11
n2_WT_F88R_M255A_S1_G17,13,0.8329,0.828,0.9864,1,2.11,0,5.56,1,2.52,0,2.56,4.53,2.39,2.65,3.53,4.53,44,13
n2_WT_F88R_M255A_S1_G17,14,0.8311,0.8703,0.9818,0,5.88,0,9.56,1,1.5,0,1.81,5.6,2.15,2.21,3.3,3.71,40,16
n2_WT_F88R_M255A_S1_G17,15,0.831,0.8942,0.9841,1,4.81,0,12.78,1,3.0,0,0.91,3.93,1.93,1.85,2.96,5.78,47,16
n2_WT_F88R_M255A_S1_G17,16,0.8306,0.8135,0.9898,1,1.79,1,3.86,1,2.58,1,1.09,4.25,3.95,2.38,4.48,4.1,40,12
n2_WT_F88R_M255A_S1_G17,17,0.8305,0.7905,0.9845,1,2.45,0,5.09,1,3.28,0,2.99,4.02,2.71,2.76,3.82,5.71,38,11
n2_WT_F88R_M255A_S1_G17,18,0.8297,0.7914,0.986,0,6.32,1,4.64,1,2.18,1,2.93,3.56,1.92,3.02,4.93,5.52,41,11
n2_WT_F88R_M255A_S1_G17,19,0.8292,0.7601,0.9844,1,1.63,0,19.43,0,33.08,0,26.02,33.75,3.17,5.79,8.78,1.81,32,11
n2_WT_F88R_M255A_S1_G17,2,0.8448,0.8204,0.9884,1,2.26,0,19.64,0,30.68,0,25.15,32.35,2.03,1.79,7.83,2.54,34,11
n2_WT_F88R_M255A_S1_G17,20,0.829,0.8022,0.9858,1,4.03,1,4.51,1,3.02,1,1.25,4.83,2.78,2.8,4.55,5.61,44,13
n2_WT_F88R_M255A_S1_G17,21,0.8285,0.7882,0.9861,1,3.32,1,4.4,1,2.88,1,1.25,4.25,1.84,3.05,4.3,5.3,39,13
n2_WT_F88R_M255A_S1_G17,22,0.8281,0.7928,0.987,1,2.06,1,4.07,1,2.37,1,1.2,5.28,2.1,2.35,2.92,4.66,43,12
n2_WT_F88R_M255A_S1_G17,23,0.8269,0.7908,0.9855,1,3.59,1,3.72,1,3.44,1,2.22,2.11,2.6,2.16,5.51,5.42,42,12
n2_WT_F88R_M255A_S1_G17,24,0.8268,0.7739,0.9852,1,2.54,1,3.19,1,3.12,1,1.44,5.13,1.95,2.99,5.12,3.85,39,10
n2_WT_F88R_M255A_S1_G17,25,0.8266,0.7726,0.9858,1,2.32,1,4.56,1,3.65,1,1.78,4.4,2.27,2.81,4.77,4.97,40,13
n2_WT_F88R_M255A_S1_G17,26,0.8262,0.8148,0.9861,1,3.2,0,5.48,0,9.6,0,7.85,13.24,2.51,2.17,5.09,5.71,36,12
n2_WT_F88R_M255A_S1_G17,27,0.8255,0.709,0.9843,1,1.67,0,17.79,0,29.87,0,24.28,30.79,1.22,2.44,5.78,2.94,38,12
n2_WT_F88R_M255A_S1_G17,28,0.8254,0.7244,0.981,0,6.58,0,5.56,1,0.95,0,3.99,3.45,2.1,3.64,2.58,5.49,43,13
n2_WT_F88R_M255A_S1_G17,29,0.8253,0.7953,0.9863,1,2.33,1,4.0,0,7.57,0,6.42,10.37,3.66,2.34,4.09,3.41,39,11
n2_WT_F88R_M255A_S1_G17,3,0.8421,0.9079,0.9856,0,5.99,0,12.53,1,3.04,0,2.24,5.95,1.76,2.61,2.44,4.76,43,17
n2_WT_F88R_M255A_S1_G17,30,0.8246,0.8219,0.9861,1,4.34,0,7.59,1,2.34,0,1.64,3.81,2.17,3.17,4.58,6.15,41,12
n2_WT_F88R_M255A_S1_G17,31,0.8245,0.8077,0.9818,1,2.67,1,3.86,1,3.3,1,2.49,7.03,1.21,2.67,6.18,2.27,42,13
n2_WT_F88R_M255A_S1_G17,32,0.8244,0.7751,0.9832,0,6.12,0,6.98,1,1.85,0,3.02,3.75,1.79,2.57,4.29,6.23,41,14
n2_WT_F88R_M255A_S1_G17,33,0.824,0.8002,0.9877,1,3.91,1,4.94,1,2.79,1,3.63,4.37,2.5,2.91,3.13,6.16,44,15
n2_WT_F88R_M255A_S1_G17,34,0.824,0.7771,0.9858,1,2.2,1,4.36,1,2.79,1,1.1,4.58,3.93,3.48,3.43,5.65,39,10
n2_WT_F88R_M255A_S1_G17,35,0.8238,0.7625,0.9845,1,3.44,1,3.13,0,40.43,0,32.12,40.37,4.46,6.46,10.24,2.0,51,13
n2_WT_F88R_M255A_S1_G17,36,0.8237,0.7822,0.9863,1,2.61,1,4.1,1,2.46,1,1.95,6.01,3.09,2.87,3.51,6.61,34,13
n2_WT_F88R_M255A_S1_G17,37,0.823,0.7551,0.9783,0,5.56,1,3.99,0,23.63,0,22.99,24.42,1.2,2.32,4.28,5.28,35,12
n2_WT_F88R_M255A_S1_G17,38,0.8215,0.7374,0.9831,0,5.73,1,4.98,1,2.7,1,3.26,3.73,0.76,1.76,2.61,5.26,42,10
n2_WT_F88R_M255A_S1_G17,39,0.8213,0.7768,0.9844,1,1.27,0,14.38,0,37.88,0,30.17,37.64,2.31,1.32,7.82,2.45,53,14
n2_WT_F88R_M255A_S1_G17,4,0.8419,0.8206,0.9878,1,3.9,1,4.76,1,2.15,1,3.22,3.81,1.92,2.0,4.2,6.47,43,12
n2_WT_F88R_M255A_S1_G17,40,0.8211,0.7398,0.983,1,3.28,1,4.96,1,2.84,1,2.05,4.7,0.74,1.27,6.01,1.72,40,10
n2_WT_F88R_M255A_S1_G17,41,0.8197,0.7995,0.9852,1,2.46,0,5.49,1,2.74,0,1.86,4.66,3.07,3.77,3.57,5.22,40,12
n2_WT_F88R_M255A_S1_G17,42,0.8191,0.7679,0.9834,1,2.98,1,4.87,1,2.13,1,2.49,4.68,3.17,1.74,4.17,6.61,42,14
n2_WT_F88R_M255A_S1_G17,43,0.8181,0.8559,0.9841,0,6.58,0,9.98,1,2.55,0,3.1,3.69,3.07,1.56,4.73,5.79,43,16
n2_WT_F88R_M255A_S1_G17,44,0.8181,0.7626,0.9855,1,3.01,1,1.75,1,3.02,1,1.59,3.97,2.77,2.88,3.98,4.7,43,12
n2_WT_F88R_M255A_S1_G17,45,0.8175,0.7889,0.9856,1,2.23,0,5.08,1,1.62,0,1.5,4.52,2.79,2.28,3.44,5.34,39,14
n2_WT_F88R_M255A_S1_G17,46,0.8161,0.7606,0.9852,1,2.95,1,3.5,0,7.79,0,6.66,10.58,3.51,3.23,4.77,5.82,37,14
n2_WT_F88R_M255A_S1_G17,47,0.8157,0.7335,0.9843,1,3.6,1,2.42,1,2.23,1,2.07,6.07,1.26,1.22,5.62,5.5,42,10
n2_WT_F88R_M255A_S1_G17,48,0.8157,0.7752,0.9815,1,2.97,1,3.28,1,2.55,1,2.16,5.52,2.35,2.67,6.03,6.36,43,13
n2_WT_F88R_M255A_S1_G17,49,0.8152,0.8092,0.9804,0,5.7,0,10.26,1,3.68,0,2.27,2.3,2.17,2.78,3.55,4.31,48,20
n2_WT_F88R_M255A_S1_G17,5,0.8412,0.815,0.9871,1,1.77,0,24.89,0,28.53,0,21.63,29.15,2.25,5.27,10.75,3.52,31,10
n2_WT_F88R_M255A_S1_G17,50,0.8142,0.7179,0.9862,1,3.35,0,11.7,0,35.79,0,28.16,36.2,3.58,4.6,9.0,3.32,52,12
n2_WT_F88R_M255A_S1_G17,51,0.8141,0.7768,0.9875,1,0.85,1,3.76,0,40.96,0,32.62,40.61,1.21,3.99,12.52,2.58,48,13
n2_WT_F88R_M255A_S1_G17,52,0.8132,0.7557,0.9836,1,4.18,1,2.53,1,3.26,1,2.01,6.0,2.97,1.71,6.63,6.08,39,11
n2_WT_F88R_M255A_S1_G17,53,0.8131,0.7538,0.9831,1,4.2,0,21.76,0,18.15,0,14.59,20.93,3.53,1.99,7.62,5.78,33,11
n2_WT_F88R_M255A_S1_G17,54,0.8117,0.7127,0.983,1,3.73,1,4.75,1,2.29,1,1.08,4.39,2.16,2.09,4.05,4.27,46,11
n2_WT_F88R_M255A_S1_G17,55,0.8112,0.7375,0.9833,1,2.86,1,3.52,1,2.86,1,1.99,4.88,2.08,1.8,5.32,4.0,42,12
n2_WT_F88R_M255A_S1_G17,56,0.8108,0.7085,0.9825,1,2.99,1,2.65,1,1.9,1,3.34,3.58,2.16,2.18,5.34,2.2,47,11
n2_WT_F88R_M255A_S1_G17,57,0.8107,0.835,0.9827,1,3.24,1,4.49,1,2.86,1,1.16,4.3,1.81,1.89,6.36,3.17,33,11
n2_WT_F88R_M255A_S1_G17,58,0.8106,0.8551,0.9835,1,1.85,1,2.71,0,15.73,0,8.85,16.51,2.64,2.73,3.68,4.41,46,17
n2_WT_F88R_M255A_S1_G17,59,0.8105,0.7654,0.9849,1,3.78,1,3.56,1,2.55,1,1.78,5.63,2.39,3.53,4.09,6.42,39,12
n2_WT_F88R_M255A_S1_G17,6,0.8404,0.857,0.9891,1,4.5,1,4.66,1,2.14,1,3.1,3.32,2.04,2.87,4.24,6.08,44,13
n2_WT_F88R_M255A_S1_G17,60,0.8105,0.7615,0.9823,0,6.27,0,6.59,0,11.0,0,10.73,15.32,1.39,3.03,4.42,6.12,42,12
n2_WT_F88R_M255A_S1_G17,61,0.8102,0.7416,0.983,1,1.74,1,3.24,1,2.49,1,1.72,7.02,1.61,0.79,5.74,3.83,38,12
n2_WT_F88R_M255A_S1_G17,62,0.81,0.8475,0.9841,0,6.12,0,13.21,1,2.51,0,1.54,5.76,2.89,2.74,8.1,5.7,28,10
n2_WT_F88R_M255A_S1_G17,63,0.81,0.7494,0.9838,1,2.21,0,12.35,0,32.53,0,24.9,32.46,2.96,1.38,8.17,2.02,42,15
n2_WT_F88R_M255A_S1_G17,64,0.8095,0.8065,0.9801,1,3.24,0,19.66,0,30.1,0,24.45,31.43,2.13,2.99,2.96,3.93,49,20
n2_WT_F88R_M255A_S1_G17,65,0.8094,0.8692,0.9846,1,2.7,0,12.73,1,1.87,0,1.57,2.28,0.88,1.63,3.02,4.41,50,19
n2_WT_F88R_M255A_S1_G17,66,0.8084,0.7779,0.9839,1,3.54,1,2.6,1,3.05,1,2.98,3.49,2.2,1.55,7.75,4.72,38,10
n2_WT_F88R_M255A_S1_G17,67,0.8076,0.7403,0.9818,1,2.07,1,3.71,0,39.76,0,34.74,39.96,2.93,3.27,4.26,4.7,46,13
n2_WT_F88R_M255A_S1_G17,68,0.8068,0.7658,0.9841,1,3.56,1,4.3,0,42.51,0,34.75,42.73,3.36,6.85,11.9,1.21,47,13
n2_WT_F88R_M255A_S1_G17,69,0.8068,0.7441,0.9805,0,6.0,1,2.62,1,2.8,1,1.14,4.34,3.32,1.78,8.0,6.41,40,13
n2_WT_F88R_M255A_S1_G17,7,0.8392,0.7794,0.9853,1,2.57,0,22.0,0,31.02,0,24.77,32.09,1.79,4.96,12.11,3.53,38,11
n2_WT_F88R_M255A_S1_G17,70,0.8068,0.7661,0.984,1,2.73,1,3.53,1,2.74,1,1.32,6.04,3.25,3.28,4.32,5.1,44,13
n2_WT_F88R_M255A_S1_G17,71,0.8067,0.8777,0.9861,1,2.56,0,19.76,0,39.3,0,31.87,39.2,2.53,1.32,6.26,2.6,51,16
n2_WT_F88R_M255A_S1_G17,72,0.8057,0.7933,0.9874,0,5.62,0,12.31,0,45.31,0,40.27,45.61,2.53,3.22,3.11,6.33,35,12
n2_WT_F88R_M255A_S1_G17,73,0.804,0.7118,0.9824,0,5.52,1,3.27,1,2.37,1,1.77,4.25,1.46,2.96,3.36,5.26,37,12
n2_WT_F88R_M255A_S1_G17,74,0.8032,0.7781,0.9838,0,6.49,0,12.18,0,5.11,0,4.71,8.24,2.25,2.45,4.56,5.61,41,12
n2_WT_F88R_M255A_S1_G17,75,0.8024,0.6891,0.9838,1,1.66,0,11.93,0,37.57,0,30.02,37.6,3.13,6.87,9.59,1.39,41,13
n2_WT_F88R_M255A_S1_G17,76,0.801,0.866,0.9829,0,5.11,1,2.26,1,1.99,1,2.71,4.54,1.31,2.81,3.15,6.51,42,16
n2_WT_F88R_M255A_S1_G17,77,0.8008,0.6848,0.9786,0,6.45,0,20.94,0,21.87,0,18.64,23.4,1.4,0.52,6.38,6.13,35,13
n2_WT_F88R_M255A_S1_G17,78,0.8003,0.7515,0.9855,1,2.81,1,4.59,1,3.42,1,0.37,3.77,2.6,3.72,4.34,4.79,33,11
n2_WT_F88R_M255A_S1_G17,79,0.7982,0.8097,0.9871,1,2.64,0,12.36,0,39.83,0,33.51,39.63,2.55,6.37,11.41,1.06,52,14
n2_WT_F88R_M255A_S1_G17,8,0.8383,0.8447,0.989,1,2.63,1,4.73,1,1.28,1,2.77,3.72,3.39,3.38,3.58,4.96,41,12
n2_WT_F88R_M255A_S1_G17,80,0.7968,0.786,0.9843,0,6.81,0,14.9,0,42.93,0,36.84,42.51,4.07,2.7,6.09,4.88,29,14
n2_WT_F88R_M255A_S1_G17,81,0.7965,0.8198,0.9817,1,4.95,0,11.77,1,4.21,0,4.41,7.74,2.65,2.54,7.55,4.12,33,14
n2_WT_F88R_M255A_S1_G17,82,0.7962,0.7016,0.9843,1,1.37,0,18.47,0,37.23,0,29.84,37.42,1.21,4.51,7.76,2.46,43,11
n2_WT_F88R_M255A_S1_G17,83,0.7944,0.7279,0.9831,0,6.19,0,6.99,0,7.2,0,9.87,12.16,1.57,3.27,6.09,5.89,40,15
n2_WT_F88R_M255A_S1_G17,84,0.7901,0.8108,0.9818,1,2.01,0,16.59,0,38.19,0,30.55,38.38,1.75,2.45,7.37,1.43,55,17
n2_WT_F88R_M255A_S1_G17,85,0.7893,0.6762,0.9806,1,3.09,1,3.41,1,2.77,1,1.85,6.68,2.59,2.98,3.09,5.17,39,12
n2_WT_F88R_M255A_S1_G17,86,0.7887,0.799,0.9784,0,6.59,1,2.77,1,1.61,1,1.94,6.99,2.58,2.86,4.68,6.78,33,16
n2_WT_F88R_M255A_S1_G17,87,0.7877,0.8133,0.9792,1,2.1,0,10.94,0,35.35,0,27.89,35.34,2.82,1.0,3.07,2.14,41,14
n2_WT_F88R_M255A_S1_G17,88,0.7834,0.7021,0.9828,1,4.21,0,9.08,0,8.82,0,9.23,13.44,2.2,2.63,5.64,4.05,34,12
n2_WT_F88R_M255A_S1_G17,89,0.7826,0.6142,0.9838,1,2.34,0,12.11,0,36.09,0,28.0,35.8,0.93,7.18,8.62,1.69,44,12
n2_WT_F88R_M255A_S1_G17,9,0.8377,0.828,0.985,0,6.22,1,2.75,0,42.92,0,37.75,41.85,1.1,2.31,3.52,6.05,45,12
n2_WT_F88R_M255A_S1_G17,90,0.7786,0.837,0.9865,1,1.62,0,17.59,0,38.84,0,31.21,38.87,1.33,2.69,5.14,1.53,51,17
n2_WT_F88R_M255A_S1_G17,91,0.7782,0.6846,0.9781,0,5.31,0,13.7,1,2.06,0,2.47,5.09,1.08,2.23,7.86,5.95,35,11
n2_WT_F88R_M255A_S1_G17,92,0.7774,0.6263,0.9806,0,9.05,0,9.76,1,3.52,0,1.64,5.09,1.85,1.92,3.75,7.0,30,12
n2_WT_F88R_M255A_S1_G17,93,0.7757,0.6063,0.975,1,3.11,1,4.56,0,39.91,0,31.19,39.45,4.15,6.89,12.49,1.48,47,13
n2_WT_F88R_M255A_S1_G17,94,0.774,0.7012,0.9812,0,6.55,0,12.65,1,2.19,0,1.56,3.51,1.91,3.16,2.62,5.21,41,19
n2_WT_F88R_M255A_S1_G17,95,0.7726,0.5741,0.9789,0,5.48,0,18.41,0,24.22,0,21.89,24.86,2.33,2.18,2.66,4.95,32,11
n2_WT_F88R_M255A_S1_G17,96,0.7676,0.6353,0.9769,0,5.04,0,15.55,0,24.08,0,22.55,25.02,0.92,0.82,2.73,4.68,35,12
n2_WT_F88R_M255A_S1_G17,97,0.7671,0.7235,0.9775,1,4.41,0,14.15,1,4.61,0,6.41,8.98,2.01,3.6,7.92,4.78,36,14
n2_WT_F88R_M255A_S1_G17,98,0.7622,0.6444,0.9763,1,1.76,0,11.53,0,37.68,0,29.88,37.47,2.39,2.18,6.14,2.55,56,18
n2_WT_F88R_M255A_S1_G17,99,0.7393,0.5792,0.9754,0,6.38,0,11.96,1,2.94,0,1.52,5.83,2.84,2.7,5.9,5.85,35,14
n2_WT_F88R_M255I_OFF_T_G17,0,0.8768,0.9033,0.9844,0,5.34,0,18.76,0,14.68,0,14.52,20.25,2.12,0.7,5.92,4.73,35,11
n2_WT_F88R_M255I_OFF_T_G17,1,0.8608,0.9065,0.9812,0,6.44,0,15.64,0,10.12,0,10.62,15.7,1.96,1.84,4.82,6.33,55,17
n2_WT_F88R_M255I_OFF_T_G17,10,0.8491,0.9094,0.9871,1,2.64,0,12.83,0,9.08,0,7.78,13.24,3.19,3.1,1.9,2.89,59,17
n2_WT_F88R_M255I_OFF_T_G17,11,0.8487,0.9321,0.9894,1,1.1,0,11.96,1,4.62,0,5.81,6.09,1.24,2.41,3.8,3.19,59,17
n2_WT_F88R_M255I_OFF_T_G17,12,0.8459,0.8983,0.9804,0,6.32,0,12.67,0,28.58,0,28.02,30.29,1.56,2.52,5.87,4.2,29,17
n2_WT_F88R_M255I_OFF_T_G17,13,0.8458,0.8557,0.854,1,4.8,0,14.9,1,2.65,0,9.73,12.39,3.45,0.8,3.57,4.86,46,17
n2_WT_F88R_M255I_OFF_T_G17,14,0.845,0.913,0.9826,0,8.11,0,13.58,0,29.32,0,28.12,30.2,1.55,2.88,3.77,6.08,31,17
n2_WT_F88R_M255I_OFF_T_G17,15,0.8449,0.8761,0.9837,1,4.16,0,15.26,0,29.01,0,26.43,31.86,2.75,3.03,2.95,4.79,41,16
n2_WT_F88R_M255I_OFF_T_G17,16,0.8434,0.8639,0.9812,0,7.48,0,18.0,0,34.32,0,30.72,36.19,3.51,0.45,4.05,6.56,30,14
n2_WT_F88R_M255I_OFF_T_G17,17,0.842,0.8974,0.9822,1,3.99,0,15.7,1,4.41,0,8.29,6.33,2.21,1.61,2.7,5.68,51,19
n2_WT_F88R_M255I_OFF_T_G17,18,0.8412,0.8692,0.9699,0,6.33,0,11.22,0,31.21,0,30.52,31.83,3.89,1.34,3.0,2.67,37,16
n2_WT_F88R_M255I_OFF_T_G17,19,0.8375,0.8741,0.9802,0,7.2,0,21.01,0,13.72,0,14.96,17.62,2.41,2.12,3.38,5.69,42,20
n2_WT_F88R_M255I_OFF_T_G17,2,0.8604,0.9266,0.9851,0,6.9,0,13.09,0,33.62,0,32.21,33.64,5.37,3.01,6.59,5.98,29,9
n2_WT_F88R_M255I_OFF_T_G17,20,0.837,0.9056,0.9804,0,9.08,0,20.91,0,14.61,0,10.82,16.77,3.53,2.95,3.85,7.7,39,19
n2_WT_F88R_M255I_OFF_T_G17,21,0.8365,0.9039,0.9822,1,4.71,0,22.6,0,34.3,0,33.28,35.26,2.53,2.76,3.84,5.59,44,16
n2_WT_F88R_M255I_OFF_T_G17,22,0.8354,0.8144,0.9815,0,7.75,0,18.53,0,22.91,0,20.1,26.53,2.63,2.28,4.97,6.73,29,14
n2_WT_F88R_M255I_OFF_T_G17,23,0.8348,0.8448,0.9817,1,4.09,0,16.0,0,5.97,0,14.07,16.41,4.21,2.43,2.5,4.6,42,15
n2_WT_F88R_M255I_OFF_T_G17,24,0.8345,0.8963,0.9855,0,6.45,0,16.44,0,28.39,0,24.94,31.17,2.58,2.79,4.84,6.19,35,13
n2_WT_F88R_M255I_OFF_T_G17,25,0.8343,0.8627,0.9805,0,6.11,0,13.99,1,4.28,0,6.59,4.25,2.01,0.76,2.69,4.85,33,11
n2_WT_F88R_M255I_OFF_T_G17,26,0.8326,0.9021,0.9888,1,2.66,0,23.21,0,17.27,0,14.42,19.75,1.46,1.91,3.24,4.09,48,16
n2_WT_F88R_M255I_OFF_T_G17,27,0.8325,0.8724,0.9808,0,5.73,0,10.96,0,10.03,0,9.73,15.44,1.72,2.28,4.49,5.57,42,13
n2_WT_F88R_M255I_OFF_T_G17,28,0.8324,0.798,0.9841,0,8.09,0,27.59,0,34.56,0,39.29,38.69,3.31,2.09,5.53,6.86,34,13
n2_WT_F88R_M255I_OFF_T_G17,29,0.8318,0.8951,0.9873,1,1.79,0,9.13,0,44.74,0,42.1,44.65,3.09,2.19,5.58,3.41,37,13
n2_WT_F88R_M255I_OFF_T_G17,3,0.8552,0.8639,0.9844,0,6.17,0,18.27,1,3.42,0,6.83,4.15,3.48,2.33,3.88,6.22,47,15
n2_WT_F88R_M255I_OFF_T_G17,30,0.8309,0.8296,0.9836,0,7.09,0,16.41,0,11.92,0,17.05,19.72,1.75,3.95,4.28,5.75,34,12
n2_WT_F88R_M255I_OFF_T_G17,31,0.8308,0.8391,0.9819,0,6.38,0,17.46,0,31.89,0,28.21,33.81,1.81,2.47,2.54,6.06,33,13
n2_WT_F88R_M255I_OFF_T_G17,32,0.8305,0.8922,0.9786,0,7.35,0,9.85,0,29.79,0,28.68,30.49,3.71,3.4,3.28,3.98,32,15
n2_WT_F88R_M255I_OFF_T_G17,33,0.8292,0.7774,0.9833,0,7.72,0,15.33,1,3.54,0,4.55,6.94,2.17,3.13,4.42,5.66,27,12
n2_WT_F88R_M255I_OFF_T_G17,34,0.8284,0.861,0.9832,0,7.51,0,15.26,0,11.93,0,17.43,20.53,1.44,2.25,3.18,5.33,36,14
n2_WT_F88R_M255I_OFF_T_G17,35,0.8283,0.8818,0.9839,1,1.98,0,16.27,0,34.14,0,29.39,35.48,1.94,2.29,2.22,2.82,39,14
n2_WT_F88R_M255I_OFF_T_G17,36,0.8282,0.8888,0.9845,0,6.28,0,21.17,0,14.99,0,15.35,20.49,3.29,2.3,2.93,5.45,45,17
n2_WT_F88R_M255I_OFF_T_G17,37,0.8275,0.8702,0.9821,1,2.38,0,14.83,0,43.5,0,35.68,42.37,3.09,3.4,4.63,3.05,37,15
n2_WT_F88R_M255I_OFF_T_G17,38,0.8275,0.835,0.9823,0,6.36,0,18.96,0,13.66,0,11.19,15.22,2.99,3.04,4.81,5.26,40,15
n2_WT_F88R_M255I_OFF_T_G17,39,0.8274,0.8554,0.9818,0,5.88,0,17.51,0,18.63,0,14.93,20.88,0.87,2.32,2.74,5.77,39,14
n2_WT_F88R_M255I_OFF_T_G17,4,0.855,0.8901,0.983,0,7.1,0,17.15,0,15.51,0,20.52,22.68,1.89,2.26,3.22,5.49,48,19
n2_WT_F88R_M255I_OFF_T_G17,40,0.8271,0.943,0.9899,1,2.69,0,9.29,1,2.27,0,1.88,5.49,1.38,2.61,4.06,2.33,51,15
n2_WT_F88R_M255I_OFF_T_G17,41,0.8262,0.8203,0.9825,0,10.49,0,18.19,0,25.11,0,20.63,26.67,5.26,2.84,3.55,10.27,29,12
n2_WT_F88R_M255I_OFF_T_G17,42,0.826,0.832,0.9814,0,8.46,0,17.92,0,7.48,0,6.59,8.31,2.27,2.27,3.58,6.3,33,15
n2_WT_F88R_M255I_OFF_T_G17,43,0.8258,0.8758,0.985,0,7.56,0,19.54,0,22.14,0,23.33,27.75,3.42,2.62,2.61,6.15,36,14
n2_WT_F88R_M255I_OFF_T_G17,44,0.8257,0.8872,0.981,0,8.96,0,10.22,0,29.98,0,29.26,31.38,4.62,3.26,4.45,6.0,28,15
n2_WT_F88R_M255I_OFF_T_G17,45,0.8239,0.8448,0.9852,1,1.57,0,11.3,1,4.19,0,2.88,6.27,2.74,2.65,4.05,3.65,51,18
n2_WT_F88R_M255I_OFF_T_G17,46,0.8238,0.8037,0.9826,0,5.38,0,16.58,0,10.16,0,6.18,11.26,2.21,2.91,2.56,5.18,34,12
n2_WT_F88R_M255I_OFF_T_G17,47,0.8232,0.862,0.9806,0,6.11,0,18.88,0,21.45,0,18.8,25.11,1.09,2.18,3.35,3.43,32,13
n2_WT_F88R_M255I_OFF_T_G17,48,0.8218,0.8382,0.9768,0,7.28,0,21.73,0,14.41,0,9.11,15.05,3.01,2.5,2.68,6.54,35,17
n2_WT_F88R_M255I_OFF_T_G17,49,0.8199,0.8318,0.9849,0,7.83,0,17.89,0,24.33,0,20.08,25.77,1.27,2.09,1.7,7.19,30,12
n2_WT_F88R_M255I_OFF_T_G17,5,0.8547,0.8953,0.9875,1,4.57,0,12.44,0,5.06,0,9.46,12.27,2.28,3.03,2.02,5.26,41,13
n2_WT_F88R_M255I_OFF_T_G17,50,0.8189,0.8202,0.9845,1,3.72,0,24.22,0,23.72,0,25.02,30.16,2.11,2.81,4.3,2.76,48,14
n2_WT_F88R_M255I_OFF_T_G17,51,0.818,0.8552,0.9821,0,5.92,0,16.98,0,25.15,0,20.61,26.45,1.84,3.21,4.05,5.52,33,16
n2_WT_F88R_M255I_OFF_T_G17,52,0.8173,0.7924,0.9802,0,9.38,0,17.05,0,20.89,0,18.39,24.94,2.52,2.07,3.86,9.54,29,15
n2_WT_F88R_M255I_OFF_T_G17,53,0.8169,0.8454,0.9841,1,4.28,0,19.13,0,22.27,0,20.46,27.18,2.21,1.58,3.25,4.36,32,12
n2_WT_F88R_M255I_OFF_T_G17,54,0.8162,0.887,0.9864,0,6.56,0,17.83,0,24.24,0,21.31,27.42,2.85,2.41,6.4,3.76,27,11
n2_WT_F88R_M255I_OFF_T_G17,55,0.8158,0.804,0.9808,0,5.63,0,17.31,0,5.32,0,5.85,6.35,3.07,1.23,3.54,6.15,42,12
n2_WT_F88R_M255I_OFF_T_G17,56,0.8153,0.9118,0.9877,1,3.81,0,16.44,0,21.18,0,11.35,17.86,3.74,2.58,5.16,2.35,43,14
n2_WT_F88R_M255I_OFF_T_G17,57,0.8144,0.7793,0.9782,0,6.31,0,16.24,1,3.42,0,7.47,7.26,3.26,1.12,3.61,5.84,38,13
n2_WT_F88R_M255I_OFF_T_G17,58,0.8142,0.7219,0.9807,0,5.24,0,13.24,0,10.91,0,6.87,12.39,2.65,2.34,4.37,3.93,37,12
n2_WT_F88R_M255I_OFF_T_G17,59,0.8141,0.8208,0.9825,1,4.42,0,20.37,0,16.94,0,12.73,19.39,1.55,2.6,6.56,3.69,30,10
n2_WT_F88R_M255I_OFF_T_G17,6,0.8537,0.86,0.9845,1,4.34,0,15.06,0,42.02,0,36.83,43.09,1.48,2.58,3.21,4.74,26,12
n2_WT_F88R_M255I_OFF_T_G17,60,0.8134,0.8447,0.9818,1,1.91,0,17.75,0,7.33,0,3.71,7.82,2.95,2.69,4.06,3.04,54,16
n2_WT_F88R_M255I_OFF_T_G17,61,0.8117,0.89,0.9878,1,2.6,0,10.24,1,3.45,0,2.47,6.06,1.24,1.51,3.54,3.3,47,15
n2_WT_F88R_M255I_OFF_T_G17,62,0.811,0.82,0.9816,0,6.27,0,21.42,0,16.56,0,13.79,19.75,1.68,2.14,3.5,5.79,35,16
n2_WT_F88R_M255I_OFF_T_G17,63,0.8106,0.8141,0.9811,1,3.55,0,18.59,0,28.4,0,25.85,31.59,1.57,1.67,3.71,3.49,32,12
n2_WT_F88R_M255I_OFF_T_G17,64,0.8106,0.867,0.9813,1,3.1,0,23.21,0,18.16,0,12.64,18.38,3.42,1.29,3.55,2.81,45,18
n2_WT_F88R_M255I_OFF_T_G17,65,0.8103,0.811,0.9831,1,4.39,0,15.93,0,27.43,0,26.89,30.11,1.55,2.66,3.91,5.17,34,12
n2_WT_F88R_M255I_OFF_T_G17,66,0.8102,0.792,0.9811,1,2.53,0,21.2,0,15.48,0,9.86,15.49,1.76,2.27,3.42,3.05,45,16
n2_WT_F88R_M255I_OFF_T_G17,67,0.81,0.834,0.9859,0,8.57,0,15.8,0,22.23,0,18.29,24.5,1.19,1.69,3.25,9.3,32,12
n2_WT_F88R_M255I_OFF_T_G17,68,0.8094,0.8197,0.9824,1,4.28,0,14.7,0,38.51,0,42.76,42.12,1.2,3.02,4.87,3.61,28,11
n2_WT_F88R_M255I_OFF_T_G17,69,0.809,0.8412,0.984,1,2.83,0,12.4,1,2.89,0,3.86,9.71,2.07,2.4,3.88,2.67,51,18
n2_WT_F88R_M255I_OFF_T_G17,7,0.853,0.9059,0.985,0,6.44,0,15.55,0,6.71,0,5.31,9.5,2.83,2.37,4.39,4.83,58,17
n2_WT_F88R_M255I_OFF_T_G17,70,0.8059,0.887,0.9843,0,6.34,0,28.36,0,15.61,0,7.2,13.7,2.53,1.25,5.93,5.55,48,18
n2_WT_F88R_M255I_OFF_T_G17,71,0.8055,0.766,0.9833,1,4.17,0,20.9,0,13.67,0,12.0,17.97,1.27,1.97,3.21,3.56,28,9
n2_WT_F88R_M255I_OFF_T_G17,72,0.8049,0.8425,0.9832,1,0.96,0,13.37,0,31.75,0,31.16,36.08,1.81,0.85,3.2,3.09,42,16
n2_WT_F88R_M255I_OFF_T_G17,73,0.8043,0.759,0.9774,0,6.07,0,7.93,0,34.23,0,38.32,35.87,2.06,1.39,5.66,4.48,39,16
n2_WT_F88R_M255I_OFF_T_G17,74,0.8024,0.7859,0.9746,0,5.79,0,12.02,0,31.46,0,30.75,32.25,4.35,2.42,2.21,4.7,34,13
n2_WT_F88R_M255I_OFF_T_G17,75,0.7985,0.8507,0.9853,1,3.06,0,14.79,0,13.57,0,16.19,20.91,2.58,2.08,3.52,3.01,59,19
n2_WT_F88R_M255I_OFF_T_G17,76,0.7984,0.7877,0.9861,1,2.19,0,22.33,0,8.76,0,15.84,15.65,1.35,2.2,3.82,2.75,28,12
n2_WT_F88R_M255I_OFF_T_G17,77,0.7972,0.8416,0.9814,0,5.93,0,23.22,0,19.42,0,18.18,23.04,2.36,3.01,3.25,4.82,41,18
n2_WT_F88R_M255I_OFF_T_G17,78,0.7972,0.7498,0.9727,0,7.81,0,13.4,0,32.06,0,30.27,32.66,4.57,2.03,5.69,6.03,32,15
n2_WT_F88R_M255I_OFF_T_G17,79,0.797,0.7657,0.9723,1,4.7,0,19.03,0,24.53,0,22.74,29.23,2.7,2.59,5.26,4.09,30,14
n2_WT_F88R_M255I_OFF_T_G17,8,0.8516,0.9121,0.9883,1,3.39,0,23.86,0,12.63,0,15.41,19.01,3.11,1.71,3.26,3.88,35,14
n2_WT_F88R_M255I_OFF_T_G17,80,0.7951,0.7689,0.9807,0,6.76,0,18.02,0,20.72,0,17.02,22.64,3.47,1.29,4.18,6.52,29,11
n2_WT_F88R_M255I_OFF_T_G17,81,0.7945,0.8093,0.9771,1,2.42,0,15.56,1,2.43,0,1.34,5.34,3.08,2.63,3.69,2.72,54,19
n2_WT_F88R_M255I_OFF_T_G17,82,0.7943,0.7566,0.9779,0,6.38,0,19.94,0,16.38,0,12.19,18.28,0.66,2.39,5.43,6.23,30,13
n2_WT_F88R_M255I_OFF_T_G17,83,0.7914,0.7038,0.9721,0,6.94,0,16.17,0,7.17,0,5.17,11.37,2.11,2.15,4.51,5.35,44,16
n2_WT_F88R_M255I_OFF_T_G17,84,0.7891,0.7577,0.9825,0,5.91,0,9.04,0,27.38,0,32.78,30.23,3.2,2.44,5.42,5.12,38,14
n2_WT_F88R_M255I_OFF_T_G17,85,0.7831,0.7345,0.9815,1,4.69,0,17.78,1,3.59,0,4.53,7.93,1.05,3.06,3.99,4.9,25,12
n2_WT_F88R_M255I_OFF_T_G17,86,0.7798,0.6759,0.9807,1,3.35,0,17.3,0,12.06,0,8.23,14.42,1.78,3.29,1.86,4.22,38,15
n2_WT_F88R_M255I_OFF_T_G17,87,0.7797,0.6767,0.9774,0,5.51,0,15.46,0,11.54,0,8.42,14.64,2.79,2.31,5.59,4.8,31,14
n2_WT_F88R_M255I_OFF_T_G17,88,0.7793,0.7937,0.9799,0,7.35,0,9.63,0,29.91,0,31.27,33.69,1.91,1.01,2.39,6.47,36,17
n2_WT_F88R_M255I_OFF_T_G17,89,0.7783,0.6931,0.9767,1,4.44,0,15.83,0,17.84,0,12.36,17.96,2.4,1.94,2.89,4.15,34,14
n2_WT_F88R_M255I_OFF_T_G17,9,0.8515,0.8784,0.9866,1,3.76,0,16.1,0,30.65,0,26.56,33.13,2.45,1.13,2.96,5.56,46,15
n2_WT_F88R_M255I_OFF_T_G17,90,0.7694,0.7309,0.9809,1,3.28,0,14.69,0,28.78,0,25.24,30.7,1.46,1.65,3.11,2.79,44,13
n2_WT_F88R_M255I_OFF_T_G17,91,0.7658,0.588,0.9745,0,8.92,0,18.38,0,28.09,0,26.12,31.58,2.55,1.74,5.16,8.87,20,10
n2_WT_F88R_M255I_OFF_T_G17,92,0.7634,0.6485,0.9769,0,6.9,0,16.31,0,12.03,0,16.9,19.95,2.83,2.0,5.49,6.05,32,15
n2_WT_F88R_M255I_OFF_T_G17,93,0.7605,0.6354,0.9766,0,6.96,0,28.84,0,27.95,0,30.53,36.34,3.07,2.82,3.03,6.39,34,13
n2_WT_F88R_M255I_OFF_T_G17,94,0.7601,0.6455,0.9753,1,1.74,0,15.78,0,7.67,0,5.38,8.88,1.54,2.42,3.69,0.7,56,16
n2_WT_F88R_M255I_OFF_T_G17,95,0.758,0.6904,0.9773,0,6.95,0,16.24,0,21.73,0,19.61,23.97,1.84,1.75,3.75,7.14,45,17
n2_WT_F88R_M255I_OFF_T_G17,96,0.7576,0.6274,0.975,1,2.39,0,16.35,0,33.61,0,31.68,37.46,2.0,3.21,3.9,2.57,46,15
n2_WT_F88R_M255I_OFF_T_G17,97,0.7567,0.6087,0.9708,0,6.66,0,18.55,1,1.69,0,2.35,4.3,3.46,3.01,4.14,6.46,39,20
n2_WT_F88R_M255I_OFF_T_G17,98,0.7329,0.5085,0.9767,0,6.73,0,16.28,0,24.87,0,21.34,27.13,4.61,2.41,6.22,5.87,25,13
n2_WT_F88R_M255I_OFF_T_G17,99,0.7237,0.5061,0.9752,0,5.71,0,16.93,1,0.84,0,1.35,4.01,3.0,1.75,3.72,4.04,35,15
n2_WT_F88R_M255I_S1_G17,0,0.8564,0.8222,0.9896,1,1.85,1,3.72,1,2.58,1,3.2,3.16,3.59,5.36,8.92,1.94,41,13
n2_WT_F88R_M255I_S1_G17,1,0.8502,0.8469,0.9902,1,2.4,0,15.32,0,39.29,0,31.14,37.83,1.9,1.64,7.5,1.66,52,14
n2_WT_F88R_M255I_S1_G17,10,0.8288,0.8235,0.9872,1,1.76,0,16.65,0,38.54,0,30.31,37.15,1.86,2.76,10.38,1.58,53,13
n2_WT_F88R_M255I_S1_G17,11,0.8286,0.8203,0.9868,1,3.1,0,5.35,0,7.96,0,9.77,12.33,3.53,2.45,4.54,5.14,40,14
n2_WT_F88R_M255I_S1_G17,12,0.8286,0.832,0.9877,1,3.23,1,3.56,1,2.59,1,2.0,4.92,1.84,2.11,4.57,6.68,40,13
n2_WT_F88R_M255I_S1_G17,13,0.8282,0.802,0.9887,1,4.1,0,5.22,1,2.23,0,1.16,4.17,2.21,2.17,3.69,3.5,45,14
n2_WT_F88R_M255I_S1_G17,14,0.8273,0.8179,0.9883,1,1.84,1,2.95,1,2.51,1,2.03,5.02,3.53,3.02,5.19,3.81,42,12
n2_WT_F88R_M255I_S1_G17,15,0.8264,0.7778,0.9829,1,2.71,0,18.53,0,31.58,0,23.51,30.11,2.12,2.07,8.86,0.81,41,12
n2_WT_F88R_M255I_S1_G17,16,0.8258,0.739,0.984,0,6.33,0,5.01,1,2.95,0,1.91,4.43,1.46,3.34,2.68,5.33,40,12
n2_WT_F88R_M255I_S1_G17,17,0.8257,0.7955,0.9864,1,3.5,0,5.14,1,3.24,0,1.31,4.2,2.76,3.0,4.47,5.03,37,11
n2_WT_F88R_M255I_S1_G17,18,0.8251,0.7855,0.9844,1,2.65,0,5.27,1,1.9,0,2.93,5.98,3.67,0.82,3.44,5.02,38,13
n2_WT_F88R_M255I_S1_G17,19,0.8248,0.8224,0.988,1,4.35,0,5.04,0,6.71,0,10.44,12.26,2.93,1.87,3.13,6.1,34,13
n2_WT_F88R_M255I_S1_G17,2,0.8475,0.8964,0.9847,1,4.75,0,12.39,1,2.48,0,1.89,5.11,1.9,2.5,3.32,4.0,46,16
n2_WT_F88R_M255I_S1_G17,20,0.8245,0.7671,0.9858,1,4.37,1,4.44,1,0.51,1,1.43,3.87,1.74,2.64,3.53,6.36,39,12
n2_WT_F88R_M255I_S1_G17,21,0.8241,0.8037,0.9845,1,2.8,0,5.56,0,9.94,0,10.28,13.17,2.07,1.46,2.68,4.35,36,15
n2_WT_F88R_M255I_S1_G17,22,0.8236,0.7863,0.9863,1,4.99,1,4.4,1,1.97,1,3.02,3.29,2.73,2.34,3.33,6.05,37,13
n2_WT_F88R_M255I_S1_G17,23,0.8234,0.8043,0.9867,1,3.35,1,2.68,1,2.16,1,0.95,3.8,2.82,2.73,4.54,5.27,41,12
n2_WT_F88R_M255I_S1_G17,24,0.8231,0.8014,0.9849,1,2.63,1,4.52,0,9.38,0,8.94,12.92,0.9,0.56,4.14,4.66,44,14
n2_WT_F88R_M255I_S1_G17,25,0.8221,0.9099,0.9901,1,3.36,0,6.89,1,2.99,0,2.31,5.48,4.43,2.47,3.02,2.09,48,16
n2_WT_F88R_M255I_S1_G17,26,0.8211,0.7827,0.9843,1,2.31,1,3.79,1,3.26,1,2.68,5.14,3.0,3.52,3.74,4.63,40,12
n2_WT_F88R_M255I_S1_G17,27,0.8211,0.8644,0.9825,1,4.44,0,12.77,1,2.86,0,2.17,4.93,2.4,3.46,3.58,4.8,45,21
n2_WT_F88R_M255I_S1_G17,28,0.8205,0.7816,0.9848,1,1.9,1,3.02,1,2.67,1,1.9,5.34,2.01,2.39,5.53,4.88,38,13
n2_WT_F88R_M255I_S1_G17,29,0.8197,0.7541,0.985,1,2.64,1,3.12,1,2.63,1,3.24,5.09,3.21,3.33,4.58,5.43,41,14
n2_WT_F88R_M255I_S1_G17,3,0.8425,0.8308,0.9888,1,2.62,0,6.98,0,36.69,0,28.68,35.12,2.5,1.34,8.11,2.09,52,13
n2_WT_F88R_M255I_S1_G17,30,0.8187,0.8486,0.9839,0,5.5,0,12.0,1,3.0,0,1.34,4.35,3.72,1.43,3.75,5.61,40,15
n2_WT_F88R_M255I_S1_G17,31,0.8185,0.771,0.9861,1,2.95,1,4.53,1,3.22,1,1.66,3.89,2.03,1.33,3.55,6.46,38,11
n2_WT_F88R_M255I_S1_G17,32,0.8173,0.882,0.984,0,6.64,0,13.81,1,3.02,0,2.8,5.0,1.13,2.59,3.59,4.42,41,18
n2_WT_F88R_M255I_S1_G17,33,0.8172,0.7874,0.9846,1,3.57,1,3.61,1,2.29,1,2.9,5.18,2.99,3.03,2.6,5.84,38,13
n2_WT_F88R_M255I_S1_G17,34,0.8166,0.8099,0.9864,1,2.57,1,4.73,1,4.21,1,3.33,7.66,2.78,2.71,3.38,4.77,40,14
n2_WT_F88R_M255I_S1_G17,35,0.8156,0.7758,0.9849,1,3.12,0,6.12,0,6.15,0,5.49,8.28,2.2,3.82,4.94,4.59,36,11
n2_WT_F88R_M255I_S1_G17,36,0.8154,0.7705,0.9848,1,4.27,1,4.5,0,10.16,0,6.7,10.73,2.77,2.41,2.84,5.36,40,13
n2_WT_F88R_M255I_S1_G17,37,0.8152,0.7894,0.9854,1,2.87,0,5.09,1,2.85,0,1.87,4.34,3.32,3.11,3.83,5.96,41,13
n2_WT_F88R_M255I_S1_G17,38,0.8152,0.7957,0.9876,1,2.57,1,3.63,1,2.26,1,2.08,5.51,2.56,2.86,3.25,5.71,40,14
n2_WT_F88R_M255I_S1_G17,39,0.8146,0.7608,0.9866,1,2.18,1,3.83,1,2.64,1,2.18,5.03,4.02,2.63,2.91,6.25,36,12
n2_WT_F88R_M255I_S1_G17,4,0.8395,0.8956,0.9854,1,3.7,0,12.73,1,2.54,0,2.09,6.31,2.04,3.36,5.03,3.42,42,19
n2_WT_F88R_M255I_S1_G17,40,0.8142,0.7766,0.9866,1,3.64,1,2.9,1,2.65,1,2.42,4.56,3.5,3.01,3.45,4.54,44,13
n2_WT_F88R_M255I_S1_G17,41,0.8141,0.8615,0.9856,1,2.75,1,3.26,1,2.65,1,2.25,6.03,2.79,3.23,2.01,5.01,44,15
n2_WT_F88R_M255I_S1_G17,42,0.8137,0.7834,0.9866,1,1.8,1,3.04,1,2.82,1,2.29,4.97,3.72,2.72,2.99,5.85,40,14
n2_WT_F88R_M255I_S1_G17,43,0.8135,0.7691,0.9844,1,1.95,1,2.42,1,3.5,1,2.22,3.03,2.51,2.5,5.31,5.31,38,12
n2_WT_F88R_M255I_S1_G17,44,0.8132,0.7846,0.9858,1,3.77,1,2.98,1,2.06,1,2.11,5.21,2.62,2.79,3.03,6.54,41,12
n2_WT_F88R_M255I_S1_G17,45,0.8131,0.7604,0.981,1,3.81,1,5.0,0,7.74,0,9.13,11.62,1.38,1.72,3.74,5.0,37,12
n2_WT_F88R_M255I_S1_G17,46,0.8129,0.7552,0.9853,1,2.57,0,5.05,1,4.02,0,3.12,6.15,2.73,3.45,4.5,4.32,42,13
n2_WT_F88R_M255I_S1_G17,47,0.8123,0.7855,0.9868,1,2.83,1,3.27,1,2.51,1,3.01,5.3,2.34,3.3,4.72,5.33,41,12
n2_WT_F88R_M255I_S1_G17,48,0.8112,0.8571,0.9821,1,4.76,0,12.68,1,3.14,0,2.9,5.0,2.1,3.56,4.38,4.34,37,17
n2_WT_F88R_M255I_S1_G17,49,0.81,0.7473,0.9843,1,3.16,1,3.67,1,2.65,1,4.4,5.97,1.98,2.54,4.53,5.02,35,11
n2_WT_F88R_M255I_S1_G17,5,0.8373,0.824,0.9885,1,4.23,0,5.13,1,2.69,0,3.7,2.81,3.31,3.89,4.56,5.6,41,13
n2_WT_F88R_M255I_S1_G17,50,0.8097,0.7238,0.9839,1,3.71,1,4.72,1,1.83,1,3.03,3.42,2.56,0.83,4.28,5.16,36,12
n2_WT_F88R_M255I_S1_G17,51,0.8095,0.7599,0.9846,1,2.7,1,3.45,1,3.69,1,3.23,4.34,2.85,2.63,4.32,5.66,45,13
n2_WT_F88R_M255I_S1_G17,52,0.8093,0.7582,0.9845,1,2.84,1,2.57,1,2.91,1,1.48,5.15,2.61,3.61,5.16,5.69,40,13
n2_WT_F88R_M255I_S1_G17,53,0.8091,0.7693,0.9845,1,4.14,1,4.55,1,2.5,1,1.53,3.71,3.2,4.08,4.87,6.31,39,13
n2_WT_F88R_M255I_S1_G17,54,0.808,0.7787,0.9846,0,6.78,0,7.66,1,3.87,0,6.1,8.57,1.41,0.89,3.5,6.14,32,13
n2_WT_F88R_M255I_S1_G17,55,0.8068,0.7483,0.9844,1,4.92,0,5.17,1,2.64,0,1.18,5.22,2.87,2.4,3.42,6.6,39,14
n2_WT_F88R_M255I_S1_G17,56,0.8066,0.6913,0.9825,1,1.84,0,12.54,0,36.49,0,28.75,35.46,2.82,1.75,7.39,3.41,49,13
n2_WT_F88R_M255I_S1_G17,57,0.8065,0.8065,0.9824,0,6.75,0,6.51,0,6.4,0,9.85,11.33,2.86,3.53,4.89,6.57,35,13
n2_WT_F88R_M255I_S1_G17,58,0.8063,0.7182,0.9827,0,6.12,1,4.36,1,2.89,1,1.29,3.63,2.19,3.41,3.39,6.59,37,13
n2_WT_F88R_M255I_S1_G17,59,0.8051,0.6843,0.9802,1,3.2,0,5.47,0,8.51,0,9.75,12.23,1.64,2.57,4.04,4.94,39,13
n2_WT_F88R_M255I_S1_G17,6,0.837,0.8202,0.9848,0,6.63,1,3.61,0,42.74,0,36.87,41.67,0.75,2.62,5.49,6.5,39,13
n2_WT_F88R_M255I_S1_G17,60,0.8042,0.7564,0.9848,1,2.65,1,3.64,1,2.82,1,2.88,5.2,2.34,2.5,4.72,3.64,33,11
n2_WT_F88R_M255I_S1_G17,61,0.8038,0.7372,0.9841,1,1.35,0,13.59,0,33.44,0,26.21,32.72,1.4,1.42,8.67,2.34,39,14
n2_WT_F88R_M255I_S1_G17,62,0.803,0.7133,0.9841,1,2.66,1,4.07,1,2.7,1,2.23,5.04,2.03,1.18,3.84,4.64,40,13
n2_WT_F88R_M255I_S1_G17,63,0.8026,0.7251,0.9839,1,2.7,0,5.55,1,3.92,0,5.56,9.09,1.39,2.54,3.73,4.99,39,12
n2_WT_F88R_M255I_S1_G17,64,0.8011,0.8668,0.9832,1,1.85,0,13.37,0,26.24,0,19.17,25.9,2.82,1.9,3.45,3.1,43,16
n2_WT_F88R_M255I_S1_G17,65,0.8008,0.7554,0.9843,1,3.6,1,3.87,0,10.65,0,8.2,13.06,1.61,2.91,3.51,4.23,44,11
n2_WT_F88R_M255I_S1_G17,66,0.8001,0.7316,0.9846,0,8.2,0,8.94,1,3.57,0,2.52,1.57,2.1,3.07,3.53,6.96,34,11
n2_WT_F88R_M255I_S1_G17,67,0.7984,0.8091,0.9892,1,3.59,0,12.13,0,56.64,0,48.78,55.45,1.28,6.76,11.76,1.84,36,10
n2_WT_F88R_M255I_S1_G17,68,0.7975,0.7116,0.9819,1,3.32,1,4.89,1,2.16,1,2.86,2.42,2.11,1.86,4.28,4.98,37,13
n2_WT_F88R_M255I_S1_G17,69,0.7972,0.7122,0.9854,0,9.22,0,8.33,1,2.88,0,1.23,4.84,1.23,2.87,4.75,6.55,34,11
n2_WT_F88R_M255I_S1_G17,7,0.834,0.8809,0.9835,0,5.66,0,13.46,1,3.23,0,1.49,4.09,2.32,3.0,4.38,4.4,48,18
n2_WT_F88R_M255I_S1_G17,70,0.7968,0.7732,0.9788,1,3.98,0,12.64,1,2.29,0,1.61,4.81,1.55,1.83,3.12,2.31,50,20
n2_WT_F88R_M255I_S1_G17,71,0.7951,0.7447,0.983,1,2.11,0,5.0,1,2.18,0,1.71,4.83,4.17,2.75,7.84,3.6,41,11
n2_WT_F88R_M255I_S1_G17,72,0.7928,0.6504,0.9806,1,5.0,0,18.18,0,24.9,0,21.75,25.0,2.98,1.83,3.47,5.4,28,13
n2_WT_F88R_M255I_S1_G17,73,0.7922,0.7536,0.9832,1,2.97,1,3.33,1,2.26,1,1.37,5.1,2.05,2.98,5.9,4.38,40,12
n2_WT_F88R_M255I_S1_G17,74,0.7918,0.8237,0.9864,1,1.3,0,17.69,0,41.26,0,32.38,39.25,2.83,2.8,7.31,2.6,43,17
n2_WT_F88R_M255I_S1_G17,75,0.7918,0.6833,0.9795,1,2.94,0,5.13,0,10.37,0,9.77,13.3,1.75,2.83,4.13,5.45,41,14
n2_WT_F88R_M255I_S1_G17,76,0.7891,0.8587,0.9858,1,1.35,0,8.99,0,37.17,0,29.34,35.97,2.18,2.89,5.4,2.05,54,20
n2_WT_F88R_M255I_S1_G17,77,0.7883,0.7633,0.9847,1,4.41,0,11.34,0,46.05,0,39.31,45.69,2.47,2.71,4.8,4.74,34,13
n2_WT_F88R_M255I_S1_G17,78,0.7881,0.7707,0.9822,0,5.08,0,12.86,1,4.76,0,6.7,8.63,2.48,3.48,8.46,5.68,29,14
n2_WT_F88R_M255I_S1_G17,79,0.7873,0.7845,0.9803,1,2.67,0,16.9,0,36.4,0,27.99,34.6,1.87,2.05,6.18,1.34,43,16
n2_WT_F88R_M255I_S1_G17,8,0.8328,0.7992,0.9852,1,1.36,0,19.09,0,28.78,0,22.17,28.88,2.42,2.09,9.11,2.7,37,11
n2_WT_F88R_M255I_S1_G17,80,0.7864,0.8281,0.9806,0,6.3,1,4.49,1,2.94,1,2.58,5.49,3.07,1.62,3.63,5.53,37,18
n2_WT_F88R_M255I_S1_G17,81,0.7863,0.7147,0.9802,0,6.61,0,5.53,1,2.78,0,1.09,3.85,3.8,3.06,4.53,6.55,41,12
n2_WT_F88R_M255I_S1_G17,82,0.7853,0.7758,0.9813,1,2.37,0,17.49,0,40.43,0,32.1,38.7,2.35,2.26,5.1,1.29,47,18
n2_WT_F88R_M255I_S1_G17,83,0.7848,0.7718,0.9814,1,3.48,0,11.34,1,4.44,0,6.74,9.28,1.41,3.97,9.2,5.1,34,10
n2_WT_F88R_M255I_S1_G17,84,0.7841,0.7449,0.9809,1,2.76,1,2.85,1,2.34,1,2.15,5.19,3.38,2.14,3.31,6.27,45,14
n2_WT_F88R_M255I_S1_G17,85,0.7805,0.7051,0.9802,0,6.84,0,14.91,0,5.53,0,7.66,9.72,0.84,2.71,4.45,5.5,37,13
n2_WT_F88R_M255I_S1_G17,86,0.7793,0.8158,0.9807,1,4.04,1,3.48,1,2.5,1,2.18,5.05,1.66,0.92,5.07,4.17,44,18
n2_WT_F88R_M255I_S1_G17,87,0.7791,0.6312,0.9781,1,4.01,1,2.17,1,2.6,1,1.71,5.03,1.7,1.07,6.62,5.29,34,12
n2_WT_F88R_M255I_S1_G17,88,0.7787,0.8095,0.9815,1,3.14,0,9.91,1,3.47,0,3.15,1.73,2.08,2.51,3.64,2.83,53,18
n2_WT_F88R_M255I_S1_G17,89,0.7778,0.6775,0.9844,0,7.88,0,11.86,1,2.4,0,1.87,5.58,2.33,1.94,4.13,5.86,36,10
n2_WT_F88R_M255I_S1_G17,9,0.8294,0.8255,0.9884,1,4.01,1,4.63,1,2.37,1,2.43,5.24,2.68,2.03,5.97,4.39,42,14
n2_WT_F88R_M255I_S1_G17,90,0.7754,0.8027,0.9848,1,1.67,0,19.61,0,33.31,0,24.68,31.48,3.18,2.79,6.4,1.52,45,18
n2_WT_F88R_M255I_S1_G17,91,0.7735,0.6742,0.9806,0,6.46,0,14.47,1,4.67,0,6.55,8.99,2.63,2.54,4.48,5.92,28,13
n2_WT_F88R_M255I_S1_G17,92,0.7725,0.6074,0.9781,0,7.04,0,7.36,0,5.05,0,5.65,9.26,2.22,2.4,5.28,6.15,29,10
n2_WT_F88R_M255I_S1_G17,93,0.7711,0.8167,0.9825,1,1.63,0,12.04,0,39.29,0,30.99,37.74,2.49,2.57,4.99,1.09,56,17
n2_WT_F88R_M255I_S1_G17,94,0.7707,0.7241,0.9787,1,4.3,0,11.22,1,4.54,0,6.28,9.3,1.22,3.13,9.26,4.61,33,12
n2_WT_F88R_M255I_S1_G17,95,0.7667,0.7552,0.982,1,1.91,0,16.83,0,38.14,0,30.08,36.76,0.9,3.94,2.59,2.8,58,18
n2_WT_F88R_M255I_S1_G17,96,0.7628,0.603,0.9761,0,6.45,0,7.92,0,5.42,0,8.18,9.78,1.58,2.79,6.69,6.35,34,14
n2_WT_F88R_M255I_S1_G17,97,0.7604,0.6195,0.9808,0,6.52,0,7.65,1,1.99,0,3.83,3.97,2.54,2.65,3.18,6.39,36,11
n2_WT_F88R_M255I_S1_G17,98,0.7456,0.6199,0.9769,1,2.85,0,8.5,0,5.74,0,5.4,8.22,2.08,1.65,6.16,3.28,60,16
n2_WT_F88R_M255I_S1_G17,99,0.7437,0.5399,0.9809,0,5.9,0,7.12,0,7.92,0,9.39,11.74,1.43,2.32,4.89,5.86,32,11
n2_WT_F88R_M255K_OFF_T_G17,0,0.8706,0.9304,0.9823,0,5.52,0,15.35,1,3.22,0,5.62,3.44,2.53,3.29,4.07,5.8,44,17
n2_WT_F88R_M255K_OFF_T_G17,1,0.8623,0.9309,0.9849,0,6.21,0,16.07,0,5.78,0,12.3,13.09,0.86,1.3,4.25,5.14,54,19
n2_WT_F88R_M255K_OFF_T_G17,10,0.846,0.9092,0.981,1,4.44,0,15.4,0,5.09,0,6.44,3.53,2.92,3.66,3.26,5.87,52,19
n2_WT_F88R_M255K_OFF_T_G17,11,0.8459,0.8139,0.9826,0,6.72,0,13.82,1,4.38,0,5.66,4.9,3.03,2.72,4.11,6.29,35,11
n2_WT_F88R_M255K_OFF_T_G17,12,0.8457,0.8406,0.9805,0,6.28,0,18.7,1,4.28,0,2.65,5.88,3.15,2.2,4.07,6.26,49,14
n2_WT_F88R_M255K_OFF_T_G17,13,0.8451,0.8861,0.9851,1,4.06,0,16.05,0,6.12,0,4.68,9.76,1.34,3.0,3.71,4.57,42,16
n2_WT_F88R_M255K_OFF_T_G17,14,0.8447,0.903,0.9814,0,8.42,0,12.12,0,29.53,0,28.39,30.06,1.86,2.64,3.84,5.54,31,13
n2_WT_F88R_M255K_OFF_T_G17,15,0.8434,0.9326,0.9865,1,4.71,0,16.18,0,5.23,0,2.64,5.75,3.23,2.43,3.12,3.53,50,22
n2_WT_F88R_M255K_OFF_T_G17,16,0.8434,0.865,0.9843,1,4.28,0,14.55,1,3.66,0,0.98,5.7,3.32,1.39,3.71,5.43,38,15
n2_WT_F88R_M255K_OFF_T_G17,17,0.8408,0.8945,0.9836,0,6.57,0,13.56,1,4.91,0,3.93,3.7,2.62,3.76,4.43,7.62,37,17
n2_WT_F88R_M255K_OFF_T_G17,18,0.84,0.9178,0.9867,1,3.5,0,16.08,0,6.28,0,11.73,10.22,1.48,3.3,3.15,5.4,47,17
n2_WT_F88R_M255K_OFF_T_G17,19,0.8398,0.8901,0.9865,0,6.5,0,15.22,1,4.16,0,4.41,8.81,2.14,2.31,3.54,5.12,45,17
n2_WT_F88R_M255K_OFF_T_G17,2,0.8592,0.9061,0.9858,0,5.15,0,15.61,0,5.88,0,11.24,11.96,1.82,2.34,3.61,4.27,48,20
n2_WT_F88R_M255K_OFF_T_G17,20,0.8397,0.8725,0.9805,0,5.32,0,16.43,0,5.06,0,6.48,4.5,1.72,3.16,3.57,4.18,45,16
n2_WT_F88R_M255K_OFF_T_G17,21,0.8393,0.8386,0.9802,0,5.11,0,17.53,1,4.17,0,7.98,5.8,3.47,2.82,2.62,5.56,43,17
n2_WT_F88R_M255K_OFF_T_G17,22,0.8392,0.9012,0.9832,1,2.0,0,12.63,1,4.21,0,4.37,5.41,1.35,2.55,2.97,3.44,50,18
n2_WT_F88R_M255K_OFF_T_G17,23,0.8388,0.9232,0.989,1,1.52,0,14.43,1,4.9,0,3.12,7.49,2.63,1.1,3.01,2.62,49,14
n2_WT_F88R_M255K_OFF_T_G17,24,0.8388,0.7813,0.9833,0,7.34,0,15.85,1,4.03,0,5.48,4.03,1.29,2.2,2.42,6.35,35,13
n2_WT_F88R_M255K_OFF_T_G17,25,0.8378,0.9231,0.9885,1,1.82,0,15.59,1,2.94,0,1.34,7.91,1.18,1.88,2.95,3.68,52,19
n2_WT_F88R_M255K_OFF_T_G17,26,0.8374,0.911,0.9829,0,7.07,0,18.0,0,6.09,0,4.22,4.5,2.94,2.58,5.38,6.83,47,20
n2_WT_F88R_M255K_OFF_T_G17,27,0.8366,0.8858,0.9807,0,9.89,0,12.19,0,31.16,0,29.97,32.1,4.49,2.48,3.71,6.67,28,13
n2_WT_F88R_M255K_OFF_T_G17,28,0.8358,0.8738,0.9826,1,4.02,0,15.01,0,5.94,0,4.81,5.2,1.74,2.66,3.77,5.35,46,16
n2_WT_F88R_M255K_OFF_T_G17,29,0.8345,0.8328,0.9812,0,7.12,0,7.43,0,35.05,0,39.29,36.62,1.39,1.91,5.15,5.64,29,12
n2_WT_F88R_M255K_OFF_T_G17,3,0.8545,0.9006,0.9824,0,5.41,0,19.99,0,24.09,0,22.5,29.69,0.85,2.13,3.54,4.08,35,18
n2_WT_F88R_M255K_OFF_T_G17,30,0.8342,0.8839,0.9853,1,3.24,0,15.12,1,2.49,0,2.79,3.49,3.11,1.61,3.1,2.66,57,18
n2_WT_F88R_M255K_OFF_T_G17,31,0.8334,0.936,0.989,1,2.45,0,10.71,1,1.64,0,3.09,3.61,1.59,3.72,3.14,3.21,56,19
n2_WT_F88R_M255K_OFF_T_G17,32,0.8333,0.9267,0.9873,1,2.52,0,10.02,1,2.7,0,1.33,7.98,1.14,2.65,4.09,2.95,52,16
n2_WT_F88R_M255K_OFF_T_G17,33,0.8327,0.8982,0.9867,1,4.7,0,13.17,0,43.59,0,37.49,44.86,1.48,1.61,4.02,3.49,30,11
n2_WT_F88R_M255K_OFF_T_G17,34,0.8324,0.8946,0.9818,1,2.26,0,13.5,0,27.15,0,25.83,28.18,0.32,1.95,4.52,2.45,54,17
n2_WT_F88R_M255K_OFF_T_G17,35,0.832,0.8408,0.9869,1,4.77,0,12.61,1,3.31,0,11.88,9.49,2.77,3.04,1.2,3.82,45,17
n2_WT_F88R_M255K_OFF_T_G17,36,0.8312,0.8822,0.9838,0,7.37,0,15.97,0,5.0,0,6.04,8.41,2.48,2.45,3.57,6.33,37,13
n2_WT_F88R_M255K_OFF_T_G17,37,0.8312,0.8739,0.9839,0,8.97,0,6.09,0,29.93,0,31.23,29.95,2.68,3.6,8.96,8.65,25,13
n2_WT_F88R_M255K_OFF_T_G17,38,0.8308,0.8873,0.9844,0,5.48,0,15.42,1,2.45,0,4.27,8.7,1.81,2.83,3.72,4.62,55,19
n2_WT_F88R_M255K_OFF_T_G17,39,0.8301,0.8313,0.9848,1,4.71,0,15.76,1,0.52,0,1.04,5.32,2.66,2.57,3.52,5.14,41,16
n2_WT_F88R_M255K_OFF_T_G17,4,0.8513,0.9178,0.9852,1,4.2,0,15.36,1,4.02,0,3.68,2.95,3.44,0.9,3.18,4.82,54,18
n2_WT_F88R_M255K_OFF_T_G17,40,0.8297,0.8318,0.9828,0,6.24,0,15.74,1,3.91,0,5.87,3.38,2.46,1.32,4.79,5.95,43,16
n2_WT_F88R_M255K_OFF_T_G17,41,0.8289,0.8196,0.9815,1,1.07,0,29.61,0,6.6,0,9.34,13.1,0.79,1.68,5.62,2.81,51,19
n2_WT_F88R_M255K_OFF_T_G17,42,0.8285,0.9157,0.9833,0,5.02,0,15.39,0,5.38,0,11.47,9.69,1.39,1.89,3.12,5.43,41,17
n2_WT_F88R_M255K_OFF_T_G17,43,0.8283,0.8229,0.9814,0,5.04,0,17.26,1,4.65,0,3.93,8.25,2.59,1.54,3.92,6.07,35,16
n2_WT_F88R_M255K_OFF_T_G17,44,0.828,0.8065,0.9792,0,8.18,0,18.11,1,3.07,0,6.21,3.18,2.86,2.86,4.42,5.66,42,16
n2_WT_F88R_M255K_OFF_T_G17,45,0.8278,0.8597,0.9819,0,5.5,0,16.68,1,2.67,0,6.43,6.28,0.69,2.7,3.96,5.68,37,15
n2_WT_F88R_M255K_OFF_T_G17,46,0.8277,0.8683,0.9855,1,4.21,0,17.23,0,5.17,0,4.36,2.8,2.06,1.74,2.76,5.2,39,17
n2_WT_F88R_M255K_OFF_T_G17,47,0.8259,0.7661,0.9842,1,4.42,0,22.55,0,44.06,0,48.57,46.77,1.97,3.52,3.68,5.97,37,14
n2_WT_F88R_M255K_OFF_T_G17,48,0.8255,0.9083,0.9829,0,6.98,0,18.82,1,4.55,0,2.42,3.15,5.31,2.88,3.25,6.77,40,16
n2_WT_F88R_M255K_OFF_T_G17,49,0.8253,0.8618,0.986,0,5.28,0,15.57,0,6.67,0,10.87,11.7,2.27,2.63,2.59,5.36,42,13
n2_WT_F88R_M255K_OFF_T_G17,5,0.8505,0.9127,0.9871,1,2.16,0,15.92,1,1.83,0,1.28,2.93,3.0,2.53,3.54,1.43,57,17
n2_WT_F88R_M255K_OFF_T_G17,50,0.824,0.8303,0.9819,1,4.89,0,16.2,0,5.24,0,4.01,2.22,2.24,2.4,3.62,5.21,53,16
n2_WT_F88R_M255K_OFF_T_G17,51,0.8233,0.8203,0.9846,1,4.84,0,17.44,1,4.11,0,7.28,3.26,2.94,2.31,3.68,4.96,42,19
n2_WT_F88R_M255K_OFF_T_G17,52,0.8229,0.8826,0.9868,0,6.11,0,19.14,0,6.99,0,8.59,11.49,1.46,2.66,5.11,6.73,33,14
n2_WT_F88R_M255K_OFF_T_G17,53,0.8227,0.8531,0.9829,1,4.28,0,23.74,0,19.39,0,22.71,25.49,2.64,2.73,3.2,5.01,34,13
n2_WT_F88R_M255K_OFF_T_G17,54,0.8226,0.8466,0.98,0,6.03,0,28.45,0,26.72,0,23.59,29.14,2.14,2.81,4.6,4.95,49,19
n2_WT_F88R_M255K_OFF_T_G17,55,0.8224,0.776,0.9852,0,5.21,0,16.59,1,4.55,0,10.92,10.3,0.98,1.86,3.7,4.79,33,11
n2_WT_F88R_M255K_OFF_T_G17,56,0.8224,0.893,0.9873,1,1.79,0,11.63,0,6.06,0,5.93,6.95,2.81,3.27,3.55,1.93,59,17
n2_WT_F88R_M255K_OFF_T_G17,57,0.8216,0.8114,0.9863,0,5.03,0,24.27,0,50.8,0,52.75,53.08,1.64,3.64,4.69,4.46,39,16
n2_WT_F88R_M255K_OFF_T_G17,58,0.8199,0.8307,0.9843,0,5.25,0,14.88,0,9.02,0,9.98,8.93,2.03,2.4,3.78,5.69,40,15
n2_WT_F88R_M255K_OFF_T_G17,59,0.8193,0.8207,0.9805,0,6.5,0,17.05,0,5.04,0,5.42,3.72,0.73,2.47,4.8,6.18,38,14
n2_WT_F88R_M255K_OFF_T_G17,6,0.8504,0.9147,0.9846,1,4.66,0,15.56,1,3.72,0,6.22,3.06,1.16,3.47,2.85,3.75,49,18
n2_WT_F88R_M255K_OFF_T_G17,60,0.8178,0.8051,0.9859,1,4.87,0,14.68,1,1.77,0,1.74,7.05,3.15,2.0,3.63,4.27,39,16
n2_WT_F88R_M255K_OFF_T_G17,61,0.8168,0.7793,0.9838,1,4.26,0,13.04,0,10.76,0,7.79,6.83,1.06,2.27,0.84,2.74,37,13
n2_WT_F88R_M255K_OFF_T_G17,62,0.8168,0.7927,0.9808,0,5.06,0,9.21,0,31.95,0,32.27,32.2,2.1,5.6,10.73,5.82,30,12
n2_WT_F88R_M255K_OFF_T_G17,63,0.8155,0.8194,0.9841,0,6.07,0,18.06,0,6.19,0,6.49,4.17,3.87,2.91,4.83,6.39,38,14
n2_WT_F88R_M255K_OFF_T_G17,64,0.815,0.8185,0.9799,0,7.02,0,17.53,1,3.08,0,6.42,5.64,2.21,1.4,4.8,5.95,36,11
n2_WT_F88R_M255K_OFF_T_G17,65,0.814,0.8246,0.9807,0,7.89,0,17.26,0,9.85,0,12.41,17.81,2.5,1.24,2.11,6.09,39,14
n2_WT_F88R_M255K_OFF_T_G17,66,0.8131,0.8277,0.9833,1,2.41,0,13.4,0,5.29,0,3.26,8.74,1.62,2.4,3.33,3.56,57,19
n2_WT_F88R_M255K_OFF_T_G17,67,0.8114,0.7862,0.9862,1,4.4,0,28.62,0,40.35,0,46.16,43.01,1.64,1.22,3.24,5.15,39,14
n2_WT_F88R_M255K_OFF_T_G17,68,0.811,0.8363,0.9754,0,7.9,0,19.91,0,10.16,0,8.46,8.31,2.52,3.3,3.8,6.29,45,19
n2_WT_F88R_M255K_OFF_T_G17,69,0.8098,0.8654,0.9842,1,3.75,0,21.55,0,9.36,0,10.16,6.22,1.42,1.22,2.97,3.69,41,17
n2_WT_F88R_M255K_OFF_T_G17,7,0.8485,0.9121,0.9836,0,9.47,0,15.04,0,29.85,0,29.32,30.89,8.77,3.78,7.68,7.74,31,12
n2_WT_F88R_M255K_OFF_T_G17,70,0.8096,0.7462,0.9827,0,5.75,0,16.13,0,9.63,0,5.64,9.27,2.16,3.07,3.76,5.24,34,12
n2_WT_F88R_M255K_OFF_T_G17,71,0.8082,0.9052,0.9865,0,6.34,0,25.58,0,17.37,0,12.36,19.46,2.31,2.75,2.72,4.23,43,16
n2_WT_F88R_M255K_OFF_T_G17,72,0.8081,0.7718,0.9763,0,6.05,0,19.01,1,0.76,0,0.99,5.38,1.83,2.98,4.82,5.49,38,13
n2_WT_F88R_M255K_OFF_T_G17,73,0.8072,0.9028,0.9864,1,0.68,0,15.59,0,21.0,0,12.17,19.36,3.06,2.72,4.42,2.64,46,17
n2_WT_F88R_M255K_OFF_T_G17,74,0.807,0.7305,0.9791,0,6.8,0,14.75,1,4.15,0,4.7,5.11,1.66,3.39,5.29,5.63,35,13
n2_WT_F88R_M255K_OFF_T_G17,75,0.8055,0.7573,0.9811,0,6.67,0,16.74,1,3.63,0,1.38,2.47,2.83,3.25,4.57,4.92,32,14
n2_WT_F88R_M255K_OFF_T_G17,76,0.8035,0.7989,0.9798,0,5.26,0,15.89,0,6.9,0,6.94,9.45,3.22,3.12,4.42,4.11,50,20
n2_WT_F88R_M255K_OFF_T_G17,77,0.8034,0.733,0.9778,0,8.25,0,18.15,0,11.87,0,7.33,9.14,2.31,2.05,5.12,6.75,33,14
n2_WT_F88R_M255K_OFF_T_G17,78,0.8025,0.8671,0.98,0,6.52,0,14.53,0,5.69,0,2.75,4.51,2.84,3.18,6.06,6.17,30,18
n2_WT_F88R_M255K_OFF_T_G17,79,0.8013,0.7682,0.9779,0,6.53,0,12.89,1,3.42,0,3.84,2.74,2.53,2.42,4.01,7.56,44,19
n2_WT_F88R_M255K_OFF_T_G17,8,0.8473,0.8867,0.9852,0,5.63,0,16.99,1,3.73,0,9.33,7.59,2.53,2.66,3.79,5.79,39,12
n2_WT_F88R_M255K_OFF_T_G17,80,0.7997,0.8072,0.9789,0,5.14,0,8.66,0,24.62,0,20.77,26.82,3.22,3.11,5.56,5.41,35,14
n2_WT_F88R_M255K_OFF_T_G17,81,0.7985,0.84,0.9829,1,3.71,0,20.79,1,2.62,0,1.27,4.73,3.38,2.32,3.25,2.23,46,19
n2_WT_F88R_M255K_OFF_T_G17,82,0.7983,0.771,0.9794,1,4.29,0,18.24,0,5.69,0,11.56,12.47,0.75,1.69,3.13,4.12,41,12
n2_WT_F88R_M255K_OFF_T_G17,83,0.7979,0.7421,0.9768,0,5.27,0,16.09,1,4.06,0,2.44,5.31,2.27,2.5,2.92,4.62,45,19
n2_WT_F88R_M255K_OFF_T_G17,84,0.7946,0.7958,0.9791,0,5.31,0,17.86,0,6.07,0,5.32,3.8,3.1,1.89,3.18,5.63,41,12
n2_WT_F88R_M255K_OFF_T_G17,85,0.7933,0.7728,0.9766,0,5.66,0,23.38,0,22.28,0,18.6,23.84,2.85,1.99,7.41,5.56,30,13
n2_WT_F88R_M255K_OFF_T_G17,86,0.7919,0.7448,0.981,0,7.25,0,14.76,0,7.23,0,8.17,6.3,2.12,2.7,2.89,5.84,40,13
n2_WT_F88R_M255K_OFF_T_G17,87,0.7919,0.6684,0.9747,0,6.93,0,16.87,0,8.49,0,4.18,8.44,1.05,2.47,5.57,5.64,39,14
n2_WT_F88R_M255K_OFF_T_G17,88,0.7907,0.8155,0.9799,1,4.66,0,14.1,0,36.22,0,36.85,37.92,4.37,2.69,7.42,4.33,37,15
n2_WT_F88R_M255K_OFF_T_G17,89,0.7883,0.7861,0.9784,1,4.57,0,14.72,1,4.91,0,5.01,5.65,2.46,1.61,3.52,5.7,51,18
n2_WT_F88R_M255K_OFF_T_G17,9,0.8464,0.9316,0.988,1,1.84,0,14.21,0,6.21,0,6.13,4.92,1.51,2.35,4.82,2.56,53,17
n2_WT_F88R_M255K_OFF_T_G17,90,0.7879,0.7093,0.9779,0,7.67,0,14.73,0,5.17,0,3.84,4.49,1.41,2.48,3.27,5.41,43,13
n2_WT_F88R_M255K_OFF_T_G17,91,0.7879,0.7845,0.9818,0,6.62,0,17.61,1,1.37,0,4.21,10.25,2.78,2.42,5.01,5.84,39,13
n2_WT_F88R_M255K_OFF_T_G17,92,0.7868,0.6892,0.9788,0,6.07,0,15.77,0,11.04,0,8.22,5.29,3.45,3.61,3.17,5.42,39,15
n2_WT_F88R_M255K_OFF_T_G17,93,0.7839,0.7193,0.9785,1,4.79,0,21.43,0,39.77,0,43.3,42.44,3.41,3.2,3.1,4.89,25,10
n2_WT_F88R_M255K_OFF_T_G17,94,0.7835,0.6374,0.9769,0,6.79,0,16.8,0,9.44,0,6.28,6.47,0.79,2.31,2.9,6.25,42,17
n2_WT_F88R_M255K_OFF_T_G17,95,0.7806,0.6852,0.9737,0,6.21,0,6.59,0,26.18,0,21.09,28.0,3.51,1.77,5.43,5.14,41,15
n2_WT_F88R_M255K_OFF_T_G17,96,0.7788,0.6702,0.9784,1,3.57,0,15.16,1,3.72,0,7.85,5.3,2.17,2.47,3.6,4.33,48,21
n2_WT_F88R_M255K_OFF_T_G17,97,0.7781,0.7431,0.9823,0,5.26,0,19.09,1,3.97,0,12.38,10.47,1.88,2.74,5.55,4.75,34,17
n2_WT_F88R_M255K_OFF_T_G17,98,0.7487,0.6148,0.9733,0,5.39,0,18.9,0,14.26,0,8.77,15.88,1.38,1.97,3.8,5.19,47,18
n2_WT_F88R_M255K_OFF_T_G17,99,0.7446,0.5664,0.9709,0,6.03,0,15.66,0,5.2,0,6.27,7.09,3.07,2.57,5.37,5.43,46,18
n2_WT_F88R_M255K_S1_G17,0,0.8552,0.8096,0.9887,1,2.62,0,18.75,0,32.89,0,26.46,33.18,3.18,5.8,10.08,2.88,38,10
n2_WT_F88R_M255K_S1_G17,1,0.8473,0.7869,0.9858,1,2.29,0,19.73,0,34.08,0,27.52,34.26,2.71,2.65,7.7,3.65,35,13
n2_WT_F88R_M255K_S1_G17,10,0.8369,0.8915,0.9846,0,6.12,0,20.57,1,1.15,0,1.93,3.74,1.93,3.27,9.12,4.82,31,12
n2_WT_F88R_M255K_S1_G17,11,0.8365,0.7582,0.985,1,2.39,0,23.34,0,31.55,0,25.14,32.0,2.2,5.37,11.26,2.66,36,10
n2_WT_F88R_M255K_S1_G17,12,0.8357,0.8839,0.9845,1,4.94,0,12.76,1,3.0,0,1.62,3.75,1.8,2.55,4.31,3.56,45,19
n2_WT_F88R_M255K_S1_G17,13,0.8347,0.8017,0.9882,1,3.85,1,4.54,1,2.83,1,0.46,3.53,3.4,3.7,3.55,5.68,41,13
n2_WT_F88R_M255K_S1_G17,14,0.8345,0.8238,0.9896,1,2.34,1,3.3,1,2.55,1,1.25,4.44,2.38,2.9,2.66,5.29,42,13
n2_WT_F88R_M255K_S1_G17,15,0.8339,0.8277,0.9892,1,2.95,1,2.94,1,2.92,1,0.87,3.92,2.99,2.76,4.64,4.77,42,12
n2_WT_F88R_M255K_S1_G17,16,0.8336,0.831,0.9881,1,2.02,1,2.94,1,2.08,1,1.64,4.24,2.7,2.67,3.68,3.94,43,13
n2_WT_F88R_M255K_S1_G17,17,0.8322,0.783,0.9856,1,4.41,0,5.21,1,3.19,0,0.84,4.15,4.44,2.04,7.82,5.05,33,11
n2_WT_F88R_M255K_S1_G17,18,0.8321,0.8282,0.7799,1,2.59,0,9.49,0,30.79,0,22.29,28.63,2.81,3.34,6.68,2.15,40,15
n2_WT_F88R_M255K_S1_G17,19,0.8321,0.837,0.9879,1,2.37,1,4.32,1,2.46,1,0.61,3.75,2.71,3.39,3.75,4.65,41,13
n2_WT_F88R_M255K_S1_G17,2,0.8459,0.7887,0.9856,1,2.66,0,22.71,0,32.27,0,25.0,31.62,2.1,5.05,12.0,1.61,34,11
n2_WT_F88R_M255K_S1_G17,20,0.8312,0.8194,0.9901,1,1.52,1,4.23,1,2.36,1,0.51,3.7,3.46,2.53,5.24,2.81,41,12
n2_WT_F88R_M255K_S1_G17,21,0.8311,0.788,0.9855,1,2.8,1,4.58,1,2.99,1,0.42,4.21,2.1,3.11,2.8,5.61,41,13
n2_WT_F88R_M255K_S1_G17,22,0.8303,0.7385,0.9839,1,1.26,0,19.73,0,30.44,0,24.62,31.43,2.43,5.1,10.04,2.46,34,11
n2_WT_F88R_M255K_S1_G17,23,0.8303,0.8377,0.9894,1,4.43,0,5.74,1,3.01,0,1.45,3.61,2.45,2.02,3.06,6.11,40,13
n2_WT_F88R_M255K_S1_G17,24,0.8302,0.7915,0.9861,1,2.99,1,4.76,1,2.67,1,1.5,4.26,1.93,2.69,3.28,6.09,38,11
n2_WT_F88R_M255K_S1_G17,25,0.83,0.8008,0.9856,1,3.82,1,3.44,1,2.1,1,1.1,3.71,3.46,3.56,4.21,5.34,41,12
n2_WT_F88R_M255K_S1_G17,26,0.8294,0.783,0.9852,1,2.82,1,3.59,1,2.67,1,1.2,3.79,2.73,2.25,4.57,5.11,43,12
n2_WT_F88R_M255K_S1_G17,27,0.8293,0.7783,0.9839,1,2.55,1,3.71,1,2.75,1,0.82,3.8,2.21,2.86,4.12,4.68,41,12
n2_WT_F88R_M255K_S1_G17,28,0.8282,0.7786,0.9835,1,1.63,0,17.93,0,36.11,0,27.51,34.95,1.14,5.5,12.04,0.4,41,13
n2_WT_F88R_M255K_S1_G17,29,0.8275,0.7895,0.9849,1,2.56,1,4.07,1,2.73,1,0.89,3.5,3.56,3.49,4.94,4.59,46,13
n2_WT_F88R_M255K_S1_G17,3,0.8439,0.7695,0.9813,1,2.55,1,5.0,0,42.64,0,35.09,41.83,2.14,3.01,10.63,3.17,51,13
n2_WT_F88R_M255K_S1_G17,30,0.8274,0.7776,0.9855,1,3.58,0,5.18,1,2.44,0,2.86,3.58,2.72,1.95,3.53,5.47,33,12
n2_WT_F88R_M255K_S1_G17,31,0.8262,0.7707,0.9849,1,4.05,0,5.44,1,2.21,0,0.72,4.37,2.9,3.14,3.41,5.53,41,10
n2_WT_F88R_M255K_S1_G17,32,0.8247,0.7797,0.9845,1,2.95,0,5.26,1,2.98,0,2.11,3.93,2.18,2.86,5.03,5.65,37,12
n2_WT_F88R_M255K_S1_G17,33,0.8246,0.7703,0.9852,1,4.22,0,5.31,1,2.5,0,3.34,1.8,2.69,3.08,3.99,5.3,37,10
n2_WT_F88R_M255K_S1_G17,34,0.8242,0.7757,0.9864,1,3.6,0,5.52,1,2.27,0,0.86,4.08,3.01,2.98,3.65,5.84,41,11
n2_WT_F88R_M255K_S1_G17,35,0.8237,0.7515,0.9833,1,2.82,0,5.4,1,3.04,0,0.81,4.33,3.2,2.6,2.73,4.75,41,12
n2_WT_F88R_M255K_S1_G17,36,0.8231,0.7954,0.9868,1,1.86,0,18.27,0,38.24,0,30.25,37.24,1.82,5.54,11.68,1.34,45,12
n2_WT_F88R_M255K_S1_G17,37,0.8229,0.7745,0.9822,1,3.78,0,17.07,0,23.95,0,20.85,24.36,0.93,1.89,3.69,5.61,44,13
n2_WT_F88R_M255K_S1_G17,38,0.8225,0.7734,0.985,1,3.69,1,4.0,1,3.0,1,2.29,3.89,2.85,2.9,3.53,6.29,41,12
n2_WT_F88R_M255K_S1_G17,39,0.8225,0.7167,0.9792,0,7.38,0,5.4,0,25.89,0,23.13,26.08,1.54,1.64,3.79,6.06,32,12
n2_WT_F88R_M255K_S1_G17,4,0.8416,0.7941,0.9885,1,3.11,1,3.42,1,2.78,1,3.28,2.76,4.88,5.11,9.95,2.8,43,13
n2_WT_F88R_M255K_S1_G17,40,0.8222,0.7607,0.9845,1,3.06,1,4.7,1,2.13,1,1.07,4.08,1.8,0.5,4.0,5.95,39,13
n2_WT_F88R_M255K_S1_G17,41,0.8221,0.9201,0.989,0,5.97,0,12.95,1,3.0,0,0.85,3.67,1.28,1.79,3.29,5.24,45,18
n2_WT_F88R_M255K_S1_G17,42,0.8219,0.817,0.9877,1,3.17,1,4.15,1,2.84,1,0.62,4.05,2.68,1.75,4.12,5.61,38,12
n2_WT_F88R_M255K_S1_G17,43,0.8213,0.7646,0.985,1,3.04,1,3.45,1,1.84,1,4.07,3.3,2.9,2.43,3.04,5.04,40,14
n2_WT_F88R_M255K_S1_G17,44,0.8201,0.8198,0.9874,1,1.98,1,3.87,1,2.73,1,1.76,5.45,2.51,2.14,5.32,5.39,33,11
n2_WT_F88R_M255K_S1_G17,45,0.8201,0.7576,0.984,1,4.34,0,5.03,1,1.99,0,1.46,3.68,1.76,2.15,3.05,6.8,38,11
n2_WT_F88R_M255K_S1_G17,46,0.82,0.739,0.9816,1,2.62,0,5.27,1,3.01,0,0.81,4.1,2.0,1.98,6.82,4.81,39,10
n2_WT_F88R_M255K_S1_G17,47,0.8191,0.7349,0.9851,1,3.09,0,5.13,1,3.59,0,1.06,3.81,3.01,3.45,4.16,5.95,42,11
n2_WT_F88R_M255K_S1_G17,48,0.8176,0.7693,0.982,1,2.78,0,5.15,1,2.98,0,1.67,1.28,2.41,1.95,3.45,5.3,40,12
n2_WT_F88R_M255K_S1_G17,49,0.8155,0.7824,0.9855,1,3.41,1,4.92,1,2.85,1,2.3,5.76,2.29,2.99,3.31,5.41,42,12
n2_WT_F88R_M255K_S1_G17,5,0.8413,0.8419,0.9884,1,3.83,1,3.93,1,2.7,1,1.22,3.75,1.82,2.35,3.71,6.45,40,13
n2_WT_F88R_M255K_S1_G17,50,0.8153,0.7975,0.9803,1,4.28,0,12.99,0,22.01,0,14.48,20.83,1.72,2.83,3.22,5.73,48,20
n2_WT_F88R_M255K_S1_G17,51,0.8149,0.7102,0.9842,1,1.98,0,12.11,0,38.33,0,30.54,37.27,0.84,5.7,10.14,2.07,44,11
n2_WT_F88R_M255K_S1_G17,52,0.8144,0.7635,0.9854,1,3.83,1,4.64,1,3.11,1,1.28,4.22,1.13,2.58,4.21,5.53,35,11
n2_WT_F88R_M255K_S1_G17,53,0.8137,0.7746,0.986,1,3.4,1,4.54,1,2.57,1,1.05,3.81,2.35,1.31,4.24,5.98,38,11
n2_WT_F88R_M255K_S1_G17,54,0.8137,0.7869,0.9848,1,2.26,1,3.82,0,6.78,0,2.1,7.12,2.8,3.34,4.62,4.15,39,12
n2_WT_F88R_M255K_S1_G17,55,0.8125,0.7342,0.9834,1,4.65,0,5.61,1,3.23,0,1.81,3.56,2.69,2.35,2.86,6.49,39,11
n2_WT_F88R_M255K_S1_G17,56,0.8122,0.749,0.9839,1,2.64,1,4.84,1,2.35,1,0.16,4.41,3.89,3.51,4.46,5.22,40,13
n2_WT_F88R_M255K_S1_G17,57,0.8115,0.6781,0.98,1,4.52,1,4.85,1,0.66,1,1.92,3.69,0.92,2.36,3.99,4.96,40,13
n2_WT_F88R_M255K_S1_G17,58,0.811,0.7282,0.9856,1,2.28,1,4.11,1,2.58,1,2.14,4.1,0.99,1.95,4.46,4.22,44,13
n2_WT_F88R_M255K_S1_G17,59,0.8103,0.8242,0.9826,1,4.15,0,11.72,1,2.87,0,0.64,4.6,1.15,1.84,3.39,3.27,48,18
n2_WT_F88R_M255K_S1_G17,6,0.8408,0.8813,0.9862,1,3.92,1,2.78,1,2.99,1,0.75,5.28,1.35,1.94,6.4,6.25,42,17
n2_WT_F88R_M255K_S1_G17,60,0.809,0.8685,0.9835,1,1.98,0,19.18,0,25.73,0,19.09,26.25,1.96,2.54,4.69,3.07,43,18
n2_WT_F88R_M255K_S1_G17,61,0.8076,0.7255,0.9843,1,3.18,0,5.59,1,3.08,0,0.94,4.04,1.4,1.59,4.64,4.93,44,12
n2_WT_F88R_M255K_S1_G17,62,0.8074,0.7091,0.9777,1,4.87,1,4.52,1,2.71,1,0.63,4.47,1.42,2.83,7.17,5.54,38,13
n2_WT_F88R_M255K_S1_G17,63,0.8068,0.6713,0.9811,1,1.8,0,10.89,0,29.97,0,22.89,29.86,3.11,3.89,5.72,2.95,40,12
n2_WT_F88R_M255K_S1_G17,64,0.8051,0.7098,0.9821,1,2.92,0,5.04,1,2.95,0,0.84,3.8,2.57,1.12,4.05,5.42,39,13
n2_WT_F88R_M255K_S1_G17,65,0.805,0.8483,0.9831,0,5.38,0,11.91,1,1.56,0,0.37,7.45,1.9,3.12,7.12,5.45,33,15
n2_WT_F88R_M255K_S1_G17,66,0.8049,0.7659,0.9832,1,3.33,1,4.5,1,2.02,1,2.81,3.58,1.06,2.16,6.15,5.04,38,11
n2_WT_F88R_M255K_S1_G17,67,0.8039,0.7173,0.9796,0,5.54,0,17.28,0,26.61,0,25.19,28.27,2.08,2.11,5.36,4.5,29,11
n2_WT_F88R_M255K_S1_G17,68,0.8025,0.8605,0.9836,1,2.11,0,20.16,0,37.66,0,29.53,36.55,3.95,1.42,6.68,0.96,47,18
n2_WT_F88R_M255K_S1_G17,69,0.802,0.6783,0.9809,1,4.62,1,3.78,1,2.4,1,0.32,4.59,1.1,2.18,6.41,4.87,41,10
n2_WT_F88R_M255K_S1_G17,7,0.8406,0.8471,0.9891,1,3.28,1,3.74,0,30.37,0,22.97,29.83,2.23,1.64,5.9,1.59,44,12
n2_WT_F88R_M255K_S1_G17,70,0.8009,0.7099,0.9809,1,2.42,1,5.0,1,2.31,1,1.28,3.46,2.46,2.53,4.05,3.39,48,14
n2_WT_F88R_M255K_S1_G17,71,0.7999,0.8468,0.982,1,2.27,0,17.65,0,39.35,0,31.7,38.69,3.43,1.9,5.89,1.18,49,20
n2_WT_F88R_M255K_S1_G17,72,0.7956,0.6502,0.9821,0,5.34,0,18.88,0,23.74,0,20.56,23.89,2.42,1.82,1.75,4.36,28,12
n2_WT_F88R_M255K_S1_G17,73,0.7954,0.7147,0.981,0,5.97,0,16.92,0,5.62,0,5.71,9.02,2.09,3.32,5.34,6.1,37,13
n2_WT_F88R_M255K_S1_G17,74,0.7943,0.6843,0.9844,1,4.67,1,4.43,1,3.01,1,1.55,3.78,2.38,3.33,3.78,4.78,41,13
n2_WT_F88R_M255K_S1_G17,75,0.7941,0.662,0.9746,0,5.33,0,22.87,0,28.26,0,22.81,29.12,3.36,4.73,8.25,5.48,30,11
n2_WT_F88R_M255K_S1_G17,76,0.7931,0.7858,0.9808,1,3.34,0,12.92,0,29.33,0,22.15,28.81,2.07,3.19,5.02,3.52,46,22
n2_WT_F88R_M255K_S1_G17,77,0.7921,0.7163,0.9808,0,5.2,1,2.41,1,2.11,1,1.66,5.56,1.9,1.71,7.44,7.14,39,13
n2_WT_F88R_M255K_S1_G17,78,0.7919,0.8538,0.9825,0,5.69,1,4.52,1,2.24,1,1.94,6.22,2.63,4.06,3.78,6.07,45,17
n2_WT_F88R_M255K_S1_G17,79,0.7903,0.6442,0.9749,1,4.49,0,18.57,0,18.72,0,14.39,20.97,1.71,1.53,7.11,3.7,30,12
n2_WT_F88R_M255K_S1_G17,8,0.8396,0.8929,0.9847,0,5.53,0,13.01,1,3.25,0,2.67,3.23,1.57,3.02,4.96,4.92,46,19
n2_WT_F88R_M255K_S1_G17,80,0.7858,0.6594,0.9811,1,2.69,1,2.83,0,21.02,0,11.57,18.38,1.83,2.46,7.47,4.33,37,14
n2_WT_F88R_M255K_S1_G17,81,0.7852,0.6692,0.9824,1,2.08,0,9.19,0,32.5,0,25.04,31.62,1.86,4.03,6.29,1.82,50,12
n2_WT_F88R_M255K_S1_G17,82,0.7846,0.8496,0.9823,1,4.37,1,4.04,1,3.01,1,0.68,4.15,2.45,2.58,3.02,3.36,51,18
n2_WT_F88R_M255K_S1_G17,83,0.7844,0.5899,0.9768,1,3.7,0,17.18,0,18.62,0,13.21,20.12,2.27,1.56,7.68,3.29,33,13
n2_WT_F88R_M255K_S1_G17,84,0.7837,0.7347,0.9808,1,1.59,0,9.67,0,40.06,0,32.08,39.1,3.84,3.1,4.98,1.8,57,20
n2_WT_F88R_M255K_S1_G17,85,0.7832,0.8001,0.9801,1,1.84,0,12.86,0,31.4,0,24.67,31.68,2.04,1.25,2.99,1.39,46,17
n2_WT_F88R_M255K_S1_G17,86,0.7809,0.6109,0.9738,0,5.08,0,14.12,0,23.95,0,21.37,24.49,3.07,1.66,1.77,4.81,36,11
n2_WT_F88R_M255K_S1_G17,87,0.7807,0.7044,0.9789,1,4.33,0,12.9,0,47.44,0,40.17,45.86,3.95,2.6,5.12,4.66,51,17
n2_WT_F88R_M255K_S1_G17,88,0.7786,0.7352,0.9793,1,2.93,0,15.97,0,36.06,0,27.14,33.72,1.28,2.75,3.66,1.61,48,18
n2_WT_F88R_M255K_S1_G17,89,0.7776,0.8092,0.9821,1,4.64,1,2.52,1,2.68,1,2.62,3.12,3.02,1.65,3.43,5.68,43,17
n2_WT_F88R_M255K_S1_G17,9,0.8396,0.8734,0.9882,1,3.56,1,2.61,1,3.06,1,0.48,4.5,2.34,1.55,6.93,4.6,38,10
n2_WT_F88R_M255K_S1_G17,90,0.7757,0.7416,0.9786,1,2.75,0,16.38,0,37.46,0,29.14,35.75,2.09,1.47,6.76,0.91,44,17
n2_WT_F88R_M255K_S1_G17,91,0.7754,0.6384,0.9762,0,6.81,0,15.71,0,17.71,0,14.53,20.59,3.41,2.2,6.6,8.29,36,11
n2_WT_F88R_M255K_S1_G17,92,0.7692,0.6643,0.9779,0,7.68,0,16.74,1,2.89,0,0.64,5.61,1.88,2.73,8.02,6.61,26,13
n2_WT_F88R_M255K_S1_G17,93,0.7647,0.6837,0.9852,1,1.92,0,12.73,0,42.92,0,37.41,42.52,1.99,8.24,12.92,1.47,39,13
n2_WT_F88R_M255K_S1_G17,94,0.7627,0.7138,0.9764,1,4.17,0,21.23,0,24.47,0,16.08,22.42,3.59,1.8,7.61,4.14,42,16
n2_WT_F88R_M255K_S1_G17,95,0.7608,0.6308,0.9763,0,6.41,0,13.21,1,1.21,0,1.24,4.19,3.29,4.88,12.91,5.89,33,12
n2_WT_F88R_M255K_S1_G17,96,0.7582,0.6572,0.9754,1,1.73,0,19.05,0,30.42,0,24.24,30.84,1.06,2.34,7.29,2.79,46,18
n2_WT_F88R_M255K_S1_G17,97,0.7416,0.6212,0.9793,1,0.73,0,12.54,0,28.4,0,22.12,28.39,2.56,2.79,3.42,2.69,51,17
n2_WT_F88R_M255K_S1_G17,98,0.7386,0.5738,0.9778,1,3.37,0,20.55,0,23.92,0,14.76,21.55,2.37,3.46,8.1,3.29,40,17
n2_WT_F88R_M255K_S1_G17,99,0.7294,0.4742,0.9777,1,4.77,0,10.66,1,4.61,0,4.03,10.37,2.93,1.45,7.11,3.35,34,11
n2_WT_F88R_M255M_OFF_T_G17,0,0.8657,0.9331,0.9844,1,4.18,0,16.77,0,7.18,0,4.99,11.32,3.49,2.04,3.36,4.87,40,18
n2_WT_F88R_M255M_OFF_T_G17,1,0.8631,0.9285,0.9889,1,3.27,0,13.16,0,8.17,0,7.86,12.7,2.97,2.61,3.94,2.83,57,18
n2_WT_F88R_M255M_OFF_T_G17,10,0.8554,0.9117,0.9857,0,6.2,0,14.5,1,4.69,0,7.41,11.6,1.91,2.06,3.73,6.46,54,17
n2_WT_F88R_M255M_OFF_T_G17,11,0.8543,0.9125,0.9811,0,6.08,0,12.06,0,31.62,0,30.01,32.18,1.59,2.61,4.76,3.87,34,15
n2_WT_F88R_M255M_OFF_T_G17,12,0.8525,0.8722,0.9876,1,4.75,0,12.73,1,2.22,0,10.45,10.78,1.84,3.83,2.77,5.14,44,16
n2_WT_F88R_M255M_OFF_T_G17,13,0.8524,0.8823,0.9804,1,4.47,0,15.24,0,8.93,0,10.51,15.19,2.33,1.94,2.45,5.39,56,15
n2_WT_F88R_M255M_OFF_T_G17,14,0.8513,0.8487,0.861,1,4.66,0,15.92,0,8.28,0,3.26,9.68,3.16,2.25,3.41,5.06,45,18
n2_WT_F88R_M255M_OFF_T_G17,15,0.8512,0.9044,0.9809,0,6.56,0,12.72,0,28.45,0,27.86,29.95,1.72,2.56,6.09,4.12,28,15
n2_WT_F88R_M255M_OFF_T_G17,16,0.8509,0.8988,0.9842,0,6.52,0,16.15,1,2.48,0,6.8,5.85,2.7,2.71,2.49,5.75,35,16
n2_WT_F88R_M255M_OFF_T_G17,17,0.8492,0.8425,0.9804,0,5.0,0,17.25,0,7.21,0,7.24,10.59,2.93,1.22,2.71,6.03,41,16
n2_WT_F88R_M255M_OFF_T_G17,18,0.8488,0.9001,0.9825,0,5.33,0,16.16,0,7.82,0,5.96,6.57,3.34,2.21,3.21,3.94,52,20
n2_WT_F88R_M255M_OFF_T_G17,19,0.8485,0.8992,0.9818,1,2.28,0,15.75,0,5.5,0,4.66,6.38,1.94,2.62,3.33,2.54,56,16
n2_WT_F88R_M255M_OFF_T_G17,2,0.8629,0.9246,0.9856,0,5.77,0,15.3,0,8.64,0,10.12,14.03,1.86,1.18,4.65,5.27,51,19
n2_WT_F88R_M255M_OFF_T_G17,20,0.8485,0.8672,0.9837,1,3.65,0,16.77,0,25.86,0,25.02,30.8,2.21,1.67,3.01,5.41,46,15
n2_WT_F88R_M255M_OFF_T_G17,21,0.8475,0.8754,0.9868,1,4.74,0,16.94,1,1.26,0,0.38,6.59,2.71,3.03,3.49,5.02,38,15
n2_WT_F88R_M255M_OFF_T_G17,22,0.8468,0.8155,0.9818,1,4.58,0,26.09,0,10.69,0,11.47,17.07,2.35,3.5,5.55,4.84,39,16
n2_WT_F88R_M255M_OFF_T_G17,23,0.8458,0.8516,0.9807,0,6.79,0,21.04,0,15.66,0,14.8,19.31,2.01,2.76,4.89,6.57,35,17
n2_WT_F88R_M255M_OFF_T_G17,24,0.8457,0.8547,0.9788,0,6.22,0,17.91,0,32.57,0,30.27,35.52,1.98,2.88,2.51,5.87,31,15
n2_WT_F88R_M255M_OFF_T_G17,25,0.8439,0.8918,0.9857,0,5.97,0,16.35,0,28.67,0,27.61,33.95,3.18,2.52,3.56,5.99,32,14
n2_WT_F88R_M255M_OFF_T_G17,26,0.8435,0.8422,0.9833,1,3.69,0,16.72,0,8.52,0,11.46,17.2,3.19,2.72,2.67,5.1,46,17
n2_WT_F88R_M255M_OFF_T_G17,27,0.8433,0.9223,0.984,0,6.49,0,15.89,0,22.44,0,17.6,23.42,1.86,2.92,4.08,5.57,36,16
n2_WT_F88R_M255M_OFF_T_G17,28,0.8425,0.884,0.9851,1,1.72,0,17.55,0,6.69,0,1.93,4.19,2.75,1.63,4.5,3.49,54,18
n2_WT_F88R_M255M_OFF_T_G17,29,0.8419,0.9359,0.9898,1,0.26,0,13.13,1,2.12,0,2.5,6.46,1.26,2.95,4.1,2.97,55,18
n2_WT_F88R_M255M_OFF_T_G17,3,0.8589,0.8923,0.9877,1,4.99,0,14.71,0,42.3,0,37.0,43.04,1.73,2.2,3.46,5.04,27,11
n2_WT_F88R_M255M_OFF_T_G17,30,0.8416,0.8921,0.9819,0,7.47,0,13.79,1,4.82,0,5.91,4.83,3.32,3.38,3.57,7.83,43,19
n2_WT_F88R_M255M_OFF_T_G17,31,0.8412,0.902,0.9868,0,7.46,0,15.53,1,4.67,0,10.14,10.44,1.31,2.98,2.78,5.28,42,14
n2_WT_F88R_M255M_OFF_T_G17,32,0.8403,0.8876,0.9878,0,5.5,0,16.24,1,3.23,0,6.95,3.27,2.94,2.31,4.89,5.67,40,14
n2_WT_F88R_M255M_OFF_T_G17,33,0.84,0.8873,0.977,0,6.43,0,11.47,0,31.94,0,31.15,32.42,3.79,1.94,2.01,3.09,34,17
n2_WT_F88R_M255M_OFF_T_G17,34,0.8383,0.8603,0.983,0,7.21,0,17.91,0,29.48,0,24.94,30.97,2.82,2.99,3.5,6.1,31,13
n2_WT_F88R_M255M_OFF_T_G17,35,0.8365,0.8234,0.9812,0,7.19,0,14.51,1,3.31,0,7.47,6.36,3.05,2.18,2.56,6.3,32,11
n2_WT_F88R_M255M_OFF_T_G17,36,0.8352,0.8645,0.9835,1,4.54,0,16.54,0,8.68,0,17.17,19.35,3.8,2.78,2.79,5.19,44,16
n2_WT_F88R_M255M_OFF_T_G17,37,0.834,0.8134,0.9838,0,5.01,0,17.91,0,18.04,0,15.92,22.23,2.9,3.04,0.99,5.24,35,14
n2_WT_F88R_M255M_OFF_T_G17,38,0.834,0.8498,0.9798,0,6.39,0,13.97,1,4.64,0,6.47,2.82,2.25,0.55,3.04,4.79,37,14
n2_WT_F88R_M255M_OFF_T_G17,39,0.8333,0.8962,0.9877,0,7.65,0,15.75,0,21.01,0,17.85,23.25,1.93,3.05,3.9,8.37,32,13
n2_WT_F88R_M255M_OFF_T_G17,4,0.8584,0.908,0.9815,0,5.69,0,11.97,0,32.05,0,31.38,32.56,1.45,2.07,3.74,4.6,32,14
n2_WT_F88R_M255M_OFF_T_G17,40,0.8329,0.9261,0.9885,1,2.25,0,8.18,1,3.45,0,2.14,7.91,3.04,2.14,2.94,3.19,61,17
n2_WT_F88R_M255M_OFF_T_G17,41,0.8328,0.8876,0.9847,0,6.0,0,17.03,1,4.38,0,3.83,7.22,3.94,2.89,2.79,5.21,50,18
n2_WT_F88R_M255M_OFF_T_G17,42,0.8316,0.8797,0.9858,0,6.31,0,17.53,0,32.47,0,27.82,34.26,0.93,2.14,2.98,5.88,31,12
n2_WT_F88R_M255M_OFF_T_G17,43,0.8309,0.9302,0.9886,1,2.69,0,10.13,1,2.56,0,2.59,6.67,1.2,2.74,3.95,2.23,56,17
n2_WT_F88R_M255M_OFF_T_G17,44,0.8286,0.8668,0.9778,0,8.13,0,13.64,0,31.82,0,30.09,32.44,4.28,2.1,6.6,6.18,29,15
n2_WT_F88R_M255M_OFF_T_G17,45,0.8272,0.896,0.9808,0,7.57,0,17.4,0,6.14,0,6.9,8.16,2.88,2.4,3.31,6.2,48,20
n2_WT_F88R_M255M_OFF_T_G17,46,0.8272,0.9184,0.9875,1,2.17,0,21.57,0,15.21,0,15.51,19.68,0.81,3.16,5.31,3.37,56,20
n2_WT_F88R_M255M_OFF_T_G17,47,0.827,0.8032,0.9804,0,6.92,0,16.05,1,2.1,0,7.64,4.62,3.36,1.22,4.98,5.33,38,14
n2_WT_F88R_M255M_OFF_T_G17,48,0.8264,0.8438,0.9793,0,6.33,0,18.42,0,8.74,0,7.27,12.04,2.92,2.18,3.36,4.98,40,14
n2_WT_F88R_M255M_OFF_T_G17,49,0.8251,0.9095,0.9862,1,3.79,0,21.04,0,12.24,0,15.74,19.22,3.15,2.48,2.28,3.36,40,16
n2_WT_F88R_M255M_OFF_T_G17,5,0.8583,0.8799,0.9817,1,3.73,0,16.79,1,4.54,0,12.91,13.72,2.95,2.68,3.12,4.77,41,16
n2_WT_F88R_M255M_OFF_T_G17,50,0.8251,0.818,0.9822,0,5.98,0,5.4,0,26.15,0,21.52,26.33,3.11,0.75,5.9,6.22,38,15
n2_WT_F88R_M255M_OFF_T_G17,51,0.8242,0.8153,0.9811,1,1.73,0,15.42,0,5.59,0,5.74,6.28,1.86,1.77,3.86,3.19,50,17
n2_WT_F88R_M255M_OFF_T_G17,52,0.8241,0.8251,0.9803,0,8.01,0,17.32,0,28.43,0,23.68,29.1,3.43,3.1,4.71,7.28,29,12
n2_WT_F88R_M255M_OFF_T_G17,53,0.8241,0.8159,0.9807,0,6.41,0,7.82,0,32.29,0,36.91,34.11,1.64,1.39,5.76,4.46,31,13
n2_WT_F88R_M255M_OFF_T_G17,54,0.8236,0.8241,0.9831,1,3.22,0,14.54,0,13.17,0,11.03,17.25,3.0,3.45,2.56,3.43,39,14
n2_WT_F88R_M255M_OFF_T_G17,55,0.8231,0.853,0.9848,1,4.15,0,15.58,0,5.44,0,6.83,5.12,1.4,2.4,4.92,6.36,49,21
n2_WT_F88R_M255M_OFF_T_G17,56,0.8227,0.7806,0.9778,0,5.56,0,17.4,0,5.63,0,5.68,4.28,2.88,1.39,4.21,5.93,43,13
n2_WT_F88R_M255M_OFF_T_G17,57,0.8227,0.8008,0.9849,0,5.04,0,24.04,0,47.54,0,51.0,50.44,1.08,0.7,4.28,5.16,37,15
n2_WT_F88R_M255M_OFF_T_G17,58,0.8223,0.913,0.9873,1,2.4,0,17.83,0,20.01,0,12.44,18.86,1.82,2.09,3.68,0.69,39,13
n2_WT_F88R_M255M_OFF_T_G17,59,0.8208,0.793,0.9822,1,4.78,0,16.39,0,5.68,0,11.89,7.11,2.43,1.28,5.49,5.05,42,13
n2_WT_F88R_M255M_OFF_T_G17,6,0.8572,0.925,0.9884,1,2.65,0,14.4,1,2.2,0,4.67,7.0,1.12,2.49,3.6,2.03,54,20
n2_WT_F88R_M255M_OFF_T_G17,60,0.8199,0.8305,0.9841,0,6.49,0,17.43,0,38.14,0,35.63,41.47,3.31,2.51,3.67,6.4,25,7
n2_WT_F88R_M255M_OFF_T_G17,61,0.8198,0.84,0.9831,0,6.24,0,10.09,0,27.4,0,33.06,30.46,2.08,2.22,3.94,4.93,30,11
n2_WT_F88R_M255M_OFF_T_G17,62,0.8195,0.8725,0.9884,0,5.18,0,23.03,0,17.03,0,19.39,24.29,3.54,2.75,4.48,6.16,36,13
n2_WT_F88R_M255M_OFF_T_G17,63,0.8193,0.8227,0.9784,1,3.8,0,16.43,0,16.17,0,16.01,22.18,2.18,1.12,3.04,5.12,46,14
n2_WT_F88R_M255M_OFF_T_G17,64,0.8187,0.7938,0.9807,1,3.62,0,16.65,0,5.17,0,5.43,6.9,2.29,2.0,1.23,4.69,42,12
n2_WT_F88R_M255M_OFF_T_G17,65,0.8176,0.8462,0.9792,0,5.95,0,23.66,0,14.04,0,14.37,18.59,2.75,2.68,2.74,4.81,42,16
n2_WT_F88R_M255M_OFF_T_G17,66,0.817,0.7964,0.9854,0,7.73,0,19.29,1,4.38,0,6.58,10.68,2.86,3.34,3.36,6.79,28,11
n2_WT_F88R_M255M_OFF_T_G17,67,0.8167,0.8038,0.9754,0,5.87,0,12.7,1,4.4,0,6.13,11.32,2.3,2.91,3.76,4.55,42,17
n2_WT_F88R_M255M_OFF_T_G17,68,0.8144,0.7598,0.9804,1,4.95,0,19.03,1,4.51,0,5.37,10.05,0.86,3.51,4.27,5.04,39,17
n2_WT_F88R_M255M_OFF_T_G17,69,0.813,0.8918,0.9864,0,6.09,0,18.06,0,21.77,0,19.26,24.63,1.94,2.66,4.1,3.65,24,10
n2_WT_F88R_M255M_OFF_T_G17,7,0.8567,0.904,0.9817,0,6.85,0,13.52,0,33.6,0,32.31,33.68,5.68,2.35,6.13,5.29,25,10
n2_WT_F88R_M255M_OFF_T_G17,70,0.8129,0.8046,0.9812,0,6.68,0,14.15,1,2.52,0,4.35,3.95,2.41,3.09,4.43,5.22,36,17
n2_WT_F88R_M255M_OFF_T_G17,71,0.8101,0.7872,0.9811,0,6.84,0,19.87,0,18.36,0,15.81,20.94,2.89,2.94,4.33,5.52,31,14
n2_WT_F88R_M255M_OFF_T_G17,72,0.8099,0.8318,0.9829,1,3.99,0,14.81,0,37.84,0,42.38,41.42,0.85,3.19,5.09,3.57,30,12
n2_WT_F88R_M255M_OFF_T_G17,73,0.8081,0.8053,0.9775,0,5.99,0,14.65,0,7.31,0,8.43,10.77,3.07,2.22,3.28,4.6,53,20
n2_WT_F88R_M255M_OFF_T_G17,74,0.8069,0.8024,0.9806,1,1.82,0,14.33,0,5.7,0,6.47,3.77,1.92,2.46,3.4,1.4,58,17
n2_WT_F88R_M255M_OFF_T_G17,75,0.8061,0.8268,0.9817,1,4.07,0,23.6,0,16.1,0,12.91,19.25,2.77,2.98,4.26,5.86,35,14
n2_WT_F88R_M255M_OFF_T_G17,76,0.8017,0.7843,0.9781,0,5.69,0,17.42,1,4.22,0,11.13,11.4,0.85,2.95,4.12,5.23,38,14
n2_WT_F88R_M255M_OFF_T_G17,77,0.8002,0.7486,0.9797,0,5.23,0,16.05,0,22.73,0,19.75,25.57,4.11,1.3,4.56,5.17,25,13
n2_WT_F88R_M255M_OFF_T_G17,78,0.7998,0.8588,0.982,0,6.17,0,31.16,0,12.68,0,5.26,10.98,2.28,1.65,5.94,5.66,50,17
n2_WT_F88R_M255M_OFF_T_G17,79,0.7964,0.7751,0.9789,1,4.19,0,20.77,0,11.36,0,9.65,16.34,1.8,2.9,7.01,3.45,31,11
n2_WT_F88R_M255M_OFF_T_G17,8,0.8556,0.8629,0.9825,1,3.94,0,17.85,0,9.6,0,14.57,16.42,2.63,3.09,2.86,4.88,41,18
n2_WT_F88R_M255M_OFF_T_G17,80,0.7957,0.773,0.981,0,5.53,0,17.21,1,3.73,0,6.44,5.61,1.05,1.46,4.14,5.19,44,11
n2_WT_F88R_M255M_OFF_T_G17,81,0.7954,0.81,0.9752,0,6.57,0,18.7,1,1.05,0,0.6,2.51,2.72,1.54,2.87,6.33,46,22
n2_WT_F88R_M255M_OFF_T_G17,82,0.7954,0.6447,0.9772,0,6.22,0,16.46,0,5.66,0,11.48,11.87,1.13,2.57,4.58,5.47,32,11
n2_WT_F88R_M255M_OFF_T_G17,83,0.7947,0.7417,0.9755,0,6.59,0,15.32,0,5.49,0,8.03,10.12,1.9,2.06,3.12,4.98,49,16
n2_WT_F88R_M255M_OFF_T_G17,84,0.7946,0.8277,0.9766,0,5.5,0,22.04,0,12.82,0,13.59,17.28,1.78,2.56,4.35,4.32,50,19
n2_WT_F88R_M255M_OFF_T_G17,85,0.794,0.8,0.9814,0,5.54,0,13.76,1,4.62,0,3.35,8.4,2.79,2.96,5.97,7.05,31,16
n2_WT_F88R_M255M_OFF_T_G17,86,0.7867,0.7096,0.9726,0,6.24,0,17.58,1,4.6,0,9.31,10.19,1.71,1.77,3.4,6.23,41,21
n2_WT_F88R_M255M_OFF_T_G17,87,0.7853,0.6398,0.9761,1,4.85,0,16.49,1,4.15,0,7.0,6.33,3.33,1.59,3.27,5.82,34,12
n2_WT_F88R_M255M_OFF_T_G17,88,0.7786,0.6535,0.9719,0,7.14,0,18.24,0,19.74,0,16.27,21.87,3.02,2.84,4.17,6.39,30,16
n2_WT_F88R_M255M_OFF_T_G17,89,0.776,0.6503,0.9766,0,6.67,0,18.79,1,4.56,0,7.24,3.62,3.09,2.05,2.45,5.55,47,16
n2_WT_F88R_M255M_OFF_T_G17,9,0.8556,0.9053,0.9836,0,5.76,0,19.93,0,12.92,0,18.59,18.09,2.67,2.71,3.05,6.28,44,20
n2_WT_F88R_M255M_OFF_T_G17,90,0.7746,0.6915,0.9781,1,4.78,0,16.58,0,6.43,0,6.4,5.55,2.81,3.28,1.61,4.74,54,19
n2_WT_F88R_M255M_OFF_T_G17,91,0.7673,0.6864,0.977,0,6.75,0,18.85,1,3.8,0,6.14,6.34,1.26,1.8,5.88,6.93,30,12
n2_WT_F88R_M255M_OFF_T_G17,92,0.7641,0.6638,0.9785,1,3.42,0,16.01,1,4.58,0,5.93,8.48,1.85,2.43,4.14,4.21,37,14
n2_WT_F88R_M255M_OFF_T_G17,93,0.749,0.6273,0.9778,0,6.55,0,17.37,0,11.67,0,9.36,8.71,0.94,2.88,3.69,6.83,55,19
n2_WT_F88R_M255M_OFF_T_G17,94,0.7406,0.5391,0.9757,1,3.81,0,15.19,0,8.46,0,7.8,14.31,1.33,2.25,2.0,3.84,40,14
n2_WT_F88R_M255M_OFF_T_G17,95,0.7402,0.5269,0.9764,0,8.78,0,17.0,0,15.89,0,20.38,22.27,2.0,3.11,3.82,5.46,22,11
n2_WT_F88R_M255M_OFF_T_G17,96,0.7396,0.6472,0.971,0,5.05,0,24.91,0,10.93,0,9.45,15.42,3.88,2.37,1.89,4.01,50,18
n2_WT_F88R_M255M_OFF_T_G17,97,0.7344,0.525,0.9739,0,6.0,0,28.62,0,29.56,0,32.34,37.75,2.99,2.62,3.08,5.89,34,14
n2_WT_F88R_M255M_OFF_T_G17,98,0.7259,0.476,0.9755,1,2.58,0,15.69,0,33.26,0,32.09,38.05,1.63,3.14,3.66,2.51,45,15
n2_WT_F88R_M255M_OFF_T_G17,99,0.724,0.6018,0.974,0,6.2,0,18.66,0,20.43,0,17.52,23.08,1.74,2.17,4.62,6.67,36,13
n2_WT_F88R_M255M_S1_G17,0,0.8575,0.9377,0.9873,1,2.52,0,12.52,1,1.86,0,1.91,5.64,1.8,2.41,2.74,2.73,44,20
n2_WT_F88R_M255M_S1_G17,1,0.857,0.8411,0.9895,1,1.7,1,3.92,1,1.82,1,3.24,3.35,2.64,4.99,9.23,1.89,43,10
n2_WT_F88R_M255M_S1_G17,10,0.8361,0.7846,0.9848,1,2.7,0,14.43,0,35.4,0,26.96,32.23,2.47,1.36,7.3,1.01,47,13
n2_WT_F88R_M255M_S1_G17,11,0.8352,0.8437,0.9887,1,2.99,0,5.1,1,2.69,0,1.7,3.63,1.62,2.58,4.59,5.96,40,13
n2_WT_F88R_M255M_S1_G17,12,0.8336,0.9285,0.9879,0,5.46,0,12.47,1,3.24,0,2.41,5.9,1.41,1.34,2.99,4.7,45,19
n2_WT_F88R_M255M_S1_G17,13,0.8336,0.8416,0.9892,1,2.42,1,4.91,1,2.92,1,3.02,3.84,1.66,1.87,3.57,5.1,41,13
n2_WT_F88R_M255M_S1_G17,14,0.8333,0.8122,0.9899,1,0.8,0,17.17,0,37.19,0,29.05,35.0,1.49,6.67,11.57,2.1,53,12
n2_WT_F88R_M255M_S1_G17,15,0.8333,0.7808,0.9852,1,3.44,1,4.34,1,2.54,1,2.78,3.35,1.9,3.09,3.11,5.75,42,11
n2_WT_F88R_M255M_S1_G17,16,0.8327,0.8118,0.9887,1,1.88,1,4.8,1,1.05,1,3.34,2.6,2.93,2.61,4.79,4.3,39,13
n2_WT_F88R_M255M_S1_G17,17,0.8322,0.8981,0.9839,1,4.08,0,12.24,1,1.4,0,1.27,3.51,1.42,2.99,4.12,4.31,41,18
n2_WT_F88R_M255M_S1_G17,18,0.8317,0.7914,0.9856,1,3.78,0,5.62,1,2.35,0,0.59,5.52,2.9,3.16,3.05,6.2,44,12
n2_WT_F88R_M255M_S1_G17,19,0.8309,0.8749,0.9842,0,5.31,0,11.81,1,1.74,0,2.72,3.12,3.67,1.71,3.56,5.45,48,18
n2_WT_F88R_M255M_S1_G17,2,0.8434,0.7691,0.9861,1,1.95,0,22.77,0,30.42,0,23.74,29.52,2.53,4.54,10.11,1.3,37,11
n2_WT_F88R_M255M_S1_G17,20,0.8299,0.7545,0.9853,1,1.98,0,5.37,0,32.87,0,26.24,31.71,0.8,2.92,2.4,1.75,50,12
n2_WT_F88R_M255M_S1_G17,21,0.8299,0.8087,0.9864,1,1.73,1,2.87,1,2.23,1,1.74,6.8,2.39,3.23,5.21,5.07,39,14
n2_WT_F88R_M255M_S1_G17,22,0.8297,0.7881,0.9859,1,4.14,1,4.63,1,0.79,1,1.98,2.48,1.86,2.6,3.33,6.26,38,12
n2_WT_F88R_M255M_S1_G17,23,0.8295,0.7863,0.9851,1,4.18,1,3.03,1,2.27,1,2.26,6.18,2.1,2.39,6.2,5.33,37,12
n2_WT_F88R_M255M_S1_G17,24,0.8295,0.8264,0.9879,1,1.71,0,18.16,0,37.73,0,29.64,35.91,2.12,6.62,11.76,1.73,45,12
n2_WT_F88R_M255M_S1_G17,25,0.8294,0.8216,0.9883,1,2.45,1,3.95,1,2.3,1,2.2,6.0,2.5,2.76,3.0,5.71,41,12
n2_WT_F88R_M255M_S1_G17,26,0.8283,0.7591,0.9842,1,1.7,0,13.05,0,31.25,0,23.72,28.64,3.43,1.12,7.86,3.25,42,13
n2_WT_F88R_M255M_S1_G17,27,0.828,0.7759,0.9849,1,3.65,0,5.02,1,1.53,0,2.62,3.26,2.59,2.68,4.19,5.13,38,12
n2_WT_F88R_M255M_S1_G17,28,0.8275,0.7824,0.9849,0,5.52,1,2.39,1,2.42,1,2.8,3.12,2.47,2.37,3.25,5.85,40,12
n2_WT_F88R_M255M_S1_G17,29,0.8269,0.8344,0.9864,1,2.92,1,3.95,0,7.37,0,5.24,8.48,0.8,1.95,4.03,3.94,37,12
n2_WT_F88R_M255M_S1_G17,3,0.8427,0.8286,0.9874,1,4.05,0,5.1,1,2.34,0,3.45,2.63,3.41,3.89,4.42,5.65,43,13
n2_WT_F88R_M255M_S1_G17,30,0.8267,0.8165,0.9861,1,2.2,1,3.25,1,3.33,1,1.53,4.67,1.44,2.07,7.52,2.8,42,12
n2_WT_F88R_M255M_S1_G17,31,0.8264,0.8649,0.9817,0,5.29,0,13.62,1,3.09,0,0.29,4.53,1.41,1.77,4.45,3.96,48,20
n2_WT_F88R_M255M_S1_G17,32,0.8264,0.8334,0.9874,1,2.02,1,3.36,1,2.4,1,2.18,6.49,2.76,1.41,4.6,2.91,37,11
n2_WT_F88R_M255M_S1_G17,33,0.8263,0.7776,0.9854,1,3.18,1,5.0,1,2.12,1,3.27,1.11,3.55,3.55,4.0,5.27,39,9
n2_WT_F88R_M255M_S1_G17,34,0.8262,0.7583,0.9854,1,2.7,0,5.78,0,36.17,0,26.96,33.58,4.42,5.2,11.32,2.84,42,12
n2_WT_F88R_M255M_S1_G17,35,0.826,0.7809,0.9882,1,3.18,0,5.42,1,3.42,0,2.55,2.69,2.98,2.89,2.75,4.37,39,13
n2_WT_F88R_M255M_S1_G17,36,0.8259,0.7682,0.9839,1,2.38,1,4.63,1,2.65,1,2.96,2.13,2.97,2.32,3.75,4.64,47,13
n2_WT_F88R_M255M_S1_G17,37,0.8255,0.8934,0.9835,0,6.62,0,13.64,1,2.45,0,1.46,3.79,2.33,2.26,3.07,4.33,43,19
n2_WT_F88R_M255M_S1_G17,38,0.8249,0.7936,0.9835,1,4.99,1,4.26,1,2.23,1,1.87,5.56,2.6,2.18,6.15,5.85,46,14
n2_WT_F88R_M255M_S1_G17,39,0.8241,0.7952,0.9845,1,3.81,1,3.86,1,3.28,1,1.33,3.28,3.27,2.72,2.95,5.59,41,12
n2_WT_F88R_M255M_S1_G17,4,0.841,0.7974,0.9864,1,1.25,0,24.36,0,28.27,0,21.43,25.97,2.82,4.0,11.73,3.42,34,8
n2_WT_F88R_M255M_S1_G17,40,0.8239,0.7567,0.9837,1,2.91,0,5.32,1,3.15,0,0.44,3.84,3.71,1.19,2.91,4.93,44,13
n2_WT_F88R_M255M_S1_G17,41,0.8238,0.7913,0.9843,1,3.02,1,4.77,1,2.07,1,2.93,1.86,2.23,1.86,4.03,5.44,41,11
n2_WT_F88R_M255M_S1_G17,42,0.8235,0.8119,0.9875,1,3.33,1,2.57,1,2.68,1,2.51,6.13,2.69,2.98,4.32,5.36,39,12
n2_WT_F88R_M255M_S1_G17,43,0.8235,0.7878,0.9841,1,1.93,1,4.73,1,1.15,1,3.3,2.57,3.68,3.02,4.01,5.74,45,13
n2_WT_F88R_M255M_S1_G17,44,0.8235,0.7875,0.9844,1,1.48,1,3.59,1,2.05,1,2.48,6.88,3.6,1.88,3.19,5.4,43,13
n2_WT_F88R_M255M_S1_G17,45,0.8231,0.7967,0.9849,1,3.7,1,3.83,1,2.27,1,2.85,3.22,2.76,3.35,3.09,6.32,42,13
n2_WT_F88R_M255M_S1_G17,46,0.8228,0.75,0.9844,1,3.06,0,5.19,1,2.78,0,3.34,2.7,2.41,2.4,4.23,5.83,42,14
n2_WT_F88R_M255M_S1_G17,47,0.8223,0.7778,0.9831,1,3.19,1,4.03,1,2.36,1,3.18,6.13,3.41,3.8,5.35,5.68,34,12
n2_WT_F88R_M255M_S1_G17,48,0.8213,0.7961,0.9859,1,3.87,0,5.27,1,1.4,0,3.35,2.22,2.47,3.31,3.18,6.52,41,13
n2_WT_F88R_M255M_S1_G17,49,0.8209,0.7939,0.9857,0,5.91,1,2.59,1,2.47,1,3.02,2.88,3.01,3.58,3.21,5.96,37,12
n2_WT_F88R_M255M_S1_G17,5,0.8408,0.893,0.9847,1,4.06,0,12.69,1,2.44,0,1.52,3.53,1.53,3.12,4.31,3.26,44,18
n2_WT_F88R_M255M_S1_G17,50,0.82,0.7448,0.9831,1,3.09,1,4.89,1,2.01,1,2.98,2.29,2.25,1.37,4.41,4.59,39,13
n2_WT_F88R_M255M_S1_G17,51,0.8196,0.7496,0.9831,1,3.74,1,3.61,1,2.33,1,1.71,5.03,1.97,2.65,4.25,5.4,40,11
n2_WT_F88R_M255M_S1_G17,52,0.8196,0.7486,0.9838,0,6.09,1,4.57,1,1.9,1,3.17,3.32,2.23,2.65,3.5,6.62,38,13
n2_WT_F88R_M255M_S1_G17,53,0.8193,0.8814,0.984,1,4.82,0,10.88,1,0.97,0,1.1,6.71,2.67,3.2,7.47,5.42,35,16
n2_WT_F88R_M255M_S1_G17,54,0.8184,0.7107,0.9813,0,6.35,0,5.24,1,2.59,0,1.72,4.86,0.76,3.51,2.83,5.27,40,11
n2_WT_F88R_M255M_S1_G17,55,0.8179,0.8506,0.9789,1,4.82,0,10.56,0,21.09,0,13.31,18.29,1.73,2.89,4.15,6.0,41,19
n2_WT_F88R_M255M_S1_G17,56,0.8173,0.7586,0.9825,1,2.54,1,2.87,1,2.27,1,2.32,2.01,2.04,2.91,5.45,5.56,41,11
n2_WT_F88R_M255M_S1_G17,57,0.817,0.7578,0.9854,1,3.76,1,2.88,1,1.92,1,2.96,2.49,3.06,2.89,3.55,4.84,44,14
n2_WT_F88R_M255M_S1_G17,58,0.8168,0.7764,0.9851,1,4.07,1,3.84,1,4.06,1,3.46,6.67,2.37,1.96,3.2,5.44,39,12
n2_WT_F88R_M255M_S1_G17,59,0.8165,0.7636,0.9852,1,3.75,1,3.65,0,7.97,0,4.54,8.47,2.86,3.5,3.76,5.86,38,12
n2_WT_F88R_M255M_S1_G17,6,0.8387,0.9233,0.9859,0,5.69,0,11.76,1,3.22,0,2.55,1.99,0.86,2.65,3.84,4.61,46,19
n2_WT_F88R_M255M_S1_G17,60,0.8164,0.736,0.9811,1,2.84,1,3.75,1,1.01,1,2.58,2.89,2.75,2.28,3.72,5.44,35,13
n2_WT_F88R_M255M_S1_G17,61,0.8164,0.772,0.9855,1,2.75,1,4.48,1,3.38,1,2.88,2.88,1.41,2.57,4.36,4.15,38,12
n2_WT_F88R_M255M_S1_G17,62,0.8161,0.7679,0.9835,1,1.87,1,4.39,0,7.58,0,5.37,8.69,0.3,2.03,4.01,4.93,40,13
n2_WT_F88R_M255M_S1_G17,63,0.816,0.7547,0.9833,1,3.15,1,4.89,1,2.12,1,2.71,1.41,2.32,0.76,3.59,4.88,42,13
n2_WT_F88R_M255M_S1_G17,64,0.816,0.7475,0.9809,0,6.02,0,5.91,0,24.0,0,23.32,24.75,2.44,3.14,4.98,5.8,38,12
n2_WT_F88R_M255M_S1_G17,65,0.8154,0.7818,0.9858,1,3.53,1,4.46,1,3.04,1,0.9,5.43,2.24,2.34,3.23,6.03,42,13
n2_WT_F88R_M255M_S1_G17,66,0.8149,0.7723,0.9841,1,2.66,1,2.71,1,3.12,1,2.41,3.99,3.1,2.44,4.08,5.7,41,14
n2_WT_F88R_M255M_S1_G17,67,0.8143,0.7456,0.9839,1,3.12,1,2.64,1,3.35,1,1.6,3.61,2.86,1.9,3.93,4.18,42,12
n2_WT_F88R_M255M_S1_G17,68,0.8142,0.7565,0.9863,1,2.52,1,3.09,1,2.86,1,2.85,6.07,3.26,3.44,4.31,6.27,44,13
n2_WT_F88R_M255M_S1_G17,69,0.8133,0.7924,0.9842,1,3.43,1,3.68,1,2.15,1,1.05,6.21,2.27,2.94,4.42,6.95,40,12
n2_WT_F88R_M255M_S1_G17,7,0.8375,0.8168,0.9865,1,2.93,1,4.98,1,2.14,1,2.96,2.51,3.12,1.8,3.24,6.41,37,12
n2_WT_F88R_M255M_S1_G17,70,0.8129,0.7444,0.9831,1,3.46,0,5.29,1,2.04,0,3.06,2.97,2.43,2.23,2.95,3.75,44,14
n2_WT_F88R_M255M_S1_G17,71,0.8121,0.7784,0.9854,1,2.36,0,5.37,1,1.64,0,3.16,1.3,3.02,3.2,4.16,5.8,43,13
n2_WT_F88R_M255M_S1_G17,72,0.8119,0.7447,0.9832,1,3.71,1,4.78,1,3.19,1,2.04,3.42,3.02,3.86,4.54,6.3,38,13
n2_WT_F88R_M255M_S1_G17,73,0.8106,0.739,0.9815,0,6.67,0,11.93,1,4.9,0,7.02,9.82,2.19,2.15,4.79,4.94,35,14
n2_WT_F88R_M255M_S1_G17,74,0.8073,0.7632,0.9825,1,4.57,0,5.63,1,4.48,0,3.55,9.07,2.89,2.67,2.67,6.08,37,12
n2_WT_F88R_M255M_S1_G17,75,0.8064,0.8284,0.9826,1,2.58,0,11.94,1,2.62,0,3.18,1.78,1.53,1.35,2.88,5.32,50,18
n2_WT_F88R_M255M_S1_G17,76,0.8062,0.733,0.9837,1,2.84,1,3.82,1,2.3,1,2.03,5.66,1.88,1.05,3.79,5.09,40,12
n2_WT_F88R_M255M_S1_G17,77,0.805,0.7747,0.9841,1,4.41,0,12.91,0,47.18,0,39.9,44.96,3.09,1.72,6.14,5.6,36,16
n2_WT_F88R_M255M_S1_G17,78,0.8041,0.8409,0.9844,1,3.06,0,8.21,0,20.21,0,13.11,18.06,1.32,3.77,5.15,4.63,45,17
n2_WT_F88R_M255M_S1_G17,79,0.8029,0.8519,0.9846,1,3.7,0,10.91,1,1.88,0,2.75,6.43,1.41,3.74,8.98,5.17,34,9
n2_WT_F88R_M255M_S1_G17,8,0.8366,0.8112,0.9843,0,6.98,1,3.52,0,42.89,0,37.35,40.64,0.67,2.65,4.94,6.48,39,13
n2_WT_F88R_M255M_S1_G17,80,0.8007,0.7114,0.9835,1,3.99,0,6.2,1,4.59,0,5.96,9.87,1.33,1.44,3.98,5.48,38,12
n2_WT_F88R_M255M_S1_G17,81,0.8004,0.8583,0.9876,1,1.67,0,18.35,0,38.91,0,30.92,37.15,1.91,1.97,7.02,2.77,59,16
n2_WT_F88R_M255M_S1_G17,82,0.7999,0.749,0.9828,0,6.43,1,3.22,1,1.86,1,2.42,6.16,0.91,2.27,6.88,6.12,34,11
n2_WT_F88R_M255M_S1_G17,83,0.7983,0.6804,0.9841,1,2.93,0,12.29,0,37.05,0,29.16,35.42,1.87,6.97,10.02,2.33,32,13
n2_WT_F88R_M255M_S1_G17,84,0.7972,0.7411,0.9811,1,3.2,0,5.08,1,2.5,0,0.94,4.66,3.01,3.14,4.03,4.41,40,11
n2_WT_F88R_M255M_S1_G17,85,0.7939,0.7941,0.9785,1,4.49,0,10.12,1,1.62,0,1.87,1.35,2.84,2.69,7.78,4.39,31,11
n2_WT_F88R_M255M_S1_G17,86,0.7868,0.7895,0.9809,1,2.78,0,17.13,0,40.13,0,32.12,38.33,2.78,2.42,5.85,1.35,50,19
n2_WT_F88R_M255M_S1_G17,87,0.7862,0.6297,0.981,1,1.84,0,17.35,0,38.53,0,30.73,36.89,3.71,4.38,9.84,2.89,47,13
n2_WT_F88R_M255M_S1_G17,88,0.7857,0.8298,0.9806,1,4.37,1,3.54,1,3.51,1,1.85,2.86,2.24,1.76,5.29,4.41,48,17
n2_WT_F88R_M255M_S1_G17,89,0.7829,0.814,0.9784,1,2.34,0,11.32,0,29.94,0,22.87,27.78,3.44,1.26,3.58,2.44,49,18
n2_WT_F88R_M255M_S1_G17,9,0.8363,0.8365,0.9867,0,6.76,1,2.64,0,39.69,0,34.0,37.64,1.68,1.3,3.22,5.94,47,13
n2_WT_F88R_M255M_S1_G17,90,0.7828,0.7626,0.9802,1,1.77,0,18.69,0,30.23,0,23.8,29.56,2.88,1.89,6.83,3.1,44,18
n2_WT_F88R_M255M_S1_G17,91,0.7818,0.6386,0.9826,0,8.66,0,7.82,1,3.49,0,2.62,3.34,0.84,2.11,3.52,7.31,35,12
n2_WT_F88R_M255M_S1_G17,92,0.7786,0.6635,0.9822,0,8.48,0,11.12,1,2.02,0,2.02,5.77,2.0,2.31,3.92,6.37,35,11
n2_WT_F88R_M255M_S1_G17,93,0.7761,0.8315,0.9823,1,2.24,0,12.15,0,38.46,0,30.7,35.96,1.69,2.37,4.32,1.47,55,17
n2_WT_F88R_M255M_S1_G17,94,0.7752,0.601,0.9785,1,3.93,1,2.28,1,2.22,1,1.91,6.39,2.28,1.52,6.57,5.55,40,13
n2_WT_F88R_M255M_S1_G17,95,0.7739,0.6871,0.9774,0,6.31,0,7.55,1,3.37,0,2.4,7.42,2.09,1.32,7.63,6.02,32,10
n2_WT_F88R_M255M_S1_G17,96,0.7721,0.6217,0.9761,1,3.11,1,4.41,1,2.7,1,3.13,2.49,2.89,1.86,4.89,4.45,34,13
n2_WT_F88R_M255M_S1_G17,97,0.7609,0.7009,0.9761,0,6.15,1,3.27,1,2.54,1,2.91,6.64,2.81,1.77,3.68,5.39,43,18
n2_WT_F88R_M255M_S1_G17,98,0.7467,0.5484,0.9816,0,5.95,0,7.09,0,7.47,0,9.56,12.08,1.42,2.07,4.66,5.93,33,11
n2_WT_F88R_M255M_S1_G17,99,0.7315,0.5269,0.9751,0,6.71,0,14.55,1,3.08,0,1.03,5.6,3.13,1.94,5.69,5.33,33,12
n2_WT_F88W_M255A_OFF_T_G17,0,0.8754,0.8801,0.9846,0,7.19,0,28.51,0,14.73,0,22.93,21.41,2.18,1.55,6.18,5.19,40,14
n2_WT_F88W_M255A_OFF_T_G17,1,0.8699,0.8754,0.9828,0,5.3,0,29.22,0,12.93,0,22.42,20.34,2.14,2.16,6.07,6.01,39,14
n2_WT_F88W_M255A_OFF_T_G17,10,0.8539,0.8642,0.9874,0,6.66,0,18.78,0,19.55,0,17.87,27.17,0.89,2.73,3.93,6.34,26,12
n2_WT_F88W_M255A_OFF_T_G17,11,0.8535,0.8118,0.9864,0,5.86,0,34.1,0,27.31,0,25.48,33.89,1.75,1.7,2.89,6.11,32,12
n2_WT_F88W_M255A_OFF_T_G17,12,0.8513,0.8218,0.9826,0,5.75,0,27.17,0,12.22,0,21.83,21.95,2.77,2.3,5.77,6.8,45,13
n2_WT_F88W_M255A_OFF_T_G17,13,0.8506,0.8767,0.986,0,6.64,0,18.7,0,19.5,0,18.84,27.85,1.73,2.72,4.06,6.1,32,12
n2_WT_F88W_M255A_OFF_T_G17,14,0.8505,0.8311,0.982,0,6.33,0,28.83,0,12.56,0,22.64,21.31,2.64,1.39,6.1,6.31,38,15
n2_WT_F88W_M255A_OFF_T_G17,15,0.8492,0.8555,0.9845,0,6.63,0,27.07,0,9.44,0,8.22,15.89,1.31,1.54,4.76,4.24,39,13
n2_WT_F88W_M255A_OFF_T_G17,16,0.8489,0.8904,0.9891,0,5.13,0,18.66,0,42.3,0,42.3,44.98,1.69,2.78,8.52,4.41,30,9
n2_WT_F88W_M255A_OFF_T_G17,17,0.848,0.9131,0.9849,0,6.05,0,10.57,0,32.51,0,31.39,32.94,2.74,2.75,5.21,4.82,29,12
n2_WT_F88W_M255A_OFF_T_G17,18,0.8479,0.9027,0.9828,0,5.61,0,11.09,0,34.34,0,32.92,34.52,5.37,2.12,5.43,4.13,31,11
n2_WT_F88W_M255A_OFF_T_G17,19,0.8463,0.7797,0.9837,0,6.43,0,32.64,0,23.68,0,18.32,21.49,1.38,1.4,2.38,6.15,36,9
n2_WT_F88W_M255A_OFF_T_G17,2,0.8688,0.8609,0.9848,0,7.3,0,27.46,0,19.06,0,27.09,28.93,1.56,1.2,7.22,6.2,34,13
n2_WT_F88W_M255A_OFF_T_G17,20,0.8449,0.8605,0.9849,0,6.72,0,14.67,0,40.28,0,43.74,42.23,1.9,3.33,4.45,6.11,32,13
n2_WT_F88W_M255A_OFF_T_G17,21,0.8438,0.801,0.9868,1,3.63,0,27.85,0,34.84,0,39.96,38.48,0.33,2.56,5.83,3.87,35,14
n2_WT_F88W_M255A_OFF_T_G17,22,0.8438,0.8974,0.9844,0,6.69,0,11.13,0,31.68,0,30.42,32.25,4.08,2.9,3.85,5.38,32,12
n2_WT_F88W_M255A_OFF_T_G17,23,0.8431,0.7952,0.9854,1,3.87,0,34.7,0,26.03,0,23.58,32.35,2.97,1.93,3.04,3.02,39,12
n2_WT_F88W_M255A_OFF_T_G17,24,0.842,0.8875,0.9878,0,5.71,0,13.54,0,43.91,0,39.31,42.85,2.76,1.37,6.09,4.14,31,14
n2_WT_F88W_M255A_OFF_T_G17,25,0.8419,0.8774,0.9854,1,3.95,0,13.87,0,40.71,0,43.46,43.61,4.01,3.11,5.28,3.89,37,14
n2_WT_F88W_M255A_OFF_T_G17,26,0.8412,0.8908,0.9833,0,6.11,0,11.5,0,31.91,0,30.04,32.46,5.24,1.78,5.0,4.04,28,15
n2_WT_F88W_M255A_OFF_T_G17,27,0.8411,0.8796,0.9854,0,8.14,0,18.27,0,9.4,0,6.09,15.3,3.26,2.94,3.44,7.33,36,17
n2_WT_F88W_M255A_OFF_T_G17,28,0.841,0.9105,0.9851,0,9.52,0,12.88,0,29.79,0,28.38,30.9,5.25,2.48,7.36,7.82,32,15
n2_WT_F88W_M255A_OFF_T_G17,29,0.8409,0.8668,0.9858,1,4.86,0,21.41,0,22.28,0,23.45,31.77,1.39,2.07,2.93,4.16,30,12
n2_WT_F88W_M255A_OFF_T_G17,3,0.8684,0.8854,0.9832,0,7.66,0,26.9,0,8.32,0,13.57,15.01,3.05,1.28,5.11,4.89,30,12
n2_WT_F88W_M255A_OFF_T_G17,30,0.8408,0.8888,0.9871,0,5.13,0,20.71,0,15.98,0,13.27,23.05,1.32,3.56,4.37,4.55,31,11
n2_WT_F88W_M255A_OFF_T_G17,31,0.8404,0.8304,0.9836,0,5.66,0,18.31,0,15.48,0,12.97,21.67,3.75,4.39,3.98,4.57,31,14
n2_WT_F88W_M255A_OFF_T_G17,32,0.8402,0.9091,0.9841,0,6.75,0,10.82,0,30.95,0,29.56,31.7,5.55,3.26,3.99,4.08,32,12
n2_WT_F88W_M255A_OFF_T_G17,33,0.8401,0.8539,0.9854,0,6.75,0,8.18,0,26.49,0,22.77,28.73,3.02,0.96,5.14,7.24,42,13
n2_WT_F88W_M255A_OFF_T_G17,34,0.84,0.7717,0.9789,0,5.38,0,28.62,0,9.42,0,17.78,16.25,3.23,0.5,4.48,4.36,36,16
n2_WT_F88W_M255A_OFF_T_G17,35,0.8393,0.8945,0.9865,0,7.4,0,10.1,0,30.1,0,29.26,30.85,3.65,2.48,3.67,4.64,33,12
n2_WT_F88W_M255A_OFF_T_G17,36,0.8392,0.8855,0.9823,0,6.97,0,9.55,0,30.47,0,29.63,31.22,4.71,2.3,5.23,4.3,35,14
n2_WT_F88W_M255A_OFF_T_G17,37,0.8384,0.8771,0.9866,1,4.65,0,22.76,0,9.76,0,11.89,19.99,1.11,1.89,6.99,3.62,28,9
n2_WT_F88W_M255A_OFF_T_G17,38,0.8372,0.7982,0.984,0,5.15,0,18.47,0,11.22,0,7.02,15.63,1.2,3.34,3.6,5.43,36,12
n2_WT_F88W_M255A_OFF_T_G17,39,0.8355,0.8529,0.9846,1,4.8,0,17.7,0,23.44,0,24.15,31.66,3.01,2.0,2.64,4.95,45,15
n2_WT_F88W_M255A_OFF_T_G17,4,0.866,0.8491,0.9816,0,7.03,0,29.8,0,11.52,0,20.66,18.12,2.06,1.17,6.87,6.39,40,15
n2_WT_F88W_M255A_OFF_T_G17,40,0.8341,0.8777,0.9831,0,9.05,0,12.1,0,32.54,0,30.97,33.04,6.74,2.7,4.09,6.82,28,14
n2_WT_F88W_M255A_OFF_T_G17,41,0.8322,0.807,0.9889,1,3.34,0,43.83,0,17.45,0,26.98,25.63,1.35,2.54,4.9,3.82,36,11
n2_WT_F88W_M255A_OFF_T_G17,42,0.8321,0.8866,0.9858,0,7.16,0,9.26,0,26.33,0,24.69,28.67,3.12,2.73,3.98,5.0,41,12
n2_WT_F88W_M255A_OFF_T_G17,43,0.8321,0.8891,0.9845,1,3.87,0,7.91,0,29.34,0,26.99,29.89,3.08,2.69,5.05,5.83,44,17
n2_WT_F88W_M255A_OFF_T_G17,44,0.832,0.7783,0.9845,0,5.25,0,24.3,0,36.26,0,42.19,37.4,2.21,2.35,3.94,4.99,39,14
n2_WT_F88W_M255A_OFF_T_G17,45,0.8314,0.818,0.9823,0,5.9,0,19.53,0,19.34,0,18.84,27.5,2.08,2.21,2.67,5.66,32,12
n2_WT_F88W_M255A_OFF_T_G17,46,0.831,0.9033,0.9853,0,7.79,0,8.77,0,27.98,0,26.04,30.26,3.16,3.64,3.95,8.13,41,16
n2_WT_F88W_M255A_OFF_T_G17,47,0.8306,0.8748,0.9838,0,7.21,0,6.83,0,26.46,0,30.6,27.67,3.59,2.83,7.27,7.84,33,16
n2_WT_F88W_M255A_OFF_T_G17,48,0.8299,0.8592,0.9842,0,7.12,0,19.15,1,4.25,0,3.7,9.0,2.64,3.34,3.64,6.6,40,16
n2_WT_F88W_M255A_OFF_T_G17,49,0.8285,0.8401,0.9846,0,8.33,0,9.22,0,30.17,0,32.39,29.88,2.18,1.58,8.05,7.33,29,11
n2_WT_F88W_M255A_OFF_T_G17,5,0.8647,0.858,0.984,0,6.1,0,29.11,0,15.31,0,24.14,22.41,2.68,2.9,6.37,6.46,38,14
n2_WT_F88W_M255A_OFF_T_G17,50,0.8272,0.8169,0.985,1,4.65,0,18.17,0,20.58,0,22.36,27.7,1.87,3.38,2.92,5.25,29,10
n2_WT_F88W_M255A_OFF_T_G17,51,0.8271,0.8034,0.982,0,5.1,0,17.63,0,5.37,0,4.9,3.94,2.39,2.82,3.28,5.83,46,14
n2_WT_F88W_M255A_OFF_T_G17,52,0.8271,0.8458,0.9826,0,5.42,0,20.66,0,23.8,0,23.86,32.44,1.9,1.78,5.25,4.41,31,10
n2_WT_F88W_M255A_OFF_T_G17,53,0.8267,0.8645,0.9864,0,5.29,0,20.21,0,21.05,0,19.27,28.54,1.59,1.39,3.06,4.88,34,12
n2_WT_F88W_M255A_OFF_T_G17,54,0.8266,0.8449,0.9866,0,6.1,0,11.12,0,29.31,0,34.22,33.09,1.5,3.16,3.41,4.76,36,17
n2_WT_F88W_M255A_OFF_T_G17,55,0.8261,0.7746,0.9805,1,3.65,0,24.14,0,5.51,0,8.02,11.85,2.65,1.62,5.71,1.96,38,14
n2_WT_F88W_M255A_OFF_T_G17,56,0.8252,0.8474,0.9827,0,5.46,0,24.06,0,10.11,0,14.02,21.43,3.72,2.76,6.66,5.17,27,8
n2_WT_F88W_M255A_OFF_T_G17,57,0.8249,0.8598,0.985,0,5.85,0,20.77,0,21.69,0,20.41,29.65,2.33,2.31,4.94,5.49,30,11
n2_WT_F88W_M255A_OFF_T_G17,58,0.8238,0.8274,0.9858,0,8.47,0,8.13,0,30.59,0,33.17,30.88,3.43,3.1,7.6,6.62,23,11
n2_WT_F88W_M255A_OFF_T_G17,59,0.8237,0.759,0.9836,1,3.04,0,41.68,0,21.37,0,22.61,31.25,2.71,2.93,6.53,5.36,37,12
n2_WT_F88W_M255A_OFF_T_G17,6,0.8635,0.8646,0.9884,0,6.32,0,34.33,0,17.55,0,25.08,21.13,2.26,2.37,6.17,6.01,39,13
n2_WT_F88W_M255A_OFF_T_G17,60,0.8231,0.8184,0.9832,0,5.98,0,18.64,0,20.81,0,18.13,26.34,1.11,1.92,2.91,5.19,35,14
n2_WT_F88W_M255A_OFF_T_G17,61,0.8227,0.8207,0.9826,1,3.44,0,19.26,0,10.2,0,7.02,14.23,1.01,2.65,6.1,3.25,34,14
n2_WT_F88W_M255A_OFF_T_G17,62,0.8223,0.8469,0.9799,0,6.56,0,10.8,0,28.86,0,27.8,29.62,4.33,2.58,4.5,4.82,32,12
n2_WT_F88W_M255A_OFF_T_G17,63,0.8208,0.8044,0.9818,0,6.78,0,18.85,0,16.67,0,14.67,23.66,1.48,3.42,4.32,6.85,36,15
n2_WT_F88W_M255A_OFF_T_G17,64,0.8205,0.8221,0.9862,1,4.98,0,23.18,0,9.18,0,9.81,15.52,1.84,1.28,5.8,3.39,25,8
n2_WT_F88W_M255A_OFF_T_G17,65,0.8199,0.7747,0.9841,1,3.38,0,17.99,1,3.81,0,4.27,10.4,0.67,2.64,5.18,4.85,23,13
n2_WT_F88W_M255A_OFF_T_G17,66,0.8193,0.7577,0.9835,0,6.19,0,19.21,1,2.63,0,6.43,5.42,2.62,1.86,4.53,5.68,25,12
n2_WT_F88W_M255A_OFF_T_G17,67,0.819,0.8748,0.9856,0,7.34,0,8.79,0,33.22,0,32.91,31.09,2.57,0.24,5.98,5.26,31,15
n2_WT_F88W_M255A_OFF_T_G17,68,0.8188,0.726,0.979,0,5.31,0,30.39,0,12.32,0,18.62,15.5,2.3,0.58,5.32,5.77,37,14
n2_WT_F88W_M255A_OFF_T_G17,69,0.8186,0.8094,0.9813,0,7.5,0,9.8,0,29.25,0,28.51,30.98,2.69,3.15,3.4,6.83,40,13
n2_WT_F88W_M255A_OFF_T_G17,7,0.8612,0.8238,0.9853,1,4.7,0,35.84,0,21.55,0,21.9,24.19,2.78,2.3,2.34,4.07,33,11
n2_WT_F88W_M255A_OFF_T_G17,70,0.8176,0.787,0.9827,0,7.45,0,19.4,1,1.77,0,6.89,11.19,2.39,2.68,3.32,6.4,24,10
n2_WT_F88W_M255A_OFF_T_G17,71,0.8173,0.7888,0.9807,0,5.13,0,26.3,0,22.08,0,23.9,31.64,1.73,2.96,5.81,4.28,20,10
n2_WT_F88W_M255A_OFF_T_G17,72,0.817,0.7715,0.9836,0,6.08,0,19.59,0,21.16,0,18.79,27.66,0.91,2.05,3.75,5.41,25,12
n2_WT_F88W_M255A_OFF_T_G17,73,0.8164,0.701,0.9765,0,5.7,0,29.04,0,12.56,0,20.43,19.23,2.25,1.16,5.42,5.63,36,14
n2_WT_F88W_M255A_OFF_T_G17,74,0.8155,0.7562,0.9762,0,7.22,0,19.69,0,8.54,0,7.56,14.98,3.07,2.24,3.74,6.26,30,14
n2_WT_F88W_M255A_OFF_T_G17,75,0.8153,0.8228,0.9837,0,7.58,0,16.21,1,4.81,0,3.29,4.28,2.08,2.76,4.89,6.54,41,15
n2_WT_F88W_M255A_OFF_T_G17,76,0.8147,0.7946,0.9853,0,7.21,0,8.57,0,35.99,0,38.34,36.47,2.06,1.46,5.58,7.08,25,9
n2_WT_F88W_M255A_OFF_T_G17,77,0.813,0.8479,0.9813,0,5.99,0,11.21,0,31.0,0,30.05,32.06,5.52,2.76,4.23,4.04,31,13
n2_WT_F88W_M255A_OFF_T_G17,78,0.8129,0.8261,0.9835,0,6.98,0,7.16,0,30.77,0,33.81,31.9,2.37,2.54,6.59,6.74,28,12
n2_WT_F88W_M255A_OFF_T_G17,79,0.8117,0.7973,0.9835,0,6.92,0,17.93,0,32.56,0,32.42,38.7,3.89,3.19,3.67,6.33,30,9
n2_WT_F88W_M255A_OFF_T_G17,8,0.859,0.8417,0.9851,0,6.63,0,26.21,0,13.92,0,23.38,25.16,2.56,0.79,5.74,6.87,39,14
n2_WT_F88W_M255A_OFF_T_G17,80,0.8114,0.7311,0.9785,0,6.18,0,38.13,0,30.69,0,22.65,29.4,3.14,3.07,6.27,5.23,36,12
n2_WT_F88W_M255A_OFF_T_G17,81,0.8109,0.8727,0.9832,0,5.47,0,28.51,0,13.32,0,7.81,17.08,1.02,2.7,6.43,4.64,38,14
n2_WT_F88W_M255A_OFF_T_G17,82,0.8106,0.817,0.9809,0,6.43,0,8.16,0,27.05,0,24.68,29.36,2.97,3.17,3.76,7.32,38,14
n2_WT_F88W_M255A_OFF_T_G17,83,0.8082,0.7793,0.9823,0,7.74,0,10.25,0,32.27,0,37.34,35.48,2.24,2.57,3.66,6.72,30,13
n2_WT_F88W_M255A_OFF_T_G17,84,0.8062,0.7367,0.9765,0,5.58,0,20.5,0,24.61,0,23.68,32.39,2.97,2.44,3.62,5.92,29,13
n2_WT_F88W_M255A_OFF_T_G17,85,0.8061,0.7342,0.9769,0,5.42,0,27.69,0,11.6,0,10.81,19.25,2.98,1.49,6.69,5.0,37,15
n2_WT_F88W_M255A_OFF_T_G17,86,0.8045,0.7712,0.9803,0,5.54,0,21.04,0,22.67,0,24.57,32.41,1.32,1.99,5.66,4.55,27,10
n2_WT_F88W_M255A_OFF_T_G17,87,0.803,0.6801,0.9805,0,9.39,0,19.63,1,4.17,0,4.89,7.2,3.16,3.9,4.98,8.42,20,10
n2_WT_F88W_M255A_OFF_T_G17,88,0.8027,0.7173,0.982,0,9.18,0,17.85,0,5.31,0,3.78,10.29,2.6,2.99,2.8,6.98,23,10
n2_WT_F88W_M255A_OFF_T_G17,89,0.8015,0.8145,0.9851,0,5.99,0,12.59,0,32.38,0,32.67,35.68,3.11,1.41,4.18,4.94,38,13
n2_WT_F88W_M255A_OFF_T_G17,9,0.8568,0.8652,0.9829,0,6.09,0,23.57,0,14.22,0,24.01,24.28,1.77,2.39,5.94,5.2,38,15
n2_WT_F88W_M255A_OFF_T_G17,90,0.8012,0.7923,0.9816,0,6.0,0,21.25,0,11.95,0,11.86,15.86,1.42,2.1,3.69,6.21,36,11
n2_WT_F88W_M255A_OFF_T_G17,91,0.7995,0.7635,0.9796,0,6.75,0,7.73,0,29.46,0,30.98,29.2,3.05,2.66,8.29,6.96,26,11
n2_WT_F88W_M255A_OFF_T_G17,92,0.7974,0.827,0.9802,0,5.8,0,7.41,0,25.23,0,21.4,27.79,3.06,2.41,5.93,5.73,32,15
n2_WT_F88W_M255A_OFF_T_G17,93,0.7968,0.7818,0.9805,0,6.09,0,10.79,0,36.21,0,32.86,36.19,4.42,3.31,3.78,5.38,35,16
n2_WT_F88W_M255A_OFF_T_G17,94,0.7966,0.8189,0.9788,0,5.93,0,7.33,0,30.05,0,30.75,30.7,2.63,4.77,9.72,5.73,35,16
n2_WT_F88W_M255A_OFF_T_G17,95,0.7938,0.7622,0.9805,0,7.82,0,7.96,0,31.07,0,34.66,32.82,3.23,1.34,6.31,8.3,26,11
n2_WT_F88W_M255A_OFF_T_G17,96,0.7833,0.611,0.9778,0,6.52,0,22.69,0,37.57,0,42.96,40.83,2.53,1.41,4.17,5.31,40,15
n2_WT_F88W_M255A_OFF_T_G17,97,0.7616,0.571,0.974,1,3.94,0,20.99,0,45.12,0,47.33,47.29,1.27,2.42,3.43,2.49,28,12
n2_WT_F88W_M255A_OFF_T_G17,98,0.7486,0.645,0.9814,0,7.05,0,9.38,0,26.03,0,20.73,27.63,3.57,3.24,4.93,5.69,29,13
n2_WT_F88W_M255A_OFF_T_G17,99,0.7286,0.6156,0.9762,0,6.57,0,19.37,0,21.64,0,18.35,24.69,1.97,2.44,4.79,4.91,29,13
n2_WT_F88W_M255A_S1_G17,0,0.8581,0.8433,0.9887,0,5.62,1,3.34,0,44.12,0,37.62,42.9,2.85,2.33,4.13,5.95,50,13
n2_WT_F88W_M255A_S1_G17,1,0.8515,0.8244,0.99,1,2.29,1,3.91,1,1.91,1,3.04,4.33,2.37,4.86,9.54,2.94,45,10
n2_WT_F88W_M255A_S1_G17,10,0.8454,0.7953,0.9876,1,2.96,1,4.45,0,27.24,0,20.87,28.16,1.85,2.7,4.74,1.49,48,12
n2_WT_F88W_M255A_S1_G17,11,0.8415,0.7859,0.9874,1,1.68,0,23.75,0,31.38,0,25.59,32.55,1.69,5.74,12.69,3.01,30,10
n2_WT_F88W_M255A_S1_G17,12,0.841,0.9208,0.9863,0,6.56,0,20.36,0,17.81,0,13.69,19.69,1.37,1.55,4.64,5.37,42,14
n2_WT_F88W_M255A_S1_G17,13,0.8399,0.7885,0.9861,1,4.0,0,24.68,0,24.01,0,18.65,25.33,2.45,2.45,5.93,4.74,34,11
n2_WT_F88W_M255A_S1_G17,14,0.8393,0.7547,0.9836,0,5.58,0,27.53,0,27.06,0,21.55,27.64,0.78,2.78,4.76,5.09,33,10
n2_WT_F88W_M255A_S1_G17,15,0.8388,0.8216,0.9891,0,5.33,1,2.92,0,43.34,0,37.23,42.38,1.28,3.44,5.31,5.51,38,13
n2_WT_F88W_M255A_S1_G17,16,0.8386,0.8072,0.9869,0,5.21,1,3.21,0,41.2,0,35.46,40.37,0.79,2.13,4.79,5.51,41,13
n2_WT_F88W_M255A_S1_G17,17,0.837,0.7791,0.9855,1,2.88,0,22.67,0,27.42,0,21.18,28.53,1.1,6.31,10.36,2.45,40,10
n2_WT_F88W_M255A_S1_G17,18,0.837,0.8053,0.9871,0,6.7,1,3.87,0,44.12,0,37.41,42.91,1.71,1.37,4.29,5.89,44,14
n2_WT_F88W_M255A_S1_G17,19,0.8368,0.8239,0.9852,0,5.46,1,3.83,0,32.66,0,33.08,35.38,1.57,2.98,3.99,5.06,36,9
n2_WT_F88W_M255A_S1_G17,2,0.8512,0.8411,0.9886,1,2.12,0,25.13,0,26.5,0,19.75,27.41,1.75,2.87,12.05,2.73,36,9
n2_WT_F88W_M255A_S1_G17,20,0.836,0.79,0.9878,1,3.16,0,23.46,0,29.62,0,22.8,30.5,2.13,6.36,12.04,2.49,36,10
n2_WT_F88W_M255A_S1_G17,21,0.8332,0.7932,0.9864,1,2.14,0,22.67,0,30.83,0,24.93,31.81,1.76,5.53,12.37,2.6,31,9
n2_WT_F88W_M255A_S1_G17,22,0.8325,0.785,0.9881,1,2.38,0,22.04,0,31.03,0,25.27,32.01,2.0,6.5,12.4,2.12,33,9
n2_WT_F88W_M255A_S1_G17,23,0.8324,0.7732,0.9847,1,3.01,0,23.88,0,28.36,0,22.39,29.94,1.53,4.35,9.71,3.02,29,9
n2_WT_F88W_M255A_S1_G17,24,0.8317,0.8365,0.9878,0,6.49,1,4.39,0,37.56,0,37.27,38.07,3.28,3.77,3.5,6.79,32,9
n2_WT_F88W_M255A_S1_G17,25,0.8296,0.8358,0.9845,0,5.91,0,16.63,0,17.0,0,13.75,20.88,2.97,5.75,11.62,5.71,31,9
n2_WT_F88W_M255A_S1_G17,26,0.8281,0.7706,0.9851,1,3.19,1,2.16,0,29.03,0,22.6,29.83,1.74,2.52,3.75,1.82,43,12
n2_WT_F88W_M255A_S1_G17,27,0.8279,0.766,0.9865,1,1.85,0,21.2,0,31.9,0,26.58,33.55,0.96,3.73,9.43,2.43,36,10
n2_WT_F88W_M255A_S1_G17,28,0.8278,0.7575,0.9835,0,6.8,0,23.84,0,23.61,0,21.07,25.01,3.81,2.92,6.06,5.41,31,11
n2_WT_F88W_M255A_S1_G17,29,0.8262,0.7991,0.9856,1,2.56,1,3.21,1,2.58,1,2.46,6.76,1.18,1.58,6.98,2.64,42,12
n2_WT_F88W_M255A_S1_G17,3,0.8485,0.8453,0.9877,0,5.3,1,3.23,0,42.65,0,37.14,41.44,1.62,2.69,5.52,5.33,41,14
n2_WT_F88W_M255A_S1_G17,30,0.8255,0.8771,0.9836,1,4.67,0,19.81,0,22.53,0,14.74,22.31,2.24,3.48,6.16,4.73,37,16
n2_WT_F88W_M255A_S1_G17,31,0.8253,0.792,0.984,0,6.2,1,4.6,0,33.16,0,34.38,35.73,1.7,3.0,5.16,5.27,26,12
n2_WT_F88W_M255A_S1_G17,32,0.8243,0.7988,0.9874,1,2.2,1,3.67,1,3.26,1,0.74,4.86,1.54,1.44,3.87,2.99,48,14
n2_WT_F88W_M255A_S1_G17,33,0.8235,0.8393,0.9849,0,5.23,0,14.65,0,18.02,0,14.66,20.76,1.48,1.85,5.69,4.72,39,11
n2_WT_F88W_M255A_S1_G17,34,0.8234,0.8821,0.9834,0,7.74,0,16.68,0,17.81,0,15.36,20.59,2.92,2.27,5.71,6.87,37,14
n2_WT_F88W_M255A_S1_G17,35,0.8232,0.7603,0.9834,0,7.83,0,22.76,0,23.62,0,20.44,24.33,4.49,2.79,4.5,5.91,28,11
n2_WT_F88W_M255A_S1_G17,36,0.8231,0.782,0.9856,1,4.93,0,6.92,1,3.24,0,0.58,4.42,3.48,2.68,2.59,6.27,42,12
n2_WT_F88W_M255A_S1_G17,37,0.823,0.7795,0.985,0,5.5,0,5.43,0,40.79,0,35.1,40.09,1.64,3.09,3.71,5.5,39,13
n2_WT_F88W_M255A_S1_G17,38,0.8216,0.7861,0.9867,0,7.55,0,24.0,0,15.72,0,18.97,24.05,3.47,3.49,5.4,6.51,31,10
n2_WT_F88W_M255A_S1_G17,39,0.8212,0.7767,0.9884,1,0.85,0,13.27,0,38.18,0,30.64,38.56,3.4,6.18,10.81,2.44,47,12
n2_WT_F88W_M255A_S1_G17,4,0.8483,0.8777,0.985,0,6.63,0,21.24,0,8.44,0,6.18,14.32,1.99,4.41,10.09,5.74,23,11
n2_WT_F88W_M255A_S1_G17,40,0.8209,0.8864,0.9848,1,4.56,0,12.9,1,3.14,0,2.79,6.51,1.47,1.99,3.81,3.0,42,21
n2_WT_F88W_M255A_S1_G17,41,0.8205,0.8011,0.9831,0,6.62,0,13.15,0,23.29,0,23.02,24.62,0.21,2.39,3.09,6.1,37,13
n2_WT_F88W_M255A_S1_G17,42,0.8196,0.8578,0.9861,1,2.69,0,20.23,0,30.46,0,23.46,30.57,1.67,1.91,4.98,2.12,46,16
n2_WT_F88W_M255A_S1_G17,43,0.8192,0.7422,0.9831,0,5.93,0,5.18,1,2.92,0,1.65,4.74,3.41,3.59,2.88,5.33,37,11
n2_WT_F88W_M255A_S1_G17,44,0.8187,0.8639,0.9858,1,3.96,0,12.49,0,14.66,0,12.06,20.98,1.98,2.96,8.29,4.72,31,10
n2_WT_F88W_M255A_S1_G17,45,0.8181,0.7847,0.986,0,5.06,1,4.44,0,31.69,0,32.11,33.2,1.24,2.96,3.78,4.75,38,9
n2_WT_F88W_M255A_S1_G17,46,0.8175,0.757,0.9851,0,7.95,1,4.38,1,2.74,1,1.6,6.64,1.16,3.72,3.78,6.22,42,13
n2_WT_F88W_M255A_S1_G17,47,0.8166,0.7179,0.984,1,1.19,0,24.66,0,32.21,0,25.63,32.93,2.19,5.69,11.93,3.11,35,9
n2_WT_F88W_M255A_S1_G17,48,0.8164,0.771,0.9853,0,5.0,1,4.6,1,2.62,1,1.96,6.53,1.87,3.0,3.74,4.48,43,14
n2_WT_F88W_M255A_S1_G17,49,0.8159,0.7725,0.9867,0,6.07,1,4.49,0,42.58,0,36.54,41.59,2.28,3.45,4.07,6.05,41,14
n2_WT_F88W_M255A_S1_G17,5,0.847,0.8333,0.9875,0,5.72,1,3.69,0,39.79,0,34.42,39.05,0.84,2.67,3.92,5.31,43,13
n2_WT_F88W_M255A_S1_G17,50,0.8143,0.8475,0.9838,1,3.29,0,12.89,1,1.62,0,1.61,6.14,0.85,3.87,8.66,4.7,31,13
n2_WT_F88W_M255A_S1_G17,51,0.8129,0.7927,0.986,0,6.94,1,3.22,1,2.7,1,2.09,6.64,4.31,2.0,2.92,5.8,38,11
n2_WT_F88W_M255A_S1_G17,52,0.8123,0.7371,0.9839,0,5.88,1,3.88,1,2.69,1,0.37,5.02,3.23,1.16,4.13,6.14,40,13
n2_WT_F88W_M255A_S1_G17,53,0.8121,0.7983,0.9872,0,6.08,0,13.29,0,43.02,0,36.61,42.68,3.9,3.3,4.86,4.89,38,14
n2_WT_F88W_M255A_S1_G17,54,0.8118,0.8473,0.9834,1,3.14,0,6.66,1,3.1,0,1.22,3.65,1.08,2.64,6.98,2.54,34,13
n2_WT_F88W_M255A_S1_G17,55,0.8112,0.6873,0.9808,1,3.8,0,22.26,0,21.97,0,13.76,20.88,2.41,2.78,7.43,3.96,35,10
n2_WT_F88W_M255A_S1_G17,56,0.811,0.7598,0.9844,1,4.83,1,4.33,1,1.73,1,2.97,5.76,2.99,2.77,3.88,5.36,37,12
n2_WT_F88W_M255A_S1_G17,57,0.811,0.8439,0.9828,0,5.69,0,13.35,1,4.38,0,3.08,8.64,2.65,2.03,9.03,5.52,30,12
n2_WT_F88W_M255A_S1_G17,58,0.8102,0.8401,0.981,0,7.27,0,18.25,0,18.21,0,14.06,19.91,0.32,1.35,4.83,6.69,38,15
n2_WT_F88W_M255A_S1_G17,59,0.8102,0.7409,0.9801,0,7.29,0,14.87,0,17.87,0,14.96,20.47,1.37,2.27,6.06,5.78,34,10
n2_WT_F88W_M255A_S1_G17,6,0.8462,0.8376,0.9898,1,2.2,0,21.04,0,31.71,0,25.26,32.51,1.2,3.0,9.84,2.83,38,11
n2_WT_F88W_M255A_S1_G17,60,0.8101,0.7685,0.9851,1,4.51,1,3.63,1,2.41,1,2.33,4.06,1.61,2.22,2.87,5.08,41,13
n2_WT_F88W_M255A_S1_G17,61,0.81,0.733,0.9847,1,4.77,1,4.15,1,3.38,1,1.41,3.76,3.65,2.24,3.21,5.52,38,13
n2_WT_F88W_M255A_S1_G17,62,0.8098,0.8214,0.9831,0,6.18,0,22.17,0,24.07,0,16.96,23.93,1.14,3.31,8.11,4.39,44,17
n2_WT_F88W_M255A_S1_G17,63,0.8091,0.6705,0.9822,1,2.86,0,21.38,0,31.24,0,23.95,32.02,1.69,4.11,10.2,2.33,39,10
n2_WT_F88W_M255A_S1_G17,64,0.8087,0.737,0.9839,0,5.57,1,3.33,0,43.33,0,37.36,42.18,2.69,2.31,2.83,6.13,42,14
n2_WT_F88W_M255A_S1_G17,65,0.8085,0.9051,0.9856,1,2.28,0,19.33,0,32.09,0,26.44,33.83,2.35,3.13,3.91,1.77,47,18
n2_WT_F88W_M255A_S1_G17,66,0.8079,0.8276,0.9832,1,3.66,0,13.48,0,14.25,0,12.78,21.61,1.96,2.37,8.68,4.87,28,7
n2_WT_F88W_M255A_S1_G17,67,0.8073,0.7888,0.9857,1,2.64,1,3.9,1,3.31,1,2.21,7.18,2.85,2.66,3.8,5.65,44,13
n2_WT_F88W_M255A_S1_G17,68,0.8072,0.8196,0.9826,0,5.09,0,16.7,1,1.29,0,2.1,7.38,2.42,2.5,10.91,4.54,33,10
n2_WT_F88W_M255A_S1_G17,69,0.8062,0.7308,0.9821,0,7.08,0,5.29,0,43.75,0,37.56,42.31,2.74,3.66,4.91,6.71,36,12
n2_WT_F88W_M255A_S1_G17,7,0.8459,0.8063,0.9869,1,2.68,0,24.76,0,26.35,0,20.15,27.23,2.02,6.3,11.47,3.36,33,10
n2_WT_F88W_M255A_S1_G17,70,0.8059,0.7626,0.9846,1,3.1,0,20.83,1,4.53,0,5.46,7.99,2.48,2.93,5.2,2.27,40,10
n2_WT_F88W_M255A_S1_G17,71,0.8055,0.8384,0.9824,0,6.57,0,13.86,1,3.89,0,3.78,8.48,3.44,1.58,9.46,5.73,35,11
n2_WT_F88W_M255A_S1_G17,72,0.8048,0.7629,0.9842,1,3.52,0,5.78,1,2.59,0,2.27,6.94,2.66,3.06,4.39,6.11,41,13
n2_WT_F88W_M255A_S1_G17,73,0.8047,0.8327,0.981,1,4.32,0,20.05,0,18.18,0,12.75,19.61,1.78,2.46,5.86,3.38,40,15
n2_WT_F88W_M255A_S1_G17,74,0.8016,0.8353,0.9817,1,4.32,0,18.36,0,19.01,0,14.63,20.61,1.93,0.53,6.1,5.25,39,17
n2_WT_F88W_M255A_S1_G17,75,0.8004,0.8128,0.985,1,4.67,0,6.5,0,31.14,0,33.2,33.8,2.37,1.97,4.27,4.36,39,16
n2_WT_F88W_M255A_S1_G17,76,0.7999,0.8219,0.9837,0,5.22,1,4.47,1,2.93,1,2.02,7.86,2.21,3.02,3.48,5.7,44,12
n2_WT_F88W_M255A_S1_G17,77,0.7988,0.7111,0.9836,0,6.38,1,3.32,0,42.48,0,36.79,41.56,2.6,1.33,5.55,7.38,43,13
n2_WT_F88W_M255A_S1_G17,78,0.7987,0.7663,0.982,0,6.38,0,17.84,0,19.27,0,18.68,21.83,2.74,2.57,5.14,6.74,33,11
n2_WT_F88W_M255A_S1_G17,79,0.7986,0.7347,0.9807,0,5.42,1,3.38,0,18.64,0,16.63,21.04,2.34,3.02,3.29,5.41,39,12
n2_WT_F88W_M255A_S1_G17,8,0.8458,0.8383,0.9868,0,5.49,1,3.87,0,43.62,0,37.46,42.45,1.42,1.92,3.51,5.41,42,14
n2_WT_F88W_M255A_S1_G17,80,0.7986,0.8111,0.983,0,7.16,0,6.69,0,35.33,0,35.74,35.44,2.22,2.5,6.48,7.11,30,15
n2_WT_F88W_M255A_S1_G17,81,0.7982,0.7265,0.9821,0,5.93,1,4.07,1,2.57,1,0.66,4.67,1.64,2.93,3.09,5.38,40,12
n2_WT_F88W_M255A_S1_G17,82,0.7979,0.8704,0.9886,1,2.85,0,18.97,0,37.95,0,29.17,37.36,1.14,2.05,5.42,2.31,52,20
n2_WT_F88W_M255A_S1_G17,83,0.7946,0.7613,0.9879,1,2.74,0,12.84,0,60.76,0,56.59,62.69,1.45,5.81,10.95,1.98,29,9
n2_WT_F88W_M255A_S1_G17,84,0.7924,0.8469,0.9852,1,2.04,0,18.85,0,31.58,0,25.34,32.37,2.22,0.56,5.44,2.47,37,13
n2_WT_F88W_M255A_S1_G17,85,0.7917,0.6905,0.9835,1,1.04,0,17.76,0,37.02,0,29.03,36.8,2.83,4.67,8.53,2.39,41,12
n2_WT_F88W_M255A_S1_G17,86,0.7882,0.804,0.9848,0,5.67,0,17.81,0,25.52,0,21.35,26.0,2.41,2.52,4.57,7.38,33,11
n2_WT_F88W_M255A_S1_G17,87,0.788,0.7323,0.978,0,6.82,0,7.63,0,13.44,0,12.53,17.32,1.38,4.01,5.39,5.97,33,17
n2_WT_F88W_M255A_S1_G17,88,0.7828,0.6884,0.9792,0,7.68,0,21.86,0,25.45,0,22.83,26.43,2.67,1.55,4.5,6.56,32,10
n2_WT_F88W_M255A_S1_G17,89,0.7814,0.7003,0.9801,0,7.38,0,15.81,0,25.71,0,22.95,26.0,0.68,3.34,4.13,6.93,29,11
n2_WT_F88W_M255A_S1_G17,9,0.8456,0.7856,0.9885,1,2.09,0,20.96,0,31.39,0,25.43,32.7,1.37,4.87,9.76,2.94,33,10
n2_WT_F88W_M255A_S1_G17,90,0.7814,0.6964,0.9836,0,5.45,0,5.55,0,42.75,0,36.72,41.95,3.04,2.8,4.38,5.65,42,13
n2_WT_F88W_M255A_S1_G17,91,0.7799,0.7076,0.9838,0,6.53,0,5.17,1,3.77,0,0.31,4.73,1.6,3.68,2.77,5.75,41,13
n2_WT_F88W_M255A_S1_G17,92,0.7759,0.6965,0.9824,0,6.38,1,4.39,1,2.58,1,1.32,6.52,1.59,1.27,8.17,6.05,36,15
n2_WT_F88W_M255A_S1_G17,93,0.7724,0.7066,0.982,0,5.89,0,14.7,0,43.78,0,38.51,43.75,2.73,3.53,5.49,6.15,29,14
n2_WT_F88W_M255A_S1_G17,94,0.7666,0.6062,0.983,1,3.09,0,6.01,1,4.03,0,2.54,3.12,2.42,4.12,3.38,2.91,37,11
n2_WT_F88W_M255A_S1_G17,95,0.7657,0.6338,0.9782,1,4.85,0,22.49,0,24.44,0,22.31,25.47,2.6,2.62,4.26,4.83,36,12
n2_WT_F88W_M255A_S1_G17,96,0.7647,0.539,0.9823,1,4.23,0,20.81,0,20.47,0,12.8,19.97,2.74,2.81,5.64,3.53,36,12
n2_WT_F88W_M255A_S1_G17,97,0.754,0.5971,0.9771,0,6.25,0,17.52,1,2.84,0,2.23,8.14,2.31,1.85,4.92,5.37,33,14
n2_WT_F88W_M255A_S1_G17,98,0.7308,0.4666,0.9829,0,5.34,1,4.05,0,42.17,0,36.41,41.33,1.15,2.37,3.96,5.77,38,12
n2_WT_F88W_M255A_S1_G17,99,0.7307,0.5258,0.9721,0,5.71,0,14.14,1,1.21,0,0.63,6.77,2.62,2.92,7.98,5.17,28,12
n2_WT_F88W_M255I_OFF_T_G17,0,0.8775,0.8796,0.9856,0,6.98,0,27.19,0,15.39,0,22.84,23.56,1.34,2.83,5.21,7.25,43,11
n2_WT_F88W_M255I_OFF_T_G17,1,0.8753,0.8982,0.9839,0,6.45,0,25.19,0,14.13,0,23.61,23.51,2.71,1.58,6.29,6.06,42,14
n2_WT_F88W_M255I_OFF_T_G17,10,0.8539,0.8008,0.9806,0,6.94,0,28.71,0,14.37,0,22.1,22.2,1.05,0.88,5.71,5.26,32,12
n2_WT_F88W_M255I_OFF_T_G17,11,0.8538,0.8664,0.9794,0,6.85,0,24.28,0,10.56,0,6.61,12.41,1.74,1.21,5.16,4.66,37,16
n2_WT_F88W_M255I_OFF_T_G17,12,0.8533,0.9094,0.9846,0,5.39,0,11.24,0,30.19,0,29.02,31.09,3.99,2.96,5.69,3.87,35,14
n2_WT_F88W_M255I_OFF_T_G17,13,0.8521,0.9154,0.985,1,4.73,0,9.29,0,29.33,0,28.87,29.9,3.4,2.73,4.01,4.63,34,16
n2_WT_F88W_M255I_OFF_T_G17,14,0.8516,0.8675,0.9838,0,6.87,0,19.92,0,27.75,0,26.22,31.81,0.96,2.63,4.5,5.0,31,14
n2_WT_F88W_M255I_OFF_T_G17,15,0.8514,0.9002,0.9825,0,6.25,0,10.07,0,32.49,0,31.08,33.03,4.87,2.08,4.54,4.7,29,13
n2_WT_F88W_M255I_OFF_T_G17,16,0.8489,0.8253,0.977,0,6.2,0,22.64,0,15.91,0,25.05,25.64,2.33,1.7,5.01,7.26,42,13
n2_WT_F88W_M255I_OFF_T_G17,17,0.8484,0.813,0.9788,0,5.76,0,28.14,0,16.06,0,25.83,24.37,2.41,1.13,4.26,4.48,40,13
n2_WT_F88W_M255I_OFF_T_G17,18,0.8469,0.8243,0.9836,0,6.55,0,16.74,0,39.87,0,43.03,41.8,3.28,2.74,2.84,5.91,32,10
n2_WT_F88W_M255I_OFF_T_G17,19,0.8469,0.7772,0.9844,1,4.88,0,24.6,0,33.22,0,38.97,34.59,2.33,3.17,3.47,4.71,32,11
n2_WT_F88W_M255I_OFF_T_G17,2,0.8715,0.8762,0.9872,0,7.49,0,27.66,0,17.77,0,26.87,24.42,3.13,0.82,4.52,7.28,37,14
n2_WT_F88W_M255I_OFF_T_G17,20,0.8462,0.8952,0.9824,0,6.63,0,10.58,0,30.97,0,28.96,31.38,4.36,3.26,4.07,5.49,36,13
n2_WT_F88W_M255I_OFF_T_G17,21,0.846,0.8849,0.9854,0,7.95,0,21.78,0,13.07,0,15.49,18.97,2.13,2.23,5.34,5.91,34,15
n2_WT_F88W_M255I_OFF_T_G17,22,0.8459,0.8382,0.9846,0,5.81,0,27.76,0,13.38,0,23.44,22.47,3.03,2.6,5.98,6.81,36,12
n2_WT_F88W_M255I_OFF_T_G17,23,0.8458,0.8737,0.9836,0,6.33,0,11.22,0,31.25,0,30.42,32.62,6.69,2.0,4.46,4.59,30,13
n2_WT_F88W_M255I_OFF_T_G17,24,0.8458,0.8605,0.9872,0,5.31,0,28.54,0,19.94,0,20.64,27.14,2.07,0.78,6.88,3.96,38,9
n2_WT_F88W_M255I_OFF_T_G17,25,0.845,0.881,0.9827,0,8.04,0,21.96,0,10.1,0,9.21,14.64,2.81,1.98,4.21,6.81,34,13
n2_WT_F88W_M255I_OFF_T_G17,26,0.8449,0.9077,0.9839,0,8.15,0,9.93,0,30.15,0,28.91,30.76,7.41,3.07,3.96,5.15,29,15
n2_WT_F88W_M255I_OFF_T_G17,27,0.8447,0.9081,0.9831,0,8.19,0,12.37,0,31.66,0,29.62,32.31,5.12,3.33,7.21,6.4,28,15
n2_WT_F88W_M255I_OFF_T_G17,28,0.8445,0.9166,0.9834,0,10.33,0,12.23,0,29.48,0,27.05,29.96,4.89,1.49,6.07,7.49,31,14
n2_WT_F88W_M255I_OFF_T_G17,29,0.8442,0.8594,0.9849,0,6.54,0,19.53,0,36.44,0,41.61,39.91,1.05,2.78,5.9,4.93,27,11
n2_WT_F88W_M255I_OFF_T_G17,3,0.8667,0.9178,0.9861,1,4.35,0,23.5,0,7.15,0,4.22,6.36,2.28,2.58,5.93,3.18,36,15
n2_WT_F88W_M255I_OFF_T_G17,30,0.8439,0.8908,0.9839,0,5.97,0,10.63,0,37.48,0,34.36,37.59,3.88,3.39,1.96,6.12,32,17
n2_WT_F88W_M255I_OFF_T_G17,31,0.8437,0.8487,0.9838,0,6.49,0,18.86,0,22.52,0,18.62,24.26,1.12,2.05,2.7,5.55,35,14
n2_WT_F88W_M255I_OFF_T_G17,32,0.8437,0.8553,0.9848,0,6.23,0,18.36,0,23.85,0,23.32,29.59,1.78,2.42,3.33,6.4,31,15
n2_WT_F88W_M255I_OFF_T_G17,33,0.843,0.9106,0.9834,0,9.17,0,11.54,0,29.79,0,27.84,30.46,5.3,2.12,5.81,6.65,29,13
n2_WT_F88W_M255I_OFF_T_G17,34,0.8427,0.8182,0.9869,1,4.35,0,33.64,0,29.56,0,25.28,30.54,2.86,2.74,4.93,4.67,34,11
n2_WT_F88W_M255I_OFF_T_G17,35,0.8423,0.8998,0.9829,0,6.16,0,9.92,0,33.03,0,32.25,33.7,2.68,2.99,5.3,4.92,28,13
n2_WT_F88W_M255I_OFF_T_G17,36,0.8418,0.8539,0.9868,1,4.24,0,16.04,0,23.02,0,20.35,26.16,1.82,2.25,3.05,5.69,43,16
n2_WT_F88W_M255I_OFF_T_G17,37,0.8409,0.8021,0.9833,0,7.55,0,22.51,0,38.23,0,43.81,41.39,3.92,1.55,3.74,5.79,41,15
n2_WT_F88W_M255I_OFF_T_G17,38,0.8389,0.893,0.9837,0,6.82,0,8.98,0,31.08,0,29.03,31.26,5.1,3.0,3.79,4.5,31,17
n2_WT_F88W_M255I_OFF_T_G17,39,0.8386,0.914,0.9869,0,7.13,0,8.81,0,32.19,0,30.73,33.1,5.33,3.05,3.32,4.8,37,13
n2_WT_F88W_M255I_OFF_T_G17,4,0.8633,0.9002,0.9855,1,4.51,0,19.88,0,10.4,0,5.87,12.1,1.56,1.71,6.0,5.28,37,15
n2_WT_F88W_M255I_OFF_T_G17,40,0.8383,0.7402,0.9838,0,5.11,0,32.27,0,28.37,0,25.22,31.19,2.11,0.93,2.99,6.14,31,10
n2_WT_F88W_M255I_OFF_T_G17,41,0.8381,0.877,0.9862,0,6.45,0,18.5,0,18.93,0,16.44,21.96,0.49,1.67,2.55,6.08,31,13
n2_WT_F88W_M255I_OFF_T_G17,42,0.8375,0.9034,0.9866,0,7.05,0,11.84,0,31.77,0,30.33,32.16,3.12,1.95,5.73,5.43,29,13
n2_WT_F88W_M255I_OFF_T_G17,43,0.8367,0.8448,0.9839,0,5.54,0,19.76,0,24.06,0,22.78,29.51,1.82,1.79,3.1,4.38,30,13
n2_WT_F88W_M255I_OFF_T_G17,44,0.8354,0.8695,0.9853,0,5.14,0,20.85,0,23.37,0,25.31,30.33,1.69,0.81,2.67,4.29,23,11
n2_WT_F88W_M255I_OFF_T_G17,45,0.8353,0.8723,0.9845,0,5.65,0,20.67,0,22.46,0,23.93,29.28,1.66,2.63,6.64,4.98,28,12
n2_WT_F88W_M255I_OFF_T_G17,46,0.8338,0.8757,0.9812,0,8.76,0,11.54,0,30.56,0,29.69,31.42,2.74,1.32,4.09,5.94,36,14
n2_WT_F88W_M255I_OFF_T_G17,47,0.8336,0.8861,0.9826,0,7.9,0,10.94,0,31.42,0,30.58,32.71,6.06,3.45,4.81,4.9,27,12
n2_WT_F88W_M255I_OFF_T_G17,48,0.8333,0.8606,0.9811,0,7.71,0,10.66,0,34.54,0,32.59,35.35,6.21,2.95,6.31,6.01,25,14
n2_WT_F88W_M255I_OFF_T_G17,49,0.8329,0.8975,0.9815,0,8.8,0,11.58,0,29.1,0,27.33,30.07,6.05,2.23,4.22,6.41,26,16
n2_WT_F88W_M255I_OFF_T_G17,5,0.8632,0.9013,0.9872,1,3.08,0,20.36,0,52.33,0,51.22,55.09,3.04,2.13,4.97,3.16,30,11
n2_WT_F88W_M255I_OFF_T_G17,50,0.8324,0.9141,0.9832,0,10.29,0,11.38,0,29.75,0,29.08,31.24,3.02,3.5,6.37,7.5,26,12
n2_WT_F88W_M255I_OFF_T_G17,51,0.8313,0.902,0.9882,0,5.87,0,21.88,0,18.79,0,17.77,23.06,2.42,2.19,4.96,4.63,31,12
n2_WT_F88W_M255I_OFF_T_G17,52,0.8308,0.909,0.9858,0,9.48,0,11.38,0,29.52,0,27.54,30.32,5.57,2.33,5.11,6.78,28,15
n2_WT_F88W_M255I_OFF_T_G17,53,0.8306,0.8813,0.9805,0,6.25,0,11.55,0,30.95,0,30.15,32.11,5.22,2.37,5.33,4.6,31,14
n2_WT_F88W_M255I_OFF_T_G17,54,0.8305,0.8253,0.982,0,5.75,0,19.54,0,23.16,0,20.71,26.17,3.12,3.05,5.6,6.59,27,11
n2_WT_F88W_M255I_OFF_T_G17,55,0.8305,0.8223,0.9838,0,7.61,0,19.71,0,15.6,0,13.87,19.68,3.61,3.07,4.03,6.14,34,12
n2_WT_F88W_M255I_OFF_T_G17,56,0.8296,0.772,0.9799,0,7.0,0,19.0,0,19.67,0,15.71,22.13,2.04,2.95,3.0,4.46,36,12
n2_WT_F88W_M255I_OFF_T_G17,57,0.8269,0.8652,0.9828,0,6.95,0,10.16,0,29.75,0,28.87,30.44,4.0,2.78,5.78,5.44,29,12
n2_WT_F88W_M255I_OFF_T_G17,58,0.8266,0.8754,0.9801,0,8.53,0,12.13,0,31.47,0,29.77,32.21,5.31,2.83,5.68,6.39,26,12
n2_WT_F88W_M255I_OFF_T_G17,59,0.8266,0.8503,0.9821,0,6.61,0,20.29,0,17.27,0,12.79,18.86,2.06,2.28,4.27,6.43,36,15
n2_WT_F88W_M255I_OFF_T_G17,6,0.8627,0.8714,0.9868,0,6.08,0,14.03,0,41.95,0,44.56,43.27,1.69,3.2,4.36,6.33,34,13
n2_WT_F88W_M255I_OFF_T_G17,60,0.8259,0.8747,0.9854,1,3.99,0,19.37,0,22.05,0,16.53,21.26,1.22,2.98,5.29,2.84,38,14
n2_WT_F88W_M255I_OFF_T_G17,61,0.8241,0.8184,0.9816,1,4.71,0,24.39,0,23.36,0,20.35,26.52,3.37,2.43,3.43,4.58,35,11
n2_WT_F88W_M255I_OFF_T_G17,62,0.8241,0.9121,0.9858,0,6.65,0,18.9,0,23.79,0,20.54,24.88,3.73,3.26,3.98,4.99,30,10
n2_WT_F88W_M255I_OFF_T_G17,63,0.8221,0.8635,0.9852,0,5.08,0,21.68,0,17.6,0,16.46,22.76,1.54,2.62,6.38,4.27,26,9
n2_WT_F88W_M255I_OFF_T_G17,64,0.8214,0.8006,0.9817,0,8.93,0,19.47,0,18.65,0,16.18,22.42,1.73,2.63,3.95,9.68,28,13
n2_WT_F88W_M255I_OFF_T_G17,65,0.821,0.8457,0.9812,0,6.53,0,20.69,0,21.81,0,22.15,28.0,1.25,3.1,2.91,5.68,32,13
n2_WT_F88W_M255I_OFF_T_G17,66,0.8207,0.8914,0.9824,0,5.57,0,25.02,0,16.55,0,13.02,18.91,2.17,0.82,4.02,6.14,40,15
n2_WT_F88W_M255I_OFF_T_G17,67,0.8204,0.8259,0.9814,0,5.9,0,15.93,0,5.52,0,3.97,9.87,1.73,3.02,2.27,6.29,46,16
n2_WT_F88W_M255I_OFF_T_G17,68,0.8202,0.8379,0.9785,0,6.26,0,11.25,0,32.85,0,31.33,33.62,5.43,3.12,4.07,4.99,33,15
n2_WT_F88W_M255I_OFF_T_G17,69,0.8184,0.7808,0.9869,1,4.33,0,41.48,0,25.99,0,27.72,32.87,2.97,2.77,3.62,5.25,33,10
n2_WT_F88W_M255I_OFF_T_G17,7,0.8614,0.9055,0.98,0,7.72,0,10.24,0,32.14,0,30.77,32.5,4.56,2.14,2.48,5.94,31,10
n2_WT_F88W_M255I_OFF_T_G17,70,0.818,0.8344,0.9845,1,4.66,0,22.63,0,10.96,0,13.84,19.69,1.49,1.96,6.08,3.67,25,9
n2_WT_F88W_M255I_OFF_T_G17,71,0.8172,0.7374,0.973,0,6.94,0,11.83,0,32.44,0,31.42,33.11,5.42,4.34,7.21,5.73,29,14
n2_WT_F88W_M255I_OFF_T_G17,72,0.8165,0.8179,0.9837,1,4.65,0,13.46,0,22.63,0,22.15,27.21,0.9,4.76,5.18,5.15,30,14
n2_WT_F88W_M255I_OFF_T_G17,73,0.8155,0.825,0.9852,1,3.44,0,22.47,0,43.95,0,46.54,46.61,2.04,2.86,5.99,3.59,26,10
n2_WT_F88W_M255I_OFF_T_G17,74,0.8122,0.7568,0.9845,1,2.31,0,33.64,0,23.8,0,22.67,26.97,1.15,0.73,3.02,1.89,43,12
n2_WT_F88W_M255I_OFF_T_G17,75,0.8122,0.8675,0.9866,1,3.71,0,31.93,0,15.08,0,12.58,17.5,2.62,2.51,4.34,2.84,38,14
n2_WT_F88W_M255I_OFF_T_G17,76,0.8109,0.8187,0.9798,0,6.07,0,18.68,0,15.31,0,10.74,16.12,1.43,0.69,5.74,5.96,34,13
n2_WT_F88W_M255I_OFF_T_G17,77,0.8099,0.8477,0.9856,1,3.92,0,23.26,0,17.71,0,13.94,19.53,2.42,4.05,3.65,3.72,51,19
n2_WT_F88W_M255I_OFF_T_G17,78,0.8093,0.8532,0.9835,0,6.75,0,9.92,0,30.08,0,30.84,33.33,2.1,1.76,3.42,7.45,34,15
n2_WT_F88W_M255I_OFF_T_G17,79,0.8067,0.6979,0.9829,0,5.54,0,38.9,0,23.12,0,21.54,27.75,3.51,1.54,3.32,4.32,34,10
n2_WT_F88W_M255I_OFF_T_G17,8,0.8592,0.9251,0.9887,1,3.58,0,15.08,1,3.63,0,8.19,11.54,1.73,2.04,2.66,3.52,53,17
n2_WT_F88W_M255I_OFF_T_G17,80,0.8062,0.7462,0.9808,0,6.82,0,19.54,0,20.81,0,19.51,25.7,2.56,2.89,4.61,4.7,35,13
n2_WT_F88W_M255I_OFF_T_G17,81,0.8042,0.7056,0.982,0,5.79,0,35.93,0,31.12,0,26.16,31.69,2.45,2.84,5.12,5.36,34,11
n2_WT_F88W_M255I_OFF_T_G17,82,0.8011,0.7698,0.9797,0,6.99,0,10.21,0,39.91,0,41.76,42.74,1.98,1.16,4.8,5.69,36,14
n2_WT_F88W_M255I_OFF_T_G17,83,0.801,0.7046,0.979,0,7.16,0,20.47,1,3.14,0,6.69,10.94,2.21,2.57,3.9,7.42,24,11
n2_WT_F88W_M255I_OFF_T_G17,84,0.7981,0.7709,0.9843,1,3.99,0,9.34,0,40.34,0,39.03,40.6,2.09,1.05,6.17,6.72,39,13
n2_WT_F88W_M255I_OFF_T_G17,85,0.796,0.7949,0.9808,0,6.76,0,20.6,0,18.3,0,15.84,22.22,1.94,2.11,3.21,4.87,25,9
n2_WT_F88W_M255I_OFF_T_G17,86,0.7938,0.7491,0.9778,1,4.98,0,19.68,0,16.92,0,12.74,18.82,2.96,3.44,3.41,4.88,42,15
n2_WT_F88W_M255I_OFF_T_G17,87,0.7898,0.7837,0.9804,0,7.54,0,10.59,0,27.02,0,23.17,28.49,3.86,3.43,4.45,5.49,34,11
n2_WT_F88W_M255I_OFF_T_G17,88,0.787,0.6513,0.979,0,5.81,0,40.02,0,16.1,0,24.71,25.73,2.45,1.72,6.48,4.33,38,14
n2_WT_F88W_M255I_OFF_T_G17,89,0.7841,0.785,0.9805,0,6.47,0,14.07,0,21.48,0,14.93,21.3,3.79,2.91,4.47,5.73,22,12
n2_WT_F88W_M255I_OFF_T_G17,9,0.8582,0.8447,0.7083,0,6.12,0,23.36,0,19.78,0,26.72,28.26,2.55,2.56,5.39,7.29,27,10
n2_WT_F88W_M255I_OFF_T_G17,90,0.7833,0.6868,0.9795,0,7.68,0,19.16,0,8.22,0,4.47,9.64,2.8,3.06,2.18,6.78,21,9
n2_WT_F88W_M255I_OFF_T_G17,91,0.7823,0.6881,0.9802,0,7.05,0,19.86,0,24.8,0,21.22,26.94,1.76,2.33,3.82,6.06,32,14
n2_WT_F88W_M255I_OFF_T_G17,92,0.781,0.5883,0.9748,0,5.66,0,27.75,0,15.54,0,23.25,23.33,1.68,0.39,4.71,4.74,35,13
n2_WT_F88W_M255I_OFF_T_G17,93,0.7765,0.6341,0.9828,1,2.0,0,42.84,0,27.28,0,28.1,34.14,2.81,2.72,7.04,4.92,34,13
n2_WT_F88W_M255I_OFF_T_G17,94,0.7696,0.734,0.9756,0,6.19,0,7.74,0,30.38,0,31.08,30.78,2.05,3.72,9.43,6.04,28,16
n2_WT_F88W_M255I_OFF_T_G17,95,0.7638,0.603,0.9772,0,7.92,0,21.64,0,11.92,0,16.6,18.96,2.36,2.64,3.82,5.65,32,13
n2_WT_F88W_M255I_OFF_T_G17,96,0.7637,0.6627,0.9765,0,5.06,0,8.76,0,28.97,0,26.75,29.28,2.0,1.67,6.15,5.86,35,15
n2_WT_F88W_M255I_OFF_T_G17,97,0.762,0.5758,0.9772,1,4.13,0,17.88,0,8.55,0,7.23,12.7,1.34,4.05,4.71,4.83,27,11
n2_WT_F88W_M255I_OFF_T_G17,98,0.7534,0.6278,0.9755,0,6.55,0,8.4,0,27.08,0,22.88,28.25,3.57,0.7,4.08,6.17,42,14
n2_WT_F88W_M255I_OFF_T_G17,99,0.7469,0.6318,0.9765,0,5.88,0,10.63,0,26.08,0,22.82,27.9,3.22,2.92,3.78,4.85,44,15
n2_WT_F88W_M255I_S1_G17,0,0.8493,0.9305,0.9876,1,4.4,0,12.1,1,2.41,0,2.6,5.0,1.58,3.46,3.99,5.17,46,19
n2_WT_F88W_M255I_S1_G17,1,0.8438,0.8398,0.9875,1,3.24,1,4.42,0,28.88,0,22.37,28.52,1.95,1.64,3.99,1.42,50,12
n2_WT_F88W_M255I_S1_G17,10,0.8295,0.929,0.9882,1,4.92,0,13.19,1,3.52,0,1.42,4.6,0.36,2.54,3.26,3.11,42,16
n2_WT_F88W_M255I_S1_G17,11,0.8287,0.8899,0.9833,1,4.08,0,19.63,0,20.39,0,12.14,18.83,2.65,1.17,4.95,5.25,31,16
n2_WT_F88W_M255I_S1_G17,12,0.8277,0.9114,0.9875,1,3.97,0,12.28,1,2.49,0,2.05,5.27,2.02,3.21,4.26,4.65,45,18
n2_WT_F88W_M255I_S1_G17,13,0.8262,0.8984,0.9863,0,6.88,0,13.61,1,3.62,0,1.51,4.61,1.37,2.49,3.39,4.4,42,18
n2_WT_F88W_M255I_S1_G17,14,0.8235,0.8738,0.9835,1,3.01,0,20.83,0,24.79,0,15.42,21.9,1.61,2.41,6.36,2.79,38,17
n2_WT_F88W_M255I_S1_G17,15,0.8222,0.7135,0.9843,1,1.77,0,19.37,0,34.6,0,26.66,33.15,1.68,5.35,7.77,1.44,42,13
n2_WT_F88W_M255I_S1_G17,16,0.8216,0.8214,0.9879,1,2.79,1,2.77,1,3.01,1,1.89,5.87,1.86,1.95,3.56,3.65,49,13
n2_WT_F88W_M255I_S1_G17,17,0.8216,0.8173,0.9854,1,3.67,0,6.35,1,2.33,0,1.85,5.49,1.54,2.77,6.87,1.35,39,11
n2_WT_F88W_M255I_S1_G17,18,0.8208,0.7497,0.9828,0,6.15,0,22.94,0,24.84,0,20.62,25.3,2.97,3.64,5.92,6.01,33,10
n2_WT_F88W_M255I_S1_G17,19,0.8193,0.888,0.9868,1,1.11,0,21.88,0,32.19,0,25.83,31.99,1.59,3.23,4.93,1.83,45,19
n2_WT_F88W_M255I_S1_G17,2,0.8409,0.7757,0.9869,1,1.31,0,23.96,0,31.36,0,24.68,31.01,1.67,3.57,12.49,2.8,35,10
n2_WT_F88W_M255I_S1_G17,20,0.8185,0.8938,0.9847,0,5.06,0,20.27,1,3.5,0,0.74,2.93,2.31,5.27,12.12,5.9,26,11
n2_WT_F88W_M255I_S1_G17,21,0.8181,0.7755,0.9878,1,1.4,0,20.1,0,35.8,0,28.04,34.8,2.69,6.18,11.54,2.9,47,13
n2_WT_F88W_M255I_S1_G17,22,0.8175,0.8619,0.9851,0,5.73,0,12.78,1,2.7,0,1.48,4.17,0.77,2.87,3.6,4.14,44,20
n2_WT_F88W_M255I_S1_G17,23,0.8167,0.8107,0.984,1,4.55,0,22.11,0,7.62,0,8.46,10.74,2.57,1.37,6.91,6.15,35,14
n2_WT_F88W_M255I_S1_G17,24,0.8143,0.8698,0.9854,1,4.99,0,12.87,0,25.32,0,17.54,24.03,3.53,1.29,4.98,5.58,42,19
n2_WT_F88W_M255I_S1_G17,25,0.8137,0.7517,0.9852,1,2.79,0,13.13,0,36.31,0,28.57,35.31,3.78,5.82,11.01,2.01,42,12
n2_WT_F88W_M255I_S1_G17,26,0.8132,0.7973,0.9866,0,7.94,0,11.23,1,3.02,0,0.69,5.37,2.29,2.72,3.11,6.65,40,14
n2_WT_F88W_M255I_S1_G17,27,0.8127,0.8606,0.9857,1,3.75,0,7.2,0,36.66,0,36.95,36.74,1.27,0.99,5.01,4.0,30,14
n2_WT_F88W_M255I_S1_G17,28,0.811,0.7906,0.9841,1,3.27,1,3.9,1,2.84,1,1.66,5.66,2.44,2.8,2.2,4.93,44,12
n2_WT_F88W_M255I_S1_G17,29,0.8102,0.7739,0.986,1,2.23,1,3.07,1,4.7,1,2.81,7.15,2.36,3.62,3.44,3.58,41,11
n2_WT_F88W_M255I_S1_G17,3,0.84,0.9283,0.9877,1,4.32,0,13.03,1,2.48,0,1.54,5.17,2.27,3.55,4.4,4.85,46,18
n2_WT_F88W_M255I_S1_G17,30,0.8099,0.7763,0.9848,1,4.41,0,6.13,0,8.29,0,4.37,8.74,2.77,2.49,3.33,5.0,41,11
n2_WT_F88W_M255I_S1_G17,31,0.8091,0.8408,0.9805,1,2.06,0,13.3,0,26.74,0,19.19,25.79,2.08,2.07,3.57,2.51,48,17
n2_WT_F88W_M255I_S1_G17,32,0.8089,0.8431,0.9884,1,2.42,0,13.75,0,30.78,0,24.5,30.69,1.62,2.96,5.4,2.81,39,15
n2_WT_F88W_M255I_S1_G17,33,0.8085,0.8843,0.9851,1,4.1,0,15.09,1,1.14,0,2.83,5.37,1.95,2.74,8.17,5.06,33,12
n2_WT_F88W_M255I_S1_G17,34,0.8084,0.758,0.9845,1,4.82,1,3.63,1,3.43,1,2.1,4.25,2.27,1.73,4.48,4.72,37,10
n2_WT_F88W_M255I_S1_G17,35,0.8075,0.8677,0.9869,1,1.67,0,19.91,0,41.17,0,33.08,39.72,1.44,2.47,6.54,2.92,56,19
n2_WT_F88W_M255I_S1_G17,36,0.8072,0.7646,0.983,0,6.12,1,4.09,0,30.42,0,32.95,33.23,2.8,2.49,5.56,5.73,29,10
n2_WT_F88W_M255I_S1_G17,37,0.8072,0.7908,0.9848,1,3.81,0,6.85,0,6.3,0,5.41,8.73,2.71,2.2,3.32,5.15,41,13
n2_WT_F88W_M255I_S1_G17,38,0.805,0.7466,0.9845,0,7.6,1,3.79,1,2.36,1,2.63,5.35,1.47,3.1,3.54,6.42,39,13
n2_WT_F88W_M255I_S1_G17,39,0.805,0.8192,0.9885,1,3.55,0,7.16,1,3.4,0,3.35,5.41,2.23,3.32,4.04,5.52,40,12
n2_WT_F88W_M255I_S1_G17,4,0.8386,0.7914,0.9867,0,6.72,0,16.31,0,17.75,0,8.23,14.83,1.46,2.15,4.33,5.58,41,13
n2_WT_F88W_M255I_S1_G17,40,0.8047,0.842,0.9838,0,6.36,0,18.12,1,1.53,0,2.33,4.57,3.44,2.33,8.97,5.55,33,12
n2_WT_F88W_M255I_S1_G17,41,0.8035,0.7983,0.9864,1,3.91,0,5.72,1,3.59,0,2.57,6.31,3.67,2.51,3.03,6.38,40,14
n2_WT_F88W_M255I_S1_G17,42,0.8035,0.7642,0.9859,0,6.76,1,4.11,1,3.28,1,1.93,6.73,2.62,2.28,3.97,6.55,36,10
n2_WT_F88W_M255I_S1_G17,43,0.8034,0.7424,0.9841,1,3.54,1,4.65,1,3.69,1,2.48,6.29,2.32,1.31,3.92,6.05,41,13
n2_WT_F88W_M255I_S1_G17,44,0.8032,0.7208,0.9832,0,6.21,1,3.39,0,43.39,0,37.15,41.95,2.1,3.3,4.92,5.31,35,13
n2_WT_F88W_M255I_S1_G17,45,0.8027,0.7607,0.9836,0,7.41,0,13.79,0,24.27,0,23.53,25.33,0.96,1.69,3.68,5.73,31,12
n2_WT_F88W_M255I_S1_G17,46,0.8021,0.7406,0.9831,0,7.37,1,3.34,1,4.07,1,2.96,6.27,4.04,3.21,2.72,6.29,44,14
n2_WT_F88W_M255I_S1_G17,47,0.8019,0.7638,0.985,1,4.32,0,6.53,1,4.53,0,1.31,6.08,2.15,3.44,3.72,7.13,33,9
n2_WT_F88W_M255I_S1_G17,48,0.8018,0.8583,0.9836,0,5.09,0,12.93,1,3.42,0,1.03,4.67,2.17,1.72,5.3,3.95,43,19
n2_WT_F88W_M255I_S1_G17,49,0.8014,0.7906,0.9804,1,3.83,0,13.05,1,3.35,0,1.38,4.1,1.25,2.38,3.83,1.45,49,17
n2_WT_F88W_M255I_S1_G17,5,0.8348,0.7993,0.9875,0,5.25,1,3.5,0,44.73,0,38.04,43.53,1.64,2.68,5.54,5.55,40,14
n2_WT_F88W_M255I_S1_G17,50,0.8013,0.7625,0.9843,1,3.13,1,4.02,1,2.42,1,3.31,3.56,3.35,3.61,2.55,5.89,38,13
n2_WT_F88W_M255I_S1_G17,51,0.8013,0.7374,0.9847,1,2.76,0,5.14,1,2.43,0,1.62,5.25,2.38,2.71,3.06,3.24,40,11
n2_WT_F88W_M255I_S1_G17,52,0.8009,0.7654,0.9842,1,2.61,1,2.77,1,2.58,1,1.87,5.5,2.63,2.6,5.6,4.28,40,13
n2_WT_F88W_M255I_S1_G17,53,0.8009,0.7569,0.9841,1,3.26,1,3.95,0,6.14,0,2.93,7.81,2.55,2.08,3.1,5.45,43,10
n2_WT_F88W_M255I_S1_G17,54,0.8004,0.8327,0.9827,1,4.6,0,14.06,1,1.15,0,2.4,5.08,0.66,3.69,8.03,5.08,32,10
n2_WT_F88W_M255I_S1_G17,55,0.8,0.7907,0.9813,1,1.84,0,17.12,0,34.15,0,26.81,33.43,2.47,4.1,8.07,1.97,38,12
n2_WT_F88W_M255I_S1_G17,56,0.7999,0.8436,0.9838,1,3.78,0,13.86,1,2.73,0,1.65,5.65,1.61,2.01,7.71,4.8,32,11
n2_WT_F88W_M255I_S1_G17,57,0.7993,0.8022,0.9813,1,2.63,0,18.65,0,31.24,0,24.48,30.8,2.15,2.41,5.73,2.69,37,16
n2_WT_F88W_M255I_S1_G17,58,0.7992,0.8218,0.9846,1,3.53,0,12.46,1,3.45,0,1.32,5.3,0.44,2.29,5.13,3.44,42,20
n2_WT_F88W_M255I_S1_G17,59,0.7992,0.7832,0.9869,1,4.37,0,11.08,1,4.06,0,3.48,5.56,2.82,2.99,3.62,5.27,33,11
n2_WT_F88W_M255I_S1_G17,6,0.8327,0.8977,0.986,1,3.99,0,12.08,1,3.15,0,3.01,5.02,0.59,2.54,3.24,2.61,45,17
n2_WT_F88W_M255I_S1_G17,60,0.7991,0.7062,0.9824,0,5.33,1,2.95,0,42.55,0,36.87,41.64,2.02,2.26,3.34,4.07,41,14
n2_WT_F88W_M255I_S1_G17,61,0.7981,0.8429,0.9821,0,6.62,0,15.22,1,0.73,0,1.76,4.63,2.71,2.51,8.57,6.05,35,13
n2_WT_F88W_M255I_S1_G17,62,0.797,0.8175,0.9848,0,6.71,0,19.14,0,22.02,0,20.35,24.01,0.94,1.28,4.75,6.02,33,12
n2_WT_F88W_M255I_S1_G17,63,0.7964,0.7383,0.9811,0,6.98,0,17.56,1,4.36,0,1.25,6.49,2.44,2.68,5.45,5.75,38,13
n2_WT_F88W_M255I_S1_G17,64,0.7963,0.7709,0.9866,1,1.86,1,3.01,1,3.12,1,1.1,4.31,1.38,3.22,4.44,2.97,40,13
n2_WT_F88W_M255I_S1_G17,65,0.795,0.7706,0.9839,0,6.96,0,18.6,1,4.61,0,6.51,8.12,3.72,2.94,4.48,6.21,42,12
n2_WT_F88W_M255I_S1_G17,66,0.7942,0.8336,0.9873,1,3.35,0,18.05,0,31.42,0,23.84,30.54,1.28,1.5,5.06,3.89,48,18
n2_WT_F88W_M255I_S1_G17,67,0.7924,0.7777,0.9851,0,5.92,0,13.46,1,3.37,0,3.07,5.0,2.44,2.84,3.59,4.42,43,18
n2_WT_F88W_M255I_S1_G17,68,0.7917,0.7317,0.9792,0,7.09,0,16.16,1,4.99,0,7.25,8.37,2.66,2.53,5.32,6.09,30,11
n2_WT_F88W_M255I_S1_G17,69,0.7914,0.7595,0.9812,1,3.69,0,13.95,1,2.68,0,2.43,5.74,0.98,2.05,8.3,4.99,31,10
n2_WT_F88W_M255I_S1_G17,7,0.831,0.8034,0.9859,0,5.23,1,3.45,0,41.4,0,35.64,40.68,0.73,2.73,4.79,5.05,40,13
n2_WT_F88W_M255I_S1_G17,70,0.791,0.8422,0.9839,1,3.76,0,14.85,1,1.94,0,1.19,5.05,1.1,2.96,8.51,4.96,30,15
n2_WT_F88W_M255I_S1_G17,71,0.7906,0.7889,0.9833,0,5.19,0,13.6,1,2.11,0,2.47,5.39,3.07,3.6,9.11,5.39,30,13
n2_WT_F88W_M255I_S1_G17,72,0.7902,0.7033,0.9832,0,6.5,0,12.26,1,4.16,0,5.07,8.03,0.58,2.26,3.56,5.56,39,11
n2_WT_F88W_M255I_S1_G17,73,0.7901,0.7141,0.9834,0,8.68,0,10.36,1,4.69,0,4.23,6.78,3.74,2.46,4.81,7.0,34,11
n2_WT_F88W_M255I_S1_G17,74,0.7877,0.7609,0.9831,1,3.2,0,5.47,1,3.28,0,0.98,4.82,3.39,3.29,3.1,5.68,43,13
n2_WT_F88W_M255I_S1_G17,75,0.7861,0.6839,0.9801,0,5.25,0,10.32,0,21.63,0,12.86,19.45,1.93,3.0,5.43,5.44,40,12
n2_WT_F88W_M255I_S1_G17,76,0.7861,0.7412,0.9864,0,8.96,0,9.3,1,4.78,0,2.03,6.31,2.43,2.8,3.12,6.33,30,10
n2_WT_F88W_M255I_S1_G17,77,0.7849,0.7512,0.9844,1,2.58,1,4.24,1,3.4,1,2.77,5.81,2.89,3.22,3.72,5.59,39,13
n2_WT_F88W_M255I_S1_G17,78,0.784,0.7569,0.9833,0,9.09,0,21.6,1,3.51,0,6.19,6.87,2.09,1.12,3.5,7.02,37,13
n2_WT_F88W_M255I_S1_G17,79,0.782,0.7528,0.9878,0,7.48,0,37.11,0,61.81,0,65.0,64.14,2.09,5.57,10.59,7.45,23,9
n2_WT_F88W_M255I_S1_G17,8,0.8302,0.8878,0.9839,1,0.58,0,23.14,0,19.31,0,10.31,17.03,0.95,2.45,7.23,2.02,34,15
n2_WT_F88W_M255I_S1_G17,80,0.7811,0.7518,0.9812,0,5.63,0,13.92,1,4.57,0,6.6,9.12,1.7,6.14,11.83,5.14,29,12
n2_WT_F88W_M255I_S1_G17,81,0.7809,0.748,0.9797,1,3.62,0,14.52,1,4.75,0,6.49,8.66,1.52,1.43,9.06,4.61,38,12
n2_WT_F88W_M255I_S1_G17,82,0.7804,0.8053,0.9831,0,6.23,0,10.99,1,2.25,0,1.12,5.03,1.3,1.66,2.76,4.07,43,17
n2_WT_F88W_M255I_S1_G17,83,0.78,0.7565,0.9804,1,4.58,0,14.08,1,1.26,0,2.11,4.87,1.65,3.68,9.38,5.26,33,12
n2_WT_F88W_M255I_S1_G17,84,0.7794,0.6959,0.9801,0,5.53,1,3.21,1,2.34,1,1.24,3.92,2.19,3.48,6.26,5.06,36,14
n2_WT_F88W_M255I_S1_G17,85,0.7793,0.7095,0.9781,0,5.98,1,2.04,1,3.07,1,0.64,4.33,1.58,0.68,6.27,5.6,37,12
n2_WT_F88W_M255I_S1_G17,86,0.7792,0.7016,0.9825,1,2.57,1,3.98,1,3.18,1,1.99,5.08,3.07,1.16,3.67,5.34,37,13
n2_WT_F88W_M255I_S1_G17,87,0.7789,0.7094,0.9833,0,5.41,1,4.29,1,3.38,1,1.86,5.24,3.04,3.2,3.19,4.43,37,13
n2_WT_F88W_M255I_S1_G17,88,0.7772,0.7008,0.9833,0,7.83,0,8.59,0,46.39,0,39.56,45.7,4.05,3.18,4.26,6.09,37,14
n2_WT_F88W_M255I_S1_G17,89,0.7766,0.715,0.9814,1,2.49,0,6.46,1,3.45,0,1.64,5.47,1.24,2.38,5.51,3.85,38,16
n2_WT_F88W_M255I_S1_G17,9,0.8298,0.8961,0.9867,0,5.94,0,12.2,1,3.32,0,1.38,5.14,2.8,2.11,3.88,3.14,47,18
n2_WT_F88W_M255I_S1_G17,90,0.7765,0.7895,0.9815,1,4.74,0,13.19,1,1.44,0,2.69,4.81,1.43,2.67,8.23,5.19,35,12
n2_WT_F88W_M255I_S1_G17,91,0.7764,0.7571,0.979,1,4.97,0,12.27,1,3.54,0,1.04,4.51,1.51,1.36,3.42,3.6,46,16
n2_WT_F88W_M255I_S1_G17,92,0.7763,0.6884,0.9816,0,7.74,0,21.03,1,4.76,0,5.71,7.51,0.77,1.27,3.66,6.8,35,13
n2_WT_F88W_M255I_S1_G17,93,0.7727,0.8044,0.9843,1,4.86,0,5.95,1,1.48,0,2.11,3.44,1.74,3.83,3.21,4.86,47,19
n2_WT_F88W_M255I_S1_G17,94,0.7688,0.7418,0.9806,1,4.39,0,13.44,1,1.01,0,2.71,5.07,0.97,2.74,8.44,5.25,30,14
n2_WT_F88W_M255I_S1_G17,95,0.7662,0.7384,0.9797,1,4.11,0,13.72,1,4.01,0,5.85,8.45,1.61,3.2,7.67,5.08,32,15
n2_WT_F88W_M255I_S1_G17,96,0.7644,0.6614,0.978,1,4.7,1,0.92,1,2.66,1,1.91,5.34,3.51,1.01,6.41,5.28,37,12
n2_WT_F88W_M255I_S1_G17,97,0.75,0.6393,0.9738,0,6.53,0,8.44,0,35.09,0,35.48,35.26,1.84,4.66,6.09,5.42,28,13
n2_WT_F88W_M255I_S1_G17,98,0.7441,0.6413,0.9753,1,3.47,0,20.12,0,17.94,0,13.42,18.65,1.65,2.86,7.98,4.7,35,15
n2_WT_F88W_M255I_S1_G17,99,0.7356,0.6303,0.9826,1,2.86,0,18.86,0,33.47,0,25.86,32.41,1.7,2.48,4.36,3.21,41,17
n2_WT_F88W_M255K_OFF_T_G17,0,0.8742,0.8852,0.9844,0,6.64,0,29.04,0,13.55,0,22.81,19.2,2.87,0.86,6.0,7.34,35,13
n2_WT_F88W_M255K_OFF_T_G17,1,0.8714,0.8897,0.9815,0,6.89,0,25.87,0,11.27,0,20.56,18.21,2.28,2.39,4.8,7.46,42,13
n2_WT_F88W_M255K_OFF_T_G17,10,0.8537,0.8732,0.9864,0,6.1,0,17.65,0,5.73,0,6.75,1.89,1.19,2.17,3.1,6.34,38,12
n2_WT_F88W_M255K_OFF_T_G17,11,0.8509,0.888,0.9812,0,9.3,0,11.45,0,31.3,0,29.48,31.74,7.84,2.29,5.75,7.13,21,10
n2_WT_F88W_M255K_OFF_T_G17,12,0.8496,0.9103,0.9854,0,5.75,0,7.97,0,28.72,0,27.21,29.69,6.22,1.18,4.56,2.83,36,15
n2_WT_F88W_M255K_OFF_T_G17,13,0.8496,0.889,0.982,0,9.22,0,11.8,0,32.17,0,30.96,33.35,5.65,3.04,6.19,7.37,24,13
n2_WT_F88W_M255K_OFF_T_G17,14,0.8469,0.9147,0.9834,0,9.09,0,11.48,0,29.31,0,28.48,30.73,6.69,2.61,6.02,7.1,28,16
n2_WT_F88W_M255K_OFF_T_G17,15,0.8467,0.8002,0.9844,0,6.24,0,32.67,0,23.22,0,25.77,29.99,1.88,1.3,5.38,5.68,25,10
n2_WT_F88W_M255K_OFF_T_G17,16,0.8465,0.8604,0.9775,0,8.73,0,11.16,0,31.9,0,31.26,32.92,5.75,2.54,6.44,7.44,24,12
n2_WT_F88W_M255K_OFF_T_G17,17,0.8448,0.9017,0.9829,0,10.72,0,12.51,0,29.45,0,27.86,30.24,3.92,2.55,6.24,7.45,30,13
n2_WT_F88W_M255K_OFF_T_G17,18,0.8438,0.8974,0.9888,0,5.54,0,26.19,0,11.12,0,16.13,21.0,1.25,2.52,4.74,4.77,33,14
n2_WT_F88W_M255K_OFF_T_G17,19,0.8431,0.9006,0.9814,0,8.24,0,10.36,0,30.74,0,30.15,32.38,8.3,3.81,4.67,5.42,23,13
n2_WT_F88W_M255K_OFF_T_G17,2,0.8695,0.8808,0.9833,0,7.04,0,27.05,0,11.77,0,15.2,18.68,1.2,1.16,4.98,6.52,37,13
n2_WT_F88W_M255K_OFF_T_G17,20,0.843,0.9251,0.9842,0,10.67,0,12.01,0,29.47,0,29.01,31.15,3.01,4.09,6.5,7.9,29,15
n2_WT_F88W_M255K_OFF_T_G17,21,0.843,0.8605,0.983,1,3.77,0,23.41,0,10.5,0,5.43,9.61,3.04,1.83,5.73,3.42,38,16
n2_WT_F88W_M255K_OFF_T_G17,22,0.8427,0.8117,0.9804,0,6.97,0,25.01,0,17.85,0,25.74,24.59,1.97,2.59,4.61,5.27,40,13
n2_WT_F88W_M255K_OFF_T_G17,23,0.8405,0.9017,0.9824,0,8.29,0,10.8,0,30.9,0,29.52,31.62,4.94,2.98,4.17,6.07,29,14
n2_WT_F88W_M255K_OFF_T_G17,24,0.8382,0.8871,0.9799,0,7.32,0,9.43,0,31.43,0,30.99,32.46,2.11,2.97,5.48,4.91,31,15
n2_WT_F88W_M255K_OFF_T_G17,25,0.8373,0.9156,0.987,1,3.03,0,7.74,0,42.62,0,34.67,40.82,2.68,3.03,5.19,2.07,53,21
n2_WT_F88W_M255K_OFF_T_G17,26,0.8357,0.8836,0.9817,0,7.42,0,15.99,0,6.49,0,6.32,10.54,3.19,3.9,4.06,5.86,42,19
n2_WT_F88W_M255K_OFF_T_G17,27,0.8354,0.8867,0.9807,0,10.73,0,12.09,0,30.45,0,29.45,31.37,5.75,2.63,5.01,7.34,25,13
n2_WT_F88W_M255K_OFF_T_G17,28,0.8339,0.813,0.9862,0,7.55,0,27.29,0,37.54,0,43.35,39.92,2.08,3.88,5.64,5.57,30,13
n2_WT_F88W_M255K_OFF_T_G17,29,0.8336,0.8352,0.9865,0,8.93,0,16.81,1,3.37,0,3.47,5.4,3.12,1.89,5.81,6.52,36,13
n2_WT_F88W_M255K_OFF_T_G17,3,0.8631,0.8525,0.9783,0,6.91,0,25.37,0,15.81,0,25.33,25.56,2.66,2.09,4.8,6.17,46,12
n2_WT_F88W_M255K_OFF_T_G17,30,0.8334,0.9064,0.9824,0,7.39,0,20.67,0,23.87,0,19.94,24.2,3.43,2.8,3.93,5.75,30,15
n2_WT_F88W_M255K_OFF_T_G17,31,0.8313,0.8667,0.9846,0,7.67,0,15.89,1,2.73,0,3.44,4.0,4.02,3.22,4.01,5.91,31,13
n2_WT_F88W_M255K_OFF_T_G17,32,0.8309,0.8911,0.9852,0,10.26,0,12.29,0,28.69,0,26.6,29.69,5.98,2.35,6.05,6.95,24,13
n2_WT_F88W_M255K_OFF_T_G17,33,0.8305,0.8683,0.9816,0,9.5,0,12.5,0,30.18,0,29.39,31.25,3.59,2.39,3.66,7.33,31,14
n2_WT_F88W_M255K_OFF_T_G17,34,0.8302,0.8966,0.9817,0,8.06,0,9.98,0,28.74,0,28.35,30.6,3.43,3.22,4.75,5.15,30,17
n2_WT_F88W_M255K_OFF_T_G17,35,0.8298,0.8189,0.9792,0,7.5,0,10.12,0,32.64,0,30.39,32.96,4.72,2.81,3.35,4.56,34,15
n2_WT_F88W_M255K_OFF_T_G17,36,0.8292,0.8,0.9799,0,6.66,0,8.71,0,36.37,0,38.36,36.8,1.71,2.25,6.57,7.35,30,11
n2_WT_F88W_M255K_OFF_T_G17,37,0.8291,0.8348,0.9833,0,6.65,0,19.33,0,17.99,0,14.71,20.64,1.09,1.6,2.79,6.85,33,13
n2_WT_F88W_M255K_OFF_T_G17,38,0.8284,0.7913,0.9828,0,8.51,0,16.53,1,3.67,0,3.32,6.96,2.29,2.83,3.8,6.41,32,9
n2_WT_F88W_M255K_OFF_T_G17,39,0.8275,0.8443,0.9805,0,13.88,0,18.9,0,31.63,0,32.41,36.73,11.87,3.6,12.24,11.9,19,9
n2_WT_F88W_M255K_OFF_T_G17,4,0.863,0.8873,0.9827,0,5.56,0,23.66,0,8.05,0,11.97,13.17,1.42,3.01,5.41,4.31,37,14
n2_WT_F88W_M255K_OFF_T_G17,40,0.8274,0.8195,0.984,0,7.24,0,22.67,0,39.89,0,44.62,43.09,1.86,1.66,5.26,5.37,25,10
n2_WT_F88W_M255K_OFF_T_G17,41,0.8272,0.8637,0.9815,0,6.37,0,8.18,0,30.01,0,28.78,30.79,6.7,3.2,3.66,3.53,31,14
n2_WT_F88W_M255K_OFF_T_G17,42,0.8265,0.8267,0.9834,0,6.55,0,17.96,1,2.53,0,2.62,2.59,4.87,3.44,4.69,6.14,39,12
n2_WT_F88W_M255K_OFF_T_G17,43,0.8262,0.7955,0.9815,0,6.31,0,15.75,0,24.59,0,20.72,25.05,2.32,3.12,4.34,5.69,42,16
n2_WT_F88W_M255K_OFF_T_G17,44,0.8262,0.8438,0.9862,0,7.33,0,6.73,0,29.81,0,33.2,30.03,2.81,0.77,7.18,8.16,29,12
n2_WT_F88W_M255K_OFF_T_G17,45,0.8259,0.8561,0.9813,0,5.82,0,10.41,0,23.52,0,17.28,23.95,3.54,2.56,5.89,6.27,36,13
n2_WT_F88W_M255K_OFF_T_G17,46,0.8256,0.8614,0.9792,0,9.69,0,12.61,0,31.17,0,30.13,32.36,3.77,2.93,4.75,7.83,22,13
n2_WT_F88W_M255K_OFF_T_G17,47,0.8254,0.8881,0.9826,1,3.03,0,11.5,0,29.08,0,25.61,29.22,2.65,2.97,5.35,0.76,33,17
n2_WT_F88W_M255K_OFF_T_G17,48,0.8243,0.8224,0.9846,0,6.66,0,8.22,0,28.21,0,32.6,30.57,2.12,2.43,5.6,7.46,27,11
n2_WT_F88W_M255K_OFF_T_G17,49,0.8241,0.8561,0.9827,0,7.76,0,11.32,0,26.62,0,24.82,28.04,2.83,2.75,3.28,6.88,31,14
n2_WT_F88W_M255K_OFF_T_G17,5,0.862,0.8454,0.9813,0,6.07,0,28.73,0,13.43,0,22.21,20.17,2.06,0.72,5.44,4.35,40,14
n2_WT_F88W_M255K_OFF_T_G17,50,0.8237,0.8001,0.9802,0,5.62,0,17.83,1,4.52,0,0.95,5.61,1.87,2.52,2.59,6.02,39,12
n2_WT_F88W_M255K_OFF_T_G17,51,0.8235,0.7901,0.983,0,8.53,0,16.69,1,1.76,0,6.29,6.12,1.15,2.98,1.47,6.24,33,10
n2_WT_F88W_M255K_OFF_T_G17,52,0.8232,0.8269,0.9834,0,7.38,0,6.92,0,29.13,0,32.31,29.63,2.94,3.33,7.84,8.14,28,15
n2_WT_F88W_M255K_OFF_T_G17,53,0.823,0.8653,0.9858,0,7.46,0,8.02,0,27.79,0,25.7,30.22,2.94,3.91,5.01,8.31,28,14
n2_WT_F88W_M255K_OFF_T_G17,54,0.8227,0.7979,0.986,1,3.23,0,45.64,0,17.92,0,27.79,26.84,1.51,2.83,4.05,2.69,31,10
n2_WT_F88W_M255K_OFF_T_G17,55,0.8219,0.7987,0.9831,0,5.46,0,18.0,1,3.43,0,7.64,4.36,1.45,2.11,3.84,5.35,38,14
n2_WT_F88W_M255K_OFF_T_G17,56,0.8204,0.7828,0.9861,1,4.01,0,27.03,0,59.32,0,57.42,59.16,1.58,0.8,2.21,4.07,39,12
n2_WT_F88W_M255K_OFF_T_G17,57,0.8187,0.8554,0.9797,0,6.91,0,17.06,1,3.91,0,8.09,5.54,2.41,2.43,3.79,6.65,42,17
n2_WT_F88W_M255K_OFF_T_G17,58,0.8181,0.8368,0.9841,0,5.89,0,9.01,0,32.66,0,32.16,32.09,1.89,3.35,9.1,6.96,25,13
n2_WT_F88W_M255K_OFF_T_G17,59,0.818,0.7598,0.9847,0,6.02,0,23.94,0,42.86,0,47.63,45.41,2.8,4.68,4.7,5.77,40,14
n2_WT_F88W_M255K_OFF_T_G17,6,0.8576,0.9336,0.9873,0,9.61,0,12.11,0,31.43,0,30.09,32.19,3.82,1.35,3.21,7.37,37,16
n2_WT_F88W_M255K_OFF_T_G17,60,0.8168,0.8393,0.9821,0,6.89,0,19.41,1,2.64,0,2.09,3.87,3.85,0.72,4.6,5.48,38,14
n2_WT_F88W_M255K_OFF_T_G17,61,0.8157,0.8359,0.9823,0,6.31,0,8.13,0,32.24,0,31.22,32.19,3.02,4.26,10.15,5.51,26,13
n2_WT_F88W_M255K_OFF_T_G17,62,0.8146,0.8385,0.9821,0,6.07,0,7.31,0,31.31,0,32.37,31.97,2.33,4.94,11.0,5.63,27,14
n2_WT_F88W_M255K_OFF_T_G17,63,0.8134,0.7844,0.9836,0,7.06,0,10.79,0,31.41,0,33.79,35.19,3.44,2.98,4.06,7.92,32,11
n2_WT_F88W_M255K_OFF_T_G17,64,0.8128,0.7596,0.9828,0,6.14,0,17.52,1,3.12,0,3.06,7.74,1.12,1.83,3.97,6.24,33,10
n2_WT_F88W_M255K_OFF_T_G17,65,0.812,0.8153,0.9805,0,7.33,0,10.78,0,38.88,0,37.26,37.72,1.9,2.12,8.65,7.42,27,11
n2_WT_F88W_M255K_OFF_T_G17,66,0.8114,0.8407,0.98,0,6.32,0,6.33,0,26.63,0,22.81,29.14,3.48,3.73,4.22,5.39,36,16
n2_WT_F88W_M255K_OFF_T_G17,67,0.8114,0.8388,0.9818,0,6.47,0,8.63,0,27.84,0,25.15,30.16,3.06,3.11,3.69,7.2,40,15
n2_WT_F88W_M255K_OFF_T_G17,68,0.8113,0.8251,0.9821,0,8.23,0,21.4,0,5.19,0,5.44,8.37,3.13,2.38,3.77,6.31,31,13
n2_WT_F88W_M255K_OFF_T_G17,69,0.8088,0.8238,0.9824,0,5.66,0,35.34,0,20.37,0,13.39,20.43,2.88,2.32,4.1,3.98,37,13
n2_WT_F88W_M255K_OFF_T_G17,7,0.8567,0.8191,0.9794,0,6.43,0,30.43,0,11.64,0,21.93,19.39,2.37,0.92,6.74,6.26,35,13
n2_WT_F88W_M255K_OFF_T_G17,70,0.8084,0.8041,0.981,0,7.04,0,10.24,0,34.85,0,34.6,34.18,2.32,1.75,9.41,7.37,29,14
n2_WT_F88W_M255K_OFF_T_G17,71,0.8073,0.7916,0.9838,0,5.01,0,24.76,0,36.33,0,34.59,33.47,2.53,3.16,4.0,5.59,39,14
n2_WT_F88W_M255K_OFF_T_G17,72,0.8067,0.793,0.9812,0,7.14,0,9.06,0,35.72,0,34.37,34.22,2.45,1.69,8.45,7.64,24,10
n2_WT_F88W_M255K_OFF_T_G17,73,0.8062,0.9104,0.9832,0,7.34,0,19.77,0,23.37,0,19.48,23.91,2.34,1.95,4.79,5.03,36,12
n2_WT_F88W_M255K_OFF_T_G17,74,0.8061,0.7991,0.9805,0,7.28,0,9.04,0,31.73,0,32.3,31.89,3.84,5.13,9.27,6.96,24,11
n2_WT_F88W_M255K_OFF_T_G17,75,0.8052,0.8487,0.9786,0,9.17,0,12.63,0,28.64,0,27.17,30.24,2.24,1.9,4.54,6.81,34,15
n2_WT_F88W_M255K_OFF_T_G17,76,0.8027,0.8118,0.982,0,7.73,0,14.24,1,3.21,0,3.95,8.03,2.21,3.41,4.4,6.68,39,13
n2_WT_F88W_M255K_OFF_T_G17,77,0.8017,0.7987,0.984,1,2.97,0,9.02,0,32.0,0,33.62,35.09,1.87,1.43,4.4,4.74,34,12
n2_WT_F88W_M255K_OFF_T_G17,78,0.8004,0.6992,0.9787,0,5.34,0,30.24,0,10.5,0,14.11,18.83,2.82,2.02,5.45,4.88,44,16
n2_WT_F88W_M255K_OFF_T_G17,79,0.7998,0.8811,0.9812,0,5.87,0,21.2,0,24.3,0,19.23,25.61,3.06,2.59,7.77,5.21,28,10
n2_WT_F88W_M255K_OFF_T_G17,8,0.8553,0.9206,0.9863,1,4.11,0,16.23,0,9.49,0,7.21,14.31,1.3,1.32,2.61,5.59,43,17
n2_WT_F88W_M255K_OFF_T_G17,80,0.7995,0.8427,0.9779,0,5.51,0,16.78,0,24.36,0,17.44,24.78,2.81,1.27,7.79,4.71,33,15
n2_WT_F88W_M255K_OFF_T_G17,81,0.7959,0.7578,0.9796,1,4.89,0,22.25,0,6.37,0,9.32,14.56,3.11,1.61,5.38,4.69,28,9
n2_WT_F88W_M255K_OFF_T_G17,82,0.7959,0.8318,0.9798,0,6.33,0,24.34,0,23.84,0,18.6,24.99,2.74,2.37,8.17,5.96,25,11
n2_WT_F88W_M255K_OFF_T_G17,83,0.7957,0.7679,0.9783,0,6.15,0,7.45,0,27.83,0,31.0,28.33,2.28,1.94,7.65,7.1,35,15
n2_WT_F88W_M255K_OFF_T_G17,84,0.7949,0.7752,0.9804,0,6.51,0,6.66,0,30.7,0,31.71,31.29,1.89,5.42,10.2,6.36,26,11
n2_WT_F88W_M255K_OFF_T_G17,85,0.7949,0.8051,0.9846,0,7.13,0,8.05,0,31.75,0,34.49,32.41,3.06,3.15,8.62,7.7,30,12
n2_WT_F88W_M255K_OFF_T_G17,86,0.7942,0.754,0.98,0,7.27,0,7.05,0,29.27,0,30.38,28.0,2.54,2.01,7.44,7.15,27,17
n2_WT_F88W_M255K_OFF_T_G17,87,0.7935,0.7878,0.982,0,5.46,0,14.77,0,8.58,0,10.53,12.06,2.97,2.96,3.93,5.42,48,18
n2_WT_F88W_M255K_OFF_T_G17,88,0.7928,0.802,0.9805,0,6.1,0,8.93,0,28.38,0,30.14,32.04,2.98,3.08,3.74,6.91,36,15
n2_WT_F88W_M255K_OFF_T_G17,89,0.7924,0.8101,0.9833,0,7.24,0,10.06,0,27.57,0,26.13,29.86,3.19,3.24,2.58,5.09,37,13
n2_WT_F88W_M255K_OFF_T_G17,9,0.8542,0.8354,0.9824,0,6.42,0,27.68,0,12.63,0,22.61,21.25,2.71,2.06,6.0,6.05,41,14
n2_WT_F88W_M255K_OFF_T_G17,90,0.7919,0.7633,0.9762,0,8.52,0,18.02,1,2.5,0,2.0,6.26,2.98,1.79,4.96,7.42,37,17
n2_WT_F88W_M255K_OFF_T_G17,91,0.7905,0.762,0.9807,0,5.02,0,8.38,0,29.33,0,27.65,30.59,2.48,2.35,4.6,6.44,38,14
n2_WT_F88W_M255K_OFF_T_G17,92,0.7821,0.765,0.9844,1,4.03,0,8.33,0,32.95,0,35.47,35.25,1.88,2.2,6.81,5.57,31,10
n2_WT_F88W_M255K_OFF_T_G17,93,0.7802,0.7057,0.9746,0,7.04,0,9.3,0,27.73,0,28.44,29.8,2.03,3.02,5.56,4.18,31,14
n2_WT_F88W_M255K_OFF_T_G17,94,0.7722,0.71,0.9802,0,9.05,0,10.22,0,29.88,0,29.39,31.38,5.03,2.77,4.75,5.61,27,11
n2_WT_F88W_M255K_OFF_T_G17,95,0.7712,0.7585,0.9779,0,5.88,0,6.11,0,29.67,0,27.27,30.83,3.26,1.32,5.9,5.04,36,14
n2_WT_F88W_M255K_OFF_T_G17,96,0.7622,0.5956,0.9754,0,5.32,0,29.19,0,57.29,0,56.21,58.35,2.88,3.05,1.76,4.51,32,11
n2_WT_F88W_M255K_OFF_T_G17,97,0.7604,0.576,0.9728,0,6.27,0,9.78,0,31.23,0,28.63,31.46,4.03,2.77,3.76,4.74,36,20
n2_WT_F88W_M255K_OFF_T_G17,98,0.7528,0.6119,0.9731,0,7.74,0,11.81,0,30.29,0,29.83,31.76,5.81,2.81,6.21,5.84,31,15
n2_WT_F88W_M255K_OFF_T_G17,99,0.7479,0.5918,0.9827,1,1.89,0,13.85,0,40.33,0,31.47,38.92,1.8,1.51,6.42,2.98,47,14
n2_WT_F88W_M255K_S1_G17,0,0.8527,0.8271,0.9863,0,6.4,1,3.73,0,43.29,0,37.07,42.15,0.39,1.15,3.63,6.04,45,13
n2_WT_F88W_M255K_S1_G17,1,0.8508,0.774,0.9863,1,1.91,0,12.62,0,31.45,0,25.6,32.41,1.35,4.59,9.53,2.81,38,11
n2_WT_F88W_M255K_S1_G17,10,0.8398,0.8013,0.9852,1,1.9,0,24.06,0,27.01,0,20.78,27.88,0.51,5.86,12.0,2.77,31,8
n2_WT_F88W_M255K_S1_G17,11,0.8386,0.8344,0.9888,1,1.12,0,22.72,0,28.96,0,21.99,28.97,0.92,6.44,11.68,2.96,30,9
n2_WT_F88W_M255K_S1_G17,12,0.8367,0.7641,0.983,0,7.12,0,17.85,0,16.29,0,8.13,14.9,2.59,2.96,5.26,6.02,46,13
n2_WT_F88W_M255K_S1_G17,13,0.8347,0.8179,0.9876,1,2.47,0,23.73,0,27.17,0,19.91,26.95,1.33,3.39,11.62,2.64,39,10
n2_WT_F88W_M255K_S1_G17,14,0.8314,0.7569,0.9823,0,6.4,0,23.18,0,21.25,0,18.95,23.33,3.15,3.63,5.31,6.19,32,11
n2_WT_F88W_M255K_S1_G17,15,0.8299,0.7392,0.9841,1,2.1,0,24.03,0,26.68,0,20.39,27.36,1.05,3.29,11.74,2.87,33,10
n2_WT_F88W_M255K_S1_G17,16,0.8296,0.927,0.9885,0,5.61,0,12.35,1,2.47,0,1.71,5.82,2.57,3.57,4.25,4.15,45,17
n2_WT_F88W_M255K_S1_G17,17,0.8296,0.7722,0.9857,1,1.97,0,23.05,0,26.17,0,19.1,26.53,1.9,7.49,11.79,2.79,36,11
n2_WT_F88W_M255K_S1_G17,18,0.8295,0.8941,0.9835,1,2.03,0,19.77,0,32.8,0,26.5,33.42,0.99,3.01,6.26,1.47,41,17
n2_WT_F88W_M255K_S1_G17,19,0.827,0.7681,0.9854,1,3.83,0,14.15,0,28.58,0,21.12,27.99,1.43,2.49,8.31,0.84,34,12
n2_WT_F88W_M255K_S1_G17,2,0.8487,0.8844,0.9861,0,7.44,0,23.31,1,3.84,0,2.05,6.99,2.9,3.93,8.68,7.34,32,12
n2_WT_F88W_M255K_S1_G17,20,0.8227,0.7728,0.9811,1,2.47,0,23.93,0,31.45,0,25.45,32.4,1.8,7.18,12.91,2.06,34,12
n2_WT_F88W_M255K_S1_G17,21,0.8211,0.8594,0.9866,1,2.8,0,18.67,1,1.02,0,2.02,3.94,2.62,4.98,11.88,3.7,31,13
n2_WT_F88W_M255K_S1_G17,22,0.8211,0.7988,0.9858,0,5.4,0,5.16,1,2.56,0,0.6,4.39,2.42,1.22,3.27,5.28,38,12
n2_WT_F88W_M255K_S1_G17,23,0.8202,0.7616,0.9849,0,5.63,1,3.66,0,42.92,0,36.95,42.28,2.71,1.07,4.22,5.68,42,13
n2_WT_F88W_M255K_S1_G17,24,0.8199,0.8602,0.984,1,2.58,0,13.89,0,23.0,0,14.39,20.98,1.69,1.98,6.8,3.81,47,18
n2_WT_F88W_M255K_S1_G17,25,0.8196,0.8381,0.9869,0,5.02,0,15.78,0,24.31,0,22.52,25.48,0.88,3.23,2.56,4.25,35,12
n2_WT_F88W_M255K_S1_G17,26,0.8194,0.848,0.9833,1,3.78,0,12.89,1,3.35,0,0.55,3.86,1.41,1.73,3.59,0.98,50,17
n2_WT_F88W_M255K_S1_G17,27,0.8185,0.797,0.9853,1,3.09,0,6.84,1,2.7,0,1.63,6.15,2.9,3.04,3.76,5.71,38,12
n2_WT_F88W_M255K_S1_G17,28,0.8178,0.8939,0.9882,1,2.49,0,18.66,0,39.5,0,30.24,36.57,0.91,2.62,5.44,2.46,52,19
n2_WT_F88W_M255K_S1_G17,29,0.8172,0.9098,0.99,1,1.61,0,19.42,0,39.43,0,31.42,37.98,1.33,2.35,4.58,2.58,53,17
n2_WT_F88W_M255K_S1_G17,3,0.845,0.7984,0.9875,1,1.22,0,20.68,0,31.19,0,25.23,32.04,0.97,4.72,10.66,2.54,33,10
n2_WT_F88W_M255K_S1_G17,30,0.8159,0.7544,0.9842,1,4.66,0,6.34,1,2.64,0,1.18,4.33,3.7,3.3,4.32,6.35,43,12
n2_WT_F88W_M255K_S1_G17,31,0.8159,0.7229,0.9837,1,4.76,1,4.76,0,21.14,0,13.94,20.57,2.91,4.07,4.16,4.29,45,12
n2_WT_F88W_M255K_S1_G17,32,0.8149,0.8397,0.9825,0,5.57,0,20.74,0,25.31,0,16.84,22.07,2.11,2.52,5.59,6.07,43,16
n2_WT_F88W_M255K_S1_G17,33,0.8136,0.7626,0.9816,1,4.86,0,16.14,0,25.99,0,24.16,26.59,1.5,2.61,3.75,4.59,36,10
n2_WT_F88W_M255K_S1_G17,34,0.8134,0.8597,0.9869,1,2.86,0,19.37,0,36.62,0,28.17,34.62,1.8,3.19,4.34,1.97,52,18
n2_WT_F88W_M255K_S1_G17,35,0.8134,0.8292,0.9845,1,4.67,0,15.2,1,2.09,0,1.63,4.71,1.1,3.93,12.31,6.28,34,10
n2_WT_F88W_M255K_S1_G17,36,0.8124,0.7849,0.9853,0,5.61,0,17.73,1,4.79,0,7.13,8.76,2.37,2.47,3.78,7.28,40,13
n2_WT_F88W_M255K_S1_G17,37,0.8122,0.7606,0.9805,0,7.66,0,12.99,0,30.62,0,29.72,32.3,2.7,1.94,5.29,5.71,26,10
n2_WT_F88W_M255K_S1_G17,38,0.8105,0.7876,0.9806,0,7.53,0,13.53,0,45.0,0,38.25,43.8,3.31,2.58,3.54,5.35,36,16
n2_WT_F88W_M255K_S1_G17,39,0.8096,0.7881,0.9838,1,4.32,0,21.42,1,4.53,0,6.52,8.53,1.26,1.81,5.56,4.26,37,11
n2_WT_F88W_M255K_S1_G17,4,0.8446,0.8156,0.9874,1,2.71,1,3.57,0,37.0,0,28.49,34.72,2.02,5.44,11.89,2.39,52,13
n2_WT_F88W_M255K_S1_G17,40,0.8092,0.8496,0.9854,1,2.04,0,20.14,0,40.39,0,32.65,39.58,1.52,2.7,4.82,1.95,52,18
n2_WT_F88W_M255K_S1_G17,41,0.809,0.8764,0.9883,1,1.15,0,20.36,0,40.02,0,31.91,38.82,1.92,3.19,5.14,2.3,54,18
n2_WT_F88W_M255K_S1_G17,42,0.8084,0.73,0.9859,1,3.29,0,5.53,1,2.79,0,0.57,4.08,1.93,2.2,3.97,4.82,44,11
n2_WT_F88W_M255K_S1_G17,43,0.8078,0.7659,0.9863,1,1.63,0,19.97,0,36.84,0,28.99,35.73,1.88,5.51,11.02,1.75,44,13
n2_WT_F88W_M255K_S1_G17,44,0.8073,0.7836,0.9805,0,6.37,0,23.43,0,7.33,0,9.11,13.19,3.54,5.04,9.45,6.98,21,9
n2_WT_F88W_M255K_S1_G17,45,0.8072,0.7105,0.9836,1,1.04,0,16.05,0,39.0,0,31.21,37.87,0.65,6.35,10.56,2.7,44,10
n2_WT_F88W_M255K_S1_G17,46,0.8065,0.7021,0.9822,0,5.93,1,3.61,0,42.96,0,36.76,41.56,2.1,3.03,4.79,5.64,37,12
n2_WT_F88W_M255K_S1_G17,47,0.8063,0.7569,0.9854,1,2.52,0,7.11,1,2.7,0,0.7,4.4,1.49,2.47,3.99,5.75,42,10
n2_WT_F88W_M255K_S1_G17,48,0.8055,0.8136,0.9833,1,3.13,1,3.93,1,2.4,1,1.84,6.04,1.93,1.87,4.6,4.87,41,10
n2_WT_F88W_M255K_S1_G17,49,0.8053,0.7856,0.9855,1,2.85,0,5.92,1,3.44,0,1.55,4.66,2.61,2.57,4.88,5.68,40,12
n2_WT_F88W_M255K_S1_G17,5,0.8431,0.8239,0.9891,1,0.84,0,10.99,0,37.8,0,29.92,36.92,2.55,5.13,9.79,3.65,51,12
n2_WT_F88W_M255K_S1_G17,50,0.8048,0.757,0.9857,1,1.89,1,3.14,1,3.0,1,2.28,6.14,1.21,3.06,3.61,3.62,45,14
n2_WT_F88W_M255K_S1_G17,51,0.8044,0.8283,0.9829,0,6.4,0,15.83,1,2.51,0,1.13,4.79,2.88,2.86,9.52,4.54,33,10
n2_WT_F88W_M255K_S1_G17,52,0.8042,0.8772,0.9877,1,3.29,0,22.6,0,24.03,0,16.73,23.57,2.26,2.49,7.87,2.5,44,16
n2_WT_F88W_M255K_S1_G17,53,0.8039,0.8416,0.9848,1,2.19,0,20.01,0,40.54,0,32.19,39.07,1.83,2.81,6.21,2.42,51,17
n2_WT_F88W_M255K_S1_G17,54,0.8025,0.7612,0.98,0,6.46,0,16.36,1,0.79,0,1.28,4.74,1.92,2.66,9.02,5.65,33,11
n2_WT_F88W_M255K_S1_G17,55,0.8022,0.8222,0.9808,1,4.72,0,13.98,1,0.82,0,1.73,3.58,1.25,2.8,7.66,4.97,36,12
n2_WT_F88W_M255K_S1_G17,56,0.802,0.695,0.9807,0,6.42,0,17.77,0,21.24,0,20.5,24.08,2.91,3.36,4.56,6.68,28,12
n2_WT_F88W_M255K_S1_G17,57,0.8011,0.8204,0.9812,0,7.14,0,16.29,1,2.38,0,2.47,4.48,2.1,2.74,8.53,6.36,32,12
n2_WT_F88W_M255K_S1_G17,58,0.8007,0.8432,0.9835,1,2.91,0,22.99,0,18.28,0,9.75,16.98,3.89,3.09,5.38,5.12,35,16
n2_WT_F88W_M255K_S1_G17,59,0.7987,0.8534,0.9841,1,2.58,0,19.91,0,31.02,0,23.72,30.57,0.19,1.33,4.68,3.39,49,16
n2_WT_F88W_M255K_S1_G17,6,0.8407,0.7879,0.9874,1,3.0,1,4.13,1,2.43,1,2.85,2.03,2.46,5.4,9.4,3.44,41,9
n2_WT_F88W_M255K_S1_G17,60,0.7986,0.8417,0.9851,1,2.91,0,18.36,0,37.86,0,29.79,36.58,1.63,3.2,6.65,3.83,48,17
n2_WT_F88W_M255K_S1_G17,61,0.797,0.6692,0.9791,0,7.43,0,10.54,0,23.38,0,21.49,24.31,2.85,2.6,3.32,5.17,38,12
n2_WT_F88W_M255K_S1_G17,62,0.7963,0.8364,0.985,1,2.38,0,12.76,0,44.45,0,35.31,41.6,2.44,2.08,5.34,1.62,51,14
n2_WT_F88W_M255K_S1_G17,63,0.7957,0.7717,0.9875,1,4.7,0,13.21,0,46.65,0,39.73,45.64,2.23,2.44,5.9,5.67,34,13
n2_WT_F88W_M255K_S1_G17,64,0.7943,0.7145,0.9823,0,5.28,0,16.88,0,13.67,0,8.46,14.9,1.55,3.04,4.41,5.26,32,14
n2_WT_F88W_M255K_S1_G17,65,0.7943,0.7608,0.9837,1,4.15,0,18.9,1,0.97,0,1.95,6.93,2.68,3.16,7.37,6.02,36,12
n2_WT_F88W_M255K_S1_G17,66,0.7937,0.8186,0.9837,1,3.15,0,17.53,0,35.88,0,27.8,34.44,1.02,2.46,5.53,1.39,49,18
n2_WT_F88W_M255K_S1_G17,67,0.7917,0.7959,0.9804,0,5.52,0,22.12,0,24.74,0,16.83,22.43,2.01,1.97,7.13,3.92,42,19
n2_WT_F88W_M255K_S1_G17,68,0.7914,0.7074,0.9818,0,6.19,0,21.68,1,3.28,0,5.99,6.91,1.88,1.86,2.91,5.89,35,12
n2_WT_F88W_M255K_S1_G17,69,0.7906,0.8437,0.9807,0,6.09,0,13.06,0,20.46,0,12.73,19.41,2.87,1.6,3.68,6.88,38,17
n2_WT_F88W_M255K_S1_G17,7,0.8406,0.8808,0.9836,0,7.22,0,22.06,0,11.3,0,6.42,12.36,2.46,2.92,8.27,6.05,26,11
n2_WT_F88W_M255K_S1_G17,70,0.7904,0.7401,0.9805,0,6.55,0,14.6,0,13.6,0,10.97,16.92,1.5,3.41,5.07,6.09,32,17
n2_WT_F88W_M255K_S1_G17,71,0.7901,0.7976,0.9821,1,4.03,0,13.45,1,1.79,0,2.19,5.25,1.01,2.74,7.43,5.17,34,15
n2_WT_F88W_M255K_S1_G17,72,0.7897,0.7545,0.978,1,4.0,0,14.32,1,2.85,0,1.52,4.73,1.5,2.05,8.34,5.21,29,14
n2_WT_F88W_M255K_S1_G17,73,0.7888,0.7331,0.9816,0,6.47,0,16.49,0,5.12,0,3.51,9.61,2.94,2.61,4.85,5.78,30,11
n2_WT_F88W_M255K_S1_G17,74,0.7869,0.7199,0.9835,0,5.04,0,6.22,1,2.64,0,1.1,5.03,2.53,2.92,3.97,4.28,42,13
n2_WT_F88W_M255K_S1_G17,75,0.7866,0.7315,0.9809,0,7.67,0,20.12,0,26.0,0,25.42,27.59,2.1,2.14,6.73,7.14,38,13
n2_WT_F88W_M255K_S1_G17,76,0.7864,0.6848,0.9839,1,2.51,1,4.92,1,3.18,1,0.53,4.14,2.7,2.88,2.78,4.86,40,11
n2_WT_F88W_M255K_S1_G17,77,0.785,0.7788,0.9868,1,1.66,0,19.77,0,38.39,0,29.97,37.17,1.31,1.44,4.58,2.64,56,17
n2_WT_F88W_M255K_S1_G17,78,0.7826,0.7493,0.9871,1,0.75,0,10.27,0,37.94,0,28.91,35.78,1.32,1.97,7.05,2.41,51,16
n2_WT_F88W_M255K_S1_G17,79,0.7825,0.6443,0.9769,0,6.06,0,19.64,0,18.97,0,13.33,20.05,2.12,1.14,6.05,6.96,33,13
n2_WT_F88W_M255K_S1_G17,8,0.8404,0.8282,0.9873,0,7.04,1,3.9,0,43.84,0,37.08,42.64,1.73,2.05,4.94,6.31,50,13
n2_WT_F88W_M255K_S1_G17,80,0.7819,0.6922,0.9782,0,5.49,0,6.22,1,3.19,0,2.06,4.68,2.14,2.3,5.12,4.76,35,15
n2_WT_F88W_M255K_S1_G17,81,0.7812,0.7796,0.9809,1,4.32,0,12.88,1,1.38,0,2.27,6.58,2.03,2.24,8.68,4.43,31,13
n2_WT_F88W_M255K_S1_G17,82,0.7795,0.7682,0.981,1,1.59,0,19.03,0,39.55,0,30.77,36.98,2.09,3.29,4.1,1.6,49,18
n2_WT_F88W_M255K_S1_G17,83,0.7789,0.7271,0.9833,0,5.53,0,16.66,1,3.78,0,5.19,7.02,0.93,1.68,4.13,5.25,33,12
n2_WT_F88W_M255K_S1_G17,84,0.7778,0.7293,0.9792,0,6.86,0,20.12,0,18.04,0,14.02,20.48,1.6,1.65,4.43,5.67,33,15
n2_WT_F88W_M255K_S1_G17,85,0.7776,0.707,0.9798,0,5.26,0,20.03,1,4.39,0,5.97,8.1,2.14,1.97,3.98,5.32,34,10
n2_WT_F88W_M255K_S1_G17,86,0.7734,0.6875,0.9771,0,5.18,0,23.23,0,24.25,0,16.83,23.53,1.57,3.55,7.64,3.63,38,16
n2_WT_F88W_M255K_S1_G17,87,0.7708,0.6498,0.9792,0,5.22,0,21.3,1,1.53,0,2.43,4.5,3.15,2.73,10.0,5.62,27,11
n2_WT_F88W_M255K_S1_G17,88,0.7699,0.7043,0.9808,0,6.87,0,19.76,0,23.53,0,22.7,25.27,0.9,1.92,4.2,6.38,33,9
n2_WT_F88W_M255K_S1_G17,89,0.7695,0.6007,0.9797,1,1.9,0,13.52,0,37.31,0,29.83,36.59,3.75,6.13,11.74,2.2,40,11
n2_WT_F88W_M255K_S1_G17,9,0.8401,0.7965,0.9874,0,6.52,1,4.1,0,43.26,0,36.82,42.04,1.67,1.69,3.57,5.81,47,13
n2_WT_F88W_M255K_S1_G17,90,0.7694,0.6914,0.9827,0,7.87,0,22.58,1,1.21,0,2.3,5.46,0.64,1.27,3.2,7.15,34,9
n2_WT_F88W_M255K_S1_G17,91,0.766,0.7196,0.98,1,2.04,0,12.83,0,39.88,0,31.21,37.9,0.87,2.36,3.53,2.35,55,15
n2_WT_F88W_M255K_S1_G17,92,0.7642,0.7114,0.9754,1,3.3,0,13.33,1,2.51,0,1.6,5.21,1.98,2.88,7.82,4.85,36,12
n2_WT_F88W_M255K_S1_G17,93,0.7611,0.6706,0.9764,0,6.81,0,16.3,1,1.07,0,1.9,4.3,2.97,2.55,4.06,7.29,37,14
n2_WT_F88W_M255K_S1_G17,94,0.7531,0.6648,0.9782,1,4.18,0,12.64,1,1.94,0,1.78,4.54,2.38,2.63,7.75,5.58,31,13
n2_WT_F88W_M255K_S1_G17,95,0.7272,0.5851,0.9743,0,7.11,0,5.27,1,2.97,0,2.96,6.23,2.11,4.09,5.65,6.87,33,12
n2_WT_F88W_M255K_S1_G17,96,0.7216,0.5003,0.9725,1,4.7,0,12.35,0,24.46,0,15.24,20.69,2.54,3.44,6.02,3.62,47,21
n2_WT_F88W_M255K_S1_G17,97,0.7211,0.503,0.9765,1,3.85,0,6.15,0,20.24,0,12.97,19.94,1.56,2.34,3.16,4.69,47,19
n2_WT_F88W_M255K_S1_G17,98,0.7184,0.5182,0.9733,1,4.87,0,17.72,0,22.0,0,18.53,23.09,2.12,1.87,2.93,5.06,36,14
n2_WT_F88W_M255K_S1_G17,99,0.7011,0.4372,0.9774,0,7.27,0,18.63,0,30.74,0,28.96,32.93,2.87,1.41,3.7,5.86,22,12
n2_WT_F88W_M255M_OFF_T_G17,0,0.8838,0.9212,0.9871,0,5.42,0,29.41,0,13.65,0,21.68,20.08,2.26,1.44,5.91,6.5,43,14
n2_WT_F88W_M255M_OFF_T_G17,1,0.873,0.8929,0.9856,0,5.53,0,19.68,0,19.17,0,20.84,27.22,2.67,3.92,3.44,5.1,43,15
n2_WT_F88W_M255M_OFF_T_G17,10,0.8578,0.8912,0.9837,0,7.39,0,18.79,0,9.99,0,8.55,12.19,2.42,1.9,4.59,6.36,46,17
n2_WT_F88W_M255M_OFF_T_G17,11,0.8578,0.8563,0.9817,0,6.7,0,26.43,0,13.02,0,21.42,19.53,2.92,2.71,4.44,5.09,45,15
n2_WT_F88W_M255M_OFF_T_G17,12,0.8561,0.8643,0.983,0,6.07,0,22.8,0,16.63,0,12.01,17.79,1.63,1.54,3.1,5.89,41,15
n2_WT_F88W_M255M_OFF_T_G17,13,0.8557,0.9078,0.9839,0,8.21,0,11.13,0,30.5,0,28.92,30.59,6.78,1.98,3.99,6.28,29,12
n2_WT_F88W_M255M_OFF_T_G17,14,0.8542,0.8947,0.9843,0,8.18,0,10.12,0,30.36,0,28.4,30.66,6.95,1.37,2.69,5.43,30,14
n2_WT_F88W_M255M_OFF_T_G17,15,0.8539,0.9332,0.9904,1,2.14,0,13.24,0,8.04,0,8.47,14.55,2.18,3.18,4.47,2.1,51,16
n2_WT_F88W_M255M_OFF_T_G17,16,0.8531,0.8857,0.9855,0,7.54,0,21.03,0,10.68,0,9.74,12.84,0.9,3.22,3.8,5.77,35,14
n2_WT_F88W_M255M_OFF_T_G17,17,0.8522,0.8522,0.9831,0,5.98,0,28.38,0,14.35,0,23.65,21.92,2.87,2.1,5.96,6.22,37,14
n2_WT_F88W_M255M_OFF_T_G17,18,0.852,0.7848,0.9779,0,7.01,0,30.08,0,14.03,0,23.49,21.12,1.68,1.33,6.57,5.34,39,14
n2_WT_F88W_M255M_OFF_T_G17,19,0.8518,0.9173,0.9856,0,6.77,0,10.61,0,30.39,0,28.37,30.29,3.24,2.39,4.23,5.62,29,14
n2_WT_F88W_M255M_OFF_T_G17,2,0.8714,0.8874,0.9832,0,6.35,0,26.46,0,19.91,0,27.61,26.62,1.9,2.5,3.95,5.89,41,14
n2_WT_F88W_M255M_OFF_T_G17,20,0.851,0.9152,0.983,0,6.0,0,21.75,0,9.0,0,6.57,13.47,1.11,2.95,2.25,5.33,44,14
n2_WT_F88W_M255M_OFF_T_G17,21,0.8504,0.8601,0.9851,0,6.38,0,19.06,0,21.27,0,17.92,23.81,1.08,1.88,2.69,5.43,33,14
n2_WT_F88W_M255M_OFF_T_G17,22,0.8497,0.8644,0.986,0,5.3,0,18.21,1,3.95,0,7.15,4.94,2.13,2.85,3.33,5.09,38,14
n2_WT_F88W_M255M_OFF_T_G17,23,0.8494,0.8968,0.9825,1,4.21,0,24.14,1,3.01,0,3.24,6.25,2.95,1.55,6.26,3.44,38,16
n2_WT_F88W_M255M_OFF_T_G17,24,0.8494,0.8067,0.9857,0,5.61,0,24.95,0,44.26,0,48.72,46.11,1.95,3.07,4.28,4.04,42,13
n2_WT_F88W_M255M_OFF_T_G17,25,0.8492,0.9014,0.9837,0,6.53,0,10.88,0,30.67,0,28.67,30.98,4.16,3.16,4.08,5.49,34,11
n2_WT_F88W_M255M_OFF_T_G17,26,0.8487,0.863,0.9869,1,4.32,0,15.66,0,20.35,0,21.16,26.48,1.92,2.19,2.73,5.69,44,16
n2_WT_F88W_M255M_OFF_T_G17,27,0.8486,0.8921,0.9865,0,5.61,0,18.7,0,20.73,0,19.25,25.0,2.44,2.62,4.47,5.04,33,12
n2_WT_F88W_M255M_OFF_T_G17,28,0.8476,0.8429,0.9867,0,5.4,0,28.9,0,37.35,0,42.31,40.79,3.69,2.32,2.79,4.0,41,13
n2_WT_F88W_M255M_OFF_T_G17,29,0.8475,0.8992,0.9826,0,9.42,0,11.84,0,30.3,0,29.51,31.05,1.18,1.15,4.01,6.43,32,15
n2_WT_F88W_M255M_OFF_T_G17,3,0.8677,0.896,0.9842,0,6.63,0,25.34,0,5.31,0,10.88,13.21,1.43,1.68,4.84,4.71,37,13
n2_WT_F88W_M255M_OFF_T_G17,30,0.8457,0.8644,0.9838,0,6.44,0,18.77,0,27.86,0,26.5,32.66,2.13,2.56,2.8,6.21,33,14
n2_WT_F88W_M255M_OFF_T_G17,31,0.8446,0.9131,0.9885,1,4.67,0,19.22,0,29.53,0,27.9,34.42,1.64,2.87,3.0,3.14,39,12
n2_WT_F88W_M255M_OFF_T_G17,32,0.8444,0.9211,0.9876,0,7.92,0,17.93,0,11.38,0,9.53,8.41,2.95,2.64,2.99,6.28,50,18
n2_WT_F88W_M255M_OFF_T_G17,33,0.8425,0.7899,0.9841,0,5.08,0,33.89,0,25.52,0,22.63,29.1,2.41,2.24,2.3,5.06,39,12
n2_WT_F88W_M255M_OFF_T_G17,34,0.8409,0.9109,0.986,0,10.06,0,13.67,0,29.74,0,28.12,30.8,5.88,2.62,7.42,7.69,29,14
n2_WT_F88W_M255M_OFF_T_G17,35,0.8402,0.8957,0.985,0,6.89,0,10.17,0,29.96,0,29.09,30.6,3.72,2.69,5.64,5.55,28,11
n2_WT_F88W_M255M_OFF_T_G17,36,0.8401,0.8245,0.9812,0,6.61,0,17.97,1,2.91,0,3.32,7.69,1.68,3.47,4.99,6.15,34,11
n2_WT_F88W_M255M_OFF_T_G17,37,0.839,0.8713,0.9829,0,5.68,0,10.66,0,36.87,0,33.6,36.59,4.01,3.46,1.85,5.52,34,16
n2_WT_F88W_M255M_OFF_T_G17,38,0.8387,0.8998,0.9836,0,7.73,0,9.67,0,30.93,0,29.61,31.62,6.16,3.12,4.59,5.48,31,13
n2_WT_F88W_M255M_OFF_T_G17,39,0.8373,0.8908,0.9821,0,6.03,0,10.12,0,32.92,0,32.16,33.57,2.36,3.04,5.19,4.85,28,13
n2_WT_F88W_M255M_OFF_T_G17,4,0.8677,0.9174,0.9894,1,3.03,0,20.61,0,52.66,0,51.77,55.2,2.89,2.2,5.05,3.14,28,14
n2_WT_F88W_M255M_OFF_T_G17,40,0.8366,0.9073,0.9826,0,8.76,0,11.52,0,29.15,0,27.44,29.98,6.09,2.74,4.09,6.54,25,14
n2_WT_F88W_M255M_OFF_T_G17,41,0.8359,0.8835,0.9818,0,8.21,0,11.34,0,31.34,0,30.51,32.6,6.39,3.54,4.79,5.3,27,12
n2_WT_F88W_M255M_OFF_T_G17,42,0.8356,0.8612,0.982,0,5.6,0,18.02,1,3.87,0,6.7,5.97,1.86,2.87,2.72,6.07,45,14
n2_WT_F88W_M255M_OFF_T_G17,43,0.8355,0.8541,0.9813,1,2.67,0,24.55,1,1.78,0,6.3,10.3,2.58,2.71,5.71,1.72,33,15
n2_WT_F88W_M255M_OFF_T_G17,44,0.8352,0.8804,0.9861,1,1.86,0,14.7,0,15.17,0,15.0,20.6,4.03,3.34,3.79,3.6,35,12
n2_WT_F88W_M255M_OFF_T_G17,45,0.8344,0.9156,0.984,0,10.53,0,13.64,0,32.15,0,28.47,32.26,5.71,2.22,6.66,7.73,27,17
n2_WT_F88W_M255M_OFF_T_G17,46,0.8343,0.8856,0.9866,0,5.78,0,19.67,0,24.55,0,22.12,29.19,1.6,1.68,5.26,5.17,35,13
n2_WT_F88W_M255M_OFF_T_G17,47,0.8332,0.8926,0.9876,0,6.11,0,20.32,0,17.85,0,15.61,21.5,1.76,2.63,5.9,3.87,32,11
n2_WT_F88W_M255M_OFF_T_G17,48,0.8327,0.8737,0.9818,0,9.19,0,11.11,0,32.02,0,31.4,32.89,6.39,2.54,3.67,5.69,26,12
n2_WT_F88W_M255M_OFF_T_G17,49,0.832,0.8533,0.9844,1,4.82,0,16.64,1,1.34,0,5.31,7.22,1.28,2.99,4.16,5.13,40,16
n2_WT_F88W_M255M_OFF_T_G17,5,0.8673,0.8771,0.9842,0,7.82,0,28.24,0,7.73,0,14.78,17.88,2.04,1.97,5.32,6.3,35,12
n2_WT_F88W_M255M_OFF_T_G17,50,0.8316,0.8852,0.9872,0,6.01,0,24.58,0,7.33,0,6.32,11.99,3.1,1.55,3.13,6.39,36,13
n2_WT_F88W_M255M_OFF_T_G17,51,0.8307,0.8511,0.9847,0,5.36,0,20.81,0,25.13,0,27.35,33.64,1.26,0.73,3.6,4.78,28,12
n2_WT_F88W_M255M_OFF_T_G17,52,0.8301,0.8361,0.9882,0,7.48,0,20.87,0,10.84,0,16.69,19.56,3.0,3.41,4.02,5.64,35,13
n2_WT_F88W_M255M_OFF_T_G17,53,0.83,0.8436,0.982,0,6.6,0,20.98,0,22.65,0,24.05,30.75,2.26,3.19,4.09,5.2,30,14
n2_WT_F88W_M255M_OFF_T_G17,54,0.829,0.8672,0.9838,0,6.35,0,7.57,0,29.69,0,33.19,30.5,2.59,1.09,7.87,6.8,33,16
n2_WT_F88W_M255M_OFF_T_G17,55,0.8288,0.8828,0.9802,0,8.45,0,12.31,0,31.54,0,29.82,32.14,5.21,2.73,5.92,6.21,28,13
n2_WT_F88W_M255M_OFF_T_G17,56,0.8282,0.8122,0.9798,0,8.3,0,19.53,0,17.27,0,15.08,20.98,1.81,3.7,3.85,9.0,28,15
n2_WT_F88W_M255M_OFF_T_G17,57,0.8278,0.8516,0.9825,0,9.13,0,12.16,0,29.69,0,27.78,30.36,5.2,2.3,5.95,7.38,25,11
n2_WT_F88W_M255M_OFF_T_G17,58,0.8274,0.8217,0.9836,0,7.16,0,18.36,0,22.08,0,20.8,27.87,2.7,2.23,4.22,5.37,33,14
n2_WT_F88W_M255M_OFF_T_G17,59,0.8274,0.8163,0.9799,0,5.39,0,16.97,1,1.23,0,7.32,5.44,0.93,1.59,3.21,5.74,44,19
n2_WT_F88W_M255M_OFF_T_G17,6,0.8666,0.8763,0.9852,1,4.52,0,27.37,0,16.41,0,25.39,22.74,1.71,2.31,6.09,5.04,37,14
n2_WT_F88W_M255M_OFF_T_G17,60,0.8238,0.8094,0.9865,1,4.78,0,42.23,0,18.24,0,26.84,27.98,1.49,2.6,4.6,4.13,36,10
n2_WT_F88W_M255M_OFF_T_G17,61,0.8236,0.8799,0.9834,0,7.28,0,7.05,0,29.25,0,30.19,32.11,2.69,1.55,4.36,7.25,43,16
n2_WT_F88W_M255M_OFF_T_G17,62,0.8226,0.7282,0.9773,0,5.51,0,25.57,0,8.85,0,18.41,18.16,2.67,2.93,6.02,5.38,41,13
n2_WT_F88W_M255M_OFF_T_G17,63,0.8226,0.7261,0.9757,0,5.57,0,27.98,0,13.76,0,22.03,20.97,1.73,0.14,4.63,4.69,38,13
n2_WT_F88W_M255M_OFF_T_G17,64,0.8222,0.8709,0.9835,0,5.2,0,20.93,0,15.91,0,13.79,19.66,1.23,2.88,6.8,4.85,28,9
n2_WT_F88W_M255M_OFF_T_G17,65,0.8215,0.9181,0.9861,0,6.47,0,19.25,0,23.4,0,20.42,25.49,3.67,2.2,4.36,4.94,31,11
n2_WT_F88W_M255M_OFF_T_G17,66,0.8207,0.8348,0.9798,0,5.24,0,21.51,0,22.73,0,21.72,27.26,3.87,1.5,3.61,4.47,34,14
n2_WT_F88W_M255M_OFF_T_G17,67,0.8204,0.8273,0.9839,1,4.68,0,22.73,0,6.49,0,8.57,12.93,3.52,2.3,3.54,3.9,30,11
n2_WT_F88W_M255M_OFF_T_G17,68,0.8201,0.8794,0.9848,0,6.12,0,16.74,0,5.18,0,12.38,9.71,2.94,2.28,3.24,5.34,44,19
n2_WT_F88W_M255M_OFF_T_G17,69,0.8186,0.8518,0.9814,1,4.96,0,21.76,0,18.31,0,13.7,19.21,2.54,3.6,4.22,5.93,40,19
n2_WT_F88W_M255M_OFF_T_G17,7,0.8635,0.8579,0.9825,0,7.03,0,25.61,0,14.72,0,23.24,22.71,2.08,1.25,5.56,4.71,46,13
n2_WT_F88W_M255M_OFF_T_G17,70,0.8182,0.8356,0.9844,1,4.66,0,22.92,0,9.09,0,12.14,18.35,1.69,1.79,6.52,3.62,29,9
n2_WT_F88W_M255M_OFF_T_G17,71,0.8181,0.7507,0.9786,0,6.16,0,18.93,0,19.07,0,15.59,21.34,1.8,1.13,2.86,4.39,37,14
n2_WT_F88W_M255M_OFF_T_G17,72,0.8176,0.7229,0.9792,0,6.96,0,22.25,0,22.88,0,28.61,29.53,1.86,2.51,5.01,6.37,38,13
n2_WT_F88W_M255M_OFF_T_G17,73,0.8168,0.8592,0.983,0,7.42,0,6.62,0,26.82,0,30.35,27.8,2.55,3.32,7.72,7.04,24,12
n2_WT_F88W_M255M_OFF_T_G17,74,0.8146,0.7078,0.9823,0,6.22,0,29.93,0,24.77,0,22.75,28.33,2.01,1.41,4.85,6.4,33,12
n2_WT_F88W_M255M_OFF_T_G17,75,0.8126,0.7276,0.9752,0,6.08,0,11.79,0,31.95,0,31.04,32.65,5.65,3.89,6.96,5.18,25,14
n2_WT_F88W_M255M_OFF_T_G17,76,0.8121,0.805,0.9814,0,6.24,0,24.13,0,11.36,0,15.64,22.36,3.49,2.92,6.16,5.43,28,9
n2_WT_F88W_M255M_OFF_T_G17,77,0.8111,0.741,0.9843,0,6.19,0,37.02,0,31.04,0,25.68,31.58,3.72,4.53,4.79,5.7,36,9
n2_WT_F88W_M255M_OFF_T_G17,78,0.8098,0.8848,0.9824,0,6.35,0,8.1,0,26.38,0,22.55,27.06,3.62,3.0,5.54,5.36,34,15
n2_WT_F88W_M255M_OFF_T_G17,79,0.8092,0.8258,0.9867,1,4.56,0,23.57,0,12.22,0,15.02,21.68,2.09,2.39,5.87,3.66,39,14
n2_WT_F88W_M255M_OFF_T_G17,8,0.8625,0.8292,0.9877,0,7.4,0,26.38,0,39.31,0,43.22,38.84,1.43,1.47,3.17,5.74,41,12
n2_WT_F88W_M255M_OFF_T_G17,80,0.8082,0.8238,0.98,0,6.51,0,9.31,0,29.09,0,28.68,32.19,2.37,1.93,3.68,7.44,36,14
n2_WT_F88W_M255M_OFF_T_G17,81,0.8074,0.8639,0.9841,0,6.85,0,15.04,1,1.51,0,7.27,5.41,2.41,2.21,3.82,4.59,49,18
n2_WT_F88W_M255M_OFF_T_G17,82,0.8047,0.7215,0.9804,0,9.26,0,19.13,1,2.8,0,5.9,10.08,2.88,1.62,3.89,8.18,18,10
n2_WT_F88W_M255M_OFF_T_G17,83,0.8,0.8554,0.9837,0,7.31,0,16.47,0,17.26,0,13.91,19.25,0.96,1.71,4.79,5.75,26,11
n2_WT_F88W_M255M_OFF_T_G17,84,0.7994,0.7867,0.9778,0,9.0,0,12.06,0,31.57,0,30.21,32.52,5.76,3.4,3.41,7.04,32,15
n2_WT_F88W_M255M_OFF_T_G17,85,0.7987,0.8434,0.9832,0,7.11,0,8.99,0,25.84,0,22.73,26.91,2.54,3.33,5.02,5.21,37,12
n2_WT_F88W_M255M_OFF_T_G17,86,0.7955,0.7988,0.9819,0,7.36,0,10.25,0,34.07,0,38.76,37.1,1.27,2.19,3.52,5.86,32,12
n2_WT_F88W_M255M_OFF_T_G17,87,0.7941,0.7611,0.981,0,6.39,0,8.01,0,31.2,0,32.21,31.28,2.29,2.89,9.12,6.59,28,14
n2_WT_F88W_M255M_OFF_T_G17,88,0.7933,0.5933,0.9749,0,5.49,0,23.04,0,11.8,0,18.23,21.34,2.85,1.73,5.37,6.41,30,10
n2_WT_F88W_M255M_OFF_T_G17,89,0.7915,0.7604,0.9783,0,7.13,0,8.73,0,29.66,0,30.65,33.0,2.11,3.07,3.6,7.03,37,15
n2_WT_F88W_M255M_OFF_T_G17,9,0.8615,0.8668,0.9851,1,4.92,0,20.53,0,19.13,0,21.92,27.83,2.4,3.02,5.64,4.8,29,13
n2_WT_F88W_M255M_OFF_T_G17,90,0.7874,0.6328,0.9816,0,6.1,0,22.19,0,53.62,0,55.93,54.56,3.11,1.67,2.97,5.2,37,14
n2_WT_F88W_M255M_OFF_T_G17,91,0.7854,0.6483,0.9811,1,3.92,0,18.21,0,6.84,0,6.15,11.11,2.21,3.56,4.84,4.17,22,9
n2_WT_F88W_M255M_OFF_T_G17,92,0.7837,0.7171,0.9791,0,5.24,0,8.61,0,30.03,0,28.53,31.28,2.19,2.23,4.91,6.57,34,13
n2_WT_F88W_M255M_OFF_T_G17,93,0.7833,0.7116,0.9771,0,7.18,0,12.68,0,34.22,0,32.75,34.27,4.84,1.72,4.92,4.99,33,11
n2_WT_F88W_M255M_OFF_T_G17,94,0.7802,0.678,0.9784,0,8.3,0,19.56,0,6.26,0,4.36,9.87,2.86,2.97,2.29,7.37,21,12
n2_WT_F88W_M255M_OFF_T_G17,95,0.7714,0.6987,0.9827,1,2.65,0,12.78,0,5.41,0,7.31,11.72,1.6,2.98,3.37,3.54,51,18
n2_WT_F88W_M255M_OFF_T_G17,96,0.7502,0.6169,0.9745,0,6.4,0,8.56,0,26.69,0,22.7,27.07,3.37,0.92,4.23,6.36,41,12
n2_WT_F88W_M255M_OFF_T_G17,97,0.7486,0.6014,0.9733,0,5.1,0,30.89,0,20.51,0,14.62,20.79,2.75,1.81,4.54,4.07,33,16
n2_WT_F88W_M255M_OFF_T_G17,98,0.7396,0.4784,0.9728,0,7.86,0,19.05,0,16.07,0,11.4,16.69,1.87,2.74,3.57,7.35,32,13
n2_WT_F88W_M255M_OFF_T_G17,99,0.7313,0.558,0.9777,0,6.54,0,8.54,0,27.68,0,23.86,29.27,3.29,2.7,5.39,7.04,29,14
n2_WT_F88W_M255M_S1_G17,0,0.8685,0.8993,0.988,0,5.06,0,26.29,0,25.13,0,17.47,23.01,3.21,4.21,6.78,4.5,33,9
n2_WT_F88W_M255M_S1_G17,1,0.8594,0.8955,0.9822,1,4.75,0,21.52,0,6.89,0,4.15,10.19,2.7,4.49,11.28,4.7,24,12
n2_WT_F88W_M255M_S1_G17,10,0.8403,0.788,0.9869,0,5.25,1,3.47,0,43.97,0,37.76,41.42,1.65,2.04,5.43,5.53,38,13
n2_WT_F88W_M255M_S1_G17,11,0.8393,0.813,0.9857,1,3.12,0,25.01,0,32.07,0,25.99,32.01,1.28,5.32,12.05,3.18,34,9
n2_WT_F88W_M255M_S1_G17,12,0.8386,0.812,0.9846,0,6.17,1,3.51,0,42.52,0,36.2,41.06,0.65,1.95,3.52,5.97,41,13
n2_WT_F88W_M255M_S1_G17,13,0.8386,0.9098,0.9847,0,6.0,0,20.39,0,21.4,0,12.96,18.15,2.43,1.95,5.05,5.47,32,14
n2_WT_F88W_M255M_S1_G17,14,0.8373,0.8016,0.9864,0,6.13,1,3.72,0,41.33,0,35.49,39.07,0.6,2.78,4.73,5.43,39,12
n2_WT_F88W_M255M_S1_G17,15,0.837,0.7774,0.9845,0,6.03,0,14.54,0,16.15,0,8.26,13.56,2.03,1.36,3.94,6.29,49,14
n2_WT_F88W_M255M_S1_G17,16,0.8349,0.865,0.9861,1,3.1,0,6.39,1,3.0,0,3.16,2.76,0.95,2.48,7.2,2.1,34,13
n2_WT_F88W_M255M_S1_G17,17,0.8302,0.9083,0.9861,0,6.08,0,13.31,1,2.07,0,1.88,6.14,1.29,2.29,3.61,4.09,45,18
n2_WT_F88W_M255M_S1_G17,18,0.8301,0.8879,0.9847,1,3.97,0,12.86,1,2.69,0,1.5,5.57,1.24,2.12,2.97,1.73,50,19
n2_WT_F88W_M255M_S1_G17,19,0.8293,0.9168,0.9873,1,3.8,0,12.23,1,1.66,0,1.72,5.78,2.1,2.97,3.83,4.45,45,18
n2_WT_F88W_M255M_S1_G17,2,0.8554,0.8298,0.9889,1,2.67,1,3.5,1,1.69,1,2.16,2.82,2.67,5.66,9.62,2.91,48,11
n2_WT_F88W_M255M_S1_G17,20,0.8284,0.8427,0.987,1,2.49,1,3.48,1,3.23,1,0.72,3.15,2.51,3.26,5.01,4.35,45,11
n2_WT_F88W_M255M_S1_G17,21,0.8264,0.9012,0.9856,0,5.61,0,12.53,1,2.2,0,2.97,6.04,0.51,2.6,3.17,3.33,49,18
n2_WT_F88W_M255M_S1_G17,22,0.826,0.7831,0.9836,1,2.32,0,15.55,0,35.15,0,26.24,31.52,1.89,3.31,12.0,1.27,46,11
n2_WT_F88W_M255M_S1_G17,23,0.8255,0.7725,0.9857,1,1.75,0,23.49,0,26.12,0,19.07,25.31,1.28,8.06,12.21,2.6,38,12
n2_WT_F88W_M255M_S1_G17,24,0.8252,0.766,0.9818,0,5.16,0,15.41,0,23.45,0,22.25,24.41,2.33,1.92,2.13,5.69,30,12
n2_WT_F88W_M255M_S1_G17,25,0.825,0.8781,0.9908,1,1.99,0,17.46,0,29.54,0,22.9,28.73,2.5,2.13,5.42,2.65,39,13
n2_WT_F88W_M255M_S1_G17,26,0.8242,0.8773,0.9841,0,6.87,0,13.68,1,2.49,0,1.06,3.75,1.9,2.07,3.26,4.47,47,21
n2_WT_F88W_M255M_S1_G17,27,0.8235,0.8579,0.9832,0,6.31,0,14.75,1,2.68,0,2.55,5.48,0.91,2.76,6.83,6.15,40,11
n2_WT_F88W_M255M_S1_G17,28,0.8233,0.7929,0.9869,1,4.29,1,2.73,1,2.8,1,2.22,2.9,1.8,1.66,3.74,4.52,47,13
n2_WT_F88W_M255M_S1_G17,29,0.8229,0.7816,0.9889,1,1.05,0,16.3,0,38.31,0,30.59,36.78,0.99,6.34,11.49,1.31,48,11
n2_WT_F88W_M255M_S1_G17,3,0.8492,0.8337,0.9883,1,2.49,0,22.17,0,31.54,0,25.56,30.45,1.77,2.83,11.11,3.07,37,11
n2_WT_F88W_M255M_S1_G17,30,0.8216,0.7812,0.986,1,4.83,0,12.38,0,6.45,0,5.57,9.06,3.29,2.55,3.63,6.67,48,12
n2_WT_F88W_M255M_S1_G17,31,0.8202,0.7992,0.9822,1,4.77,0,22.64,0,5.37,0,7.04,9.85,2.63,1.25,6.16,6.15,33,14
n2_WT_F88W_M255M_S1_G17,32,0.8196,0.8236,0.9865,1,4.14,0,5.34,1,2.11,0,1.46,5.88,1.56,3.08,6.75,1.2,36,10
n2_WT_F88W_M255M_S1_G17,33,0.8188,0.8423,0.9884,1,2.42,0,6.29,1,3.29,0,0.64,4.93,1.53,3.13,3.96,4.74,46,11
n2_WT_F88W_M255M_S1_G17,34,0.8187,0.7639,0.986,0,6.43,1,3.61,0,43.56,0,37.49,41.1,2.61,3.2,3.62,6.17,42,12
n2_WT_F88W_M255M_S1_G17,35,0.817,0.7594,0.9855,1,2.47,0,12.37,0,36.17,0,28.61,33.72,3.66,6.13,10.78,2.49,44,13
n2_WT_F88W_M255M_S1_G17,36,0.8161,0.7593,0.9845,1,4.83,1,3.69,1,2.67,1,2.71,2.08,2.02,2.06,4.36,4.76,43,12
n2_WT_F88W_M255M_S1_G17,37,0.8153,0.7488,0.9859,1,3.45,0,19.4,0,18.34,0,8.74,13.33,2.42,2.5,5.48,4.89,46,13
n2_WT_F88W_M255M_S1_G17,38,0.8147,0.6967,0.9822,1,4.21,0,21.76,0,17.58,0,13.49,17.93,1.77,1.29,7.25,3.18,33,11
n2_WT_F88W_M255M_S1_G17,39,0.8131,0.7743,0.9845,1,3.86,1,4.25,1,3.39,1,1.69,6.35,2.24,2.53,2.91,5.32,41,11
n2_WT_F88W_M255M_S1_G17,4,0.8464,0.825,0.9864,0,5.18,0,22.97,0,22.5,0,17.16,22.37,2.45,2.68,5.2,5.01,36,13
n2_WT_F88W_M255M_S1_G17,40,0.8125,0.8447,0.9805,0,6.9,0,14.62,1,3.9,0,3.46,7.89,2.7,2.46,9.83,5.71,33,11
n2_WT_F88W_M255M_S1_G17,41,0.8118,0.8459,0.9832,0,6.78,0,15.87,1,2.94,0,1.01,5.85,2.34,5.18,10.52,5.45,33,9
n2_WT_F88W_M255M_S1_G17,42,0.8114,0.7912,0.9862,1,3.27,1,4.98,1,2.16,1,1.94,7.13,1.89,3.34,3.53,6.86,38,12
n2_WT_F88W_M255M_S1_G17,43,0.8107,0.889,0.9832,0,6.23,0,21.49,0,17.83,0,9.43,14.78,1.32,1.33,5.98,4.74,43,15
n2_WT_F88W_M255M_S1_G17,44,0.8102,0.7784,0.9873,0,7.32,1,4.17,1,2.85,1,1.96,6.86,2.42,2.13,3.85,6.48,39,11
n2_WT_F88W_M255M_S1_G17,45,0.8098,0.7541,0.9821,1,4.71,0,15.51,0,24.22,0,23.04,25.33,1.98,2.07,3.16,4.55,37,12
n2_WT_F88W_M255M_S1_G17,46,0.8095,0.85,0.9842,0,6.08,0,22.1,0,25.19,0,17.22,22.45,2.21,1.83,7.44,4.73,45,19
n2_WT_F88W_M255M_S1_G17,47,0.8082,0.7678,0.9839,1,3.38,1,3.56,1,2.4,1,3.18,2.0,2.48,1.67,3.18,5.21,39,12
n2_WT_F88W_M255M_S1_G17,48,0.8068,0.8134,0.9835,0,5.35,0,15.34,1,2.25,0,1.9,4.25,2.08,2.54,7.18,5.92,38,13
n2_WT_F88W_M255M_S1_G17,49,0.8068,0.7183,0.9837,1,4.01,0,5.03,1,1.72,0,2.18,2.54,2.45,3.04,3.6,3.12,44,14
n2_WT_F88W_M255M_S1_G17,5,0.8458,0.8389,0.9876,0,5.15,1,3.93,0,40.93,0,35.34,39.69,2.33,2.57,5.75,4.92,44,14
n2_WT_F88W_M255M_S1_G17,50,0.8065,0.7557,0.9815,0,6.35,1,4.32,0,30.16,0,32.75,32.68,2.72,2.48,5.08,5.69,28,11
n2_WT_F88W_M255M_S1_G17,51,0.8064,0.8881,0.9854,1,1.57,0,19.27,0,32.52,0,26.98,33.3,1.64,3.15,4.65,3.15,49,16
n2_WT_F88W_M255M_S1_G17,52,0.8055,0.837,0.9834,0,6.65,0,15.63,0,5.11,0,6.67,10.29,3.82,2.01,9.92,6.02,36,11
n2_WT_F88W_M255M_S1_G17,53,0.8053,0.7757,0.983,0,6.6,0,16.8,1,4.95,0,6.66,9.34,1.41,3.12,4.2,5.88,37,13
n2_WT_F88W_M255M_S1_G17,54,0.8053,0.7128,0.9824,1,4.48,1,4.29,1,2.41,1,0.95,4.21,1.82,3.48,3.16,4.66,41,12
n2_WT_F88W_M255M_S1_G17,55,0.8052,0.7736,0.982,0,8.67,0,11.13,0,24.27,0,21.93,25.14,3.73,1.95,3.87,6.2,33,12
n2_WT_F88W_M255M_S1_G17,56,0.8042,0.7286,0.9848,0,5.38,1,3.18,1,2.6,1,2.3,6.36,2.07,2.85,3.38,5.76,39,14
n2_WT_F88W_M255M_S1_G17,57,0.8041,0.7858,0.9862,1,3.19,0,6.1,1,2.88,0,2.35,6.39,3.4,2.72,2.46,6.48,42,13
n2_WT_F88W_M255M_S1_G17,58,0.8037,0.7066,0.9831,0,6.4,1,3.54,0,43.36,0,37.08,40.58,2.35,3.1,4.86,5.49,37,13
n2_WT_F88W_M255M_S1_G17,59,0.802,0.8323,0.9812,0,6.61,0,14.82,0,5.42,0,6.38,9.65,2.22,2.32,9.14,5.78,37,15
n2_WT_F88W_M255M_S1_G17,6,0.8447,0.8229,0.9879,1,1.58,0,8.22,0,32.09,0,26.42,31.43,2.61,2.65,3.17,2.45,46,13
n2_WT_F88W_M255M_S1_G17,60,0.7998,0.8644,0.9844,1,4.4,0,13.71,1,0.95,0,2.07,6.13,2.34,2.82,7.59,5.32,34,14
n2_WT_F88W_M255M_S1_G17,61,0.7989,0.7986,0.9822,1,2.6,0,6.33,1,3.39,0,1.93,5.6,1.4,2.47,5.27,3.68,40,18
n2_WT_F88W_M255M_S1_G17,62,0.7987,0.6694,0.9799,0,6.16,0,23.44,0,24.87,0,20.69,23.98,2.87,3.4,5.62,5.81,34,10
n2_WT_F88W_M255M_S1_G17,63,0.7986,0.8377,0.9802,1,4.37,0,11.63,0,29.88,0,22.33,28.57,1.23,2.31,4.54,1.82,45,15
n2_WT_F88W_M255M_S1_G17,64,0.7983,0.7911,0.9771,1,3.91,0,13.13,0,24.06,0,16.69,22.46,2.06,1.93,4.09,5.64,48,17
n2_WT_F88W_M255M_S1_G17,65,0.798,0.782,0.9805,0,6.25,0,15.12,0,18.17,0,14.01,19.2,2.0,2.6,6.29,5.98,36,11
n2_WT_F88W_M255M_S1_G17,66,0.7971,0.8259,0.9849,1,3.34,0,12.07,1,2.73,0,1.4,6.02,0.81,2.42,3.86,3.94,44,18
n2_WT_F88W_M255M_S1_G17,67,0.7963,0.7235,0.9838,0,6.65,1,3.16,1,2.89,1,2.12,6.11,2.08,3.2,3.95,6.68,47,14
n2_WT_F88W_M255M_S1_G17,68,0.7961,0.7517,0.9863,0,5.75,0,12.13,1,2.83,0,1.77,5.6,0.99,3.42,1.79,5.5,39,12
n2_WT_F88W_M255M_S1_G17,69,0.795,0.7249,0.9819,0,6.3,0,21.34,1,4.35,0,6.48,8.06,1.53,2.38,2.53,6.3,33,12
n2_WT_F88W_M255M_S1_G17,7,0.8444,0.838,0.9879,1,2.45,0,23.78,0,27.01,0,20.14,25.57,1.3,4.1,12.02,2.87,33,9
n2_WT_F88W_M255M_S1_G17,70,0.7943,0.7529,0.9817,0,6.81,0,18.51,1,4.79,0,6.98,9.54,3.5,3.85,5.44,6.34,40,12
n2_WT_F88W_M255M_S1_G17,71,0.7937,0.8417,0.9825,0,5.8,0,12.88,1,2.9,0,2.31,6.15,2.0,2.37,4.23,4.89,37,14
n2_WT_F88W_M255M_S1_G17,72,0.7932,0.7769,0.9808,0,7.89,0,13.9,0,42.17,0,35.7,39.6,4.07,3.25,4.14,5.41,44,18
n2_WT_F88W_M255M_S1_G17,73,0.7931,0.7232,0.9801,0,5.68,0,13.91,0,18.7,0,13.62,18.3,1.89,1.73,7.03,6.36,31,13
n2_WT_F88W_M255M_S1_G17,74,0.793,0.7167,0.983,1,3.33,0,5.96,1,2.04,0,2.54,3.23,2.94,1.31,3.72,3.78,40,13
n2_WT_F88W_M255M_S1_G17,75,0.7928,0.8173,0.9856,1,3.0,0,20.18,0,30.74,0,23.6,29.67,1.13,2.32,4.89,2.22,45,14
n2_WT_F88W_M255M_S1_G17,76,0.7928,0.772,0.9838,0,5.06,0,14.67,0,19.48,0,17.5,21.42,2.04,1.74,5.97,5.14,34,12
n2_WT_F88W_M255M_S1_G17,77,0.7928,0.8345,0.9839,1,4.15,0,13.18,1,4.57,0,6.62,8.48,2.18,2.72,8.38,4.99,40,16
n2_WT_F88W_M255M_S1_G17,78,0.7923,0.6405,0.982,0,5.97,0,12.03,0,22.22,0,15.5,20.92,2.03,3.48,2.45,6.18,42,12
n2_WT_F88W_M255M_S1_G17,79,0.792,0.7015,0.9823,1,4.93,1,2.33,1,2.91,1,1.76,5.91,3.0,1.71,6.01,5.04,39,9
n2_WT_F88W_M255M_S1_G17,8,0.8414,0.8246,0.9879,1,1.99,0,24.13,0,28.03,0,21.77,26.56,1.96,6.69,11.36,3.37,28,8
n2_WT_F88W_M255M_S1_G17,80,0.7906,0.7936,0.983,0,11.89,0,22.17,0,6.7,0,4.15,9.76,4.91,2.39,7.75,11.93,18,8
n2_WT_F88W_M255M_S1_G17,81,0.7891,0.7215,0.9838,1,4.32,0,6.28,1,1.53,0,2.56,1.44,2.94,2.99,3.23,5.66,43,12
n2_WT_F88W_M255M_S1_G17,82,0.7872,0.7342,0.9835,0,7.97,0,5.17,1,2.17,0,2.05,6.7,1.91,3.5,4.73,7.65,29,11
n2_WT_F88W_M255M_S1_G17,83,0.7867,0.7564,0.9804,1,4.05,0,8.78,0,41.09,0,41.19,40.48,1.05,2.93,3.61,5.17,31,12
n2_WT_F88W_M255M_S1_G17,84,0.7861,0.7475,0.984,1,2.79,1,3.96,1,2.92,1,2.49,6.77,2.95,3.3,3.75,4.97,41,13
n2_WT_F88W_M255M_S1_G17,85,0.7853,0.681,0.9847,0,5.56,1,3.86,0,41.94,0,36.48,41.16,2.18,2.41,3.85,5.38,40,11
n2_WT_F88W_M255M_S1_G17,86,0.7847,0.7911,0.9841,1,1.19,0,18.16,0,38.58,0,30.31,35.64,1.12,1.05,5.17,2.34,51,18
n2_WT_F88W_M255M_S1_G17,87,0.7842,0.6745,0.9831,0,7.3,0,12.37,1,4.92,0,4.83,8.86,1.73,2.66,3.87,5.52,41,10
n2_WT_F88W_M255M_S1_G17,88,0.7837,0.7504,0.9784,0,6.93,0,16.56,1,1.1,0,1.27,4.67,3.23,2.53,9.86,6.11,30,9
n2_WT_F88W_M255M_S1_G17,89,0.7812,0.7735,0.9832,1,3.26,0,19.66,0,31.11,0,23.9,29.01,1.52,3.12,3.69,3.63,51,17
n2_WT_F88W_M255M_S1_G17,9,0.8412,0.7766,0.9849,1,1.76,0,24.42,0,31.33,0,24.98,30.89,1.52,4.35,11.62,2.57,32,10
n2_WT_F88W_M255M_S1_G17,90,0.7794,0.7944,0.9813,1,4.97,0,12.97,1,0.92,0,2.63,5.78,1.38,2.37,8.02,5.36,36,13
n2_WT_F88W_M255M_S1_G17,91,0.779,0.7008,0.981,0,7.77,0,21.77,1,1.15,0,2.39,5.67,0.92,1.04,3.7,6.57,33,12
n2_WT_F88W_M255M_S1_G17,92,0.7782,0.8118,0.9836,1,3.58,0,8.41,1,3.72,0,2.63,1.99,1.95,3.22,2.97,4.52,49,16
n2_WT_F88W_M255M_S1_G17,93,0.7774,0.7066,0.984,1,4.12,0,9.75,0,45.95,0,39.42,44.72,2.5,3.48,4.98,4.69,35,16
n2_WT_F88W_M255M_S1_G17,94,0.7772,0.6819,0.9826,0,6.34,1,3.29,1,2.08,1,1.06,5.43,2.51,2.63,2.95,5.25,39,12
n2_WT_F88W_M255M_S1_G17,95,0.7761,0.6884,0.9813,0,6.74,0,15.66,1,0.96,0,1.7,6.9,2.69,2.75,5.13,5.93,27,10
n2_WT_F88W_M255M_S1_G17,96,0.7712,0.5455,0.9788,0,5.73,0,25.1,0,20.05,0,16.69,21.62,2.58,2.97,6.76,6.11,32,9
n2_WT_F88W_M255M_S1_G17,97,0.7656,0.6782,0.9848,0,8.3,0,37.89,0,60.15,0,62.62,61.83,1.52,6.38,10.48,8.66,23,10
n2_WT_F88W_M255M_S1_G17,98,0.7541,0.6387,0.974,1,4.99,0,20.59,0,18.96,0,14.99,18.96,2.46,1.83,4.75,4.58,43,16
n2_WT_F88W_M255M_S1_G17,99,0.7526,0.7093,0.9791,1,3.92,1,4.22,1,2.62,1,1.69,5.4,2.25,2.73,3.52,5.31,40,15
n2_WT_F88Y_M255A_OFF_T_G17,0,0.8732,0.9022,0.9855,0,6.41,0,17.5,0,18.27,0,19.07,27.98,1.19,2.35,4.71,5.2,40,15
n2_WT_F88Y_M255A_OFF_T_G17,1,0.8677,0.8712,0.9824,0,6.85,0,26.94,0,12.93,0,20.22,21.92,1.8,1.52,5.78,3.42,36,14
n2_WT_F88Y_M255A_OFF_T_G17,10,0.846,0.838,0.9862,0,5.34,0,14.13,1,4.18,0,6.18,9.46,2.99,2.15,3.86,5.73,35,12
n2_WT_F88Y_M255A_OFF_T_G17,11,0.8432,0.84,0.9806,0,6.85,0,24.61,0,9.11,0,6.37,10.96,2.37,1.4,5.52,5.44,33,15
n2_WT_F88Y_M255A_OFF_T_G17,12,0.8423,0.8393,0.9846,0,6.94,0,20.32,0,7.16,0,9.07,9.6,2.91,3.49,4.59,6.29,35,12
n2_WT_F88Y_M255A_OFF_T_G17,13,0.8417,0.872,0.9833,0,6.74,0,25.7,0,16.14,0,20.47,27.48,2.15,2.51,5.32,5.01,32,13
n2_WT_F88Y_M255A_OFF_T_G17,14,0.8411,0.7792,0.9798,0,5.25,0,18.01,0,5.84,0,9.83,10.11,3.12,2.21,3.83,5.34,38,13
n2_WT_F88Y_M255A_OFF_T_G17,15,0.841,0.8041,0.9779,0,5.26,0,29.21,0,9.9,0,15.14,12.47,2.32,0.86,6.78,5.45,39,15
n2_WT_F88Y_M255A_OFF_T_G17,16,0.841,0.8536,0.9825,0,7.18,0,18.41,0,19.27,0,16.84,24.61,1.1,1.92,3.46,6.55,36,15
n2_WT_F88Y_M255A_OFF_T_G17,17,0.8373,0.8358,0.982,0,6.42,0,17.24,0,17.6,0,21.59,27.6,2.54,1.2,3.71,5.81,29,11
n2_WT_F88Y_M255A_OFF_T_G17,18,0.8373,0.8087,0.9849,0,6.26,0,19.64,0,13.19,0,11.94,18.01,3.5,2.5,1.82,3.89,32,11
n2_WT_F88Y_M255A_OFF_T_G17,19,0.8371,0.9324,0.9845,0,5.61,0,22.25,0,11.86,0,13.06,15.89,2.01,3.0,3.03,6.26,45,21
n2_WT_F88Y_M255A_OFF_T_G17,2,0.8674,0.8785,0.9825,0,6.2,0,27.23,0,9.53,0,14.67,16.37,1.07,1.59,7.09,4.33,41,15
n2_WT_F88Y_M255A_OFF_T_G17,20,0.837,0.8272,0.9812,0,9.37,0,18.38,0,16.71,0,13.39,21.42,2.07,3.78,4.61,8.2,29,13
n2_WT_F88Y_M255A_OFF_T_G17,21,0.8359,0.8848,0.9796,0,9.03,0,12.97,0,31.75,0,31.13,32.35,8.22,2.58,6.2,7.46,27,11
n2_WT_F88Y_M255A_OFF_T_G17,22,0.8355,0.8457,0.9845,0,6.08,0,12.33,0,7.25,0,8.11,14.37,2.01,2.48,4.31,5.64,41,13
n2_WT_F88Y_M255A_OFF_T_G17,23,0.8341,0.9031,0.9823,1,4.79,0,16.68,1,2.6,0,3.68,11.89,2.02,2.11,3.91,5.2,39,16
n2_WT_F88Y_M255A_OFF_T_G17,24,0.8336,0.8012,0.9826,1,4.61,0,18.42,1,4.17,0,8.25,12.57,2.74,2.6,4.03,5.05,37,12
n2_WT_F88Y_M255A_OFF_T_G17,25,0.8336,0.8264,0.9806,0,7.55,0,18.11,0,21.96,0,18.47,27.18,1.43,3.39,4.12,7.04,29,12
n2_WT_F88Y_M255A_OFF_T_G17,26,0.8334,0.8607,0.9823,0,6.39,0,19.82,0,9.48,0,9.21,17.58,2.53,1.94,5.12,4.86,28,12
n2_WT_F88Y_M255A_OFF_T_G17,27,0.8324,0.8935,0.988,1,4.06,0,16.24,1,4.63,0,10.56,10.69,2.55,2.38,2.56,5.16,46,18
n2_WT_F88Y_M255A_OFF_T_G17,28,0.8321,0.88,0.9849,0,5.04,0,19.28,0,19.66,0,18.13,26.83,0.66,1.25,3.23,3.22,30,12
n2_WT_F88Y_M255A_OFF_T_G17,29,0.8316,0.856,0.9849,0,8.78,0,17.17,0,21.26,0,14.05,21.73,2.85,3.71,5.7,9.79,26,12
n2_WT_F88Y_M255A_OFF_T_G17,3,0.8635,0.8838,0.9852,0,7.55,0,13.92,0,11.65,0,11.1,18.87,2.5,3.24,2.89,5.56,33,14
n2_WT_F88Y_M255A_OFF_T_G17,30,0.8314,0.8642,0.9838,1,4.07,0,20.22,0,12.99,0,8.96,16.4,2.54,1.78,3.81,2.88,33,14
n2_WT_F88Y_M255A_OFF_T_G17,31,0.8312,0.8431,0.9808,0,6.26,0,18.41,0,23.64,0,22.11,30.57,1.61,2.79,3.58,6.06,32,14
n2_WT_F88Y_M255A_OFF_T_G17,32,0.829,0.8446,0.9828,0,6.15,0,17.16,0,15.68,0,11.25,19.25,1.93,2.62,3.58,5.47,38,13
n2_WT_F88Y_M255A_OFF_T_G17,33,0.8287,0.8542,0.9799,0,9.18,0,18.31,0,15.34,0,12.42,20.48,3.87,2.02,3.89,8.4,32,12
n2_WT_F88Y_M255A_OFF_T_G17,34,0.8286,0.7717,0.9802,0,8.15,0,16.55,0,9.68,0,5.65,13.62,2.99,3.62,1.95,5.99,27,10
n2_WT_F88Y_M255A_OFF_T_G17,35,0.8285,0.8663,0.984,0,8.11,0,18.6,0,23.56,0,19.53,27.97,2.46,3.36,3.76,8.04,30,14
n2_WT_F88Y_M255A_OFF_T_G17,36,0.8282,0.828,0.985,0,6.71,0,19.98,1,4.24,0,8.18,13.06,2.84,1.54,4.8,5.32,29,13
n2_WT_F88Y_M255A_OFF_T_G17,37,0.8281,0.8125,0.9796,0,7.0,0,18.8,0,15.47,0,13.21,21.59,3.6,2.96,3.69,6.26,31,12
n2_WT_F88Y_M255A_OFF_T_G17,38,0.8275,0.8048,0.9817,0,5.14,0,18.2,0,10.98,0,7.97,13.42,2.47,2.0,4.04,5.85,31,12
n2_WT_F88Y_M255A_OFF_T_G17,39,0.8272,0.8863,0.9865,0,6.03,0,19.09,0,23.09,0,23.03,31.1,1.22,0.43,3.96,4.67,34,12
n2_WT_F88Y_M255A_OFF_T_G17,4,0.8627,0.8903,0.9851,0,5.93,0,25.96,0,7.64,0,10.55,13.26,1.58,1.93,6.63,2.38,39,16
n2_WT_F88Y_M255A_OFF_T_G17,40,0.827,0.8458,0.9862,0,5.93,0,26.93,0,15.57,0,15.27,19.76,1.82,2.21,4.8,5.79,36,11
n2_WT_F88Y_M255A_OFF_T_G17,41,0.8267,0.8053,0.9859,0,6.22,0,41.63,0,17.14,0,27.01,26.7,1.23,3.36,4.83,5.94,34,11
n2_WT_F88Y_M255A_OFF_T_G17,42,0.8258,0.8891,0.9855,0,6.07,0,17.76,0,18.28,0,16.63,24.59,1.21,2.8,4.42,5.58,23,11
n2_WT_F88Y_M255A_OFF_T_G17,43,0.8257,0.8508,0.979,0,5.07,0,14.91,0,13.59,0,8.81,12.86,0.6,3.58,4.5,4.9,50,17
n2_WT_F88Y_M255A_OFF_T_G17,44,0.8251,0.848,0.9822,0,6.84,0,28.06,0,15.18,0,8.02,16.29,1.98,2.79,3.44,6.24,38,13
n2_WT_F88Y_M255A_OFF_T_G17,45,0.8244,0.8106,0.9807,0,6.36,0,19.21,0,24.17,0,21.81,30.33,0.68,3.54,3.72,5.53,31,13
n2_WT_F88Y_M255A_OFF_T_G17,46,0.823,0.8747,0.9834,0,5.67,0,19.47,0,19.58,0,16.68,25.3,1.36,2.45,6.07,4.56,36,13
n2_WT_F88Y_M255A_OFF_T_G17,47,0.8229,0.7818,0.9772,0,9.94,0,18.37,0,16.08,0,14.21,22.37,3.0,2.45,3.45,9.58,31,14
n2_WT_F88Y_M255A_OFF_T_G17,48,0.8229,0.7975,0.9827,0,7.53,0,19.03,0,18.6,0,17.32,25.94,3.64,3.23,4.07,7.42,27,15
n2_WT_F88Y_M255A_OFF_T_G17,49,0.8225,0.8437,0.9791,0,6.5,0,19.51,0,8.66,0,9.04,14.89,1.17,2.39,2.56,5.39,46,17
n2_WT_F88Y_M255A_OFF_T_G17,5,0.8575,0.8745,0.9825,1,4.53,0,25.84,0,6.55,0,9.96,11.47,2.38,1.84,7.02,3.77,39,14
n2_WT_F88Y_M255A_OFF_T_G17,50,0.8222,0.8361,0.9812,0,9.36,0,22.64,0,13.46,0,15.28,18.15,1.94,3.49,3.55,6.98,31,15
n2_WT_F88Y_M255A_OFF_T_G17,51,0.8221,0.7226,0.983,0,6.75,0,30.04,0,16.62,0,24.69,25.25,2.4,1.99,1.48,6.04,31,10
n2_WT_F88Y_M255A_OFF_T_G17,52,0.822,0.9143,0.9872,1,1.9,0,26.61,0,15.64,0,10.62,18.51,1.66,1.43,5.83,3.89,56,20
n2_WT_F88Y_M255A_OFF_T_G17,53,0.822,0.7717,0.9832,0,7.14,0,30.73,0,21.2,0,26.69,29.24,2.17,1.33,2.54,6.81,29,11
n2_WT_F88Y_M255A_OFF_T_G17,54,0.8218,0.8338,0.9817,0,7.3,0,8.31,0,23.57,0,21.55,26.27,2.66,1.93,4.95,8.03,29,14
n2_WT_F88Y_M255A_OFF_T_G17,55,0.8215,0.7309,0.9791,0,6.99,0,23.44,0,33.63,0,40.23,37.34,3.23,1.61,4.23,7.64,40,13
n2_WT_F88Y_M255A_OFF_T_G17,56,0.8211,0.8022,0.9808,0,9.01,0,19.52,0,13.98,0,13.12,21.42,1.7,3.12,3.29,8.29,27,13
n2_WT_F88Y_M255A_OFF_T_G17,57,0.8195,0.8241,0.9816,0,5.02,0,17.19,1,4.02,0,5.77,11.81,2.39,2.85,2.62,6.12,37,14
n2_WT_F88Y_M255A_OFF_T_G17,58,0.8194,0.8761,0.9854,0,5.82,0,18.75,0,18.64,0,15.24,23.17,3.02,0.83,6.21,4.72,29,15
n2_WT_F88Y_M255A_OFF_T_G17,59,0.8184,0.8701,0.9855,0,6.27,0,20.44,0,15.15,0,13.68,22.27,1.09,1.66,3.44,3.82,30,13
n2_WT_F88Y_M255A_OFF_T_G17,6,0.8564,0.8653,0.982,0,5.04,0,28.95,0,10.07,0,19.14,17.12,2.98,2.74,7.81,5.56,42,14
n2_WT_F88Y_M255A_OFF_T_G17,60,0.8178,0.7308,0.9761,0,5.58,0,17.92,0,15.77,0,11.93,19.81,2.0,2.15,3.95,6.2,28,12
n2_WT_F88Y_M255A_OFF_T_G17,61,0.8171,0.8083,0.9845,1,4.76,0,22.02,0,14.61,0,11.13,15.37,2.04,2.26,4.96,5.51,28,11
n2_WT_F88Y_M255A_OFF_T_G17,62,0.8164,0.8092,0.9799,0,5.81,0,18.02,1,4.93,0,7.91,13.46,2.27,2.97,4.66,4.38,38,15
n2_WT_F88Y_M255A_OFF_T_G17,63,0.8152,0.7404,0.9764,0,6.05,0,25.97,0,9.51,0,8.7,15.29,0.95,1.25,4.26,4.21,46,14
n2_WT_F88Y_M255A_OFF_T_G17,64,0.8148,0.8646,0.983,1,1.48,0,18.56,1,4.38,0,2.61,10.49,3.29,3.32,3.02,2.07,57,20
n2_WT_F88Y_M255A_OFF_T_G17,65,0.8143,0.8905,0.9819,0,5.43,0,29.43,0,12.86,0,7.92,16.03,1.91,1.76,4.29,4.07,41,17
n2_WT_F88Y_M255A_OFF_T_G17,66,0.8143,0.8029,0.9818,0,5.11,0,16.98,0,18.5,0,13.85,20.66,1.03,2.23,4.55,5.21,27,14
n2_WT_F88Y_M255A_OFF_T_G17,67,0.8132,0.7053,0.985,0,8.84,0,19.45,1,3.56,0,7.47,10.63,2.99,2.61,4.25,7.29,23,12
n2_WT_F88Y_M255A_OFF_T_G17,68,0.8118,0.8061,0.9832,0,8.72,0,19.19,0,5.07,0,3.56,9.16,2.75,3.07,4.03,7.47,31,11
n2_WT_F88Y_M255A_OFF_T_G17,69,0.8117,0.7565,0.9822,0,6.5,0,18.8,1,3.27,0,5.57,11.33,2.29,1.86,3.19,5.12,25,12
n2_WT_F88Y_M255A_OFF_T_G17,7,0.8529,0.8833,0.9832,0,6.8,0,18.43,0,28.79,0,23.88,32.67,0.36,2.81,3.4,5.72,34,14
n2_WT_F88Y_M255A_OFF_T_G17,70,0.8114,0.799,0.9833,0,6.89,0,20.49,0,14.2,0,15.4,23.49,2.84,2.58,3.35,6.41,34,12
n2_WT_F88Y_M255A_OFF_T_G17,71,0.8108,0.8332,0.9796,0,5.99,0,8.96,0,28.32,0,29.43,29.02,3.38,5.88,8.31,5.78,26,14
n2_WT_F88Y_M255A_OFF_T_G17,72,0.8105,0.832,0.9851,1,3.38,0,8.48,0,29.12,0,27.18,29.79,1.93,2.3,4.72,6.07,34,12
n2_WT_F88Y_M255A_OFF_T_G17,73,0.8101,0.8211,0.9839,1,3.53,0,8.83,0,41.15,0,39.81,40.39,2.37,1.6,5.91,5.64,30,9
n2_WT_F88Y_M255A_OFF_T_G17,74,0.81,0.8009,0.9805,0,5.03,0,18.03,0,9.62,0,8.2,10.6,2.33,3.2,4.7,4.98,35,12
n2_WT_F88Y_M255A_OFF_T_G17,75,0.8097,0.7221,0.9801,0,9.29,0,18.42,1,2.4,0,5.54,10.56,2.96,2.1,4.71,7.54,26,10
n2_WT_F88Y_M255A_OFF_T_G17,76,0.8088,0.7531,0.9847,1,4.44,0,12.82,1,3.06,0,8.61,11.67,2.59,3.35,3.63,4.58,48,15
n2_WT_F88Y_M255A_OFF_T_G17,77,0.8076,0.6906,0.9744,0,5.12,0,30.15,0,10.53,0,19.45,18.55,2.33,1.97,6.47,5.04,44,14
n2_WT_F88Y_M255A_OFF_T_G17,78,0.8069,0.8458,0.9762,0,5.99,0,16.61,0,25.21,0,23.19,26.77,1.24,0.78,5.52,5.5,35,14
n2_WT_F88Y_M255A_OFF_T_G17,79,0.804,0.8478,0.9839,1,3.87,0,22.5,0,12.01,0,10.65,17.42,1.69,1.19,4.83,5.24,36,14
n2_WT_F88Y_M255A_OFF_T_G17,8,0.85,0.8887,0.9871,1,3.77,0,17.41,0,7.0,0,6.96,14.33,2.27,2.29,3.33,5.2,39,14
n2_WT_F88Y_M255A_OFF_T_G17,80,0.8039,0.7844,0.9823,0,5.91,0,6.44,0,30.09,0,31.66,30.9,4.85,5.34,10.28,6.39,27,11
n2_WT_F88Y_M255A_OFF_T_G17,81,0.8023,0.7418,0.9773,0,7.38,0,9.05,0,29.45,0,35.34,32.39,1.64,3.62,3.76,5.98,29,14
n2_WT_F88Y_M255A_OFF_T_G17,82,0.8006,0.766,0.9821,0,7.95,0,32.85,0,27.12,0,25.47,33.66,1.91,2.28,4.16,6.48,32,11
n2_WT_F88Y_M255A_OFF_T_G17,83,0.7994,0.7722,0.9812,0,5.2,0,16.08,0,6.72,0,5.73,10.54,0.64,3.49,5.16,5.38,37,11
n2_WT_F88Y_M255A_OFF_T_G17,84,0.7973,0.7459,0.9811,0,8.44,0,17.97,1,2.59,0,8.34,10.91,2.53,2.39,3.78,8.13,24,14
n2_WT_F88Y_M255A_OFF_T_G17,85,0.7962,0.7825,0.9843,1,4.91,0,11.26,0,31.49,0,29.65,36.26,2.95,3.43,2.94,3.58,28,9
n2_WT_F88Y_M255A_OFF_T_G17,86,0.7957,0.7728,0.9843,0,6.37,0,21.46,0,13.75,0,19.4,20.91,2.44,2.69,4.38,5.95,26,14
n2_WT_F88Y_M255A_OFF_T_G17,87,0.7954,0.7349,0.8843,0,8.07,0,8.26,0,27.86,0,26.09,30.15,3.62,3.57,4.44,7.8,28,12
n2_WT_F88Y_M255A_OFF_T_G17,88,0.7934,0.7115,0.9773,0,6.11,0,17.36,1,4.72,0,5.36,10.42,2.88,2.87,4.5,5.18,34,12
n2_WT_F88Y_M255A_OFF_T_G17,89,0.7902,0.7057,0.9825,0,7.06,0,21.93,0,14.82,0,12.18,19.66,1.19,2.73,3.82,5.96,25,12
n2_WT_F88Y_M255A_OFF_T_G17,9,0.8497,0.8581,0.981,1,3.83,0,26.77,0,7.49,0,6.65,11.92,2.59,3.4,7.91,1.88,38,17
n2_WT_F88Y_M255A_OFF_T_G17,90,0.7892,0.6894,0.974,0,7.07,0,25.42,0,9.31,0,12.54,12.13,2.46,2.48,6.04,5.26,29,13
n2_WT_F88Y_M255A_OFF_T_G17,91,0.7813,0.7868,0.9738,0,5.32,0,5.93,0,21.13,0,18.49,23.6,2.81,1.92,4.57,4.71,43,16
n2_WT_F88Y_M255A_OFF_T_G17,92,0.7764,0.6824,0.9759,0,5.38,0,15.85,0,10.12,0,9.4,16.97,2.46,2.41,3.61,4.12,50,16
n2_WT_F88Y_M255A_OFF_T_G17,93,0.7735,0.6985,0.9792,0,5.98,0,21.9,0,9.45,0,9.08,14.35,2.24,2.0,4.56,5.77,28,11
n2_WT_F88Y_M255A_OFF_T_G17,94,0.7715,0.7351,0.9747,0,5.31,1,4.0,0,23.98,0,20.21,26.35,1.67,2.8,4.72,4.27,38,16
n2_WT_F88Y_M255A_OFF_T_G17,95,0.7618,0.6096,0.9795,0,8.07,0,19.06,0,18.3,0,22.03,25.3,1.32,2.58,4.24,7.35,30,15
n2_WT_F88Y_M255A_OFF_T_G17,96,0.7463,0.532,0.9701,0,6.49,0,18.71,0,24.07,0,22.0,30.44,3.38,3.11,3.18,7.46,27,12
n2_WT_F88Y_M255A_OFF_T_G17,97,0.7393,0.5477,0.9731,0,8.57,0,19.56,0,8.55,0,8.24,16.47,3.04,2.45,4.16,7.19,37,14
n2_WT_F88Y_M255A_OFF_T_G17,98,0.7184,0.4761,0.9773,1,4.04,0,31.07,0,18.82,0,9.47,17.87,2.8,2.93,3.72,5.37,37,15
n2_WT_F88Y_M255A_OFF_T_G17,99,0.7176,0.406,0.9686,0,7.3,0,19.05,0,13.18,0,14.64,22.97,2.15,3.01,3.29,5.69,30,15
n2_WT_F88Y_M255A_S1_G17,0,0.8553,0.8927,0.9875,1,3.02,0,26.5,0,25.43,0,16.97,24.75,3.22,6.46,9.91,4.01,26,9
n2_WT_F88Y_M255A_S1_G17,1,0.8526,0.8328,0.9895,1,1.17,0,26.55,0,28.55,0,22.29,28.88,5.11,6.24,11.5,1.93,31,9
n2_WT_F88Y_M255A_S1_G17,10,0.842,0.8665,0.9804,0,5.99,0,22.27,0,6.61,0,4.98,12.82,2.79,5.43,12.67,6.38,24,12
n2_WT_F88Y_M255A_S1_G17,11,0.842,0.8492,0.9885,0,6.3,1,2.51,0,41.77,0,36.02,41.07,1.76,3.07,4.14,5.94,44,12
n2_WT_F88Y_M255A_S1_G17,12,0.8419,0.9231,0.9872,0,5.63,0,12.66,1,3.64,0,1.87,4.21,1.55,1.43,2.63,4.95,48,17
n2_WT_F88Y_M255A_S1_G17,13,0.8414,0.8072,0.987,1,1.57,0,24.19,0,28.48,0,21.43,29.1,3.08,5.16,10.36,3.32,29,9
n2_WT_F88Y_M255A_S1_G17,14,0.8413,0.7836,0.9869,1,1.55,0,24.1,0,25.97,0,18.97,26.38,4.73,6.67,11.87,2.61,33,11
n2_WT_F88Y_M255A_S1_G17,15,0.8403,0.8288,0.9871,1,4.86,1,2.45,0,40.38,0,35.24,39.96,1.68,3.28,4.08,5.23,45,13
n2_WT_F88Y_M255A_S1_G17,16,0.837,0.7582,0.9831,0,5.88,0,21.43,0,24.81,0,22.35,25.67,2.94,3.23,4.51,4.95,36,10
n2_WT_F88Y_M255A_S1_G17,17,0.8368,0.9323,0.9883,1,3.98,0,11.92,1,2.63,0,3.58,3.71,2.51,1.94,3.08,2.97,44,16
n2_WT_F88Y_M255A_S1_G17,18,0.8364,0.8759,0.9879,1,4.2,0,7.41,1,1.32,0,2.95,6.64,1.07,2.8,8.98,4.82,36,12
n2_WT_F88Y_M255A_S1_G17,19,0.8353,0.8602,0.989,1,1.21,0,24.35,0,25.7,0,19.74,26.79,0.32,3.35,11.91,3.22,44,14
n2_WT_F88Y_M255A_S1_G17,2,0.8508,0.8263,0.9877,1,4.7,0,22.79,0,21.02,0,17.28,23.0,2.41,3.35,5.7,5.87,30,10
n2_WT_F88Y_M255A_S1_G17,20,0.835,0.8599,0.9833,0,5.34,0,16.7,1,0.98,0,0.65,7.3,2.65,2.44,8.38,4.76,31,11
n2_WT_F88Y_M255A_S1_G17,21,0.8342,0.7744,0.984,1,1.99,0,25.14,0,27.33,0,20.97,28.07,2.23,4.17,12.25,2.93,31,9
n2_WT_F88Y_M255A_S1_G17,22,0.8337,0.7943,0.9843,0,6.58,1,4.61,0,39.03,0,36.49,38.76,0.83,2.92,4.9,5.72,32,11
n2_WT_F88Y_M255A_S1_G17,23,0.833,0.7942,0.988,1,2.49,0,22.32,0,30.07,0,24.26,31.09,5.96,6.93,12.52,2.38,40,10
n2_WT_F88Y_M255A_S1_G17,24,0.8327,0.7729,0.9846,1,3.16,0,18.23,0,19.3,0,10.15,17.7,2.97,2.75,4.3,5.26,43,13
n2_WT_F88Y_M255A_S1_G17,25,0.8326,0.9119,0.9871,1,4.0,0,12.41,1,2.64,0,1.08,5.34,2.14,3.22,3.8,1.54,51,17
n2_WT_F88Y_M255A_S1_G17,26,0.831,0.8998,0.9851,1,4.7,0,11.71,1,3.28,0,2.73,6.36,2.09,2.02,3.04,4.21,49,20
n2_WT_F88Y_M255A_S1_G17,27,0.8305,0.8127,0.9865,1,2.76,1,4.95,1,3.14,1,2.01,5.98,2.71,3.58,2.46,5.34,40,12
n2_WT_F88Y_M255A_S1_G17,28,0.83,0.8894,0.9831,0,5.22,0,12.83,1,3.08,0,2.35,5.72,1.34,1.96,3.81,3.6,46,19
n2_WT_F88Y_M255A_S1_G17,29,0.8297,0.7669,0.9851,1,2.77,0,19.92,0,32.8,0,25.81,33.32,3.65,5.5,8.7,1.16,35,12
n2_WT_F88Y_M255A_S1_G17,3,0.8505,0.8416,0.9888,1,0.63,0,22.28,0,26.79,0,20.49,27.5,4.31,6.08,11.71,2.41,29,8
n2_WT_F88Y_M255A_S1_G17,30,0.8295,0.8008,0.9882,1,3.75,0,21.36,0,28.78,0,21.94,29.69,1.82,5.74,12.1,2.34,35,9
n2_WT_F88Y_M255A_S1_G17,31,0.8294,0.8319,0.9856,0,7.07,0,19.38,0,17.68,0,14.82,22.09,5.07,3.08,10.05,6.22,30,10
n2_WT_F88Y_M255A_S1_G17,32,0.8273,0.8927,0.9838,1,4.78,0,12.04,1,1.6,0,1.59,8.0,2.54,3.06,7.03,4.64,35,15
n2_WT_F88Y_M255A_S1_G17,33,0.8269,0.7731,0.9836,1,4.92,0,20.81,0,22.48,0,18.39,23.93,2.9,3.09,8.21,5.19,28,10
n2_WT_F88Y_M255A_S1_G17,34,0.8259,0.811,0.987,1,4.47,1,4.31,1,2.16,1,1.49,6.05,2.54,2.6,1.86,6.66,37,13
n2_WT_F88Y_M255A_S1_G17,35,0.8259,0.732,0.9842,1,1.89,0,18.44,0,25.41,0,18.28,25.94,3.11,3.59,5.5,2.38,35,10
n2_WT_F88Y_M255A_S1_G17,36,0.8248,0.8752,0.9865,1,1.83,0,13.84,0,27.91,0,21.53,28.48,2.47,1.97,4.0,3.26,35,17
n2_WT_F88Y_M255A_S1_G17,37,0.8247,0.843,0.9789,1,2.84,0,17.54,0,19.5,0,13.15,20.16,2.48,2.01,6.09,1.78,38,16
n2_WT_F88Y_M255A_S1_G17,38,0.8245,0.896,0.9847,0,5.55,0,12.42,1,3.14,0,2.75,6.78,1.29,2.63,3.43,4.19,45,17
n2_WT_F88Y_M255A_S1_G17,39,0.8237,0.7651,0.9876,1,2.05,0,23.16,0,30.36,0,24.42,31.53,0.67,5.8,12.27,3.18,33,8
n2_WT_F88Y_M255A_S1_G17,4,0.8495,0.9329,0.9875,1,2.93,0,8.59,0,28.42,0,21.74,29.5,2.55,0.96,4.42,1.65,48,22
n2_WT_F88Y_M255A_S1_G17,40,0.8235,0.7413,0.9857,1,1.79,0,22.48,0,30.35,0,24.72,31.75,1.48,5.16,12.07,2.49,30,10
n2_WT_F88Y_M255A_S1_G17,41,0.8235,0.7966,0.981,0,6.31,0,12.29,0,14.91,0,9.17,16.36,2.51,3.2,3.88,6.05,38,18
n2_WT_F88Y_M255A_S1_G17,42,0.8232,0.8102,0.9872,1,4.06,1,4.29,1,2.91,1,2.39,4.69,3.28,2.76,4.39,6.29,38,13
n2_WT_F88Y_M255A_S1_G17,43,0.823,0.8178,0.9886,1,2.52,0,5.76,0,9.5,0,6.9,12.45,1.52,2.54,4.58,6.05,39,11
n2_WT_F88Y_M255A_S1_G17,44,0.822,0.7937,0.9861,1,3.29,1,4.96,1,2.21,1,2.58,4.2,2.8,3.04,2.8,6.21,36,12
n2_WT_F88Y_M255A_S1_G17,45,0.8219,0.7678,0.9848,1,2.4,1,4.18,1,2.48,1,2.34,6.42,2.83,2.15,2.65,3.77,46,12
n2_WT_F88Y_M255A_S1_G17,46,0.8217,0.7969,0.9854,0,5.77,1,3.87,0,33.18,0,34.58,35.88,2.61,2.68,5.76,5.44,31,12
n2_WT_F88Y_M255A_S1_G17,47,0.8213,0.7804,0.9843,0,5.72,1,1.88,0,21.47,0,20.19,24.24,1.07,2.59,3.63,4.8,41,12
n2_WT_F88Y_M255A_S1_G17,48,0.8209,0.8591,0.9798,1,3.16,0,18.08,0,20.28,0,15.69,21.22,2.47,3.24,3.97,2.24,41,18
n2_WT_F88Y_M255A_S1_G17,49,0.8209,0.8967,0.9835,0,6.76,0,14.32,1,1.44,0,2.76,7.48,1.41,3.1,9.73,6.25,30,11
n2_WT_F88Y_M255A_S1_G17,5,0.8463,0.8506,0.9881,0,5.83,1,3.14,0,42.85,0,37.08,42.0,2.4,3.36,4.08,5.24,43,13
n2_WT_F88Y_M255A_S1_G17,50,0.8194,0.8778,0.9829,0,6.6,0,15.05,1,2.03,0,2.08,6.55,4.07,3.07,9.97,6.03,33,9
n2_WT_F88Y_M255A_S1_G17,51,0.8194,0.7922,0.9852,1,2.94,1,4.24,1,1.92,1,1.2,6.74,1.79,2.63,3.51,5.32,34,11
n2_WT_F88Y_M255A_S1_G17,52,0.817,0.7829,0.9857,1,2.42,1,3.74,1,3.53,1,2.78,7.15,2.36,2.9,3.97,5.93,49,12
n2_WT_F88Y_M255A_S1_G17,53,0.8169,0.8204,0.9865,1,2.03,0,12.6,0,36.26,0,29.12,37.03,2.73,1.26,4.27,3.58,42,15
n2_WT_F88Y_M255A_S1_G17,54,0.8164,0.8821,0.9845,0,9.83,0,11.22,1,2.73,0,1.62,4.42,2.96,1.83,3.77,7.15,34,17
n2_WT_F88Y_M255A_S1_G17,55,0.8146,0.7826,0.9858,1,3.28,0,5.23,1,2.33,0,2.75,7.74,2.99,2.77,2.82,5.42,38,13
n2_WT_F88Y_M255A_S1_G17,56,0.814,0.8293,0.9796,0,7.38,0,10.78,0,21.35,0,13.4,20.67,0.6,2.17,4.18,7.4,46,21
n2_WT_F88Y_M255A_S1_G17,57,0.8132,0.8195,0.9774,1,4.23,0,17.29,0,19.94,0,14.83,20.89,2.62,0.83,7.08,3.47,36,17
n2_WT_F88Y_M255A_S1_G17,58,0.8124,0.7344,0.9832,0,6.63,1,3.16,0,42.82,0,36.88,42.15,2.05,2.65,4.94,6.99,47,13
n2_WT_F88Y_M255A_S1_G17,59,0.8123,0.8187,0.9869,1,3.24,1,3.17,1,2.53,1,2.02,6.04,4.38,3.02,3.11,5.65,40,14
n2_WT_F88Y_M255A_S1_G17,6,0.8455,0.8296,0.9881,1,1.51,0,23.29,0,27.15,0,21.12,27.38,2.73,6.3,10.57,2.86,35,10
n2_WT_F88Y_M255A_S1_G17,60,0.8118,0.8558,0.9836,1,3.76,1,3.12,1,3.77,1,2.0,7.34,2.38,1.75,3.67,6.11,47,16
n2_WT_F88Y_M255A_S1_G17,61,0.8098,0.7744,0.9851,1,2.45,1,4.25,1,2.43,1,1.79,5.97,3.27,2.28,2.89,5.56,39,11
n2_WT_F88Y_M255A_S1_G17,62,0.8077,0.8559,0.9845,1,3.27,0,5.98,1,1.65,0,1.71,5.66,1.79,2.74,7.65,2.27,36,12
n2_WT_F88Y_M255A_S1_G17,63,0.8065,0.7439,0.9852,1,2.49,0,5.53,1,2.71,0,0.71,4.98,3.13,0.9,4.13,5.31,38,13
n2_WT_F88Y_M255A_S1_G17,64,0.8025,0.7661,0.9833,1,4.19,0,13.42,0,45.55,0,39.26,43.91,3.13,3.07,6.19,5.21,34,11
n2_WT_F88Y_M255A_S1_G17,65,0.8018,0.7262,0.979,0,5.07,0,12.42,1,1.33,0,1.31,6.73,2.98,3.26,5.78,5.7,29,10
n2_WT_F88Y_M255A_S1_G17,66,0.8011,0.7889,0.9852,1,0.81,0,12.22,0,28.11,0,21.92,28.16,1.66,2.59,3.65,3.42,51,23
n2_WT_F88Y_M255A_S1_G17,67,0.7996,0.7778,0.9838,0,6.55,0,15.3,1,1.36,0,2.96,5.96,2.27,2.19,3.54,6.35,37,14
n2_WT_F88Y_M255A_S1_G17,68,0.7988,0.7906,0.9805,1,1.65,0,18.13,0,32.16,0,26.83,33.93,2.82,2.77,6.54,2.76,43,16
n2_WT_F88Y_M255A_S1_G17,69,0.7988,0.772,0.9876,0,6.3,0,13.33,0,44.09,0,38.78,44.0,3.09,1.67,4.56,6.13,35,14
n2_WT_F88Y_M255A_S1_G17,7,0.8448,0.838,0.9877,0,5.72,1,3.52,0,38.7,0,34.11,38.62,1.69,2.16,4.87,5.69,40,12
n2_WT_F88Y_M255A_S1_G17,70,0.7983,0.8101,0.982,1,2.08,0,18.67,0,27.37,0,22.22,28.53,3.07,1.1,6.08,2.97,41,17
n2_WT_F88Y_M255A_S1_G17,71,0.7965,0.6308,0.9779,0,6.95,0,23.11,0,20.98,0,17.31,22.65,2.75,3.26,5.45,6.11,37,10
n2_WT_F88Y_M255A_S1_G17,72,0.7964,0.8204,0.9813,1,4.79,0,12.99,1,0.72,0,1.43,6.78,2.44,2.78,8.31,5.35,33,9
n2_WT_F88Y_M255A_S1_G17,73,0.7932,0.7565,0.9851,1,4.9,0,12.1,0,40.45,0,38.17,37.82,2.07,2.75,5.86,5.38,21,9
n2_WT_F88Y_M255A_S1_G17,74,0.7926,0.7314,0.9814,1,3.86,0,12.77,0,12.6,0,7.04,13.87,2.78,1.68,4.64,4.7,47,15
n2_WT_F88Y_M255A_S1_G17,75,0.7918,0.8012,0.9795,1,1.29,0,19.78,0,39.49,0,31.54,39.22,2.05,2.97,4.83,2.96,52,17
n2_WT_F88Y_M255A_S1_G17,76,0.7918,0.7989,0.9781,1,3.21,0,17.81,0,16.93,0,14.0,19.48,2.88,2.11,5.52,4.14,37,15
n2_WT_F88Y_M255A_S1_G17,77,0.7913,0.7756,0.9805,1,0.82,0,15.79,0,37.9,0,30.66,37.81,2.06,2.48,4.53,2.29,50,18
n2_WT_F88Y_M255A_S1_G17,78,0.787,0.7613,0.9836,0,9.06,0,15.6,0,42.73,0,36.89,42.31,0.49,2.92,6.82,6.29,22,11
n2_WT_F88Y_M255A_S1_G17,79,0.7867,0.7058,0.9783,1,1.75,0,9.9,0,28.78,0,22.21,29.19,1.96,3.19,3.92,3.01,45,17
n2_WT_F88Y_M255A_S1_G17,8,0.8444,0.8836,0.9833,1,4.49,1,3.46,1,3.2,1,1.33,4.97,2.74,2.03,4.49,6.2,37,12
n2_WT_F88Y_M255A_S1_G17,80,0.7859,0.628,0.9789,0,6.06,0,17.03,0,25.47,0,22.19,25.59,2.4,2.54,3.65,5.28,22,10
n2_WT_F88Y_M255A_S1_G17,81,0.785,0.8088,0.9804,0,5.33,0,11.83,1,2.22,0,2.91,7.43,2.79,2.33,3.96,6.26,34,14
n2_WT_F88Y_M255A_S1_G17,82,0.7834,0.7798,0.9793,1,1.77,0,18.76,0,21.96,0,13.95,21.36,2.06,2.79,4.32,3.19,41,16
n2_WT_F88Y_M255A_S1_G17,83,0.7812,0.605,0.9806,1,4.42,0,18.14,0,24.09,0,21.95,24.13,2.48,1.59,3.09,3.82,31,12
n2_WT_F88Y_M255A_S1_G17,84,0.7808,0.7276,0.9845,0,5.7,1,3.16,1,2.88,1,2.69,6.02,2.16,3.54,6.79,6.19,36,11
n2_WT_F88Y_M255A_S1_G17,85,0.7802,0.6963,0.9811,1,3.75,0,11.62,1,2.86,0,2.38,4.5,3.32,2.36,2.77,2.4,46,19
n2_WT_F88Y_M255A_S1_G17,86,0.7797,0.7368,0.9821,1,2.7,1,4.81,1,2.48,1,2.82,5.9,2.32,3.79,5.46,6.59,43,13
n2_WT_F88Y_M255A_S1_G17,87,0.7797,0.6783,0.9828,1,4.56,0,13.19,0,43.09,0,44.75,43.16,3.11,1.08,6.68,5.03,26,12
n2_WT_F88Y_M255A_S1_G17,88,0.7785,0.7462,0.973,1,2.48,0,16.9,0,32.61,0,26.84,33.86,2.93,2.62,5.36,2.32,45,17
n2_WT_F88Y_M255A_S1_G17,89,0.7779,0.7822,0.9768,1,4.25,0,10.37,0,21.3,0,14.71,21.6,2.33,2.36,4.31,4.95,44,16
n2_WT_F88Y_M255A_S1_G17,9,0.8421,0.7998,0.9856,1,1.21,0,23.0,0,28.13,0,21.74,28.11,4.27,6.42,10.82,2.88,35,10
n2_WT_F88Y_M255A_S1_G17,90,0.7767,0.5842,0.9784,0,7.2,0,22.28,0,21.21,0,18.06,22.32,2.42,1.32,6.38,6.28,28,10
n2_WT_F88Y_M255A_S1_G17,91,0.7755,0.7547,0.9797,1,4.58,0,11.86,1,0.52,0,1.92,4.78,1.45,2.72,7.15,4.71,32,13
n2_WT_F88Y_M255A_S1_G17,92,0.775,0.6323,0.9802,0,8.57,0,8.4,1,2.89,0,2.02,4.72,2.14,2.19,4.08,6.87,31,12
n2_WT_F88Y_M255A_S1_G17,93,0.7745,0.7984,0.8843,0,6.43,0,12.55,1,3.83,0,3.3,4.5,1.91,1.92,3.7,3.53,42,18
n2_WT_F88Y_M255A_S1_G17,94,0.774,0.7358,0.9789,1,4.77,0,12.47,1,1.33,0,1.55,7.15,3.55,2.47,7.05,5.59,33,10
n2_WT_F88Y_M255A_S1_G17,95,0.7695,0.7322,0.9831,0,6.01,0,12.48,0,43.41,0,40.09,41.76,1.76,1.03,6.28,6.11,29,11
n2_WT_F88Y_M255A_S1_G17,96,0.7681,0.7222,0.978,0,6.32,0,14.44,1,2.29,0,1.79,7.34,2.53,1.33,7.12,6.07,32,12
n2_WT_F88Y_M255A_S1_G17,97,0.7619,0.6654,0.9802,1,2.23,1,2.89,1,2.43,1,1.4,5.32,2.49,3.95,4.52,5.4,39,17
n2_WT_F88Y_M255A_S1_G17,98,0.7568,0.5788,0.9753,0,5.53,0,13.99,0,22.82,0,16.62,22.81,0.74,2.56,5.83,4.66,35,15
n2_WT_F88Y_M255A_S1_G17,99,0.7538,0.5718,0.9773,1,2.52,0,13.81,0,26.98,0,20.47,27.53,1.25,2.49,4.3,3.42,48,21
n2_WT_F88Y_M255I_OFF_T_G17,0,0.8765,0.9133,0.9827,0,6.92,0,19.0,0,8.83,0,13.39,17.4,2.52,3.24,3.38,7.7,38,13
n2_WT_F88Y_M255I_OFF_T_G17,1,0.8578,0.9278,0.9907,1,2.06,0,18.35,0,9.65,0,6.04,11.96,1.38,2.52,3.28,2.77,48,19
n2_WT_F88Y_M255I_OFF_T_G17,10,0.8452,0.8695,0.9818,1,4.44,0,17.71,0,12.01,0,9.49,15.22,2.66,2.7,4.8,5.24,40,15
n2_WT_F88Y_M255I_OFF_T_G17,11,0.8446,0.8558,0.987,1,4.3,0,12.77,0,5.38,0,10.56,13.03,2.61,1.51,4.29,5.54,41,16
n2_WT_F88Y_M255I_OFF_T_G17,12,0.8433,0.8919,0.9818,0,10.27,0,13.53,0,30.8,0,29.38,31.71,1.16,2.17,4.52,7.62,27,16
n2_WT_F88Y_M255I_OFF_T_G17,13,0.8432,0.8291,0.984,0,5.52,0,26.94,0,18.05,0,17.22,22.55,2.52,1.57,3.74,3.74,31,11
n2_WT_F88Y_M255I_OFF_T_G17,14,0.843,0.8741,0.9843,0,5.78,0,19.43,0,12.72,0,11.35,17.49,1.99,3.44,5.82,4.91,31,13
n2_WT_F88Y_M255I_OFF_T_G17,15,0.8417,0.8845,0.9795,0,7.98,0,11.4,0,30.92,0,30.69,31.69,6.92,1.89,5.44,6.02,27,13
n2_WT_F88Y_M255I_OFF_T_G17,16,0.8414,0.907,0.9793,0,5.84,0,20.88,0,15.07,0,8.91,14.66,1.15,3.09,3.53,5.77,44,19
n2_WT_F88Y_M255I_OFF_T_G17,17,0.8414,0.8391,0.9786,0,5.01,0,23.95,0,9.01,0,14.39,17.36,1.81,1.97,7.03,2.81,33,14
n2_WT_F88Y_M255I_OFF_T_G17,18,0.8414,0.8927,0.981,0,8.86,0,13.95,0,31.31,0,30.51,31.86,8.23,2.66,6.6,7.53,25,13
n2_WT_F88Y_M255I_OFF_T_G17,19,0.8411,0.8918,0.9814,0,5.53,0,15.12,0,10.47,0,9.89,15.27,2.59,2.3,6.37,5.44,40,15
n2_WT_F88Y_M255I_OFF_T_G17,2,0.8543,0.9097,0.985,0,6.68,0,19.47,0,8.49,0,5.92,10.85,1.74,2.68,3.26,6.16,47,19
n2_WT_F88Y_M255I_OFF_T_G17,20,0.8405,0.8398,0.9836,0,5.16,0,19.18,0,17.22,0,15.35,20.97,2.77,3.47,4.18,6.07,26,14
n2_WT_F88Y_M255I_OFF_T_G17,21,0.8401,0.8603,0.9809,0,5.77,0,15.86,0,14.82,0,13.52,19.37,1.81,2.41,3.44,4.92,37,14
n2_WT_F88Y_M255I_OFF_T_G17,22,0.8392,0.8869,0.9829,0,6.1,0,17.54,0,32.4,0,28.2,34.15,1.59,2.46,2.47,5.87,32,14
n2_WT_F88Y_M255I_OFF_T_G17,23,0.8385,0.7946,0.985,0,5.16,0,27.28,0,16.94,0,25.2,27.08,2.66,1.6,2.16,5.68,26,9
n2_WT_F88Y_M255I_OFF_T_G17,24,0.836,0.8048,0.987,1,2.24,0,34.72,0,17.45,0,21.17,24.0,0.74,1.52,4.6,5.66,41,13
n2_WT_F88Y_M255I_OFF_T_G17,25,0.8354,0.8589,0.9833,0,6.08,0,24.27,0,19.72,0,16.87,21.68,2.21,3.04,2.73,4.94,36,12
n2_WT_F88Y_M255I_OFF_T_G17,26,0.8351,0.8936,0.9816,1,4.21,0,15.18,1,3.3,0,2.21,7.74,1.5,3.72,2.96,4.98,43,16
n2_WT_F88Y_M255I_OFF_T_G17,27,0.8342,0.8648,0.9837,0,5.5,0,21.45,0,17.54,0,20.69,25.3,2.66,2.96,3.94,4.54,35,14
n2_WT_F88Y_M255I_OFF_T_G17,28,0.8341,0.8062,0.9839,1,4.79,0,25.12,0,47.33,0,51.24,50.14,1.93,2.12,4.89,5.11,37,15
n2_WT_F88Y_M255I_OFF_T_G17,29,0.8338,0.7985,0.9796,0,9.01,0,18.52,0,20.77,0,16.96,23.24,2.87,3.3,4.72,7.72,31,11
n2_WT_F88Y_M255I_OFF_T_G17,3,0.8517,0.9015,0.9823,0,7.93,0,22.05,0,16.67,0,12.88,18.29,3.13,2.69,3.69,7.24,45,16
n2_WT_F88Y_M255I_OFF_T_G17,30,0.833,0.893,0.9828,0,6.7,0,16.68,0,10.16,0,8.89,14.31,3.21,3.72,2.87,4.59,41,18
n2_WT_F88Y_M255I_OFF_T_G17,31,0.8329,0.8646,0.981,0,6.34,0,13.29,1,4.95,0,2.48,8.21,3.06,2.05,4.55,5.61,50,18
n2_WT_F88Y_M255I_OFF_T_G17,32,0.8326,0.8351,0.9786,0,6.79,0,18.55,0,31.17,0,28.35,33.78,2.74,3.58,3.25,6.25,29,12
n2_WT_F88Y_M255I_OFF_T_G17,33,0.8319,0.8594,0.9831,0,7.27,0,19.23,0,11.18,0,7.0,11.84,3.33,1.89,4.28,7.54,37,14
n2_WT_F88Y_M255I_OFF_T_G17,34,0.8304,0.8619,0.9827,0,6.65,0,19.58,0,7.65,0,6.26,11.42,3.35,2.4,5.36,5.41,30,10
n2_WT_F88Y_M255I_OFF_T_G17,35,0.8301,0.8278,0.9798,0,7.4,0,8.68,0,34.39,0,39.33,36.58,1.86,3.48,4.55,5.92,32,14
n2_WT_F88Y_M255I_OFF_T_G17,36,0.83,0.8163,0.9785,0,6.63,0,16.85,0,32.45,0,30.66,36.18,2.67,3.41,5.59,5.64,28,13
n2_WT_F88Y_M255I_OFF_T_G17,37,0.8292,0.8293,0.982,0,9.96,0,17.14,0,20.33,0,17.32,22.67,5.09,1.28,5.45,9.25,26,12
n2_WT_F88Y_M255I_OFF_T_G17,38,0.8275,0.793,0.9799,0,8.01,0,19.08,0,17.44,0,15.33,20.97,2.86,2.43,4.39,8.25,30,13
n2_WT_F88Y_M255I_OFF_T_G17,39,0.8266,0.9158,0.9862,0,5.4,0,21.4,0,9.43,0,6.95,12.59,1.03,3.02,4.67,3.8,41,18
n2_WT_F88Y_M255I_OFF_T_G17,4,0.8516,0.9094,0.9828,0,5.65,0,23.14,0,5.51,0,5.5,8.72,2.27,2.13,6.9,5.39,38,17
n2_WT_F88Y_M255I_OFF_T_G17,40,0.8261,0.787,0.9825,0,5.64,0,34.6,0,26.02,0,25.41,30.28,1.9,2.17,4.01,6.53,33,10
n2_WT_F88Y_M255I_OFF_T_G17,41,0.8258,0.891,0.983,1,3.71,0,14.99,0,9.16,0,6.82,12.65,1.07,3.02,4.2,3.3,45,19
n2_WT_F88Y_M255I_OFF_T_G17,42,0.8251,0.8878,0.986,0,5.87,0,18.82,0,19.96,0,16.17,22.22,1.37,2.27,5.28,3.51,28,15
n2_WT_F88Y_M255I_OFF_T_G17,43,0.8251,0.9111,0.9845,0,6.6,0,26.01,0,15.04,0,6.92,13.37,1.57,2.91,4.25,6.15,42,17
n2_WT_F88Y_M255I_OFF_T_G17,44,0.8238,0.8246,0.9821,0,6.99,0,19.54,0,29.26,0,26.06,32.91,0.98,2.06,2.46,5.81,28,15
n2_WT_F88Y_M255I_OFF_T_G17,45,0.8238,0.9078,0.9851,1,0.91,0,21.11,0,15.99,0,14.41,19.39,2.55,3.34,3.59,2.19,51,18
n2_WT_F88Y_M255I_OFF_T_G17,46,0.8234,0.8529,0.9845,1,3.9,0,22.8,0,14.8,0,11.01,16.33,1.86,3.35,4.18,5.25,43,22
n2_WT_F88Y_M255I_OFF_T_G17,47,0.8231,0.8903,0.9863,1,3.39,0,22.23,0,16.52,0,14.58,19.79,1.39,1.78,3.01,3.12,46,17
n2_WT_F88Y_M255I_OFF_T_G17,48,0.8227,0.8899,0.9821,0,7.32,0,10.42,0,28.52,0,28.55,30.06,1.45,1.61,2.99,4.15,32,12
n2_WT_F88Y_M255I_OFF_T_G17,49,0.8205,0.8488,0.9821,1,1.69,0,24.53,0,12.46,0,11.19,15.85,1.56,2.68,4.21,3.93,41,15
n2_WT_F88Y_M255I_OFF_T_G17,5,0.8505,0.8862,0.9858,1,4.16,0,17.57,0,12.38,0,13.06,16.5,3.38,2.31,3.09,4.97,52,16
n2_WT_F88Y_M255I_OFF_T_G17,50,0.8193,0.8784,0.9851,0,5.02,0,26.76,0,16.1,0,9.33,15.62,1.56,2.13,3.78,3.45,39,17
n2_WT_F88Y_M255I_OFF_T_G17,51,0.8193,0.8369,0.9787,0,6.43,0,11.47,0,31.18,0,30.42,31.79,4.01,1.79,3.16,3.59,37,18
n2_WT_F88Y_M255I_OFF_T_G17,52,0.8193,0.7856,0.9859,1,4.43,0,11.43,0,31.4,0,30.56,35.02,2.5,3.26,1.52,3.37,34,12
n2_WT_F88Y_M255I_OFF_T_G17,53,0.8192,0.8531,0.9815,1,3.49,0,13.48,0,21.58,0,22.45,27.43,1.47,2.93,3.63,4.0,40,15
n2_WT_F88Y_M255I_OFF_T_G17,54,0.8173,0.8208,0.9872,1,4.69,0,11.82,0,6.44,0,8.13,12.02,2.83,3.23,3.72,5.08,42,11
n2_WT_F88Y_M255I_OFF_T_G17,55,0.8169,0.8426,0.9816,0,6.93,0,7.85,0,22.73,0,20.36,24.89,3.14,0.68,5.58,7.58,28,12
n2_WT_F88Y_M255I_OFF_T_G17,56,0.8161,0.7803,0.9818,0,6.96,0,17.46,0,11.46,0,17.01,19.75,2.5,2.92,4.35,6.33,36,14
n2_WT_F88Y_M255I_OFF_T_G17,57,0.8154,0.7822,0.9794,0,6.71,0,16.97,0,18.93,0,22.13,26.79,2.38,1.39,3.58,5.9,36,16
n2_WT_F88Y_M255I_OFF_T_G17,58,0.8149,0.7429,0.9809,1,4.75,0,19.1,0,19.42,0,15.08,20.52,2.08,2.34,5.38,4.87,35,12
n2_WT_F88Y_M255I_OFF_T_G17,59,0.8143,0.7911,0.9795,0,5.21,0,9.79,0,31.14,0,31.19,31.27,4.29,5.08,9.7,4.78,26,11
n2_WT_F88Y_M255I_OFF_T_G17,6,0.8505,0.854,0.9815,0,6.25,0,25.34,0,7.78,0,9.47,14.2,1.92,2.49,4.89,4.48,37,13
n2_WT_F88Y_M255I_OFF_T_G17,60,0.8134,0.8469,0.9844,0,5.41,0,5.53,0,23.64,0,20.28,25.62,3.78,3.16,3.86,6.54,38,16
n2_WT_F88Y_M255I_OFF_T_G17,61,0.813,0.8394,0.9818,0,6.19,0,21.09,0,14.63,0,8.13,13.84,1.67,2.13,3.74,5.67,40,17
n2_WT_F88Y_M255I_OFF_T_G17,62,0.8104,0.8043,0.9839,0,6.36,0,22.25,0,29.46,0,27.14,32.68,2.71,2.12,4.41,3.16,28,11
n2_WT_F88Y_M255I_OFF_T_G17,63,0.81,0.799,0.9815,0,5.24,0,17.41,0,7.8,0,4.21,8.39,2.92,2.79,3.56,5.69,40,14
n2_WT_F88Y_M255I_OFF_T_G17,64,0.8099,0.8675,0.9809,0,6.08,0,9.31,0,29.88,0,29.42,31.26,2.42,2.29,3.25,3.09,34,15
n2_WT_F88Y_M255I_OFF_T_G17,65,0.808,0.7175,0.9816,1,4.63,0,32.8,0,25.36,0,20.32,25.61,1.43,2.86,1.94,4.98,38,11
n2_WT_F88Y_M255I_OFF_T_G17,66,0.8071,0.8968,0.9844,0,8.39,0,7.47,0,26.58,0,24.91,28.71,2.86,2.02,3.96,6.66,41,19
n2_WT_F88Y_M255I_OFF_T_G17,67,0.8063,0.8824,0.9837,1,1.78,0,26.35,0,15.74,0,10.17,16.57,1.89,2.25,3.71,4.89,51,21
n2_WT_F88Y_M255I_OFF_T_G17,68,0.805,0.794,0.9813,0,6.68,0,9.0,0,30.03,0,34.13,32.53,2.66,1.23,3.99,6.99,27,11
n2_WT_F88Y_M255I_OFF_T_G17,69,0.805,0.7517,0.9828,0,6.02,0,31.86,0,28.64,0,26.41,31.71,2.18,2.29,5.33,6.38,34,12
n2_WT_F88Y_M255I_OFF_T_G17,7,0.8491,0.8485,0.9827,0,8.06,0,20.26,0,37.48,0,42.91,40.79,3.35,3.64,5.14,6.3,28,10
n2_WT_F88Y_M255I_OFF_T_G17,70,0.8044,0.7955,0.9839,0,6.05,0,18.44,0,14.66,0,9.79,16.18,2.8,3.04,4.18,6.27,33,15
n2_WT_F88Y_M255I_OFF_T_G17,71,0.8039,0.8508,0.9799,0,5.78,0,24.11,0,13.86,0,14.61,18.23,2.33,2.84,4.29,5.07,41,15
n2_WT_F88Y_M255I_OFF_T_G17,72,0.8027,0.7611,0.9795,0,5.68,0,21.73,0,15.01,0,15.03,20.41,1.52,0.61,4.25,5.25,43,17
n2_WT_F88Y_M255I_OFF_T_G17,73,0.8027,0.787,0.9778,0,6.74,0,19.07,1,2.34,0,2.52,6.47,0.76,2.61,1.99,5.72,35,14
n2_WT_F88Y_M255I_OFF_T_G17,74,0.8024,0.8282,0.9811,0,6.32,0,19.11,0,21.0,0,18.38,24.2,0.81,1.66,4.0,5.12,35,13
n2_WT_F88Y_M255I_OFF_T_G17,75,0.8011,0.8265,0.9794,0,5.77,0,17.69,0,22.82,0,20.31,25.66,2.47,3.08,3.12,4.05,25,13
n2_WT_F88Y_M255I_OFF_T_G17,76,0.8007,0.7879,0.9784,0,6.44,0,19.35,0,7.16,0,6.86,10.82,2.29,2.36,4.03,5.89,42,12
n2_WT_F88Y_M255I_OFF_T_G17,77,0.8001,0.8019,0.9788,0,5.67,0,21.92,0,15.28,0,7.65,13.85,0.6,3.73,4.14,5.55,35,17
n2_WT_F88Y_M255I_OFF_T_G17,78,0.7993,0.8339,0.9827,0,6.72,0,27.67,0,8.72,0,7.53,11.13,3.68,1.56,5.02,5.99,29,12
n2_WT_F88Y_M255I_OFF_T_G17,79,0.7969,0.7573,0.977,0,5.0,0,18.58,0,22.56,0,18.43,23.79,1.57,2.1,4.62,3.48,29,12
n2_WT_F88Y_M255I_OFF_T_G17,8,0.8487,0.8992,0.9819,0,5.03,0,23.32,0,15.44,0,8.99,15.04,1.89,3.12,4.26,5.66,41,17
n2_WT_F88Y_M255I_OFF_T_G17,80,0.7965,0.8095,0.9799,1,4.85,0,20.86,0,15.95,0,14.64,20.42,1.85,2.75,6.94,4.66,29,13
n2_WT_F88Y_M255I_OFF_T_G17,81,0.7963,0.7181,0.9795,0,8.23,0,17.24,1,3.45,0,3.96,7.85,2.98,1.54,2.99,7.02,23,10
n2_WT_F88Y_M255I_OFF_T_G17,82,0.7958,0.7864,0.9756,0,5.5,0,16.39,0,11.78,0,10.54,15.88,2.89,3.03,3.72,3.55,29,12
n2_WT_F88Y_M255I_OFF_T_G17,83,0.7957,0.7762,0.9852,1,4.89,0,25.66,0,24.69,0,25.28,29.75,0.42,2.04,6.43,6.39,29,10
n2_WT_F88Y_M255I_OFF_T_G17,84,0.7955,0.6549,0.9757,1,4.68,0,28.36,0,9.52,0,17.01,15.0,2.67,0.51,6.37,5.39,41,13
n2_WT_F88Y_M255I_OFF_T_G17,85,0.7945,0.8021,0.9841,1,4.56,0,16.59,0,5.66,0,8.95,14.73,2.55,3.0,3.48,4.24,33,11
n2_WT_F88Y_M255I_OFF_T_G17,86,0.7943,0.6264,0.9741,0,5.44,0,22.92,0,35.57,0,41.74,39.21,4.07,2.42,3.22,5.11,39,13
n2_WT_F88Y_M255I_OFF_T_G17,87,0.7936,0.7524,0.9795,0,7.0,0,15.46,0,11.31,0,16.64,19.67,1.55,2.29,2.8,5.42,34,14
n2_WT_F88Y_M255I_OFF_T_G17,88,0.7932,0.8023,0.9797,0,6.33,0,17.88,1,1.67,0,7.52,9.01,1.53,2.36,4.84,5.63,42,18
n2_WT_F88Y_M255I_OFF_T_G17,89,0.7929,0.7091,0.9776,0,8.78,0,18.81,0,10.64,0,15.07,17.26,3.59,3.54,2.31,6.78,30,10
n2_WT_F88Y_M255I_OFF_T_G17,9,0.8481,0.8152,0.9816,1,4.01,0,26.45,0,15.24,0,14.0,18.43,2.93,2.14,4.0,5.16,34,13
n2_WT_F88Y_M255I_OFF_T_G17,90,0.7917,0.6291,0.9765,0,9.21,0,19.79,1,2.77,0,6.97,6.96,1.07,3.39,4.15,8.03,27,10
n2_WT_F88Y_M255I_OFF_T_G17,91,0.7913,0.6831,0.9791,0,8.7,0,15.88,0,8.88,0,4.32,8.94,1.72,2.8,3.37,6.24,26,12
n2_WT_F88Y_M255I_OFF_T_G17,92,0.7912,0.7342,0.9788,0,7.95,0,19.83,0,20.0,0,21.73,25.75,2.97,1.5,3.51,6.04,30,12
n2_WT_F88Y_M255I_OFF_T_G17,93,0.7792,0.7014,0.9776,0,7.18,0,19.54,0,8.9,0,6.02,9.19,1.75,3.01,4.22,5.69,42,18
n2_WT_F88Y_M255I_OFF_T_G17,94,0.7783,0.6389,0.9761,1,4.42,0,16.0,0,29.24,0,26.66,32.41,2.22,3.23,2.54,5.82,45,15
n2_WT_F88Y_M255I_OFF_T_G17,95,0.7688,0.6872,0.979,0,6.11,0,19.97,0,12.4,0,17.85,18.69,2.67,2.75,4.95,4.59,30,13
n2_WT_F88Y_M255I_OFF_T_G17,96,0.7549,0.7013,0.9757,0,6.72,0,15.65,0,11.48,0,5.5,11.34,3.15,1.84,3.11,5.39,44,19
n2_WT_F88Y_M255I_OFF_T_G17,97,0.7464,0.6042,0.9778,1,1.44,0,22.36,0,25.8,0,26.05,30.3,1.03,1.97,1.28,3.1,32,11
n2_WT_F88Y_M255I_OFF_T_G17,98,0.7389,0.6492,0.9732,0,6.13,0,22.48,0,12.26,0,12.51,15.7,2.78,3.63,3.23,6.76,47,19
n2_WT_F88Y_M255I_OFF_T_G17,99,0.728,0.4341,0.9704,0,8.86,0,20.0,0,10.79,0,10.01,15.01,2.99,2.7,6.1,9.19,22,10
n2_WT_F88Y_M255I_S1_G17,0,0.8615,0.9132,0.9842,0,6.74,0,21.08,0,10.17,0,6.0,10.98,1.19,1.98,8.1,5.24,24,9
n2_WT_F88Y_M255I_S1_G17,1,0.8524,0.8606,0.9893,1,1.01,0,24.69,0,28.04,0,22.05,28.1,4.75,3.55,10.02,2.42,37,10
n2_WT_F88Y_M255I_S1_G17,10,0.8364,0.9088,0.9858,1,4.74,0,13.31,1,3.13,0,2.8,4.41,1.02,2.17,2.81,2.58,50,19
n2_WT_F88Y_M255I_S1_G17,11,0.8357,0.894,0.9842,1,1.33,0,12.56,0,29.97,0,23.05,29.34,1.35,2.02,4.34,2.87,54,19
n2_WT_F88Y_M255I_S1_G17,12,0.8338,0.9019,0.9854,0,5.01,0,12.88,1,3.25,0,2.89,4.62,2.35,2.41,3.26,3.99,42,19
n2_WT_F88Y_M255I_S1_G17,13,0.8338,0.8416,0.9875,1,4.15,0,19.38,0,21.93,0,19.82,23.35,2.88,2.29,4.71,4.27,38,13
n2_WT_F88Y_M255I_S1_G17,14,0.8336,0.7649,0.9854,0,5.31,0,18.93,0,22.41,0,13.9,20.41,2.37,1.6,3.96,5.74,39,12
n2_WT_F88Y_M255I_S1_G17,15,0.8299,0.9023,0.9877,0,5.04,0,12.79,1,2.37,0,3.11,4.95,3.26,3.02,4.02,3.68,45,21
n2_WT_F88Y_M255I_S1_G17,16,0.8299,0.904,0.9863,1,3.55,0,9.08,0,33.35,0,37.09,34.06,2.5,2.57,5.08,4.06,27,11
n2_WT_F88Y_M255I_S1_G17,17,0.8296,0.8905,0.9838,1,4.77,0,12.85,1,2.88,0,2.54,4.56,1.9,2.59,3.85,3.32,48,22
n2_WT_F88Y_M255I_S1_G17,18,0.8288,0.8666,0.9827,0,5.36,0,12.34,1,2.86,0,2.89,4.82,2.23,1.97,4.0,3.53,44,19
n2_WT_F88Y_M255I_S1_G17,19,0.8274,0.7794,0.9854,0,5.37,1,2.98,1,2.7,1,1.12,4.82,2.53,3.16,3.22,6.69,35,13
n2_WT_F88Y_M255I_S1_G17,2,0.8472,0.8252,0.9859,1,1.85,0,23.87,0,27.11,0,20.15,26.27,4.45,3.45,11.55,2.52,35,11
n2_WT_F88Y_M255I_S1_G17,20,0.8271,0.8664,0.9824,1,4.27,0,9.89,1,3.26,0,2.0,1.95,0.96,3.04,3.71,2.21,47,17
n2_WT_F88Y_M255I_S1_G17,21,0.8267,0.8993,0.9852,1,4.58,0,13.51,0,23.27,0,15.19,22.05,3.73,2.41,5.5,3.82,38,16
n2_WT_F88Y_M255I_S1_G17,22,0.8257,0.8144,0.9868,1,3.96,0,5.61,1,2.87,0,2.31,4.49,3.64,3.64,3.28,5.99,41,13
n2_WT_F88Y_M255I_S1_G17,23,0.8248,0.7678,0.9834,0,7.03,0,22.47,0,23.04,0,20.01,24.55,2.71,3.73,7.6,7.05,29,10
n2_WT_F88Y_M255I_S1_G17,24,0.8234,0.8059,0.986,1,2.8,0,6.41,1,2.75,0,0.99,3.98,2.37,3.5,2.33,6.02,39,12
n2_WT_F88Y_M255I_S1_G17,25,0.8229,0.842,0.9877,0,6.26,0,7.13,0,32.58,0,35.99,35.4,3.32,1.48,3.41,6.3,30,11
n2_WT_F88Y_M255I_S1_G17,26,0.8225,0.8772,0.9828,0,5.9,0,11.82,1,3.34,0,0.92,4.51,1.31,1.86,3.28,4.11,44,18
n2_WT_F88Y_M255I_S1_G17,27,0.8217,0.7976,0.9847,1,2.09,1,4.04,1,2.83,1,2.73,5.5,2.43,3.3,2.49,5.86,43,12
n2_WT_F88Y_M255I_S1_G17,28,0.8205,0.8112,0.9861,1,1.91,1,4.96,1,2.91,1,2.42,4.79,2.69,3.31,3.14,4.96,43,13
n2_WT_F88Y_M255I_S1_G17,29,0.8199,0.7953,0.9837,1,2.58,1,3.47,0,28.7,0,21.96,28.42,0.18,2.75,4.51,2.29,41,13
n2_WT_F88Y_M255I_S1_G17,3,0.8453,0.7991,0.9878,1,3.19,0,19.66,0,21.51,0,13.02,19.91,0.29,3.3,6.65,4.43,34,10
n2_WT_F88Y_M255I_S1_G17,30,0.8198,0.8004,0.9868,1,2.18,1,4.49,1,2.76,1,2.65,5.68,3.12,2.82,3.96,5.51,37,10
n2_WT_F88Y_M255I_S1_G17,31,0.8186,0.8485,0.9795,1,4.81,0,18.03,0,18.04,0,14.26,19.25,1.8,1.86,4.04,5.19,40,18
n2_WT_F88Y_M255I_S1_G17,32,0.8185,0.8434,0.8065,0,5.07,0,12.74,1,0.92,0,2.19,4.6,2.24,2.52,6.74,5.58,37,13
n2_WT_F88Y_M255I_S1_G17,33,0.8183,0.7856,0.9865,1,2.39,0,5.22,1,3.05,0,1.23,3.94,2.62,2.93,3.2,5.52,36,12
n2_WT_F88Y_M255I_S1_G17,34,0.8177,0.7881,0.9848,1,3.42,1,4.57,1,3.19,1,2.62,4.61,3.51,2.97,3.68,6.06,39,13
n2_WT_F88Y_M255I_S1_G17,35,0.8165,0.8006,0.9832,1,2.28,1,3.14,1,3.56,1,3.21,5.52,1.78,1.37,5.75,4.5,42,11
n2_WT_F88Y_M255I_S1_G17,36,0.815,0.9008,0.9895,1,2.55,0,8.34,1,2.5,0,1.99,5.42,1.28,2.5,3.17,3.09,56,20
n2_WT_F88Y_M255I_S1_G17,37,0.8148,0.8654,0.9843,0,6.28,0,13.76,1,2.55,0,2.37,4.66,1.46,2.3,2.73,4.45,44,19
n2_WT_F88Y_M255I_S1_G17,38,0.8139,0.7588,0.9834,0,6.26,0,18.98,0,21.9,0,19.48,23.49,2.9,2.06,3.79,4.89,33,12
n2_WT_F88Y_M255I_S1_G17,39,0.8137,0.8069,0.9841,1,2.26,1,3.68,1,2.87,1,2.36,5.12,1.9,2.51,5.75,4.85,46,14
n2_WT_F88Y_M255I_S1_G17,4,0.8427,0.9116,0.9862,1,3.65,0,13.28,1,3.43,0,2.16,3.87,1.12,2.49,4.09,3.51,45,20
n2_WT_F88Y_M255I_S1_G17,40,0.8134,0.8232,0.9856,1,3.71,1,4.99,1,2.76,1,2.95,4.72,2.73,3.53,3.85,7.17,42,11
n2_WT_F88Y_M255I_S1_G17,41,0.8132,0.8472,0.9828,1,4.5,0,11.47,1,4.06,0,2.07,5.04,1.98,1.88,3.16,4.28,47,19
n2_WT_F88Y_M255I_S1_G17,42,0.813,0.7962,0.9826,1,3.27,0,20.95,1,4.4,0,6.58,8.1,2.62,2.4,2.92,6.39,40,14
n2_WT_F88Y_M255I_S1_G17,43,0.8125,0.8285,0.9838,1,4.62,0,12.72,1,3.3,0,2.37,5.16,1.69,2.09,3.32,3.67,47,19
n2_WT_F88Y_M255I_S1_G17,44,0.8114,0.7989,0.9834,1,2.31,1,2.97,1,2.89,1,2.7,5.55,3.25,3.55,2.56,5.96,41,14
n2_WT_F88Y_M255I_S1_G17,45,0.8111,0.746,0.9827,1,3.03,1,4.99,1,4.71,1,3.87,7.67,3.19,3.35,6.05,5.23,35,14
n2_WT_F88Y_M255I_S1_G17,46,0.8109,0.8765,0.9833,0,6.65,0,13.68,1,3.67,0,2.5,4.57,1.65,3.59,3.28,4.34,40,19
n2_WT_F88Y_M255I_S1_G17,47,0.8109,0.8199,0.983,1,3.3,0,11.66,1,3.18,0,0.84,4.46,1.57,2.33,2.79,2.32,47,18
n2_WT_F88Y_M255I_S1_G17,48,0.8096,0.7515,0.9815,1,3.11,0,8.53,0,21.7,0,13.97,20.64,1.41,2.3,4.21,3.31,41,14
n2_WT_F88Y_M255I_S1_G17,49,0.809,0.8686,0.984,0,7.93,0,10.33,1,2.69,0,1.91,5.29,1.03,0.12,4.18,4.13,38,17
n2_WT_F88Y_M255I_S1_G17,5,0.8409,0.8377,0.9867,0,6.0,1,3.1,0,41.1,0,35.88,40.25,1.09,3.5,6.1,5.83,42,12
n2_WT_F88Y_M255I_S1_G17,50,0.8073,0.7695,0.9851,1,3.58,1,4.51,1,3.84,1,2.34,6.57,3.77,3.24,4.14,5.75,34,11
n2_WT_F88Y_M255I_S1_G17,51,0.8071,0.8267,0.9805,1,4.72,0,11.48,1,3.1,0,2.06,4.37,1.87,3.18,2.91,4.93,44,20
n2_WT_F88Y_M255I_S1_G17,52,0.8069,0.8163,0.9813,1,1.81,0,18.77,0,31.48,0,25.72,31.85,3.41,2.0,4.04,3.14,46,16
n2_WT_F88Y_M255I_S1_G17,53,0.8057,0.7994,0.9857,1,3.87,0,5.18,1,3.0,0,3.69,6.09,4.36,3.09,3.63,6.68,40,13
n2_WT_F88Y_M255I_S1_G17,54,0.8052,0.7204,0.9816,1,4.96,0,19.91,0,23.62,0,21.58,24.51,2.8,3.22,2.33,6.24,38,12
n2_WT_F88Y_M255I_S1_G17,55,0.8051,0.7989,0.9845,1,3.88,1,3.92,1,2.71,1,2.54,4.71,1.84,2.32,6.64,4.53,44,11
n2_WT_F88Y_M255I_S1_G17,56,0.8049,0.7725,0.985,1,3.43,1,3.62,1,2.74,1,2.65,5.26,2.93,1.46,3.94,5.15,35,10
n2_WT_F88Y_M255I_S1_G17,57,0.8045,0.7758,0.9849,0,8.28,0,7.6,0,28.96,0,29.86,31.15,1.16,1.91,3.43,7.14,28,11
n2_WT_F88Y_M255I_S1_G17,58,0.8043,0.7173,0.983,1,2.86,0,5.78,1,3.21,0,2.86,5.63,2.72,2.5,4.67,4.3,36,11
n2_WT_F88Y_M255I_S1_G17,59,0.8031,0.8043,0.9873,1,2.98,1,3.98,1,2.83,1,3.51,5.16,2.63,2.77,4.59,5.23,34,12
n2_WT_F88Y_M255I_S1_G17,6,0.8401,0.9337,0.9878,1,4.44,0,13.59,1,2.74,0,1.86,4.41,1.65,2.59,3.73,3.77,46,20
n2_WT_F88Y_M255I_S1_G17,60,0.8029,0.7775,0.9842,1,2.6,1,4.63,1,2.11,1,2.9,5.09,3.03,3.5,3.91,4.72,37,11
n2_WT_F88Y_M255I_S1_G17,61,0.8025,0.7208,0.9846,1,3.45,0,5.77,1,3.51,0,6.37,7.84,3.02,2.82,3.14,5.82,32,12
n2_WT_F88Y_M255I_S1_G17,62,0.8021,0.7429,0.9837,1,3.98,0,5.2,1,3.45,0,3.91,6.58,3.11,3.18,2.85,5.38,36,12
n2_WT_F88Y_M255I_S1_G17,63,0.8021,0.8259,0.9816,1,4.01,0,12.17,0,13.51,0,14.4,19.47,2.38,2.63,7.98,5.09,28,8
n2_WT_F88Y_M255I_S1_G17,64,0.8014,0.7617,0.985,1,4.44,1,4.52,1,2.61,1,1.82,4.84,3.28,3.24,3.64,6.37,36,12
n2_WT_F88Y_M255I_S1_G17,65,0.8013,0.8793,0.9831,1,3.65,0,13.68,1,1.62,0,1.72,4.95,1.9,2.1,3.51,2.86,42,18
n2_WT_F88Y_M255I_S1_G17,66,0.8006,0.7862,0.9868,1,2.16,1,3.4,0,5.12,0,3.87,7.0,3.22,3.05,3.21,6.24,44,15
n2_WT_F88Y_M255I_S1_G17,67,0.8004,0.8065,0.9821,1,4.31,0,12.47,1,2.89,0,2.34,4.56,1.86,2.57,3.86,3.87,49,19
n2_WT_F88Y_M255I_S1_G17,68,0.8,0.8412,0.9801,1,4.68,0,12.16,1,3.44,0,2.1,4.72,0.87,2.39,3.01,2.5,43,19
n2_WT_F88Y_M255I_S1_G17,69,0.8,0.888,0.9836,0,6.32,0,12.0,0,21.75,0,13.37,20.21,1.32,1.91,3.17,5.17,43,15
n2_WT_F88Y_M255I_S1_G17,7,0.8397,0.824,0.9888,1,2.08,0,23.45,0,28.54,0,20.61,27.29,3.07,5.51,11.08,2.64,31,9
n2_WT_F88Y_M255I_S1_G17,70,0.7993,0.729,0.9825,0,5.84,0,13.11,0,13.06,0,9.26,14.17,2.49,1.77,6.04,5.06,25,9
n2_WT_F88Y_M255I_S1_G17,71,0.7986,0.7765,0.9813,1,2.99,0,18.39,1,3.94,0,7.78,8.1,2.16,3.48,5.45,4.02,35,12
n2_WT_F88Y_M255I_S1_G17,72,0.7983,0.7578,0.9845,1,2.68,1,4.2,1,2.62,1,2.61,5.43,3.05,3.42,3.07,5.89,38,14
n2_WT_F88Y_M255I_S1_G17,73,0.7955,0.7271,0.9847,0,9.07,0,8.82,1,2.49,0,2.57,5.02,0.72,1.83,4.28,7.83,25,11
n2_WT_F88Y_M255I_S1_G17,74,0.795,0.8228,0.9806,1,1.75,0,17.13,0,36.55,0,27.81,35.14,3.4,1.32,4.7,1.97,44,18
n2_WT_F88Y_M255I_S1_G17,75,0.7945,0.7527,0.9856,1,3.06,0,5.27,1,2.88,0,1.62,5.01,3.8,3.27,3.34,5.65,37,12
n2_WT_F88Y_M255I_S1_G17,76,0.7939,0.7927,0.9807,1,1.83,0,13.26,0,29.15,0,21.41,27.68,1.13,1.8,3.34,2.1,50,19
n2_WT_F88Y_M255I_S1_G17,77,0.7929,0.7811,0.9763,1,3.08,0,18.04,0,20.71,0,15.86,21.55,2.48,3.27,1.48,2.89,41,19
n2_WT_F88Y_M255I_S1_G17,78,0.79,0.7382,0.8264,0,5.01,0,14.19,0,47.27,0,40.33,46.34,3.07,3.06,3.95,5.42,31,13
n2_WT_F88Y_M255I_S1_G17,79,0.789,0.7459,0.9789,0,5.12,0,12.19,1,3.18,0,1.5,4.29,2.35,1.29,3.09,3.9,51,18
n2_WT_F88Y_M255I_S1_G17,8,0.8386,0.8448,0.986,0,5.52,1,1.62,0,40.41,0,34.61,39.43,1.49,1.89,3.59,6.04,43,14
n2_WT_F88Y_M255I_S1_G17,80,0.7855,0.799,0.9824,1,2.56,0,18.0,0,40.34,0,31.94,38.49,1.72,2.34,5.9,2.56,46,18
n2_WT_F88Y_M255I_S1_G17,81,0.7855,0.7033,0.9824,1,4.62,1,4.11,1,3.71,1,3.87,5.6,2.01,3.12,2.95,6.92,45,13
n2_WT_F88Y_M255I_S1_G17,82,0.7845,0.7503,0.9765,0,7.2,0,13.53,0,45.38,0,39.63,44.97,2.01,2.91,3.2,5.67,43,18
n2_WT_F88Y_M255I_S1_G17,83,0.7842,0.7238,0.9829,1,3.15,1,4.72,1,4.6,1,3.23,6.79,3.17,2.68,3.6,5.67,36,12
n2_WT_F88Y_M255I_S1_G17,84,0.7838,0.7912,0.9817,1,1.44,0,19.1,0,39.99,0,31.25,37.77,1.88,3.37,5.61,2.04,49,15
n2_WT_F88Y_M255I_S1_G17,85,0.7828,0.8305,0.9823,1,3.76,1,3.99,1,2.8,1,2.57,4.97,1.77,2.45,4.1,4.13,46,17
n2_WT_F88Y_M255I_S1_G17,86,0.7824,0.7947,0.9831,1,1.66,0,18.03,0,39.45,0,31.23,37.92,1.82,3.06,4.97,1.21,53,16
n2_WT_F88Y_M255I_S1_G17,87,0.7821,0.7718,0.9813,1,3.87,0,11.39,1,0.76,0,1.44,5.61,3.04,2.15,7.59,4.37,32,13
n2_WT_F88Y_M255I_S1_G17,88,0.7816,0.7983,0.9783,1,4.63,0,8.11,0,35.44,0,38.57,35.32,2.19,1.93,5.89,6.41,33,12
n2_WT_F88Y_M255I_S1_G17,89,0.7763,0.7208,0.9818,0,7.05,0,18.78,0,24.7,0,22.3,25.9,2.1,1.78,4.45,4.79,38,17
n2_WT_F88Y_M255I_S1_G17,9,0.837,0.8981,0.9829,1,4.44,0,12.84,1,1.5,0,1.99,3.66,1.44,3.04,3.44,4.7,47,20
n2_WT_F88Y_M255I_S1_G17,90,0.7743,0.6494,0.9824,0,6.17,1,4.64,1,3.24,1,2.94,4.52,3.45,3.68,3.38,2.99,35,13
n2_WT_F88Y_M255I_S1_G17,91,0.7706,0.7234,0.9827,1,4.23,0,13.4,0,42.66,0,39.06,40.12,2.02,1.18,6.31,4.97,29,9
n2_WT_F88Y_M255I_S1_G17,92,0.7677,0.6259,0.9799,1,4.54,0,20.7,0,21.1,0,18.39,23.36,3.71,2.46,6.56,5.13,31,11
n2_WT_F88Y_M255I_S1_G17,93,0.7602,0.6962,0.9751,0,5.09,0,12.43,1,1.48,0,1.95,5.37,2.98,2.98,6.9,5.91,38,16
n2_WT_F88Y_M255I_S1_G17,94,0.7599,0.6843,0.9765,0,6.36,0,5.77,0,13.95,0,6.7,12.94,2.17,2.31,3.54,6.61,45,20
n2_WT_F88Y_M255I_S1_G17,95,0.7588,0.6353,0.9815,1,2.55,0,12.17,0,53.32,0,49.56,55.37,5.41,6.33,11.74,1.83,28,9
n2_WT_F88Y_M255I_S1_G17,96,0.7582,0.6102,0.9753,1,4.21,0,13.13,0,15.9,0,11.29,16.7,1.77,1.07,6.37,5.01,31,15
n2_WT_F88Y_M255I_S1_G17,97,0.75,0.6355,0.9759,1,1.61,0,18.42,0,31.05,0,23.24,29.93,1.36,2.62,4.47,0.48,47,18
n2_WT_F88Y_M255I_S1_G17,98,0.7331,0.5164,0.9795,1,4.15,1,1.29,1,3.1,1,3.07,5.05,1.29,1.47,9.98,5.29,35,13
n2_WT_F88Y_M255I_S1_G17,99,0.7313,0.575,0.9785,0,5.16,0,12.09,1,3.15,0,6.25,8.48,3.41,1.68,9.66,5.11,29,12
n2_WT_F88Y_M255K_OFF_T_G17,0,0.8565,0.9233,0.9862,0,6.19,0,17.41,0,19.43,0,15.24,21.95,2.07,2.36,3.24,5.23,42,16
n2_WT_F88Y_M255K_OFF_T_G17,1,0.8511,0.8862,0.9831,0,6.99,0,17.96,0,10.18,0,6.31,13.62,1.57,2.18,3.53,5.68,37,14
n2_WT_F88Y_M255K_OFF_T_G17,10,0.8396,0.8151,0.9826,0,6.11,0,27.84,0,8.28,0,13.4,10.62,1.89,1.41,7.14,3.43,44,15
n2_WT_F88Y_M255K_OFF_T_G17,11,0.8391,0.9205,0.988,1,0.97,0,16.27,0,5.79,0,3.24,9.71,0.69,2.23,2.16,3.01,53,16
n2_WT_F88Y_M255K_OFF_T_G17,12,0.8389,0.8098,0.9844,0,7.0,0,23.62,0,33.58,0,39.0,38.34,2.02,1.82,4.25,4.35,45,15
n2_WT_F88Y_M255K_OFF_T_G17,13,0.838,0.8078,0.9841,1,1.92,0,29.82,0,24.83,0,18.87,24.14,1.84,1.49,3.54,4.72,36,12
n2_WT_F88Y_M255K_OFF_T_G17,14,0.8376,0.8878,0.9859,1,3.91,0,15.51,0,7.23,0,11.01,13.53,1.39,2.63,3.37,4.68,51,19
n2_WT_F88Y_M255K_OFF_T_G17,15,0.8372,0.8981,0.9813,1,4.8,0,15.91,0,7.01,0,11.61,13.9,1.73,2.21,3.78,4.26,47,20
n2_WT_F88Y_M255K_OFF_T_G17,16,0.8365,0.8213,0.9841,1,4.11,0,17.85,1,4.19,0,8.75,7.24,0.38,3.04,5.06,4.79,48,13
n2_WT_F88Y_M255K_OFF_T_G17,17,0.8356,0.8684,0.9808,0,6.4,0,16.48,0,6.09,0,5.8,9.3,3.23,1.74,4.97,5.51,40,16
n2_WT_F88Y_M255K_OFF_T_G17,18,0.834,0.843,0.9792,0,8.38,0,18.23,1,4.12,0,7.14,5.52,1.86,2.25,3.33,6.64,46,16
n2_WT_F88Y_M255K_OFF_T_G17,19,0.8331,0.8249,0.9849,0,6.22,0,9.08,0,33.24,0,34.52,33.01,2.16,1.88,8.81,6.81,28,12
n2_WT_F88Y_M255K_OFF_T_G17,2,0.8506,0.8972,0.9843,0,6.54,0,20.17,0,9.8,0,12.47,14.88,2.78,2.8,1.93,5.71,47,19
n2_WT_F88Y_M255K_OFF_T_G17,20,0.8324,0.8141,0.9814,0,7.67,0,21.91,0,20.14,0,22.25,24.18,3.78,2.91,4.18,6.93,28,11
n2_WT_F88Y_M255K_OFF_T_G17,21,0.8316,0.8436,0.9822,0,5.06,0,22.16,0,5.48,0,9.01,11.37,2.56,1.37,4.56,4.82,37,15
n2_WT_F88Y_M255K_OFF_T_G17,22,0.8311,0.8292,0.9868,1,3.62,0,13.15,1,4.96,0,3.49,9.73,1.52,3.28,1.67,3.44,38,14
n2_WT_F88Y_M255K_OFF_T_G17,23,0.8307,0.7886,0.9826,0,7.41,0,16.68,0,9.06,0,6.85,11.36,2.08,3.4,2.72,5.61,42,14
n2_WT_F88Y_M255K_OFF_T_G17,24,0.8298,0.8475,0.983,1,3.49,0,16.76,0,11.21,0,13.83,18.13,1.69,1.74,2.59,3.58,42,19
n2_WT_F88Y_M255K_OFF_T_G17,25,0.8291,0.855,0.9781,0,6.9,0,20.33,1,4.66,0,6.34,9.41,1.46,1.51,3.55,6.03,48,18
n2_WT_F88Y_M255K_OFF_T_G17,26,0.8282,0.8436,0.9841,1,4.5,0,16.52,1,1.15,0,11.49,11.16,2.01,1.64,4.41,5.12,37,15
n2_WT_F88Y_M255K_OFF_T_G17,27,0.8269,0.8023,0.9823,0,7.91,0,21.87,0,18.07,0,13.84,16.47,2.29,2.31,4.35,6.28,31,14
n2_WT_F88Y_M255K_OFF_T_G17,28,0.8266,0.8142,0.9855,0,5.77,0,40.9,0,17.28,0,27.05,27.43,1.22,3.36,4.65,5.56,32,11
n2_WT_F88Y_M255K_OFF_T_G17,29,0.8264,0.8481,0.9842,0,7.39,0,18.54,0,5.01,0,4.54,9.6,3.02,3.61,3.28,7.05,24,14
n2_WT_F88Y_M255K_OFF_T_G17,3,0.8496,0.937,0.9873,1,4.23,0,8.94,1,1.76,0,2.26,3.62,2.61,1.67,3.68,6.0,49,21
n2_WT_F88Y_M255K_OFF_T_G17,30,0.8258,0.8806,0.9837,1,2.65,0,13.09,0,8.23,0,7.72,12.26,0.83,2.3,2.89,3.12,64,18
n2_WT_F88Y_M255K_OFF_T_G17,31,0.8256,0.8459,0.9859,0,7.26,0,15.42,1,4.16,0,7.72,9.5,2.21,3.13,1.84,6.84,35,15
n2_WT_F88Y_M255K_OFF_T_G17,32,0.8251,0.8132,0.9812,0,6.54,0,8.44,0,39.42,0,42.58,40.48,2.27,2.17,5.35,6.62,29,12
n2_WT_F88Y_M255K_OFF_T_G17,33,0.8251,0.8277,0.9822,0,5.5,0,20.04,0,7.31,0,7.4,11.53,2.54,2.67,3.17,6.15,34,14
n2_WT_F88Y_M255K_OFF_T_G17,34,0.8248,0.8562,0.9833,1,3.81,0,16.21,0,7.32,0,6.63,5.79,1.36,2.21,3.83,5.83,50,19
n2_WT_F88Y_M255K_OFF_T_G17,35,0.8237,0.8552,0.9833,1,4.62,0,15.09,0,6.3,0,9.97,12.15,2.19,2.06,5.07,5.08,40,14
n2_WT_F88Y_M255K_OFF_T_G17,36,0.8233,0.8412,0.9829,1,3.61,0,17.02,0,6.49,0,7.09,4.15,2.06,2.77,3.0,4.99,39,16
n2_WT_F88Y_M255K_OFF_T_G17,37,0.8231,0.8748,0.8607,1,4.08,0,15.24,1,3.52,0,4.19,7.21,0.77,2.17,3.15,5.02,37,15
n2_WT_F88Y_M255K_OFF_T_G17,38,0.8229,0.8163,0.9827,0,6.16,0,26.07,0,49.26,0,52.68,50.87,1.4,1.71,5.71,5.32,34,14
n2_WT_F88Y_M255K_OFF_T_G17,39,0.8227,0.8741,0.9843,1,4.0,0,10.44,0,5.25,0,11.46,11.62,1.56,1.96,2.95,4.89,48,19
n2_WT_F88Y_M255K_OFF_T_G17,4,0.8457,0.8226,0.9819,1,4.9,0,35.01,0,10.36,0,9.76,16.62,2.24,2.56,3.91,3.67,36,11
n2_WT_F88Y_M255K_OFF_T_G17,40,0.8222,0.8973,0.9819,0,5.96,0,17.65,0,6.52,0,9.45,13.42,2.5,1.57,4.49,5.29,46,19
n2_WT_F88Y_M255K_OFF_T_G17,41,0.8221,0.83,0.9846,0,6.67,0,18.32,0,5.22,0,7.28,8.08,2.91,2.21,6.31,6.22,38,14
n2_WT_F88Y_M255K_OFF_T_G17,42,0.822,0.8967,0.9851,1,4.64,0,11.86,0,8.56,0,10.38,16.1,1.13,2.61,6.73,5.17,41,16
n2_WT_F88Y_M255K_OFF_T_G17,43,0.8219,0.8757,0.9832,1,4.97,0,16.01,0,9.87,0,7.84,11.48,2.2,2.19,2.88,4.77,43,17
n2_WT_F88Y_M255K_OFF_T_G17,44,0.82,0.8548,0.9832,0,5.77,0,16.43,0,5.71,0,5.61,7.46,3.26,2.61,3.14,4.97,37,19
n2_WT_F88Y_M255K_OFF_T_G17,45,0.8183,0.8693,0.9837,1,4.49,0,18.11,0,7.98,0,9.26,11.92,1.9,3.16,3.8,3.52,40,18
n2_WT_F88Y_M255K_OFF_T_G17,46,0.8179,0.8522,0.9815,0,5.12,0,15.21,0,5.92,0,6.21,8.66,1.9,2.12,2.81,4.79,47,19
n2_WT_F88Y_M255K_OFF_T_G17,47,0.8172,0.7442,0.9804,0,6.98,0,19.75,0,6.96,0,7.58,8.72,2.24,2.34,4.94,6.19,33,14
n2_WT_F88Y_M255K_OFF_T_G17,48,0.8168,0.831,0.9798,0,8.01,0,8.53,0,24.32,0,22.45,26.99,3.63,2.6,5.08,7.99,29,15
n2_WT_F88Y_M255K_OFF_T_G17,49,0.8166,0.8269,0.9818,0,6.3,0,18.9,1,4.04,0,6.64,8.53,2.99,2.59,4.9,6.26,36,15
n2_WT_F88Y_M255K_OFF_T_G17,5,0.8457,0.8576,0.9813,0,6.81,0,26.29,0,7.47,0,11.01,15.56,1.64,1.3,5.7,5.35,34,15
n2_WT_F88Y_M255K_OFF_T_G17,50,0.8163,0.8241,0.9831,0,5.32,0,8.64,0,31.95,0,31.71,32.02,5.18,4.79,10.09,4.63,27,11
n2_WT_F88Y_M255K_OFF_T_G17,51,0.816,0.8831,0.9821,0,5.62,0,22.32,0,6.07,0,5.06,11.23,1.43,2.7,3.26,4.89,40,18
n2_WT_F88Y_M255K_OFF_T_G17,52,0.8151,0.7743,0.9824,0,5.77,0,36.3,0,23.82,0,25.96,31.3,3.11,1.68,4.14,6.74,34,9
n2_WT_F88Y_M255K_OFF_T_G17,53,0.8144,0.8578,0.9858,0,5.65,0,17.03,1,1.06,0,4.9,6.16,2.33,2.0,2.46,5.46,35,13
n2_WT_F88Y_M255K_OFF_T_G17,54,0.8128,0.8085,0.9855,0,7.64,0,17.91,1,4.05,0,4.5,8.1,2.69,2.37,3.17,5.49,38,13
n2_WT_F88Y_M255K_OFF_T_G17,55,0.8127,0.8721,0.9838,1,4.98,0,10.28,0,10.26,0,6.77,12.76,2.79,2.27,4.33,5.09,54,17
n2_WT_F88Y_M255K_OFF_T_G17,56,0.8126,0.8287,0.9844,0,8.68,0,18.4,1,3.72,0,3.65,7.38,1.47,2.96,3.53,5.53,35,15
n2_WT_F88Y_M255K_OFF_T_G17,57,0.8123,0.8917,0.9844,1,4.25,0,9.96,0,8.69,0,6.04,11.8,1.01,3.52,4.04,5.08,47,18
n2_WT_F88Y_M255K_OFF_T_G17,58,0.8118,0.8339,0.9837,0,7.41,0,19.93,1,4.98,0,2.64,6.84,2.98,2.85,3.86,5.65,39,16
n2_WT_F88Y_M255K_OFF_T_G17,59,0.8115,0.8285,0.9774,0,7.67,0,18.74,0,13.71,0,10.53,16.89,1.86,3.19,4.8,7.8,33,12
n2_WT_F88Y_M255K_OFF_T_G17,6,0.8439,0.8461,0.9821,0,6.53,0,10.83,0,35.44,0,34.1,34.75,3.74,2.15,8.36,5.79,33,12
n2_WT_F88Y_M255K_OFF_T_G17,60,0.8109,0.8712,0.9862,1,4.61,0,27.17,0,16.5,0,9.98,17.29,2.13,2.38,4.31,4.69,46,16
n2_WT_F88Y_M255K_OFF_T_G17,61,0.8095,0.7964,0.9787,0,7.3,0,16.31,0,5.01,0,5.94,6.88,0.8,3.18,3.16,5.3,33,14
n2_WT_F88Y_M255K_OFF_T_G17,62,0.8084,0.8517,0.9854,1,2.44,0,16.23,0,5.57,0,8.24,9.86,3.49,2.96,4.19,4.82,44,17
n2_WT_F88Y_M255K_OFF_T_G17,63,0.808,0.7302,0.9796,0,7.46,0,17.48,0,10.38,0,7.57,9.66,1.9,2.38,2.37,6.56,34,13
n2_WT_F88Y_M255K_OFF_T_G17,64,0.8079,0.7895,0.9779,0,5.19,0,14.73,0,5.4,0,6.78,8.09,1.07,2.19,2.15,5.5,38,16
n2_WT_F88Y_M255K_OFF_T_G17,65,0.8072,0.8256,0.9833,0,7.62,0,17.69,1,4.69,0,6.43,8.37,2.66,2.64,4.69,5.98,33,14
n2_WT_F88Y_M255K_OFF_T_G17,66,0.8066,0.7934,0.9784,0,7.92,0,9.56,0,34.15,0,34.29,33.1,2.36,1.35,7.79,8.54,21,11
n2_WT_F88Y_M255K_OFF_T_G17,67,0.8057,0.7998,0.9831,0,5.03,0,19.18,1,2.22,0,5.25,6.01,1.3,3.55,2.62,5.27,25,13
n2_WT_F88Y_M255K_OFF_T_G17,68,0.8057,0.8499,0.9788,0,8.2,0,32.23,0,27.3,0,24.86,29.79,3.57,2.56,5.04,6.91,43,16
n2_WT_F88Y_M255K_OFF_T_G17,69,0.8047,0.7622,0.9804,0,7.75,0,17.28,1,2.77,0,4.37,7.18,2.76,1.5,1.86,6.44,29,11
n2_WT_F88Y_M255K_OFF_T_G17,7,0.8433,0.8126,0.9845,0,5.82,0,30.48,0,20.71,0,23.93,27.22,2.84,2.95,1.56,5.91,31,11
n2_WT_F88Y_M255K_OFF_T_G17,70,0.8037,0.8354,0.9822,0,7.75,0,8.99,0,23.1,0,21.35,26.19,1.56,3.41,4.39,7.02,31,13
n2_WT_F88Y_M255K_OFF_T_G17,71,0.8034,0.7782,0.9789,0,5.3,0,9.52,0,31.64,0,31.24,31.62,3.99,4.97,9.94,5.07,26,13
n2_WT_F88Y_M255K_OFF_T_G17,72,0.8031,0.7446,0.9801,0,9.29,0,18.87,0,7.72,0,8.15,9.65,2.59,2.55,5.24,7.19,32,14
n2_WT_F88Y_M255K_OFF_T_G17,73,0.7993,0.8202,0.9756,0,5.71,0,12.69,0,5.94,0,8.84,12.19,0.89,2.37,2.31,5.9,39,18
n2_WT_F88Y_M255K_OFF_T_G17,74,0.7992,0.7757,0.98,0,5.71,0,15.8,1,2.6,0,8.91,6.78,1.35,2.59,3.05,5.74,41,19
n2_WT_F88Y_M255K_OFF_T_G17,75,0.799,0.6869,0.9809,0,6.93,0,18.38,0,6.84,0,5.33,8.72,1.65,2.61,3.13,5.66,35,11
n2_WT_F88Y_M255K_OFF_T_G17,76,0.7979,0.6797,0.9795,0,5.74,0,24.26,0,41.03,0,46.2,43.99,3.15,3.34,3.2,4.71,40,12
n2_WT_F88Y_M255K_OFF_T_G17,77,0.7977,0.7816,0.9832,0,6.36,0,16.25,1,4.29,0,3.24,7.02,1.01,3.51,6.3,5.93,35,16
n2_WT_F88Y_M255K_OFF_T_G17,78,0.7976,0.8068,0.981,0,6.83,0,19.32,0,5.58,0,8.64,8.74,3.26,2.54,3.34,6.22,50,15
n2_WT_F88Y_M255K_OFF_T_G17,79,0.7976,0.84,0.9835,1,4.08,0,11.21,0,6.58,0,9.44,13.71,1.55,1.74,5.22,5.4,43,19
n2_WT_F88Y_M255K_OFF_T_G17,8,0.842,0.853,0.9811,0,8.38,0,17.05,1,0.47,0,6.91,7.2,2.77,1.76,4.67,5.88,36,11
n2_WT_F88Y_M255K_OFF_T_G17,80,0.7976,0.8016,0.9799,0,5.08,0,17.75,0,5.11,0,3.25,4.95,2.47,3.27,3.41,5.6,45,12
n2_WT_F88Y_M255K_OFF_T_G17,81,0.7943,0.7522,0.983,0,7.12,0,7.88,0,27.09,0,28.37,28.31,1.56,2.05,1.75,6.86,34,15
n2_WT_F88Y_M255K_OFF_T_G17,82,0.7927,0.7901,0.9814,0,5.28,0,17.25,0,9.18,0,10.03,11.53,2.09,2.75,3.26,3.41,38,13
n2_WT_F88Y_M255K_OFF_T_G17,83,0.7925,0.7421,0.9834,0,6.88,0,21.83,0,18.13,0,18.31,24.46,3.27,3.29,2.34,6.31,35,13
n2_WT_F88Y_M255K_OFF_T_G17,84,0.7914,0.7831,0.9771,0,8.62,0,17.82,1,4.21,0,8.78,12.25,3.84,2.44,2.54,6.73,38,13
n2_WT_F88Y_M255K_OFF_T_G17,85,0.7898,0.7951,0.9814,0,6.83,0,19.06,0,6.25,0,5.98,6.57,1.33,2.88,1.33,5.46,32,16
n2_WT_F88Y_M255K_OFF_T_G17,86,0.7896,0.7871,0.985,0,5.9,0,21.93,0,11.89,0,17.82,18.52,0.85,1.42,4.77,6.83,33,15
n2_WT_F88Y_M255K_OFF_T_G17,87,0.7894,0.7569,0.9777,0,6.42,0,19.36,0,11.76,0,7.14,14.0,2.13,2.61,4.13,5.98,37,14
n2_WT_F88Y_M255K_OFF_T_G17,88,0.7881,0.7822,0.9827,1,2.67,0,8.02,0,32.41,0,34.6,33.41,2.42,1.62,5.01,4.61,37,12
n2_WT_F88Y_M255K_OFF_T_G17,89,0.788,0.7361,0.9819,0,8.77,0,19.9,1,3.59,0,9.14,10.45,2.44,3.12,4.55,6.83,24,13
n2_WT_F88Y_M255K_OFF_T_G17,9,0.8402,0.8733,0.983,0,8.27,0,17.69,0,6.97,0,8.54,11.22,4.09,2.65,4.29,6.82,37,14
n2_WT_F88Y_M255K_OFF_T_G17,90,0.7856,0.6663,0.9766,0,6.6,0,20.07,0,12.7,0,12.6,15.81,2.77,3.43,3.16,5.8,37,14
n2_WT_F88Y_M255K_OFF_T_G17,91,0.7855,0.7802,0.9823,0,6.43,0,17.17,0,8.38,0,11.23,14.71,0.99,2.99,2.55,6.15,48,13
n2_WT_F88Y_M255K_OFF_T_G17,92,0.7809,0.6378,0.9782,0,8.11,0,19.26,1,2.56,0,5.17,6.01,2.27,1.93,1.82,7.76,23,10
n2_WT_F88Y_M255K_OFF_T_G17,93,0.7777,0.724,0.9741,0,7.35,0,18.22,0,10.66,0,6.94,13.71,1.8,3.7,3.3,5.62,39,20
n2_WT_F88Y_M255K_OFF_T_G17,94,0.7771,0.7486,0.9792,1,2.5,0,24.53,0,13.42,0,8.5,14.85,2.22,2.51,4.21,5.48,53,23
n2_WT_F88Y_M255K_OFF_T_G17,95,0.7754,0.6925,0.9819,0,6.86,0,14.8,0,7.64,0,10.96,12.98,4.12,2.59,4.16,5.0,37,13
n2_WT_F88Y_M255K_OFF_T_G17,96,0.7749,0.6846,0.9787,0,7.44,0,16.85,1,2.91,0,3.3,6.51,2.08,2.65,6.83,6.21,33,14
n2_WT_F88Y_M255K_OFF_T_G17,97,0.7712,0.695,0.98,0,7.89,0,10.57,0,35.73,0,35.71,34.75,2.68,2.06,8.42,7.93,24,12
n2_WT_F88Y_M255K_OFF_T_G17,98,0.7621,0.624,0.9705,0,7.22,0,19.54,0,5.53,0,6.19,5.72,3.69,2.7,4.8,4.64,40,19
n2_WT_F88Y_M255K_OFF_T_G17,99,0.7594,0.6313,0.97,0,7.55,0,17.5,0,10.42,0,8.22,13.06,2.37,2.45,3.7,6.34,32,14
n2_WT_F88Y_M255K_S1_G17,0,0.8567,0.839,0.9887,1,2.25,0,25.1,0,25.12,0,18.91,25.75,3.03,5.39,10.05,2.14,36,10
n2_WT_F88Y_M255K_S1_G17,1,0.8517,0.8031,0.987,0,5.92,0,21.65,0,26.64,0,19.94,26.66,3.26,2.96,5.63,6.36,37,10
n2_WT_F88Y_M255K_S1_G17,10,0.8361,0.8092,0.9856,0,5.52,1,2.74,0,40.09,0,34.79,39.34,2.68,2.63,7.21,5.38,41,13
n2_WT_F88Y_M255K_S1_G17,11,0.8351,0.8819,0.9783,1,4.37,0,18.19,0,19.28,0,17.88,21.83,3.2,1.24,5.79,4.13,33,16
n2_WT_F88Y_M255K_S1_G17,12,0.8335,0.8121,0.9841,1,1.92,0,24.01,0,26.59,0,19.91,27.02,0.33,5.76,11.74,2.09,38,9
n2_WT_F88Y_M255K_S1_G17,13,0.8334,0.8621,0.9889,1,4.44,0,32.61,0,22.72,0,14.31,20.86,3.32,5.85,10.1,4.89,31,8
n2_WT_F88Y_M255K_S1_G17,14,0.833,0.7356,0.9855,1,1.72,0,20.56,0,31.49,0,25.73,32.5,1.85,3.21,5.23,2.65,45,13
n2_WT_F88Y_M255K_S1_G17,15,0.8316,0.7847,0.9839,0,6.4,0,22.61,0,22.72,0,19.65,24.4,2.48,2.44,7.38,6.82,31,11
n2_WT_F88Y_M255K_S1_G17,16,0.8313,0.7983,0.985,1,1.87,0,22.97,0,28.14,0,21.76,28.7,4.2,4.24,9.0,3.17,35,10
n2_WT_F88Y_M255K_S1_G17,17,0.8311,0.8203,0.9876,1,3.34,0,5.0,1,2.44,0,0.87,4.19,3.52,3.42,3.4,6.02,42,13
n2_WT_F88Y_M255K_S1_G17,18,0.8304,0.7912,0.99,1,1.87,0,19.16,0,31.0,0,24.85,31.83,1.5,2.48,7.76,2.5,41,13
n2_WT_F88Y_M255K_S1_G17,19,0.83,0.7874,0.9829,0,5.66,0,19.05,0,19.82,0,11.25,17.51,2.33,2.5,4.39,6.0,36,13
n2_WT_F88Y_M255K_S1_G17,2,0.8513,0.8991,0.9812,0,5.74,0,21.4,0,11.06,0,3.74,9.83,2.95,1.56,8.45,5.13,25,12
n2_WT_F88Y_M255K_S1_G17,20,0.8294,0.884,0.9841,1,4.92,0,13.9,0,26.91,0,19.21,25.75,2.61,2.82,5.43,4.92,37,14
n2_WT_F88Y_M255K_S1_G17,21,0.8293,0.8647,0.9826,1,2.36,0,18.46,0,21.83,0,14.12,20.53,1.72,3.7,6.14,3.16,38,18
n2_WT_F88Y_M255K_S1_G17,22,0.8288,0.7503,0.9859,1,3.08,0,19.77,0,21.2,0,12.97,19.96,0.54,3.33,6.58,4.27,37,10
n2_WT_F88Y_M255K_S1_G17,23,0.827,0.7781,0.9888,1,2.97,0,24.95,0,29.67,0,23.1,30.41,2.42,5.48,11.55,3.23,30,10
n2_WT_F88Y_M255K_S1_G17,24,0.8264,0.8523,0.9805,1,1.99,0,18.59,0,23.39,0,14.13,20.8,3.76,2.4,5.52,3.54,40,15
n2_WT_F88Y_M255K_S1_G17,25,0.8256,0.8743,0.9807,1,3.88,0,17.88,0,18.59,0,14.91,20.89,1.92,2.02,4.53,4.89,39,16
n2_WT_F88Y_M255K_S1_G17,26,0.8254,0.7509,0.9823,0,6.05,0,21.68,0,21.23,0,18.1,23.29,2.18,3.16,5.28,7.05,29,11
n2_WT_F88Y_M255K_S1_G17,27,0.825,0.8284,0.9876,1,3.74,1,4.98,1,3.21,1,2.39,2.78,2.86,2.29,3.58,7.39,37,12
n2_WT_F88Y_M255K_S1_G17,28,0.8247,0.8202,0.9861,0,5.16,0,5.93,1,3.12,0,1.39,4.12,2.6,2.26,3.8,6.42,38,11
n2_WT_F88Y_M255K_S1_G17,29,0.824,0.7751,0.9833,1,1.6,0,25.61,0,27.09,0,19.78,26.86,4.23,5.86,10.84,2.32,35,10
n2_WT_F88Y_M255K_S1_G17,3,0.8486,0.8696,0.9876,0,6.69,0,28.36,0,22.39,0,15.34,22.09,3.18,4.08,9.52,4.59,31,9
n2_WT_F88Y_M255K_S1_G17,30,0.8238,0.7744,0.9853,1,4.24,1,4.75,1,2.99,1,3.11,1.98,2.53,3.64,4.3,6.47,35,12
n2_WT_F88Y_M255K_S1_G17,31,0.8234,0.7773,0.9804,0,6.77,1,4.68,0,32.11,0,34.75,34.74,1.48,2.96,5.73,5.62,31,10
n2_WT_F88Y_M255K_S1_G17,32,0.8233,0.8542,0.982,0,5.28,0,12.66,1,3.4,0,0.94,6.41,0.97,2.09,3.25,4.84,40,18
n2_WT_F88Y_M255K_S1_G17,33,0.8231,0.8419,0.9823,1,4.32,0,11.0,0,14.47,0,9.85,16.52,3.03,3.32,4.73,4.06,45,16
n2_WT_F88Y_M255K_S1_G17,34,0.821,0.8802,0.9844,1,3.26,0,11.84,1,2.33,0,1.34,4.42,0.45,2.3,3.57,1.76,47,17
n2_WT_F88Y_M255K_S1_G17,35,0.8206,0.8062,0.986,1,2.19,0,14.35,0,31.64,0,23.58,30.68,3.29,2.56,6.62,0.94,38,14
n2_WT_F88Y_M255K_S1_G17,36,0.8196,0.8119,0.9818,1,3.77,0,14.17,0,42.75,0,36.33,41.93,2.5,2.23,5.28,5.13,48,18
n2_WT_F88Y_M255K_S1_G17,37,0.8193,0.8003,0.9875,1,1.37,0,19.81,0,30.84,0,24.92,32.19,0.92,2.91,6.29,3.66,39,16
n2_WT_F88Y_M255K_S1_G17,38,0.8189,0.8991,0.9844,0,5.66,0,13.6,0,27.45,0,18.73,24.68,1.76,1.7,3.95,6.13,37,16
n2_WT_F88Y_M255K_S1_G17,39,0.8188,0.7533,0.9851,1,1.9,0,19.48,0,31.26,0,24.96,31.82,3.77,3.83,8.59,2.8,39,12
n2_WT_F88Y_M255K_S1_G17,4,0.8465,0.9075,0.9874,0,5.29,0,12.55,1,2.78,0,0.57,4.52,2.43,2.02,3.21,3.15,49,19
n2_WT_F88Y_M255K_S1_G17,40,0.8183,0.7158,0.9803,0,5.73,0,18.7,0,23.82,0,22.27,24.69,3.27,2.84,3.11,4.71,34,12
n2_WT_F88Y_M255K_S1_G17,41,0.8182,0.9027,0.9854,1,3.68,0,18.0,0,29.42,0,22.51,29.32,1.87,1.83,2.93,2.13,43,17
n2_WT_F88Y_M255K_S1_G17,42,0.8181,0.7402,0.984,1,4.97,0,19.47,0,25.55,0,20.8,25.83,2.42,3.74,2.11,4.87,36,13
n2_WT_F88Y_M255K_S1_G17,43,0.8167,0.8325,0.9832,1,1.32,0,11.36,0,27.91,0,22.03,29.09,2.73,1.85,5.16,2.34,51,21
n2_WT_F88Y_M255K_S1_G17,44,0.816,0.7695,0.9843,1,3.25,0,5.36,1,2.35,0,0.61,4.46,2.59,1.38,4.22,6.2,39,12
n2_WT_F88Y_M255K_S1_G17,45,0.8148,0.88,0.9862,1,1.5,0,19.16,0,40.15,0,31.96,38.78,3.56,2.74,6.91,1.45,49,18
n2_WT_F88Y_M255K_S1_G17,46,0.8148,0.7907,0.9845,0,6.16,1,3.29,1,2.03,1,1.98,6.45,2.23,3.24,6.65,6.3,37,13
n2_WT_F88Y_M255K_S1_G17,47,0.8147,0.8071,0.9881,1,2.96,0,19.83,0,28.09,0,21.27,28.22,1.8,2.32,5.02,2.85,33,13
n2_WT_F88Y_M255K_S1_G17,48,0.8146,0.7949,0.9866,1,3.75,0,5.75,1,2.89,0,1.56,2.97,2.1,2.57,3.67,6.36,42,13
n2_WT_F88Y_M255K_S1_G17,49,0.8142,0.8601,0.9877,1,1.86,0,17.95,0,32.77,0,26.44,33.11,2.36,2.58,7.37,2.4,44,15
n2_WT_F88Y_M255K_S1_G17,5,0.8451,0.8047,0.9856,1,2.25,0,22.93,0,26.42,0,20.07,26.95,1.12,4.73,11.78,2.99,34,9
n2_WT_F88Y_M255K_S1_G17,50,0.8134,0.8122,0.9824,1,1.81,0,18.52,0,20.71,0,13.19,20.11,3.38,2.76,6.18,3.41,40,17
n2_WT_F88Y_M255K_S1_G17,51,0.8129,0.8542,0.9816,1,1.9,0,18.26,0,27.77,0,21.93,28.67,3.54,1.14,6.16,1.41,41,16
n2_WT_F88Y_M255K_S1_G17,52,0.8126,0.8619,0.9809,1,4.27,0,17.37,0,20.05,0,16.26,22.18,3.68,3.13,7.43,3.07,37,18
n2_WT_F88Y_M255K_S1_G17,53,0.8122,0.8753,0.984,1,4.64,0,6.32,0,22.14,0,14.12,20.78,1.67,2.37,4.16,5.45,43,17
n2_WT_F88Y_M255K_S1_G17,54,0.812,0.8167,0.9786,1,3.77,0,17.14,0,21.1,0,17.63,22.64,2.88,1.54,5.59,3.32,37,17
n2_WT_F88Y_M255K_S1_G17,55,0.8103,0.8022,0.9823,0,5.11,0,13.9,0,42.84,0,40.48,40.64,2.88,3.25,6.07,5.44,38,15
n2_WT_F88Y_M255K_S1_G17,56,0.8096,0.8571,0.983,0,6.94,0,13.78,1,1.88,0,0.87,3.78,4.17,4.05,10.8,5.67,32,11
n2_WT_F88Y_M255K_S1_G17,57,0.8096,0.8092,0.9794,1,4.17,0,15.9,1,3.16,0,1.14,6.81,2.79,2.77,6.68,5.12,33,13
n2_WT_F88Y_M255K_S1_G17,58,0.809,0.8446,0.9817,1,4.28,0,21.49,0,26.65,0,21.04,26.82,3.57,2.35,5.33,5.21,42,17
n2_WT_F88Y_M255K_S1_G17,59,0.809,0.8332,0.9833,1,1.63,0,18.97,0,23.83,0,17.48,23.8,2.27,1.21,5.95,2.43,38,16
n2_WT_F88Y_M255K_S1_G17,6,0.8437,0.8343,0.9886,1,1.54,0,25.65,0,26.56,0,20.46,27.12,5.15,5.55,11.06,3.29,31,10
n2_WT_F88Y_M255K_S1_G17,60,0.8087,0.8125,0.9808,1,2.0,0,11.35,0,26.81,0,18.72,25.66,0.64,2.08,4.83,1.95,44,18
n2_WT_F88Y_M255K_S1_G17,61,0.8083,0.8107,0.9818,1,1.53,0,17.98,0,31.67,0,24.9,31.88,2.77,1.99,6.54,2.44,45,17
n2_WT_F88Y_M255K_S1_G17,62,0.8079,0.8469,0.9828,0,6.48,0,10.44,1,0.71,0,2.38,7.41,0.73,1.2,9.15,5.6,29,12
n2_WT_F88Y_M255K_S1_G17,63,0.8078,0.7873,0.9856,1,4.92,0,5.35,1,2.72,0,0.81,4.0,2.66,3.97,3.96,5.88,40,12
n2_WT_F88Y_M255K_S1_G17,64,0.8073,0.8485,0.9853,1,2.72,1,4.36,1,2.79,1,1.78,6.3,2.87,2.96,3.39,6.23,39,15
n2_WT_F88Y_M255K_S1_G17,65,0.807,0.7811,0.981,0,6.4,0,19.54,1,4.32,0,6.03,8.07,2.05,1.93,5.2,5.97,36,12
n2_WT_F88Y_M255K_S1_G17,66,0.8061,0.6435,0.9839,1,1.58,0,17.33,0,37.14,0,28.37,35.45,3.28,5.36,12.52,2.26,39,12
n2_WT_F88Y_M255K_S1_G17,67,0.8061,0.8137,0.9785,0,7.44,0,13.71,0,45.4,0,39.36,45.2,1.77,2.26,3.79,5.68,41,18
n2_WT_F88Y_M255K_S1_G17,68,0.8056,0.7745,0.9861,1,1.43,0,20.25,0,32.89,0,26.03,32.74,2.12,1.58,5.0,3.14,40,18
n2_WT_F88Y_M255K_S1_G17,69,0.805,0.7985,0.9828,1,1.23,0,10.29,0,39.1,0,29.98,36.1,2.36,3.29,5.01,2.31,53,16
n2_WT_F88Y_M255K_S1_G17,7,0.8437,0.8091,0.9859,1,1.7,0,24.61,0,26.96,0,20.78,27.34,4.29,6.31,11.23,3.65,30,11
n2_WT_F88Y_M255K_S1_G17,70,0.805,0.7867,0.9791,1,3.59,0,19.0,0,22.18,0,18.01,24.07,2.18,3.12,5.92,3.68,41,16
n2_WT_F88Y_M255K_S1_G17,71,0.8049,0.7243,0.9833,0,5.25,0,20.0,1,3.9,0,4.87,7.33,3.4,0.66,3.53,5.76,33,12
n2_WT_F88Y_M255K_S1_G17,72,0.8049,0.6602,0.98,1,4.59,0,22.58,0,28.93,0,21.12,27.71,2.67,5.39,9.22,4.19,32,12
n2_WT_F88Y_M255K_S1_G17,73,0.8047,0.7221,0.9841,1,1.75,0,20.95,0,31.05,0,24.9,31.78,1.87,2.7,4.49,2.91,44,15
n2_WT_F88Y_M255K_S1_G17,74,0.8032,0.7161,0.9809,1,2.33,0,5.48,1,2.29,0,1.68,5.96,2.38,2.65,3.46,5.0,41,11
n2_WT_F88Y_M255K_S1_G17,75,0.8028,0.7948,0.9803,0,5.29,0,22.47,0,8.16,0,3.89,9.02,6.73,5.42,12.96,6.16,23,11
n2_WT_F88Y_M255K_S1_G17,76,0.7995,0.8371,0.9817,0,5.92,0,7.83,0,24.48,0,16.23,22.86,0.35,2.75,3.7,5.3,46,22
n2_WT_F88Y_M255K_S1_G17,77,0.7982,0.8475,0.9821,1,2.13,0,19.35,0,29.67,0,23.27,29.94,2.2,1.95,5.77,2.55,42,16
n2_WT_F88Y_M255K_S1_G17,78,0.7978,0.8068,0.9786,1,4.76,0,11.52,1,1.19,0,2.24,2.64,2.86,2.82,7.16,5.15,34,11
n2_WT_F88Y_M255K_S1_G17,79,0.7976,0.8425,0.9845,1,3.41,0,17.88,0,36.82,0,28.66,35.89,2.47,3.19,5.11,1.38,49,17
n2_WT_F88Y_M255K_S1_G17,8,0.8408,0.8602,0.9831,0,6.09,0,13.16,0,43.02,0,36.69,42.36,2.24,3.21,4.58,6.39,39,16
n2_WT_F88Y_M255K_S1_G17,80,0.7956,0.8039,0.9813,1,2.14,0,11.89,0,31.6,0,24.34,31.31,3.14,1.87,2.5,1.25,46,19
n2_WT_F88Y_M255K_S1_G17,81,0.7931,0.7314,0.9863,1,2.25,0,20.82,0,30.33,0,23.59,30.31,2.37,2.12,6.41,2.56,38,15
n2_WT_F88Y_M255K_S1_G17,82,0.7919,0.6526,0.9748,0,5.26,0,15.07,0,24.27,0,22.59,25.37,2.21,2.63,4.38,5.67,31,11
n2_WT_F88Y_M255K_S1_G17,83,0.7916,0.6441,0.9783,0,6.24,0,17.23,0,19.37,0,17.85,21.91,2.03,3.02,6.38,7.08,27,13
n2_WT_F88Y_M255K_S1_G17,84,0.7906,0.6431,0.9799,0,5.67,0,16.71,0,24.63,0,21.77,25.38,2.76,2.35,3.11,4.63,27,12
n2_WT_F88Y_M255K_S1_G17,85,0.7888,0.8167,0.9789,1,2.0,0,18.48,0,22.04,0,14.59,21.93,2.51,2.73,3.15,3.05,41,16
n2_WT_F88Y_M255K_S1_G17,86,0.7877,0.7388,0.9866,0,6.27,0,12.81,0,44.23,0,37.77,43.86,2.75,1.98,5.26,5.38,33,14
n2_WT_F88Y_M255K_S1_G17,87,0.7865,0.6397,0.9787,1,4.08,0,16.22,0,14.06,0,8.25,14.9,3.25,2.16,7.69,3.25,42,15
n2_WT_F88Y_M255K_S1_G17,88,0.7862,0.8236,0.979,1,2.37,0,9.83,0,30.61,0,24.41,30.7,1.04,2.29,1.4,2.3,42,20
n2_WT_F88Y_M255K_S1_G17,89,0.7861,0.5935,0.9778,0,5.21,0,24.48,0,26.43,0,19.3,25.9,3.64,2.33,6.92,4.92,34,8
n2_WT_F88Y_M255K_S1_G17,9,0.8367,0.8246,0.9858,0,5.77,1,3.44,0,40.92,0,35.3,40.49,2.13,2.68,2.66,5.74,42,13
n2_WT_F88Y_M255K_S1_G17,90,0.7861,0.8193,0.9849,1,1.72,0,16.34,0,38.18,0,30.66,37.91,2.27,2.04,6.56,2.36,50,17
n2_WT_F88Y_M255K_S1_G17,91,0.7844,0.5962,0.9782,1,4.81,0,17.12,0,19.84,0,15.57,22.1,2.74,2.38,7.21,4.0,33,11
n2_WT_F88Y_M255K_S1_G17,92,0.7787,0.6882,0.9791,1,4.56,0,12.67,1,3.2,0,1.5,4.82,3.41,2.93,6.63,5.12,40,13
n2_WT_F88Y_M255K_S1_G17,93,0.7751,0.6689,0.9814,1,2.56,0,20.42,0,29.47,0,23.12,29.66,1.6,2.08,5.81,2.19,38,14
n2_WT_F88Y_M255K_S1_G17,94,0.772,0.7608,0.9791,1,2.49,0,17.55,0,38.06,0,30.19,36.75,2.03,3.12,4.91,0.91,50,19
n2_WT_F88Y_M255K_S1_G17,95,0.7679,0.6271,0.9813,1,2.31,0,19.02,0,31.87,0,25.27,32.11,2.58,3.5,5.17,2.7,40,13
n2_WT_F88Y_M255K_S1_G17,96,0.7625,0.713,0.978,0,5.69,0,15.3,1,1.42,0,1.68,4.26,1.37,2.95,5.88,5.5,35,13
n2_WT_F88Y_M255K_S1_G17,97,0.7554,0.6442,0.9736,1,1.53,0,8.49,0,29.03,0,21.59,28.74,1.6,2.22,3.64,1.65,47,19
n2_WT_F88Y_M255K_S1_G17,98,0.7513,0.5653,0.9719,1,2.42,0,7.34,0,24.86,0,18.26,24.41,2.81,1.98,6.75,4.49,40,19
n2_WT_F88Y_M255K_S1_G17,99,0.7434,0.5633,0.979,1,3.36,1,1.21,1,2.35,1,3.27,5.73,1.46,1.17,8.82,5.46,38,13
n2_WT_F88Y_M255M_OFF_T_G17,0,0.8767,0.9091,0.9844,0,7.38,0,19.01,0,7.7,0,13.26,16.96,2.69,3.49,3.34,7.73,40,15
n2_WT_F88Y_M255M_OFF_T_G17,1,0.8667,0.9255,0.9861,1,3.74,0,16.85,0,20.43,0,19.15,25.78,3.0,2.96,3.13,4.25,43,17
n2_WT_F88Y_M255M_OFF_T_G17,10,0.8436,0.8987,0.9866,1,2.73,0,15.85,0,9.58,0,12.19,19.19,2.49,3.24,3.26,3.35,54,17
n2_WT_F88Y_M255M_OFF_T_G17,11,0.8435,0.9014,0.9827,1,4.11,0,15.62,1,3.14,0,2.29,7.96,1.16,2.99,2.98,4.82,38,15
n2_WT_F88Y_M255M_OFF_T_G17,12,0.8432,0.8932,0.9856,0,6.59,0,17.75,0,10.78,0,8.01,13.33,1.81,2.05,5.01,5.68,31,16
n2_WT_F88Y_M255M_OFF_T_G17,13,0.8429,0.8996,0.9833,0,6.09,0,16.46,0,9.89,0,9.23,15.05,3.28,3.03,3.24,4.45,39,19
n2_WT_F88Y_M255M_OFF_T_G17,14,0.8429,0.819,0.9853,0,6.11,0,29.71,0,18.87,0,25.3,25.21,1.76,1.7,1.88,6.63,25,10
n2_WT_F88Y_M255M_OFF_T_G17,15,0.8416,0.8736,0.9815,0,6.88,0,18.34,0,13.66,0,14.58,19.96,2.68,3.0,4.52,7.48,31,16
n2_WT_F88Y_M255M_OFF_T_G17,16,0.8411,0.854,0.9829,0,5.15,0,21.57,0,14.74,0,13.38,19.15,1.74,2.54,5.74,4.98,39,13
n2_WT_F88Y_M255M_OFF_T_G17,17,0.8409,0.8815,0.9793,0,8.76,0,13.76,0,31.86,0,31.13,32.22,8.84,2.71,6.8,7.19,27,11
n2_WT_F88Y_M255M_OFF_T_G17,18,0.8405,0.8987,0.9813,0,5.74,0,18.49,1,2.18,0,3.16,7.73,2.7,2.01,4.78,5.07,40,20
n2_WT_F88Y_M255M_OFF_T_G17,19,0.8402,0.8826,0.9852,0,5.91,0,17.61,0,19.48,0,17.11,22.29,1.48,1.42,2.57,6.31,28,11
n2_WT_F88Y_M255M_OFF_T_G17,2,0.8667,0.9256,0.9864,1,4.52,0,16.75,0,23.04,0,22.93,27.32,2.58,2.28,3.13,5.51,45,18
n2_WT_F88Y_M255M_OFF_T_G17,20,0.8394,0.893,0.9818,0,5.38,0,14.7,0,6.22,0,5.23,12.31,1.46,2.8,3.22,4.23,43,18
n2_WT_F88Y_M255M_OFF_T_G17,21,0.8376,0.9003,0.9832,0,6.85,0,11.19,0,30.19,0,29.8,31.35,2.98,2.54,4.17,5.57,29,15
n2_WT_F88Y_M255M_OFF_T_G17,22,0.8374,0.8425,0.983,0,9.62,0,17.22,0,18.33,0,15.58,21.38,5.07,2.79,5.03,8.66,25,12
n2_WT_F88Y_M255M_OFF_T_G17,23,0.837,0.837,0.9764,0,6.39,0,18.69,1,3.27,0,8.65,12.67,2.89,2.98,4.16,4.32,52,18
n2_WT_F88Y_M255M_OFF_T_G17,24,0.8364,0.8573,0.9804,0,6.99,0,18.68,0,28.32,0,25.45,31.71,2.85,2.15,2.62,6.27,29,13
n2_WT_F88Y_M255M_OFF_T_G17,25,0.8359,0.8115,0.9839,0,7.45,0,19.17,0,6.05,0,7.6,11.24,2.16,2.7,4.15,7.22,34,11
n2_WT_F88Y_M255M_OFF_T_G17,26,0.8347,0.8985,0.9843,1,2.65,0,18.3,0,8.79,0,5.65,12.43,0.96,3.68,3.27,1.87,43,16
n2_WT_F88Y_M255M_OFF_T_G17,27,0.8347,0.885,0.9867,0,5.2,0,19.69,0,17.7,0,15.84,22.58,1.85,1.61,3.45,4.12,34,12
n2_WT_F88Y_M255M_OFF_T_G17,28,0.8338,0.844,0.9828,1,4.09,0,17.06,1,3.6,0,5.18,4.37,2.46,2.67,2.81,5.23,43,18
n2_WT_F88Y_M255M_OFF_T_G17,29,0.8332,0.8819,0.9838,0,5.18,0,17.23,0,32.41,0,27.96,33.79,1.27,2.39,2.62,5.14,27,13
n2_WT_F88Y_M255M_OFF_T_G17,3,0.8532,0.8897,0.9895,1,3.92,0,22.61,0,14.6,0,14.15,21.2,0.64,1.29,4.19,3.74,41,14
n2_WT_F88Y_M255M_OFF_T_G17,30,0.8329,0.9139,0.9872,0,5.35,0,21.46,0,14.9,0,14.2,19.24,1.59,1.62,2.81,5.15,44,16
n2_WT_F88Y_M255M_OFF_T_G17,31,0.8321,0.8349,0.979,0,6.35,0,9.49,0,28.61,0,29.06,28.92,4.0,5.28,7.5,5.03,29,13
n2_WT_F88Y_M255M_OFF_T_G17,32,0.832,0.8631,0.9799,0,5.17,0,17.07,0,11.16,0,8.99,15.73,2.19,1.8,3.02,3.82,44,20
n2_WT_F88Y_M255M_OFF_T_G17,33,0.8316,0.8089,0.9835,0,6.37,0,25.92,0,45.86,0,50.22,48.62,2.61,1.2,5.66,5.81,35,14
n2_WT_F88Y_M255M_OFF_T_G17,34,0.8309,0.8247,0.9791,1,4.81,0,18.1,0,10.37,0,12.93,15.71,1.92,1.42,2.89,5.11,45,15
n2_WT_F88Y_M255M_OFF_T_G17,35,0.8303,0.8654,0.9768,0,7.47,0,11.38,0,31.3,0,31.32,32.1,6.63,3.01,4.24,6.24,27,15
n2_WT_F88Y_M255M_OFF_T_G17,36,0.8299,0.8602,0.985,0,6.15,0,16.58,0,6.76,0,12.54,10.19,2.1,2.59,3.06,5.38,40,14
n2_WT_F88Y_M255M_OFF_T_G17,37,0.8269,0.8513,0.9825,0,5.17,0,20.25,0,14.03,0,15.48,19.48,3.26,1.02,3.77,4.47,35,15
n2_WT_F88Y_M255M_OFF_T_G17,38,0.8265,0.8144,0.9804,0,6.9,0,18.96,0,16.91,0,11.32,17.79,2.19,2.72,6.69,7.36,25,11
n2_WT_F88Y_M255M_OFF_T_G17,39,0.8262,0.7389,0.9785,0,5.28,0,22.55,0,37.18,0,43.08,40.31,3.31,2.79,3.48,4.58,41,14
n2_WT_F88Y_M255M_OFF_T_G17,4,0.8519,0.8664,0.9809,0,6.77,0,19.98,0,15.23,0,14.57,17.79,3.3,3.32,4.29,5.09,41,16
n2_WT_F88Y_M255M_OFF_T_G17,40,0.8258,0.8739,0.98,0,5.74,0,20.88,0,15.32,0,12.74,18.86,0.48,1.81,2.8,5.55,38,15
n2_WT_F88Y_M255M_OFF_T_G17,41,0.8252,0.8327,0.9815,0,7.64,0,19.11,0,14.85,0,12.2,18.53,1.81,3.01,3.95,8.46,28,14
n2_WT_F88Y_M255M_OFF_T_G17,42,0.8249,0.8764,0.9855,0,5.53,0,27.32,0,16.69,0,9.49,14.72,1.85,2.16,3.78,3.83,39,16
n2_WT_F88Y_M255M_OFF_T_G17,43,0.8248,0.8298,0.9853,1,3.44,0,38.28,0,21.96,0,24.84,29.96,2.61,1.15,5.6,4.98,37,11
n2_WT_F88Y_M255M_OFF_T_G17,44,0.8244,0.8197,0.9874,1,3.99,0,12.91,1,4.83,0,9.93,9.83,2.33,2.87,2.26,4.28,43,12
n2_WT_F88Y_M255M_OFF_T_G17,45,0.8241,0.8062,0.983,1,4.49,0,18.38,0,15.53,0,13.44,18.81,1.86,1.6,4.41,5.04,36,13
n2_WT_F88Y_M255M_OFF_T_G17,46,0.8232,0.861,0.9812,0,6.23,1,4.19,0,25.55,0,21.06,25.83,2.78,2.22,5.87,6.38,38,16
n2_WT_F88Y_M255M_OFF_T_G17,47,0.823,0.8136,0.986,1,3.78,0,17.08,0,30.7,0,31.05,35.55,2.85,2.43,3.62,4.69,34,10
n2_WT_F88Y_M255M_OFF_T_G17,48,0.822,0.8472,0.9779,0,8.55,0,13.42,0,31.15,0,30.41,32.13,3.04,2.7,5.03,6.44,27,13
n2_WT_F88Y_M255M_OFF_T_G17,49,0.8218,0.844,0.9823,1,4.87,0,14.66,0,14.55,0,12.03,18.16,1.3,2.91,3.54,5.36,49,20
n2_WT_F88Y_M255M_OFF_T_G17,5,0.8515,0.8994,0.9841,1,4.26,0,18.61,0,6.78,0,8.15,10.97,3.69,2.83,2.55,5.09,44,15
n2_WT_F88Y_M255M_OFF_T_G17,50,0.8211,0.8753,0.9803,0,6.0,0,18.01,1,1.71,0,8.24,6.17,1.51,1.7,4.68,5.77,38,18
n2_WT_F88Y_M255M_OFF_T_G17,51,0.8206,0.7961,0.9797,0,9.29,0,19.34,0,15.75,0,13.87,19.21,2.43,3.37,3.8,7.53,31,14
n2_WT_F88Y_M255M_OFF_T_G17,52,0.8201,0.8618,0.9811,0,6.44,0,20.59,0,7.61,0,5.52,11.15,2.57,2.53,2.9,5.34,33,14
n2_WT_F88Y_M255M_OFF_T_G17,53,0.82,0.756,0.9841,1,3.44,0,33.46,0,23.64,0,20.19,25.36,1.86,2.52,3.4,3.89,38,13
n2_WT_F88Y_M255M_OFF_T_G17,54,0.8199,0.8077,0.9782,0,6.83,0,15.74,0,8.94,0,8.02,11.17,2.17,2.68,4.62,5.26,51,17
n2_WT_F88Y_M255M_OFF_T_G17,55,0.8197,0.8659,0.9862,1,3.2,0,23.73,0,17.98,0,21.67,25.74,1.74,3.27,5.54,2.6,43,12
n2_WT_F88Y_M255M_OFF_T_G17,56,0.8197,0.888,0.9845,0,8.36,0,7.59,0,26.32,0,24.88,28.24,3.03,1.49,3.82,6.25,41,17
n2_WT_F88Y_M255M_OFF_T_G17,57,0.8196,0.7977,0.9789,0,5.4,0,18.01,1,1.62,0,6.76,5.69,2.51,2.48,6.56,5.53,28,12
n2_WT_F88Y_M255M_OFF_T_G17,58,0.8195,0.8276,0.986,1,4.82,0,7.61,0,39.57,0,39.41,41.18,3.15,2.57,4.2,5.51,38,11
n2_WT_F88Y_M255M_OFF_T_G17,59,0.8193,0.8675,0.9829,1,4.21,0,22.64,0,12.64,0,11.77,16.74,2.34,1.31,1.67,3.06,44,18
n2_WT_F88Y_M255M_OFF_T_G17,6,0.8498,0.8478,0.9828,0,5.51,0,14.79,0,28.09,0,26.35,32.49,2.19,2.29,2.82,5.9,34,15
n2_WT_F88Y_M255M_OFF_T_G17,60,0.8178,0.7824,0.9816,0,6.5,0,19.35,1,2.65,0,7.61,9.72,0.9,2.25,3.88,6.08,41,12
n2_WT_F88Y_M255M_OFF_T_G17,61,0.8178,0.834,0.9879,1,4.74,0,12.11,0,5.87,0,8.83,12.27,2.76,3.14,3.82,5.02,42,12
n2_WT_F88Y_M255M_OFF_T_G17,62,0.8172,0.8374,0.9818,0,5.59,0,28.89,0,11.4,0,12.37,16.75,2.79,2.08,4.0,6.48,34,14
n2_WT_F88Y_M255M_OFF_T_G17,63,0.8169,0.8826,0.9814,0,6.2,0,19.65,0,10.27,0,8.39,12.55,1.24,2.23,3.29,5.31,46,19
n2_WT_F88Y_M255M_OFF_T_G17,64,0.8169,0.7958,0.9775,0,6.51,0,19.07,0,5.67,0,6.47,11.27,1.17,1.73,3.04,6.44,45,18
n2_WT_F88Y_M255M_OFF_T_G17,65,0.8168,0.8094,0.9809,0,6.21,0,18.56,0,5.59,0,6.7,11.13,3.02,2.38,4.46,6.21,35,12
n2_WT_F88Y_M255M_OFF_T_G17,66,0.8165,0.7358,0.975,0,9.34,0,17.67,0,12.8,0,9.76,15.31,2.53,3.34,4.96,6.6,30,13
n2_WT_F88Y_M255M_OFF_T_G17,67,0.8163,0.7969,0.979,0,7.14,0,20.14,0,9.84,0,10.61,14.78,2.29,2.05,3.73,7.62,42,13
n2_WT_F88Y_M255M_OFF_T_G17,68,0.8151,0.7929,0.9786,0,7.56,0,16.47,1,4.69,0,5.49,7.15,1.88,2.14,4.7,6.3,34,15
n2_WT_F88Y_M255M_OFF_T_G17,69,0.8143,0.8303,0.9833,1,3.19,0,22.82,0,7.54,0,6.61,12.43,2.43,2.6,3.46,5.48,37,12
n2_WT_F88Y_M255M_OFF_T_G17,7,0.8482,0.8331,0.9802,1,3.34,0,27.12,0,6.99,0,9.27,12.78,3.98,2.2,7.25,1.05,39,16
n2_WT_F88Y_M255M_OFF_T_G17,70,0.8139,0.8349,0.9826,1,4.13,0,16.83,0,5.35,0,7.94,12.5,2.88,2.63,3.48,5.83,39,15
n2_WT_F88Y_M255M_OFF_T_G17,71,0.8124,0.7886,0.9789,0,5.7,0,17.73,0,5.78,0,2.6,7.05,2.87,2.84,3.67,5.99,40,13
n2_WT_F88Y_M255M_OFF_T_G17,72,0.812,0.8779,0.9829,1,2.38,0,25.87,0,15.67,0,10.56,16.83,2.68,1.05,3.35,4.43,52,22
n2_WT_F88Y_M255M_OFF_T_G17,73,0.8111,0.8187,0.9856,0,5.27,0,16.96,1,2.43,0,2.32,7.25,2.92,2.11,4.26,5.62,38,14
n2_WT_F88Y_M255M_OFF_T_G17,74,0.8109,0.8824,0.9839,0,5.67,0,18.49,0,18.58,0,16.14,21.1,0.98,1.35,3.46,3.41,38,13
n2_WT_F88Y_M255M_OFF_T_G17,75,0.8086,0.8144,0.9858,0,6.3,0,22.45,0,15.95,0,13.25,17.79,2.72,2.2,4.43,3.76,35,12
n2_WT_F88Y_M255M_OFF_T_G17,76,0.8082,0.8421,0.9801,0,6.19,0,23.46,0,7.3,0,7.05,13.52,1.38,3.06,3.03,4.12,40,16
n2_WT_F88Y_M255M_OFF_T_G17,77,0.8073,0.7369,0.9793,0,8.7,0,18.51,0,16.61,0,20.52,22.85,1.69,2.86,3.56,6.61,26,11
n2_WT_F88Y_M255M_OFF_T_G17,78,0.8072,0.7633,0.9781,0,8.11,0,17.27,0,5.02,0,2.66,7.49,2.23,3.44,1.81,6.49,45,19
n2_WT_F88Y_M255M_OFF_T_G17,79,0.8071,0.8251,0.982,0,7.06,0,8.02,0,23.23,0,20.7,24.3,3.21,2.62,5.46,7.62,30,13
n2_WT_F88Y_M255M_OFF_T_G17,8,0.8465,0.8504,0.9856,0,5.41,0,19.4,0,17.91,0,16.32,21.86,3.19,3.32,4.74,6.07,27,14
n2_WT_F88Y_M255M_OFF_T_G17,80,0.8049,0.7585,0.975,0,6.25,0,16.11,0,12.94,0,10.07,16.63,1.26,2.11,4.83,5.92,31,14
n2_WT_F88Y_M255M_OFF_T_G17,81,0.804,0.7875,0.9825,0,8.1,0,18.43,0,11.88,0,16.58,18.47,2.61,3.48,5.16,6.25,29,12
n2_WT_F88Y_M255M_OFF_T_G17,82,0.8027,0.795,0.9786,0,7.55,0,15.86,1,1.35,0,1.71,7.13,2.13,3.28,3.55,5.25,37,16
n2_WT_F88Y_M255M_OFF_T_G17,83,0.8018,0.7374,0.9794,0,7.4,0,8.14,0,35.76,0,40.21,37.39,2.66,3.21,4.74,6.47,32,13
n2_WT_F88Y_M255M_OFF_T_G17,84,0.8007,0.7331,0.9804,0,8.71,0,17.58,1,2.23,0,5.4,9.28,3.33,1.33,2.04,6.95,27,11
n2_WT_F88Y_M255M_OFF_T_G17,85,0.7958,0.7625,0.9798,0,5.36,0,18.78,0,6.41,0,5.38,9.14,0.94,3.05,2.5,4.8,32,14
n2_WT_F88Y_M255M_OFF_T_G17,86,0.7946,0.8008,0.9767,0,7.39,0,21.32,0,28.15,0,23.46,29.1,2.2,3.28,3.5,6.76,35,17
n2_WT_F88Y_M255M_OFF_T_G17,87,0.7939,0.7049,0.9786,0,8.74,0,16.09,0,5.21,0,3.61,8.07,1.67,2.69,3.32,6.32,26,10
n2_WT_F88Y_M255M_OFF_T_G17,88,0.7932,0.7723,0.9826,1,4.54,0,16.76,0,8.57,0,10.08,14.33,1.94,2.68,3.61,3.93,35,12
n2_WT_F88Y_M255M_OFF_T_G17,89,0.7927,0.6659,0.976,1,4.56,0,15.89,0,27.14,0,24.87,31.74,2.45,2.37,2.49,5.69,42,14
n2_WT_F88Y_M255M_OFF_T_G17,9,0.845,0.8282,0.985,0,6.94,0,8.75,0,27.52,0,32.95,29.8,2.23,3.72,4.6,6.73,30,14
n2_WT_F88Y_M255M_OFF_T_G17,90,0.7909,0.6225,0.9755,1,4.97,0,30.18,0,11.87,0,18.58,14.7,2.63,0.87,6.62,5.14,43,15
n2_WT_F88Y_M255M_OFF_T_G17,91,0.7823,0.6835,0.9782,1,4.79,0,17.08,0,25.27,0,25.95,30.77,3.51,1.97,3.22,6.1,25,12
n2_WT_F88Y_M255M_OFF_T_G17,92,0.7796,0.7195,0.9815,0,5.9,0,20.22,0,6.16,0,13.3,12.8,2.73,2.67,5.27,4.65,33,16
n2_WT_F88Y_M255M_OFF_T_G17,93,0.7777,0.6048,0.9734,1,4.02,0,18.88,0,6.48,0,7.87,13.25,0.26,3.07,3.51,4.61,41,14
n2_WT_F88Y_M255M_OFF_T_G17,94,0.7745,0.6758,0.9757,0,7.39,0,17.75,0,5.74,0,7.16,7.66,3.32,3.19,3.19,5.36,41,18
n2_WT_F88Y_M255M_OFF_T_G17,95,0.7719,0.7206,0.9724,0,6.12,0,21.22,0,14.39,0,10.75,15.4,1.57,2.15,4.44,5.98,39,20
n2_WT_F88Y_M255M_OFF_T_G17,96,0.7707,0.5884,0.9778,0,9.27,0,18.94,1,3.48,0,4.62,9.03,2.79,2.37,4.14,7.8,22,10
n2_WT_F88Y_M255M_OFF_T_G17,97,0.7675,0.6091,0.9738,0,6.53,0,19.35,0,5.0,0,6.54,7.58,2.96,2.2,4.29,4.78,41,16
n2_WT_F88Y_M255M_OFF_T_G17,98,0.7654,0.6638,0.9725,0,7.67,0,31.78,0,27.32,0,25.53,28.84,3.55,3.22,5.44,6.24,50,16
n2_WT_F88Y_M255M_OFF_T_G17,99,0.7569,0.5773,0.9779,0,9.32,0,19.57,0,13.58,0,17.24,20.07,1.11,2.23,5.08,7.23,27,14
n2_WT_F88Y_M255M_S1_G17,0,0.8552,0.8387,0.9882,1,2.19,0,25.18,0,25.04,0,19.25,23.99,3.09,6.46,9.65,2.31,36,10
n2_WT_F88Y_M255M_S1_G17,1,0.8544,0.8662,0.9899,1,0.79,0,25.46,0,27.74,0,22.19,27.84,4.64,3.65,11.01,2.7,35,11
n2_WT_F88Y_M255M_S1_G17,10,0.8381,0.825,0.9875,1,2.54,0,21.92,0,31.43,0,25.42,30.6,3.95,3.48,9.01,3.38,32,10
n2_WT_F88Y_M255M_S1_G17,11,0.8368,0.883,0.9849,1,4.89,0,14.03,0,26.91,0,18.97,23.51,2.58,2.75,5.44,4.89,35,15
n2_WT_F88Y_M255M_S1_G17,12,0.836,0.8333,0.9865,0,6.11,1,1.99,0,39.49,0,34.13,38.4,1.13,2.35,3.64,6.33,42,13
n2_WT_F88Y_M255M_S1_G17,13,0.836,0.7644,0.984,1,4.33,0,17.86,0,23.73,0,14.38,18.57,1.5,1.83,2.78,4.47,47,13
n2_WT_F88Y_M255M_S1_G17,14,0.836,0.9073,0.9871,1,3.48,0,9.1,0,33.25,0,36.92,33.87,2.61,2.53,5.14,3.93,27,10
n2_WT_F88Y_M255M_S1_G17,15,0.8352,0.7956,0.9875,1,3.09,0,5.58,1,2.36,0,3.35,1.66,1.14,3.58,3.86,5.58,41,13
n2_WT_F88Y_M255M_S1_G17,16,0.8347,0.7853,0.9847,0,6.96,0,22.95,0,22.81,0,20.1,23.61,2.32,3.55,7.72,6.99,29,11
n2_WT_F88Y_M255M_S1_G17,17,0.8325,0.8987,0.9867,1,3.87,1,4.1,1,3.15,1,1.61,7.6,3.35,3.05,3.08,6.25,44,16
n2_WT_F88Y_M255M_S1_G17,18,0.8315,0.8922,0.9843,1,4.42,0,13.22,1,2.77,0,2.33,5.01,1.22,2.29,3.71,3.54,46,21
n2_WT_F88Y_M255M_S1_G17,19,0.8305,0.8028,0.9852,1,2.62,1,4.34,1,2.2,1,2.84,1.72,3.09,3.35,3.04,5.76,41,13
n2_WT_F88Y_M255M_S1_G17,2,0.8501,0.892,0.9818,0,5.48,0,20.51,0,22.26,0,13.18,18.76,2.97,2.33,3.69,5.49,38,15
n2_WT_F88Y_M255M_S1_G17,20,0.8297,0.7792,0.9831,0,5.76,0,19.43,0,19.37,0,10.35,16.56,2.16,2.16,4.9,5.69,39,12
n2_WT_F88Y_M255M_S1_G17,21,0.8296,0.8208,0.9881,1,3.55,0,5.69,1,2.49,0,2.02,5.03,3.29,3.91,3.16,6.06,44,11
n2_WT_F88Y_M255M_S1_G17,22,0.8286,0.7653,0.9843,1,1.93,0,24.81,0,26.57,0,19.61,24.43,4.77,5.79,11.74,2.34,31,11
n2_WT_F88Y_M255M_S1_G17,23,0.8284,0.9029,0.9847,0,6.03,0,12.17,1,2.52,0,2.26,5.56,1.41,1.78,3.33,4.15,42,18
n2_WT_F88Y_M255M_S1_G17,24,0.8263,0.8726,0.9852,1,1.55,0,9.04,0,27.9,0,21.77,27.81,1.23,2.59,4.01,2.6,47,19
n2_WT_F88Y_M255M_S1_G17,25,0.8252,0.8996,0.9848,1,3.96,0,12.88,1,2.46,0,1.77,6.36,2.01,2.85,4.14,2.1,42,19
n2_WT_F88Y_M255M_S1_G17,26,0.8251,0.8944,0.9829,1,4.53,0,12.37,1,2.71,0,1.26,5.86,1.93,2.97,2.97,4.21,43,18
n2_WT_F88Y_M255M_S1_G17,27,0.825,0.8312,0.9873,0,6.35,0,6.9,0,33.52,0,36.43,35.51,3.6,1.21,3.3,6.4,31,11
n2_WT_F88Y_M255M_S1_G17,28,0.8231,0.7614,0.9847,1,3.12,0,24.33,0,29.9,0,24.06,29.89,3.97,5.55,10.68,3.43,36,10
n2_WT_F88Y_M255M_S1_G17,29,0.8228,0.8686,0.9816,1,4.61,0,12.64,1,2.06,0,2.12,3.42,1.68,2.34,7.44,5.87,38,13
n2_WT_F88Y_M255M_S1_G17,3,0.8462,0.8386,0.9866,0,6.33,1,3.15,0,40.76,0,35.67,39.72,1.41,3.07,6.27,5.88,41,13
n2_WT_F88Y_M255M_S1_G17,30,0.8221,0.7306,0.9834,0,6.85,0,6.38,0,30.84,0,29.53,33.37,2.6,3.06,7.07,6.54,29,11
n2_WT_F88Y_M255M_S1_G17,31,0.8218,0.8769,0.9828,0,5.18,0,12.08,1,1.14,0,2.24,6.81,2.42,2.85,7.07,5.59,36,17
n2_WT_F88Y_M255M_S1_G17,32,0.8217,0.7877,0.9852,1,2.22,1,4.63,1,2.6,1,2.57,7.19,2.36,3.18,2.45,5.67,40,12
n2_WT_F88Y_M255M_S1_G17,33,0.821,0.8432,0.9813,0,5.09,0,13.06,1,2.96,0,2.06,5.96,1.51,2.67,3.05,3.48,45,17
n2_WT_F88Y_M255M_S1_G17,34,0.82,0.7697,0.984,1,3.27,0,13.65,0,37.58,0,29.04,35.48,2.88,4.92,12.98,3.03,39,13
n2_WT_F88Y_M255M_S1_G17,35,0.8199,0.8313,0.9847,1,4.21,0,13.62,0,41.5,0,37.83,38.99,2.22,1.43,6.41,5.03,38,15
n2_WT_F88Y_M255M_S1_G17,36,0.819,0.8412,0.9811,1,1.68,0,18.99,0,31.47,0,25.44,31.23,3.51,1.79,6.37,2.72,43,18
n2_WT_F88Y_M255M_S1_G17,37,0.8184,0.8138,0.9817,0,13.7,0,23.23,0,9.53,0,5.57,10.85,4.37,3.41,9.32,13.64,21,11
n2_WT_F88Y_M255M_S1_G17,38,0.8172,0.7689,0.9846,1,3.14,1,4.54,1,2.43,1,1.63,4.24,3.35,3.53,3.64,5.8,40,13
n2_WT_F88Y_M255M_S1_G17,39,0.8169,0.7635,0.9842,0,5.77,0,5.78,1,2.73,0,1.48,4.33,2.75,3.06,4.24,6.37,38,12
n2_WT_F88Y_M255M_S1_G17,4,0.8448,0.857,0.9865,1,3.06,0,8.78,0,40.19,0,39.78,40.73,1.4,3.25,4.14,5.2,37,13
n2_WT_F88Y_M255M_S1_G17,40,0.8157,0.8876,0.9838,0,5.09,0,13.69,1,2.01,0,2.2,2.28,1.0,3.42,6.84,6.01,34,12
n2_WT_F88Y_M255M_S1_G17,41,0.8155,0.7673,0.9838,0,5.58,0,15.47,0,24.65,0,21.65,24.99,2.95,1.68,3.13,6.0,34,13
n2_WT_F88Y_M255M_S1_G17,42,0.8153,0.7967,0.9866,1,2.39,0,5.19,1,3.16,0,1.79,2.22,2.21,3.35,3.2,5.66,41,12
n2_WT_F88Y_M255M_S1_G17,43,0.8153,0.8601,0.9818,1,4.32,0,13.93,1,1.22,0,3.12,7.26,2.85,2.74,7.12,5.0,32,10
n2_WT_F88Y_M255M_S1_G17,44,0.8152,0.8177,0.8002,0,5.35,0,13.15,1,0.99,0,1.98,2.49,2.35,2.5,6.51,5.83,35,15
n2_WT_F88Y_M255M_S1_G17,45,0.8148,0.7516,0.9834,1,3.1,0,5.83,1,2.32,0,2.29,5.73,3.18,3.19,3.65,5.22,36,12
n2_WT_F88Y_M255M_S1_G17,46,0.8147,0.7966,0.9869,1,3.22,1,4.37,1,2.32,1,2.12,5.24,1.27,1.65,5.3,5.85,38,12
n2_WT_F88Y_M255M_S1_G17,47,0.8143,0.8503,0.9821,0,6.03,0,11.2,1,1.65,0,2.23,5.59,2.85,1.59,3.65,4.25,44,15
n2_WT_F88Y_M255M_S1_G17,48,0.813,0.8382,0.9814,1,4.3,0,11.65,1,3.56,0,2.12,2.91,1.99,1.69,3.04,4.12,47,19
n2_WT_F88Y_M255M_S1_G17,49,0.8126,0.7329,0.9808,1,2.84,0,5.48,0,29.56,0,21.95,28.22,1.72,2.29,4.01,2.25,42,12
n2_WT_F88Y_M255M_S1_G17,5,0.8427,0.9025,0.9839,1,4.61,0,14.04,1,3.6,0,1.94,4.24,1.61,3.13,4.09,3.9,48,19
n2_WT_F88Y_M255M_S1_G17,50,0.8124,0.8902,0.9853,1,4.05,0,13.49,1,3.13,0,2.03,3.11,0.82,2.25,3.3,3.41,48,19
n2_WT_F88Y_M255M_S1_G17,51,0.8122,0.8305,0.9878,1,2.05,0,18.12,0,30.19,0,22.58,27.29,2.67,2.94,12.1,2.51,38,14
n2_WT_F88Y_M255M_S1_G17,52,0.8112,0.8056,0.9859,1,3.65,1,3.5,1,1.95,1,2.8,5.64,3.79,2.76,2.88,5.95,41,13
n2_WT_F88Y_M255M_S1_G17,53,0.8104,0.7947,0.9785,1,2.14,0,18.04,0,25.84,0,19.22,25.4,2.41,2.38,5.58,1.95,42,18
n2_WT_F88Y_M255M_S1_G17,54,0.8097,0.7291,0.9792,1,3.17,1,4.62,0,23.68,0,18.05,22.56,1.38,0.77,4.11,4.0,44,14
n2_WT_F88Y_M255M_S1_G17,55,0.8095,0.7623,0.9857,1,3.23,1,3.44,1,2.53,1,1.28,3.39,2.95,1.37,4.04,5.25,37,12
n2_WT_F88Y_M255M_S1_G17,56,0.8083,0.7967,0.9861,1,3.77,0,5.72,1,2.58,0,2.57,6.89,4.02,2.83,3.95,6.45,38,13
n2_WT_F88Y_M255M_S1_G17,57,0.8064,0.7865,0.985,1,1.88,1,3.48,1,3.42,1,2.67,7.3,2.74,3.38,3.3,5.8,42,14
n2_WT_F88Y_M255M_S1_G17,58,0.8054,0.6735,0.9792,0,5.63,0,17.3,0,24.78,0,22.2,24.74,3.2,1.68,3.02,5.37,26,12
n2_WT_F88Y_M255M_S1_G17,59,0.8051,0.8842,0.9827,0,6.32,0,12.98,0,21.38,0,13.36,18.11,1.45,2.83,3.49,5.35,44,15
n2_WT_F88Y_M255M_S1_G17,6,0.842,0.8137,0.9871,1,1.17,0,23.96,0,28.65,0,22.58,28.31,3.37,5.37,9.99,2.84,35,8
n2_WT_F88Y_M255M_S1_G17,60,0.8051,0.7862,0.9873,1,3.54,1,3.82,1,2.45,1,3.1,6.5,2.27,2.85,4.57,5.22,33,11
n2_WT_F88Y_M255M_S1_G17,61,0.8048,0.8372,0.985,1,4.18,0,12.37,1,2.97,0,1.25,4.92,1.81,2.31,4.72,2.47,46,17
n2_WT_F88Y_M255M_S1_G17,62,0.8043,0.7801,0.9846,1,2.82,0,5.06,1,2.23,0,2.52,5.59,2.82,3.57,3.96,4.78,37,11
n2_WT_F88Y_M255M_S1_G17,63,0.8042,0.7919,0.9819,1,2.55,1,4.34,1,3.8,1,3.1,6.5,2.61,2.37,4.42,5.16,38,10
n2_WT_F88Y_M255M_S1_G17,64,0.8039,0.7914,0.9831,1,4.62,0,15.12,1,3.82,0,5.88,8.65,2.27,2.17,4.37,4.87,34,11
n2_WT_F88Y_M255M_S1_G17,65,0.8039,0.7744,0.9843,1,2.93,1,4.67,1,3.41,1,2.09,3.24,3.03,2.66,3.49,5.84,35,12
n2_WT_F88Y_M255M_S1_G17,66,0.8028,0.8267,0.9863,1,1.83,0,17.88,0,33.67,0,26.11,31.93,0.7,2.26,7.48,1.96,47,16
n2_WT_F88Y_M255M_S1_G17,67,0.8021,0.8573,0.9813,1,4.29,1,2.53,1,3.38,1,2.44,2.32,2.33,2.34,3.41,4.45,53,20
n2_WT_F88Y_M255M_S1_G17,68,0.8006,0.7792,0.9766,0,5.24,0,12.05,1,3.03,0,1.25,5.99,2.16,0.67,2.86,3.87,43,16
n2_WT_F88Y_M255M_S1_G17,69,0.7991,0.7768,0.9737,1,3.09,0,18.15,0,20.95,0,15.8,21.13,2.57,2.83,2.28,2.42,41,17
n2_WT_F88Y_M255M_S1_G17,7,0.8419,0.8232,0.9866,1,2.0,0,24.2,0,26.04,0,19.03,25.32,1.62,7.2,11.97,2.09,39,10
n2_WT_F88Y_M255M_S1_G17,70,0.7991,0.8132,0.9839,1,4.66,0,12.24,1,2.56,0,0.93,5.23,0.69,2.4,2.92,3.25,50,19
n2_WT_F88Y_M255M_S1_G17,71,0.7991,0.7846,0.9804,1,1.85,0,18.89,0,31.3,0,25.52,31.43,3.24,2.35,3.91,3.06,49,16
n2_WT_F88Y_M255M_S1_G17,72,0.7981,0.7513,0.9753,1,4.37,0,17.19,0,22.36,0,18.28,23.43,2.01,2.03,3.49,3.27,39,17
n2_WT_F88Y_M255M_S1_G17,73,0.7976,0.8031,0.9791,0,7.01,0,14.63,0,45.26,0,39.4,43.42,1.6,2.42,4.15,5.6,40,18
n2_WT_F88Y_M255M_S1_G17,74,0.7976,0.7946,0.98,1,3.96,0,12.17,1,2.67,0,2.66,1.81,0.79,2.18,3.46,2.31,51,16
n2_WT_F88Y_M255M_S1_G17,75,0.7976,0.7265,0.9844,0,9.16,0,8.08,1,2.08,0,2.06,6.53,1.36,1.27,4.06,7.83,26,11
n2_WT_F88Y_M255M_S1_G17,76,0.7972,0.7487,0.9829,1,3.33,1,3.46,1,1.83,1,3.21,2.85,3.15,3.01,3.28,6.45,42,14
n2_WT_F88Y_M255M_S1_G17,77,0.7971,0.7176,0.9817,1,3.89,0,5.23,1,3.81,0,3.32,6.36,2.96,3.26,3.02,5.26,36,12
n2_WT_F88Y_M255M_S1_G17,78,0.7964,0.6104,0.9751,1,4.11,0,22.78,0,27.55,0,21.06,25.78,3.2,2.76,7.3,4.95,36,13
n2_WT_F88Y_M255M_S1_G17,79,0.7964,0.664,0.9773,0,6.07,0,16.84,0,19.39,0,18.15,21.09,1.56,2.65,6.18,7.37,28,11
n2_WT_F88Y_M255M_S1_G17,8,0.8398,0.9155,0.9861,0,5.05,0,12.8,1,2.01,0,2.94,5.85,1.26,2.92,4.07,3.62,41,17
n2_WT_F88Y_M255M_S1_G17,80,0.7958,0.7578,0.9811,0,5.23,0,12.4,1,3.14,0,1.93,6.05,2.96,3.86,7.05,5.52,34,12
n2_WT_F88Y_M255M_S1_G17,81,0.7957,0.7804,0.9825,1,3.76,1,1.78,1,1.7,1,1.79,4.64,1.07,1.14,8.72,4.61,36,15
n2_WT_F88Y_M255M_S1_G17,82,0.7945,0.858,0.9852,1,4.96,0,15.84,1,3.89,0,2.51,2.9,2.75,2.23,3.0,5.31,45,21
n2_WT_F88Y_M255M_S1_G17,83,0.7918,0.7893,0.9846,1,2.37,1,3.51,1,2.6,1,2.85,6.39,1.82,3.34,4.19,5.58,47,17
n2_WT_F88Y_M255M_S1_G17,84,0.7908,0.7879,0.9803,1,3.77,1,3.03,1,3.12,1,1.77,6.86,3.24,3.2,3.44,4.99,45,14
n2_WT_F88Y_M255M_S1_G17,85,0.7903,0.8277,0.9862,0,15.71,0,24.92,0,6.39,0,2.8,8.24,8.38,7.1,13.84,14.29,14,10
n2_WT_F88Y_M255M_S1_G17,86,0.7887,0.6942,0.9828,1,2.44,0,5.39,1,2.25,0,1.1,4.72,2.71,2.97,3.76,5.64,36,13
n2_WT_F88Y_M255M_S1_G17,87,0.7886,0.7047,0.9829,1,2.25,0,5.53,1,2.8,0,1.48,4.91,2.76,3.64,3.33,5.67,40,14
n2_WT_F88Y_M255M_S1_G17,88,0.7885,0.7288,0.822,1,4.87,0,14.11,0,47.39,0,40.74,45.72,3.26,2.43,4.51,5.3,33,12
n2_WT_F88Y_M255M_S1_G17,89,0.7838,0.7625,0.9754,1,3.15,0,18.06,0,21.79,0,18.14,22.74,3.0,2.61,5.39,2.62,39,16
n2_WT_F88Y_M255M_S1_G17,9,0.8392,0.8314,0.9877,1,2.54,0,6.42,1,2.26,0,2.91,3.42,2.36,2.39,2.54,5.65,40,11
n2_WT_F88Y_M255M_S1_G17,90,0.783,0.6385,0.9813,0,8.66,0,6.92,1,2.75,0,1.81,4.98,2.31,1.83,4.33,8.42,31,11
n2_WT_F88Y_M255M_S1_G17,91,0.7825,0.7137,0.9791,1,1.77,0,13.68,0,27.25,0,20.42,26.5,2.46,2.25,3.99,3.04,52,18
n2_WT_F88Y_M255M_S1_G17,92,0.7814,0.6816,0.9824,0,5.34,0,10.95,0,44.79,0,46.15,45.69,0.9,1.44,5.91,5.15,24,10
n2_WT_F88Y_M255M_S1_G17,93,0.7777,0.7174,0.9815,1,2.96,0,18.39,1,0.75,0,2.1,5.48,1.72,3.62,4.98,3.98,34,10
n2_WT_F88Y_M255M_S1_G17,94,0.7774,0.635,0.982,1,2.14,0,14.87,0,31.6,0,23.86,29.37,2.66,3.09,8.24,1.86,36,12
n2_WT_F88Y_M255M_S1_G17,95,0.775,0.7087,0.9817,0,6.33,0,7.55,1,2.49,0,3.37,6.93,0.89,3.46,8.23,5.66,39,13
n2_WT_F88Y_M255M_S1_G17,96,0.7713,0.7219,0.9813,1,1.37,0,8.84,0,27.86,0,21.29,27.17,1.21,3.18,3.34,3.2,46,20
n2_WT_F88Y_M255M_S1_G17,97,0.7594,0.6029,0.9802,1,2.27,0,14.06,0,28.77,0,21.73,26.54,1.08,0.66,3.5,2.54,62,18
n2_WT_F88Y_M255M_S1_G17,98,0.7506,0.5792,0.9735,1,2.77,0,11.12,0,29.19,0,21.48,27.23,0.55,2.06,3.34,3.2,49,18
n2_WT_F88Y_M255M_S1_G17,99,0.7477,0.6219,0.9764,1,3.94,0,11.33,1,1.99,0,1.41,5.13,3.23,2.38,7.45,4.34,32,13
