seq_idx,pdb_resi,wt_aa,aa,prior,dominant_class,min_dist,buried_density
2,2,K,A,0.0513,surface,17.05,52
2,2,K,C,0.0214,surface,17.05,52
2,2,K,D,0.0812,surface,17.05,52
2,2,K,E,0.0812,surface,17.05,52
2,2,K,F,0.0256,surface,17.05,52
2,2,K,G,0.047,surface,17.05,52
2,2,K,H,0.0513,surface,17.05,52
2,2,K,I,0.0256,surface,17.05,52
2,2,K,K,0.0855,surface,17.05,52
2,2,K,L,0.0256,surface,17.05,52
2,2,K,M,0.0299,surface,17.05,52
2,2,K,N,0.0641,surface,17.05,52
2,2,K,P,0.0385,surface,17.05,52
2,2,K,Q,0.0641,surface,17.05,52
2,2,K,R,0.0812,surface,17.05,52
2,2,K,S,0.0684,surface,17.05,52
2,2,K,T,0.0684,surface,17.05,52
2,2,K,V,0.0299,surface,17.05,52
2,2,K,W,0.0171,surface,17.05,52
2,2,K,Y,0.0427,surface,17.05,52
3,3,G,A,0.0513,surface,16.24,61
3,3,G,C,0.0214,surface,16.24,61
3,3,G,D,0.0812,surface,16.24,61
3,3,G,E,0.0812,surface,16.24,61
3,3,G,F,0.0256,surface,16.24,61
3,3,G,G,0.047,surface,16.24,61
3,3,G,H,0.0513,surface,16.24,61
3,3,G,I,0.0256,surface,16.24,61
3,3,G,K,0.0855,surface,16.24,61
3,3,G,L,0.0256,surface,16.24,61
3,3,G,M,0.0299,surface,16.24,61
3,3,G,N,0.0641,surface,16.24,61
3,3,G,P,0.0385,surface,16.24,61
3,3,G,Q,0.0641,surface,16.24,61
3,3,G,R,0.0812,surface,16.24,61
3,3,G,S,0.0684,surface,16.24,61
3,3,G,T,0.0684,surface,16.24,61
3,3,G,V,0.0299,surface,16.24,61
3,3,G,W,0.0171,surface,16.24,61
3,3,G,Y,0.0427,surface,16.24,61
4,4,E,A,0.0789,buried,14.85,84
4,4,E,C,0.0564,buried,14.85,84
4,4,E,D,0.009,buried,14.85,84
4,4,E,E,0.009,buried,14.85,84
4,4,E,F,0.1015,buried,14.85,84
4,4,E,G,0.0338,buried,14.85,84
4,4,E,H,0.0282,buried,14.85,84
4,4,E,I,0.1127,buried,14.85,84
4,4,E,K,0.009,buried,14.85,84
4,4,E,L,0.1127,buried,14.85,84
4,4,E,M,0.0958,buried,14.85,84
4,4,E,N,0.0169,buried,14.85,84
4,4,E,P,0.0169,buried,14.85,84
4,4,E,Q,0.0169,buried,14.85,84
4,4,E,R,0.009,buried,14.85,84
4,4,E,S,0.0282,buried,14.85,84
4,4,E,T,0.0338,buried,14.85,84
4,4,E,V,0.1071,buried,14.85,84
4,4,E,W,0.0676,buried,14.85,84
4,4,E,Y,0.0564,buried,14.85,84
5,5,E,A,0.0789,buried,15.8,77
5,5,E,C,0.0564,buried,15.8,77
5,5,E,D,0.009,buried,15.8,77
5,5,E,E,0.009,buried,15.8,77
5,5,E,F,0.1015,buried,15.8,77
5,5,E,G,0.0338,buried,15.8,77
5,5,E,H,0.0282,buried,15.8,77
5,5,E,I,0.1127,buried,15.8,77
5,5,E,K,0.009,buried,15.8,77
5,5,E,L,0.1127,buried,15.8,77
5,5,E,M,0.0958,buried,15.8,77
5,5,E,N,0.0169,buried,15.8,77
5,5,E,P,0.0169,buried,15.8,77
5,5,E,Q,0.0169,buried,15.8,77
5,5,E,R,0.009,buried,15.8,77
5,5,E,S,0.0282,buried,15.8,77
5,5,E,T,0.0338,buried,15.8,77
5,5,E,V,0.1071,buried,15.8,77
5,5,E,W,0.0676,buried,15.8,77
5,5,E,Y,0.0564,buried,15.8,77
6,6,L,A,0.0513,surface,17.71,54
6,6,L,C,0.0214,surface,17.71,54
6,6,L,D,0.0812,surface,17.71,54
6,6,L,E,0.0812,surface,17.71,54
6,6,L,F,0.0256,surface,17.71,54
6,6,L,G,0.047,surface,17.71,54
6,6,L,H,0.0513,surface,17.71,54
6,6,L,I,0.0256,surface,17.71,54
6,6,L,K,0.0855,surface,17.71,54
6,6,L,L,0.0256,surface,17.71,54
6,6,L,M,0.0299,surface,17.71,54
6,6,L,N,0.0641,surface,17.71,54
6,6,L,P,0.0385,surface,17.71,54
6,6,L,Q,0.0641,surface,17.71,54
6,6,L,R,0.0812,surface,17.71,54
6,6,L,S,0.0684,surface,17.71,54
6,6,L,T,0.0684,surface,17.71,54
6,6,L,V,0.0299,surface,17.71,54
6,6,L,W,0.0171,surface,17.71,54
6,6,L,Y,0.0427,surface,17.71,54
7,7,F,A,0.0513,surface,14.78,67
7,7,F,C,0.0214,surface,14.78,67
7,7,F,D,0.0812,surface,14.78,67
7,7,F,E,0.0812,surface,14.78,67
7,7,F,F,0.0256,surface,14.78,67
7,7,F,G,0.047,surface,14.78,67
7,7,F,H,0.0513,surface,14.78,67
7,7,F,I,0.0256,surface,14.78,67
7,7,F,K,0.0855,surface,14.78,67
7,7,F,L,0.0256,surface,14.78,67
7,7,F,M,0.0299,surface,14.78,67
7,7,F,N,0.0641,surface,14.78,67
7,7,F,P,0.0385,surface,14.78,67
7,7,F,Q,0.0641,surface,14.78,67
7,7,F,R,0.0812,surface,14.78,67
7,7,F,S,0.0684,surface,14.78,67
7,7,F,T,0.0684,surface,14.78,67
7,7,F,V,0.0299,surface,14.78,67
7,7,F,W,0.0171,surface,14.78,67
7,7,F,Y,0.0427,surface,14.78,67
8,8,T,A,0.0789,buried,10.15,87
8,8,T,C,0.0564,buried,10.15,87
8,8,T,D,0.009,buried,10.15,87
8,8,T,E,0.009,buried,10.15,87
8,8,T,F,0.1015,buried,10.15,87
8,8,T,G,0.0338,buried,10.15,87
8,8,T,H,0.0282,buried,10.15,87
8,8,T,I,0.1127,buried,10.15,87
8,8,T,K,0.009,buried,10.15,87
8,8,T,L,0.1127,buried,10.15,87
8,8,T,M,0.0958,buried,10.15,87
8,8,T,N,0.0169,buried,10.15,87
8,8,T,P,0.0169,buried,10.15,87
8,8,T,Q,0.0169,buried,10.15,87
8,8,T,R,0.009,buried,10.15,87
8,8,T,S,0.0282,buried,10.15,87
8,8,T,T,0.0338,buried,10.15,87
8,8,T,V,0.1071,buried,10.15,87
8,8,T,W,0.0676,buried,10.15,87
8,8,T,Y,0.0564,buried,10.15,87
9,9,V,A,0.0513,surface,16.75,57
9,9,V,C,0.0214,surface,16.75,57
9,9,V,D,0.0812,surface,16.75,57
9,9,V,E,0.0812,surface,16.75,57
9,9,V,F,0.0256,surface,16.75,57
9,9,V,G,0.047,surface,16.75,57
9,9,V,H,0.0513,surface,16.75,57
9,9,V,I,0.0256,surface,16.75,57
9,9,V,K,0.0855,surface,16.75,57
9,9,V,L,0.0256,surface,16.75,57
9,9,V,M,0.0299,surface,16.75,57
9,9,V,N,0.0641,surface,16.75,57
9,9,V,P,0.0385,surface,16.75,57
9,9,V,Q,0.0641,surface,16.75,57
9,9,V,R,0.0812,surface,16.75,57
9,9,V,S,0.0684,surface,16.75,57
9,9,V,T,0.0684,surface,16.75,57
9,9,V,V,0.0299,surface,16.75,57
9,9,V,W,0.0171,surface,16.75,57
9,9,V,Y,0.0427,surface,16.75,57
10,10,V,A,0.0513,surface,14.92,56
10,10,V,C,0.0214,surface,14.92,56
10,10,V,D,0.0812,surface,14.92,56
10,10,V,E,0.0812,surface,14.92,56
10,10,V,F,0.0256,surface,14.92,56
10,10,V,G,0.047,surface,14.92,56
10,10,V,H,0.0513,surface,14.92,56
10,10,V,I,0.0256,surface,14.92,56
10,10,V,K,0.0855,surface,14.92,56
10,10,V,L,0.0256,surface,14.92,56
10,10,V,M,0.0299,surface,14.92,56
10,10,V,N,0.0641,surface,14.92,56
10,10,V,P,0.0385,surface,14.92,56
10,10,V,Q,0.0641,surface,14.92,56
10,10,V,R,0.0812,surface,14.92,56
10,10,V,S,0.0684,surface,14.92,56
10,10,V,T,0.0684,surface,14.92,56
10,10,V,V,0.0299,surface,14.92,56
10,10,V,W,0.0171,surface,14.92,56
10,10,V,Y,0.0427,surface,14.92,56
11,11,V,A,0.0513,surface,13.81,62
11,11,V,C,0.0214,surface,13.81,62
11,11,V,D,0.0812,surface,13.81,62
11,11,V,E,0.0812,surface,13.81,62
11,11,V,F,0.0256,surface,13.81,62
11,11,V,G,0.047,surface,13.81,62
11,11,V,H,0.0513,surface,13.81,62
11,11,V,I,0.0256,surface,13.81,62
11,11,V,K,0.0855,surface,13.81,62
11,11,V,L,0.0256,surface,13.81,62
11,11,V,M,0.0299,surface,13.81,62
11,11,V,N,0.0641,surface,13.81,62
11,11,V,P,0.0385,surface,13.81,62
11,11,V,Q,0.0641,surface,13.81,62
11,11,V,R,0.0812,surface,13.81,62
11,11,V,S,0.0684,surface,13.81,62
11,11,V,T,0.0684,surface,13.81,62
11,11,V,V,0.0299,surface,13.81,62
11,11,V,W,0.0171,surface,13.81,62
11,11,V,Y,0.0427,surface,13.81,62
12,12,P,A,0.0789,buried,11.01,95
12,12,P,C,0.0564,buried,11.01,95
12,12,P,D,0.009,buried,11.01,95
12,12,P,E,0.009,buried,11.01,95
12,12,P,F,0.1015,buried,11.01,95
12,12,P,G,0.0338,buried,11.01,95
12,12,P,H,0.0282,buried,11.01,95
12,12,P,I,0.1127,buried,11.01,95
12,12,P,K,0.009,buried,11.01,95
12,12,P,L,0.1127,buried,11.01,95
12,12,P,M,0.0958,buried,11.01,95
12,12,P,N,0.0169,buried,11.01,95
12,12,P,P,0.0169,buried,11.01,95
12,12,P,Q,0.0169,buried,11.01,95
12,12,P,R,0.009,buried,11.01,95
12,12,P,S,0.0282,buried,11.01,95
12,12,P,T,0.0338,buried,11.01,95
12,12,P,V,0.1071,buried,11.01,95
12,12,P,W,0.0676,buried,11.01,95
12,12,P,Y,0.0564,buried,11.01,95
13,13,I,A,0.0789,buried,11.07,78
13,13,I,C,0.0564,buried,11.07,78
13,13,I,D,0.009,buried,11.07,78
13,13,I,E,0.009,buried,11.07,78
13,13,I,F,0.1015,buried,11.07,78
13,13,I,G,0.0338,buried,11.07,78
13,13,I,H,0.0282,buried,11.07,78
13,13,I,I,0.1127,buried,11.07,78
13,13,I,K,0.009,buried,11.07,78
13,13,I,L,0.1127,buried,11.07,78
13,13,I,M,0.0958,buried,11.07,78
13,13,I,N,0.0169,buried,11.07,78
13,13,I,P,0.0169,buried,11.07,78
13,13,I,Q,0.0169,buried,11.07,78
13,13,I,R,0.009,buried,11.07,78
13,13,I,S,0.0282,buried,11.07,78
13,13,I,T,0.0338,buried,11.07,78
13,13,I,V,0.1071,buried,11.07,78
13,13,I,W,0.0676,buried,11.07,78
13,13,I,Y,0.0564,buried,11.07,78
14,14,L,A,0.0789,buried,6.76,99
14,14,L,C,0.0564,buried,6.76,99
14,14,L,D,0.009,buried,6.76,99
14,14,L,E,0.009,buried,6.76,99
14,14,L,F,0.1015,buried,6.76,99
14,14,L,G,0.0338,buried,6.76,99
14,14,L,H,0.0282,buried,6.76,99
14,14,L,I,0.1127,buried,6.76,99
14,14,L,K,0.009,buried,6.76,99
14,14,L,L,0.1127,buried,6.76,99
14,14,L,M,0.0958,buried,6.76,99
14,14,L,N,0.0169,buried,6.76,99
14,14,L,P,0.0169,buried,6.76,99
14,14,L,Q,0.0169,buried,6.76,99
14,14,L,R,0.009,buried,6.76,99
14,14,L,S,0.0282,buried,6.76,99
14,14,L,T,0.0338,buried,6.76,99
14,14,L,V,0.1071,buried,6.76,99
14,14,L,W,0.0676,buried,6.76,99
14,14,L,Y,0.0564,buried,6.76,99
15,15,V,A,0.0789,buried,8.64,87
15,15,V,C,0.0564,buried,8.64,87
15,15,V,D,0.009,buried,8.64,87
15,15,V,E,0.009,buried,8.64,87
15,15,V,F,0.1015,buried,8.64,87
15,15,V,G,0.0338,buried,8.64,87
15,15,V,H,0.0282,buried,8.64,87
15,15,V,I,0.1127,buried,8.64,87
15,15,V,K,0.009,buried,8.64,87
15,15,V,L,0.1127,buried,8.64,87
15,15,V,M,0.0958,buried,8.64,87
15,15,V,N,0.0169,buried,8.64,87
15,15,V,P,0.0169,buried,8.64,87
15,15,V,Q,0.0169,buried,8.64,87
15,15,V,R,0.009,buried,8.64,87
15,15,V,S,0.0282,buried,8.64,87
15,15,V,T,0.0338,buried,8.64,87
15,15,V,V,0.1071,buried,8.64,87
15,15,V,W,0.0676,buried,8.64,87
15,15,V,Y,0.0564,buried,8.64,87
16,16,E,A,0.0789,buried,5.83,102
16,16,E,C,0.0564,buried,5.83,102
16,16,E,D,0.009,buried,5.83,102
16,16,E,E,0.009,buried,5.83,102
16,16,E,F,0.1015,buried,5.83,102
16,16,E,G,0.0338,buried,5.83,102
16,16,E,H,0.0282,buried,5.83,102
16,16,E,I,0.1127,buried,5.83,102
16,16,E,K,0.009,buried,5.83,102
16,16,E,L,0.1127,buried,5.83,102
16,16,E,M,0.0958,buried,5.83,102
16,16,E,N,0.0169,buried,5.83,102
16,16,E,P,0.0169,buried,5.83,102
16,16,E,Q,0.0169,buried,5.83,102
16,16,E,R,0.009,buried,5.83,102
16,16,E,S,0.0282,buried,5.83,102
16,16,E,T,0.0338,buried,5.83,102
16,16,E,V,0.1071,buried,5.83,102
16,16,E,W,0.0676,buried,5.83,102
16,16,E,Y,0.0564,buried,5.83,102
17,17,L,A,0.0789,buried,9.41,91
17,17,L,C,0.0564,buried,9.41,91
17,17,L,D,0.009,buried,9.41,91
17,17,L,E,0.009,buried,9.41,91
17,17,L,F,0.1015,buried,9.41,91
17,17,L,G,0.0338,buried,9.41,91
17,17,L,H,0.0282,buried,9.41,91
17,17,L,I,0.1127,buried,9.41,91
17,17,L,K,0.009,buried,9.41,91
17,17,L,L,0.1127,buried,9.41,91
17,17,L,M,0.0958,buried,9.41,91
17,17,L,N,0.0169,buried,9.41,91
17,17,L,P,0.0169,buried,9.41,91
17,17,L,Q,0.0169,buried,9.41,91
17,17,L,R,0.009,buried,9.41,91
17,17,L,S,0.0282,buried,9.41,91
17,17,L,T,0.0338,buried,9.41,91
17,17,L,V,0.1071,buried,9.41,91
17,17,L,W,0.0676,buried,9.41,91
17,17,L,Y,0.0564,buried,9.41,91
18,18,D,A,0.0789,buried,8.7,92
18,18,D,C,0.0564,buried,8.7,92
18,18,D,D,0.009,buried,8.7,92
18,18,D,E,0.009,buried,8.7,92
18,18,D,F,0.1015,buried,8.7,92
18,18,D,G,0.0338,buried,8.7,92
18,18,D,H,0.0282,buried,8.7,92
18,18,D,I,0.1127,buried,8.7,92
18,18,D,K,0.009,buried,8.7,92
18,18,D,L,0.1127,buried,8.7,92
18,18,D,M,0.0958,buried,8.7,92
18,18,D,N,0.0169,buried,8.7,92
18,18,D,P,0.0169,buried,8.7,92
18,18,D,Q,0.0169,buried,8.7,92
18,18,D,R,0.009,buried,8.7,92
18,18,D,S,0.0282,buried,8.7,92
18,18,D,T,0.0338,buried,8.7,92
18,18,D,V,0.1071,buried,8.7,92
18,18,D,W,0.0676,buried,8.7,92
18,18,D,Y,0.0564,buried,8.7,92
19,19,G,A,0.0789,buried,12.29,77
19,19,G,C,0.0564,buried,12.29,77
19,19,G,D,0.009,buried,12.29,77
19,19,G,E,0.009,buried,12.29,77
19,19,G,F,0.1015,buried,12.29,77
19,19,G,G,0.0338,buried,12.29,77
19,19,G,H,0.0282,buried,12.29,77
19,19,G,I,0.1127,buried,12.29,77
19,19,G,K,0.009,buried,12.29,77
19,19,G,L,0.1127,buried,12.29,77
19,19,G,M,0.0958,buried,12.29,77
19,19,G,N,0.0169,buried,12.29,77
19,19,G,P,0.0169,buried,12.29,77
19,19,G,Q,0.0169,buried,12.29,77
19,19,G,R,0.009,buried,12.29,77
19,19,G,S,0.0282,buried,12.29,77
19,19,G,T,0.0338,buried,12.29,77
19,19,G,V,0.1071,buried,12.29,77
19,19,G,W,0.0676,buried,12.29,77
19,19,G,Y,0.0564,buried,12.29,77
20,20,D,A,0.0789,buried,14.03,90
20,20,D,C,0.0564,buried,14.03,90
20,20,D,D,0.009,buried,14.03,90
20,20,D,E,0.009,buried,14.03,90
20,20,D,F,0.1015,buried,14.03,90
20,20,D,G,0.0338,buried,14.03,90
20,20,D,H,0.0282,buried,14.03,90
20,20,D,I,0.1127,buried,14.03,90
20,20,D,K,0.009,buried,14.03,90
20,20,D,L,0.1127,buried,14.03,90
20,20,D,M,0.0958,buried,14.03,90
20,20,D,N,0.0169,buried,14.03,90
20,20,D,P,0.0169,buried,14.03,90
20,20,D,Q,0.0169,buried,14.03,90
20,20,D,R,0.009,buried,14.03,90
20,20,D,S,0.0282,buried,14.03,90
20,20,D,T,0.0338,buried,14.03,90
20,20,D,V,0.1071,buried,14.03,90
20,20,D,W,0.0676,buried,14.03,90
20,20,D,Y,0.0564,buried,14.03,90
21,21,V,A,0.0789,buried,15.97,84
21,21,V,C,0.0564,buried,15.97,84
21,21,V,D,0.009,buried,15.97,84
21,21,V,E,0.009,buried,15.97,84
21,21,V,F,0.1015,buried,15.97,84
21,21,V,G,0.0338,buried,15.97,84
21,21,V,H,0.0282,buried,15.97,84
21,21,V,I,0.1127,buried,15.97,84
21,21,V,K,0.009,buried,15.97,84
21,21,V,L,0.1127,buried,15.97,84
21,21,V,M,0.0958,buried,15.97,84
21,21,V,N,0.0169,buried,15.97,84
21,21,V,P,0.0169,buried,15.97,84
21,21,V,Q,0.0169,buried,15.97,84
21,21,V,R,0.009,buried,15.97,84
21,21,V,S,0.0282,buried,15.97,84
21,21,V,T,0.0338,buried,15.97,84
21,21,V,V,0.1071,buried,15.97,84
21,21,V,W,0.0676,buried,15.97,84
21,21,V,Y,0.0564,buried,15.97,84
22,22,N,A,0.0789,buried,15.34,109
22,22,N,C,0.0564,buried,15.34,109
22,22,N,D,0.009,buried,15.34,109
22,22,N,E,0.009,buried,15.34,109
22,22,N,F,0.1015,buried,15.34,109
22,22,N,G,0.0338,buried,15.34,109
22,22,N,H,0.0282,buried,15.34,109
22,22,N,I,0.1127,buried,15.34,109
22,22,N,K,0.009,buried,15.34,109
22,22,N,L,0.1127,buried,15.34,109
22,22,N,M,0.0958,buried,15.34,109
22,22,N,N,0.0169,buried,15.34,109
22,22,N,P,0.0169,buried,15.34,109
22,22,N,Q,0.0169,buried,15.34,109
22,22,N,R,0.009,buried,15.34,109
22,22,N,S,0.0282,buried,15.34,109
22,22,N,T,0.0338,buried,15.34,109
22,22,N,V,0.1071,buried,15.34,109
22,22,N,W,0.0676,buried,15.34,109
22,22,N,Y,0.0564,buried,15.34,109
23,23,G,A,0.0513,surface,19.97,67
23,23,G,C,0.0214,surface,19.97,67
23,23,G,D,0.0812,surface,19.97,67
23,23,G,E,0.0812,surface,19.97,67
23,23,G,F,0.0256,surface,19.97,67
23,23,G,G,0.047,surface,19.97,67
23,23,G,H,0.0513,surface,19.97,67
23,23,G,I,0.0256,surface,19.97,67
23,23,G,K,0.0855,surface,19.97,67
23,23,G,L,0.0256,surface,19.97,67
23,23,G,M,0.0299,surface,19.97,67
23,23,G,N,0.0641,surface,19.97,67
23,23,G,P,0.0385,surface,19.97,67
23,23,G,Q,0.0641,surface,19.97,67
23,23,G,R,0.0812,surface,19.97,67
23,23,G,S,0.0684,surface,19.97,67
23,23,G,T,0.0684,surface,19.97,67
23,23,G,V,0.0299,surface,19.97,67
23,23,G,W,0.0171,surface,19.97,67
23,23,G,Y,0.0427,surface,19.97,67
24,24,H,A,0.0513,surface,21.81,50
24,24,H,C,0.0214,surface,21.81,50
24,24,H,D,0.0812,surface,21.81,50
24,24,H,E,0.0812,surface,21.81,50
24,24,H,F,0.0256,surface,21.81,50
24,24,H,G,0.047,surface,21.81,50
24,24,H,H,0.0513,surface,21.81,50
24,24,H,I,0.0256,surface,21.81,50
24,24,H,K,0.0855,surface,21.81,50
24,24,H,L,0.0256,surface,21.81,50
24,24,H,M,0.0299,surface,21.81,50
24,24,H,N,0.0641,surface,21.81,50
24,24,H,P,0.0385,surface,21.81,50
24,24,H,Q,0.0641,surface,21.81,50
24,24,H,R,0.0812,surface,21.81,50
24,24,H,S,0.0684,surface,21.81,50
24,24,H,T,0.0684,surface,21.81,50
24,24,H,V,0.0299,surface,21.81,50
24,24,H,W,0.0171,surface,21.81,50
24,24,H,Y,0.0427,surface,21.81,50
25,25,K,A,0.0513,surface,18.43,63
25,25,K,C,0.0214,surface,18.43,63
25,25,K,D,0.0812,surface,18.43,63
25,25,K,E,0.0812,surface,18.43,63
25,25,K,F,0.0256,surface,18.43,63
25,25,K,G,0.047,surface,18.43,63
25,25,K,H,0.0513,surface,18.43,63
25,25,K,I,0.0256,surface,18.43,63
25,25,K,K,0.0855,surface,18.43,63
25,25,K,L,0.0256,surface,18.43,63
25,25,K,M,0.0299,surface,18.43,63
25,25,K,N,0.0641,surface,18.43,63
25,25,K,P,0.0385,surface,18.43,63
25,25,K,Q,0.0641,surface,18.43,63
25,25,K,R,0.0812,surface,18.43,63
25,25,K,S,0.0684,surface,18.43,63
25,25,K,T,0.0684,surface,18.43,63
25,25,K,V,0.0299,surface,18.43,63
25,25,K,W,0.0171,surface,18.43,63
25,25,K,Y,0.0427,surface,18.43,63
26,26,F,A,0.0513,surface,18.39,66
26,26,F,C,0.0214,surface,18.39,66
26,26,F,D,0.0812,surface,18.39,66
26,26,F,E,0.0812,surface,18.39,66
26,26,F,F,0.0256,surface,18.39,66
26,26,F,G,0.047,surface,18.39,66
26,26,F,H,0.0513,surface,18.39,66
26,26,F,I,0.0256,surface,18.39,66
26,26,F,K,0.0855,surface,18.39,66
26,26,F,L,0.0256,surface,18.39,66
26,26,F,M,0.0299,surface,18.39,66
26,26,F,N,0.0641,surface,18.39,66
26,26,F,P,0.0385,surface,18.39,66
26,26,F,Q,0.0641,surface,18.39,66
26,26,F,R,0.0812,surface,18.39,66
26,26,F,S,0.0684,surface,18.39,66
26,26,F,T,0.0684,surface,18.39,66
26,26,F,V,0.0299,surface,18.39,66
26,26,F,W,0.0171,surface,18.39,66
26,26,F,Y,0.0427,surface,18.39,66
27,27,S,A,0.0789,buried,12.71,87
27,27,S,C,0.0564,buried,12.71,87
27,27,S,D,0.009,buried,12.71,87
27,27,S,E,0.009,buried,12.71,87
27,27,S,F,0.1015,buried,12.71,87
27,27,S,G,0.0338,buried,12.71,87
27,27,S,H,0.0282,buried,12.71,87
27,27,S,I,0.1127,buried,12.71,87
27,27,S,K,0.009,buried,12.71,87
27,27,S,L,0.1127,buried,12.71,87
27,27,S,M,0.0958,buried,12.71,87
27,27,S,N,0.0169,buried,12.71,87
27,27,S,P,0.0169,buried,12.71,87
27,27,S,Q,0.0169,buried,12.71,87
27,27,S,R,0.009,buried,12.71,87
27,27,S,S,0.0282,buried,12.71,87
27,27,S,T,0.0338,buried,12.71,87
27,27,S,V,0.1071,buried,12.71,87
27,27,S,W,0.0676,buried,12.71,87
27,27,S,Y,0.0564,buried,12.71,87
28,28,V,A,0.0789,buried,13.75,81
28,28,V,C,0.0564,buried,13.75,81
28,28,V,D,0.009,buried,13.75,81
28,28,V,E,0.009,buried,13.75,81
28,28,V,F,0.1015,buried,13.75,81
28,28,V,G,0.0338,buried,13.75,81
28,28,V,H,0.0282,buried,13.75,81
28,28,V,I,0.1127,buried,13.75,81
28,28,V,K,0.009,buried,13.75,81
28,28,V,L,0.1127,buried,13.75,81
28,28,V,M,0.0958,buried,13.75,81
28,28,V,N,0.0169,buried,13.75,81
28,28,V,P,0.0169,buried,13.75,81
28,28,V,Q,0.0169,buried,13.75,81
28,28,V,R,0.009,buried,13.75,81
28,28,V,S,0.0282,buried,13.75,81
28,28,V,T,0.0338,buried,13.75,81
28,28,V,V,0.1071,buried,13.75,81
28,28,V,W,0.0676,buried,13.75,81
28,28,V,Y,0.0564,buried,13.75,81
29,29,S,A,0.0789,buried,9.88,104
29,29,S,C,0.0564,buried,9.88,104
29,29,S,D,0.009,buried,9.88,104
29,29,S,E,0.009,buried,9.88,104
29,29,S,F,0.1015,buried,9.88,104
29,29,S,G,0.0338,buried,9.88,104
29,29,S,H,0.0282,buried,9.88,104
29,29,S,I,0.1127,buried,9.88,104
29,29,S,K,0.009,buried,9.88,104
29,29,S,L,0.1127,buried,9.88,104
29,29,S,M,0.0958,buried,9.88,104
29,29,S,N,0.0169,buried,9.88,104
29,29,S,P,0.0169,buried,9.88,104
29,29,S,Q,0.0169,buried,9.88,104
29,29,S,R,0.009,buried,9.88,104
29,29,S,S,0.0282,buried,9.88,104
29,29,S,T,0.0338,buried,9.88,104
29,29,S,V,0.1071,buried,9.88,104
29,29,S,W,0.0676,buried,9.88,104
29,29,S,Y,0.0564,buried,9.88,104
30,30,G,A,0.0789,buried,10.62,89
30,30,G,C,0.0564,buried,10.62,89
30,30,G,D,0.009,buried,10.62,89
30,30,G,E,0.009,buried,10.62,89
30,30,G,F,0.1015,buried,10.62,89
30,30,G,G,0.0338,buried,10.62,89
30,30,G,H,0.0282,buried,10.62,89
30,30,G,I,0.1127,buried,10.62,89
30,30,G,K,0.009,buried,10.62,89
30,30,G,L,0.1127,buried,10.62,89
30,30,G,M,0.0958,buried,10.62,89
30,30,G,N,0.0169,buried,10.62,89
30,30,G,P,0.0169,buried,10.62,89
30,30,G,Q,0.0169,buried,10.62,89
30,30,G,R,0.009,buried,10.62,89
30,30,G,S,0.0282,buried,10.62,89
30,30,G,T,0.0338,buried,10.62,89
30,30,G,V,0.1071,buried,10.62,89
30,30,G,W,0.0676,buried,10.62,89
30,30,G,Y,0.0564,buried,10.62,89
31,31,E,A,0.0789,buried,8.93,98
31,31,E,C,0.0564,buried,8.93,98
31,31,E,D,0.009,buried,8.93,98
31,31,E,E,0.009,buried,8.93,98
31,31,E,F,0.1015,buried,8.93,98
31,31,E,G,0.0338,buried,8.93,98
31,31,E,H,0.0282,buried,8.93,98
31,31,E,I,0.1127,buried,8.93,98
31,31,E,K,0.009,buried,8.93,98
31,31,E,L,0.1127,buried,8.93,98
31,31,E,M,0.0958,buried,8.93,98
31,31,E,N,0.0169,buried,8.93,98
31,31,E,P,0.0169,buried,8.93,98
31,31,E,Q,0.0169,buried,8.93,98
31,31,E,R,0.009,buried,8.93,98
31,31,E,S,0.0282,buried,8.93,98
31,31,E,T,0.0338,buried,8.93,98
31,31,E,V,0.1071,buried,8.93,98
31,31,E,W,0.0676,buried,8.93,98
31,31,E,Y,0.0564,buried,8.93,98
32,32,G,A,0.0789,buried,8.93,82
32,32,G,C,0.0564,buried,8.93,82
32,32,G,D,0.009,buried,8.93,82
32,32,G,E,0.009,buried,8.93,82
32,32,G,F,0.1015,buried,8.93,82
32,32,G,G,0.0338,buried,8.93,82
32,32,G,H,0.0282,buried,8.93,82
32,32,G,I,0.1127,buried,8.93,82
32,32,G,K,0.009,buried,8.93,82
32,32,G,L,0.1127,buried,8.93,82
32,32,G,M,0.0958,buried,8.93,82
32,32,G,N,0.0169,buried,8.93,82
32,32,G,P,0.0169,buried,8.93,82
32,32,G,Q,0.0169,buried,8.93,82
32,32,G,R,0.009,buried,8.93,82
32,32,G,S,0.0282,buried,8.93,82
32,32,G,T,0.0338,buried,8.93,82
32,32,G,V,0.1071,buried,8.93,82
32,32,G,W,0.0676,buried,8.93,82
32,32,G,Y,0.0564,buried,8.93,82
33,33,E,A,0.0789,buried,9.17,74
33,33,E,C,0.0564,buried,9.17,74
33,33,E,D,0.009,buried,9.17,74
33,33,E,E,0.009,buried,9.17,74
33,33,E,F,0.1015,buried,9.17,74
33,33,E,G,0.0338,buried,9.17,74
33,33,E,H,0.0282,buried,9.17,74
33,33,E,I,0.1127,buried,9.17,74
33,33,E,K,0.009,buried,9.17,74
33,33,E,L,0.1127,buried,9.17,74
33,33,E,M,0.0958,buried,9.17,74
33,33,E,N,0.0169,buried,9.17,74
33,33,E,P,0.0169,buried,9.17,74
33,33,E,Q,0.0169,buried,9.17,74
33,33,E,R,0.009,buried,9.17,74
33,33,E,S,0.0282,buried,9.17,74
33,33,E,T,0.0338,buried,9.17,74
33,33,E,V,0.1071,buried,9.17,74
33,33,E,W,0.0676,buried,9.17,74
33,33,E,Y,0.0564,buried,9.17,74
34,34,G,A,0.0789,buried,8.21,82
34,34,G,C,0.0564,buried,8.21,82
34,34,G,D,0.009,buried,8.21,82
34,34,G,E,0.009,buried,8.21,82
34,34,G,F,0.1015,buried,8.21,82
34,34,G,G,0.0338,buried,8.21,82
34,34,G,H,0.0282,buried,8.21,82
34,34,G,I,0.1127,buried,8.21,82
34,34,G,K,0.009,buried,8.21,82
34,34,G,L,0.1127,buried,8.21,82
34,34,G,M,0.0958,buried,8.21,82
34,34,G,N,0.0169,buried,8.21,82
34,34,G,P,0.0169,buried,8.21,82
34,34,G,Q,0.0169,buried,8.21,82
34,34,G,R,0.009,buried,8.21,82
34,34,G,S,0.0282,buried,8.21,82
34,34,G,T,0.0338,buried,8.21,82
34,34,G,V,0.1071,buried,8.21,82
34,34,G,W,0.0676,buried,8.21,82
34,34,G,Y,0.0564,buried,8.21,82
35,35,D,A,0.0789,buried,9.05,101
35,35,D,C,0.0564,buried,9.05,101
35,35,D,D,0.009,buried,9.05,101
35,35,D,E,0.009,buried,9.05,101
35,35,D,F,0.1015,buried,9.05,101
35,35,D,G,0.0338,buried,9.05,101
35,35,D,H,0.0282,buried,9.05,101
35,35,D,I,0.1127,buried,9.05,101
35,35,D,K,0.009,buried,9.05,101
35,35,D,L,0.1127,buried,9.05,101
35,35,D,M,0.0958,buried,9.05,101
35,35,D,N,0.0169,buried,9.05,101
35,35,D,P,0.0169,buried,9.05,101
35,35,D,Q,0.0169,buried,9.05,101
35,35,D,R,0.009,buried,9.05,101
35,35,D,S,0.0282,buried,9.05,101
35,35,D,T,0.0338,buried,9.05,101
35,35,D,V,0.1071,buried,9.05,101
35,35,D,W,0.0676,buried,9.05,101
35,35,D,Y,0.0564,buried,9.05,101
36,36,A,A,0.0789,buried,10.75,102
36,36,A,C,0.0564,buried,10.75,102
36,36,A,D,0.009,buried,10.75,102
36,36,A,E,0.009,buried,10.75,102
36,36,A,F,0.1015,buried,10.75,102
36,36,A,G,0.0338,buried,10.75,102
36,36,A,H,0.0282,buried,10.75,102
36,36,A,I,0.1127,buried,10.75,102
36,36,A,K,0.009,buried,10.75,102
36,36,A,L,0.1127,buried,10.75,102
36,36,A,M,0.0958,buried,10.75,102
36,36,A,N,0.0169,buried,10.75,102
36,36,A,P,0.0169,buried,10.75,102
36,36,A,Q,0.0169,buried,10.75,102
36,36,A,R,0.009,buried,10.75,102
36,36,A,S,0.0282,buried,10.75,102
36,36,A,T,0.0338,buried,10.75,102
36,36,A,V,0.1071,buried,10.75,102
36,36,A,W,0.0676,buried,10.75,102
36,36,A,Y,0.0564,buried,10.75,102
37,37,T,A,0.0789,buried,12.34,102
37,37,T,C,0.0564,buried,12.34,102
37,37,T,D,0.009,buried,12.34,102
37,37,T,E,0.009,buried,12.34,102
37,37,T,F,0.1015,buried,12.34,102
37,37,T,G,0.0338,buried,12.34,102
37,37,T,H,0.0282,buried,12.34,102
37,37,T,I,0.1127,buried,12.34,102
37,37,T,K,0.009,buried,12.34,102
37,37,T,L,0.1127,buried,12.34,102
37,37,T,M,0.0958,buried,12.34,102
37,37,T,N,0.0169,buried,12.34,102
37,37,T,P,0.0169,buried,12.34,102
37,37,T,Q,0.0169,buried,12.34,102
37,37,T,R,0.009,buried,12.34,102
37,37,T,S,0.0282,buried,12.34,102
37,37,T,T,0.0338,buried,12.34,102
37,37,T,V,0.1071,buried,12.34,102
37,37,T,W,0.0676,buried,12.34,102
37,37,T,Y,0.0564,buried,12.34,102
38,38,Y,A,0.0789,buried,14.64,73
38,38,Y,C,0.0564,buried,14.64,73
38,38,Y,D,0.009,buried,14.64,73
38,38,Y,E,0.009,buried,14.64,73
38,38,Y,F,0.1015,buried,14.64,73
38,38,Y,G,0.0338,buried,14.64,73
38,38,Y,H,0.0282,buried,14.64,73
38,38,Y,I,0.1127,buried,14.64,73
38,38,Y,K,0.009,buried,14.64,73
38,38,Y,L,0.1127,buried,14.64,73
38,38,Y,M,0.0958,buried,14.64,73
38,38,Y,N,0.0169,buried,14.64,73
38,38,Y,P,0.0169,buried,14.64,73
38,38,Y,Q,0.0169,buried,14.64,73
38,38,Y,R,0.009,buried,14.64,73
38,38,Y,S,0.0282,buried,14.64,73
38,38,Y,T,0.0338,buried,14.64,73
38,38,Y,V,0.1071,buried,14.64,73
38,38,Y,W,0.0676,buried,14.64,73
38,38,Y,Y,0.0564,buried,14.64,73
39,39,G,A,0.0789,buried,13.02,75
39,39,G,C,0.0564,buried,13.02,75
39,39,G,D,0.009,buried,13.02,75
39,39,G,E,0.009,buried,13.02,75
39,39,G,F,0.1015,buried,13.02,75
39,39,G,G,0.0338,buried,13.02,75
39,39,G,H,0.0282,buried,13.02,75
39,39,G,I,0.1127,buried,13.02,75
39,39,G,K,0.009,buried,13.02,75
39,39,G,L,0.1127,buried,13.02,75
39,39,G,M,0.0958,buried,13.02,75
39,39,G,N,0.0169,buried,13.02,75
39,39,G,P,0.0169,buried,13.02,75
39,39,G,Q,0.0169,buried,13.02,75
39,39,G,R,0.009,buried,13.02,75
39,39,G,S,0.0282,buried,13.02,75
39,39,G,T,0.0338,buried,13.02,75
39,39,G,V,0.1071,buried,13.02,75
39,39,G,W,0.0676,buried,13.02,75
39,39,G,Y,0.0564,buried,13.02,75
40,40,K,A,0.0789,buried,9.46,101
40,40,K,C,0.0564,buried,9.46,101
40,40,K,D,0.009,buried,9.46,101
40,40,K,E,0.009,buried,9.46,101
40,40,K,F,0.1015,buried,9.46,101
40,40,K,G,0.0338,buried,9.46,101
40,40,K,H,0.0282,buried,9.46,101
40,40,K,I,0.1127,buried,9.46,101
40,40,K,K,0.009,buried,9.46,101
40,40,K,L,0.1127,buried,9.46,101
40,40,K,M,0.0958,buried,9.46,101
40,40,K,N,0.0169,buried,9.46,101
40,40,K,P,0.0169,buried,9.46,101
40,40,K,Q,0.0169,buried,9.46,101
40,40,K,R,0.009,buried,9.46,101
40,40,K,S,0.0282,buried,9.46,101
40,40,K,T,0.0338,buried,9.46,101
40,40,K,V,0.1071,buried,9.46,101
40,40,K,W,0.0676,buried,9.46,101
40,40,K,Y,0.0564,buried,9.46,101
41,41,L,A,0.0789,buried,8.72,101
41,41,L,C,0.0564,buried,8.72,101
41,41,L,D,0.009,buried,8.72,101
41,41,L,E,0.009,buried,8.72,101
41,41,L,F,0.1015,buried,8.72,101
41,41,L,G,0.0338,buried,8.72,101
41,41,L,H,0.0282,buried,8.72,101
41,41,L,I,0.1127,buried,8.72,101
41,41,L,K,0.009,buried,8.72,101
41,41,L,L,0.1127,buried,8.72,101
41,41,L,M,0.0958,buried,8.72,101
41,41,L,N,0.0169,buried,8.72,101
41,41,L,P,0.0169,buried,8.72,101
41,41,L,Q,0.0169,buried,8.72,101
41,41,L,R,0.009,buried,8.72,101
41,41,L,S,0.0282,buried,8.72,101
41,41,L,T,0.0338,buried,8.72,101
41,41,L,V,0.1071,buried,8.72,101
41,41,L,W,0.0676,buried,8.72,101
41,41,L,Y,0.0564,buried,8.72,101
42,42,T,A,0.0343,chromophore_edge,4.13,108
42,42,T,C,0.0429,chromophore_edge,4.13,108
42,42,T,D,0.0472,chromophore_edge,4.13,108
42,42,T,E,0.0472,chromophore_edge,4.13,108
42,42,T,F,0.0815,chromophore_edge,4.13,108
42,42,T,G,0.0086,chromophore_edge,4.13,108
42,42,T,H,0.073,chromophore_edge,4.13,108
42,42,T,I,0.03,chromophore_edge,4.13,108
42,42,T,K,0.0386,chromophore_edge,4.13,108
42,42,T,L,0.03,chromophore_edge,4.13,108
42,42,T,M,0.0429,chromophore_edge,4.13,108
42,42,T,N,0.0687,chromophore_edge,4.13,108
42,42,T,P,0.0086,chromophore_edge,4.13,108
42,42,T,Q,0.0687,chromophore_edge,4.13,108
42,42,T,R,0.0386,chromophore_edge,4.13,108
42,42,T,S,0.073,chromophore_edge,4.13,108
42,42,T,T,0.073,chromophore_edge,4.13,108
42,42,T,V,0.03,chromophore_edge,4.13,108
42,42,T,W,0.0773,chromophore_edge,4.13,108
42,42,T,Y,0.0858,chromophore_edge,4.13,108
43,43,L,A,0.0789,buried,7.24,81
43,43,L,C,0.0564,buried,7.24,81
43,43,L,D,0.009,buried,7.24,81
43,43,L,E,0.009,buried,7.24,81
43,43,L,F,0.1015,buried,7.24,81
43,43,L,G,0.0338,buried,7.24,81
43,43,L,H,0.0282,buried,7.24,81
43,43,L,I,0.1127,buried,7.24,81
43,43,L,K,0.009,buried,7.24,81
43,43,L,L,0.1127,buried,7.24,81
43,43,L,M,0.0958,buried,7.24,81
43,43,L,N,0.0169,buried,7.24,81
43,43,L,P,0.0169,buried,7.24,81
43,43,L,Q,0.0169,buried,7.24,81
43,43,L,R,0.009,buried,7.24,81
43,43,L,S,0.0282,buried,7.24,81
43,43,L,T,0.0338,buried,7.24,81
43,43,L,V,0.1071,buried,7.24,81
43,43,L,W,0.0676,buried,7.24,81
43,43,L,Y,0.0564,buried,7.24,81
44,44,K,A,0.0789,buried,4.73,87
44,44,K,C,0.0564,buried,4.73,87
44,44,K,D,0.009,buried,4.73,87
44,44,K,E,0.009,buried,4.73,87
44,44,K,F,0.1015,buried,4.73,87
44,44,K,G,0.0338,buried,4.73,87
44,44,K,H,0.0282,buried,4.73,87
44,44,K,I,0.1127,buried,4.73,87
44,44,K,K,0.009,buried,4.73,87
44,44,K,L,0.1127,buried,4.73,87
44,44,K,M,0.0958,buried,4.73,87
44,44,K,N,0.0169,buried,4.73,87
44,44,K,P,0.0169,buried,4.73,87
44,44,K,Q,0.0169,buried,4.73,87
44,44,K,R,0.009,buried,4.73,87
44,44,K,S,0.0282,buried,4.73,87
44,44,K,T,0.0338,buried,4.73,87
44,44,K,V,0.1071,buried,4.73,87
44,44,K,W,0.0676,buried,4.73,87
44,44,K,Y,0.0564,buried,4.73,87
45,45,F,A,0.0789,buried,8.26,79
45,45,F,C,0.0564,buried,8.26,79
45,45,F,D,0.009,buried,8.26,79
45,45,F,E,0.009,buried,8.26,79
45,45,F,F,0.1015,buried,8.26,79
45,45,F,G,0.0338,buried,8.26,79
45,45,F,H,0.0282,buried,8.26,79
45,45,F,I,0.1127,buried,8.26,79
45,45,F,K,0.009,buried,8.26,79
45,45,F,L,0.1127,buried,8.26,79
45,45,F,M,0.0958,buried,8.26,79
45,45,F,N,0.0169,buried,8.26,79
45,45,F,P,0.0169,buried,8.26,79
45,45,F,Q,0.0169,buried,8.26,79
45,45,F,R,0.009,buried,8.26,79
45,45,F,S,0.0282,buried,8.26,79
45,45,F,T,0.0338,buried,8.26,79
45,45,F,V,0.1071,buried,8.26,79
45,45,F,W,0.0676,buried,8.26,79
45,45,F,Y,0.0564,buried,8.26,79
46,46,I,A,0.0343,chromophore_edge,4.39,98
46,46,I,C,0.0429,chromophore_edge,4.39,98
46,46,I,D,0.0472,chromophore_edge,4.39,98
46,46,I,E,0.0472,chromophore_edge,4.39,98
46,46,I,F,0.0815,chromophore_edge,4.39,98
46,46,I,G,0.0086,chromophore_edge,4.39,98
46,46,I,H,0.073,chromophore_edge,4.39,98
46,46,I,I,0.03,chromophore_edge,4.39,98
46,46,I,K,0.0386,chromophore_edge,4.39,98
46,46,I,L,0.03,chromophore_edge,4.39,98
46,46,I,M,0.0429,chromophore_edge,4.39,98
46,46,I,N,0.0687,chromophore_edge,4.39,98
46,46,I,P,0.0086,chromophore_edge,4.39,98
46,46,I,Q,0.0687,chromophore_edge,4.39,98
46,46,I,R,0.0386,chromophore_edge,4.39,98
46,46,I,S,0.073,chromophore_edge,4.39,98
46,46,I,T,0.073,chromophore_edge,4.39,98
46,46,I,V,0.03,chromophore_edge,4.39,98
46,46,I,W,0.0773,chromophore_edge,4.39,98
46,46,I,Y,0.0858,chromophore_edge,4.39,98
47,47,C,A,0.0789,buried,11.59,99
47,47,C,C,0.0564,buried,11.59,99
47,47,C,D,0.009,buried,11.59,99
47,47,C,E,0.009,buried,11.59,99
47,47,C,F,0.1015,buried,11.59,99
47,47,C,G,0.0338,buried,11.59,99
47,47,C,H,0.0282,buried,11.59,99
47,47,C,I,0.1127,buried,11.59,99
47,47,C,K,0.009,buried,11.59,99
47,47,C,L,0.1127,buried,11.59,99
47,47,C,M,0.0958,buried,11.59,99
47,47,C,N,0.0169,buried,11.59,99
47,47,C,P,0.0169,buried,11.59,99
47,47,C,Q,0.0169,buried,11.59,99
47,47,C,R,0.009,buried,11.59,99
47,47,C,S,0.0282,buried,11.59,99
47,47,C,T,0.0338,buried,11.59,99
47,47,C,V,0.1071,buried,11.59,99
47,47,C,W,0.0676,buried,11.59,99
47,47,C,Y,0.0564,buried,11.59,99
48,48,T,A,0.0789,buried,14.3,103
48,48,T,C,0.0564,buried,14.3,103
48,48,T,D,0.009,buried,14.3,103
48,48,T,E,0.009,buried,14.3,103
48,48,T,F,0.1015,buried,14.3,103
48,48,T,G,0.0338,buried,14.3,103
48,48,T,H,0.0282,buried,14.3,103
48,48,T,I,0.1127,buried,14.3,103
48,48,T,K,0.009,buried,14.3,103
48,48,T,L,0.1127,buried,14.3,103
48,48,T,M,0.0958,buried,14.3,103
48,48,T,N,0.0169,buried,14.3,103
48,48,T,P,0.0169,buried,14.3,103
48,48,T,Q,0.0169,buried,14.3,103
48,48,T,R,0.009,buried,14.3,103
48,48,T,S,0.0282,buried,14.3,103
48,48,T,T,0.0338,buried,14.3,103
48,48,T,V,0.1071,buried,14.3,103
48,48,T,W,0.0676,buried,14.3,103
48,48,T,Y,0.0564,buried,14.3,103
49,49,T,A,0.0513,surface,15.8,64
49,49,T,C,0.0214,surface,15.8,64
49,49,T,D,0.0812,surface,15.8,64
49,49,T,E,0.0812,surface,15.8,64
49,49,T,F,0.0256,surface,15.8,64
49,49,T,G,0.047,surface,15.8,64
49,49,T,H,0.0513,surface,15.8,64
49,49,T,I,0.0256,surface,15.8,64
49,49,T,K,0.0855,surface,15.8,64
49,49,T,L,0.0256,surface,15.8,64
49,49,T,M,0.0299,surface,15.8,64
49,49,T,N,0.0641,surface,15.8,64
49,49,T,P,0.0385,surface,15.8,64
49,49,T,Q,0.0641,surface,15.8,64
49,49,T,R,0.0812,surface,15.8,64
49,49,T,S,0.0684,surface,15.8,64
49,49,T,T,0.0684,surface,15.8,64
49,49,T,V,0.0299,surface,15.8,64
49,49,T,W,0.0171,surface,15.8,64
49,49,T,Y,0.0427,surface,15.8,64
50,50,G,A,0.0513,surface,17.66,49
50,50,G,C,0.0214,surface,17.66,49
50,50,G,D,0.0812,surface,17.66,49
50,50,G,E,0.0812,surface,17.66,49
50,50,G,F,0.0256,surface,17.66,49
50,50,G,G,0.047,surface,17.66,49
50,50,G,H,0.0513,surface,17.66,49
50,50,G,I,0.0256,surface,17.66,49
50,50,G,K,0.0855,surface,17.66,49
50,50,G,L,0.0256,surface,17.66,49
50,50,G,M,0.0299,surface,17.66,49
50,50,G,N,0.0641,surface,17.66,49
50,50,G,P,0.0385,surface,17.66,49
50,50,G,Q,0.0641,surface,17.66,49
50,50,G,R,0.0812,surface,17.66,49
50,50,G,S,0.0684,surface,17.66,49
50,50,G,T,0.0684,surface,17.66,49
50,50,G,V,0.0299,surface,17.66,49
50,50,G,W,0.0171,surface,17.66,49
50,50,G,Y,0.0427,surface,17.66,49
51,51,K,A,0.0513,surface,18.02,57
51,51,K,C,0.0214,surface,18.02,57
51,51,K,D,0.0812,surface,18.02,57
51,51,K,E,0.0812,surface,18.02,57
51,51,K,F,0.0256,surface,18.02,57
51,51,K,G,0.047,surface,18.02,57
51,51,K,H,0.0513,surface,18.02,57
51,51,K,I,0.0256,surface,18.02,57
51,51,K,K,0.0855,surface,18.02,57
51,51,K,L,0.0256,surface,18.02,57
51,51,K,M,0.0299,surface,18.02,57
51,51,K,N,0.0641,surface,18.02,57
51,51,K,P,0.0385,surface,18.02,57
51,51,K,Q,0.0641,surface,18.02,57
51,51,K,R,0.0812,surface,18.02,57
51,51,K,S,0.0684,surface,18.02,57
51,51,K,T,0.0684,surface,18.02,57
51,51,K,V,0.0299,surface,18.02,57
51,51,K,W,0.0171,surface,18.02,57
51,51,K,Y,0.0427,surface,18.02,57
52,52,L,A,0.0513,surface,18.11,54
52,52,L,C,0.0214,surface,18.11,54
52,52,L,D,0.0812,surface,18.11,54
52,52,L,E,0.0812,surface,18.11,54
52,52,L,F,0.0256,surface,18.11,54
52,52,L,G,0.047,surface,18.11,54
52,52,L,H,0.0513,surface,18.11,54
52,52,L,I,0.0256,surface,18.11,54
52,52,L,K,0.0855,surface,18.11,54
52,52,L,L,0.0256,surface,18.11,54
52,52,L,M,0.0299,surface,18.11,54
52,52,L,N,0.0641,surface,18.11,54
52,52,L,P,0.0385,surface,18.11,54
52,52,L,Q,0.0641,surface,18.11,54
52,52,L,R,0.0812,surface,18.11,54
52,52,L,S,0.0684,surface,18.11,54
52,52,L,T,0.0684,surface,18.11,54
52,52,L,V,0.0299,surface,18.11,54
52,52,L,W,0.0171,surface,18.11,54
52,52,L,Y,0.0427,surface,18.11,54
53,53,P,A,0.0789,buried,12.52,91
53,53,P,C,0.0564,buried,12.52,91
53,53,P,D,0.009,buried,12.52,91
53,53,P,E,0.009,buried,12.52,91
53,53,P,F,0.1015,buried,12.52,91
53,53,P,G,0.0338,buried,12.52,91
53,53,P,H,0.0282,buried,12.52,91
53,53,P,I,0.1127,buried,12.52,91
53,53,P,K,0.009,buried,12.52,91
53,53,P,L,0.1127,buried,12.52,91
53,53,P,M,0.0958,buried,12.52,91
53,53,P,N,0.0169,buried,12.52,91
53,53,P,P,0.0169,buried,12.52,91
53,53,P,Q,0.0169,buried,12.52,91
53,53,P,R,0.009,buried,12.52,91
53,53,P,S,0.0282,buried,12.52,91
53,53,P,T,0.0338,buried,12.52,91
53,53,P,V,0.1071,buried,12.52,91
53,53,P,W,0.0676,buried,12.52,91
53,53,P,Y,0.0564,buried,12.52,91
54,54,V,A,0.0789,buried,16.33,82
54,54,V,C,0.0564,buried,16.33,82
54,54,V,D,0.009,buried,16.33,82
54,54,V,E,0.009,buried,16.33,82
54,54,V,F,0.1015,buried,16.33,82
54,54,V,G,0.0338,buried,16.33,82
54,54,V,H,0.0282,buried,16.33,82
54,54,V,I,0.1127,buried,16.33,82
54,54,V,K,0.009,buried,16.33,82
54,54,V,L,0.1127,buried,16.33,82
54,54,V,M,0.0958,buried,16.33,82
54,54,V,N,0.0169,buried,16.33,82
54,54,V,P,0.0169,buried,16.33,82
54,54,V,Q,0.0169,buried,16.33,82
54,54,V,R,0.009,buried,16.33,82
54,54,V,S,0.0282,buried,16.33,82
54,54,V,T,0.0338,buried,16.33,82
54,54,V,V,0.1071,buried,16.33,82
54,54,V,W,0.0676,buried,16.33,82
54,54,V,Y,0.0564,buried,16.33,82
55,55,P,A,0.0789,buried,13.42,92
55,55,P,C,0.0564,buried,13.42,92
55,55,P,D,0.009,buried,13.42,92
55,55,P,E,0.009,buried,13.42,92
55,55,P,F,0.1015,buried,13.42,92
55,55,P,G,0.0338,buried,13.42,92
55,55,P,H,0.0282,buried,13.42,92
55,55,P,I,0.1127,buried,13.42,92
55,55,P,K,0.009,buried,13.42,92
55,55,P,L,0.1127,buried,13.42,92
55,55,P,M,0.0958,buried,13.42,92
55,55,P,N,0.0169,buried,13.42,92
55,55,P,P,0.0169,buried,13.42,92
55,55,P,Q,0.0169,buried,13.42,92
55,55,P,R,0.009,buried,13.42,92
55,55,P,S,0.0282,buried,13.42,92
55,55,P,T,0.0338,buried,13.42,92
55,55,P,V,0.1071,buried,13.42,92
55,55,P,W,0.0676,buried,13.42,92
55,55,P,Y,0.0564,buried,13.42,92
56,56,W,A,0.0789,buried,11.99,98
56,56,W,C,0.0564,buried,11.99,98
56,56,W,D,0.009,buried,11.99,98
56,56,W,E,0.009,buried,11.99,98
56,56,W,F,0.1015,buried,11.99,98
56,56,W,G,0.0338,buried,11.99,98
56,56,W,H,0.0282,buried,11.99,98
56,56,W,I,0.1127,buried,11.99,98
56,56,W,K,0.009,buried,11.99,98
56,56,W,L,0.1127,buried,11.99,98
56,56,W,M,0.0958,buried,11.99,98
56,56,W,N,0.0169,buried,11.99,98
56,56,W,P,0.0169,buried,11.99,98
56,56,W,Q,0.0169,buried,11.99,98
56,56,W,R,0.009,buried,11.99,98
56,56,W,S,0.0282,buried,11.99,98
56,56,W,T,0.0338,buried,11.99,98
56,56,W,V,0.1071,buried,11.99,98
56,56,W,W,0.0676,buried,11.99,98
56,56,W,Y,0.0564,buried,11.99,98
57,57,P,A,0.0789,buried,9.19,87
57,57,P,C,0.0564,buried,9.19,87
57,57,P,D,0.009,buried,9.19,87
57,57,P,E,0.009,buried,9.19,87
57,57,P,F,0.1015,buried,9.19,87
57,57,P,G,0.0338,buried,9.19,87
57,57,P,H,0.0282,buried,9.19,87
57,57,P,I,0.1127,buried,9.19,87
57,57,P,K,0.009,buried,9.19,87
57,57,P,L,0.1127,buried,9.19,87
57,57,P,M,0.0958,buried,9.19,87
57,57,P,N,0.0169,buried,9.19,87
57,57,P,P,0.0169,buried,9.19,87
57,57,P,Q,0.0169,buried,9.19,87
57,57,P,R,0.009,buried,9.19,87
57,57,P,S,0.0282,buried,9.19,87
57,57,P,T,0.0338,buried,9.19,87
57,57,P,V,0.1071,buried,9.19,87
57,57,P,W,0.0676,buried,9.19,87
57,57,P,Y,0.0564,buried,9.19,87
58,58,T,A,0.0789,buried,8.27,97
58,58,T,C,0.0564,buried,8.27,97
58,58,T,D,0.009,buried,8.27,97
58,58,T,E,0.009,buried,8.27,97
58,58,T,F,0.1015,buried,8.27,97
58,58,T,G,0.0338,buried,8.27,97
58,58,T,H,0.0282,buried,8.27,97
58,58,T,I,0.1127,buried,8.27,97
58,58,T,K,0.009,buried,8.27,97
58,58,T,L,0.1127,buried,8.27,97
58,58,T,M,0.0958,buried,8.27,97
58,58,T,N,0.0169,buried,8.27,97
58,58,T,P,0.0169,buried,8.27,97
58,58,T,Q,0.0169,buried,8.27,97
58,58,T,R,0.009,buried,8.27,97
58,58,T,S,0.0282,buried,8.27,97
58,58,T,T,0.0338,buried,8.27,97
58,58,T,V,0.1071,buried,8.27,97
58,58,T,W,0.0676,buried,8.27,97
58,58,T,Y,0.0564,buried,8.27,97
59,59,L,A,0.0789,buried,8.84,96
59,59,L,C,0.0564,buried,8.84,96
59,59,L,D,0.009,buried,8.84,96
59,59,L,E,0.009,buried,8.84,96
59,59,L,F,0.1015,buried,8.84,96
59,59,L,G,0.0338,buried,8.84,96
59,59,L,H,0.0282,buried,8.84,96
59,59,L,I,0.1127,buried,8.84,96
59,59,L,K,0.009,buried,8.84,96
59,59,L,L,0.1127,buried,8.84,96
59,59,L,M,0.0958,buried,8.84,96
59,59,L,N,0.0169,buried,8.84,96
59,59,L,P,0.0169,buried,8.84,96
59,59,L,Q,0.0169,buried,8.84,96
59,59,L,R,0.009,buried,8.84,96
59,59,L,S,0.0282,buried,8.84,96
59,59,L,T,0.0338,buried,8.84,96
59,59,L,V,0.1071,buried,8.84,96
59,59,L,W,0.0676,buried,8.84,96
59,59,L,Y,0.0564,buried,8.84,96
60,60,V,A,0.0789,buried,4.87,97
60,60,V,C,0.0564,buried,4.87,97
60,60,V,D,0.009,buried,4.87,97
60,60,V,E,0.009,buried,4.87,97
60,60,V,F,0.1015,buried,4.87,97
60,60,V,G,0.0338,buried,4.87,97
60,60,V,H,0.0282,buried,4.87,97
60,60,V,I,0.1127,buried,4.87,97
60,60,V,K,0.009,buried,4.87,97
60,60,V,L,0.1127,buried,4.87,97
60,60,V,M,0.0958,buried,4.87,97
60,60,V,N,0.0169,buried,4.87,97
60,60,V,P,0.0169,buried,4.87,97
60,60,V,Q,0.0169,buried,4.87,97
60,60,V,R,0.009,buried,4.87,97
60,60,V,S,0.0282,buried,4.87,97
60,60,V,T,0.0338,buried,4.87,97
60,60,V,V,0.1071,buried,4.87,97
60,60,V,W,0.0676,buried,4.87,97
60,60,V,Y,0.0564,buried,4.87,97
61,61,T,A,0.0343,chromophore_edge,2.78,109
61,61,T,C,0.0429,chromophore_edge,2.78,109
61,61,T,D,0.0472,chromophore_edge,2.78,109
61,61,T,E,0.0472,chromophore_edge,2.78,109
61,61,T,F,0.0815,chromophore_edge,2.78,109
61,61,T,G,0.0086,chromophore_edge,2.78,109
61,61,T,H,0.073,chromophore_edge,2.78,109
61,61,T,I,0.03,chromophore_edge,2.78,109
61,61,T,K,0.0386,chromophore_edge,2.78,109
61,61,T,L,0.03,chromophore_edge,2.78,109
61,61,T,M,0.0429,chromophore_edge,2.78,109
61,61,T,N,0.0687,chromophore_edge,2.78,109
61,61,T,P,0.0086,chromophore_edge,2.78,109
61,61,T,Q,0.0687,chromophore_edge,2.78,109
61,61,T,R,0.0386,chromophore_edge,2.78,109
61,61,T,S,0.073,chromophore_edge,2.78,109
61,61,T,T,0.073,chromophore_edge,2.78,109
61,61,T,V,0.03,chromophore_edge,2.78,109
61,61,T,W,0.0773,chromophore_edge,2.78,109
61,61,T,Y,0.0858,chromophore_edge,2.78,109
62,62,T,A,0.0343,chromophore_edge,2.8,99
62,62,T,C,0.0429,chromophore_edge,2.8,99
62,62,T,D,0.0472,chromophore_edge,2.8,99
62,62,T,E,0.0472,chromophore_edge,2.8,99
62,62,T,F,0.0815,chromophore_edge,2.8,99
62,62,T,G,0.0086,chromophore_edge,2.8,99
62,62,T,H,0.073,chromophore_edge,2.8,99
62,62,T,I,0.03,chromophore_edge,2.8,99
62,62,T,K,0.0386,chromophore_edge,2.8,99
62,62,T,L,0.03,chromophore_edge,2.8,99
62,62,T,M,0.0429,chromophore_edge,2.8,99
62,62,T,N,0.0687,chromophore_edge,2.8,99
62,62,T,P,0.0086,chromophore_edge,2.8,99
62,62,T,Q,0.0687,chromophore_edge,2.8,99
62,62,T,R,0.0386,chromophore_edge,2.8,99
62,62,T,S,0.073,chromophore_edge,2.8,99
62,62,T,T,0.073,chromophore_edge,2.8,99
62,62,T,V,0.03,chromophore_edge,2.8,99
62,62,T,W,0.0773,chromophore_edge,2.8,99
62,62,T,Y,0.0858,chromophore_edge,2.8,99
63,63,L,A,0.0343,chromophore_edge,3.33,96
63,63,L,C,0.0429,chromophore_edge,3.33,96
63,63,L,D,0.0472,chromophore_edge,3.33,96
63,63,L,E,0.0472,chromophore_edge,3.33,96
63,63,L,F,0.0815,chromophore_edge,3.33,96
63,63,L,G,0.0086,chromophore_edge,3.33,96
63,63,L,H,0.073,chromophore_edge,3.33,96
63,63,L,I,0.03,chromophore_edge,3.33,96
63,63,L,K,0.0386,chromophore_edge,3.33,96
63,63,L,L,0.03,chromophore_edge,3.33,96
63,63,L,M,0.0429,chromophore_edge,3.33,96
63,63,L,N,0.0687,chromophore_edge,3.33,96
63,63,L,P,0.0086,chromophore_edge,3.33,96
63,63,L,Q,0.0687,chromophore_edge,3.33,96
63,63,L,R,0.0386,chromophore_edge,3.33,96
63,63,L,S,0.073,chromophore_edge,3.33,96
63,63,L,T,0.073,chromophore_edge,3.33,96
63,63,L,V,0.03,chromophore_edge,3.33,96
63,63,L,W,0.0773,chromophore_edge,3.33,96
63,63,L,Y,0.0858,chromophore_edge,3.33,96
68,68,Q,A,0.0343,chromophore_edge,1.33,98
68,68,Q,C,0.0429,chromophore_edge,1.33,98
68,68,Q,D,0.0472,chromophore_edge,1.33,98
68,68,Q,E,0.0472,chromophore_edge,1.33,98
68,68,Q,F,0.0815,chromophore_edge,1.33,98
68,68,Q,G,0.0086,chromophore_edge,1.33,98
68,68,Q,H,0.073,chromophore_edge,1.33,98
68,68,Q,I,0.03,chromophore_edge,1.33,98
68,68,Q,K,0.0386,chromophore_edge,1.33,98
68,68,Q,L,0.03,chromophore_edge,1.33,98
68,68,Q,M,0.0429,chromophore_edge,1.33,98
68,68,Q,N,0.0687,chromophore_edge,1.33,98
68,68,Q,P,0.0086,chromophore_edge,1.33,98
68,68,Q,Q,0.0687,chromophore_edge,1.33,98
68,68,Q,R,0.0386,chromophore_edge,1.33,98
68,68,Q,S,0.073,chromophore_edge,1.33,98
68,68,Q,T,0.073,chromophore_edge,1.33,98
68,68,Q,V,0.03,chromophore_edge,1.33,98
68,68,Q,W,0.0773,chromophore_edge,1.33,98
68,68,Q,Y,0.0858,chromophore_edge,1.33,98
69,69,C,A,0.0343,chromophore_edge,3.33,93
69,69,C,C,0.0429,chromophore_edge,3.33,93
69,69,C,D,0.0472,chromophore_edge,3.33,93
69,69,C,E,0.0472,chromophore_edge,3.33,93
69,69,C,F,0.0815,chromophore_edge,3.33,93
69,69,C,G,0.0086,chromophore_edge,3.33,93
69,69,C,H,0.073,chromophore_edge,3.33,93
69,69,C,I,0.03,chromophore_edge,3.33,93
69,69,C,K,0.0386,chromophore_edge,3.33,93
69,69,C,L,0.03,chromophore_edge,3.33,93
69,69,C,M,0.0429,chromophore_edge,3.33,93
69,69,C,N,0.0687,chromophore_edge,3.33,93
69,69,C,P,0.0086,chromophore_edge,3.33,93
69,69,C,Q,0.0687,chromophore_edge,3.33,93
69,69,C,R,0.0386,chromophore_edge,3.33,93
69,69,C,S,0.073,chromophore_edge,3.33,93
69,69,C,T,0.073,chromophore_edge,3.33,93
69,69,C,V,0.03,chromophore_edge,3.33,93
69,69,C,W,0.0773,chromophore_edge,3.33,93
69,69,C,Y,0.0858,chromophore_edge,3.33,93
70,70,F,A,0.0789,buried,6.18,96
70,70,F,C,0.0564,buried,6.18,96
70,70,F,D,0.009,buried,6.18,96
70,70,F,E,0.009,buried,6.18,96
70,70,F,F,0.1015,buried,6.18,96
70,70,F,G,0.0338,buried,6.18,96
70,70,F,H,0.0282,buried,6.18,96
70,70,F,I,0.1127,buried,6.18,96
70,70,F,K,0.009,buried,6.18,96
70,70,F,L,0.1127,buried,6.18,96
70,70,F,M,0.0958,buried,6.18,96
70,70,F,N,0.0169,buried,6.18,96
70,70,F,P,0.0169,buried,6.18,96
70,70,F,Q,0.0169,buried,6.18,96
70,70,F,R,0.009,buried,6.18,96
70,70,F,S,0.0282,buried,6.18,96
70,70,F,T,0.0338,buried,6.18,96
70,70,F,V,0.1071,buried,6.18,96
70,70,F,W,0.0676,buried,6.18,96
70,70,F,Y,0.0564,buried,6.18,96
71,71,S,A,0.0789,buried,7.14,104
71,71,S,C,0.0564,buried,7.14,104
71,71,S,D,0.009,buried,7.14,104
71,71,S,E,0.009,buried,7.14,104
71,71,S,F,0.1015,buried,7.14,104
71,71,S,G,0.0338,buried,7.14,104
71,71,S,H,0.0282,buried,7.14,104
71,71,S,I,0.1127,buried,7.14,104
71,71,S,K,0.009,buried,7.14,104
71,71,S,L,0.1127,buried,7.14,104
71,71,S,M,0.0958,buried,7.14,104
71,71,S,N,0.0169,buried,7.14,104
71,71,S,P,0.0169,buried,7.14,104
71,71,S,Q,0.0169,buried,7.14,104
71,71,S,R,0.009,buried,7.14,104
71,71,S,S,0.0282,buried,7.14,104
71,71,S,T,0.0338,buried,7.14,104
71,71,S,V,0.1071,buried,7.14,104
71,71,S,W,0.0676,buried,7.14,104
71,71,S,Y,0.0564,buried,7.14,104
72,72,R,A,0.0789,buried,7.86,107
72,72,R,C,0.0564,buried,7.86,107
72,72,R,D,0.009,buried,7.86,107
72,72,R,E,0.009,buried,7.86,107
72,72,R,F,0.1015,buried,7.86,107
72,72,R,G,0.0338,buried,7.86,107
72,72,R,H,0.0282,buried,7.86,107
72,72,R,I,0.1127,buried,7.86,107
72,72,R,K,0.009,buried,7.86,107
72,72,R,L,0.1127,buried,7.86,107
72,72,R,M,0.0958,buried,7.86,107
72,72,R,N,0.0169,buried,7.86,107
72,72,R,P,0.0169,buried,7.86,107
72,72,R,Q,0.0169,buried,7.86,107
72,72,R,R,0.009,buried,7.86,107
72,72,R,S,0.0282,buried,7.86,107
72,72,R,T,0.0338,buried,7.86,107
72,72,R,V,0.1071,buried,7.86,107
72,72,R,W,0.0676,buried,7.86,107
72,72,R,Y,0.0564,buried,7.86,107
73,73,Y,A,0.0789,buried,11.89,94
73,73,Y,C,0.0564,buried,11.89,94
73,73,Y,D,0.009,buried,11.89,94
73,73,Y,E,0.009,buried,11.89,94
73,73,Y,F,0.1015,buried,11.89,94
73,73,Y,G,0.0338,buried,11.89,94
73,73,Y,H,0.0282,buried,11.89,94
73,73,Y,I,0.1127,buried,11.89,94
73,73,Y,K,0.009,buried,11.89,94
73,73,Y,L,0.1127,buried,11.89,94
73,73,Y,M,0.0958,buried,11.89,94
73,73,Y,N,0.0169,buried,11.89,94
73,73,Y,P,0.0169,buried,11.89,94
73,73,Y,Q,0.0169,buried,11.89,94
73,73,Y,R,0.009,buried,11.89,94
73,73,Y,S,0.0282,buried,11.89,94
73,73,Y,T,0.0338,buried,11.89,94
73,73,Y,V,0.1071,buried,11.89,94
73,73,Y,W,0.0676,buried,11.89,94
73,73,Y,Y,0.0564,buried,11.89,94
74,74,P,A,0.0789,buried,11.23,93
74,74,P,C,0.0564,buried,11.23,93
74,74,P,D,0.009,buried,11.23,93
74,74,P,E,0.009,buried,11.23,93
74,74,P,F,0.1015,buried,11.23,93
74,74,P,G,0.0338,buried,11.23,93
74,74,P,H,0.0282,buried,11.23,93
74,74,P,I,0.1127,buried,11.23,93
74,74,P,K,0.009,buried,11.23,93
74,74,P,L,0.1127,buried,11.23,93
74,74,P,M,0.0958,buried,11.23,93
74,74,P,N,0.0169,buried,11.23,93
74,74,P,P,0.0169,buried,11.23,93
74,74,P,Q,0.0169,buried,11.23,93
74,74,P,R,0.009,buried,11.23,93
74,74,P,S,0.0282,buried,11.23,93
74,74,P,T,0.0338,buried,11.23,93
74,74,P,V,0.1071,buried,11.23,93
74,74,P,W,0.0676,buried,11.23,93
74,74,P,Y,0.0564,buried,11.23,93
75,75,D,A,0.0513,surface,16.0,64
75,75,D,C,0.0214,surface,16.0,64
75,75,D,D,0.0812,surface,16.0,64
75,75,D,E,0.0812,surface,16.0,64
75,75,D,F,0.0256,surface,16.0,64
75,75,D,G,0.047,surface,16.0,64
75,75,D,H,0.0513,surface,16.0,64
75,75,D,I,0.0256,surface,16.0,64
75,75,D,K,0.0855,surface,16.0,64
75,75,D,L,0.0256,surface,16.0,64
75,75,D,M,0.0299,surface,16.0,64
75,75,D,N,0.0641,surface,16.0,64
75,75,D,P,0.0385,surface,16.0,64
75,75,D,Q,0.0641,surface,16.0,64
75,75,D,R,0.0812,surface,16.0,64
75,75,D,S,0.0684,surface,16.0,64
75,75,D,T,0.0684,surface,16.0,64
75,75,D,V,0.0299,surface,16.0,64
75,75,D,W,0.0171,surface,16.0,64
75,75,D,Y,0.0427,surface,16.0,64
76,76,H,A,0.0513,surface,20.45,41
76,76,H,C,0.0214,surface,20.45,41
76,76,H,D,0.0812,surface,20.45,41
76,76,H,E,0.0812,surface,20.45,41
76,76,H,F,0.0256,surface,20.45,41
76,76,H,G,0.047,surface,20.45,41
76,76,H,H,0.0513,surface,20.45,41
76,76,H,I,0.0256,surface,20.45,41
76,76,H,K,0.0855,surface,20.45,41
76,76,H,L,0.0256,surface,20.45,41
76,76,H,M,0.0299,surface,20.45,41
76,76,H,N,0.0641,surface,20.45,41
76,76,H,P,0.0385,surface,20.45,41
76,76,H,Q,0.0641,surface,20.45,41
76,76,H,R,0.0812,surface,20.45,41
76,76,H,S,0.0684,surface,20.45,41
76,76,H,T,0.0684,surface,20.45,41
76,76,H,V,0.0299,surface,20.45,41
76,76,H,W,0.0171,surface,20.45,41
76,76,H,Y,0.0427,surface,20.45,41
77,77,M,A,0.0513,surface,20.21,47
77,77,M,C,0.0214,surface,20.21,47
77,77,M,D,0.0812,surface,20.21,47
77,77,M,E,0.0812,surface,20.21,47
77,77,M,F,0.0256,surface,20.21,47
77,77,M,G,0.047,surface,20.21,47
77,77,M,H,0.0513,surface,20.21,47
77,77,M,I,0.0256,surface,20.21,47
77,77,M,K,0.0855,surface,20.21,47
77,77,M,L,0.0256,surface,20.21,47
77,77,M,M,0.0299,surface,20.21,47
77,77,M,N,0.0641,surface,20.21,47
77,77,M,P,0.0385,surface,20.21,47
77,77,M,Q,0.0641,surface,20.21,47
77,77,M,R,0.0812,surface,20.21,47
77,77,M,S,0.0684,surface,20.21,47
77,77,M,T,0.0684,surface,20.21,47
77,77,M,V,0.0299,surface,20.21,47
77,77,M,W,0.0171,surface,20.21,47
77,77,M,Y,0.0427,surface,20.21,47
79,79,Q,A,0.0789,buried,17.67,78
79,79,Q,C,0.0564,buried,17.67,78
79,79,Q,D,0.009,buried,17.67,78
79,79,Q,E,0.009,buried,17.67,78
79,79,Q,F,0.1015,buried,17.67,78
79,79,Q,G,0.0338,buried,17.67,78
79,79,Q,H,0.0282,buried,17.67,78
79,79,Q,I,0.1127,buried,17.67,78
79,79,Q,K,0.009,buried,17.67,78
79,79,Q,L,0.1127,buried,17.67,78
79,79,Q,M,0.0958,buried,17.67,78
79,79,Q,N,0.0169,buried,17.67,78
79,79,Q,P,0.0169,buried,17.67,78
79,79,Q,Q,0.0169,buried,17.67,78
79,79,Q,R,0.009,buried,17.67,78
79,79,Q,S,0.0282,buried,17.67,78
79,79,Q,T,0.0338,buried,17.67,78
79,79,Q,V,0.1071,buried,17.67,78
79,79,Q,W,0.0676,buried,17.67,78
79,79,Q,Y,0.0564,buried,17.67,78
80,80,H,A,0.0513,surface,18.43,64
80,80,H,C,0.0214,surface,18.43,64
80,80,H,D,0.0812,surface,18.43,64
80,80,H,E,0.0812,surface,18.43,64
80,80,H,F,0.0256,surface,18.43,64
80,80,H,G,0.047,surface,18.43,64
80,80,H,H,0.0513,surface,18.43,64
80,80,H,I,0.0256,surface,18.43,64
80,80,H,K,0.0855,surface,18.43,64
80,80,H,L,0.0256,surface,18.43,64
80,80,H,M,0.0299,surface,18.43,64
80,80,H,N,0.0641,surface,18.43,64
80,80,H,P,0.0385,surface,18.43,64
80,80,H,Q,0.0641,surface,18.43,64
80,80,H,R,0.0812,surface,18.43,64
80,80,H,S,0.0684,surface,18.43,64
80,80,H,T,0.0684,surface,18.43,64
80,80,H,V,0.0299,surface,18.43,64
80,80,H,W,0.0171,surface,18.43,64
80,80,H,Y,0.0427,surface,18.43,64
81,81,D,A,0.0789,buried,14.14,90
81,81,D,C,0.0564,buried,14.14,90
81,81,D,D,0.009,buried,14.14,90
81,81,D,E,0.009,buried,14.14,90
81,81,D,F,0.1015,buried,14.14,90
81,81,D,G,0.0338,buried,14.14,90
81,81,D,H,0.0282,buried,14.14,90
81,81,D,I,0.1127,buried,14.14,90
81,81,D,K,0.009,buried,14.14,90
81,81,D,L,0.1127,buried,14.14,90
81,81,D,M,0.0958,buried,14.14,90
81,81,D,N,0.0169,buried,14.14,90
81,81,D,P,0.0169,buried,14.14,90
81,81,D,Q,0.0169,buried,14.14,90
81,81,D,R,0.009,buried,14.14,90
81,81,D,S,0.0282,buried,14.14,90
81,81,D,T,0.0338,buried,14.14,90
81,81,D,V,0.1071,buried,14.14,90
81,81,D,W,0.0676,buried,14.14,90
81,81,D,Y,0.0564,buried,14.14,90
82,82,F,A,0.0789,buried,11.7,103
82,82,F,C,0.0564,buried,11.7,103
82,82,F,D,0.009,buried,11.7,103
82,82,F,E,0.009,buried,11.7,103
82,82,F,F,0.1015,buried,11.7,103
82,82,F,G,0.0338,buried,11.7,103
82,82,F,H,0.0282,buried,11.7,103
82,82,F,I,0.1127,buried,11.7,103
82,82,F,K,0.009,buried,11.7,103
82,82,F,L,0.1127,buried,11.7,103
82,82,F,M,0.0958,buried,11.7,103
82,82,F,N,0.0169,buried,11.7,103
82,82,F,P,0.0169,buried,11.7,103
82,82,F,Q,0.0169,buried,11.7,103
82,82,F,R,0.009,buried,11.7,103
82,82,F,S,0.0282,buried,11.7,103
82,82,F,T,0.0338,buried,11.7,103
82,82,F,V,0.1071,buried,11.7,103
82,82,F,W,0.0676,buried,11.7,103
82,82,F,Y,0.0564,buried,11.7,103
83,83,F,A,0.0789,buried,10.1,104
83,83,F,C,0.0564,buried,10.1,104
83,83,F,D,0.009,buried,10.1,104
83,83,F,E,0.009,buried,10.1,104
83,83,F,F,0.1015,buried,10.1,104
83,83,F,G,0.0338,buried,10.1,104
83,83,F,H,0.0282,buried,10.1,104
83,83,F,I,0.1127,buried,10.1,104
83,83,F,K,0.009,buried,10.1,104
83,83,F,L,0.1127,buried,10.1,104
83,83,F,M,0.0958,buried,10.1,104
83,83,F,N,0.0169,buried,10.1,104
83,83,F,P,0.0169,buried,10.1,104
83,83,F,Q,0.0169,buried,10.1,104
83,83,F,R,0.009,buried,10.1,104
83,83,F,S,0.0282,buried,10.1,104
83,83,F,T,0.0338,buried,10.1,104
83,83,F,V,0.1071,buried,10.1,104
83,83,F,W,0.0676,buried,10.1,104
83,83,F,Y,0.0564,buried,10.1,104
84,84,K,A,0.0789,buried,6.79,102
84,84,K,C,0.0564,buried,6.79,102
84,84,K,D,0.009,buried,6.79,102
84,84,K,E,0.009,buried,6.79,102
84,84,K,F,0.1015,buried,6.79,102
84,84,K,G,0.0338,buried,6.79,102
84,84,K,H,0.0282,buried,6.79,102
84,84,K,I,0.1127,buried,6.79,102
84,84,K,K,0.009,buried,6.79,102
84,84,K,L,0.1127,buried,6.79,102
84,84,K,M,0.0958,buried,6.79,102
84,84,K,N,0.0169,buried,6.79,102
84,84,K,P,0.0169,buried,6.79,102
84,84,K,Q,0.0169,buried,6.79,102
84,84,K,R,0.009,buried,6.79,102
84,84,K,S,0.0282,buried,6.79,102
84,84,K,T,0.0338,buried,6.79,102
84,84,K,V,0.1071,buried,6.79,102
84,84,K,W,0.0676,buried,6.79,102
84,84,K,Y,0.0564,buried,6.79,102
85,85,S,A,0.0789,buried,10.72,97
85,85,S,C,0.0564,buried,10.72,97
85,85,S,D,0.009,buried,10.72,97
85,85,S,E,0.009,buried,10.72,97
85,85,S,F,0.1015,buried,10.72,97
85,85,S,G,0.0338,buried,10.72,97
85,85,S,H,0.0282,buried,10.72,97
85,85,S,I,0.1127,buried,10.72,97
85,85,S,K,0.009,buried,10.72,97
85,85,S,L,0.1127,buried,10.72,97
85,85,S,M,0.0958,buried,10.72,97
85,85,S,N,0.0169,buried,10.72,97
85,85,S,P,0.0169,buried,10.72,97
85,85,S,Q,0.0169,buried,10.72,97
85,85,S,R,0.009,buried,10.72,97
85,85,S,S,0.0282,buried,10.72,97
85,85,S,T,0.0338,buried,10.72,97
85,85,S,V,0.1071,buried,10.72,97
85,85,S,W,0.0676,buried,10.72,97
85,85,S,Y,0.0564,buried,10.72,97
86,86,A,A,0.0789,buried,13.06,90
86,86,A,C,0.0564,buried,13.06,90
86,86,A,D,0.009,buried,13.06,90
86,86,A,E,0.009,buried,13.06,90
86,86,A,F,0.1015,buried,13.06,90
86,86,A,G,0.0338,buried,13.06,90
86,86,A,H,0.0282,buried,13.06,90
86,86,A,I,0.1127,buried,13.06,90
86,86,A,K,0.009,buried,13.06,90
86,86,A,L,0.1127,buried,13.06,90
86,86,A,M,0.0958,buried,13.06,90
86,86,A,N,0.0169,buried,13.06,90
86,86,A,P,0.0169,buried,13.06,90
86,86,A,Q,0.0169,buried,13.06,90
86,86,A,R,0.009,buried,13.06,90
86,86,A,S,0.0282,buried,13.06,90
86,86,A,T,0.0338,buried,13.06,90
86,86,A,V,0.1071,buried,13.06,90
86,86,A,W,0.0676,buried,13.06,90
86,86,A,Y,0.0564,buried,13.06,90
87,87,M,A,0.0789,buried,11.46,112
87,87,M,C,0.0564,buried,11.46,112
87,87,M,D,0.009,buried,11.46,112
87,87,M,E,0.009,buried,11.46,112
87,87,M,F,0.1015,buried,11.46,112
87,87,M,G,0.0338,buried,11.46,112
87,87,M,H,0.0282,buried,11.46,112
87,87,M,I,0.1127,buried,11.46,112
87,87,M,K,0.009,buried,11.46,112
87,87,M,L,0.1127,buried,11.46,112
87,87,M,M,0.0958,buried,11.46,112
87,87,M,N,0.0169,buried,11.46,112
87,87,M,P,0.0169,buried,11.46,112
87,87,M,Q,0.0169,buried,11.46,112
87,87,M,R,0.009,buried,11.46,112
87,87,M,S,0.0282,buried,11.46,112
87,87,M,T,0.0338,buried,11.46,112
87,87,M,V,0.1071,buried,11.46,112
87,87,M,W,0.0676,buried,11.46,112
87,87,M,Y,0.0564,buried,11.46,112
89,89,E,A,0.0789,buried,12.57,73
89,89,E,C,0.0564,buried,12.57,73
89,89,E,D,0.009,buried,12.57,73
89,89,E,E,0.009,buried,12.57,73
89,89,E,F,0.1015,buried,12.57,73
89,89,E,G,0.0338,buried,12.57,73
89,89,E,H,0.0282,buried,12.57,73
89,89,E,I,0.1127,buried,12.57,73
89,89,E,K,0.009,buried,12.57,73
89,89,E,L,0.1127,buried,12.57,73
89,89,E,M,0.0958,buried,12.57,73
89,89,E,N,0.0169,buried,12.57,73
89,89,E,P,0.0169,buried,12.57,73
89,89,E,Q,0.0169,buried,12.57,73
89,89,E,R,0.009,buried,12.57,73
89,89,E,S,0.0282,buried,12.57,73
89,89,E,T,0.0338,buried,12.57,73
89,89,E,V,0.1071,buried,12.57,73
89,89,E,W,0.0676,buried,12.57,73
89,89,E,Y,0.0564,buried,12.57,73
90,90,G,A,0.0513,surface,12.3,67
90,90,G,C,0.0214,surface,12.3,67
90,90,G,D,0.0812,surface,12.3,67
90,90,G,E,0.0812,surface,12.3,67
90,90,G,F,0.0256,surface,12.3,67
90,90,G,G,0.047,surface,12.3,67
90,90,G,H,0.0513,surface,12.3,67
90,90,G,I,0.0256,surface,12.3,67
90,90,G,K,0.0855,surface,12.3,67
90,90,G,L,0.0256,surface,12.3,67
90,90,G,M,0.0299,surface,12.3,67
90,90,G,N,0.0641,surface,12.3,67
90,90,G,P,0.0385,surface,12.3,67
90,90,G,Q,0.0641,surface,12.3,67
90,90,G,R,0.0812,surface,12.3,67
90,90,G,S,0.0684,surface,12.3,67
90,90,G,T,0.0684,surface,12.3,67
90,90,G,V,0.0299,surface,12.3,67
90,90,G,W,0.0171,surface,12.3,67
90,90,G,Y,0.0427,surface,12.3,67
91,91,Y,A,0.0789,buried,10.16,96
91,91,Y,C,0.0564,buried,10.16,96
91,91,Y,D,0.009,buried,10.16,96
91,91,Y,E,0.009,buried,10.16,96
91,91,Y,F,0.1015,buried,10.16,96
91,91,Y,G,0.0338,buried,10.16,96
91,91,Y,H,0.0282,buried,10.16,96
91,91,Y,I,0.1127,buried,10.16,96
91,91,Y,K,0.009,buried,10.16,96
91,91,Y,L,0.1127,buried,10.16,96
91,91,Y,M,0.0958,buried,10.16,96
91,91,Y,N,0.0169,buried,10.16,96
91,91,Y,P,0.0169,buried,10.16,96
91,91,Y,Q,0.0169,buried,10.16,96
91,91,Y,R,0.009,buried,10.16,96
91,91,Y,S,0.0282,buried,10.16,96
91,91,Y,T,0.0338,buried,10.16,96
91,91,Y,V,0.1071,buried,10.16,96
91,91,Y,W,0.0676,buried,10.16,96
91,91,Y,Y,0.0564,buried,10.16,96
92,92,V,A,0.0343,chromophore_edge,4.43,101
92,92,V,C,0.0429,chromophore_edge,4.43,101
92,92,V,D,0.0472,chromophore_edge,4.43,101
92,92,V,E,0.0472,chromophore_edge,4.43,101
92,92,V,F,0.0815,chromophore_edge,4.43,101
92,92,V,G,0.0086,chromophore_edge,4.43,101
92,92,V,H,0.073,chromophore_edge,4.43,101
92,92,V,I,0.03,chromophore_edge,4.43,101
92,92,V,K,0.0386,chromophore_edge,4.43,101
92,92,V,L,0.03,chromophore_edge,4.43,101
92,92,V,M,0.0429,chromophore_edge,4.43,101
92,92,V,N,0.0687,chromophore_edge,4.43,101
92,92,V,P,0.0086,chromophore_edge,4.43,101
92,92,V,Q,0.0687,chromophore_edge,4.43,101
92,92,V,R,0.0386,chromophore_edge,4.43,101
92,92,V,S,0.073,chromophore_edge,4.43,101
92,92,V,T,0.073,chromophore_edge,4.43,101
92,92,V,V,0.03,chromophore_edge,4.43,101
92,92,V,W,0.0773,chromophore_edge,4.43,101
92,92,V,Y,0.0858,chromophore_edge,4.43,101
93,93,Q,A,0.0789,buried,8.4,100
93,93,Q,C,0.0564,buried,8.4,100
93,93,Q,D,0.009,buried,8.4,100
93,93,Q,E,0.009,buried,8.4,100
93,93,Q,F,0.1015,buried,8.4,100
93,93,Q,G,0.0338,buried,8.4,100
93,93,Q,H,0.0282,buried,8.4,100
93,93,Q,I,0.1127,buried,8.4,100
93,93,Q,K,0.009,buried,8.4,100
93,93,Q,L,0.1127,buried,8.4,100
93,93,Q,M,0.0958,buried,8.4,100
93,93,Q,N,0.0169,buried,8.4,100
93,93,Q,P,0.0169,buried,8.4,100
93,93,Q,Q,0.0169,buried,8.4,100
93,93,Q,R,0.009,buried,8.4,100
93,93,Q,S,0.0282,buried,8.4,100
93,93,Q,T,0.0338,buried,8.4,100
93,93,Q,V,0.1071,buried,8.4,100
93,93,Q,W,0.0676,buried,8.4,100
93,93,Q,Y,0.0564,buried,8.4,100
94,94,E,A,0.0343,chromophore_edge,3.03,109
94,94,E,C,0.0429,chromophore_edge,3.03,109
94,94,E,D,0.0472,chromophore_edge,3.03,109
94,94,E,E,0.0472,chromophore_edge,3.03,109
94,94,E,F,0.0815,chromophore_edge,3.03,109
94,94,E,G,0.0086,chromophore_edge,3.03,109
94,94,E,H,0.073,chromophore_edge,3.03,109
94,94,E,I,0.03,chromophore_edge,3.03,109
94,94,E,K,0.0386,chromophore_edge,3.03,109
94,94,E,L,0.03,chromophore_edge,3.03,109
94,94,E,M,0.0429,chromophore_edge,3.03,109
94,94,E,N,0.0687,chromophore_edge,3.03,109
94,94,E,P,0.0086,chromophore_edge,3.03,109
94,94,E,Q,0.0687,chromophore_edge,3.03,109
94,94,E,R,0.0386,chromophore_edge,3.03,109
94,94,E,S,0.073,chromophore_edge,3.03,109
94,94,E,T,0.073,chromophore_edge,3.03,109
94,94,E,V,0.03,chromophore_edge,3.03,109
94,94,E,W,0.0773,chromophore_edge,3.03,109
94,94,E,Y,0.0858,chromophore_edge,3.03,109
95,95,R,A,0.0789,buried,8.8,93
95,95,R,C,0.0564,buried,8.8,93
95,95,R,D,0.009,buried,8.8,93
95,95,R,E,0.009,buried,8.8,93
95,95,R,F,0.1015,buried,8.8,93
95,95,R,G,0.0338,buried,8.8,93
95,95,R,H,0.0282,buried,8.8,93
95,95,R,I,0.1127,buried,8.8,93
95,95,R,K,0.009,buried,8.8,93
95,95,R,L,0.1127,buried,8.8,93
95,95,R,M,0.0958,buried,8.8,93
95,95,R,N,0.0169,buried,8.8,93
95,95,R,P,0.0169,buried,8.8,93
95,95,R,Q,0.0169,buried,8.8,93
95,95,R,R,0.009,buried,8.8,93
95,95,R,S,0.0282,buried,8.8,93
95,95,R,T,0.0338,buried,8.8,93
95,95,R,V,0.1071,buried,8.8,93
95,95,R,W,0.0676,buried,8.8,93
95,95,R,Y,0.0564,buried,8.8,93
96,96,T,A,0.0343,chromophore_edge,2.73,99
96,96,T,C,0.0429,chromophore_edge,2.73,99
96,96,T,D,0.0472,chromophore_edge,2.73,99
96,96,T,E,0.0472,chromophore_edge,2.73,99
96,96,T,F,0.0815,chromophore_edge,2.73,99
96,96,T,G,0.0086,chromophore_edge,2.73,99
96,96,T,H,0.073,chromophore_edge,2.73,99
96,96,T,I,0.03,chromophore_edge,2.73,99
96,96,T,K,0.0386,chromophore_edge,2.73,99
96,96,T,L,0.03,chromophore_edge,2.73,99
96,96,T,M,0.0429,chromophore_edge,2.73,99
96,96,T,N,0.0687,chromophore_edge,2.73,99
96,96,T,P,0.0086,chromophore_edge,2.73,99
96,96,T,Q,0.0687,chromophore_edge,2.73,99
96,96,T,R,0.0386,chromophore_edge,2.73,99
96,96,T,S,0.073,chromophore_edge,2.73,99
96,96,T,T,0.073,chromophore_edge,2.73,99
96,96,T,V,0.03,chromophore_edge,2.73,99
96,96,T,W,0.0773,chromophore_edge,2.73,99
96,96,T,Y,0.0858,chromophore_edge,2.73,99
97,97,I,A,0.0789,buried,10.88,88
97,97,I,C,0.0564,buried,10.88,88
97,97,I,D,0.009,buried,10.88,88
97,97,I,E,0.009,buried,10.88,88
97,97,I,F,0.1015,buried,10.88,88
97,97,I,G,0.0338,buried,10.88,88
97,97,I,H,0.0282,buried,10.88,88
97,97,I,I,0.1127,buried,10.88,88
97,97,I,K,0.009,buried,10.88,88
97,97,I,L,0.1127,buried,10.88,88
97,97,I,M,0.0958,buried,10.88,88
97,97,I,N,0.0169,buried,10.88,88
97,97,I,P,0.0169,buried,10.88,88
97,97,I,Q,0.0169,buried,10.88,88
97,97,I,R,0.009,buried,10.88,88
97,97,I,S,0.0282,buried,10.88,88
97,97,I,T,0.0338,buried,10.88,88
97,97,I,V,0.1071,buried,10.88,88
97,97,I,W,0.0676,buried,10.88,88
97,97,I,Y,0.0564,buried,10.88,88
98,98,F,A,0.0789,buried,8.78,109
98,98,F,C,0.0564,buried,8.78,109
98,98,F,D,0.009,buried,8.78,109
98,98,F,E,0.009,buried,8.78,109
98,98,F,F,0.1015,buried,8.78,109
98,98,F,G,0.0338,buried,8.78,109
98,98,F,H,0.0282,buried,8.78,109
98,98,F,I,0.1127,buried,8.78,109
98,98,F,K,0.009,buried,8.78,109
98,98,F,L,0.1127,buried,8.78,109
98,98,F,M,0.0958,buried,8.78,109
98,98,F,N,0.0169,buried,8.78,109
98,98,F,P,0.0169,buried,8.78,109
98,98,F,Q,0.0169,buried,8.78,109
98,98,F,R,0.009,buried,8.78,109
98,98,F,S,0.0282,buried,8.78,109
98,98,F,T,0.0338,buried,8.78,109
98,98,F,V,0.1071,buried,8.78,109
98,98,F,W,0.0676,buried,8.78,109
98,98,F,Y,0.0564,buried,8.78,109
99,99,F,A,0.0789,buried,12.98,97
99,99,F,C,0.0564,buried,12.98,97
99,99,F,D,0.009,buried,12.98,97
99,99,F,E,0.009,buried,12.98,97
99,99,F,F,0.1015,buried,12.98,97
99,99,F,G,0.0338,buried,12.98,97
99,99,F,H,0.0282,buried,12.98,97
99,99,F,I,0.1127,buried,12.98,97
99,99,F,K,0.009,buried,12.98,97
99,99,F,L,0.1127,buried,12.98,97
99,99,F,M,0.0958,buried,12.98,97
99,99,F,N,0.0169,buried,12.98,97
99,99,F,P,0.0169,buried,12.98,97
99,99,F,Q,0.0169,buried,12.98,97
99,99,F,R,0.009,buried,12.98,97
99,99,F,S,0.0282,buried,12.98,97
99,99,F,T,0.0338,buried,12.98,97
99,99,F,V,0.1071,buried,12.98,97
99,99,F,W,0.0676,buried,12.98,97
99,99,F,Y,0.0564,buried,12.98,97
100,100,K,A,0.0789,buried,12.2,99
100,100,K,C,0.0564,buried,12.2,99
100,100,K,D,0.009,buried,12.2,99
100,100,K,E,0.009,buried,12.2,99
100,100,K,F,0.1015,buried,12.2,99
100,100,K,G,0.0338,buried,12.2,99
100,100,K,H,0.0282,buried,12.2,99
100,100,K,I,0.1127,buried,12.2,99
100,100,K,K,0.009,buried,12.2,99
100,100,K,L,0.1127,buried,12.2,99
100,100,K,M,0.0958,buried,12.2,99
100,100,K,N,0.0169,buried,12.2,99
100,100,K,P,0.0169,buried,12.2,99
100,100,K,Q,0.0169,buried,12.2,99
100,100,K,R,0.009,buried,12.2,99
100,100,K,S,0.0282,buried,12.2,99
100,100,K,T,0.0338,buried,12.2,99
100,100,K,V,0.1071,buried,12.2,99
100,100,K,W,0.0676,buried,12.2,99
100,100,K,Y,0.0564,buried,12.2,99
101,101,D,A,0.0789,buried,15.69,72
101,101,D,C,0.0564,buried,15.69,72
101,101,D,D,0.009,buried,15.69,72
101,101,D,E,0.009,buried,15.69,72
101,101,D,F,0.1015,buried,15.69,72
101,101,D,G,0.0338,buried,15.69,72
101,101,D,H,0.0282,buried,15.69,72
101,101,D,I,0.1127,buried,15.69,72
101,101,D,K,0.009,buried,15.69,72
101,101,D,L,0.1127,buried,15.69,72
101,101,D,M,0.0958,buried,15.69,72
101,101,D,N,0.0169,buried,15.69,72
101,101,D,P,0.0169,buried,15.69,72
101,101,D,Q,0.0169,buried,15.69,72
101,101,D,R,0.009,buried,15.69,72
101,101,D,S,0.0282,buried,15.69,72
101,101,D,T,0.0338,buried,15.69,72
101,101,D,V,0.1071,buried,15.69,72
101,101,D,W,0.0676,buried,15.69,72
101,101,D,Y,0.0564,buried,15.69,72
102,102,D,A,0.0513,surface,19.14,45
102,102,D,C,0.0214,surface,19.14,45
102,102,D,D,0.0812,surface,19.14,45
102,102,D,E,0.0812,surface,19.14,45
102,102,D,F,0.0256,surface,19.14,45
102,102,D,G,0.047,surface,19.14,45
102,102,D,H,0.0513,surface,19.14,45
102,102,D,I,0.0256,surface,19.14,45
102,102,D,K,0.0855,surface,19.14,45
102,102,D,L,0.0256,surface,19.14,45
102,102,D,M,0.0299,surface,19.14,45
102,102,D,N,0.0641,surface,19.14,45
102,102,D,P,0.0385,surface,19.14,45
102,102,D,Q,0.0641,surface,19.14,45
102,102,D,R,0.0812,surface,19.14,45
102,102,D,S,0.0684,surface,19.14,45
102,102,D,T,0.0684,surface,19.14,45
102,102,D,V,0.0299,surface,19.14,45
102,102,D,W,0.0171,surface,19.14,45
102,102,D,Y,0.0427,surface,19.14,45
103,103,G,A,0.0789,buried,18.88,81
103,103,G,C,0.0564,buried,18.88,81
103,103,G,D,0.009,buried,18.88,81
103,103,G,E,0.009,buried,18.88,81
103,103,G,F,0.1015,buried,18.88,81
103,103,G,G,0.0338,buried,18.88,81
103,103,G,H,0.0282,buried,18.88,81
103,103,G,I,0.1127,buried,18.88,81
103,103,G,K,0.009,buried,18.88,81
103,103,G,L,0.1127,buried,18.88,81
103,103,G,M,0.0958,buried,18.88,81
103,103,G,N,0.0169,buried,18.88,81
103,103,G,P,0.0169,buried,18.88,81
103,103,G,Q,0.0169,buried,18.88,81
103,103,G,R,0.009,buried,18.88,81
103,103,G,S,0.0282,buried,18.88,81
103,103,G,T,0.0338,buried,18.88,81
103,103,G,V,0.1071,buried,18.88,81
103,103,G,W,0.0676,buried,18.88,81
103,103,G,Y,0.0564,buried,18.88,81
104,104,N,A,0.0789,buried,16.77,99
104,104,N,C,0.0564,buried,16.77,99
104,104,N,D,0.009,buried,16.77,99
104,104,N,E,0.009,buried,16.77,99
104,104,N,F,0.1015,buried,16.77,99
104,104,N,G,0.0338,buried,16.77,99
104,104,N,H,0.0282,buried,16.77,99
104,104,N,I,0.1127,buried,16.77,99
104,104,N,K,0.009,buried,16.77,99
104,104,N,L,0.1127,buried,16.77,99
104,104,N,M,0.0958,buried,16.77,99
104,104,N,N,0.0169,buried,16.77,99
104,104,N,P,0.0169,buried,16.77,99
104,104,N,Q,0.0169,buried,16.77,99
104,104,N,R,0.009,buried,16.77,99
104,104,N,S,0.0282,buried,16.77,99
104,104,N,T,0.0338,buried,16.77,99
104,104,N,V,0.1071,buried,16.77,99
104,104,N,W,0.0676,buried,16.77,99
104,104,N,Y,0.0564,buried,16.77,99
105,105,Y,A,0.0789,buried,15.7,105
105,105,Y,C,0.0564,buried,15.7,105
105,105,Y,D,0.009,buried,15.7,105
105,105,Y,E,0.009,buried,15.7,105
105,105,Y,F,0.1015,buried,15.7,105
105,105,Y,G,0.0338,buried,15.7,105
105,105,Y,H,0.0282,buried,15.7,105
105,105,Y,I,0.1127,buried,15.7,105
105,105,Y,K,0.009,buried,15.7,105
105,105,Y,L,0.1127,buried,15.7,105
105,105,Y,M,0.0958,buried,15.7,105
105,105,Y,N,0.0169,buried,15.7,105
105,105,Y,P,0.0169,buried,15.7,105
105,105,Y,Q,0.0169,buried,15.7,105
105,105,Y,R,0.009,buried,15.7,105
105,105,Y,S,0.0282,buried,15.7,105
105,105,Y,T,0.0338,buried,15.7,105
105,105,Y,V,0.1071,buried,15.7,105
105,105,Y,W,0.0676,buried,15.7,105
105,105,Y,Y,0.0564,buried,15.7,105
106,106,K,A,0.0789,buried,11.42,103
106,106,K,C,0.0564,buried,11.42,103
106,106,K,D,0.009,buried,11.42,103
106,106,K,E,0.009,buried,11.42,103
106,106,K,F,0.1015,buried,11.42,103
106,106,K,G,0.0338,buried,11.42,103
106,106,K,H,0.0282,buried,11.42,103
106,106,K,I,0.1127,buried,11.42,103
106,106,K,K,0.009,buried,11.42,103
106,106,K,L,0.1127,buried,11.42,103
106,106,K,M,0.0958,buried,11.42,103
106,106,K,N,0.0169,buried,11.42,103
106,106,K,P,0.0169,buried,11.42,103
106,106,K,Q,0.0169,buried,11.42,103
106,106,K,R,0.009,buried,11.42,103
106,106,K,S,0.0282,buried,11.42,103
106,106,K,T,0.0338,buried,11.42,103
106,106,K,V,0.1071,buried,11.42,103
106,106,K,W,0.0676,buried,11.42,103
106,106,K,Y,0.0564,buried,11.42,103
107,107,T,A,0.0789,buried,12.5,81
107,107,T,C,0.0564,buried,12.5,81
107,107,T,D,0.009,buried,12.5,81
107,107,T,E,0.009,buried,12.5,81
107,107,T,F,0.1015,buried,12.5,81
107,107,T,G,0.0338,buried,12.5,81
107,107,T,H,0.0282,buried,12.5,81
107,107,T,I,0.1127,buried,12.5,81
107,107,T,K,0.009,buried,12.5,81
107,107,T,L,0.1127,buried,12.5,81
107,107,T,M,0.0958,buried,12.5,81
107,107,T,N,0.0169,buried,12.5,81
107,107,T,P,0.0169,buried,12.5,81
107,107,T,Q,0.0169,buried,12.5,81
107,107,T,R,0.009,buried,12.5,81
107,107,T,S,0.0282,buried,12.5,81
107,107,T,T,0.0338,buried,12.5,81
107,107,T,V,0.1071,buried,12.5,81
107,107,T,W,0.0676,buried,12.5,81
107,107,T,Y,0.0564,buried,12.5,81
108,108,R,A,0.0789,buried,8.48,92
108,108,R,C,0.0564,buried,8.48,92
108,108,R,D,0.009,buried,8.48,92
108,108,R,E,0.009,buried,8.48,92
108,108,R,F,0.1015,buried,8.48,92
108,108,R,G,0.0338,buried,8.48,92
108,108,R,H,0.0282,buried,8.48,92
108,108,R,I,0.1127,buried,8.48,92
108,108,R,K,0.009,buried,8.48,92
108,108,R,L,0.1127,buried,8.48,92
108,108,R,M,0.0958,buried,8.48,92
108,108,R,N,0.0169,buried,8.48,92
108,108,R,P,0.0169,buried,8.48,92
108,108,R,Q,0.0169,buried,8.48,92
108,108,R,R,0.009,buried,8.48,92
108,108,R,S,0.0282,buried,8.48,92
108,108,R,T,0.0338,buried,8.48,92
108,108,R,V,0.1071,buried,8.48,92
108,108,R,W,0.0676,buried,8.48,92
108,108,R,Y,0.0564,buried,8.48,92
109,109,A,A,0.0789,buried,9.3,78
109,109,A,C,0.0564,buried,9.3,78
109,109,A,D,0.009,buried,9.3,78
109,109,A,E,0.009,buried,9.3,78
109,109,A,F,0.1015,buried,9.3,78
109,109,A,G,0.0338,buried,9.3,78
109,109,A,H,0.0282,buried,9.3,78
109,109,A,I,0.1127,buried,9.3,78
109,109,A,K,0.009,buried,9.3,78
109,109,A,L,0.1127,buried,9.3,78
109,109,A,M,0.0958,buried,9.3,78
109,109,A,N,0.0169,buried,9.3,78
109,109,A,P,0.0169,buried,9.3,78
109,109,A,Q,0.0169,buried,9.3,78
109,109,A,R,0.009,buried,9.3,78
109,109,A,S,0.0282,buried,9.3,78
109,109,A,T,0.0338,buried,9.3,78
109,109,A,V,0.1071,buried,9.3,78
109,109,A,W,0.0676,buried,9.3,78
109,109,A,Y,0.0564,buried,9.3,78
110,110,E,A,0.0789,buried,6.38,98
110,110,E,C,0.0564,buried,6.38,98
110,110,E,D,0.009,buried,6.38,98
110,110,E,E,0.009,buried,6.38,98
110,110,E,F,0.1015,buried,6.38,98
110,110,E,G,0.0338,buried,6.38,98
110,110,E,H,0.0282,buried,6.38,98
110,110,E,I,0.1127,buried,6.38,98
110,110,E,K,0.009,buried,6.38,98
110,110,E,L,0.1127,buried,6.38,98
110,110,E,M,0.0958,buried,6.38,98
110,110,E,N,0.0169,buried,6.38,98
110,110,E,P,0.0169,buried,6.38,98
110,110,E,Q,0.0169,buried,6.38,98
110,110,E,R,0.009,buried,6.38,98
110,110,E,S,0.0282,buried,6.38,98
110,110,E,T,0.0338,buried,6.38,98
110,110,E,V,0.1071,buried,6.38,98
110,110,E,W,0.0676,buried,6.38,98
110,110,E,Y,0.0564,buried,6.38,98
111,111,V,A,0.0789,buried,7.15,96
111,111,V,C,0.0564,buried,7.15,96
111,111,V,D,0.009,buried,7.15,96
111,111,V,E,0.009,buried,7.15,96
111,111,V,F,0.1015,buried,7.15,96
111,111,V,G,0.0338,buried,7.15,96
111,111,V,H,0.0282,buried,7.15,96
111,111,V,I,0.1127,buried,7.15,96
111,111,V,K,0.009,buried,7.15,96
111,111,V,L,0.1127,buried,7.15,96
111,111,V,M,0.0958,buried,7.15,96
111,111,V,N,0.0169,buried,7.15,96
111,111,V,P,0.0169,buried,7.15,96
111,111,V,Q,0.0169,buried,7.15,96
111,111,V,R,0.009,buried,7.15,96
111,111,V,S,0.0282,buried,7.15,96
111,111,V,T,0.0338,buried,7.15,96
111,111,V,V,0.1071,buried,7.15,96
111,111,V,W,0.0676,buried,7.15,96
111,111,V,Y,0.0564,buried,7.15,96
112,112,K,A,0.0343,chromophore_edge,3.97,102
112,112,K,C,0.0429,chromophore_edge,3.97,102
112,112,K,D,0.0472,chromophore_edge,3.97,102
112,112,K,E,0.0472,chromophore_edge,3.97,102
112,112,K,F,0.0815,chromophore_edge,3.97,102
112,112,K,G,0.0086,chromophore_edge,3.97,102
112,112,K,H,0.073,chromophore_edge,3.97,102
112,112,K,I,0.03,chromophore_edge,3.97,102
112,112,K,K,0.0386,chromophore_edge,3.97,102
112,112,K,L,0.03,chromophore_edge,3.97,102
112,112,K,M,0.0429,chromophore_edge,3.97,102
112,112,K,N,0.0687,chromophore_edge,3.97,102
112,112,K,P,0.0086,chromophore_edge,3.97,102
112,112,K,Q,0.0687,chromophore_edge,3.97,102
112,112,K,R,0.0386,chromophore_edge,3.97,102
112,112,K,S,0.073,chromophore_edge,3.97,102
112,112,K,T,0.073,chromophore_edge,3.97,102
112,112,K,V,0.03,chromophore_edge,3.97,102
112,112,K,W,0.0773,chromophore_edge,3.97,102
112,112,K,Y,0.0858,chromophore_edge,3.97,102
113,113,F,A,0.0789,buried,8.02,96
113,113,F,C,0.0564,buried,8.02,96
113,113,F,D,0.009,buried,8.02,96
113,113,F,E,0.009,buried,8.02,96
113,113,F,F,0.1015,buried,8.02,96
113,113,F,G,0.0338,buried,8.02,96
113,113,F,H,0.0282,buried,8.02,96
113,113,F,I,0.1127,buried,8.02,96
113,113,F,K,0.009,buried,8.02,96
113,113,F,L,0.1127,buried,8.02,96
113,113,F,M,0.0958,buried,8.02,96
113,113,F,N,0.0169,buried,8.02,96
113,113,F,P,0.0169,buried,8.02,96
113,113,F,Q,0.0169,buried,8.02,96
113,113,F,R,0.009,buried,8.02,96
113,113,F,S,0.0282,buried,8.02,96
113,113,F,T,0.0338,buried,8.02,96
113,113,F,V,0.1071,buried,8.02,96
113,113,F,W,0.0676,buried,8.02,96
113,113,F,Y,0.0564,buried,8.02,96
114,114,E,A,0.0789,buried,11.05,83
114,114,E,C,0.0564,buried,11.05,83
114,114,E,D,0.009,buried,11.05,83
114,114,E,E,0.009,buried,11.05,83
114,114,E,F,0.1015,buried,11.05,83
114,114,E,G,0.0338,buried,11.05,83
114,114,E,H,0.0282,buried,11.05,83
114,114,E,I,0.1127,buried,11.05,83
114,114,E,K,0.009,buried,11.05,83
114,114,E,L,0.1127,buried,11.05,83
114,114,E,M,0.0958,buried,11.05,83
114,114,E,N,0.0169,buried,11.05,83
114,114,E,P,0.0169,buried,11.05,83
114,114,E,Q,0.0169,buried,11.05,83
114,114,E,R,0.009,buried,11.05,83
114,114,E,S,0.0282,buried,11.05,83
114,114,E,T,0.0338,buried,11.05,83
114,114,E,V,0.1071,buried,11.05,83
114,114,E,W,0.0676,buried,11.05,83
114,114,E,Y,0.0564,buried,11.05,83
115,115,G,A,0.0513,surface,13.37,60
115,115,G,C,0.0214,surface,13.37,60
115,115,G,D,0.0812,surface,13.37,60
115,115,G,E,0.0812,surface,13.37,60
115,115,G,F,0.0256,surface,13.37,60
115,115,G,G,0.047,surface,13.37,60
115,115,G,H,0.0513,surface,13.37,60
115,115,G,I,0.0256,surface,13.37,60
115,115,G,K,0.0855,surface,13.37,60
115,115,G,L,0.0256,surface,13.37,60
115,115,G,M,0.0299,surface,13.37,60
115,115,G,N,0.0641,surface,13.37,60
115,115,G,P,0.0385,surface,13.37,60
115,115,G,Q,0.0641,surface,13.37,60
115,115,G,R,0.0812,surface,13.37,60
115,115,G,S,0.0684,surface,13.37,60
115,115,G,T,0.0684,surface,13.37,60
115,115,G,V,0.0299,surface,13.37,60
115,115,G,W,0.0171,surface,13.37,60
115,115,G,Y,0.0427,surface,13.37,60
116,116,D,A,0.0513,surface,16.0,39
116,116,D,C,0.0214,surface,16.0,39
116,116,D,D,0.0812,surface,16.0,39
116,116,D,E,0.0812,surface,16.0,39
116,116,D,F,0.0256,surface,16.0,39
116,116,D,G,0.047,surface,16.0,39
116,116,D,H,0.0513,surface,16.0,39
116,116,D,I,0.0256,surface,16.0,39
116,116,D,K,0.0855,surface,16.0,39
116,116,D,L,0.0256,surface,16.0,39
116,116,D,M,0.0299,surface,16.0,39
116,116,D,N,0.0641,surface,16.0,39
116,116,D,P,0.0385,surface,16.0,39
116,116,D,Q,0.0641,surface,16.0,39
116,116,D,R,0.0812,surface,16.0,39
116,116,D,S,0.0684,surface,16.0,39
116,116,D,T,0.0684,surface,16.0,39
116,116,D,V,0.0299,surface,16.0,39
116,116,D,W,0.0171,surface,16.0,39
116,116,D,Y,0.0427,surface,16.0,39
117,117,T,A,0.0513,surface,14.7,52
117,117,T,C,0.0214,surface,14.7,52
117,117,T,D,0.0812,surface,14.7,52
117,117,T,E,0.0812,surface,14.7,52
117,117,T,F,0.0256,surface,14.7,52
117,117,T,G,0.047,surface,14.7,52
117,117,T,H,0.0513,surface,14.7,52
117,117,T,I,0.0256,surface,14.7,52
117,117,T,K,0.0855,surface,14.7,52
117,117,T,L,0.0256,surface,14.7,52
117,117,T,M,0.0299,surface,14.7,52
117,117,T,N,0.0641,surface,14.7,52
117,117,T,P,0.0385,surface,14.7,52
117,117,T,Q,0.0641,surface,14.7,52
117,117,T,R,0.0812,surface,14.7,52
117,117,T,S,0.0684,surface,14.7,52
117,117,T,T,0.0684,surface,14.7,52
117,117,T,V,0.0299,surface,14.7,52
117,117,T,W,0.0171,surface,14.7,52
117,117,T,Y,0.0427,surface,14.7,52
118,118,L,A,0.0789,buried,12.06,81
118,118,L,C,0.0564,buried,12.06,81
118,118,L,D,0.009,buried,12.06,81
118,118,L,E,0.009,buried,12.06,81
118,118,L,F,0.1015,buried,12.06,81
118,118,L,G,0.0338,buried,12.06,81
118,118,L,H,0.0282,buried,12.06,81
118,118,L,I,0.1127,buried,12.06,81
118,118,L,K,0.009,buried,12.06,81
118,118,L,L,0.1127,buried,12.06,81
118,118,L,M,0.0958,buried,12.06,81
118,118,L,N,0.0169,buried,12.06,81
118,118,L,P,0.0169,buried,12.06,81
118,118,L,Q,0.0169,buried,12.06,81
118,118,L,R,0.009,buried,12.06,81
118,118,L,S,0.0282,buried,12.06,81
118,118,L,T,0.0338,buried,12.06,81
118,118,L,V,0.1071,buried,12.06,81
118,118,L,W,0.0676,buried,12.06,81
118,118,L,Y,0.0564,buried,12.06,81
119,119,V,A,0.0789,buried,6.52,98
119,119,V,C,0.0564,buried,6.52,98
119,119,V,D,0.009,buried,6.52,98
119,119,V,E,0.009,buried,6.52,98
119,119,V,F,0.1015,buried,6.52,98
119,119,V,G,0.0338,buried,6.52,98
119,119,V,H,0.0282,buried,6.52,98
119,119,V,I,0.1127,buried,6.52,98
119,119,V,K,0.009,buried,6.52,98
119,119,V,L,0.1127,buried,6.52,98
119,119,V,M,0.0958,buried,6.52,98
119,119,V,N,0.0169,buried,6.52,98
119,119,V,P,0.0169,buried,6.52,98
119,119,V,Q,0.0169,buried,6.52,98
119,119,V,R,0.009,buried,6.52,98
119,119,V,S,0.0282,buried,6.52,98
119,119,V,T,0.0338,buried,6.52,98
119,119,V,V,0.1071,buried,6.52,98
119,119,V,W,0.0676,buried,6.52,98
119,119,V,Y,0.0564,buried,6.52,98
120,120,N,A,0.0789,buried,7.06,103
120,120,N,C,0.0564,buried,7.06,103
120,120,N,D,0.009,buried,7.06,103
120,120,N,E,0.009,buried,7.06,103
120,120,N,F,0.1015,buried,7.06,103
120,120,N,G,0.0338,buried,7.06,103
120,120,N,H,0.0282,buried,7.06,103
120,120,N,I,0.1127,buried,7.06,103
120,120,N,K,0.009,buried,7.06,103
120,120,N,L,0.1127,buried,7.06,103
120,120,N,M,0.0958,buried,7.06,103
120,120,N,N,0.0169,buried,7.06,103
120,120,N,P,0.0169,buried,7.06,103
120,120,N,Q,0.0169,buried,7.06,103
120,120,N,R,0.009,buried,7.06,103
120,120,N,S,0.0282,buried,7.06,103
120,120,N,T,0.0338,buried,7.06,103
120,120,N,V,0.1071,buried,7.06,103
120,120,N,W,0.0676,buried,7.06,103
120,120,N,Y,0.0564,buried,7.06,103
121,121,R,A,0.0343,chromophore_edge,3.83,97
121,121,R,C,0.0429,chromophore_edge,3.83,97
121,121,R,D,0.0472,chromophore_edge,3.83,97
121,121,R,E,0.0472,chromophore_edge,3.83,97
121,121,R,F,0.0815,chromophore_edge,3.83,97
121,121,R,G,0.0086,chromophore_edge,3.83,97
121,121,R,H,0.073,chromophore_edge,3.83,97
121,121,R,I,0.03,chromophore_edge,3.83,97
121,121,R,K,0.0386,chromophore_edge,3.83,97
121,121,R,L,0.03,chromophore_edge,3.83,97
121,121,R,M,0.0429,chromophore_edge,3.83,97
121,121,R,N,0.0687,chromophore_edge,3.83,97
121,121,R,P,0.0086,chromophore_edge,3.83,97
121,121,R,Q,0.0687,chromophore_edge,3.83,97
121,121,R,R,0.0386,chromophore_edge,3.83,97
121,121,R,S,0.073,chromophore_edge,3.83,97
121,121,R,T,0.073,chromophore_edge,3.83,97
121,121,R,V,0.03,chromophore_edge,3.83,97
121,121,R,W,0.0773,chromophore_edge,3.83,97
121,121,R,Y,0.0858,chromophore_edge,3.83,97
122,122,I,A,0.0789,buried,7.52,79
122,122,I,C,0.0564,buried,7.52,79
122,122,I,D,0.009,buried,7.52,79
122,122,I,E,0.009,buried,7.52,79
122,122,I,F,0.1015,buried,7.52,79
122,122,I,G,0.0338,buried,7.52,79
122,122,I,H,0.0282,buried,7.52,79
122,122,I,I,0.1127,buried,7.52,79
122,122,I,K,0.009,buried,7.52,79
122,122,I,L,0.1127,buried,7.52,79
122,122,I,M,0.0958,buried,7.52,79
122,122,I,N,0.0169,buried,7.52,79
122,122,I,P,0.0169,buried,7.52,79
122,122,I,Q,0.0169,buried,7.52,79
122,122,I,R,0.009,buried,7.52,79
122,122,I,S,0.0282,buried,7.52,79
122,122,I,T,0.0338,buried,7.52,79
122,122,I,V,0.1071,buried,7.52,79
122,122,I,W,0.0676,buried,7.52,79
122,122,I,Y,0.0564,buried,7.52,79
123,123,E,A,0.0789,buried,6.56,89
123,123,E,C,0.0564,buried,6.56,89
123,123,E,D,0.009,buried,6.56,89
123,123,E,E,0.009,buried,6.56,89
123,123,E,F,0.1015,buried,6.56,89
123,123,E,G,0.0338,buried,6.56,89
123,123,E,H,0.0282,buried,6.56,89
123,123,E,I,0.1127,buried,6.56,89
123,123,E,K,0.009,buried,6.56,89
123,123,E,L,0.1127,buried,6.56,89
123,123,E,M,0.0958,buried,6.56,89
123,123,E,N,0.0169,buried,6.56,89
123,123,E,P,0.0169,buried,6.56,89
123,123,E,Q,0.0169,buried,6.56,89
123,123,E,R,0.009,buried,6.56,89
123,123,E,S,0.0282,buried,6.56,89
123,123,E,T,0.0338,buried,6.56,89
123,123,E,V,0.1071,buried,6.56,89
123,123,E,W,0.0676,buried,6.56,89
123,123,E,Y,0.0564,buried,6.56,89
124,124,L,A,0.0789,buried,10.9,73
124,124,L,C,0.0564,buried,10.9,73
124,124,L,D,0.009,buried,10.9,73
124,124,L,E,0.009,buried,10.9,73
124,124,L,F,0.1015,buried,10.9,73
124,124,L,G,0.0338,buried,10.9,73
124,124,L,H,0.0282,buried,10.9,73
124,124,L,I,0.1127,buried,10.9,73
124,124,L,K,0.009,buried,10.9,73
124,124,L,L,0.1127,buried,10.9,73
124,124,L,M,0.0958,buried,10.9,73
124,124,L,N,0.0169,buried,10.9,73
124,124,L,P,0.0169,buried,10.9,73
124,124,L,Q,0.0169,buried,10.9,73
124,124,L,R,0.009,buried,10.9,73
124,124,L,S,0.0282,buried,10.9,73
124,124,L,T,0.0338,buried,10.9,73
124,124,L,V,0.1071,buried,10.9,73
124,124,L,W,0.0676,buried,10.9,73
124,124,L,Y,0.0564,buried,10.9,73
125,125,K,A,0.0789,buried,10.41,91
125,125,K,C,0.0564,buried,10.41,91
125,125,K,D,0.009,buried,10.41,91
125,125,K,E,0.009,buried,10.41,91
125,125,K,F,0.1015,buried,10.41,91
125,125,K,G,0.0338,buried,10.41,91
125,125,K,H,0.0282,buried,10.41,91
125,125,K,I,0.1127,buried,10.41,91
125,125,K,K,0.009,buried,10.41,91
125,125,K,L,0.1127,buried,10.41,91
125,125,K,M,0.0958,buried,10.41,91
125,125,K,N,0.0169,buried,10.41,91
125,125,K,P,0.0169,buried,10.41,91
125,125,K,Q,0.0169,buried,10.41,91
125,125,K,R,0.009,buried,10.41,91
125,125,K,S,0.0282,buried,10.41,91
125,125,K,T,0.0338,buried,10.41,91
125,125,K,V,0.1071,buried,10.41,91
125,125,K,W,0.0676,buried,10.41,91
125,125,K,Y,0.0564,buried,10.41,91
126,126,G,A,0.0789,buried,14.39,81
126,126,G,C,0.0564,buried,14.39,81
126,126,G,D,0.009,buried,14.39,81
126,126,G,E,0.009,buried,14.39,81
126,126,G,F,0.1015,buried,14.39,81
126,126,G,G,0.0338,buried,14.39,81
126,126,G,H,0.0282,buried,14.39,81
126,126,G,I,0.1127,buried,14.39,81
126,126,G,K,0.009,buried,14.39,81
126,126,G,L,0.1127,buried,14.39,81
126,126,G,M,0.0958,buried,14.39,81
126,126,G,N,0.0169,buried,14.39,81
126,126,G,P,0.0169,buried,14.39,81
126,126,G,Q,0.0169,buried,14.39,81
126,126,G,R,0.009,buried,14.39,81
126,126,G,S,0.0282,buried,14.39,81
126,126,G,T,0.0338,buried,14.39,81
126,126,G,V,0.1071,buried,14.39,81
126,126,G,W,0.0676,buried,14.39,81
126,126,G,Y,0.0564,buried,14.39,81
127,127,I,A,0.0789,buried,16.33,105
127,127,I,C,0.0564,buried,16.33,105
127,127,I,D,0.009,buried,16.33,105
127,127,I,E,0.009,buried,16.33,105
127,127,I,F,0.1015,buried,16.33,105
127,127,I,G,0.0338,buried,16.33,105
127,127,I,H,0.0282,buried,16.33,105
127,127,I,I,0.1127,buried,16.33,105
127,127,I,K,0.009,buried,16.33,105
127,127,I,L,0.1127,buried,16.33,105
127,127,I,M,0.0958,buried,16.33,105
127,127,I,N,0.0169,buried,16.33,105
127,127,I,P,0.0169,buried,16.33,105
127,127,I,Q,0.0169,buried,16.33,105
127,127,I,R,0.009,buried,16.33,105
127,127,I,S,0.0282,buried,16.33,105
127,127,I,T,0.0338,buried,16.33,105
127,127,I,V,0.1071,buried,16.33,105
127,127,I,W,0.0676,buried,16.33,105
127,127,I,Y,0.0564,buried,16.33,105
128,128,D,A,0.0789,buried,18.75,81
128,128,D,C,0.0564,buried,18.75,81
128,128,D,D,0.009,buried,18.75,81
128,128,D,E,0.009,buried,18.75,81
128,128,D,F,0.1015,buried,18.75,81
128,128,D,G,0.0338,buried,18.75,81
128,128,D,H,0.0282,buried,18.75,81
128,128,D,I,0.1127,buried,18.75,81
128,128,D,K,0.009,buried,18.75,81
128,128,D,L,0.1127,buried,18.75,81
128,128,D,M,0.0958,buried,18.75,81
128,128,D,N,0.0169,buried,18.75,81
128,128,D,P,0.0169,buried,18.75,81
128,128,D,Q,0.0169,buried,18.75,81
128,128,D,R,0.009,buried,18.75,81
128,128,D,S,0.0282,buried,18.75,81
128,128,D,T,0.0338,buried,18.75,81
128,128,D,V,0.1071,buried,18.75,81
128,128,D,W,0.0676,buried,18.75,81
128,128,D,Y,0.0564,buried,18.75,81
129,129,F,A,0.0513,surface,21.93,62
129,129,F,C,0.0214,surface,21.93,62
129,129,F,D,0.0812,surface,21.93,62
129,129,F,E,0.0812,surface,21.93,62
129,129,F,F,0.0256,surface,21.93,62
129,129,F,G,0.047,surface,21.93,62
129,129,F,H,0.0513,surface,21.93,62
129,129,F,I,0.0256,surface,21.93,62
129,129,F,K,0.0855,surface,21.93,62
129,129,F,L,0.0256,surface,21.93,62
129,129,F,M,0.0299,surface,21.93,62
129,129,F,N,0.0641,surface,21.93,62
129,129,F,P,0.0385,surface,21.93,62
129,129,F,Q,0.0641,surface,21.93,62
129,129,F,R,0.0812,surface,21.93,62
129,129,F,S,0.0684,surface,21.93,62
129,129,F,T,0.0684,surface,21.93,62
129,129,F,V,0.0299,surface,21.93,62
129,129,F,W,0.0171,surface,21.93,62
129,129,F,Y,0.0427,surface,21.93,62
130,130,K,A,0.0789,buried,16.53,92
130,130,K,C,0.0564,buried,16.53,92
130,130,K,D,0.009,buried,16.53,92
130,130,K,E,0.009,buried,16.53,92
130,130,K,F,0.1015,buried,16.53,92
130,130,K,G,0.0338,buried,16.53,92
130,130,K,H,0.0282,buried,16.53,92
130,130,K,I,0.1127,buried,16.53,92
130,130,K,K,0.009,buried,16.53,92
130,130,K,L,0.1127,buried,16.53,92
130,130,K,M,0.0958,buried,16.53,92
130,130,K,N,0.0169,buried,16.53,92
130,130,K,P,0.0169,buried,16.53,92
130,130,K,Q,0.0169,buried,16.53,92
130,130,K,R,0.009,buried,16.53,92
130,130,K,S,0.0282,buried,16.53,92
130,130,K,T,0.0338,buried,16.53,92
130,130,K,V,0.1071,buried,16.53,92
130,130,K,W,0.0676,buried,16.53,92
130,130,K,Y,0.0564,buried,16.53,92
131,131,E,A,0.0513,surface,22.88,67
131,131,E,C,0.0214,surface,22.88,67
131,131,E,D,0.0812,surface,22.88,67
131,131,E,E,0.0812,surface,22.88,67
131,131,E,F,0.0256,surface,22.88,67
131,131,E,G,0.047,surface,22.88,67
131,131,E,H,0.0513,surface,22.88,67
131,131,E,I,0.0256,surface,22.88,67
131,131,E,K,0.0855,surface,22.88,67
131,131,E,L,0.0256,surface,22.88,67
131,131,E,M,0.0299,surface,22.88,67
131,131,E,N,0.0641,surface,22.88,67
131,131,E,P,0.0385,surface,22.88,67
131,131,E,Q,0.0641,surface,22.88,67
131,131,E,R,0.0812,surface,22.88,67
131,131,E,S,0.0684,surface,22.88,67
131,131,E,T,0.0684,surface,22.88,67
131,131,E,V,0.0299,surface,22.88,67
131,131,E,W,0.0171,surface,22.88,67
131,131,E,Y,0.0427,surface,22.88,67
132,132,D,A,0.0513,surface,24.93,51
132,132,D,C,0.0214,surface,24.93,51
132,132,D,D,0.0812,surface,24.93,51
132,132,D,E,0.0812,surface,24.93,51
132,132,D,F,0.0256,surface,24.93,51
132,132,D,G,0.047,surface,24.93,51
132,132,D,H,0.0513,surface,24.93,51
132,132,D,I,0.0256,surface,24.93,51
132,132,D,K,0.0855,surface,24.93,51
132,132,D,L,0.0256,surface,24.93,51
132,132,D,M,0.0299,surface,24.93,51
132,132,D,N,0.0641,surface,24.93,51
132,132,D,P,0.0385,surface,24.93,51
132,132,D,Q,0.0641,surface,24.93,51
132,132,D,R,0.0812,surface,24.93,51
132,132,D,S,0.0684,surface,24.93,51
132,132,D,T,0.0684,surface,24.93,51
132,132,D,V,0.0299,surface,24.93,51
132,132,D,W,0.0171,surface,24.93,51
132,132,D,Y,0.0427,surface,24.93,51
133,133,G,A,0.0513,surface,24.18,51
133,133,G,C,0.0214,surface,24.18,51
133,133,G,D,0.0812,surface,24.18,51
133,133,G,E,0.0812,surface,24.18,51
133,133,G,F,0.0256,surface,24.18,51
133,133,G,G,0.047,surface,24.18,51
133,133,G,H,0.0513,surface,24.18,51
133,133,G,I,0.0256,surface,24.18,51
133,133,G,K,0.0855,surface,24.18,51
133,133,G,L,0.0256,surface,24.18,51
133,133,G,M,0.0299,surface,24.18,51
133,133,G,N,0.0641,surface,24.18,51
133,133,G,P,0.0385,surface,24.18,51
133,133,G,Q,0.0641,surface,24.18,51
133,133,G,R,0.0812,surface,24.18,51
133,133,G,S,0.0684,surface,24.18,51
133,133,G,T,0.0684,surface,24.18,51
133,133,G,V,0.0299,surface,24.18,51
133,133,G,W,0.0171,surface,24.18,51
133,133,G,Y,0.0427,surface,24.18,51
134,134,N,A,0.0789,buried,21.03,78
134,134,N,C,0.0564,buried,21.03,78
134,134,N,D,0.009,buried,21.03,78
134,134,N,E,0.009,buried,21.03,78
134,134,N,F,0.1015,buried,21.03,78
134,134,N,G,0.0338,buried,21.03,78
134,134,N,H,0.0282,buried,21.03,78
134,134,N,I,0.1127,buried,21.03,78
134,134,N,K,0.009,buried,21.03,78
134,134,N,L,0.1127,buried,21.03,78
134,134,N,M,0.0958,buried,21.03,78
134,134,N,N,0.0169,buried,21.03,78
134,134,N,P,0.0169,buried,21.03,78
134,134,N,Q,0.0169,buried,21.03,78
134,134,N,R,0.009,buried,21.03,78
134,134,N,S,0.0282,buried,21.03,78
134,134,N,T,0.0338,buried,21.03,78
134,134,N,V,0.1071,buried,21.03,78
134,134,N,W,0.0676,buried,21.03,78
134,134,N,Y,0.0564,buried,21.03,78
135,135,I,A,0.0789,buried,17.89,83
135,135,I,C,0.0564,buried,17.89,83
135,135,I,D,0.009,buried,17.89,83
135,135,I,E,0.009,buried,17.89,83
135,135,I,F,0.1015,buried,17.89,83
135,135,I,G,0.0338,buried,17.89,83
135,135,I,H,0.0282,buried,17.89,83
135,135,I,I,0.1127,buried,17.89,83
135,135,I,K,0.009,buried,17.89,83
135,135,I,L,0.1127,buried,17.89,83
135,135,I,M,0.0958,buried,17.89,83
135,135,I,N,0.0169,buried,17.89,83
135,135,I,P,0.0169,buried,17.89,83
135,135,I,Q,0.0169,buried,17.89,83
135,135,I,R,0.009,buried,17.89,83
135,135,I,S,0.0282,buried,17.89,83
135,135,I,T,0.0338,buried,17.89,83
135,135,I,V,0.1071,buried,17.89,83
135,135,I,W,0.0676,buried,17.89,83
135,135,I,Y,0.0564,buried,17.89,83
136,136,L,A,0.0789,buried,15.96,115
136,136,L,C,0.0564,buried,15.96,115
136,136,L,D,0.009,buried,15.96,115
136,136,L,E,0.009,buried,15.96,115
136,136,L,F,0.1015,buried,15.96,115
136,136,L,G,0.0338,buried,15.96,115
136,136,L,H,0.0282,buried,15.96,115
136,136,L,I,0.1127,buried,15.96,115
136,136,L,K,0.009,buried,15.96,115
136,136,L,L,0.1127,buried,15.96,115
136,136,L,M,0.0958,buried,15.96,115
136,136,L,N,0.0169,buried,15.96,115
136,136,L,P,0.0169,buried,15.96,115
136,136,L,Q,0.0169,buried,15.96,115
136,136,L,R,0.009,buried,15.96,115
136,136,L,S,0.0282,buried,15.96,115
136,136,L,T,0.0338,buried,15.96,115
136,136,L,V,0.1071,buried,15.96,115
136,136,L,W,0.0676,buried,15.96,115
136,136,L,Y,0.0564,buried,15.96,115
137,137,G,A,0.0789,buried,19.69,87
137,137,G,C,0.0564,buried,19.69,87
137,137,G,D,0.009,buried,19.69,87
137,137,G,E,0.009,buried,19.69,87
137,137,G,F,0.1015,buried,19.69,87
137,137,G,G,0.0338,buried,19.69,87
137,137,G,H,0.0282,buried,19.69,87
137,137,G,I,0.1127,buried,19.69,87
137,137,G,K,0.009,buried,19.69,87
137,137,G,L,0.1127,buried,19.69,87
137,137,G,M,0.0958,buried,19.69,87
137,137,G,N,0.0169,buried,19.69,87
137,137,G,P,0.0169,buried,19.69,87
137,137,G,Q,0.0169,buried,19.69,87
137,137,G,R,0.009,buried,19.69,87
137,137,G,S,0.0282,buried,19.69,87
137,137,G,T,0.0338,buried,19.69,87
137,137,G,V,0.1071,buried,19.69,87
137,137,G,W,0.0676,buried,19.69,87
137,137,G,Y,0.0564,buried,19.69,87
138,138,H,A,0.0513,surface,21.64,67
138,138,H,C,0.0214,surface,21.64,67
138,138,H,D,0.0812,surface,21.64,67
138,138,H,E,0.0812,surface,21.64,67
138,138,H,F,0.0256,surface,21.64,67
138,138,H,G,0.047,surface,21.64,67
138,138,H,H,0.0513,surface,21.64,67
138,138,H,I,0.0256,surface,21.64,67
138,138,H,K,0.0855,surface,21.64,67
138,138,H,L,0.0256,surface,21.64,67
138,138,H,M,0.0299,surface,21.64,67
138,138,H,N,0.0641,surface,21.64,67
138,138,H,P,0.0385,surface,21.64,67
138,138,H,Q,0.0641,surface,21.64,67
138,138,H,R,0.0812,surface,21.64,67
138,138,H,S,0.0684,surface,21.64,67
138,138,H,T,0.0684,surface,21.64,67
138,138,H,V,0.0299,surface,21.64,67
138,138,H,W,0.0171,surface,21.64,67
138,138,H,Y,0.0427,surface,21.64,67
139,139,K,A,0.0789,buried,18.09,72
139,139,K,C,0.0564,buried,18.09,72
139,139,K,D,0.009,buried,18.09,72
139,139,K,E,0.009,buried,18.09,72
139,139,K,F,0.1015,buried,18.09,72
139,139,K,G,0.0338,buried,18.09,72
139,139,K,H,0.0282,buried,18.09,72
139,139,K,I,0.1127,buried,18.09,72
139,139,K,K,0.009,buried,18.09,72
139,139,K,L,0.1127,buried,18.09,72
139,139,K,M,0.0958,buried,18.09,72
139,139,K,N,0.0169,buried,18.09,72
139,139,K,P,0.0169,buried,18.09,72
139,139,K,Q,0.0169,buried,18.09,72
139,139,K,R,0.009,buried,18.09,72
139,139,K,S,0.0282,buried,18.09,72
139,139,K,T,0.0338,buried,18.09,72
139,139,K,V,0.1071,buried,18.09,72
139,139,K,W,0.0676,buried,18.09,72
139,139,K,Y,0.0564,buried,18.09,72
140,140,L,A,0.0789,buried,17.76,76
140,140,L,C,0.0564,buried,17.76,76
140,140,L,D,0.009,buried,17.76,76
140,140,L,E,0.009,buried,17.76,76
140,140,L,F,0.1015,buried,17.76,76
140,140,L,G,0.0338,buried,17.76,76
140,140,L,H,0.0282,buried,17.76,76
140,140,L,I,0.1127,buried,17.76,76
140,140,L,K,0.009,buried,17.76,76
140,140,L,L,0.1127,buried,17.76,76
140,140,L,M,0.0958,buried,17.76,76
140,140,L,N,0.0169,buried,17.76,76
140,140,L,P,0.0169,buried,17.76,76
140,140,L,Q,0.0169,buried,17.76,76
140,140,L,R,0.009,buried,17.76,76
140,140,L,S,0.0282,buried,17.76,76
140,140,L,T,0.0338,buried,17.76,76
140,140,L,V,0.1071,buried,17.76,76
140,140,L,W,0.0676,buried,17.76,76
140,140,L,Y,0.0564,buried,17.76,76
141,141,E,A,0.0789,buried,13.25,103
141,141,E,C,0.0564,buried,13.25,103
141,141,E,D,0.009,buried,13.25,103
141,141,E,E,0.009,buried,13.25,103
141,141,E,F,0.1015,buried,13.25,103
141,141,E,G,0.0338,buried,13.25,103
141,141,E,H,0.0282,buried,13.25,103
141,141,E,I,0.1127,buried,13.25,103
141,141,E,K,0.009,buried,13.25,103
141,141,E,L,0.1127,buried,13.25,103
141,141,E,M,0.0958,buried,13.25,103
141,141,E,N,0.0169,buried,13.25,103
141,141,E,P,0.0169,buried,13.25,103
141,141,E,Q,0.0169,buried,13.25,103
141,141,E,R,0.009,buried,13.25,103
141,141,E,S,0.0282,buried,13.25,103
141,141,E,T,0.0338,buried,13.25,103
141,141,E,V,0.1071,buried,13.25,103
141,141,E,W,0.0676,buried,13.25,103
141,141,E,Y,0.0564,buried,13.25,103
142,142,Y,A,0.0789,buried,12.99,74
142,142,Y,C,0.0564,buried,12.99,74
142,142,Y,D,0.009,buried,12.99,74
142,142,Y,E,0.009,buried,12.99,74
142,142,Y,F,0.1015,buried,12.99,74
142,142,Y,G,0.0338,buried,12.99,74
142,142,Y,H,0.0282,buried,12.99,74
142,142,Y,I,0.1127,buried,12.99,74
142,142,Y,K,0.009,buried,12.99,74
142,142,Y,L,0.1127,buried,12.99,74
142,142,Y,M,0.0958,buried,12.99,74
142,142,Y,N,0.0169,buried,12.99,74
142,142,Y,P,0.0169,buried,12.99,74
142,142,Y,Q,0.0169,buried,12.99,74
142,142,Y,R,0.009,buried,12.99,74
142,142,Y,S,0.0282,buried,12.99,74
142,142,Y,T,0.0338,buried,12.99,74
142,142,Y,V,0.1071,buried,12.99,74
142,142,Y,W,0.0676,buried,12.99,74
142,142,Y,Y,0.0564,buried,12.99,74
143,143,N,A,0.0513,surface,12.24,64
143,143,N,C,0.0214,surface,12.24,64
143,143,N,D,0.0812,surface,12.24,64
143,143,N,E,0.0812,surface,12.24,64
143,143,N,F,0.0256,surface,12.24,64
143,143,N,G,0.047,surface,12.24,64
143,143,N,H,0.0513,surface,12.24,64
143,143,N,I,0.0256,surface,12.24,64
143,143,N,K,0.0855,surface,12.24,64
143,143,N,L,0.0256,surface,12.24,64
143,143,N,M,0.0299,surface,12.24,64
143,143,N,N,0.0641,surface,12.24,64
143,143,N,P,0.0385,surface,12.24,64
143,143,N,Q,0.0641,surface,12.24,64
143,143,N,R,0.0812,surface,12.24,64
143,143,N,S,0.0684,surface,12.24,64
143,143,N,T,0.0684,surface,12.24,64
143,143,N,V,0.0299,surface,12.24,64
143,143,N,W,0.0171,surface,12.24,64
143,143,N,Y,0.0427,surface,12.24,64
144,144,Y,A,0.0789,buried,9.41,76
144,144,Y,C,0.0564,buried,9.41,76
144,144,Y,D,0.009,buried,9.41,76
144,144,Y,E,0.009,buried,9.41,76
144,144,Y,F,0.1015,buried,9.41,76
144,144,Y,G,0.0338,buried,9.41,76
144,144,Y,H,0.0282,buried,9.41,76
144,144,Y,I,0.1127,buried,9.41,76
144,144,Y,K,0.009,buried,9.41,76
144,144,Y,L,0.1127,buried,9.41,76
144,144,Y,M,0.0958,buried,9.41,76
144,144,Y,N,0.0169,buried,9.41,76
144,144,Y,P,0.0169,buried,9.41,76
144,144,Y,Q,0.0169,buried,9.41,76
144,144,Y,R,0.009,buried,9.41,76
144,144,Y,S,0.0282,buried,9.41,76
144,144,Y,T,0.0338,buried,9.41,76
144,144,Y,V,0.1071,buried,9.41,76
144,144,Y,W,0.0676,buried,9.41,76
144,144,Y,Y,0.0564,buried,9.41,76
145,145,N,A,0.0343,chromophore_edge,3.6,87
145,145,N,C,0.0429,chromophore_edge,3.6,87
145,145,N,D,0.0472,chromophore_edge,3.6,87
145,145,N,E,0.0472,chromophore_edge,3.6,87
145,145,N,F,0.0815,chromophore_edge,3.6,87
145,145,N,G,0.0086,chromophore_edge,3.6,87
145,145,N,H,0.073,chromophore_edge,3.6,87
145,145,N,I,0.03,chromophore_edge,3.6,87
145,145,N,K,0.0386,chromophore_edge,3.6,87
145,145,N,L,0.03,chromophore_edge,3.6,87
145,145,N,M,0.0429,chromophore_edge,3.6,87
145,145,N,N,0.0687,chromophore_edge,3.6,87
145,145,N,P,0.0086,chromophore_edge,3.6,87
145,145,N,Q,0.0687,chromophore_edge,3.6,87
145,145,N,R,0.0386,chromophore_edge,3.6,87
145,145,N,S,0.073,chromophore_edge,3.6,87
145,145,N,T,0.073,chromophore_edge,3.6,87
145,145,N,V,0.03,chromophore_edge,3.6,87
145,145,N,W,0.0773,chromophore_edge,3.6,87
145,145,N,Y,0.0858,chromophore_edge,3.6,87
146,146,S,A,0.0343,chromophore_edge,4.19,79
146,146,S,C,0.0429,chromophore_edge,4.19,79
146,146,S,D,0.0472,chromophore_edge,4.19,79
146,146,S,E,0.0472,chromophore_edge,4.19,79
146,146,S,F,0.0815,chromophore_edge,4.19,79
146,146,S,G,0.0086,chromophore_edge,4.19,79
146,146,S,H,0.073,chromophore_edge,4.19,79
146,146,S,I,0.03,chromophore_edge,4.19,79
146,146,S,K,0.0386,chromophore_edge,4.19,79
146,146,S,L,0.03,chromophore_edge,4.19,79
146,146,S,M,0.0429,chromophore_edge,4.19,79
146,146,S,N,0.0687,chromophore_edge,4.19,79
146,146,S,P,0.0086,chromophore_edge,4.19,79
146,146,S,Q,0.0687,chromophore_edge,4.19,79
146,146,S,R,0.0386,chromophore_edge,4.19,79
146,146,S,S,0.073,chromophore_edge,4.19,79
146,146,S,T,0.073,chromophore_edge,4.19,79
146,146,S,V,0.03,chromophore_edge,4.19,79
146,146,S,W,0.0773,chromophore_edge,4.19,79
146,146,S,Y,0.0858,chromophore_edge,4.19,79
147,147,H,A,0.0789,buried,5.03,76
147,147,H,C,0.0564,buried,5.03,76
147,147,H,D,0.009,buried,5.03,76
147,147,H,E,0.009,buried,5.03,76
147,147,H,F,0.1015,buried,5.03,76
147,147,H,G,0.0338,buried,5.03,76
147,147,H,H,0.0282,buried,5.03,76
147,147,H,I,0.1127,buried,5.03,76
147,147,H,K,0.009,buried,5.03,76
147,147,H,L,0.1127,buried,5.03,76
147,147,H,M,0.0958,buried,5.03,76
147,147,H,N,0.0169,buried,5.03,76
147,147,H,P,0.0169,buried,5.03,76
147,147,H,Q,0.0169,buried,5.03,76
147,147,H,R,0.009,buried,5.03,76
147,147,H,S,0.0282,buried,5.03,76
147,147,H,T,0.0338,buried,5.03,76
147,147,H,V,0.1071,buried,5.03,76
147,147,H,W,0.0676,buried,5.03,76
147,147,H,Y,0.0564,buried,5.03,76
148,148,N,A,0.0343,chromophore_edge,2.85,86
148,148,N,C,0.0429,chromophore_edge,2.85,86
148,148,N,D,0.0472,chromophore_edge,2.85,86
148,148,N,E,0.0472,chromophore_edge,2.85,86
148,148,N,F,0.0815,chromophore_edge,2.85,86
148,148,N,G,0.0086,chromophore_edge,2.85,86
148,148,N,H,0.073,chromophore_edge,2.85,86
148,148,N,I,0.03,chromophore_edge,2.85,86
148,148,N,K,0.0386,chromophore_edge,2.85,86
148,148,N,L,0.03,chromophore_edge,2.85,86
148,148,N,M,0.0429,chromophore_edge,2.85,86
148,148,N,N,0.0687,chromophore_edge,2.85,86
148,148,N,P,0.0086,chromophore_edge,2.85,86
148,148,N,Q,0.0687,chromophore_edge,2.85,86
148,148,N,R,0.0386,chromophore_edge,2.85,86
148,148,N,S,0.073,chromophore_edge,2.85,86
148,148,N,T,0.073,chromophore_edge,2.85,86
148,148,N,V,0.03,chromophore_edge,2.85,86
148,148,N,W,0.0773,chromophore_edge,2.85,86
148,148,N,Y,0.0858,chromophore_edge,2.85,86
149,149,V,A,0.0789,buried,6.28,90
149,149,V,C,0.0564,buried,6.28,90
149,149,V,D,0.009,buried,6.28,90
149,149,V,E,0.009,buried,6.28,90
149,149,V,F,0.1015,buried,6.28,90
149,149,V,G,0.0338,buried,6.28,90
149,149,V,H,0.0282,buried,6.28,90
149,149,V,I,0.1127,buried,6.28,90
149,149,V,K,0.009,buried,6.28,90
149,149,V,L,0.1127,buried,6.28,90
149,149,V,M,0.0958,buried,6.28,90
149,149,V,N,0.0169,buried,6.28,90
149,149,V,P,0.0169,buried,6.28,90
149,149,V,Q,0.0169,buried,6.28,90
149,149,V,R,0.009,buried,6.28,90
149,149,V,S,0.0282,buried,6.28,90
149,149,V,T,0.0338,buried,6.28,90
149,149,V,V,0.1071,buried,6.28,90
149,149,V,W,0.0676,buried,6.28,90
149,149,V,Y,0.0564,buried,6.28,90
150,150,Y,A,0.0343,chromophore_edge,3.79,106
150,150,Y,C,0.0429,chromophore_edge,3.79,106
150,150,Y,D,0.0472,chromophore_edge,3.79,106
150,150,Y,E,0.0472,chromophore_edge,3.79,106
150,150,Y,F,0.0815,chromophore_edge,3.79,106
150,150,Y,G,0.0086,chromophore_edge,3.79,106
150,150,Y,H,0.073,chromophore_edge,3.79,106
150,150,Y,I,0.03,chromophore_edge,3.79,106
150,150,Y,K,0.0386,chromophore_edge,3.79,106
150,150,Y,L,0.03,chromophore_edge,3.79,106
150,150,Y,M,0.0429,chromophore_edge,3.79,106
150,150,Y,N,0.0687,chromophore_edge,3.79,106
150,150,Y,P,0.0086,chromophore_edge,3.79,106
150,150,Y,Q,0.0687,chromophore_edge,3.79,106
150,150,Y,R,0.0386,chromophore_edge,3.79,106
150,150,Y,S,0.073,chromophore_edge,3.79,106
150,150,Y,T,0.073,chromophore_edge,3.79,106
150,150,Y,V,0.03,chromophore_edge,3.79,106
150,150,Y,W,0.0773,chromophore_edge,3.79,106
150,150,Y,Y,0.0858,chromophore_edge,3.79,106
151,151,I,A,0.0789,buried,8.32,89
151,151,I,C,0.0564,buried,8.32,89
151,151,I,D,0.009,buried,8.32,89
151,151,I,E,0.009,buried,8.32,89
151,151,I,F,0.1015,buried,8.32,89
151,151,I,G,0.0338,buried,8.32,89
151,151,I,H,0.0282,buried,8.32,89
151,151,I,I,0.1127,buried,8.32,89
151,151,I,K,0.009,buried,8.32,89
151,151,I,L,0.1127,buried,8.32,89
151,151,I,M,0.0958,buried,8.32,89
151,151,I,N,0.0169,buried,8.32,89
151,151,I,P,0.0169,buried,8.32,89
151,151,I,Q,0.0169,buried,8.32,89
151,151,I,R,0.009,buried,8.32,89
151,151,I,S,0.0282,buried,8.32,89
151,151,I,T,0.0338,buried,8.32,89
151,151,I,V,0.1071,buried,8.32,89
151,151,I,W,0.0676,buried,8.32,89
151,151,I,Y,0.0564,buried,8.32,89
152,152,M,A,0.0789,buried,9.32,95
152,152,M,C,0.0564,buried,9.32,95
152,152,M,D,0.009,buried,9.32,95
152,152,M,E,0.009,buried,9.32,95
152,152,M,F,0.1015,buried,9.32,95
152,152,M,G,0.0338,buried,9.32,95
152,152,M,H,0.0282,buried,9.32,95
152,152,M,I,0.1127,buried,9.32,95
152,152,M,K,0.009,buried,9.32,95
152,152,M,L,0.1127,buried,9.32,95
152,152,M,M,0.0958,buried,9.32,95
152,152,M,N,0.0169,buried,9.32,95
152,152,M,P,0.0169,buried,9.32,95
152,152,M,Q,0.0169,buried,9.32,95
152,152,M,R,0.009,buried,9.32,95
152,152,M,S,0.0282,buried,9.32,95
152,152,M,T,0.0338,buried,9.32,95
152,152,M,V,0.1071,buried,9.32,95
152,152,M,W,0.0676,buried,9.32,95
152,152,M,Y,0.0564,buried,9.32,95
154,154,D,A,0.0789,buried,15.6,77
154,154,D,C,0.0564,buried,15.6,77
154,154,D,D,0.009,buried,15.6,77
154,154,D,E,0.009,buried,15.6,77
154,154,D,F,0.1015,buried,15.6,77
154,154,D,G,0.0338,buried,15.6,77
154,154,D,H,0.0282,buried,15.6,77
154,154,D,I,0.1127,buried,15.6,77
154,154,D,K,0.009,buried,15.6,77
154,154,D,L,0.1127,buried,15.6,77
154,154,D,M,0.0958,buried,15.6,77
154,154,D,N,0.0169,buried,15.6,77
154,154,D,P,0.0169,buried,15.6,77
154,154,D,Q,0.0169,buried,15.6,77
154,154,D,R,0.009,buried,15.6,77
154,154,D,S,0.0282,buried,15.6,77
154,154,D,T,0.0338,buried,15.6,77
154,154,D,V,0.1071,buried,15.6,77
154,154,D,W,0.0676,buried,15.6,77
154,154,D,Y,0.0564,buried,15.6,77
155,155,K,A,0.0513,surface,16.06,59
155,155,K,C,0.0214,surface,16.06,59
155,155,K,D,0.0812,surface,16.06,59
155,155,K,E,0.0812,surface,16.06,59
155,155,K,F,0.0256,surface,16.06,59
155,155,K,G,0.047,surface,16.06,59
155,155,K,H,0.0513,surface,16.06,59
155,155,K,I,0.0256,surface,16.06,59
155,155,K,K,0.0855,surface,16.06,59
155,155,K,L,0.0256,surface,16.06,59
155,155,K,M,0.0299,surface,16.06,59
155,155,K,N,0.0641,surface,16.06,59
155,155,K,P,0.0385,surface,16.06,59
155,155,K,Q,0.0641,surface,16.06,59
155,155,K,R,0.0812,surface,16.06,59
155,155,K,S,0.0684,surface,16.06,59
155,155,K,T,0.0684,surface,16.06,59
155,155,K,V,0.0299,surface,16.06,59
155,155,K,W,0.0171,surface,16.06,59
155,155,K,Y,0.0427,surface,16.06,59
156,156,Q,A,0.0513,surface,19.17,44
156,156,Q,C,0.0214,surface,19.17,44
156,156,Q,D,0.0812,surface,19.17,44
156,156,Q,E,0.0812,surface,19.17,44
156,156,Q,F,0.0256,surface,19.17,44
156,156,Q,G,0.047,surface,19.17,44
156,156,Q,H,0.0513,surface,19.17,44
156,156,Q,I,0.0256,surface,19.17,44
156,156,Q,K,0.0855,surface,19.17,44
156,156,Q,L,0.0256,surface,19.17,44
156,156,Q,M,0.0299,surface,19.17,44
156,156,Q,N,0.0641,surface,19.17,44
156,156,Q,P,0.0385,surface,19.17,44
156,156,Q,Q,0.0641,surface,19.17,44
156,156,Q,R,0.0812,surface,19.17,44
156,156,Q,S,0.0684,surface,19.17,44
156,156,Q,T,0.0684,surface,19.17,44
156,156,Q,V,0.0299,surface,19.17,44
156,156,Q,W,0.0171,surface,19.17,44
156,156,Q,Y,0.0427,surface,19.17,44
157,157,K,A,0.0513,surface,20.49,33
157,157,K,C,0.0214,surface,20.49,33
157,157,K,D,0.0812,surface,20.49,33
157,157,K,E,0.0812,surface,20.49,33
157,157,K,F,0.0256,surface,20.49,33
157,157,K,G,0.047,surface,20.49,33
157,157,K,H,0.0513,surface,20.49,33
157,157,K,I,0.0256,surface,20.49,33
157,157,K,K,0.0855,surface,20.49,33
157,157,K,L,0.0256,surface,20.49,33
157,157,K,M,0.0299,surface,20.49,33
157,157,K,N,0.0641,surface,20.49,33
157,157,K,P,0.0385,surface,20.49,33
157,157,K,Q,0.0641,surface,20.49,33
157,157,K,R,0.0812,surface,20.49,33
157,157,K,S,0.0684,surface,20.49,33
157,157,K,T,0.0684,surface,20.49,33
157,157,K,V,0.0299,surface,20.49,33
157,157,K,W,0.0171,surface,20.49,33
157,157,K,Y,0.0427,surface,20.49,33
158,158,N,A,0.0513,surface,17.1,47
158,158,N,C,0.0214,surface,17.1,47
158,158,N,D,0.0812,surface,17.1,47
158,158,N,E,0.0812,surface,17.1,47
158,158,N,F,0.0256,surface,17.1,47
158,158,N,G,0.047,surface,17.1,47
158,158,N,H,0.0513,surface,17.1,47
158,158,N,I,0.0256,surface,17.1,47
158,158,N,K,0.0855,surface,17.1,47
158,158,N,L,0.0256,surface,17.1,47
158,158,N,M,0.0299,surface,17.1,47
158,158,N,N,0.0641,surface,17.1,47
158,158,N,P,0.0385,surface,17.1,47
158,158,N,Q,0.0641,surface,17.1,47
158,158,N,R,0.0812,surface,17.1,47
158,158,N,S,0.0684,surface,17.1,47
158,158,N,T,0.0684,surface,17.1,47
158,158,N,V,0.0299,surface,17.1,47
158,158,N,W,0.0171,surface,17.1,47
158,158,N,Y,0.0427,surface,17.1,47
159,159,G,A,0.0513,surface,15.69,68
159,159,G,C,0.0214,surface,15.69,68
159,159,G,D,0.0812,surface,15.69,68
159,159,G,E,0.0812,surface,15.69,68
159,159,G,F,0.0256,surface,15.69,68
159,159,G,G,0.047,surface,15.69,68
159,159,G,H,0.0513,surface,15.69,68
159,159,G,I,0.0256,surface,15.69,68
159,159,G,K,0.0855,surface,15.69,68
159,159,G,L,0.0256,surface,15.69,68
159,159,G,M,0.0299,surface,15.69,68
159,159,G,N,0.0641,surface,15.69,68
159,159,G,P,0.0385,surface,15.69,68
159,159,G,Q,0.0641,surface,15.69,68
159,159,G,R,0.0812,surface,15.69,68
159,159,G,S,0.0684,surface,15.69,68
159,159,G,T,0.0684,surface,15.69,68
159,159,G,V,0.0299,surface,15.69,68
159,159,G,W,0.0171,surface,15.69,68
159,159,G,Y,0.0427,surface,15.69,68
160,160,I,A,0.0789,buried,14.04,99
160,160,I,C,0.0564,buried,14.04,99
160,160,I,D,0.009,buried,14.04,99
160,160,I,E,0.009,buried,14.04,99
160,160,I,F,0.1015,buried,14.04,99
160,160,I,G,0.0338,buried,14.04,99
160,160,I,H,0.0282,buried,14.04,99
160,160,I,I,0.1127,buried,14.04,99
160,160,I,K,0.009,buried,14.04,99
160,160,I,L,0.1127,buried,14.04,99
160,160,I,M,0.0958,buried,14.04,99
160,160,I,N,0.0169,buried,14.04,99
160,160,I,P,0.0169,buried,14.04,99
160,160,I,Q,0.0169,buried,14.04,99
160,160,I,R,0.009,buried,14.04,99
160,160,I,S,0.0282,buried,14.04,99
160,160,I,T,0.0338,buried,14.04,99
160,160,I,V,0.1071,buried,14.04,99
160,160,I,W,0.0676,buried,14.04,99
160,160,I,Y,0.0564,buried,14.04,99
161,161,K,A,0.0789,buried,9.31,99
161,161,K,C,0.0564,buried,9.31,99
161,161,K,D,0.009,buried,9.31,99
161,161,K,E,0.009,buried,9.31,99
161,161,K,F,0.1015,buried,9.31,99
161,161,K,G,0.0338,buried,9.31,99
161,161,K,H,0.0282,buried,9.31,99
161,161,K,I,0.1127,buried,9.31,99
161,161,K,K,0.009,buried,9.31,99
161,161,K,L,0.1127,buried,9.31,99
161,161,K,M,0.0958,buried,9.31,99
161,161,K,N,0.0169,buried,9.31,99
161,161,K,P,0.0169,buried,9.31,99
161,161,K,Q,0.0169,buried,9.31,99
161,161,K,R,0.009,buried,9.31,99
161,161,K,S,0.0282,buried,9.31,99
161,161,K,T,0.0338,buried,9.31,99
161,161,K,V,0.1071,buried,9.31,99
161,161,K,W,0.0676,buried,9.31,99
161,161,K,Y,0.0564,buried,9.31,99
162,162,V,A,0.0789,buried,11.08,78
162,162,V,C,0.0564,buried,11.08,78
162,162,V,D,0.009,buried,11.08,78
162,162,V,E,0.009,buried,11.08,78
162,162,V,F,0.1015,buried,11.08,78
162,162,V,G,0.0338,buried,11.08,78
162,162,V,H,0.0282,buried,11.08,78
162,162,V,I,0.1127,buried,11.08,78
162,162,V,K,0.009,buried,11.08,78
162,162,V,L,0.1127,buried,11.08,78
162,162,V,M,0.0958,buried,11.08,78
162,162,V,N,0.0169,buried,11.08,78
162,162,V,P,0.0169,buried,11.08,78
162,162,V,Q,0.0169,buried,11.08,78
162,162,V,R,0.009,buried,11.08,78
162,162,V,S,0.0282,buried,11.08,78
162,162,V,T,0.0338,buried,11.08,78
162,162,V,V,0.1071,buried,11.08,78
162,162,V,W,0.0676,buried,11.08,78
162,162,V,Y,0.0564,buried,11.08,78
163,163,N,A,0.0789,buried,7.38,95
163,163,N,C,0.0564,buried,7.38,95
163,163,N,D,0.009,buried,7.38,95
163,163,N,E,0.009,buried,7.38,95
163,163,N,F,0.1015,buried,7.38,95
163,163,N,G,0.0338,buried,7.38,95
163,163,N,H,0.0282,buried,7.38,95
163,163,N,I,0.1127,buried,7.38,95
163,163,N,K,0.009,buried,7.38,95
163,163,N,L,0.1127,buried,7.38,95
163,163,N,M,0.0958,buried,7.38,95
163,163,N,N,0.0169,buried,7.38,95
163,163,N,P,0.0169,buried,7.38,95
163,163,N,Q,0.0169,buried,7.38,95
163,163,N,R,0.009,buried,7.38,95
163,163,N,S,0.0282,buried,7.38,95
163,163,N,T,0.0338,buried,7.38,95
163,163,N,V,0.1071,buried,7.38,95
163,163,N,W,0.0676,buried,7.38,95
163,163,N,Y,0.0564,buried,7.38,95
164,164,F,A,0.0789,buried,8.37,90
164,164,F,C,0.0564,buried,8.37,90
164,164,F,D,0.009,buried,8.37,90
164,164,F,E,0.009,buried,8.37,90
164,164,F,F,0.1015,buried,8.37,90
164,164,F,G,0.0338,buried,8.37,90
164,164,F,H,0.0282,buried,8.37,90
164,164,F,I,0.1127,buried,8.37,90
164,164,F,K,0.009,buried,8.37,90
164,164,F,L,0.1127,buried,8.37,90
164,164,F,M,0.0958,buried,8.37,90
164,164,F,N,0.0169,buried,8.37,90
164,164,F,P,0.0169,buried,8.37,90
164,164,F,Q,0.0169,buried,8.37,90
164,164,F,R,0.009,buried,8.37,90
164,164,F,S,0.0282,buried,8.37,90
164,164,F,T,0.0338,buried,8.37,90
164,164,F,V,0.1071,buried,8.37,90
164,164,F,W,0.0676,buried,8.37,90
164,164,F,Y,0.0564,buried,8.37,90
165,165,K,A,0.0343,chromophore_edge,3.74,101
165,165,K,C,0.0429,chromophore_edge,3.74,101
165,165,K,D,0.0472,chromophore_edge,3.74,101
165,165,K,E,0.0472,chromophore_edge,3.74,101
165,165,K,F,0.0815,chromophore_edge,3.74,101
165,165,K,G,0.0086,chromophore_edge,3.74,101
165,165,K,H,0.073,chromophore_edge,3.74,101
165,165,K,I,0.03,chromophore_edge,3.74,101
165,165,K,K,0.0386,chromophore_edge,3.74,101
165,165,K,L,0.03,chromophore_edge,3.74,101
165,165,K,M,0.0429,chromophore_edge,3.74,101
165,165,K,N,0.0687,chromophore_edge,3.74,101
165,165,K,P,0.0086,chromophore_edge,3.74,101
165,165,K,Q,0.0687,chromophore_edge,3.74,101
165,165,K,R,0.0386,chromophore_edge,3.74,101
165,165,K,S,0.073,chromophore_edge,3.74,101
165,165,K,T,0.073,chromophore_edge,3.74,101
165,165,K,V,0.03,chromophore_edge,3.74,101
165,165,K,W,0.0773,chromophore_edge,3.74,101
165,165,K,Y,0.0858,chromophore_edge,3.74,101
166,166,I,A,0.0789,buried,6.99,87
166,166,I,C,0.0564,buried,6.99,87
166,166,I,D,0.009,buried,6.99,87
166,166,I,E,0.009,buried,6.99,87
166,166,I,F,0.1015,buried,6.99,87
166,166,I,G,0.0338,buried,6.99,87
166,166,I,H,0.0282,buried,6.99,87
166,166,I,I,0.1127,buried,6.99,87
166,166,I,K,0.009,buried,6.99,87
166,166,I,L,0.1127,buried,6.99,87
166,166,I,M,0.0958,buried,6.99,87
166,166,I,N,0.0169,buried,6.99,87
166,166,I,P,0.0169,buried,6.99,87
166,166,I,Q,0.0169,buried,6.99,87
166,166,I,R,0.009,buried,6.99,87
166,166,I,S,0.0282,buried,6.99,87
166,166,I,T,0.0338,buried,6.99,87
166,166,I,V,0.1071,buried,6.99,87
166,166,I,W,0.0676,buried,6.99,87
166,166,I,Y,0.0564,buried,6.99,87
167,167,R,A,0.0343,chromophore_edge,3.93,109
167,167,R,C,0.0429,chromophore_edge,3.93,109
167,167,R,D,0.0472,chromophore_edge,3.93,109
167,167,R,E,0.0472,chromophore_edge,3.93,109
167,167,R,F,0.0815,chromophore_edge,3.93,109
167,167,R,G,0.0086,chromophore_edge,3.93,109
167,167,R,H,0.073,chromophore_edge,3.93,109
167,167,R,I,0.03,chromophore_edge,3.93,109
167,167,R,K,0.0386,chromophore_edge,3.93,109
167,167,R,L,0.03,chromophore_edge,3.93,109
167,167,R,M,0.0429,chromophore_edge,3.93,109
167,167,R,N,0.0687,chromophore_edge,3.93,109
167,167,R,P,0.0086,chromophore_edge,3.93,109
167,167,R,Q,0.0687,chromophore_edge,3.93,109
167,167,R,R,0.0386,chromophore_edge,3.93,109
167,167,R,S,0.073,chromophore_edge,3.93,109
167,167,R,T,0.073,chromophore_edge,3.93,109
167,167,R,V,0.03,chromophore_edge,3.93,109
167,167,R,W,0.0773,chromophore_edge,3.93,109
167,167,R,Y,0.0858,chromophore_edge,3.93,109
168,168,H,A,0.0789,buried,7.58,90
168,168,H,C,0.0564,buried,7.58,90
168,168,H,D,0.009,buried,7.58,90
168,168,H,E,0.009,buried,7.58,90
168,168,H,F,0.1015,buried,7.58,90
168,168,H,G,0.0338,buried,7.58,90
168,168,H,H,0.0282,buried,7.58,90
168,168,H,I,0.1127,buried,7.58,90
168,168,H,K,0.009,buried,7.58,90
168,168,H,L,0.1127,buried,7.58,90
168,168,H,M,0.0958,buried,7.58,90
168,168,H,N,0.0169,buried,7.58,90
168,168,H,P,0.0169,buried,7.58,90
168,168,H,Q,0.0169,buried,7.58,90
168,168,H,R,0.009,buried,7.58,90
168,168,H,S,0.0282,buried,7.58,90
168,168,H,T,0.0338,buried,7.58,90
168,168,H,V,0.1071,buried,7.58,90
168,168,H,W,0.0676,buried,7.58,90
168,168,H,Y,0.0564,buried,7.58,90
169,169,N,A,0.0789,buried,8.51,116
169,169,N,C,0.0564,buried,8.51,116
169,169,N,D,0.009,buried,8.51,116
169,169,N,E,0.009,buried,8.51,116
169,169,N,F,0.1015,buried,8.51,116
169,169,N,G,0.0338,buried,8.51,116
169,169,N,H,0.0282,buried,8.51,116
169,169,N,I,0.1127,buried,8.51,116
169,169,N,K,0.009,buried,8.51,116
169,169,N,L,0.1127,buried,8.51,116
169,169,N,M,0.0958,buried,8.51,116
169,169,N,N,0.0169,buried,8.51,116
169,169,N,P,0.0169,buried,8.51,116
169,169,N,Q,0.0169,buried,8.51,116
169,169,N,R,0.009,buried,8.51,116
169,169,N,S,0.0282,buried,8.51,116
169,169,N,T,0.0338,buried,8.51,116
169,169,N,V,0.1071,buried,8.51,116
169,169,N,W,0.0676,buried,8.51,116
169,169,N,Y,0.0564,buried,8.51,116
170,170,I,A,0.0789,buried,11.57,96
170,170,I,C,0.0564,buried,11.57,96
170,170,I,D,0.009,buried,11.57,96
170,170,I,E,0.009,buried,11.57,96
170,170,I,F,0.1015,buried,11.57,96
170,170,I,G,0.0338,buried,11.57,96
170,170,I,H,0.0282,buried,11.57,96
170,170,I,I,0.1127,buried,11.57,96
170,170,I,K,0.009,buried,11.57,96
170,170,I,L,0.1127,buried,11.57,96
170,170,I,M,0.0958,buried,11.57,96
170,170,I,N,0.0169,buried,11.57,96
170,170,I,P,0.0169,buried,11.57,96
170,170,I,Q,0.0169,buried,11.57,96
170,170,I,R,0.009,buried,11.57,96
170,170,I,S,0.0282,buried,11.57,96
170,170,I,T,0.0338,buried,11.57,96
170,170,I,V,0.1071,buried,11.57,96
170,170,I,W,0.0676,buried,11.57,96
170,170,I,Y,0.0564,buried,11.57,96
171,171,E,A,0.0789,buried,15.06,96
171,171,E,C,0.0564,buried,15.06,96
171,171,E,D,0.009,buried,15.06,96
171,171,E,E,0.009,buried,15.06,96
171,171,E,F,0.1015,buried,15.06,96
171,171,E,G,0.0338,buried,15.06,96
171,171,E,H,0.0282,buried,15.06,96
171,171,E,I,0.1127,buried,15.06,96
171,171,E,K,0.009,buried,15.06,96
171,171,E,L,0.1127,buried,15.06,96
171,171,E,M,0.0958,buried,15.06,96
171,171,E,N,0.0169,buried,15.06,96
171,171,E,P,0.0169,buried,15.06,96
171,171,E,Q,0.0169,buried,15.06,96
171,171,E,R,0.009,buried,15.06,96
171,171,E,S,0.0282,buried,15.06,96
171,171,E,T,0.0338,buried,15.06,96
171,171,E,V,0.1071,buried,15.06,96
171,171,E,W,0.0676,buried,15.06,96
171,171,E,Y,0.0564,buried,15.06,96
172,172,D,A,0.0513,surface,17.92,66
172,172,D,C,0.0214,surface,17.92,66
172,172,D,D,0.0812,surface,17.92,66
172,172,D,E,0.0812,surface,17.92,66
172,172,D,F,0.0256,surface,17.92,66
172,172,D,G,0.047,surface,17.92,66
172,172,D,H,0.0513,surface,17.92,66
172,172,D,I,0.0256,surface,17.92,66
172,172,D,K,0.0855,surface,17.92,66
172,172,D,L,0.0256,surface,17.92,66
172,172,D,M,0.0299,surface,17.92,66
172,172,D,N,0.0641,surface,17.92,66
172,172,D,P,0.0385,surface,17.92,66
172,172,D,Q,0.0641,surface,17.92,66
172,172,D,R,0.0812,surface,17.92,66
172,172,D,S,0.0684,surface,17.92,66
172,172,D,T,0.0684,surface,17.92,66
172,172,D,V,0.0299,surface,17.92,66
172,172,D,W,0.0171,surface,17.92,66
172,172,D,Y,0.0427,surface,17.92,66
173,173,G,A,0.0513,surface,19.91,44
173,173,G,C,0.0214,surface,19.91,44
173,173,G,D,0.0812,surface,19.91,44
173,173,G,E,0.0812,surface,19.91,44
173,173,G,F,0.0256,surface,19.91,44
173,173,G,G,0.047,surface,19.91,44
173,173,G,H,0.0513,surface,19.91,44
173,173,G,I,0.0256,surface,19.91,44
173,173,G,K,0.0855,surface,19.91,44
173,173,G,L,0.0256,surface,19.91,44
173,173,G,M,0.0299,surface,19.91,44
173,173,G,N,0.0641,surface,19.91,44
173,173,G,P,0.0385,surface,19.91,44
173,173,G,Q,0.0641,surface,19.91,44
173,173,G,R,0.0812,surface,19.91,44
173,173,G,S,0.0684,surface,19.91,44
173,173,G,T,0.0684,surface,19.91,44
173,173,G,V,0.0299,surface,19.91,44
173,173,G,W,0.0171,surface,19.91,44
173,173,G,Y,0.0427,surface,19.91,44
174,174,S,A,0.0513,surface,17.98,46
174,174,S,C,0.0214,surface,17.98,46
174,174,S,D,0.0812,surface,17.98,46
174,174,S,E,0.0812,surface,17.98,46
174,174,S,F,0.0256,surface,17.98,46
174,174,S,G,0.047,surface,17.98,46
174,174,S,H,0.0513,surface,17.98,46
174,174,S,I,0.0256,surface,17.98,46
174,174,S,K,0.0855,surface,17.98,46
174,174,S,L,0.0256,surface,17.98,46
174,174,S,M,0.0299,surface,17.98,46
174,174,S,N,0.0641,surface,17.98,46
174,174,S,P,0.0385,surface,17.98,46
174,174,S,Q,0.0641,surface,17.98,46
174,174,S,R,0.0812,surface,17.98,46
174,174,S,S,0.0684,surface,17.98,46
174,174,S,T,0.0684,surface,17.98,46
174,174,S,V,0.0299,surface,17.98,46
174,174,S,W,0.0171,surface,17.98,46
174,174,S,Y,0.0427,surface,17.98,46
175,175,V,A,0.0513,surface,15.77,50
175,175,V,C,0.0214,surface,15.77,50
175,175,V,D,0.0812,surface,15.77,50
175,175,V,E,0.0812,surface,15.77,50
175,175,V,F,0.0256,surface,15.77,50
175,175,V,G,0.047,surface,15.77,50
175,175,V,H,0.0513,surface,15.77,50
175,175,V,I,0.0256,surface,15.77,50
175,175,V,K,0.0855,surface,15.77,50
175,175,V,L,0.0256,surface,15.77,50
175,175,V,M,0.0299,surface,15.77,50
175,175,V,N,0.0641,surface,15.77,50
175,175,V,P,0.0385,surface,15.77,50
175,175,V,Q,0.0641,surface,15.77,50
175,175,V,R,0.0812,surface,15.77,50
175,175,V,S,0.0684,surface,15.77,50
175,175,V,T,0.0684,surface,15.77,50
175,175,V,V,0.0299,surface,15.77,50
175,175,V,W,0.0171,surface,15.77,50
175,175,V,Y,0.0427,surface,15.77,50
176,176,Q,A,0.0789,buried,13.06,70
176,176,Q,C,0.0564,buried,13.06,70
176,176,Q,D,0.009,buried,13.06,70
176,176,Q,E,0.009,buried,13.06,70
176,176,Q,F,0.1015,buried,13.06,70
176,176,Q,G,0.0338,buried,13.06,70
176,176,Q,H,0.0282,buried,13.06,70
176,176,Q,I,0.1127,buried,13.06,70
176,176,Q,K,0.009,buried,13.06,70
176,176,Q,L,0.1127,buried,13.06,70
176,176,Q,M,0.0958,buried,13.06,70
176,176,Q,N,0.0169,buried,13.06,70
176,176,Q,P,0.0169,buried,13.06,70
176,176,Q,Q,0.0169,buried,13.06,70
176,176,Q,R,0.009,buried,13.06,70
176,176,Q,S,0.0282,buried,13.06,70
176,176,Q,T,0.0338,buried,13.06,70
176,176,Q,V,0.1071,buried,13.06,70
176,176,Q,W,0.0676,buried,13.06,70
176,176,Q,Y,0.0564,buried,13.06,70
177,177,L,A,0.0789,buried,11.55,88
177,177,L,C,0.0564,buried,11.55,88
177,177,L,D,0.009,buried,11.55,88
177,177,L,E,0.009,buried,11.55,88
177,177,L,F,0.1015,buried,11.55,88
177,177,L,G,0.0338,buried,11.55,88
177,177,L,H,0.0282,buried,11.55,88
177,177,L,I,0.1127,buried,11.55,88
177,177,L,K,0.009,buried,11.55,88
177,177,L,L,0.1127,buried,11.55,88
177,177,L,M,0.0958,buried,11.55,88
177,177,L,N,0.0169,buried,11.55,88
177,177,L,P,0.0169,buried,11.55,88
177,177,L,Q,0.0169,buried,11.55,88
177,177,L,R,0.009,buried,11.55,88
177,177,L,S,0.0282,buried,11.55,88
177,177,L,T,0.0338,buried,11.55,88
177,177,L,V,0.1071,buried,11.55,88
177,177,L,W,0.0676,buried,11.55,88
177,177,L,Y,0.0564,buried,11.55,88
178,178,A,A,0.0789,buried,11.87,89
178,178,A,C,0.0564,buried,11.87,89
178,178,A,D,0.009,buried,11.87,89
178,178,A,E,0.009,buried,11.87,89
178,178,A,F,0.1015,buried,11.87,89
178,178,A,G,0.0338,buried,11.87,89
178,178,A,H,0.0282,buried,11.87,89
178,178,A,I,0.1127,buried,11.87,89
178,178,A,K,0.009,buried,11.87,89
178,178,A,L,0.1127,buried,11.87,89
178,178,A,M,0.0958,buried,11.87,89
178,178,A,N,0.0169,buried,11.87,89
178,178,A,P,0.0169,buried,11.87,89
178,178,A,Q,0.0169,buried,11.87,89
178,178,A,R,0.009,buried,11.87,89
178,178,A,S,0.0282,buried,11.87,89
178,178,A,T,0.0338,buried,11.87,89
178,178,A,V,0.1071,buried,11.87,89
178,178,A,W,0.0676,buried,11.87,89
178,178,A,Y,0.0564,buried,11.87,89
179,179,D,A,0.0789,buried,8.87,105
179,179,D,C,0.0564,buried,8.87,105
179,179,D,D,0.009,buried,8.87,105
179,179,D,E,0.009,buried,8.87,105
179,179,D,F,0.1015,buried,8.87,105
179,179,D,G,0.0338,buried,8.87,105
179,179,D,H,0.0282,buried,8.87,105
179,179,D,I,0.1127,buried,8.87,105
179,179,D,K,0.009,buried,8.87,105
179,179,D,L,0.1127,buried,8.87,105
179,179,D,M,0.0958,buried,8.87,105
179,179,D,N,0.0169,buried,8.87,105
179,179,D,P,0.0169,buried,8.87,105
179,179,D,Q,0.0169,buried,8.87,105
179,179,D,R,0.009,buried,8.87,105
179,179,D,S,0.0282,buried,8.87,105
179,179,D,T,0.0338,buried,8.87,105
179,179,D,V,0.1071,buried,8.87,105
179,179,D,W,0.0676,buried,8.87,105
179,179,D,Y,0.0564,buried,8.87,105
180,180,H,A,0.0789,buried,10.34,102
180,180,H,C,0.0564,buried,10.34,102
180,180,H,D,0.009,buried,10.34,102
180,180,H,E,0.009,buried,10.34,102
180,180,H,F,0.1015,buried,10.34,102
180,180,H,G,0.0338,buried,10.34,102
180,180,H,H,0.0282,buried,10.34,102
180,180,H,I,0.1127,buried,10.34,102
180,180,H,K,0.009,buried,10.34,102
180,180,H,L,0.1127,buried,10.34,102
180,180,H,M,0.0958,buried,10.34,102
180,180,H,N,0.0169,buried,10.34,102
180,180,H,P,0.0169,buried,10.34,102
180,180,H,Q,0.0169,buried,10.34,102
180,180,H,R,0.009,buried,10.34,102
180,180,H,S,0.0282,buried,10.34,102
180,180,H,T,0.0338,buried,10.34,102
180,180,H,V,0.1071,buried,10.34,102
180,180,H,W,0.0676,buried,10.34,102
180,180,H,Y,0.0564,buried,10.34,102
181,181,Y,A,0.0789,buried,6.24,112
181,181,Y,C,0.0564,buried,6.24,112
181,181,Y,D,0.009,buried,6.24,112
181,181,Y,E,0.009,buried,6.24,112
181,181,Y,F,0.1015,buried,6.24,112
181,181,Y,G,0.0338,buried,6.24,112
181,181,Y,H,0.0282,buried,6.24,112
181,181,Y,I,0.1127,buried,6.24,112
181,181,Y,K,0.009,buried,6.24,112
181,181,Y,L,0.1127,buried,6.24,112
181,181,Y,M,0.0958,buried,6.24,112
181,181,Y,N,0.0169,buried,6.24,112
181,181,Y,P,0.0169,buried,6.24,112
181,181,Y,Q,0.0169,buried,6.24,112
181,181,Y,R,0.009,buried,6.24,112
181,181,Y,S,0.0282,buried,6.24,112
181,181,Y,T,0.0338,buried,6.24,112
181,181,Y,V,0.1071,buried,6.24,112
181,181,Y,W,0.0676,buried,6.24,112
181,181,Y,Y,0.0564,buried,6.24,112
182,182,Q,A,0.0789,buried,9.7,100
182,182,Q,C,0.0564,buried,9.7,100
182,182,Q,D,0.009,buried,9.7,100
182,182,Q,E,0.009,buried,9.7,100
182,182,Q,F,0.1015,buried,9.7,100
182,182,Q,G,0.0338,buried,9.7,100
182,182,Q,H,0.0282,buried,9.7,100
182,182,Q,I,0.1127,buried,9.7,100
182,182,Q,K,0.009,buried,9.7,100
182,182,Q,L,0.1127,buried,9.7,100
182,182,Q,M,0.0958,buried,9.7,100
182,182,Q,N,0.0169,buried,9.7,100
182,182,Q,P,0.0169,buried,9.7,100
182,182,Q,Q,0.0169,buried,9.7,100
182,182,Q,R,0.009,buried,9.7,100
182,182,Q,S,0.0282,buried,9.7,100
182,182,Q,T,0.0338,buried,9.7,100
182,182,Q,V,0.1071,buried,9.7,100
182,182,Q,W,0.0676,buried,9.7,100
182,182,Q,Y,0.0564,buried,9.7,100
183,183,Q,A,0.0789,buried,4.72,99
183,183,Q,C,0.0564,buried,4.72,99
183,183,Q,D,0.009,buried,4.72,99
183,183,Q,E,0.009,buried,4.72,99
183,183,Q,F,0.1015,buried,4.72,99
183,183,Q,G,0.0338,buried,4.72,99
183,183,Q,H,0.0282,buried,4.72,99
183,183,Q,I,0.1127,buried,4.72,99
183,183,Q,K,0.009,buried,4.72,99
183,183,Q,L,0.1127,buried,4.72,99
183,183,Q,M,0.0958,buried,4.72,99
183,183,Q,N,0.0169,buried,4.72,99
183,183,Q,P,0.0169,buried,4.72,99
183,183,Q,Q,0.0169,buried,4.72,99
183,183,Q,R,0.009,buried,4.72,99
183,183,Q,S,0.0282,buried,4.72,99
183,183,Q,T,0.0338,buried,4.72,99
183,183,Q,V,0.1071,buried,4.72,99
183,183,Q,W,0.0676,buried,4.72,99
183,183,Q,Y,0.0564,buried,4.72,99
184,184,N,A,0.0789,buried,9.18,92
184,184,N,C,0.0564,buried,9.18,92
184,184,N,D,0.009,buried,9.18,92
184,184,N,E,0.009,buried,9.18,92
184,184,N,F,0.1015,buried,9.18,92
184,184,N,G,0.0338,buried,9.18,92
184,184,N,H,0.0282,buried,9.18,92
184,184,N,I,0.1127,buried,9.18,92
184,184,N,K,0.009,buried,9.18,92
184,184,N,L,0.1127,buried,9.18,92
184,184,N,M,0.0958,buried,9.18,92
184,184,N,N,0.0169,buried,9.18,92
184,184,N,P,0.0169,buried,9.18,92
184,184,N,Q,0.0169,buried,9.18,92
184,184,N,R,0.009,buried,9.18,92
184,184,N,S,0.0282,buried,9.18,92
184,184,N,T,0.0338,buried,9.18,92
184,184,N,V,0.1071,buried,9.18,92
184,184,N,W,0.0676,buried,9.18,92
184,184,N,Y,0.0564,buried,9.18,92
185,185,T,A,0.0789,buried,6.68,110
185,185,T,C,0.0564,buried,6.68,110
185,185,T,D,0.009,buried,6.68,110
185,185,T,E,0.009,buried,6.68,110
185,185,T,F,0.1015,buried,6.68,110
185,185,T,G,0.0338,buried,6.68,110
185,185,T,H,0.0282,buried,6.68,110
185,185,T,I,0.1127,buried,6.68,110
185,185,T,K,0.009,buried,6.68,110
185,185,T,L,0.1127,buried,6.68,110
185,185,T,M,0.0958,buried,6.68,110
185,185,T,N,0.0169,buried,6.68,110
185,185,T,P,0.0169,buried,6.68,110
185,185,T,Q,0.0169,buried,6.68,110
185,185,T,R,0.009,buried,6.68,110
185,185,T,S,0.0282,buried,6.68,110
185,185,T,T,0.0338,buried,6.68,110
185,185,T,V,0.1071,buried,6.68,110
185,185,T,W,0.0676,buried,6.68,110
185,185,T,Y,0.0564,buried,6.68,110
186,186,P,A,0.0789,buried,11.1,88
186,186,P,C,0.0564,buried,11.1,88
186,186,P,D,0.009,buried,11.1,88
186,186,P,E,0.009,buried,11.1,88
186,186,P,F,0.1015,buried,11.1,88
186,186,P,G,0.0338,buried,11.1,88
186,186,P,H,0.0282,buried,11.1,88
186,186,P,I,0.1127,buried,11.1,88
186,186,P,K,0.009,buried,11.1,88
186,186,P,L,0.1127,buried,11.1,88
186,186,P,M,0.0958,buried,11.1,88
186,186,P,N,0.0169,buried,11.1,88
186,186,P,P,0.0169,buried,11.1,88
186,186,P,Q,0.0169,buried,11.1,88
186,186,P,R,0.009,buried,11.1,88
186,186,P,S,0.0282,buried,11.1,88
186,186,P,T,0.0338,buried,11.1,88
186,186,P,V,0.1071,buried,11.1,88
186,186,P,W,0.0676,buried,11.1,88
186,186,P,Y,0.0564,buried,11.1,88
187,187,I,A,0.0789,buried,12.92,90
187,187,I,C,0.0564,buried,12.92,90
187,187,I,D,0.009,buried,12.92,90
187,187,I,E,0.009,buried,12.92,90
187,187,I,F,0.1015,buried,12.92,90
187,187,I,G,0.0338,buried,12.92,90
187,187,I,H,0.0282,buried,12.92,90
187,187,I,I,0.1127,buried,12.92,90
187,187,I,K,0.009,buried,12.92,90
187,187,I,L,0.1127,buried,12.92,90
187,187,I,M,0.0958,buried,12.92,90
187,187,I,N,0.0169,buried,12.92,90
187,187,I,P,0.0169,buried,12.92,90
187,187,I,Q,0.0169,buried,12.92,90
187,187,I,R,0.009,buried,12.92,90
187,187,I,S,0.0282,buried,12.92,90
187,187,I,T,0.0338,buried,12.92,90
187,187,I,V,0.1071,buried,12.92,90
187,187,I,W,0.0676,buried,12.92,90
187,187,I,Y,0.0564,buried,12.92,90
188,188,G,A,0.0513,surface,11.36,67
188,188,G,C,0.0214,surface,11.36,67
188,188,G,D,0.0812,surface,11.36,67
188,188,G,E,0.0812,surface,11.36,67
188,188,G,F,0.0256,surface,11.36,67
188,188,G,G,0.047,surface,11.36,67
188,188,G,H,0.0513,surface,11.36,67
188,188,G,I,0.0256,surface,11.36,67
188,188,G,K,0.0855,surface,11.36,67
188,188,G,L,0.0256,surface,11.36,67
188,188,G,M,0.0299,surface,11.36,67
188,188,G,N,0.0641,surface,11.36,67
188,188,G,P,0.0385,surface,11.36,67
188,188,G,Q,0.0641,surface,11.36,67
188,188,G,R,0.0812,surface,11.36,67
188,188,G,S,0.0684,surface,11.36,67
188,188,G,T,0.0684,surface,11.36,67
188,188,G,V,0.0299,surface,11.36,67
188,188,G,W,0.0171,surface,11.36,67
188,188,G,Y,0.0427,surface,11.36,67
189,189,D,A,0.0513,surface,15.35,57
189,189,D,C,0.0214,surface,15.35,57
189,189,D,D,0.0812,surface,15.35,57
189,189,D,E,0.0812,surface,15.35,57
189,189,D,F,0.0256,surface,15.35,57
189,189,D,G,0.047,surface,15.35,57
189,189,D,H,0.0513,surface,15.35,57
189,189,D,I,0.0256,surface,15.35,57
189,189,D,K,0.0855,surface,15.35,57
189,189,D,L,0.0256,surface,15.35,57
189,189,D,M,0.0299,surface,15.35,57
189,189,D,N,0.0641,surface,15.35,57
189,189,D,P,0.0385,surface,15.35,57
189,189,D,Q,0.0641,surface,15.35,57
189,189,D,R,0.0812,surface,15.35,57
189,189,D,S,0.0684,surface,15.35,57
189,189,D,T,0.0684,surface,15.35,57
189,189,D,V,0.0299,surface,15.35,57
189,189,D,W,0.0171,surface,15.35,57
189,189,D,Y,0.0427,surface,15.35,57
190,190,G,A,0.0513,surface,18.77,44
190,190,G,C,0.0214,surface,18.77,44
190,190,G,D,0.0812,surface,18.77,44
190,190,G,E,0.0812,surface,18.77,44
190,190,G,F,0.0256,surface,18.77,44
190,190,G,G,0.047,surface,18.77,44
190,190,G,H,0.0513,surface,18.77,44
190,190,G,I,0.0256,surface,18.77,44
190,190,G,K,0.0855,surface,18.77,44
190,190,G,L,0.0256,surface,18.77,44
190,190,G,M,0.0299,surface,18.77,44
190,190,G,N,0.0641,surface,18.77,44
190,190,G,P,0.0385,surface,18.77,44
190,190,G,Q,0.0641,surface,18.77,44
190,190,G,R,0.0812,surface,18.77,44
190,190,G,S,0.0684,surface,18.77,44
190,190,G,T,0.0684,surface,18.77,44
190,190,G,V,0.0299,surface,18.77,44
190,190,G,W,0.0171,surface,18.77,44
190,190,G,Y,0.0427,surface,18.77,44
191,191,P,A,0.0513,surface,18.66,46
191,191,P,C,0.0214,surface,18.66,46
191,191,P,D,0.0812,surface,18.66,46
191,191,P,E,0.0812,surface,18.66,46
191,191,P,F,0.0256,surface,18.66,46
191,191,P,G,0.047,surface,18.66,46
191,191,P,H,0.0513,surface,18.66,46
191,191,P,I,0.0256,surface,18.66,46
191,191,P,K,0.0855,surface,18.66,46
191,191,P,L,0.0256,surface,18.66,46
191,191,P,M,0.0299,surface,18.66,46
191,191,P,N,0.0641,surface,18.66,46
191,191,P,P,0.0385,surface,18.66,46
191,191,P,Q,0.0641,surface,18.66,46
191,191,P,R,0.0812,surface,18.66,46
191,191,P,S,0.0684,surface,18.66,46
191,191,P,T,0.0684,surface,18.66,46
191,191,P,V,0.0299,surface,18.66,46
191,191,P,W,0.0171,surface,18.66,46
191,191,P,Y,0.0427,surface,18.66,46
192,192,V,A,0.0513,surface,17.93,46
192,192,V,C,0.0214,surface,17.93,46
192,192,V,D,0.0812,surface,17.93,46
192,192,V,E,0.0812,surface,17.93,46
192,192,V,F,0.0256,surface,17.93,46
192,192,V,G,0.047,surface,17.93,46
192,192,V,H,0.0513,surface,17.93,46
192,192,V,I,0.0256,surface,17.93,46
192,192,V,K,0.0855,surface,17.93,46
192,192,V,L,0.0256,surface,17.93,46
192,192,V,M,0.0299,surface,17.93,46
192,192,V,N,0.0641,surface,17.93,46
192,192,V,P,0.0385,surface,17.93,46
192,192,V,Q,0.0641,surface,17.93,46
192,192,V,R,0.0812,surface,17.93,46
192,192,V,S,0.0684,surface,17.93,46
192,192,V,T,0.0684,surface,17.93,46
192,192,V,V,0.0299,surface,17.93,46
192,192,V,W,0.0171,surface,17.93,46
192,192,V,Y,0.0427,surface,17.93,46
193,193,L,A,0.0789,buried,15.15,81
193,193,L,C,0.0564,buried,15.15,81
193,193,L,D,0.009,buried,15.15,81
193,193,L,E,0.009,buried,15.15,81
193,193,L,F,0.1015,buried,15.15,81
193,193,L,G,0.0338,buried,15.15,81
193,193,L,H,0.0282,buried,15.15,81
193,193,L,I,0.1127,buried,15.15,81
193,193,L,K,0.009,buried,15.15,81
193,193,L,L,0.1127,buried,15.15,81
193,193,L,M,0.0958,buried,15.15,81
193,193,L,N,0.0169,buried,15.15,81
193,193,L,P,0.0169,buried,15.15,81
193,193,L,Q,0.0169,buried,15.15,81
193,193,L,R,0.009,buried,15.15,81
193,193,L,S,0.0282,buried,15.15,81
193,193,L,T,0.0338,buried,15.15,81
193,193,L,V,0.1071,buried,15.15,81
193,193,L,W,0.0676,buried,15.15,81
193,193,L,Y,0.0564,buried,15.15,81
194,194,L,A,0.0789,buried,15.69,78
194,194,L,C,0.0564,buried,15.69,78
194,194,L,D,0.009,buried,15.69,78
194,194,L,E,0.009,buried,15.69,78
194,194,L,F,0.1015,buried,15.69,78
194,194,L,G,0.0338,buried,15.69,78
194,194,L,H,0.0282,buried,15.69,78
194,194,L,I,0.1127,buried,15.69,78
194,194,L,K,0.009,buried,15.69,78
194,194,L,L,0.1127,buried,15.69,78
194,194,L,M,0.0958,buried,15.69,78
194,194,L,N,0.0169,buried,15.69,78
194,194,L,P,0.0169,buried,15.69,78
194,194,L,Q,0.0169,buried,15.69,78
194,194,L,R,0.009,buried,15.69,78
194,194,L,S,0.0282,buried,15.69,78
194,194,L,T,0.0338,buried,15.69,78
194,194,L,V,0.1071,buried,15.69,78
194,194,L,W,0.0676,buried,15.69,78
194,194,L,Y,0.0564,buried,15.69,78
195,195,P,A,0.0789,buried,17.13,87
195,195,P,C,0.0564,buried,17.13,87
195,195,P,D,0.009,buried,17.13,87
195,195,P,E,0.009,buried,17.13,87
195,195,P,F,0.1015,buried,17.13,87
195,195,P,G,0.0338,buried,17.13,87
195,195,P,H,0.0282,buried,17.13,87
195,195,P,I,0.1127,buried,17.13,87
195,195,P,K,0.009,buried,17.13,87
195,195,P,L,0.1127,buried,17.13,87
195,195,P,M,0.0958,buried,17.13,87
195,195,P,N,0.0169,buried,17.13,87
195,195,P,P,0.0169,buried,17.13,87
195,195,P,Q,0.0169,buried,17.13,87
195,195,P,R,0.009,buried,17.13,87
195,195,P,S,0.0282,buried,17.13,87
195,195,P,T,0.0338,buried,17.13,87
195,195,P,V,0.1071,buried,17.13,87
195,195,P,W,0.0676,buried,17.13,87
195,195,P,Y,0.0564,buried,17.13,87
196,196,D,A,0.0789,buried,14.3,93
196,196,D,C,0.0564,buried,14.3,93
196,196,D,D,0.009,buried,14.3,93
196,196,D,E,0.009,buried,14.3,93
196,196,D,F,0.1015,buried,14.3,93
196,196,D,G,0.0338,buried,14.3,93
196,196,D,H,0.0282,buried,14.3,93
196,196,D,I,0.1127,buried,14.3,93
196,196,D,K,0.009,buried,14.3,93
196,196,D,L,0.1127,buried,14.3,93
196,196,D,M,0.0958,buried,14.3,93
196,196,D,N,0.0169,buried,14.3,93
196,196,D,P,0.0169,buried,14.3,93
196,196,D,Q,0.0169,buried,14.3,93
196,196,D,R,0.009,buried,14.3,93
196,196,D,S,0.0282,buried,14.3,93
196,196,D,T,0.0338,buried,14.3,93
196,196,D,V,0.1071,buried,14.3,93
196,196,D,W,0.0676,buried,14.3,93
196,196,D,Y,0.0564,buried,14.3,93
197,197,N,A,0.0513,surface,16.36,67
197,197,N,C,0.0214,surface,16.36,67
197,197,N,D,0.0812,surface,16.36,67
197,197,N,E,0.0812,surface,16.36,67
197,197,N,F,0.0256,surface,16.36,67
197,197,N,G,0.047,surface,16.36,67
197,197,N,H,0.0513,surface,16.36,67
197,197,N,I,0.0256,surface,16.36,67
197,197,N,K,0.0855,surface,16.36,67
197,197,N,L,0.0256,surface,16.36,67
197,197,N,M,0.0299,surface,16.36,67
197,197,N,N,0.0641,surface,16.36,67
197,197,N,P,0.0385,surface,16.36,67
197,197,N,Q,0.0641,surface,16.36,67
197,197,N,R,0.0812,surface,16.36,67
197,197,N,S,0.0684,surface,16.36,67
197,197,N,T,0.0684,surface,16.36,67
197,197,N,V,0.0299,surface,16.36,67
197,197,N,W,0.0171,surface,16.36,67
197,197,N,Y,0.0427,surface,16.36,67
198,198,H,A,0.0513,surface,15.72,65
198,198,H,C,0.0214,surface,15.72,65
198,198,H,D,0.0812,surface,15.72,65
198,198,H,E,0.0812,surface,15.72,65
198,198,H,F,0.0256,surface,15.72,65
198,198,H,G,0.047,surface,15.72,65
198,198,H,H,0.0513,surface,15.72,65
198,198,H,I,0.0256,surface,15.72,65
198,198,H,K,0.0855,surface,15.72,65
198,198,H,L,0.0256,surface,15.72,65
198,198,H,M,0.0299,surface,15.72,65
198,198,H,N,0.0641,surface,15.72,65
198,198,H,P,0.0385,surface,15.72,65
198,198,H,Q,0.0641,surface,15.72,65
198,198,H,R,0.0812,surface,15.72,65
198,198,H,S,0.0684,surface,15.72,65
198,198,H,T,0.0684,surface,15.72,65
198,198,H,V,0.0299,surface,15.72,65
198,198,H,W,0.0171,surface,15.72,65
198,198,H,Y,0.0427,surface,15.72,65
199,199,Y,A,0.0789,buried,12.0,90
199,199,Y,C,0.0564,buried,12.0,90
199,199,Y,D,0.009,buried,12.0,90
199,199,Y,E,0.009,buried,12.0,90
199,199,Y,F,0.1015,buried,12.0,90
199,199,Y,G,0.0338,buried,12.0,90
199,199,Y,H,0.0282,buried,12.0,90
199,199,Y,I,0.1127,buried,12.0,90
199,199,Y,K,0.009,buried,12.0,90
199,199,Y,L,0.1127,buried,12.0,90
199,199,Y,M,0.0958,buried,12.0,90
199,199,Y,N,0.0169,buried,12.0,90
199,199,Y,P,0.0169,buried,12.0,90
199,199,Y,Q,0.0169,buried,12.0,90
199,199,Y,R,0.009,buried,12.0,90
199,199,Y,S,0.0282,buried,12.0,90
199,199,Y,T,0.0338,buried,12.0,90
199,199,Y,V,0.1071,buried,12.0,90
199,199,Y,W,0.0676,buried,12.0,90
199,199,Y,Y,0.0564,buried,12.0,90
200,200,L,A,0.0789,buried,9.99,97
200,200,L,C,0.0564,buried,9.99,97
200,200,L,D,0.009,buried,9.99,97
200,200,L,E,0.009,buried,9.99,97
200,200,L,F,0.1015,buried,9.99,97
200,200,L,G,0.0338,buried,9.99,97
200,200,L,H,0.0282,buried,9.99,97
200,200,L,I,0.1127,buried,9.99,97
200,200,L,K,0.009,buried,9.99,97
200,200,L,L,0.1127,buried,9.99,97
200,200,L,M,0.0958,buried,9.99,97
200,200,L,N,0.0169,buried,9.99,97
200,200,L,P,0.0169,buried,9.99,97
200,200,L,Q,0.0169,buried,9.99,97
200,200,L,R,0.009,buried,9.99,97
200,200,L,S,0.0282,buried,9.99,97
200,200,L,T,0.0338,buried,9.99,97
200,200,L,V,0.1071,buried,9.99,97
200,200,L,W,0.0676,buried,9.99,97
200,200,L,Y,0.0564,buried,9.99,97
201,201,S,A,0.0789,buried,6.74,106
201,201,S,C,0.0564,buried,6.74,106
201,201,S,D,0.009,buried,6.74,106
201,201,S,E,0.009,buried,6.74,106
201,201,S,F,0.1015,buried,6.74,106
201,201,S,G,0.0338,buried,6.74,106
201,201,S,H,0.0282,buried,6.74,106
201,201,S,I,0.1127,buried,6.74,106
201,201,S,K,0.009,buried,6.74,106
201,201,S,L,0.1127,buried,6.74,106
201,201,S,M,0.0958,buried,6.74,106
201,201,S,N,0.0169,buried,6.74,106
201,201,S,P,0.0169,buried,6.74,106
201,201,S,Q,0.0169,buried,6.74,106
201,201,S,R,0.009,buried,6.74,106
201,201,S,S,0.0282,buried,6.74,106
201,201,S,T,0.0338,buried,6.74,106
201,201,S,V,0.1071,buried,6.74,106
201,201,S,W,0.0676,buried,6.74,106
201,201,S,Y,0.0564,buried,6.74,106
202,202,T,A,0.0789,buried,6.74,89
202,202,T,C,0.0564,buried,6.74,89
202,202,T,D,0.009,buried,6.74,89
202,202,T,E,0.009,buried,6.74,89
202,202,T,F,0.1015,buried,6.74,89
202,202,T,G,0.0338,buried,6.74,89
202,202,T,H,0.0282,buried,6.74,89
202,202,T,I,0.1127,buried,6.74,89
202,202,T,K,0.009,buried,6.74,89
202,202,T,L,0.1127,buried,6.74,89
202,202,T,M,0.0958,buried,6.74,89
202,202,T,N,0.0169,buried,6.74,89
202,202,T,P,0.0169,buried,6.74,89
202,202,T,Q,0.0169,buried,6.74,89
202,202,T,R,0.009,buried,6.74,89
202,202,T,S,0.0282,buried,6.74,89
202,202,T,T,0.0338,buried,6.74,89
202,202,T,V,0.1071,buried,6.74,89
202,202,T,W,0.0676,buried,6.74,89
202,202,T,Y,0.0564,buried,6.74,89
203,203,Q,A,0.0343,chromophore_edge,2.67,96
203,203,Q,C,0.0429,chromophore_edge,2.67,96
203,203,Q,D,0.0472,chromophore_edge,2.67,96
203,203,Q,E,0.0472,chromophore_edge,2.67,96
203,203,Q,F,0.0815,chromophore_edge,2.67,96
203,203,Q,G,0.0086,chromophore_edge,2.67,96
203,203,Q,H,0.073,chromophore_edge,2.67,96
203,203,Q,I,0.03,chromophore_edge,2.67,96
203,203,Q,K,0.0386,chromophore_edge,2.67,96
203,203,Q,L,0.03,chromophore_edge,2.67,96
203,203,Q,M,0.0429,chromophore_edge,2.67,96
203,203,Q,N,0.0687,chromophore_edge,2.67,96
203,203,Q,P,0.0086,chromophore_edge,2.67,96
203,203,Q,Q,0.0687,chromophore_edge,2.67,96
203,203,Q,R,0.0386,chromophore_edge,2.67,96
203,203,Q,S,0.073,chromophore_edge,2.67,96
203,203,Q,T,0.073,chromophore_edge,2.67,96
203,203,Q,V,0.03,chromophore_edge,2.67,96
203,203,Q,W,0.0773,chromophore_edge,2.67,96
203,203,Q,Y,0.0858,chromophore_edge,2.67,96
204,204,S,A,0.0789,buried,5.27,87
204,204,S,C,0.0564,buried,5.27,87
204,204,S,D,0.009,buried,5.27,87
204,204,S,E,0.009,buried,5.27,87
204,204,S,F,0.1015,buried,5.27,87
204,204,S,G,0.0338,buried,5.27,87
204,204,S,H,0.0282,buried,5.27,87
204,204,S,I,0.1127,buried,5.27,87
204,204,S,K,0.009,buried,5.27,87
204,204,S,L,0.1127,buried,5.27,87
204,204,S,M,0.0958,buried,5.27,87
204,204,S,N,0.0169,buried,5.27,87
204,204,S,P,0.0169,buried,5.27,87
204,204,S,Q,0.0169,buried,5.27,87
204,204,S,R,0.009,buried,5.27,87
204,204,S,S,0.0282,buried,5.27,87
204,204,S,T,0.0338,buried,5.27,87
204,204,S,V,0.1071,buried,5.27,87
204,204,S,W,0.0676,buried,5.27,87
204,204,S,Y,0.0564,buried,5.27,87
205,205,A,A,0.0343,chromophore_edge,4.26,94
205,205,A,C,0.0429,chromophore_edge,4.26,94
205,205,A,D,0.0472,chromophore_edge,4.26,94
205,205,A,E,0.0472,chromophore_edge,4.26,94
205,205,A,F,0.0815,chromophore_edge,4.26,94
205,205,A,G,0.0086,chromophore_edge,4.26,94
205,205,A,H,0.073,chromophore_edge,4.26,94
205,205,A,I,0.03,chromophore_edge,4.26,94
205,205,A,K,0.0386,chromophore_edge,4.26,94
205,205,A,L,0.03,chromophore_edge,4.26,94
205,205,A,M,0.0429,chromophore_edge,4.26,94
205,205,A,N,0.0687,chromophore_edge,4.26,94
205,205,A,P,0.0086,chromophore_edge,4.26,94
205,205,A,Q,0.0687,chromophore_edge,4.26,94
205,205,A,R,0.0386,chromophore_edge,4.26,94
205,205,A,S,0.073,chromophore_edge,4.26,94
205,205,A,T,0.073,chromophore_edge,4.26,94
205,205,A,V,0.03,chromophore_edge,4.26,94
205,205,A,W,0.0773,chromophore_edge,4.26,94
205,205,A,Y,0.0858,chromophore_edge,4.26,94
206,206,L,A,0.0789,buried,8.74,70
206,206,L,C,0.0564,buried,8.74,70
206,206,L,D,0.009,buried,8.74,70
206,206,L,E,0.009,buried,8.74,70
206,206,L,F,0.1015,buried,8.74,70
206,206,L,G,0.0338,buried,8.74,70
206,206,L,H,0.0282,buried,8.74,70
206,206,L,I,0.1127,buried,8.74,70
206,206,L,K,0.009,buried,8.74,70
206,206,L,L,0.1127,buried,8.74,70
206,206,L,M,0.0958,buried,8.74,70
206,206,L,N,0.0169,buried,8.74,70
206,206,L,P,0.0169,buried,8.74,70
206,206,L,Q,0.0169,buried,8.74,70
206,206,L,R,0.009,buried,8.74,70
206,206,L,S,0.0282,buried,8.74,70
206,206,L,T,0.0338,buried,8.74,70
206,206,L,V,0.1071,buried,8.74,70
206,206,L,W,0.0676,buried,8.74,70
206,206,L,Y,0.0564,buried,8.74,70
207,207,S,A,0.0789,buried,8.2,72
207,207,S,C,0.0564,buried,8.2,72
207,207,S,D,0.009,buried,8.2,72
207,207,S,E,0.009,buried,8.2,72
207,207,S,F,0.1015,buried,8.2,72
207,207,S,G,0.0338,buried,8.2,72
207,207,S,H,0.0282,buried,8.2,72
207,207,S,I,0.1127,buried,8.2,72
207,207,S,K,0.009,buried,8.2,72
207,207,S,L,0.1127,buried,8.2,72
207,207,S,M,0.0958,buried,8.2,72
207,207,S,N,0.0169,buried,8.2,72
207,207,S,P,0.0169,buried,8.2,72
207,207,S,Q,0.0169,buried,8.2,72
207,207,S,R,0.009,buried,8.2,72
207,207,S,S,0.0282,buried,8.2,72
207,207,S,T,0.0338,buried,8.2,72
207,207,S,V,0.1071,buried,8.2,72
207,207,S,W,0.0676,buried,8.2,72
207,207,S,Y,0.0564,buried,8.2,72
208,208,K,A,0.0513,surface,12.12,57
208,208,K,C,0.0214,surface,12.12,57
208,208,K,D,0.0812,surface,12.12,57
208,208,K,E,0.0812,surface,12.12,57
208,208,K,F,0.0256,surface,12.12,57
208,208,K,G,0.047,surface,12.12,57
208,208,K,H,0.0513,surface,12.12,57
208,208,K,I,0.0256,surface,12.12,57
208,208,K,K,0.0855,surface,12.12,57
208,208,K,L,0.0256,surface,12.12,57
208,208,K,M,0.0299,surface,12.12,57
208,208,K,N,0.0641,surface,12.12,57
208,208,K,P,0.0385,surface,12.12,57
208,208,K,Q,0.0641,surface,12.12,57
208,208,K,R,0.0812,surface,12.12,57
208,208,K,S,0.0684,surface,12.12,57
208,208,K,T,0.0684,surface,12.12,57
208,208,K,V,0.0299,surface,12.12,57
208,208,K,W,0.0171,surface,12.12,57
208,208,K,Y,0.0427,surface,12.12,57
209,209,D,A,0.0513,surface,14.84,67
209,209,D,C,0.0214,surface,14.84,67
209,209,D,D,0.0812,surface,14.84,67
209,209,D,E,0.0812,surface,14.84,67
209,209,D,F,0.0256,surface,14.84,67
209,209,D,G,0.047,surface,14.84,67
209,209,D,H,0.0513,surface,14.84,67
209,209,D,I,0.0256,surface,14.84,67
209,209,D,K,0.0855,surface,14.84,67
209,209,D,L,0.0256,surface,14.84,67
209,209,D,M,0.0299,surface,14.84,67
209,209,D,N,0.0641,surface,14.84,67
209,209,D,P,0.0385,surface,14.84,67
209,209,D,Q,0.0641,surface,14.84,67
209,209,D,R,0.0812,surface,14.84,67
209,209,D,S,0.0684,surface,14.84,67
209,209,D,T,0.0684,surface,14.84,67
209,209,D,V,0.0299,surface,14.84,67
209,209,D,W,0.0171,surface,14.84,67
209,209,D,Y,0.0427,surface,14.84,67
210,210,P,A,0.0513,surface,16.01,62
210,210,P,C,0.0214,surface,16.01,62
210,210,P,D,0.0812,surface,16.01,62
210,210,P,E,0.0812,surface,16.01,62
210,210,P,F,0.0256,surface,16.01,62
210,210,P,G,0.047,surface,16.01,62
210,210,P,H,0.0513,surface,16.01,62
210,210,P,I,0.0256,surface,16.01,62
210,210,P,K,0.0855,surface,16.01,62
210,210,P,L,0.0256,surface,16.01,62
210,210,P,M,0.0299,surface,16.01,62
210,210,P,N,0.0641,surface,16.01,62
210,210,P,P,0.0385,surface,16.01,62
210,210,P,Q,0.0641,surface,16.01,62
210,210,P,R,0.0812,surface,16.01,62
210,210,P,S,0.0684,surface,16.01,62
210,210,P,T,0.0684,surface,16.01,62
210,210,P,V,0.0299,surface,16.01,62
210,210,P,W,0.0171,surface,16.01,62
210,210,P,Y,0.0427,surface,16.01,62
211,211,N,A,0.0513,surface,19.14,38
211,211,N,C,0.0214,surface,19.14,38
211,211,N,D,0.0812,surface,19.14,38
211,211,N,E,0.0812,surface,19.14,38
211,211,N,F,0.0256,surface,19.14,38
211,211,N,G,0.047,surface,19.14,38
211,211,N,H,0.0513,surface,19.14,38
211,211,N,I,0.0256,surface,19.14,38
211,211,N,K,0.0855,surface,19.14,38
211,211,N,L,0.0256,surface,19.14,38
211,211,N,M,0.0299,surface,19.14,38
211,211,N,N,0.0641,surface,19.14,38
211,211,N,P,0.0385,surface,19.14,38
211,211,N,Q,0.0641,surface,19.14,38
211,211,N,R,0.0812,surface,19.14,38
211,211,N,S,0.0684,surface,19.14,38
211,211,N,T,0.0684,surface,19.14,38
211,211,N,V,0.0299,surface,19.14,38
211,211,N,W,0.0171,surface,19.14,38
211,211,N,Y,0.0427,surface,19.14,38
212,212,E,A,0.0513,surface,20.89,41
212,212,E,C,0.0214,surface,20.89,41
212,212,E,D,0.0812,surface,20.89,41
212,212,E,E,0.0812,surface,20.89,41
212,212,E,F,0.0256,surface,20.89,41
212,212,E,G,0.047,surface,20.89,41
212,212,E,H,0.0513,surface,20.89,41
212,212,E,I,0.0256,surface,20.89,41
212,212,E,K,0.0855,surface,20.89,41
212,212,E,L,0.0256,surface,20.89,41
212,212,E,M,0.0299,surface,20.89,41
212,212,E,N,0.0641,surface,20.89,41
212,212,E,P,0.0385,surface,20.89,41
212,212,E,Q,0.0641,surface,20.89,41
212,212,E,R,0.0812,surface,20.89,41
212,212,E,S,0.0684,surface,20.89,41
212,212,E,T,0.0684,surface,20.89,41
212,212,E,V,0.0299,surface,20.89,41
212,212,E,W,0.0171,surface,20.89,41
212,212,E,Y,0.0427,surface,20.89,41
213,213,K,A,0.0513,surface,17.21,67
213,213,K,C,0.0214,surface,17.21,67
213,213,K,D,0.0812,surface,17.21,67
213,213,K,E,0.0812,surface,17.21,67
213,213,K,F,0.0256,surface,17.21,67
213,213,K,G,0.047,surface,17.21,67
213,213,K,H,0.0513,surface,17.21,67
213,213,K,I,0.0256,surface,17.21,67
213,213,K,K,0.0855,surface,17.21,67
213,213,K,L,0.0256,surface,17.21,67
213,213,K,M,0.0299,surface,17.21,67
213,213,K,N,0.0641,surface,17.21,67
213,213,K,P,0.0385,surface,17.21,67
213,213,K,Q,0.0641,surface,17.21,67
213,213,K,R,0.0812,surface,17.21,67
213,213,K,S,0.0684,surface,17.21,67
213,213,K,T,0.0684,surface,17.21,67
213,213,K,V,0.0299,surface,17.21,67
213,213,K,W,0.0171,surface,17.21,67
213,213,K,Y,0.0427,surface,17.21,67
214,214,R,A,0.0513,surface,20.62,46
214,214,R,C,0.0214,surface,20.62,46
214,214,R,D,0.0812,surface,20.62,46
214,214,R,E,0.0812,surface,20.62,46
214,214,R,F,0.0256,surface,20.62,46
214,214,R,G,0.047,surface,20.62,46
214,214,R,H,0.0513,surface,20.62,46
214,214,R,I,0.0256,surface,20.62,46
214,214,R,K,0.0855,surface,20.62,46
214,214,R,L,0.0256,surface,20.62,46
214,214,R,M,0.0299,surface,20.62,46
214,214,R,N,0.0641,surface,20.62,46
214,214,R,P,0.0385,surface,20.62,46
214,214,R,Q,0.0641,surface,20.62,46
214,214,R,R,0.0812,surface,20.62,46
214,214,R,S,0.0684,surface,20.62,46
214,214,R,T,0.0684,surface,20.62,46
214,214,R,V,0.0299,surface,20.62,46
214,214,R,W,0.0171,surface,20.62,46
214,214,R,Y,0.0427,surface,20.62,46
215,215,D,A,0.0513,surface,17.81,67
215,215,D,C,0.0214,surface,17.81,67
215,215,D,D,0.0812,surface,17.81,67
215,215,D,E,0.0812,surface,17.81,67
215,215,D,F,0.0256,surface,17.81,67
215,215,D,G,0.047,surface,17.81,67
215,215,D,H,0.0513,surface,17.81,67
215,215,D,I,0.0256,surface,17.81,67
215,215,D,K,0.0855,surface,17.81,67
215,215,D,L,0.0256,surface,17.81,67
215,215,D,M,0.0299,surface,17.81,67
215,215,D,N,0.0641,surface,17.81,67
215,215,D,P,0.0385,surface,17.81,67
215,215,D,Q,0.0641,surface,17.81,67
215,215,D,R,0.0812,surface,17.81,67
215,215,D,S,0.0684,surface,17.81,67
215,215,D,T,0.0684,surface,17.81,67
215,215,D,V,0.0299,surface,17.81,67
215,215,D,W,0.0171,surface,17.81,67
215,215,D,Y,0.0427,surface,17.81,67
216,216,H,A,0.0789,buried,15.06,86
216,216,H,C,0.0564,buried,15.06,86
216,216,H,D,0.009,buried,15.06,86
216,216,H,E,0.009,buried,15.06,86
216,216,H,F,0.1015,buried,15.06,86
216,216,H,G,0.0338,buried,15.06,86
216,216,H,H,0.0282,buried,15.06,86
216,216,H,I,0.1127,buried,15.06,86
216,216,H,K,0.009,buried,15.06,86
216,216,H,L,0.1127,buried,15.06,86
216,216,H,M,0.0958,buried,15.06,86
216,216,H,N,0.0169,buried,15.06,86
216,216,H,P,0.0169,buried,15.06,86
216,216,H,Q,0.0169,buried,15.06,86
216,216,H,R,0.009,buried,15.06,86
216,216,H,S,0.0282,buried,15.06,86
216,216,H,T,0.0338,buried,15.06,86
216,216,H,V,0.1071,buried,15.06,86
216,216,H,W,0.0676,buried,15.06,86
216,216,H,Y,0.0564,buried,15.06,86
217,217,M,A,0.0789,buried,12.82,101
217,217,M,C,0.0564,buried,12.82,101
217,217,M,D,0.009,buried,12.82,101
217,217,M,E,0.009,buried,12.82,101
217,217,M,F,0.1015,buried,12.82,101
217,217,M,G,0.0338,buried,12.82,101
217,217,M,H,0.0282,buried,12.82,101
217,217,M,I,0.1127,buried,12.82,101
217,217,M,K,0.009,buried,12.82,101
217,217,M,L,0.1127,buried,12.82,101
217,217,M,M,0.0958,buried,12.82,101
217,217,M,N,0.0169,buried,12.82,101
217,217,M,P,0.0169,buried,12.82,101
217,217,M,Q,0.0169,buried,12.82,101
217,217,M,R,0.009,buried,12.82,101
217,217,M,S,0.0282,buried,12.82,101
217,217,M,T,0.0338,buried,12.82,101
217,217,M,V,0.1071,buried,12.82,101
217,217,M,W,0.0676,buried,12.82,101
217,217,M,Y,0.0564,buried,12.82,101
219,219,L,A,0.0789,buried,9.23,88
219,219,L,C,0.0564,buried,9.23,88
219,219,L,D,0.009,buried,9.23,88
219,219,L,E,0.009,buried,9.23,88
219,219,L,F,0.1015,buried,9.23,88
219,219,L,G,0.0338,buried,9.23,88
219,219,L,H,0.0282,buried,9.23,88
219,219,L,I,0.1127,buried,9.23,88
219,219,L,K,0.009,buried,9.23,88
219,219,L,L,0.1127,buried,9.23,88
219,219,L,M,0.0958,buried,9.23,88
219,219,L,N,0.0169,buried,9.23,88
219,219,L,P,0.0169,buried,9.23,88
219,219,L,Q,0.0169,buried,9.23,88
219,219,L,R,0.009,buried,9.23,88
219,219,L,S,0.0282,buried,9.23,88
219,219,L,T,0.0338,buried,9.23,88
219,219,L,V,0.1071,buried,9.23,88
219,219,L,W,0.0676,buried,9.23,88
219,219,L,Y,0.0564,buried,9.23,88
220,220,L,A,0.0343,chromophore_edge,3.72,93
220,220,L,C,0.0429,chromophore_edge,3.72,93
220,220,L,D,0.0472,chromophore_edge,3.72,93
220,220,L,E,0.0472,chromophore_edge,3.72,93
220,220,L,F,0.0815,chromophore_edge,3.72,93
220,220,L,G,0.0086,chromophore_edge,3.72,93
220,220,L,H,0.073,chromophore_edge,3.72,93
220,220,L,I,0.03,chromophore_edge,3.72,93
220,220,L,K,0.0386,chromophore_edge,3.72,93
220,220,L,L,0.03,chromophore_edge,3.72,93
220,220,L,M,0.0429,chromophore_edge,3.72,93
220,220,L,N,0.0687,chromophore_edge,3.72,93
220,220,L,P,0.0086,chromophore_edge,3.72,93
220,220,L,Q,0.0687,chromophore_edge,3.72,93
220,220,L,R,0.0386,chromophore_edge,3.72,93
220,220,L,S,0.073,chromophore_edge,3.72,93
220,220,L,T,0.073,chromophore_edge,3.72,93
220,220,L,V,0.03,chromophore_edge,3.72,93
220,220,L,W,0.0773,chromophore_edge,3.72,93
220,220,L,Y,0.0858,chromophore_edge,3.72,93
221,221,E,A,0.0789,buried,7.82,88
221,221,E,C,0.0564,buried,7.82,88
221,221,E,D,0.009,buried,7.82,88
221,221,E,E,0.009,buried,7.82,88
221,221,E,F,0.1015,buried,7.82,88
221,221,E,G,0.0338,buried,7.82,88
221,221,E,H,0.0282,buried,7.82,88
221,221,E,I,0.1127,buried,7.82,88
221,221,E,K,0.009,buried,7.82,88
221,221,E,L,0.1127,buried,7.82,88
221,221,E,M,0.0958,buried,7.82,88
221,221,E,N,0.0169,buried,7.82,88
221,221,E,P,0.0169,buried,7.82,88
221,221,E,Q,0.0169,buried,7.82,88
221,221,E,R,0.009,buried,7.82,88
221,221,E,S,0.0282,buried,7.82,88
221,221,E,T,0.0338,buried,7.82,88
221,221,E,V,0.1071,buried,7.82,88
221,221,E,W,0.0676,buried,7.82,88
221,221,E,Y,0.0564,buried,7.82,88
222,222,F,A,0.0343,chromophore_edge,2.81,93
222,222,F,C,0.0429,chromophore_edge,2.81,93
222,222,F,D,0.0472,chromophore_edge,2.81,93
222,222,F,E,0.0472,chromophore_edge,2.81,93
222,222,F,F,0.0815,chromophore_edge,2.81,93
222,222,F,G,0.0086,chromophore_edge,2.81,93
222,222,F,H,0.073,chromophore_edge,2.81,93
222,222,F,I,0.03,chromophore_edge,2.81,93
222,222,F,K,0.0386,chromophore_edge,2.81,93
222,222,F,L,0.03,chromophore_edge,2.81,93
222,222,F,M,0.0429,chromophore_edge,2.81,93
222,222,F,N,0.0687,chromophore_edge,2.81,93
222,222,F,P,0.0086,chromophore_edge,2.81,93
222,222,F,Q,0.0687,chromophore_edge,2.81,93
222,222,F,R,0.0386,chromophore_edge,2.81,93
222,222,F,S,0.073,chromophore_edge,2.81,93
222,222,F,T,0.073,chromophore_edge,2.81,93
222,222,F,V,0.03,chromophore_edge,2.81,93
222,222,F,W,0.0773,chromophore_edge,2.81,93
222,222,F,Y,0.0858,chromophore_edge,2.81,93
223,223,V,A,0.0789,buried,7.09,90
223,223,V,C,0.0564,buried,7.09,90
223,223,V,D,0.009,buried,7.09,90
223,223,V,E,0.009,buried,7.09,90
223,223,V,F,0.1015,buried,7.09,90
223,223,V,G,0.0338,buried,7.09,90
223,223,V,H,0.0282,buried,7.09,90
223,223,V,I,0.1127,buried,7.09,90
223,223,V,K,0.009,buried,7.09,90
223,223,V,L,0.1127,buried,7.09,90
223,223,V,M,0.0958,buried,7.09,90
223,223,V,N,0.0169,buried,7.09,90
223,223,V,P,0.0169,buried,7.09,90
223,223,V,Q,0.0169,buried,7.09,90
223,223,V,R,0.009,buried,7.09,90
223,223,V,S,0.0282,buried,7.09,90
223,223,V,T,0.0338,buried,7.09,90
223,223,V,V,0.1071,buried,7.09,90
223,223,V,W,0.0676,buried,7.09,90
223,223,V,Y,0.0564,buried,7.09,90
224,224,T,A,0.0789,buried,5.88,97
224,224,T,C,0.0564,buried,5.88,97
224,224,T,D,0.009,buried,5.88,97
224,224,T,E,0.009,buried,5.88,97
224,224,T,F,0.1015,buried,5.88,97
224,224,T,G,0.0338,buried,5.88,97
224,224,T,H,0.0282,buried,5.88,97
224,224,T,I,0.1127,buried,5.88,97
224,224,T,K,0.009,buried,5.88,97
224,224,T,L,0.1127,buried,5.88,97
224,224,T,M,0.0958,buried,5.88,97
224,224,T,N,0.0169,buried,5.88,97
224,224,T,P,0.0169,buried,5.88,97
224,224,T,Q,0.0169,buried,5.88,97
224,224,T,R,0.009,buried,5.88,97
224,224,T,S,0.0282,buried,5.88,97
224,224,T,T,0.0338,buried,5.88,97
224,224,T,V,0.1071,buried,5.88,97
224,224,T,W,0.0676,buried,5.88,97
224,224,T,Y,0.0564,buried,5.88,97
225,225,A,A,0.0789,buried,9.75,89
225,225,A,C,0.0564,buried,9.75,89
225,225,A,D,0.009,buried,9.75,89
225,225,A,E,0.009,buried,9.75,89
225,225,A,F,0.1015,buried,9.75,89
225,225,A,G,0.0338,buried,9.75,89
225,225,A,H,0.0282,buried,9.75,89
225,225,A,I,0.1127,buried,9.75,89
225,225,A,K,0.009,buried,9.75,89
225,225,A,L,0.1127,buried,9.75,89
225,225,A,M,0.0958,buried,9.75,89
225,225,A,N,0.0169,buried,9.75,89
225,225,A,P,0.0169,buried,9.75,89
225,225,A,Q,0.0169,buried,9.75,89
225,225,A,R,0.009,buried,9.75,89
225,225,A,S,0.0282,buried,9.75,89
225,225,A,T,0.0338,buried,9.75,89
225,225,A,V,0.1071,buried,9.75,89
225,225,A,W,0.0676,buried,9.75,89
225,225,A,Y,0.0564,buried,9.75,89
226,226,A,A,0.0789,buried,11.71,97
226,226,A,C,0.0564,buried,11.71,97
226,226,A,D,0.009,buried,11.71,97
226,226,A,E,0.009,buried,11.71,97
226,226,A,F,0.1015,buried,11.71,97
226,226,A,G,0.0338,buried,11.71,97
226,226,A,H,0.0282,buried,11.71,97
226,226,A,I,0.1127,buried,11.71,97
226,226,A,K,0.009,buried,11.71,97
226,226,A,L,0.1127,buried,11.71,97
226,226,A,M,0.0958,buried,11.71,97
226,226,A,N,0.0169,buried,11.71,97
226,226,A,P,0.0169,buried,11.71,97
226,226,A,Q,0.0169,buried,11.71,97
226,226,A,R,0.009,buried,11.71,97
226,226,A,S,0.0282,buried,11.71,97
226,226,A,T,0.0338,buried,11.71,97
226,226,A,V,0.1071,buried,11.71,97
226,226,A,W,0.0676,buried,11.71,97
226,226,A,Y,0.0564,buried,11.71,97
227,227,G,A,0.0789,buried,12.91,76
227,227,G,C,0.0564,buried,12.91,76
227,227,G,D,0.009,buried,12.91,76
227,227,G,E,0.009,buried,12.91,76
227,227,G,F,0.1015,buried,12.91,76
227,227,G,G,0.0338,buried,12.91,76
227,227,G,H,0.0282,buried,12.91,76
227,227,G,I,0.1127,buried,12.91,76
227,227,G,K,0.009,buried,12.91,76
227,227,G,L,0.1127,buried,12.91,76
227,227,G,M,0.0958,buried,12.91,76
227,227,G,N,0.0169,buried,12.91,76
227,227,G,P,0.0169,buried,12.91,76
227,227,G,Q,0.0169,buried,12.91,76
227,227,G,R,0.009,buried,12.91,76
227,227,G,S,0.0282,buried,12.91,76
227,227,G,T,0.0338,buried,12.91,76
227,227,G,V,0.1071,buried,12.91,76
227,227,G,W,0.0676,buried,12.91,76
227,227,G,Y,0.0564,buried,12.91,76
228,228,I,A,0.0513,surface,15.31,45
228,228,I,C,0.0214,surface,15.31,45
228,228,I,D,0.0812,surface,15.31,45
228,228,I,E,0.0812,surface,15.31,45
228,228,I,F,0.0256,surface,15.31,45
228,228,I,G,0.047,surface,15.31,45
228,228,I,H,0.0513,surface,15.31,45
228,228,I,I,0.0256,surface,15.31,45
228,228,I,K,0.0855,surface,15.31,45
228,228,I,L,0.0256,surface,15.31,45
228,228,I,M,0.0299,surface,15.31,45
228,228,I,N,0.0641,surface,15.31,45
228,228,I,P,0.0385,surface,15.31,45
228,228,I,Q,0.0641,surface,15.31,45
228,228,I,R,0.0812,surface,15.31,45
228,228,I,S,0.0684,surface,15.31,45
228,228,I,T,0.0684,surface,15.31,45
228,228,I,V,0.0299,surface,15.31,45
228,228,I,W,0.0171,surface,15.31,45
228,228,I,Y,0.0427,surface,15.31,45
229,229,T,A,0.0513,surface,17.34,46
229,229,T,C,0.0214,surface,17.34,46
229,229,T,D,0.0812,surface,17.34,46
229,229,T,E,0.0812,surface,17.34,46
229,229,T,F,0.0256,surface,17.34,46
229,229,T,G,0.047,surface,17.34,46
229,229,T,H,0.0513,surface,17.34,46
229,229,T,I,0.0256,surface,17.34,46
229,229,T,K,0.0855,surface,17.34,46
229,229,T,L,0.0256,surface,17.34,46
229,229,T,M,0.0299,surface,17.34,46
229,229,T,N,0.0641,surface,17.34,46
229,229,T,P,0.0385,surface,17.34,46
229,229,T,Q,0.0641,surface,17.34,46
229,229,T,R,0.0812,surface,17.34,46
229,229,T,S,0.0684,surface,17.34,46
229,229,T,T,0.0684,surface,17.34,46
229,229,T,V,0.0299,surface,17.34,46
229,229,T,W,0.0171,surface,17.34,46
229,229,T,Y,0.0427,surface,17.34,46
64,64,S,A,0.3,chromophore_core,0.0,-1
64,64,S,C,0.3,chromophore_core,0.0,-1
64,64,S,D,0.3,chromophore_core,0.0,-1
64,64,S,E,0.3,chromophore_core,0.0,-1
64,64,S,F,0.3,chromophore_core,0.0,-1
64,64,S,G,0.3,chromophore_core,0.0,-1
64,64,S,H,0.3,chromophore_core,0.0,-1
64,64,S,I,0.3,chromophore_core,0.0,-1
64,64,S,K,0.3,chromophore_core,0.0,-1
64,64,S,L,0.3,chromophore_core,0.0,-1
64,64,S,M,0.3,chromophore_core,0.0,-1
64,64,S,N,0.3,chromophore_core,0.0,-1
64,64,S,P,0.3,chromophore_core,0.0,-1
64,64,S,Q,0.3,chromophore_core,0.0,-1
64,64,S,R,0.3,chromophore_core,0.0,-1
64,64,S,S,1.0,chromophore_core,0.0,-1
64,64,S,T,0.3,chromophore_core,0.0,-1
64,64,S,V,0.3,chromophore_core,0.0,-1
64,64,S,W,0.3,chromophore_core,0.0,-1
64,64,S,Y,0.3,chromophore_core,0.0,-1
65,65,Y,A,0.3,chromophore_core,0.0,-1
65,65,Y,C,0.3,chromophore_core,0.0,-1
65,65,Y,D,0.3,chromophore_core,0.0,-1
65,65,Y,E,0.3,chromophore_core,0.0,-1
65,65,Y,F,0.3,chromophore_core,0.0,-1
65,65,Y,G,0.3,chromophore_core,0.0,-1
65,65,Y,H,0.3,chromophore_core,0.0,-1
65,65,Y,I,0.3,chromophore_core,0.0,-1
65,65,Y,K,0.3,chromophore_core,0.0,-1
65,65,Y,L,0.3,chromophore_core,0.0,-1
65,65,Y,M,0.3,chromophore_core,0.0,-1
65,65,Y,N,0.3,chromophore_core,0.0,-1
65,65,Y,P,0.3,chromophore_core,0.0,-1
65,65,Y,Q,0.3,chromophore_core,0.0,-1
65,65,Y,R,0.3,chromophore_core,0.0,-1
65,65,Y,S,0.3,chromophore_core,0.0,-1
65,65,Y,T,0.3,chromophore_core,0.0,-1
65,65,Y,V,0.3,chromophore_core,0.0,-1
65,65,Y,W,0.3,chromophore_core,0.0,-1
65,65,Y,Y,1.0,chromophore_core,0.0,-1
66,66,G,A,0.3,chromophore_core,0.0,-1
66,66,G,C,0.3,chromophore_core,0.0,-1
66,66,G,D,0.3,chromophore_core,0.0,-1
66,66,G,E,0.3,chromophore_core,0.0,-1
66,66,G,F,0.3,chromophore_core,0.0,-1
66,66,G,G,1.0,chromophore_core,0.0,-1
66,66,G,H,0.3,chromophore_core,0.0,-1
66,66,G,I,0.3,chromophore_core,0.0,-1
66,66,G,K,0.3,chromophore_core,0.0,-1
66,66,G,L,0.3,chromophore_core,0.0,-1
66,66,G,M,0.3,chromophore_core,0.0,-1
66,66,G,N,0.3,chromophore_core,0.0,-1
66,66,G,P,0.3,chromophore_core,0.0,-1
66,66,G,Q,0.3,chromophore_core,0.0,-1
66,66,G,R,0.3,chromophore_core,0.0,-1
66,66,G,S,0.3,chromophore_core,0.0,-1
66,66,G,T,0.3,chromophore_core,0.0,-1
66,66,G,V,0.3,chromophore_core,0.0,-1
66,66,G,W,0.3,chromophore_core,0.0,-1
66,66,G,Y,0.3,chromophore_core,0.0,-1
