| Run on Mon Sep  7 03:32:38 2026
| GB non-polar solvation energies calculated with gbsa=2
idecomp = 1: Per-residue decomp adding 1-4 interactions to Internal.
Energy Decomposition Analysis (All units kcal/mol): Generalized Born solvent
DELTAS:
Total Energy Decomposition:
Residue,Location,Internal,,,van der Waals,,,Electrostatic,,,Polar Solvation,,,Non-Polar Solv.,,,TOTAL,,
,,Avg.,Std. Dev.,Std. Err. of Mean,Avg.,Std. Dev.,Std. Err. of Mean,Avg.,Std. Dev.,Std. Err. of Mean,Avg.,Std. Dev.,Std. Err. of Mean,Avg.,Std. Dev.,Std. Err. of Mean
LEU  55,R LEU  55,0.0,0.0,0.0,-0.018878048780487804,0.006340712901179296,0.000990252986832788,1.6800243902439012,0.478411522406149,0.07471532718502344,-1.6522195121951215,0.4927142105499013,0.0769490317975528,0.0,0.0,0.0,0.008926829268290378,0.029711121547410544,0.004640097621988727
ILE  56,R ILE  56,0.0,0.0,0.0,-0.050512195121951216,0.011402015121897304,0.0017806955946974754,-2.6448292682926824,0.33271205615982846,0.05196089343617358,2.697317073170732,0.34328345956504164,0.05361186927440774,0.0,0.0,0.0,0.0019756097560972284,0.04245427256207014,0.006630243454262724
ASN  57,R ASN  57,0.0,0.0,0.0,-0.36851219512195105,0.2913591465705228,0.04550265398057231,-3.7575609756097568,1.8249961850782763,0.2850165196560292,3.1921219512195123,1.6077898508947293,0.2510945893405509,-0.05424181463414634,0.046239148782113416,0.00722134181182961,-0.9881930341463391,0.921112769184989,0.14385364628725103
SER  58,R SER  58,0.0,0.0,0.0,-0.08360975609756092,0.05219189641275766,0.008151004802880809,2.2640731707317077,1.0654108194298744,0.16638921562718587,-2.1317804878048783,1.0809667649545696,0.16881864615951175,0.0,0.0,0.0,0.048682926829267524,0.052107973747010074,0.008137898284463287
ARG  59,R ARG  59,0.0,0.0,0.0,-2.295560975609756,1.660313753022933,0.25929744472498145,-193.66575609756097,35.25884735106756,5.5065068306723335,191.80599999999995,33.65838444378873,5.256556517679424,-0.49215687804878044,0.34836834821870094,0.054405995464234407,-4.64747395121951,4.081010825327608,0.6373468128995377
VAL  60,R VAL  60,0.0,0.0,0.0,-1.4097073170731709,1.0013670471496414,0.15638725878464466,-4.889048780487806,0.933893500775752,0.14584966121946905,4.942268292682926,0.8834763106239306,0.13797581896960592,-0.06347800975609756,0.052224565170639226,0.0081561068056954,-1.4199658146341472,1.0265351327433156,0.1603178533913432
TRP  61,R TRP  61,0.0,0.0,0.0,-3.7271707317073175,2.151782062389548,0.33605189944779895,-2.0531707317073162,1.6466333414256453,0.25716092338164853,3.0834146341463415,1.8239755424067605,0.28485712205047453,-0.5598467121951219,0.3357734704291093,0.05243900601930663,-3.256773541463413,1.9132287835117108,0.29879613647458536
PRO  62,R PRO  62,0.0,0.0,0.0,-0.1625853658536586,0.11917561864125018,0.018612104688605927,0.20641463414634148,0.7324237736284143,0.11438537602419828,-0.16885365853658532,0.7408646748152148,0.11570362331627092,-0.007198946341463409,0.021672538465387612,0.003384681861815101,-0.13222333658536642,0.11104197070520885,0.017341842292556857
ARG  63,R ARG  63,0.0,0.0,0.0,-0.5700487804878047,0.40972340171528776,0.06398804497967304,-208.89468292682923,16.49673101459106,2.576356541413127,208.0195853658536,15.205901184346267,2.374762790865767,-0.10930759024390244,0.12900327971570605,0.020146927489169922,-1.5544539317073172,2.266149531204657,0.3539130972903324
ARG  64,R ARG  64,0.0,0.0,0.0,-2.7106585365853664,1.1472072475226893,0.17916367151149165,-230.62836585365855,19.32484859342551,3.0180343027629997,231.22036585365856,20.37483041707765,3.1820139140774133,-0.483017443902439,0.12061008282629972,0.018836130356679588,-2.601675980487806,1.8815003765676743,0.2938409918034026
GLN  65,R GLN  65,0.0,0.0,0.0,-0.14353658536585343,0.048716751043585894,0.007608278277467484,-2.510878048780489,1.4104862713664634,0.22028094709153387,2.728219512195122,1.4543463457092383,0.22713073989835894,0.0,0.0,0.0,0.07380487804878022,0.08090922933039658,0.012635898716035978
ARG  66,R ARG  66,0.0,0.0,0.0,-0.09348780487804878,0.032391749891524844,0.005058741434714282,-161.30278048780485,6.365199188393085,0.9940771024216503,161.16214634146343,6.364722374574131,0.9940026366138238,0.0,0.0,0.0,-0.23412195121950985,0.09991733049265303,0.015604465380904752
TYR  67,R TYR  67,0.0,0.0,0.0,-1.3831463414634144,1.248719901826796,0.1950172846134616,-12.83270731707317,1.6072447450324128,0.2510094581074054,10.583195121951219,1.1217919727917935,0.17519447244733521,-0.2155490341463414,0.056477352365565364,0.008820280580438707,-3.848207570731708,1.0580598550569362,0.165241187867555
THR  68,R THR  68,0.0,0.0,0.0,-0.7203414634146341,0.4528229401322924,0.07071906202991915,-0.9846585365853657,1.8556661890959685,0.28980636956061084,0.6929756097560974,1.6044395038007309,0.2505713530312486,-0.04497436097560976,0.034118830125234,0.005328466051896095,-1.0569987512195118,0.8559217537554139,0.13367252016627612
LEU  69,R LEU  69,0.0,0.0,0.0,-0.05975609756097555,0.023342393640509947,0.003645469426323113,-0.8343902439024394,0.39689089721869625,0.06198394447798789,0.7711951219512196,0.4046175682809265,0.06319064776465222,0.0,0.0,0.0,-0.12295121951219513,0.049957030911946844,0.007801977450304119
ALA  70,R ALA  70,0.0,0.0,0.0,-0.06356097560975595,0.02238471689049703,0.0034959054456003415,-2.949609756097561,0.3835551207278126,0.05990124609570096,2.641951219512195,0.3597916708332146,0.05619001873021019,0.0,0.0,0.0,-0.37121951219512056,0.10242701439469205,0.015996412157037464
HID  71,R HID  71,0.0,0.0,0.0,-0.9700000000000004,0.4815960760718513,0.07521267091093231,-3.5897073170731715,1.1751321304826976,0.18352480553365516,4.45851219512195,0.8701378113993739,0.13589269536775864,-0.05014922926829268,0.03685708835024384,0.0057561101399182975,-0.15134435121951254,0.28915778312380647,0.04515885876981455
GLU  72,R GLU  72,0.0,0.0,0.0,-0.09658536585365847,0.04075206151287405,0.006364402751181419,157.75763414634147,7.472046233457643,1.1669375692846697,-156.81009756097563,7.366012720944318,1.1503779167492012,0.0,0.0,0.0,0.8509512195121874,0.2174792337963783,0.033964550074632074
ILE  73,R ILE  73,0.0,0.0,0.0,-0.020658536585365907,0.005121021983071638,0.0007997692678105473,-2.476975609756097,0.20375541145647377,0.03182124911231829,2.3910731707317074,0.20742949319236695,0.03239504427849895,0.0,0.0,0.0,-0.10656097560975618,0.05126499722531296,0.008006247469886077
SER  74,R SER  74,0.0,0.0,0.0,-0.0358780487804877,0.008488715958951893,0.0013257147049133633,-3.5929999999999995,0.6071050457584466,0.09481387885765093,3.4439268292682925,0.6164123734629608,0.09626743923839497,0.0,0.0,0.0,-0.18495121951219465,0.05839267880083369,0.009119404315079255
HID  75,R HID  75,0.0,0.0,0.0,-0.05807317073170732,0.014964005991455328,0.002336985108609219,2.458853658536585,0.3349477251515158,0.0523100462729431,-2.0543658536585365,0.3177222100144511,0.04961987277351858,0.0,0.0,0.0,0.346414634146341,0.09658636363121073,0.015084255755427026
ALA  76,R ALA  76,0.0,0.0,0.0,-0.0051951219512194275,0.0010869404856172844,0.00016975158458787962,-1.8618048780487801,0.22132397834586276,0.034564998294425775,1.9261707317073171,0.22382668626602897,0.03495585560522654,0.0,0.0,0.0,0.05917073170731706,0.011161568294003039,0.0017431441090510456
LEU  77,R LEU  77,0.0,0.0,0.0,-0.009268292682926805,0.0015464260960144506,0.00024151118089728746,-2.8403414634146347,0.22370544764304676,0.03493692131338921,2.9134878048780486,0.2307770671651068,0.03604132273679424,0.0,0.0,0.0,0.06387804878048746,0.021866775244817147,0.0034150165503557387
LEU  78,R LEU  78,0.0,0.0,0.0,-0.018804878048780508,0.0028730837702686546,0.0004487003006239554,-3.052439024390245,0.21898513690297491,0.03419973262782901,3.1151951219512193,0.22318866781183355,0.03485621386308049,0.0,0.0,0.0,0.043951219512193294,0.018404600723217274,0.002874315731002602
LEU  79,R LEU  79,0.0,0.0,0.0,-0.006560975609756014,0.001307553673529848,0.00020420557606642262,-1.947146341463416,0.21684349318205207,0.033865264071307376,1.9725121951219513,0.22070719173924827,0.034468672409788285,0.0,0.0,0.0,0.018804878048779727,0.008109673573758684,0.0012665182297025097
GLY  80,R GLY  80,0.0,0.0,0.0,-0.0014390243902438523,0.000496268047545754,7.750404789033403e-05,-1.9643658536585356,0.17426483295478887,0.027215594527438908,1.975073170731707,0.17676253745079779,0.027605670434666708,0.0,0.0,0.0,0.00926829268292752,0.005814298566190358,0.0009080408798254767
ASP  81,R ASP  81,0.0,0.0,0.0,-0.0031951219512195176,0.0006332075602803806,9.889040674529333e-05,111.34143902439025,3.13159705261336,0.4890732924258995,-111.25785365853659,3.125957371873756,0.4881925222689448,0.0,0.0,0.0,0.08039024390243762,0.014166050190130173,0.0022123653492954324
ASP  82,R ASP  82,0.0,0.0,0.0,-0.001536585365853687,0.0005453824335365379,8.51744263133638e-05,100.29729268292684,3.3765432261763966,0.5273274578114583,-100.24507317073169,3.3712938125088847,0.5265076371312936,0.0,0.0,0.0,0.05068292682926698,0.0076395601469291426,0.0011930988473201963
ASP  83,R ASP  83,0.0,0.0,0.0,-0.0025365853658537527,0.0005884067356983587,9.189369343460743e-05,105.47490243902438,3.587265435894374,0.5602367380165946,-105.39507317073172,3.577646483443505,0.5587345100269148,0.0,0.0,0.0,0.07729268292683059,0.012541139914809431,0.0019585969988671413
LEU  84,R LEU  84,0.0,0.0,0.0,-0.012487804878048792,0.001754742024254163,0.00027404466307180025,0.3476341463414641,0.3814074548811364,0.05956583704114586,-0.30587804878048774,0.3809903779030769,0.059500700560485176,0.0,0.0,0.0,0.029268292682927723,0.01778053799049308,0.0027768535063785803
LEU  85,R LEU  85,0.0,0.0,0.0,-0.006902439024390361,0.0009577636056622306,0.000149577545296266,1.2655121951219521,0.2728342766849601,0.042609555362047025,-1.2557073170731707,0.27515957621984477,0.04297270613792779,0.0,0.0,0.0,0.0029024390243898917,0.008742397053798975,0.0013653330358156524
SER  86,R SER  86,0.0,0.0,0.0,-0.0027317073170731623,0.0005853658536585348,9.141878744698865e-05,0.339317073170732,0.7338038363188836,0.11460090560621099,-0.32607317073170733,0.7322020376332867,0.1143507466796931,0.0,0.0,0.0,0.010512195121951935,0.005397026964867192,0.0008428740041175552
ASP  87,R ASP  87,0.0,0.0,0.0,-0.007390243902438915,0.0017373662261959452,0.00027133101932323164,114.195,3.849806089510197,0.6012386995404712,-114.07551219512195,3.8378160845245173,0.5993661753567944,0.0,0.0,0.0,0.11209756097560984,0.027139930871494265,0.004238545101597975
LEU  88,R LEU  88,0.0,0.0,0.0,-0.026365853658536702,0.0047254169905606574,0.0007379861479081936,0.45226829268292734,0.4437946693087266,0.06930908301205374,-0.41965853658536584,0.44392663697112456,0.06932969289833807,0.0,0.0,0.0,0.006243902439024699,0.01316458754609459,0.0020559631607854852
HIE  89,R HIE  89,0.0,0.0,0.0,-0.006317073170731759,0.00123839046583262,0.00019340409773606354,0.6545609756097569,1.782062357573937,0.2783113823024,-0.6316585365853659,1.7785204814437567,0.27775823418300627,0.0,0.0,0.0,0.01658536585366023,0.007308450203591304,0.0011413881618704028
ASP  90,R ASP  90,0.0,0.0,0.0,-0.005951219512195181,0.0017101022578495239,0.00026707310282255917,109.31351219512193,3.8442374937551107,0.6003690309929625,-109.18868292682929,3.8300716317501036,0.5981566950332455,0.0,0.0,0.0,0.11887804878048838,0.020820012794860145,0.00325153972074222
ALA  91,R ALA  91,0.0,0.0,0.0,-0.016804878048780402,0.006481566779101771,0.0010122506668245393,0.6981707317073178,0.5873458241889071,0.09172800689314546,-0.6395853658536585,0.575199518962864,0.08983107271294707,0.0,0.0,0.0,0.041780487804879564,0.01234960687657607,0.0019286845637602832
TYR  92,R TYR  92,0.0,0.0,0.0,-0.12807317073170757,0.06880243552265361,0.010745135182671077,-2.826463414634146,1.481448353561902,0.231363362419444,3.08539024390244,1.5473968522784967,0.2416627875549205,-0.015300175609756108,0.032144122742793844,0.005020068571351213,0.11555348292682739,0.0435943515995945,0.006808293886403245
GLU  93,R GLU  93,0.0,0.0,0.0,-0.01790243902439025,0.008658296114833259,0.0013521986757990124,141.29670731707316,7.003775888392635,1.093806027914992,-140.99936585365853,6.949215543573164,1.0852851336145954,0.0,0.0,0.0,0.27943902439024476,0.06302343690285257,0.009842607228267686
GLY  94,R GLY  94,0.0,0.0,0.0,-0.005390243902439037,0.0015441162723262706,0.00024115044704260498,2.1283170731707317,0.5096946689559977,0.07960093386542588,-2.1135365853658534,0.5076464631890397,0.07928105786567811,0.0,0.0,0.0,0.009390243902438585,0.01275066339504391,0.001991319068979353
GLU  95,R GLU  95,0.0,0.0,0.0,-0.024853658536585374,0.011958385109202175,0.001867585988616793,145.79848780487805,11.98641252524953,1.8719631356169255,-145.46358536585373,11.890794629696236,1.8570301291644957,0.0,0.0,0.0,0.31004878048780565,0.10294562884606483,0.016077406126878146
ARG  96,R ARG  96,0.0,0.0,0.0,-0.13558536585365852,0.10731307642224983,0.01675948684470223,-151.17373170731707,8.312448669269342,1.2981863791857307,151.11324390243905,8.340308664757304,1.3025373794872852,-0.012702380487804891,0.04165426874984723,0.006505303849382645,-0.2087755512195121,0.0842516852713254,0.013157902634277753
LEU  97,R LEU  97,0.0,0.0,0.0,-0.027048780487805093,0.005494792299553095,0.0008581423842177513,3.3211219512195127,0.3329561748882167,0.05199901837633344,-3.35409756097561,0.3377497850645138,0.05274765451059326,0.0,0.0,0.0,-0.06002439024390197,0.03248000345794689,0.0050725243261824995
GLU  98,R GLU  98,0.0,0.0,0.0,-0.03973170731707323,0.012656868163934224,0.0019766707148897423,146.93836585365852,7.496747606197583,1.1707952755892788,-146.70760975609758,7.418592230132241,1.1585894564973356,0.0,0.0,0.0,0.1910243902439035,0.09419711761032278,0.01471111821626757
GLN  99,R GLN  99,0.0,0.0,0.0,-0.47904878048780486,0.3788635091904123,0.059168539472585165,0.07229268292682854,4.683890551115013,0.7315008076421279,0.2171219512195124,4.663518132844751,0.7283191704420929,-0.096985756097561,0.09678953006280462,0.015115985021338528,-0.2866199024390245,0.6149283385573874,0.09603567192441756
VAL 100,R VAL 100,0.0,0.0,0.0,-0.20224390243902443,0.0513214548810966,0.00801506467437722,3.3772439024390235,0.6324660901153139,0.09877460856028669,-3.496707317073171,0.6074135587965365,0.09486206049940112,-0.004766575609756094,0.010291447322158868,0.0016072540435799715,-0.32647389268292754,0.08606564797659724,0.013441196013885688
SER 145,R SER 145,0.0,0.0,0.0,-0.7206341463414635,0.2083625775231147,0.03254076756859114,-2.064951219512197,3.5066781512076424,0.5476511186066797,2.9826829268292685,3.342474251056662,0.52200677780332,-0.061477990243902436,0.04085747115295488,0.006380864971212166,0.13561957073170527,0.4830735656693277,0.0754434160195215
SER 146,R SER 146,0.0,0.0,0.0,-0.3923170731707317,0.8044109627706352,0.12562788616032555,-8.489951219512195,1.8066961350624933,0.2821585320023147,5.627439024390245,1.2381437532043882,0.19336556769680716,-0.10325028292682926,0.04189660480198377,0.006543150382286042,-3.3580795512195123,0.7312516605224457,0.11420232271108023
ALA 147,R ALA 147,0.0,0.0,0.0,-0.11482926829268282,0.012084867455451277,0.0018873392124430124,-2.7660975609756098,0.5492641998287914,0.0857806563579974,2.878146341463414,0.5332810800051834,0.08328451240842819,0.0,0.0,0.0,-0.0027804878048768925,0.12149064245710675,0.018973650666789965
LEU 148,R LEU 148,0.0,0.0,0.0,-0.36619512195121945,0.06408691488230249,0.010008694585004073,-6.4056585365853635,0.6768516287231494,0.10570646509812434,5.577658536585367,0.6196731479029836,0.09677668664936352,0.0,0.0,0.0,-1.1941951219512181,0.22512037100098428,0.03515789521698238
TYR 149,R TYR 149,0.0,0.0,0.0,-3.389073170731707,0.8809916638193669,0.1375877823311727,-8.030463414634148,1.05273875335138,0.1644101713968064,8.294560975609755,0.9167015379591203,0.14316472771214664,-0.5857758439024391,0.0456920633681169,0.007135901424651389,-3.7107514536585366,0.7777084958145333,0.12145766144408492
ALA 150,R ALA 150,0.0,0.0,0.0,-0.08646341463414638,0.016977887427798703,0.0026515005485205933,-3.146975609756098,0.4146603363321224,0.06475906463098219,3.168,0.44280491768040503,0.06915450977692339,0.0,0.0,0.0,-0.06543902439024384,0.1086141186484522,0.016962675503544182
LEU 151,R LEU 151,0.0,0.0,0.0,-0.03378048780487813,0.003997024473292224,0.0006242303483548709,-3.5441707317073172,0.23838797056315827,0.037229946151838715,3.5674878048780485,0.24742114998729892,0.03864069176432151,0.0,0.0,0.0,-0.010463414634146738,0.049100244677238426,0.007668169920895331
ALA 152,R ALA 152,0.0,0.0,0.0,-0.06139024390243908,0.016092534322353396,0.00251323162344344,-4.361121951219513,0.3808371520051568,0.05947677069558823,4.39760975609756,0.37235073146417325,0.05815141447473409,0.0,0.0,0.0,-0.02490243902438971,0.05568018646505052,0.008695784182905985
GLU 153,R GLU 153,0.0,0.0,0.0,-0.12570731707317057,0.060008228664375884,0.009371710814787266,152.25921951219516,6.318365671333111,0.9867629358799199,-151.61975609756098,6.154870519453999,0.96122928296041,-0.005426341463414634,0.012612388407241115,0.0019697241439590894,0.5083297560975625,0.14970477680609784,0.02337995816650244
ARG 154,R ARG 154,0.0,0.0,0.0,-0.017317073170731643,0.0031810339198952296,0.0004967940339652968,-127.26024390243907,3.10724841636248,0.4852706743057422,127.28934146341466,3.1205510896171185,0.4873482028310941,0.0,0.0,0.0,0.011780487804871216,0.035168245235335065,0.005492357157423323
THR 155,R THR 155,0.0,0.0,0.0,-0.012756097560975668,0.001573879590722126,0.0002457986964427741,0.35056097560975674,0.41782859414699414,0.06525386337256368,-0.30724390243902444,0.4196111893976349,0.06553225797878102,0.0,0.0,0.0,0.030560975609756014,0.01861424681296762,0.0029070569495041497
SER 156,R SER 156,0.0,0.0,0.0,-0.005121951219512205,0.001016812857837841,0.00015879948914524004,-0.18480487804878112,1.094914591156509,0.1709969306476371,0.20843902439024406,1.0860807374376893,0.16961731448039538,0.0,0.0,0.0,0.018512195121951056,0.012460908535213113,0.0019460669624940718
VAL 157,R VAL 157,0.0,0.0,0.0,-0.008146341463414636,0.0010490640569563755,0.00016383628023700008,2.292634146341464,0.47221371536664486,0.0737473923442044,-2.2596097560975617,0.4708723030275565,0.07353789893296517,0.0,0.0,0.0,0.024878048780488562,0.009402114764583597,0.0014683636324934262
PRO 158,R PRO 158,0.0,0.0,0.0,-0.022951219512195097,0.0059179397350693,0.0009242269110558334,-1.162146341463415,0.373300412665685,0.05829972976056907,1.2089268292682926,0.37797640849364056,0.05902999761959632,0.0,0.0,0.0,0.023829268292682892,0.014430493524721033,0.002253664459664854
VAL 159,R VAL 159,0.0,0.0,0.0,-0.024097560975609875,0.0027744907513286166,0.00043330265796013515,0.8503414634146339,0.24945888851927753,0.03895893305660598,-0.8172195121951218,0.25930907372638407,0.0404972735356993,0.0,0.0,0.0,0.00902439024390138,0.02781514572935477,0.00434399594603313
LEU 160,R LEU 160,0.0,0.0,0.0,-0.1483170731707319,0.024369552198604257,0.003805884642396778,-3.1754634146341454,0.4526342462260668,0.07068959299273844,3.160146341463414,0.4452181466386668,0.06953139282163365,0.0,0.0,0.0,-0.16363414634146378,0.05678146214904424,0.008867774549351733
TYR 161,R TYR 161,0.0,0.0,0.0,-0.07846341463414631,0.007730514642179854,0.0012073035530041794,1.4962439024390253,0.4337830625896408,0.06774553272818486,-1.6395853658536585,0.4417391888947082,0.06898807090330814,0.0,0.0,0.0,-0.22180487804878007,0.07008191009487492,0.010944955539855694
ALA 162,R ALA 162,0.0,0.0,0.0,-0.05631707317073167,0.007918607368292868,0.0012366787016251319,-3.6611463414634153,0.34578631220181544,0.054002749186145525,3.565536585365854,0.32770324898178044,0.05117864917660317,0.0,0.0,0.0,-0.15192682926829293,0.08053219027466062,0.012577015108322764
VAL 163,R VAL 163,0.0,0.0,0.0,-0.11197560975609763,0.014846347674170597,0.0023186099665813793,2.2412439024390243,0.6016058907862134,0.09395505513842883,-2.28890243902439,0.5771679302855884,0.09013848691416107,0.0,0.0,0.0,-0.15963414634146375,0.12763414867189027,0.019933105143538736
GLU 164,R GLU 164,0.0,0.0,0.0,-0.17531707317073192,0.058934622324291155,0.009204041673868775,221.56726829268297,6.326291527346831,0.9880007466297701,-221.39351219512196,6.162930302087509,0.9624880095342897,-0.00014505365853658537,0.0009173998878318724,0.00014327379163888877,-0.0017060292682880387,0.23753445866670245,0.03709664998815253
ASN 165,R ASN 165,0.0,0.0,0.0,-0.8259268292682925,0.3622387294106867,0.056572185073815784,-0.5887073170731718,2.596919490697771,0.40557068618411385,1.3178048780487808,2.5746498432963585,0.40209275157350244,-0.12480585365853664,0.05913504783929861,0.00923534288052595,-0.2216351219512213,0.6267605847653299,0.09788355832630413
VAL 166,R VAL 166,0.0,0.0,0.0,-1.2334634146341465,0.4591354068597219,0.07170490370553848,5.352853658536584,1.1633915634057657,0.1816912370065452,-4.929926829268291,0.9609597182046234,0.15007669421543085,-0.1397223219512195,0.05254066099482777,0.008205472679676204,-0.9502589073170735,1.0209206479701654,0.159441018183254
SER 167,R SER 167,0.0,0.0,0.0,-1.927292682926829,0.4033938488171745,0.06299953489250176,-7.443341463414636,1.6008708241447331,0.2500140189043961,7.242317073170731,1.7255973082374463,0.2694930231322945,-0.17401012682926828,0.05228189107927224,0.008165059608500301,-2.3023271999999997,0.7344641038278759,0.11470402206694313
ARG 168,R ARG 168,0.0,0.0,0.0,-2.924829268292683,1.0867872972147177,0.16972766057877306,-200.34780487804878,14.366056593912024,2.2436011017758557,200.40343902439022,14.436825395999655,2.2546533318222313,-0.5469144585365854,0.1548720669750625,0.024186953310959665,-3.4161095804878117,1.6712646436754375,0.26100768651421385
LEU 169,R LEU 169,0.0,0.0,0.0,-0.3003902439024392,0.45078559492040715,0.0704008821639133,0.3154878048780502,1.610526850957834,0.25152203693669534,-0.056853658536585375,1.6996086287081789,0.2654342732836914,-0.012263356097560974,0.044325141443159785,0.006922424085422821,-0.05401945365853448,0.3441795815155052,0.053751820010522595
GLU 170,R GLU 170,0.0,0.0,0.0,-0.18900000000000006,0.16389809445461417,0.02559658197735118,173.92856097560977,12.453827657368931,1.944961115163672,-173.03109756097564,11.948842364184822,1.8660956622286893,-0.02159086829268292,0.04211971353071484,0.006577994111762159,0.6868725463414672,0.41413123484668574,0.0646764328615807
ALA 171,R ALA 171,0.0,0.0,0.0,-0.019609756097560927,0.01034261383384883,0.0016152449101933105,-0.30797560975609817,1.6252446343108884,0.25382056852960333,0.3356829268292681,1.6095262662981396,0.2513657718663028,0.0,0.0,0.0,0.008097560975608016,0.02516947907641362,0.003930812232140073
GLU 172,R GLU 172,0.0,0.0,0.0,-0.02090243902439026,0.050333911798885494,0.007860836356201243,143.1663658536585,14.024735199024267,2.190295655523168,-142.86853658536583,13.867408003533697,2.1657252755560217,-0.000817639024390246,0.005171203241822287,0.0008076062637659417,0.27610919024390124,0.12777804637151477,0.01995557818861621
SER 173,R SER 173,0.0,0.0,0.0,-0.013512195121951183,0.048152259502347645,0.00752011950991801,-0.3185853658536583,2.054194435611692,0.3208112726601199,0.3563414634146344,2.0855082624317336,0.32570167079373413,-0.002416390243902439,0.01528259377308301,0.0023867401609577597,0.021827512195122085,0.016443352389669152,0.002568020200754632
GLY 174,R GLY 174,0.0,0.0,0.0,-0.0038780487804878057,0.009469321767124022,0.0014788596029054215,0.06997560975609686,1.3238288425182332,0.20674733043271154,-0.05770731707317056,1.3202278303735313,0.2061849468194669,0.0,0.0,0.0,0.008390243902438468,0.010578113734705501,0.0016520238156344904
GLU 175,R GLU 175,0.0,0.0,0.0,-0.005195121951219558,0.007191524524405666,0.0011231274386906014,117.80107317073171,11.233882584461833,1.754437703830301,-117.67731707317074,11.158886473949151,1.7427252791245216,0.0,0.0,0.0,0.11856097560975568,0.07856364478545473,0.012269579953824635
GLU 176,R GLU 176,0.0,0.0,0.0,-0.005170731707317013,0.005060138044122935,0.0007902607940263321,123.46546341463414,9.61627216980597,1.5018094001033069,-123.31778048780484,9.554312014675624,1.492132849589399,0.0,0.0,0.0,0.14251219512194835,0.06131689853866735,0.009576090712125652
ARG 177,R ARG 177,0.0,0.0,0.0,-0.007048780487804903,0.0031696058038522897,0.0004950092620915713,-120.26687804878048,9.551634918655358,1.491714757432977,120.20465853658536,9.538647827192777,1.4896865145032745,0.0,0.0,0.0,-0.06926829268292484,0.018070356253649885,0.002822115514799801
LEU 178,R LEU 178,0.0,0.0,0.0,-0.017243902439024364,0.009177864377243165,0.0014333416058974937,-0.919146341463414,1.0793988742831298,0.16857378277512294,0.9879756097560972,1.081716059579157,0.16893566631979648,0.0,0.0,0.0,0.05158536585365794,0.01318716228975702,0.002059488743426918
PRO 179,R PRO 179,0.0,0.0,0.0,-0.034097560975609856,0.011993504091491523,0.0018730706521946198,0.3252439024390244,1.1235329031292496,0.17546636008732172,-0.2340487804878049,1.1206455663702695,0.17501543384383256,0.0,0.0,0.0,0.05709756097561004,0.026314055298380896,0.004109565006492951
GLU 180,R GLU 180,0.0,0.0,0.0,-0.5085365853658536,0.46822342475657863,0.07312421364860157,175.51304878048782,16.9383039810281,2.6453186527299106,-174.09885365853657,15.847112403828312,2.4749031591774586,-0.05568409756097559,0.07514936599655477,0.011736359191225653,0.8499744390243933,0.787586307743979,0.12300031649233459
LYS 181,R LYS 181,0.0,0.0,0.0,-1.2465609756097562,0.7725967316113947,0.12065933799859326,-216.20939024390242,15.85166679529846,2.475614435626465,216.71895121951218,15.229052903549128,2.3783784819478666,-0.3511684097560975,0.1283102014059639,0.020038686842254093,-1.088168409756096,1.5301768806537535,0.23897347980666928
ALA 182,R ALA 182,0.0,0.0,0.0,-0.10812195121951221,0.03498375589728108,0.0054635447634710935,3.75941463414634,0.4168775907140005,0.0651053415888641,-3.7110243902439035,0.42520700770931286,0.06640617797536091,0.0,0.0,0.0,-0.05973170731707384,0.06445835274460866,0.01006670343326829
LEU 183,R LEU 183,0.0,0.0,0.0,-0.08002439024390233,0.01225837255915043,0.001914436157194582,-2.084560975609757,0.5577398225845194,0.08710432624810813,2.1631707317073174,0.5627308372933952,0.08788379179083464,0.0,0.0,0.0,-0.0014146341463411993,0.044689157090411366,0.0069792737784404165
THR 184,R THR 184,0.0,0.0,0.0,-0.11012195121951203,0.022080998477281732,0.0034484725984536705,0.37748780487804956,0.5556755994305478,0.08678194875277481,-0.09453658536585358,0.5465811299233997,0.08536163123746228,0.0,0.0,0.0,0.17282926829268463,0.07038358401974477,0.010992069091566319
VAL 185,R VAL 185,0.0,0.0,0.0,-0.18085365853658517,0.023437057352551756,0.003660253414347022,0.6776829268292683,0.611837513860537,0.09555296620417222,-0.8079024390243903,0.6799626892517991,0.10619233112434671,0.0,0.0,0.0,-0.31107317073170726,0.15666686580501263,0.024467253796066242
ARG 186,R ARG 186,0.0,0.0,0.0,-1.5878780487804873,0.6389020000091621,0.09977972881958508,-243.05382926829273,8.785061216667494,1.371996058628657,243.82051219512203,8.529563984284543,1.3320940946952844,-0.41856321951219505,0.07489980270909376,0.011697383953793581,-1.2397583414634044,1.263911522453239,0.19738981715587772
ALA 187,R ALA 187,0.0,0.0,0.0,-0.9332439024390243,0.1851048194135886,0.028908515991531214,-4.170146341463414,0.5670237471250044,0.08855423166868562,3.191170731707317,0.5347576566431651,0.08351511493669862,-0.03982565853658536,0.033036389260631814,0.005159417190049215,-1.9520451707317044,0.2591953262040547,0.04047950915723162
SER 188,R SER 188,0.0,0.0,0.0,-1.2607804878048778,0.4725217513225539,0.07379549947823566,3.983853658536585,1.414146516040005,0.2208525812716336,-4.520463414634148,1.1015170713237241,0.172028064813146,-0.1332649756097561,0.017347900192843862,0.002709286833984501,-1.9306552195121955,0.6095102044037277,0.09518950153122338
ALA 189,R ALA 189,0.0,0.0,0.0,-0.5031951219512197,0.13094948188317818,0.020450873203059803,-0.5826097560975617,0.5033941809042208,0.07861696294464568,0.6774146341463414,0.47672009354622324,0.07445117037700189,-0.04487601951219512,0.029460158680737848,0.004600903807006104,-0.4532662634146348,0.2171143365188282,0.033907562694094166
GLY 190,R GLY 190,0.0,0.0,0.0,-0.09465853658536583,0.022398399067461182,0.0034980422426476587,2.401,0.41939893110812093,0.06549910880321558,-2.2053658536585368,0.4136875076141136,0.0646071343104175,-0.0012584195121951222,0.004018373021523398,0.0006275644314429937,0.09971719024390266,0.02204928656667735,0.0034435200300779087
SER 191,R SER 191,0.0,0.0,0.0,-0.03892682926829251,0.006232840811428401,0.0009734061967736053,3.774487804878048,1.2382664932831928,0.19338473647664858,-3.6835121951219505,1.2598988562182534,0.19676314397475664,0.0,0.0,0.0,0.052048780487804085,0.03590159397202898,0.005606886988409069
PRO 192,R PRO 192,0.0,0.0,0.0,-0.04397560975609746,0.011519840371688166,0.0017990968072027788,-1.8288048780487807,0.7237882799013441,0.11303673848307627,1.8875609756097562,0.7376509204415841,0.11520171920595505,0.0,0.0,0.0,0.014780487804878133,0.016129827233771366,0.0025190557977113628
GLY 193,R GLY 193,0.0,0.0,0.0,-0.044463414634146346,0.01660457997496927,0.0025931997192711674,-1.5035121951219523,0.6870495108353445,0.10729910671088237,1.6273170731707316,0.669864654659555,0.10461528307439467,-0.00031908292682926816,0.0020180576225066723,0.0003151676506148435,0.07902238048780297,0.023940692907952414,0.0037389080736548006
VAL 194,R VAL 194,0.0,0.0,0.0,-0.18719512195121957,0.07112586559538268,0.011107993997614293,2.1550487804878053,0.6367978180200481,0.09945111080264689,-1.9305121951219515,0.6348093288520736,0.09914056096880958,-0.002576721951219511,0.014212115443084703,0.0022195595331416917,0.03476474146341474,0.07715706037068874,0.012049908374356747
LYS 195,R LYS 195,0.0,0.0,0.0,-2.076073170731706,0.7458402493650216,0.11648067751127146,-151.00873170731708,15.190812194321182,2.37240628653045,152.39136585365853,15.32961769646651,2.394084063971323,-0.41089996097560966,0.18696763622823895,0.029199439101184506,-1.1043389853658547,1.3603648443101444,0.21245329527692317
TYR 225,R TYR 225,0.0,0.0,0.0,-0.028878048780487702,0.006893599441939721,0.0010765993578009216,1.1270243902439014,0.611496664043905,0.09549973440606976,-1.1236829268292685,0.6223141093403848,0.09718913553204521,0.0,0.0,0.0,-0.02553658536585584,0.034652348360202374,0.005411787601687275
VAL 226,R VAL 226,0.0,0.0,0.0,-0.1757073170731707,0.05065052134296457,0.007910282459749908,-1.9505609756097564,0.3319287352826931,0.05183855926802547,2.0505853658536592,0.32829470517261783,0.05127101911491855,-0.00020950243902439022,0.000931702290064334,0.00014550745159957627,-0.07589242926829266,0.09380577078660787,0.014650000110604857
PRO 227,R PRO 227,0.0,0.0,0.0,-0.15975609756097553,0.02913783935592926,0.0045505659855213515,2.9558536585365847,0.36863727700655624,0.05757147032248603,-2.843268292682927,0.3682495193572389,0.057510912751691054,-2.89756097560976e-05,0.00018325784684292875,2.8620067337066194e-05,-0.04719970731707336,0.04183140847657169,0.0065329684268851254
PHE 228,R PHE 228,0.0,0.0,0.0,-3.7922439024390235,0.5048432154827154,0.07884326412587583,-4.700390243902438,0.7010020659671394,0.10947812973377295,4.2633414634146325,0.5423460154513183,0.08470021747832845,-0.24055902439024388,0.06997098667606365,0.010927632212258393,-4.469851707317073,0.722916426645209,0.11290057788025083
ARG 229,R ARG 229,0.0,0.0,0.0,-1.0050731707317069,0.7543710153448275,0.11781295932612909,-239.84512195121954,15.849304193690386,2.475245459245488,232.5523414634146,12.25743130216606,1.9142891575504288,-0.34367004878048774,0.10761387060693654,0.01680646300407897,-8.64152370731707,3.9270201305215067,0.6132975067958285
SER 230,R SER 230,0.0,0.0,0.0,-0.7280487804878051,0.13677111933401193,0.021360060224108104,-3.7674878048780496,1.2828423115070478,0.20034630969793069,4.3312926829268275,1.400019167881026,0.21864626016413577,-0.12215239024390241,0.018569747095849666,0.00290010726127886,-0.28639629268292904,0.2294711291775116,0.035837369488478266
GLY 231,R GLY 231,0.0,0.0,0.0,-0.06460975609756099,0.013131377519143556,0.0020507766259441206,-2.6058048780487786,0.4097073446606581,0.06398553728904668,2.73780487804878,0.4198412719525621,0.06556819083692894,0.0,0.0,0.0,0.06739024390244192,0.032307877200597086,0.005045642721052374
ARG 232,R ARG 232,0.0,0.0,0.0,-0.8177560975609756,1.144578499060506,0.17875312997509357,-152.59502439024396,17.27494828976386,2.6978936608435635,150.4611707317073,14.688265213116555,2.2939216339499606,-0.24170206829268295,0.23341700159185472,0.036453611227358705,-3.193311824390248,3.3457161982837915,0.5225130848976252
ARG 233,R ARG 233,0.0,0.0,0.0,-0.15139024390243894,0.1743342567470613,0.027226436702242666,-130.74900000000005,4.083666167286511,0.6377615076423601,130.78870731707318,4.076510866067038,0.636644037333469,-0.004686321951219509,0.021953425406900554,0.003428549032136562,-0.11636924878047794,0.06336292930035964,0.009895627033118947
HIE 234,R HIE 234,0.0,0.0,0.0,-0.39885365853658533,0.2943596241679107,0.04597124985441886,2.39948780487805,1.414447235339162,0.22089954573585543,-1.988341463414635,1.3829001094334423,0.2159727124063857,-0.035291063414634144,0.06008385891433681,0.009383522275436238,-0.022998380487804032,0.17231204594659977,0.02691062043420282
GLN 235,R GLN 235,0.0,0.0,0.0,-0.045902439024390174,0.04165819386390121,0.006505916849210298,2.433121951219512,1.374361212063794,0.214639160681787,-2.308268292682927,1.3642597210779255,0.21306157283384006,-0.0010255609756097555,0.005911191133685732,0.000923172956590275,0.07792565853658556,0.03622898798950789,0.0056580173437385745
ALA 236,R ALA 236,0.0,0.0,0.0,-0.012731707317073154,0.0036360283226506526,0.0005678522214818707,-0.3312195121951212,0.5858870494738941,0.09150018455815391,0.3652926829268292,0.585038803962252,0.09136771086559564,0.0,0.0,0.0,0.021341463414635026,0.007300550450672673,0.0011401544277391098
DT5 255,L DT5   1,0.0,0.0,0.0,-1.1511463414634149,2.177337494269097,0.3400429873811161,6.015414634146341,3.7256968179520507,0.5818560877159809,-5.101170731707317,2.8042870134452205,0.4379560523051041,-0.1732096975609756,0.3295558844025302,0.051467982219669736,-0.410112136585366,1.5553245901838595,0.2429008922068679
 DC 256,L  DC   2,0.0,0.0,0.0,-0.4046341463414635,0.3515653327964396,0.05490528057243971,23.080512195121955,12.069861262002883,1.8849956387605487,-21.56321951219512,10.975786475542089,1.714129863571493,-0.07474495609756097,0.08994219472501334,0.014046610902722875,1.037913580487813,1.028108642721824,0.16056359436405612
 DA 257,L  DA   3,0.0,0.0,0.0,-0.7624390243902436,0.6179603369062546,0.0965091905126002,16.13782926829268,6.301256277772535,0.9840908975239321,-14.58360975609756,5.447539497738125,0.8507627363985307,-0.08180675121951221,0.08292181715487719,0.01295021212771632,0.7099737365853629,0.6813684655599305,0.10641187649876147
 DT 258,L  DT   4,0.0,0.0,0.0,-1.5391951219512194,1.1942317710155903,0.18650766824639714,0.7845121951219496,10.023073376384504,1.5653410748755003,-0.7142926829268286,8.946318859388418,1.3971802713256727,-0.29303367804878044,0.2354198134762244,0.03676639789369592,-1.762009287804882,2.282849280407987,0.3565211599460127
 DG 259,L  DG   5,0.0,0.0,0.0,-5.256341463414634,3.5530860074146338,0.554898808091711,-8.66609756097561,10.046685066217123,1.5690286013012074,11.502707317073167,11.053437307217182,1.7262568860679712,-0.8531759414634145,0.5246035649984189,0.08192931224597695,-3.272907648780488,3.5816515876075012,0.5593600022109618
 DA 260,L  DA   6,0.0,0.0,0.0,-2.2781951219512195,1.4284855056934276,0.2230919552274904,-8.706853658536586,7.563600763867007,1.181235984716645,11.397609756097559,8.824481083003977,1.3781524074475717,-0.29965381463414625,0.20258331089664483,0.03163819775857807,0.11290716097560509,0.4739978832988131,0.07402603256201212
 DG 261,L  DG   7,0.0,0.0,0.0,-1.3743414634146343,0.9230304968075992,0.14415314502435175,-24.280951219512197,16.282149357653545,2.542844516816905,27.8440243902439,17.942383389124522,2.8021295111272138,-0.21619720975609755,0.19944543231478412,0.031148143456099193,1.9725344975609733,1.244898824466543,0.1944205325876435
 DC 262,L  DC   8,0.0,0.0,0.0,-1.4572926829268296,1.039612245817534,0.16236015533478657,-30.28046341463414,15.261544224039728,2.383452773697612,31.65626829268293,14.580469963024266,2.2770868442293244,-0.31719336585365854,0.22929490020851956,0.03580984714743703,-0.3986811707317056,2.2139381061467582,0.3457590426254753
 DA 263,L  DA   9,0.0,0.0,0.0,-2.4258292682926834,1.1011688225375476,0.17197367749013567,-23.975902439024388,9.487222032445594,1.4816551546794956,24.42729268292682,6.919867136197761,1.0807016824293394,-0.4694789853658536,0.07894941975128231,0.012329827881480376,-2.443918009756098,3.054037209884528,0.4769604800154491
 DG 264,L  DG  10,0.0,0.0,0.0,-1.7319024390243904,0.9584630177192617,0.1496867751083228,-14.871024390243901,13.87706328405434,2.1672331770370206,16.636804878048785,12.243081216313334,1.9120480506593842,-0.3454640780487805,0.11268752172854261,0.017598834186250537,-0.31158602926829015,2.085967169348262,0.3257733400132451
 DT 265,L  DT  11,0.0,0.0,0.0,-2.3126585365853654,0.766554839804125,0.11971575302612798,-2.4125121951219524,11.443446052956448,1.7871660190595293,4.655195121951222,10.786708596795007,1.6846008599576436,-0.49389225365853673,0.1311468676188714,0.020481699675946163,-0.5638678634146312,1.109246666997567,0.17323522484740791
 DT 266,L  DT  12,0.0,0.0,0.0,-3.9097560975609746,1.8245765934565914,0.28495099045401373,0.606780487804878,11.891743000332658,1.8571782397744505,2.0485853658536612,10.574695576488034,1.651489989006938,-0.6096031024390244,0.2263647990863147,0.035352242232468266,-1.8639933463414629,2.0725301440633497,0.323674829225908
 DT 267,L  DT  13,0.0,0.0,0.0,-2.6442439024390243,0.47151265562446903,0.07363790520696015,-1.2884146341463412,4.78450751333423,0.7472145371417067,3.0380000000000056,4.731540928806978,0.738942546381695,-0.40644087804878054,0.062434955997529136,0.009750701951483714,-1.3010994146341401,0.8520787467594296,0.13307234330674902
 DT 268,L  DT  14,0.0,0.0,0.0,-2.2521463414634146,0.897205840399845,0.14012001128367207,-4.823585365853658,6.727001720317284,1.050581164893075,6.384073170731709,6.223283257802207,0.9719135576693505,-0.4800701853658536,0.12347187424337393,0.019283067088024592,-1.171728721951219,1.3742824089293424,0.21462685369983106
 DT 269,L  DT  15,0.0,0.0,0.0,-2.9853658536585357,1.3362747591737119,0.20869105605694968,-10.577878048780487,15.965803943757225,2.4934396634725084,15.178829268292677,15.825610504776732,2.4715451267148243,-0.4147691707317075,0.21118080561079067,0.032980900850903626,1.200816195121943,1.8310349186957635,0.28595961140211534
 DT 270,L  DT  16,0.0,0.0,0.0,-10.212560975609756,2.3731513786090748,0.37062397832851085,-25.944609756097556,11.047920978413583,1.7253953802468986,32.980829268292695,9.33093779016993,1.4572476566393948,-1.53003283902439,0.2206733027212377,0.03446337983435886,-4.706374302439016,3.5487295787534654,0.554218448239297
 DG 271,L  DG  17,0.0,0.0,0.0,-11.67519512195122,1.351797253875723,0.21111526244845874,-41.92839024390245,9.433682970308793,1.4732937579376033,46.338487804878056,6.94412814286174,1.0844906151072577,-1.795472078048781,0.070813822330766,0.011059261027107104,-9.06056963902439,3.393519734265005,0.5299787429433886
 DT 272,L  DT  18,0.0,0.0,0.0,-4.313999999999998,0.7068876131047892,0.11039729777103244,3.222853658536588,5.6728513953913815,0.8859505430533003,4.459170731707321,5.5228306806336445,0.862521243668367,-0.48348930731707307,0.11592163243109976,0.01810391742103309,2.8845350829268357,0.91642851292407,0.14312208836533305
 DT 273,L  DT  19,0.0,0.0,0.0,-5.584048780487805,0.7132956815569389,0.11139806992764435,-10.243536585365856,8.467931158336143,1.322468664411097,10.720146341463415,7.258338634610654,1.1335620496285543,-0.9372478829268295,0.04942243071944165,0.00771848692713421,-6.044686907317078,1.9427605240868802,0.303408219495328
 DT 274,L  DT  20,0.0,0.0,0.0,-1.1867804878048784,0.5547042064852624,0.08663024266223755,-26.661170731707312,11.532107424654784,1.8010125990118624,28.27960975609757,10.718119108013436,1.6738889814686093,-0.34926497560975606,0.08789173060733081,0.013726382207846792,0.08239356097561594,1.2513971837565827,0.19543540580407276
 DT 275,L  DT  21,0.0,0.0,0.0,-0.3940000000000002,0.10450837287031128,0.01632146574001365,-1.8100243902439022,6.798469815235882,1.0617426061315243,3.3224390243902473,6.708159276614437,1.047638469576827,-0.009551765853658568,0.02516686176158322,0.003930403476236963,1.108862868292687,0.29231999476962134,0.045652713258429414
 DT 276,L  DT  22,0.0,0.0,0.0,-1.9829024390243897,0.4949802560673424,0.0773029286506224,-35.981097560975606,11.441352603827752,1.7868390772337785,37.03490243902437,10.872813266673296,1.6980481501687124,-0.3268318829268293,0.13093214376080778,0.020448165443265134,-1.2559294439024395,1.9388079549454793,0.30279093190339057
 DT 277,L  DT  23,0.0,0.0,0.0,-12.184365853658537,1.1645036785560552,0.18186492021321923,-56.39851219512195,9.397769333462733,1.4676849901682532,55.18614634146343,7.830550719071306,1.222926563456895,-1.7414991219512193,0.14115542222610616,0.022044773300025557,-15.138230829268288,2.518968169818158,0.3933967351581588
DT3 278,L DT3  24,0.0,0.0,0.0,-4.254951219512193,1.4037394823135256,0.2192272756644677,-26.872121951219512,9.627564649623972,1.5035729891575353,30.15963414634147,8.699745596942286,1.3586719973483137,-0.8526482341463414,0.1754688633554861,0.027403632484544038,-1.8200872585365866,1.599470568103704,0.24979533565086134

Sidechain Energy Decomposition:
Residue,Location,Internal,,,van der Waals,,,Electrostatic,,,Polar Solvation,,,Non-Polar Solv.,,,TOTAL,,
,,Avg.,Std. Dev.,Std. Err. of Mean,Avg.,Std. Dev.,Std. Err. of Mean,Avg.,Std. Dev.,Std. Err. of Mean,Avg.,Std. Dev.,Std. Err. of Mean,Avg.,Std. Dev.,Std. Err. of Mean
LEU  55,R LEU  55,0.0,0.0,0.0,-0.010780487804878074,0.004176077019673072,0.000652193658098902,-2.9923658536585367,0.24175161170270093,0.03775525864224437,3.0039512195121953,0.24585023710356174,0.038395356389669,0.0,0.0,0.0,0.0008048780487803883,0.006029276185960508,0.0009416147434268394
ILE  56,R ILE  56,0.0,0.0,0.0,-0.03553658536585381,0.008124331299989069,0.0012688073819486423,-3.9811463414634134,0.23059377870902376,0.036012697889096994,3.9645121951219515,0.2298954292452617,0.035903634026228384,0.0,0.0,0.0,-0.05217073170731717,0.012219341803008618,0.0019083405771785583
ASN  57,R ASN  57,0.0,0.0,0.0,-0.3193170731707318,0.27403724502287324,0.04279742745281181,-5.65639024390244,1.9998520174283252,0.3123244127822997,5.11348780487805,1.9190573285702197,0.29970640228270995,-0.05424181463414634,0.046239148782113416,0.00722134181182961,-0.9164613268292668,0.8395482860154507,0.13111541411416436
SER  58,R SER  58,0.0,0.0,0.0,-0.03036585365853661,0.01849819516253592,0.0028889327266828496,-2.66909756097561,0.8882367242389467,0.1387192706720087,2.6358048780487797,0.9049226141152543,0.14132516886445068,0.0,0.0,0.0,-0.06365853658536585,0.053627263614102735,0.008375171498406388
ARG  59,R ARG  59,0.0,0.0,0.0,-1.7339756097560977,1.2989430879551964,0.20286082852516554,-153.69712195121954,31.26373051893726,4.882574405814054,151.492756097561,29.546446470154052,4.614379695684284,-0.4370075121951219,0.3167724669898525,0.04947154783253955,-4.375348975609758,3.755626149223314,0.5865302639714244
VAL  60,R VAL  60,0.0,0.0,0.0,-0.934609756097561,0.6405914903164059,0.10004358287654168,-3.3827804878048777,0.3009750424946282,0.04700440462096916,3.2746585365853664,0.25691790562746336,0.04012383581838283,-0.04060694634146342,0.03360520779731222,0.005248251720754567,-1.0833386536585363,0.7214523110050418,0.11267192143288597
TRP  61,R TRP  61,0.0,0.0,0.0,-3.498609756097561,2.0255308232664286,0.31633476849084347,-2.74290243902439,1.609568353057671,0.25137234471386455,3.7321219512195123,1.8011741048159675,0.2812961357654521,-0.5584550048780488,0.33505351943216455,0.05232656856373831,-3.067845248780487,1.8151086588033636,0.28347234748190364
PRO  62,R PRO  62,0.0,0.0,0.0,-0.10402439024390245,0.09034499940401308,0.014109518424748597,-30.977048780487806,1.9603726244998725,0.3061587674715848,30.95948780487805,1.9591369319533993,0.3059657847180644,-0.007198946341463414,0.021672836817480085,0.0033847284565837496,-0.12878431219512196,0.09964843281715628,0.015562470619359324
ARG  63,R ARG  63,0.0,0.0,0.0,-0.47131707317073174,0.38145142829399825,0.059572704534455574,-162.4001951219512,13.932458932763783,2.1758845238882336,161.6060731707317,12.74084348279925,1.9897854563426884,-0.10912232195121951,0.12879142937517712,0.020113842024532137,-1.3745613463414643,2.0737264428375513,0.3238616597058178
ARG  64,R ARG  64,0.0,0.0,0.0,-2.447365853658536,1.0848172770967888,0.16941999512595987,-183.5498536585366,16.437705327009674,2.5671382777354803,184.06307317073166,17.46251154845854,2.7271861205459977,-0.47193734634146334,0.120424674993345,0.018807174517923436,-2.4060836878048875,1.8119136443081494,0.2829733700488974
GLN  65,R GLN  65,0.0,0.0,0.0,-0.07431707317073175,0.025104113961164454,0.003920603916195329,-7.066170731707317,1.3775107790723198,0.21513104040982872,7.264756097560977,1.405912493902659,0.2195666430589702,0.0,0.0,0.0,0.12426829268292663,0.04883522538648232,0.007626780861284901
ARG  66,R ARG  66,0.0,0.0,0.0,-0.04887804878048773,0.014192397693494467,0.002216480138012207,-119.89407317073176,4.318562460627089,0.6744461454270477,119.93297560975606,4.332968674707992,0.676696018074635,0.0,0.0,0.0,-0.009975609756098054,0.05942385486543981,0.009280446960258282
TYR  67,R TYR  67,0.0,0.0,0.0,-1.1011463414634148,1.1332000783659373,0.1769761192108716,-14.926414634146346,1.3827406856269815,0.2159478145907961,12.81182926829268,0.7396228736599598,0.11550968655833714,-0.2138898731707317,0.0557591302816618,0.008708113135724015,-3.4296215804878054,0.8347870009124811,0.1303718263082094
THR  68,R THR  68,0.0,0.0,0.0,-0.457609756097561,0.3447525714401195,0.05384130600257388,-1.6357317073170732,1.5550717029094732,0.24286139784989322,1.4877560975609758,1.2671361753391241,0.19789342332785137,-0.029162634146341467,0.02433407849135084,0.0038003445800868767,-0.6347479999999998,0.629616940237541,0.09832964610569045
LEU  69,R LEU  69,0.0,0.0,0.0,-0.025463414634146246,0.008091240554212124,0.0012636394756969573,-2.889512195121952,0.1692570742047309,0.026433514004811774,2.8871219512195117,0.17135260965394863,0.026760781659087036,0.0,0.0,0.0,-0.02785365853658466,0.013470040787251461,0.0021036669425380217
ALA  70,R ALA  70,0.0,0.0,0.0,-0.029560975609756113,0.010506789397262557,0.0016408848255418135,-5.26409756097561,0.18808480247182258,0.029373911156099924,5.246,0.19059918357769243,0.029766591512225254,0.0,0.0,0.0,-0.04765853658536596,0.01247164541357033,0.0019477437811780587
HID  71,R HID  71,0.0,0.0,0.0,-0.8991707317073174,0.4518844500716277,0.07057249450665008,-5.189878048780487,1.1797973409088947,0.1842533889959163,6.368268292682926,0.7768560473234111,0.1213245313564101,-0.05014922926829268,0.03685708835024384,0.0057561101399182975,0.22907028292683007,0.3057306091230606,0.04774709935124336
GLU  72,R GLU  72,0.0,0.0,0.0,-0.07236585365853655,0.03149739137286848,0.004919066100378597,135.56370731707318,6.616617598964022,1.0333420614085675,-134.8896829268293,6.513307096896808,1.0172076716581302,0.0,0.0,0.0,0.6016585365853644,0.16517243166831444,0.025795600013929394
ILE  73,R ILE  73,0.0,0.0,0.0,-0.012195121951219556,0.0029152208818551267,0.00045528101185553476,-3.792365853658537,0.15468122311786858,0.024157148507848357,3.767146341463415,0.15421564897588202,0.024084438042656257,0.0,0.0,0.0,-0.03741463414634142,0.010495006035987596,0.0016390445736838102
SER  74,R SER  74,0.0,0.0,0.0,-0.02482926829268292,0.006227016037629674,0.0009724965199373079,-5.041658536585366,0.5600566003520088,0.08746614614751683,5.000048780487804,0.5630302141188486,0.08793054659588795,0.0,0.0,0.0,-0.06643902439024389,0.04043305142861056,0.006314581746241589
HID  75,R HID  75,0.0,0.0,0.0,-0.050414634146341536,0.013534014258132061,0.002113657920146516,0.759219512195122,0.27717138417347525,0.04328689775424368,-0.45507317073170733,0.23393811879753992,0.03653499606175544,0.0,0.0,0.0,0.25373170731707306,0.08284367423346073,0.012938008253713745
ALA  76,R ALA  76,0.0,0.0,0.0,-0.0021951219512195627,0.0005934402468583465,9.2679795807971e-05,-4.020512195121951,0.1571788048069952,0.02454720523586336,4.020121951219512,0.1573111248639337,0.02456787015692876,0.0,0.0,0.0,-0.0025853658536587067,0.0012873798263802663,0.00020105495046530674
LEU  77,R LEU  77,0.0,0.0,0.0,-0.006536585365853675,0.0011497096340871394,0.00017955447863496132,-3.0748048780487807,0.12741333152137238,0.019898619298452835,3.0801219512195113,0.12905589545733892,0.020155144687475285,0.0,0.0,0.0,-0.0012195121951217086,0.009643681604242026,0.0015060900345904248
LEU  78,R LEU  78,0.0,0.0,0.0,-0.01563414634146324,0.00251586282111756,0.00039291176116961054,-3.511536585365854,0.10910122790234637,0.01703874918817559,3.493853658536585,0.10663307521833085,0.016653288498597422,0.0,0.0,0.0,-0.03331707317073161,0.012325739525411975,0.0019249571097426702
LEU  79,R LEU  79,0.0,0.0,0.0,-0.00475609756097566,0.0012052828390834618,0.00018823355511944366,-2.8304634146341456,0.159557329334762,0.02491866835910902,2.8403414634146347,0.16327391465758817,0.025499101470354762,0.0,0.0,0.0,0.005121951219512671,0.005751755286490172,0.0008982732605538473
GLY  80,R GLY  80,0.0,0.0,0.0,-0.00024390243902439046,0.0004294345576014397,6.706641034558614e-05,2.8105853658536586,0.08417373891200226,0.013145729458116737,-2.810560975609756,0.08412999487743147,0.013138897787677632,0.0,0.0,0.0,-0.0002195121951218079,0.0006811824411593921,0.00010638282436832631
ASP  81,R ASP  81,0.0,0.0,0.0,-0.0023170731707316578,0.0005604451362476671,8.752682525997055e-05,91.3211951219512,2.790305527633615,0.4357725110691135,-91.2528536585366,2.7861450731835777,0.435122757246485,0.0,0.0,0.0,0.06602439024390107,0.009885904735181845,0.0015439189321657327
ASP  82,R ASP  82,0.0,0.0,0.0,-0.0008536585365853639,0.0003534482133216934,5.519933710725539e-05,81.51139024390245,2.831255197619939,0.4421677750789747,-81.46436585365855,2.8253315260341396,0.44124265300322774,0.0,0.0,0.0,0.04617073170731934,0.007453604264904465,0.0011640574176790886
ASP  83,R ASP  83,0.0,0.0,0.0,-0.0014390243902438198,0.0004962680475457395,7.750404789033175e-05,85.8869024390244,3.3996622773793255,0.5309380470091151,-85.82936585365856,3.3903443724359397,0.5294828347411861,0.0,0.0,0.0,0.056097560975608474,0.01127441497708498,0.0017607678000646039
LEU  84,R LEU  84,0.0,0.0,0.0,-0.009975609756097556,0.001689101433480946,0.0002637933250781564,-3.0642926829268293,0.12840147478494576,0.020052941349209975,3.0661951219512193,0.12585536017001162,0.01965530505159615,0.0,0.0,0.0,-0.008073170731707132,0.0077723407150200015,0.0012138356881446519
LEU  85,R LEU  85,0.0,0.0,0.0,-0.004658536585365785,0.0008147947848043324,0.00012724956671010984,-2.4745121951219504,0.13168627203140124,0.02056594049223026,2.4758536585365856,0.133052815659448,0.020779358751407226,0.0,0.0,0.0,-0.0033170731707313638,0.0033235231408580384,0.0005190471116316355
SER  86,R SER  86,0.0,0.0,0.0,-0.0010731707317073694,0.00026041654273251986,4.067023113656256e-05,-3.4421219512195123,0.6043374196880543,0.09438164828273679,3.444951219512195,0.6037299893656841,0.09428678360420703,0.0,0.0,0.0,0.0017560975609756018,0.0020094956023461092,0.0003138304877170023
ASP  87,R ASP  87,0.0,0.0,0.0,-0.004073170731707323,0.0009471457482413521,0.00014791931455965053,92.41665853658537,3.1900457570674177,0.49820144647800496,-92.34285365853657,3.1791304729365284,0.496496765493201,0.0,0.0,0.0,0.06973170731706992,0.02782350681045757,0.00434530172752241
LEU  88,R LEU  88,0.0,0.0,0.0,-0.021536585365853594,0.003800497791372268,0.0005935380371279458,-3.2424878048780497,0.1639128444722302,0.0255988855430902,3.2447073170731704,0.1614743419778924,0.025218055435174715,0.0,0.0,0.0,-0.01931707317073105,0.009942368134231765,0.0015527370336043762
HIE  89,R HIE  89,0.0,0.0,0.0,-0.0037804878048780547,0.0007812496281974077,0.00012201069340966398,3.1019512195121948,1.7080998278820556,0.26676037580162115,-3.0912682926829262,1.7056191783858365,0.26637296343786954,0.0,0.0,0.0,0.006902439024390274,0.0037534041657735122,0.0005861832484572146
ASP  90,R ASP  90,0.0,0.0,0.0,-0.0030243902439024526,0.0009236144501834592,0.00014424434321982737,88.1030243902439,3.108788498150831,0.4855111946722451,-88.01260975609756,3.0972677091824736,0.483711949719132,0.0,0.0,0.0,0.08739024390243985,0.016515887471307437,0.00257934827732298
ALA  91,R ALA  91,0.0,0.0,0.0,-0.008195121951219481,0.0030780062615439244,0.0004807038169819994,-4.345121951219513,0.17015132362921803,0.02657317230150065,4.338951219512195,0.16913682601121624,0.026414734392070278,0.0,0.0,0.0,-0.014365853658536617,0.004218172633834221,0.00065876788852146
TYR  92,R TYR  92,0.0,0.0,0.0,-0.12173170731707307,0.06703294580961167,0.010468787317562126,-4.299073170731709,1.5692518396068393,0.24507596314201557,4.519,1.6415651365574797,0.25636940276136494,-0.015300526829268291,0.0321444488640902,0.005020119502940897,0.0828945951219513,0.043365997908185086,0.006772631031374686
GLU  93,R GLU  93,0.0,0.0,0.0,-0.012658536585365827,0.006961951492945442,0.001087274154739287,117.45260975609756,6.14467883174317,0.959637608750616,-117.18929268292682,6.088765681490584,0.9509054417366268,0.0,0.0,0.0,0.25065853658536624,0.06468256814821399,0.010101719996322707
GLY  94,R GLY  94,0.0,0.0,0.0,-0.0010487804878048736,0.0004914497970636463,7.675156358682167e-05,3.310146341463415,0.13857349216395384,0.021641543569285947,-3.308707317073169,0.1386133847587447,0.021647773745885935,0.0,0.0,0.0,0.0003902439024391006,0.0010330643211973788,0.0001613375413142939
GLU  95,R GLU  95,0.0,0.0,0.0,-0.015195121951219512,0.008600112058813659,0.0013431118528884941,120.29290243902437,11.127135490969575,1.7377666086689403,-119.99234146341463,11.018614238508452,1.7208184364272234,0.0,0.0,0.0,0.2853658536585339,0.11102576191874773,0.017339310905399575
ARG  96,R ARG  96,0.0,0.0,0.0,-0.11582926829268288,0.10054046690179257,0.015701782938089832,-118.61282926829267,7.456157298084641,1.164456134475063,118.61158536585366,7.506680218395448,1.1723464890016,-0.012702204878048786,0.0416539413371415,0.006505252716108702,-0.12977537560974484,0.04964830143342421,0.007753762006237333
LEU  97,R LEU  97,0.0,0.0,0.0,-0.0137317073170731,0.002802650228726509,0.00043770042947818117,-2.4291707317073175,0.13636820715933892,0.021297135914078703,2.4378048780487807,0.1373599898277215,0.021452026344375926,0.0,0.0,0.0,-0.005097560975609401,0.006047796930262863,0.0009445071977375151
GLU  98,R GLU  98,0.0,0.0,0.0,-0.021146341463414656,0.01110825001169974,0.0017348171923263008,120.67297560975611,6.932142654323782,1.082618796274212,-120.38953658536589,6.853231141433656,1.0702948884498398,0.0,0.0,0.0,0.2622926829268254,0.08643487437045044,0.013498859488802306
GLN  99,R GLN  99,0.0,0.0,0.0,-0.3950975609756098,0.36071783478990127,0.056334661239451585,-8.23212195121951,4.801534628637599,0.7498737257927449,8.571487804878046,4.829359034993744,0.7542191680057013,-0.09698663414634145,0.09679003823641479,0.01511606438472292,-0.1527183414634158,0.5413013691571089,0.08453707113671878
VAL 100,R VAL 100,0.0,0.0,0.0,-0.12290243902439017,0.03542343504163192,0.005532211109468328,-2.43509756097561,0.12371935291914804,0.019321716763807447,2.413317073170732,0.12389480963643407,0.019349118499394632,-0.004766575609756096,0.010291447322158871,0.0016072540435799721,-0.14944950243902436,0.04209099875444408,0.006573509617130165
SER 145,R SER 145,0.0,0.0,0.0,-0.38075609756097567,0.15536044329515936,0.024263224878086503,-8.055146341463413,2.0866507831401298,0.3258801025508,9.122024390243903,2.119136576219997,0.33095353106401776,-0.058942712195121955,0.041005775288998056,0.006404026186041669,0.6271792390243903,0.38372589434593124,0.05992791645407387
SER 146,R SER 146,0.0,0.0,0.0,0.12558536585365848,0.8119546717977145,0.12680601557767757,-13.709975609756102,1.5043950325759219,0.2349470316039138,11.44380487804878,0.7784428553211906,0.12157234913081824,-0.09901159024390245,0.042959478556538096,0.006709143374947459,-2.239596956097561,0.6613195839140743,0.10328076723046868
ALA 147,R ALA 147,0.0,0.0,0.0,-0.035414634146341446,0.003635701091553955,0.0005678011165704926,-6.001463414634145,0.20028237353627645,0.0312788517151393,5.946512195121951,0.19944546561335896,0.03114814865646289,0.0,0.0,0.0,-0.09036585365853665,0.01185225325404817,0.0018510109775411753
LEU 148,R LEU 148,0.0,0.0,0.0,-0.29587804878048785,0.059687476776938725,0.009321617785893332,-5.486463414634145,0.27660195029216045,0.04319796712285192,5.165878048780488,0.2496937827177431,0.03899561736722615,0.0,0.0,0.0,-0.616463414634146,0.1105756771122297,0.01726901946799675
TYR 149,R TYR 149,0.0,0.0,0.0,-3.2297073170731707,0.8872781960938377,0.13856957372571094,-8.754634146341463,1.0898801848692445,0.17021068847887935,9.21178048780488,0.9926749403406094,0.15502977976554058,-0.5849696195121952,0.04527627792802888,0.007070966648334333,-3.357530595121952,0.7493482089371063,0.11702852875419707
ALA 150,R ALA 150,0.0,0.0,0.0,-0.03673170731707317,0.007046965755086502,0.0011005511518720403,-5.529243902439026,0.12069428836230967,0.018849281052010107,5.50090243902439,0.1214806628953012,0.01897209212108079,0.0,0.0,0.0,-0.06507317073170743,0.01870358025450494,0.0029210084891314885
LEU 151,R LEU 151,0.0,0.0,0.0,-0.017999999999999836,0.001766904417197531,0.0002759441097313335,-3.5525853658536595,0.1184993517754376,0.01850648954813136,3.5440975609756102,0.11898284460846076,0.018581998442710766,0.0,0.0,0.0,-0.0264878048780487,0.01021983234843999,0.0015960696637267408
ALA 152,R ALA 152,0.0,0.0,0.0,-0.038317073170731714,0.010986552810285035,0.001715811282570051,-5.670756097560976,0.11371869024743553,0.017759875652987145,5.662463414634147,0.11168337159470712,0.017442012282348502,0.0,0.0,0.0,-0.046609756097561045,0.0151043170194297,0.002358898009682434
GLU 153,R GLU 153,0.0,0.0,0.0,-0.10339024390243906,0.05731805915083451,0.008951576921739467,130.7567317073171,6.140230181688181,0.9589428463362023,-130.24048780487803,5.981882675831876,0.9342131206609452,-0.00542651707317073,0.01261230137294156,0.001969710551485115,0.4074271414634156,0.14178435261710778,0.022142995725154352
ARG 154,R ARG 154,0.0,0.0,0.0,-0.010731707317073201,0.002219914195703984,0.0003466923510130105,-92.78473170731708,2.843122459245123,0.44402112997029597,92.71729268292682,2.8608567899973725,0.44679076711845156,0.0,0.0,0.0,-0.07817073170731807,0.023864354926326894,0.0037269860838893597
THR 155,R THR 155,0.0,0.0,0.0,-0.007829268292682844,0.000985317554962176,0.00015388074921332637,-2.422707317073171,0.3990469282203111,0.062320659950258546,2.40309756097561,0.4034419476405526,0.06300704666669113,0.0,0.0,0.0,-0.027439024390243427,0.014193864666472428,0.002216709240700764
SER 156,R SER 156,0.0,0.0,0.0,-0.002317073170731685,0.0006416071433153938,0.00010020220122616706,-3.488341463414633,0.631968724517754,0.09869693310388179,3.495463414634147,0.6327599281799416,0.09882049835622568,0.0,0.0,0.0,0.004804878048780692,0.005401984785176199,0.0008436482855659805
VAL 157,R VAL 157,0.0,0.0,0.0,-0.0038780487804878135,0.0005497281790040944,8.585311773124246e-05,-2.0140731707317077,0.07894622752966271,0.012329329340221261,2.020951219512195,0.0810819974062832,0.012662880556381447,0.0,0.0,0.0,0.0030000000000001475,0.0030443870783665354,0.0004754533826735644
PRO 158,R PRO 158,0.0,0.0,0.0,-0.015317073170731742,0.004687497769184471,0.0007320641604579877,-22.217756097560972,0.4048414793948056,0.06322561680563539,22.20726829268293,0.4045004160138025,0.06317235165438169,0.0,0.0,0.0,-0.025804878048779963,0.0046759348208187815,0.0007302583313131942
VAL 159,R VAL 159,0.0,0.0,0.0,-0.011097560975609757,0.001185375890753504,0.00018512461211103205,-2.3957317073170734,0.07854345523656361,0.012266426876023475,2.4068048780487805,0.07903386724263682,0.012343016363887266,0.0,0.0,0.0,-2.4390243902284696e-05,0.007514174588745193,0.0011735169130121063
LEU 160,R LEU 160,0.0,0.0,0.0,-0.13226829268292684,0.023092628314051344,0.0036064626357007372,-3.7537560975609767,0.15496888444374546,0.02420207365926041,3.69529268292683,0.14521997509284928,0.02267954981161995,0.0,0.0,0.0,-0.19073170731707262,0.05345799554163105,0.008348736266760852
TYR 161,R TYR 161,0.0,0.0,0.0,-0.04126829268292692,0.0038825713772838175,0.0006063557777914402,-4.822926829268294,0.23060962582702024,0.0360151727931296,4.734439024390243,0.23653711602536648,0.03694089123596317,0.0,0.0,0.0,-0.12975609756097586,0.02411231897255796,0.003765711561802385
ALA 162,R ALA 162,0.0,0.0,0.0,-0.029414634146341462,0.005055668683938929,0.0007895627972331607,-6.08282926829268,0.1475277406637237,0.02303996224238041,6.0694390243902445,0.14693785790883007,0.02294783803347546,0.0,0.0,0.0,-0.0428048780487805,0.008172588067242595,0.0012763438228272084
VAL 163,R VAL 163,0.0,0.0,0.0,-0.06617073170731702,0.009341495255629275,0.0014588964557361896,-3.996268292682927,0.19419603175849223,0.030328324823562947,3.7285365853658545,0.1742706190426457,0.027216498162546128,0.0,0.0,0.0,-0.3339024390243907,0.08885938600877297,0.013877504592101844
GLU 164,R GLU 164,0.0,0.0,0.0,-0.13141463414634139,0.05427885345310114,0.008476932734771162,190.46043902439027,5.937054451774089,0.9272121282710553,-190.2224634146341,5.711607296305281,0.892003197894406,-0.0001448780487804878,0.0009162892342146424,0.00014310033668533075,0.10641609756097398,0.2820276350832005,0.04404531672749044
ASN 165,R ASN 165,0.0,0.0,0.0,-0.6888536585365853,0.33497765203766056,0.05231472006733394,-1.9024390243902443,2.611334796040845,0.40782197864831465,2.503975609756097,2.5998375041885997,0.40602640332821827,-0.12480585365853661,0.05913529222822116,0.00923538104766335,-0.21212292682927075,0.6004642497779504,0.09377676076744211
VAL 166,R VAL 166,0.0,0.0,0.0,-0.6307804878048777,0.2923277906396348,0.045653930768776614,-3.603804878048781,0.26293217334718844,0.0410631066331775,3.5486585365853673,0.24604060836314137,0.03842508738543302,-0.06878282926829268,0.05112140300135023,0.007983821819744342,-0.7547096585365857,0.36781015172866804,0.05744229505628507
SER 167,R SER 167,0.0,0.0,0.0,-1.199292682926829,0.2791786073905199,0.043600373354999694,-8.700439024390242,1.3833414838412683,0.21604164350805724,9.043097560975612,1.6611483803987261,0.2594277916220343,-0.1065398048780488,0.05387741795316904,0.00841423904259113,-0.9631739512195124,0.6927008164427539,0.10818169236717368
ARG 168,R ARG 168,0.0,0.0,0.0,-2.4815121951219514,0.9650277671210777,0.15071201671826037,-151.84143902439024,14.082032470143865,2.199243985899867,152.3804390243902,13.96337681405102,2.180713085718487,-0.4671330146341463,0.15282567419110463,0.023867360451587265,-2.4096452097561087,1.5980934535912485,0.2495802664968998
LEU 169,R LEU 169,0.0,0.0,0.0,-0.17314634146341465,0.35482098275565427,0.05541372767396275,-3.4326341463414627,0.41605462564062823,0.06497681603745262,3.4669756097560973,0.473534323468405,0.07395363667943684,-0.00925568780487805,0.03578427716277826,0.005588565180975616,-0.14806056585365812,0.32796265029033295,0.05121916085479864
GLU 170,R GLU 170,0.0,0.0,0.0,-0.15182926829268295,0.1582375340813535,0.024712550969461487,147.26395121951217,12.850030257061062,2.0068375656276376,-146.43821951219513,12.335726635862793,1.9265168343521715,-0.021054907317073174,0.042298482876192006,0.006605913192955692,0.6528475317073209,0.42033459661282585,0.06564523520495474
ALA 171,R ALA 171,0.0,0.0,0.0,-0.008926829268292712,0.0055188821946267445,0.0008619045937549049,-5.000780487804879,0.31649463542595974,0.049428157832035025,4.993951219512196,0.3150972711773137,0.04920992620059532,0.0,0.0,0.0,-0.015756097560975596,0.00677794302131832,0.0010585368595059064
GLU 172,R GLU 172,0.0,0.0,0.0,-0.014707317073170726,0.03671528152799531,0.005733963635026276,120.63521951219512,13.005525835924116,2.0311218951357275,-120.38080487804876,12.870195194796935,2.0099867998120984,-0.0007886634146341493,0.004987945394979364,0.0007789861964288764,0.23891865365853826,0.11504168570594979,0.01796649283070486
SER 173,R SER 173,0.0,0.0,0.0,-0.0087073170731707,0.03492866870752381,0.00545494158981483,-4.800731707317073,1.201194812176411,0.1875951125786677,4.817317073170732,1.236914206047911,0.19317354469196069,-0.001860760975609756,0.0117684857281677,0.0018379286879003213,0.006017287804877904,0.024225587230841603,0.0037834010918011123
GLY 174,R GLY 174,0.0,0.0,0.0,-0.0009268292682926838,0.002502586407488913,0.0003908383337088356,3.2681463414634155,0.2981092908915721,0.04655684941248159,-3.265146341463414,0.29698029506577034,0.04638052988720959,0.0,0.0,0.0,0.002073170731707414,0.0013139076684054575,0.0002051979033491675
GLU 175,R GLU 175,0.0,0.0,0.0,-0.003317073170731732,0.0053302588798625665,0.0008324465811082846,97.9779512195122,9.822377929643089,1.5339977119639792,-97.87834146341466,9.755085194486648,1.5234883523668243,0.0,0.0,0.0,0.09629268292682928,0.07063207448787338,0.011030876782767426
GLU 176,R GLU 176,0.0,0.0,0.0,-0.0032439024390243797,0.0037402262081380573,0.0005841251972392769,102.26873170731707,8.760729148918193,1.3681960280737204,-102.15817073170733,8.707874933007242,1.3599415863432345,0.0,0.0,0.0,0.1073170731707296,0.05215990377833842,0.008146008392810829
ARG 177,R ARG 177,0.0,0.0,0.0,-0.0046829268292682726,0.0024932985732025147,0.00038938781768853075,-89.67746341463415,8.6051755359642,1.3439026351633312,89.61404878048782,8.58716308516818,1.3410895629616832,0.0,0.0,0.0,-0.06809756097560979,0.0208488227170173,0.0032560390746652207
LEU 178,R LEU 178,0.0,0.0,0.0,-0.011390243902438977,0.007898372937666435,0.0012335186144745278,-3.464780487804879,0.3023679322423824,0.047221937452772,3.4692682926829255,0.30435914475279835,0.047532912601243316,0.0,0.0,0.0,-0.006902439024389971,0.009041381499362703,0.001412026561425519
PRO 179,R PRO 179,0.0,0.0,0.0,-0.01746341463414634,0.005491001778855599,0.0008575504043409066,-27.13365853658536,0.7910617320353336,0.12354308657807449,27.114365853658537,0.7943194588680429,0.12405185803274416,0.0,0.0,0.0,-0.03675609756097604,0.0063583265470000296,0.0009930037761611854
GLU 180,R GLU 180,0.0,0.0,0.0,-0.3780975609756097,0.398744481107342,0.062273425646853814,145.58639024390243,16.64711292317636,2.5998422497968816,-144.32056097560977,15.577380875140836,2.432778171642371,-0.05377416585365851,0.07365033317886525,0.011502249596892606,0.8339575414634184,0.8035121282160728,0.12548751178662407
LYS 181,R LYS 181,0.0,0.0,0.0,-1.1399268292682925,0.7293818094210583,0.11391030103040502,-172.05431707317067,15.680060358643617,2.4488140128497795,172.21187804878045,15.006560247057145,2.343630966790924,-0.35116876097560973,0.1283099335021089,0.020038645002701232,-1.3335346146341496,1.533267521616575,0.23945615683248014
ALA 182,R ALA 182,0.0,0.0,0.0,-0.028682926829268297,0.008101306803317297,0.00126521155968782,-5.664195121951219,0.1470969846837177,0.022972689460526864,5.662682926829269,0.14688413203981182,0.022939447462400144,0.0,0.0,0.0,-0.030195121951219633,0.008583078963712423,0.0013404517303499278
LEU 183,R LEU 183,0.0,0.0,0.0,-0.05375609756097558,0.008742329007666546,0.001365322408795169,-3.810975609756098,0.19349487770428578,0.030218822957254077,3.7935365853658536,0.19033245593819328,0.029724935653365005,0.0,0.0,0.0,-0.07119512195121928,0.017922896532287666,0.0027990861753876173
THR 184,R THR 184,0.0,0.0,0.0,-0.06551219512195125,0.016021512902009215,0.0025021399410536174,-4.952365853658536,0.33734073070136283,0.05268377095188302,5.066097560975611,0.3295237365059931,0.05146296156173073,0.0,0.0,0.0,0.048219512195122,0.040784688778834906,0.006369498274046667
VAL 185,R VAL 185,0.0,0.0,0.0,-0.10763414634146343,0.015551262355726327,0.0024286991442104464,-3.2194390243902427,0.10932566002781395,0.017073799597498513,3.135756097560977,0.10820008126042999,0.01689801372709422,0.0,0.0,0.0,-0.19131707317073135,0.06527892836892055,0.01019485581543117
ARG 186,R ARG 186,0.0,0.0,0.0,-1.005560975609756,0.6446771189870087,0.10068165087570967,-192.78734146341463,7.616294786419404,1.1894654084476959,192.69768292682932,7.280321553601749,1.136995204784686,-0.32171724878048774,0.07118134005765514,0.011116657653076132,-1.4169367609756114,1.2204013331565309,0.19059466721292545
ALA 187,R ALA 187,0.0,0.0,0.0,-0.5653658536585365,0.12503536204153085,0.01952724285912969,-7.78219512195122,0.20409230569645792,0.03187386315313522,7.727682926829271,0.2111994132271687,0.032983806872353166,-0.024021834146341466,0.026424435898869593,0.004126803560110794,-0.6438998829268293,0.1305446750089486,0.020387652990673
SER 188,R SER 188,0.0,0.0,0.0,-0.6854634146341466,0.13750833190915188,0.021475193485279296,-4.1144390243902444,0.7879884253446214,0.12306311671074854,3.882365853658536,0.8536207462018603,0.13331316316050357,-0.01758679024390244,0.009827527113110864,0.0015348018793167962,-0.9351233756097562,0.4917721024880631,0.07680189923742994
ALA 189,R ALA 189,0.0,0.0,0.0,-0.28556097560975613,0.09666589399815635,0.015096676312017304,-6.3142195121951215,0.13407215243402582,0.020938552410124444,6.297536585365853,0.13489383315220774,0.021066877378954248,-0.01573972682926829,0.018303524254101988,0.00285853023858245,-0.3179836292682926,0.10877438434152226,0.016987704799732616
GLY 190,R GLY 190,0.0,0.0,0.0,-0.017853658536585344,0.003758314201806488,0.0005869500672554931,4.359243902439024,0.07588655862464404,0.011851489337190903,-4.370268292682927,0.07612410418877295,0.011888587721560867,0.0,0.0,0.0,-0.028878048780487678,0.005310804091207015,0.0008294082535771993
SER 191,R SER 191,0.0,0.0,0.0,-0.014195121951219487,0.0021438455554483966,0.0003348124253025443,-3.53980487804878,1.1264657923965669,0.1759244004374014,3.526463414634146,1.1613318699132258,0.18136956692547776,0.0,0.0,0.0,-0.027536585365853614,0.038308820585887846,0.005982832624413779
PRO 192,R PRO 192,0.0,0.0,0.0,-0.026878048780487773,0.00850880497169852,0.0013288520816066322,-25.449414634146333,0.49668574624002504,0.07756928146675429,25.440707317073176,0.49641791225220006,0.07752745282531404,0.0,0.0,0.0,-0.03558536585365822,0.008045527798042176,0.0012565003425996
GLY 193,R GLY 193,0.0,0.0,0.0,-0.007951219512195127,0.002722545612170893,0.00042519019016604625,3.633146341463415,0.10893801347231037,0.01701325937664236,-3.63329268292683,0.10939038257593416,0.017083907561317464,0.0,0.0,0.0,-0.008097560975609725,0.003661299769532592,0.0005717989584097913
VAL 194,R VAL 194,0.0,0.0,0.0,-0.09785365853658538,0.03345004354921483,0.00522401913641858,-2.822487804878048,0.1140836496592605,0.017816872737268504,2.8034878048780487,0.1115360866794559,0.017419010243064272,-0.000997814634146342,0.005037956485523648,0.0007867966165753289,-0.11785147317073173,0.043464606109490336,0.006788031045125597
LYS 195,R LYS 195,0.0,0.0,0.0,-1.3787073170731705,0.6370655379963347,0.0994929216384763,-118.79697560975609,14.737459585973014,2.3016045042227042,119.32870731707314,14.744842371096832,2.3027575015487063,-0.3376756097560975,0.1926916763432825,0.030093383979152146,-1.1846512195121948,1.3681592695460911,0.21367057998778044
TYR 225,R TYR 225,0.0,0.0,0.0,-0.020414634146341457,0.00512276416312826,0.0008000413506238773,-2.788243902439024,0.6322199285632948,0.09873616458467555,2.762975609756098,0.631142961958306,0.09856797065854604,0.0,0.0,0.0,-0.04568292682926828,0.009898112715872376,0.0015458254984352365
VAL 226,R VAL 226,0.0,0.0,0.0,-0.1336829268292682,0.04289205908903281,0.0066986142230826325,-2.9551219512195113,0.0852995282410694,0.013321548212731201,2.92980487804878,0.08534098592497798,0.013328022815186392,-0.00020950243902439022,0.000931702290064334,0.00014550745159957627,-0.1592095024390248,0.05908140998438264,0.009226966054944087
PRO 227,R PRO 227,0.0,0.0,0.0,-0.046365853658536516,0.005647171092187461,0.000881939953495504,-28.2010975609756,0.5492403092559223,0.08577692527735876,28.23739024390245,0.5508275316834572,0.08602480777482087,0.0,0.0,0.0,-0.010073170731707258,0.007816150396430813,0.0012206776108977197
PHE 228,R PHE 228,0.0,0.0,0.0,-3.4041463414634143,0.48963792301797054,0.07646859640104016,-2.878024390243903,0.3737029920061978,0.05836260209063559,2.9670487804878047,0.34245319788609674,0.05348220418465497,-0.23855443902439025,0.069044221064859,0.010782895740367568,-3.5536763902439037,0.5645611667181847,0.0881696412225994
ARG 229,R ARG 229,0.0,0.0,0.0,-0.8929268292682927,0.6975710258528935,0.10894229129194047,-193.03692682926834,14.88675016278791,2.3249197752184068,186.20914634146342,11.282260873495545,1.76199312322243,-0.33098979512195115,0.10766602722575323,0.016814608499446965,-8.051697112195122,3.90445744036176,0.6097738065952538
SER 230,R SER 230,0.0,0.0,0.0,-0.47312195121951217,0.11198174832162791,0.017488610898251728,-6.123121951219511,0.8725086677917989,0.1362629609294613,6.2259268292682926,0.9578195866131178,0.14958628805196017,-0.11100415609756098,0.018484033384545597,0.0028867210285390696,-0.48132122926829257,0.22688639380712347,0.03543370164219821
GLY 231,R GLY 231,0.0,0.0,0.0,-0.012219512195121948,0.0024145109601491988,0.00037708325976777056,3.8271219512195125,0.09228989192913489,0.014413259606865899,-3.830048780487805,0.09289594262962203,0.014507908824656201,0.0,0.0,0.0,-0.015146341463414599,0.004785960033721307,0.0007474413827147764
ARG 232,R ARG 232,0.0,0.0,0.0,-0.7359999999999999,1.1336387560719214,0.17704462915847183,-120.64253658536583,16.865826232134765,2.6339995300320207,118.40004878048785,14.24383191445933,2.224512813790099,-0.24170189268292683,0.23341698013139214,0.03645360787579753,-3.2201896975609867,3.372931976947643,0.5267634754342866
ARG 233,R ARG 233,0.0,0.0,0.0,-0.051390243902438945,0.03396617977096039,0.005304626071815557,-96.92658536585365,3.48672535570688,0.5445350154731315,96.86758536585366,3.4852618124391523,0.5443064484153238,0.0,0.0,0.0,-0.11039024390243513,0.0579961638970227,0.009057479090906196
HIE 234,R HIE 234,0.0,0.0,0.0,-0.34651219512195114,0.2800552316563793,0.04373727906436179,3.3983902439024396,1.34857917784949,0.2106126834093984,-2.967682926829268,1.3133954030795378,0.20511790094613352,-0.034432682926829265,0.05790761345428323,0.009043649835146671,0.04976243902439007,0.1423756367112266,0.022235338786477786
GLN 235,R GLN 235,0.0,0.0,0.0,-0.026243902439024306,0.02779522725112531,0.0043408852023569386,-2.881585365853658,1.3245482428325233,0.20685968188609805,2.9284878048780487,1.3143733761007563,0.20527063467188278,-0.0009324878048780498,0.005897570707490615,0.0009210458033928573,0.019726048780488167,0.028350864745232757,0.004427661200058057
ALA 236,R ALA 236,0.0,0.0,0.0,-0.007243902439024351,0.0018842154064222356,0.00029426500822942933,-4.50080487804878,0.06710102304196125,0.010479419195037126,4.4977073170731705,0.06676797972978543,0.010427406568102787,0.0,0.0,0.0,-0.010341463414634053,0.0027194848516617367,0.00042471217968309126
DT5 255,L DT5   1,0.0,0.0,0.0,-0.9245121951219513,1.7880473355707123,0.2792460788309769,1.0241707317073174,1.823151973147644,0.28472850214110246,-0.5228048780487802,1.7093554514753213,0.2669564712616976,-0.11861736585365852,0.24462972415887768,0.03820474429166395,-0.5417637073170729,1.3922072546612239,0.21742624428905194
 DC 256,L  DC   2,0.0,0.0,0.0,-0.21,0.22467255305791356,0.03508795780417181,2.007951219512195,4.910765709263576,0.7669327545692615,-1.3123170731707317,3.934064096338384,0.614397589436065,-0.04397882926829268,0.06666438547703968,0.010411227863941443,0.44165531707316924,0.7929485728726153,0.12383776160971782
 DA 257,L  DA   3,0.0,0.0,0.0,-0.4329512195121952,0.4043217718370352,0.06314445212125645,0.7374878048780489,0.9333325060901122,0.14576204856901315,-0.10029268292682889,0.5528746712787467,0.08634451726652834,-0.035922029268292674,0.047136491895864475,0.007361483261608948,0.16832187317073363,0.3428286120753967,0.05354083403086431
 DT 258,L  DT   4,0.0,0.0,0.0,-1.2976585365853661,0.9758600861767938,0.15240374073516919,4.013048780487805,2.7691105638261613,0.4324624138382106,-2.9822682926829276,2.1621629417219275,0.3376731204248483,-0.17293223414634146,0.13533145021056067,0.02113522168122385,-0.43981028292682944,0.47701265865100273,0.07449686137001263
 DG 259,L  DG   5,0.0,0.0,0.0,-4.306829268292684,2.9329703074714573,0.4580530064253991,-7.831878048780487,7.0514279550060035,1.101248030419768,9.022804878048781,5.777005457803239,0.9022166747961408,-0.7176268097560976,0.4386569548640252,0.06850670681971528,-3.8335292487804913,3.761786913968555,0.5874924137777994
 DA 260,L  DA   6,0.0,0.0,0.0,-0.8819756097560975,0.6986272423799118,0.10910724460033383,-0.36485365853658536,0.7863710587240671,0.12281052648126352,0.6851219512195126,1.2845811160314031,0.20061786534168818,-0.04515752195121952,0.11147320836179406,0.017409190299653796,-0.6068648390243881,0.5079299649777231,0.07932533340651896
 DG 261,L  DG   7,0.0,0.0,0.0,-0.3144878048780488,0.17808933383807346,0.02781288121772776,1.5145853658536585,0.816491004105887,0.12751447165942167,-1.2602682926829263,0.7294688353024912,0.11392389218969005,-0.004578673170731711,0.01844450893764167,0.002880548346979517,-0.06474940487804512,0.16751593634866707,0.02616159395586362
 DC 262,L  DC   8,0.0,0.0,0.0,-0.5290000000000001,0.2965802651198098,0.04631805570568083,3.490219512195124,1.3904251764573963,0.2171479304319805,-3.4905121951219518,1.4346661908331035,0.2240572160768026,-0.003250185365853662,0.013052896232012593,0.002038519908095018,-0.5325428682926836,0.34909518684659807,0.05451950858703905
 DA 263,L  DA   9,0.0,0.0,0.0,-1.054634146341464,0.38853011033754464,0.06067820893840954,1.3371951219512195,1.0261431036870527,0.160256628738857,-0.5953658536585367,1.1980880247008516,0.1871099138912212,-0.03711916097560976,0.044149568539221896,0.006895004204529134,-0.349924039024389,0.37819756578166347,0.059064536585235944
 DG 264,L  DG  10,0.0,0.0,0.0,-1.0388780487804876,0.472185742448671,0.07374302370837342,-6.432682926829271,2.279634881323655,0.3560191551488013,6.870463414634147,1.6195328157664546,0.252928532340294,-0.10456893658536583,0.06071020083708268,0.009481340449740003,-0.7056664975609751,0.9817556669034219,0.15332447575576466
 DT 265,L  DT  11,0.0,0.0,0.0,-1.8571219512195118,0.6211162726513377,0.09700206487018855,-1.8006585365853658,1.050814309319696,0.16410962373283425,3.0872682926829267,1.1461628672500874,0.17900056671547715,-0.3578763512195122,0.1052487232203862,0.016437089039300398,-0.9283885463414642,0.5239555481906788,0.08182810902334513
 DT 266,L  DT  12,0.0,0.0,0.0,-3.523317073170732,1.5126421632688771,0.2362350170290196,-3.4006585365853663,1.6767169956205294,0.2618592008286195,5.63360975609756,1.8180400982731955,0.283930161411656,-0.5197144390243901,0.18562944906786638,0.02899044937823809,-1.8100802926829271,1.0200260722664372,0.15930130893030864
 DT 267,L  DT  13,0.0,0.0,0.0,-2.40090243902439,0.44706281573573453,0.06981948173396238,-6.593829268292683,1.4754825073132085,0.23043165376793648,7.214195121951217,1.444524383191499,0.2255968070628347,-0.39390462439024393,0.056438537951093354,0.008814218787315111,-2.1744412097560977,0.8488472111140065,0.1325676622283262
 DT 268,L  DT  14,0.0,0.0,0.0,-1.634878048780487,0.8199619323442746,0.12805653957965607,-6.057878048780487,3.122258260244417,0.48761481809014506,5.856756097560973,2.477939385668705,0.38698911559182314,-0.4184504780487803,0.1214461628723582,0.01896670412271254,-2.2544504780487817,1.1678384414068743,0.18238572267263803
 DT 269,L  DT  15,0.0,0.0,0.0,-2.0140000000000002,1.2138368516563598,0.18956946744219558,5.510292682926829,3.0474773113375595,0.47593599598176145,-4.978756097560975,2.565240508673772,0.4006232603886244,-0.2985151609756097,0.2290665872605488,0.035774190655464555,-1.780978575609755,2.161450789412744,0.33756190091968546
 DT 270,L  DT  16,0.0,0.0,0.0,-6.17239024390244,1.8305953833290904,0.2858909675104189,10.283097560975607,3.382365479126164,0.5282367409572906,-6.94951219512195,1.6563633264967879,0.2586804917533288,-0.888259082926829,0.25551334640014256,0.03990448052005679,-3.7270639609756095,2.495060022057653,0.38966290978261214
 DG 271,L  DG  17,0.0,0.0,0.0,-6.4911463414634145,0.6568065223888062,0.10257594543443284,-8.87290243902439,3.375596538462772,0.5271796100298878,13.815121951219512,2.5770043129630866,0.40246045795860796,-0.7939766634146342,0.06782671580265605,0.01059275336345016,-2.3429034926829244,1.1197909494677825,0.17488196510719756
 DT 272,L  DT  18,0.0,0.0,0.0,-2.3072682926829273,0.3521578792551339,0.05499782078198777,-2.350146341463414,0.8862811743727803,0.13841386509284875,3.5847560975609754,1.0099261692524206,0.15772396908189962,-0.17794712195121956,0.03951920635316624,0.0061718631230260725,-1.2506056585365855,0.47933220882321353,0.07485911424629615
 DT 273,L  DT  19,0.0,0.0,0.0,-4.216853658536585,0.7036956992342416,0.1098988045742446,-11.577999999999998,2.0217652513848794,0.31574668496443997,10.658853658536584,1.2379647451731186,0.1933376113391555,-0.7623786731707318,0.05178176910956661,0.008086953679088233,-5.89837867317073,1.130901047364094,0.1766170708906152
 DT 274,L  DT  20,0.0,0.0,0.0,-0.7073414634146342,0.1462112754245471,0.02283436491358262,1.4306341463414634,1.0110038420254024,0.1578922732929411,-0.8742926829268297,1.0607798843856304,0.16566598508026453,-0.07560930731707319,0.06106728240717168,0.009537107221841892,-0.22660930731707252,0.24515326731104334,0.03828650799524868
 DT 275,L  DT  21,0.0,0.0,0.0,-0.1769268292682927,0.05214304445530981,0.008143375408910556,-0.5353414634146342,1.1442346597501178,0.1786994312965051,0.7626829268292681,1.2056517605665775,0.18829117097530337,-0.006575004878048772,0.02503427488187823,0.003909696884456362,0.043839629268292726,0.07469406745938068,0.011665253505892797
 DT 276,L  DT  22,0.0,0.0,0.0,-0.684,0.25398828473078755,0.039666305902041496,1.6842926829268292,3.199449680148153,0.4996700925220345,-0.9900975609756097,2.9816890270275485,0.46566159213286984,-0.04908362926829268,0.0807546186178612,0.01261175257943105,-0.03888850731707289,0.44871713369814525,0.07007784279351195
 DT 277,L  DT  23,0.0,0.0,0.0,-9.427097560975612,0.7058274785712289,0.11023173257281829,-9.168902439024388,1.3407284296938078,0.20938660253628547,10.057317073170733,1.1862659069127817,0.18526360928276808,-1.3404782634146337,0.05765042740621457,0.009003484122514524,-9.8791611902439,1.1509148029993426,0.17974269439769128
DT3 278,L DT3  24,0.0,0.0,0.0,-3.2899024390243894,1.0957070065215413,0.17112068513617254,0.10831707317073186,2.0542993398025966,0.3208276559422514,1.3722926829268296,2.2935849375063944,0.35819778790141704,-0.5473747317073172,0.16243215205512598,0.0253676402381111,-2.356667414634146,0.8057856272670398,0.12584257268606378

Backbone Energy Decomposition:
Residue,Location,Internal,,,van der Waals,,,Electrostatic,,,Polar Solvation,,,Non-Polar Solv.,,,TOTAL,,
,,Avg.,Std. Dev.,Std. Err. of Mean,Avg.,Std. Dev.,Std. Err. of Mean,Avg.,Std. Dev.,Std. Err. of Mean,Avg.,Std. Dev.,Std. Err. of Mean,Avg.,Std. Dev.,Std. Err. of Mean
LEU  55,R LEU  55,0.0,0.0,0.0,-0.008097560975609822,0.0025066241806197547,0.00039146892792833184,4.672365853658535,0.5062643557060222,0.07906520894072089,-4.656341463414634,0.521091050971649,0.0813807497167298,0.0,0.0,0.0,0.007926829268292947,0.028647044919666048,0.004473916772096128
ILE  56,R ILE  56,0.0,0.0,0.0,-0.01485365853658534,0.0047450152309490715,0.0007410468788360494,1.3362682926829297,0.28414270069896264,0.04437563448134525,-1.2670731707317073,0.2971884012971507,0.04641303062023672,0.0,0.0,0.0,0.05434146341463638,0.042766301844653895,0.006678974241143232
ASN  57,R ASN  57,0.0,0.0,0.0,-0.048999999999999974,0.026998644952447037,0.00421647994811848,1.8987073170731696,1.0194118161577643,0.15920537824305414,-1.9215609756097562,1.0072388252842628,0.15730427646490375,0.0,0.0,0.0,-0.07185365853658641,0.1058969957370243,0.016538332196952766
SER  58,R SER  58,0.0,0.0,0.0,-0.053195121951219525,0.03417973976423726,0.00533797853935451,4.933268292682927,0.7590633517180758,0.11854577914958601,-4.767829268292686,0.7612815223138585,0.11889219919604008,0.0,0.0,0.0,0.11224390243902661,0.05652790396109142,0.008828175413281483
ARG  59,R ARG  59,0.0,0.0,0.0,-0.5616585365853657,0.44282290738530633,0.06915731929681308,-39.96843902439024,4.396802974050987,0.6866652607405538,40.31329268292682,4.442713108900485,0.6938352192088132,-0.055150068292682916,0.04805998504421295,0.007505708660664883,-0.2719549463414656,0.5875761349812055,0.09176397539598226
VAL  60,R VAL  60,0.0,0.0,0.0,-0.47507317073170746,0.3822443599892677,0.05969653966022651,-1.5061707317073167,0.7183231116996737,0.11218322260566742,1.6676585365853653,0.7152172997360751,0.11169817626759358,-0.02287176585365854,0.02483651167478067,0.0038788114604407812,-0.3364571317073161,0.3714146004477925,0.058005215372285306
TRP  61,R TRP  61,0.0,0.0,0.0,-0.2285609756097561,0.156344374235678,0.024416889074505895,0.6899024390243912,0.9674507564168902,0.15109042407160322,-0.6487073170731706,0.9540414738620642,0.1489962459707888,-0.0013917073170731714,0.0037867960906794933,0.0005913981909864835,-0.18875756097560834,0.1351102837870353,0.021100681288858444
PRO  62,R PRO  62,0.0,0.0,0.0,-0.058658536585365836,0.031491082559754045,0.0049180808293014635,31.183463414634133,1.8658664644868104,0.2913993849406984,-31.12821951219513,1.8376026470374807,0.28698531824430373,0.0,0.0,0.0,-0.00341463414634223,0.05123640836299328,0.008001782639709496
ARG  63,R ARG  63,0.0,0.0,0.0,-0.09882926829268295,0.045608569177199944,0.007122861822760042,-46.49451219512195,3.5026071204312066,0.5470153304155594,46.413317073170724,3.342263702277786,0.521973895608462,-0.00018597073170731744,0.0006283074120376241,9.81251321604102e-05,-0.1802103609756102,0.3079415308632567,0.04809238731665109
ARG  64,R ARG  64,0.0,0.0,0.0,-0.26334146341463427,0.1376201222092275,0.021492652196984766,-47.078390243902426,3.371410733730891,0.5265258971583788,47.157292682926844,3.3307013049247343,0.520168152517385,-0.011079043902439027,0.010617076413117453,0.0016581087636953408,-0.1955180682926805,0.2577684316588548,0.04025666566828942
GLN  65,R GLN  65,0.0,0.0,0.0,-0.06941463414634146,0.02771719164473613,0.004328698088145882,4.555268292682925,0.4693160578601633,0.07329485427075241,-4.536414634146342,0.43675717289875887,0.06821001072343152,0.0,0.0,0.0,-0.05056097560975745,0.053837174925198274,0.008407954137523148
ARG  66,R ARG  66,0.0,0.0,0.0,-0.044658536585365866,0.018783243383525668,0.002933449779674473,-41.408829268292685,2.2593155654996813,0.3528458111575686,41.22914634146341,2.2448827288722626,0.35059178076674097,0.0,0.0,0.0,-0.22434146341463065,0.11117874199247338,0.017363202379007306
TYR  67,R TYR  67,0.0,0.0,0.0,-0.28214634146341466,0.1913995388244834,0.029891586001963885,2.093853658536585,0.7624242644826963,0.11907066553941623,-2.2284146341463416,0.6845358753665812,0.10690654280370898,-0.0016600390243902438,0.0029698220109989223,0.0004638082755972869,-0.4183673560975622,0.3418287085481404,0.053384675335487
THR  68,R THR  68,0.0,0.0,0.0,-0.26268292682926825,0.18050896052677845,0.02819076342006889,0.6510243902439025,0.6190748600387072,0.09668324978290718,-0.794780487804878,0.6381995449163763,0.09967002376518691,-0.015810848780487805,0.01314556324127283,0.002052992063534156,-0.42224987317073176,0.272769083316891,0.042599373868505486
LEU  69,R LEU  69,0.0,0.0,0.0,-0.034195121951219556,0.015243102418031245,0.0023805726474772472,2.0551463414634146,0.3572679230326725,0.05579587554214144,-2.115951219512195,0.36581495730262276,0.0571306980370704,0.0,0.0,0.0,-0.09499999999999983,0.04155983051210808,0.006490555074528792
ALA  70,R ALA  70,0.0,0.0,0.0,-0.033975609756097556,0.012045620203692884,0.001881209821492115,2.3145121951219516,0.3651849596154382,0.057032308928281664,-2.6041707317073173,0.32899439556639304,0.051380292395871746,0.0,0.0,0.0,-0.3236341463414625,0.09460669704999791,0.014775083778153864
HID  71,R HID  71,0.0,0.0,0.0,-0.07073170731707319,0.03142472569315354,0.004907717627817322,1.6002439024390258,0.3554295086702156,0.055508763455246496,-1.9097073170731715,0.3624984604779679,0.05661274825167244,0.0,0.0,0.0,-0.38019512195121735,0.1373431201740068,0.021449391747093545
GLU  72,R GLU  72,0.0,0.0,0.0,-0.024097560975609788,0.009608951309621245,0.0015006660738279976,22.193951219512197,0.9029986616746839,0.14102469797411205,-21.920317073170732,0.9074702558861314,0.1417230436637531,0.0,0.0,0.0,0.24953658536585419,0.08017605553420128,0.012521396206166007
ILE  73,R ILE  73,0.0,0.0,0.0,-0.008414634146341436,0.0022521058953148716,0.0003517198498428307,1.3153170731707324,0.14357125179733368,0.022422062492245896,-1.3761219512195122,0.14534117895019086,0.022698478673976393,0.0,0.0,0.0,-0.06921951219512208,0.04551199905847451,0.007107780104032661
SER  74,R SER  74,0.0,0.0,0.0,-0.011048780487804917,0.002284104345062115,0.00035671716811446126,1.4486585365853655,0.3174195968681004,0.04957261254005604,-1.5560243902439028,0.33816906493392684,0.052813135025083655,0.0,0.0,0.0,-0.11841463414634196,0.054960729044119944,0.008583423810960583
HID  75,R HID  75,0.0,0.0,0.0,-0.007658536585365866,0.001390029936465859,0.00021708620431565328,1.6998048780487807,0.27091247974857346,0.04230942110490553,-1.5994146341463409,0.27170347678680673,0.04243295408800916,0.0,0.0,0.0,0.0927317073170734,0.023445863320446417,0.0036616286754802014
ALA  76,R ALA  76,0.0,0.0,0.0,-0.0030243902439023983,0.0006043664240665609,9.43861780056394e-05,2.1587317073170738,0.20935487719277673,0.03269573874092308,-2.093951219512195,0.2116802640914562,0.033058903160736335,0.0,0.0,0.0,0.061756097560976324,0.011482288562156136,0.0017932321998424374
LEU  77,R LEU  77,0.0,0.0,0.0,-0.0027317073170731463,0.0005421002627046865,8.46618373473925e-05,0.23468292682926864,0.1656522126690908,0.02587052921770332,-0.1667560975609757,0.17148743543362077,0.026781837908298,0.0,0.0,0.0,0.06519512195122058,0.015676951408770793,0.0024483284764526174
LEU  78,R LEU  78,0.0,0.0,0.0,-0.0030975609756098157,0.0006915827745735467,0.00010800708356251061,0.45919512195121914,0.20188492490286117,0.03152912819067856,-0.37856097560975616,0.20170191103735557,0.03150054622682477,0.0,0.0,0.0,0.07753658536585233,0.016236210000165483,0.002535669994539249
LEU  79,R LEU  79,0.0,0.0,0.0,-0.0018536585365854054,0.00041678067050334594,6.509020519496313e-05,0.883219512195121,0.16227175523208986,0.02534259046286257,-0.8680243902439024,0.16239720768428462,0.025362182844259975,0.0,0.0,0.0,0.013341463414633641,0.00756309962298648,0.0011811577196600969
GLY  80,R GLY  80,0.0,0.0,0.0,-0.001170731707317085,0.0004363059468291867,6.813954105068421e-05,-4.775000000000001,0.2283011489986904,0.03565464928261665,4.7854634146341475,0.23036345593916957,0.03597672751568026,0.0,0.0,0.0,0.00929268292683105,0.006125691210135258,0.0009566722404547909
ASP  81,R ASP  81,0.0,0.0,0.0,-0.0010731707317072937,0.00034146341463418405,5.332762601074942e-05,20.020121951219515,0.9329644124423836,0.14570456199932008,-20.004878048780487,0.935065256497294,0.14603265871851676,0.0,0.0,0.0,0.014170731707315849,0.007397766436235891,0.001155337013920226
ASP  82,R ASP  82,0.0,0.0,0.0,-0.0006829268292682987,0.00046533619581314847,7.267330424307241e-05,18.785951219512192,1.1540784297485251,0.18023676988832255,-18.78097560975609,1.1536624921296592,0.18017181134567328,0.0,0.0,0.0,0.004292682926829748,0.0033147409304596295,0.0005176755607960187
ASP  83,R ASP  83,0.0,0.0,0.0,-0.001097560975609749,0.00029672012342918467,4.633989790398729e-05,19.587926829268294,0.7744324874208198,0.12094603488926003,-19.56568292682926,0.7743244243203269,0.1209291582683347,0.0,0.0,0.0,0.021146341463413182,0.006221759517465353,0.0009716755894088027
LEU  84,R LEU  84,0.0,0.0,0.0,-0.0024634146341463736,0.0005884067356982932,9.18936934345972e-05,3.411926829268293,0.35818147670670386,0.05593854865610207,-3.371975609756097,0.3586510286904662,0.056011880355808494,0.0,0.0,0.0,0.03748780487805046,0.014408875908187097,0.0022502883551676844
LEU  85,R LEU  85,0.0,0.0,0.0,-0.002268292682926888,0.00044307078352646913,6.919603104626092e-05,3.739926829268291,0.24455947356312382,0.03819377299185015,-3.731439024390244,0.24537865699030545,0.03832170794934991,0.0,0.0,0.0,0.006219512195122143,0.007697044713589211,0.0012020764283460356
SER  86,R SER  86,0.0,0.0,0.0,-0.0014878048780487467,0.0004998512568760695,7.806365117108374e-05,3.7815853658536582,0.3240743648179855,0.050611912685285323,-3.7710000000000004,0.3228152080317536,0.05041526543317192,0.0,0.0,0.0,0.009097560975609913,0.004264458207939181,0.0006659964807506054
ASP  87,R ASP  87,0.0,0.0,0.0,-0.003170731707317141,0.0008235094154211537,0.00012861056335700843,21.778268292682927,0.8929215141646348,0.13945091193836126,-21.732804878048782,0.8875534259291123,0.13861255740446976,0.0,0.0,0.0,0.04229268292683022,0.009422971160138535,0.0014716208542466776
LEU  88,R LEU  88,0.0,0.0,0.0,-0.0048780487804877225,0.001151777458840772,0.00017987741860566248,3.694634146341464,0.42205460033423314,0.06591385465658933,-3.664414634146341,0.4215679198010193,0.06583784792687937,0.0,0.0,0.0,0.02534146341463451,0.007104137427592433,0.001109479867040755
HIE  89,R HIE  89,0.0,0.0,0.0,-0.0026829268292682625,0.0007135970165038278,0.0001114451305398885,-2.4473902439024404,0.34989955897118985,0.05464513040769488,2.4593902439024387,0.3468450049601341,0.05416808921689637,0.0,0.0,0.0,0.009317073170729533,0.006094535834946042,0.0009518065883084401
ASP  90,R ASP  90,0.0,0.0,0.0,-0.0030243902439024365,0.0010703955247557118,0.00016716769580982807,21.210414634146346,0.9259753453917791,0.14461305310593547,-21.176121951219514,0.920849374487282,0.14381251094644862,0.0,0.0,0.0,0.03126829268292791,0.008157069028386497,0.001273920156148156
ALA  91,R ALA  91,0.0,0.0,0.0,-0.00873170731707313,0.0034923218235458483,0.0005454090369088318,5.043195121951218,0.6323333182286576,0.09875387307527453,-4.978512195121951,0.6187585573471321,0.09663385160166842,0.0,0.0,0.0,0.05595121951219537,0.01391078055272024,0.002172498929725183
TYR  92,R TYR  92,0.0,0.0,0.0,-0.006243902439024401,0.0020927340945475744,0.0003268301561780405,1.4727317073170734,0.4825414439115138,0.07536031256282093,-1.4335853658536586,0.48559719208061,0.07583754024977289,0.0,0.0,0.0,0.03290243902439001,0.007990252836588236,0.0012478678439310903
GLU  93,R GLU  93,0.0,0.0,0.0,-0.005560975609756143,0.0018876851288672748,0.0002948068878363804,23.844243902439022,0.9717440890780463,0.1517609299843352,-23.810048780487804,0.9694933791700995,0.1514094281510912,0.0,0.0,0.0,0.02863414634146379,0.016948639916020407,0.0026469328545802953
GLY  94,R GLY  94,0.0,0.0,0.0,-0.004390243902438996,0.0013947296054142096,0.00021782016929494826,-1.1819756097560978,0.5641529150861826,0.08810588302943248,1.195268292682927,0.5621782125386773,0.08779748630397756,0.0,0.0,0.0,0.008902439024390465,0.012687241292422715,0.001981414200626116
GLU  95,R GLU  95,0.0,0.0,0.0,-0.009707317073170726,0.004301128056452311,0.0006717233489407863,25.50575609756098,1.1814698737008382,0.18451459473391618,-25.471024390243905,1.1854157958965896,0.18513084424734644,0.0,0.0,0.0,0.025024390243901136,0.02713874721202167,0.004238360245045344
ARG  96,R ARG  96,0.0,0.0,0.0,-0.019756097560975655,0.007281049535056406,0.001137108896387045,-32.56085365853658,1.4980513612769553,0.2339563165929694,32.501512195121954,1.4689316197527431,0.22940857701390935,0.0,0.0,0.0,-0.07909756097560956,0.06021660287946953,0.009404253399839026
LEU  97,R LEU  97,0.0,0.0,0.0,-0.013317073170731735,0.0028493818276117727,0.0004449986790751622,5.750536585365852,0.32769818784983157,0.0511778587605873,-5.79180487804878,0.3316038055852761,0.05178781377483053,0.0,0.0,0.0,-0.05458536585365892,0.02937061382697837,0.004586919250336721
GLU  98,R GLU  98,0.0,0.0,0.0,-0.01863414634146342,0.003545908652758268,0.0005537778936146177,26.265365853658533,0.9383315695658778,0.1465427711179434,-26.318024390243902,0.9291558321297595,0.1451097616844427,0.0,0.0,0.0,-0.07129268292682853,0.0384531668919663,0.006005375730048776
GLN  99,R GLN  99,0.0,0.0,0.0,-0.08407317073170735,0.02488646438244414,0.003886612762713107,8.304268292682927,0.5499658536801688,0.08589023627951065,-8.354243902439025,0.5392782340149829,0.08422111051076392,0.0,0.0,0.0,-0.13404878048780625,0.09820907295514172,0.015337680374997045
VAL 100,R VAL 100,0.0,0.0,0.0,-0.07909756097560977,0.017442315909736914,0.0027240320916730983,5.812317073170732,0.6226812769269173,0.09724647747527757,-5.91,0.5991165854212588,0.09356629095509439,0.0,0.0,0.0,-0.17678048780487843,0.06349438699798489,0.009916157276286298
SER 145,R SER 145,0.0,0.0,0.0,-0.3399268292682927,0.07749599210530524,0.012102840618375237,5.9903658536585365,2.1791536705357903,0.3403266264609384,-6.1393414634146355,1.8127060435922568,0.2830971220260143,-0.0025342243902439026,0.005766556935987928,0.0009005848898380684,-0.49143666341463493,0.45950496234179034,0.07176261857539966
SER 146,R SER 146,0.0,0.0,0.0,-0.5179024390243901,0.059758785404955835,0.00933275432258588,5.220073170731709,0.9964839501661407,0.15562464715906446,-5.816146341463415,0.9937965527914977,0.1552049462013769,-0.004237990243902437,0.007773785193208567,0.0012140612777373264,-1.118213599999999,0.25801948903398186,0.04029587424301289
ALA 147,R ALA 147,0.0,0.0,0.0,-0.07946341463414625,0.00863373293760198,0.0013483625520068672,3.235219512195121,0.4237152467766324,0.06617320405866575,-3.068268292682926,0.40158952617222954,0.06271774703737991,0.0,0.0,0.0,0.08748780487804643,0.1190282036574236,0.018589082336022984
LEU 148,R LEU 148,0.0,0.0,0.0,-0.0701707317073171,0.009283876500645598,0.001449897918015051,-0.9191707317073187,0.5293192085209262,0.08266577203461255,0.4115365853658537,0.4792435654267821,0.07484527047360887,0.0,0.0,0.0,-0.5778048780487828,0.16934410335780362,0.02644710567504112
TYR 149,R TYR 149,0.0,0.0,0.0,-0.15941463414634147,0.03772297974015192,0.005891339655667197,0.7240243902439029,0.4455276120103593,0.06957972319290512,-0.9172926829268293,0.44827573417362143,0.07000890776927123,-0.0008076292682926829,0.004071789665745297,0.0006359067097185929,-0.35349055609755964,0.21779591294537798,0.03401400704864304
ALA 150,R ALA 150,0.0,0.0,0.0,-0.049902439024390295,0.010314103245482747,0.0016107923043545216,2.3821463414634163,0.37015083023108525,0.05780784762337936,-2.333048780487805,0.40069098556512056,0.06257741857055803,0.0,0.0,0.0,-0.0008048780487770197,0.09496911423790243,0.014831683833762002
LEU 151,R LEU 151,0.0,0.0,0.0,-0.015707317073170766,0.0022113223330035327,0.0003453505274934506,0.008463414634146547,0.18153694746705779,0.028351308007704672,0.023439024390243892,0.19226608198529202,0.03002691730722621,0.0,0.0,0.0,0.016195121951219506,0.04260838089561892,0.006654311132451421
ALA 152,R ALA 152,0.0,0.0,0.0,-0.023170731707317087,0.005136680331737382,0.0008022146910266399,1.3096097560975621,0.3506719596994493,0.05476575913511266,-1.264780487804878,0.34577671578671865,0.054001250477899214,0.0,0.0,0.0,0.021658536585366567,0.04524114776966744,0.007065480239347285
GLU 153,R GLU 153,0.0,0.0,0.0,-0.02234146341463414,0.005340182494815143,0.0008339963893869624,21.50248780487805,0.46109927622371294,0.07201160857197074,-21.37929268292683,0.46163343307418053,0.07209502985674683,0.0,0.0,0.0,0.10085365853658407,0.02806052776272294,0.004382318181284112
ARG 154,R ARG 154,0.0,0.0,0.0,-0.006365853658536567,0.0010301810771679585,0.00016088725424777647,-34.47551219512196,0.6511740661952575,0.10169630356201356,34.57204878048779,0.6545255198676558,0.10221971268982738,0.0,0.0,0.0,0.09017073170731814,0.022726263348954726,0.0035492460408774107
THR 155,R THR 155,0.0,0.0,0.0,-0.00509756097560978,0.0008206148215249489,0.00012815850373909833,2.7734390243902443,0.45144078556034617,0.07050320575090678,-2.7103414634146334,0.4562881315709383,0.07126023401255667,0.0,0.0,0.0,0.05800000000000022,0.01425550813528093,0.0022263363331204507
SER 156,R SER 156,0.0,0.0,0.0,-0.002780487804878062,0.0006053499339507698,9.453977644411093e-05,3.303560975609756,1.0460035687291755,0.16335831227734246,-3.2869512195121953,1.036278095061066,0.1618394484684452,0.0,0.0,0.0,0.013829268292682708,0.010354455713515367,0.0016170943010886656
VAL 157,R VAL 157,0.0,0.0,0.0,-0.004195121951219511,0.0006706208334082002,0.00010473337835423081,4.306682926829265,0.4735880910162578,0.07396203375965255,-4.280463414634146,0.4719222805774394,0.07370187787682897,0.0,0.0,0.0,0.02202439024390091,0.00860370823307635,0.0013436734809515055
PRO 158,R PRO 158,0.0,0.0,0.0,-0.007536585365853657,0.0014666630613046866,0.00022905428770701218,21.055585365853652,0.4417572987576949,0.06899089918873806,-20.998463414634145,0.4439473215048578,0.0693329232797841,0.0,0.0,0.0,0.04958536585365821,0.014413705553846724,0.002251042619098937
VAL 159,R VAL 159,0.0,0.0,0.0,-0.012975609756097529,0.0018009185309243718,0.0002812562218293611,3.2458780487804884,0.25053632180291,0.03912719986569486,-3.2240243902439025,0.25782471714513305,0.040265455984421224,0.0,0.0,0.0,0.00887804878048739,0.02347826719200236,0.0036666893100008482
LEU 160,R LEU 160,0.0,0.0,0.0,-0.01607317073170732,0.0014548530040982093,0.00022720986664495697,0.5781707317073174,0.37453332929543465,0.0584922789887321,-0.5353414634146342,0.3687289049612953,0.05758578020487179,0.0,0.0,0.0,0.026756097560975047,0.02845345406423734,0.004443682959936593
TYR 161,R TYR 161,0.0,0.0,0.0,-0.03721951219512188,0.004257058386199406,0.0006648408227521997,6.319146341463416,0.368227829857738,0.05750752542096052,-6.37409756097561,0.36791905292637334,0.057459302566004886,0.0,0.0,0.0,-0.0921707317073158,0.05810709307234651,0.009074803317519715
ALA 162,R ALA 162,0.0,0.0,0.0,-0.026853658536585386,0.0032726581693110113,0.0005111033376767793,2.421560975609757,0.24466911940270242,0.038210896795092576,-2.5039756097560977,0.23632888284873158,0.03690837067741808,0.0,0.0,0.0,-0.10926829268292661,0.07364020123918938,0.011500667253758196
VAL 163,R VAL 163,0.0,0.0,0.0,-0.045658536585365866,0.006323050190538994,0.000987494534866942,6.237439024390245,0.5979109587343701,0.09337800369996968,-6.0174146341463395,0.5774077890952142,0.09017594656678245,0.0,0.0,0.0,0.17436585365853663,0.06021779823500023,0.00940444008300905
GLU 164,R GLU 164,0.0,0.0,0.0,-0.044048780487804855,0.00583074784774725,0.0009106098260065813,31.106804878048788,0.8661334381368532,0.13526731733134462,-31.1709756097561,0.8668906727087938,0.1353855775030767,0.0,0.0,0.0,-0.10821951219512171,0.09461127458084137,0.014775798668365848
ASN 165,R ASN 165,0.0,0.0,0.0,-0.1372439024390244,0.03959168457151051,0.00618318231903988,1.3137317073170738,1.134624769271068,0.1771986185490544,-1.1861951219512195,1.0667306382636395,0.1665953366994664,0.0,0.0,0.0,-0.009707317073170595,0.143357006839134,0.022388603051158185
VAL 166,R VAL 166,0.0,0.0,0.0,-0.6028536585365853,0.23840338442674688,0.03723235339290058,8.956560975609756,1.2034763476914352,0.18795142856293148,-8.478658536585366,1.0489377811713139,0.16381655927261154,-0.0709391414634146,0.024452897947238105,0.003818901061498348,-0.19589036097560777,0.7115985207202928,0.11113301793525533
SER 167,R SER 167,0.0,0.0,0.0,-0.7279756097560975,0.1961483370738159,0.030633223689012168,1.2570731707317069,0.5163466594206116,0.08063980024033178,-1.8007073170731702,0.5058574099632771,0.07900165469319183,-0.06747084878048779,0.013394694578754338,0.0020918998417129827,-1.339080604878049,0.3852935340058599,0.06017274063705071
ARG 168,R ARG 168,0.0,0.0,0.0,-0.4434146341463415,0.3483518669398456,0.05440342152091483,-48.50631707317074,1.4905301960436428,0.23278170792469718,48.0230975609756,1.5125161527844062,0.23621533749762239,-0.07978021463414632,0.019075524075319185,0.002979096354839271,-1.0064143609756082,0.3444816153755918,0.053798989774670056
LEU 169,R LEU 169,0.0,0.0,0.0,-0.12724390243902434,0.10199659977302566,0.015929192686399963,3.748195121951218,1.4001697496307701,0.21866977708246507,-3.5237560975609754,1.4334331427234224,0.22386464631492403,-0.0030076682926829267,0.013119567629967358,0.002048932231123986,0.09418745365853623,0.0758805814941924,0.011850555866242972
GLU 170,R GLU 170,0.0,0.0,0.0,-0.03704878048780491,0.023818368828170074,0.0037198042619456303,26.664634146341452,2.0369454625422323,0.3181174356471471,-26.59282926829269,1.9920114714925063,0.3110999252282425,-0.0005363121951219517,0.0027371805462070285,0.0004274757828694612,0.034219785365854585,0.03964357309053254,0.00619128594425438
ALA 171,R ALA 171,0.0,0.0,0.0,-0.01068292682926833,0.005279685062624423,0.0008245482778171368,4.69280487804878,1.528342434166427,0.23868698739776015,-4.658219512195121,1.5115555146158643,0.2360653110210274,0.0,0.0,0.0,0.023902439024389693,0.022553789231199266,0.003522310109079122
GLU 172,R GLU 172,0.0,0.0,0.0,-0.006219512195121955,0.013800869882661158,0.0021553337669103583,22.531268292682924,1.9805585197035378,0.3093112746626304,-22.487804878048784,1.9524583530676978,0.3049227659294146,-2.8975609756098108e-05,0.00018325784684293197,2.8620067337066696e-05,0.03721492682926845,0.021598986769813748,0.003373195016824045
SER 173,R SER 173,0.0,0.0,0.0,-0.004878048780487763,0.013230038109841705,0.0020661848215436022,4.482268292682927,1.3909243114613217,0.2172258822232338,-4.461073170731706,1.3840190572183626,0.21614746269131363,-0.0005554536585365855,0.003512997391298079,0.0005486380181038804,0.015761619512196328,0.019674846527696313,0.0030726947968113118
GLY 174,R GLY 174,0.0,0.0,0.0,-0.0030975609756097346,0.007173137144247576,0.0011202558123600368,-3.198170731707317,1.4005275469890162,0.21872565564189617,3.2073902439024393,1.399955606927673,0.2186363336109414,0.0,0.0,0.0,0.006121951219513654,0.011149089696957831,0.0017411952796074035
GLU 175,R GLU 175,0.0,0.0,0.0,-0.0018048780487804623,0.0019781675703406765,0.0003089378711061472,19.823146341463413,2.0168189098601914,0.3149741962009436,-19.799195121951225,2.006007468063664,0.3132857326641402,0.0,0.0,0.0,0.02214634146341501,0.011853909462366143,0.0018512696338246644
GLU 176,R GLU 176,0.0,0.0,0.0,-0.001878048780487812,0.0015802920685780845,0.0002468001572325665,21.196780487804876,1.484049626285435,0.23176961296637635,-21.15960975609756,1.4728425955017461,0.23001936880928625,0.0,0.0,0.0,0.03529268292683094,0.012433714792193141,0.0019418200133468108
ARG 177,R ARG 177,0.0,0.0,0.0,-0.0025121951219512165,0.001171239727174913,0.0001829169142662908,-30.589487804878058,1.6910660531724442,0.26410014712605817,30.59063414634146,1.69681862658235,0.2649985481560235,0.0,0.0,0.0,-0.001365853658537074,0.011347624867122203,0.001772201263999168
LEU 178,R LEU 178,0.0,0.0,0.0,-0.005853658536585371,0.002225801862741427,0.00034761185012299544,2.545585365853659,0.9426957188416765,0.1472243367277883,-2.4811951219512203,0.9408350525324644,0.14693374947065926,0.0,0.0,0.0,0.05853658536585436,0.013665155190814751,0.002134138692941152
PRO 179,R PRO 179,0.0,0.0,0.0,-0.016658536585365903,0.007062818328151106,0.0011030269078431537,27.458829268292686,1.2412434737369515,0.19384966271318094,-27.34834146341463,1.2438306999877276,0.19425371956962156,0.0,0.0,0.0,0.09382926829268227,0.02662650654299492,0.0041583616927711
GLU 180,R GLU 180,0.0,0.0,0.0,-0.1304390243902439,0.09158230971485008,0.01430275383061557,29.92685365853658,1.15322473770624,0.1801034455905845,-29.778268292682924,1.0906247040539323,0.17032696284075027,-0.0019087024390243895,0.0057571528388600255,0.0008991162166124381,0.016237639024387865,0.10484596221934267,0.01637418833862541
LYS 181,R LYS 181,0.0,0.0,0.0,-0.10651219512195126,0.055409835329831104,0.008653562429087915,-44.155,1.5499797323615794,0.24206616565400266,44.507146341463404,1.5324226405651589,0.2393242085803321,0.0,0.0,0.0,0.24563414634146502,0.16748552993159374,0.026156845271323725
ALA 182,R ALA 182,0.0,0.0,0.0,-0.07953658536585369,0.027033039911871906,0.0042218515383218675,9.423560975609757,0.49699094798552484,0.07761694597148396,-9.373560975609754,0.5045445687863273,0.07879662334782529,0.0,0.0,0.0,-0.029536585365852887,0.06000207214347682,0.009370749327758311
LEU 183,R LEU 183,0.0,0.0,0.0,-0.026439024390243933,0.0041850417749339066,0.0006535937176523972,1.7264878048780499,0.478351188571093,0.07470590462303357,-1.6301463414634145,0.492494326374432,0.07691469165868998,0.0,0.0,0.0,0.06990243902439082,0.03681185180177235,0.005749045377968649
THR 184,R THR 184,0.0,0.0,0.0,-0.044439024390243935,0.007670179126244345,0.001197880728505041,5.329804878048778,0.523545055694419,0.0817640008659772,-5.160756097560975,0.5191309238731263,0.08107462929397372,0.0,0.0,0.0,0.12460975609755993,0.053874686598051114,0.008413812476587311
VAL 185,R VAL 185,0.0,0.0,0.0,-0.07326829268292682,0.009995180278133288,0.0015609849047908797,3.8971951219512175,0.6525998370312986,0.10191897155706917,-3.9435609756097563,0.6807190620248027,0.1063104567056968,0.0,0.0,0.0,-0.11963414634146435,0.11937903482596438,0.018643872959401772
ARG 186,R ARG 186,0.0,0.0,0.0,-0.5823902439024389,0.18364558630207609,0.028680622067033888,-50.266365853658534,1.6266451598019844,0.2540392938641687,51.12285365853659,1.597261139987987,0.24945028095040736,-0.09684649756097562,0.021226474921530958,0.003315018440129644,0.17725106341463373,0.38629620292224676,0.06032933121365162
ALA 187,R ALA 187,0.0,0.0,0.0,-0.3680243902439025,0.11251265247114035,0.01757152419648336,3.611951219512196,0.62671921402668,0.09787709730241706,-4.536512195121951,0.5514112768095579,0.08611597344714815,-0.0158036487804878,0.009890530865703089,0.001544641412372223,-1.308389014634145,0.2591626022550052,0.0404743985350047
SER 188,R SER 188,0.0,0.0,0.0,-0.5752439024390245,0.4973955475831109,0.07768013381269759,8.098146341463414,1.0701280880930375,0.1671259292201513,-8.4029756097561,0.6149116330646669,0.09603306296477519,-0.11567783414634145,0.016372757352883485,0.0025569951082891496,-0.995751004878048,0.5812824224872764,0.09078106263956001
ALA 189,R ALA 189,0.0,0.0,0.0,-0.21768292682926832,0.04104277306301257,0.00640980426759102,5.731439024390244,0.5001952325564639,0.07811737114708914,-5.62019512195122,0.4783730669631414,0.07470932145382385,-0.029136117073170736,0.01917725270026206,0.0029949836968883544,-0.1355751414634135,0.13869136315914837,0.02165995192602303
GLY 190,R GLY 190,0.0,0.0,0.0,-0.07665853658536581,0.018679073664943042,0.002917181202848547,-1.9582439024390261,0.42208372655068677,0.06591840340738248,2.165,0.4200405323066902,0.06559931007602839,-0.0012587707317073171,0.004018471629269135,0.0006275798313855968,0.1288387902439011,0.02274811501469832,0.00355265869772012
SER 191,R SER 191,0.0,0.0,0.0,-0.024682926829268308,0.004128656690476514,0.0006447878468982794,7.31421951219512,0.5125158183017912,0.08004152337160803,-7.209975609756097,0.5064730984022022,0.07909780907285008,0.0,0.0,0.0,0.079560975609757,0.020291832768308083,0.0031690518590411607
PRO 192,R PRO 192,0.0,0.0,0.0,-0.01695121951219514,0.0035882682793371735,0.0005603933558496419,23.62068292682926,0.6024490845414892,0.09408673987919124,-23.553317073170735,0.608049437937803,0.0949613681369992,0.0,0.0,0.0,0.05041463414634226,0.020501012003284184,0.003201720167076359
GLY 193,R GLY 193,0.0,0.0,0.0,-0.036585365853658534,0.014169661182854143,0.002212929291613287,-5.1365121951219495,0.6798772529799584,0.10617898822037161,5.260658536585366,0.6655774903028646,0.10394574048897559,-0.00031890731707317094,0.0020169469688894447,0.0003149941956612859,0.08724206829268268,0.025331931827987764,0.003956183089482562
VAL 194,R VAL 194,0.0,0.0,0.0,-0.08926829268292683,0.039181270033975535,0.006119086336779271,4.977658536585366,0.6363953599252843,0.09938825740798511,-4.734146341463415,0.6301405015985765,0.09841141265302288,-0.0015792585365853654,0.009319108372951636,0.001455400212051464,0.15266464390243917,0.06564133542321843,0.010251454288435838
LYS 195,R LYS 195,0.0,0.0,0.0,-0.6973902439024391,0.1893877012063692,0.029577389752833975,-32.21173170731707,1.061903445714194,0.16584145587965887,33.062682926829275,1.1477547634511291,0.17924917913373004,-0.0732243512195122,0.03857765771556229,0.006024817930290372,0.08033662439024189,0.2626819332541971,0.041024025696479685
TYR 225,R TYR 225,0.0,0.0,0.0,-0.008487804878048753,0.0018094865357064858,0.0002825943193680634,3.9151707317073163,0.19842955405849733,0.030989489927194046,-3.886585365853658,0.1978855268509048,0.03090452715161457,0.0,0.0,0.0,0.020097560975608584,0.032599420074184204,0.005091174068372289
VAL 226,R VAL 226,0.0,0.0,0.0,-0.041902439024390226,0.009333404152588218,0.0014576328377364394,1.0045365853658517,0.3417495229936518,0.05337230862955528,-0.8790731707317072,0.3383866593579155,0.05284711756484395,0.0,0.0,0.0,0.0835609756097527,0.04610436135154094,0.007200291551741807
PRO 227,R PRO 227,0.0,0.0,0.0,-0.11339024390243904,0.02385512988628939,0.0037255453746831294,31.156926829268297,0.5931728818956256,0.09263804041594567,-31.08070731707317,0.5886701110999676,0.09193482576186562,-2.8975609756097562e-05,0.00018325784684292853,2.862006733706616e-05,-0.03719970731707262,0.043118326175851186,0.006733951205222633
PHE 228,R PHE 228,0.0,0.0,0.0,-0.38814634146341465,0.08659509392276883,0.013523881579015977,-1.8224146341463423,0.49973065797242,0.07804481678662116,1.2962439024390244,0.45643709156945306,0.07128349765589564,-0.002003882926829268,0.0020980403813805936,0.00032765885895441306,-0.9163209560975608,0.33657035732423235,0.05256345884351772
ARG 229,R ARG 229,0.0,0.0,0.0,-0.1120243902439024,0.306409616467324,0.04785314248254697,-46.80814634146342,1.276759876978385,0.19939639301614828,46.34319512195121,1.2750314050561415,0.1991264510537327,-0.01268025365853659,0.005844868309480507,0.0009128150716350682,-0.5896558634146339,0.24487209162977824,0.03824259573135391
SER 230,R SER 230,0.0,0.0,0.0,-0.2547073170731708,0.04527921178235264,0.007071424839400908,2.355585365853658,0.7845734269173696,0.12252978355952096,-1.8945853658536578,0.8521642740867201,0.13308570043119627,-0.01114770731707317,0.00507713018921507,0.0007929145212479278,0.19514497560975524,0.22284999548913342,0.03480332213239686
GLY 231,R GLY 231,0.0,0.0,0.0,-0.052317073170731664,0.01087049940376839,0.001697686785494359,-6.433000000000001,0.4658265143413576,0.07274987913214652,6.568097560975611,0.47790022455339043,0.07463547587591257,0.0,0.0,0.0,0.08278048780487848,0.036107233377829895,0.005639002468005535
ARG 232,R ARG 232,0.0,0.0,0.0,-0.08163414634146343,0.02695955063818255,0.00421037444199134,-31.952634146341463,1.0472536151494638,0.16355353672933426,32.0610487804878,1.046430610222787,0.16342500495388226,0.0,0.0,0.0,0.026780487804877958,0.09365153683192166,0.014625912813690556
ARG 233,R ARG 233,0.0,0.0,0.0,-0.09987804878048778,0.14108658388482692,0.022034022557305806,-33.82253658536584,1.114088035615288,0.17399131959712688,33.92114634146341,1.0634389351665539,0.16608125904377416,-0.004686321951219511,0.021953425406900567,0.003428549032136564,-0.005954614634143964,0.07701167103005627,0.01202720237409167
HIE 234,R HIE 234,0.0,0.0,0.0,-0.052341463414634165,0.04602258711423866,0.007187520561476738,-0.9989512195121932,0.5071536521496762,0.07920409371176049,0.9793658536585368,0.4859173750951829,0.07588754443565157,-0.0008585560975609754,0.004492411835151487,0.0007015968562485041,-0.07278538536585037,0.07136050943031905,0.011144639208020274
GLN 235,R GLN 235,0.0,0.0,0.0,-0.019560975609756125,0.015333764402634549,0.002394731670673032,5.3145853658536595,0.3820861846085836,0.05967183681598692,-5.23680487804878,0.3782188177795439,0.05906785558969258,-9.324878048780485e-05,0.0005897570707490607,9.21045803392856e-05,0.058126263414632624,0.022208723411218864,0.003468419881873606
ALA 236,R ALA 236,0.0,0.0,0.0,-0.005390243902439027,0.0018462625236854275,0.00028833776375790485,4.16960975609756,0.6028998573176148,0.09415713875939574,-4.132634146341464,0.6018300852540943,0.09399006843187242,0.0,0.0,0.0,0.03158536585365736,0.008681282387442068,0.0013557885284641272
DT5 255,L DT5   1,0.0,0.0,0.0,-0.22656097560975613,0.40460815423950247,0.06318917753838846,4.991414634146342,3.25100019112775,0.5077209297489981,-4.578073170731705,2.9265325806943583,0.4570476024166085,-0.054593034146341465,0.10083463658266854,0.015747724523785804,0.13218745365853748,0.3951833115829627,0.06171726440550844
 DC 256,L  DC   2,0.0,0.0,0.0,-0.19458536585365854,0.22058093759376435,0.03444895482493403,21.072756097560973,11.99335919049451,1.873048022460815,-20.25117073170732,11.1821601798545,1.7463600213288493,-0.030766653658536588,0.06773905002606116,0.01057906226933045,0.5962333463414624,0.8158219854671785,0.127409988501841
 DA 257,L  DA   3,0.0,0.0,0.0,-0.32931707317073156,0.28265668558098683,0.04414355791014763,15.400292682926827,6.264604058669447,0.9783667825850374,-14.483390243902443,5.584177358800387,0.8721019851770369,-0.04588472195121952,0.06756421485982893,0.010551757603709543,0.5417006439024343,0.6408051604605527,0.10007695254675636
 DT 258,L  DT   4,0.0,0.0,0.0,-0.24160975609756102,0.4108839892083231,0.06416929829446123,-3.2285853658536587,11.633404379725864,1.816832525553174,2.2679268292682937,10.151344773081208,1.5853737014403304,-0.12010161951219511,0.1161713255848788,0.018142912940176593,-1.3223699121951222,1.984382537865245,0.3099084859644746
 DG 259,L  DG   5,0.0,0.0,0.0,-0.9493414634146343,0.6674368741414513,0.10423612745784254,-0.8342439024390221,6.541609613142282,1.0216277820910993,2.479707317073175,6.958811824722498,1.0867838209418277,-0.13554878048780486,0.11157574464296366,0.01742520377641412,0.5605731707317116,0.7642962562965613,0.1193630215432122
 DA 260,L  DA   6,0.0,0.0,0.0,-1.3961463414634148,0.9005324864056714,0.1406395461048737,-8.34192682926829,7.538825176605868,1.1773666880510734,10.71265853658536,8.710402179423472,1.3603362759232767,-0.2544955902439024,0.166031527199972,0.025929768194930047,0.720089775609757,0.5068368761043923,0.0791546216050923
 DG 261,L  DG   7,0.0,0.0,0.0,-1.0598536585365852,0.7708119431838795,0.12038060087569294,-25.79553658536586,16.884454507171945,2.636908777822073,29.104219512195126,18.503665364662854,2.8897870287273038,-0.211618712195122,0.20016944624356556,0.03126121543501674,2.0372105560975586,1.345263742665031,0.21009489942434356
 DC 262,L  DC   8,0.0,0.0,0.0,-0.928439024390244,0.8530475939251496,0.13322365181331464,-33.77065853658537,16.448100267811714,2.5687616947451444,35.146658536585356,15.800027125030397,2.4675496740580143,-0.31394388292682923,0.2262387363947574,0.035332554547693955,0.13361709268292682,2.0176525255285482,0.31510438509584016
 DA 263,L  DA   9,0.0,0.0,0.0,-1.3711951219512197,0.8738593462619573,0.1364739014672479,-25.313146341463412,10.117606698012004,1.5801046993378927,25.022780487804873,7.574953402455723,1.1830089689924064,-0.4323592975609757,0.07059353635729275,0.011024858137938492,-2.093920273170739,3.143245823515932,0.4908925247991327
 DG 264,L  DG  10,0.0,0.0,0.0,-0.6930487804878048,0.7956585537816018,0.12426098952292054,-8.438268292682926,12.55343296749867,1.960516851150715,9.76648780487805,11.432383101164977,1.7854382762606629,-0.24089601951219508,0.0906437337194932,0.014156172886602345,0.39427471219512017,1.5597006150596737,0.2435843124738419
 DT 265,L  DT  11,0.0,0.0,0.0,-0.45541463414634137,0.28689396151138385,0.04480530923235777,-0.6119024390243905,11.868295301193658,1.8535163243922805,1.568048780487804,11.339220360671382,1.7708887006099263,-0.13601590243902434,0.09170785428466224,0.014322360598367823,0.3647158048780482,1.0015726824540272,0.1564193736237077
 DT 266,L  DT  12,0.0,0.0,0.0,-0.38648780487804885,0.5213105961479749,0.08141503691282112,4.007439024390244,12.606586453214824,1.9688180309724987,-3.585024390243901,11.754151915102492,1.8356901223917195,-0.08988936585365853,0.07909426646450957,0.012352449137582277,-0.053962536585366476,1.472195404921762,0.22991829462175126
 DT 267,L  DT  13,0.0,0.0,0.0,-0.24329268292682926,0.062479360066067545,0.009757636701910516,5.3053170731707295,4.699178690247824,0.7338884138427754,-4.17626829268293,4.706981255303138,0.7351069697798444,-0.012537131707317076,0.02268340139090041,0.0035425521276461567,0.8732189658536601,0.1515340620315116,0.023665644521722554
 DT 268,L  DT  14,0.0,0.0,0.0,-0.6174390243902439,0.1874008419145113,0.0292670944628812,1.2343414634146335,7.456958686958948,1.1645812903902992,0.5273414634146337,6.670031563203764,1.0416839211412716,-0.061618478048780505,0.04459453655551021,0.0069644965335529906,1.0826254243902422,1.3518206914763786,0.21111892278672276
 DT 269,L  DT  15,0.0,0.0,0.0,-0.9714146341463413,0.44711890575483804,0.06982824152325018,-16.08821951219512,16.823344532063103,2.627365003120406,20.15729268292683,15.944860476707023,2.4901688434362885,-0.11625348292682927,0.10973960423493849,0.01713844682153715,2.9814050536585373,1.6374570596241673,0.25572782893256174
 DT 270,L  DT  16,0.0,0.0,0.0,-4.040170731707317,0.9270847805691165,0.1447863177711518,-36.227609756097564,10.475949808217635,1.6360684909055694,39.93017073170732,9.262886617196921,1.4466198489552677,-0.6417725268292683,0.09044902365711949,0.014125764283683876,-0.9793822829268276,2.172078681225781,0.33922169876507263
 DG 271,L  DG  17,0.0,0.0,0.0,-5.184121951219512,1.3461617920940077,0.2102351511820288,-33.055585365853666,8.311722946554077,1.2980730403391998,32.52336585365854,5.926174489977741,0.9255129637081152,-1.0014969951219512,0.039263478870564,0.006131925200049778,-6.717838458536587,3.0926655019213047,0.48299320569816423
 DT 272,L  DT  18,0.0,0.0,0.0,-2.0068780487804876,0.4969686742408214,0.07761346739698229,5.5730243902439005,5.23495025945016,0.8175618753180658,0.8743170731707305,5.0253193245901056,0.7848230236127458,-0.305541131707317,0.09457098617109223,0.014769506675854817,4.134922282926828,0.7776461934764832,0.12144793145357718
 DT 273,L  DT  19,0.0,0.0,0.0,-1.3672439024390244,0.2888506898025429,0.04511089885058195,1.3345365853658535,7.208145704171354,1.1257232308616358,0.06112195121951359,6.719169831834164,1.0493580294059741,-0.17487061463414635,0.044918456086935336,0.007015084265324847,-0.14645598048780264,1.086496074217635,0.1696821791877702
 DT 274,L  DT  20,0.0,0.0,0.0,-0.4795609756097561,0.5617268257523222,0.08772699153148569,-28.091780487804876,11.582319211525316,1.8088543626585825,29.154000000000003,10.81217618265989,1.6885782286483835,-0.2736568975609756,0.07110549976578937,0.011104813389392723,0.3090016390243906,1.1655405408938848,0.1820268509050787
 DT 275,L  DT  21,0.0,0.0,0.0,-0.21712195121951222,0.07822893081018645,0.012217306413150298,-1.2748536585365855,6.4476906645258225,1.006960106573044,2.5596829268292685,6.332841990761526,0.9890237571433567,-0.0029765853658536676,0.0065379005363496315,0.0010210485216152572,1.0647307317073205,0.2745621181319117,0.042879398860764514
 DT 276,L  DT  22,0.0,0.0,0.0,-1.2988780487804878,0.4260021295676734,0.06653035514714094,-37.66553658536585,11.10341758000564,1.7340624932895634,38.025048780487786,10.784642488621412,1.6842781880717044,-0.277748956097561,0.09507546374414833,0.01484829283622742,-1.2171148097560975,1.9625411728548128,0.30649743782601324
 DT 277,L  DT  23,0.0,0.0,0.0,-2.7571463414634145,1.01764015780594,0.15892869169346838,-47.229658536585355,9.384571130213597,1.4656237771166651,45.12882926829269,7.8049447863000205,1.2189275886093367,-0.4010210341463415,0.11102075441500055,0.017338528864701705,-5.258996643902434,2.2188966274145816,0.34653343354527594
DT3 278,L DT3  24,0.0,0.0,0.0,-0.9649756097560975,0.9151380140563335,0.14292054630244566,-26.980536585365847,10.646359451274185,1.6626820059238052,28.787341463414627,9.797924186847341,1.5301786789593108,-0.3052726243902439,0.2123952663862044,0.03317056775886614,0.536556643902437,1.748011104852893,0.27299347006793495

