pred,model,conf,iptm,ligand_iptm,act,d_act,lockA,d_read17,lockB,d_253_23,dual,d_y217_23,d_m255_23,d_r85,d_r207,d_r267,d_e123,iface,ntcov
d_F88F_M255A_Y217Y_OFF_T_G17,0,0.87,0.9415,0.9924,0,5.51,0,12.52,0,23.37,0,26.18,28.14,3.13,4.47,2.91,6.19,29,13
d_F88F_M255A_Y217Y_OFF_T_G17,1,0.8664,0.9576,0.9918,0,5.04,0,12.63,0,42.84,0,39.0,40.91,4.86,4.79,5.15,5.3,38,14
d_F88F_M255A_Y217Y_OFF_T_G17,10,0.8559,0.8965,0.9919,0,10.12,0,25.66,0,29.58,0,33.96,34.74,7.05,6.53,5.1,16.57,15,7
d_F88F_M255A_Y217Y_OFF_T_G17,11,0.8547,0.9404,0.9911,1,3.91,0,13.91,1,4.04,0,2.1,8.1,3.7,2.39,1.91,2.34,37,15
d_F88F_M255A_Y217Y_OFF_T_G17,12,0.8547,0.9234,0.9908,0,5.65,0,18.29,0,41.78,0,40.97,40.95,4.28,1.51,6.53,4.75,28,14
d_F88F_M255A_Y217Y_OFF_T_G17,13,0.8542,0.8963,0.9914,1,2.91,0,17.71,0,34.24,0,37.39,34.16,4.79,4.21,1.6,2.68,49,15
d_F88F_M255A_Y217Y_OFF_T_G17,14,0.854,0.9435,0.991,0,6.05,0,15.0,0,55.67,0,48.96,54.94,4.46,2.84,6.46,3.98,39,17
d_F88F_M255A_Y217Y_OFF_T_G17,15,0.8537,0.9203,0.9902,0,6.41,0,15.45,0,52.13,0,47.45,51.23,5.11,5.19,5.66,4.96,31,14
d_F88F_M255A_Y217Y_OFF_T_G17,16,0.8534,0.9385,0.9916,0,5.75,0,16.36,0,44.72,0,40.83,42.7,4.65,3.37,4.57,3.74,37,13
d_F88F_M255A_Y217Y_OFF_T_G17,17,0.8518,0.9284,0.9856,1,3.17,0,17.98,0,33.42,0,29.47,33.32,4.44,3.24,3.13,3.77,63,19
d_F88F_M255A_Y217Y_OFF_T_G17,18,0.8518,0.9209,0.9894,0,5.37,0,15.77,0,43.56,0,39.46,41.47,4.21,6.24,4.06,4.34,27,11
d_F88F_M255A_Y217Y_OFF_T_G17,19,0.8516,0.9259,0.9919,0,5.64,0,11.74,0,10.34,0,15.23,19.12,2.16,4.05,3.71,6.06,44,14
d_F88F_M255A_Y217Y_OFF_T_G17,2,0.8654,0.9368,0.9896,0,6.61,0,11.66,0,41.08,0,35.46,39.44,6.57,3.63,9.02,6.08,50,17
d_F88F_M255A_Y217Y_OFF_T_G17,20,0.8511,0.9272,0.99,0,6.11,0,10.63,0,17.71,0,20.33,26.23,2.69,3.1,3.04,6.13,38,15
d_F88F_M255A_Y217Y_OFF_T_G17,21,0.8486,0.9001,0.9917,0,5.48,0,12.42,0,30.87,0,28.29,33.59,5.01,2.83,2.3,4.48,32,11
d_F88F_M255A_Y217Y_OFF_T_G17,22,0.8479,0.9296,0.992,0,5.29,0,17.1,0,48.23,0,43.2,45.94,5.33,2.87,5.92,3.66,30,14
d_F88F_M255A_Y217Y_OFF_T_G17,23,0.8477,0.8677,0.9896,1,3.57,0,20.96,0,36.74,0,38.65,40.95,3.23,3.02,2.06,3.0,51,16
d_F88F_M255A_Y217Y_OFF_T_G17,24,0.8476,0.8609,0.9847,1,4.47,0,15.84,0,39.98,0,36.94,37.94,3.97,3.36,5.63,5.16,32,12
d_F88F_M255A_Y217Y_OFF_T_G17,25,0.8475,0.9085,0.9907,0,5.73,0,11.85,0,7.11,0,14.5,14.11,2.23,3.76,2.64,4.98,41,19
d_F88F_M255A_Y217Y_OFF_T_G17,26,0.8473,0.9013,0.9915,0,5.87,0,10.91,0,10.44,0,15.48,17.48,1.99,3.87,5.38,6.56,29,14
d_F88F_M255A_Y217Y_OFF_T_G17,27,0.8464,0.9317,0.9903,1,4.98,0,16.39,0,44.7,0,38.79,43.39,6.35,4.22,7.23,3.96,38,14
d_F88F_M255A_Y217Y_OFF_T_G17,28,0.846,0.9179,0.9906,0,5.8,0,14.47,0,39.5,0,38.01,38.48,4.28,4.91,4.57,5.04,33,10
d_F88F_M255A_Y217Y_OFF_T_G17,29,0.8459,0.9073,0.9901,0,10.8,0,24.01,0,32.93,0,38.16,37.04,8.56,3.76,3.85,19.9,17,9
d_F88F_M255A_Y217Y_OFF_T_G17,3,0.8648,0.9453,0.9929,0,5.19,0,14.69,0,50.33,0,45.41,48.11,4.14,3.8,5.26,4.34,31,13
d_F88F_M255A_Y217Y_OFF_T_G17,30,0.8454,0.9095,0.9901,0,6.56,0,16.25,0,46.43,0,42.44,44.79,5.12,4.73,5.13,4.53,28,13
d_F88F_M255A_Y217Y_OFF_T_G17,31,0.8451,0.9232,0.9897,0,5.27,0,15.44,0,44.4,0,40.99,42.64,4.01,2.89,4.37,3.96,36,13
d_F88F_M255A_Y217Y_OFF_T_G17,32,0.8436,0.92,0.9901,0,6.39,0,11.87,0,17.08,0,20.16,26.3,1.91,4.21,1.49,6.22,31,10
d_F88F_M255A_Y217Y_OFF_T_G17,33,0.8422,0.9026,0.988,0,5.94,0,15.37,0,42.84,0,37.25,41.08,4.21,3.86,6.14,5.88,35,14
d_F88F_M255A_Y217Y_OFF_T_G17,34,0.8415,0.9151,0.99,0,7.15,0,14.84,0,35.58,0,34.93,34.83,4.33,6.01,4.83,7.38,27,11
d_F88F_M255A_Y217Y_OFF_T_G17,35,0.8413,0.9197,0.9898,1,4.25,0,13.5,0,7.06,0,12.84,12.57,3.9,4.17,4.74,4.78,42,16
d_F88F_M255A_Y217Y_OFF_T_G17,36,0.8412,0.9252,0.9921,0,5.85,0,11.98,0,5.11,0,11.14,13.0,2.63,4.01,3.85,5.83,32,13
d_F88F_M255A_Y217Y_OFF_T_G17,37,0.8408,0.9272,0.9914,0,6.3,0,15.45,0,42.34,0,39.83,40.56,4.0,4.48,2.7,4.28,35,12
d_F88F_M255A_Y217Y_OFF_T_G17,38,0.8403,0.9223,0.9879,0,5.11,0,11.09,0,33.52,0,31.06,34.02,4.21,4.6,2.8,5.45,44,17
d_F88F_M255A_Y217Y_OFF_T_G17,39,0.8401,0.9041,0.9874,1,4.76,0,10.71,0,25.46,0,23.6,30.27,4.05,4.53,1.44,4.77,31,13
d_F88F_M255A_Y217Y_OFF_T_G17,4,0.8603,0.9481,0.9922,0,5.95,0,16.08,0,45.18,0,39.44,43.16,4.55,3.91,6.45,4.67,29,14
d_F88F_M255A_Y217Y_OFF_T_G17,40,0.8396,0.9415,0.9929,1,4.1,0,12.98,0,25.03,0,26.69,28.65,2.54,2.97,1.17,3.69,28,10
d_F88F_M255A_Y217Y_OFF_T_G17,41,0.8387,0.9239,0.9909,1,3.59,0,16.65,0,31.54,0,30.76,32.97,2.44,4.33,3.26,4.84,43,18
d_F88F_M255A_Y217Y_OFF_T_G17,42,0.8387,0.926,0.9897,0,7.57,0,14.44,0,42.83,0,39.93,41.73,3.07,3.21,7.22,4.56,29,11
d_F88F_M255A_Y217Y_OFF_T_G17,43,0.8386,0.9053,0.9863,1,4.55,0,13.06,0,37.05,0,34.22,35.94,2.97,4.5,4.17,5.68,33,9
d_F88F_M255A_Y217Y_OFF_T_G17,44,0.8381,0.9047,0.9902,0,5.71,0,11.66,0,28.07,0,28.97,35.05,3.32,4.18,0.53,4.02,28,11
d_F88F_M255A_Y217Y_OFF_T_G17,45,0.838,0.9361,0.9916,1,3.49,0,23.09,0,42.43,0,38.82,43.4,3.2,3.49,4.94,4.41,58,20
d_F88F_M255A_Y217Y_OFF_T_G17,46,0.8379,0.9175,0.9877,0,5.64,0,10.09,0,30.0,0,27.65,31.1,3.63,4.4,5.79,5.83,35,17
d_F88F_M255A_Y217Y_OFF_T_G17,47,0.8361,0.8816,0.9856,0,6.58,0,12.15,0,30.61,0,30.28,32.73,11.08,4.89,6.54,6.35,28,9
d_F88F_M255A_Y217Y_OFF_T_G17,48,0.8356,0.9243,0.9915,1,1.81,0,23.82,0,14.93,0,14.05,16.07,5.19,3.47,9.63,1.39,35,9
d_F88F_M255A_Y217Y_OFF_T_G17,49,0.8353,0.8958,0.9883,0,6.32,0,13.64,0,45.31,0,41.33,43.42,2.85,1.86,6.51,6.92,30,13
d_F88F_M255A_Y217Y_OFF_T_G17,5,0.8598,0.9475,0.992,0,5.68,0,14.49,0,45.97,0,40.91,43.86,3.19,3.4,7.41,4.96,33,15
d_F88F_M255A_Y217Y_OFF_T_G17,50,0.8353,0.8852,0.9887,1,4.4,0,11.0,0,30.83,0,32.33,35.99,4.67,4.22,6.34,5.58,41,15
d_F88F_M255A_Y217Y_OFF_T_G17,51,0.8336,0.9368,0.9919,0,6.32,0,16.75,0,45.37,0,41.1,43.73,5.89,4.52,2.88,6.44,28,12
d_F88F_M255A_Y217Y_OFF_T_G17,52,0.8334,0.9071,0.9898,0,5.35,0,22.8,0,40.66,0,44.41,46.12,3.52,3.48,1.2,6.92,24,13
d_F88F_M255A_Y217Y_OFF_T_G17,53,0.8333,0.872,0.9854,0,5.69,0,14.69,0,33.74,0,32.12,38.74,2.03,6.2,2.34,5.7,29,11
d_F88F_M255A_Y217Y_OFF_T_G17,54,0.8332,0.9193,0.9919,0,5.74,0,12.59,0,15.74,0,17.06,21.92,2.34,2.43,3.56,5.61,48,17
d_F88F_M255A_Y217Y_OFF_T_G17,55,0.8289,0.9157,0.9895,1,1.72,0,14.66,0,6.07,0,6.92,12.05,5.78,6.98,14.1,1.47,37,17
d_F88F_M255A_Y217Y_OFF_T_G17,56,0.8283,0.9419,0.9926,1,4.93,0,15.77,0,42.2,0,40.21,41.08,3.64,4.34,6.65,5.3,29,12
d_F88F_M255A_Y217Y_OFF_T_G17,57,0.8282,0.8649,0.9885,0,5.48,0,10.44,0,21.19,0,24.67,29.43,2.32,6.53,2.27,4.92,36,13
d_F88F_M255A_Y217Y_OFF_T_G17,58,0.828,0.9296,0.9904,0,6.67,0,17.04,0,39.86,0,37.39,37.8,3.1,5.15,4.52,5.33,33,13
d_F88F_M255A_Y217Y_OFF_T_G17,59,0.8276,0.9023,0.9896,0,5.1,0,11.99,0,26.18,0,28.43,34.67,3.69,5.06,2.25,4.16,26,9
d_F88F_M255A_Y217Y_OFF_T_G17,6,0.8583,0.9426,0.9906,1,4.73,0,13.36,0,46.41,0,41.74,44.43,4.76,3.23,4.74,4.74,35,13
d_F88F_M255A_Y217Y_OFF_T_G17,60,0.8275,0.9426,0.9927,1,4.88,0,11.51,0,23.97,0,25.05,31.62,4.1,3.45,3.0,5.22,30,16
d_F88F_M255A_Y217Y_OFF_T_G17,61,0.827,0.942,0.9895,0,5.01,0,11.26,0,8.72,0,9.5,12.24,3.93,3.42,0.48,4.19,41,17
d_F88F_M255A_Y217Y_OFF_T_G17,62,0.8268,0.8893,0.9892,0,11.58,0,21.47,0,34.68,0,38.78,36.83,7.15,6.2,3.9,18.51,16,8
d_F88F_M255A_Y217Y_OFF_T_G17,63,0.8263,0.8763,0.9849,1,4.9,0,14.47,0,33.51,0,33.62,40.23,4.54,5.8,0.64,3.08,24,11
d_F88F_M255A_Y217Y_OFF_T_G17,64,0.8249,0.9345,0.9913,0,6.59,0,15.25,0,13.33,0,9.14,18.01,4.85,3.21,3.34,7.19,30,12
d_F88F_M255A_Y217Y_OFF_T_G17,65,0.8246,0.9395,0.9916,1,2.9,0,24.92,0,9.2,0,11.76,10.6,5.47,3.78,10.38,3.36,29,7
d_F88F_M255A_Y217Y_OFF_T_G17,66,0.8245,0.9072,0.9881,0,5.74,0,11.8,0,18.13,0,22.16,27.76,3.24,2.91,3.58,4.6,38,17
d_F88F_M255A_Y217Y_OFF_T_G17,67,0.8234,0.8604,0.9877,1,4.57,0,24.18,0,34.28,0,36.38,40.22,4.69,5.05,5.15,4.64,30,10
d_F88F_M255A_Y217Y_OFF_T_G17,68,0.8234,0.8785,0.9871,0,6.63,0,12.64,0,38.92,0,37.09,37.79,5.05,5.27,3.96,7.57,22,11
d_F88F_M255A_Y217Y_OFF_T_G17,69,0.8225,0.9342,0.991,0,5.44,0,15.35,0,14.71,0,8.44,17.22,4.88,4.62,3.63,5.96,30,14
d_F88F_M255A_Y217Y_OFF_T_G17,7,0.8573,0.872,0.9892,0,9.66,0,22.39,0,32.81,0,37.19,37.17,7.0,5.1,5.8,18.56,18,9
d_F88F_M255A_Y217Y_OFF_T_G17,70,0.8206,0.8592,0.9846,1,4.34,0,10.68,0,24.6,0,25.51,32.55,4.1,3.91,2.85,3.43,31,13
d_F88F_M255A_Y217Y_OFF_T_G17,71,0.8185,0.9147,0.988,1,4.99,0,10.7,0,19.58,0,12.76,22.15,3.44,3.68,2.14,4.89,37,16
d_F88F_M255A_Y217Y_OFF_T_G17,72,0.8184,0.8825,0.9872,1,4.73,0,12.06,0,31.04,0,29.8,33.42,2.87,4.84,4.27,5.48,39,13
d_F88F_M255A_Y217Y_OFF_T_G17,73,0.8171,0.8929,0.9894,0,10.71,0,18.08,0,35.81,0,39.06,37.88,6.45,1.77,3.29,19.82,22,11
d_F88F_M255A_Y217Y_OFF_T_G17,74,0.8154,0.8966,0.9896,0,6.01,0,23.27,0,24.03,0,25.73,29.99,3.81,1.62,3.61,6.7,26,10
d_F88F_M255A_Y217Y_OFF_T_G17,75,0.8152,0.8435,0.986,0,7.57,0,14.96,0,42.47,0,39.28,40.67,3.36,3.34,6.23,5.93,28,13
d_F88F_M255A_Y217Y_OFF_T_G17,76,0.814,0.8161,0.9857,1,4.63,0,25.95,0,37.52,0,37.33,38.17,3.23,2.95,3.97,4.99,53,15
d_F88F_M255A_Y217Y_OFF_T_G17,77,0.8139,0.8307,0.9842,0,16.86,0,24.43,0,29.1,0,30.19,34.43,5.88,6.92,5.02,18.99,10,9
d_F88F_M255A_Y217Y_OFF_T_G17,78,0.8123,0.9161,0.9929,1,3.34,0,24.89,0,31.64,0,33.68,37.08,6.67,6.64,11.69,4.5,32,12
d_F88F_M255A_Y217Y_OFF_T_G17,79,0.8107,0.9227,0.9936,0,6.31,0,19.57,0,23.09,0,14.81,22.07,3.24,2.72,1.72,5.85,29,10
d_F88F_M255A_Y217Y_OFF_T_G17,8,0.8571,0.948,0.9883,0,8.64,0,12.72,0,39.77,0,35.58,38.9,6.88,4.44,5.14,7.8,35,16
d_F88F_M255A_Y217Y_OFF_T_G17,80,0.81,0.7552,0.98,1,3.11,0,17.83,0,37.9,0,39.98,38.27,4.93,4.93,4.81,2.47,35,14
d_F88F_M255A_Y217Y_OFF_T_G17,81,0.8086,0.7492,0.9838,0,10.33,0,25.09,0,38.44,0,42.74,41.81,8.57,8.14,7.33,18.26,19,9
d_F88F_M255A_Y217Y_OFF_T_G17,82,0.8082,0.8944,0.9869,0,6.8,0,15.58,0,42.85,0,37.14,41.94,4.12,3.1,3.27,6.65,43,18
d_F88F_M255A_Y217Y_OFF_T_G17,83,0.8081,0.8821,0.9867,0,5.21,0,11.41,0,9.91,0,9.46,10.93,4.0,4.32,3.39,4.47,40,15
d_F88F_M255A_Y217Y_OFF_T_G17,84,0.803,0.8592,0.9868,0,5.52,0,21.47,0,25.58,0,24.5,31.67,5.74,4.49,5.09,6.3,31,11
d_F88F_M255A_Y217Y_OFF_T_G17,85,0.8029,0.9016,0.9873,0,7.08,0,16.2,0,17.7,0,8.89,17.6,6.78,3.67,3.04,6.65,26,12
d_F88F_M255A_Y217Y_OFF_T_G17,86,0.7965,0.8434,0.9827,0,6.02,0,9.68,0,25.25,0,23.75,27.63,3.47,3.7,3.26,5.24,57,19
d_F88F_M255A_Y217Y_OFF_T_G17,87,0.7965,0.7003,0.9826,0,11.73,0,24.71,0,30.2,0,36.16,35.03,8.35,6.02,6.47,18.35,16,10
d_F88F_M255A_Y217Y_OFF_T_G17,88,0.7952,0.7864,0.9792,1,4.09,0,14.13,0,47.7,0,41.13,45.57,4.01,3.61,5.66,4.16,36,17
d_F88F_M255A_Y217Y_OFF_T_G17,89,0.7932,0.7702,0.982,1,4.78,0,16.26,0,49.09,0,44.64,48.54,6.01,3.57,4.78,4.21,37,14
d_F88F_M255A_Y217Y_OFF_T_G17,9,0.8566,0.918,0.9912,0,6.26,0,12.11,1,3.67,0,9.42,9.53,2.64,4.55,2.69,6.73,43,17
d_F88F_M255A_Y217Y_OFF_T_G17,90,0.791,0.8975,0.9851,1,2.91,0,15.53,0,18.88,0,11.76,19.95,4.97,4.74,7.23,1.64,45,15
d_F88F_M255A_Y217Y_OFF_T_G17,91,0.7905,0.8125,0.9862,0,5.78,0,22.91,0,24.75,0,24.82,32.66,4.62,2.98,9.38,7.08,25,9
d_F88F_M255A_Y217Y_OFF_T_G17,92,0.7894,0.7311,0.9863,0,5.29,0,11.92,0,18.85,0,21.89,25.6,2.92,2.68,3.72,4.71,31,12
d_F88F_M255A_Y217Y_OFF_T_G17,93,0.7824,0.6404,0.9796,1,3.87,0,15.89,0,44.63,0,41.93,43.53,4.39,5.6,6.52,5.04,27,12
d_F88F_M255A_Y217Y_OFF_T_G17,94,0.7804,0.6878,0.9762,0,10.39,0,19.37,0,53.28,0,45.59,53.14,7.69,5.08,2.69,18.47,15,9
d_F88F_M255A_Y217Y_OFF_T_G17,95,0.7761,0.7198,0.9806,0,8.84,0,19.05,0,55.44,0,47.19,54.04,7.54,5.6,4.6,18.19,14,7
d_F88F_M255A_Y217Y_OFF_T_G17,96,0.7708,0.7791,0.9828,0,6.6,0,17.09,0,36.93,0,35.79,35.55,2.59,4.2,4.02,4.23,41,12
d_F88F_M255A_Y217Y_OFF_T_G17,97,0.7705,0.7576,0.9832,1,3.12,0,18.44,0,36.38,0,36.13,35.6,1.99,6.27,5.69,1.11,34,13
d_F88F_M255A_Y217Y_OFF_T_G17,98,0.7702,0.6778,0.9775,0,10.47,0,19.57,0,53.83,0,46.01,53.27,6.82,5.18,2.32,16.44,17,9
d_F88F_M255A_Y217Y_OFF_T_G17,99,0.763,0.6267,0.9782,0,16.09,0,28.04,0,62.13,0,60.89,62.88,7.67,3.85,3.31,16.75,11,7
d_F88F_M255A_Y217Y_OFF_T_G17,0,0.8721,0.898,0.9898,0,10.46,0,17.46,0,38.63,0,41.75,39.05,7.75,4.48,2.7,20.13,20,10
d_F88F_M255A_Y217Y_OFF_T_G17,1,0.8617,0.9396,0.9917,0,5.89,0,15.99,0,41.52,0,37.84,39.47,5.47,4.95,3.18,5.21,28,11
d_F88F_M255A_Y217Y_OFF_T_G17,10,0.853,0.8999,0.9905,0,5.32,0,11.8,1,4.03,0,10.23,10.75,2.09,3.82,4.08,6.65,30,15
d_F88F_M255A_Y217Y_OFF_T_G17,11,0.853,0.9112,0.9873,0,7.08,0,10.31,0,32.48,0,30.68,32.91,10.38,4.27,4.53,5.77,21,11
d_F88F_M255A_Y217Y_OFF_T_G17,12,0.8521,0.9201,0.9916,0,5.96,0,11.88,0,8.77,0,13.85,16.88,2.06,5.04,4.27,6.15,30,13
d_F88F_M255A_Y217Y_OFF_T_G17,13,0.8514,0.9145,0.9934,0,6.08,0,11.19,0,14.57,0,13.83,20.08,2.0,4.41,3.44,6.81,38,11
d_F88F_M255A_Y217Y_OFF_T_G17,14,0.8505,0.913,0.9907,0,5.21,0,14.74,0,38.33,0,37.1,36.5,4.22,4.55,3.09,4.98,31,12
d_F88F_M255A_Y217Y_OFF_T_G17,15,0.8504,0.9207,0.9908,0,5.62,0,13.0,0,41.86,0,38.77,40.63,3.78,4.2,4.57,5.25,33,13
d_F88F_M255A_Y217Y_OFF_T_G17,16,0.85,0.8632,0.9873,0,12.15,0,22.29,0,32.58,0,36.98,36.67,7.61,7.87,6.61,18.2,12,7
d_F88F_M255A_Y217Y_OFF_T_G17,17,0.8497,0.9081,0.9921,0,6.24,0,11.4,0,5.38,0,11.68,11.5,1.8,3.6,4.42,6.66,44,18
d_F88F_M255A_Y217Y_OFF_T_G17,18,0.8496,0.9099,0.9907,1,4.36,0,11.08,0,37.5,0,40.09,40.41,3.29,5.28,2.76,5.39,49,16
d_F88F_M255A_Y217Y_OFF_T_G17,19,0.8495,0.9278,0.992,0,7.23,0,10.71,0,42.88,0,39.8,41.16,4.46,3.88,2.36,6.58,32,11
d_F88F_M255A_Y217Y_OFF_T_G17,2,0.8612,0.9368,0.9916,1,3.86,0,14.13,0,46.24,0,42.02,44.27,4.59,4.35,6.14,4.41,34,12
d_F88F_M255A_Y217Y_OFF_T_G17,20,0.8492,0.8643,0.9888,0,5.43,0,27.8,0,29.49,0,31.55,34.23,4.66,2.97,2.74,5.4,41,14
d_F88F_M255A_Y217Y_OFF_T_G17,21,0.849,0.9271,0.9902,1,3.87,0,22.74,0,43.18,0,36.28,41.76,5.03,3.36,4.06,4.19,54,21
d_F88F_M255A_Y217Y_OFF_T_G17,22,0.8488,0.9283,0.9928,1,3.62,0,17.16,0,37.35,0,37.03,35.8,3.22,3.97,7.53,5.15,41,14
d_F88F_M255A_Y217Y_OFF_T_G17,23,0.8483,0.919,0.9903,0,5.78,0,13.62,0,41.41,0,37.94,39.52,4.52,5.04,3.33,6.24,32,11
d_F88F_M255A_Y217Y_OFF_T_G17,24,0.8467,0.88,0.9888,1,3.59,0,24.33,0,44.68,0,37.73,43.13,2.77,2.93,4.97,3.65,62,22
d_F88F_M255A_Y217Y_OFF_T_G17,25,0.8462,0.9339,0.9885,0,6.89,0,12.62,0,28.31,0,27.27,29.34,10.06,4.28,8.35,4.85,33,13
d_F88F_M255A_Y217Y_OFF_T_G17,26,0.8456,0.9075,0.9898,1,3.68,0,15.56,0,44.46,0,41.77,42.97,4.05,3.81,6.56,4.48,36,15
d_F88F_M255A_Y217Y_OFF_T_G17,27,0.8453,0.8891,0.9891,0,5.37,0,11.87,0,6.41,0,6.55,11.32,2.03,4.19,4.12,5.76,45,15
d_F88F_M255A_Y217Y_OFF_T_G17,28,0.8452,0.874,0.99,0,6.53,0,11.95,0,8.15,0,11.88,15.48,2.03,3.32,3.01,6.55,33,12
d_F88F_M255A_Y217Y_OFF_T_G17,29,0.8448,0.9019,0.9907,0,5.67,0,11.29,0,14.28,0,19.31,21.31,2.79,4.51,3.83,5.99,42,17
d_F88F_M255A_Y217Y_OFF_T_G17,3,0.8603,0.8632,0.9884,0,10.57,0,24.55,0,33.24,0,37.48,38.6,8.62,7.13,3.55,18.05,13,6
d_F88F_M255A_Y217Y_OFF_T_G17,30,0.8446,0.9359,0.9928,1,3.73,0,14.87,0,44.61,0,41.17,42.67,4.06,3.55,4.45,4.19,30,12
d_F88F_M255A_Y217Y_OFF_T_G17,31,0.8446,0.942,0.9931,1,3.88,0,25.48,0,9.9,0,13.77,12.92,4.87,4.25,9.91,1.87,31,8
d_F88F_M255A_Y217Y_OFF_T_G17,32,0.8445,0.8869,0.9916,0,6.55,0,11.81,0,10.49,0,14.39,16.46,2.28,6.5,3.41,6.03,39,14
d_F88F_M255A_Y217Y_OFF_T_G17,33,0.8438,0.9171,0.9921,0,5.09,0,13.47,0,41.66,0,36.58,39.72,6.65,3.73,8.24,5.67,33,15
d_F88F_M255A_Y217Y_OFF_T_G17,34,0.8433,0.942,0.9935,0,6.29,0,11.85,0,5.02,0,10.37,11.13,2.04,5.3,4.14,5.58,42,17
d_F88F_M255A_Y217Y_OFF_T_G17,35,0.8428,0.9263,0.9917,1,3.94,0,15.18,0,30.99,0,29.78,31.8,4.21,3.29,5.3,5.71,47,18
d_F88F_M255A_Y217Y_OFF_T_G17,36,0.8427,0.8694,0.9864,1,2.42,0,22.73,0,10.75,0,16.53,14.82,5.8,3.68,10.22,2.72,39,11
d_F88F_M255A_Y217Y_OFF_T_G17,37,0.8408,0.8886,0.9894,0,6.08,0,17.35,0,44.28,0,41.85,43.23,3.09,5.97,6.26,4.91,25,11
d_F88F_M255A_Y217Y_OFF_T_G17,38,0.8403,0.9297,0.9923,0,5.85,0,13.93,0,38.02,0,36.87,39.24,5.65,4.45,7.8,5.31,21,10
d_F88F_M255A_Y217Y_OFF_T_G17,39,0.8403,0.9487,0.9931,0,6.17,0,10.98,1,2.75,0,8.05,10.05,2.17,4.89,4.82,6.86,33,13
d_F88F_M255A_Y217Y_OFF_T_G17,4,0.8595,0.9401,0.9932,1,3.31,0,11.89,1,2.91,0,7.89,7.65,4.07,3.74,2.37,5.24,40,16
d_F88F_M255A_Y217Y_OFF_T_G17,40,0.8394,0.9089,0.9927,0,10.81,0,23.92,0,47.04,0,49.35,47.37,8.01,7.05,3.36,18.32,19,10
d_F88F_M255A_Y217Y_OFF_T_G17,41,0.8392,0.9509,0.9944,0,6.83,0,15.37,0,43.3,0,38.83,41.33,5.02,4.81,2.75,4.7,36,10
d_F88F_M255A_Y217Y_OFF_T_G17,42,0.8383,0.872,0.7197,0,5.81,0,11.78,0,10.01,0,13.31,15.34,2.52,6.05,4.12,6.79,49,18
d_F88F_M255A_Y217Y_OFF_T_G17,43,0.8379,0.8535,0.9891,1,3.52,0,16.7,0,30.99,0,35.01,34.33,3.61,4.24,3.31,3.94,42,16
d_F88F_M255A_Y217Y_OFF_T_G17,44,0.8378,0.9211,0.9891,0,8.45,0,12.15,0,39.56,0,35.91,39.19,6.64,4.56,4.03,8.16,34,18
d_F88F_M255A_Y217Y_OFF_T_G17,45,0.8376,0.8559,0.9863,0,15.72,0,26.23,0,36.79,0,36.05,39.81,6.23,4.77,3.41,20.91,10,7
d_F88F_M255A_Y217Y_OFF_T_G17,46,0.8372,0.9122,0.9882,1,4.7,0,18.77,0,31.71,0,30.34,32.35,4.06,3.46,5.85,6.19,43,15
d_F88F_M255A_Y217Y_OFF_T_G17,47,0.8366,0.8899,0.9884,0,5.12,0,12.17,0,6.49,0,12.96,13.0,3.09,5.61,1.05,6.03,45,18
d_F88F_M255A_Y217Y_OFF_T_G17,48,0.8362,0.9223,0.9888,0,5.7,0,11.75,0,24.61,0,22.47,29.3,4.8,2.82,1.83,5.05,33,15
d_F88F_M255A_Y217Y_OFF_T_G17,49,0.8358,0.8553,0.9872,0,16.35,0,24.82,0,48.51,0,43.94,51.0,7.91,4.11,4.71,18.39,11,10
d_F88F_M255A_Y217Y_OFF_T_G17,5,0.8588,0.9405,0.9914,0,5.6,0,15.44,0,50.18,0,45.06,48.7,5.22,3.61,5.11,5.31,36,16
d_F88F_M255A_Y217Y_OFF_T_G17,50,0.8356,0.9236,0.9914,1,4.1,0,15.03,0,40.03,0,37.64,38.42,4.18,4.48,2.36,4.37,34,13
d_F88F_M255A_Y217Y_OFF_T_G17,51,0.8356,0.8805,0.9882,0,12.95,0,23.54,0,29.92,0,34.41,33.0,6.76,4.05,2.94,19.36,18,8
d_F88F_M255A_Y217Y_OFF_T_G17,52,0.8354,0.859,0.991,0,5.76,0,26.98,0,34.74,0,40.09,36.88,3.59,5.05,5.15,6.8,34,14
d_F88F_M255A_Y217Y_OFF_T_G17,53,0.8343,0.8623,0.9875,0,5.29,0,13.96,1,3.73,0,3.42,7.55,3.85,2.49,2.03,5.32,51,17
d_F88F_M255A_Y217Y_OFF_T_G17,54,0.8327,0.8777,0.9889,0,7.45,0,14.76,0,20.41,0,17.25,24.81,3.34,4.38,2.74,7.04,27,10
d_F88F_M255A_Y217Y_OFF_T_G17,55,0.8324,0.8216,0.9854,0,12.0,0,26.29,0,33.55,0,36.85,37.25,7.41,6.47,4.81,19.21,14,8
d_F88F_M255A_Y217Y_OFF_T_G17,56,0.8323,0.9158,0.9903,1,3.95,0,26.64,0,17.54,0,25.48,24.34,4.28,2.46,9.49,4.42,33,13
d_F88F_M255A_Y217Y_OFF_T_G17,57,0.8318,0.88,0.9883,0,5.74,0,18.4,0,25.98,0,24.66,29.09,2.86,4.5,6.63,5.86,50,17
d_F88F_M255A_Y217Y_OFF_T_G17,58,0.8308,0.9076,0.9876,0,6.27,0,10.61,0,33.11,0,34.08,35.5,8.81,4.98,7.88,7.03,24,12
d_F88F_M255A_Y217Y_OFF_T_G17,59,0.8301,0.8721,0.9911,1,3.96,0,25.6,0,30.47,0,35.87,34.86,3.13,2.9,3.1,4.47,48,15
d_F88F_M255A_Y217Y_OFF_T_G17,6,0.8587,0.9174,0.992,0,5.3,0,15.07,0,28.91,0,27.09,35.3,2.14,3.62,3.92,6.43,32,11
d_F88F_M255A_Y217Y_OFF_T_G17,60,0.8293,0.8414,0.9886,0,17.73,0,27.34,0,35.84,0,37.91,40.41,8.45,6.56,7.04,20.8,8,7
d_F88F_M255A_Y217Y_OFF_T_G17,61,0.8292,0.8927,0.9891,0,5.82,0,15.75,0,41.33,0,39.67,39.92,4.15,4.83,4.86,5.31,29,12
d_F88F_M255A_Y217Y_OFF_T_G17,62,0.8288,0.9123,0.9887,1,3.78,0,13.83,0,44.83,0,39.3,43.34,4.13,3.21,6.59,4.44,32,14
d_F88F_M255A_Y217Y_OFF_T_G17,63,0.8282,0.8416,0.9893,1,4.44,0,11.37,1,1.24,0,10.09,10.83,2.98,5.18,2.8,5.16,30,13
d_F88F_M255A_Y217Y_OFF_T_G17,64,0.8279,0.9271,0.9913,0,5.87,0,16.75,0,33.5,0,32.34,31.68,4.58,5.82,2.82,5.59,24,9
d_F88F_M255A_Y217Y_OFF_T_G17,65,0.8276,0.9086,0.9899,0,5.15,0,15.57,0,37.05,0,34.39,37.88,3.19,2.87,3.37,5.64,49,16
d_F88F_M255A_Y217Y_OFF_T_G17,66,0.8271,0.9297,0.9917,0,5.57,0,18.04,0,29.94,0,27.97,30.44,3.74,5.37,2.06,4.35,48,18
d_F88F_M255A_Y217Y_OFF_T_G17,67,0.8236,0.8728,0.9861,1,3.63,0,14.58,0,40.16,0,36.01,38.74,5.04,5.94,5.22,5.61,30,10
d_F88F_M255A_Y217Y_OFF_T_G17,68,0.8235,0.7203,0.9844,0,11.79,0,24.05,0,30.2,0,36.66,34.49,7.34,2.4,3.22,18.85,21,9
d_F88F_M255A_Y217Y_OFF_T_G17,69,0.8233,0.8585,0.9855,1,4.84,0,16.37,0,53.85,0,48.44,52.78,4.53,4.29,6.78,5.25,33,12
d_F88F_M255A_Y217Y_OFF_T_G17,7,0.8564,0.8936,0.9899,0,9.23,0,23.94,0,35.81,0,40.09,38.36,7.94,4.53,4.24,18.24,21,10
d_F88F_M255A_Y217Y_OFF_T_G17,70,0.822,0.9117,0.9872,1,4.94,0,10.28,0,29.76,0,29.96,31.54,7.41,3.01,7.75,4.85,31,18
d_F88F_M255A_Y217Y_OFF_T_G17,71,0.8203,0.8859,0.989,0,5.84,0,11.44,0,21.8,0,24.05,30.55,3.49,3.89,2.22,4.81,32,14
d_F88F_M255A_Y217Y_OFF_T_G17,72,0.8202,0.8959,0.9887,0,5.28,0,21.06,0,39.45,0,35.75,35.88,2.59,3.44,2.92,5.82,37,15
d_F88F_M255A_Y217Y_OFF_T_G17,73,0.82,0.9065,0.9897,0,6.06,0,16.9,0,38.59,0,36.68,37.32,3.98,5.2,5.33,4.89,27,9
d_F88F_M255A_Y217Y_OFF_T_G17,74,0.8199,0.8398,0.9852,0,15.93,0,26.85,0,30.31,0,33.3,36.67,5.29,4.71,4.59,20.05,11,7
d_F88F_M255A_Y217Y_OFF_T_G17,75,0.8199,0.9004,0.9899,1,4.52,0,21.19,0,10.44,0,8.63,16.68,3.29,5.37,6.03,5.39,27,9
d_F88F_M255A_Y217Y_OFF_T_G17,76,0.8168,0.8417,0.99,1,3.37,0,25.13,0,40.44,0,39.15,45.48,3.07,3.88,2.36,4.31,45,14
d_F88F_M255A_Y217Y_OFF_T_G17,77,0.8163,0.8727,0.9877,0,5.65,0,11.84,0,29.02,0,29.68,28.27,3.33,3.99,9.55,6.27,47,19
d_F88F_M255A_Y217Y_OFF_T_G17,78,0.816,0.9141,0.9899,0,6.06,0,10.63,0,37.09,0,35.46,36.98,7.24,4.43,4.14,6.38,29,12
d_F88F_M255A_Y217Y_OFF_T_G17,79,0.8137,0.8897,0.987,0,5.31,0,11.43,0,26.04,0,25.33,32.47,3.78,2.41,4.7,6.31,35,14
d_F88F_M255A_Y217Y_OFF_T_G17,8,0.8556,0.9073,0.9866,0,6.98,0,12.89,0,5.52,0,5.96,9.01,4.03,3.96,4.02,6.01,36,13
d_F88F_M255A_Y217Y_OFF_T_G17,80,0.8132,0.8789,0.989,0,10.61,0,20.44,0,39.11,0,35.67,42.53,5.21,4.43,4.98,12.61,18,10
d_F88F_M255A_Y217Y_OFF_T_G17,81,0.8129,0.8301,0.9894,0,5.73,0,27.49,0,45.29,0,42.94,47.7,3.34,3.79,1.19,5.38,41,14
d_F88F_M255A_Y217Y_OFF_T_G17,82,0.8119,0.899,0.9905,0,5.34,0,11.18,0,20.39,0,21.83,28.79,3.9,3.82,2.98,6.19,33,13
d_F88F_M255A_Y217Y_OFF_T_G17,83,0.8117,0.8632,0.9869,1,1.81,0,23.37,0,12.92,0,12.11,15.8,4.89,7.57,10.68,1.45,27,7
d_F88F_M255A_Y217Y_OFF_T_G17,84,0.8079,0.8413,0.9852,0,5.14,0,11.72,0,28.54,0,29.72,36.58,4.51,3.73,2.21,4.28,24,13
d_F88F_M255A_Y217Y_OFF_T_G17,85,0.8079,0.8843,0.99,1,4.11,0,18.25,0,23.14,0,20.14,26.6,3.23,2.34,2.94,4.6,37,10
d_F88F_M255A_Y217Y_OFF_T_G17,86,0.8064,0.8757,0.9888,0,6.17,0,18.86,0,17.35,0,24.92,24.36,4.41,4.28,6.41,5.37,50,14
d_F88F_M255A_Y217Y_OFF_T_G17,87,0.8057,0.9118,0.9901,0,6.16,0,15.86,0,14.26,0,8.21,16.94,5.94,5.15,4.24,5.48,27,14
d_F88F_M255A_Y217Y_OFF_T_G17,88,0.8022,0.8875,0.9878,1,4.65,0,21.3,0,14.05,0,14.83,20.13,5.92,3.63,7.37,3.99,30,10
d_F88F_M255A_Y217Y_OFF_T_G17,89,0.8005,0.863,0.99,0,7.08,0,24.99,0,27.55,0,26.4,34.91,4.18,3.11,1.14,6.65,43,13
d_F88F_M255A_Y217Y_OFF_T_G17,9,0.855,0.9047,0.9923,0,5.14,0,11.52,0,20.98,0,22.9,29.64,2.29,5.93,4.08,5.97,40,15
d_F88F_M255A_Y217Y_OFF_T_G17,90,0.7965,0.8908,0.9887,1,4.86,0,11.19,0,20.03,0,18.36,26.32,4.21,3.91,3.96,6.07,32,13
d_F88F_M255A_Y217Y_OFF_T_G17,91,0.7937,0.8317,0.983,0,5.32,0,10.58,0,10.87,0,15.59,20.18,3.35,4.55,2.64,4.52,39,15
d_F88F_M255A_Y217Y_OFF_T_G17,92,0.792,0.6597,0.9819,1,4.8,0,19.82,0,36.25,0,35.97,34.31,3.18,3.83,8.29,4.95,36,13
d_F88F_M255A_Y217Y_OFF_T_G17,93,0.7888,0.7446,0.9834,1,4.78,0,23.68,0,19.42,0,16.73,25.0,4.21,3.63,0.69,3.02,50,18
d_F88F_M255A_Y217Y_OFF_T_G17,94,0.7851,0.7727,0.9843,0,5.52,0,19.93,0,35.38,0,34.81,35.85,3.37,3.88,0.71,7.06,29,12
d_F88F_M255A_Y217Y_OFF_T_G17,95,0.7711,0.6966,0.9834,1,4.17,0,22.74,0,15.43,0,16.59,19.92,4.62,6.41,11.6,3.82,20,7
d_F88F_M255A_Y217Y_OFF_T_G17,96,0.7698,0.7006,0.9836,0,5.69,0,10.96,0,26.49,0,24.87,32.72,4.06,3.01,3.11,4.52,27,11
d_F88F_M255A_Y217Y_OFF_T_G17,97,0.7671,0.6747,0.9829,0,12.28,0,22.65,0,37.66,0,41.84,39.97,8.54,4.55,4.4,18.28,17,9
d_F88F_M255A_Y217Y_OFF_T_G17,98,0.7617,0.5224,0.9794,0,11.49,0,24.99,0,35.27,0,38.36,37.23,7.8,4.6,2.99,18.71,18,9
d_F88F_M255A_Y217Y_OFF_T_G17,99,0.7421,0.6073,0.9768,1,1.99,0,11.78,0,20.32,0,22.34,28.76,4.23,4.61,2.56,2.71,43,17
d_F88K_M255A_Y217Y_OFF_T_G17,0,0.8689,0.9099,0.9872,0,5.32,0,14.97,0,51.85,0,46.0,50.1,4.67,4.24,5.18,5.54,32,13
d_F88K_M255A_Y217Y_OFF_T_G17,1,0.8642,0.9475,0.9925,1,3.52,0,10.44,1,2.99,0,6.0,7.67,4.76,3.51,2.34,3.21,52,17
d_F88K_M255A_Y217Y_OFF_T_G17,10,0.8496,0.876,0.9845,0,6.07,0,13.58,0,44.82,0,42.12,43.23,6.34,3.46,4.62,7.04,32,11
d_F88K_M255A_Y217Y_OFF_T_G17,11,0.8495,0.9304,0.9873,0,9.33,0,10.6,0,40.96,0,36.31,39.84,6.7,3.66,3.43,8.79,34,16
d_F88K_M255A_Y217Y_OFF_T_G17,12,0.8493,0.916,0.9888,0,7.62,0,15.26,0,55.2,0,47.75,54.45,3.65,3.29,6.38,6.43,32,13
d_F88K_M255A_Y217Y_OFF_T_G17,13,0.8484,0.8938,0.987,1,4.49,0,13.27,0,41.99,0,39.14,40.15,3.48,4.04,4.86,6.35,38,13
d_F88K_M255A_Y217Y_OFF_T_G17,14,0.8482,0.9007,0.9882,0,7.48,0,15.59,0,31.48,0,31.53,30.82,4.77,4.68,3.31,6.06,29,14
d_F88K_M255A_Y217Y_OFF_T_G17,15,0.8476,0.9187,0.988,1,4.57,0,12.89,0,39.57,0,37.18,37.91,3.58,4.37,4.1,6.19,43,13
d_F88K_M255A_Y217Y_OFF_T_G17,16,0.8469,0.9301,0.9924,0,7.6,0,9.82,1,3.42,0,7.27,8.25,2.07,3.97,4.25,6.87,46,19
d_F88K_M255A_Y217Y_OFF_T_G17,17,0.8466,0.9186,0.9878,0,5.54,0,12.72,0,43.78,0,38.72,41.83,5.91,3.62,4.91,6.28,36,17
d_F88K_M255A_Y217Y_OFF_T_G17,18,0.8461,0.918,0.9888,0,6.64,0,13.81,0,36.45,0,34.52,34.91,5.78,4.53,6.19,6.37,27,12
d_F88K_M255A_Y217Y_OFF_T_G17,19,0.8446,0.9019,0.9916,0,7.14,0,25.57,0,27.49,0,33.06,32.92,2.91,5.82,2.56,7.39,42,14
d_F88K_M255A_Y217Y_OFF_T_G17,2,0.8617,0.9007,0.9884,1,2.9,0,12.99,0,28.57,0,28.05,31.97,3.41,3.09,5.05,5.45,47,20
d_F88K_M255A_Y217Y_OFF_T_G17,20,0.8443,0.9048,0.9905,0,11.83,0,22.93,0,31.13,0,35.72,34.91,6.8,3.88,5.25,16.22,19,8
d_F88K_M255A_Y217Y_OFF_T_G17,21,0.8441,0.9212,0.9909,0,5.73,0,25.42,0,10.59,0,16.07,16.21,6.74,4.95,9.7,4.62,26,8
d_F88K_M255A_Y217Y_OFF_T_G17,22,0.8433,0.9125,0.9881,0,5.5,0,13.55,0,41.83,0,38.83,40.27,6.17,4.68,5.19,6.72,29,14
d_F88K_M255A_Y217Y_OFF_T_G17,23,0.8432,0.9208,0.9906,1,3.85,0,23.89,0,8.85,0,17.66,15.52,6.87,4.76,9.98,3.14,29,8
d_F88K_M255A_Y217Y_OFF_T_G17,24,0.8431,0.9142,0.9893,0,5.53,0,11.94,0,41.28,0,38.06,39.45,6.21,3.15,4.51,7.28,25,11
d_F88K_M255A_Y217Y_OFF_T_G17,25,0.842,0.9004,0.9904,1,4.8,0,16.66,0,35.23,0,38.3,39.42,1.19,1.48,2.84,5.11,33,10
d_F88K_M255A_Y217Y_OFF_T_G17,26,0.8418,0.9312,0.9898,0,6.35,0,16.55,0,53.72,0,47.96,54.06,3.73,3.33,7.69,8.08,27,13
d_F88K_M255A_Y217Y_OFF_T_G17,27,0.8412,0.8835,0.987,1,3.53,0,14.05,0,40.11,0,37.88,38.08,4.09,5.46,3.99,4.76,36,12
d_F88K_M255A_Y217Y_OFF_T_G17,28,0.8405,0.9297,0.9886,1,3.83,0,13.66,0,45.08,0,38.59,43.2,5.34,2.57,5.16,4.64,32,17
d_F88K_M255A_Y217Y_OFF_T_G17,29,0.8393,0.9256,0.9889,0,6.77,0,13.61,0,42.24,0,36.74,40.17,6.32,3.66,4.15,5.29,33,17
d_F88K_M255A_Y217Y_OFF_T_G17,3,0.8587,0.9247,0.99,0,7.18,0,13.14,0,43.4,0,39.11,41.05,5.95,5.14,3.4,6.5,25,13
d_F88K_M255A_Y217Y_OFF_T_G17,30,0.8387,0.8975,0.9863,0,5.23,0,14.22,0,46.63,0,40.36,44.67,4.75,4.74,6.78,7.11,32,13
d_F88K_M255A_Y217Y_OFF_T_G17,31,0.8384,0.9447,0.9906,1,4.21,0,16.52,1,1.28,0,5.81,9.79,4.31,2.91,4.36,2.54,45,15
d_F88K_M255A_Y217Y_OFF_T_G17,32,0.8378,0.9084,0.9873,0,5.6,0,14.03,0,45.06,0,40.51,43.91,6.12,2.73,4.65,8.15,25,12
d_F88K_M255A_Y217Y_OFF_T_G17,33,0.8373,0.8635,0.9896,0,11.47,0,23.43,0,29.05,0,32.17,34.61,9.22,4.65,3.55,20.47,16,8
d_F88K_M255A_Y217Y_OFF_T_G17,34,0.8373,0.9042,0.9877,0,8.27,0,11.16,0,43.01,0,37.33,41.22,5.6,3.45,4.69,8.82,28,16
d_F88K_M255A_Y217Y_OFF_T_G17,35,0.8369,0.9284,0.991,0,5.78,0,11.67,0,42.04,0,38.88,40.55,6.98,5.22,4.37,6.08,23,8
d_F88K_M255A_Y217Y_OFF_T_G17,36,0.8367,0.9383,0.9902,0,6.86,0,15.86,0,32.78,0,32.29,31.26,3.93,5.08,3.99,6.45,29,12
d_F88K_M255A_Y217Y_OFF_T_G17,37,0.8365,0.8881,0.9878,0,5.61,0,12.45,0,35.17,0,35.07,36.59,5.94,3.84,7.19,4.6,25,12
d_F88K_M255A_Y217Y_OFF_T_G17,38,0.8357,0.9314,0.9882,0,7.06,0,12.4,0,42.7,0,37.77,40.83,5.51,3.67,5.66,7.51,32,19
d_F88K_M255A_Y217Y_OFF_T_G17,39,0.8356,0.869,0.986,0,5.59,0,14.06,0,39.5,0,36.2,37.86,5.9,5.95,3.6,7.19,20,12
d_F88K_M255A_Y217Y_OFF_T_G17,4,0.8529,0.9139,0.991,1,4.04,0,15.46,0,44.74,0,41.36,43.42,4.52,5.3,6.33,4.7,28,12
d_F88K_M255A_Y217Y_OFF_T_G17,40,0.8355,0.9124,0.9894,1,2.12,0,22.91,0,8.67,0,13.26,11.96,7.42,4.57,12.34,1.14,25,10
d_F88K_M255A_Y217Y_OFF_T_G17,41,0.8352,0.9378,0.9884,1,4.1,0,27.36,0,13.02,0,17.12,21.29,5.09,3.34,4.12,5.75,38,15
d_F88K_M255A_Y217Y_OFF_T_G17,42,0.8348,0.9101,0.9905,0,11.04,0,20.67,0,32.23,0,36.96,36.32,5.92,7.67,3.47,18.94,16,12
d_F88K_M255A_Y217Y_OFF_T_G17,43,0.8343,0.8729,0.9862,0,6.16,0,13.51,0,40.48,0,37.29,39.37,7.28,4.84,5.25,5.84,26,13
d_F88K_M255A_Y217Y_OFF_T_G17,44,0.8335,0.8997,0.9895,1,3.56,0,12.76,0,41.36,0,38.57,40.12,3.81,3.75,4.65,5.41,34,13
d_F88K_M255A_Y217Y_OFF_T_G17,45,0.8333,0.8767,0.9874,0,5.35,0,13.94,0,43.95,0,37.79,42.17,7.14,2.92,5.84,5.17,35,17
d_F88K_M255A_Y217Y_OFF_T_G17,46,0.8331,0.9192,0.9893,0,5.01,0,15.79,0,33.18,0,29.63,34.69,3.97,5.54,5.18,5.99,44,18
d_F88K_M255A_Y217Y_OFF_T_G17,47,0.8328,0.8394,0.9859,0,7.35,0,14.22,0,43.64,0,39.25,41.69,7.08,4.07,4.9,7.9,16,8
d_F88K_M255A_Y217Y_OFF_T_G17,48,0.8328,0.909,0.9916,0,9.51,0,18.77,0,37.31,0,40.07,37.08,8.2,5.27,4.76,20.55,16,10
d_F88K_M255A_Y217Y_OFF_T_G17,49,0.8316,0.8928,0.9842,1,4.6,0,13.97,0,40.63,0,36.19,39.32,6.51,4.97,4.99,5.19,34,16
d_F88K_M255A_Y217Y_OFF_T_G17,5,0.8526,0.9249,0.9891,0,6.99,0,11.38,0,42.35,0,35.84,40.31,6.53,3.64,4.15,6.99,32,17
d_F88K_M255A_Y217Y_OFF_T_G17,50,0.8296,0.8967,0.9863,0,5.85,0,15.03,0,43.22,0,37.41,41.82,4.48,4.11,6.91,5.13,40,19
d_F88K_M255A_Y217Y_OFF_T_G17,51,0.8291,0.923,0.9887,0,5.34,0,13.99,0,41.82,0,36.7,40.04,7.25,4.41,3.72,4.75,32,16
d_F88K_M255A_Y217Y_OFF_T_G17,52,0.8284,0.8384,0.9885,0,7.84,0,14.22,1,3.12,0,8.96,10.58,5.27,3.07,2.12,7.19,25,15
d_F88K_M255A_Y217Y_OFF_T_G17,53,0.8283,0.8893,0.9868,0,7.44,0,13.41,0,23.15,0,20.69,25.43,5.6,3.12,1.79,6.46,39,18
d_F88K_M255A_Y217Y_OFF_T_G17,54,0.8275,0.8628,0.9867,0,11.12,0,19.88,0,29.04,0,30.33,33.72,5.77,4.13,3.46,17.11,20,9
d_F88K_M255A_Y217Y_OFF_T_G17,55,0.8267,0.9049,0.9877,1,4.82,0,15.01,0,40.12,0,38.73,40.01,6.1,5.63,5.85,5.3,31,13
d_F88K_M255A_Y217Y_OFF_T_G17,56,0.8265,0.9219,0.9902,0,6.4,0,14.48,0,40.09,0,38.02,38.76,3.54,4.67,5.77,5.73,35,12
d_F88K_M255A_Y217Y_OFF_T_G17,57,0.8256,0.9165,0.99,0,5.92,0,14.93,0,41.24,0,38.35,39.75,5.79,2.59,4.09,8.47,24,10
d_F88K_M255A_Y217Y_OFF_T_G17,58,0.8255,0.9288,0.9907,1,1.73,0,11.87,0,22.23,0,16.01,24.05,4.17,1.69,2.42,2.93,42,15
d_F88K_M255A_Y217Y_OFF_T_G17,59,0.8254,0.8314,0.9875,0,5.44,0,23.84,0,36.35,0,39.28,40.09,2.89,4.31,3.79,5.66,46,12
d_F88K_M255A_Y217Y_OFF_T_G17,6,0.8526,0.8954,0.9912,0,9.96,0,23.57,0,33.44,0,37.43,36.72,6.85,4.39,4.17,19.12,18,8
d_F88K_M255A_Y217Y_OFF_T_G17,60,0.8253,0.9043,0.9868,0,8.6,0,12.48,0,42.75,0,37.32,40.66,4.87,4.06,4.45,8.09,36,16
d_F88K_M255A_Y217Y_OFF_T_G17,61,0.8246,0.8736,0.987,0,6.27,0,9.79,0,37.97,0,35.98,36.59,4.83,4.06,4.22,8.08,23,12
d_F88K_M255A_Y217Y_OFF_T_G17,62,0.8245,0.874,0.9871,0,7.28,0,13.22,0,41.45,0,39.11,40.3,5.39,3.67,4.36,8.59,20,11
d_F88K_M255A_Y217Y_OFF_T_G17,63,0.8245,0.8511,0.9859,0,6.44,0,8.35,0,29.73,0,29.91,31.92,9.67,1.18,9.9,5.38,29,13
d_F88K_M255A_Y217Y_OFF_T_G17,64,0.824,0.9114,0.9898,0,6.14,0,8.72,0,35.69,0,33.45,35.68,5.23,4.23,5.76,5.94,24,10
d_F88K_M255A_Y217Y_OFF_T_G17,65,0.8218,0.8284,0.9865,0,6.33,0,13.19,0,37.53,0,36.97,44.78,4.89,2.89,1.85,4.52,37,12
d_F88K_M255A_Y217Y_OFF_T_G17,66,0.8212,0.8781,0.9885,0,9.58,0,18.96,0,32.37,0,36.32,34.02,5.39,3.99,3.89,18.07,18,10
d_F88K_M255A_Y217Y_OFF_T_G17,67,0.8211,0.805,0.9873,0,6.06,0,23.07,0,32.6,0,36.07,33.42,2.67,4.65,3.48,6.5,43,14
d_F88K_M255A_Y217Y_OFF_T_G17,68,0.8207,0.8642,0.9871,0,12.14,0,17.49,0,26.72,0,26.17,33.88,6.54,2.78,2.82,13.62,17,8
d_F88K_M255A_Y217Y_OFF_T_G17,69,0.8205,0.9212,0.9904,0,7.94,0,16.37,0,38.08,0,36.86,36.82,3.84,5.59,4.04,6.66,24,11
d_F88K_M255A_Y217Y_OFF_T_G17,7,0.8512,0.8992,0.9874,0,12.11,0,14.04,0,33.4,0,33.45,38.55,13.41,5.18,11.0,9.01,24,10
d_F88K_M255A_Y217Y_OFF_T_G17,70,0.8202,0.9106,0.9875,0,6.69,0,14.16,0,41.9,0,38.44,40.11,6.16,2.4,5.04,8.03,25,13
d_F88K_M255A_Y217Y_OFF_T_G17,71,0.8198,0.8673,0.9883,0,10.14,0,20.44,0,62.23,0,57.25,60.41,8.42,6.12,5.53,17.94,12,9
d_F88K_M255A_Y217Y_OFF_T_G17,72,0.8193,0.8837,0.9852,0,7.15,0,14.46,0,38.9,0,37.42,38.05,5.87,2.37,5.02,9.23,20,10
d_F88K_M255A_Y217Y_OFF_T_G17,73,0.8171,0.8825,0.9878,0,7.36,0,16.32,0,46.06,0,43.65,45.73,4.84,5.64,6.1,8.36,18,9
d_F88K_M255A_Y217Y_OFF_T_G17,74,0.8162,0.9054,0.989,0,6.15,0,15.64,0,36.62,0,35.08,35.84,6.33,4.73,5.55,7.3,20,12
d_F88K_M255A_Y217Y_OFF_T_G17,75,0.8149,0.8422,0.9861,0,17.13,0,27.87,0,35.86,0,39.65,40.97,7.53,5.33,7.35,21.11,9,8
d_F88K_M255A_Y217Y_OFF_T_G17,76,0.8149,0.889,0.9864,0,5.98,0,14.52,0,43.66,0,40.72,41.9,6.22,3.79,5.04,6.19,22,12
d_F88K_M255A_Y217Y_OFF_T_G17,77,0.8127,0.8666,0.9902,1,4.62,0,12.62,0,28.17,0,27.72,32.7,3.53,1.51,3.46,2.98,38,14
d_F88K_M255A_Y217Y_OFF_T_G17,78,0.8116,0.825,0.9872,0,17.21,0,28.18,0,37.62,0,42.09,42.27,8.22,5.69,6.9,20.67,7,6
d_F88K_M255A_Y217Y_OFF_T_G17,79,0.8085,0.7576,0.9807,0,6.11,0,15.34,0,39.62,0,37.71,38.22,6.15,3.95,2.81,6.36,24,11
d_F88K_M255A_Y217Y_OFF_T_G17,8,0.8509,0.8935,0.9863,0,5.02,0,12.72,0,41.08,0,38.41,39.4,4.93,5.08,4.61,5.25,28,13
d_F88K_M255A_Y217Y_OFF_T_G17,80,0.8076,0.8785,0.9881,1,4.54,0,14.33,0,32.17,0,30.99,32.57,7.51,5.2,8.46,4.81,22,9
d_F88K_M255A_Y217Y_OFF_T_G17,81,0.8064,0.8303,0.9839,0,7.32,0,16.47,0,36.16,0,35.09,35.74,4.43,4.77,3.92,7.18,26,12
d_F88K_M255A_Y217Y_OFF_T_G17,82,0.8048,0.8759,0.9851,0,9.69,0,14.56,0,14.22,0,11.61,20.25,7.18,3.27,2.62,7.75,17,10
d_F88K_M255A_Y217Y_OFF_T_G17,83,0.8045,0.8911,0.9885,0,6.42,0,12.57,0,38.9,0,38.09,38.06,4.62,4.99,3.28,4.15,22,11
d_F88K_M255A_Y217Y_OFF_T_G17,84,0.8023,0.9152,0.9905,0,8.06,0,12.66,0,18.58,0,10.09,19.34,7.05,5.37,3.56,7.75,21,13
d_F88K_M255A_Y217Y_OFF_T_G17,85,0.8003,0.8238,0.9865,1,3.05,0,10.55,0,34.27,0,33.44,34.09,3.39,5.73,11.58,5.54,42,11
d_F88K_M255A_Y217Y_OFF_T_G17,86,0.7999,0.8776,0.985,0,7.87,0,13.17,0,13.67,0,8.2,17.68,7.67,4.34,3.89,8.24,27,13
d_F88K_M255A_Y217Y_OFF_T_G17,87,0.7999,0.8507,0.9862,0,8.39,0,13.12,0,15.98,0,11.7,20.44,9.0,4.98,4.05,7.02,18,9
d_F88K_M255A_Y217Y_OFF_T_G17,88,0.7995,0.8636,0.9856,0,7.31,0,16.56,0,44.73,0,40.98,43.26,5.52,5.1,4.86,7.27,22,11
d_F88K_M255A_Y217Y_OFF_T_G17,89,0.7991,0.8933,0.9889,0,6.22,0,13.84,0,14.4,0,6.72,15.24,7.72,4.86,4.75,6.59,27,12
d_F88K_M255A_Y217Y_OFF_T_G17,9,0.8507,0.9028,0.9897,0,5.51,0,19.04,0,48.4,0,46.05,47.36,5.46,2.54,8.66,4.07,36,13
d_F88K_M255A_Y217Y_OFF_T_G17,90,0.7968,0.8131,0.9828,0,6.59,0,10.74,0,36.71,0,34.47,35.21,5.6,4.57,3.2,7.15,32,12
d_F88K_M255A_Y217Y_OFF_T_G17,91,0.7967,0.8972,0.9898,0,7.38,0,14.03,0,21.86,0,16.18,25.18,7.44,6.21,3.23,7.42,17,10
d_F88K_M255A_Y217Y_OFF_T_G17,92,0.7967,0.8776,0.9888,0,7.41,0,13.15,0,15.84,0,9.99,18.64,7.5,5.84,3.52,7.34,23,14
d_F88K_M255A_Y217Y_OFF_T_G17,93,0.7878,0.8218,0.9832,0,7.32,0,11.86,0,17.34,0,8.75,17.84,7.52,4.04,2.11,7.4,26,14
d_F88K_M255A_Y217Y_OFF_T_G17,94,0.7868,0.8088,0.9813,0,5.18,0,13.88,0,14.92,0,10.87,19.83,7.35,3.52,2.39,5.27,23,13
d_F88K_M255A_Y217Y_OFF_T_G17,95,0.7855,0.7059,0.981,0,11.92,0,20.51,0,52.75,0,47.27,54.79,8.09,3.98,3.48,18.56,16,7
d_F88K_M255A_Y217Y_OFF_T_G17,96,0.7837,0.7528,0.982,0,5.99,0,19.35,0,42.45,0,36.65,40.51,4.71,5.62,3.07,4.95,52,19
d_F88K_M255A_Y217Y_OFF_T_G17,97,0.7774,0.6845,0.9814,0,5.81,0,10.68,0,34.36,0,34.69,34.63,5.22,3.23,3.27,6.27,36,15
d_F88K_M255A_Y217Y_OFF_T_G17,98,0.7641,0.7105,0.9837,0,6.76,0,16.96,0,31.67,0,32.13,31.73,4.11,3.11,8.48,5.6,40,16
d_F88K_M255A_Y217Y_OFF_T_G17,99,0.7538,0.7086,0.9773,1,2.12,0,10.35,0,25.41,0,18.1,26.79,4.72,4.63,2.0,2.74,44,18
d_F88K_M255M_Y217R_OFF_T_G17,0,0.8618,0.9113,0.9891,1,3.72,0,25.92,0,13.51,0,16.18,16.13,8.12,4.08,11.55,3.91,38,11
d_F88K_M255M_Y217R_OFF_T_G17,1,0.8596,0.927,0.9879,1,2.6,0,12.41,0,42.26,0,36.99,39.2,5.17,3.23,5.86,3.99,35,15
d_F88K_M255M_Y217R_OFF_T_G17,10,0.8499,0.8839,0.9864,0,5.84,0,18.3,0,37.91,0,39.02,36.78,3.42,3.04,4.36,4.94,43,15
d_F88K_M255M_Y217R_OFF_T_G17,11,0.8466,0.9256,0.9896,0,6.63,0,12.09,0,40.87,0,37.42,39.03,3.6,3.6,5.83,6.61,27,10
d_F88K_M255M_Y217R_OFF_T_G17,12,0.8462,0.9196,0.9889,1,2.41,0,11.98,0,38.68,0,35.51,37.11,3.49,2.73,4.43,6.75,29,12
d_F88K_M255M_Y217R_OFF_T_G17,13,0.8461,0.9114,0.9881,1,3.93,0,10.27,0,21.45,0,16.68,23.24,4.37,2.75,2.97,4.36,45,14
d_F88K_M255M_Y217R_OFF_T_G17,14,0.845,0.9042,0.9865,1,2.76,0,11.31,0,39.04,0,35.28,37.8,7.36,2.91,3.89,1.3,29,10
d_F88K_M255M_Y217R_OFF_T_G17,15,0.8443,0.9093,0.9887,0,9.95,0,14.19,0,39.32,0,35.69,40.08,12.97,4.33,14.12,9.47,25,7
d_F88K_M255M_Y217R_OFF_T_G17,16,0.8439,0.9331,0.9919,1,2.35,0,10.83,0,6.71,0,4.82,11.58,3.54,3.82,2.08,5.4,43,17
d_F88K_M255M_Y217R_OFF_T_G17,17,0.8439,0.8769,0.9836,0,5.46,0,14.08,0,37.15,0,35.39,35.34,3.25,3.66,4.53,5.77,30,14
d_F88K_M255M_Y217R_OFF_T_G17,18,0.8431,0.9073,0.9908,0,6.13,0,12.66,1,4.68,0,8.04,10.72,3.13,3.48,3.65,6.68,42,18
d_F88K_M255M_Y217R_OFF_T_G17,19,0.8422,0.8453,0.987,0,12.17,0,22.87,0,30.38,0,36.42,33.68,8.33,2.65,3.62,18.85,19,8
d_F88K_M255M_Y217R_OFF_T_G17,2,0.8589,0.9216,0.9908,1,3.77,0,27.25,0,12.76,0,13.54,13.94,9.99,3.08,11.34,3.73,31,11
d_F88K_M255M_Y217R_OFF_T_G17,20,0.841,0.9173,0.9882,0,8.33,0,14.61,0,40.56,0,34.37,38.95,10.66,5.4,12.02,7.97,22,10
d_F88K_M255M_Y217R_OFF_T_G17,21,0.8409,0.8935,0.9884,0,8.8,0,19.77,0,56.28,0,47.35,51.94,7.18,4.72,3.0,18.59,17,7
d_F88K_M255M_Y217R_OFF_T_G17,22,0.8407,0.9345,0.991,1,3.03,0,12.79,0,41.68,0,36.63,37.85,3.47,2.55,3.47,6.53,27,10
d_F88K_M255M_Y217R_OFF_T_G17,23,0.8404,0.8936,0.9865,1,3.01,0,12.5,0,39.71,0,36.79,38.6,4.18,5.05,4.74,4.86,28,10
d_F88K_M255M_Y217R_OFF_T_G17,24,0.8396,0.8991,0.9852,1,4.53,0,27.43,0,10.29,0,13.74,11.61,6.91,4.88,11.86,5.8,32,10
d_F88K_M255M_Y217R_OFF_T_G17,25,0.8386,0.913,0.9888,1,2.25,0,12.34,0,39.4,0,35.72,37.59,5.47,4.58,4.69,6.29,29,10
d_F88K_M255M_Y217R_OFF_T_G17,26,0.8382,0.8768,0.9837,0,6.38,0,14.84,0,43.23,0,39.23,40.79,5.8,4.09,4.54,8.97,27,11
d_F88K_M255M_Y217R_OFF_T_G17,27,0.8371,0.8705,0.9855,0,6.9,0,15.64,0,37.97,0,36.89,38.07,5.02,4.98,11.28,8.45,34,14
d_F88K_M255M_Y217R_OFF_T_G17,28,0.8366,0.9231,0.9881,0,5.63,0,9.27,0,24.87,0,24.83,27.72,5.06,3.41,4.6,6.06,47,16
d_F88K_M255M_Y217R_OFF_T_G17,29,0.8357,0.8826,0.987,1,2.73,0,12.66,0,35.63,0,33.45,34.71,4.87,2.72,4.4,5.75,29,10
d_F88K_M255M_Y217R_OFF_T_G17,3,0.8581,0.9061,0.9841,0,5.02,0,25.67,0,13.33,0,13.51,13.36,8.69,3.56,11.01,4.97,30,10
d_F88K_M255M_Y217R_OFF_T_G17,30,0.8352,0.9004,0.9869,0,5.81,0,19.0,0,38.61,0,35.99,35.75,3.53,3.85,9.18,6.99,40,16
d_F88K_M255M_Y217R_OFF_T_G17,31,0.8346,0.8933,0.988,0,5.73,0,16.18,0,41.62,0,36.05,38.82,2.79,5.57,2.96,7.01,50,19
d_F88K_M255M_Y217R_OFF_T_G17,32,0.8345,0.8611,0.9866,0,10.73,0,16.49,0,26.75,0,24.1,28.63,7.47,5.09,3.55,11.39,22,10
d_F88K_M255M_Y217R_OFF_T_G17,33,0.8337,0.8909,0.9878,0,6.17,0,7.46,0,33.96,0,33.55,36.84,8.24,5.22,12.6,7.19,22,9
d_F88K_M255M_Y217R_OFF_T_G17,34,0.8305,0.907,0.987,0,6.63,0,12.07,0,41.28,0,35.94,39.53,5.78,3.45,3.07,6.28,27,14
d_F88K_M255M_Y217R_OFF_T_G17,35,0.8303,0.8997,0.9854,1,3.74,0,15.17,1,3.49,0,2.49,8.15,4.13,2.91,3.14,4.49,30,14
d_F88K_M255M_Y217R_OFF_T_G17,36,0.83,0.8566,0.9841,0,6.98,0,14.78,0,39.85,0,35.25,37.75,7.39,4.35,10.34,7.21,46,13
d_F88K_M255M_Y217R_OFF_T_G17,37,0.8299,0.8516,0.9858,1,3.47,0,12.68,0,37.01,0,34.19,35.51,6.33,5.47,10.28,2.77,33,12
d_F88K_M255M_Y217R_OFF_T_G17,38,0.8298,0.9165,0.9871,1,3.57,0,9.96,0,39.46,0,35.8,37.11,4.49,3.55,3.77,5.1,29,9
d_F88K_M255M_Y217R_OFF_T_G17,39,0.8294,0.839,0.9859,0,6.5,0,14.9,0,11.95,0,14.1,17.32,3.64,1.61,2.49,5.2,40,15
d_F88K_M255M_Y217R_OFF_T_G17,4,0.857,0.8774,0.9884,0,6.21,0,20.25,0,36.17,0,37.55,35.16,4.62,3.82,5.2,4.4,37,13
d_F88K_M255M_Y217R_OFF_T_G17,40,0.8294,0.8436,0.9849,1,4.93,0,11.2,0,8.51,0,10.53,16.79,3.79,4.31,3.77,4.58,47,17
d_F88K_M255M_Y217R_OFF_T_G17,41,0.829,0.8697,0.9849,0,6.1,0,18.36,0,42.72,0,37.49,40.97,7.31,3.84,8.18,3.83,45,17
d_F88K_M255M_Y217R_OFF_T_G17,42,0.8289,0.8217,0.9869,0,5.8,0,19.63,0,41.66,0,40.24,40.2,3.36,4.59,9.25,4.08,39,14
d_F88K_M255M_Y217R_OFF_T_G17,43,0.8271,0.8982,0.9868,0,7.04,0,13.87,0,40.25,0,37.1,38.81,7.38,4.35,6.49,6.95,25,9
d_F88K_M255M_Y217R_OFF_T_G17,44,0.8269,0.8228,0.9867,0,7.66,0,16.69,0,34.52,0,34.96,33.88,4.06,2.8,6.14,8.37,45,15
d_F88K_M255M_Y217R_OFF_T_G17,45,0.8264,0.879,0.9888,0,5.51,0,13.19,0,31.78,0,30.96,31.52,2.88,5.39,9.9,4.91,37,14
d_F88K_M255M_Y217R_OFF_T_G17,46,0.8258,0.9167,0.9905,1,3.34,0,24.45,0,10.55,0,11.4,14.4,5.91,4.33,12.2,4.3,21,10
d_F88K_M255M_Y217R_OFF_T_G17,47,0.825,0.9248,0.9922,1,4.02,0,19.56,0,40.65,0,39.44,43.28,6.71,6.13,11.31,3.36,28,12
d_F88K_M255M_Y217R_OFF_T_G17,48,0.8239,0.8733,0.9875,0,8.74,0,19.45,0,55.38,0,47.7,51.14,7.78,6.65,4.68,19.33,14,8
d_F88K_M255M_Y217R_OFF_T_G17,49,0.8222,0.8635,0.9865,0,5.52,0,15.54,0,37.1,0,33.28,35.83,7.88,4.17,9.69,5.88,39,16
d_F88K_M255M_Y217R_OFF_T_G17,5,0.8543,0.9358,0.9912,1,4.74,0,9.4,0,39.97,0,36.75,38.18,5.68,5.66,4.63,4.7,27,9
d_F88K_M255M_Y217R_OFF_T_G17,50,0.8215,0.8846,0.9867,0,6.97,0,13.15,0,38.47,0,35.12,36.64,6.17,4.77,8.54,6.72,38,17
d_F88K_M255M_Y217R_OFF_T_G17,51,0.8213,0.8463,0.9856,0,6.01,0,14.03,0,37.63,0,35.03,35.85,6.23,4.71,9.27,6.3,42,15
d_F88K_M255M_Y217R_OFF_T_G17,52,0.8206,0.8796,0.9849,0,12.17,0,11.81,0,43.12,0,36.81,41.63,15.29,5.44,13.46,9.19,20,10
d_F88K_M255M_Y217R_OFF_T_G17,53,0.8199,0.8797,0.9881,1,4.31,0,25.61,0,13.65,0,12.21,16.91,6.33,4.87,8.77,2.46,28,8
d_F88K_M255M_Y217R_OFF_T_G17,54,0.8191,0.8435,0.9857,0,9.03,0,15.36,0,21.97,0,18.04,23.48,4.18,5.53,10.1,8.27,22,10
d_F88K_M255M_Y217R_OFF_T_G17,55,0.8184,0.9166,0.9889,0,7.59,0,16.65,0,9.21,0,7.17,9.39,4.29,4.59,3.71,7.95,32,12
d_F88K_M255M_Y217R_OFF_T_G17,56,0.8172,0.8788,0.9878,0,11.99,0,17.5,0,32.52,0,27.89,32.73,6.2,3.43,3.93,10.57,13,8
d_F88K_M255M_Y217R_OFF_T_G17,57,0.8162,0.9249,0.99,1,3.0,0,10.3,0,8.48,0,4.75,11.08,3.55,2.72,2.78,1.61,38,14
d_F88K_M255M_Y217R_OFF_T_G17,58,0.8156,0.8557,0.9882,1,1.49,0,14.95,0,11.62,0,6.89,12.8,4.3,3.38,2.9,3.27,36,11
d_F88K_M255M_Y217R_OFF_T_G17,59,0.8145,0.8194,0.9827,0,6.65,0,17.21,0,37.29,0,34.2,35.29,4.16,3.38,9.02,4.26,49,17
d_F88K_M255M_Y217R_OFF_T_G17,6,0.8543,0.9334,0.9911,1,2.59,0,16.95,0,37.64,0,35.38,39.55,3.94,5.24,10.03,3.17,34,9
d_F88K_M255M_Y217R_OFF_T_G17,60,0.8145,0.8994,0.9878,0,11.36,0,13.94,0,21.92,0,18.9,22.74,8.29,3.76,6.7,13.87,22,11
d_F88K_M255M_Y217R_OFF_T_G17,61,0.814,0.7563,0.9805,0,6.77,0,13.45,0,42.46,0,37.77,39.93,6.63,3.29,4.23,8.17,26,11
d_F88K_M255M_Y217R_OFF_T_G17,62,0.8138,0.8213,0.9845,0,5.1,0,16.84,0,35.51,0,33.38,35.03,8.51,5.11,10.62,5.92,31,13
d_F88K_M255M_Y217R_OFF_T_G17,63,0.8134,0.8253,0.9875,0,8.23,0,26.11,0,30.5,0,35.29,34.51,3.77,3.73,4.22,6.83,44,12
d_F88K_M255M_Y217R_OFF_T_G17,64,0.8129,0.7916,0.9825,0,5.55,0,16.56,0,38.75,0,36.59,37.92,4.0,4.87,10.31,6.21,40,13
d_F88K_M255M_Y217R_OFF_T_G17,65,0.812,0.8475,0.9875,0,10.18,0,20.2,0,61.94,0,57.76,59.78,8.9,4.4,3.48,16.83,18,7
d_F88K_M255M_Y217R_OFF_T_G17,66,0.8111,0.8913,0.9861,1,4.24,0,10.48,0,37.78,0,34.63,36.65,2.88,3.69,5.48,3.9,28,10
d_F88K_M255M_Y217R_OFF_T_G17,67,0.811,0.8981,0.9044,0,9.09,0,14.89,0,16.95,0,10.1,15.72,7.32,4.73,3.53,9.27,19,10
d_F88K_M255M_Y217R_OFF_T_G17,68,0.8098,0.8842,0.9869,0,7.76,0,16.36,1,2.67,0,3.69,7.36,4.73,1.79,4.27,7.96,30,16
d_F88K_M255M_Y217R_OFF_T_G17,69,0.8097,0.805,0.9826,0,9.11,0,16.08,0,35.84,0,34.45,33.94,4.58,5.02,9.11,8.3,31,17
d_F88K_M255M_Y217R_OFF_T_G17,7,0.854,0.9344,0.9889,0,6.24,0,13.31,0,37.21,0,36.0,35.49,4.05,2.86,4.9,7.23,35,13
d_F88K_M255M_Y217R_OFF_T_G17,70,0.8096,0.8384,0.9835,0,6.28,0,14.96,0,37.99,0,37.7,37.79,3.9,4.48,7.78,6.48,38,12
d_F88K_M255M_Y217R_OFF_T_G17,71,0.8088,0.8555,0.9889,0,6.1,0,19.3,0,41.67,0,39.7,40.08,4.58,4.87,9.57,6.83,24,11
d_F88K_M255M_Y217R_OFF_T_G17,72,0.8083,0.8377,0.9884,0,7.19,0,24.21,0,30.82,0,31.48,34.96,3.51,4.17,5.2,7.38,35,13
d_F88K_M255M_Y217R_OFF_T_G17,73,0.8071,0.8653,0.9823,0,6.01,0,12.54,0,40.07,0,36.44,37.86,5.96,2.73,3.42,6.12,30,12
d_F88K_M255M_Y217R_OFF_T_G17,74,0.8046,0.8207,0.9866,0,5.51,0,12.41,0,30.52,0,31.42,29.25,5.1,3.12,9.12,6.07,42,16
d_F88K_M255M_Y217R_OFF_T_G17,75,0.8039,0.8813,0.9877,0,7.4,0,12.26,0,17.62,0,10.12,14.99,7.98,4.77,2.14,7.0,25,12
d_F88K_M255M_Y217R_OFF_T_G17,76,0.8037,0.8415,0.9822,0,5.68,0,13.16,0,40.59,0,36.87,38.1,7.61,3.38,5.29,6.39,19,10
d_F88K_M255M_Y217R_OFF_T_G17,77,0.8033,0.8867,0.9855,1,4.25,0,24.11,0,25.4,0,22.78,26.85,4.81,2.33,3.76,5.57,38,14
d_F88K_M255M_Y217R_OFF_T_G17,78,0.801,0.7531,0.9852,0,10.91,0,15.23,0,32.11,0,26.92,32.42,6.06,3.41,8.25,8.28,8,7
d_F88K_M255M_Y217R_OFF_T_G17,79,0.8001,0.8786,0.9869,0,8.54,0,12.89,0,18.0,0,11.24,17.34,8.41,5.31,3.87,8.7,12,7
d_F88K_M255M_Y217R_OFF_T_G17,8,0.8503,0.9021,0.9899,0,6.02,0,17.5,0,32.25,0,33.31,31.4,3.65,3.23,7.1,4.24,44,13
d_F88K_M255M_Y217R_OFF_T_G17,80,0.8001,0.8301,0.983,1,1.9,0,14.02,0,8.5,0,3.54,11.45,4.14,3.77,3.47,3.99,35,17
d_F88K_M255M_Y217R_OFF_T_G17,81,0.7984,0.838,0.9838,0,6.2,0,13.76,0,38.3,0,35.35,35.99,6.37,3.56,3.71,7.37,27,11
d_F88K_M255M_Y217R_OFF_T_G17,82,0.7976,0.859,0.9849,0,6.54,0,10.81,0,15.14,0,17.42,21.36,4.27,1.96,2.25,7.0,36,16
d_F88K_M255M_Y217R_OFF_T_G17,83,0.7963,0.8274,0.9865,1,2.71,0,11.83,0,8.01,0,14.85,17.28,4.6,2.06,2.39,3.78,38,16
d_F88K_M255M_Y217R_OFF_T_G17,84,0.7879,0.7425,0.9809,0,5.63,0,11.9,0,34.49,0,33.54,34.09,7.06,5.42,11.76,7.04,29,14
d_F88K_M255M_Y217R_OFF_T_G17,85,0.7877,0.8071,0.985,0,7.32,0,16.16,0,14.46,0,10.19,15.53,8.36,4.35,5.23,8.21,19,11
d_F88K_M255M_Y217R_OFF_T_G17,86,0.783,0.6717,0.9811,0,8.46,0,18.1,0,47.79,0,42.65,48.22,11.18,5.41,11.07,5.56,17,6
d_F88K_M255M_Y217R_OFF_T_G17,87,0.7829,0.6454,0.9798,0,5.26,0,19.87,0,36.19,0,35.31,33.81,3.57,4.09,9.73,6.82,42,17
d_F88K_M255M_Y217R_OFF_T_G17,88,0.7811,0.5976,0.9821,0,11.62,0,24.4,0,36.05,0,41.22,39.47,8.49,3.51,4.16,19.07,18,8
d_F88K_M255M_Y217R_OFF_T_G17,89,0.7804,0.7936,0.9857,0,6.47,0,14.65,0,15.52,0,8.07,13.71,8.91,4.73,5.19,5.5,13,10
d_F88K_M255M_Y217R_OFF_T_G17,9,0.85,0.8844,0.9853,1,3.78,0,10.81,0,39.91,0,36.14,37.96,6.52,3.88,3.29,4.01,29,9
d_F88K_M255M_Y217R_OFF_T_G17,90,0.7772,0.673,0.9829,0,13.28,0,25.02,0,35.51,0,34.06,38.59,5.98,7.8,3.82,19.79,19,7
d_F88K_M255M_Y217R_OFF_T_G17,91,0.7753,0.8105,0.9829,0,8.35,0,15.34,0,14.52,0,10.95,16.16,5.08,4.68,5.12,7.24,19,11
d_F88K_M255M_Y217R_OFF_T_G17,92,0.7727,0.6472,0.9812,0,7.7,0,21.14,0,38.25,0,38.32,36.71,4.06,2.33,4.05,6.66,40,12
d_F88K_M255M_Y217R_OFF_T_G17,93,0.7725,0.754,0.9779,1,3.63,0,24.18,0,14.72,0,10.49,15.34,4.81,5.07,12.93,2.65,25,11
d_F88K_M255M_Y217R_OFF_T_G17,94,0.7712,0.7026,0.9832,0,7.5,0,24.41,0,39.73,0,38.09,37.19,4.38,3.9,7.0,6.2,34,13
d_F88K_M255M_Y217R_OFF_T_G17,95,0.7615,0.7179,0.9781,0,7.42,0,15.28,0,13.76,0,12.07,17.46,6.22,3.75,3.85,8.74,16,11
d_F88K_M255M_Y217R_OFF_T_G17,96,0.7558,0.7052,0.9844,1,4.12,0,19.7,0,38.36,0,37.67,40.8,6.6,6.73,12.55,3.14,35,13
d_F88K_M255M_Y217R_OFF_T_G17,97,0.7555,0.5807,0.973,0,5.44,0,12.33,0,44.51,0,41.27,43.28,2.86,1.92,5.73,7.66,28,14
d_F88K_M255M_Y217R_OFF_T_G17,98,0.7231,0.5111,0.9783,1,4.87,0,25.83,0,14.36,0,15.22,19.81,2.2,4.84,11.29,4.91,28,8
d_F88K_M255M_Y217R_OFF_T_G17,99,0.7219,0.448,0.9818,0,7.45,0,18.55,0,50.19,0,43.81,49.15,9.65,5.37,11.21,4.81,19,7
d_F88R_M255K_Y217Y_OFF_T_G17,0,0.8608,0.9277,0.9887,1,2.44,0,9.41,0,44.45,0,38.23,42.64,4.75,2.66,6.28,4.76,34,15
d_F88R_M255K_Y217Y_OFF_T_G17,1,0.8563,0.9618,0.9926,0,5.44,0,8.21,0,29.31,0,26.14,30.99,4.02,4.17,4.12,5.41,52,19
d_F88R_M255K_Y217Y_OFF_T_G17,10,0.8511,0.894,0.9887,0,5.49,0,8.63,0,44.13,0,40.81,42.14,6.1,3.45,6.17,6.18,27,14
d_F88R_M255K_Y217Y_OFF_T_G17,11,0.8495,0.9153,0.9895,0,5.99,0,14.93,0,41.7,0,37.82,39.84,3.49,5.07,4.67,5.03,27,10
d_F88R_M255K_Y217Y_OFF_T_G17,12,0.8492,0.9363,0.9894,0,5.94,0,11.4,0,46.1,0,39.37,44.14,5.99,3.75,5.53,5.56,41,21
d_F88R_M255K_Y217Y_OFF_T_G17,13,0.8487,0.8871,0.986,0,6.59,0,11.4,1,3.64,0,4.48,5.12,4.69,3.69,3.56,6.55,36,16
d_F88R_M255K_Y217Y_OFF_T_G17,14,0.8486,0.9463,0.9905,0,6.67,0,9.55,0,32.47,0,27.35,32.85,4.28,3.22,4.25,6.07,53,19
d_F88R_M255K_Y217Y_OFF_T_G17,15,0.8484,0.9381,0.9896,0,8.64,0,10.75,0,31.43,0,28.38,31.55,7.53,2.69,3.92,7.45,27,13
d_F88R_M255K_Y217Y_OFF_T_G17,16,0.8484,0.9453,0.99,0,7.86,0,8.72,0,32.42,0,31.24,31.85,9.35,3.06,1.9,8.14,29,13
d_F88R_M255K_Y217Y_OFF_T_G17,17,0.8474,0.8736,0.9879,0,6.83,0,14.8,1,4.39,0,9.87,10.21,5.58,3.99,3.78,6.71,33,18
d_F88R_M255K_Y217Y_OFF_T_G17,18,0.8473,0.8911,0.9918,0,6.45,0,21.44,0,32.07,0,32.45,33.49,2.94,3.19,2.4,6.01,54,16
d_F88R_M255K_Y217Y_OFF_T_G17,19,0.8468,0.9078,0.9863,0,6.62,0,7.93,0,39.56,0,35.43,37.86,5.05,4.9,3.58,7.99,23,12
d_F88R_M255K_Y217Y_OFF_T_G17,2,0.8555,0.9294,0.9905,1,4.95,0,6.5,0,27.3,0,30.31,29.33,4.4,4.39,8.31,5.54,37,12
d_F88R_M255K_Y217Y_OFF_T_G17,20,0.8452,0.9409,0.9914,0,6.59,0,12.05,0,30.25,0,31.48,29.25,5.17,5.67,7.2,8.51,41,17
d_F88R_M255K_Y217Y_OFF_T_G17,21,0.8447,0.9081,0.9883,0,5.25,0,14.3,0,41.77,0,36.66,39.61,6.26,5.06,5.5,7.26,27,15
d_F88R_M255K_Y217Y_OFF_T_G17,22,0.8444,0.9338,0.9904,0,5.88,0,10.75,0,10.12,0,8.64,13.01,3.95,2.23,3.36,5.37,49,17
d_F88R_M255K_Y217Y_OFF_T_G17,23,0.8432,0.9251,0.9884,0,9.04,0,10.67,0,37.08,0,34.45,36.92,8.86,3.74,2.53,8.28,25,10
d_F88R_M255K_Y217Y_OFF_T_G17,24,0.8431,0.9072,0.9881,0,7.25,0,10.83,0,33.72,0,31.45,33.72,5.53,2.81,2.26,6.23,26,9
d_F88R_M255K_Y217Y_OFF_T_G17,25,0.8426,0.9068,0.9872,1,3.9,0,13.79,1,3.22,0,3.31,6.63,4.62,3.06,3.47,1.88,42,16
d_F88R_M255K_Y217Y_OFF_T_G17,26,0.8416,0.9249,0.9894,1,4.83,0,13.97,1,4.78,0,3.82,4.38,4.75,1.89,2.19,3.8,42,17
d_F88R_M255K_Y217Y_OFF_T_G17,27,0.8415,0.9375,0.9907,0,8.69,0,10.45,0,35.69,0,32.4,35.73,5.35,1.74,3.58,7.26,24,12
d_F88R_M255K_Y217Y_OFF_T_G17,28,0.8407,0.8696,0.9856,0,6.03,0,13.23,0,46.03,0,41.97,44.69,3.53,2.04,6.02,6.03,26,13
d_F88R_M255K_Y217Y_OFF_T_G17,29,0.8404,0.9192,0.9909,0,6.87,0,16.93,0,37.29,0,29.63,38.23,4.78,5.38,2.11,7.23,28,10
d_F88R_M255K_Y217Y_OFF_T_G17,3,0.855,0.9169,0.9882,0,6.6,0,7.52,0,35.93,0,31.49,35.25,10.29,2.8,7.6,5.5,24,9
d_F88R_M255K_Y217Y_OFF_T_G17,30,0.8391,0.8703,0.9909,0,6.91,0,28.7,0,54.49,0,53.01,55.24,3.85,3.94,4.58,7.51,44,15
d_F88R_M255K_Y217Y_OFF_T_G17,31,0.8381,0.9167,0.9884,1,2.91,1,2.39,0,28.71,0,29.24,29.96,5.22,7.25,9.58,2.62,37,15
d_F88R_M255K_Y217Y_OFF_T_G17,32,0.8371,0.8773,0.9885,0,6.36,0,11.41,1,2.58,0,3.64,6.41,4.8,3.0,4.5,6.24,35,17
d_F88R_M255K_Y217Y_OFF_T_G17,33,0.8358,0.9236,0.9901,0,6.99,0,14.29,0,41.67,0,38.63,40.62,4.93,3.87,4.55,6.48,26,13
d_F88R_M255K_Y217Y_OFF_T_G17,34,0.8357,0.9289,0.9888,0,5.25,0,9.39,0,30.12,0,26.56,31.96,4.42,3.46,2.93,5.63,46,16
d_F88R_M255K_Y217Y_OFF_T_G17,35,0.8355,0.9426,0.9926,0,5.47,0,24.62,0,21.43,0,20.22,24.28,5.54,2.49,4.79,5.36,43,18
d_F88R_M255K_Y217Y_OFF_T_G17,36,0.8344,0.8691,0.9871,0,6.68,0,12.78,0,40.34,0,33.72,41.31,4.24,3.9,4.17,5.84,32,13
d_F88R_M255K_Y217Y_OFF_T_G17,37,0.8339,0.9124,0.9901,1,2.87,0,9.83,0,39.44,0,37.53,38.1,5.21,4.12,4.4,2.31,28,11
d_F88R_M255K_Y217Y_OFF_T_G17,38,0.8335,0.8558,0.989,0,7.64,0,16.15,0,31.5,0,34.97,34.46,4.6,2.62,4.3,7.27,48,14
d_F88R_M255K_Y217Y_OFF_T_G17,39,0.8332,0.8597,0.9839,1,3.74,0,11.93,0,44.94,0,38.88,42.7,4.52,3.5,5.83,3.6,42,17
d_F88R_M255K_Y217Y_OFF_T_G17,4,0.8545,0.9416,0.9894,0,6.13,0,9.81,0,46.36,0,40.66,44.06,5.55,2.93,4.55,6.48,33,19
d_F88R_M255K_Y217Y_OFF_T_G17,40,0.8326,0.8909,0.991,0,5.83,0,24.27,0,27.47,0,32.13,31.67,3.36,3.9,4.9,6.29,46,16
d_F88R_M255K_Y217Y_OFF_T_G17,41,0.8323,0.891,0.9875,0,6.11,0,11.22,0,7.08,0,6.75,3.25,3.82,4.59,3.4,6.11,36,16
d_F88R_M255K_Y217Y_OFF_T_G17,42,0.8315,0.8887,0.9919,0,5.11,0,29.7,0,15.14,0,18.45,16.56,4.15,2.74,3.14,6.71,48,13
d_F88R_M255K_Y217Y_OFF_T_G17,43,0.8314,0.8275,0.9888,0,6.62,0,30.06,0,27.73,0,34.81,32.77,3.96,3.04,5.0,6.91,34,13
d_F88R_M255K_Y217Y_OFF_T_G17,44,0.831,0.9056,0.9875,0,6.56,0,9.42,0,27.39,0,28.76,27.11,2.77,5.26,8.51,6.27,37,18
d_F88R_M255K_Y217Y_OFF_T_G17,45,0.8304,0.8979,0.9874,1,4.97,0,12.21,0,41.06,0,34.1,40.76,4.64,3.51,2.32,6.75,65,21
d_F88R_M255K_Y217Y_OFF_T_G17,46,0.8273,0.8683,0.9896,0,6.53,0,12.9,1,4.17,0,12.78,12.37,2.67,1.95,1.58,6.45,42,17
d_F88R_M255K_Y217Y_OFF_T_G17,47,0.8272,0.8995,0.9888,0,5.25,0,14.2,0,41.96,0,39.66,40.92,5.16,5.36,6.15,5.29,31,11
d_F88R_M255K_Y217Y_OFF_T_G17,48,0.8261,0.9004,0.9867,0,5.89,0,11.2,0,42.78,0,37.07,41.49,6.12,4.56,3.68,6.35,32,16
d_F88R_M255K_Y217Y_OFF_T_G17,49,0.8259,0.8815,0.9901,0,6.35,0,10.88,0,29.69,0,33.1,32.37,4.55,5.96,6.93,6.59,34,15
d_F88R_M255K_Y217Y_OFF_T_G17,5,0.8537,0.9186,0.9895,0,5.66,0,10.68,1,4.48,0,8.67,6.67,3.31,4.78,1.97,4.92,37,15
d_F88R_M255K_Y217Y_OFF_T_G17,50,0.8258,0.8564,0.9834,0,6.24,0,11.95,0,10.94,0,15.96,17.34,4.4,4.36,4.15,5.44,45,19
d_F88R_M255K_Y217Y_OFF_T_G17,51,0.8256,0.9152,0.988,0,8.08,0,12.71,0,39.25,0,37.12,37.99,5.34,2.89,4.33,9.08,26,12
d_F88R_M255K_Y217Y_OFF_T_G17,52,0.8244,0.8496,0.9889,0,6.02,0,23.97,0,28.77,0,32.71,34.41,3.1,2.34,3.03,6.75,34,13
d_F88R_M255K_Y217Y_OFF_T_G17,53,0.8242,0.9076,0.9876,0,6.38,0,12.36,0,42.35,0,37.48,40.79,6.2,3.72,2.45,6.99,29,13
d_F88R_M255K_Y217Y_OFF_T_G17,54,0.8234,0.8308,0.9849,0,6.51,0,13.28,0,44.29,0,42.15,43.43,4.68,4.07,5.41,5.83,23,12
d_F88R_M255K_Y217Y_OFF_T_G17,55,0.8232,0.8719,0.9871,0,7.78,0,11.05,0,38.91,0,36.91,37.48,3.77,4.11,5.2,8.26,25,13
d_F88R_M255K_Y217Y_OFF_T_G17,56,0.8229,0.8838,0.9871,0,7.51,0,13.93,0,37.03,0,35.63,36.28,4.93,5.43,3.77,7.85,26,12
d_F88R_M255K_Y217Y_OFF_T_G17,57,0.8227,0.8915,0.9873,0,5.5,0,8.08,0,34.22,0,34.48,34.48,5.5,5.46,12.2,6.84,34,12
d_F88R_M255K_Y217Y_OFF_T_G17,58,0.8227,0.8519,0.9852,1,4.38,1,1.5,0,31.14,0,31.12,32.77,6.8,2.55,5.58,6.29,31,15
d_F88R_M255K_Y217Y_OFF_T_G17,59,0.8224,0.8788,0.9876,0,6.78,0,12.71,0,42.92,0,39.07,40.82,5.33,3.39,2.99,8.19,24,12
d_F88R_M255K_Y217Y_OFF_T_G17,6,0.853,0.9355,0.9912,0,6.4,0,12.32,0,28.05,0,26.31,34.23,4.13,3.35,4.9,3.61,26,13
d_F88R_M255K_Y217Y_OFF_T_G17,60,0.8219,0.8455,0.9817,0,5.69,0,11.53,0,39.83,0,36.3,38.29,6.11,3.07,3.53,6.07,31,15
d_F88R_M255K_Y217Y_OFF_T_G17,61,0.8212,0.8945,0.988,0,7.82,0,13.32,0,11.28,0,9.44,12.98,4.11,4.78,3.91,7.14,32,12
d_F88R_M255K_Y217Y_OFF_T_G17,62,0.8208,0.9176,0.8429,0,5.97,0,10.57,0,28.49,0,24.43,30.93,3.38,6.53,3.68,6.31,47,20
d_F88R_M255K_Y217Y_OFF_T_G17,63,0.8207,0.9094,0.9867,0,8.06,0,14.53,0,34.12,0,33.78,33.69,3.98,4.88,3.13,7.79,24,12
d_F88R_M255K_Y217Y_OFF_T_G17,64,0.8195,0.8042,0.9857,0,8.88,0,27.87,0,29.33,0,34.96,32.01,2.15,2.28,3.99,8.96,28,9
d_F88R_M255K_Y217Y_OFF_T_G17,65,0.8182,0.8884,0.9894,0,7.1,0,16.71,0,24.58,0,18.49,24.45,4.95,5.26,6.92,7.14,26,10
d_F88R_M255K_Y217Y_OFF_T_G17,66,0.8177,0.921,0.9878,1,4.98,0,8.0,0,29.42,0,26.16,31.53,4.01,4.91,3.05,5.4,48,17
d_F88R_M255K_Y217Y_OFF_T_G17,67,0.8177,0.8489,0.9824,0,6.3,0,12.8,0,30.76,0,27.81,31.01,4.85,4.78,4.33,6.86,47,19
d_F88R_M255K_Y217Y_OFF_T_G17,68,0.8173,0.8275,0.9873,0,7.44,0,13.88,0,6.55,0,13.12,13.01,5.14,4.3,3.73,6.75,43,17
d_F88R_M255K_Y217Y_OFF_T_G17,69,0.8172,0.924,0.9881,0,6.38,0,10.95,0,29.96,0,26.42,32.3,3.86,3.74,4.92,5.47,42,15
d_F88R_M255K_Y217Y_OFF_T_G17,7,0.8524,0.9094,0.987,0,6.93,0,11.33,0,42.46,0,35.91,40.19,6.84,4.13,4.3,7.29,29,17
d_F88R_M255K_Y217Y_OFF_T_G17,70,0.8168,0.8967,0.9896,1,4.88,0,15.65,0,35.96,0,35.59,35.27,4.67,6.08,6.04,4.7,22,13
d_F88R_M255K_Y217Y_OFF_T_G17,71,0.8166,0.9503,0.9924,0,7.24,0,9.82,0,29.01,0,23.55,29.22,2.08,5.52,3.74,6.24,53,21
d_F88R_M255K_Y217Y_OFF_T_G17,72,0.8134,0.8508,0.9873,0,5.82,0,13.31,0,44.69,0,37.34,42.16,5.43,2.55,3.96,7.25,49,19
d_F88R_M255K_Y217Y_OFF_T_G17,73,0.8111,0.8052,0.9843,0,5.91,0,13.47,0,43.31,0,37.81,41.33,5.44,2.99,8.97,6.54,33,13
d_F88R_M255K_Y217Y_OFF_T_G17,74,0.8099,0.8113,0.9865,0,6.3,0,13.84,1,1.13,0,7.92,7.52,4.13,4.69,4.87,5.36,27,16
d_F88R_M255K_Y217Y_OFF_T_G17,75,0.8095,0.879,0.9886,0,5.53,0,14.5,0,42.05,0,35.8,40.1,3.85,4.41,6.14,5.8,40,17
d_F88R_M255K_Y217Y_OFF_T_G17,76,0.809,0.8109,0.9822,0,7.63,0,6.73,0,30.08,0,30.58,31.76,10.09,7.78,11.36,7.3,31,12
d_F88R_M255K_Y217Y_OFF_T_G17,77,0.8085,0.8595,0.9878,1,3.99,0,9.66,0,35.81,0,34.55,36.45,7.56,3.63,3.2,5.33,24,10
d_F88R_M255K_Y217Y_OFF_T_G17,78,0.8083,0.8488,0.9847,0,6.31,0,9.39,0,35.24,0,32.57,35.2,6.64,2.52,3.95,5.01,29,11
d_F88R_M255K_Y217Y_OFF_T_G17,79,0.808,0.8906,0.9887,1,0.86,0,11.36,0,35.02,0,27.97,36.49,2.86,4.09,7.22,2.72,42,12
d_F88R_M255K_Y217Y_OFF_T_G17,8,0.8522,0.9417,0.9905,0,5.53,0,6.57,0,32.27,0,30.95,33.41,8.59,3.22,6.83,5.56,34,11
d_F88R_M255K_Y217Y_OFF_T_G17,80,0.8073,0.8495,0.9856,1,4.62,0,10.08,0,37.44,0,35.21,36.94,7.07,4.65,3.23,5.84,25,11
d_F88R_M255K_Y217Y_OFF_T_G17,81,0.8069,0.8761,0.9876,0,7.5,0,13.29,0,37.54,0,35.84,36.71,5.87,4.69,4.51,7.82,23,10
d_F88R_M255K_Y217Y_OFF_T_G17,82,0.804,0.8947,0.9886,0,6.38,0,12.77,0,29.55,0,24.71,32.05,3.98,3.65,2.8,5.91,29,12
d_F88R_M255K_Y217Y_OFF_T_G17,83,0.8036,0.792,0.9809,0,5.04,0,12.12,0,31.18,0,27.97,31.32,3.94,2.17,5.21,6.09,40,17
d_F88R_M255K_Y217Y_OFF_T_G17,84,0.8025,0.7328,0.9796,1,4.77,0,22.24,0,42.87,0,35.75,40.8,4.8,2.61,6.11,6.59,51,20
d_F88R_M255K_Y217Y_OFF_T_G17,85,0.7989,0.8584,0.9886,0,6.77,0,6.6,0,28.69,0,25.26,31.06,3.9,3.83,5.97,5.94,44,18
d_F88R_M255K_Y217Y_OFF_T_G17,86,0.7976,0.8416,0.9872,0,6.09,0,9.9,0,30.65,0,27.38,33.05,3.69,2.73,5.2,6.01,46,17
d_F88R_M255K_Y217Y_OFF_T_G17,87,0.7971,0.7769,0.9828,0,6.42,0,13.82,0,42.68,0,35.43,41.97,4.96,2.93,4.63,7.6,55,21
d_F88R_M255K_Y217Y_OFF_T_G17,88,0.7967,0.8515,0.9848,0,7.43,0,23.76,0,38.72,0,41.27,43.67,3.17,2.22,4.44,7.64,22,9
d_F88R_M255K_Y217Y_OFF_T_G17,89,0.7919,0.7453,0.9807,0,6.23,0,10.27,0,33.84,0,36.72,37.35,5.75,5.06,4.01,6.39,33,13
d_F88R_M255K_Y217Y_OFF_T_G17,9,0.8514,0.8851,0.9902,0,6.07,0,12.58,0,7.4,0,9.08,9.22,4.25,3.06,3.45,6.68,28,15
d_F88R_M255K_Y217Y_OFF_T_G17,90,0.7904,0.8119,0.9831,0,6.54,0,8.6,0,31.22,0,27.36,33.08,3.72,4.56,3.95,6.37,44,17
d_F88R_M255K_Y217Y_OFF_T_G17,91,0.7896,0.8075,0.9846,1,4.95,0,5.37,0,31.2,0,31.52,33.62,5.96,5.01,9.08,6.81,34,12
d_F88R_M255K_Y217Y_OFF_T_G17,92,0.787,0.7965,0.9853,0,7.32,1,3.98,0,27.23,0,28.76,27.34,4.08,5.23,7.56,8.67,36,13
d_F88R_M255K_Y217Y_OFF_T_G17,93,0.7835,0.7819,0.9836,0,7.32,0,9.99,0,23.66,0,24.27,28.69,4.51,3.03,4.93,6.66,48,12
d_F88R_M255K_Y217Y_OFF_T_G17,94,0.781,0.777,0.984,0,7.29,0,8.4,0,30.36,0,26.96,32.18,4.57,5.62,4.64,5.6,45,18
d_F88R_M255K_Y217Y_OFF_T_G17,95,0.7742,0.6284,0.9843,0,6.32,0,13.22,0,29.6,0,32.68,32.05,5.43,7.02,5.9,5.42,34,13
d_F88R_M255K_Y217Y_OFF_T_G17,96,0.7643,0.6764,0.9817,0,5.24,0,14.72,0,36.1,0,35.25,36.27,5.26,5.27,5.6,5.87,28,13
d_F88R_M255K_Y217Y_OFF_T_G17,97,0.7587,0.6363,0.9799,0,6.35,0,11.6,0,33.6,0,35.55,36.21,3.99,7.38,3.05,6.78,42,14
d_F88R_M255K_Y217Y_OFF_T_G17,98,0.7568,0.7377,0.9796,0,5.96,0,10.67,0,28.19,0,26.82,33.55,3.69,2.6,4.73,3.68,29,10
d_F88R_M255K_Y217Y_OFF_T_G17,99,0.7544,0.6079,0.9834,0,5.26,0,19.46,0,37.47,0,35.91,35.4,3.42,5.45,9.72,3.73,35,12
d_F88W_M255K_Y217Y_OFF_T_G17,0,0.8742,0.9437,0.9931,0,5.22,0,26.12,1,4.85,0,15.36,11.22,6.26,4.74,8.55,5.76,34,12
d_F88W_M255K_Y217Y_OFF_T_G17,1,0.8687,0.9055,0.9879,1,2.83,0,14.15,0,38.66,0,38.21,40.53,3.41,5.6,9.39,3.06,31,12
d_F88W_M255K_Y217Y_OFF_T_G17,10,0.8585,0.9277,0.9877,0,7.06,0,9.35,0,36.97,0,34.15,36.77,7.37,3.8,1.78,7.34,31,14
d_F88W_M255K_Y217Y_OFF_T_G17,11,0.8584,0.9083,0.9882,0,6.46,0,13.66,0,41.73,0,39.51,40.25,3.67,3.46,3.81,5.08,33,12
d_F88W_M255K_Y217Y_OFF_T_G17,12,0.8575,0.9145,0.9892,1,4.01,0,22.98,0,15.08,0,23.17,21.71,4.13,3.45,9.77,4.49,36,14
d_F88W_M255K_Y217Y_OFF_T_G17,13,0.8569,0.9211,0.9848,0,7.08,0,11.16,0,35.32,0,32.36,35.36,6.97,4.37,2.69,6.46,33,13
d_F88W_M255K_Y217Y_OFF_T_G17,14,0.8568,0.9057,0.9848,0,8.05,0,11.83,0,33.41,0,31.3,33.33,9.89,3.52,6.07,6.99,26,12
d_F88W_M255K_Y217Y_OFF_T_G17,15,0.8562,0.9323,0.9887,1,4.87,0,15.36,0,43.98,0,36.6,42.22,5.05,3.1,5.41,5.23,36,17
d_F88W_M255K_Y217Y_OFF_T_G17,16,0.8555,0.9323,0.991,0,6.3,0,13.44,0,23.19,0,22.65,26.05,3.7,6.35,5.25,6.33,51,15
d_F88W_M255K_Y217Y_OFF_T_G17,17,0.8542,0.9137,0.9888,1,4.71,0,15.02,0,40.37,0,37.89,39.15,4.69,4.19,4.67,5.32,36,13
d_F88W_M255K_Y217Y_OFF_T_G17,18,0.8542,0.9044,0.9898,1,4.01,0,14.08,0,35.72,0,34.61,38.43,3.4,6.83,8.64,3.65,28,9
d_F88W_M255K_Y217Y_OFF_T_G17,19,0.8541,0.8608,0.9895,0,5.87,0,23.93,0,32.43,0,28.99,35.66,5.25,3.94,7.75,6.62,41,16
d_F88W_M255K_Y217Y_OFF_T_G17,2,0.868,0.8906,0.9923,0,5.2,0,24.07,0,27.4,0,24.2,28.55,2.43,4.4,4.37,5.78,43,15
d_F88W_M255K_Y217Y_OFF_T_G17,20,0.8539,0.913,0.9859,0,5.4,0,13.54,0,44.31,0,38.25,42.14,5.37,6.0,6.5,5.72,28,14
d_F88W_M255K_Y217Y_OFF_T_G17,21,0.8537,0.935,0.9888,0,7.43,0,9.14,0,40.82,0,35.7,39.67,5.09,2.11,4.72,8.16,43,19
d_F88W_M255K_Y217Y_OFF_T_G17,22,0.8536,0.9076,0.9866,0,8.73,0,11.73,0,40.48,0,35.87,40.01,7.31,3.41,4.83,8.55,31,17
d_F88W_M255K_Y217Y_OFF_T_G17,23,0.8534,0.9136,0.9885,0,5.81,0,16.32,0,53.9,0,47.37,53.39,4.72,2.89,5.31,5.51,27,12
d_F88W_M255K_Y217Y_OFF_T_G17,24,0.8529,0.9309,0.9893,0,6.71,0,15.89,0,44.51,0,38.42,42.53,5.21,5.21,7.56,5.88,26,14
d_F88W_M255K_Y217Y_OFF_T_G17,25,0.8529,0.9397,0.9927,0,5.47,0,15.56,0,44.89,0,41.42,43.05,4.53,4.98,6.02,4.91,26,13
d_F88W_M255K_Y217Y_OFF_T_G17,26,0.8525,0.8914,0.988,1,4.86,0,15.81,0,37.42,0,35.42,36.15,4.43,5.8,4.71,4.1,30,13
d_F88W_M255K_Y217Y_OFF_T_G17,27,0.8511,0.931,0.9882,0,9.14,0,11.54,0,39.45,0,34.41,38.07,6.25,2.38,4.85,8.56,36,15
d_F88W_M255K_Y217Y_OFF_T_G17,28,0.851,0.9111,0.9896,1,4.3,0,23.49,0,14.13,0,13.25,11.45,5.61,4.54,6.75,4.94,28,10
d_F88W_M255K_Y217Y_OFF_T_G17,29,0.8509,0.8965,0.9871,0,6.02,0,15.53,0,43.61,0,39.81,41.83,4.85,4.6,3.3,5.32,29,12
d_F88W_M255K_Y217Y_OFF_T_G17,3,0.8643,0.918,0.9917,0,5.69,0,25.2,0,10.16,0,16.24,13.55,3.11,6.01,10.71,5.7,28,11
d_F88W_M255K_Y217Y_OFF_T_G17,30,0.8504,0.8633,0.9899,1,4.55,0,22.31,0,32.19,0,36.19,36.4,2.99,2.54,2.34,4.72,44,15
d_F88W_M255K_Y217Y_OFF_T_G17,31,0.8503,0.9277,0.9865,0,6.82,0,10.08,0,39.84,0,35.03,38.87,5.01,1.55,2.47,6.3,42,16
d_F88W_M255K_Y217Y_OFF_T_G17,32,0.8501,0.926,0.9911,0,5.44,0,13.84,0,43.74,0,40.92,41.98,4.51,3.9,5.71,5.4,28,11
d_F88W_M255K_Y217Y_OFF_T_G17,33,0.8492,0.8848,0.9863,0,7.07,0,15.53,0,38.01,0,36.48,37.29,5.2,4.81,4.49,5.61,27,10
d_F88W_M255K_Y217Y_OFF_T_G17,34,0.8488,0.8564,0.9851,1,4.29,0,25.71,0,6.21,0,17.6,14.02,5.72,4.99,10.08,2.67,36,12
d_F88W_M255K_Y217Y_OFF_T_G17,35,0.8485,0.9154,0.9885,1,3.38,0,22.41,0,7.77,0,9.02,6.35,5.41,3.23,11.07,3.84,30,9
d_F88W_M255K_Y217Y_OFF_T_G17,36,0.8483,0.896,0.9879,0,5.56,0,14.38,0,41.93,0,39.4,40.67,4.24,5.37,5.08,5.34,29,13
d_F88W_M255K_Y217Y_OFF_T_G17,37,0.8477,0.9141,0.9902,0,7.13,0,16.49,0,32.62,0,31.63,30.51,4.23,5.73,8.04,6.3,38,17
d_F88W_M255K_Y217Y_OFF_T_G17,38,0.8468,0.9188,0.9907,0,5.04,0,24.64,0,7.46,0,16.91,13.1,3.89,4.36,8.83,6.51,41,13
d_F88W_M255K_Y217Y_OFF_T_G17,39,0.8462,0.9377,0.9893,0,5.04,0,13.89,0,41.83,0,36.52,39.85,5.27,4.88,3.92,6.02,38,15
d_F88W_M255K_Y217Y_OFF_T_G17,4,0.864,0.9247,0.9894,0,6.28,0,15.37,0,42.72,0,39.2,41.3,4.95,4.63,4.58,5.76,26,11
d_F88W_M255K_Y217Y_OFF_T_G17,40,0.8449,0.9004,0.9893,0,6.52,0,16.23,0,42.61,0,39.67,41.19,5.18,3.81,5.19,5.91,27,13
d_F88W_M255K_Y217Y_OFF_T_G17,41,0.8445,0.933,0.9909,1,3.67,0,12.17,0,35.75,0,35.87,37.72,1.98,4.99,7.56,3.91,30,15
d_F88W_M255K_Y217Y_OFF_T_G17,42,0.8439,0.9435,0.9909,1,4.88,0,13.37,0,43.79,0,37.72,42.21,5.02,3.66,6.05,4.28,37,17
d_F88W_M255K_Y217Y_OFF_T_G17,43,0.8426,0.8723,0.9871,1,4.84,0,14.23,0,38.19,0,36.29,36.74,4.61,5.62,4.06,4.99,32,11
d_F88W_M255K_Y217Y_OFF_T_G17,44,0.8424,0.869,0.986,0,7.91,0,8.8,0,35.61,0,36.64,35.96,5.86,4.12,5.45,8.65,26,8
d_F88W_M255K_Y217Y_OFF_T_G17,45,0.842,0.8323,0.9901,1,4.24,0,25.13,0,29.69,0,33.46,30.6,3.82,2.65,4.67,5.87,34,13
d_F88W_M255K_Y217Y_OFF_T_G17,46,0.8417,0.856,0.989,1,4.29,0,22.2,0,50.65,0,46.53,52.27,4.09,2.65,3.97,4.47,46,15
d_F88W_M255K_Y217Y_OFF_T_G17,47,0.8413,0.9228,0.9899,1,4.65,0,16.13,0,47.34,0,42.75,46.3,5.13,3.23,4.83,4.93,31,12
d_F88W_M255K_Y217Y_OFF_T_G17,48,0.8407,0.8988,0.9892,1,4.42,0,15.52,0,42.47,0,40.22,40.9,4.03,4.84,4.74,3.78,33,13
d_F88W_M255K_Y217Y_OFF_T_G17,49,0.8406,0.8781,0.9856,0,5.53,0,14.56,0,37.88,0,36.24,37.04,5.16,5.83,3.49,5.71,25,11
d_F88W_M255K_Y217Y_OFF_T_G17,5,0.863,0.9502,0.9918,1,4.31,0,14.5,0,41.01,0,35.18,39.23,6.6,4.29,4.87,4.69,35,15
d_F88W_M255K_Y217Y_OFF_T_G17,50,0.8398,0.9074,0.9899,0,6.04,0,15.57,0,42.02,0,39.53,40.88,4.61,4.61,3.97,4.95,32,12
d_F88W_M255K_Y217Y_OFF_T_G17,51,0.8395,0.9163,0.9901,0,5.6,0,10.28,0,27.7,0,25.33,29.9,3.89,3.23,2.7,5.74,49,20
d_F88W_M255K_Y217Y_OFF_T_G17,52,0.8386,0.8578,0.9859,0,5.38,0,21.93,0,42.73,0,35.76,40.95,5.52,4.07,5.85,5.72,49,20
d_F88W_M255K_Y217Y_OFF_T_G17,53,0.8383,0.8537,0.9904,0,6.55,0,28.18,0,35.31,0,40.71,38.41,3.88,4.06,2.0,6.78,32,13
d_F88W_M255K_Y217Y_OFF_T_G17,54,0.8372,0.8591,0.986,0,5.16,0,24.53,0,9.65,0,14.14,11.11,5.96,5.09,7.09,5.54,22,5
d_F88W_M255K_Y217Y_OFF_T_G17,55,0.837,0.9038,0.9907,0,7.76,0,15.17,0,18.99,0,13.31,17.44,3.59,3.78,2.6,8.17,25,9
d_F88W_M255K_Y217Y_OFF_T_G17,56,0.8367,0.8749,0.9829,0,6.02,0,6.53,0,29.56,0,29.64,31.85,10.61,2.62,6.65,5.45,27,13
d_F88W_M255K_Y217Y_OFF_T_G17,57,0.8366,0.8898,0.9866,0,7.27,0,18.92,0,37.36,0,37.08,36.41,3.49,6.26,5.13,6.02,26,10
d_F88W_M255K_Y217Y_OFF_T_G17,58,0.8352,0.8838,0.9882,1,4.13,0,14.56,0,42.29,0,38.62,40.89,4.36,2.86,4.27,4.65,36,13
d_F88W_M255K_Y217Y_OFF_T_G17,59,0.8345,0.8478,0.983,0,7.53,0,13.99,0,42.31,0,38.84,40.39,3.27,4.1,5.3,7.45,31,15
d_F88W_M255K_Y217Y_OFF_T_G17,6,0.8605,0.9345,0.9899,1,4.8,0,15.81,0,47.04,0,42.95,45.74,3.68,2.7,5.75,4.57,37,15
d_F88W_M255K_Y217Y_OFF_T_G17,60,0.8342,0.8611,0.9861,0,6.03,0,13.16,0,39.81,0,36.7,38.06,5.46,4.49,3.93,5.66,28,11
d_F88W_M255K_Y217Y_OFF_T_G17,61,0.8338,0.9173,0.989,0,6.29,0,10.13,0,34.88,0,32.48,35.48,4.62,2.28,3.45,5.5,26,10
d_F88W_M255K_Y217Y_OFF_T_G17,62,0.8329,0.881,0.9902,0,5.82,0,22.65,0,28.05,0,26.22,32.66,3.51,3.22,5.54,5.82,28,10
d_F88W_M255K_Y217Y_OFF_T_G17,63,0.8328,0.8598,0.9881,1,4.49,0,23.87,0,14.76,0,15.96,15.92,6.01,4.89,11.39,4.79,28,6
d_F88W_M255K_Y217Y_OFF_T_G17,64,0.8327,0.8228,0.9885,1,4.61,0,24.61,0,38.63,0,40.13,42.92,2.7,4.26,2.84,5.59,45,13
d_F88W_M255K_Y217Y_OFF_T_G17,65,0.8319,0.9173,0.9861,0,11.43,0,12.74,0,31.91,0,30.79,33.37,10.66,2.35,4.01,9.16,30,10
d_F88W_M255K_Y217Y_OFF_T_G17,66,0.8312,0.914,0.9903,1,4.92,0,19.14,0,55.79,0,49.82,57.61,3.41,2.53,8.81,5.12,28,14
d_F88W_M255K_Y217Y_OFF_T_G17,67,0.8308,0.8937,0.9914,0,5.18,0,23.91,0,18.82,0,19.4,21.72,5.67,5.08,6.92,5.99,18,7
d_F88W_M255K_Y217Y_OFF_T_G17,68,0.8305,0.8338,0.9856,1,4.08,0,24.6,0,24.59,0,26.52,31.29,7.48,5.47,8.89,4.51,23,6
d_F88W_M255K_Y217Y_OFF_T_G17,69,0.8302,0.8823,0.9892,0,6.3,0,20.73,0,19.79,0,23.98,29.2,4.64,1.85,3.11,7.07,25,9
d_F88W_M255K_Y217Y_OFF_T_G17,7,0.8594,0.9376,0.991,0,6.1,0,10.49,0,33.77,0,32.47,34.58,5.83,5.01,5.46,5.87,27,12
d_F88W_M255K_Y217Y_OFF_T_G17,70,0.8298,0.9003,0.9883,0,6.66,0,14.59,0,12.08,0,10.69,10.58,3.3,3.99,3.49,7.86,27,10
d_F88W_M255K_Y217Y_OFF_T_G17,71,0.8286,0.849,0.9841,0,6.2,0,12.41,0,43.04,0,38.71,40.7,5.24,0.27,5.8,4.02,29,12
d_F88W_M255K_Y217Y_OFF_T_G17,72,0.8284,0.8635,0.9882,1,4.97,0,16.42,0,30.69,0,32.23,32.03,3.83,5.76,8.61,5.4,39,15
d_F88W_M255K_Y217Y_OFF_T_G17,73,0.8284,0.8756,0.9871,0,6.67,0,17.3,0,34.0,0,33.78,33.5,5.02,4.8,4.47,6.0,29,12
d_F88W_M255K_Y217Y_OFF_T_G17,74,0.8258,0.8832,0.9875,0,6.33,0,16.98,0,39.38,0,36.57,37.52,4.81,5.96,4.08,7.76,28,10
d_F88W_M255K_Y217Y_OFF_T_G17,75,0.8248,0.8279,0.9825,0,7.37,0,14.44,0,33.9,0,33.08,32.25,4.54,3.8,6.9,6.95,42,14
d_F88W_M255K_Y217Y_OFF_T_G17,76,0.8244,0.8469,0.9845,0,6.0,0,14.42,0,44.87,0,41.2,43.31,4.17,3.45,3.43,5.34,32,14
d_F88W_M255K_Y217Y_OFF_T_G17,77,0.8242,0.802,0.9839,1,3.77,0,23.14,0,24.62,0,24.96,26.84,4.9,5.63,10.55,4.11,24,7
d_F88W_M255K_Y217Y_OFF_T_G17,78,0.824,0.8344,0.9863,1,4.67,0,23.8,0,18.58,0,16.2,17.56,5.48,5.74,6.86,4.21,17,8
d_F88W_M255K_Y217Y_OFF_T_G17,79,0.8231,0.8008,0.9842,0,7.62,0,16.62,0,37.8,0,37.17,36.25,4.41,5.13,5.5,6.42,46,16
d_F88W_M255K_Y217Y_OFF_T_G17,8,0.8593,0.9364,0.9918,0,5.23,0,14.69,0,44.56,0,41.01,42.95,4.71,3.84,4.86,4.42,35,11
d_F88W_M255K_Y217Y_OFF_T_G17,80,0.8228,0.8334,0.9838,1,4.86,0,13.28,0,35.72,0,35.39,38.18,6.82,4.08,6.54,3.94,31,11
d_F88W_M255K_Y217Y_OFF_T_G17,81,0.8222,0.8856,0.9854,0,6.98,0,8.15,0,32.39,0,31.88,31.07,5.5,2.59,8.0,7.88,30,12
d_F88W_M255K_Y217Y_OFF_T_G17,82,0.8216,0.875,0.9864,0,6.87,0,21.63,0,13.48,0,14.43,13.25,4.14,5.3,8.26,6.36,21,6
d_F88W_M255K_Y217Y_OFF_T_G17,83,0.8197,0.8049,0.9834,0,10.98,0,22.4,0,37.72,0,37.76,43.41,6.61,6.14,2.63,19.03,16,8
d_F88W_M255K_Y217Y_OFF_T_G17,84,0.8188,0.8654,0.9861,1,4.59,0,24.43,0,9.9,0,14.72,13.94,5.66,4.66,7.82,4.57,23,8
d_F88W_M255K_Y217Y_OFF_T_G17,85,0.8174,0.9032,0.9887,1,4.63,0,12.5,0,33.83,0,29.13,32.45,4.61,5.04,5.7,5.79,49,20
d_F88W_M255K_Y217Y_OFF_T_G17,86,0.8166,0.8553,0.9875,0,6.44,0,14.41,0,9.92,0,9.48,13.01,4.5,3.53,5.97,7.38,18,9
d_F88W_M255K_Y217Y_OFF_T_G17,87,0.8149,0.8428,0.9864,0,5.36,0,22.73,0,17.97,0,17.95,19.7,4.28,5.51,6.83,5.09,22,7
d_F88W_M255K_Y217Y_OFF_T_G17,88,0.8132,0.799,0.9851,1,3.96,0,24.13,0,8.97,0,13.26,10.25,6.74,5.3,10.59,3.55,30,8
d_F88W_M255K_Y217Y_OFF_T_G17,89,0.8116,0.8787,0.9884,0,6.83,0,25.62,0,8.15,0,14.1,11.78,5.19,4.27,7.95,6.58,21,7
d_F88W_M255K_Y217Y_OFF_T_G17,9,0.859,0.9323,0.9898,0,7.22,0,9.63,0,34.36,0,31.59,33.98,7.18,3.28,3.74,6.51,39,16
d_F88W_M255K_Y217Y_OFF_T_G17,90,0.8105,0.7946,0.9861,1,5.0,0,14.96,0,41.83,0,38.47,40.29,5.06,5.26,8.99,4.89,30,11
d_F88W_M255K_Y217Y_OFF_T_G17,91,0.7872,0.8274,0.9842,0,6.97,0,12.08,0,23.59,0,22.43,26.7,4.35,3.72,3.6,6.77,33,13
d_F88W_M255K_Y217Y_OFF_T_G17,92,0.7867,0.757,0.9772,0,7.2,0,14.41,0,35.89,0,34.45,34.79,4.24,3.68,2.81,7.69,32,13
d_F88W_M255K_Y217Y_OFF_T_G17,93,0.7832,0.7122,0.9826,1,4.36,0,17.83,0,31.92,0,33.26,31.78,3.6,6.46,5.81,4.32,26,11
d_F88W_M255K_Y217Y_OFF_T_G17,94,0.7813,0.7762,0.9832,1,4.3,0,14.23,0,46.24,0,37.79,45.83,6.03,3.46,4.51,2.92,21,8
d_F88W_M255K_Y217Y_OFF_T_G17,95,0.7784,0.6627,0.9743,0,5.49,0,23.48,0,37.03,0,41.71,42.52,3.77,3.25,3.45,5.64,22,10
d_F88W_M255K_Y217Y_OFF_T_G17,96,0.7715,0.763,0.9797,0,7.03,0,12.36,0,9.85,0,15.16,15.86,3.84,4.74,3.65,7.19,41,20
d_F88W_M255K_Y217Y_OFF_T_G17,97,0.7703,0.652,0.9814,1,4.35,0,19.69,0,14.3,0,10.41,16.41,3.64,5.52,7.96,4.45,25,7
d_F88W_M255K_Y217Y_OFF_T_G17,98,0.766,0.7111,0.986,0,6.61,0,10.59,0,33.27,0,35.05,36.62,4.59,4.83,4.09,5.48,34,12
d_F88W_M255K_Y217Y_OFF_T_G17,99,0.7649,0.6013,0.9763,0,6.22,0,14.87,0,39.31,0,37.66,38.28,3.89,4.96,4.38,4.67,29,12
d_F88Y_M255K_Y217Y_OFF_T_G17,0,0.8714,0.9363,0.9917,1,2.94,0,19.05,0,10.82,0,15.18,17.17,3.21,4.24,10.15,2.18,46,16
d_F88Y_M255K_Y217Y_OFF_T_G17,1,0.868,0.9617,0.9935,1,2.93,0,14.14,0,45.22,0,38.4,43.54,4.1,3.29,6.45,5.24,38,16
d_F88Y_M255K_Y217Y_OFF_T_G17,10,0.858,0.9375,0.9902,1,2.61,0,14.63,0,43.68,0,36.95,41.81,4.69,4.41,5.66,3.9,41,15
d_F88Y_M255K_Y217Y_OFF_T_G17,11,0.8576,0.9256,0.9882,1,2.2,0,14.43,0,32.12,0,29.92,33.84,3.51,6.07,3.47,4.72,56,20
d_F88Y_M255K_Y217Y_OFF_T_G17,12,0.8571,0.9294,0.9879,0,7.36,0,11.52,0,40.11,0,35.4,39.26,6.1,3.59,4.37,7.39,41,19
d_F88Y_M255K_Y217Y_OFF_T_G17,13,0.8567,0.9573,0.9932,0,5.92,0,10.0,0,30.23,0,28.49,32.19,4.8,4.71,4.11,6.15,54,21
d_F88Y_M255K_Y217Y_OFF_T_G17,14,0.8566,0.8888,0.9866,1,4.83,0,27.52,0,13.16,0,19.84,15.48,8.56,7.06,9.72,5.45,33,13
d_F88Y_M255K_Y217Y_OFF_T_G17,15,0.8558,0.913,0.9851,0,6.67,0,12.96,0,34.3,0,33.49,35.08,6.42,3.15,4.23,6.24,34,12
d_F88Y_M255K_Y217Y_OFF_T_G17,16,0.8555,0.9367,0.9888,0,7.58,0,13.11,0,33.85,0,31.75,34.37,10.51,3.63,5.66,6.43,34,12
d_F88Y_M255K_Y217Y_OFF_T_G17,17,0.8552,0.9389,0.9901,1,3.41,0,14.16,0,45.93,0,39.27,44.03,5.07,3.2,6.38,4.29,31,15
d_F88Y_M255K_Y217Y_OFF_T_G17,18,0.8551,0.9492,0.9928,1,3.4,0,21.63,0,44.11,0,37.06,42.36,3.63,3.5,3.86,4.29,58,21
d_F88Y_M255K_Y217Y_OFF_T_G17,19,0.8528,0.9379,0.9918,0,7.64,0,16.48,0,6.39,0,15.28,12.97,12.26,10.13,15.44,6.66,28,9
d_F88Y_M255K_Y217Y_OFF_T_G17,2,0.8624,0.9348,0.9903,0,6.86,0,14.52,0,42.17,0,36.61,40.38,5.83,3.08,4.9,5.46,36,15
d_F88Y_M255K_Y217Y_OFF_T_G17,20,0.8514,0.9519,0.9918,1,4.4,0,14.1,0,47.04,0,40.45,45.53,4.84,3.46,6.35,4.63,40,17
d_F88Y_M255K_Y217Y_OFF_T_G17,21,0.8511,0.9237,0.9907,0,6.86,0,15.21,0,43.18,0,40.3,41.91,5.13,4.25,6.18,4.98,28,12
d_F88Y_M255K_Y217Y_OFF_T_G17,22,0.8495,0.9395,0.99,0,6.79,0,17.46,0,32.07,0,31.99,31.24,4.34,3.2,4.6,5.83,31,13
d_F88Y_M255K_Y217Y_OFF_T_G17,23,0.8492,0.9094,0.9864,0,6.14,0,11.35,0,31.76,0,31.48,33.26,10.82,4.26,7.9,5.06,31,9
d_F88Y_M255K_Y217Y_OFF_T_G17,24,0.849,0.9375,0.9892,1,4.18,0,12.92,0,45.24,0,39.34,43.39,5.69,3.12,4.7,4.28,43,19
d_F88Y_M255K_Y217Y_OFF_T_G17,25,0.8482,0.9294,0.9912,0,6.02,0,13.93,0,30.26,0,27.61,32.58,6.11,2.49,2.36,4.61,47,13
d_F88Y_M255K_Y217Y_OFF_T_G17,26,0.8471,0.9381,0.9893,0,7.3,0,12.75,0,32.72,0,31.67,33.43,7.96,4.19,4.23,6.24,32,12
d_F88Y_M255K_Y217Y_OFF_T_G17,27,0.8466,0.9407,0.9923,0,5.89,0,9.84,0,30.2,0,30.65,32.99,9.81,3.89,8.82,4.45,24,11
d_F88Y_M255K_Y217Y_OFF_T_G17,28,0.8462,0.9372,0.9911,0,6.04,0,14.32,0,42.23,0,38.34,40.0,3.91,4.17,6.13,6.5,25,12
d_F88Y_M255K_Y217Y_OFF_T_G17,29,0.846,0.9448,0.9913,0,5.31,0,18.82,0,29.44,0,28.15,31.64,3.81,4.77,2.44,6.14,45,16
d_F88Y_M255K_Y217Y_OFF_T_G17,3,0.8622,0.9482,0.9911,1,4.86,0,17.49,0,21.66,0,21.14,24.58,3.04,2.82,6.88,5.36,47,19
d_F88Y_M255K_Y217Y_OFF_T_G17,30,0.845,0.9162,0.9895,1,3.6,0,19.68,0,32.75,0,31.29,33.81,4.56,2.6,2.33,3.34,46,18
d_F88Y_M255K_Y217Y_OFF_T_G17,31,0.8448,0.9367,0.9898,0,7.47,0,11.74,0,39.95,0,34.63,39.06,6.06,2.73,5.03,5.69,42,21
d_F88Y_M255K_Y217Y_OFF_T_G17,32,0.8437,0.8882,0.9884,1,4.37,0,12.99,1,2.09,0,6.08,4.18,3.35,3.45,3.56,3.32,44,18
d_F88Y_M255K_Y217Y_OFF_T_G17,33,0.8437,0.8997,0.9887,1,4.94,0,16.26,0,39.37,0,33.58,38.7,5.67,4.93,3.74,3.09,56,17
d_F88Y_M255K_Y217Y_OFF_T_G17,34,0.8435,0.9149,0.9892,0,7.21,0,16.91,0,30.72,0,28.57,31.12,4.61,3.86,2.83,5.42,46,17
d_F88Y_M255K_Y217Y_OFF_T_G17,35,0.8427,0.9212,0.9892,0,6.04,0,10.23,0,32.1,0,30.98,32.75,7.26,3.76,3.78,5.04,30,9
d_F88Y_M255K_Y217Y_OFF_T_G17,36,0.8426,0.8584,0.9861,0,6.32,0,13.68,0,45.26,0,42.44,43.93,2.65,4.0,6.34,5.44,28,13
d_F88Y_M255K_Y217Y_OFF_T_G17,37,0.8425,0.9259,0.991,1,3.62,0,14.83,0,44.69,0,39.82,43.05,4.25,3.39,5.11,4.25,35,14
d_F88Y_M255K_Y217Y_OFF_T_G17,38,0.842,0.89,0.9885,0,6.5,0,9.69,0,36.56,0,38.81,38.16,4.4,4.55,7.0,5.09,41,13
d_F88Y_M255K_Y217Y_OFF_T_G17,39,0.8417,0.9514,0.9914,1,3.61,0,12.34,1,4.42,0,12.0,10.87,3.67,3.88,2.2,4.07,42,18
d_F88Y_M255K_Y217Y_OFF_T_G17,4,0.8611,0.9129,0.9906,1,2.94,0,26.04,0,14.02,0,22.07,19.95,7.87,6.64,12.29,4.0,33,11
d_F88Y_M255K_Y217Y_OFF_T_G17,40,0.8416,0.9196,0.9872,0,8.21,0,12.38,0,34.53,0,32.92,34.72,6.92,4.0,2.6,6.9,28,15
d_F88Y_M255K_Y217Y_OFF_T_G17,41,0.8412,0.9349,0.9903,0,8.47,0,18.75,1,3.05,0,1.46,8.5,6.2,4.25,3.68,7.72,31,12
d_F88Y_M255K_Y217Y_OFF_T_G17,42,0.8396,0.904,0.9878,0,6.33,0,8.64,0,30.68,0,31.19,33.44,8.88,2.96,7.7,5.02,23,12
d_F88Y_M255K_Y217Y_OFF_T_G17,43,0.8396,0.8743,0.9856,0,6.37,0,11.88,0,33.58,0,31.11,32.51,8.59,4.44,8.29,5.54,36,14
d_F88Y_M255K_Y217Y_OFF_T_G17,44,0.839,0.9147,0.985,0,7.95,0,12.91,0,33.78,0,31.49,33.64,6.31,3.57,2.51,6.12,31,14
d_F88Y_M255K_Y217Y_OFF_T_G17,45,0.8386,0.9101,0.8899,0,11.73,0,14.01,0,29.85,0,29.28,31.2,9.77,2.39,7.5,9.24,23,11
d_F88Y_M255K_Y217Y_OFF_T_G17,46,0.8373,0.8831,0.9923,0,6.94,0,25.61,0,32.62,0,36.54,35.7,4.76,5.98,2.8,6.27,39,14
d_F88Y_M255K_Y217Y_OFF_T_G17,47,0.8365,0.8734,0.9856,0,7.55,0,12.3,0,38.89,0,37.16,39.57,7.33,3.67,3.46,7.46,28,13
d_F88Y_M255K_Y217Y_OFF_T_G17,48,0.8362,0.8819,0.987,1,3.45,0,26.58,0,12.13,0,20.01,15.85,5.27,5.73,11.89,2.16,36,11
d_F88Y_M255K_Y217Y_OFF_T_G17,49,0.836,0.9306,0.992,1,4.4,0,14.72,0,33.09,0,33.52,36.1,2.87,7.35,12.78,3.11,36,13
d_F88Y_M255K_Y217Y_OFF_T_G17,5,0.861,0.9398,0.9921,0,5.69,0,15.42,0,28.2,0,26.19,30.32,4.44,2.51,3.93,5.89,53,17
d_F88Y_M255K_Y217Y_OFF_T_G17,50,0.8352,0.9014,0.9902,1,4.13,0,12.65,0,29.51,0,31.92,32.96,5.74,5.49,4.52,3.66,47,19
d_F88Y_M255K_Y217Y_OFF_T_G17,51,0.8343,0.9132,0.9851,0,5.25,0,12.95,0,31.75,0,27.56,31.58,2.99,3.56,3.18,6.86,55,19
d_F88Y_M255K_Y217Y_OFF_T_G17,52,0.8343,0.9254,0.9891,0,6.58,0,11.56,0,30.44,0,28.78,32.53,3.64,3.96,3.99,6.63,56,18
d_F88Y_M255K_Y217Y_OFF_T_G17,53,0.8338,0.9023,0.9899,0,7.43,0,15.91,0,45.46,0,41.83,44.34,4.25,3.39,5.73,4.13,31,11
d_F88Y_M255K_Y217Y_OFF_T_G17,54,0.8335,0.8814,0.9872,1,4.92,0,16.14,0,40.46,0,35.41,38.01,5.02,5.37,10.67,5.3,47,15
d_F88Y_M255K_Y217Y_OFF_T_G17,55,0.8328,0.9335,0.9907,0,10.77,0,10.27,0,29.48,0,28.79,30.18,8.99,3.83,4.72,8.74,22,9
d_F88Y_M255K_Y217Y_OFF_T_G17,56,0.8326,0.8729,0.9883,1,4.61,0,23.45,0,39.0,0,38.34,44.07,4.62,4.39,3.41,5.0,27,11
d_F88Y_M255K_Y217Y_OFF_T_G17,57,0.8326,0.8692,0.9906,0,5.71,0,22.32,0,34.68,0,36.9,38.09,3.73,3.3,2.71,5.78,39,13
d_F88Y_M255K_Y217Y_OFF_T_G17,58,0.8322,0.843,0.9897,0,5.98,0,25.87,0,37.28,0,39.13,41.43,3.63,2.95,3.19,5.68,37,15
d_F88Y_M255K_Y217Y_OFF_T_G17,59,0.8319,0.9024,0.9887,0,5.75,0,13.93,0,45.59,0,37.67,43.05,4.81,3.59,5.06,5.41,32,15
d_F88Y_M255K_Y217Y_OFF_T_G17,6,0.8609,0.9362,0.9928,1,4.39,0,11.98,1,3.14,0,8.53,6.02,2.74,2.83,3.32,4.85,37,14
d_F88Y_M255K_Y217Y_OFF_T_G17,60,0.8317,0.9091,0.9857,0,7.64,0,12.57,0,37.58,0,34.68,37.58,6.29,4.44,3.01,7.1,35,13
d_F88Y_M255K_Y217Y_OFF_T_G17,61,0.8316,0.899,0.9868,0,6.13,0,14.02,0,41.93,0,38.41,39.96,3.44,3.08,6.07,7.19,31,12
d_F88Y_M255K_Y217Y_OFF_T_G17,62,0.8311,0.9112,0.9869,0,6.5,0,14.14,0,47.77,0,41.67,44.68,6.89,2.49,5.75,6.22,28,14
d_F88Y_M255K_Y217Y_OFF_T_G17,63,0.8309,0.8956,0.9863,0,7.19,0,14.42,0,29.61,0,28.58,31.67,10.65,5.75,10.86,5.83,29,14
d_F88Y_M255K_Y217Y_OFF_T_G17,64,0.8307,0.8708,0.9887,0,6.15,0,23.86,0,27.4,0,27.31,30.49,5.18,4.81,10.54,4.54,37,11
d_F88Y_M255K_Y217Y_OFF_T_G17,65,0.8302,0.9113,0.9877,0,8.11,0,11.84,0,40.79,0,35.38,39.78,6.04,1.89,3.5,6.89,40,17
d_F88Y_M255K_Y217Y_OFF_T_G17,66,0.8301,0.9164,0.9911,0,5.91,0,14.75,0,42.86,0,40.31,41.91,4.94,4.83,4.52,7.94,26,11
d_F88Y_M255K_Y217Y_OFF_T_G17,67,0.8301,0.9223,0.9905,0,5.28,0,13.37,0,30.59,0,27.9,31.43,4.29,5.81,4.53,5.72,51,19
d_F88Y_M255K_Y217Y_OFF_T_G17,68,0.8301,0.9315,0.992,1,2.26,0,22.22,0,12.16,0,13.48,10.13,7.19,6.15,11.91,1.49,25,15
d_F88Y_M255K_Y217Y_OFF_T_G17,69,0.8299,0.8305,0.989,0,5.46,0,11.37,1,4.12,0,9.65,9.91,2.5,5.24,2.8,5.85,38,17
d_F88Y_M255K_Y217Y_OFF_T_G17,7,0.8602,0.9259,0.9915,1,4.07,0,11.48,0,8.24,0,13.82,13.56,3.77,4.07,3.38,3.91,38,15
d_F88Y_M255K_Y217Y_OFF_T_G17,70,0.8267,0.9295,0.991,1,4.0,0,16.21,0,34.83,0,33.26,36.39,3.71,4.65,5.16,2.25,57,20
d_F88Y_M255K_Y217Y_OFF_T_G17,71,0.8261,0.8745,0.987,0,7.99,0,12.19,0,40.61,0,35.69,40.17,7.24,3.34,5.57,7.51,44,20
d_F88Y_M255K_Y217Y_OFF_T_G17,72,0.8259,0.8269,0.9869,0,6.19,0,17.29,0,43.95,0,35.68,41.06,3.18,4.27,6.82,5.67,54,19
d_F88Y_M255K_Y217Y_OFF_T_G17,73,0.8254,0.9106,0.9885,1,4.13,0,14.6,0,24.66,0,25.27,27.79,4.51,5.48,5.16,4.6,53,21
d_F88Y_M255K_Y217Y_OFF_T_G17,74,0.8251,0.852,0.9867,1,4.9,0,16.58,0,39.62,0,36.73,38.12,5.58,3.31,3.73,4.57,36,11
d_F88Y_M255K_Y217Y_OFF_T_G17,75,0.8234,0.8886,0.99,0,5.3,0,25.0,0,35.72,0,40.02,40.05,2.76,3.12,4.6,6.8,25,9
d_F88Y_M255K_Y217Y_OFF_T_G17,76,0.8233,0.8591,0.9832,1,4.59,0,14.07,0,37.57,0,34.67,35.05,5.88,5.4,2.18,4.35,35,11
d_F88Y_M255K_Y217Y_OFF_T_G17,77,0.8231,0.8794,0.9881,1,4.34,0,17.47,0,41.8,0,35.25,39.94,5.2,3.12,8.53,5.19,45,17
d_F88Y_M255K_Y217Y_OFF_T_G17,78,0.8231,0.8544,0.9904,0,8.17,0,26.48,0,42.59,0,44.98,41.59,3.05,2.21,4.63,6.88,40,13
d_F88Y_M255K_Y217Y_OFF_T_G17,79,0.8226,0.7791,0.9874,0,5.13,0,14.28,0,29.44,0,33.86,32.52,1.56,2.67,5.79,4.53,54,15
d_F88Y_M255K_Y217Y_OFF_T_G17,8,0.8599,0.9401,0.9925,1,3.18,0,12.21,0,10.45,0,14.3,15.93,4.99,4.17,1.16,4.2,40,16
d_F88Y_M255K_Y217Y_OFF_T_G17,80,0.8216,0.8753,0.9862,0,5.09,0,9.9,0,9.08,0,9.2,6.3,3.96,4.24,4.29,4.08,38,16
d_F88Y_M255K_Y217Y_OFF_T_G17,81,0.8201,0.9019,0.9899,1,3.8,0,22.1,0,15.85,0,16.15,14.64,7.25,5.42,11.01,1.62,21,10
d_F88Y_M255K_Y217Y_OFF_T_G17,82,0.82,0.8817,0.9883,1,1.76,0,11.12,0,17.75,0,12.24,19.82,3.09,4.39,3.75,4.9,50,17
d_F88Y_M255K_Y217Y_OFF_T_G17,83,0.814,0.829,0.9857,0,5.25,0,16.54,0,35.51,0,31.91,34.81,5.0,2.16,1.05,6.06,50,18
d_F88Y_M255K_Y217Y_OFF_T_G17,84,0.8118,0.7867,0.9814,0,7.19,0,14.08,0,45.23,0,38.6,43.55,5.13,4.02,6.68,6.5,34,16
d_F88Y_M255K_Y217Y_OFF_T_G17,85,0.8106,0.7678,0.9836,1,3.14,0,23.14,0,26.67,0,25.02,30.59,3.97,3.84,3.59,5.05,44,14
d_F88Y_M255K_Y217Y_OFF_T_G17,86,0.8097,0.8545,0.9878,1,2.86,0,9.78,0,12.83,0,13.77,11.15,3.36,4.9,4.57,3.01,39,17
d_F88Y_M255K_Y217Y_OFF_T_G17,87,0.8093,0.8751,0.9846,0,7.4,0,12.48,0,31.09,0,29.32,31.91,5.89,3.0,5.98,5.93,30,13
d_F88Y_M255K_Y217Y_OFF_T_G17,88,0.8093,0.7822,0.9833,1,4.05,0,19.75,0,39.93,0,38.26,37.54,3.14,4.55,9.08,5.22,46,15
d_F88Y_M255K_Y217Y_OFF_T_G17,89,0.8039,0.8479,0.9858,0,5.94,0,15.97,0,36.9,0,35.04,35.17,3.75,5.07,4.6,3.91,33,14
d_F88Y_M255K_Y217Y_OFF_T_G17,9,0.8595,0.9434,0.9886,0,6.64,0,12.55,0,34.02,0,30.62,33.94,8.27,3.7,3.1,6.18,32,13
d_F88Y_M255K_Y217Y_OFF_T_G17,90,0.8032,0.7861,0.9867,0,7.27,0,26.92,0,39.11,0,38.98,42.99,3.81,2.17,4.6,6.11,36,14
d_F88Y_M255K_Y217Y_OFF_T_G17,91,0.8032,0.7942,0.9857,0,16.76,0,26.08,0,38.89,0,40.42,43.93,7.02,5.88,5.26,19.88,11,7
d_F88Y_M255K_Y217Y_OFF_T_G17,92,0.7993,0.7539,0.9827,0,7.31,0,15.1,0,38.84,0,37.2,38.11,4.55,3.63,4.19,6.51,32,12
d_F88Y_M255K_Y217Y_OFF_T_G17,93,0.7988,0.7819,0.9817,1,4.81,0,14.84,0,24.11,0,20.42,27.16,5.54,2.81,5.45,3.36,31,12
d_F88Y_M255K_Y217Y_OFF_T_G17,94,0.7988,0.8139,0.988,1,4.76,0,14.22,0,31.86,0,35.57,36.69,3.07,2.92,4.81,3.7,37,12
d_F88Y_M255K_Y217Y_OFF_T_G17,95,0.7882,0.729,0.9748,0,6.63,0,11.69,0,27.11,0,26.57,28.49,9.9,4.94,8.46,5.16,38,12
d_F88Y_M255K_Y217Y_OFF_T_G17,96,0.7777,0.7275,0.982,1,2.6,0,22.01,0,25.4,0,26.12,28.54,4.7,5.45,2.39,1.35,50,18
d_F88Y_M255K_Y217Y_OFF_T_G17,97,0.7758,0.7168,0.9855,1,4.71,0,29.62,0,42.65,0,43.07,46.38,3.36,4.09,2.54,6.32,29,10
d_F88Y_M255K_Y217Y_OFF_T_G17,98,0.7703,0.6495,0.982,1,1.45,0,23.08,0,20.19,0,21.2,25.54,4.87,3.62,2.81,2.28,44,13
d_F88Y_M255K_Y217Y_OFF_T_G17,99,0.7539,0.5865,0.9803,1,3.89,0,13.37,1,3.05,0,2.29,3.74,3.61,3.32,2.16,2.67,42,19
sm_TrackF_F88Y_OFF_T_G17,0,0.8565,0.8956,0.9864,0,5.64,0,16.28,0,41.72,0,39.81,40.44,3.46,1.82,6.32,4.71,32,12
sm_TrackF_F88Y_OFF_T_G17,1,0.8535,0.9194,0.988,1,3.12,0,15.01,0,39.09,0,36.92,38.7,2.64,5.72,3.93,2.98,34,14
sm_TrackF_F88Y_OFF_T_G17,10,0.842,0.9187,0.9872,0,6.84,0,14.59,0,42.54,0,39.54,41.64,1.09,3.94,4.39,5.97,30,13
sm_TrackF_F88Y_OFF_T_G17,11,0.8415,0.9146,0.9868,1,4.7,0,20.11,0,30.97,0,29.07,31.93,1.72,2.97,3.67,6.4,43,16
sm_TrackF_F88Y_OFF_T_G17,12,0.8397,0.8954,0.9863,1,2.88,0,13.5,0,36.87,0,36.5,36.54,2.31,2.65,4.6,1.9,39,11
sm_TrackF_F88Y_OFF_T_G17,13,0.8396,0.9229,0.9895,1,2.69,0,10.75,0,31.87,0,34.15,32.16,1.17,3.45,6.34,1.19,32,13
sm_TrackF_F88Y_OFF_T_G17,14,0.839,0.9043,0.9881,1,4.89,0,14.51,0,37.89,0,35.69,37.34,2.2,3.59,5.54,5.54,33,11
sm_TrackF_F88Y_OFF_T_G17,15,0.8387,0.8425,0.9802,1,3.88,0,14.24,0,38.8,0,36.4,37.88,2.07,4.07,3.62,3.88,35,10
sm_TrackF_F88Y_OFF_T_G17,16,0.8381,0.8627,0.985,0,5.94,0,13.9,0,37.32,0,35.35,36.79,0.96,4.21,4.62,7.14,27,12
sm_TrackF_F88Y_OFF_T_G17,17,0.8378,0.8776,0.9858,1,2.08,0,13.18,0,34.49,0,33.17,35.59,3.11,4.81,6.54,2.99,34,15
sm_TrackF_F88Y_OFF_T_G17,18,0.8368,0.9126,0.9869,1,3.83,0,16.02,0,36.23,0,34.51,35.81,2.06,4.13,4.97,5.66,28,10
sm_TrackF_F88Y_OFF_T_G17,19,0.8365,0.8597,0.9825,1,3.4,0,24.09,0,18.92,0,14.85,21.15,1.98,4.48,2.88,4.54,41,15
sm_TrackF_F88Y_OFF_T_G17,2,0.8535,0.8757,0.9871,1,2.76,0,14.16,0,38.78,0,36.51,38.18,2.61,5.6,5.43,4.86,29,9
sm_TrackF_F88Y_OFF_T_G17,20,0.8356,0.8287,0.9881,1,3.74,0,17.08,0,43.83,0,42.82,48.15,0.67,3.68,5.12,3.14,34,11
sm_TrackF_F88Y_OFF_T_G17,21,0.8345,0.9358,0.9926,1,2.47,0,12.6,0,34.86,0,34.15,34.99,3.16,4.11,6.86,3.54,34,11
sm_TrackF_F88Y_OFF_T_G17,22,0.8336,0.9047,0.9875,1,4.71,0,17.97,0,27.09,0,25.31,29.05,1.69,5.01,3.4,5.94,47,17
sm_TrackF_F88Y_OFF_T_G17,23,0.8333,0.8858,0.9872,1,4.79,0,14.28,0,44.05,0,41.41,43.29,1.62,4.78,5.96,5.11,35,10
sm_TrackF_F88Y_OFF_T_G17,24,0.8328,0.8278,0.9763,0,6.26,0,15.58,0,43.06,0,40.02,41.46,1.05,4.52,4.01,4.97,33,12
sm_TrackF_F88Y_OFF_T_G17,25,0.8326,0.883,0.9847,0,6.39,0,16.3,0,46.87,0,42.41,45.49,1.72,1.83,5.82,6.99,27,13
sm_TrackF_F88Y_OFF_T_G17,26,0.8309,0.8788,0.9806,0,5.34,0,14.68,0,35.68,0,33.43,34.5,1.31,4.51,2.93,6.66,35,12
sm_TrackF_F88Y_OFF_T_G17,27,0.8301,0.8648,0.9849,1,1.41,0,13.66,0,37.7,0,35.95,37.82,2.24,3.49,5.28,2.75,31,10
sm_TrackF_F88Y_OFF_T_G17,28,0.8295,0.8537,0.9795,0,5.74,0,17.52,0,34.15,0,33.41,34.15,3.18,4.49,5.62,5.19,30,12
sm_TrackF_F88Y_OFF_T_G17,29,0.8292,0.8859,0.9831,0,5.31,0,13.53,0,33.17,0,35.1,33.54,3.13,2.07,7.32,4.5,26,12
sm_TrackF_F88Y_OFF_T_G17,3,0.8521,0.9302,0.9894,1,3.49,0,12.98,0,34.86,0,33.68,34.48,3.44,5.3,9.94,5.11,40,15
sm_TrackF_F88Y_OFF_T_G17,30,0.8284,0.8259,0.98,1,4.69,0,13.97,0,33.39,0,33.33,34.08,1.62,3.57,5.41,5.02,34,15
sm_TrackF_F88Y_OFF_T_G17,31,0.8283,0.8198,0.9828,1,3.71,0,14.3,0,36.71,0,35.07,36.6,3.1,4.65,3.73,2.69,31,10
sm_TrackF_F88Y_OFF_T_G17,32,0.8279,0.9165,0.991,1,3.45,0,22.03,0,20.44,0,19.82,22.39,2.3,3.03,5.61,2.0,34,12
sm_TrackF_F88Y_OFF_T_G17,33,0.8278,0.8561,0.9816,0,5.36,0,15.92,0,39.63,0,37.41,38.73,1.18,4.02,4.04,6.48,28,12
sm_TrackF_F88Y_OFF_T_G17,34,0.827,0.8702,0.9819,0,5.15,0,13.72,0,35.8,0,34.31,35.89,1.61,3.72,2.84,5.46,38,11
sm_TrackF_F88Y_OFF_T_G17,35,0.8267,0.8467,0.9844,1,1.59,0,13.75,0,39.44,0,37.83,39.19,2.64,3.0,3.27,2.32,36,11
sm_TrackF_F88Y_OFF_T_G17,36,0.8257,0.8552,0.9819,0,7.36,0,15.22,0,44.7,0,41.23,43.2,2.13,3.52,5.64,6.69,25,13
sm_TrackF_F88Y_OFF_T_G17,37,0.8247,0.8374,0.9814,0,6.08,0,14.2,0,36.97,0,34.75,36.38,1.36,2.92,4.55,5.35,30,12
sm_TrackF_F88Y_OFF_T_G17,38,0.8244,0.8749,0.9859,0,6.8,0,17.47,0,40.4,0,38.18,40.4,1.64,3.87,5.35,7.25,26,10
sm_TrackF_F88Y_OFF_T_G17,39,0.8244,0.862,0.9856,1,2.78,0,13.45,0,33.54,0,32.18,33.36,3.19,3.58,4.29,2.16,35,12
sm_TrackF_F88Y_OFF_T_G17,4,0.8496,0.8748,0.984,1,4.19,0,17.69,0,44.96,0,42.08,44.31,1.21,4.15,6.09,4.36,33,13
sm_TrackF_F88Y_OFF_T_G17,40,0.8243,0.8859,0.9836,0,6.07,0,13.91,0,42.58,0,39.98,41.92,1.38,3.02,5.46,5.86,27,11
sm_TrackF_F88Y_OFF_T_G17,41,0.8239,0.8509,0.9822,1,4.29,0,22.1,0,27.72,0,26.78,30.18,1.24,3.46,1.82,4.41,51,19
sm_TrackF_F88Y_OFF_T_G17,42,0.8238,0.8504,0.9803,0,6.1,0,13.54,0,39.3,0,36.97,38.58,3.21,2.71,4.72,5.71,26,12
sm_TrackF_F88Y_OFF_T_G17,43,0.8221,0.857,0.9849,0,7.38,0,9.68,0,22.97,0,22.18,27.14,1.86,5.9,8.62,6.42,23,10
sm_TrackF_F88Y_OFF_T_G17,44,0.8217,0.8834,0.9837,0,6.57,0,14.12,0,39.51,0,36.88,38.44,1.1,2.36,3.79,6.82,30,12
sm_TrackF_F88Y_OFF_T_G17,45,0.8216,0.8132,0.9819,1,4.98,0,16.23,0,41.82,0,39.61,40.63,1.97,4.02,6.11,5.65,33,12
sm_TrackF_F88Y_OFF_T_G17,46,0.8213,0.8688,0.9866,0,5.91,0,15.08,0,36.85,0,33.75,36.81,3.02,3.74,9.76,4.12,32,13
sm_TrackF_F88Y_OFF_T_G17,47,0.8209,0.862,0.9835,0,7.27,0,15.52,0,45.42,0,41.9,43.79,1.89,2.76,5.09,7.64,26,12
sm_TrackF_F88Y_OFF_T_G17,48,0.8208,0.9022,0.9855,0,7.56,0,13.28,0,36.1,0,34.31,35.11,2.62,4.13,1.99,7.74,28,12
sm_TrackF_F88Y_OFF_T_G17,49,0.8193,0.8554,0.9827,0,5.49,0,15.26,0,40.58,0,37.89,40.1,1.3,5.9,4.99,5.56,30,12
sm_TrackF_F88Y_OFF_T_G17,5,0.8476,0.9036,0.9901,1,2.04,0,12.87,0,29.87,0,31.85,30.89,1.92,4.38,6.17,3.85,34,11
sm_TrackF_F88Y_OFF_T_G17,50,0.8186,0.8833,0.9884,0,5.31,0,23.99,0,32.06,0,33.42,40.32,0.82,1.22,2.62,4.92,28,9
sm_TrackF_F88Y_OFF_T_G17,51,0.818,0.8786,0.9845,0,9.68,0,18.79,0,54.26,0,47.68,51.45,3.96,4.32,4.8,10.6,24,8
sm_TrackF_F88Y_OFF_T_G17,52,0.8163,0.8706,0.9878,0,5.54,0,24.0,0,28.51,0,27.83,33.71,1.27,2.62,5.61,6.85,23,9
sm_TrackF_F88Y_OFF_T_G17,53,0.8163,0.8065,0.9797,0,5.39,0,15.84,0,40.26,0,37.66,39.8,1.86,4.28,5.44,4.21,33,10
sm_TrackF_F88Y_OFF_T_G17,54,0.8159,0.8387,0.9832,0,6.31,0,14.26,0,37.79,0,35.7,37.26,2.15,4.94,4.57,6.85,27,11
sm_TrackF_F88Y_OFF_T_G17,55,0.8148,0.853,0.9845,1,3.37,0,13.95,0,41.3,0,38.96,41.41,2.71,5.05,6.08,2.56,34,10
sm_TrackF_F88Y_OFF_T_G17,56,0.8144,0.9001,0.9861,1,3.94,0,9.35,0,24.6,0,22.2,29.97,1.37,2.58,3.46,4.02,41,15
sm_TrackF_F88Y_OFF_T_G17,57,0.8127,0.862,0.9835,0,6.43,0,15.7,0,36.38,0,35.68,35.66,3.0,4.27,4.69,5.61,30,12
sm_TrackF_F88Y_OFF_T_G17,58,0.8126,0.8525,0.9837,0,6.2,0,15.58,0,38.68,0,37.33,38.17,2.15,4.63,5.3,7.14,24,10
sm_TrackF_F88Y_OFF_T_G17,59,0.8116,0.8778,0.9818,1,4.39,0,9.85,0,13.14,0,9.57,10.78,0.91,3.24,3.83,4.97,46,16
sm_TrackF_F88Y_OFF_T_G17,6,0.8445,0.8462,0.9896,1,3.33,0,11.59,0,8.72,0,12.14,14.76,3.04,4.92,3.12,5.61,29,13
sm_TrackF_F88Y_OFF_T_G17,60,0.8111,0.8161,0.9821,0,8.65,0,18.77,0,37.58,0,37.92,42.69,2.48,5.63,3.81,7.66,16,9
sm_TrackF_F88Y_OFF_T_G17,61,0.8109,0.825,0.9831,0,6.62,0,14.79,0,36.31,0,33.96,35.68,1.49,4.51,4.53,6.65,27,12
sm_TrackF_F88Y_OFF_T_G17,62,0.8097,0.8157,0.9785,0,5.02,0,14.92,0,36.98,0,35.03,36.28,1.8,4.57,4.34,6.58,32,11
sm_TrackF_F88Y_OFF_T_G17,63,0.8093,0.7901,0.9799,0,6.22,0,14.65,0,37.66,0,34.68,36.48,1.22,4.75,2.64,6.61,23,12
sm_TrackF_F88Y_OFF_T_G17,64,0.8082,0.919,0.9882,0,5.22,0,9.85,0,21.0,0,21.84,26.85,0.85,3.18,3.34,5.23,39,15
sm_TrackF_F88Y_OFF_T_G17,65,0.8073,0.8693,0.9882,0,5.97,0,24.26,0,45.28,0,44.48,49.06,2.43,3.78,3.43,6.54,25,10
sm_TrackF_F88Y_OFF_T_G17,66,0.8065,0.7163,0.9765,0,9.81,0,21.18,0,36.93,0,38.05,42.88,2.07,6.99,2.87,9.06,15,9
sm_TrackF_F88Y_OFF_T_G17,67,0.8031,0.9237,0.9899,1,3.81,0,6.79,0,25.46,0,23.11,27.89,1.26,2.39,2.04,3.29,32,13
sm_TrackF_F88Y_OFF_T_G17,68,0.8029,0.8333,0.9839,0,7.11,0,16.07,0,35.19,0,33.92,34.94,1.69,3.66,4.94,7.67,26,11
sm_TrackF_F88Y_OFF_T_G17,69,0.8027,0.7855,0.9787,0,7.48,0,21.72,0,26.96,0,26.44,29.97,2.65,4.74,3.76,6.3,32,10
sm_TrackF_F88Y_OFF_T_G17,7,0.8445,0.8967,0.9873,1,4.43,0,13.92,0,38.04,0,36.12,38.42,0.75,4.8,5.27,2.62,35,11
sm_TrackF_F88Y_OFF_T_G17,70,0.8025,0.8631,0.9825,0,5.61,0,14.63,0,41.88,0,39.01,41.28,1.57,4.19,4.23,6.16,26,11
sm_TrackF_F88Y_OFF_T_G17,71,0.8025,0.8843,0.9872,1,4.2,0,10.41,0,19.85,0,18.73,24.24,1.74,5.53,2.69,4.27,33,16
sm_TrackF_F88Y_OFF_T_G17,72,0.8021,0.8095,0.9793,0,5.31,0,14.95,0,35.6,0,34.86,34.99,0.71,3.31,5.14,6.14,27,11
sm_TrackF_F88Y_OFF_T_G17,73,0.8011,0.8163,0.9817,1,3.46,0,9.37,0,15.54,0,13.0,17.72,1.39,2.6,2.81,4.08,35,14
sm_TrackF_F88Y_OFF_T_G17,74,0.8009,0.7925,0.98,0,6.27,0,14.62,0,43.31,0,40.34,41.79,2.26,3.06,5.07,6.86,29,11
sm_TrackF_F88Y_OFF_T_G17,75,0.8007,0.8196,0.9811,0,6.42,0,18.89,0,18.28,0,16.59,21.84,1.25,2.83,3.88,6.26,32,12
sm_TrackF_F88Y_OFF_T_G17,76,0.8003,0.8554,0.9817,1,3.9,0,11.74,0,22.2,0,20.65,25.23,0.75,2.95,3.36,5.08,36,15
sm_TrackF_F88Y_OFF_T_G17,77,0.8002,0.7914,0.9805,0,6.73,0,15.8,0,39.08,0,36.53,38.2,1.53,2.89,6.0,5.44,26,12
sm_TrackF_F88Y_OFF_T_G17,78,0.7983,0.8438,0.9818,1,3.05,0,7.28,0,20.34,0,21.49,27.88,1.81,3.67,3.56,3.53,41,13
sm_TrackF_F88Y_OFF_T_G17,79,0.7961,0.6869,0.9761,0,6.6,0,16.68,0,36.91,0,34.65,35.32,1.4,5.29,3.19,4.89,26,12
sm_TrackF_F88Y_OFF_T_G17,8,0.8431,0.8782,0.9866,1,2.68,0,14.32,0,37.83,0,36.16,37.67,2.82,3.21,4.89,2.36,35,12
sm_TrackF_F88Y_OFF_T_G17,80,0.796,0.8325,0.9857,0,5.65,0,14.97,0,38.35,0,36.35,37.93,2.3,4.86,4.68,7.01,24,13
sm_TrackF_F88Y_OFF_T_G17,81,0.7956,0.7446,0.9866,1,1.99,0,12.79,0,38.83,0,37.84,38.24,2.2,4.17,4.53,2.35,29,11
sm_TrackF_F88Y_OFF_T_G17,82,0.7954,0.8709,0.9884,1,2.95,0,9.0,0,9.67,0,13.98,15.7,1.45,4.52,4.97,2.85,41,13
sm_TrackF_F88Y_OFF_T_G17,83,0.7948,0.7966,0.9797,1,4.65,0,24.58,0,25.78,0,27.72,30.76,0.73,1.88,4.78,3.58,27,9
sm_TrackF_F88Y_OFF_T_G17,84,0.7936,0.668,0.9784,0,6.08,0,23.73,0,50.93,0,46.54,49.32,2.61,3.67,5.73,6.38,39,15
sm_TrackF_F88Y_OFF_T_G17,85,0.7929,0.768,0.9821,0,5.82,0,22.76,0,37.29,0,34.78,40.04,1.03,1.56,5.15,6.91,21,10
sm_TrackF_F88Y_OFF_T_G17,86,0.7899,0.7864,0.9814,1,3.19,0,13.79,0,37.13,0,35.78,37.04,2.17,4.87,4.93,1.66,29,12
sm_TrackF_F88Y_OFF_T_G17,87,0.7874,0.6983,0.9787,0,8.04,0,19.72,0,41.02,0,39.12,44.77,2.06,3.78,3.96,8.68,19,9
sm_TrackF_F88Y_OFF_T_G17,88,0.7861,0.8449,0.981,1,3.7,0,10.12,0,23.08,0,20.08,26.12,1.06,2.53,2.29,4.6,41,14
sm_TrackF_F88Y_OFF_T_G17,89,0.7839,0.7149,0.9784,1,4.23,0,15.12,0,39.39,0,37.9,38.74,2.28,5.25,4.49,3.37,37,12
sm_TrackF_F88Y_OFF_T_G17,9,0.8429,0.8704,0.9816,1,4.93,0,15.77,0,42.06,0,40.35,40.71,1.02,4.54,5.16,5.11,25,12
sm_TrackF_F88Y_OFF_T_G17,90,0.7821,0.7432,0.9812,0,5.82,0,24.79,0,29.19,0,26.78,30.34,1.27,4.22,3.52,6.1,24,10
sm_TrackF_F88Y_OFF_T_G17,91,0.7805,0.8136,0.9808,1,2.36,0,15.01,0,30.92,0,30.05,29.79,3.22,3.68,1.98,3.27,37,14
sm_TrackF_F88Y_OFF_T_G17,92,0.7754,0.7076,0.9804,1,4.38,0,24.6,0,25.29,0,24.95,30.12,3.13,4.13,4.64,4.83,29,12
sm_TrackF_F88Y_OFF_T_G17,93,0.775,0.7343,0.9814,1,4.29,0,21.75,0,28.32,0,27.5,32.28,1.57,2.67,5.16,4.89,28,11
sm_TrackF_F88Y_OFF_T_G17,94,0.7604,0.5828,0.9686,0,6.54,0,14.89,0,37.62,0,35.5,37.01,1.74,3.42,3.44,7.39,28,12
sm_TrackF_F88Y_OFF_T_G17,95,0.7601,0.6768,0.978,0,5.44,0,24.03,0,30.4,0,32.17,36.13,1.4,3.48,3.33,5.52,25,10
sm_TrackF_F88Y_OFF_T_G17,96,0.7582,0.6954,0.979,1,3.57,0,9.26,0,18.55,0,19.24,25.12,1.31,5.52,4.18,4.29,43,14
sm_TrackF_F88Y_OFF_T_G17,97,0.7441,0.6093,0.9744,1,3.92,0,8.32,0,21.84,0,19.82,25.33,1.58,4.79,3.84,4.55,38,13
sm_TrackF_F88Y_OFF_T_G17,98,0.7415,0.6278,0.974,1,4.83,0,8.86,0,23.03,0,18.54,23.51,1.06,2.6,4.68,4.99,41,15
sm_TrackF_F88Y_OFF_T_G17,99,0.7331,0.5431,0.977,0,5.49,0,16.99,0,50.08,0,44.96,47.99,1.97,4.24,9.0,5.16,38,11
sm_WT_F88Y_OFF_T_G17,0,0.8594,0.9297,0.9868,1,3.7,0,15.89,1,1.64,0,3.4,4.4,3.22,1.11,2.87,5.8,49,16
sm_WT_F88Y_OFF_T_G17,1,0.8541,0.9186,0.9892,1,3.5,0,16.39,0,11.56,0,16.29,21.67,1.45,2.59,2.75,4.59,47,18
sm_WT_F88Y_OFF_T_G17,10,0.8455,0.8804,0.9815,0,5.96,0,15.99,1,4.59,0,6.58,6.7,1.29,1.91,2.97,5.0,48,15
sm_WT_F88Y_OFF_T_G17,11,0.8432,0.8576,0.9853,0,6.88,0,17.1,0,21.57,0,19.0,24.25,1.86,3.27,2.55,4.97,32,14
sm_WT_F88Y_OFF_T_G17,12,0.8428,0.875,0.9825,0,7.04,0,20.92,0,13.3,0,15.98,17.94,3.76,2.78,2.78,5.35,38,15
sm_WT_F88Y_OFF_T_G17,13,0.8422,0.8934,0.9849,0,5.51,0,16.28,0,6.56,0,8.29,13.09,1.75,2.47,3.88,4.32,36,14
sm_WT_F88Y_OFF_T_G17,14,0.841,0.8847,0.9839,0,5.65,0,15.32,0,6.36,0,6.52,11.51,3.03,1.37,2.55,5.42,39,18
sm_WT_F88Y_OFF_T_G17,15,0.8398,0.7957,0.9813,0,5.19,0,28.07,0,11.3,0,19.29,18.29,2.65,2.09,7.64,5.95,38,12
sm_WT_F88Y_OFF_T_G17,16,0.8397,0.9003,0.9815,0,10.86,0,12.28,0,31.42,0,30.99,32.89,8.29,1.04,4.71,7.81,24,13
sm_WT_F88Y_OFF_T_G17,17,0.8395,0.8505,0.9845,0,7.35,0,19.81,0,22.32,0,20.81,26.13,1.21,3.11,3.27,6.46,33,12
sm_WT_F88Y_OFF_T_G17,18,0.8384,0.885,0.9863,1,3.76,0,23.82,0,13.54,0,10.26,15.24,0.68,2.33,3.41,4.33,46,18
sm_WT_F88Y_OFF_T_G17,19,0.8384,0.8843,0.9876,0,8.03,0,16.75,0,7.4,0,6.23,10.96,4.21,3.39,3.45,5.94,40,11
sm_WT_F88Y_OFF_T_G17,2,0.8533,0.8795,0.9859,1,4.57,0,18.65,0,14.83,0,11.97,17.11,2.7,2.27,3.74,4.0,39,17
sm_WT_F88Y_OFF_T_G17,20,0.8383,0.8908,0.9859,1,3.32,0,16.95,0,6.93,0,2.83,4.08,1.4,1.69,1.54,4.7,48,19
sm_WT_F88Y_OFF_T_G17,21,0.8382,0.8457,0.984,0,5.78,0,26.02,0,14.16,0,18.33,16.94,1.78,2.78,3.47,5.73,33,9
sm_WT_F88Y_OFF_T_G17,22,0.8374,0.8729,0.9822,1,4.2,0,19.54,0,27.63,0,27.99,30.08,2.64,1.19,3.07,4.99,41,16
sm_WT_F88Y_OFF_T_G17,23,0.8374,0.8668,0.9846,1,4.1,0,17.1,0,7.92,0,9.19,11.37,2.58,2.52,3.46,3.89,46,18
sm_WT_F88Y_OFF_T_G17,24,0.8373,0.8263,0.9829,0,8.6,0,18.78,0,20.12,0,17.11,22.27,3.38,3.49,4.15,8.93,27,13
sm_WT_F88Y_OFF_T_G17,25,0.8368,0.8865,0.9845,1,3.82,0,16.29,0,6.95,0,8.14,12.16,1.69,1.77,3.12,4.73,45,18
sm_WT_F88Y_OFF_T_G17,26,0.8355,0.8907,0.9813,0,6.33,0,19.6,0,5.96,0,3.59,8.87,2.21,2.42,2.6,5.62,48,18
sm_WT_F88Y_OFF_T_G17,27,0.8344,0.9035,0.9873,0,5.51,0,14.65,1,3.66,0,11.58,13.0,1.54,1.97,3.75,5.73,45,18
sm_WT_F88Y_OFF_T_G17,28,0.8333,0.901,0.9881,1,4.44,0,19.43,0,21.56,0,19.62,25.17,1.54,1.48,1.61,3.73,30,12
sm_WT_F88Y_OFF_T_G17,29,0.8332,0.8816,0.9837,0,6.38,0,19.62,0,7.93,0,6.96,12.85,1.66,3.74,4.28,6.09,41,17
sm_WT_F88Y_OFF_T_G17,3,0.8532,0.893,0.9872,1,4.3,0,18.18,0,13.66,0,17.42,22.89,1.39,2.08,3.11,4.27,47,18
sm_WT_F88Y_OFF_T_G17,30,0.8332,0.8694,0.9866,0,5.86,0,10.0,0,35.85,0,37.21,35.96,1.81,1.05,8.12,5.14,29,12
sm_WT_F88Y_OFF_T_G17,31,0.8321,0.8304,0.9865,1,3.5,0,36.14,0,24.5,0,28.04,30.98,1.96,2.86,6.07,4.31,30,10
sm_WT_F88Y_OFF_T_G17,32,0.8317,0.8917,0.9833,0,7.51,0,13.34,0,31.46,0,29.96,31.96,2.42,2.48,5.4,4.94,33,14
sm_WT_F88Y_OFF_T_G17,33,0.8315,0.8223,0.9803,0,6.62,0,19.13,0,26.73,0,25.57,32.32,1.48,3.38,5.01,6.52,30,12
sm_WT_F88Y_OFF_T_G17,34,0.8314,0.8867,0.9883,0,6.71,0,7.69,0,34.81,0,35.24,33.62,1.12,2.83,4.24,5.76,33,12
sm_WT_F88Y_OFF_T_G17,35,0.8306,0.9004,0.9843,0,5.37,0,13.63,1,1.39,0,4.77,6.02,2.95,1.42,2.67,5.7,45,17
sm_WT_F88Y_OFF_T_G17,36,0.8296,0.8425,0.9836,0,7.25,0,20.85,0,13.96,0,14.83,21.03,2.83,3.22,2.9,5.86,37,13
sm_WT_F88Y_OFF_T_G17,37,0.8293,0.8016,0.9839,0,6.79,0,36.91,0,16.53,0,24.85,18.41,2.82,3.96,2.62,7.1,32,9
sm_WT_F88Y_OFF_T_G17,38,0.8287,0.9263,0.9857,0,6.43,0,21.27,0,14.09,0,14.45,18.38,1.63,2.86,5.04,3.85,45,18
sm_WT_F88Y_OFF_T_G17,39,0.8281,0.8603,0.9849,0,7.62,0,18.43,0,5.21,0,4.56,6.09,2.29,2.97,4.98,6.9,37,15
sm_WT_F88Y_OFF_T_G17,4,0.8498,0.9298,0.9875,1,3.97,0,16.36,0,8.17,0,4.99,7.34,0.73,3.27,3.02,4.22,56,19
sm_WT_F88Y_OFF_T_G17,40,0.8269,0.7999,0.9822,0,7.08,0,31.22,0,25.43,0,24.62,30.05,2.05,1.82,1.94,6.45,36,11
sm_WT_F88Y_OFF_T_G17,41,0.8267,0.8156,0.9803,0,6.66,0,18.8,0,5.88,0,6.44,10.99,2.96,2.88,5.08,6.57,34,13
sm_WT_F88Y_OFF_T_G17,42,0.8264,0.7867,0.9812,0,5.86,0,26.64,0,51.67,0,48.46,50.31,3.47,2.8,4.93,4.86,38,14
sm_WT_F88Y_OFF_T_G17,43,0.826,0.849,0.9835,0,6.36,0,17.93,0,20.16,0,15.49,21.07,1.18,3.38,3.09,6.06,37,14
sm_WT_F88Y_OFF_T_G17,44,0.826,0.7874,0.9846,1,4.34,0,17.72,1,2.26,0,7.48,6.74,3.11,1.34,2.35,5.59,37,11
sm_WT_F88Y_OFF_T_G17,45,0.8258,0.9179,0.9853,0,5.62,0,15.85,1,1.65,0,1.45,3.75,3.25,2.36,3.74,4.17,57,19
sm_WT_F88Y_OFF_T_G17,46,0.8256,0.8368,0.9872,0,6.08,0,20.42,0,19.0,0,19.77,25.45,3.18,2.43,4.12,5.44,36,12
sm_WT_F88Y_OFF_T_G17,47,0.8251,0.8807,0.9825,0,6.5,0,11.43,0,32.22,0,30.83,32.55,3.37,1.77,4.21,5.12,34,18
sm_WT_F88Y_OFF_T_G17,48,0.824,0.7884,0.9807,0,7.09,0,19.53,0,12.76,0,12.86,18.22,2.65,3.31,4.2,6.12,27,11
sm_WT_F88Y_OFF_T_G17,49,0.824,0.9206,0.9853,0,5.97,0,21.98,0,14.97,0,14.73,19.68,2.02,1.15,3.56,3.72,49,18
sm_WT_F88Y_OFF_T_G17,5,0.849,0.9057,0.9861,0,5.16,0,22.19,0,15.91,0,13.24,19.37,3.39,1.33,3.63,3.39,41,16
sm_WT_F88Y_OFF_T_G17,50,0.8234,0.7888,0.9835,1,4.0,0,17.65,0,6.51,0,9.46,9.79,2.82,2.2,3.39,4.24,45,12
sm_WT_F88Y_OFF_T_G17,51,0.8227,0.9292,0.9861,0,6.38,0,19.4,0,15.41,0,12.25,17.85,1.81,3.24,3.28,6.25,44,19
sm_WT_F88Y_OFF_T_G17,52,0.8224,0.8115,0.9847,1,4.5,0,17.82,0,5.44,0,6.02,9.77,2.44,3.38,4.07,5.02,41,11
sm_WT_F88Y_OFF_T_G17,53,0.8221,0.8535,0.9832,0,9.29,0,11.94,0,36.47,0,36.27,35.21,2.57,1.91,8.48,7.42,27,14
sm_WT_F88Y_OFF_T_G17,54,0.8212,0.8808,0.9825,0,7.74,0,13.48,0,31.9,0,30.86,32.9,1.05,2.37,6.28,5.78,29,14
sm_WT_F88Y_OFF_T_G17,55,0.8207,0.7959,0.9812,0,7.16,0,19.74,0,7.59,0,11.04,12.29,2.96,2.04,3.71,6.55,42,16
sm_WT_F88Y_OFF_T_G17,56,0.8195,0.7468,0.981,0,6.58,0,20.93,0,42.21,0,46.6,44.58,3.41,2.52,4.6,4.9,48,14
sm_WT_F88Y_OFF_T_G17,57,0.8191,0.8272,0.9805,0,6.34,0,15.24,0,6.61,0,7.7,12.66,1.34,3.2,3.68,6.13,42,18
sm_WT_F88Y_OFF_T_G17,58,0.819,0.8901,0.9846,0,5.77,0,18.07,0,7.98,0,10.71,9.63,1.31,2.66,4.56,5.68,46,20
sm_WT_F88Y_OFF_T_G17,59,0.8187,0.9177,0.9882,1,4.57,0,24.73,0,14.61,0,10.4,15.92,1.49,3.25,4.66,2.64,43,16
sm_WT_F88Y_OFF_T_G17,6,0.8478,0.8817,0.9842,0,5.91,0,17.46,0,12.91,0,10.22,16.6,2.24,2.12,3.99,5.1,34,15
sm_WT_F88Y_OFF_T_G17,60,0.8186,0.8328,0.9849,0,8.32,0,20.91,0,11.51,0,15.73,17.58,3.06,2.91,4.36,7.36,30,13
sm_WT_F88Y_OFF_T_G17,61,0.8177,0.7891,0.9822,0,6.43,0,35.35,0,22.6,0,24.97,31.67,2.48,2.11,2.3,7.49,32,11
sm_WT_F88Y_OFF_T_G17,62,0.8171,0.8776,0.9862,0,5.49,0,19.65,0,19.21,0,16.57,22.19,0.82,2.0,2.32,3.76,30,13
sm_WT_F88Y_OFF_T_G17,63,0.8163,0.7803,0.9816,1,4.82,0,19.26,0,6.79,0,6.18,12.65,1.37,2.49,4.44,5.43,27,12
sm_WT_F88Y_OFF_T_G17,64,0.8161,0.7293,0.9824,0,8.6,0,17.9,1,3.28,0,4.85,9.13,2.28,4.24,4.43,6.15,26,10
sm_WT_F88Y_OFF_T_G17,65,0.8153,0.7848,0.984,0,10.09,0,20.81,1,3.22,0,8.76,8.37,3.0,2.39,4.75,6.3,29,11
sm_WT_F88Y_OFF_T_G17,66,0.8152,0.8202,0.9842,0,6.45,0,20.16,0,13.25,0,16.9,21.68,3.11,1.88,5.61,4.59,30,15
sm_WT_F88Y_OFF_T_G17,67,0.8143,0.8144,0.9847,1,4.65,0,16.85,0,10.19,0,13.25,18.07,3.44,2.98,2.41,5.41,40,14
sm_WT_F88Y_OFF_T_G17,68,0.8135,0.8768,0.9863,0,9.45,0,8.59,0,27.11,0,26.24,29.34,4.01,3.55,4.31,7.24,33,14
sm_WT_F88Y_OFF_T_G17,69,0.8129,0.7787,0.9827,0,8.44,0,18.33,1,2.6,0,5.97,8.9,2.64,2.07,3.78,6.15,25,14
sm_WT_F88Y_OFF_T_G17,7,0.8477,0.8695,0.9837,0,5.7,0,18.23,0,8.78,0,8.22,13.73,2.6,3.28,3.54,6.06,32,14
sm_WT_F88Y_OFF_T_G17,70,0.812,0.8745,0.9822,0,7.82,0,20.31,0,13.96,0,17.46,21.09,3.07,1.93,3.41,5.92,23,11
sm_WT_F88Y_OFF_T_G17,71,0.8085,0.7285,0.9789,0,9.01,0,18.37,0,18.65,0,15.61,20.09,1.64,2.64,3.67,8.23,25,12
sm_WT_F88Y_OFF_T_G17,72,0.8079,0.8815,0.9864,1,2.41,0,13.99,1,3.75,0,4.02,9.26,2.83,2.75,3.52,2.89,59,16
sm_WT_F88Y_OFF_T_G17,73,0.8066,0.7948,0.9811,1,4.24,0,33.16,0,13.99,0,13.52,19.26,2.95,2.6,3.2,4.7,37,11
sm_WT_F88Y_OFF_T_G17,74,0.8043,0.8263,0.9831,0,5.71,0,17.66,0,16.51,0,18.75,22.96,1.59,1.88,3.81,5.24,28,12
sm_WT_F88Y_OFF_T_G17,75,0.804,0.7912,0.9812,0,6.64,0,18.33,0,15.1,0,13.73,18.17,3.19,3.42,5.77,6.15,38,14
sm_WT_F88Y_OFF_T_G17,76,0.8031,0.7533,0.9825,0,9.58,0,17.64,1,2.86,0,8.0,11.17,2.21,2.91,2.28,7.56,20,11
sm_WT_F88Y_OFF_T_G17,77,0.8022,0.8352,0.9811,0,6.64,0,15.71,0,20.16,0,17.07,22.31,2.59,1.29,4.2,5.46,37,12
sm_WT_F88Y_OFF_T_G17,78,0.8021,0.7761,0.9825,1,4.14,0,16.71,1,1.5,0,4.61,8.43,2.15,3.21,2.42,4.94,40,13
sm_WT_F88Y_OFF_T_G17,79,0.8018,0.7676,0.9794,0,6.32,0,21.36,0,24.36,0,24.77,28.78,1.46,1.19,4.69,5.5,37,18
sm_WT_F88Y_OFF_T_G17,8,0.8476,0.8384,0.9782,0,6.14,0,16.28,0,6.17,0,6.42,7.51,1.44,2.7,4.93,5.75,36,15
sm_WT_F88Y_OFF_T_G17,80,0.7993,0.8484,0.9838,0,5.05,0,24.35,0,10.81,0,10.11,15.61,1.82,0.76,2.55,4.43,40,15
sm_WT_F88Y_OFF_T_G17,81,0.7964,0.7937,0.9827,0,6.48,0,17.86,0,21.17,0,18.13,22.87,2.98,3.18,6.53,5.8,27,14
sm_WT_F88Y_OFF_T_G17,82,0.795,0.7753,0.9809,1,4.9,0,19.47,0,24.09,0,23.83,30.35,1.48,1.36,3.86,3.41,32,13
sm_WT_F88Y_OFF_T_G17,83,0.7949,0.7607,0.9788,0,6.72,0,19.67,0,8.85,0,6.81,13.68,1.54,3.44,3.3,5.37,40,14
sm_WT_F88Y_OFF_T_G17,84,0.7924,0.7531,0.9806,0,5.6,0,19.25,0,17.7,0,14.39,19.38,1.3,3.88,7.1,5.78,28,13
sm_WT_F88Y_OFF_T_G17,85,0.7919,0.7156,0.9822,0,8.03,0,18.62,1,3.54,0,6.12,11.65,2.95,1.4,3.42,6.98,19,8
sm_WT_F88Y_OFF_T_G17,86,0.7898,0.6446,0.9782,0,5.79,0,19.0,0,23.28,0,19.99,25.78,2.48,2.8,3.66,4.98,31,13
sm_WT_F88Y_OFF_T_G17,87,0.7878,0.7315,0.975,1,1.82,0,16.47,1,3.9,0,6.4,4.56,2.3,2.42,4.76,3.66,54,19
sm_WT_F88Y_OFF_T_G17,88,0.787,0.7907,0.9778,0,5.43,0,18.36,0,11.37,0,16.85,18.29,2.72,1.94,4.09,5.75,45,16
sm_WT_F88Y_OFF_T_G17,89,0.7761,0.7187,0.9773,0,7.69,0,21.88,0,12.58,0,15.33,19.08,3.19,2.56,4.35,5.46,49,19
sm_WT_F88Y_OFF_T_G17,9,0.8471,0.9027,0.9845,0,5.02,0,14.16,0,10.46,0,9.09,14.63,1.71,4.26,5.93,5.43,39,15
sm_WT_F88Y_OFF_T_G17,90,0.7745,0.6798,0.9784,0,6.36,0,17.46,1,3.68,0,10.63,10.58,1.87,3.31,2.55,5.58,49,17
sm_WT_F88Y_OFF_T_G17,91,0.7741,0.7028,0.9783,1,4.26,0,29.42,0,23.8,0,21.14,27.76,3.04,3.04,3.29,5.11,39,10
sm_WT_F88Y_OFF_T_G17,92,0.7692,0.6897,0.9814,0,9.09,0,21.24,0,14.77,0,19.58,21.32,2.59,2.44,4.54,7.71,26,8
sm_WT_F88Y_OFF_T_G17,93,0.7675,0.6346,0.9742,0,6.56,0,17.94,0,11.62,0,9.71,15.89,3.59,3.28,4.5,7.11,32,13
sm_WT_F88Y_OFF_T_G17,94,0.7619,0.6858,0.9754,1,4.73,0,17.26,0,30.18,0,28.03,33.74,2.83,2.12,4.72,5.38,29,15
sm_WT_F88Y_OFF_T_G17,95,0.7592,0.6296,0.9813,0,6.23,0,34.89,1,1.79,0,9.8,11.53,2.73,3.01,2.65,5.68,39,16
sm_WT_F88Y_OFF_T_G17,96,0.7546,0.5575,0.9783,1,3.81,0,17.3,0,17.63,0,13.71,18.29,2.01,3.24,5.53,4.54,33,15
sm_WT_F88Y_OFF_T_G17,97,0.7532,0.652,0.9748,1,2.13,0,16.94,1,4.8,0,6.67,3.78,1.44,3.95,4.89,3.72,48,20
sm_WT_F88Y_OFF_T_G17,98,0.7471,0.5831,0.9724,0,5.61,0,16.89,0,31.5,0,30.35,35.71,1.72,2.22,3.38,5.44,31,12
sm_WT_F88Y_OFF_T_G17,99,0.7311,0.5844,0.9754,0,5.85,0,7.17,0,23.24,0,20.03,24.02,2.61,3.52,5.99,4.84,43,14
w_RD_POS_OFF_T_G17,0,0.8698,0.9088,0.9879,0,5.01,0,8.22,0,7.12,0,2.9,3.36,2.37,2.6,5.09,5.28,51,20
w_RD_POS_OFF_T_G17,1,0.8651,0.9252,0.9889,1,3.25,0,8.54,1,4.79,0,2.19,2.76,2.54,3.11,5.95,2.42,31,16
w_RD_POS_OFF_T_G17,10,0.854,0.9101,0.9888,1,3.57,0,9.13,1,2.93,0,1.57,6.41,2.36,2.18,5.74,6.79,33,17
w_RD_POS_OFF_T_G17,11,0.8538,0.9174,0.9871,0,7.31,0,12.03,1,4.2,0,6.26,2.32,2.97,4.14,5.75,7.35,39,17
w_RD_POS_OFF_T_G17,12,0.8536,0.9047,0.9864,1,4.1,0,15.68,1,3.08,0,2.26,3.17,2.66,3.51,4.41,5.78,36,14
w_RD_POS_OFF_T_G17,13,0.8521,0.9255,0.9876,0,8.44,0,15.87,1,4.71,0,1.6,10.23,1.36,0.62,4.38,8.46,41,17
w_RD_POS_OFF_T_G17,14,0.8516,0.9117,0.9869,0,6.96,0,10.95,1,3.38,0,1.52,3.01,2.69,3.63,3.66,6.12,38,16
w_RD_POS_OFF_T_G17,15,0.8505,0.9338,0.9906,1,4.65,0,13.88,1,4.11,0,4.55,3.94,2.66,2.07,4.37,6.58,45,20
w_RD_POS_OFF_T_G17,16,0.8497,0.9022,0.9871,1,3.27,0,12.7,1,4.1,0,2.07,2.57,2.39,2.48,1.78,5.74,44,16
w_RD_POS_OFF_T_G17,17,0.849,0.9354,0.9908,1,3.24,0,8.47,1,1.55,0,2.9,7.82,2.5,3.97,6.05,2.92,43,15
w_RD_POS_OFF_T_G17,18,0.8469,0.9203,0.988,1,3.15,0,9.84,1,2.64,0,7.75,6.04,2.64,2.49,6.4,4.79,40,17
w_RD_POS_OFF_T_G17,19,0.8453,0.8986,0.9862,0,6.9,0,16.28,1,3.51,0,2.28,4.03,2.94,2.67,4.9,5.37,34,16
w_RD_POS_OFF_T_G17,2,0.8646,0.9351,0.9892,1,1.84,0,16.86,1,2.82,0,1.34,3.31,2.05,4.6,5.92,1.81,37,15
w_RD_POS_OFF_T_G17,20,0.8452,0.8846,0.9808,0,5.6,0,15.5,0,6.52,0,7.84,8.9,1.97,3.25,6.84,6.63,37,15
w_RD_POS_OFF_T_G17,21,0.8451,0.8883,0.9865,0,7.29,0,17.16,1,1.01,0,3.51,4.0,2.85,1.18,3.5,7.55,40,17
w_RD_POS_OFF_T_G17,22,0.844,0.9306,0.9894,1,1.19,0,9.2,1,3.73,0,1.84,3.89,2.43,3.25,7.32,3.13,44,15
w_RD_POS_OFF_T_G17,23,0.8438,0.8988,0.9851,0,13.4,0,16.92,0,29.18,0,26.87,30.18,4.02,1.11,7.47,13.79,23,13
w_RD_POS_OFF_T_G17,24,0.8437,0.9066,0.9879,0,7.25,0,15.4,1,2.65,0,1.92,3.23,3.43,3.54,5.93,6.5,32,17
w_RD_POS_OFF_T_G17,25,0.8436,0.9125,0.9889,1,3.7,0,9.69,1,4.56,0,7.25,11.64,2.17,1.82,5.07,4.67,34,13
w_RD_POS_OFF_T_G17,26,0.8431,0.8849,0.9844,0,6.62,0,11.23,1,3.76,0,4.88,4.38,3.25,4.08,5.87,6.2,29,15
w_RD_POS_OFF_T_G17,27,0.8426,0.9032,0.9885,1,2.52,0,13.87,0,20.86,0,10.42,20.02,3.04,2.28,3.92,1.64,24,12
w_RD_POS_OFF_T_G17,28,0.8409,0.9068,0.9866,0,6.93,0,11.08,1,3.24,0,1.48,2.95,3.63,4.41,4.45,6.99,31,17
w_RD_POS_OFF_T_G17,29,0.8407,0.9008,0.9891,1,3.42,0,9.37,0,7.28,0,7.17,14.52,3.18,1.7,5.11,5.46,28,15
w_RD_POS_OFF_T_G17,3,0.8623,0.9155,0.9883,0,5.64,0,11.11,1,3.66,0,1.46,3.77,3.14,3.41,5.25,6.12,33,14
w_RD_POS_OFF_T_G17,30,0.8405,0.9288,0.991,1,2.29,0,10.39,0,6.0,0,3.26,3.33,1.73,1.24,6.49,2.37,40,18
w_RD_POS_OFF_T_G17,31,0.8401,0.8956,0.9826,0,14.31,0,16.24,0,29.46,0,27.38,30.18,3.47,2.28,5.47,12.41,24,14
w_RD_POS_OFF_T_G17,32,0.8399,0.9116,0.9868,0,7.31,0,14.08,1,2.83,0,1.96,6.33,2.78,2.6,4.91,7.84,33,16
w_RD_POS_OFF_T_G17,33,0.8383,0.912,0.9887,1,1.99,0,15.38,1,3.33,0,1.77,3.88,3.27,3.96,5.3,1.36,35,14
w_RD_POS_OFF_T_G17,34,0.8375,0.9213,0.9876,0,6.76,0,14.18,1,2.71,0,2.08,4.05,6.1,2.98,6.86,4.28,30,16
w_RD_POS_OFF_T_G17,35,0.836,0.8798,0.9816,0,8.73,0,18.4,1,4.24,0,0.73,5.86,4.32,2.96,4.13,4.84,33,17
w_RD_POS_OFF_T_G17,36,0.8358,0.856,0.9845,0,9.74,0,14.51,1,3.96,0,1.35,3.51,4.58,4.9,6.69,6.73,27,15
w_RD_POS_OFF_T_G17,37,0.8351,0.8888,0.9878,1,2.7,0,8.59,1,3.31,0,4.02,4.79,3.4,3.12,4.34,2.66,46,19
w_RD_POS_OFF_T_G17,38,0.8346,0.8832,0.9833,0,7.21,0,13.84,1,3.36,0,3.17,3.45,2.67,2.62,4.02,4.66,32,16
w_RD_POS_OFF_T_G17,39,0.8342,0.8991,0.9856,0,7.82,0,18.12,1,4.68,0,1.83,3.96,4.72,3.59,5.83,6.46,37,18
w_RD_POS_OFF_T_G17,4,0.8602,0.9203,0.99,1,2.68,0,9.15,1,3.09,0,2.15,3.65,3.44,2.09,5.14,2.85,43,15
w_RD_POS_OFF_T_G17,40,0.834,0.8961,0.9837,1,3.69,0,9.38,0,5.09,0,9.24,10.86,0.87,1.47,3.9,5.69,35,14
w_RD_POS_OFF_T_G17,41,0.8332,0.8952,0.9898,1,2.41,0,12.35,0,7.43,0,8.86,8.73,2.64,3.45,5.21,2.62,44,15
w_RD_POS_OFF_T_G17,42,0.8329,0.9087,0.9903,1,2.32,0,11.46,1,2.8,0,1.06,3.1,3.98,3.61,5.69,2.69,45,16
w_RD_POS_OFF_T_G17,43,0.8322,0.8425,0.9837,0,7.25,0,12.58,1,2.91,0,3.03,2.93,4.35,1.59,5.99,6.88,32,17
w_RD_POS_OFF_T_G17,44,0.8321,0.8863,0.99,1,2.24,0,10.5,0,5.91,0,6.57,1.21,3.21,2.26,4.55,3.11,45,17
w_RD_POS_OFF_T_G17,45,0.8313,0.9059,0.9868,1,4.76,0,13.7,0,5.14,0,6.84,2.79,3.02,1.59,5.38,6.06,44,19
w_RD_POS_OFF_T_G17,46,0.8306,0.8959,0.987,0,7.37,0,14.27,1,3.11,0,1.38,3.65,4.02,1.96,6.61,6.21,29,14
w_RD_POS_OFF_T_G17,47,0.8305,0.9065,0.9865,0,5.54,0,13.01,1,2.91,0,2.34,2.98,3.41,2.76,5.94,6.65,36,17
w_RD_POS_OFF_T_G17,48,0.8305,0.9183,0.987,1,2.83,0,9.35,0,5.71,0,9.55,9.29,2.24,1.28,3.18,3.42,38,15
w_RD_POS_OFF_T_G17,49,0.8302,0.8772,0.9852,0,15.41,0,17.53,0,29.9,0,28.38,31.03,6.0,2.8,6.6,13.61,20,10
w_RD_POS_OFF_T_G17,5,0.8595,0.9176,0.9869,0,7.22,0,15.04,1,4.53,0,4.51,2.79,6.35,2.83,5.15,5.82,34,16
w_RD_POS_OFF_T_G17,50,0.8302,0.8664,0.9862,1,2.51,0,15.27,0,5.55,0,12.2,4.07,2.95,2.64,4.51,1.62,49,18
w_RD_POS_OFF_T_G17,51,0.8302,0.8981,0.984,0,8.84,0,13.37,1,3.46,0,2.24,3.34,5.58,2.5,3.44,5.53,32,15
w_RD_POS_OFF_T_G17,52,0.8293,0.9176,0.9853,0,7.41,0,11.61,1,4.1,0,0.88,6.99,5.29,1.81,4.99,6.92,34,17
w_RD_POS_OFF_T_G17,53,0.8289,0.8616,0.9858,1,1.46,0,14.59,0,18.49,0,12.63,19.69,1.53,3.41,4.84,0.8,23,9
w_RD_POS_OFF_T_G17,54,0.8286,0.9175,0.9873,0,12.86,0,13.17,0,31.13,0,28.94,32.28,4.2,2.22,4.09,9.6,21,9
w_RD_POS_OFF_T_G17,55,0.8285,0.9104,0.9874,1,4.14,0,10.36,1,2.98,0,1.76,3.83,1.89,2.31,4.89,5.14,44,19
w_RD_POS_OFF_T_G17,56,0.828,0.894,0.9887,1,2.67,0,11.47,1,2.83,0,1.17,3.94,3.03,1.74,4.0,2.28,48,18
w_RD_POS_OFF_T_G17,57,0.8274,0.8141,0.988,1,4.92,0,15.68,0,43.86,0,35.51,46.65,1.3,0.59,3.25,6.6,22,9
w_RD_POS_OFF_T_G17,58,0.8267,0.8742,0.9844,0,7.34,0,11.68,1,2.97,0,1.78,3.81,4.97,3.72,5.39,5.17,28,18
w_RD_POS_OFF_T_G17,59,0.8262,0.8899,0.9854,0,8.04,0,16.39,1,4.03,0,2.16,3.73,2.29,1.81,4.76,7.67,34,16
w_RD_POS_OFF_T_G17,6,0.8574,0.9128,0.9859,1,1.65,0,18.06,1,3.07,0,1.35,2.91,1.41,4.05,6.57,2.17,33,14
w_RD_POS_OFF_T_G17,60,0.8252,0.8727,0.9885,1,2.34,0,11.69,0,19.01,0,10.13,20.08,2.28,3.13,3.37,0.64,28,9
w_RD_POS_OFF_T_G17,61,0.8247,0.898,0.9853,0,14.78,0,14.18,0,31.13,0,28.93,31.99,6.43,2.28,6.51,12.22,23,11
w_RD_POS_OFF_T_G17,62,0.8236,0.8281,0.9825,0,8.2,0,14.17,1,3.32,0,2.6,3.73,5.7,2.09,5.52,6.82,26,14
w_RD_POS_OFF_T_G17,63,0.8231,0.8859,0.9847,0,5.63,0,10.1,1,2.99,0,2.59,2.68,1.39,2.26,5.68,5.73,33,17
w_RD_POS_OFF_T_G17,64,0.8229,0.8845,0.9849,0,7.46,0,13.78,1,3.81,0,1.71,3.62,5.05,1.46,5.48,5.17,24,16
w_RD_POS_OFF_T_G17,65,0.8227,0.8759,0.9864,0,7.25,0,16.3,1,3.64,0,2.19,3.36,1.99,3.87,6.63,7.23,31,14
w_RD_POS_OFF_T_G17,66,0.8214,0.8852,0.9841,0,6.08,0,13.09,1,2.26,0,1.54,6.48,2.91,4.11,5.81,4.59,34,13
w_RD_POS_OFF_T_G17,67,0.8187,0.9107,0.9853,0,14.51,0,15.05,0,28.87,0,27.49,30.15,8.12,1.26,6.55,11.43,21,9
w_RD_POS_OFF_T_G17,68,0.8186,0.8619,0.9844,0,17.19,0,16.21,0,27.84,0,26.68,30.07,8.71,2.51,8.53,13.71,18,11
w_RD_POS_OFF_T_G17,69,0.8184,0.9047,0.9892,1,2.71,0,12.6,1,4.0,0,2.92,5.49,2.64,1.91,5.74,3.01,44,16
w_RD_POS_OFF_T_G17,7,0.8562,0.9163,0.9906,1,1.94,0,12.76,1,3.21,0,11.15,5.29,2.42,2.36,4.63,2.18,43,19
w_RD_POS_OFF_T_G17,70,0.8177,0.8718,0.982,0,17.85,0,18.96,0,26.98,0,26.11,29.27,7.26,1.26,7.71,16.61,21,11
w_RD_POS_OFF_T_G17,71,0.8173,0.8668,0.982,0,16.21,0,19.55,0,30.64,0,27.84,31.69,8.3,1.62,8.4,15.48,21,13
w_RD_POS_OFF_T_G17,72,0.816,0.8263,0.9859,1,2.84,0,12.15,0,17.57,0,12.0,17.12,2.33,3.52,5.21,2.0,28,13
w_RD_POS_OFF_T_G17,73,0.8156,0.8887,0.9851,1,1.69,0,13.77,1,3.24,0,1.09,3.71,2.73,3.89,4.62,1.54,37,15
w_RD_POS_OFF_T_G17,74,0.8152,0.8723,0.9839,0,17.04,0,15.26,0,29.62,0,28.21,31.56,8.81,2.04,7.13,14.14,20,9
w_RD_POS_OFF_T_G17,75,0.8151,0.8394,0.9864,1,2.1,0,15.03,1,3.16,0,12.63,7.71,2.49,2.26,6.86,2.9,40,13
w_RD_POS_OFF_T_G17,76,0.8151,0.8045,0.9834,1,0.84,0,13.69,1,2.84,0,1.13,3.52,2.16,3.49,6.32,2.96,33,16
w_RD_POS_OFF_T_G17,77,0.815,0.8648,0.988,1,2.5,0,11.78,0,5.4,0,6.44,11.23,3.21,2.4,6.23,3.15,50,18
w_RD_POS_OFF_T_G17,78,0.8125,0.7893,0.9836,1,4.7,0,12.2,0,36.78,0,30.63,38.88,3.37,1.8,3.49,6.76,19,7
w_RD_POS_OFF_T_G17,79,0.8123,0.8775,0.9865,1,3.98,0,8.27,0,5.1,0,10.07,8.57,3.28,1.33,4.82,3.31,37,16
w_RD_POS_OFF_T_G17,8,0.8553,0.8975,0.9859,1,1.7,0,14.7,1,2.12,0,1.29,4.35,1.93,2.17,5.88,1.39,34,16
w_RD_POS_OFF_T_G17,80,0.8099,0.8213,0.9852,1,3.13,0,14.97,0,19.14,0,8.39,19.79,1.49,4.18,3.8,0.88,26,12
w_RD_POS_OFF_T_G17,81,0.8088,0.8322,0.9861,1,1.29,0,11.89,0,19.72,0,12.69,19.35,2.47,3.01,4.34,4.74,26,12
w_RD_POS_OFF_T_G17,82,0.8085,0.8587,0.9827,0,16.83,0,15.62,0,28.16,0,27.17,29.78,7.67,2.04,7.38,14.61,22,13
w_RD_POS_OFF_T_G17,83,0.8071,0.8169,0.9851,0,6.02,0,15.21,0,9.06,0,9.54,15.87,0.91,1.14,3.8,6.87,47,16
w_RD_POS_OFF_T_G17,84,0.807,0.8341,0.98,0,15.48,0,17.74,0,27.63,0,26.95,29.95,9.81,2.88,8.94,12.06,15,12
w_RD_POS_OFF_T_G17,85,0.8046,0.8244,0.9865,1,2.84,0,10.1,1,4.0,0,5.95,2.38,3.11,3.36,6.66,3.01,45,14
w_RD_POS_OFF_T_G17,86,0.7969,0.8142,0.981,0,15.2,0,19.79,0,23.19,0,22.35,25.88,5.1,6.57,7.87,13.41,20,9
w_RD_POS_OFF_T_G17,87,0.7935,0.8041,0.9847,0,7.68,0,15.49,1,3.01,0,1.49,4.42,3.44,5.03,5.92,6.73,30,12
w_RD_POS_OFF_T_G17,88,0.7929,0.8036,0.9847,0,8.03,0,19.58,0,22.26,0,15.19,23.4,1.97,2.56,3.13,7.91,23,11
w_RD_POS_OFF_T_G17,89,0.7909,0.7801,0.9844,1,2.41,0,8.83,1,1.77,0,7.65,5.85,2.55,1.6,5.95,4.52,45,18
w_RD_POS_OFF_T_G17,9,0.8549,0.9104,0.9861,1,3.78,0,8.49,0,5.75,0,3.64,5.94,0.7,1.61,3.9,4.73,33,15
w_RD_POS_OFF_T_G17,90,0.789,0.828,0.986,1,1.25,0,14.81,0,22.01,0,14.61,24.5,0.95,2.7,3.65,4.74,25,10
w_RD_POS_OFF_T_G17,91,0.7888,0.7636,0.9841,1,2.8,0,11.52,0,22.23,0,16.19,22.54,2.03,2.86,3.98,1.39,25,10
w_RD_POS_OFF_T_G17,92,0.788,0.7864,0.9836,1,3.98,0,12.1,0,20.3,0,12.03,19.7,2.67,3.45,4.35,2.74,23,11
w_RD_POS_OFF_T_G17,93,0.7868,0.7584,0.9823,0,6.98,0,15.2,1,3.79,0,13.51,8.48,2.44,2.7,2.95,7.52,37,17
w_RD_POS_OFF_T_G17,94,0.7862,0.6731,0.9858,1,3.46,0,50.29,0,29.96,0,38.24,34.87,2.4,2.61,7.49,2.57,36,11
w_RD_POS_OFF_T_G17,95,0.7852,0.796,0.98,0,5.61,0,11.56,0,5.52,0,1.72,10.27,1.83,3.67,6.32,6.1,39,18
w_RD_POS_OFF_T_G17,96,0.7833,0.7678,0.9845,0,7.12,0,11.01,0,21.35,0,13.14,21.95,3.78,4.55,6.0,6.69,17,13
w_RD_POS_OFF_T_G17,97,0.7791,0.7078,0.9829,1,3.7,0,10.86,1,4.02,0,3.93,3.36,3.07,2.67,4.28,4.43,33,18
w_RD_POS_OFF_T_G17,98,0.7748,0.7256,0.9844,1,2.5,0,12.77,1,4.07,0,13.06,9.23,2.72,6.36,9.15,2.81,44,18
w_RD_POS_OFF_T_G17,99,0.7652,0.6817,0.9815,0,6.38,0,12.75,1,2.71,0,0.94,4.47,2.53,2.65,5.2,6.24,24,15
w_s13_c1_OFF_T_G17,0,0.8603,0.9291,0.99,0,6.35,0,11.45,0,44.23,0,41.11,42.49,5.48,2.04,3.99,7.02,34,14
w_s13_c1_OFF_T_G17,1,0.8602,0.9408,0.992,0,5.71,0,15.59,0,50.63,0,44.09,48.82,5.45,4.81,6.81,6.03,26,11
w_s13_c1_OFF_T_G17,10,0.8466,0.8988,0.9869,0,7.15,0,19.64,0,43.89,0,36.75,42.16,6.61,2.22,3.97,5.51,52,21
w_s13_c1_OFF_T_G17,11,0.8464,0.9075,0.989,1,4.21,0,8.6,0,39.06,0,35.98,36.87,5.67,4.69,3.58,4.78,33,15
w_s13_c1_OFF_T_G17,12,0.8464,0.9068,0.9902,0,11.53,0,23.31,0,31.28,0,36.49,34.64,5.69,6.05,2.06,19.12,24,12
w_s13_c1_OFF_T_G17,13,0.845,0.913,0.9892,0,8.23,0,15.34,0,36.32,0,35.75,35.44,4.62,6.29,5.37,8.31,26,9
w_s13_c1_OFF_T_G17,14,0.8432,0.8992,0.9875,0,7.91,0,17.81,0,36.96,0,39.47,36.46,4.09,3.28,2.82,7.4,29,11
w_s13_c1_OFF_T_G17,15,0.8417,0.9068,0.9875,0,6.08,0,15.08,0,43.91,0,40.39,42.05,5.33,3.55,4.85,5.39,29,12
w_s13_c1_OFF_T_G17,16,0.841,0.8558,0.9883,0,11.59,0,24.65,0,30.01,0,34.17,33.3,8.68,7.29,5.11,18.78,15,7
w_s13_c1_OFF_T_G17,17,0.8409,0.9245,0.9898,1,4.36,0,8.96,0,35.62,0,34.28,34.72,4.67,4.42,3.28,5.93,39,13
w_s13_c1_OFF_T_G17,18,0.8405,0.8757,0.9873,0,6.67,0,10.29,0,42.04,0,38.51,40.09,5.59,2.71,4.91,8.07,27,11
w_s13_c1_OFF_T_G17,19,0.8395,0.9071,0.9878,0,7.9,0,19.4,0,25.54,0,19.8,25.57,4.44,1.87,4.55,7.0,32,10
w_s13_c1_OFF_T_G17,2,0.8569,0.9086,0.9869,0,6.47,0,15.29,0,52.99,0,45.52,51.76,4.88,1.22,7.16,6.6,31,14
w_s13_c1_OFF_T_G17,20,0.8382,0.8866,0.9857,0,7.76,0,15.08,0,36.46,0,34.83,35.11,4.57,5.76,3.55,7.42,28,11
w_s13_c1_OFF_T_G17,21,0.8381,0.8667,0.9868,0,8.05,0,15.97,0,40.86,0,36.24,42.22,3.69,2.95,1.56,6.89,28,10
w_s13_c1_OFF_T_G17,22,0.8372,0.8839,0.9885,1,4.89,0,19.79,0,38.59,0,38.0,41.1,6.04,6.33,11.53,4.26,28,11
w_s13_c1_OFF_T_G17,23,0.8352,0.9202,0.9899,0,6.46,0,8.38,0,31.45,0,31.75,33.89,11.75,5.17,8.85,5.58,23,11
w_s13_c1_OFF_T_G17,24,0.8347,0.857,0.9852,1,2.56,0,14.38,0,43.9,0,40.59,42.18,3.79,4.78,6.44,5.14,27,13
w_s13_c1_OFF_T_G17,25,0.8347,0.8538,0.9873,0,5.58,0,20.55,0,37.46,0,39.94,38.92,4.5,3.95,5.67,5.13,38,14
w_s13_c1_OFF_T_G17,26,0.8342,0.9353,0.9915,0,10.94,0,17.65,0,55.62,0,47.15,54.56,5.88,3.61,2.55,12.07,26,10
w_s13_c1_OFF_T_G17,27,0.8335,0.8725,0.9852,0,5.88,0,13.35,0,40.12,0,38.09,38.79,4.95,3.77,3.97,6.36,32,12
w_s13_c1_OFF_T_G17,28,0.8334,0.9074,0.9878,0,5.5,0,12.5,0,38.44,0,37.18,37.64,7.29,3.9,4.34,6.05,27,10
w_s13_c1_OFF_T_G17,29,0.8326,0.8343,0.9834,0,14.04,0,21.83,0,40.58,0,38.68,42.86,6.46,4.25,2.2,16.56,13,9
w_s13_c1_OFF_T_G17,3,0.856,0.9375,0.991,0,5.86,0,15.13,0,46.7,0,41.47,45.66,4.33,2.94,5.63,5.18,42,15
w_s13_c1_OFF_T_G17,30,0.8319,0.8788,0.9893,1,3.77,0,25.66,0,16.01,0,19.18,20.64,5.07,7.11,10.44,2.55,24,8
w_s13_c1_OFF_T_G17,31,0.83,0.8646,0.984,0,5.94,0,7.24,0,31.8,0,30.89,32.58,10.89,3.83,5.18,5.41,28,12
w_s13_c1_OFF_T_G17,32,0.8297,0.9148,0.9899,1,4.87,0,8.04,0,36.33,0,33.95,35.62,5.39,3.96,4.44,5.92,29,10
w_s13_c1_OFF_T_G17,33,0.8283,0.8029,0.9833,0,5.4,0,12.28,0,39.99,0,36.82,38.66,5.26,4.95,3.36,7.27,30,12
w_s13_c1_OFF_T_G17,34,0.8278,0.9129,0.9867,0,7.51,0,7.57,0,40.31,0,36.36,39.54,6.29,4.48,3.53,6.6,29,14
w_s13_c1_OFF_T_G17,35,0.827,0.8306,0.9828,0,7.85,0,28.62,0,25.83,0,22.1,27.28,4.75,3.82,3.81,6.09,41,14
w_s13_c1_OFF_T_G17,36,0.8261,0.9005,0.9902,0,11.29,0,18.53,0,41.33,0,36.97,43.01,5.0,3.69,6.69,12.89,18,11
w_s13_c1_OFF_T_G17,37,0.8259,0.8868,0.9883,0,6.75,0,12.39,0,42.35,0,35.28,41.45,3.55,3.15,5.55,6.75,29,14
w_s13_c1_OFF_T_G17,38,0.8248,0.8859,0.9885,0,10.61,0,16.59,0,30.37,0,34.13,33.56,6.45,2.95,4.56,13.05,20,12
w_s13_c1_OFF_T_G17,39,0.8242,0.8782,0.9864,1,4.98,0,13.8,0,43.96,0,40.17,41.95,5.47,2.22,4.34,7.25,26,12
w_s13_c1_OFF_T_G17,4,0.8557,0.9433,0.9886,1,4.19,0,17.49,1,3.42,0,4.25,6.93,3.97,2.62,1.74,3.92,50,16
w_s13_c1_OFF_T_G17,40,0.8237,0.8683,0.9867,0,7.47,0,14.28,1,3.44,0,9.95,8.47,5.09,4.23,4.73,7.41,32,13
w_s13_c1_OFF_T_G17,41,0.8232,0.9147,0.9902,0,7.04,0,5.9,0,34.89,0,34.11,34.82,7.51,4.53,2.31,7.67,28,10
w_s13_c1_OFF_T_G17,42,0.823,0.928,0.9928,0,6.31,0,16.1,0,41.88,0,39.78,41.82,6.21,6.28,6.58,6.05,24,10
w_s13_c1_OFF_T_G17,43,0.8223,0.82,0.9883,0,7.84,0,23.81,0,38.02,0,37.84,41.53,3.37,3.83,1.97,5.74,41,14
w_s13_c1_OFF_T_G17,44,0.8218,0.8284,0.9856,0,8.94,0,23.03,0,35.26,0,37.57,38.82,6.94,5.9,7.83,18.99,15,8
w_s13_c1_OFF_T_G17,45,0.8217,0.9187,0.988,0,7.91,0,15.03,0,19.29,0,10.91,18.46,8.36,3.75,3.76,6.9,24,9
w_s13_c1_OFF_T_G17,46,0.8214,0.8195,0.9888,0,9.38,0,27.58,0,38.64,0,39.83,42.1,3.57,2.49,4.3,7.2,35,13
w_s13_c1_OFF_T_G17,47,0.821,0.8781,0.9872,0,5.74,0,18.95,0,36.02,0,33.95,33.44,4.79,5.28,9.28,4.03,35,15
w_s13_c1_OFF_T_G17,48,0.8208,0.8485,0.9866,1,3.9,0,13.62,0,39.76,0,37.04,37.88,3.43,4.28,2.58,7.59,28,9
w_s13_c1_OFF_T_G17,49,0.8205,0.8833,0.9858,1,2.14,0,20.27,0,39.31,0,33.85,38.35,4.05,5.56,2.93,3.14,52,19
w_s13_c1_OFF_T_G17,5,0.8548,0.9347,0.9903,0,6.11,0,14.78,0,48.87,0,43.1,47.22,5.0,4.5,6.36,7.59,24,11
w_s13_c1_OFF_T_G17,50,0.8201,0.905,0.9882,0,7.46,0,15.07,0,8.51,0,7.21,11.89,4.08,3.94,3.86,8.42,22,10
w_s13_c1_OFF_T_G17,51,0.8191,0.8071,0.9864,0,6.83,0,23.42,0,31.27,0,35.12,34.07,3.05,4.15,2.32,5.77,42,12
w_s13_c1_OFF_T_G17,52,0.8186,0.8779,0.9846,1,4.12,0,15.02,0,45.55,0,37.69,44.69,4.0,3.63,6.63,5.75,37,14
w_s13_c1_OFF_T_G17,53,0.8183,0.8958,0.9851,0,5.4,0,9.99,0,26.61,0,25.61,30.05,4.02,3.23,4.34,4.75,29,12
w_s13_c1_OFF_T_G17,54,0.818,0.8876,0.9882,0,5.07,0,13.41,0,37.08,0,34.3,36.7,8.28,4.38,3.42,5.08,22,12
w_s13_c1_OFF_T_G17,55,0.8178,0.8666,0.9859,1,4.92,0,22.26,0,41.26,0,34.99,39.32,5.65,3.13,3.87,5.57,47,19
w_s13_c1_OFF_T_G17,56,0.8166,0.8208,0.9868,1,4.66,0,22.71,0,29.82,0,31.92,33.08,2.75,3.8,3.14,5.23,48,15
w_s13_c1_OFF_T_G17,57,0.8164,0.8734,0.9868,1,4.41,0,18.84,0,39.97,0,38.29,42.12,5.9,6.08,11.99,3.39,26,9
w_s13_c1_OFF_T_G17,58,0.8148,0.8751,0.9884,1,4.61,0,10.8,0,38.52,0,35.52,37.08,4.95,3.68,3.38,4.3,20,7
w_s13_c1_OFF_T_G17,59,0.8142,0.8706,0.9874,1,4.38,0,13.12,0,9.62,0,15.72,16.03,4.32,4.17,0.89,5.0,49,16
w_s13_c1_OFF_T_G17,6,0.8535,0.9174,0.9895,0,5.97,0,16.36,0,55.93,0,49.33,55.52,5.64,2.96,6.24,4.83,34,14
w_s13_c1_OFF_T_G17,60,0.8139,0.8155,0.9863,0,9.66,0,10.88,0,33.19,0,33.03,35.92,10.64,4.31,11.2,8.05,26,6
w_s13_c1_OFF_T_G17,61,0.8138,0.8347,0.9873,0,5.15,0,13.43,0,34.22,0,32.41,34.27,5.56,6.81,10.68,6.22,38,18
w_s13_c1_OFF_T_G17,62,0.8133,0.8292,0.9821,0,5.48,0,25.8,0,11.64,0,16.9,16.6,7.49,4.68,11.14,6.27,20,8
w_s13_c1_OFF_T_G17,63,0.8133,0.8171,0.9817,0,5.12,0,12.27,0,38.26,0,35.57,37.48,6.58,3.35,3.32,5.86,26,12
w_s13_c1_OFF_T_G17,64,0.8126,0.8914,0.9886,0,6.05,0,12.84,0,11.68,0,5.85,12.27,7.21,4.31,2.99,5.93,23,12
w_s13_c1_OFF_T_G17,65,0.8115,0.8336,0.9847,1,4.33,0,8.88,0,36.87,0,33.5,35.73,6.11,4.47,3.97,6.15,25,9
w_s13_c1_OFF_T_G17,66,0.8115,0.9132,0.991,0,5.89,0,25.29,0,26.21,0,15.71,23.26,6.06,6.59,10.64,4.5,20,9
w_s13_c1_OFF_T_G17,67,0.8086,0.8295,0.9869,1,3.8,0,14.63,0,20.63,0,21.45,25.06,2.65,1.87,2.03,3.38,35,14
w_s13_c1_OFF_T_G17,68,0.8081,0.8543,0.9875,0,5.1,0,12.9,0,37.95,0,36.09,37.03,3.6,5.66,3.05,7.03,18,9
w_s13_c1_OFF_T_G17,69,0.8074,0.8504,0.9839,0,8.1,0,15.21,0,38.1,0,35.46,36.58,4.31,4.66,3.57,6.06,30,10
w_s13_c1_OFF_T_G17,7,0.851,0.9145,0.9889,1,4.32,0,14.57,0,9.1,0,12.0,12.51,5.02,3.72,3.06,3.08,34,15
w_s13_c1_OFF_T_G17,70,0.807,0.8053,0.9837,0,7.72,0,16.52,0,39.42,0,35.03,41.6,3.09,1.82,5.97,10.78,17,7
w_s13_c1_OFF_T_G17,71,0.8026,0.8329,0.9806,0,5.6,0,14.8,0,25.63,0,21.99,27.16,2.85,4.49,1.62,6.7,44,15
w_s13_c1_OFF_T_G17,72,0.8019,0.899,0.989,0,7.72,0,12.75,0,15.04,0,8.7,15.77,6.97,4.27,2.77,7.9,26,11
w_s13_c1_OFF_T_G17,73,0.8007,0.8449,0.9878,0,5.07,0,13.01,0,39.82,0,37.53,39.57,6.51,5.58,4.69,5.48,16,9
w_s13_c1_OFF_T_G17,74,0.7999,0.9109,0.9877,0,7.32,0,16.18,0,22.83,0,14.64,20.92,5.83,4.87,3.11,6.52,22,10
w_s13_c1_OFF_T_G17,75,0.7994,0.8243,0.9826,0,7.05,0,13.49,0,39.82,0,36.85,38.75,5.64,3.47,4.37,7.69,20,8
w_s13_c1_OFF_T_G17,76,0.7994,0.8039,0.9843,0,11.24,0,17.97,0,43.93,0,38.92,44.84,4.34,4.34,5.97,12.87,18,8
w_s13_c1_OFF_T_G17,77,0.7988,0.8506,0.9883,0,5.65,0,12.57,0,5.23,0,8.26,8.69,3.68,3.32,2.8,6.03,39,15
w_s13_c1_OFF_T_G17,78,0.7984,0.8479,0.9865,0,6.82,0,8.52,0,34.12,0,32.53,33.97,7.82,3.57,3.38,7.85,32,12
w_s13_c1_OFF_T_G17,79,0.7981,0.8505,0.9858,0,5.93,0,9.37,1,3.38,0,4.48,6.39,5.79,3.4,4.28,6.12,38,18
w_s13_c1_OFF_T_G17,8,0.8504,0.8708,0.9877,0,7.71,0,16.45,0,37.44,0,34.22,38.76,2.9,4.56,1.32,6.66,28,10
w_s13_c1_OFF_T_G17,80,0.797,0.8013,0.9858,0,15.32,0,16.64,0,32.93,0,25.87,32.77,6.53,4.09,5.69,15.2,8,8
w_s13_c1_OFF_T_G17,81,0.7955,0.8684,0.9861,0,7.34,0,13.68,0,13.62,0,6.49,13.95,7.86,2.8,3.43,8.05,23,11
w_s13_c1_OFF_T_G17,82,0.7947,0.836,0.9851,0,7.27,0,14.81,0,19.43,0,12.27,17.74,6.99,4.0,2.13,6.84,23,7
w_s13_c1_OFF_T_G17,83,0.7936,0.7944,0.9851,0,10.71,0,20.96,0,60.29,0,56.39,58.67,9.03,5.2,3.59,19.2,16,8
w_s13_c1_OFF_T_G17,84,0.793,0.8545,0.9844,0,6.34,0,16.63,0,17.95,0,10.62,17.52,6.87,4.52,3.47,4.93,30,12
w_s13_c1_OFF_T_G17,85,0.791,0.8219,0.9851,0,7.28,0,13.04,0,16.9,0,10.64,16.14,5.91,4.49,2.52,8.53,20,12
w_s13_c1_OFF_T_G17,86,0.7899,0.8403,0.9859,0,7.53,0,13.44,0,19.69,0,12.07,20.84,6.27,4.92,2.47,7.39,21,10
w_s13_c1_OFF_T_G17,87,0.7895,0.7427,0.9784,1,2.36,0,11.23,0,42.9,0,37.57,41.02,5.91,2.34,6.71,3.66,35,15
w_s13_c1_OFF_T_G17,88,0.7889,0.8697,0.9845,0,7.85,0,15.89,0,18.31,0,11.09,18.25,4.38,4.95,3.91,6.73,28,13
w_s13_c1_OFF_T_G17,89,0.7883,0.7622,0.9829,1,2.53,0,11.06,0,38.52,0,35.59,37.77,5.42,3.88,4.6,5.56,22,10
w_s13_c1_OFF_T_G17,9,0.8486,0.9096,0.9887,0,9.78,0,12.26,0,32.81,0,31.21,34.43,11.24,3.57,7.27,7.76,23,10
w_s13_c1_OFF_T_G17,90,0.7875,0.8412,0.9812,1,4.32,0,20.83,0,43.52,0,37.47,42.83,2.82,2.56,6.7,4.96,45,17
w_s13_c1_OFF_T_G17,91,0.787,0.8422,0.9892,0,7.75,0,11.94,0,17.46,0,9.45,16.74,8.38,4.16,4.01,7.87,16,8
w_s13_c1_OFF_T_G17,92,0.786,0.7684,0.9829,0,6.92,0,11.32,0,34.24,0,31.12,33.28,8.25,6.0,8.03,6.75,33,15
w_s13_c1_OFF_T_G17,93,0.784,0.7802,0.984,1,3.02,0,10.44,1,1.0,0,10.67,7.43,3.86,3.42,2.44,2.74,51,15
w_s13_c1_OFF_T_G17,94,0.7839,0.7944,0.9825,0,8.03,0,15.4,0,18.92,0,11.53,19.17,8.45,4.35,3.73,8.6,20,8
w_s13_c1_OFF_T_G17,95,0.783,0.7501,0.9838,0,6.25,0,16.41,0,42.94,0,35.75,41.14,6.33,3.35,9.81,5.01,44,18
w_s13_c1_OFF_T_G17,96,0.7771,0.7778,0.9841,0,7.3,0,16.96,0,17.3,0,6.46,14.16,8.51,5.54,6.15,7.45,20,12
w_s13_c1_OFF_T_G17,97,0.7682,0.7623,0.9861,0,7.37,0,11.88,0,17.91,0,9.8,16.96,8.39,4.43,4.49,7.29,20,10
w_s13_c1_OFF_T_G17,98,0.7528,0.5955,0.9773,0,10.75,0,21.58,0,35.65,0,36.51,40.01,4.91,4.77,2.65,19.64,23,9
w_s13_c1_OFF_T_G17,99,0.7418,0.5668,0.9779,0,10.04,0,20.85,0,35.62,0,38.57,37.53,7.52,5.03,4.41,18.39,18,9
d_F88F_M255A_Y217Y_S1_G17,0,0.8647,0.9067,0.9916,0,5.61,0,11.33,0,15.45,0,8.75,16.7,2.46,2.69,6.68,4.91,44,14
d_F88F_M255A_Y217Y_S1_G17,1,0.8629,0.8987,0.9903,1,4.07,0,10.42,0,14.46,0,7.53,15.72,3.3,2.46,4.5,6.12,43,13
d_F88F_M255A_Y217Y_S1_G17,10,0.849,0.8077,0.9875,1,4.19,0,13.95,0,14.46,0,7.9,16.06,2.52,3.1,3.62,4.91,39,11
d_F88F_M255A_Y217Y_S1_G17,11,0.8489,0.9172,0.9915,0,5.26,0,16.92,0,16.5,0,6.72,15.58,3.86,5.09,6.65,5.55,40,12
d_F88F_M255A_Y217Y_S1_G17,12,0.8481,0.9177,0.9909,1,4.18,0,17.94,0,17.06,0,8.07,16.09,2.67,2.39,4.87,6.34,42,14
d_F88F_M255A_Y217Y_S1_G17,13,0.848,0.8881,0.9898,0,5.59,0,12.26,0,23.68,0,14.75,21.53,4.78,2.3,5.16,5.46,37,14
d_F88F_M255A_Y217Y_S1_G17,14,0.8471,0.8535,0.9881,1,3.98,0,12.04,0,13.81,0,6.69,14.94,3.28,4.29,3.47,6.08,42,15
d_F88F_M255A_Y217Y_S1_G17,15,0.8464,0.9244,0.9914,0,6.14,0,16.26,0,16.59,0,8.4,16.14,3.34,4.18,3.46,6.06,38,17
d_F88F_M255A_Y217Y_S1_G17,16,0.8461,0.8639,0.9886,1,4.46,0,12.32,0,22.4,0,14.74,22.9,4.11,4.6,1.68,3.58,44,14
d_F88F_M255A_Y217Y_S1_G17,17,0.8458,0.9331,0.9917,0,5.59,0,18.6,0,16.1,0,8.53,15.89,2.25,2.08,4.46,6.72,42,13
d_F88F_M255A_Y217Y_S1_G17,18,0.8453,0.866,0.9913,1,0.88,0,21.54,0,28.68,0,20.79,28.89,5.03,7.95,7.21,2.62,47,14
d_F88F_M255A_Y217Y_S1_G17,19,0.8451,0.8594,0.9914,1,1.52,0,9.68,0,24.42,0,20.02,27.76,4.86,2.8,3.34,3.05,36,13
d_F88F_M255A_Y217Y_S1_G17,2,0.862,0.9285,0.9914,1,2.63,0,20.07,0,29.33,0,19.66,28.98,5.49,5.24,11.06,2.95,30,11
d_F88F_M255A_Y217Y_S1_G17,20,0.8447,0.9411,0.9926,0,5.71,0,18.25,0,15.6,0,6.34,15.24,3.68,3.76,2.6,5.99,47,16
d_F88F_M255A_Y217Y_S1_G17,21,0.8437,0.8792,0.9881,1,4.82,0,12.48,0,14.24,0,7.61,15.75,4.63,3.1,2.23,5.74,46,16
d_F88F_M255A_Y217Y_S1_G17,22,0.8437,0.8939,0.9926,0,5.65,0,14.97,0,13.45,0,8.16,15.53,4.58,4.21,1.12,5.82,31,9
d_F88F_M255A_Y217Y_S1_G17,23,0.843,0.8908,0.9925,0,6.32,1,3.25,1,2.57,1,4.33,8.31,1.88,3.97,1.28,6.46,45,12
d_F88F_M255A_Y217Y_S1_G17,24,0.8422,0.9118,0.9897,1,3.29,0,17.62,0,20.0,0,10.08,18.68,4.47,5.27,7.31,3.49,48,17
d_F88F_M255A_Y217Y_S1_G17,25,0.842,0.816,0.9886,1,4.38,0,17.15,0,12.27,0,6.54,14.31,3.11,2.93,4.26,4.72,38,13
d_F88F_M255A_Y217Y_S1_G17,26,0.8417,0.9525,0.9919,1,4.96,0,15.27,1,2.07,0,3.0,6.81,5.0,3.97,4.36,3.21,48,19
d_F88F_M255A_Y217Y_S1_G17,27,0.8409,0.8492,0.9895,0,5.48,0,10.82,0,15.53,0,6.79,15.02,5.42,4.91,1.99,6.17,33,12
d_F88F_M255A_Y217Y_S1_G17,28,0.8405,0.868,0.9884,1,4.32,0,12.78,0,14.46,0,6.77,14.8,2.9,2.48,2.26,6.17,51,14
d_F88F_M255A_Y217Y_S1_G17,29,0.8403,0.9089,0.9896,1,2.94,0,18.19,0,31.71,0,24.04,32.23,3.38,4.36,7.04,2.79,45,18
d_F88F_M255A_Y217Y_S1_G17,3,0.8617,0.8569,0.9919,0,5.87,0,13.65,0,15.74,0,6.77,14.47,2.69,1.74,1.66,6.41,44,13
d_F88F_M255A_Y217Y_S1_G17,30,0.8387,0.8262,0.9881,1,4.55,0,12.04,0,14.01,0,6.93,15.17,4.19,4.08,3.34,5.69,28,11
d_F88F_M255A_Y217Y_S1_G17,31,0.8375,0.8487,0.991,0,5.93,0,14.75,0,16.75,0,6.57,14.98,3.25,3.59,2.69,6.56,34,9
d_F88F_M255A_Y217Y_S1_G17,32,0.8375,0.8378,0.9876,1,3.63,0,12.49,0,15.94,0,6.48,14.64,4.11,3.61,3.24,5.55,33,9
d_F88F_M255A_Y217Y_S1_G17,33,0.8375,0.85,0.9916,1,5.0,0,18.84,0,16.26,0,7.82,15.84,2.74,1.52,4.56,5.76,33,10
d_F88F_M255A_Y217Y_S1_G17,34,0.837,0.9333,0.9915,1,4.97,0,14.62,0,15.17,0,7.01,15.88,4.63,1.42,2.78,5.06,33,17
d_F88F_M255A_Y217Y_S1_G17,35,0.837,0.8514,0.9902,1,2.49,0,11.58,0,28.58,0,20.04,28.36,5.94,3.84,5.04,2.53,28,11
d_F88F_M255A_Y217Y_S1_G17,36,0.8354,0.8185,0.9877,1,4.1,0,13.71,0,15.46,0,6.92,15.54,4.65,3.23,4.54,3.19,33,10
d_F88F_M255A_Y217Y_S1_G17,37,0.8353,0.8557,0.9903,0,6.01,0,17.7,0,16.3,0,6.82,14.98,5.29,4.01,2.81,5.73,34,9
d_F88F_M255A_Y217Y_S1_G17,38,0.8348,0.8225,0.9879,0,5.02,0,12.7,0,24.48,0,14.8,22.83,3.35,3.16,3.26,5.64,41,14
d_F88F_M255A_Y217Y_S1_G17,39,0.8329,0.7911,0.9875,1,2.73,1,3.36,1,1.76,1,2.34,6.67,2.72,4.1,2.68,4.16,48,14
d_F88F_M255A_Y217Y_S1_G17,4,0.8605,0.8887,0.9922,0,5.96,0,13.6,0,24.57,0,15.0,23.21,2.21,2.53,2.95,5.89,38,12
d_F88F_M255A_Y217Y_S1_G17,40,0.8327,0.8606,0.9909,0,6.37,1,4.22,1,3.52,1,3.91,6.85,1.21,3.54,1.68,6.62,44,11
d_F88F_M255A_Y217Y_S1_G17,41,0.8313,0.939,0.9896,1,4.31,0,15.18,1,2.99,0,3.58,7.34,3.68,3.96,7.02,3.98,48,18
d_F88F_M255A_Y217Y_S1_G17,42,0.8311,0.8203,0.9889,0,6.19,1,4.01,1,3.42,1,3.56,7.2,4.12,3.64,3.25,6.08,39,12
d_F88F_M255A_Y217Y_S1_G17,43,0.8307,0.8649,0.9907,1,1.79,0,20.14,0,32.95,0,24.85,32.89,5.4,3.84,10.2,2.67,45,13
d_F88F_M255A_Y217Y_S1_G17,44,0.8305,0.833,0.9906,0,5.92,0,13.39,0,13.37,0,5.99,14.44,5.22,2.18,2.59,6.25,31,11
d_F88F_M255A_Y217Y_S1_G17,45,0.83,0.807,0.9872,0,5.98,0,14.66,0,12.94,0,5.26,13.86,4.04,4.24,1.21,6.44,36,9
d_F88F_M255A_Y217Y_S1_G17,46,0.8291,0.8909,0.9915,0,6.24,0,21.1,0,14.86,0,7.42,15.68,3.39,5.91,6.45,6.06,40,13
d_F88F_M255A_Y217Y_S1_G17,47,0.828,0.8494,0.9901,1,5.0,0,17.56,0,12.81,0,6.08,14.51,3.6,3.98,6.17,3.78,34,14
d_F88F_M255A_Y217Y_S1_G17,48,0.828,0.7939,0.9866,1,2.01,0,10.89,0,12.63,0,4.83,13.59,4.83,3.2,3.67,2.32,38,12
d_F88F_M255A_Y217Y_S1_G17,49,0.8274,0.8326,0.9905,0,5.65,0,10.92,0,10.29,0,3.82,12.72,4.77,3.59,2.53,5.75,29,8
d_F88F_M255A_Y217Y_S1_G17,5,0.8575,0.9278,0.9905,0,5.11,0,16.76,0,15.54,0,8.45,15.81,4.54,4.75,6.25,4.91,41,20
d_F88F_M255A_Y217Y_S1_G17,50,0.8273,0.8692,0.9921,0,5.97,1,4.07,1,3.0,1,3.71,5.42,1.92,4.62,4.83,6.21,44,12
d_F88F_M255A_Y217Y_S1_G17,51,0.8271,0.8286,0.9896,1,3.7,0,8.0,0,13.54,0,5.34,13.55,2.09,6.09,8.13,5.51,44,13
d_F88F_M255A_Y217Y_S1_G17,52,0.8271,0.8296,0.9903,0,6.79,1,3.88,1,3.22,1,3.23,7.85,1.9,3.93,3.69,7.25,36,13
d_F88F_M255A_Y217Y_S1_G17,53,0.8266,0.8787,0.99,0,6.1,0,20.19,0,13.94,0,8.72,17.04,4.28,2.78,5.34,6.39,39,14
d_F88F_M255A_Y217Y_S1_G17,54,0.8258,0.8847,0.99,0,5.54,0,17.19,0,14.35,0,7.5,15.99,3.86,5.21,4.42,5.93,40,16
d_F88F_M255A_Y217Y_S1_G17,55,0.8258,0.8071,0.9876,0,6.36,1,3.12,1,3.58,1,3.91,4.81,3.5,1.72,2.23,5.92,50,14
d_F88F_M255A_Y217Y_S1_G17,56,0.8255,0.8154,0.9888,1,4.48,0,12.64,0,15.34,0,7.23,15.05,3.86,2.15,5.88,3.81,39,8
d_F88F_M255A_Y217Y_S1_G17,57,0.8253,0.7891,0.9861,1,4.24,0,12.43,0,20.78,0,12.1,20.06,4.94,3.8,3.2,4.68,38,11
d_F88F_M255A_Y217Y_S1_G17,58,0.8244,0.8595,0.9866,0,5.92,0,24.06,0,24.31,0,15.17,22.2,4.55,5.02,6.59,5.83,37,13
d_F88F_M255A_Y217Y_S1_G17,59,0.8235,0.8103,0.9869,0,6.18,1,3.79,1,2.68,1,3.93,7.93,1.67,2.84,4.77,6.79,40,12
d_F88F_M255A_Y217Y_S1_G17,6,0.8535,0.8752,0.9914,1,1.56,0,20.95,0,29.39,0,20.87,28.89,5.11,5.78,11.43,2.86,39,12
d_F88F_M255A_Y217Y_S1_G17,60,0.8231,0.8031,0.9862,0,5.42,0,16.96,0,16.68,0,7.67,16.4,3.75,2.89,3.39,5.31,34,11
d_F88F_M255A_Y217Y_S1_G17,61,0.8231,0.7621,0.9841,1,3.48,0,12.89,0,14.32,0,6.38,14.45,4.15,3.02,4.44,5.38,48,11
d_F88F_M255A_Y217Y_S1_G17,62,0.823,0.911,0.9911,0,5.52,0,16.86,0,17.29,0,8.19,16.88,4.33,3.8,4.07,6.43,44,11
d_F88F_M255A_Y217Y_S1_G17,63,0.823,0.8607,0.9893,1,2.28,0,19.17,0,30.89,0,25.51,33.78,4.94,3.99,5.09,2.1,47,16
d_F88F_M255A_Y217Y_S1_G17,64,0.8227,0.8503,0.9862,1,4.45,0,17.36,0,13.83,0,7.8,16.31,4.59,2.19,4.17,4.28,40,13
d_F88F_M255A_Y217Y_S1_G17,65,0.8221,0.924,0.9906,1,3.85,0,14.28,1,1.7,0,2.19,6.71,4.86,4.06,4.13,3.0,48,18
d_F88F_M255A_Y217Y_S1_G17,66,0.8211,0.8348,0.9896,1,2.12,0,18.32,0,31.74,0,24.17,32.29,5.66,6.93,10.25,2.39,38,13
d_F88F_M255A_Y217Y_S1_G17,67,0.8208,0.7836,0.9836,1,4.57,0,11.96,0,17.09,0,7.36,15.28,3.53,2.55,4.67,6.22,39,13
d_F88F_M255A_Y217Y_S1_G17,68,0.82,0.8243,0.9887,1,3.3,1,3.56,1,2.82,1,3.39,8.42,2.14,2.02,2.56,6.47,47,13
d_F88F_M255A_Y217Y_S1_G17,69,0.8194,0.7811,0.9858,0,5.94,0,11.37,0,13.93,0,5.15,14.07,3.58,4.08,4.63,6.56,30,9
d_F88F_M255A_Y217Y_S1_G17,7,0.8527,0.8848,0.9888,0,5.53,0,12.99,0,25.4,0,15.9,23.44,2.55,2.97,3.95,6.07,37,13
d_F88F_M255A_Y217Y_S1_G17,70,0.8194,0.8588,0.9879,1,3.57,0,12.55,0,9.82,0,3.37,12.33,3.6,1.55,4.81,4.53,48,14
d_F88F_M255A_Y217Y_S1_G17,71,0.8188,0.8891,0.9908,1,3.23,0,20.63,0,18.64,0,14.16,20.78,3.61,1.54,1.13,2.35,34,13
d_F88F_M255A_Y217Y_S1_G17,72,0.8188,0.7794,0.9853,1,2.03,1,3.34,1,2.55,1,2.85,7.58,2.18,2.7,2.6,3.88,44,12
d_F88F_M255A_Y217Y_S1_G17,73,0.8185,0.8007,0.9881,1,2.5,1,3.57,1,3.02,1,3.58,7.29,3.54,4.18,1.97,6.4,40,13
d_F88F_M255A_Y217Y_S1_G17,74,0.8183,0.8284,0.9889,0,6.42,1,3.92,1,2.07,1,4.92,6.79,1.6,3.58,2.52,6.37,38,11
d_F88F_M255A_Y217Y_S1_G17,75,0.8178,0.8208,0.9872,1,2.79,1,3.0,1,3.94,1,4.05,7.11,3.38,3.89,4.4,4.61,42,12
d_F88F_M255A_Y217Y_S1_G17,76,0.8174,0.809,0.9864,1,3.61,1,3.53,1,3.58,1,4.71,6.85,2.36,3.41,1.82,6.33,43,14
d_F88F_M255A_Y217Y_S1_G17,77,0.8173,0.8468,0.9899,1,2.69,1,4.02,1,0.92,1,3.18,6.64,3.66,1.91,3.43,1.71,44,14
d_F88F_M255A_Y217Y_S1_G17,78,0.8159,0.8233,0.9902,0,6.33,0,13.42,0,8.86,0,4.9,13.7,6.74,2.88,6.01,6.2,29,10
d_F88F_M255A_Y217Y_S1_G17,79,0.8153,0.7314,0.9864,1,3.44,0,13.06,0,23.81,0,15.22,22.86,3.11,3.53,3.23,3.11,41,11
d_F88F_M255A_Y217Y_S1_G17,8,0.8518,0.8724,0.9915,0,6.13,0,12.17,0,14.59,0,8.51,17.24,2.6,2.58,5.86,7.11,35,12
d_F88F_M255A_Y217Y_S1_G17,80,0.8151,0.7936,0.9865,1,3.89,1,3.34,1,2.48,1,2.29,7.65,4.31,4.65,3.99,6.17,38,15
d_F88F_M255A_Y217Y_S1_G17,81,0.8142,0.8106,0.9863,0,5.98,0,11.99,0,21.43,0,15.31,22.41,6.38,3.52,2.75,4.74,44,13
d_F88F_M255A_Y217Y_S1_G17,82,0.811,0.7644,0.9877,0,6.85,0,17.58,0,8.5,0,3.58,11.9,8.16,4.74,4.42,6.84,25,12
d_F88F_M255A_Y217Y_S1_G17,83,0.81,0.7539,0.9859,1,3.96,0,14.73,0,15.78,0,8.64,17.08,4.88,3.19,4.64,3.13,36,11
d_F88F_M255A_Y217Y_S1_G17,84,0.8082,0.7938,0.9867,0,5.38,1,3.35,1,1.38,1,1.83,6.53,2.65,4.92,2.08,6.85,38,13
d_F88F_M255A_Y217Y_S1_G17,85,0.8074,0.7772,0.9891,1,3.42,0,15.03,0,18.89,0,10.75,18.8,5.49,4.17,5.49,2.77,28,8
d_F88F_M255A_Y217Y_S1_G17,86,0.8068,0.7926,0.9886,0,5.21,0,16.58,0,16.15,0,7.16,15.21,3.11,5.54,4.01,5.41,38,13
d_F88F_M255A_Y217Y_S1_G17,87,0.8062,0.8629,0.9875,0,6.2,0,20.45,0,21.76,0,12.0,19.95,4.37,2.02,6.29,5.54,34,14
d_F88F_M255A_Y217Y_S1_G17,88,0.8054,0.7349,0.989,1,1.83,0,13.62,0,17.59,0,11.91,19.69,4.55,3.59,3.19,2.49,29,10
d_F88F_M255A_Y217Y_S1_G17,89,0.8036,0.8048,0.9854,0,6.21,0,17.05,0,14.88,0,6.77,14.84,4.65,1.82,3.49,6.56,50,15
d_F88F_M255A_Y217Y_S1_G17,9,0.849,0.8686,0.9859,0,5.9,0,12.09,0,21.19,0,13.86,20.99,6.19,3.24,1.87,5.53,37,15
d_F88F_M255A_Y217Y_S1_G17,90,0.8022,0.7544,0.9857,0,5.34,0,14.38,0,16.31,0,8.05,16.9,4.34,1.54,5.22,5.5,38,11
d_F88F_M255A_Y217Y_S1_G17,91,0.8016,0.8064,0.9854,0,5.18,0,16.78,0,16.81,0,7.98,16.14,3.87,4.51,3.31,5.15,41,16
d_F88F_M255A_Y217Y_S1_G17,92,0.8014,0.7731,0.9868,1,3.19,1,2.87,1,3.7,1,3.68,7.46,2.7,1.75,4.25,4.47,46,14
d_F88F_M255A_Y217Y_S1_G17,93,0.7984,0.7335,0.9847,1,4.59,0,11.8,0,21.02,0,13.75,21.71,3.53,2.83,3.98,4.2,42,13
d_F88F_M255A_Y217Y_S1_G17,94,0.7919,0.7358,0.9864,0,6.17,0,11.69,0,15.16,0,5.02,13.85,3.83,4.21,3.39,5.71,33,10
d_F88F_M255A_Y217Y_S1_G17,95,0.7863,0.7417,0.9843,1,2.78,1,2.88,1,3.22,1,4.1,5.97,3.06,3.47,4.01,4.45,44,14
d_F88F_M255A_Y217Y_S1_G17,96,0.785,0.7291,0.9848,1,2.68,1,4.16,1,4.24,1,4.41,7.71,3.44,3.78,3.77,4.47,44,12
d_F88F_M255A_Y217Y_S1_G17,97,0.7706,0.6742,0.9847,1,1.62,0,17.87,0,33.83,0,25.07,33.73,4.46,1.81,5.41,1.68,54,19
d_F88F_M255A_Y217Y_S1_G17,98,0.7635,0.67,0.988,1,2.78,1,2.8,1,2.81,1,3.12,7.87,3.03,3.49,3.78,4.36,38,12
d_F88F_M255A_Y217Y_S1_G17,99,0.736,0.5483,0.9827,1,3.53,1,3.57,1,2.65,1,3.3,6.26,3.52,4.27,3.76,5.31,39,14
d_F88K_M255A_Y217Y_S1_G17,0,0.8629,0.9487,0.993,1,2.74,0,11.76,0,27.77,0,22.15,30.9,4.23,5.08,2.9,2.94,46,12
d_F88K_M255A_Y217Y_S1_G17,1,0.8577,0.8924,0.9919,1,2.7,0,19.59,0,27.38,0,21.3,30.02,5.9,4.16,12.02,2.51,35,12
d_F88K_M255A_Y217Y_S1_G17,10,0.8395,0.928,0.9916,0,5.15,0,11.37,0,11.92,0,6.14,14.96,4.26,4.74,3.46,5.52,44,17
d_F88K_M255A_Y217Y_S1_G17,11,0.8371,0.8932,0.9877,1,4.1,0,10.82,0,17.4,0,7.48,15.92,5.15,4.14,4.23,3.39,42,15
d_F88K_M255A_Y217Y_S1_G17,12,0.8361,0.9134,0.9901,0,6.4,0,11.92,0,24.17,0,16.19,23.68,3.2,2.95,3.46,6.69,38,14
d_F88K_M255A_Y217Y_S1_G17,13,0.8347,0.8929,0.9903,0,6.33,0,17.89,0,14.98,0,8.0,16.55,4.82,2.37,3.69,6.46,44,13
d_F88K_M255A_Y217Y_S1_G17,14,0.8327,0.8492,0.991,1,1.87,0,18.43,0,35.57,0,26.21,35.21,5.32,3.3,11.73,1.68,37,11
d_F88K_M255A_Y217Y_S1_G17,15,0.8327,0.8527,0.9912,1,4.91,0,11.5,0,15.16,0,5.82,14.24,3.83,3.6,4.59,6.14,34,10
d_F88K_M255A_Y217Y_S1_G17,16,0.8326,0.9129,0.9857,0,7.44,0,13.11,0,41.41,0,35.08,40.06,6.54,2.47,3.49,5.77,46,18
d_F88K_M255A_Y217Y_S1_G17,17,0.8321,0.9487,0.9899,0,6.47,0,12.02,1,2.47,0,4.25,7.69,7.49,3.57,1.99,6.5,46,18
d_F88K_M255A_Y217Y_S1_G17,18,0.8305,0.8846,0.9929,1,2.59,1,1.83,0,5.36,0,3.38,7.16,2.93,1.63,3.36,5.4,46,12
d_F88K_M255A_Y217Y_S1_G17,19,0.8299,0.9354,0.9896,1,3.58,0,11.22,1,1.55,0,2.44,3.33,5.39,1.17,2.6,4.05,41,18
d_F88K_M255A_Y217Y_S1_G17,2,0.8545,0.8684,0.9916,0,5.43,0,11.07,0,16.42,0,7.91,16.75,3.57,2.21,5.93,5.63,33,12
d_F88K_M255A_Y217Y_S1_G17,20,0.8291,0.8607,0.9923,1,2.55,1,2.52,1,3.92,1,2.59,7.28,4.99,4.21,3.45,4.89,45,13
d_F88K_M255A_Y217Y_S1_G17,21,0.8285,0.8995,0.9914,1,4.4,0,14.08,0,16.27,0,8.16,16.7,4.45,3.45,6.38,5.44,42,12
d_F88K_M255A_Y217Y_S1_G17,22,0.8284,0.931,0.9898,0,6.4,0,16.31,1,1.61,0,2.72,7.11,4.68,3.96,10.27,6.85,40,11
d_F88K_M255A_Y217Y_S1_G17,23,0.8281,0.8144,0.9892,1,1.97,0,11.83,0,14.54,0,8.35,17.15,3.18,4.12,4.5,2.05,32,11
d_F88K_M255A_Y217Y_S1_G17,24,0.8275,0.8381,0.9884,0,6.89,1,3.5,1,2.28,1,3.44,7.87,3.71,5.02,5.23,6.07,34,11
d_F88K_M255A_Y217Y_S1_G17,25,0.8269,0.89,0.9895,0,6.6,0,17.63,0,16.34,0,8.37,17.56,4.87,3.36,6.96,6.55,40,12
d_F88K_M255A_Y217Y_S1_G17,26,0.8268,0.8276,0.9899,1,2.96,0,13.02,0,16.93,0,9.88,18.36,4.03,1.92,3.98,3.35,32,10
d_F88K_M255A_Y217Y_S1_G17,27,0.826,0.8393,0.9897,0,5.27,0,5.27,1,3.32,0,2.7,6.69,2.11,1.23,4.64,7.7,40,16
d_F88K_M255A_Y217Y_S1_G17,28,0.8259,0.7912,0.9855,0,5.09,0,11.46,0,15.16,0,8.49,17.28,4.17,4.48,4.22,6.59,41,15
d_F88K_M255A_Y217Y_S1_G17,29,0.8253,0.8095,0.9886,1,3.14,0,11.93,0,28.94,0,19.81,28.83,5.34,3.5,6.79,2.78,34,9
d_F88K_M255A_Y217Y_S1_G17,3,0.8525,0.9234,0.9914,1,2.63,0,17.93,0,15.18,0,8.0,16.67,4.06,5.32,6.7,2.61,51,17
d_F88K_M255A_Y217Y_S1_G17,30,0.8235,0.8071,0.9873,0,6.77,0,12.01,0,12.9,0,6.09,14.5,4.78,1.73,5.05,6.47,31,9
d_F88K_M255A_Y217Y_S1_G17,31,0.8231,0.8841,0.9922,1,2.58,1,2.85,1,2.99,1,3.89,6.79,4.35,1.89,2.23,4.75,40,13
d_F88K_M255A_Y217Y_S1_G17,32,0.8226,0.8425,0.992,1,3.53,1,3.74,1,1.44,1,1.86,5.34,3.43,3.72,4.08,3.21,39,15
d_F88K_M255A_Y217Y_S1_G17,33,0.8223,0.9027,0.9868,0,6.97,0,14.82,1,3.23,0,2.64,7.81,6.59,4.43,7.38,7.29,34,9
d_F88K_M255A_Y217Y_S1_G17,34,0.8222,0.9082,0.9882,0,5.11,0,8.74,1,2.14,0,3.75,6.7,4.41,2.7,3.38,4.58,40,18
d_F88K_M255A_Y217Y_S1_G17,35,0.8214,0.8494,0.9907,1,2.24,1,1.76,1,2.34,1,3.27,6.53,3.49,1.91,5.94,2.96,42,13
d_F88K_M255A_Y217Y_S1_G17,36,0.8205,0.8278,0.9891,1,2.94,1,3.7,1,2.66,1,4.23,7.35,3.58,3.93,4.27,5.72,32,11
d_F88K_M255A_Y217Y_S1_G17,37,0.8203,0.842,0.9895,1,3.19,1,3.13,1,1.04,1,3.9,6.38,3.74,3.42,5.2,3.8,40,16
d_F88K_M255A_Y217Y_S1_G17,38,0.8199,0.8345,0.9896,1,1.73,1,3.61,1,2.6,1,4.73,8.31,2.65,4.89,5.87,2.81,49,17
d_F88K_M255A_Y217Y_S1_G17,39,0.8197,0.8277,0.9889,1,1.77,1,3.27,1,3.19,1,3.39,6.93,3.56,1.23,4.0,2.47,47,14
d_F88K_M255A_Y217Y_S1_G17,4,0.8489,0.9504,0.9918,0,6.72,0,6.69,1,3.45,0,3.47,6.82,2.06,2.89,2.73,6.76,50,17
d_F88K_M255A_Y217Y_S1_G17,40,0.8183,0.8192,0.9872,1,3.4,1,4.92,1,2.36,1,2.45,4.52,4.77,3.04,2.06,4.99,43,12
d_F88K_M255A_Y217Y_S1_G17,41,0.8182,0.8169,0.9866,0,5.3,0,13.14,0,15.67,0,7.67,15.0,4.59,2.57,3.85,5.62,33,9
d_F88K_M255A_Y217Y_S1_G17,42,0.8177,0.8618,0.9905,1,3.39,1,2.87,1,2.65,1,3.54,7.45,3.77,2.46,3.69,4.18,39,14
d_F88K_M255A_Y217Y_S1_G17,43,0.8175,0.8266,0.9893,1,2.57,1,2.92,1,3.03,1,3.96,6.89,4.56,3.6,4.56,3.77,36,12
d_F88K_M255A_Y217Y_S1_G17,44,0.8174,0.8862,0.9871,0,6.86,0,11.51,0,14.11,0,5.46,14.35,3.42,3.48,3.21,5.89,44,15
d_F88K_M255A_Y217Y_S1_G17,45,0.8172,0.816,0.9893,1,2.06,1,2.47,1,4.51,1,4.4,6.51,3.58,4.01,2.67,5.31,47,12
d_F88K_M255A_Y217Y_S1_G17,46,0.817,0.8246,0.9903,1,3.1,0,9.15,0,13.88,0,5.44,14.17,5.09,4.4,5.82,4.47,32,15
d_F88K_M255A_Y217Y_S1_G17,47,0.8161,0.808,0.987,1,2.94,1,3.85,1,4.15,1,3.28,8.16,3.54,3.3,4.07,5.23,44,13
d_F88K_M255A_Y217Y_S1_G17,48,0.8159,0.8184,0.9899,1,3.12,1,2.39,1,2.3,1,5.01,7.48,3.14,1.33,3.16,4.36,41,12
d_F88K_M255A_Y217Y_S1_G17,49,0.8156,0.7991,0.9893,0,5.76,1,3.21,1,2.84,1,3.15,6.72,3.55,3.78,3.73,6.1,35,10
d_F88K_M255A_Y217Y_S1_G17,5,0.8466,0.8586,0.9895,1,2.89,0,22.0,0,25.0,0,18.34,27.25,5.79,5.0,10.84,2.97,35,10
d_F88K_M255A_Y217Y_S1_G17,50,0.8153,0.9194,0.9892,0,6.27,0,13.9,0,5.4,0,3.29,8.17,7.26,2.84,6.1,7.15,33,13
d_F88K_M255A_Y217Y_S1_G17,51,0.8146,0.8167,0.9887,0,7.17,1,3.0,1,3.13,1,1.19,6.37,1.33,4.05,4.98,7.46,38,11
d_F88K_M255A_Y217Y_S1_G17,52,0.8142,0.7639,0.9869,0,6.94,1,3.47,1,3.28,1,2.77,6.53,3.91,1.98,3.47,6.62,40,12
d_F88K_M255A_Y217Y_S1_G17,53,0.8141,0.8036,0.9875,0,6.95,1,4.36,1,2.48,1,3.58,6.52,2.6,5.48,4.67,6.34,39,13
d_F88K_M255A_Y217Y_S1_G17,54,0.8138,0.8021,0.9858,0,5.94,0,10.48,0,15.96,0,8.76,17.15,5.47,3.75,4.83,5.83,41,15
d_F88K_M255A_Y217Y_S1_G17,55,0.8131,0.8244,0.9897,0,8.03,1,3.68,1,2.73,1,4.88,7.68,4.14,2.0,5.19,7.53,40,14
d_F88K_M255A_Y217Y_S1_G17,56,0.8131,0.7681,0.9858,0,5.21,0,11.42,0,14.15,0,6.46,14.63,5.24,2.86,3.3,5.25,29,10
d_F88K_M255A_Y217Y_S1_G17,57,0.813,0.7776,0.9868,1,2.6,1,3.22,1,2.4,1,4.32,7.15,4.65,4.14,4.45,4.62,36,14
d_F88K_M255A_Y217Y_S1_G17,58,0.8125,0.8161,0.9909,1,2.22,0,17.58,0,30.63,0,23.61,31.97,6.37,5.0,11.19,2.53,36,11
d_F88K_M255A_Y217Y_S1_G17,59,0.8118,0.8055,0.9884,1,3.22,1,4.13,1,1.83,1,2.6,5.38,4.19,1.49,4.62,4.68,45,12
d_F88K_M255A_Y217Y_S1_G17,6,0.8457,0.859,0.9874,1,3.55,0,12.74,0,15.82,0,8.77,17.69,4.64,2.67,4.54,4.61,43,15
d_F88K_M255A_Y217Y_S1_G17,60,0.8108,0.8149,0.9844,0,5.19,0,15.66,0,14.99,0,6.63,15.25,4.61,3.89,5.46,5.73,43,16
d_F88K_M255A_Y217Y_S1_G17,61,0.8102,0.7942,0.9876,1,5.0,1,2.16,1,2.84,1,4.82,7.8,1.6,2.38,2.43,7.63,47,14
d_F88K_M255A_Y217Y_S1_G17,62,0.8098,0.7886,0.9882,1,4.02,1,3.94,1,2.48,1,3.71,6.8,3.61,2.73,4.5,4.06,38,13
d_F88K_M255A_Y217Y_S1_G17,63,0.8094,0.7853,0.9851,1,4.58,1,3.99,1,2.53,1,3.59,7.79,2.61,2.51,4.2,6.71,38,12
d_F88K_M255A_Y217Y_S1_G17,64,0.8093,0.9184,0.9864,1,4.42,0,14.18,0,6.96,0,4.74,9.43,5.7,5.1,3.05,5.87,38,15
d_F88K_M255A_Y217Y_S1_G17,65,0.8092,0.7909,0.9876,0,6.87,1,3.54,1,3.59,1,1.36,7.75,4.45,4.01,4.94,6.51,36,12
d_F88K_M255A_Y217Y_S1_G17,66,0.8079,0.7992,0.9875,1,2.76,1,3.29,1,2.42,1,2.06,4.5,3.64,3.5,4.34,5.49,37,13
d_F88K_M255A_Y217Y_S1_G17,67,0.8073,0.8206,0.9902,1,3.88,0,9.92,0,9.47,0,3.38,12.22,5.46,2.87,2.38,5.09,37,10
d_F88K_M255A_Y217Y_S1_G17,68,0.8069,0.787,0.988,0,7.79,1,4.25,1,2.02,1,3.97,7.16,1.94,3.01,3.5,7.75,39,12
d_F88K_M255A_Y217Y_S1_G17,69,0.8046,0.8227,0.9902,1,2.68,1,3.2,1,3.55,1,3.05,6.56,4.96,1.8,4.5,4.33,42,11
d_F88K_M255A_Y217Y_S1_G17,7,0.8453,0.9243,0.991,0,6.13,0,15.16,0,14.37,0,7.79,16.6,4.99,5.02,4.84,5.95,30,12
d_F88K_M255A_Y217Y_S1_G17,70,0.8044,0.7798,0.987,1,2.09,1,3.26,1,2.78,1,2.99,5.14,3.91,2.94,3.98,4.66,42,12
d_F88K_M255A_Y217Y_S1_G17,71,0.8043,0.7954,0.9887,0,7.44,1,4.58,1,2.23,1,3.36,6.52,1.9,4.07,2.69,7.59,39,13
d_F88K_M255A_Y217Y_S1_G17,72,0.8042,0.8245,0.9901,1,3.99,0,5.07,1,4.21,0,1.99,8.08,3.05,3.9,4.1,5.8,41,14
d_F88K_M255A_Y217Y_S1_G17,73,0.8025,0.7351,0.9851,0,5.26,0,11.48,0,16.74,0,7.48,16.07,5.69,2.7,3.18,5.54,28,10
d_F88K_M255A_Y217Y_S1_G17,74,0.8025,0.8788,0.9855,0,6.06,0,13.88,1,3.2,0,3.21,6.2,6.23,4.0,5.27,6.75,35,19
d_F88K_M255A_Y217Y_S1_G17,75,0.8013,0.7708,0.9853,1,3.63,1,2.96,1,3.24,1,2.71,5.33,3.35,1.03,5.44,5.86,40,14
d_F88K_M255A_Y217Y_S1_G17,76,0.8005,0.8201,0.9883,1,4.6,1,1.91,1,2.59,1,4.62,7.69,2.72,4.42,3.73,5.9,46,14
d_F88K_M255A_Y217Y_S1_G17,77,0.8,0.7942,0.9886,1,3.04,1,3.8,1,2.69,1,3.29,7.86,4.38,3.69,3.86,6.8,38,13
d_F88K_M255A_Y217Y_S1_G17,78,0.7985,0.7433,0.9868,0,7.42,0,9.49,0,11.97,0,6.97,15.65,4.2,3.95,3.38,6.77,29,10
d_F88K_M255A_Y217Y_S1_G17,79,0.7969,0.8676,0.9866,0,6.85,0,13.81,1,3.15,0,4.15,8.09,5.57,3.55,5.1,5.78,34,16
d_F88K_M255A_Y217Y_S1_G17,8,0.8433,0.904,0.9901,1,4.54,0,10.32,0,18.44,0,9.61,18.85,4.12,2.9,5.01,5.29,44,15
d_F88K_M255A_Y217Y_S1_G17,80,0.7953,0.802,0.9846,0,5.7,0,21.44,0,13.2,0,7.27,15.78,5.11,3.26,5.04,7.31,35,16
d_F88K_M255A_Y217Y_S1_G17,81,0.7942,0.7867,0.9836,0,7.61,0,12.63,1,2.49,0,4.45,7.44,7.94,3.56,7.01,6.48,37,13
d_F88K_M255A_Y217Y_S1_G17,82,0.7921,0.7679,0.9892,1,2.68,1,1.97,1,3.27,1,3.14,6.88,4.15,5.71,3.12,4.64,38,11
d_F88K_M255A_Y217Y_S1_G17,83,0.7915,0.8493,0.985,1,1.69,0,16.27,0,28.31,0,23.08,31.39,3.94,4.83,4.42,1.99,43,13
d_F88K_M255A_Y217Y_S1_G17,84,0.7906,0.8426,0.9824,1,2.13,0,11.4,0,18.2,0,12.49,20.3,4.39,3.48,2.29,3.48,35,16
d_F88K_M255A_Y217Y_S1_G17,85,0.7875,0.7675,0.9887,1,2.88,1,3.19,1,3.68,1,3.68,6.64,3.77,2.9,4.29,6.16,45,13
d_F88K_M255A_Y217Y_S1_G17,86,0.7865,0.7994,0.985,0,8.23,0,13.87,0,15.86,0,7.78,16.79,4.97,4.74,6.54,6.46,36,12
d_F88K_M255A_Y217Y_S1_G17,87,0.7856,0.8874,0.987,0,5.41,0,11.71,1,2.94,0,3.28,6.49,2.62,2.33,1.54,6.11,37,16
d_F88K_M255A_Y217Y_S1_G17,88,0.7855,0.7474,0.9858,1,1.94,1,3.63,1,3.21,1,3.31,7.75,3.07,2.3,3.71,4.66,38,11
d_F88K_M255A_Y217Y_S1_G17,89,0.7848,0.7113,0.9841,1,2.78,1,2.26,1,3.55,1,3.65,7.21,4.28,2.29,4.26,4.19,39,11
d_F88K_M255A_Y217Y_S1_G17,9,0.841,0.9567,0.9927,1,2.08,0,13.76,0,28.09,0,23.56,31.88,5.55,1.23,3.18,2.5,43,18
d_F88K_M255A_Y217Y_S1_G17,90,0.7848,0.745,0.9883,1,2.13,1,2.03,1,2.73,1,4.19,8.45,3.28,1.7,4.27,2.41,42,13
d_F88K_M255A_Y217Y_S1_G17,91,0.7848,0.6941,0.9831,1,2.96,1,3.31,1,1.2,1,2.01,7.58,2.91,2.7,3.88,3.27,38,11
d_F88K_M255A_Y217Y_S1_G17,92,0.7845,0.7221,0.9878,1,3.34,1,2.82,1,4.73,1,2.35,8.3,3.33,2.45,4.79,3.8,43,12
d_F88K_M255A_Y217Y_S1_G17,93,0.7801,0.8121,0.9883,1,0.7,0,13.59,0,36.79,0,29.85,38.59,6.64,5.08,6.39,2.24,54,18
d_F88K_M255A_Y217Y_S1_G17,94,0.7739,0.6633,0.9851,1,2.4,1,2.93,1,2.14,1,1.46,5.07,3.44,5.12,3.6,3.5,43,13
d_F88K_M255A_Y217Y_S1_G17,95,0.7706,0.6732,0.9825,0,5.18,1,1.69,1,0.93,1,2.72,3.2,2.12,0.71,3.05,6.34,39,13
d_F88K_M255A_Y217Y_S1_G17,96,0.7681,0.6861,0.9838,1,3.87,1,3.17,1,2.6,1,4.3,6.96,3.54,2.56,4.83,5.74,40,13
d_F88K_M255A_Y217Y_S1_G17,97,0.7659,0.7619,0.9852,1,3.53,0,8.52,1,3.71,0,2.44,6.38,5.7,3.29,1.86,3.27,50,18
d_F88K_M255A_Y217Y_S1_G17,98,0.7656,0.6502,0.9831,1,2.17,1,2.72,1,1.89,1,2.03,3.73,4.48,3.08,4.69,4.83,41,12
d_F88K_M255A_Y217Y_S1_G17,99,0.7563,0.6159,0.9824,1,3.03,1,2.23,1,4.27,1,3.73,7.06,3.21,3.05,3.6,4.53,47,13
d_F88K_M255M_Y217R_S1_G17,0,0.8759,0.9505,0.9921,1,2.87,0,18.89,0,30.3,0,22.69,29.01,3.81,3.93,10.64,2.61,42,14
d_F88K_M255M_Y217R_S1_G17,1,0.8557,0.8517,0.9913,0,6.59,0,13.58,0,17.31,0,8.47,13.23,6.46,4.12,6.34,6.48,31,10
d_F88K_M255M_Y217R_S1_G17,10,0.8414,0.8513,0.9881,1,4.96,0,14.28,0,17.76,0,8.59,14.26,4.02,4.64,6.91,6.12,37,14
d_F88K_M255M_Y217R_S1_G17,11,0.8412,0.8791,0.9909,1,2.62,0,20.5,0,29.66,0,20.93,26.11,4.7,5.34,11.24,2.7,40,11
d_F88K_M255M_Y217R_S1_G17,12,0.8389,0.8437,0.9901,1,2.82,0,22.07,0,28.06,0,20.38,25.74,5.72,4.48,9.02,2.63,34,10
d_F88K_M255M_Y217R_S1_G17,13,0.8389,0.9194,0.9902,1,1.97,0,19.31,0,32.96,0,25.53,30.41,4.9,5.54,12.6,2.27,35,12
d_F88K_M255M_Y217R_S1_G17,14,0.8386,0.8505,0.9917,1,2.7,0,22.0,0,28.67,0,20.67,25.59,5.01,4.64,12.32,2.28,30,8
d_F88K_M255M_Y217R_S1_G17,15,0.8378,0.8377,0.9897,1,2.82,0,18.93,0,29.34,0,21.52,27.23,5.46,3.8,13.28,2.79,37,10
d_F88K_M255M_Y217R_S1_G17,16,0.8378,0.859,0.9907,1,2.04,0,19.36,0,28.92,0,21.04,26.04,5.06,7.18,13.74,2.46,31,11
d_F88K_M255M_Y217R_S1_G17,17,0.8373,0.9381,0.9907,0,6.3,0,12.76,0,14.0,0,12.58,17.15,6.54,1.78,5.0,5.5,49,17
d_F88K_M255M_Y217R_S1_G17,18,0.8357,0.8177,0.9905,1,3.66,0,20.2,0,30.25,0,20.69,26.42,6.28,2.82,11.91,2.51,27,10
d_F88K_M255M_Y217R_S1_G17,19,0.8356,0.8628,0.9905,1,4.67,0,12.88,0,14.23,0,8.96,14.64,4.04,5.34,4.19,5.62,29,11
d_F88K_M255M_Y217R_S1_G17,2,0.854,0.8941,0.9932,1,2.97,0,20.24,0,29.71,0,20.98,26.35,5.33,4.71,10.69,2.91,36,9
d_F88K_M255M_Y217R_S1_G17,20,0.8356,0.8781,0.9931,1,3.74,0,10.46,0,16.8,0,9.26,14.03,4.57,3.55,2.11,3.76,37,9
d_F88K_M255M_Y217R_S1_G17,21,0.8349,0.8315,0.9901,1,1.31,0,14.01,0,32.13,0,23.33,28.67,6.18,5.79,11.29,1.85,37,12
d_F88K_M255M_Y217R_S1_G17,22,0.8343,0.84,0.9886,1,2.07,0,22.6,0,29.91,0,21.79,27.52,5.6,5.2,12.32,2.61,28,10
d_F88K_M255M_Y217R_S1_G17,23,0.834,0.8279,0.9872,1,2.89,0,18.99,0,29.94,0,21.96,27.58,4.73,4.02,12.17,2.53,32,11
d_F88K_M255M_Y217R_S1_G17,24,0.8337,0.895,0.9907,1,2.97,0,18.27,0,35.84,0,26.12,31.34,4.79,6.53,9.8,2.07,36,13
d_F88K_M255M_Y217R_S1_G17,25,0.8334,0.7799,0.9868,1,4.86,0,13.01,0,14.28,0,8.32,12.99,4.58,2.05,5.78,4.6,32,13
d_F88K_M255M_Y217R_S1_G17,26,0.8322,0.922,0.9906,1,2.99,0,19.1,0,20.68,0,10.64,16.44,5.75,4.13,11.22,2.5,43,14
d_F88K_M255M_Y217R_S1_G17,27,0.832,0.8952,0.9923,1,2.37,0,21.96,0,28.39,0,23.88,29.45,6.47,4.21,12.74,2.02,35,13
d_F88K_M255M_Y217R_S1_G17,28,0.8318,0.8974,0.9859,1,4.0,0,14.19,0,17.15,0,8.76,14.33,4.04,5.78,6.96,3.73,43,15
d_F88K_M255M_Y217R_S1_G17,29,0.8315,0.8535,0.9914,0,5.04,0,10.94,0,14.93,0,8.13,14.06,4.04,3.66,4.01,5.9,29,10
d_F88K_M255M_Y217R_S1_G17,3,0.8511,0.8775,0.9895,1,3.05,0,20.1,0,30.01,0,21.56,27.55,5.34,4.67,9.45,2.71,38,12
d_F88K_M255M_Y217R_S1_G17,30,0.8299,0.8496,0.9907,1,4.57,0,11.64,0,18.63,0,9.27,14.25,4.47,4.34,4.0,5.3,31,9
d_F88K_M255M_Y217R_S1_G17,31,0.8289,0.8352,0.9903,1,3.0,0,22.56,0,28.89,0,20.63,26.08,6.18,4.9,10.27,3.04,26,9
d_F88K_M255M_Y217R_S1_G17,32,0.8288,0.823,0.9904,1,3.22,0,19.29,0,31.99,0,22.04,27.84,5.04,5.3,9.86,2.34,37,10
d_F88K_M255M_Y217R_S1_G17,33,0.8288,0.9155,0.9909,1,1.24,0,18.53,0,36.21,0,27.52,33.01,5.36,6.17,13.6,2.27,45,13
d_F88K_M255M_Y217R_S1_G17,34,0.8272,0.9305,0.9904,1,3.25,0,8.59,0,26.64,0,18.58,23.29,3.63,2.65,2.24,3.67,35,15
d_F88K_M255M_Y217R_S1_G17,35,0.827,0.8248,0.9888,1,3.8,0,11.4,0,17.76,0,8.61,13.78,4.75,3.21,6.86,3.33,25,11
d_F88K_M255M_Y217R_S1_G17,36,0.8264,0.8115,0.9881,1,4.75,0,14.21,0,17.72,0,8.66,13.41,6.47,4.08,3.73,4.04,29,11
d_F88K_M255M_Y217R_S1_G17,37,0.8249,0.8033,0.9863,1,2.49,0,19.62,0,33.24,0,25.82,31.98,5.74,2.47,10.78,2.32,33,9
d_F88K_M255M_Y217R_S1_G17,38,0.8246,0.8075,0.9881,0,6.55,0,11.78,0,16.87,0,8.27,13.59,5.52,4.74,4.71,6.11,28,13
d_F88K_M255M_Y217R_S1_G17,39,0.8245,0.7832,0.9874,1,4.27,0,10.07,0,18.42,0,9.51,14.34,5.14,2.82,7.12,5.11,27,8
d_F88K_M255M_Y217R_S1_G17,4,0.8497,0.876,0.9907,1,3.0,0,21.56,0,29.64,0,20.99,26.74,5.55,5.5,12.66,2.84,30,8
d_F88K_M255M_Y217R_S1_G17,40,0.824,0.8838,0.9906,1,2.01,0,18.87,0,33.21,0,25.88,30.55,5.85,5.22,5.13,1.81,44,13
d_F88K_M255M_Y217R_S1_G17,41,0.8239,0.8079,0.9882,0,5.47,0,7.67,0,16.59,0,7.94,13.52,4.95,4.84,3.79,5.17,27,13
d_F88K_M255M_Y217R_S1_G17,42,0.823,0.845,0.9905,0,5.22,0,9.7,0,15.96,0,7.38,12.78,5.27,4.19,1.91,5.32,25,10
d_F88K_M255M_Y217R_S1_G17,43,0.8226,0.9102,0.9882,1,4.08,0,14.06,0,29.65,0,21.43,26.49,5.41,2.43,2.59,3.79,34,17
d_F88K_M255M_Y217R_S1_G17,44,0.8218,0.8461,0.9907,0,6.22,1,2.74,0,38.95,0,33.61,36.5,3.58,3.22,4.35,7.12,33,12
d_F88K_M255M_Y217R_S1_G17,45,0.8215,0.9138,0.9908,1,1.48,0,15.1,0,38.94,0,31.06,36.18,6.61,4.42,6.18,2.79,56,18
d_F88K_M255M_Y217R_S1_G17,46,0.8206,0.8308,0.987,0,5.07,0,14.39,0,18.07,0,8.74,15.02,5.58,3.63,7.15,5.77,33,13
d_F88K_M255M_Y217R_S1_G17,47,0.8204,0.829,0.9907,1,3.5,0,13.07,0,22.42,0,14.76,19.51,5.33,3.32,3.06,5.3,33,12
d_F88K_M255M_Y217R_S1_G17,48,0.8204,0.891,0.9881,0,5.53,0,18.53,0,11.59,0,13.87,13.12,6.94,5.61,11.66,7.59,20,9
d_F88K_M255M_Y217R_S1_G17,49,0.8188,0.8419,0.9913,1,2.31,0,20.56,0,31.23,0,23.52,29.18,5.72,4.68,12.31,2.33,34,8
d_F88K_M255M_Y217R_S1_G17,5,0.8482,0.8827,0.99,1,3.05,0,19.09,0,32.56,0,22.43,28.13,4.21,5.32,10.77,2.79,41,14
d_F88K_M255M_Y217R_S1_G17,50,0.8187,0.889,0.9873,1,1.8,0,15.44,0,40.31,0,30.79,36.36,4.89,5.55,12.15,2.22,42,15
d_F88K_M255M_Y217R_S1_G17,51,0.8179,0.8144,0.9884,0,5.65,0,15.22,0,16.23,0,7.42,13.09,5.26,2.42,2.46,5.66,28,12
d_F88K_M255M_Y217R_S1_G17,52,0.8174,0.8899,0.9889,0,5.77,0,16.03,0,16.08,0,8.14,14.1,5.29,3.93,3.81,6.19,38,15
d_F88K_M255M_Y217R_S1_G17,53,0.8169,0.7984,0.9874,1,3.06,0,22.68,0,27.59,0,20.05,25.14,6.67,7.97,13.89,2.42,31,11
d_F88K_M255M_Y217R_S1_G17,54,0.8166,0.8206,0.9905,1,2.51,0,21.11,0,27.67,0,22.52,27.32,6.47,4.84,11.4,2.38,37,12
d_F88K_M255M_Y217R_S1_G17,55,0.8161,0.8098,0.9867,0,6.02,0,11.2,0,17.05,0,8.28,13.25,5.94,4.15,2.33,6.44,28,9
d_F88K_M255M_Y217R_S1_G17,56,0.8154,0.858,0.9915,0,5.93,1,2.63,0,9.55,0,5.71,9.1,2.35,4.1,5.89,8.02,39,13
d_F88K_M255M_Y217R_S1_G17,57,0.8152,0.8235,0.9913,1,1.57,1,2.69,0,23.0,0,15.1,20.33,3.1,2.52,2.76,2.82,43,10
d_F88K_M255M_Y217R_S1_G17,58,0.8142,0.7921,0.9874,0,7.17,1,3.83,0,43.67,0,38.19,42.53,4.45,3.02,3.67,7.05,47,14
d_F88K_M255M_Y217R_S1_G17,59,0.8117,0.85,0.99,0,11.54,0,22.62,0,26.52,0,30.83,29.24,7.57,7.76,9.4,20.04,14,8
d_F88K_M255M_Y217R_S1_G17,6,0.8454,0.9034,0.989,1,3.15,0,19.64,0,30.71,0,22.09,27.59,5.73,6.47,12.45,2.77,36,12
d_F88K_M255M_Y217R_S1_G17,60,0.8115,0.7683,0.9885,1,2.7,0,15.64,0,32.98,0,23.95,30.05,8.25,6.43,12.9,1.0,29,10
d_F88K_M255M_Y217R_S1_G17,61,0.8105,0.8905,0.9864,0,7.36,0,14.0,0,17.43,0,9.93,15.26,5.44,2.6,6.64,6.75,29,15
d_F88K_M255M_Y217R_S1_G17,62,0.8084,0.9036,0.9903,1,1.26,0,13.97,0,41.88,0,33.97,39.05,6.89,5.66,5.96,1.88,46,17
d_F88K_M255M_Y217R_S1_G17,63,0.8081,0.7335,0.9855,0,5.53,0,9.3,0,10.99,0,7.66,12.36,4.63,3.82,2.8,5.39,27,11
d_F88K_M255M_Y217R_S1_G17,64,0.8078,0.8667,0.9927,1,2.74,1,2.35,0,8.11,0,4.59,6.75,3.16,2.23,4.55,3.27,42,12
d_F88K_M255M_Y217R_S1_G17,65,0.8075,0.8078,0.99,1,3.22,1,2.85,1,4.4,1,1.44,5.18,4.14,3.39,3.19,5.58,38,13
d_F88K_M255M_Y217R_S1_G17,66,0.8073,0.921,0.9892,0,6.8,0,15.35,0,14.92,0,9.22,14.68,3.47,3.16,6.52,6.01,28,14
d_F88K_M255M_Y217R_S1_G17,67,0.8071,0.8134,0.9868,1,1.67,0,17.3,0,32.51,0,25.15,30.95,3.28,3.04,5.17,1.66,31,12
d_F88K_M255M_Y217R_S1_G17,68,0.807,0.7743,0.9886,1,2.94,0,14.79,0,30.7,0,22.66,28.1,2.61,1.68,3.76,2.81,32,10
d_F88K_M255M_Y217R_S1_G17,69,0.8056,0.815,0.9888,0,6.4,1,3.77,0,8.65,0,3.94,7.21,3.27,1.66,3.71,6.25,39,15
d_F88K_M255M_Y217R_S1_G17,7,0.8446,0.8498,0.9869,1,4.67,0,10.12,0,15.96,0,8.13,12.95,3.81,3.47,3.34,5.73,45,14
d_F88K_M255M_Y217R_S1_G17,70,0.8053,0.7878,0.9868,0,5.52,1,3.52,0,5.32,0,1.74,5.44,3.55,1.59,4.17,7.71,39,13
d_F88K_M255M_Y217R_S1_G17,71,0.8049,0.8351,0.9837,1,1.96,0,17.71,0,19.12,0,12.64,17.38,5.21,3.64,10.74,3.12,39,16
d_F88K_M255M_Y217R_S1_G17,72,0.8044,0.8209,0.99,1,1.84,0,20.19,0,32.29,0,25.17,30.29,5.57,2.93,10.49,2.28,35,12
d_F88K_M255M_Y217R_S1_G17,73,0.804,0.7565,0.9856,1,1.69,0,19.3,0,35.45,0,26.97,32.68,6.01,6.64,11.89,2.68,32,12
d_F88K_M255M_Y217R_S1_G17,74,0.8025,0.7814,0.9863,1,2.52,1,2.36,0,9.54,0,7.39,11.21,3.23,3.5,4.59,3.69,49,13
d_F88K_M255M_Y217R_S1_G17,75,0.7995,0.7353,0.9855,0,6.65,0,14.18,0,15.76,0,7.75,13.38,5.08,2.21,3.69,6.34,27,11
d_F88K_M255M_Y217R_S1_G17,76,0.7973,0.7731,0.9872,0,7.36,1,2.74,0,6.6,0,6.27,8.84,2.01,4.49,4.03,7.37,37,11
d_F88K_M255M_Y217R_S1_G17,77,0.7952,0.8097,0.9866,0,5.01,0,16.86,0,12.35,0,8.0,13.04,5.18,2.74,5.94,6.05,36,12
d_F88K_M255M_Y217R_S1_G17,78,0.7928,0.8123,0.9861,0,6.15,0,6.31,0,6.02,0,3.14,7.52,4.89,4.34,4.69,5.82,34,11
d_F88K_M255M_Y217R_S1_G17,79,0.7926,0.8004,0.986,1,4.43,0,16.84,0,14.17,0,7.46,12.04,4.81,3.31,3.79,6.03,38,14
d_F88K_M255M_Y217R_S1_G17,8,0.8445,0.8824,0.992,1,3.03,0,15.11,0,27.31,0,21.05,26.82,5.54,4.17,10.93,3.02,37,11
d_F88K_M255M_Y217R_S1_G17,80,0.7923,0.8388,0.9859,1,3.46,0,14.36,0,32.02,0,23.24,28.03,4.19,3.42,4.31,2.19,35,15
d_F88K_M255M_Y217R_S1_G17,81,0.7919,0.8514,0.9874,1,2.94,0,22.6,0,22.92,0,13.39,18.27,5.81,6.09,11.82,3.32,30,8
d_F88K_M255M_Y217R_S1_G17,82,0.7917,0.8102,0.9876,0,5.58,0,15.48,0,18.18,0,9.17,14.73,4.42,3.69,5.83,6.87,44,14
d_F88K_M255M_Y217R_S1_G17,83,0.7895,0.7106,0.9873,0,6.94,0,10.0,0,6.85,0,5.98,11.4,4.19,4.07,3.06,6.27,26,8
d_F88K_M255M_Y217R_S1_G17,84,0.7861,0.6969,0.9864,1,1.49,0,15.09,0,28.33,0,24.64,29.19,6.05,6.05,12.64,2.25,40,11
d_F88K_M255M_Y217R_S1_G17,85,0.7858,0.7726,0.986,0,7.41,0,9.4,0,43.53,0,37.07,39.98,7.08,2.92,1.59,7.82,43,16
d_F88K_M255M_Y217R_S1_G17,86,0.7844,0.7379,0.9878,1,3.4,1,1.9,1,4.49,1,2.94,6.55,2.58,1.8,4.07,5.0,45,15
d_F88K_M255M_Y217R_S1_G17,87,0.7839,0.7802,0.9807,0,5.55,0,15.11,0,18.55,0,10.24,15.39,5.19,6.05,6.93,4.25,36,15
d_F88K_M255M_Y217R_S1_G17,88,0.7825,0.8023,0.9875,0,6.3,0,13.85,0,45.6,0,39.79,44.32,3.96,0.68,4.5,5.15,39,17
d_F88K_M255M_Y217R_S1_G17,89,0.779,0.8341,0.9851,0,8.44,0,15.35,0,15.28,0,7.39,12.55,6.27,3.85,3.44,7.71,31,12
d_F88K_M255M_Y217R_S1_G17,9,0.8415,0.8762,0.9866,1,3.09,0,18.2,0,29.85,0,20.65,26.15,4.94,6.02,12.61,2.96,38,13
d_F88K_M255M_Y217R_S1_G17,90,0.7767,0.7854,0.9867,0,6.25,0,15.5,0,19.16,0,17.37,22.05,5.17,5.55,10.99,6.2,17,8
d_F88K_M255M_Y217R_S1_G17,91,0.7754,0.6698,0.9838,1,3.53,0,11.49,0,17.94,0,9.52,14.71,5.17,2.53,3.08,3.95,28,12
d_F88K_M255M_Y217R_S1_G17,92,0.7745,0.771,0.9849,1,1.93,0,19.25,0,24.87,0,15.33,20.47,5.87,4.35,9.21,2.52,39,11
d_F88K_M255M_Y217R_S1_G17,93,0.7664,0.6531,0.9848,1,3.62,1,4.19,0,5.79,0,2.39,6.95,5.18,3.21,3.94,5.19,38,16
d_F88K_M255M_Y217R_S1_G17,94,0.7646,0.7622,0.9817,0,8.05,0,6.11,0,43.41,0,36.28,40.3,3.26,4.68,3.1,7.85,35,14
d_F88K_M255M_Y217R_S1_G17,95,0.7622,0.6886,0.9845,0,7.29,0,10.89,0,41.75,0,36.05,39.93,4.32,4.27,3.11,5.36,34,13
d_F88K_M255M_Y217R_S1_G17,96,0.7422,0.5596,0.981,1,4.39,0,15.56,0,20.81,0,13.2,17.75,4.52,3.48,8.06,4.69,26,9
d_F88K_M255M_Y217R_S1_G17,97,0.7381,0.6161,0.9749,1,3.16,0,15.48,0,42.31,0,33.67,39.81,6.61,4.47,5.26,1.66,46,14
d_F88K_M255M_Y217R_S1_G17,98,0.7284,0.5843,0.9824,0,7.1,0,12.44,0,44.0,0,38.32,41.63,4.72,3.96,4.24,6.68,34,16
d_F88K_M255M_Y217R_S1_G17,99,0.7253,0.5191,0.9783,0,5.64,0,10.68,0,13.18,0,5.26,11.1,4.69,3.53,4.18,5.67,25,8
d_F88R_M255K_Y217Y_S1_G17,0,0.8555,0.8977,0.9927,1,2.55,0,19.73,0,28.86,0,18.67,27.52,5.33,5.88,11.44,2.38,34,12
d_F88R_M255K_Y217Y_S1_G17,1,0.8459,0.8761,0.9906,0,5.49,0,11.3,0,24.93,0,13.72,21.9,6.17,4.52,5.72,4.83,38,13
d_F88R_M255K_Y217Y_S1_G17,10,0.8353,0.8609,0.9914,1,2.0,0,19.56,0,35.28,0,25.44,34.15,6.05,5.63,12.16,1.91,40,12
d_F88R_M255K_Y217Y_S1_G17,11,0.8321,0.8337,0.991,1,2.53,0,14.15,0,39.19,0,28.65,37.31,5.99,7.51,11.12,2.39,45,12
d_F88R_M255K_Y217Y_S1_G17,12,0.8316,0.8519,0.9896,1,2.09,0,19.82,0,35.67,0,25.19,32.85,5.39,3.77,10.33,2.22,44,11
d_F88R_M255K_Y217Y_S1_G17,13,0.831,0.8797,0.9903,1,3.74,0,10.22,0,25.28,0,13.99,21.8,4.43,4.83,5.5,4.61,45,14
d_F88R_M255K_Y217Y_S1_G17,14,0.8295,0.8801,0.9853,0,5.25,0,13.52,0,17.23,0,7.73,15.18,3.85,3.32,4.56,5.56,38,14
d_F88R_M255K_Y217Y_S1_G17,15,0.8288,0.8477,0.9913,1,1.61,0,16.58,0,31.51,0,23.57,31.65,5.69,5.72,12.7,2.59,38,10
d_F88R_M255K_Y217Y_S1_G17,16,0.8279,0.8195,0.9896,1,2.77,1,3.67,1,2.89,1,3.62,6.85,3.61,4.02,5.69,3.51,40,13
d_F88R_M255K_Y217Y_S1_G17,17,0.8272,0.9261,0.991,0,6.44,0,20.16,1,3.38,0,13.36,10.51,7.65,5.41,11.03,5.4,21,10
d_F88R_M255K_Y217Y_S1_G17,18,0.8261,0.9011,0.9892,0,6.44,1,2.17,0,37.44,0,36.68,37.84,6.21,4.0,5.93,6.73,27,13
d_F88R_M255K_Y217Y_S1_G17,19,0.8252,0.9118,0.9912,1,1.9,0,16.21,0,25.74,0,14.66,22.66,6.14,4.63,6.5,2.05,48,16
d_F88R_M255K_Y217Y_S1_G17,2,0.8447,0.8798,0.9932,1,2.95,0,18.17,0,30.46,0,20.75,29.7,5.13,7.29,12.89,2.63,31,11
d_F88R_M255K_Y217Y_S1_G17,20,0.8239,0.9036,0.9911,0,5.91,0,13.99,0,16.6,0,6.35,14.26,5.52,5.43,4.02,5.74,35,16
d_F88R_M255K_Y217Y_S1_G17,21,0.823,0.8416,0.991,1,1.75,1,3.19,1,3.17,1,3.37,6.62,3.77,4.91,4.24,3.66,41,14
d_F88R_M255K_Y217Y_S1_G17,22,0.8227,0.8399,0.9912,1,2.81,0,5.13,1,2.86,0,3.74,6.96,3.72,3.91,4.19,4.4,44,12
d_F88R_M255K_Y217Y_S1_G17,23,0.8226,0.8865,0.9898,1,2.3,0,15.43,0,28.61,0,19.63,27.87,3.8,2.77,2.83,2.17,34,15
d_F88R_M255K_Y217Y_S1_G17,24,0.8219,0.9003,0.9903,1,1.9,0,15.51,0,26.23,0,15.35,23.04,5.45,5.18,6.15,1.9,43,18
d_F88R_M255K_Y217Y_S1_G17,25,0.8219,0.8019,0.9884,1,1.91,0,19.75,0,29.81,0,23.97,31.74,4.07,4.65,11.71,1.92,40,11
d_F88R_M255K_Y217Y_S1_G17,26,0.8216,0.812,0.9891,0,5.5,1,2.28,1,2.42,1,3.05,6.95,3.6,2.74,3.25,6.39,35,11
d_F88R_M255K_Y217Y_S1_G17,27,0.8208,0.8028,0.9896,0,6.29,1,3.16,1,3.29,1,3.43,7.36,3.14,4.28,3.78,7.03,40,14
d_F88R_M255K_Y217Y_S1_G17,28,0.8201,0.8039,0.989,0,6.59,1,4.33,1,3.09,1,3.65,6.63,3.07,2.98,5.3,6.65,37,13
d_F88R_M255K_Y217Y_S1_G17,29,0.8195,0.7692,0.9878,1,3.31,1,3.21,1,4.18,1,2.3,6.09,2.19,2.85,3.91,3.96,44,14
d_F88R_M255K_Y217Y_S1_G17,3,0.8441,0.8737,0.9922,1,1.89,0,18.86,0,32.43,0,23.17,31.59,5.88,4.07,12.43,2.54,35,12
d_F88R_M255K_Y217Y_S1_G17,30,0.8189,0.8751,0.9923,0,5.79,1,3.38,0,40.23,0,34.59,39.62,3.41,1.98,3.36,5.49,36,10
d_F88R_M255K_Y217Y_S1_G17,31,0.8186,0.7661,0.9861,0,6.47,1,3.53,0,41.54,0,33.83,40.07,4.49,4.02,2.9,6.67,41,12
d_F88R_M255K_Y217Y_S1_G17,32,0.8178,0.9289,0.988,0,6.12,0,5.87,0,44.49,0,36.53,42.69,2.84,5.15,3.27,6.05,39,15
d_F88R_M255K_Y217Y_S1_G17,33,0.8172,0.9456,0.9915,0,5.74,0,18.75,1,1.18,0,3.07,6.69,4.89,4.4,12.78,5.25,32,12
d_F88R_M255K_Y217Y_S1_G17,34,0.8171,0.8427,0.9881,1,1.56,0,19.12,0,35.19,0,26.34,34.3,5.48,7.82,12.91,2.54,34,12
d_F88R_M255K_Y217Y_S1_G17,35,0.8169,0.8562,0.991,1,4.69,0,5.49,0,44.23,0,36.89,42.79,1.97,3.46,4.78,4.4,35,15
d_F88R_M255K_Y217Y_S1_G17,36,0.8168,0.7912,0.9885,1,2.23,1,4.55,1,2.2,1,3.33,6.87,3.65,4.2,3.58,3.77,44,15
d_F88R_M255K_Y217Y_S1_G17,37,0.8168,0.9447,0.9901,0,5.04,0,11.58,1,4.34,0,2.63,7.53,5.75,2.71,6.72,6.0,40,16
d_F88R_M255K_Y217Y_S1_G17,38,0.8165,0.8795,0.9889,1,1.16,0,16.56,0,32.21,0,24.11,31.37,4.88,2.56,7.2,2.57,46,17
d_F88R_M255K_Y217Y_S1_G17,39,0.8159,0.7727,0.9848,0,6.44,1,3.46,1,1.93,1,3.2,5.92,3.06,1.74,2.85,6.14,39,16
d_F88R_M255K_Y217Y_S1_G17,4,0.8433,0.9305,0.9905,1,4.97,1,2.18,0,38.33,0,37.94,39.52,5.3,4.56,5.43,4.65,31,13
d_F88R_M255K_Y217Y_S1_G17,40,0.8159,0.9124,0.9897,1,4.76,0,19.29,1,2.97,0,2.68,6.28,5.71,7.32,13.49,5.4,25,11
d_F88R_M255K_Y217Y_S1_G17,41,0.8158,0.87,0.9881,1,1.63,0,15.64,0,40.11,0,30.07,38.63,5.28,5.24,6.0,0.19,52,16
d_F88R_M255K_Y217Y_S1_G17,42,0.8157,0.8271,0.9856,0,6.92,0,11.37,0,16.21,0,8.05,16.33,4.46,5.44,3.31,7.27,43,12
d_F88R_M255K_Y217Y_S1_G17,43,0.8155,0.783,0.9874,1,3.28,1,3.85,1,4.09,1,3.1,6.88,3.11,2.77,1.82,5.01,43,12
d_F88R_M255K_Y217Y_S1_G17,44,0.8153,0.827,0.9909,0,6.24,1,2.81,1,3.45,1,3.15,7.33,4.16,3.82,2.87,5.12,40,11
d_F88R_M255K_Y217Y_S1_G17,45,0.8153,0.8131,0.9896,1,3.55,1,3.36,1,2.75,1,5.16,7.39,3.41,3.67,4.76,5.65,32,12
d_F88R_M255K_Y217Y_S1_G17,46,0.8152,0.7826,0.9871,0,6.58,1,3.17,1,2.42,1,2.8,7.36,3.04,5.96,4.63,6.89,32,13
d_F88R_M255K_Y217Y_S1_G17,47,0.8149,0.8006,0.9868,0,7.3,1,4.86,1,2.64,1,3.5,6.55,3.22,3.76,3.99,6.91,39,13
d_F88R_M255K_Y217Y_S1_G17,48,0.8135,0.8205,0.9914,1,3.3,1,2.83,1,4.04,1,3.35,6.37,4.12,1.57,4.22,4.76,44,15
d_F88R_M255K_Y217Y_S1_G17,49,0.8129,0.8964,0.9922,0,6.51,0,17.86,1,4.35,0,3.37,7.11,1.9,3.06,3.31,4.59,38,15
d_F88R_M255K_Y217Y_S1_G17,5,0.8421,0.8612,0.9903,1,3.16,0,22.56,0,28.37,0,19.92,28.54,6.48,4.68,11.6,2.73,34,11
d_F88R_M255K_Y217Y_S1_G17,50,0.8127,0.8944,0.9912,1,1.86,0,15.39,0,25.05,0,13.92,21.64,4.13,4.21,7.42,2.72,51,17
d_F88R_M255K_Y217Y_S1_G17,51,0.8116,0.9289,0.9917,1,2.69,0,14.12,0,30.56,0,21.27,29.66,5.09,4.64,6.5,1.92,51,18
d_F88R_M255K_Y217Y_S1_G17,52,0.8114,0.862,0.9885,0,5.96,0,15.77,0,15.86,0,8.46,16.87,3.1,3.26,5.38,6.44,43,15
d_F88R_M255K_Y217Y_S1_G17,53,0.8113,0.7708,0.9875,1,2.34,1,3.67,1,2.27,1,2.91,5.58,4.45,2.42,5.13,4.73,33,13
d_F88R_M255K_Y217Y_S1_G17,54,0.8111,0.7624,0.9888,1,2.63,0,5.94,1,2.39,0,3.1,6.05,2.64,3.53,3.36,2.15,37,14
d_F88R_M255K_Y217Y_S1_G17,55,0.811,0.7917,0.988,0,7.31,0,6.94,0,45.75,0,36.98,43.2,3.3,4.38,4.92,6.51,36,14
d_F88R_M255K_Y217Y_S1_G17,56,0.8105,0.7992,0.9884,1,2.64,1,4.65,1,2.64,1,3.67,6.35,3.77,3.78,3.42,5.09,44,15
d_F88R_M255K_Y217Y_S1_G17,57,0.81,0.7583,0.9861,0,6.82,1,2.64,1,2.74,1,3.83,5.74,3.36,1.82,3.32,7.43,38,13
d_F88R_M255K_Y217Y_S1_G17,58,0.8096,0.8588,0.9884,0,6.93,0,9.58,0,39.47,0,33.13,38.8,4.72,3.7,7.75,8.72,36,14
d_F88R_M255K_Y217Y_S1_G17,59,0.809,0.8445,0.9891,0,5.95,0,8.06,0,5.08,0,4.13,8.39,5.06,2.68,6.86,6.07,36,15
d_F88R_M255K_Y217Y_S1_G17,6,0.8406,0.8265,0.9892,0,6.53,0,11.84,0,16.35,0,7.96,16.35,6.64,4.5,4.09,6.31,38,11
d_F88R_M255K_Y217Y_S1_G17,60,0.8084,0.8926,0.9887,0,7.23,1,2.42,0,43.56,0,37.58,41.77,4.48,4.67,6.64,5.42,39,17
d_F88R_M255K_Y217Y_S1_G17,61,0.8084,0.7922,0.9904,1,2.03,1,2.98,1,3.57,1,4.86,6.29,3.84,2.46,4.92,3.77,39,13
d_F88R_M255K_Y217Y_S1_G17,62,0.8083,0.859,0.9856,1,1.66,0,15.13,0,36.81,0,30.01,38.55,4.06,4.7,4.67,2.19,63,18
d_F88R_M255K_Y217Y_S1_G17,63,0.8078,0.905,0.9868,0,5.02,1,2.02,1,1.3,1,3.54,6.99,2.48,3.23,4.6,5.41,44,17
d_F88R_M255K_Y217Y_S1_G17,64,0.8078,0.8645,0.992,0,6.54,0,14.54,0,45.37,0,37.49,44.06,4.07,3.02,5.11,5.62,37,11
d_F88R_M255K_Y217Y_S1_G17,65,0.8077,0.7999,0.9909,1,3.42,0,5.65,1,2.69,0,3.1,6.65,3.96,1.23,4.23,5.43,38,12
d_F88R_M255K_Y217Y_S1_G17,66,0.8073,0.751,0.9853,0,6.31,0,5.12,1,3.84,0,3.14,6.68,4.94,2.0,4.99,6.08,38,14
d_F88R_M255K_Y217Y_S1_G17,67,0.8051,0.7992,0.9909,1,2.87,0,14.09,0,39.24,0,29.53,38.08,5.75,7.05,10.34,2.46,45,13
d_F88R_M255K_Y217Y_S1_G17,68,0.8046,0.8648,0.9866,1,2.25,0,16.88,0,21.01,0,12.4,20.61,4.35,3.45,5.21,3.72,42,15
d_F88R_M255K_Y217Y_S1_G17,69,0.8045,0.8041,0.9856,1,2.14,1,3.53,1,2.85,1,2.32,5.58,3.79,2.48,3.51,3.1,41,13
d_F88R_M255K_Y217Y_S1_G17,7,0.8367,0.8406,0.9912,1,4.95,1,3.13,0,42.88,0,35.93,42.02,4.24,4.09,7.2,5.48,42,13
d_F88R_M255K_Y217Y_S1_G17,70,0.8039,0.8411,0.9896,0,5.9,1,3.8,0,42.98,0,36.41,41.05,4.91,4.47,5.16,6.05,30,15
d_F88R_M255K_Y217Y_S1_G17,71,0.8036,0.7827,0.99,1,1.92,0,16.88,0,34.66,0,25.9,33.85,5.04,6.15,12.2,2.93,42,12
d_F88R_M255K_Y217Y_S1_G17,72,0.8026,0.7826,0.988,1,1.68,1,3.52,1,2.38,1,3.03,7.21,3.19,2.81,4.92,2.58,47,13
d_F88R_M255K_Y217Y_S1_G17,73,0.8026,0.7549,0.9872,0,5.14,0,6.17,1,3.3,0,2.78,6.41,3.73,4.04,5.83,7.18,38,14
d_F88R_M255K_Y217Y_S1_G17,74,0.8023,0.8891,0.9892,1,1.71,0,15.53,0,37.76,0,27.62,35.69,6.34,3.51,5.74,2.06,49,16
d_F88R_M255K_Y217Y_S1_G17,75,0.8013,0.7834,0.9884,1,2.71,1,3.98,1,3.06,1,4.82,7.54,3.1,2.7,4.67,5.24,44,12
d_F88R_M255K_Y217Y_S1_G17,76,0.8012,0.7742,0.989,0,6.5,1,4.68,1,3.71,1,2.98,6.24,3.85,4.54,4.8,6.37,34,12
d_F88R_M255K_Y217Y_S1_G17,77,0.8009,0.7909,0.9868,0,6.29,0,5.78,0,41.09,0,34.58,39.57,3.22,5.32,4.48,6.28,37,15
d_F88R_M255K_Y217Y_S1_G17,78,0.8008,0.8407,0.9904,0,5.83,0,16.38,1,3.7,0,2.44,5.33,6.74,5.45,4.27,6.09,36,14
d_F88R_M255K_Y217Y_S1_G17,79,0.7995,0.9027,0.9916,1,2.8,0,15.13,0,26.86,0,20.7,29.04,5.16,5.58,8.74,2.61,36,16
d_F88R_M255K_Y217Y_S1_G17,8,0.8366,0.8202,0.9888,1,2.97,0,21.38,0,31.16,0,21.07,29.56,6.62,4.55,11.11,2.11,33,12
d_F88R_M255K_Y217Y_S1_G17,80,0.799,0.7787,0.9875,1,2.77,1,3.49,1,3.71,1,3.23,6.68,4.22,2.88,3.81,4.32,30,13
d_F88R_M255K_Y217Y_S1_G17,81,0.7986,0.7765,0.9881,1,2.95,1,3.38,1,3.19,1,2.45,5.4,3.63,2.47,3.45,4.27,40,13
d_F88R_M255K_Y217Y_S1_G17,82,0.7982,0.8759,0.9844,0,7.37,1,2.17,0,6.77,0,2.71,6.64,3.88,2.1,4.13,8.11,37,17
d_F88R_M255K_Y217Y_S1_G17,83,0.7976,0.8329,0.9809,1,4.82,0,16.54,0,19.92,0,11.93,20.67,4.02,5.22,6.02,6.15,37,16
d_F88R_M255K_Y217Y_S1_G17,84,0.797,0.7487,0.9858,0,7.75,1,4.91,1,1.05,1,3.24,7.2,2.41,4.25,2.96,7.48,38,12
d_F88R_M255K_Y217Y_S1_G17,85,0.7963,0.8352,0.988,1,1.42,0,14.21,0,40.56,0,31.44,39.61,5.28,4.98,6.68,1.98,53,17
d_F88R_M255K_Y217Y_S1_G17,86,0.7951,0.7301,0.983,0,7.45,0,5.22,1,3.04,0,3.15,6.77,3.61,1.76,4.36,6.78,37,14
d_F88R_M255K_Y217Y_S1_G17,87,0.7942,0.8935,0.9899,0,7.03,1,1.67,0,43.05,0,35.79,41.34,4.61,4.47,6.03,6.04,33,14
d_F88R_M255K_Y217Y_S1_G17,88,0.7893,0.7473,0.9865,1,1.95,0,15.24,0,37.51,0,27.63,36.15,6.19,2.57,11.76,2.1,44,12
d_F88R_M255K_Y217Y_S1_G17,89,0.7883,0.8478,0.989,0,6.05,0,14.35,0,5.77,0,3.37,6.95,4.39,3.8,7.14,4.99,43,19
d_F88R_M255K_Y217Y_S1_G17,9,0.8362,0.8706,0.9933,1,1.54,0,14.29,0,37.88,0,27.49,35.54,5.37,6.54,10.2,1.25,42,12
d_F88R_M255K_Y217Y_S1_G17,90,0.7872,0.8288,0.988,1,1.53,0,15.29,0,40.88,0,31.68,39.95,5.84,3.53,5.94,1.93,50,17
d_F88R_M255K_Y217Y_S1_G17,91,0.7865,0.7359,0.9876,0,7.28,0,5.77,1,2.74,0,4.67,7.77,3.05,1.62,4.41,6.93,45,14
d_F88R_M255K_Y217Y_S1_G17,92,0.7858,0.8402,0.8376,0,5.57,1,2.06,0,46.55,0,39.54,45.23,5.25,5.34,6.41,5.57,35,16
d_F88R_M255K_Y217Y_S1_G17,93,0.7823,0.6722,0.9837,0,6.01,1,2.93,1,2.55,1,3.3,5.2,3.74,3.83,4.12,6.43,34,13
d_F88R_M255K_Y217Y_S1_G17,94,0.7805,0.6449,0.9824,0,5.03,1,3.13,1,2.74,1,4.92,7.34,3.39,2.53,3.5,6.25,39,14
d_F88R_M255K_Y217Y_S1_G17,95,0.78,0.6829,0.9841,1,2.83,1,4.78,1,2.93,1,3.41,5.53,4.28,3.16,4.38,4.04,37,15
d_F88R_M255K_Y217Y_S1_G17,96,0.776,0.6513,0.9833,1,3.01,1,4.58,1,4.69,1,3.36,6.54,3.4,3.41,3.5,4.84,45,13
d_F88R_M255K_Y217Y_S1_G17,97,0.7758,0.7693,0.981,0,6.98,0,13.35,1,2.64,0,3.11,6.96,5.72,3.35,8.49,6.57,21,10
d_F88R_M255K_Y217Y_S1_G17,98,0.7642,0.749,0.9853,1,3.64,0,11.66,0,5.12,0,2.52,7.75,3.18,3.8,4.36,2.8,34,17
d_F88R_M255K_Y217Y_S1_G17,99,0.7613,0.5994,0.9835,1,2.95,0,25.2,0,31.38,0,21.96,30.6,5.77,5.55,5.69,2.32,51,20
d_F88W_M255K_Y217Y_S1_G17,0,0.8654,0.91,0.9894,1,2.83,0,12.01,0,30.07,0,22.16,30.43,3.22,2.08,4.27,2.7,34,14
d_F88W_M255K_Y217Y_S1_G17,1,0.8477,0.9241,0.9888,1,4.57,0,15.44,0,24.22,0,16.06,24.16,3.82,3.72,3.87,3.33,36,15
d_F88W_M255K_Y217Y_S1_G17,10,0.8389,0.8839,0.9864,0,5.71,0,10.07,0,14.73,0,3.13,12.24,2.84,3.02,4.64,3.92,44,15
d_F88W_M255K_Y217Y_S1_G17,11,0.8383,0.8139,0.9882,0,5.8,0,11.83,0,24.03,0,14.63,22.29,3.78,4.24,2.76,5.71,35,13
d_F88W_M255K_Y217Y_S1_G17,12,0.837,0.8677,0.9875,1,1.73,0,15.09,0,31.0,0,22.11,30.42,3.61,4.53,6.94,2.1,47,16
d_F88W_M255K_Y217Y_S1_G17,13,0.8315,0.8356,0.9904,1,1.95,0,22.51,0,30.43,0,21.38,29.73,4.04,6.17,9.92,3.36,31,10
d_F88W_M255K_Y217Y_S1_G17,14,0.831,0.892,0.9905,1,3.56,0,14.41,0,19.94,0,10.48,17.96,3.75,3.19,5.43,3.12,40,15
d_F88W_M255K_Y217Y_S1_G17,15,0.8299,0.9105,0.9897,1,3.68,0,17.13,0,23.04,0,15.49,23.24,3.9,4.5,7.5,3.12,40,16
d_F88W_M255K_Y217Y_S1_G17,16,0.8294,0.8965,0.9894,1,4.38,0,19.91,0,18.92,0,8.03,16.5,3.4,2.45,4.48,5.42,39,12
d_F88W_M255K_Y217Y_S1_G17,17,0.8284,0.8963,0.9912,1,1.83,0,17.67,0,33.41,0,24.51,32.53,2.43,4.23,3.3,2.66,44,17
d_F88W_M255K_Y217Y_S1_G17,18,0.8271,0.7957,0.9882,1,4.32,0,11.09,0,18.37,0,9.68,18.04,6.05,3.62,3.7,4.52,34,13
d_F88W_M255K_Y217Y_S1_G17,19,0.8265,0.9416,0.9916,1,3.14,0,15.44,0,22.94,0,13.22,21.34,4.17,3.95,3.23,2.67,35,16
d_F88W_M255K_Y217Y_S1_G17,2,0.8476,0.9083,0.9908,0,5.42,0,21.19,0,25.09,0,14.84,21.97,2.69,3.22,2.6,3.66,34,14
d_F88W_M255K_Y217Y_S1_G17,20,0.8259,0.9212,0.9909,0,5.76,0,11.26,1,2.26,0,3.89,6.7,3.96,4.09,2.18,6.45,45,17
d_F88W_M255K_Y217Y_S1_G17,21,0.825,0.8711,0.9882,1,4.4,0,15.89,0,18.38,0,10.08,18.07,4.82,5.76,7.49,4.04,40,17
d_F88W_M255K_Y217Y_S1_G17,22,0.8243,0.8416,0.9881,1,1.08,0,17.43,0,30.93,0,24.75,32.77,4.3,3.45,4.37,2.52,45,18
d_F88W_M255K_Y217Y_S1_G17,23,0.8242,0.8303,0.9903,0,6.24,0,13.76,0,10.04,0,3.26,11.17,2.02,2.67,3.5,7.44,40,11
d_F88W_M255K_Y217Y_S1_G17,24,0.8234,0.8319,0.9853,1,3.3,0,18.22,0,23.59,0,14.44,22.32,5.94,2.97,4.71,2.93,32,14
d_F88W_M255K_Y217Y_S1_G17,25,0.8228,0.8018,0.989,1,4.33,0,12.68,0,17.16,0,7.58,15.14,3.77,3.8,5.95,3.14,33,11
d_F88W_M255K_Y217Y_S1_G17,26,0.8227,0.7751,0.9872,0,5.98,0,9.29,0,10.69,0,3.37,11.38,3.62,2.9,3.1,6.38,30,10
d_F88W_M255K_Y217Y_S1_G17,27,0.8218,0.8975,0.9901,0,6.1,0,17.29,0,24.67,0,13.94,20.65,5.62,5.14,6.41,5.28,45,16
d_F88W_M255K_Y217Y_S1_G17,28,0.8216,0.8596,0.9871,0,5.2,0,17.95,0,22.27,0,17.17,23.97,4.61,3.91,5.03,5.05,32,15
d_F88W_M255K_Y217Y_S1_G17,29,0.821,0.8589,0.9891,1,4.37,0,18.33,0,21.27,0,12.88,20.58,4.94,4.75,6.61,3.68,34,14
d_F88W_M255K_Y217Y_S1_G17,3,0.8459,0.8667,0.9892,0,5.01,0,10.78,0,26.42,0,15.28,23.34,4.0,3.56,2.84,4.22,41,13
d_F88W_M255K_Y217Y_S1_G17,30,0.8206,0.8518,0.988,0,6.51,0,15.52,0,20.9,0,10.45,18.14,4.17,5.09,3.83,6.49,38,12
d_F88W_M255K_Y217Y_S1_G17,31,0.8204,0.7987,0.9889,1,4.83,0,11.82,0,10.96,0,3.21,10.3,4.28,5.43,4.12,6.0,39,10
d_F88W_M255K_Y217Y_S1_G17,32,0.8195,0.8102,0.9872,1,4.78,0,15.26,0,17.46,0,7.87,14.93,5.17,3.96,4.57,4.86,27,9
d_F88W_M255K_Y217Y_S1_G17,33,0.8183,0.8598,0.989,1,4.87,0,19.08,0,16.13,0,5.9,14.3,4.58,2.65,3.86,7.07,41,15
d_F88W_M255K_Y217Y_S1_G17,34,0.8179,0.8871,0.9904,1,4.35,0,17.08,0,15.32,0,6.93,15.03,5.61,1.42,2.93,5.01,41,11
d_F88W_M255K_Y217Y_S1_G17,35,0.8172,0.8252,0.9848,1,4.18,0,17.52,0,19.75,0,9.92,17.91,3.16,2.88,5.79,5.21,40,10
d_F88W_M255K_Y217Y_S1_G17,36,0.8169,0.8126,0.9881,0,5.04,1,2.26,1,2.54,1,3.46,6.86,4.72,4.14,4.29,5.76,36,12
d_F88W_M255K_Y217Y_S1_G17,37,0.8161,0.8277,0.9861,0,5.31,0,10.58,0,24.72,0,14.4,21.68,2.9,4.5,2.77,5.65,37,12
d_F88W_M255K_Y217Y_S1_G17,38,0.816,0.8022,0.9876,1,2.33,0,18.48,0,31.66,0,23.5,31.84,3.94,4.98,5.89,2.85,36,19
d_F88W_M255K_Y217Y_S1_G17,39,0.8155,0.8311,0.9863,1,2.94,0,17.71,0,32.53,0,23.72,31.98,4.56,5.34,9.67,2.4,41,15
d_F88W_M255K_Y217Y_S1_G17,4,0.8456,0.8996,0.9905,1,1.74,0,18.6,0,34.6,0,25.33,33.69,5.41,4.9,7.25,1.28,43,16
d_F88W_M255K_Y217Y_S1_G17,40,0.8142,0.8532,0.9854,1,4.89,0,17.76,0,18.5,0,9.33,17.07,3.08,2.84,2.95,3.76,45,14
d_F88W_M255K_Y217Y_S1_G17,41,0.8141,0.7724,0.9886,1,2.38,0,23.91,0,31.61,0,22.92,31.11,4.54,6.63,12.29,2.74,31,9
d_F88W_M255K_Y217Y_S1_G17,42,0.814,0.7721,0.985,1,2.5,0,22.12,0,29.46,0,22.24,30.43,4.43,2.82,7.33,2.73,49,18
d_F88W_M255K_Y217Y_S1_G17,43,0.8133,0.8742,0.9906,0,6.67,0,19.49,0,16.34,0,7.72,16.03,3.27,3.5,5.68,6.39,37,12
d_F88W_M255K_Y217Y_S1_G17,44,0.8131,0.8816,0.9909,0,5.77,0,15.36,0,16.58,0,6.55,14.8,4.25,4.02,6.31,6.97,48,13
d_F88W_M255K_Y217Y_S1_G17,45,0.8131,0.8123,0.9841,0,6.23,0,19.95,0,24.52,0,19.01,25.84,3.66,3.37,5.65,5.39,43,18
d_F88W_M255K_Y217Y_S1_G17,46,0.8113,0.8821,0.99,1,2.39,0,14.22,0,41.27,0,30.87,38.74,3.67,5.14,5.45,2.14,55,17
d_F88W_M255K_Y217Y_S1_G17,47,0.8112,0.7929,0.9835,1,2.55,0,18.43,0,33.49,0,24.84,33.25,5.24,5.05,11.71,2.46,44,15
d_F88W_M255K_Y217Y_S1_G17,48,0.8109,0.8626,0.9878,1,2.34,0,17.62,0,25.5,0,14.85,23.06,4.99,2.55,4.49,1.97,38,15
d_F88W_M255K_Y217Y_S1_G17,49,0.8108,0.8697,0.99,1,3.97,0,21.47,0,18.81,0,8.28,16.61,4.99,2.18,5.0,5.85,38,11
d_F88W_M255K_Y217Y_S1_G17,5,0.844,0.9242,0.9918,0,5.83,0,17.73,0,18.81,0,9.21,17.25,3.08,3.66,5.76,5.9,34,15
d_F88W_M255K_Y217Y_S1_G17,50,0.8105,0.872,0.9873,1,4.6,0,18.14,0,24.28,0,13.86,20.82,4.48,3.02,3.88,4.45,35,13
d_F88W_M255K_Y217Y_S1_G17,51,0.8085,0.898,0.9896,1,4.08,0,18.34,0,24.96,0,13.81,21.67,5.78,4.2,3.68,4.07,31,12
d_F88W_M255K_Y217Y_S1_G17,52,0.8062,0.815,0.988,0,6.71,1,2.83,1,3.52,1,3.76,8.49,3.83,4.49,3.04,6.67,39,13
d_F88W_M255K_Y217Y_S1_G17,53,0.806,0.8397,0.9875,0,6.75,0,22.38,0,20.28,0,12.5,21.33,2.73,3.29,3.08,6.49,30,11
d_F88W_M255K_Y217Y_S1_G17,54,0.8058,0.863,0.9867,0,6.05,0,20.53,0,18.78,0,8.14,16.44,3.4,5.43,2.74,4.74,31,11
d_F88W_M255K_Y217Y_S1_G17,55,0.8058,0.8869,0.9867,1,2.93,0,14.48,0,17.34,0,9.86,17.96,5.02,4.32,5.05,3.08,32,13
d_F88W_M255K_Y217Y_S1_G17,56,0.8055,0.8343,0.9898,1,3.43,0,15.94,0,33.89,0,24.05,32.56,6.95,7.41,11.17,2.63,42,11
d_F88W_M255K_Y217Y_S1_G17,57,0.8054,0.8105,0.9876,0,5.68,0,16.96,0,18.97,0,10.09,17.57,2.89,4.87,4.77,6.16,38,13
d_F88W_M255K_Y217Y_S1_G17,58,0.8045,0.7729,0.9887,0,7.25,0,12.74,0,16.26,0,5.52,13.33,3.17,3.58,3.79,6.57,30,9
d_F88W_M255K_Y217Y_S1_G17,59,0.8039,0.8691,0.9879,0,6.98,0,17.19,0,17.79,0,5.98,14.33,6.48,3.22,4.7,6.95,47,15
d_F88W_M255K_Y217Y_S1_G17,6,0.8421,0.9005,0.9888,1,2.07,0,15.76,0,24.37,0,14.28,21.39,5.33,4.08,5.58,3.7,43,16
d_F88W_M255K_Y217Y_S1_G17,60,0.803,0.7853,0.9859,1,2.86,0,17.0,0,21.03,0,12.07,20.04,6.05,3.86,6.92,3.26,38,17
d_F88W_M255K_Y217Y_S1_G17,61,0.8026,0.8345,0.9881,0,6.74,0,17.12,0,16.03,0,6.2,13.84,4.13,3.63,6.31,6.64,41,13
d_F88W_M255K_Y217Y_S1_G17,62,0.8025,0.7553,0.9875,1,2.9,0,17.83,0,32.18,0,23.54,31.8,4.97,5.15,6.45,1.66,47,17
d_F88W_M255K_Y217Y_S1_G17,63,0.802,0.8018,0.9868,0,5.01,0,16.33,0,16.36,0,7.35,15.91,3.67,2.76,2.42,5.52,40,17
d_F88W_M255K_Y217Y_S1_G17,64,0.8017,0.8244,0.9888,1,4.92,0,15.5,0,15.58,0,7.47,15.66,3.11,3.16,4.07,4.8,33,14
d_F88W_M255K_Y217Y_S1_G17,65,0.8014,0.795,0.9852,0,5.56,0,21.94,0,21.39,0,12.14,20.17,3.78,4.16,6.56,5.03,32,13
d_F88W_M255K_Y217Y_S1_G17,66,0.7984,0.7631,0.9876,0,5.39,0,15.09,0,17.57,0,8.34,15.75,2.51,4.26,4.93,6.57,42,16
d_F88W_M255K_Y217Y_S1_G17,67,0.7981,0.8066,0.9865,1,3.72,0,16.55,0,18.42,0,10.44,18.47,3.56,3.82,5.26,4.81,38,14
d_F88W_M255K_Y217Y_S1_G17,68,0.797,0.7696,0.9864,1,3.02,0,18.82,0,21.17,0,11.02,19.59,5.89,3.12,5.12,3.89,30,13
d_F88W_M255K_Y217Y_S1_G17,69,0.795,0.7621,0.9854,0,6.89,0,17.13,0,17.36,0,6.33,14.43,4.11,3.13,6.76,6.51,37,13
d_F88W_M255K_Y217Y_S1_G17,7,0.8414,0.9237,0.9907,0,5.22,0,17.67,0,24.79,0,14.27,21.52,4.71,3.56,5.28,3.57,43,16
d_F88W_M255K_Y217Y_S1_G17,70,0.7949,0.8435,0.9865,0,6.07,0,12.39,1,1.77,0,4.44,7.95,3.89,2.37,5.83,6.04,32,14
d_F88W_M255K_Y217Y_S1_G17,71,0.7946,0.7083,0.9853,1,3.04,0,16.92,0,30.57,0,22.09,30.04,4.37,3.99,6.93,2.75,37,15
d_F88W_M255K_Y217Y_S1_G17,72,0.7936,0.8133,0.9879,1,2.06,0,14.61,0,35.22,0,27.55,36.13,4.96,4.99,6.17,1.59,58,18
d_F88W_M255K_Y217Y_S1_G17,73,0.7925,0.7758,0.9843,0,6.5,0,18.56,0,14.86,0,7.3,15.34,4.86,4.67,5.97,6.54,35,12
d_F88W_M255K_Y217Y_S1_G17,74,0.7914,0.7682,0.9853,0,6.11,0,21.43,0,18.78,0,8.43,16.58,3.59,3.46,7.14,6.14,36,13
d_F88W_M255K_Y217Y_S1_G17,75,0.7908,0.7148,0.9815,1,3.22,0,17.06,0,21.32,0,12.45,20.31,5.76,5.73,5.89,3.3,35,15
d_F88W_M255K_Y217Y_S1_G17,76,0.7906,0.7464,0.9855,0,6.3,1,2.87,1,2.88,1,4.79,7.86,2.55,2.24,3.32,6.49,41,12
d_F88W_M255K_Y217Y_S1_G17,77,0.7898,0.755,0.9867,1,1.38,0,15.8,0,31.29,0,23.63,31.11,5.0,2.51,4.42,2.06,46,19
d_F88W_M255K_Y217Y_S1_G17,78,0.7892,0.788,0.987,1,3.15,0,18.05,0,23.92,0,14.21,21.62,4.52,3.48,5.36,4.01,45,18
d_F88W_M255K_Y217Y_S1_G17,79,0.7878,0.8028,0.9858,0,5.74,0,14.33,0,21.87,0,14.77,22.8,2.95,4.77,5.43,5.8,35,13
d_F88W_M255K_Y217Y_S1_G17,8,0.8394,0.8392,0.9887,1,4.9,0,10.95,0,25.82,0,15.25,22.26,3.74,3.66,3.62,3.91,43,14
d_F88W_M255K_Y217Y_S1_G17,80,0.7851,0.7652,0.9836,1,4.98,0,16.83,0,17.29,0,8.27,16.43,3.5,2.23,5.24,6.71,40,15
d_F88W_M255K_Y217Y_S1_G17,81,0.7844,0.7658,0.9887,1,1.06,0,15.05,0,33.6,0,25.16,33.05,5.22,2.49,2.46,2.46,46,18
d_F88W_M255K_Y217Y_S1_G17,82,0.7839,0.7702,0.986,0,5.13,0,15.52,0,21.56,0,11.22,19.62,4.35,5.03,5.75,6.05,39,17
d_F88W_M255K_Y217Y_S1_G17,83,0.7837,0.6949,0.9864,0,6.73,1,3.97,1,2.6,1,3.22,6.34,2.89,2.78,4.01,6.5,39,13
d_F88W_M255K_Y217Y_S1_G17,84,0.7833,0.6417,0.9842,0,5.12,0,8.84,0,19.07,0,8.83,17.05,3.1,2.21,2.06,4.52,38,11
d_F88W_M255K_Y217Y_S1_G17,85,0.7833,0.7503,0.9866,1,4.28,0,14.84,0,26.59,0,15.52,22.92,3.71,3.86,5.29,3.37,40,13
d_F88W_M255K_Y217Y_S1_G17,86,0.7825,0.7258,0.9862,1,2.54,0,17.09,0,24.42,0,13.45,21.36,6.25,5.71,4.63,2.32,42,17
d_F88W_M255K_Y217Y_S1_G17,87,0.7822,0.7157,0.9818,0,5.81,0,17.25,0,22.49,0,11.54,18.94,5.76,5.77,5.7,5.92,35,15
d_F88W_M255K_Y217Y_S1_G17,88,0.7814,0.6731,0.9852,0,6.15,1,4.6,1,3.83,1,2.86,6.49,4.2,3.85,3.77,5.69,38,12
d_F88W_M255K_Y217Y_S1_G17,89,0.7774,0.699,0.9849,0,6.4,0,16.89,0,14.42,0,6.59,14.81,4.14,5.4,5.19,5.93,39,11
d_F88W_M255K_Y217Y_S1_G17,9,0.8389,0.8619,0.9917,1,1.41,0,23.19,0,30.85,0,21.77,30.03,4.8,6.91,13.31,2.63,31,8
d_F88W_M255K_Y217Y_S1_G17,90,0.775,0.6842,0.9852,1,3.44,0,11.25,0,25.02,0,14.26,21.95,3.84,4.78,0.84,3.62,39,12
d_F88W_M255K_Y217Y_S1_G17,91,0.7748,0.6764,0.9819,1,2.62,0,17.64,0,22.68,0,12.99,21.34,5.76,5.09,5.6,4.03,34,13
d_F88W_M255K_Y217Y_S1_G17,92,0.7683,0.7806,0.9906,1,1.33,0,17.1,0,41.0,0,30.71,38.58,4.6,3.83,5.63,2.11,55,17
d_F88W_M255K_Y217Y_S1_G17,93,0.7667,0.6278,0.9841,1,2.52,0,18.38,0,30.76,0,22.68,31.07,4.81,4.81,9.68,2.93,35,13
d_F88W_M255K_Y217Y_S1_G17,94,0.7639,0.6179,0.9794,0,5.53,0,16.46,0,17.02,0,6.92,14.57,6.24,1.64,2.79,6.17,39,11
d_F88W_M255K_Y217Y_S1_G17,95,0.7576,0.6411,0.9843,1,1.85,0,16.5,0,23.93,0,14.48,22.47,4.6,5.82,6.92,2.61,47,18
d_F88W_M255K_Y217Y_S1_G17,96,0.7485,0.5651,0.9811,1,4.89,0,16.05,0,18.38,0,8.78,16.5,3.76,4.19,2.99,3.55,40,13
d_F88W_M255K_Y217Y_S1_G17,97,0.743,0.6018,0.9837,1,2.46,0,15.25,0,33.24,0,25.21,33.84,4.91,4.37,5.96,2.09,50,18
d_F88W_M255K_Y217Y_S1_G17,98,0.7327,0.5171,0.9794,1,2.52,0,17.11,0,21.77,0,12.91,20.37,5.55,3.17,8.27,3.45,36,14
d_F88W_M255K_Y217Y_S1_G17,99,0.7237,0.4673,0.9788,1,3.46,0,16.13,0,22.02,0,12.24,20.09,5.47,4.47,7.31,3.3,35,14
d_F88Y_M255K_Y217Y_S1_G17,0,0.8591,0.8832,0.9927,0,5.63,1,3.64,0,41.53,0,34.4,40.86,4.09,3.55,2.52,5.25,41,14
d_F88Y_M255K_Y217Y_S1_G17,1,0.8559,0.9408,0.9921,1,2.18,0,17.49,0,30.97,0,22.62,30.87,5.74,2.58,6.12,2.0,47,19
d_F88Y_M255K_Y217Y_S1_G17,10,0.8474,0.8733,0.9893,1,1.83,0,23.14,0,29.06,0,20.21,28.37,5.82,7.24,7.89,2.8,45,17
d_F88Y_M255K_Y217Y_S1_G17,11,0.8461,0.8545,0.988,1,3.81,0,13.16,0,17.06,0,7.58,15.78,3.43,4.25,3.26,5.6,42,12
d_F88Y_M255K_Y217Y_S1_G17,12,0.8461,0.8673,0.9914,1,1.7,0,17.08,0,34.96,0,24.99,33.57,4.56,4.68,9.74,2.12,36,12
d_F88Y_M255K_Y217Y_S1_G17,13,0.8435,0.8543,0.989,1,3.43,0,15.98,0,30.69,0,21.48,30.17,5.67,6.59,11.82,2.8,30,13
d_F88Y_M255K_Y217Y_S1_G17,14,0.841,0.8703,0.991,1,4.73,0,12.83,0,15.87,0,7.18,14.7,4.98,1.84,3.07,4.72,30,9
d_F88Y_M255K_Y217Y_S1_G17,15,0.8408,0.9145,0.9896,1,4.27,0,13.43,0,10.73,0,2.76,8.06,5.29,2.8,4.35,5.43,47,14
d_F88Y_M255K_Y217Y_S1_G17,16,0.8405,0.8436,0.9896,1,2.04,0,17.23,0,31.52,0,22.36,30.5,4.96,4.74,9.42,2.16,39,12
d_F88Y_M255K_Y217Y_S1_G17,17,0.8403,0.9192,0.9899,1,3.31,0,14.43,0,16.39,0,6.07,13.64,3.74,4.86,3.37,4.62,48,18
d_F88Y_M255K_Y217Y_S1_G17,18,0.8401,0.8446,0.9914,1,2.93,1,2.73,1,3.01,1,3.29,7.23,3.63,3.92,5.18,3.99,41,13
d_F88Y_M255K_Y217Y_S1_G17,19,0.8399,0.8036,0.9839,0,5.21,0,13.6,0,14.94,0,6.45,14.29,5.44,4.79,6.29,5.44,38,14
d_F88Y_M255K_Y217Y_S1_G17,2,0.8549,0.8759,0.9898,1,3.96,0,12.66,0,16.45,0,6.8,15.34,3.74,3.97,2.76,4.02,42,13
d_F88Y_M255K_Y217Y_S1_G17,20,0.8388,0.926,0.9912,1,4.07,0,16.55,0,16.1,0,5.2,13.05,5.35,3.4,4.18,4.83,44,17
d_F88Y_M255K_Y217Y_S1_G17,21,0.8384,0.8624,0.9923,1,2.24,1,3.04,1,2.43,1,3.49,7.28,3.23,4.86,3.75,4.14,48,12
d_F88Y_M255K_Y217Y_S1_G17,22,0.8381,0.8551,0.9911,1,2.06,0,19.96,0,28.38,0,18.9,27.85,5.98,7.39,7.87,2.75,48,20
d_F88Y_M255K_Y217Y_S1_G17,23,0.8378,0.9348,0.9904,0,6.55,0,15.48,1,1.87,0,4.29,7.09,7.14,4.34,4.51,6.54,41,17
d_F88Y_M255K_Y217Y_S1_G17,24,0.8374,0.8525,0.9913,1,1.51,0,17.46,0,32.88,0,24.41,32.16,6.01,4.36,9.16,2.6,38,10
d_F88Y_M255K_Y217Y_S1_G17,25,0.8369,0.8701,0.9918,1,1.24,0,17.04,0,32.08,0,24.45,31.85,5.15,4.54,10.23,2.33,41,13
d_F88Y_M255K_Y217Y_S1_G17,26,0.8365,0.8428,0.9914,0,5.74,1,4.46,1,2.86,1,4.3,7.68,4.31,1.66,4.81,5.58,39,14
d_F88Y_M255K_Y217Y_S1_G17,27,0.836,0.9209,0.9917,1,2.17,0,14.64,0,37.76,0,28.82,37.65,5.96,4.51,7.19,1.05,54,16
d_F88Y_M255K_Y217Y_S1_G17,28,0.8358,0.932,0.99,0,7.95,0,13.65,0,18.28,0,11.76,18.79,6.31,2.27,4.15,6.04,39,16
d_F88Y_M255K_Y217Y_S1_G17,29,0.8348,0.8687,0.9892,0,7.24,0,12.75,0,24.61,0,13.76,21.27,3.0,2.52,1.61,6.65,44,13
d_F88Y_M255K_Y217Y_S1_G17,3,0.8531,0.9303,0.9916,1,2.91,0,18.34,0,28.28,0,20.4,29.56,5.16,5.27,10.55,2.83,36,13
d_F88Y_M255K_Y217Y_S1_G17,30,0.8343,0.8708,0.9917,1,4.18,1,3.58,1,2.33,1,3.92,7.87,2.94,3.17,4.45,5.24,39,13
d_F88Y_M255K_Y217Y_S1_G17,31,0.8322,0.8778,0.9866,0,5.67,0,13.81,0,16.43,0,7.05,14.97,4.19,3.35,5.42,5.6,42,17
d_F88Y_M255K_Y217Y_S1_G17,32,0.8305,0.8381,0.9893,1,2.48,1,3.66,1,1.25,1,4.59,8.2,3.98,1.63,5.14,4.61,42,15
d_F88Y_M255K_Y217Y_S1_G17,33,0.8299,0.8721,0.9906,1,3.0,0,19.29,0,30.46,0,21.41,29.75,4.69,4.86,11.59,2.8,39,12
d_F88Y_M255K_Y217Y_S1_G17,34,0.829,0.8154,0.988,1,3.78,1,3.64,1,2.4,1,4.4,5.52,3.5,3.62,4.83,3.75,43,14
d_F88Y_M255K_Y217Y_S1_G17,35,0.8289,0.8816,0.9915,1,3.76,0,7.06,0,43.16,0,36.1,42.27,4.57,4.27,5.7,4.0,37,13
d_F88Y_M255K_Y217Y_S1_G17,36,0.8263,0.8937,0.9899,1,2.77,0,14.01,0,15.4,0,5.76,12.8,3.94,4.73,6.2,4.21,47,13
d_F88Y_M255K_Y217Y_S1_G17,37,0.8253,0.8422,0.99,1,3.81,1,3.21,1,4.24,1,2.83,5.74,3.14,3.56,2.81,6.87,39,12
d_F88Y_M255K_Y217Y_S1_G17,38,0.8247,0.8358,0.9904,1,2.85,1,2.16,1,2.9,1,3.29,5.56,3.11,2.7,2.01,5.61,40,14
d_F88Y_M255K_Y217Y_S1_G17,39,0.8243,0.8368,0.9897,1,3.06,1,4.15,1,3.95,1,3.26,6.96,3.86,4.09,3.58,5.78,38,13
d_F88Y_M255K_Y217Y_S1_G17,4,0.8528,0.9515,0.9915,1,2.0,0,14.57,0,22.86,0,17.27,25.48,5.68,4.01,3.56,3.12,41,17
d_F88Y_M255K_Y217Y_S1_G17,40,0.8242,0.8255,0.9889,0,5.24,1,2.38,0,5.09,0,3.74,7.28,3.63,3.8,4.35,3.98,40,13
d_F88Y_M255K_Y217Y_S1_G17,41,0.8239,0.8221,0.9892,0,6.98,1,3.12,1,3.82,1,5.08,6.53,4.24,3.91,3.6,6.56,41,14
d_F88Y_M255K_Y217Y_S1_G17,42,0.8235,0.816,0.9868,0,5.83,0,9.4,0,11.16,0,5.0,12.91,3.65,3.79,2.51,7.52,39,11
d_F88Y_M255K_Y217Y_S1_G17,43,0.8234,0.8419,0.9914,1,1.43,0,21.19,0,31.14,0,24.36,32.58,4.8,6.81,13.33,2.68,46,14
d_F88Y_M255K_Y217Y_S1_G17,44,0.8233,0.8178,0.9895,0,7.77,1,3.18,1,4.09,1,2.96,6.39,3.38,1.21,3.04,7.4,34,13
d_F88Y_M255K_Y217Y_S1_G17,45,0.823,0.8064,0.9884,0,5.25,0,9.24,0,9.02,0,2.58,10.44,4.15,2.33,2.81,4.92,35,9
d_F88Y_M255K_Y217Y_S1_G17,46,0.8222,0.7861,0.9873,1,2.19,0,21.28,0,30.96,0,23.19,30.74,6.32,7.27,12.52,2.27,34,11
d_F88Y_M255K_Y217Y_S1_G17,47,0.8218,0.8191,0.9894,1,2.41,0,11.93,0,40.84,0,30.83,39.78,6.67,6.05,11.13,2.79,43,13
d_F88Y_M255K_Y217Y_S1_G17,48,0.8214,0.9231,0.9907,1,3.93,0,18.33,0,15.91,0,9.64,17.31,5.76,4.32,6.93,2.6,41,15
d_F88Y_M255K_Y217Y_S1_G17,49,0.8206,0.8484,0.9856,0,7.37,0,7.65,0,43.54,0,36.06,42.37,6.56,4.5,4.32,6.16,42,18
d_F88Y_M255K_Y217Y_S1_G17,5,0.8515,0.8633,0.9887,1,4.5,0,13.22,0,14.57,0,5.97,14.06,4.99,5.39,2.62,5.94,35,13
d_F88Y_M255K_Y217Y_S1_G17,50,0.8204,0.8277,0.9882,0,6.69,0,13.59,0,44.7,0,37.33,43.94,5.47,4.44,6.64,5.28,30,17
d_F88Y_M255K_Y217Y_S1_G17,51,0.8201,0.9328,0.9926,1,1.9,0,15.73,0,30.27,0,21.36,30.27,4.1,2.66,8.24,2.08,50,18
d_F88Y_M255K_Y217Y_S1_G17,52,0.8189,0.7908,0.9874,1,2.45,1,2.68,1,4.01,1,4.28,7.38,3.68,2.38,3.04,3.97,43,14
d_F88Y_M255K_Y217Y_S1_G17,53,0.8189,0.8838,0.9897,1,1.73,0,17.04,0,21.26,0,11.76,19.31,4.82,5.44,6.27,1.46,45,19
d_F88Y_M255K_Y217Y_S1_G17,54,0.8185,0.791,0.9883,1,4.43,1,3.29,1,3.29,1,4.12,8.11,4.26,4.16,3.6,4.15,42,12
d_F88Y_M255K_Y217Y_S1_G17,55,0.8184,0.8463,0.9922,1,2.17,1,2.68,0,5.93,0,2.64,6.67,3.88,2.37,4.78,3.71,46,13
d_F88Y_M255K_Y217Y_S1_G17,56,0.8158,0.8094,0.9884,0,5.49,0,17.07,0,15.06,0,6.35,14.45,5.55,2.06,3.92,5.45,42,15
d_F88Y_M255K_Y217Y_S1_G17,57,0.8156,0.8246,0.9879,0,6.82,0,8.14,1,2.34,0,2.74,7.28,4.78,1.31,4.04,7.26,32,13
d_F88Y_M255K_Y217Y_S1_G17,58,0.8153,0.7839,0.9867,0,6.79,0,12.14,0,13.65,0,3.32,10.42,5.48,2.27,2.63,6.5,28,10
d_F88Y_M255K_Y217Y_S1_G17,59,0.8146,0.907,0.9902,0,8.23,0,10.39,1,2.58,0,3.69,6.19,5.0,1.41,3.73,5.49,37,16
d_F88Y_M255K_Y217Y_S1_G17,6,0.8502,0.8868,0.9922,1,2.34,0,17.66,0,27.96,0,19.02,27.71,5.37,4.88,9.64,2.56,34,11
d_F88Y_M255K_Y217Y_S1_G17,60,0.8145,0.836,0.9897,1,4.03,1,2.78,1,3.82,1,4.35,7.49,3.62,2.35,2.95,5.75,35,14
d_F88Y_M255K_Y217Y_S1_G17,61,0.8143,0.7955,0.9831,1,2.29,0,18.65,0,30.52,0,22.38,30.93,5.12,5.74,9.71,2.73,32,13
d_F88Y_M255K_Y217Y_S1_G17,62,0.8141,0.7921,0.9908,1,2.89,1,2.39,1,2.58,1,2.95,6.46,4.5,3.83,1.03,3.68,39,12
d_F88Y_M255K_Y217Y_S1_G17,63,0.8137,0.8939,0.9871,0,7.5,0,22.44,1,3.82,0,3.21,5.51,8.6,4.24,11.46,7.0,29,9
d_F88Y_M255K_Y217Y_S1_G17,64,0.8134,0.9021,0.988,0,6.03,0,19.52,1,4.03,0,2.4,6.29,6.0,5.58,12.48,6.16,28,14
d_F88Y_M255K_Y217Y_S1_G17,65,0.813,0.8204,0.985,0,7.23,0,16.39,0,16.58,0,5.89,13.64,4.0,3.3,4.44,6.43,48,15
d_F88Y_M255K_Y217Y_S1_G17,66,0.8123,0.8814,0.9895,0,5.94,0,13.43,0,14.76,0,5.2,13.14,5.6,4.25,6.45,6.27,33,13
d_F88Y_M255K_Y217Y_S1_G17,67,0.8118,0.8383,0.9854,1,3.31,0,15.87,0,17.11,0,6.86,14.12,5.01,4.25,5.74,2.37,50,19
d_F88Y_M255K_Y217Y_S1_G17,68,0.8114,0.7021,0.9823,0,7.83,0,12.8,0,11.83,0,2.54,10.68,5.74,1.61,4.28,6.24,40,11
d_F88Y_M255K_Y217Y_S1_G17,69,0.8113,0.782,0.9861,0,6.99,1,3.25,1,3.9,1,3.76,6.38,3.62,4.6,2.37,6.69,36,14
d_F88Y_M255K_Y217Y_S1_G17,7,0.8492,0.8699,0.9897,0,5.21,0,11.45,0,15.2,0,5.58,13.57,5.48,3.63,2.97,5.8,47,15
d_F88Y_M255K_Y217Y_S1_G17,70,0.8089,0.8002,0.9876,1,2.91,0,23.3,0,26.63,0,18.26,26.68,5.97,6.12,5.94,2.94,50,16
d_F88Y_M255K_Y217Y_S1_G17,71,0.8088,0.7904,0.9887,1,2.2,1,2.79,1,2.01,1,3.0,6.95,3.05,1.62,3.46,4.19,42,12
d_F88Y_M255K_Y217Y_S1_G17,72,0.8087,0.8247,0.9869,1,4.6,0,13.62,0,17.12,0,6.65,14.62,3.71,4.96,5.44,5.2,39,15
d_F88Y_M255K_Y217Y_S1_G17,73,0.8078,0.7943,0.989,1,2.67,1,3.32,1,4.08,1,3.11,7.13,4.1,3.88,3.62,7.01,38,12
d_F88Y_M255K_Y217Y_S1_G17,74,0.8059,0.8027,0.9883,0,6.81,1,3.09,1,4.55,1,4.07,6.41,2.86,2.22,1.8,6.78,41,12
d_F88Y_M255K_Y217Y_S1_G17,75,0.8056,0.7785,0.9885,1,2.22,0,20.06,0,26.43,0,16.84,25.25,5.65,6.56,9.13,2.63,29,11
d_F88Y_M255K_Y217Y_S1_G17,76,0.8048,0.759,0.9874,1,3.43,1,3.01,1,2.79,1,3.05,4.48,4.05,6.27,4.94,4.84,43,15
d_F88Y_M255K_Y217Y_S1_G17,77,0.8027,0.7764,0.9875,1,3.84,1,3.72,1,4.64,1,2.71,6.72,4.3,3.19,2.48,5.55,34,12
d_F88Y_M255K_Y217Y_S1_G17,78,0.8018,0.8518,0.9874,0,6.68,0,18.24,0,13.87,0,6.83,11.48,6.19,4.54,5.83,5.22,45,19
d_F88Y_M255K_Y217Y_S1_G17,79,0.8013,0.7799,0.9826,0,5.49,0,14.19,0,45.37,0,37.52,43.6,2.8,4.94,6.34,4.85,43,17
d_F88Y_M255K_Y217Y_S1_G17,8,0.8487,0.8521,0.9914,0,5.22,0,13.22,0,7.03,0,3.89,9.91,4.25,3.03,4.29,6.21,43,14
d_F88Y_M255K_Y217Y_S1_G17,80,0.7993,0.7729,0.9877,1,2.26,1,3.19,0,5.52,0,3.38,6.54,3.51,3.58,2.89,4.83,40,13
d_F88Y_M255K_Y217Y_S1_G17,81,0.7932,0.7103,0.9817,1,4.14,0,13.97,0,14.38,0,5.82,13.69,5.36,3.04,5.73,4.76,29,10
d_F88Y_M255K_Y217Y_S1_G17,82,0.793,0.7237,0.9856,0,7.22,1,3.65,1,2.35,1,3.24,6.34,3.35,3.56,3.22,6.51,39,12
d_F88Y_M255K_Y217Y_S1_G17,83,0.7928,0.8361,0.9867,1,2.5,0,15.35,0,36.69,0,27.24,35.93,6.84,4.64,7.08,2.49,55,16
d_F88Y_M255K_Y217Y_S1_G17,84,0.7914,0.7204,0.9818,0,6.01,0,12.99,0,20.9,0,13.18,21.13,3.51,3.09,3.91,3.59,44,13
d_F88Y_M255K_Y217Y_S1_G17,85,0.7911,0.7614,0.9877,1,4.61,0,5.68,0,40.15,0,34.17,39.3,4.08,3.45,3.79,4.85,49,13
d_F88Y_M255K_Y217Y_S1_G17,86,0.7908,0.829,0.9895,1,1.36,0,13.82,0,40.05,0,31.03,39.08,4.68,5.07,6.25,1.77,57,15
d_F88Y_M255K_Y217Y_S1_G17,87,0.7884,0.8577,0.9883,1,1.83,0,16.47,0,35.61,0,28.19,36.54,6.36,3.24,7.67,1.11,56,18
d_F88Y_M255K_Y217Y_S1_G17,88,0.788,0.7507,0.9861,1,3.61,0,18.02,0,15.64,0,6.55,14.95,4.39,3.93,12.42,2.59,35,12
d_F88Y_M255K_Y217Y_S1_G17,89,0.787,0.7522,0.9843,0,6.29,0,15.8,0,6.5,0,2.96,6.54,5.54,3.76,3.71,7.11,33,15
d_F88Y_M255K_Y217Y_S1_G17,9,0.8482,0.8712,0.9905,1,2.94,0,22.54,0,28.31,0,18.99,28.05,5.7,6.29,12.2,2.43,30,9
d_F88Y_M255K_Y217Y_S1_G17,90,0.7869,0.7872,0.9869,1,1.32,0,15.7,0,38.3,0,28.5,36.22,5.04,5.74,6.54,1.83,50,17
d_F88Y_M255K_Y217Y_S1_G17,91,0.7838,0.7229,0.9874,1,3.0,1,3.82,1,3.52,1,3.94,6.84,3.87,4.74,4.14,5.25,39,11
d_F88Y_M255K_Y217Y_S1_G17,92,0.7835,0.7804,0.9895,1,2.38,0,17.53,0,23.79,0,16.51,24.87,5.35,5.82,9.67,2.13,33,14
d_F88Y_M255K_Y217Y_S1_G17,93,0.7799,0.7083,0.9859,0,6.48,1,3.25,1,2.78,1,5.08,6.76,3.31,2.17,2.87,6.44,36,12
d_F88Y_M255K_Y217Y_S1_G17,94,0.7788,0.7989,0.9846,0,5.51,0,8.3,0,45.26,0,37.8,43.54,3.49,3.45,2.81,5.61,40,14
d_F88Y_M255K_Y217Y_S1_G17,95,0.7781,0.7265,0.9863,1,2.09,0,18.11,0,30.73,0,22.0,30.07,4.22,6.03,11.01,2.41,34,13
d_F88Y_M255K_Y217Y_S1_G17,96,0.7773,0.7323,0.9892,0,8.04,0,5.09,0,42.03,0,34.49,40.76,4.64,4.17,2.69,6.76,44,14
d_F88Y_M255K_Y217Y_S1_G17,97,0.776,0.6917,0.9857,0,5.81,1,3.57,1,2.15,1,2.84,7.28,2.31,4.07,2.71,6.59,39,11
d_F88Y_M255K_Y217Y_S1_G17,98,0.7564,0.683,0.9854,1,2.27,0,16.91,0,37.54,0,29.57,37.9,6.62,3.23,6.05,0.81,51,18
d_F88Y_M255K_Y217Y_S1_G17,99,0.753,0.7086,0.9837,1,2.87,0,16.39,0,36.49,0,27.67,36.01,6.06,4.07,7.33,2.35,55,18
sm_TrackF_F88Y_S1_G17,0,0.8471,0.831,0.9889,1,1.98,0,13.06,0,29.75,0,21.28,29.07,0.36,2.69,7.59,2.88,29,9
sm_TrackF_F88Y_S1_G17,1,0.836,0.8377,0.9888,1,2.54,0,12.03,0,18.0,0,7.9,14.75,1.48,4.45,3.42,3.68,32,10
sm_TrackF_F88Y_S1_G17,10,0.8222,0.7867,0.986,1,2.91,0,12.82,0,13.94,0,7.18,13.14,1.96,3.98,4.89,3.44,27,9
sm_TrackF_F88Y_S1_G17,11,0.8187,0.8967,0.9871,0,5.31,0,11.0,1,2.38,0,2.85,7.07,0.9,3.25,2.98,5.09,50,17
sm_TrackF_F88Y_S1_G17,12,0.8186,0.8174,0.9888,0,5.89,0,12.89,0,13.99,0,8.67,14.72,1.34,3.57,3.03,6.66,27,9
sm_TrackF_F88Y_S1_G17,13,0.8183,0.8022,0.9874,1,2.54,1,3.35,1,1.26,1,3.3,5.64,0.49,2.09,5.15,3.88,40,13
sm_TrackF_F88Y_S1_G17,14,0.8151,0.761,0.9861,1,3.98,0,15.1,0,17.27,0,8.51,15.1,3.36,3.25,6.05,3.48,29,7
sm_TrackF_F88Y_S1_G17,15,0.8148,0.7944,0.9868,1,2.6,1,2.26,1,1.3,1,3.47,3.57,1.19,4.13,5.95,4.07,46,14
sm_TrackF_F88Y_S1_G17,16,0.8143,0.789,0.9864,1,4.71,1,3.94,1,2.1,1,4.71,2.63,0.33,4.41,5.3,2.82,48,15
sm_TrackF_F88Y_S1_G17,17,0.8141,0.8163,0.9875,1,2.95,1,2.67,1,2.8,1,3.22,7.35,2.52,3.45,4.82,3.38,42,13
sm_TrackF_F88Y_S1_G17,18,0.8136,0.7969,0.9875,1,3.92,0,10.92,0,15.55,0,8.96,15.76,2.32,4.42,3.17,3.71,32,8
sm_TrackF_F88Y_S1_G17,19,0.8128,0.8225,0.9896,1,2.96,1,4.02,1,2.75,1,4.38,6.37,1.27,3.09,4.76,3.49,37,12
sm_TrackF_F88Y_S1_G17,2,0.8336,0.9176,0.9908,1,3.28,0,5.74,0,33.14,0,32.64,34.83,1.9,4.21,6.68,6.21,28,12
sm_TrackF_F88Y_S1_G17,20,0.8128,0.814,0.9874,1,2.95,1,4.0,1,2.49,1,3.34,6.36,3.02,4.19,5.34,4.53,42,14
sm_TrackF_F88Y_S1_G17,21,0.8127,0.7549,0.9835,1,4.02,0,15.11,0,16.52,0,6.6,13.39,2.97,4.1,8.06,4.02,26,9
sm_TrackF_F88Y_S1_G17,22,0.8104,0.7566,0.9893,1,1.91,0,18.74,0,31.69,0,24.39,30.91,1.38,2.32,7.92,2.62,26,7
sm_TrackF_F88Y_S1_G17,23,0.8101,0.7815,0.9867,1,3.78,1,4.01,1,3.17,1,1.31,5.85,1.85,2.0,5.17,4.23,43,12
sm_TrackF_F88Y_S1_G17,24,0.8099,0.7641,0.9855,0,7.58,1,3.74,1,2.69,1,3.76,6.35,2.57,3.03,2.74,6.59,41,12
sm_TrackF_F88Y_S1_G17,25,0.8098,0.782,0.9875,1,2.67,1,3.07,1,1.59,1,3.62,4.05,1.32,3.74,5.94,3.88,37,11
sm_TrackF_F88Y_S1_G17,26,0.8096,0.7964,0.9887,1,3.79,1,3.63,1,0.56,1,2.67,5.51,0.95,4.58,5.13,3.95,45,14
sm_TrackF_F88Y_S1_G17,27,0.809,0.8767,0.9852,1,1.38,0,16.2,0,33.68,0,26.26,31.95,1.6,3.14,3.35,1.21,35,16
sm_TrackF_F88Y_S1_G17,28,0.809,0.7968,0.9857,1,4.97,1,2.14,1,3.08,1,2.09,6.82,1.42,4.92,5.05,5.73,46,13
sm_TrackF_F88Y_S1_G17,29,0.8086,0.77,0.9873,1,3.12,1,3.94,1,3.57,1,3.52,4.03,1.56,1.77,4.9,4.27,42,11
sm_TrackF_F88Y_S1_G17,3,0.8291,0.7943,0.9865,1,3.38,0,12.9,0,16.92,0,6.97,13.49,3.27,2.68,6.65,3.52,30,8
sm_TrackF_F88Y_S1_G17,30,0.808,0.7988,0.9875,1,2.65,1,3.73,1,2.35,1,1.67,4.45,0.64,4.21,4.27,3.85,43,13
sm_TrackF_F88Y_S1_G17,31,0.8079,0.832,0.9847,1,3.84,0,9.63,0,36.08,0,36.93,37.22,2.02,1.86,5.27,3.58,27,10
sm_TrackF_F88Y_S1_G17,32,0.8073,0.782,0.9853,1,2.4,1,4.3,1,2.5,1,4.28,5.61,2.47,4.1,5.62,3.52,40,13
sm_TrackF_F88Y_S1_G17,33,0.8062,0.7742,0.9849,1,3.67,1,3.4,1,2.78,1,2.47,2.73,1.44,4.7,4.65,3.91,39,13
sm_TrackF_F88Y_S1_G17,34,0.8061,0.7788,0.9862,1,3.24,1,2.87,1,4.05,1,2.08,4.28,3.09,4.96,5.01,4.54,47,16
sm_TrackF_F88Y_S1_G17,35,0.8051,0.7546,0.9842,1,3.59,1,4.08,1,2.87,1,1.84,5.91,2.64,2.95,5.14,4.95,45,14
sm_TrackF_F88Y_S1_G17,36,0.8048,0.8857,0.9848,0,6.94,0,18.5,1,2.16,0,1.49,5.61,0.74,4.4,11.14,6.58,34,12
sm_TrackF_F88Y_S1_G17,37,0.8045,0.7652,0.9861,1,3.29,1,2.98,1,2.06,1,1.72,3.78,0.36,3.39,2.56,5.18,46,13
sm_TrackF_F88Y_S1_G17,38,0.8043,0.7932,0.9874,1,2.89,1,3.77,1,2.48,1,3.63,2.98,2.73,4.87,4.58,4.27,46,15
sm_TrackF_F88Y_S1_G17,39,0.8041,0.7577,0.9847,1,3.17,1,3.2,1,3.62,1,2.12,2.01,1.42,2.97,5.43,4.1,37,13
sm_TrackF_F88Y_S1_G17,4,0.8283,0.8187,0.99,1,2.42,0,12.59,0,29.58,0,21.57,27.87,1.86,4.26,3.25,3.16,29,11
sm_TrackF_F88Y_S1_G17,40,0.804,0.7827,0.9871,1,2.83,1,3.61,1,3.38,1,4.14,4.84,2.83,3.72,4.32,5.01,46,12
sm_TrackF_F88Y_S1_G17,41,0.8028,0.7632,0.9859,1,2.03,1,2.66,1,1.74,1,0.27,3.54,2.86,2.92,3.58,4.1,49,14
sm_TrackF_F88Y_S1_G17,42,0.802,0.7196,0.982,1,3.21,0,10.27,0,17.39,0,5.97,13.08,3.15,2.44,3.88,5.61,32,10
sm_TrackF_F88Y_S1_G17,43,0.8018,0.7507,0.9843,1,4.17,0,12.48,0,17.0,0,7.53,13.28,2.01,3.98,4.54,3.7,31,7
sm_TrackF_F88Y_S1_G17,44,0.8017,0.7626,0.9866,1,4.5,1,3.66,1,3.9,1,2.06,5.46,2.48,2.8,4.35,5.55,45,14
sm_TrackF_F88Y_S1_G17,45,0.8014,0.7827,0.985,1,3.33,0,5.05,1,1.76,0,2.08,1.99,3.15,5.51,5.99,4.75,39,13
sm_TrackF_F88Y_S1_G17,46,0.8012,0.7242,0.9835,0,7.76,1,3.36,1,2.9,1,4.16,3.0,1.9,3.66,4.87,6.63,36,13
sm_TrackF_F88Y_S1_G17,47,0.8011,0.7899,0.987,1,2.6,1,2.97,1,2.4,1,4.14,3.22,1.47,3.11,4.83,4.11,45,13
sm_TrackF_F88Y_S1_G17,48,0.8001,0.6781,0.9852,1,2.37,0,14.14,0,29.0,0,22.86,29.39,1.47,2.65,2.09,1.83,33,9
sm_TrackF_F88Y_S1_G17,49,0.7982,0.8024,0.9857,0,6.13,1,2.94,0,16.56,0,11.42,17.88,1.91,3.92,3.83,6.83,36,11
sm_TrackF_F88Y_S1_G17,5,0.828,0.8249,0.9879,0,5.79,1,4.46,1,2.45,1,4.1,3.35,1.82,2.13,3.44,5.82,41,13
sm_TrackF_F88Y_S1_G17,50,0.798,0.7533,0.9865,1,2.88,1,3.41,1,2.81,1,3.0,4.19,2.02,2.58,5.54,3.25,39,13
sm_TrackF_F88Y_S1_G17,51,0.7976,0.7409,0.9845,1,2.83,1,4.06,1,3.65,1,2.74,4.78,1.17,3.0,5.07,4.83,37,12
sm_TrackF_F88Y_S1_G17,52,0.7966,0.7382,0.9849,1,2.17,1,3.92,1,2.82,1,1.97,4.85,2.69,4.84,3.87,4.85,36,12
sm_TrackF_F88Y_S1_G17,53,0.7958,0.757,0.9844,0,7.7,0,13.95,0,11.34,0,6.0,11.16,3.41,4.84,7.53,6.86,29,12
sm_TrackF_F88Y_S1_G17,54,0.7955,0.7538,0.9839,1,2.8,1,4.84,1,3.3,1,2.18,3.84,2.94,2.8,5.56,4.6,41,14
sm_TrackF_F88Y_S1_G17,55,0.7943,0.739,0.9852,1,3.26,0,5.21,1,2.14,0,3.85,3.85,0.69,2.98,4.49,4.49,44,13
sm_TrackF_F88Y_S1_G17,56,0.7937,0.6854,0.9866,1,2.36,0,13.04,0,31.39,0,25.21,31.5,1.07,3.78,3.56,3.09,35,10
sm_TrackF_F88Y_S1_G17,57,0.7937,0.7289,0.9831,1,2.96,1,3.05,1,2.52,1,2.9,6.56,1.74,1.5,4.23,5.01,40,12
sm_TrackF_F88Y_S1_G17,58,0.7936,0.7166,0.9832,1,3.58,1,3.44,1,2.76,1,3.15,1.27,2.01,2.81,5.33,4.32,37,14
sm_TrackF_F88Y_S1_G17,59,0.792,0.7546,0.9864,1,2.98,1,4.04,1,2.5,1,3.73,3.51,0.99,4.72,4.79,4.53,45,14
sm_TrackF_F88Y_S1_G17,6,0.8253,0.8575,0.9907,1,2.14,0,10.27,0,31.87,0,23.44,29.16,2.13,2.83,4.84,2.49,36,13
sm_TrackF_F88Y_S1_G17,60,0.792,0.7416,0.9811,1,2.32,0,20.53,0,27.61,0,20.17,26.9,0.92,5.08,5.05,2.69,33,16
sm_TrackF_F88Y_S1_G17,61,0.792,0.734,0.9827,1,2.01,1,4.12,1,2.42,1,3.62,3.95,2.17,2.88,3.95,4.78,42,14
sm_TrackF_F88Y_S1_G17,62,0.7914,0.7204,0.9841,0,6.46,1,3.81,1,1.85,1,5.21,5.69,3.2,5.85,3.39,6.47,42,12
sm_TrackF_F88Y_S1_G17,63,0.79,0.7386,0.9848,1,3.69,1,3.89,1,1.81,1,3.21,3.11,0.66,2.73,4.17,5.29,40,13
sm_TrackF_F88Y_S1_G17,64,0.7897,0.6979,0.9828,0,6.55,1,4.36,1,2.11,1,3.38,5.95,0.53,4.64,4.85,5.94,41,13
sm_TrackF_F88Y_S1_G17,65,0.7889,0.8087,0.9845,1,1.45,0,12.68,0,37.43,0,29.84,36.59,2.6,4.13,5.13,1.85,42,15
sm_TrackF_F88Y_S1_G17,66,0.7877,0.7295,0.9819,0,7.3,1,3.1,1,2.09,1,3.47,1.17,1.54,3.97,5.02,6.96,39,14
sm_TrackF_F88Y_S1_G17,67,0.7865,0.8421,0.9894,1,3.74,0,7.81,1,2.53,0,2.59,5.83,0.8,2.52,3.2,4.23,51,19
sm_TrackF_F88Y_S1_G17,68,0.7865,0.6982,0.9854,1,2.25,1,3.5,1,2.29,1,1.87,3.24,2.0,7.14,4.76,4.51,37,12
sm_TrackF_F88Y_S1_G17,69,0.7851,0.6798,0.9812,0,5.73,1,4.09,1,3.18,1,1.78,3.54,2.16,3.77,4.57,5.96,42,13
sm_TrackF_F88Y_S1_G17,7,0.8239,0.8098,0.9902,1,1.62,0,13.06,0,32.73,0,23.23,31.11,4.03,4.49,5.5,1.36,36,12
sm_TrackF_F88Y_S1_G17,70,0.7848,0.706,0.9837,1,2.62,1,3.67,1,2.94,1,5.03,2.09,1.72,2.27,4.48,4.97,43,14
sm_TrackF_F88Y_S1_G17,71,0.783,0.7013,0.9816,1,2.34,1,4.49,1,2.52,1,2.9,5.38,2.62,4.11,4.31,4.66,44,13
sm_TrackF_F88Y_S1_G17,72,0.7819,0.6809,0.9853,1,3.0,1,3.44,1,2.74,1,2.61,2.54,2.27,2.99,5.02,4.37,35,15
sm_TrackF_F88Y_S1_G17,73,0.7803,0.7309,0.9839,1,3.46,1,3.36,0,24.88,0,16.86,23.35,2.83,3.66,5.46,4.52,39,13
sm_TrackF_F88Y_S1_G17,74,0.7802,0.7661,0.9848,0,7.14,0,13.13,0,7.33,0,3.98,8.5,2.01,4.42,4.26,5.34,39,13
sm_TrackF_F88Y_S1_G17,75,0.7785,0.7326,0.9857,1,2.85,1,2.66,1,1.14,1,2.49,2.78,2.02,2.27,2.85,5.43,40,14
sm_TrackF_F88Y_S1_G17,76,0.7781,0.7103,0.9844,1,3.31,1,4.48,1,2.03,1,3.5,6.02,1.59,4.54,4.86,3.96,41,13
sm_TrackF_F88Y_S1_G17,77,0.7765,0.7705,0.9815,1,2.17,0,20.86,0,17.47,0,13.09,19.63,1.75,2.76,4.15,3.79,34,14
sm_TrackF_F88Y_S1_G17,78,0.7748,0.6822,0.983,0,5.26,0,16.59,0,10.6,0,5.48,10.15,2.77,3.13,4.85,4.7,34,13
sm_TrackF_F88Y_S1_G17,79,0.7737,0.7119,0.9837,1,2.96,1,3.57,1,3.93,1,4.37,2.99,2.85,3.15,6.33,4.72,39,13
sm_TrackF_F88Y_S1_G17,8,0.8237,0.855,0.9898,1,3.74,0,15.98,0,17.19,0,7.81,14.44,2.64,2.95,2.56,3.78,29,11
sm_TrackF_F88Y_S1_G17,80,0.7737,0.6286,0.9802,1,2.42,0,17.51,0,35.49,0,26.4,34.53,2.12,7.26,12.14,2.32,49,13
sm_TrackF_F88Y_S1_G17,81,0.773,0.652,0.9835,1,3.15,1,4.07,1,3.02,1,2.5,3.92,1.55,4.02,4.66,5.07,38,13
sm_TrackF_F88Y_S1_G17,82,0.7728,0.6975,0.9769,1,4.92,0,9.1,1,3.65,0,2.95,2.9,1.54,3.54,1.85,4.79,52,18
sm_TrackF_F88Y_S1_G17,83,0.772,0.7771,0.9824,1,4.97,0,11.24,1,2.5,0,3.84,4.87,2.16,2.53,2.49,4.77,51,19
sm_TrackF_F88Y_S1_G17,84,0.7715,0.7515,0.9801,1,3.23,0,18.84,0,22.02,0,12.01,17.81,1.82,1.62,7.39,3.42,27,11
sm_TrackF_F88Y_S1_G17,85,0.7708,0.6878,0.9801,1,3.74,0,15.88,0,17.89,0,7.52,14.43,3.37,3.46,3.02,2.91,35,10
sm_TrackF_F88Y_S1_G17,86,0.7693,0.6672,0.983,1,2.79,1,4.17,1,4.13,1,2.63,1.04,1.72,2.84,5.04,3.96,37,12
sm_TrackF_F88Y_S1_G17,87,0.7665,0.6644,0.9833,1,2.83,1,3.31,1,2.91,1,8.63,12.04,0.77,2.88,4.49,3.67,38,14
sm_TrackF_F88Y_S1_G17,88,0.7629,0.6333,0.981,0,5.09,1,4.46,1,2.92,1,2.12,4.15,1.33,1.37,4.32,6.1,39,13
sm_TrackF_F88Y_S1_G17,89,0.7628,0.6969,0.9835,1,2.91,1,3.47,0,23.7,0,19.19,24.62,1.02,3.84,4.29,3.96,37,13
sm_TrackF_F88Y_S1_G17,9,0.8222,0.8061,0.9884,1,3.19,0,14.42,0,17.17,0,7.7,15.63,1.04,3.72,8.01,3.46,29,9
sm_TrackF_F88Y_S1_G17,90,0.7611,0.6157,0.9779,1,1.98,0,14.18,0,32.37,0,25.23,32.17,1.64,4.06,5.03,2.02,29,12
sm_TrackF_F88Y_S1_G17,91,0.7567,0.6212,0.98,0,7.37,1,3.98,1,1.72,1,4.49,1.52,2.36,3.19,4.16,6.93,40,13
sm_TrackF_F88Y_S1_G17,92,0.7514,0.5892,0.9824,1,2.14,1,3.98,1,3.3,1,2.24,3.91,1.28,2.2,4.25,3.7,39,12
sm_TrackF_F88Y_S1_G17,93,0.751,0.5902,0.9811,1,2.63,1,4.02,0,7.17,0,2.22,3.76,0.47,1.63,3.44,4.0,38,14
sm_TrackF_F88Y_S1_G17,94,0.751,0.6015,0.9822,1,3.51,1,3.25,1,2.39,1,3.62,5.96,1.7,1.99,4.92,4.55,36,13
sm_TrackF_F88Y_S1_G17,95,0.7504,0.593,0.9813,1,4.42,1,3.22,1,1.92,1,3.48,4.78,1.4,2.46,4.17,3.89,41,12
sm_TrackF_F88Y_S1_G17,96,0.7499,0.7236,0.9808,0,6.45,0,5.59,1,1.48,0,3.38,1.88,1.82,5.29,3.98,5.07,46,18
sm_TrackF_F88Y_S1_G17,97,0.7438,0.6229,0.9784,1,1.7,0,16.39,0,36.39,0,28.4,36.1,1.37,4.58,9.06,2.96,55,12
sm_TrackF_F88Y_S1_G17,98,0.741,0.6332,0.9756,1,3.55,0,19.86,0,19.77,0,12.56,18.88,2.71,3.48,3.99,4.3,34,14
sm_TrackF_F88Y_S1_G17,99,0.7057,0.4931,0.9732,1,4.66,0,18.87,0,19.05,0,13.26,20.12,1.78,3.05,5.78,4.87,31,14
sm_WT_F88Y_S1_G17,0,0.8554,0.8428,0.9885,1,0.99,0,25.67,0,27.09,0,21.17,26.22,2.21,3.19,10.75,2.67,39,10
sm_WT_F88Y_S1_G17,1,0.8502,0.7926,0.9844,0,5.68,0,24.59,0,24.15,0,18.94,24.22,0.3,3.96,9.57,4.37,32,8
sm_WT_F88Y_S1_G17,10,0.8402,0.7824,0.987,1,1.06,0,21.36,0,32.25,0,26.06,30.86,3.82,3.18,10.92,3.1,34,10
sm_WT_F88Y_S1_G17,11,0.8402,0.9398,0.9903,0,5.08,0,14.02,1,2.57,0,2.04,2.81,1.87,3.19,7.03,5.05,40,15
sm_WT_F88Y_S1_G17,12,0.84,0.9018,0.986,0,5.06,0,13.97,1,2.59,0,1.6,4.28,1.37,2.21,3.41,3.93,40,15
sm_WT_F88Y_S1_G17,13,0.8372,0.7981,0.9871,1,1.61,0,23.67,0,26.61,0,19.74,26.3,1.17,6.22,12.07,2.13,32,9
sm_WT_F88Y_S1_G17,14,0.8366,0.8234,0.9834,0,6.08,0,5.98,0,29.89,0,28.95,30.15,2.16,2.4,4.74,5.84,36,11
sm_WT_F88Y_S1_G17,15,0.836,0.8952,0.985,1,3.19,0,12.03,1,2.65,0,2.64,2.94,0.91,2.23,3.39,2.99,48,18
sm_WT_F88Y_S1_G17,16,0.8359,0.831,0.9862,0,5.5,1,2.99,0,30.71,0,33.21,33.33,2.24,2.73,3.54,5.84,42,10
sm_WT_F88Y_S1_G17,17,0.8352,0.848,0.9864,1,3.21,0,33.06,0,22.7,0,15.5,21.14,3.16,6.27,11.47,4.68,28,8
sm_WT_F88Y_S1_G17,18,0.8349,0.9079,0.9862,0,5.59,0,13.42,1,2.91,0,1.99,2.79,1.54,1.51,3.16,3.36,49,18
sm_WT_F88Y_S1_G17,19,0.8334,0.9171,0.9872,0,5.48,0,13.67,1,3.03,0,2.82,5.22,0.88,2.56,3.64,4.02,45,20
sm_WT_F88Y_S1_G17,2,0.8492,0.8294,0.9878,1,1.91,0,5.99,0,28.53,0,21.28,27.07,1.7,1.4,1.79,1.97,46,13
sm_WT_F88Y_S1_G17,20,0.833,0.8077,0.9855,0,6.53,1,4.14,0,27.17,0,27.38,27.96,1.81,1.49,2.29,5.75,40,12
sm_WT_F88Y_S1_G17,21,0.8319,0.8366,0.9872,1,2.97,1,4.06,1,3.52,1,2.32,6.95,3.66,3.01,3.28,5.94,43,15
sm_WT_F88Y_S1_G17,22,0.8318,0.8039,0.9865,1,3.1,1,4.94,1,2.81,1,1.11,5.14,3.02,2.68,3.33,5.66,40,14
sm_WT_F88Y_S1_G17,23,0.8317,0.8699,0.9827,1,4.7,0,12.3,1,3.12,0,2.14,2.8,0.57,2.05,3.26,2.23,49,19
sm_WT_F88Y_S1_G17,24,0.8293,0.9029,0.9869,1,3.57,0,8.59,0,36.08,0,39.1,36.46,1.65,1.82,5.14,3.34,23,11
sm_WT_F88Y_S1_G17,25,0.8281,0.8491,0.9891,1,2.46,0,5.08,1,2.8,0,2.59,6.26,3.65,3.27,3.32,6.63,42,13
sm_WT_F88Y_S1_G17,26,0.827,0.9062,0.9891,1,4.77,0,9.21,0,36.05,0,39.14,36.45,2.75,2.87,5.21,3.73,27,13
sm_WT_F88Y_S1_G17,27,0.8265,0.8554,0.981,1,3.12,0,18.0,0,21.36,0,16.43,21.72,3.05,3.13,6.06,1.99,38,17
sm_WT_F88Y_S1_G17,28,0.826,0.8634,0.9813,1,4.38,0,12.18,0,11.62,0,12.5,18.8,2.85,1.74,8.02,5.08,32,10
sm_WT_F88Y_S1_G17,29,0.8257,0.8799,0.9853,0,5.49,0,12.13,1,2.21,0,2.41,6.7,2.43,2.38,3.22,3.46,43,20
sm_WT_F88Y_S1_G17,3,0.8485,0.9272,0.9892,1,4.37,0,14.25,1,1.45,0,1.75,4.51,2.68,2.46,2.99,1.73,47,20
sm_WT_F88Y_S1_G17,30,0.825,0.8351,0.9864,1,2.68,1,1.86,1,3.18,1,1.98,2.8,2.11,2.64,7.05,3.64,36,11
sm_WT_F88Y_S1_G17,31,0.8248,0.8292,0.9868,1,2.65,1,2.95,1,2.31,1,1.82,6.8,3.42,2.84,3.5,6.25,40,13
sm_WT_F88Y_S1_G17,32,0.8246,0.841,0.984,1,3.92,0,9.68,0,36.37,0,40.14,36.99,2.51,1.95,4.86,4.16,28,10
sm_WT_F88Y_S1_G17,33,0.8246,0.9193,0.9891,1,1.95,0,10.18,0,38.98,0,30.85,36.54,3.23,2.77,3.84,2.68,62,20
sm_WT_F88Y_S1_G17,34,0.8245,0.8171,0.9855,1,2.87,0,5.03,1,2.29,0,1.94,6.18,2.76,3.19,3.99,4.28,43,13
sm_WT_F88Y_S1_G17,35,0.8245,0.8811,0.985,1,3.33,0,18.78,0,22.38,0,13.63,19.43,1.14,1.97,4.36,1.24,49,18
sm_WT_F88Y_S1_G17,36,0.823,0.8019,0.9853,1,2.61,0,5.54,1,2.44,0,3.02,1.11,4.04,2.46,4.35,6.06,39,12
sm_WT_F88Y_S1_G17,37,0.8225,0.8168,0.9859,1,3.24,1,2.65,1,2.88,1,1.78,5.49,2.5,3.29,2.89,5.68,43,12
sm_WT_F88Y_S1_G17,38,0.822,0.879,0.9847,0,9.22,0,9.27,1,2.21,0,2.18,6.89,2.57,2.09,3.54,5.96,39,15
sm_WT_F88Y_S1_G17,39,0.8211,0.8232,0.987,1,1.96,1,4.34,1,2.68,1,2.19,6.46,3.51,3.52,3.46,5.38,44,13
sm_WT_F88Y_S1_G17,4,0.8485,0.8808,0.987,0,6.07,1,3.67,0,18.66,0,15.59,19.85,2.35,1.95,3.6,5.33,41,13
sm_WT_F88Y_S1_G17,40,0.8211,0.7334,0.983,1,1.64,0,19.26,0,30.37,0,24.47,30.13,5.1,4.05,10.58,2.33,39,11
sm_WT_F88Y_S1_G17,41,0.821,0.8206,0.9865,0,5.79,0,6.22,0,44.43,0,38.3,42.29,3.65,2.0,3.85,5.65,39,15
sm_WT_F88Y_S1_G17,42,0.82,0.7982,0.9857,0,5.66,1,3.56,0,33.19,0,34.51,34.52,2.17,2.88,5.39,5.47,30,9
sm_WT_F88Y_S1_G17,43,0.819,0.8141,0.9841,0,6.11,1,2.54,1,2.78,1,0.71,6.41,2.06,3.03,2.02,5.22,40,12
sm_WT_F88Y_S1_G17,44,0.8177,0.8155,0.9859,1,2.76,1,3.66,1,1.98,1,2.7,6.71,2.56,3.25,4.45,4.85,41,13
sm_WT_F88Y_S1_G17,45,0.8173,0.7964,0.9864,0,5.01,0,15.35,0,24.54,0,23.04,25.92,2.32,3.88,5.78,5.57,31,12
sm_WT_F88Y_S1_G17,46,0.817,0.7948,0.9871,1,2.15,1,3.45,1,2.55,1,2.29,5.97,2.85,3.39,3.98,5.31,38,12
sm_WT_F88Y_S1_G17,47,0.8168,0.8774,0.9833,1,4.9,0,13.61,1,3.24,0,2.73,5.33,1.35,3.12,3.77,3.02,44,18
sm_WT_F88Y_S1_G17,48,0.8167,0.798,0.9832,0,5.79,0,19.09,1,1.09,0,2.78,6.78,3.38,2.88,4.58,6.15,35,12
sm_WT_F88Y_S1_G17,49,0.8162,0.7818,0.9858,1,3.56,1,4.61,1,2.3,1,1.95,5.31,2.71,3.48,2.53,6.55,40,13
sm_WT_F88Y_S1_G17,5,0.8471,0.8399,0.989,1,0.76,0,25.29,0,28.38,0,22.03,26.42,5.03,6.07,10.9,2.73,33,9
sm_WT_F88Y_S1_G17,50,0.8159,0.7871,0.9861,1,3.13,0,5.58,1,2.07,0,2.47,6.39,2.86,2.92,3.31,5.0,37,12
sm_WT_F88Y_S1_G17,51,0.8155,0.8101,0.9847,1,2.99,1,4.07,0,8.34,0,8.79,11.68,2.92,2.59,3.04,5.28,44,14
sm_WT_F88Y_S1_G17,52,0.8144,0.8227,0.9859,1,3.14,0,17.31,1,4.36,0,4.01,8.41,1.76,3.05,3.1,5.7,42,12
sm_WT_F88Y_S1_G17,53,0.8142,0.7797,0.9847,1,2.92,1,4.12,1,3.64,1,4.42,7.15,3.24,3.27,2.82,4.64,42,13
sm_WT_F88Y_S1_G17,54,0.8142,0.8113,0.9823,1,1.06,0,11.59,0,28.73,0,21.23,25.47,4.34,1.32,5.67,2.37,47,20
sm_WT_F88Y_S1_G17,55,0.8141,0.7876,0.9848,1,3.0,1,3.78,1,2.84,1,1.06,5.8,2.99,2.18,2.84,6.25,37,11
sm_WT_F88Y_S1_G17,56,0.814,0.7919,0.9865,1,2.7,0,5.91,1,2.75,0,1.96,4.56,2.85,3.61,3.35,5.92,42,12
sm_WT_F88Y_S1_G17,57,0.8134,0.8036,0.9816,1,3.98,0,7.69,0,21.3,0,13.24,18.81,0.65,2.89,4.42,5.37,44,19
sm_WT_F88Y_S1_G17,58,0.8132,0.8402,0.9831,1,4.42,0,15.02,1,1.8,0,1.93,3.0,2.61,3.31,8.4,4.35,34,12
sm_WT_F88Y_S1_G17,59,0.8129,0.8607,0.9857,1,1.68,0,7.37,1,2.44,0,1.88,3.39,2.53,2.88,3.85,1.64,60,19
sm_WT_F88Y_S1_G17,6,0.8469,0.9116,0.9857,1,4.26,0,13.29,1,2.93,0,2.24,2.68,0.97,2.56,4.12,2.98,44,17
sm_WT_F88Y_S1_G17,60,0.8126,0.7788,0.9853,1,3.78,0,5.3,1,2.97,0,2.74,5.76,2.34,2.84,2.83,5.06,38,12
sm_WT_F88Y_S1_G17,61,0.8124,0.8313,0.98,1,4.33,0,14.29,0,26.38,0,18.96,24.28,1.97,2.61,4.59,5.29,41,16
sm_WT_F88Y_S1_G17,62,0.8119,0.7724,0.9838,1,2.72,1,3.47,1,2.39,1,2.13,6.21,2.62,3.21,4.45,5.76,40,13
sm_WT_F88Y_S1_G17,63,0.8113,0.7132,0.9841,1,2.24,0,10.13,0,21.61,0,13.44,18.6,2.24,1.52,5.31,2.75,36,12
sm_WT_F88Y_S1_G17,64,0.8097,0.8014,0.9866,1,2.74,1,4.69,1,2.29,1,2.46,6.86,3.37,1.46,5.12,4.88,39,13
sm_WT_F88Y_S1_G17,65,0.8088,0.8896,0.9828,1,4.78,0,13.58,1,1.52,0,1.99,5.51,1.78,2.99,3.86,2.63,40,17
sm_WT_F88Y_S1_G17,66,0.8083,0.787,0.9789,0,6.25,0,10.36,1,2.73,0,2.71,6.41,2.58,2.99,2.41,4.16,44,19
sm_WT_F88Y_S1_G17,67,0.8082,0.7596,0.9851,1,3.25,1,3.48,1,2.34,1,2.16,5.68,3.16,2.68,2.84,6.1,38,13
sm_WT_F88Y_S1_G17,68,0.8081,0.7532,0.984,0,5.35,0,16.99,0,22.87,0,21.85,24.1,0.89,1.22,4.91,6.24,32,12
sm_WT_F88Y_S1_G17,69,0.8066,0.7856,0.9794,1,3.36,0,20.23,0,23.87,0,16.12,21.71,1.96,1.77,7.1,4.23,36,14
sm_WT_F88Y_S1_G17,7,0.8463,0.888,0.9844,0,5.11,0,12.86,1,2.14,0,2.94,6.51,2.15,2.35,3.81,4.16,46,20
sm_WT_F88Y_S1_G17,70,0.8048,0.7812,0.9844,1,2.9,1,3.37,1,3.05,1,2.5,7.32,3.41,3.2,5.05,5.48,38,14
sm_WT_F88Y_S1_G17,71,0.8038,0.8094,0.9798,1,3.98,0,12.73,1,0.63,0,2.5,6.27,2.2,2.22,7.86,5.1,33,12
sm_WT_F88Y_S1_G17,72,0.8021,0.7846,0.9789,0,6.21,0,14.04,1,2.25,0,1.69,4.86,1.05,1.82,3.69,3.88,50,18
sm_WT_F88Y_S1_G17,73,0.8017,0.8011,0.9798,0,5.37,1,4.39,1,2.68,1,1.53,3.4,1.24,2.68,3.74,5.27,39,16
sm_WT_F88Y_S1_G17,74,0.8015,0.7906,0.8102,1,4.63,0,13.86,0,43.86,0,44.93,43.03,0.96,3.24,6.66,4.42,31,11
sm_WT_F88Y_S1_G17,75,0.8006,0.7686,0.9857,1,2.85,1,3.03,1,2.3,1,1.87,6.28,2.65,2.51,3.19,5.9,39,13
sm_WT_F88Y_S1_G17,76,0.7996,0.8183,0.9822,1,4.7,0,14.5,1,3.77,0,5.54,7.79,3.98,2.5,7.93,5.16,31,12
sm_WT_F88Y_S1_G17,77,0.7988,0.8081,0.9774,1,4.13,0,16.84,0,18.42,0,13.67,18.39,2.38,2.66,2.92,3.99,40,18
sm_WT_F88Y_S1_G17,78,0.7985,0.8249,0.9897,1,2.45,0,12.75,0,61.82,0,54.77,61.18,4.9,5.02,10.07,0.86,39,13
sm_WT_F88Y_S1_G17,79,0.798,0.7723,0.9808,0,5.48,0,12.88,1,2.61,0,1.81,4.94,1.98,2.18,2.6,3.02,49,20
sm_WT_F88Y_S1_G17,8,0.8414,0.8668,0.9858,1,4.26,0,13.01,0,15.33,0,12.75,18.75,3.21,2.45,7.25,5.11,31,9
sm_WT_F88Y_S1_G17,80,0.7943,0.7362,0.9805,0,6.88,0,7.61,1,2.96,0,0.63,2.89,0.52,3.52,5.25,6.11,35,11
sm_WT_F88Y_S1_G17,81,0.7938,0.82,0.9847,1,2.08,0,16.3,0,38.41,0,30.55,35.36,1.01,1.29,4.38,2.56,55,18
sm_WT_F88Y_S1_G17,82,0.7937,0.7114,0.982,1,1.89,1,3.31,1,2.73,1,2.12,6.79,2.32,3.17,3.35,5.87,44,14
sm_WT_F88Y_S1_G17,83,0.7933,0.6551,0.9783,1,2.84,0,17.98,0,39.17,0,30.76,36.95,5.4,7.39,13.68,1.82,37,13
sm_WT_F88Y_S1_G17,84,0.7922,0.6092,0.976,0,5.06,0,17.15,0,23.74,0,20.55,23.19,2.89,1.69,1.84,4.64,32,13
sm_WT_F88Y_S1_G17,85,0.7914,0.7248,0.9842,1,2.13,0,5.39,1,2.68,0,1.46,3.46,2.63,3.2,4.11,5.44,36,10
sm_WT_F88Y_S1_G17,86,0.7901,0.705,0.9844,1,2.89,1,4.86,1,2.91,1,0.41,6.89,2.71,3.02,3.57,5.08,45,13
sm_WT_F88Y_S1_G17,87,0.7899,0.7817,0.9802,1,3.95,0,12.9,1,3.21,0,1.71,5.96,0.28,2.17,2.8,3.57,49,18
sm_WT_F88Y_S1_G17,88,0.7886,0.7013,0.9868,0,7.71,0,7.54,1,1.85,0,1.63,6.34,2.24,2.67,8.4,7.34,23,12
sm_WT_F88Y_S1_G17,89,0.7881,0.7095,0.9817,1,2.4,1,3.07,1,2.28,1,1.61,5.5,2.83,3.11,3.37,5.08,34,12
sm_WT_F88Y_S1_G17,9,0.8405,0.8449,0.9867,0,6.56,1,0.89,0,18.26,0,14.95,19.14,2.44,1.01,2.85,7.05,37,12
sm_WT_F88Y_S1_G17,90,0.7845,0.8491,0.9832,1,2.59,0,7.57,1,2.75,0,1.77,5.7,1.77,3.53,4.58,3.82,48,19
sm_WT_F88Y_S1_G17,91,0.7838,0.8185,0.9829,1,1.97,0,16.81,0,39.51,0,31.54,37.58,4.05,2.65,6.06,0.75,53,17
sm_WT_F88Y_S1_G17,92,0.7789,0.6863,0.9784,1,4.52,0,11.92,0,24.83,0,17.2,22.5,2.65,1.28,3.59,4.76,46,17
sm_WT_F88Y_S1_G17,93,0.7738,0.5876,0.978,0,5.01,0,17.37,0,26.91,0,24.65,26.4,2.97,2.04,3.47,5.61,29,11
sm_WT_F88Y_S1_G17,94,0.7668,0.6871,0.9745,1,1.55,0,17.58,0,21.27,0,13.45,18.78,2.18,2.37,6.26,3.08,39,18
sm_WT_F88Y_S1_G17,95,0.7654,0.7089,0.9781,1,3.83,0,12.4,1,3.51,0,2.41,7.1,1.3,2.4,7.48,5.08,33,14
sm_WT_F88Y_S1_G17,96,0.7606,0.7433,0.979,1,3.06,1,4.08,1,1.94,1,1.28,5.01,3.22,1.99,4.4,3.27,50,17
sm_WT_F88Y_S1_G17,97,0.7577,0.6547,0.9802,0,8.0,0,13.11,1,2.2,0,3.33,7.5,3.06,1.71,3.45,4.71,39,16
sm_WT_F88Y_S1_G17,98,0.7555,0.6274,0.9741,0,5.31,0,13.36,1,2.59,0,1.98,4.09,1.47,1.92,2.94,3.21,46,21
sm_WT_F88Y_S1_G17,99,0.7293,0.5862,0.9776,0,6.99,0,14.25,0,46.3,0,40.35,45.26,2.51,2.69,4.88,6.04,33,18
w_RD_POS_S1_G17,0,0.8486,0.8112,0.9888,1,2.59,0,19.37,0,35.68,0,27.94,35.63,1.61,3.37,5.7,3.18,37,13
w_RD_POS_S1_G17,1,0.8437,0.9319,0.9891,1,3.82,0,17.12,0,6.12,0,1.58,10.09,2.17,2.8,6.93,5.33,27,10
w_RD_POS_S1_G17,10,0.8316,0.8589,0.9862,1,4.26,0,5.35,0,9.48,0,3.29,11.84,2.43,2.61,7.13,5.34,29,15
w_RD_POS_S1_G17,11,0.8315,0.8243,0.9856,1,1.92,0,6.18,1,1.88,0,3.54,4.27,2.39,2.23,6.45,4.53,33,14
w_RD_POS_S1_G17,12,0.8307,0.8176,0.9891,1,2.95,0,6.83,1,3.1,0,2.55,3.88,2.86,3.94,5.71,4.52,33,13
w_RD_POS_S1_G17,13,0.8301,0.9049,0.991,1,3.16,0,10.27,0,42.24,0,33.0,39.76,2.21,3.19,7.24,1.52,46,16
w_RD_POS_S1_G17,14,0.83,0.7788,0.9867,1,3.65,0,6.23,0,5.72,0,4.02,2.65,3.24,3.26,4.54,4.44,38,13
w_RD_POS_S1_G17,15,0.8288,0.7945,0.9864,1,3.29,0,6.22,0,5.79,0,3.09,3.17,2.74,1.94,5.13,5.71,34,14
w_RD_POS_S1_G17,16,0.8271,0.8697,0.9862,0,6.65,0,6.14,1,1.58,0,1.98,4.73,3.08,2.97,6.65,5.85,25,12
w_RD_POS_S1_G17,17,0.8266,0.893,0.9896,1,1.85,0,10.77,1,2.55,0,4.23,4.32,2.62,2.68,3.12,3.27,45,18
w_RD_POS_S1_G17,18,0.826,0.879,0.987,1,2.41,0,21.63,0,35.76,0,26.07,34.86,3.08,2.36,5.98,2.52,32,12
w_RD_POS_S1_G17,19,0.824,0.8519,0.9889,1,2.66,0,6.08,1,2.62,0,3.03,3.66,2.19,2.81,4.69,3.49,37,12
w_RD_POS_S1_G17,2,0.8436,0.7964,0.9853,1,2.38,0,19.85,0,34.66,0,26.24,33.55,2.23,3.29,7.3,2.12,35,12
w_RD_POS_S1_G17,20,0.824,0.8156,0.989,1,4.11,0,6.76,1,2.97,0,3.38,3.65,1.13,2.23,3.96,5.17,36,10
w_RD_POS_S1_G17,21,0.8238,0.9116,0.988,0,8.4,0,9.58,1,4.59,0,3.44,2.82,1.48,2.67,2.96,5.63,35,16
w_RD_POS_S1_G17,22,0.8231,0.7829,0.9881,1,3.35,0,5.71,1,2.92,0,2.44,3.14,0.52,4.03,4.84,4.86,33,11
w_RD_POS_S1_G17,23,0.8229,0.7972,0.9896,1,3.79,0,6.83,1,3.23,0,3.02,4.4,2.0,3.28,5.8,6.0,34,13
w_RD_POS_S1_G17,24,0.8206,0.7546,0.9773,0,6.63,0,21.29,1,1.99,0,1.07,5.72,3.05,2.78,9.22,6.79,21,11
w_RD_POS_S1_G17,25,0.8203,0.8723,0.9852,0,13.64,0,16.53,0,9.41,0,1.52,11.38,3.79,1.87,6.72,11.05,18,11
w_RD_POS_S1_G17,26,0.819,0.8287,0.9864,1,3.63,0,6.12,1,2.19,0,1.73,4.77,3.01,1.43,5.56,5.99,31,14
w_RD_POS_S1_G17,27,0.8186,0.7442,0.9861,1,2.15,0,7.12,1,4.13,0,3.11,3.28,2.69,1.97,5.11,4.93,31,11
w_RD_POS_S1_G17,28,0.8177,0.8468,0.9868,1,2.15,0,11.41,0,44.34,0,35.22,41.99,2.38,2.25,6.01,2.74,45,16
w_RD_POS_S1_G17,29,0.8177,0.7768,0.9815,1,3.26,0,6.83,1,3.67,0,1.69,3.86,2.16,2.71,6.01,5.35,33,16
w_RD_POS_S1_G17,3,0.836,0.9074,0.9903,1,4.19,0,10.34,1,1.27,0,2.19,3.08,4.27,2.41,4.67,5.03,48,17
w_RD_POS_S1_G17,30,0.8176,0.8379,0.9868,0,7.84,0,7.0,1,2.95,0,2.12,4.49,2.33,2.56,6.71,7.54,22,12
w_RD_POS_S1_G17,31,0.8175,0.8834,0.983,0,8.93,0,8.96,0,13.16,0,7.75,17.66,2.01,2.55,4.76,8.99,27,14
w_RD_POS_S1_G17,32,0.8151,0.8745,0.9841,0,12.52,0,17.98,0,9.77,0,3.27,13.69,4.22,3.46,5.98,11.95,18,10
w_RD_POS_S1_G17,33,0.8132,0.7644,0.9847,1,2.29,0,5.17,1,3.88,0,2.97,3.64,2.6,3.11,3.98,4.28,36,11
w_RD_POS_S1_G17,34,0.8128,0.892,0.9858,0,8.97,0,8.39,1,1.34,0,2.72,3.78,3.15,2.78,3.82,5.24,35,16
w_RD_POS_S1_G17,35,0.8128,0.8426,0.9831,0,6.37,1,4.56,1,1.73,1,3.16,3.2,2.6,2.86,6.49,6.16,30,12
w_RD_POS_S1_G17,36,0.8117,0.7458,0.986,1,3.98,0,7.29,0,5.45,0,3.88,2.63,2.72,3.08,5.3,5.94,33,11
w_RD_POS_S1_G17,37,0.8114,0.9116,0.9869,1,3.04,0,23.1,0,31.22,0,26.75,33.12,1.85,2.77,5.31,3.4,29,12
w_RD_POS_S1_G17,38,0.8112,0.8965,0.9862,1,3.46,0,24.15,0,30.93,0,26.61,33.39,1.59,2.54,5.61,2.8,29,12
w_RD_POS_S1_G17,39,0.8109,0.8382,0.9844,1,3.52,0,10.61,1,1.04,0,1.73,3.31,4.49,1.7,4.12,4.06,38,17
w_RD_POS_S1_G17,4,0.8344,0.7787,0.9859,1,2.24,0,17.86,0,33.17,0,24.9,31.16,2.56,3.27,8.01,1.06,38,12
w_RD_POS_S1_G17,40,0.8093,0.8365,0.9851,0,8.16,0,8.81,1,1.37,0,2.58,2.7,0.86,2.13,6.72,7.14,30,13
w_RD_POS_S1_G17,41,0.8092,0.8497,0.9887,0,7.32,0,10.08,0,42.47,0,36.33,40.72,2.08,2.65,6.49,7.65,35,15
w_RD_POS_S1_G17,42,0.8081,0.8383,0.9844,0,8.65,0,8.83,1,0.92,0,2.39,3.5,3.49,2.01,6.57,8.42,32,15
w_RD_POS_S1_G17,43,0.8081,0.8449,0.9861,0,6.37,0,5.36,1,1.95,0,3.86,3.54,3.81,1.78,6.92,6.97,29,14
w_RD_POS_S1_G17,44,0.8069,0.7562,0.9854,1,3.38,0,7.14,1,2.81,0,3.67,3.08,3.32,2.99,4.24,5.88,35,15
w_RD_POS_S1_G17,45,0.8066,0.8197,0.9846,1,3.68,0,6.94,1,1.65,0,1.26,3.52,1.58,3.31,4.01,5.14,46,19
w_RD_POS_S1_G17,46,0.8063,0.8265,0.9851,0,7.6,0,10.18,1,2.88,0,2.88,3.96,3.85,1.78,6.5,5.82,31,13
w_RD_POS_S1_G17,47,0.8057,0.8557,0.9857,0,7.71,0,8.3,1,1.35,0,3.45,4.66,2.66,1.83,7.93,6.49,30,12
w_RD_POS_S1_G17,48,0.8053,0.8892,0.9886,0,7.6,0,9.73,1,2.12,0,4.27,4.11,1.71,1.27,5.45,6.84,28,14
w_RD_POS_S1_G17,49,0.8052,0.7132,0.9842,1,4.2,0,7.9,1,2.95,0,3.95,3.88,3.28,3.26,4.79,6.62,32,12
w_RD_POS_S1_G17,5,0.8344,0.8661,0.9855,1,1.43,0,21.75,0,33.04,0,23.86,31.98,2.72,1.59,6.49,2.67,34,14
w_RD_POS_S1_G17,50,0.8045,0.8181,0.9848,0,6.09,0,11.49,1,2.72,0,2.92,4.12,3.09,3.02,5.41,7.73,32,19
w_RD_POS_S1_G17,51,0.8038,0.9243,0.9894,1,2.01,0,22.52,0,37.95,0,29.29,36.55,2.25,1.6,6.98,2.25,38,13
w_RD_POS_S1_G17,52,0.8038,0.8332,0.9853,0,6.94,0,9.52,1,2.84,0,2.25,4.22,2.6,2.1,5.63,6.29,33,16
w_RD_POS_S1_G17,53,0.803,0.8521,0.9836,0,8.8,0,9.92,1,2.87,0,1.24,3.2,2.59,2.23,3.88,5.37,35,18
w_RD_POS_S1_G17,54,0.8019,0.8245,0.9833,0,5.86,0,5.81,0,17.35,0,13.94,22.09,2.3,2.95,6.8,5.73,22,9
w_RD_POS_S1_G17,55,0.801,0.8381,0.9831,0,7.36,0,9.43,1,2.93,0,1.44,3.38,3.48,3.1,5.07,5.89,32,16
w_RD_POS_S1_G17,56,0.8008,0.7469,0.9887,1,3.67,0,5.93,1,1.26,0,4.53,3.41,2.32,2.44,4.55,5.14,35,13
w_RD_POS_S1_G17,57,0.7995,0.7353,0.987,1,1.89,1,4.57,1,0.75,1,3.51,2.92,1.47,2.69,4.85,3.34,37,14
w_RD_POS_S1_G17,58,0.7984,0.852,0.9846,0,6.65,0,8.5,1,2.29,0,2.24,3.23,2.41,2.59,5.83,5.74,33,17
w_RD_POS_S1_G17,59,0.798,0.8427,0.9868,0,5.98,0,5.88,1,3.26,0,2.97,3.64,3.49,2.49,7.33,5.96,31,16
w_RD_POS_S1_G17,6,0.8339,0.7425,0.9872,1,1.42,0,26.46,0,32.23,0,23.83,31.08,0.55,6.88,13.25,0.58,27,10
w_RD_POS_S1_G17,60,0.798,0.8443,0.983,0,7.41,0,9.29,1,1.83,0,3.79,2.74,3.03,2.18,6.47,6.16,35,16
w_RD_POS_S1_G17,61,0.796,0.836,0.9846,0,7.74,0,9.68,1,2.36,0,2.84,3.84,4.11,2.61,5.89,6.12,30,14
w_RD_POS_S1_G17,62,0.796,0.8415,0.981,0,6.7,0,7.45,1,0.25,0,3.96,3.48,1.11,2.56,5.86,6.52,32,15
w_RD_POS_S1_G17,63,0.7959,0.7477,0.9854,1,3.06,0,5.4,1,3.0,0,1.81,4.56,2.43,2.25,4.58,4.86,35,14
w_RD_POS_S1_G17,64,0.7957,0.7197,0.9839,1,3.77,0,6.51,1,3.0,0,3.11,3.47,0.84,4.15,4.6,6.0,39,15
w_RD_POS_S1_G17,65,0.7951,0.5822,0.9848,1,3.09,0,17.5,0,34.44,0,26.62,34.31,2.22,2.57,6.04,2.59,39,12
w_RD_POS_S1_G17,66,0.795,0.7517,0.9835,0,6.75,0,7.33,1,3.85,0,2.92,3.02,1.6,2.4,7.0,6.16,29,11
w_RD_POS_S1_G17,67,0.7926,0.772,0.9815,0,6.48,0,6.81,1,2.38,0,2.38,3.2,0.81,2.75,6.18,5.37,31,13
w_RD_POS_S1_G17,68,0.7924,0.8715,0.9852,1,1.94,0,9.44,0,31.56,0,23.63,32.05,2.82,1.57,5.23,3.41,45,16
w_RD_POS_S1_G17,69,0.7916,0.7953,0.984,0,7.34,0,8.62,1,4.31,0,3.16,3.09,2.65,2.21,6.81,6.21,32,16
w_RD_POS_S1_G17,7,0.8336,0.8611,0.9863,1,2.26,0,19.13,0,37.98,0,29.47,36.1,2.13,2.3,5.37,2.4,34,16
w_RD_POS_S1_G17,70,0.7912,0.8197,0.9828,0,7.85,0,8.04,1,2.64,0,2.93,2.83,3.02,3.12,4.83,4.57,33,16
w_RD_POS_S1_G17,71,0.7912,0.7595,0.9807,0,6.6,0,8.91,1,2.88,0,2.9,4.4,3.43,3.07,6.31,5.38,29,16
w_RD_POS_S1_G17,72,0.7909,0.8265,0.9831,0,6.9,0,10.83,1,2.09,0,2.25,3.78,2.71,1.88,6.22,4.45,30,15
w_RD_POS_S1_G17,73,0.7899,0.8515,0.9839,0,7.61,0,8.6,1,2.68,0,1.73,3.96,3.26,3.82,6.08,7.8,34,15
w_RD_POS_S1_G17,74,0.7884,0.8219,0.9838,1,0.56,0,24.07,0,36.44,0,28.63,36.5,1.71,1.79,7.03,2.94,33,11
w_RD_POS_S1_G17,75,0.7881,0.8451,0.9847,0,7.29,0,7.8,1,1.3,0,3.63,3.3,2.7,3.28,5.13,6.94,37,16
w_RD_POS_S1_G17,76,0.7876,0.8293,0.9811,0,8.41,0,8.59,1,3.29,0,2.25,4.39,2.13,3.76,6.15,8.98,31,19
w_RD_POS_S1_G17,77,0.7862,0.8138,0.9827,0,9.18,0,8.32,1,2.08,0,3.69,3.66,2.71,1.65,3.39,6.56,34,14
w_RD_POS_S1_G17,78,0.7843,0.8403,0.9903,1,0.93,0,23.73,0,33.26,0,24.42,32.1,4.27,2.41,7.0,2.93,39,14
w_RD_POS_S1_G17,79,0.782,0.8539,0.9861,0,6.62,0,8.02,1,3.84,0,2.86,4.4,2.37,3.73,6.83,6.98,32,15
w_RD_POS_S1_G17,8,0.8332,0.7593,0.9873,1,2.2,0,20.14,0,32.3,0,24.63,31.23,2.85,1.64,8.09,2.47,32,11
w_RD_POS_S1_G17,80,0.7809,0.7972,0.985,1,2.25,0,9.49,0,33.33,0,25.84,32.97,0.91,2.19,7.69,2.09,34,15
w_RD_POS_S1_G17,81,0.7808,0.8557,0.9848,1,1.73,0,10.0,0,31.6,0,24.78,32.35,2.8,2.51,7.8,2.12,41,16
w_RD_POS_S1_G17,82,0.7759,0.7693,0.9854,0,8.44,0,7.41,1,2.72,0,3.28,2.03,1.93,2.78,4.79,5.91,25,15
w_RD_POS_S1_G17,83,0.7757,0.7188,0.9824,0,6.06,0,10.71,1,3.02,0,3.46,5.17,3.1,1.39,3.29,6.97,30,15
w_RD_POS_S1_G17,84,0.7746,0.802,0.9838,0,7.81,0,8.89,1,2.94,0,2.79,3.94,1.82,2.71,6.08,8.33,26,14
w_RD_POS_S1_G17,85,0.7696,0.7518,0.9835,0,10.06,0,9.17,1,2.0,0,3.56,3.33,3.17,2.8,4.88,5.99,29,13
w_RD_POS_S1_G17,86,0.7683,0.667,0.9819,0,6.23,0,6.54,1,2.08,0,1.41,2.94,1.12,2.37,6.3,5.78,30,10
w_RD_POS_S1_G17,87,0.7678,0.7738,0.9858,1,2.24,0,22.72,0,31.02,0,26.39,33.05,2.39,2.08,6.21,2.4,29,11
w_RD_POS_S1_G17,88,0.7667,0.7603,0.9853,1,3.16,0,22.81,0,30.66,0,26.12,32.86,2.39,1.88,6.43,2.15,27,13
w_RD_POS_S1_G17,89,0.7646,0.7136,0.9809,1,4.61,0,6.32,1,2.96,0,1.38,3.46,3.37,2.32,6.46,4.89,28,14
w_RD_POS_S1_G17,9,0.8326,0.8982,0.9869,1,4.85,0,5.81,0,14.99,0,13.61,19.33,2.7,1.51,7.14,5.59,27,13
w_RD_POS_S1_G17,90,0.7636,0.5954,0.9833,1,3.4,0,5.07,1,1.66,0,1.53,3.51,1.37,3.29,6.62,4.77,35,14
w_RD_POS_S1_G17,91,0.762,0.7312,0.9844,1,2.42,0,9.25,0,42.31,0,33.55,40.38,3.13,1.47,6.29,2.36,48,18
w_RD_POS_S1_G17,92,0.7572,0.7025,0.984,0,12.63,0,29.64,1,3.54,0,3.1,7.77,7.83,3.79,6.38,8.68,22,11
w_RD_POS_S1_G17,93,0.7481,0.6705,0.9781,0,7.06,0,9.32,1,4.84,0,3.47,4.17,1.49,2.98,4.62,6.72,35,15
w_RD_POS_S1_G17,94,0.7451,0.6237,0.9804,0,8.32,0,10.04,1,1.68,0,3.73,3.25,2.34,2.09,5.71,7.75,34,17
w_RD_POS_S1_G17,95,0.7423,0.5938,0.9803,0,7.57,0,7.47,1,2.54,0,1.63,5.25,2.24,1.77,5.38,4.55,32,19
w_RD_POS_S1_G17,96,0.7403,0.6464,0.9841,1,2.79,0,24.2,0,29.87,0,25.32,32.06,1.72,1.95,6.43,1.31,30,11
w_RD_POS_S1_G17,97,0.7383,0.6234,0.976,0,10.61,0,14.58,0,8.71,0,1.93,10.32,2.63,1.76,6.93,7.74,16,11
w_RD_POS_S1_G17,98,0.7262,0.578,0.9772,0,8.99,0,8.84,1,1.69,0,2.38,3.56,3.12,2.84,5.4,9.39,39,17
w_RD_POS_S1_G17,99,0.7128,0.5251,0.9773,0,6.99,0,8.4,1,4.6,0,3.04,1.76,2.91,3.59,5.18,7.01,34,14
w_s13_c1_S1_G17,0,0.8687,0.9497,0.9915,0,5.71,0,10.45,0,16.76,0,8.17,14.04,4.81,4.57,5.22,5.48,39,17
w_s13_c1_S1_G17,1,0.8498,0.8798,0.9916,1,2.84,0,19.77,0,29.63,0,20.64,28.43,4.0,5.89,12.44,2.64,32,11
w_s13_c1_S1_G17,10,0.8273,0.9235,0.988,0,5.11,0,19.62,1,2.86,0,3.14,5.54,6.17,5.96,13.55,4.26,31,10
w_s13_c1_S1_G17,11,0.8265,0.9175,0.9866,0,6.69,0,6.42,1,3.8,0,2.45,5.09,6.22,2.93,3.53,6.46,40,17
w_s13_c1_S1_G17,12,0.825,0.8997,0.9895,0,6.88,0,12.01,0,16.64,0,9.05,16.61,5.82,2.9,4.06,5.21,28,14
w_s13_c1_S1_G17,13,0.8248,0.8574,0.9912,1,2.83,1,3.76,1,3.97,1,3.84,5.73,4.71,4.25,4.93,4.88,40,15
w_s13_c1_S1_G17,14,0.8239,0.8286,0.9892,0,6.57,1,4.39,1,3.82,1,4.4,6.2,2.28,4.99,4.56,6.64,42,13
w_s13_c1_S1_G17,15,0.8232,0.9395,0.9907,0,6.92,0,13.11,0,16.29,0,9.18,15.34,6.42,2.47,6.21,5.62,39,13
w_s13_c1_S1_G17,16,0.8226,0.8209,0.989,1,3.19,1,3.03,1,4.01,1,3.16,6.42,3.81,2.28,4.18,3.87,42,14
w_s13_c1_S1_G17,17,0.8219,0.8286,0.9881,1,1.79,1,3.46,1,3.18,1,3.53,6.3,4.26,2.48,4.24,3.4,42,15
w_s13_c1_S1_G17,18,0.8219,0.8998,0.9889,0,7.01,0,10.3,1,3.65,0,3.6,3.75,5.78,2.84,2.88,5.53,46,18
w_s13_c1_S1_G17,19,0.8212,0.8058,0.986,1,4.81,0,10.6,0,18.4,0,8.26,16.0,3.54,2.28,3.95,5.8,44,13
w_s13_c1_S1_G17,2,0.8477,0.9261,0.9911,0,5.41,0,9.43,0,16.95,0,9.08,15.16,2.91,0.94,5.05,5.31,40,15
w_s13_c1_S1_G17,20,0.8212,0.8089,0.9884,1,3.34,1,3.43,1,3.14,1,3.19,5.86,4.39,3.09,4.69,4.51,37,13
w_s13_c1_S1_G17,21,0.821,0.9003,0.9866,0,5.45,0,16.17,1,1.16,0,3.25,4.45,7.28,4.59,11.18,5.82,26,10
w_s13_c1_S1_G17,22,0.8205,0.8119,0.988,1,3.0,1,3.51,1,2.5,1,2.49,5.52,4.56,2.86,4.66,4.66,41,12
w_s13_c1_S1_G17,23,0.8205,0.8314,0.9903,1,2.59,1,3.07,1,1.36,1,3.4,4.71,3.76,3.63,4.77,2.5,41,13
w_s13_c1_S1_G17,24,0.8195,0.7789,0.9868,1,3.45,1,3.12,1,3.2,1,2.99,6.25,4.57,2.38,4.65,5.12,39,13
w_s13_c1_S1_G17,25,0.8193,0.7826,0.9863,1,1.99,1,4.85,1,2.71,1,2.34,6.32,4.37,3.18,4.7,4.97,40,15
w_s13_c1_S1_G17,26,0.8193,0.9141,0.9903,0,8.17,0,13.48,1,2.69,0,1.65,5.15,5.44,2.75,6.24,7.72,44,16
w_s13_c1_S1_G17,27,0.8188,0.9215,0.9891,1,3.04,0,12.99,1,3.1,0,3.11,4.87,6.46,5.0,3.78,2.87,39,14
w_s13_c1_S1_G17,28,0.8184,0.762,0.9868,1,3.29,1,4.53,1,2.05,1,3.19,5.26,2.65,2.39,3.19,2.25,35,15
w_s13_c1_S1_G17,29,0.8182,0.8973,0.9856,0,6.4,0,14.45,1,3.12,0,3.97,5.87,4.8,2.68,4.16,7.42,41,16
w_s13_c1_S1_G17,3,0.8448,0.9388,0.9907,0,7.49,0,7.42,1,2.62,0,4.81,6.92,4.35,2.92,1.87,5.93,55,20
w_s13_c1_S1_G17,30,0.8177,0.8053,0.9858,0,7.06,0,5.24,1,3.55,0,3.49,4.83,3.61,3.23,2.82,6.88,37,13
w_s13_c1_S1_G17,31,0.8174,0.9021,0.9893,1,4.62,0,5.47,1,2.47,0,3.7,4.28,6.99,2.96,2.39,5.18,39,17
w_s13_c1_S1_G17,32,0.8171,0.8392,0.9906,1,3.49,1,2.83,1,2.89,1,3.21,6.28,4.26,1.06,4.12,4.87,40,13
w_s13_c1_S1_G17,33,0.8171,0.882,0.9905,1,4.33,0,16.69,0,22.51,0,13.72,20.24,4.37,4.5,3.43,5.47,31,15
w_s13_c1_S1_G17,34,0.817,0.8398,0.9837,1,3.87,0,19.93,0,21.64,0,11.95,19.51,5.63,6.24,12.95,3.37,29,9
w_s13_c1_S1_G17,35,0.8166,0.7791,0.9867,1,2.09,0,14.82,0,37.45,0,27.38,35.3,3.82,3.08,8.72,1.74,50,12
w_s13_c1_S1_G17,36,0.8164,0.8272,0.9898,1,2.4,1,3.18,1,0.88,1,3.31,5.47,4.87,1.16,4.56,4.45,38,13
w_s13_c1_S1_G17,37,0.8163,0.8712,0.9883,0,6.66,0,14.52,0,43.15,0,36.3,42.35,3.85,5.69,6.66,6.3,37,15
w_s13_c1_S1_G17,38,0.816,0.865,0.9887,1,1.72,0,14.88,0,40.99,0,30.11,38.22,7.11,4.35,5.1,1.63,52,18
w_s13_c1_S1_G17,39,0.8159,0.7669,0.9857,1,2.41,0,21.29,0,32.14,0,23.26,30.73,5.32,5.53,11.88,2.36,32,10
w_s13_c1_S1_G17,4,0.8437,0.891,0.9911,1,2.92,0,15.57,0,31.38,0,21.94,29.53,2.14,6.15,8.23,2.42,37,13
w_s13_c1_S1_G17,40,0.8158,0.8311,0.9911,1,2.94,1,3.35,1,3.12,1,4.56,6.15,4.27,3.14,4.37,4.82,44,13
w_s13_c1_S1_G17,41,0.8157,0.8025,0.9872,1,2.68,1,2.34,1,3.17,1,4.3,6.08,4.45,2.72,3.81,3.66,42,16
w_s13_c1_S1_G17,42,0.8157,0.771,0.9851,1,3.42,1,3.27,1,4.34,1,3.36,7.22,3.55,3.49,6.39,4.23,40,13
w_s13_c1_S1_G17,43,0.815,0.7911,0.9883,1,1.55,1,4.03,1,1.41,1,2.65,6.06,3.65,2.61,4.98,2.35,43,13
w_s13_c1_S1_G17,44,0.8147,0.7989,0.9871,1,2.49,1,4.24,1,2.62,1,3.42,6.28,4.15,2.33,4.29,3.66,46,13
w_s13_c1_S1_G17,45,0.8145,0.8296,0.9859,1,4.51,0,15.26,0,18.64,0,8.5,16.2,3.32,3.35,4.77,5.96,46,16
w_s13_c1_S1_G17,46,0.8138,0.7793,0.9876,1,3.75,1,2.97,1,3.24,1,2.81,3.27,3.64,4.0,5.47,4.77,39,12
w_s13_c1_S1_G17,47,0.8138,0.7878,0.987,1,2.42,1,3.83,1,1.88,1,3.81,6.48,4.02,2.83,4.22,4.97,35,12
w_s13_c1_S1_G17,48,0.8137,0.8152,0.9842,1,4.66,0,16.49,0,17.38,0,9.04,15.53,3.78,3.42,6.3,4.8,35,15
w_s13_c1_S1_G17,49,0.8135,0.8293,0.99,1,4.47,1,2.29,1,3.23,1,2.86,5.07,4.26,2.95,5.02,5.33,40,12
w_s13_c1_S1_G17,5,0.8418,0.8447,0.99,0,5.36,1,3.84,0,41.87,0,34.68,40.93,4.28,5.79,5.32,4.97,34,12
w_s13_c1_S1_G17,50,0.8133,0.8436,0.9859,0,5.81,0,12.16,0,24.43,0,14.49,22.26,5.75,4.33,3.28,6.1,39,16
w_s13_c1_S1_G17,51,0.8129,0.8081,0.9888,1,1.7,1,3.28,1,3.88,1,4.09,6.56,3.66,2.43,4.67,3.21,45,16
w_s13_c1_S1_G17,52,0.812,0.8439,0.9893,0,6.43,0,13.41,1,1.86,0,1.02,6.07,4.59,2.5,3.19,6.35,34,13
w_s13_c1_S1_G17,53,0.8108,0.8415,0.9877,1,3.62,0,17.49,1,4.45,0,3.59,7.72,3.33,3.42,4.47,5.73,42,14
w_s13_c1_S1_G17,54,0.8105,0.7938,0.9868,1,3.25,1,3.83,1,1.69,1,2.19,4.75,3.42,5.01,5.52,5.51,33,12
w_s13_c1_S1_G17,55,0.8104,0.7294,0.9849,1,3.71,0,19.72,0,30.78,0,22.6,29.62,6.41,5.9,12.38,2.68,30,9
w_s13_c1_S1_G17,56,0.8101,0.7908,0.988,1,3.54,1,4.0,1,0.47,1,3.13,5.96,4.62,3.59,4.23,3.44,42,15
w_s13_c1_S1_G17,57,0.8095,0.7811,0.9878,1,4.57,1,2.52,1,4.23,1,2.89,5.94,2.73,2.84,4.37,4.51,49,14
w_s13_c1_S1_G17,58,0.8085,0.7789,0.9883,1,3.4,1,3.81,1,0.89,1,3.23,5.44,3.71,2.27,5.98,3.34,40,12
w_s13_c1_S1_G17,59,0.8059,0.7811,0.9868,1,4.28,1,4.04,1,2.28,1,3.33,4.32,2.93,3.55,5.7,5.28,38,15
w_s13_c1_S1_G17,6,0.8396,0.8651,0.9902,1,2.48,0,20.91,0,34.16,0,25.1,32.48,4.48,4.58,11.58,2.14,43,12
w_s13_c1_S1_G17,60,0.8058,0.893,0.9881,0,5.63,0,14.67,1,4.08,0,4.49,5.32,5.36,2.94,4.79,6.66,40,17
w_s13_c1_S1_G17,61,0.8054,0.7476,0.9871,1,1.83,0,14.83,0,33.6,0,24.74,32.25,4.9,4.8,13.2,3.28,39,12
w_s13_c1_S1_G17,62,0.8051,0.849,0.9874,1,2.48,0,15.46,0,34.24,0,25.31,31.95,2.99,5.5,5.46,2.03,39,14
w_s13_c1_S1_G17,63,0.8051,0.8017,0.9825,1,2.78,0,18.03,0,33.08,0,24.75,31.04,5.07,4.44,6.94,2.57,49,18
w_s13_c1_S1_G17,64,0.8033,0.7523,0.9842,1,2.51,1,4.19,1,2.95,1,3.64,6.19,3.53,1.66,4.15,4.39,42,17
w_s13_c1_S1_G17,65,0.803,0.7926,0.9868,0,6.89,1,3.87,1,2.02,1,3.58,4.87,1.38,2.68,2.19,7.03,38,12
w_s13_c1_S1_G17,66,0.8028,0.7808,0.9864,1,3.92,1,3.97,1,2.62,1,3.42,5.1,3.77,3.11,3.36,3.82,35,12
w_s13_c1_S1_G17,67,0.8016,0.876,0.9846,1,4.35,0,13.43,1,3.72,0,3.88,4.49,6.06,1.94,2.3,3.33,41,17
w_s13_c1_S1_G17,68,0.8013,0.8122,0.9859,0,6.57,0,13.34,0,16.18,0,7.13,14.73,5.77,3.24,2.99,6.56,36,15
w_s13_c1_S1_G17,69,0.8009,0.8453,0.9872,1,2.64,1,3.41,1,3.04,1,4.76,6.06,4.56,6.31,2.76,2.82,56,16
w_s13_c1_S1_G17,7,0.8396,0.9085,0.9908,1,2.51,0,20.21,0,32.79,0,23.92,31.4,5.63,4.93,10.81,3.05,43,13
w_s13_c1_S1_G17,70,0.7999,0.755,0.9861,1,3.93,1,3.35,1,3.31,1,3.2,4.53,4.1,4.1,3.73,5.54,41,12
w_s13_c1_S1_G17,71,0.7999,0.8028,0.9889,1,3.57,1,4.99,1,2.91,1,3.58,6.28,5.18,2.54,4.53,4.49,41,14
w_s13_c1_S1_G17,72,0.7984,0.8008,0.989,1,2.37,0,16.72,0,34.37,0,26.47,32.62,6.27,3.2,6.27,3.01,29,10
w_s13_c1_S1_G17,73,0.7976,0.7853,0.9884,1,3.97,1,2.88,1,2.57,1,3.09,4.93,3.63,3.81,3.8,5.88,36,12
w_s13_c1_S1_G17,74,0.7967,0.769,0.9875,1,1.29,1,2.63,1,3.2,1,2.84,5.45,4.33,2.8,3.2,4.86,47,11
w_s13_c1_S1_G17,75,0.7962,0.8697,0.9857,0,6.01,0,12.6,0,25.82,0,15.97,22.01,5.21,2.68,2.89,6.49,41,13
w_s13_c1_S1_G17,76,0.796,0.7349,0.9835,1,2.31,0,18.03,0,32.86,0,23.19,30.82,6.24,2.79,10.87,2.62,40,12
w_s13_c1_S1_G17,77,0.795,0.7542,0.9882,1,2.32,1,4.3,1,2.59,1,5.29,5.98,4.35,4.78,4.56,4.44,39,14
w_s13_c1_S1_G17,78,0.795,0.8371,0.9857,0,5.73,0,15.99,0,14.12,0,7.46,13.09,5.68,1.4,3.54,6.2,40,14
w_s13_c1_S1_G17,79,0.7943,0.7845,0.9872,0,6.35,0,12.42,1,1.67,0,2.9,5.39,4.71,1.67,7.09,6.1,35,15
w_s13_c1_S1_G17,8,0.8291,0.9374,0.9891,1,3.63,0,9.3,1,2.28,0,3.57,5.4,5.32,4.87,1.88,5.04,46,19
w_s13_c1_S1_G17,80,0.794,0.7304,0.9857,1,3.74,1,3.15,1,1.33,1,5.3,5.92,4.43,2.24,2.95,4.42,41,11
w_s13_c1_S1_G17,81,0.793,0.7528,0.9888,1,2.83,1,3.9,1,1.77,1,2.7,5.89,4.44,5.03,3.84,3.42,41,13
w_s13_c1_S1_G17,82,0.7924,0.7411,0.9849,0,7.44,0,9.87,1,2.03,0,3.3,4.38,4.35,3.56,5.92,5.82,34,13
w_s13_c1_S1_G17,83,0.7894,0.7069,0.9854,1,2.98,1,3.13,1,0.55,1,3.0,4.81,3.59,1.98,3.53,4.49,42,13
w_s13_c1_S1_G17,84,0.7888,0.73,0.9885,1,2.43,1,3.73,1,1.15,1,4.81,4.82,3.78,3.7,3.76,2.04,45,12
w_s13_c1_S1_G17,85,0.7874,0.7451,0.9891,0,7.59,1,3.55,1,2.92,1,5.29,6.31,4.06,1.69,3.71,6.59,36,12
w_s13_c1_S1_G17,86,0.7868,0.8259,0.9846,0,5.51,0,12.76,1,2.02,0,3.42,3.8,5.56,3.25,4.45,6.44,41,19
w_s13_c1_S1_G17,87,0.784,0.6752,0.9832,1,2.62,1,3.11,1,2.28,1,6.88,6.47,4.11,3.12,3.53,3.86,37,12
w_s13_c1_S1_G17,88,0.7831,0.7372,0.9879,1,2.48,1,2.72,1,1.66,1,3.6,4.51,3.29,2.6,4.77,4.41,39,14
w_s13_c1_S1_G17,89,0.7805,0.7048,0.9866,1,2.45,1,3.47,1,1.78,1,2.93,5.89,4.47,3.7,4.52,4.78,40,14
w_s13_c1_S1_G17,9,0.8286,0.9328,0.99,1,2.89,0,11.15,1,4.15,0,4.51,6.72,3.39,2.73,3.88,3.14,50,20
w_s13_c1_S1_G17,90,0.7749,0.6865,0.9863,1,2.46,0,17.61,0,34.78,0,25.64,33.34,5.57,4.97,9.84,3.2,37,12
w_s13_c1_S1_G17,91,0.7729,0.6826,0.9841,0,5.68,1,3.12,1,2.42,1,3.49,5.77,2.82,3.18,4.16,7.87,44,12
w_s13_c1_S1_G17,92,0.7722,0.6934,0.9859,1,4.68,1,2.93,1,3.34,1,3.96,4.79,3.87,2.82,3.19,5.71,41,14
w_s13_c1_S1_G17,93,0.7664,0.7733,0.9843,1,1.26,0,8.87,0,41.94,0,32.0,39.52,5.57,3.9,4.69,3.1,54,17
w_s13_c1_S1_G17,94,0.7641,0.6466,0.983,1,4.57,1,2.9,1,1.21,1,4.11,4.59,4.53,3.79,5.0,5.57,40,15
w_s13_c1_S1_G17,95,0.7544,0.7038,0.9846,1,4.23,0,8.63,1,2.37,0,3.81,5.36,6.44,2.95,1.87,2.03,50,18
w_s13_c1_S1_G17,96,0.7448,0.6851,0.9847,1,2.26,0,15.19,0,35.26,0,28.13,35.9,4.6,3.96,5.53,1.2,55,17
w_s13_c1_S1_G17,97,0.7447,0.6327,0.9829,1,4.88,0,8.75,1,2.72,0,2.8,6.02,5.23,3.11,3.37,6.7,41,22
w_s13_c1_S1_G17,98,0.739,0.5551,0.9847,1,2.53,1,2.91,1,2.83,1,1.84,4.87,3.91,1.66,3.79,3.33,42,12
w_s13_c1_S1_G17,99,0.7333,0.6042,0.9781,1,2.15,0,17.8,0,21.47,0,12.72,20.56,4.09,4.62,7.18,3.72,43,16
d_F88F_M255I_Y217Y_OFF_T_G17,0,0.8694,0.9429,0.9896,1,2.33,0,13.35,0,43.25,0,38.0,41.02,4.52,4.86,5.54,4.65,34,18
d_F88F_M255I_Y217Y_OFF_T_G17,1,0.8648,0.9305,0.9932,0,5.96,0,10.7,0,25.53,0,24.0,29.28,2.16,5.19,2.77,5.61,31,14
d_F88F_M255I_Y217Y_OFF_T_G17,10,0.8532,0.9089,0.9904,1,4.19,0,12.83,0,41.99,0,41.13,44.21,3.7,4.25,5.97,3.78,57,16
d_F88F_M255I_Y217Y_OFF_T_G17,11,0.853,0.9104,0.9911,0,5.74,0,11.34,0,35.47,0,32.34,37.37,2.96,4.31,0.98,5.56,24,11
d_F88F_M255I_Y217Y_OFF_T_G17,12,0.8529,0.9133,0.9901,0,6.16,0,12.42,1,3.95,0,8.88,9.96,2.21,3.84,3.08,6.5,43,19
d_F88F_M255I_Y217Y_OFF_T_G17,13,0.8509,0.9089,0.9895,0,5.7,0,12.07,0,36.23,0,34.45,34.65,3.51,4.14,5.37,5.73,29,12
d_F88F_M255I_Y217Y_OFF_T_G17,14,0.8506,0.8968,0.9891,0,5.87,0,12.79,0,10.53,0,13.53,15.6,3.0,4.52,3.32,6.6,51,15
d_F88F_M255I_Y217Y_OFF_T_G17,15,0.8502,0.9268,0.9872,0,8.39,0,12.29,0,33.87,0,30.96,33.51,9.57,3.84,4.9,7.46,29,12
d_F88F_M255I_Y217Y_OFF_T_G17,16,0.85,0.9358,0.9924,1,4.17,0,20.16,0,29.63,0,30.91,29.2,3.73,3.6,2.62,4.28,56,18
d_F88F_M255I_Y217Y_OFF_T_G17,17,0.8497,0.9032,0.9888,0,5.37,0,16.12,0,9.59,0,18.27,14.46,2.86,1.26,1.02,6.23,37,15
d_F88F_M255I_Y217Y_OFF_T_G17,18,0.8494,0.9463,0.9927,0,7.41,0,14.96,0,8.86,0,9.82,13.21,4.33,3.65,2.76,7.5,26,13
d_F88F_M255I_Y217Y_OFF_T_G17,19,0.8481,0.9173,0.9877,0,7.33,0,10.5,0,35.3,0,32.51,34.86,6.56,2.47,4.02,5.88,30,16
d_F88F_M255I_Y217Y_OFF_T_G17,2,0.8636,0.8963,0.9902,1,4.53,0,10.85,1,3.15,0,4.54,5.95,2.44,3.47,2.77,4.94,49,16
d_F88F_M255I_Y217Y_OFF_T_G17,20,0.8476,0.8436,0.9832,0,11.31,0,21.77,0,43.73,0,46.28,44.89,7.91,6.05,6.99,18.32,15,7
d_F88F_M255I_Y217Y_OFF_T_G17,21,0.8474,0.9324,0.9888,0,7.67,0,9.35,0,33.99,0,31.42,33.63,7.51,4.35,2.43,6.26,36,13
d_F88F_M255I_Y217Y_OFF_T_G17,22,0.8474,0.9237,0.9902,0,5.46,0,14.29,0,14.17,0,9.19,15.63,4.07,3.43,2.36,6.75,23,9
d_F88F_M255I_Y217Y_OFF_T_G17,23,0.8458,0.9134,0.9857,1,3.56,0,14.29,0,45.21,0,38.83,43.45,4.43,2.27,5.41,3.79,37,14
d_F88F_M255I_Y217Y_OFF_T_G17,24,0.8454,0.8481,0.984,0,11.05,0,24.67,0,30.27,0,33.19,34.85,8.65,4.81,3.25,18.27,17,8
d_F88F_M255I_Y217Y_OFF_T_G17,25,0.8436,0.9252,0.9921,1,2.87,0,26.53,0,11.49,0,20.89,17.01,6.2,5.68,11.0,3.87,32,11
d_F88F_M255I_Y217Y_OFF_T_G17,26,0.8412,0.8707,0.9911,0,5.63,0,27.41,0,31.85,0,36.71,35.06,3.57,5.58,0.62,6.18,36,15
d_F88F_M255I_Y217Y_OFF_T_G17,27,0.8403,0.8993,0.9917,1,3.99,0,21.48,0,37.76,0,41.17,41.49,3.64,3.45,3.02,4.48,53,14
d_F88F_M255I_Y217Y_OFF_T_G17,28,0.8403,0.8991,0.9896,0,5.02,0,13.3,0,39.83,0,37.77,38.35,4.64,2.46,3.88,5.98,31,13
d_F88F_M255I_Y217Y_OFF_T_G17,29,0.8399,0.8991,0.9904,0,5.88,0,11.3,0,6.75,0,8.13,12.36,2.61,3.76,0.71,6.0,43,15
d_F88F_M255I_Y217Y_OFF_T_G17,3,0.8625,0.928,0.9906,0,5.9,0,13.63,0,42.1,0,39.58,40.18,4.35,3.35,5.1,6.21,25,14
d_F88F_M255I_Y217Y_OFF_T_G17,30,0.839,0.8614,0.9881,1,4.38,0,18.57,0,36.22,0,36.53,39.26,4.2,4.29,3.47,3.18,50,17
d_F88F_M255I_Y217Y_OFF_T_G17,31,0.839,0.8576,0.9889,0,6.65,0,17.83,0,41.23,0,38.95,43.91,2.17,4.26,4.82,6.42,36,10
d_F88F_M255I_Y217Y_OFF_T_G17,32,0.8378,0.9412,0.9907,1,3.52,0,17.08,0,45.38,0,38.88,42.94,4.75,3.18,4.79,4.78,39,16
d_F88F_M255I_Y217Y_OFF_T_G17,33,0.8378,0.9487,0.9908,1,3.89,0,13.86,0,45.05,0,37.65,43.08,4.13,3.06,4.85,4.27,37,16
d_F88F_M255I_Y217Y_OFF_T_G17,34,0.8375,0.8914,0.9871,1,3.46,0,17.89,0,29.82,0,29.03,32.06,4.69,3.3,2.86,3.16,60,17
d_F88F_M255I_Y217Y_OFF_T_G17,35,0.8374,0.8777,0.9889,0,10.92,0,23.33,0,28.35,0,30.78,33.56,5.47,6.6,3.29,15.37,18,6
d_F88F_M255I_Y217Y_OFF_T_G17,36,0.8367,0.8887,0.9865,1,4.51,0,12.56,0,28.1,0,26.87,30.39,4.17,5.28,3.56,5.99,56,19
d_F88F_M255I_Y217Y_OFF_T_G17,37,0.8357,0.9426,0.992,1,1.3,0,21.42,1,3.53,0,11.3,5.58,3.64,4.03,1.92,3.48,43,17
d_F88F_M255I_Y217Y_OFF_T_G17,38,0.8353,0.8983,0.9905,1,4.49,0,24.08,0,37.75,0,36.15,38.79,3.08,1.97,3.52,5.16,47,14
d_F88F_M255I_Y217Y_OFF_T_G17,39,0.8351,0.9166,0.9889,1,4.46,0,10.46,0,25.73,0,27.12,30.71,2.81,3.98,1.65,4.09,28,10
d_F88F_M255I_Y217Y_OFF_T_G17,4,0.8617,0.9248,0.984,0,7.21,0,11.75,0,32.64,0,30.65,32.94,8.59,3.09,2.73,6.35,34,15
d_F88F_M255I_Y217Y_OFF_T_G17,40,0.835,0.8862,0.9866,0,5.44,0,12.28,0,30.13,0,32.44,30.33,2.15,3.66,5.9,5.82,38,13
d_F88F_M255I_Y217Y_OFF_T_G17,41,0.8349,0.8733,0.9861,0,11.12,0,21.44,0,35.88,0,40.54,38.84,6.62,8.86,4.88,19.4,15,12
d_F88F_M255I_Y217Y_OFF_T_G17,42,0.8339,0.8869,0.9892,0,5.59,0,11.86,1,2.51,0,10.32,8.1,3.15,3.1,2.54,5.75,33,14
d_F88F_M255I_Y217Y_OFF_T_G17,43,0.8334,0.8753,0.9867,0,11.79,0,22.34,0,31.79,0,34.06,35.69,5.44,6.56,3.02,19.06,18,8
d_F88F_M255I_Y217Y_OFF_T_G17,44,0.8334,0.9065,0.9873,1,3.9,0,16.08,0,28.15,0,28.06,30.48,3.64,4.43,4.54,5.91,40,14
d_F88F_M255I_Y217Y_OFF_T_G17,45,0.8333,0.9233,0.9898,0,5.64,0,12.06,0,20.06,0,14.65,23.18,4.28,3.01,3.66,6.06,44,13
d_F88F_M255I_Y217Y_OFF_T_G17,46,0.8332,0.9138,0.9876,1,4.41,0,12.64,0,39.75,0,34.09,38.24,2.48,4.19,5.65,5.0,34,14
d_F88F_M255I_Y217Y_OFF_T_G17,47,0.8327,0.7951,0.9845,1,4.07,0,17.37,0,33.53,0,33.32,37.32,4.31,3.72,3.3,3.39,25,8
d_F88F_M255I_Y217Y_OFF_T_G17,48,0.8326,0.8879,0.989,1,4.27,0,20.12,0,48.48,0,43.41,46.76,3.86,3.01,3.8,4.41,40,15
d_F88F_M255I_Y217Y_OFF_T_G17,49,0.8318,0.8796,0.991,1,4.85,0,28.07,0,51.12,0,51.26,53.65,3.34,3.24,3.58,5.67,42,15
d_F88F_M255I_Y217Y_OFF_T_G17,5,0.8603,0.8922,0.9894,0,8.32,0,24.09,0,35.94,0,40.72,38.75,5.98,3.43,2.51,18.55,19,8
d_F88F_M255I_Y217Y_OFF_T_G17,50,0.8308,0.9068,0.9903,0,6.04,0,16.93,0,40.38,0,37.77,39.13,5.77,5.09,4.63,5.66,25,10
d_F88F_M255I_Y217Y_OFF_T_G17,51,0.8301,0.882,0.9919,0,5.39,0,26.4,0,44.2,0,44.23,47.29,2.87,3.45,2.38,5.76,47,16
d_F88F_M255I_Y217Y_OFF_T_G17,52,0.8279,0.8707,0.9897,1,3.54,0,18.94,0,41.89,0,39.58,44.14,4.39,2.8,3.43,3.46,44,14
d_F88F_M255I_Y217Y_OFF_T_G17,53,0.8274,0.8589,0.9864,0,6.6,0,16.13,0,44.05,0,40.6,42.19,5.36,3.53,4.51,8.56,21,11
d_F88F_M255I_Y217Y_OFF_T_G17,54,0.8269,0.8933,0.9854,1,4.17,0,22.34,0,33.61,0,31.82,35.48,2.5,2.83,1.89,3.97,53,16
d_F88F_M255I_Y217Y_OFF_T_G17,55,0.8258,0.871,0.9867,1,3.53,0,13.68,0,41.23,0,36.01,39.26,6.44,4.0,6.39,4.44,38,16
d_F88F_M255I_Y217Y_OFF_T_G17,56,0.8241,0.9222,0.99,1,4.28,0,21.94,0,43.9,0,37.32,42.48,3.18,3.21,3.99,5.31,51,16
d_F88F_M255I_Y217Y_OFF_T_G17,57,0.8236,0.8716,0.9831,1,3.89,0,21.03,0,25.07,0,22.58,26.79,2.54,2.87,4.43,4.58,50,17
d_F88F_M255I_Y217Y_OFF_T_G17,58,0.8235,0.909,0.989,0,6.43,0,16.86,0,37.98,0,36.4,36.34,4.1,3.7,6.52,5.98,27,14
d_F88F_M255I_Y217Y_OFF_T_G17,59,0.8233,0.9204,0.9905,0,6.17,0,13.32,0,6.57,0,8.59,10.49,4.42,2.36,2.29,6.28,44,16
d_F88F_M255I_Y217Y_OFF_T_G17,6,0.8572,0.9341,0.9924,0,6.2,0,11.41,1,2.67,0,9.36,5.44,2.2,3.04,3.32,5.71,48,16
d_F88F_M255I_Y217Y_OFF_T_G17,60,0.8229,0.8059,0.9825,0,17.53,0,26.14,0,49.38,0,44.7,50.94,8.89,5.54,5.59,19.18,8,9
d_F88F_M255I_Y217Y_OFF_T_G17,61,0.822,0.9048,0.986,0,8.02,0,9.01,0,32.02,0,32.49,34.29,11.82,4.28,6.51,6.07,27,11
d_F88F_M255I_Y217Y_OFF_T_G17,62,0.8216,0.9193,0.9908,1,3.76,0,17.06,0,40.39,0,38.56,42.4,5.54,6.12,11.42,3.15,29,12
d_F88F_M255I_Y217Y_OFF_T_G17,63,0.8209,0.8321,0.9864,1,4.67,0,25.11,0,31.13,0,32.83,35.9,2.57,3.6,3.73,4.85,47,14
d_F88F_M255I_Y217Y_OFF_T_G17,64,0.8198,0.8605,0.9854,1,4.19,0,18.0,0,34.68,0,31.14,34.97,4.83,3.9,6.49,5.49,53,15
d_F88F_M255I_Y217Y_OFF_T_G17,65,0.8194,0.7079,0.9773,0,16.63,0,26.28,0,41.4,0,39.18,44.3,6.02,4.33,4.97,19.94,9,7
d_F88F_M255I_Y217Y_OFF_T_G17,66,0.8193,0.9436,0.9907,0,6.2,0,14.98,0,16.41,0,9.99,17.52,3.91,5.11,1.52,7.04,28,13
d_F88F_M255I_Y217Y_OFF_T_G17,67,0.8193,0.8456,0.9832,0,6.19,0,15.23,0,42.18,0,38.13,40.21,4.35,3.94,4.38,6.17,28,12
d_F88F_M255I_Y217Y_OFF_T_G17,68,0.8192,0.8353,0.985,1,3.74,0,15.86,0,47.2,0,42.98,45.77,4.17,4.12,7.1,5.04,27,15
d_F88F_M255I_Y217Y_OFF_T_G17,69,0.8189,0.9234,0.9915,1,4.17,0,24.09,0,14.33,0,22.86,20.83,3.94,3.33,8.6,2.92,46,13
d_F88F_M255I_Y217Y_OFF_T_G17,7,0.857,0.9135,0.9914,0,6.12,0,11.64,0,8.88,0,14.45,14.93,1.88,4.82,5.19,5.85,40,16
d_F88F_M255I_Y217Y_OFF_T_G17,70,0.8182,0.8134,0.9827,0,5.74,0,12.66,0,6.0,0,12.79,12.19,2.97,3.55,3.23,5.75,36,17
d_F88F_M255I_Y217Y_OFF_T_G17,71,0.8174,0.8884,0.9873,0,5.06,0,15.73,0,28.61,0,22.76,29.41,2.75,4.03,2.74,4.98,44,13
d_F88F_M255I_Y217Y_OFF_T_G17,72,0.8173,0.9198,0.9928,1,4.11,0,22.39,0,48.68,0,44.77,49.36,5.07,6.28,11.95,3.45,23,8
d_F88F_M255I_Y217Y_OFF_T_G17,73,0.8168,0.9002,0.9885,0,7.01,0,13.05,0,30.04,0,28.57,32.38,3.59,3.32,4.5,6.15,49,18
d_F88F_M255I_Y217Y_OFF_T_G17,74,0.8149,0.8534,0.9835,1,4.47,0,14.8,0,31.3,0,28.71,32.47,3.68,4.57,5.68,4.4,47,15
d_F88F_M255I_Y217Y_OFF_T_G17,75,0.8145,0.8516,0.9887,1,2.65,0,11.54,1,2.43,0,6.36,6.2,2.55,3.72,3.17,2.88,57,18
d_F88F_M255I_Y217Y_OFF_T_G17,76,0.8133,0.8247,0.986,1,4.61,0,24.29,0,50.45,0,48.74,52.39,3.41,4.17,4.11,4.63,39,14
d_F88F_M255I_Y217Y_OFF_T_G17,77,0.8117,0.9152,0.9885,0,5.38,0,8.04,0,9.89,0,14.6,14.64,4.66,3.76,4.22,6.05,43,15
d_F88F_M255I_Y217Y_OFF_T_G17,78,0.8107,0.8529,0.9825,0,6.43,0,8.57,0,30.2,0,26.03,31.01,3.27,2.7,5.08,6.34,30,15
d_F88F_M255I_Y217Y_OFF_T_G17,79,0.81,0.8989,0.9868,0,6.98,0,10.75,0,27.6,0,24.98,28.74,3.75,4.28,4.85,6.64,55,18
d_F88F_M255I_Y217Y_OFF_T_G17,8,0.8568,0.9362,0.9888,0,6.81,0,12.0,0,33.54,0,30.36,33.06,7.88,3.58,5.38,5.21,35,14
d_F88F_M255I_Y217Y_OFF_T_G17,80,0.8071,0.8396,0.9863,0,5.89,0,10.46,0,12.4,0,17.49,17.94,3.18,3.48,2.55,4.94,40,16
d_F88F_M255I_Y217Y_OFF_T_G17,81,0.8067,0.854,0.9848,0,6.76,0,17.64,0,43.92,0,40.91,42.06,3.34,4.35,4.85,5.44,32,11
d_F88F_M255I_Y217Y_OFF_T_G17,82,0.8066,0.8898,0.9889,0,5.41,0,11.92,0,14.08,0,10.44,15.53,4.35,3.28,4.11,5.53,24,11
d_F88F_M255I_Y217Y_OFF_T_G17,83,0.8057,0.8391,0.9895,1,4.13,0,24.14,0,43.96,0,43.12,47.25,3.36,4.94,4.01,5.4,49,15
d_F88F_M255I_Y217Y_OFF_T_G17,84,0.8037,0.8735,0.9857,1,3.15,0,23.39,0,9.92,0,14.94,14.37,4.44,5.31,9.6,3.33,31,10
d_F88F_M255I_Y217Y_OFF_T_G17,85,0.8031,0.7833,0.9858,1,4.8,0,23.45,0,41.28,0,39.59,44.08,3.41,4.16,4.18,5.66,45,14
d_F88F_M255I_Y217Y_OFF_T_G17,86,0.8004,0.8497,0.9857,1,4.73,0,10.44,1,2.32,0,6.81,5.07,5.62,4.85,4.11,5.96,42,19
d_F88F_M255I_Y217Y_OFF_T_G17,87,0.7994,0.8329,0.9839,0,5.46,0,12.0,0,26.8,0,25.04,29.44,4.16,4.01,2.34,6.26,38,14
d_F88F_M255I_Y217Y_OFF_T_G17,88,0.7993,0.8484,0.9881,1,4.83,0,14.03,0,42.34,0,39.21,40.29,4.91,4.77,2.16,4.88,31,11
d_F88F_M255I_Y217Y_OFF_T_G17,89,0.7975,0.8357,0.9844,1,2.63,0,11.15,0,27.54,0,23.79,28.31,4.3,3.62,1.97,2.41,38,15
d_F88F_M255I_Y217Y_OFF_T_G17,9,0.8542,0.9128,0.9899,0,5.61,0,14.3,1,4.56,0,12.79,10.92,1.88,3.25,2.76,3.85,47,18
d_F88F_M255I_Y217Y_OFF_T_G17,90,0.7972,0.8107,0.9845,0,7.05,0,9.65,0,37.41,0,36.98,36.31,3.6,0.81,4.93,5.94,40,10
d_F88F_M255I_Y217Y_OFF_T_G17,91,0.7961,0.8134,0.9861,0,5.75,0,23.43,0,37.36,0,41.14,42.93,4.59,4.55,5.78,5.72,28,10
d_F88F_M255I_Y217Y_OFF_T_G17,92,0.7944,0.8028,0.9828,1,4.25,0,19.68,0,35.67,0,31.89,35.12,3.67,4.88,7.26,5.16,47,20
d_F88F_M255I_Y217Y_OFF_T_G17,93,0.7894,0.7302,0.9802,1,2.57,0,13.17,0,39.94,0,37.65,38.87,4.88,4.17,5.45,4.72,31,8
d_F88F_M255I_Y217Y_OFF_T_G17,94,0.7851,0.7391,0.9797,1,4.13,0,23.26,0,15.58,0,15.95,19.09,5.11,5.71,9.38,2.59,25,9
d_F88F_M255I_Y217Y_OFF_T_G17,95,0.7816,0.8042,0.9851,0,5.55,0,18.09,0,30.73,0,26.24,32.82,3.43,3.56,4.9,4.93,32,10
d_F88F_M255I_Y217Y_OFF_T_G17,96,0.7804,0.7154,0.9827,0,5.27,0,14.72,0,9.77,0,15.49,15.66,1.99,2.48,1.49,5.05,43,18
d_F88F_M255I_Y217Y_OFF_T_G17,97,0.7777,0.726,0.9832,0,5.57,0,10.03,0,11.78,0,15.62,16.68,4.08,5.9,2.69,4.86,40,15
d_F88F_M255I_Y217Y_OFF_T_G17,98,0.7497,0.6374,0.9762,1,4.94,0,12.06,0,28.44,0,24.69,26.98,3.75,2.95,1.54,5.11,50,16
d_F88F_M255I_Y217Y_OFF_T_G17,99,0.7357,0.5587,0.9815,0,5.79,0,9.64,0,18.82,0,17.94,23.04,3.98,4.74,3.51,4.95,35,14
d_F88K_M255I_Y217Y_OFF_T_G17,0,0.8619,0.9196,0.9911,1,3.6,0,12.07,1,1.09,0,5.3,5.14,3.89,5.24,3.31,4.98,41,18
d_F88K_M255I_Y217Y_OFF_T_G17,1,0.8548,0.9195,0.9882,1,4.45,0,13.3,0,42.82,0,38.35,40.12,3.22,4.86,5.59,6.4,33,11
d_F88K_M255I_Y217Y_OFF_T_G17,10,0.8454,0.9291,0.989,0,7.18,0,10.08,0,42.55,0,36.18,40.96,6.08,3.08,5.57,7.2,36,19
d_F88K_M255I_Y217Y_OFF_T_G17,11,0.8452,0.8882,0.9849,0,6.97,0,27.19,0,42.62,0,36.15,41.81,4.93,2.68,5.51,4.91,52,18
d_F88K_M255I_Y217Y_OFF_T_G17,12,0.8449,0.9288,0.9881,0,9.48,0,13.0,0,35.31,0,33.3,35.81,8.1,3.46,2.61,8.59,27,10
d_F88K_M255I_Y217Y_OFF_T_G17,13,0.8421,0.8924,0.9895,0,6.0,0,11.46,1,1.84,0,6.33,6.49,3.42,3.71,4.1,6.24,47,19
d_F88K_M255I_Y217Y_OFF_T_G17,14,0.8421,0.8904,0.9893,0,5.86,0,19.18,0,49.08,0,45.71,48.06,5.67,2.37,7.45,3.94,38,14
d_F88K_M255I_Y217Y_OFF_T_G17,15,0.8416,0.892,0.9851,0,7.65,0,12.15,0,36.48,0,32.98,36.49,5.94,2.98,5.16,6.29,29,11
d_F88K_M255I_Y217Y_OFF_T_G17,16,0.8395,0.9233,0.9891,1,1.74,0,12.96,0,36.02,0,33.95,35.27,5.65,4.98,3.42,5.37,30,10
d_F88K_M255I_Y217Y_OFF_T_G17,17,0.8379,0.9076,0.987,0,6.1,0,15.69,0,47.92,0,40.62,45.84,4.15,3.86,5.84,5.92,30,16
d_F88K_M255I_Y217Y_OFF_T_G17,18,0.8378,0.9022,0.9862,0,5.36,0,19.29,0,29.39,0,27.65,28.53,4.35,1.46,4.92,6.05,44,18
d_F88K_M255I_Y217Y_OFF_T_G17,19,0.8344,0.8695,0.9837,1,4.12,0,13.39,0,42.07,0,36.44,39.96,5.91,5.41,4.19,4.61,40,18
d_F88K_M255I_Y217Y_OFF_T_G17,2,0.851,0.9176,0.9858,0,9.79,0,12.99,0,31.7,0,31.13,34.34,12.99,4.19,11.96,7.72,28,9
d_F88K_M255I_Y217Y_OFF_T_G17,20,0.8344,0.8706,0.9887,0,9.61,0,22.68,0,37.67,0,42.38,40.84,7.46,4.98,5.45,19.52,20,12
d_F88K_M255I_Y217Y_OFF_T_G17,21,0.834,0.8799,0.9872,0,6.88,0,14.08,0,37.62,0,35.6,36.1,4.8,6.11,4.73,6.33,23,12
d_F88K_M255I_Y217Y_OFF_T_G17,22,0.8338,0.9074,0.9884,0,6.52,0,15.97,0,41.78,0,39.79,40.74,3.36,5.78,5.65,4.99,27,11
d_F88K_M255I_Y217Y_OFF_T_G17,23,0.8325,0.9265,0.9891,0,8.59,0,15.32,0,19.76,0,13.63,20.65,7.12,3.85,3.02,7.66,29,11
d_F88K_M255I_Y217Y_OFF_T_G17,24,0.8312,0.8947,0.9874,0,9.42,0,30.84,0,23.19,0,19.69,24.94,4.43,3.6,2.47,7.04,38,14
d_F88K_M255I_Y217Y_OFF_T_G17,25,0.8306,0.9036,0.9891,0,6.13,0,9.73,0,37.8,0,35.59,36.28,5.09,3.8,2.33,8.19,28,11
d_F88K_M255I_Y217Y_OFF_T_G17,26,0.8305,0.8845,0.9858,0,6.37,0,16.96,0,29.9,0,30.57,29.27,4.3,4.82,3.77,5.37,28,13
d_F88K_M255I_Y217Y_OFF_T_G17,27,0.8298,0.8941,0.9897,1,3.46,0,16.63,1,2.18,0,5.82,8.37,3.87,3.97,3.13,2.88,43,16
d_F88K_M255I_Y217Y_OFF_T_G17,28,0.8296,0.8282,0.9837,1,2.69,0,10.29,0,41.55,0,36.75,39.91,4.59,2.92,4.6,4.68,30,12
d_F88K_M255I_Y217Y_OFF_T_G17,29,0.8283,0.9192,0.9914,1,3.95,0,11.54,0,26.95,0,26.88,31.54,4.4,2.86,1.89,2.93,30,12
d_F88K_M255I_Y217Y_OFF_T_G17,3,0.851,0.9362,0.9907,1,3.79,0,12.35,1,3.14,0,5.93,6.01,3.25,4.48,5.79,2.98,38,18
d_F88K_M255I_Y217Y_OFF_T_G17,30,0.8283,0.9232,0.9905,1,3.73,0,19.81,0,43.33,0,36.42,41.47,3.86,5.06,6.37,4.75,53,20
d_F88K_M255I_Y217Y_OFF_T_G17,31,0.8277,0.8712,0.9861,1,3.59,0,11.58,0,36.17,0,34.71,35.9,4.83,4.44,4.0,4.89,35,10
d_F88K_M255I_Y217Y_OFF_T_G17,32,0.8276,0.9129,0.991,1,4.4,0,10.2,0,25.53,0,24.24,28.05,4.1,3.9,2.91,4.79,35,15
d_F88K_M255I_Y217Y_OFF_T_G17,33,0.8273,0.8632,0.9879,0,11.7,0,24.8,0,30.58,0,35.17,35.53,5.23,4.17,5.04,15.86,14,9
d_F88K_M255I_Y217Y_OFF_T_G17,34,0.8272,0.8243,0.9868,0,5.83,0,21.02,0,36.54,0,37.28,39.94,3.31,4.59,2.87,5.75,40,14
d_F88K_M255I_Y217Y_OFF_T_G17,35,0.8267,0.8752,0.9848,0,6.59,0,13.16,0,38.68,0,35.42,36.87,5.76,3.13,3.44,7.78,26,11
d_F88K_M255I_Y217Y_OFF_T_G17,36,0.8266,0.8776,0.9863,1,4.46,0,13.63,0,37.99,0,36.49,36.86,5.28,4.75,3.63,4.43,32,12
d_F88K_M255I_Y217Y_OFF_T_G17,37,0.8263,0.8608,0.9905,1,3.38,0,22.67,0,53.81,0,47.91,54.25,4.22,7.39,9.89,2.54,52,15
d_F88K_M255I_Y217Y_OFF_T_G17,38,0.8261,0.8994,0.9893,1,3.7,0,10.48,0,36.42,0,33.97,34.73,4.77,5.66,7.59,4.88,47,17
d_F88K_M255I_Y217Y_OFF_T_G17,39,0.8254,0.8383,0.9836,0,5.35,0,7.55,0,30.62,0,30.19,32.53,11.22,5.73,11.79,5.09,24,12
d_F88K_M255I_Y217Y_OFF_T_G17,4,0.8508,0.9072,0.9884,0,5.09,0,12.84,0,39.02,0,37.42,37.66,3.03,5.59,4.72,6.76,29,10
d_F88K_M255I_Y217Y_OFF_T_G17,40,0.825,0.7991,0.9879,0,7.68,0,27.83,0,40.87,0,43.58,42.57,6.18,6.66,5.04,7.19,30,11
d_F88K_M255I_Y217Y_OFF_T_G17,41,0.8246,0.9131,0.9907,0,5.13,0,25.58,0,15.01,0,23.59,21.8,5.22,5.04,7.62,6.09,30,12
d_F88K_M255I_Y217Y_OFF_T_G17,42,0.8239,0.9274,0.9899,1,4.93,0,22.71,0,21.56,0,18.99,24.66,3.32,3.3,6.66,5.88,29,12
d_F88K_M255I_Y217Y_OFF_T_G17,43,0.8238,0.8897,0.99,0,5.72,0,11.65,0,26.05,0,23.89,28.71,3.87,3.0,3.76,4.66,38,13
d_F88K_M255I_Y217Y_OFF_T_G17,44,0.823,0.8806,0.9847,0,7.9,0,11.1,0,33.23,0,30.34,33.17,6.88,2.86,4.53,6.38,33,14
d_F88K_M255I_Y217Y_OFF_T_G17,45,0.8222,0.9,0.9881,1,3.32,0,15.2,0,37.65,0,36.13,37.83,3.56,5.14,5.4,4.63,33,12
d_F88K_M255I_Y217Y_OFF_T_G17,46,0.8216,0.9108,0.988,0,6.72,0,15.43,0,44.19,0,40.99,42.93,6.29,3.21,5.51,7.3,27,13
d_F88K_M255I_Y217Y_OFF_T_G17,47,0.8212,0.7644,0.9837,0,8.71,0,27.96,0,40.26,0,41.75,39.43,5.59,4.47,3.22,7.52,34,12
d_F88K_M255I_Y217Y_OFF_T_G17,48,0.8201,0.8678,0.9861,0,6.12,0,12.59,0,40.15,0,36.29,38.24,5.33,4.51,2.72,6.44,27,13
d_F88K_M255I_Y217Y_OFF_T_G17,49,0.8199,0.8561,0.9842,0,6.04,0,14.51,0,40.03,0,37.22,38.64,6.27,5.35,3.66,8.07,28,11
d_F88K_M255I_Y217Y_OFF_T_G17,5,0.8485,0.9113,0.9889,1,3.32,0,14.24,0,32.26,0,28.44,32.28,4.25,2.56,3.92,4.8,44,17
d_F88K_M255I_Y217Y_OFF_T_G17,50,0.8197,0.8943,0.9856,0,7.12,0,14.45,0,34.92,0,33.48,33.36,5.82,4.78,3.94,5.03,27,12
d_F88K_M255I_Y217Y_OFF_T_G17,51,0.8195,0.8638,0.9865,0,7.82,0,16.19,0,40.74,0,38.55,39.89,7.45,5.54,6.01,7.04,19,10
d_F88K_M255I_Y217Y_OFF_T_G17,52,0.8187,0.8881,0.9856,0,6.83,0,14.09,0,39.02,0,36.43,37.47,3.42,3.23,4.06,8.17,29,11
d_F88K_M255I_Y217Y_OFF_T_G17,53,0.8181,0.893,0.9893,0,7.08,0,22.61,0,44.72,0,37.92,43.55,4.08,3.41,5.16,7.1,39,16
d_F88K_M255I_Y217Y_OFF_T_G17,54,0.8178,0.8475,0.986,0,7.93,0,20.0,0,54.71,0,46.17,53.22,8.61,3.15,4.17,18.97,15,6
d_F88K_M255I_Y217Y_OFF_T_G17,55,0.8178,0.9,0.9901,1,2.99,0,13.37,0,45.16,0,36.78,44.13,5.28,4.77,10.65,2.96,46,14
d_F88K_M255I_Y217Y_OFF_T_G17,56,0.8171,0.8781,0.9833,0,8.18,0,6.75,0,20.47,0,19.35,23.44,4.13,1.59,4.38,5.24,50,19
d_F88K_M255I_Y217Y_OFF_T_G17,57,0.8166,0.8212,0.9905,0,7.17,0,24.34,0,27.96,0,32.16,30.48,5.12,7.86,2.84,6.75,32,13
d_F88K_M255I_Y217Y_OFF_T_G17,58,0.8154,0.9243,0.9872,0,7.67,0,18.12,0,15.62,0,10.32,15.82,4.91,4.72,2.08,7.02,39,20
d_F88K_M255I_Y217Y_OFF_T_G17,59,0.8147,0.8961,0.9882,1,3.5,0,18.39,0,35.08,0,30.98,33.93,3.99,3.11,2.94,2.68,44,17
d_F88K_M255I_Y217Y_OFF_T_G17,6,0.8481,0.9443,0.9901,1,4.46,0,14.08,1,3.75,0,2.73,6.21,4.12,3.78,2.02,4.03,44,18
d_F88K_M255I_Y217Y_OFF_T_G17,60,0.8137,0.8337,0.9841,0,5.65,0,15.14,0,39.2,0,37.49,37.89,6.15,6.04,4.6,7.85,24,10
d_F88K_M255I_Y217Y_OFF_T_G17,61,0.8133,0.8963,0.9892,0,7.5,0,9.37,0,31.46,0,32.68,32.19,3.61,5.59,10.01,7.63,32,14
d_F88K_M255I_Y217Y_OFF_T_G17,62,0.8125,0.8353,0.9828,0,17.74,0,28.06,0,35.23,0,38.51,39.81,8.28,5.22,7.1,20.68,8,7
d_F88K_M255I_Y217Y_OFF_T_G17,63,0.8107,0.8196,0.9854,0,9.65,0,19.99,0,33.21,0,37.25,35.14,6.49,6.08,2.84,18.49,17,8
d_F88K_M255I_Y217Y_OFF_T_G17,64,0.8077,0.9037,0.9896,0,6.87,0,13.0,0,17.27,0,10.37,17.3,7.34,5.84,3.71,6.99,23,12
d_F88K_M255I_Y217Y_OFF_T_G17,65,0.8062,0.8784,0.9891,0,5.01,0,14.54,0,38.32,0,37.19,39.35,7.86,4.96,5.6,5.44,23,8
d_F88K_M255I_Y217Y_OFF_T_G17,66,0.806,0.8885,0.9874,0,7.93,0,15.61,0,10.59,0,8.87,13.1,4.36,4.3,2.71,8.07,30,12
d_F88K_M255I_Y217Y_OFF_T_G17,67,0.806,0.8031,0.9863,0,5.29,0,26.63,0,12.28,0,13.09,16.2,1.97,3.83,5.74,5.55,31,15
d_F88K_M255I_Y217Y_OFF_T_G17,68,0.8051,0.8895,0.9864,0,5.96,0,14.79,0,24.85,0,22.15,27.37,4.07,3.91,6.11,5.63,38,16
d_F88K_M255I_Y217Y_OFF_T_G17,69,0.8047,0.8636,0.9883,0,7.71,0,10.15,1,2.3,0,7.13,6.69,3.27,2.33,2.38,7.04,40,19
d_F88K_M255I_Y217Y_OFF_T_G17,7,0.8464,0.899,0.9871,0,7.66,0,15.35,0,55.04,0,47.62,54.08,4.76,3.28,6.94,7.01,32,15
d_F88K_M255I_Y217Y_OFF_T_G17,70,0.8043,0.8508,0.988,1,3.12,0,24.12,0,18.23,0,18.41,21.27,5.11,4.58,10.44,5.29,19,8
d_F88K_M255I_Y217Y_OFF_T_G17,71,0.8041,0.8019,0.982,0,5.76,0,7.28,0,31.02,0,30.77,33.85,10.09,5.54,12.25,6.0,18,11
d_F88K_M255I_Y217Y_OFF_T_G17,72,0.804,0.8203,0.9808,0,8.17,0,12.05,0,34.88,0,32.32,34.65,6.49,4.47,4.36,7.82,34,13
d_F88K_M255I_Y217Y_OFF_T_G17,73,0.8039,0.8708,0.9872,0,7.02,0,13.9,0,14.67,0,11.09,16.83,7.01,5.52,3.66,7.03,22,11
d_F88K_M255I_Y217Y_OFF_T_G17,74,0.8037,0.7767,0.9847,0,9.13,0,17.26,0,30.46,0,28.75,34.68,6.03,3.97,5.34,10.71,14,9
d_F88K_M255I_Y217Y_OFF_T_G17,75,0.8036,0.8426,0.9827,0,6.85,0,12.51,0,15.8,0,10.41,17.36,7.3,3.87,2.55,5.14,23,10
d_F88K_M255I_Y217Y_OFF_T_G17,76,0.8031,0.8078,0.9867,0,8.99,0,15.39,0,36.52,0,33.42,38.26,1.92,4.04,6.41,13.04,17,10
d_F88K_M255I_Y217Y_OFF_T_G17,77,0.803,0.8801,0.9859,0,8.72,0,14.44,0,16.62,0,9.66,17.21,7.77,3.01,1.78,8.64,17,9
d_F88K_M255I_Y217Y_OFF_T_G17,78,0.8021,0.892,0.9869,0,6.97,0,14.76,0,34.01,0,33.11,33.64,5.86,4.53,3.82,6.89,29,11
d_F88K_M255I_Y217Y_OFF_T_G17,79,0.8018,0.855,0.9851,1,3.65,0,14.51,0,39.94,0,36.55,38.41,4.17,1.86,4.36,3.31,31,13
d_F88K_M255I_Y217Y_OFF_T_G17,8,0.8459,0.8995,0.9847,0,8.91,0,12.61,0,35.17,0,33.87,35.61,7.46,3.9,2.13,7.9,23,12
d_F88K_M255I_Y217Y_OFF_T_G17,80,0.8012,0.8878,0.9883,0,6.37,0,13.54,0,14.92,0,8.99,16.0,7.13,4.87,3.68,5.26,24,13
d_F88K_M255I_Y217Y_OFF_T_G17,81,0.801,0.8114,0.9861,0,5.18,0,12.48,0,37.99,0,34.29,36.92,7.27,4.23,4.34,6.5,21,8
d_F88K_M255I_Y217Y_OFF_T_G17,82,0.7999,0.7674,0.9822,0,5.59,0,27.07,0,13.63,0,21.55,19.97,4.63,4.25,9.36,6.11,31,13
d_F88K_M255I_Y217Y_OFF_T_G17,83,0.7977,0.8363,0.985,0,9.58,0,16.78,0,35.93,0,30.81,36.19,5.44,2.63,2.68,7.5,26,9
d_F88K_M255I_Y217Y_OFF_T_G17,84,0.7966,0.876,0.9865,0,7.59,0,14.95,0,14.86,0,6.39,14.3,6.8,3.87,4.54,7.34,27,12
d_F88K_M255I_Y217Y_OFF_T_G17,85,0.7963,0.7438,0.9833,1,1.77,0,29.32,0,18.25,0,16.68,22.23,5.04,6.18,8.32,1.94,38,12
d_F88K_M255I_Y217Y_OFF_T_G17,86,0.7925,0.7426,0.9823,0,8.14,0,10.92,0,33.81,0,32.11,34.75,10.87,2.43,4.55,6.87,22,8
d_F88K_M255I_Y217Y_OFF_T_G17,87,0.7899,0.7173,0.9785,1,4.96,0,12.22,0,28.49,0,28.5,31.62,3.88,4.75,4.04,5.05,51,18
d_F88K_M255I_Y217Y_OFF_T_G17,88,0.7869,0.8205,0.9803,0,8.12,0,14.18,0,17.09,0,10.5,18.21,5.7,3.87,3.05,6.75,24,11
d_F88K_M255I_Y217Y_OFF_T_G17,89,0.7865,0.7774,0.9831,0,6.68,0,5.82,1,2.41,0,6.94,4.56,1.32,4.08,2.35,7.13,46,17
d_F88K_M255I_Y217Y_OFF_T_G17,9,0.8458,0.9171,0.9901,1,4.73,0,13.42,0,36.51,0,35.75,37.64,5.49,4.87,8.27,4.47,28,11
d_F88K_M255I_Y217Y_OFF_T_G17,90,0.7844,0.6753,0.9815,0,7.23,0,8.43,0,34.33,0,31.72,33.69,8.41,2.99,1.5,5.9,23,13
d_F88K_M255I_Y217Y_OFF_T_G17,91,0.7834,0.8221,0.9877,0,9.31,0,14.73,0,26.53,0,22.17,28.8,6.54,4.38,4.91,6.13,11,9
d_F88K_M255I_Y217Y_OFF_T_G17,92,0.7776,0.7403,0.9839,1,3.56,0,14.67,1,2.9,0,5.71,6.82,4.0,3.64,2.87,1.86,40,18
d_F88K_M255I_Y217Y_OFF_T_G17,93,0.7713,0.7643,0.9821,0,8.82,0,11.8,0,17.9,0,11.54,17.25,6.01,2.72,3.66,7.01,21,9
d_F88K_M255I_Y217Y_OFF_T_G17,94,0.7661,0.7509,0.9821,1,1.89,0,15.46,0,18.5,0,9.97,17.19,6.15,5.68,2.87,2.81,25,11
d_F88K_M255I_Y217Y_OFF_T_G17,95,0.7606,0.6937,0.9776,0,5.27,0,9.94,0,35.56,0,33.41,34.19,4.8,4.58,2.99,6.13,32,14
d_F88K_M255I_Y217Y_OFF_T_G17,96,0.7594,0.7223,0.9805,0,8.53,0,13.79,0,16.3,0,9.3,16.31,6.63,4.41,3.84,8.17,27,12
d_F88K_M255I_Y217Y_OFF_T_G17,97,0.7526,0.567,0.9797,0,5.62,0,14.64,0,29.68,0,30.46,30.23,4.27,5.71,10.01,5.42,36,16
d_F88K_M255I_Y217Y_OFF_T_G17,98,0.7428,0.5693,0.974,0,5.42,0,14.14,0,44.72,0,37.86,43.24,5.1,2.89,7.68,7.11,34,21
d_F88K_M255I_Y217Y_OFF_T_G17,99,0.734,0.5771,0.9784,0,8.08,0,13.21,0,16.88,0,10.34,17.09,8.47,4.62,5.24,7.1,16,8
d_F88K_M255M_Y217Y_OFF_T_G17,0,0.8628,0.94,0.9916,1,2.58,0,15.28,0,44.74,0,37.42,42.78,4.03,3.76,3.29,5.53,50,20
d_F88K_M255M_Y217Y_OFF_T_G17,1,0.8608,0.9239,0.99,1,2.37,0,12.7,1,4.61,0,4.4,2.09,3.5,4.22,3.79,4.5,55,18
d_F88K_M255M_Y217Y_OFF_T_G17,10,0.8497,0.895,0.9875,0,13.32,0,15.07,0,30.18,0,29.08,31.81,13.72,6.4,10.6,10.17,22,8
d_F88K_M255M_Y217Y_OFF_T_G17,11,0.8488,0.9424,0.9897,0,7.09,0,17.84,0,26.92,0,20.68,26.48,4.81,5.25,4.09,5.93,36,14
d_F88K_M255M_Y217Y_OFF_T_G17,12,0.847,0.8696,0.9868,0,10.68,0,14.42,0,36.83,0,32.26,37.05,11.11,6.54,12.37,9.82,18,9
d_F88K_M255M_Y217Y_OFF_T_G17,13,0.8469,0.9331,0.9917,0,5.63,0,16.38,0,56.79,0,50.68,55.12,4.36,3.0,4.53,4.8,32,15
d_F88K_M255M_Y217Y_OFF_T_G17,14,0.8453,0.9568,0.9917,0,6.0,0,22.95,0,26.12,0,17.3,24.5,4.39,4.07,6.24,5.98,40,15
d_F88K_M255M_Y217Y_OFF_T_G17,15,0.8427,0.9008,0.9871,0,6.53,0,9.13,0,28.8,0,27.93,30.19,11.22,3.77,8.35,5.59,34,13
d_F88K_M255M_Y217Y_OFF_T_G17,16,0.8426,0.8772,0.9852,0,5.54,0,13.76,0,40.5,0,38.03,38.93,5.28,2.94,4.48,6.93,35,14
d_F88K_M255M_Y217Y_OFF_T_G17,17,0.8408,0.9057,0.9891,0,5.89,0,14.36,0,46.19,0,39.01,44.85,3.47,4.06,5.49,8.11,37,16
d_F88K_M255M_Y217Y_OFF_T_G17,18,0.8398,0.8985,0.9845,0,6.31,0,11.4,0,36.22,0,33.76,36.62,9.3,4.61,5.46,4.62,32,13
d_F88K_M255M_Y217Y_OFF_T_G17,19,0.8396,0.9389,0.9877,1,3.86,0,10.97,1,2.3,0,1.73,3.29,3.81,1.59,1.71,1.84,52,20
d_F88K_M255M_Y217Y_OFF_T_G17,2,0.8541,0.9278,0.9877,1,3.66,0,14.53,1,4.4,0,6.8,4.19,4.81,4.16,1.86,3.63,46,16
d_F88K_M255M_Y217Y_OFF_T_G17,20,0.8392,0.914,0.9903,0,6.52,0,14.67,0,39.01,0,36.64,36.54,5.43,4.29,4.76,5.62,30,11
d_F88K_M255M_Y217Y_OFF_T_G17,21,0.839,0.8895,0.986,0,5.9,0,12.62,1,3.38,0,8.36,6.3,4.0,3.99,1.68,5.25,42,16
d_F88K_M255M_Y217Y_OFF_T_G17,22,0.8387,0.8545,0.9845,0,9.91,0,16.06,0,34.94,0,32.49,36.56,12.62,6.1,13.55,8.54,20,7
d_F88K_M255M_Y217Y_OFF_T_G17,23,0.8384,0.9044,0.9871,0,6.37,0,14.36,0,39.61,0,37.92,38.31,3.92,4.44,4.37,6.84,31,11
d_F88K_M255M_Y217Y_OFF_T_G17,24,0.8382,0.8689,0.9902,0,6.48,0,26.29,0,28.91,0,35.19,33.92,4.38,3.67,1.71,6.61,44,14
d_F88K_M255M_Y217Y_OFF_T_G17,25,0.8375,0.9066,0.9879,0,6.41,0,9.8,0,30.23,0,28.45,30.55,10.48,3.26,7.87,4.44,33,14
d_F88K_M255M_Y217Y_OFF_T_G17,26,0.8375,0.8558,0.9881,0,9.23,0,16.67,0,28.81,0,29.78,27.81,5.23,5.99,5.19,6.86,33,16
d_F88K_M255M_Y217Y_OFF_T_G17,27,0.8374,0.9059,0.9881,1,2.62,0,12.29,0,44.74,0,39.75,41.95,5.82,2.71,5.5,2.62,41,15
d_F88K_M255M_Y217Y_OFF_T_G17,28,0.8374,0.9184,0.987,0,7.77,0,17.25,1,4.27,0,6.06,2.6,4.33,2.23,2.74,7.2,47,15
d_F88K_M255M_Y217Y_OFF_T_G17,29,0.8372,0.9198,0.9865,0,7.71,0,10.98,0,37.39,0,32.13,35.25,7.54,2.34,5.09,6.44,34,14
d_F88K_M255M_Y217Y_OFF_T_G17,3,0.8532,0.9295,0.992,0,6.22,0,10.79,1,2.27,0,7.12,4.93,2.36,5.04,3.12,7.13,50,15
d_F88K_M255M_Y217Y_OFF_T_G17,30,0.8369,0.9183,0.9908,1,4.82,0,18.86,0,23.48,0,24.01,25.34,4.45,3.11,2.93,3.07,43,16
d_F88K_M255M_Y217Y_OFF_T_G17,31,0.8365,0.9419,0.9917,1,3.03,0,15.62,1,2.4,0,3.65,5.99,4.71,3.3,2.04,5.8,46,14
d_F88K_M255M_Y217Y_OFF_T_G17,32,0.8361,0.9125,0.9909,0,7.21,0,24.35,0,32.58,0,32.13,34.98,2.69,3.45,3.81,6.66,36,15
d_F88K_M255M_Y217Y_OFF_T_G17,33,0.8355,0.9206,0.9902,0,5.26,0,20.37,0,32.5,0,30.88,28.53,4.65,3.98,4.54,5.87,50,15
d_F88K_M255M_Y217Y_OFF_T_G17,34,0.8346,0.933,0.9853,0,6.12,0,20.99,0,24.95,0,17.19,24.23,6.01,2.85,4.88,6.85,39,14
d_F88K_M255M_Y217Y_OFF_T_G17,35,0.8342,0.8515,0.9876,0,8.63,0,26.71,0,38.17,0,36.82,35.16,4.74,3.77,4.54,6.79,30,11
d_F88K_M255M_Y217Y_OFF_T_G17,36,0.833,0.8459,0.9857,0,13.45,0,16.39,0,34.5,0,31.59,35.98,12.5,4.09,11.48,10.68,18,7
d_F88K_M255M_Y217Y_OFF_T_G17,37,0.8328,0.8753,0.9892,0,7.51,0,23.63,0,34.49,0,36.67,37.97,4.73,2.01,3.9,7.57,34,13
d_F88K_M255M_Y217Y_OFF_T_G17,38,0.8324,0.9411,0.9923,0,7.74,0,13.78,0,43.05,0,39.98,40.9,3.96,3.49,4.15,5.54,31,14
d_F88K_M255M_Y217Y_OFF_T_G17,39,0.8317,0.8505,0.9899,0,9.42,0,26.75,0,32.06,0,33.34,36.5,3.73,3.04,3.36,7.19,32,15
d_F88K_M255M_Y217Y_OFF_T_G17,4,0.852,0.9317,0.9899,0,5.13,0,18.29,0,43.43,0,36.1,40.58,6.17,3.15,3.4,6.54,50,20
d_F88K_M255M_Y217Y_OFF_T_G17,40,0.831,0.9348,0.9882,0,6.58,0,11.69,0,6.69,0,4.66,2.8,4.88,4.23,2.71,6.0,35,14
d_F88K_M255M_Y217Y_OFF_T_G17,41,0.831,0.85,0.9885,0,6.17,0,22.03,0,30.52,0,34.0,34.88,2.48,1.87,3.82,6.53,41,15
d_F88K_M255M_Y217Y_OFF_T_G17,42,0.8292,0.9137,0.9889,1,4.04,0,25.21,0,7.55,0,16.92,11.66,3.16,4.28,12.12,4.91,41,12
d_F88K_M255M_Y217Y_OFF_T_G17,43,0.8288,0.9227,0.9888,0,6.01,0,18.67,0,29.69,0,28.18,29.52,3.99,3.85,5.79,6.23,41,17
d_F88K_M255M_Y217Y_OFF_T_G17,44,0.8287,0.8715,0.9905,0,6.06,0,23.69,0,32.04,0,35.97,36.01,2.27,2.65,4.12,6.51,44,13
d_F88K_M255M_Y217Y_OFF_T_G17,45,0.8282,0.9094,0.9872,0,7.87,0,11.82,0,37.33,0,32.45,35.17,6.14,2.35,3.71,6.63,24,13
d_F88K_M255M_Y217Y_OFF_T_G17,46,0.8281,0.9042,0.9877,0,7.23,0,11.1,0,16.24,0,10.62,18.39,6.99,3.33,1.06,7.6,30,11
d_F88K_M255M_Y217Y_OFF_T_G17,47,0.8272,0.892,0.9857,1,1.94,0,21.12,0,12.37,0,7.98,5.84,3.84,3.84,10.3,3.15,42,16
d_F88K_M255M_Y217Y_OFF_T_G17,48,0.8261,0.9162,0.9908,0,9.9,0,19.2,0,58.58,0,51.46,56.67,6.21,5.16,3.06,11.84,24,10
d_F88K_M255M_Y217Y_OFF_T_G17,49,0.8261,0.8963,0.9896,0,5.92,0,12.66,1,3.46,0,9.89,9.37,4.21,3.62,2.71,6.47,41,20
d_F88K_M255M_Y217Y_OFF_T_G17,5,0.8514,0.9086,0.9892,1,3.66,0,10.24,0,39.66,0,35.77,36.55,3.76,5.01,2.19,5.78,24,10
d_F88K_M255M_Y217Y_OFF_T_G17,50,0.8259,0.8857,0.9874,1,4.97,0,11.85,0,40.21,0,37.48,38.98,7.01,4.91,4.8,4.83,32,12
d_F88K_M255M_Y217Y_OFF_T_G17,51,0.8258,0.8738,0.9843,1,2.17,0,11.85,1,4.53,0,9.01,6.15,3.78,4.07,1.06,3.53,50,17
d_F88K_M255M_Y217Y_OFF_T_G17,52,0.8239,0.8408,0.9886,0,6.44,0,25.21,0,30.22,0,34.99,34.5,3.12,2.76,4.04,7.25,43,16
d_F88K_M255M_Y217Y_OFF_T_G17,53,0.8239,0.8895,0.9882,0,5.55,0,12.86,0,39.58,0,36.03,38.11,6.75,3.14,2.24,6.96,24,10
d_F88K_M255M_Y217Y_OFF_T_G17,54,0.8233,0.8348,0.9893,0,8.36,0,25.19,0,34.52,0,36.1,31.21,5.45,2.16,4.55,7.07,32,14
d_F88K_M255M_Y217Y_OFF_T_G17,55,0.823,0.8592,0.9895,0,7.55,0,26.18,0,51.78,0,48.55,52.14,3.59,3.19,3.0,6.55,39,14
d_F88K_M255M_Y217Y_OFF_T_G17,56,0.8226,0.8765,0.9859,0,7.42,0,12.42,0,39.42,0,35.18,38.37,3.65,5.3,7.0,7.54,43,18
d_F88K_M255M_Y217Y_OFF_T_G17,57,0.8222,0.9189,0.9879,1,4.19,0,8.28,1,4.03,0,3.81,5.89,3.75,3.48,1.87,4.2,48,18
d_F88K_M255M_Y217Y_OFF_T_G17,58,0.8221,0.8243,0.9876,0,7.11,0,25.14,0,31.31,0,33.88,36.76,3.29,3.25,2.6,6.2,39,13
d_F88K_M255M_Y217Y_OFF_T_G17,59,0.8221,0.8518,0.9882,0,6.27,0,26.14,0,28.65,0,30.94,32.37,4.3,4.44,3.94,6.19,39,17
d_F88K_M255M_Y217Y_OFF_T_G17,6,0.851,0.9026,0.9889,1,3.29,0,11.57,0,5.28,0,5.32,6.27,3.54,3.58,1.29,3.9,53,15
d_F88K_M255M_Y217Y_OFF_T_G17,60,0.822,0.8292,0.9891,0,8.09,0,24.85,0,50.57,0,50.1,52.65,3.52,3.93,4.7,7.4,40,12
d_F88K_M255M_Y217Y_OFF_T_G17,61,0.8217,0.8798,0.9849,0,8.67,0,13.77,0,30.51,0,29.06,31.32,11.62,4.87,9.29,7.69,20,11
d_F88K_M255M_Y217Y_OFF_T_G17,62,0.8214,0.8302,0.9863,0,7.26,0,25.09,0,29.23,0,34.35,34.73,2.92,2.97,3.86,6.45,40,14
d_F88K_M255M_Y217Y_OFF_T_G17,63,0.8213,0.9156,0.9912,0,10.01,0,12.33,0,31.7,0,35.24,33.43,7.17,4.82,2.99,16.87,18,13
d_F88K_M255M_Y217Y_OFF_T_G17,64,0.821,0.885,0.9857,1,4.83,0,21.01,0,29.56,0,26.66,29.83,5.49,4.15,2.92,4.5,45,16
d_F88K_M255M_Y217Y_OFF_T_G17,65,0.8207,0.8489,0.9883,0,8.24,0,25.3,0,27.77,0,34.25,31.77,5.01,4.46,3.27,7.75,39,16
d_F88K_M255M_Y217Y_OFF_T_G17,66,0.8201,0.8905,0.9863,0,6.86,0,14.97,0,40.9,0,36.65,38.6,5.34,4.85,3.14,8.84,26,11
d_F88K_M255M_Y217Y_OFF_T_G17,67,0.8196,0.9023,0.9887,0,6.93,0,15.73,0,9.76,0,4.7,11.02,7.82,3.76,5.23,6.18,25,11
d_F88K_M255M_Y217Y_OFF_T_G17,68,0.8185,0.9454,0.9908,0,5.78,0,23.1,0,26.44,0,19.76,24.56,3.49,4.31,9.46,5.06,39,15
d_F88K_M255M_Y217Y_OFF_T_G17,69,0.8182,0.8373,0.9906,0,5.09,0,23.29,0,45.88,0,42.97,44.97,3.15,7.65,7.27,5.56,33,11
d_F88K_M255M_Y217Y_OFF_T_G17,7,0.8507,0.9519,0.9909,1,4.22,0,13.72,1,1.77,0,7.03,3.89,5.62,3.39,4.14,2.63,48,19
d_F88K_M255M_Y217Y_OFF_T_G17,70,0.8171,0.927,0.9921,0,7.57,0,14.0,0,43.99,0,38.4,40.54,6.32,4.61,2.15,9.39,21,11
d_F88K_M255M_Y217Y_OFF_T_G17,71,0.8167,0.9255,0.9885,0,6.84,0,13.6,0,33.61,0,32.84,34.94,10.72,4.97,7.15,6.12,27,12
d_F88K_M255M_Y217Y_OFF_T_G17,72,0.816,0.8447,0.9905,0,7.07,0,25.23,0,34.23,0,35.18,31.4,1.97,6.06,5.67,7.72,35,12
d_F88K_M255M_Y217Y_OFF_T_G17,73,0.8149,0.8482,0.9887,0,6.86,0,24.48,0,36.59,0,39.76,40.19,4.32,3.8,4.22,5.89,41,12
d_F88K_M255M_Y217Y_OFF_T_G17,74,0.8132,0.8341,0.9875,0,7.18,0,19.25,0,40.83,0,37.33,38.41,4.39,2.57,5.86,6.47,33,12
d_F88K_M255M_Y217Y_OFF_T_G17,75,0.8131,0.8472,0.9872,0,6.58,0,26.94,0,35.49,0,35.43,36.94,3.01,3.42,2.62,5.67,42,14
d_F88K_M255M_Y217Y_OFF_T_G17,76,0.813,0.7496,0.9777,0,6.77,0,11.32,0,6.16,0,3.09,1.89,1.56,5.48,3.93,6.79,48,17
d_F88K_M255M_Y217Y_OFF_T_G17,77,0.8099,0.8413,0.9842,0,6.17,0,8.73,0,33.94,0,31.52,32.75,9.93,3.41,9.87,5.4,23,11
d_F88K_M255M_Y217Y_OFF_T_G17,78,0.8091,0.8418,0.9869,0,5.83,0,19.31,0,35.89,0,35.36,34.1,3.7,4.83,9.06,7.5,42,15
d_F88K_M255M_Y217Y_OFF_T_G17,79,0.8082,0.8869,0.9864,0,6.69,0,14.44,0,34.76,0,33.03,33.93,5.79,3.46,4.38,6.2,25,14
d_F88K_M255M_Y217Y_OFF_T_G17,8,0.8505,0.9062,0.9897,0,6.03,0,10.49,1,4.54,0,8.07,5.47,2.0,3.78,3.61,5.59,48,16
d_F88K_M255M_Y217Y_OFF_T_G17,80,0.8073,0.8443,0.9828,0,5.89,0,13.6,0,42.14,0,37.12,40.32,6.03,4.04,5.06,6.99,25,10
d_F88K_M255M_Y217Y_OFF_T_G17,81,0.8059,0.8539,0.9856,0,5.44,0,23.89,0,27.36,0,23.35,29.53,2.48,2.71,3.41,5.76,43,16
d_F88K_M255M_Y217Y_OFF_T_G17,82,0.8054,0.8906,0.9869,0,8.86,0,15.38,0,20.43,0,12.33,17.79,6.13,3.02,0.83,7.11,21,11
d_F88K_M255M_Y217Y_OFF_T_G17,83,0.805,0.8461,0.9873,1,1.39,0,16.31,0,46.59,0,40.16,44.74,4.07,5.8,9.53,2.32,40,15
d_F88K_M255M_Y217Y_OFF_T_G17,84,0.804,0.7868,0.9822,0,5.46,0,19.15,0,32.67,0,30.32,34.43,4.13,4.34,3.47,2.9,37,15
d_F88K_M255M_Y217Y_OFF_T_G17,85,0.8036,0.8143,0.988,1,2.96,0,22.49,0,56.8,0,49.76,57.1,4.65,6.69,10.96,2.1,40,13
d_F88K_M255M_Y217Y_OFF_T_G17,86,0.8003,0.8823,0.9867,0,6.4,0,14.08,0,37.58,0,35.55,35.86,5.48,5.68,3.18,7.11,26,13
d_F88K_M255M_Y217Y_OFF_T_G17,87,0.7994,0.8115,0.988,0,5.13,0,13.02,0,34.84,0,33.66,34.96,2.79,5.56,10.47,5.18,35,12
d_F88K_M255M_Y217Y_OFF_T_G17,88,0.795,0.8429,0.9845,0,7.68,0,15.14,0,14.39,0,8.88,17.08,6.03,4.16,4.12,8.03,20,9
d_F88K_M255M_Y217Y_OFF_T_G17,89,0.7935,0.851,0.987,0,7.29,0,12.84,0,14.8,0,9.38,14.62,8.54,4.36,3.48,6.66,16,7
d_F88K_M255M_Y217Y_OFF_T_G17,9,0.85,0.9104,0.9908,1,3.33,0,10.71,0,42.98,0,40.12,42.11,6.17,6.31,5.66,2.24,29,9
d_F88K_M255M_Y217Y_OFF_T_G17,90,0.7869,0.7665,0.9832,1,3.77,0,11.35,0,39.15,0,36.98,38.75,5.37,4.89,3.77,2.87,21,7
d_F88K_M255M_Y217Y_OFF_T_G17,91,0.7847,0.8236,0.985,0,5.93,0,15.8,0,33.31,0,30.91,34.43,2.29,4.87,2.07,5.92,48,18
d_F88K_M255M_Y217Y_OFF_T_G17,92,0.7798,0.7342,0.9836,1,3.85,0,15.38,0,33.43,0,29.3,32.28,2.8,4.2,3.06,5.91,52,16
d_F88K_M255M_Y217Y_OFF_T_G17,93,0.7707,0.6947,0.9805,0,5.61,0,17.54,0,46.46,0,37.58,44.89,4.2,4.0,5.02,4.15,57,19
d_F88K_M255M_Y217Y_OFF_T_G17,94,0.7628,0.6784,0.9812,0,6.43,0,12.08,0,37.65,0,35.09,35.92,4.68,3.71,10.13,5.99,36,19
d_F88K_M255M_Y217Y_OFF_T_G17,95,0.7481,0.6203,0.9766,0,9.04,0,13.92,0,31.33,0,29.73,33.26,11.73,5.89,11.64,6.25,25,10
d_F88K_M255M_Y217Y_OFF_T_G17,96,0.746,0.6127,0.9826,0,12.03,0,17.1,0,26.24,0,21.96,28.83,8.25,1.47,3.64,11.77,8,7
d_F88K_M255M_Y217Y_OFF_T_G17,97,0.7401,0.5434,0.98,0,8.71,0,12.81,0,6.0,0,11.49,11.79,5.72,5.99,3.98,7.96,28,15
d_F88K_M255M_Y217Y_OFF_T_G17,98,0.734,0.473,0.979,0,11.46,0,24.77,0,33.68,0,39.21,37.6,7.87,5.14,5.48,19.26,16,7
d_F88K_M255M_Y217Y_OFF_T_G17,99,0.7069,0.3903,0.9737,1,3.58,0,24.27,0,18.77,0,18.53,21.69,4.08,5.36,6.92,4.6,22,8
d_F88R_M255M_Y217Y_OFF_T_G17,0,0.8703,0.9503,0.9897,0,5.58,0,17.85,0,9.91,0,8.22,5.86,5.72,2.57,2.75,5.15,32,15
d_F88R_M255M_Y217Y_OFF_T_G17,1,0.8702,0.9344,0.9906,0,6.98,0,11.3,0,8.26,0,7.33,5.74,4.69,4.56,2.96,6.09,51,15
d_F88R_M255M_Y217Y_OFF_T_G17,10,0.8508,0.9393,0.992,0,6.5,0,10.3,0,33.13,0,33.21,35.29,4.53,5.06,4.15,5.33,45,17
d_F88R_M255M_Y217Y_OFF_T_G17,11,0.8502,0.8935,0.9877,0,6.55,0,12.55,1,4.25,0,4.67,2.32,4.39,4.76,4.01,6.12,52,18
d_F88R_M255M_Y217Y_OFF_T_G17,12,0.8492,0.9214,0.9918,0,5.98,0,9.4,0,28.6,0,31.32,29.88,3.66,5.27,8.18,5.89,34,12
d_F88R_M255M_Y217Y_OFF_T_G17,13,0.848,0.9289,0.9909,0,5.75,0,14.71,0,43.95,0,37.21,42.84,4.81,1.97,2.34,7.85,51,18
d_F88R_M255M_Y217Y_OFF_T_G17,14,0.8449,0.9071,0.9907,1,2.98,0,10.38,0,12.08,0,13.67,17.55,4.03,3.61,1.67,4.38,43,15
d_F88R_M255M_Y217Y_OFF_T_G17,15,0.8448,0.9292,0.989,0,6.44,0,6.33,0,37.13,0,35.83,35.57,4.05,3.64,3.82,6.77,36,14
d_F88R_M255M_Y217Y_OFF_T_G17,16,0.8448,0.8629,0.9866,0,5.31,0,14.8,0,41.84,0,38.52,40.08,4.9,4.17,5.58,5.53,24,10
d_F88R_M255M_Y217Y_OFF_T_G17,17,0.8439,0.8905,0.989,1,4.47,0,11.59,1,2.46,0,6.86,4.52,3.13,2.62,2.44,4.82,46,17
d_F88R_M255M_Y217Y_OFF_T_G17,18,0.8432,0.9292,0.9903,0,6.46,0,6.38,0,35.41,0,32.16,33.15,6.93,5.0,8.72,7.78,29,13
d_F88R_M255M_Y217Y_OFF_T_G17,19,0.8411,0.9108,0.9878,0,5.78,0,14.11,0,41.12,0,35.59,39.28,5.62,2.96,1.75,7.81,49,19
d_F88R_M255M_Y217Y_OFF_T_G17,2,0.8629,0.9277,0.988,0,6.5,0,14.89,1,3.14,0,5.65,3.18,5.0,3.23,5.86,6.27,42,15
d_F88R_M255M_Y217Y_OFF_T_G17,20,0.8408,0.954,0.9925,0,6.12,0,27.84,0,24.67,0,20.41,25.1,3.37,2.37,4.93,6.31,43,16
d_F88R_M255M_Y217Y_OFF_T_G17,21,0.8403,0.9013,0.9861,0,6.41,0,12.15,0,40.2,0,37.41,37.96,5.1,3.84,5.63,6.02,25,11
d_F88R_M255M_Y217Y_OFF_T_G17,22,0.8397,0.8887,0.9874,0,6.05,0,16.54,0,38.49,0,36.83,36.4,3.75,4.55,8.18,5.66,42,16
d_F88R_M255M_Y217Y_OFF_T_G17,23,0.8395,0.9163,0.9898,0,5.79,0,11.64,0,45.13,0,38.29,41.85,5.87,4.92,4.61,6.54,40,19
d_F88R_M255M_Y217Y_OFF_T_G17,24,0.8394,0.9324,0.9903,0,5.67,0,10.83,0,32.19,0,29.27,33.46,4.46,5.38,3.29,6.39,38,17
d_F88R_M255M_Y217Y_OFF_T_G17,25,0.8389,0.8862,0.9843,0,6.78,0,11.17,1,4.23,0,6.15,4.75,4.71,1.23,3.85,6.94,40,17
d_F88R_M255M_Y217Y_OFF_T_G17,26,0.8386,0.9016,0.9872,0,7.87,0,14.54,0,36.67,0,35.11,34.87,3.61,5.8,3.26,5.52,31,12
d_F88R_M255M_Y217Y_OFF_T_G17,27,0.8385,0.8962,0.9871,0,5.47,0,8.38,0,26.71,0,24.92,27.74,6.08,3.94,5.66,6.57,43,19
d_F88R_M255M_Y217Y_OFF_T_G17,28,0.8382,0.9286,0.9886,0,8.01,0,10.12,0,34.1,0,30.71,33.8,5.78,3.16,5.55,6.31,28,15
d_F88R_M255M_Y217Y_OFF_T_G17,29,0.8379,0.8834,0.9872,0,5.66,0,13.61,0,44.02,0,38.43,41.8,4.5,5.24,7.35,3.9,30,14
d_F88R_M255M_Y217Y_OFF_T_G17,3,0.8596,0.9384,0.991,1,4.37,0,11.76,0,33.9,0,28.84,32.31,5.74,4.87,4.45,3.25,44,19
d_F88R_M255M_Y217Y_OFF_T_G17,30,0.8376,0.895,0.9866,0,5.63,0,13.59,0,40.76,0,34.77,39.33,4.44,3.16,2.38,6.46,56,22
d_F88R_M255M_Y217Y_OFF_T_G17,31,0.837,0.8926,0.9906,0,5.95,0,19.08,0,34.59,0,35.32,33.85,3.47,4.05,9.29,3.54,44,14
d_F88R_M255M_Y217Y_OFF_T_G17,32,0.8367,0.9078,0.9879,0,6.95,0,9.78,0,32.01,0,31.55,31.43,4.12,6.76,10.4,6.31,36,16
d_F88R_M255M_Y217Y_OFF_T_G17,33,0.836,0.9337,0.9891,0,5.54,0,19.1,0,25.65,0,24.47,28.57,3.71,4.58,3.73,6.14,41,16
d_F88R_M255M_Y217Y_OFF_T_G17,34,0.8357,0.8934,0.9857,0,6.27,0,12.2,0,35.47,0,35.82,34.64,2.94,1.9,5.17,6.92,41,14
d_F88R_M255M_Y217Y_OFF_T_G17,35,0.8352,0.8793,0.9855,0,7.44,0,29.8,0,26.05,0,22.11,27.7,3.1,3.57,4.42,5.06,41,16
d_F88R_M255M_Y217Y_OFF_T_G17,36,0.835,0.8896,0.9865,0,6.57,0,10.54,0,28.63,0,29.64,28.32,3.44,3.81,6.81,6.7,37,17
d_F88R_M255M_Y217Y_OFF_T_G17,37,0.8347,0.8703,0.9902,0,6.1,0,25.92,0,28.14,0,33.23,32.93,3.41,3.92,3.61,6.65,40,15
d_F88R_M255M_Y217Y_OFF_T_G17,38,0.8331,0.8849,0.9893,1,1.98,0,22.9,0,8.22,0,16.1,11.51,4.43,6.28,11.42,3.13,35,14
d_F88R_M255M_Y217Y_OFF_T_G17,39,0.833,0.9091,0.9875,0,5.67,0,13.32,0,43.61,0,35.58,39.35,3.17,4.39,3.07,6.74,54,21
d_F88R_M255M_Y217Y_OFF_T_G17,4,0.8589,0.9554,0.9932,1,3.66,0,13.04,0,5.39,0,5.77,2.77,4.02,3.8,2.79,2.25,53,20
d_F88R_M255M_Y217Y_OFF_T_G17,40,0.8327,0.864,0.9866,0,5.89,0,17.39,0,38.33,0,37.25,37.15,3.63,2.58,10.07,7.42,39,15
d_F88R_M255M_Y217Y_OFF_T_G17,41,0.8327,0.8506,0.9901,0,5.78,0,25.85,0,31.97,0,34.82,37.26,4.13,3.59,3.88,6.3,38,15
d_F88R_M255M_Y217Y_OFF_T_G17,42,0.8325,0.9044,0.9884,1,3.35,0,18.01,0,32.66,0,29.74,32.51,4.73,2.42,3.15,4.06,45,13
d_F88R_M255M_Y217Y_OFF_T_G17,43,0.832,0.8772,0.985,0,6.0,0,12.82,0,40.21,0,36.82,38.06,5.69,3.1,2.02,6.97,30,13
d_F88R_M255M_Y217Y_OFF_T_G17,44,0.8308,0.8949,0.9863,0,6.38,0,13.93,0,40.37,0,37.26,38.1,4.94,2.75,6.33,7.16,39,16
d_F88R_M255M_Y217Y_OFF_T_G17,45,0.8307,0.8767,0.9871,0,6.91,1,1.94,0,31.49,0,32.22,33.79,6.26,4.54,8.54,7.79,31,13
d_F88R_M255M_Y217Y_OFF_T_G17,46,0.8303,0.8419,0.9822,0,8.29,0,10.01,0,30.42,0,28.82,31.16,7.65,4.33,7.5,6.37,30,13
d_F88R_M255M_Y217Y_OFF_T_G17,47,0.8302,0.8942,0.9879,0,5.2,0,9.98,0,35.48,0,36.36,38.31,4.54,4.47,5.4,4.64,42,14
d_F88R_M255M_Y217Y_OFF_T_G17,48,0.8291,0.8436,0.9886,1,4.6,0,24.76,0,34.4,0,37.69,38.47,2.26,3.78,2.78,5.99,45,16
d_F88R_M255M_Y217Y_OFF_T_G17,49,0.8288,0.8994,0.9838,0,7.91,0,10.43,0,33.22,0,31.56,33.46,5.4,3.9,3.56,7.09,32,12
d_F88R_M255M_Y217Y_OFF_T_G17,5,0.8558,0.9054,0.9889,1,4.42,0,7.0,0,43.32,0,38.36,39.55,5.89,5.28,4.14,4.41,29,12
d_F88R_M255M_Y217Y_OFF_T_G17,50,0.8282,0.8742,0.9906,0,5.95,0,22.85,0,29.65,0,32.01,34.43,4.24,4.37,3.57,6.67,41,15
d_F88R_M255M_Y217Y_OFF_T_G17,51,0.8281,0.8925,0.9892,0,8.76,0,22.72,0,35.91,0,38.45,39.39,8.06,4.37,2.7,19.67,20,10
d_F88R_M255M_Y217Y_OFF_T_G17,52,0.8275,0.9069,0.9886,0,6.86,0,9.29,0,37.05,0,33.42,33.41,4.36,4.9,6.17,6.68,44,17
d_F88R_M255M_Y217Y_OFF_T_G17,53,0.8274,0.8881,0.9909,0,6.84,0,10.02,0,7.01,0,7.19,5.23,2.4,4.36,4.65,6.99,48,19
d_F88R_M255M_Y217Y_OFF_T_G17,54,0.8272,0.9422,0.9895,0,7.44,0,5.46,0,29.32,0,25.53,30.97,4.48,3.76,2.46,6.74,41,17
d_F88R_M255M_Y217Y_OFF_T_G17,55,0.8271,0.8265,0.9874,0,7.35,0,28.25,0,52.68,0,50.12,53.46,2.26,2.9,3.14,6.8,40,14
d_F88R_M255M_Y217Y_OFF_T_G17,56,0.8267,0.9199,0.99,1,4.72,0,24.6,0,21.33,0,20.21,23.5,2.48,1.9,3.63,5.05,45,15
d_F88R_M255M_Y217Y_OFF_T_G17,57,0.8266,0.8686,0.9851,0,6.24,0,11.14,0,42.76,0,40.64,42.09,4.92,3.34,7.31,6.86,38,14
d_F88R_M255M_Y217Y_OFF_T_G17,58,0.8258,0.8464,0.9823,1,4.21,0,14.03,1,2.65,0,5.6,4.68,4.91,4.27,1.52,3.75,40,18
d_F88R_M255M_Y217Y_OFF_T_G17,59,0.8251,0.8211,0.9835,0,5.08,0,19.42,0,41.11,0,34.77,37.67,4.72,5.2,3.09,5.14,56,18
d_F88R_M255M_Y217Y_OFF_T_G17,6,0.8534,0.8954,0.9866,0,8.78,0,16.07,1,1.66,0,5.84,3.42,5.25,2.12,2.8,6.59,32,15
d_F88R_M255M_Y217Y_OFF_T_G17,60,0.8244,0.9199,0.9904,1,3.11,0,10.84,1,3.43,0,1.4,4.54,3.56,3.14,1.14,5.4,45,16
d_F88R_M255M_Y217Y_OFF_T_G17,61,0.8243,0.8876,0.9852,0,5.36,0,12.03,0,35.17,0,30.03,33.88,4.97,4.03,4.86,7.57,48,17
d_F88R_M255M_Y217Y_OFF_T_G17,62,0.824,0.8966,0.986,0,5.48,0,18.78,0,42.17,0,38.96,39.48,4.76,3.8,8.87,5.06,41,15
d_F88R_M255M_Y217Y_OFF_T_G17,63,0.8235,0.8931,0.9845,0,5.91,0,6.6,0,27.36,0,25.02,29.38,2.4,7.03,2.8,5.14,47,18
d_F88R_M255M_Y217Y_OFF_T_G17,64,0.8231,0.9022,0.9889,0,5.19,0,8.38,0,29.68,0,26.87,30.07,4.99,5.27,5.61,6.82,39,14
d_F88R_M255M_Y217Y_OFF_T_G17,65,0.8224,0.7887,0.9838,0,5.61,0,16.95,0,34.7,0,34.99,34.81,2.83,3.67,7.3,4.84,39,13
d_F88R_M255M_Y217Y_OFF_T_G17,66,0.8223,0.9104,0.9885,0,5.85,0,23.32,0,30.3,0,28.62,33.09,3.85,0.92,3.76,6.32,40,15
d_F88R_M255M_Y217Y_OFF_T_G17,67,0.8221,0.8838,0.9868,0,6.65,0,16.06,0,39.18,0,33.77,39.98,3.77,3.67,2.15,4.96,55,19
d_F88R_M255M_Y217Y_OFF_T_G17,68,0.8221,0.8952,0.989,0,5.88,0,8.83,0,33.8,0,29.15,33.38,4.51,3.19,3.37,5.24,44,19
d_F88R_M255M_Y217Y_OFF_T_G17,69,0.822,0.7914,0.9864,1,4.27,0,19.62,0,34.49,0,39.61,38.01,4.71,4.61,5.02,5.19,37,14
d_F88R_M255M_Y217Y_OFF_T_G17,7,0.8532,0.8698,0.9867,0,5.1,0,17.18,0,31.66,0,34.59,31.89,3.55,2.38,3.91,5.09,38,15
d_F88R_M255M_Y217Y_OFF_T_G17,70,0.8196,0.893,0.9888,0,10.16,0,17.69,0,32.92,0,37.09,33.09,7.34,4.37,0.95,19.72,20,10
d_F88R_M255M_Y217Y_OFF_T_G17,71,0.8191,0.9142,0.9879,0,5.72,0,6.63,0,26.18,0,23.5,28.55,3.88,4.33,3.11,5.63,47,19
d_F88R_M255M_Y217Y_OFF_T_G17,72,0.8186,0.8594,0.988,0,5.5,0,8.53,1,4.33,0,0.61,5.98,2.83,4.0,2.53,5.87,49,17
d_F88R_M255M_Y217Y_OFF_T_G17,73,0.818,0.8217,0.9862,0,7.29,0,11.12,1,3.87,0,12.55,10.27,4.29,3.08,2.44,6.87,38,15
d_F88R_M255M_Y217Y_OFF_T_G17,74,0.8169,0.9048,0.988,0,5.58,0,11.81,0,32.55,0,30.05,32.7,4.28,2.91,5.3,5.83,29,13
d_F88R_M255M_Y217Y_OFF_T_G17,75,0.8155,0.8771,0.9886,0,13.53,0,15.2,0,32.75,0,27.97,32.51,5.94,1.76,4.33,13.22,15,8
d_F88R_M255M_Y217Y_OFF_T_G17,76,0.8143,0.9459,0.9926,1,2.21,0,10.38,0,45.08,0,38.72,43.94,3.54,2.65,3.64,2.57,39,15
d_F88R_M255M_Y217Y_OFF_T_G17,77,0.8143,0.7813,0.9841,0,6.54,0,13.8,1,1.48,0,6.99,4.17,5.71,3.69,3.2,6.8,41,16
d_F88R_M255M_Y217Y_OFF_T_G17,78,0.8127,0.891,0.9873,0,5.25,0,23.37,0,7.31,0,5.76,12.01,3.57,5.71,7.27,5.68,45,15
d_F88R_M255M_Y217Y_OFF_T_G17,79,0.8126,0.8352,0.9873,0,5.48,0,23.02,0,31.52,0,31.55,34.22,2.38,5.52,2.95,5.9,40,14
d_F88R_M255M_Y217Y_OFF_T_G17,8,0.8526,0.9253,0.989,0,6.61,0,16.5,0,45.56,0,39.29,43.38,4.46,4.64,2.08,6.06,47,19
d_F88R_M255M_Y217Y_OFF_T_G17,80,0.8104,0.8724,0.9863,0,7.28,0,9.29,0,33.35,0,30.95,33.57,6.19,3.58,4.54,5.31,31,17
d_F88R_M255M_Y217Y_OFF_T_G17,81,0.8081,0.8743,0.9864,0,6.13,0,15.16,0,5.46,0,8.16,5.59,4.55,3.79,4.32,6.99,43,17
d_F88R_M255M_Y217Y_OFF_T_G17,82,0.8064,0.8089,0.9811,0,5.04,0,10.24,0,27.89,0,23.55,28.73,5.05,6.25,7.17,7.23,34,14
d_F88R_M255M_Y217Y_OFF_T_G17,83,0.8058,0.863,0.9866,0,6.08,0,8.29,0,28.19,0,25.44,30.59,4.67,5.61,4.98,5.27,45,19
d_F88R_M255M_Y217Y_OFF_T_G17,84,0.8055,0.8103,0.983,0,6.99,0,11.89,0,34.28,0,33.14,32.53,4.1,3.37,7.69,8.03,38,17
d_F88R_M255M_Y217Y_OFF_T_G17,85,0.8055,0.714,0.9792,0,6.42,0,10.89,0,7.47,0,6.86,3.08,4.58,3.86,3.55,6.37,47,18
d_F88R_M255M_Y217Y_OFF_T_G17,86,0.8047,0.8946,0.9875,0,6.5,0,7.97,0,25.12,0,23.26,25.55,2.89,2.59,3.32,6.22,44,20
d_F88R_M255M_Y217Y_OFF_T_G17,87,0.8035,0.8382,0.9855,1,4.47,0,20.42,0,32.47,0,30.4,33.46,2.91,3.77,5.57,5.07,47,18
d_F88R_M255M_Y217Y_OFF_T_G17,88,0.8006,0.8339,0.7839,1,4.97,0,11.44,0,21.61,0,21.4,24.9,5.32,3.0,5.51,6.58,34,16
d_F88R_M255M_Y217Y_OFF_T_G17,89,0.8005,0.8788,0.9868,0,7.19,0,11.82,0,30.03,0,25.67,31.68,4.13,4.85,7.48,7.54,37,16
d_F88R_M255M_Y217Y_OFF_T_G17,9,0.8525,0.9454,0.9914,0,5.42,0,22.15,0,42.66,0,36.55,39.52,5.7,3.91,6.3,5.36,51,19
d_F88R_M255M_Y217Y_OFF_T_G17,90,0.8,0.8362,0.9849,0,6.65,0,8.05,0,30.21,0,26.74,30.62,3.48,3.81,5.16,6.1,41,17
d_F88R_M255M_Y217Y_OFF_T_G17,91,0.7994,0.8415,0.9867,0,5.62,0,11.72,0,36.32,0,37.36,39.58,3.24,1.74,4.15,6.87,41,15
d_F88R_M255M_Y217Y_OFF_T_G17,92,0.794,0.8147,0.9829,0,6.09,0,9.49,0,39.14,0,34.52,38.45,6.55,3.27,3.3,5.34,38,15
d_F88R_M255M_Y217Y_OFF_T_G17,93,0.792,0.7716,0.9863,0,5.35,0,10.43,0,5.96,0,11.46,6.44,4.01,2.32,3.04,5.57,48,18
d_F88R_M255M_Y217Y_OFF_T_G17,94,0.7772,0.688,0.983,1,5.0,0,13.28,1,1.89,0,8.0,5.29,3.89,3.83,3.77,5.43,51,15
d_F88R_M255M_Y217Y_OFF_T_G17,95,0.7772,0.6897,0.9817,0,6.71,0,13.62,1,1.12,0,7.36,7.96,3.67,3.64,1.89,5.7,46,18
d_F88R_M255M_Y217Y_OFF_T_G17,96,0.7721,0.7342,0.9789,0,6.28,0,8.89,0,29.77,0,27.62,28.84,3.89,3.81,4.84,5.65,39,18
d_F88R_M255M_Y217Y_OFF_T_G17,97,0.7669,0.752,0.9866,0,6.99,0,9.56,0,29.33,0,31.61,29.77,3.12,4.92,9.57,7.04,35,15
d_F88R_M255M_Y217Y_OFF_T_G17,98,0.7667,0.6157,0.9797,0,6.88,0,12.97,0,35.35,0,33.48,33.5,3.05,5.64,8.74,7.62,44,15
d_F88R_M255M_Y217Y_OFF_T_G17,99,0.7545,0.6966,0.9813,0,5.67,0,7.5,0,28.49,0,29.04,27.86,3.44,5.74,8.59,6.19,39,15
d_F88W_M255M_Y217Y_OFF_T_G17,0,0.8652,0.911,0.9869,1,4.65,0,19.52,0,41.02,0,34.34,39.25,5.42,2.01,4.67,5.83,55,20
d_F88W_M255M_Y217Y_OFF_T_G17,1,0.8628,0.9133,0.9883,1,2.79,0,26.59,0,10.07,0,15.37,11.96,5.06,4.73,8.37,4.33,39,13
d_F88W_M255M_Y217Y_OFF_T_G17,10,0.857,0.9136,0.9878,0,5.87,0,8.33,0,33.66,0,30.6,33.49,9.56,6.74,9.46,4.79,33,12
d_F88W_M255M_Y217Y_OFF_T_G17,11,0.8561,0.9368,0.9895,1,4.33,0,14.05,0,42.41,0,35.78,39.68,4.68,2.61,5.81,5.45,36,15
d_F88W_M255M_Y217Y_OFF_T_G17,12,0.8558,0.9114,0.9867,0,5.72,0,12.48,0,41.48,0,35.84,39.41,4.71,4.34,3.97,5.22,37,18
d_F88W_M255M_Y217Y_OFF_T_G17,13,0.8555,0.8783,0.9885,1,4.74,0,19.15,0,32.29,0,34.19,36.74,2.73,3.66,3.59,5.41,37,12
d_F88W_M255M_Y217Y_OFF_T_G17,14,0.8555,0.9077,0.9916,0,6.88,0,11.9,1,4.07,0,3.64,8.65,2.11,4.04,2.44,7.43,34,12
d_F88W_M255M_Y217Y_OFF_T_G17,15,0.8554,0.9321,0.9909,1,4.45,0,13.82,0,44.43,0,39.58,41.33,5.22,3.88,4.94,5.16,32,13
d_F88W_M255M_Y217Y_OFF_T_G17,16,0.8544,0.8891,0.9879,0,6.18,0,14.42,0,41.24,0,38.31,37.8,4.91,2.25,3.93,6.44,34,9
d_F88W_M255M_Y217Y_OFF_T_G17,17,0.854,0.8997,0.9891,1,4.45,0,27.09,0,11.65,0,13.79,11.91,5.5,6.28,11.2,4.54,32,13
d_F88W_M255M_Y217Y_OFF_T_G17,18,0.854,0.9171,0.9859,0,5.71,0,12.42,0,44.1,0,38.41,41.94,3.9,2.78,6.19,4.92,41,15
d_F88W_M255M_Y217Y_OFF_T_G17,19,0.8533,0.8681,0.9903,0,5.5,0,24.18,0,26.77,0,24.11,29.59,2.66,2.9,4.82,5.47,39,15
d_F88W_M255M_Y217Y_OFF_T_G17,2,0.8613,0.9238,0.9893,1,4.87,0,13.47,0,43.56,0,37.89,41.07,4.16,4.66,5.29,6.6,29,13
d_F88W_M255M_Y217Y_OFF_T_G17,20,0.8525,0.9091,0.9909,1,3.84,0,26.14,0,19.56,0,19.45,22.37,4.49,3.24,1.0,2.68,43,15
d_F88W_M255M_Y217Y_OFF_T_G17,21,0.8524,0.9529,0.9894,0,7.13,0,14.74,0,5.92,0,4.54,2.43,3.42,3.56,2.97,6.08,46,20
d_F88W_M255M_Y217Y_OFF_T_G17,22,0.852,0.9438,0.9928,0,5.36,0,14.66,0,42.76,0,39.7,40.86,4.56,5.47,5.88,5.57,27,10
d_F88W_M255M_Y217Y_OFF_T_G17,23,0.8518,0.9268,0.9903,0,5.41,0,14.14,0,45.51,0,41.55,43.52,5.0,2.97,4.77,4.82,33,13
d_F88W_M255M_Y217Y_OFF_T_G17,24,0.8514,0.8688,0.9859,1,3.95,0,13.74,0,41.79,0,35.25,40.37,4.95,3.68,8.6,5.67,46,19
d_F88W_M255M_Y217Y_OFF_T_G17,25,0.8501,0.9136,0.9905,1,4.62,0,25.76,0,6.56,0,14.32,10.17,5.01,3.71,7.4,4.78,37,10
d_F88W_M255M_Y217Y_OFF_T_G17,26,0.8498,0.8659,0.9879,0,6.09,0,27.57,0,23.98,0,22.61,27.54,3.7,3.8,5.96,6.79,32,10
d_F88W_M255M_Y217Y_OFF_T_G17,27,0.8495,0.9245,0.9886,0,7.66,0,10.01,0,39.11,0,36.6,38.19,6.43,3.96,4.4,8.24,28,17
d_F88W_M255M_Y217Y_OFF_T_G17,28,0.8492,0.8973,0.9916,1,4.17,0,23.61,0,20.11,0,17.18,23.37,6.42,6.47,12.38,4.77,29,6
d_F88W_M255M_Y217Y_OFF_T_G17,29,0.8492,0.9232,0.9911,1,4.95,0,16.69,0,49.83,0,44.86,47.19,6.56,4.95,6.06,4.28,34,12
d_F88W_M255M_Y217Y_OFF_T_G17,3,0.8597,0.94,0.9904,1,4.65,0,15.98,0,31.98,0,30.93,33.89,4.85,2.74,2.64,6.24,46,17
d_F88W_M255M_Y217Y_OFF_T_G17,30,0.8485,0.9277,0.9882,0,8.61,0,12.14,0,39.47,0,34.88,38.25,6.82,4.35,5.0,8.19,32,15
d_F88W_M255M_Y217Y_OFF_T_G17,31,0.8485,0.847,0.9884,0,5.23,0,20.55,0,48.41,0,45.46,47.22,5.16,2.48,7.55,4.51,32,11
d_F88W_M255M_Y217Y_OFF_T_G17,32,0.8484,0.828,0.9869,1,2.73,0,23.74,0,8.39,0,16.05,14.37,6.01,6.94,13.2,2.81,37,14
d_F88W_M255M_Y217Y_OFF_T_G17,33,0.8482,0.9059,0.9897,0,6.21,0,14.38,0,43.62,0,39.55,41.65,3.98,5.51,4.8,6.34,31,11
d_F88W_M255M_Y217Y_OFF_T_G17,34,0.8477,0.8808,0.9864,0,6.09,0,14.82,0,42.77,0,39.55,40.96,5.17,4.18,6.0,4.33,33,14
d_F88W_M255M_Y217Y_OFF_T_G17,35,0.8471,0.9326,0.9908,1,4.82,0,14.39,0,43.63,0,38.52,40.28,4.89,5.19,3.3,5.65,29,9
d_F88W_M255M_Y217Y_OFF_T_G17,36,0.8459,0.9358,0.9922,0,5.77,0,15.33,0,23.73,0,23.8,25.94,3.93,6.45,5.29,5.89,42,16
d_F88W_M255M_Y217Y_OFF_T_G17,37,0.8456,0.9311,0.9897,1,3.94,0,13.59,0,29.97,0,27.05,30.49,4.13,5.11,3.58,6.35,43,18
d_F88W_M255M_Y217Y_OFF_T_G17,38,0.8456,0.9005,0.9881,1,4.12,0,25.03,0,8.05,0,18.51,14.35,4.99,3.94,8.01,3.96,34,11
d_F88W_M255M_Y217Y_OFF_T_G17,39,0.8454,0.9118,0.9857,0,7.85,0,11.48,0,32.44,0,30.95,32.95,9.38,4.64,4.73,7.05,34,9
d_F88W_M255M_Y217Y_OFF_T_G17,4,0.8596,0.9365,0.9913,0,5.1,0,15.23,0,45.26,0,41.46,43.4,4.32,3.32,3.37,3.37,29,13
d_F88W_M255M_Y217Y_OFF_T_G17,40,0.8443,0.9058,0.9861,0,6.15,0,10.14,0,34.58,0,32.84,34.36,6.87,3.42,5.57,5.8,26,8
d_F88W_M255M_Y217Y_OFF_T_G17,41,0.8442,0.8433,0.9907,0,5.29,0,24.24,0,30.03,0,33.99,33.37,3.27,3.62,4.27,6.65,43,14
d_F88W_M255M_Y217Y_OFF_T_G17,42,0.844,0.925,0.9903,0,5.86,0,15.27,0,42.5,0,39.51,40.5,4.85,5.66,3.64,4.29,29,12
d_F88W_M255M_Y217Y_OFF_T_G17,43,0.8438,0.8604,0.9846,0,6.63,0,15.62,0,42.47,0,38.6,40.71,5.5,4.42,5.7,7.36,22,12
d_F88W_M255M_Y217Y_OFF_T_G17,44,0.8435,0.9296,0.9905,0,6.01,0,10.98,0,28.3,0,29.0,27.62,2.48,4.75,8.02,5.9,38,17
d_F88W_M255M_Y217Y_OFF_T_G17,45,0.8424,0.8907,0.9874,1,4.75,0,13.65,0,32.98,0,32.76,35.13,5.74,6.46,11.81,4.44,23,9
d_F88W_M255M_Y217Y_OFF_T_G17,46,0.8424,0.9133,0.9901,0,7.15,0,10.9,0,30.4,0,32.7,31.77,2.94,4.42,6.41,5.46,25,15
d_F88W_M255M_Y217Y_OFF_T_G17,47,0.8422,0.9402,0.9909,1,4.67,0,14.97,0,44.03,0,36.72,40.5,6.41,2.73,6.67,5.54,38,16
d_F88W_M255M_Y217Y_OFF_T_G17,48,0.8414,0.9181,0.9878,1,4.85,0,17.5,0,30.83,0,27.3,31.33,4.53,1.4,1.53,5.81,50,20
d_F88W_M255M_Y217Y_OFF_T_G17,49,0.8403,0.9369,0.9918,0,5.49,0,16.51,0,43.77,0,39.91,41.94,5.61,3.54,4.12,5.21,30,12
d_F88W_M255M_Y217Y_OFF_T_G17,5,0.8589,0.9359,0.9899,0,7.0,0,9.02,0,33.02,0,30.78,33.36,10.04,5.88,7.36,5.49,34,13
d_F88W_M255M_Y217Y_OFF_T_G17,50,0.8395,0.9317,0.9903,1,3.08,0,21.92,0,31.75,0,30.07,33.39,3.11,3.63,4.0,4.44,52,20
d_F88W_M255M_Y217Y_OFF_T_G17,51,0.8394,0.9005,0.984,0,7.68,0,9.51,0,33.52,0,30.37,32.3,9.9,5.88,7.43,5.88,32,14
d_F88W_M255M_Y217Y_OFF_T_G17,52,0.838,0.8829,0.9881,1,3.81,0,15.89,0,38.87,0,37.4,37.16,3.91,4.08,5.33,2.85,31,14
d_F88W_M255M_Y217Y_OFF_T_G17,53,0.8377,0.906,0.9855,0,5.82,0,5.74,0,30.48,0,29.67,31.73,10.7,3.67,8.29,5.27,33,16
d_F88W_M255M_Y217Y_OFF_T_G17,54,0.8373,0.8974,0.9903,0,5.16,0,14.54,0,36.89,0,34.1,34.55,4.6,5.49,8.48,5.43,43,15
d_F88W_M255M_Y217Y_OFF_T_G17,55,0.837,0.9044,0.9867,0,5.62,0,6.46,0,28.48,0,26.78,29.4,9.72,3.2,7.11,4.82,30,12
d_F88W_M255M_Y217Y_OFF_T_G17,56,0.8368,0.909,0.9898,1,4.52,0,13.34,0,39.77,0,36.91,36.88,3.75,2.89,6.74,5.42,45,15
d_F88W_M255M_Y217Y_OFF_T_G17,57,0.8366,0.8029,0.9863,0,14.76,0,16.65,0,31.15,0,32.24,34.75,17.87,6.84,15.89,11.06,19,7
d_F88W_M255M_Y217Y_OFF_T_G17,58,0.8354,0.8909,0.9881,0,6.06,0,15.42,0,36.4,0,34.45,34.78,4.08,4.73,3.2,4.05,31,13
d_F88W_M255M_Y217Y_OFF_T_G17,59,0.8348,0.8846,0.9874,0,5.61,0,15.64,0,41.61,0,38.38,39.6,4.32,4.81,5.4,6.1,30,11
d_F88W_M255M_Y217Y_OFF_T_G17,6,0.8588,0.893,0.9893,1,1.19,0,15.19,0,35.33,0,33.65,36.19,2.96,5.91,9.5,3.39,27,13
d_F88W_M255M_Y217Y_OFF_T_G17,60,0.8346,0.8445,0.9905,1,4.03,0,26.21,0,41.29,0,43.11,44.7,3.63,2.97,3.66,4.61,38,15
d_F88W_M255M_Y217Y_OFF_T_G17,61,0.8341,0.8849,0.992,0,7.08,0,11.56,0,30.71,0,34.26,36.47,5.18,2.41,4.24,5.53,35,10
d_F88W_M255M_Y217Y_OFF_T_G17,62,0.8331,0.9336,0.9889,0,7.01,0,10.48,0,40.48,0,35.13,39.11,5.87,3.54,4.73,6.94,38,17
d_F88W_M255M_Y217Y_OFF_T_G17,63,0.833,0.9038,0.9896,1,4.62,0,15.44,0,43.98,0,39.22,41.04,4.54,4.34,5.29,5.17,38,14
d_F88W_M255M_Y217Y_OFF_T_G17,64,0.8328,0.8364,0.9843,0,6.18,0,13.73,0,42.59,0,40.07,41.03,3.96,4.36,4.41,5.17,30,11
d_F88W_M255M_Y217Y_OFF_T_G17,65,0.8325,0.907,0.9903,1,4.88,0,15.4,0,40.18,0,38.36,38.1,4.35,3.62,6.75,5.59,45,15
d_F88W_M255M_Y217Y_OFF_T_G17,66,0.831,0.8655,0.9858,1,3.76,0,27.08,0,12.09,0,11.17,14.6,6.46,4.49,10.49,4.57,34,6
d_F88W_M255M_Y217Y_OFF_T_G17,67,0.8307,0.8957,0.9888,1,4.73,0,26.74,0,14.3,0,21.7,20.8,3.82,4.31,6.7,6.87,37,11
d_F88W_M255M_Y217Y_OFF_T_G17,68,0.8301,0.8842,0.9871,0,5.88,0,16.43,0,43.93,0,40.12,42.24,4.85,4.52,3.7,7.16,31,13
d_F88W_M255M_Y217Y_OFF_T_G17,69,0.8294,0.8432,0.9851,0,6.44,0,14.61,0,38.25,0,33.73,36.19,5.88,4.15,9.88,6.98,33,10
d_F88W_M255M_Y217Y_OFF_T_G17,7,0.8581,0.8909,0.9901,1,4.4,0,26.91,0,7.62,0,15.2,15.79,5.73,5.8,8.11,2.49,32,11
d_F88W_M255M_Y217Y_OFF_T_G17,70,0.8273,0.9031,0.9894,1,4.25,0,20.28,0,34.79,0,29.23,33.51,3.88,5.37,3.95,5.57,47,18
d_F88W_M255M_Y217Y_OFF_T_G17,71,0.8235,0.8413,0.9852,1,4.34,0,20.66,0,43.88,0,37.13,42.07,4.96,3.02,3.05,4.28,50,19
d_F88W_M255M_Y217Y_OFF_T_G17,72,0.8234,0.8838,0.9883,0,6.13,0,12.76,0,10.57,0,12.39,14.69,3.28,4.13,3.9,6.31,36,14
d_F88W_M255M_Y217Y_OFF_T_G17,73,0.8229,0.8034,0.9863,0,6.5,0,16.43,0,28.57,0,31.35,30.78,4.11,3.51,4.73,7.22,40,12
d_F88W_M255M_Y217Y_OFF_T_G17,74,0.8226,0.8343,0.9907,0,6.49,0,23.57,0,34.44,0,29.37,35.75,2.77,2.89,3.11,4.99,31,9
d_F88W_M255M_Y217Y_OFF_T_G17,75,0.8218,0.7771,0.9861,1,4.55,0,24.99,0,31.46,0,36.7,32.22,4.03,3.88,3.46,5.26,35,14
d_F88W_M255M_Y217Y_OFF_T_G17,76,0.8212,0.8443,0.9871,1,4.93,0,23.12,0,12.75,0,11.46,17.93,5.97,4.8,11.57,4.61,25,9
d_F88W_M255M_Y217Y_OFF_T_G17,77,0.8195,0.8506,0.9839,1,4.43,0,15.01,0,5.7,0,6.01,4.47,4.09,4.25,1.68,4.77,48,17
d_F88W_M255M_Y217Y_OFF_T_G17,78,0.8169,0.8032,0.9871,0,5.24,0,20.43,0,40.56,0,39.44,39.74,4.22,6.24,7.0,6.83,29,11
d_F88W_M255M_Y217Y_OFF_T_G17,79,0.8162,0.7772,0.9849,0,5.11,0,28.92,0,30.58,0,38.28,34.27,4.03,3.85,4.6,5.72,30,14
d_F88W_M255M_Y217Y_OFF_T_G17,8,0.8581,0.9062,0.9863,0,5.28,0,7.92,0,31.22,0,28.89,30.66,8.64,5.3,7.78,4.42,32,12
d_F88W_M255M_Y217Y_OFF_T_G17,80,0.816,0.8502,0.9896,1,4.98,0,17.69,0,50.49,0,45.17,47.85,4.61,4.82,3.93,3.59,38,13
d_F88W_M255M_Y217Y_OFF_T_G17,81,0.8135,0.854,0.9856,0,7.34,0,15.95,0,43.07,0,39.29,41.09,4.96,6.33,9.87,5.74,38,13
d_F88W_M255M_Y217Y_OFF_T_G17,82,0.8133,0.8692,0.9853,0,8.39,0,11.42,0,34.34,0,33.13,35.07,9.84,3.66,4.47,7.92,23,8
d_F88W_M255M_Y217Y_OFF_T_G17,83,0.8116,0.8495,0.9851,0,5.36,0,14.09,0,44.25,0,37.62,41.91,5.29,2.94,6.15,4.54,31,18
d_F88W_M255M_Y217Y_OFF_T_G17,84,0.811,0.8425,0.9852,0,5.87,0,11.71,0,32.82,0,33.35,32.69,3.43,4.8,7.06,6.62,40,13
d_F88W_M255M_Y217Y_OFF_T_G17,85,0.8108,0.8581,0.9873,1,4.79,0,15.87,0,39.84,0,36.14,36.86,4.55,3.91,8.55,4.36,39,17
d_F88W_M255M_Y217Y_OFF_T_G17,86,0.8082,0.8744,0.986,0,5.01,0,25.64,0,24.46,0,19.94,24.97,3.98,4.05,4.63,6.74,45,16
d_F88W_M255M_Y217Y_OFF_T_G17,87,0.8076,0.7625,0.9848,1,4.92,0,15.11,0,30.48,0,34.37,33.0,4.23,3.86,5.12,5.83,39,11
d_F88W_M255M_Y217Y_OFF_T_G17,88,0.8072,0.8173,0.9847,0,6.62,0,12.7,0,36.23,0,34.69,35.73,4.04,4.56,4.49,5.9,35,12
d_F88W_M255M_Y217Y_OFF_T_G17,89,0.8062,0.7964,0.9888,1,4.25,0,16.86,0,50.63,0,45.6,49.53,5.4,3.24,6.26,5.07,35,12
d_F88W_M255M_Y217Y_OFF_T_G17,9,0.8578,0.8927,0.9842,0,7.27,0,17.65,0,34.76,0,30.03,33.14,3.16,4.41,5.63,6.69,49,18
d_F88W_M255M_Y217Y_OFF_T_G17,90,0.8047,0.8532,0.9873,0,5.58,0,16.74,0,41.81,0,37.34,39.81,4.18,4.86,5.75,5.56,34,11
d_F88W_M255M_Y217Y_OFF_T_G17,91,0.8043,0.8321,0.9849,0,6.1,0,17.24,0,46.69,0,42.85,44.97,3.98,3.7,4.66,5.91,33,14
d_F88W_M255M_Y217Y_OFF_T_G17,92,0.8015,0.8118,0.9889,1,3.56,0,25.44,0,37.13,0,40.31,41.92,3.01,3.46,4.78,5.39,39,14
d_F88W_M255M_Y217Y_OFF_T_G17,93,0.7955,0.8723,0.9878,0,5.04,0,11.01,0,25.2,0,22.7,28.8,5.11,2.75,3.52,6.37,29,14
d_F88W_M255M_Y217Y_OFF_T_G17,94,0.7891,0.7317,0.9791,0,6.74,0,16.65,0,41.87,0,38.83,40.34,4.81,4.91,3.67,7.88,29,11
d_F88W_M255M_Y217Y_OFF_T_G17,95,0.7887,0.7655,0.985,0,7.86,0,14.67,0,27.41,0,26.81,32.95,2.45,3.17,3.32,6.72,39,12
d_F88W_M255M_Y217Y_OFF_T_G17,96,0.7815,0.7868,0.9844,0,6.82,0,13.23,0,31.54,0,27.82,32.31,4.12,5.21,5.19,7.95,45,15
d_F88W_M255M_Y217Y_OFF_T_G17,97,0.7778,0.6866,0.9778,0,5.53,0,14.43,0,41.68,0,37.94,39.53,3.81,3.07,4.9,5.73,30,12
d_F88W_M255M_Y217Y_OFF_T_G17,98,0.7762,0.6841,0.977,1,4.9,0,15.18,0,43.84,0,38.55,40.54,5.48,3.7,4.02,6.4,28,11
d_F88W_M255M_Y217Y_OFF_T_G17,99,0.7759,0.7032,0.9809,0,5.27,0,16.62,0,42.24,0,37.65,39.21,5.96,4.24,4.27,5.88,36,11
d_F88Y_M255M_Y217Y_OFF_T_G17,0,0.8754,0.9327,0.9919,1,4.08,0,27.97,0,15.68,0,20.77,16.94,9.32,7.34,13.27,3.76,38,12
d_F88Y_M255M_Y217Y_OFF_T_G17,1,0.8713,0.9577,0.9933,1,3.52,0,22.67,0,5.7,0,15.3,9.49,5.77,3.34,10.8,1.95,46,19
d_F88Y_M255M_Y217Y_OFF_T_G17,10,0.8575,0.9533,0.9939,0,5.84,0,15.02,0,45.41,0,39.83,42.63,5.2,5.07,6.64,6.28,29,12
d_F88Y_M255M_Y217Y_OFF_T_G17,11,0.855,0.9328,0.9913,0,6.25,0,30.65,0,32.83,0,30.22,33.61,2.36,3.48,2.53,6.52,45,18
d_F88Y_M255M_Y217Y_OFF_T_G17,12,0.8539,0.8758,0.991,0,5.68,0,21.35,0,38.12,0,40.9,40.8,3.11,3.4,3.18,5.74,41,15
d_F88Y_M255M_Y217Y_OFF_T_G17,13,0.8538,0.9492,0.9918,0,7.34,0,13.04,0,35.52,0,31.94,34.02,8.22,3.86,4.95,5.8,36,15
d_F88Y_M255M_Y217Y_OFF_T_G17,14,0.8537,0.9062,0.9904,0,6.61,0,16.73,0,32.05,0,32.05,29.33,4.39,3.83,4.22,5.46,46,16
d_F88Y_M255M_Y217Y_OFF_T_G17,15,0.8531,0.9496,0.992,1,4.98,0,19.92,0,23.75,0,22.88,26.79,3.73,4.32,2.75,3.04,45,18
d_F88Y_M255M_Y217Y_OFF_T_G17,16,0.8527,0.9428,0.9912,0,7.19,0,13.94,0,36.27,0,33.46,35.99,8.93,4.01,6.25,5.96,37,13
d_F88Y_M255M_Y217Y_OFF_T_G17,17,0.8526,0.9077,0.9908,1,2.77,0,11.77,0,6.97,0,8.84,13.28,5.56,2.8,4.0,3.75,46,15
d_F88Y_M255M_Y217Y_OFF_T_G17,18,0.8525,0.9432,0.992,1,3.06,0,26.18,0,13.34,0,8.45,14.23,4.71,3.3,3.11,4.74,51,19
d_F88Y_M255M_Y217Y_OFF_T_G17,19,0.852,0.9246,0.9905,1,3.89,0,14.78,0,36.64,0,35.1,35.3,3.03,5.56,5.15,6.54,31,11
d_F88Y_M255M_Y217Y_OFF_T_G17,2,0.8709,0.9214,0.9907,1,4.78,0,19.22,0,43.49,0,36.57,41.42,4.6,4.09,4.24,5.43,54,19
d_F88Y_M255M_Y217Y_OFF_T_G17,20,0.8513,0.9383,0.9938,0,5.21,0,11.97,0,30.12,0,33.77,31.01,2.69,4.54,5.5,5.93,55,16
d_F88Y_M255M_Y217Y_OFF_T_G17,21,0.851,0.886,0.9925,0,6.14,0,21.68,0,37.66,0,38.15,41.51,3.13,4.31,3.28,6.1,50,16
d_F88Y_M255M_Y217Y_OFF_T_G17,22,0.8509,0.9497,0.9931,1,2.58,0,13.92,0,31.3,0,27.81,30.88,2.94,3.39,5.14,5.2,44,19
d_F88Y_M255M_Y217Y_OFF_T_G17,23,0.8503,0.876,0.9911,1,4.7,0,20.58,0,30.72,0,34.89,34.34,3.78,3.91,3.02,4.69,44,14
d_F88Y_M255M_Y217Y_OFF_T_G17,24,0.8499,0.9569,0.9927,1,4.43,0,15.82,0,5.36,0,15.55,9.32,3.84,3.2,3.07,4.87,42,21
d_F88Y_M255M_Y217Y_OFF_T_G17,25,0.8499,0.9562,0.9936,1,4.47,0,28.2,1,4.61,0,5.21,5.86,2.87,2.45,2.96,2.05,54,18
d_F88Y_M255M_Y217Y_OFF_T_G17,26,0.8494,0.8928,0.9921,0,5.52,0,24.96,0,32.74,0,34.92,37.07,3.34,3.24,2.91,6.26,41,14
d_F88Y_M255M_Y217Y_OFF_T_G17,27,0.8492,0.9424,0.9926,1,3.07,0,26.52,1,4.97,0,8.37,13.34,5.32,4.18,6.37,4.56,53,21
d_F88Y_M255M_Y217Y_OFF_T_G17,28,0.8485,0.9196,0.9899,0,5.52,0,13.45,0,30.09,0,23.98,30.76,5.5,3.72,5.58,4.29,41,15
d_F88Y_M255M_Y217Y_OFF_T_G17,29,0.8469,0.8954,0.9913,1,4.44,0,18.11,0,32.33,0,35.39,36.42,4.59,4.35,2.15,5.23,44,16
d_F88Y_M255M_Y217Y_OFF_T_G17,3,0.8691,0.9356,0.9913,0,6.09,0,12.73,0,7.65,0,7.83,8.88,4.67,3.7,2.46,4.68,48,19
d_F88Y_M255M_Y217Y_OFF_T_G17,30,0.8464,0.9614,0.9929,1,4.37,0,24.03,0,22.99,0,12.75,19.42,5.58,6.7,10.37,4.73,43,16
d_F88Y_M255M_Y217Y_OFF_T_G17,31,0.8455,0.9285,0.9864,1,2.3,0,22.17,0,10.71,0,7.76,6.76,7.58,4.0,13.21,2.13,36,15
d_F88Y_M255M_Y217Y_OFF_T_G17,32,0.845,0.937,0.9911,0,6.93,0,14.72,0,8.13,0,12.09,8.07,5.89,3.93,4.0,5.96,52,18
d_F88Y_M255M_Y217Y_OFF_T_G17,33,0.8443,0.9189,0.9891,1,4.25,0,12.94,0,32.16,0,29.89,32.85,4.19,6.03,5.17,4.11,42,16
d_F88Y_M255M_Y217Y_OFF_T_G17,34,0.8435,0.9201,0.992,1,2.97,0,18.24,0,25.86,0,25.46,28.92,3.23,2.3,3.13,2.66,46,14
d_F88Y_M255M_Y217Y_OFF_T_G17,35,0.843,0.9266,0.9909,1,4.87,0,14.05,1,2.65,0,6.54,4.02,2.72,2.33,2.65,4.07,43,17
d_F88Y_M255M_Y217Y_OFF_T_G17,36,0.8422,0.9159,0.988,0,5.77,0,10.83,0,30.32,0,27.96,31.75,5.0,3.34,4.18,6.73,46,17
d_F88Y_M255M_Y217Y_OFF_T_G17,37,0.8416,0.9242,0.9898,0,6.26,0,11.53,0,29.73,0,30.89,33.07,10.66,6.78,10.68,5.46,22,12
d_F88Y_M255M_Y217Y_OFF_T_G17,38,0.8415,0.9194,0.9903,0,5.92,0,20.3,0,35.49,0,31.63,34.13,3.08,4.28,4.48,6.09,43,16
d_F88Y_M255M_Y217Y_OFF_T_G17,39,0.8414,0.9523,0.9919,0,6.12,0,17.44,0,23.83,0,21.73,26.02,4.82,4.39,2.35,4.74,48,16
d_F88Y_M255M_Y217Y_OFF_T_G17,4,0.8648,0.9401,0.9922,1,4.52,0,12.13,1,1.98,0,4.85,3.07,3.28,3.58,2.97,4.09,48,16
d_F88Y_M255M_Y217Y_OFF_T_G17,40,0.8414,0.932,0.9895,0,8.04,0,14.23,0,34.16,0,31.96,34.65,7.26,3.93,4.42,6.44,29,12
d_F88Y_M255M_Y217Y_OFF_T_G17,41,0.8409,0.9092,0.9895,1,4.11,0,15.42,0,45.05,0,41.01,43.4,5.17,5.86,6.47,4.54,34,12
d_F88Y_M255M_Y217Y_OFF_T_G17,42,0.8398,0.8841,0.9861,0,5.37,0,11.29,0,29.52,0,29.9,32.4,10.37,6.09,7.67,5.07,22,12
d_F88Y_M255M_Y217Y_OFF_T_G17,43,0.8398,0.944,0.9905,0,7.79,0,14.16,0,33.11,0,31.65,34.02,9.46,4.37,5.51,7.05,31,12
d_F88Y_M255M_Y217Y_OFF_T_G17,44,0.8395,0.9146,0.9881,1,3.74,0,12.51,0,5.13,0,2.73,5.66,5.08,4.64,2.6,1.32,41,19
d_F88Y_M255M_Y217Y_OFF_T_G17,45,0.8391,0.9094,0.989,0,7.08,0,16.29,0,40.77,0,36.97,37.32,5.51,3.47,4.74,7.0,31,12
d_F88Y_M255M_Y217Y_OFF_T_G17,46,0.8391,0.851,0.989,1,2.9,0,19.22,0,34.05,0,38.43,36.93,4.61,2.74,2.75,2.3,51,14
d_F88Y_M255M_Y217Y_OFF_T_G17,47,0.839,0.8488,0.9902,0,5.76,0,29.41,0,29.58,0,35.22,32.92,3.08,1.89,3.73,5.92,44,14
d_F88Y_M255M_Y217Y_OFF_T_G17,48,0.8389,0.9048,0.9936,0,7.41,0,27.21,0,55.04,0,51.87,54.88,3.28,3.1,2.91,5.71,42,13
d_F88Y_M255M_Y217Y_OFF_T_G17,49,0.8384,0.9198,0.9897,0,9.09,0,12.34,0,42.46,0,36.35,41.0,6.68,1.87,4.43,8.24,45,18
d_F88Y_M255M_Y217Y_OFF_T_G17,5,0.8648,0.9225,0.9913,1,1.31,0,26.07,0,20.92,0,20.06,25.01,1.83,3.22,2.96,4.06,59,20
d_F88Y_M255M_Y217Y_OFF_T_G17,50,0.8379,0.8358,0.9874,1,3.67,0,17.18,0,36.04,0,37.79,40.18,2.89,3.22,3.19,5.89,42,13
d_F88Y_M255M_Y217Y_OFF_T_G17,51,0.8376,0.8739,0.9868,1,4.71,0,32.78,0,32.8,0,29.24,32.67,4.58,2.75,2.4,5.94,44,16
d_F88Y_M255M_Y217Y_OFF_T_G17,52,0.837,0.9019,0.9909,1,2.74,0,12.04,1,2.55,0,9.85,8.56,4.07,6.66,2.06,4.19,42,17
d_F88Y_M255M_Y217Y_OFF_T_G17,53,0.8364,0.8452,0.9879,0,5.51,0,21.7,0,32.36,0,35.84,35.71,3.65,1.79,2.71,5.48,44,16
d_F88Y_M255M_Y217Y_OFF_T_G17,54,0.836,0.9069,0.9922,1,3.1,0,14.03,0,45.74,0,37.29,41.95,5.25,3.72,1.56,2.89,58,18
d_F88Y_M255M_Y217Y_OFF_T_G17,55,0.8359,0.8982,0.9884,0,5.02,0,24.8,0,43.4,0,36.5,40.73,2.99,3.13,5.21,4.71,53,21
d_F88Y_M255M_Y217Y_OFF_T_G17,56,0.8352,0.9361,0.991,1,3.31,0,19.67,0,10.7,0,15.35,14.73,4.82,1.58,7.93,5.16,44,14
d_F88Y_M255M_Y217Y_OFF_T_G17,57,0.8351,0.952,0.9949,0,5.03,0,10.54,0,24.65,0,22.82,29.54,5.29,3.4,2.37,5.17,47,18
d_F88Y_M255M_Y217Y_OFF_T_G17,58,0.835,0.9052,0.9914,1,3.87,0,11.77,0,7.67,0,12.8,15.0,4.14,4.89,2.32,4.51,39,16
d_F88Y_M255M_Y217Y_OFF_T_G17,59,0.8336,0.8335,0.9871,0,5.47,0,25.71,0,39.28,0,42.5,43.55,3.52,2.89,2.76,5.08,45,15
d_F88Y_M255M_Y217Y_OFF_T_G17,6,0.8638,0.9136,0.9892,0,5.42,0,18.3,0,43.18,0,35.96,41.3,7.45,3.04,4.62,3.55,50,22
d_F88Y_M255M_Y217Y_OFF_T_G17,60,0.8324,0.933,0.991,1,4.26,0,17.31,0,37.9,0,32.85,36.34,4.16,5.22,6.77,5.27,46,18
d_F88Y_M255M_Y217Y_OFF_T_G17,61,0.832,0.833,0.9847,0,12.7,0,13.49,0,34.38,0,30.08,36.45,13.11,2.95,12.64,9.8,23,9
d_F88Y_M255M_Y217Y_OFF_T_G17,62,0.8319,0.9134,0.9895,0,7.44,0,16.52,0,11.88,0,7.93,15.06,6.39,2.73,2.68,7.42,30,11
d_F88Y_M255M_Y217Y_OFF_T_G17,63,0.8306,0.9004,0.9911,1,4.6,0,12.72,1,1.68,0,7.6,7.24,2.96,4.19,1.47,4.05,51,20
d_F88Y_M255M_Y217Y_OFF_T_G17,64,0.8296,0.8367,0.9882,0,5.17,0,20.32,0,28.27,0,31.97,32.96,4.41,3.52,3.3,5.1,38,14
d_F88Y_M255M_Y217Y_OFF_T_G17,65,0.8296,0.9259,0.9892,0,5.12,0,10.88,0,32.89,0,29.96,34.33,5.22,4.3,3.2,6.22,42,18
d_F88Y_M255M_Y217Y_OFF_T_G17,66,0.8285,0.9324,0.9904,0,5.2,0,23.8,1,4.22,0,2.26,7.56,4.16,3.58,4.04,5.17,49,17
d_F88Y_M255M_Y217Y_OFF_T_G17,67,0.828,0.8927,0.9833,0,7.44,0,12.95,0,34.15,0,32.34,33.62,7.63,2.68,3.75,5.88,31,15
d_F88Y_M255M_Y217Y_OFF_T_G17,68,0.8275,0.8902,0.9851,1,4.03,0,14.12,0,31.46,0,28.59,32.09,3.77,3.15,5.68,2.27,51,18
d_F88Y_M255M_Y217Y_OFF_T_G17,69,0.8272,0.9327,0.9901,0,5.69,0,15.31,0,39.96,0,36.07,37.35,4.95,4.24,5.32,7.85,29,11
d_F88Y_M255M_Y217Y_OFF_T_G17,7,0.8616,0.9111,0.9925,1,4.49,0,18.11,0,31.85,0,34.47,35.13,3.99,3.8,3.21,5.57,44,16
d_F88Y_M255M_Y217Y_OFF_T_G17,70,0.8269,0.8783,0.9842,0,7.99,0,12.67,0,34.98,0,31.96,33.87,7.44,4.16,3.34,5.41,40,16
d_F88Y_M255M_Y217Y_OFF_T_G17,71,0.8267,0.8533,0.9863,1,3.13,0,14.91,0,33.05,0,30.76,33.83,4.05,2.89,4.6,1.88,47,16
d_F88Y_M255M_Y217Y_OFF_T_G17,72,0.8267,0.8151,0.9875,0,5.06,0,12.14,1,2.12,0,4.44,7.63,2.89,3.32,4.28,5.64,37,16
d_F88Y_M255M_Y217Y_OFF_T_G17,73,0.826,0.8887,0.9882,0,5.7,0,13.87,0,41.24,0,38.33,39.93,5.82,3.87,5.2,5.4,23,10
d_F88Y_M255M_Y217Y_OFF_T_G17,74,0.8254,0.9156,0.992,0,10.74,0,15.89,0,36.08,0,38.22,36.37,5.38,3.52,3.53,13.23,21,11
d_F88Y_M255M_Y217Y_OFF_T_G17,75,0.8233,0.8715,0.989,1,4.89,0,14.37,0,49.53,0,42.95,46.37,3.73,3.87,6.88,6.57,29,15
d_F88Y_M255M_Y217Y_OFF_T_G17,76,0.8227,0.8783,0.9874,1,4.11,0,25.03,0,26.55,0,24.39,29.13,2.83,2.08,3.81,5.29,44,16
d_F88Y_M255M_Y217Y_OFF_T_G17,77,0.8216,0.8744,0.9895,1,4.5,0,23.09,0,11.45,0,14.79,14.53,5.97,5.13,11.93,2.84,24,9
d_F88Y_M255M_Y217Y_OFF_T_G17,78,0.8201,0.8554,0.9874,0,6.55,0,14.6,0,47.76,0,43.21,46.12,3.76,3.42,7.0,6.58,29,13
d_F88Y_M255M_Y217Y_OFF_T_G17,79,0.8196,0.9031,0.9883,0,5.74,0,12.37,0,31.02,0,29.43,32.51,5.17,3.23,3.63,5.71,48,19
d_F88Y_M255M_Y217Y_OFF_T_G17,8,0.8609,0.8978,0.9919,0,5.54,0,22.06,0,37.12,0,38.99,40.4,3.69,2.49,3.73,6.56,38,15
d_F88Y_M255M_Y217Y_OFF_T_G17,80,0.819,0.8137,0.9855,0,12.92,0,15.48,0,29.13,0,30.67,33.43,17.95,7.97,17.47,8.65,23,9
d_F88Y_M255M_Y217Y_OFF_T_G17,81,0.8186,0.8413,0.9861,0,7.37,0,16.29,0,5.88,0,14.44,11.89,5.97,4.74,3.82,5.7,25,14
d_F88Y_M255M_Y217Y_OFF_T_G17,82,0.8164,0.9398,0.9886,1,4.5,0,8.14,0,22.52,0,20.47,24.96,4.31,3.41,6.08,4.91,41,18
d_F88Y_M255M_Y217Y_OFF_T_G17,83,0.8157,0.814,0.9804,0,6.92,0,15.47,0,41.29,0,35.22,39.94,7.11,3.84,10.55,7.29,41,18
d_F88Y_M255M_Y217Y_OFF_T_G17,84,0.8156,0.8085,0.9842,0,6.77,0,10.11,0,31.58,0,28.18,30.28,5.13,3.1,4.8,6.83,46,18
d_F88Y_M255M_Y217Y_OFF_T_G17,85,0.8145,0.8104,0.9875,1,4.77,0,20.07,0,62.27,0,59.6,62.6,4.43,2.45,2.98,5.15,41,15
d_F88Y_M255M_Y217Y_OFF_T_G17,86,0.8143,0.8671,0.9839,0,5.27,0,21.39,0,33.83,0,30.95,33.11,3.34,4.01,5.85,5.84,42,15
d_F88Y_M255M_Y217Y_OFF_T_G17,87,0.8143,0.9248,0.9929,1,3.34,0,23.09,0,22.51,0,23.33,25.68,6.02,4.2,10.5,2.96,23,9
d_F88Y_M255M_Y217Y_OFF_T_G17,88,0.8141,0.8868,0.9863,0,5.04,0,8.17,1,2.77,0,4.53,2.68,3.84,3.43,3.53,4.67,43,16
d_F88Y_M255M_Y217Y_OFF_T_G17,89,0.8136,0.8944,0.9916,1,2.61,0,11.51,0,30.67,0,28.25,32.3,4.43,3.82,1.54,2.22,37,11
d_F88Y_M255M_Y217Y_OFF_T_G17,9,0.8582,0.9362,0.989,0,7.45,0,13.31,0,33.84,0,31.14,33.32,10.23,4.65,5.05,6.27,35,13
d_F88Y_M255M_Y217Y_OFF_T_G17,90,0.8122,0.8457,0.9842,1,4.26,0,23.03,0,44.3,0,37.68,42.04,2.67,4.25,5.59,4.32,56,21
d_F88Y_M255M_Y217Y_OFF_T_G17,91,0.8103,0.9299,0.9908,0,6.11,0,10.64,0,28.69,0,25.2,29.99,2.61,5.8,5.32,6.89,47,17
d_F88Y_M255M_Y217Y_OFF_T_G17,92,0.8089,0.8934,0.9869,0,6.24,0,20.15,0,22.94,0,12.46,19.57,4.52,3.56,11.35,6.07,42,15
d_F88Y_M255M_Y217Y_OFF_T_G17,93,0.8086,0.8592,0.9843,0,6.03,0,6.77,0,23.98,0,20.11,25.28,2.73,1.86,3.18,5.24,48,18
d_F88Y_M255M_Y217Y_OFF_T_G17,94,0.802,0.8765,0.9875,0,5.15,0,8.18,0,7.24,0,12.72,10.06,4.05,4.23,3.02,5.02,43,15
d_F88Y_M255M_Y217Y_OFF_T_G17,95,0.7994,0.8219,0.9839,0,7.21,0,15.26,1,3.96,0,6.94,3.85,5.12,4.85,3.55,5.49,47,19
d_F88Y_M255M_Y217Y_OFF_T_G17,96,0.7945,0.8309,0.985,1,3.94,0,23.8,0,12.48,0,16.13,16.02,5.19,5.47,9.92,3.62,21,8
d_F88Y_M255M_Y217Y_OFF_T_G17,97,0.7872,0.7414,0.9769,1,4.54,0,21.26,0,31.22,0,28.68,32.51,4.07,2.77,3.66,4.16,52,22
d_F88Y_M255M_Y217Y_OFF_T_G17,98,0.787,0.8508,0.9855,0,7.26,0,17.14,0,15.64,0,10.3,17.42,6.91,4.92,3.53,8.27,23,12
d_F88Y_M255M_Y217Y_OFF_T_G17,99,0.7757,0.718,0.9822,0,5.67,0,18.37,0,25.78,0,26.69,30.35,4.31,3.23,3.47,6.76,45,16
sm_WT_F88K_OFF_T_G17,0,0.8667,0.9328,0.986,0,5.45,0,16.34,0,5.5,0,5.03,5.65,1.87,2.8,3.76,5.95,39,16
sm_WT_F88K_OFF_T_G17,1,0.8649,0.9187,0.9828,0,8.06,0,20.47,0,5.52,0,4.04,4.05,2.63,2.72,4.17,6.96,45,19
sm_WT_F88K_OFF_T_G17,10,0.8512,0.9239,0.9892,1,2.17,0,18.37,1,1.15,0,7.06,4.39,3.06,2.86,3.65,2.79,56,17
sm_WT_F88K_OFF_T_G17,11,0.8509,0.9231,0.9847,1,4.4,0,16.98,1,2.87,0,6.97,4.67,1.08,2.02,3.19,2.98,44,19
sm_WT_F88K_OFF_T_G17,12,0.8508,0.8753,0.9806,0,6.66,0,10.83,0,31.56,0,30.09,32.23,2.65,1.89,5.64,4.53,29,15
sm_WT_F88K_OFF_T_G17,13,0.8487,0.9416,0.9883,1,2.95,0,13.56,0,6.39,0,6.2,3.74,1.46,3.47,3.49,0.86,55,21
sm_WT_F88K_OFF_T_G17,14,0.8472,0.9412,0.9902,1,3.07,0,13.47,0,13.78,0,17.58,20.38,3.04,2.42,4.34,2.81,57,19
sm_WT_F88K_OFF_T_G17,15,0.8465,0.9146,0.983,0,6.85,0,15.71,0,7.05,0,5.76,10.0,2.25,1.38,3.76,6.44,51,18
sm_WT_F88K_OFF_T_G17,16,0.8463,0.9012,0.9859,1,2.09,0,15.14,1,1.76,0,3.5,4.69,2.9,2.47,2.28,3.11,60,22
sm_WT_F88K_OFF_T_G17,17,0.8462,0.9037,0.9852,0,6.77,0,17.19,0,12.32,0,9.74,15.09,2.15,2.62,3.47,5.36,42,16
sm_WT_F88K_OFF_T_G17,18,0.8457,0.9354,0.9896,1,2.68,0,13.29,0,5.34,0,8.59,4.67,1.98,3.04,4.18,3.44,54,19
sm_WT_F88K_OFF_T_G17,19,0.8452,0.8835,0.9818,0,5.91,0,19.1,0,8.79,0,7.98,9.08,1.77,1.83,3.78,5.13,46,18
sm_WT_F88K_OFF_T_G17,2,0.8646,0.932,0.9887,1,4.42,0,18.9,0,6.01,0,4.21,9.22,1.71,2.67,3.16,4.7,40,18
sm_WT_F88K_OFF_T_G17,20,0.8446,0.9254,0.9883,1,1.57,0,15.26,0,5.34,0,7.08,6.86,2.73,2.99,3.41,2.82,55,19
sm_WT_F88K_OFF_T_G17,21,0.8443,0.9123,0.9856,1,1.93,0,13.78,1,3.18,0,6.32,5.3,3.0,3.95,3.14,2.95,51,15
sm_WT_F88K_OFF_T_G17,22,0.8439,0.875,0.9799,0,6.56,0,17.7,1,3.73,0,6.64,8.11,2.12,2.23,5.55,6.6,39,17
sm_WT_F88K_OFF_T_G17,23,0.8438,0.8817,0.9824,1,4.77,0,17.09,0,6.17,0,7.34,4.91,1.28,1.99,6.67,5.2,44,20
sm_WT_F88K_OFF_T_G17,24,0.8429,0.8935,0.9835,0,7.31,0,16.91,0,16.26,0,12.74,17.09,2.45,1.72,3.58,6.95,34,13
sm_WT_F88K_OFF_T_G17,25,0.8426,0.9153,0.9877,1,2.43,0,14.17,1,4.07,0,6.87,2.79,2.95,2.85,3.39,3.59,56,20
sm_WT_F88K_OFF_T_G17,26,0.8414,0.893,0.981,0,5.96,0,16.73,0,6.4,0,6.36,2.7,2.89,2.72,3.12,4.05,51,19
sm_WT_F88K_OFF_T_G17,27,0.8405,0.917,0.9865,1,2.81,0,15.76,1,3.4,0,3.84,8.65,2.69,2.81,4.83,2.69,55,18
sm_WT_F88K_OFF_T_G17,28,0.8398,0.8228,0.9821,0,6.35,0,20.05,0,6.01,0,8.41,5.48,2.88,2.38,3.89,5.62,37,14
sm_WT_F88K_OFF_T_G17,29,0.8387,0.9444,0.9896,1,2.03,0,14.86,0,5.63,0,3.38,8.87,2.9,2.7,3.7,2.72,46,18
sm_WT_F88K_OFF_T_G17,3,0.8624,0.9232,0.987,0,7.45,0,16.54,1,4.52,0,5.22,11.08,1.15,1.9,3.38,5.72,39,17
sm_WT_F88K_OFF_T_G17,30,0.8384,0.8736,0.9819,0,5.77,0,13.95,0,5.24,0,9.53,11.95,3.02,3.27,3.53,6.44,53,17
sm_WT_F88K_OFF_T_G17,31,0.8382,0.8944,0.9849,1,2.32,0,13.29,0,6.24,0,6.94,7.83,1.36,2.43,4.15,3.09,50,16
sm_WT_F88K_OFF_T_G17,32,0.8366,0.8535,0.9807,0,8.47,0,17.01,0,9.69,0,6.76,11.68,3.05,2.5,4.13,6.18,43,19
sm_WT_F88K_OFF_T_G17,33,0.8355,0.8072,0.9797,1,4.96,0,19.12,0,10.43,0,8.96,4.64,2.29,1.62,3.91,5.51,42,18
sm_WT_F88K_OFF_T_G17,34,0.8349,0.9085,0.9868,1,2.33,0,16.32,1,4.69,0,2.4,5.66,3.61,3.4,4.45,3.65,55,19
sm_WT_F88K_OFF_T_G17,35,0.8342,0.8982,0.9843,0,6.42,0,17.38,1,3.29,0,6.95,3.06,3.66,3.36,4.17,6.38,54,19
sm_WT_F88K_OFF_T_G17,36,0.8335,0.9321,0.9888,1,3.09,0,16.15,0,5.1,0,2.09,3.4,3.13,2.73,4.6,2.17,64,21
sm_WT_F88K_OFF_T_G17,37,0.8334,0.827,0.9799,0,6.38,0,18.93,0,5.57,0,6.91,4.52,1.88,2.49,5.43,5.81,40,14
sm_WT_F88K_OFF_T_G17,38,0.8333,0.8762,0.9856,0,7.84,0,18.57,0,7.53,0,6.89,13.09,2.27,2.71,3.28,6.39,37,12
sm_WT_F88K_OFF_T_G17,39,0.833,0.9152,0.9868,1,0.58,0,11.78,1,1.8,0,5.69,4.44,2.84,1.52,5.83,2.82,60,18
sm_WT_F88K_OFF_T_G17,4,0.8596,0.9288,0.9869,0,6.41,0,18.43,0,7.15,0,3.57,7.44,3.29,2.28,2.79,4.82,50,21
sm_WT_F88K_OFF_T_G17,40,0.8324,0.8674,0.9806,1,3.44,0,19.21,1,1.97,0,2.79,2.54,1.57,1.86,3.79,3.29,46,17
sm_WT_F88K_OFF_T_G17,41,0.832,0.8505,0.985,0,7.33,0,16.26,1,3.02,0,7.01,4.96,0.91,3.26,2.58,4.58,37,12
sm_WT_F88K_OFF_T_G17,42,0.8313,0.9042,0.9836,0,5.9,0,17.04,1,3.12,0,7.41,4.12,1.96,2.95,3.51,5.7,40,17
sm_WT_F88K_OFF_T_G17,43,0.8301,0.8364,0.9856,1,1.84,0,16.65,1,4.81,0,6.14,3.48,1.67,2.08,3.71,3.27,53,14
sm_WT_F88K_OFF_T_G17,44,0.8297,0.8259,0.9816,0,8.79,0,19.59,1,2.79,0,7.34,6.11,3.2,1.45,5.04,6.24,36,12
sm_WT_F88K_OFF_T_G17,45,0.8296,0.8157,0.981,0,7.16,0,17.22,0,6.74,0,4.26,10.11,2.6,3.14,2.36,5.83,32,12
sm_WT_F88K_OFF_T_G17,46,0.8292,0.8773,0.9859,1,2.18,0,18.41,1,4.0,0,2.65,6.44,2.59,2.07,3.98,3.03,54,18
sm_WT_F88K_OFF_T_G17,47,0.8273,0.8231,0.9784,0,8.02,0,17.83,0,29.57,0,28.47,34.99,3.43,2.52,3.73,6.11,28,13
sm_WT_F88K_OFF_T_G17,48,0.8273,0.9394,0.9917,1,3.03,0,17.98,1,3.43,0,1.65,6.66,2.18,2.28,3.67,3.08,51,16
sm_WT_F88K_OFF_T_G17,49,0.8269,0.8165,0.9826,0,7.49,0,17.47,0,5.56,0,8.55,10.78,3.13,2.35,4.2,5.67,36,13
sm_WT_F88K_OFF_T_G17,5,0.8558,0.9458,0.9886,1,3.42,0,14.92,1,3.52,0,7.71,5.86,1.97,2.83,2.72,2.51,55,19
sm_WT_F88K_OFF_T_G17,50,0.8267,0.9128,0.984,0,7.29,0,16.59,0,7.38,0,6.55,3.65,3.51,1.92,4.45,5.5,47,20
sm_WT_F88K_OFF_T_G17,51,0.8266,0.86,0.9829,1,2.39,0,15.7,1,1.3,0,3.11,6.98,0.79,1.78,3.19,2.81,51,19
sm_WT_F88K_OFF_T_G17,52,0.8264,0.8554,0.9831,1,0.35,0,12.6,0,6.47,0,6.18,5.27,3.3,1.72,3.42,3.6,72,21
sm_WT_F88K_OFF_T_G17,53,0.8226,0.8772,0.9794,0,6.65,0,11.3,0,31.32,0,30.31,32.3,4.98,3.11,4.82,4.41,31,13
sm_WT_F88K_OFF_T_G17,54,0.8224,0.7773,0.9793,0,6.52,0,19.22,0,9.56,0,11.28,17.13,0.75,2.51,4.16,5.94,40,14
sm_WT_F88K_OFF_T_G17,55,0.8216,0.9567,0.9928,1,2.25,0,19.06,1,1.82,0,1.66,7.78,2.24,2.22,3.63,3.18,59,19
sm_WT_F88K_OFF_T_G17,56,0.8215,0.8063,0.9789,0,6.34,0,15.25,1,4.73,0,4.51,4.8,3.23,2.67,1.5,5.45,40,17
sm_WT_F88K_OFF_T_G17,57,0.8211,0.7888,0.9809,0,8.03,0,17.19,0,17.07,0,20.77,23.48,2.26,1.91,3.99,5.53,31,13
sm_WT_F88K_OFF_T_G17,58,0.8207,0.8876,0.9848,1,4.06,0,16.95,0,14.1,0,13.42,11.88,3.31,0.76,5.04,4.23,48,18
sm_WT_F88K_OFF_T_G17,59,0.8207,0.7977,0.9816,0,7.79,0,17.91,1,3.3,0,3.73,7.59,2.81,2.32,5.88,7.06,32,13
sm_WT_F88K_OFF_T_G17,6,0.8546,0.907,0.9833,0,7.71,0,17.09,0,7.46,0,11.82,13.33,2.26,1.98,3.75,6.68,46,19
sm_WT_F88K_OFF_T_G17,60,0.8194,0.8961,0.9832,0,8.08,0,17.3,0,10.58,0,5.05,4.84,3.56,3.15,3.78,6.31,50,21
sm_WT_F88K_OFF_T_G17,61,0.818,0.8799,0.9868,0,5.92,0,21.06,0,22.68,0,16.23,22.34,2.68,1.92,4.82,3.93,27,13
sm_WT_F88K_OFF_T_G17,62,0.8175,0.8216,0.9837,0,7.21,0,18.13,0,5.7,0,6.1,5.99,3.37,2.72,3.66,6.66,37,10
sm_WT_F88K_OFF_T_G17,63,0.8168,0.7845,0.978,0,7.86,0,21.78,1,1.71,0,7.52,6.76,3.53,2.68,3.61,5.87,32,13
sm_WT_F88K_OFF_T_G17,64,0.8131,0.8308,0.9811,0,7.12,0,18.69,1,3.67,0,7.0,3.69,2.38,2.51,2.94,6.69,47,17
sm_WT_F88K_OFF_T_G17,65,0.8129,0.8376,0.9828,0,6.57,0,22.31,1,1.82,0,1.04,3.22,1.66,2.59,4.78,6.48,35,14
sm_WT_F88K_OFF_T_G17,66,0.8124,0.8832,0.9824,0,5.66,0,23.02,0,13.56,0,14.69,17.61,3.65,3.36,4.98,3.81,46,18
sm_WT_F88K_OFF_T_G17,67,0.8121,0.8765,0.9822,0,8.44,0,18.86,0,5.04,0,5.17,8.65,4.5,2.3,3.04,7.14,41,18
sm_WT_F88K_OFF_T_G17,68,0.8109,0.7939,0.8504,0,5.45,0,15.93,1,4.15,0,6.64,4.44,0.84,3.25,4.22,5.71,39,16
sm_WT_F88K_OFF_T_G17,69,0.8105,0.7658,0.9828,1,3.14,0,15.86,0,9.58,0,10.85,16.97,2.47,3.45,2.32,3.31,57,17
sm_WT_F88K_OFF_T_G17,7,0.8543,0.9389,0.9884,1,1.86,0,16.36,1,4.27,0,6.18,2.78,2.21,2.22,4.01,2.6,60,20
sm_WT_F88K_OFF_T_G17,70,0.81,0.8383,0.9831,1,1.88,0,15.86,1,1.8,0,0.88,2.47,2.67,2.9,3.09,3.11,57,19
sm_WT_F88K_OFF_T_G17,71,0.8097,0.8134,0.9815,0,8.26,0,17.19,0,14.14,0,13.4,14.41,2.16,2.39,3.67,6.28,47,16
sm_WT_F88K_OFF_T_G17,72,0.8088,0.8282,0.9801,0,7.93,0,19.83,0,6.45,0,7.58,3.18,2.47,2.12,3.94,6.8,42,18
sm_WT_F88K_OFF_T_G17,73,0.8088,0.8396,0.9802,0,6.84,0,18.07,0,12.25,0,9.18,14.19,1.89,2.26,3.43,6.85,47,20
sm_WT_F88K_OFF_T_G17,74,0.8082,0.7975,0.9808,0,7.87,0,19.17,0,19.0,0,15.57,22.21,2.11,4.02,4.51,7.23,30,15
sm_WT_F88K_OFF_T_G17,75,0.8061,0.862,0.9864,1,1.54,0,16.1,0,43.4,0,37.12,42.89,3.21,2.62,3.5,3.04,36,13
sm_WT_F88K_OFF_T_G17,76,0.8055,0.7719,0.9793,0,6.86,0,17.82,1,4.76,0,7.3,4.16,3.01,1.88,2.23,5.17,36,13
sm_WT_F88K_OFF_T_G17,77,0.8046,0.8045,0.9808,0,6.49,0,21.77,0,13.88,0,14.68,18.34,1.97,2.78,5.51,5.86,38,15
sm_WT_F88K_OFF_T_G17,78,0.8029,0.8174,0.978,1,4.32,0,24.23,0,11.77,0,15.13,19.71,2.75,1.14,4.61,5.58,45,16
sm_WT_F88K_OFF_T_G17,79,0.8011,0.7895,0.9836,1,3.34,0,11.93,1,3.25,0,5.77,6.34,2.88,3.34,4.47,3.09,64,20
sm_WT_F88K_OFF_T_G17,8,0.8538,0.9034,0.9876,0,7.46,0,19.37,0,13.52,0,15.21,20.79,3.54,3.28,4.19,5.64,36,16
sm_WT_F88K_OFF_T_G17,80,0.7999,0.7512,0.9817,0,5.47,0,15.83,1,3.72,0,6.71,8.15,0.48,1.14,3.24,4.89,38,11
sm_WT_F88K_OFF_T_G17,81,0.7957,0.7847,0.9844,1,1.82,0,17.68,0,6.76,0,5.4,12.44,2.54,2.59,3.47,3.09,57,17
sm_WT_F88K_OFF_T_G17,82,0.7953,0.8504,0.9833,1,1.96,0,13.6,0,39.26,0,33.01,38.99,3.43,3.25,4.96,3.76,41,17
sm_WT_F88K_OFF_T_G17,83,0.7937,0.728,0.9764,1,1.64,0,15.56,1,3.89,0,6.77,5.65,0.85,2.51,3.01,1.55,55,18
sm_WT_F88K_OFF_T_G17,84,0.7932,0.7731,0.9804,0,6.04,0,16.0,0,8.82,0,3.23,2.09,3.61,2.9,4.51,5.68,53,20
sm_WT_F88K_OFF_T_G17,85,0.7915,0.7697,0.9778,0,8.19,0,17.4,0,21.48,0,18.5,23.41,1.77,3.22,3.92,8.44,37,13
sm_WT_F88K_OFF_T_G17,86,0.7885,0.7822,0.9757,0,5.77,0,6.95,0,31.67,0,32.64,32.57,2.53,5.87,11.74,6.88,32,16
sm_WT_F88K_OFF_T_G17,87,0.7864,0.703,0.975,0,8.44,0,18.57,1,4.08,0,6.02,6.76,2.95,1.68,3.16,6.3,41,17
sm_WT_F88K_OFF_T_G17,88,0.7864,0.7549,0.9796,0,7.47,0,8.48,0,29.07,0,32.34,29.42,2.72,2.56,7.32,7.45,27,12
sm_WT_F88K_OFF_T_G17,89,0.7845,0.7432,0.9842,0,7.25,0,19.51,0,23.79,0,20.93,27.18,2.45,1.05,6.58,7.13,25,10
sm_WT_F88K_OFF_T_G17,9,0.852,0.9239,0.9899,1,1.38,0,10.1,1,2.63,0,7.12,4.51,3.09,1.93,6.36,3.07,56,15
sm_WT_F88K_OFF_T_G17,90,0.7828,0.6838,0.9789,0,8.11,0,17.41,1,4.46,0,2.79,6.16,3.27,2.19,5.06,5.64,40,16
sm_WT_F88K_OFF_T_G17,91,0.7791,0.7065,0.9816,0,7.69,0,18.42,1,3.31,0,6.97,3.82,2.88,1.69,4.79,7.11,38,15
sm_WT_F88K_OFF_T_G17,92,0.7755,0.7862,0.9799,0,7.36,0,11.37,0,22.44,0,16.44,22.07,3.63,2.3,4.03,6.88,29,10
sm_WT_F88K_OFF_T_G17,93,0.7745,0.6926,0.98,0,9.84,0,17.76,0,23.56,0,17.12,21.95,3.67,2.93,4.41,8.84,30,13
sm_WT_F88K_OFF_T_G17,94,0.7742,0.6429,0.9742,0,6.17,0,17.3,1,3.97,0,8.36,11.22,0.83,1.19,2.56,5.19,45,18
sm_WT_F88K_OFF_T_G17,95,0.7596,0.7185,0.9803,1,2.4,0,14.98,0,23.0,0,14.58,20.2,3.95,2.12,5.28,2.87,40,14
sm_WT_F88K_OFF_T_G17,96,0.7526,0.6432,0.9832,0,7.36,0,17.11,0,11.16,0,8.91,14.58,3.79,2.64,4.87,5.07,33,16
sm_WT_F88K_OFF_T_G17,97,0.7441,0.5539,0.9744,0,5.27,0,19.74,0,23.78,0,21.84,26.73,1.82,2.41,4.82,4.49,30,13
sm_WT_F88K_OFF_T_G17,98,0.744,0.608,0.9781,0,5.18,0,10.27,0,6.66,0,5.8,8.16,3.41,2.27,6.11,5.55,31,14
sm_WT_F88K_OFF_T_G17,99,0.7329,0.6396,0.9758,0,8.34,0,32.72,0,7.37,0,5.97,10.19,2.0,2.78,7.3,5.74,45,16
w_HQL2_M255I_OFF_T_G17,0,0.8635,0.931,0.9848,0,7.0,0,10.76,0,32.03,0,30.99,32.52,6.05,1.76,4.11,6.3,31,11
w_HQL2_M255I_OFF_T_G17,1,0.8632,0.9062,0.9851,0,7.13,0,10.59,0,33.39,0,32.66,34.0,6.79,2.67,2.38,5.83,32,14
w_HQL2_M255I_OFF_T_G17,10,0.8478,0.8866,0.9847,1,2.01,0,12.52,0,35.32,0,33.29,35.24,3.09,2.52,3.86,2.25,38,10
w_HQL2_M255I_OFF_T_G17,11,0.8447,0.8932,0.9861,1,1.71,0,10.66,0,36.4,0,33.93,35.86,2.88,2.68,4.38,3.78,32,10
w_HQL2_M255I_OFF_T_G17,12,0.8443,0.9019,0.9876,1,2.39,0,12.98,0,34.26,0,32.72,33.9,1.95,3.17,3.38,4.66,30,11
w_HQL2_M255I_OFF_T_G17,13,0.8435,0.8979,0.9859,0,12.67,0,16.42,0,37.87,0,34.88,40.33,4.23,2.64,4.88,13.65,21,12
w_HQL2_M255I_OFF_T_G17,14,0.8429,0.885,0.9862,1,1.54,0,9.44,0,38.36,0,35.97,37.54,2.0,2.8,1.65,2.4,32,12
w_HQL2_M255I_OFF_T_G17,15,0.8428,0.9021,0.9884,1,1.07,0,10.8,0,37.89,0,35.88,37.99,3.78,2.84,4.02,2.66,32,12
w_HQL2_M255I_OFF_T_G17,16,0.8422,0.8948,0.9849,1,2.06,0,11.25,0,37.27,0,35.96,37.33,2.96,2.91,2.84,5.21,35,13
w_HQL2_M255I_OFF_T_G17,17,0.8419,0.8673,0.9842,1,2.01,0,9.86,0,36.46,0,34.84,36.72,1.65,2.55,4.64,2.41,33,12
w_HQL2_M255I_OFF_T_G17,18,0.8416,0.911,0.9887,1,1.51,0,10.6,0,37.59,0,35.2,36.83,2.62,2.89,2.93,2.91,34,10
w_HQL2_M255I_OFF_T_G17,19,0.8412,0.9179,0.9861,1,2.8,0,14.14,0,20.05,0,12.93,19.41,1.43,1.12,8.59,1.44,27,11
w_HQL2_M255I_OFF_T_G17,2,0.861,0.9096,0.9819,0,6.53,0,9.29,0,32.48,0,31.03,32.83,6.06,1.77,3.77,6.6,31,12
w_HQL2_M255I_OFF_T_G17,20,0.8405,0.9063,0.9908,1,1.86,0,10.95,0,37.69,0,35.77,37.66,2.34,3.63,2.76,1.91,34,11
w_HQL2_M255I_OFF_T_G17,21,0.8381,0.8938,0.9876,0,10.85,0,15.77,0,37.49,0,33.67,39.42,3.44,1.74,4.07,9.88,22,12
w_HQL2_M255I_OFF_T_G17,22,0.8377,0.8427,0.9851,0,12.74,0,18.65,0,42.91,0,38.96,44.76,5.65,2.74,2.84,13.28,17,14
w_HQL2_M255I_OFF_T_G17,23,0.8365,0.9096,0.9868,1,2.49,0,10.49,0,36.92,0,34.77,36.59,2.42,2.35,2.04,5.63,32,9
w_HQL2_M255I_OFF_T_G17,24,0.8358,0.8793,0.9852,1,1.61,0,11.71,0,34.72,0,32.84,34.14,2.24,2.73,2.77,1.85,36,12
w_HQL2_M255I_OFF_T_G17,25,0.8352,0.8974,0.9853,1,1.28,0,12.43,0,35.85,0,33.85,35.68,3.23,3.22,3.28,2.72,36,10
w_HQL2_M255I_OFF_T_G17,26,0.8344,0.8873,0.9826,1,2.6,0,16.31,0,27.9,0,24.29,28.2,3.33,3.01,5.88,4.07,30,15
w_HQL2_M255I_OFF_T_G17,27,0.8337,0.9092,0.9856,1,1.84,0,13.51,0,34.71,0,32.37,34.76,2.89,1.59,5.72,3.78,41,11
w_HQL2_M255I_OFF_T_G17,28,0.8337,0.8752,0.9854,1,1.9,0,12.65,0,35.17,0,34.23,36.01,2.88,3.36,2.85,4.57,31,13
w_HQL2_M255I_OFF_T_G17,29,0.8324,0.8789,0.9876,0,6.96,0,16.29,0,25.57,0,24.13,29.57,3.97,2.27,3.9,5.72,27,12
w_HQL2_M255I_OFF_T_G17,3,0.8588,0.9092,0.9868,1,1.57,0,11.08,0,34.51,0,33.55,34.94,2.52,2.54,5.1,4.51,34,13
w_HQL2_M255I_OFF_T_G17,30,0.8323,0.9319,0.993,1,1.54,0,13.64,0,9.87,0,10.02,16.3,2.82,3.5,5.95,3.39,49,19
w_HQL2_M255I_OFF_T_G17,31,0.832,0.8599,0.9836,1,2.33,0,13.41,1,4.25,0,3.01,7.94,2.87,2.27,3.52,2.49,46,18
w_HQL2_M255I_OFF_T_G17,32,0.8316,0.8758,0.9852,1,1.48,0,11.06,0,38.12,0,36.37,38.17,2.68,3.28,4.93,2.92,30,10
w_HQL2_M255I_OFF_T_G17,33,0.8307,0.8708,0.9858,1,1.53,0,13.09,0,39.14,0,37.7,39.52,2.35,3.58,6.15,3.4,31,10
w_HQL2_M255I_OFF_T_G17,34,0.8299,0.9281,0.9892,1,1.01,0,11.61,0,39.12,0,30.62,37.31,2.74,3.7,4.72,2.91,43,17
w_HQL2_M255I_OFF_T_G17,35,0.829,0.8942,0.9881,1,1.81,0,12.79,0,37.02,0,34.67,36.65,3.53,2.14,2.83,4.16,33,9
w_HQL2_M255I_OFF_T_G17,36,0.8284,0.8927,0.9873,1,3.2,0,11.99,0,37.01,0,35.31,37.03,2.68,3.24,4.57,1.98,31,12
w_HQL2_M255I_OFF_T_G17,37,0.8282,0.9019,0.9892,1,1.84,0,11.38,0,38.03,0,36.44,37.7,3.37,3.14,4.56,1.86,38,13
w_HQL2_M255I_OFF_T_G17,38,0.8276,0.8773,0.9876,1,2.19,0,13.2,0,35.81,0,34.67,35.55,2.0,3.6,3.32,1.58,31,10
w_HQL2_M255I_OFF_T_G17,39,0.8276,0.8871,0.9871,1,1.61,0,11.24,0,36.27,0,34.08,36.02,3.26,3.24,3.81,2.44,32,9
w_HQL2_M255I_OFF_T_G17,4,0.858,0.9203,0.9856,0,7.06,0,11.98,0,31.3,0,30.49,32.03,4.82,2.42,5.35,6.09,32,12
w_HQL2_M255I_OFF_T_G17,40,0.8263,0.9031,0.9875,1,2.19,0,8.69,0,5.84,0,7.93,10.9,2.69,1.79,3.5,4.07,45,16
w_HQL2_M255I_OFF_T_G17,41,0.8263,0.8818,0.9854,1,1.62,0,12.45,0,36.19,0,34.56,36.49,3.26,3.76,3.29,4.97,36,13
w_HQL2_M255I_OFF_T_G17,42,0.8251,0.827,0.9811,1,1.92,0,11.1,0,36.91,0,34.73,36.85,2.77,3.16,4.72,3.41,38,11
w_HQL2_M255I_OFF_T_G17,43,0.8246,0.8972,0.8506,1,1.59,0,10.43,0,37.85,0,36.5,38.25,2.77,2.22,4.97,3.99,32,9
w_HQL2_M255I_OFF_T_G17,44,0.8244,0.8914,0.9867,1,1.1,0,12.69,0,41.17,0,39.2,41.76,3.02,2.05,2.94,3.75,34,12
w_HQL2_M255I_OFF_T_G17,45,0.8242,0.9208,0.9898,1,1.39,0,13.44,0,45.36,0,39.32,45.93,3.39,2.13,4.46,3.35,47,17
w_HQL2_M255I_OFF_T_G17,46,0.824,0.8949,0.9878,1,1.27,0,12.89,0,35.96,0,33.95,35.86,3.75,3.35,3.84,4.12,29,9
w_HQL2_M255I_OFF_T_G17,47,0.8238,0.8664,0.9837,0,6.89,0,9.34,0,34.79,0,34.37,35.26,2.95,0.76,4.07,6.43,28,10
w_HQL2_M255I_OFF_T_G17,48,0.8238,0.836,0.9839,1,4.23,0,11.85,0,31.12,0,29.27,34.24,1.44,2.17,4.02,4.43,29,12
w_HQL2_M255I_OFF_T_G17,49,0.8231,0.9088,0.9868,1,1.8,0,11.02,0,36.51,0,34.51,35.81,3.07,1.87,2.73,5.04,30,10
w_HQL2_M255I_OFF_T_G17,5,0.8551,0.9144,0.9849,0,6.56,0,11.95,0,34.04,0,32.06,34.05,5.06,2.59,4.43,5.46,32,11
w_HQL2_M255I_OFF_T_G17,50,0.8231,0.8758,0.9844,1,1.66,0,11.25,0,35.53,0,34.27,35.24,3.79,2.91,2.07,5.43,30,12
w_HQL2_M255I_OFF_T_G17,51,0.8217,0.8947,0.9881,1,1.65,0,9.93,0,36.6,0,35.05,36.66,2.79,3.35,6.29,3.96,28,9
w_HQL2_M255I_OFF_T_G17,52,0.8215,0.8746,0.9862,1,3.06,0,10.86,1,1.94,0,2.12,3.83,1.0,2.52,2.67,4.09,57,21
w_HQL2_M255I_OFF_T_G17,53,0.8215,0.8603,0.9849,1,2.76,0,9.54,0,36.13,0,34.52,36.01,2.34,3.3,3.13,2.48,28,13
w_HQL2_M255I_OFF_T_G17,54,0.8211,0.9027,0.987,0,5.9,0,13.94,0,42.63,0,37.65,41.1,2.34,3.86,4.69,6.55,31,15
w_HQL2_M255I_OFF_T_G17,55,0.8206,0.9146,0.9893,1,1.48,0,9.19,0,36.94,0,34.47,36.23,2.88,2.88,3.67,3.52,32,10
w_HQL2_M255I_OFF_T_G17,56,0.8194,0.8868,0.9882,1,2.33,0,11.49,0,39.46,0,37.9,38.68,2.2,3.96,9.42,5.41,34,13
w_HQL2_M255I_OFF_T_G17,57,0.8188,0.8645,0.9861,1,1.7,0,12.13,0,38.47,0,36.04,38.2,2.32,3.39,3.07,3.09,32,12
w_HQL2_M255I_OFF_T_G17,58,0.8187,0.8988,0.9811,0,6.7,0,14.85,0,12.59,0,12.6,18.2,3.76,2.88,4.86,5.48,40,17
w_HQL2_M255I_OFF_T_G17,59,0.8183,0.8867,0.9833,1,2.25,0,10.58,0,35.49,0,34.04,35.84,2.77,3.21,3.28,4.47,36,13
w_HQL2_M255I_OFF_T_G17,6,0.8525,0.9248,0.9878,1,1.6,0,12.68,0,37.72,0,35.36,37.75,2.95,2.78,2.78,2.78,40,15
w_HQL2_M255I_OFF_T_G17,60,0.8176,0.8705,0.989,1,1.22,0,12.58,0,37.25,0,35.77,36.98,2.82,1.35,2.4,1.87,35,12
w_HQL2_M255I_OFF_T_G17,61,0.8172,0.8629,0.9857,1,2.09,0,12.21,0,34.6,0,32.73,33.95,2.9,2.84,3.63,4.41,35,12
w_HQL2_M255I_OFF_T_G17,62,0.817,0.9074,0.9887,1,1.74,0,12.66,0,36.15,0,35.29,36.03,4.45,3.37,2.82,3.51,36,12
w_HQL2_M255I_OFF_T_G17,63,0.8169,0.851,0.9826,0,7.34,0,16.43,0,15.79,0,15.17,21.04,1.91,0.98,3.54,7.1,41,15
w_HQL2_M255I_OFF_T_G17,64,0.8166,0.8734,0.9875,1,3.43,0,10.47,0,37.99,0,35.4,37.54,3.34,1.68,3.53,1.05,29,11
w_HQL2_M255I_OFF_T_G17,65,0.8161,0.7974,0.9814,1,4.17,0,12.85,0,39.06,0,37.09,38.74,3.48,2.65,3.85,2.95,34,12
w_HQL2_M255I_OFF_T_G17,66,0.8152,0.814,0.9817,1,1.18,0,11.51,0,34.69,0,33.42,35.11,3.18,2.79,4.31,3.22,40,14
w_HQL2_M255I_OFF_T_G17,67,0.8141,0.7838,0.9824,1,1.94,0,10.18,0,37.47,0,35.73,37.38,3.03,3.01,3.89,1.72,31,10
w_HQL2_M255I_OFF_T_G17,68,0.8131,0.8391,0.9825,1,1.61,0,12.67,0,29.32,0,28.23,28.62,3.34,2.7,3.94,4.74,36,18
w_HQL2_M255I_OFF_T_G17,69,0.8129,0.9063,0.9883,1,1.74,0,10.62,0,34.49,0,32.79,33.79,2.42,2.11,3.05,4.53,36,14
w_HQL2_M255I_OFF_T_G17,7,0.8513,0.8941,0.9844,1,1.4,0,12.12,0,39.52,0,36.63,39.88,3.8,3.18,5.29,3.39,38,13
w_HQL2_M255I_OFF_T_G17,70,0.8119,0.8876,0.9865,1,4.19,0,11.25,0,18.48,0,17.2,23.81,1.87,2.7,4.02,4.76,38,15
w_HQL2_M255I_OFF_T_G17,71,0.8113,0.893,0.9871,0,7.34,0,15.11,0,7.98,0,1.57,8.17,3.65,3.23,3.62,5.31,35,15
w_HQL2_M255I_OFF_T_G17,72,0.8101,0.8497,0.9841,1,2.98,0,10.95,0,34.33,0,32.68,33.89,2.44,3.77,3.91,1.97,32,10
w_HQL2_M255I_OFF_T_G17,73,0.8101,0.8617,0.9838,1,1.32,0,13.27,0,35.35,0,33.72,35.25,3.43,2.93,4.61,3.16,32,11
w_HQL2_M255I_OFF_T_G17,74,0.8096,0.7919,0.9816,1,1.84,0,12.39,0,34.95,0,33.33,35.0,3.17,2.3,2.55,3.38,41,12
w_HQL2_M255I_OFF_T_G17,75,0.8093,0.8703,0.988,1,1.83,0,12.1,0,37.87,0,35.79,37.66,2.24,2.17,2.76,1.92,35,9
w_HQL2_M255I_OFF_T_G17,76,0.809,0.8018,0.9839,1,2.08,0,12.46,0,41.18,0,38.54,41.5,2.83,3.37,4.77,4.96,37,14
w_HQL2_M255I_OFF_T_G17,77,0.8081,0.8944,0.9882,1,2.24,0,10.73,0,14.54,0,13.95,19.55,1.93,2.6,4.7,4.17,42,16
w_HQL2_M255I_OFF_T_G17,78,0.8059,0.8677,0.9867,1,3.54,0,11.52,0,38.37,0,36.23,38.01,0.73,3.48,2.54,3.12,35,11
w_HQL2_M255I_OFF_T_G17,79,0.8057,0.7825,0.9828,1,2.83,0,12.15,0,36.88,0,35.79,37.39,1.86,2.53,4.03,5.89,37,13
w_HQL2_M255I_OFF_T_G17,8,0.851,0.9149,0.9847,0,8.29,0,9.37,0,31.61,0,30.64,32.4,5.42,2.0,5.51,7.23,31,11
w_HQL2_M255I_OFF_T_G17,80,0.804,0.8383,0.9855,1,1.69,0,12.68,0,38.18,0,35.73,37.58,2.59,3.78,3.24,3.46,33,10
w_HQL2_M255I_OFF_T_G17,81,0.8026,0.8218,0.9834,1,3.02,0,12.62,0,35.86,0,34.38,36.03,3.06,3.26,4.17,3.15,31,11
w_HQL2_M255I_OFF_T_G17,82,0.8011,0.8119,0.9855,0,13.92,0,19.58,0,34.13,0,29.92,35.52,5.18,2.38,5.6,14.8,12,8
w_HQL2_M255I_OFF_T_G17,83,0.7995,0.8196,0.9841,1,4.25,0,12.96,0,39.85,0,37.37,39.77,3.62,4.61,6.08,3.2,27,11
w_HQL2_M255I_OFF_T_G17,84,0.7988,0.7996,0.9845,1,1.82,0,10.1,0,37.78,0,35.82,37.87,2.3,2.96,4.33,2.25,31,10
w_HQL2_M255I_OFF_T_G17,85,0.7977,0.8247,0.9822,1,2.1,0,12.52,0,36.58,0,34.71,35.9,3.15,2.97,1.24,3.85,30,9
w_HQL2_M255I_OFF_T_G17,86,0.7976,0.8805,0.9862,0,7.84,0,12.73,0,15.12,0,10.42,16.32,2.32,5.01,3.34,8.24,22,10
w_HQL2_M255I_OFF_T_G17,87,0.7943,0.8086,0.9835,1,1.74,0,11.37,0,37.8,0,36.29,37.71,2.7,2.99,4.09,1.92,38,12
w_HQL2_M255I_OFF_T_G17,88,0.7922,0.8064,0.9875,1,1.34,0,11.81,0,39.17,0,37.48,38.53,2.57,4.08,4.44,1.97,34,11
w_HQL2_M255I_OFF_T_G17,89,0.7913,0.7849,0.9811,0,6.81,0,13.02,0,5.02,0,2.79,7.4,2.24,2.95,4.19,6.99,33,15
w_HQL2_M255I_OFF_T_G17,9,0.8504,0.9134,0.9862,1,3.42,0,11.59,0,26.35,0,23.38,28.23,2.11,3.41,3.01,4.35,40,17
w_HQL2_M255I_OFF_T_G17,90,0.7912,0.8395,0.9856,0,8.01,0,11.86,0,14.72,0,10.47,16.63,2.4,4.73,4.52,7.8,21,9
w_HQL2_M255I_OFF_T_G17,91,0.7909,0.762,0.9848,0,9.89,0,14.83,0,21.69,0,18.37,23.63,3.78,0.75,4.39,8.34,30,14
w_HQL2_M255I_OFF_T_G17,92,0.7908,0.8384,0.9846,0,8.04,0,13.64,0,14.08,0,7.54,13.27,2.46,3.6,4.45,8.02,26,13
w_HQL2_M255I_OFF_T_G17,93,0.7844,0.7816,0.9829,0,6.83,0,11.76,0,13.8,0,9.09,15.13,2.55,5.01,4.56,6.39,25,12
w_HQL2_M255I_OFF_T_G17,94,0.78,0.7415,0.9813,1,3.51,0,15.48,0,43.68,0,40.84,43.69,1.61,5.02,12.84,1.04,38,14
w_HQL2_M255I_OFF_T_G17,95,0.7774,0.7677,0.9833,0,7.2,0,13.66,0,33.1,0,30.75,35.67,3.63,2.49,3.26,7.78,29,13
w_HQL2_M255I_OFF_T_G17,96,0.7729,0.712,0.9805,1,2.48,0,11.66,0,39.36,0,36.83,38.46,2.19,2.82,4.41,3.83,23,9
w_HQL2_M255I_OFF_T_G17,97,0.7676,0.6428,0.9781,0,13.71,0,19.42,0,38.65,0,37.98,43.47,4.47,2.78,3.26,14.57,17,11
w_HQL2_M255I_OFF_T_G17,98,0.7568,0.5631,0.9829,0,10.29,0,16.3,0,26.74,0,24.02,29.94,3.82,3.26,7.52,11.12,23,12
w_HQL2_M255I_OFF_T_G17,99,0.7476,0.6346,0.9812,1,2.27,0,11.12,0,38.24,0,36.53,38.05,2.29,4.5,3.49,3.59,25,10
w_TrackF_r1_M255I_OFF_T_G17,0,0.8702,0.9258,0.9916,1,1.75,0,12.81,0,37.51,0,36.98,37.56,3.38,4.85,5.21,2.29,37,12
w_TrackF_r1_M255I_OFF_T_G17,1,0.8609,0.919,0.9908,1,2.42,0,14.27,0,34.36,0,34.01,34.05,1.3,4.77,4.97,1.66,30,13
w_TrackF_r1_M255I_OFF_T_G17,10,0.8514,0.9134,0.9898,1,2.0,0,12.53,0,37.92,0,36.8,37.81,2.12,4.59,4.84,3.19,35,11
w_TrackF_r1_M255I_OFF_T_G17,11,0.8503,0.8817,0.9891,1,3.58,0,13.84,0,41.09,0,40.9,45.18,1.75,3.42,2.13,3.7,35,12
w_TrackF_r1_M255I_OFF_T_G17,12,0.8496,0.8848,0.9874,1,1.69,0,11.2,0,37.91,0,37.08,38.05,1.6,5.53,5.28,2.91,35,11
w_TrackF_r1_M255I_OFF_T_G17,13,0.8478,0.885,0.9875,1,1.85,0,13.18,0,38.57,0,37.29,38.47,2.04,3.14,5.85,2.32,31,12
w_TrackF_r1_M255I_OFF_T_G17,14,0.8474,0.9045,0.9881,1,2.96,0,14.65,0,36.61,0,35.59,37.26,1.37,4.82,5.45,2.84,27,11
w_TrackF_r1_M255I_OFF_T_G17,15,0.8465,0.9092,0.9899,1,2.29,0,9.89,0,37.41,0,35.27,36.55,1.71,4.34,4.67,3.6,31,9
w_TrackF_r1_M255I_OFF_T_G17,16,0.8463,0.887,0.9882,1,1.93,0,13.08,0,38.91,0,38.08,38.6,1.43,4.24,4.41,3.99,36,11
w_TrackF_r1_M255I_OFF_T_G17,17,0.8461,0.8938,0.9877,0,6.47,0,12.97,0,43.37,0,41.0,42.54,3.7,2.89,5.86,5.23,33,13
w_TrackF_r1_M255I_OFF_T_G17,18,0.846,0.9253,0.9901,1,1.87,0,13.43,0,35.62,0,33.5,34.83,3.26,2.69,4.43,3.45,39,13
w_TrackF_r1_M255I_OFF_T_G17,19,0.8452,0.8883,0.9876,1,2.92,0,14.04,0,35.68,0,35.08,35.86,1.19,4.66,4.77,3.53,28,10
w_TrackF_r1_M255I_OFF_T_G17,2,0.8591,0.9139,0.9908,1,2.15,0,10.79,0,38.44,0,36.49,37.88,2.28,4.95,4.12,2.07,26,10
w_TrackF_r1_M255I_OFF_T_G17,20,0.8452,0.8868,0.9866,1,4.22,0,13.4,0,38.23,0,36.46,38.11,1.65,4.77,4.44,4.14,31,10
w_TrackF_r1_M255I_OFF_T_G17,21,0.8447,0.8758,0.9845,1,1.82,0,14.02,0,37.35,0,35.92,37.18,2.36,4.02,4.25,3.98,33,11
w_TrackF_r1_M255I_OFF_T_G17,22,0.8444,0.896,0.9874,0,5.35,0,13.15,0,37.08,0,35.26,36.18,2.27,4.86,4.59,5.26,30,11
w_TrackF_r1_M255I_OFF_T_G17,23,0.8443,0.8826,0.988,1,1.68,0,14.03,0,34.91,0,34.5,35.35,2.19,3.13,4.58,3.82,32,12
w_TrackF_r1_M255I_OFF_T_G17,24,0.844,0.9115,0.9894,1,1.65,0,10.85,0,37.27,0,35.47,37.28,2.57,4.31,4.9,4.1,30,9
w_TrackF_r1_M255I_OFF_T_G17,25,0.8435,0.906,0.9867,1,3.57,0,10.41,0,34.12,0,32.56,34.26,2.61,3.33,4.41,3.55,33,11
w_TrackF_r1_M255I_OFF_T_G17,26,0.8434,0.8336,0.9886,0,7.0,0,26.72,0,36.81,0,43.01,40.22,1.76,2.93,3.56,7.79,47,13
w_TrackF_r1_M255I_OFF_T_G17,27,0.8429,0.8751,0.9852,0,6.35,0,14.27,0,37.05,0,35.38,36.01,1.21,3.7,3.54,6.92,27,12
w_TrackF_r1_M255I_OFF_T_G17,28,0.8424,0.9011,0.9895,1,2.97,0,12.49,0,38.42,0,36.59,37.87,1.36,4.7,4.56,1.53,31,12
w_TrackF_r1_M255I_OFF_T_G17,29,0.8421,0.8572,0.9845,0,9.23,0,17.21,0,39.41,0,38.25,42.87,1.0,5.52,3.99,10.2,19,10
w_TrackF_r1_M255I_OFF_T_G17,3,0.8566,0.9174,0.9914,1,1.52,0,13.17,0,39.39,0,38.98,40.0,3.24,5.37,5.8,4.05,34,10
w_TrackF_r1_M255I_OFF_T_G17,30,0.8399,0.9037,0.9887,1,3.75,0,12.81,0,37.1,0,36.46,37.85,2.3,4.95,4.0,3.34,36,12
w_TrackF_r1_M255I_OFF_T_G17,31,0.8394,0.9151,0.99,1,3.07,0,10.59,0,35.1,0,34.35,35.63,2.57,4.06,6.84,2.64,34,10
w_TrackF_r1_M255I_OFF_T_G17,32,0.8393,0.8545,0.9828,1,1.87,0,12.55,0,40.38,0,37.66,39.89,1.79,2.88,5.36,3.53,32,13
w_TrackF_r1_M255I_OFF_T_G17,33,0.8386,0.8962,0.9887,1,4.69,0,13.22,0,41.37,0,39.82,42.01,2.04,3.38,6.93,3.51,26,10
w_TrackF_r1_M255I_OFF_T_G17,34,0.8384,0.9063,0.9901,1,2.33,0,12.27,0,34.44,0,33.23,35.34,0.68,3.83,4.73,3.08,37,13
w_TrackF_r1_M255I_OFF_T_G17,35,0.8371,0.9069,0.9874,0,6.04,0,12.86,0,38.74,0,36.01,37.54,3.31,3.12,3.69,6.18,27,13
w_TrackF_r1_M255I_OFF_T_G17,36,0.8368,0.9211,0.9911,1,2.59,0,11.03,0,28.22,0,23.15,29.07,2.77,5.12,6.21,3.2,30,11
w_TrackF_r1_M255I_OFF_T_G17,37,0.8338,0.8566,0.985,0,6.31,0,13.71,0,39.21,0,36.93,38.7,1.38,4.17,5.3,6.37,24,9
w_TrackF_r1_M255I_OFF_T_G17,38,0.8333,0.8996,0.9888,1,3.03,0,12.17,0,38.28,0,36.97,38.33,2.72,4.13,6.91,2.56,24,10
w_TrackF_r1_M255I_OFF_T_G17,39,0.8331,0.8867,0.9881,1,4.53,0,10.9,0,19.25,0,21.62,25.66,2.02,4.2,3.88,4.65,43,15
w_TrackF_r1_M255I_OFF_T_G17,4,0.8565,0.9186,0.9904,1,3.11,0,14.06,0,36.67,0,36.17,38.1,3.43,5.23,8.72,1.57,34,13
w_TrackF_r1_M255I_OFF_T_G17,40,0.8318,0.9061,0.9905,1,2.2,0,11.55,0,38.76,0,37.64,39.06,2.04,5.07,5.97,4.22,26,9
w_TrackF_r1_M255I_OFF_T_G17,41,0.8317,0.8637,0.9871,0,7.11,0,15.16,0,39.83,0,37.86,39.55,2.98,4.2,4.75,8.02,23,12
w_TrackF_r1_M255I_OFF_T_G17,42,0.8306,0.8809,0.9856,0,6.08,0,15.45,0,38.93,0,37.3,39.05,2.46,5.46,5.43,5.4,21,11
w_TrackF_r1_M255I_OFF_T_G17,43,0.8299,0.9238,0.9912,1,2.41,0,10.99,0,37.75,0,35.69,42.26,2.91,3.85,4.37,2.6,41,11
w_TrackF_r1_M255I_OFF_T_G17,44,0.8283,0.818,0.9865,1,1.86,0,13.24,0,38.79,0,36.85,38.64,2.3,2.93,5.24,3.22,27,9
w_TrackF_r1_M255I_OFF_T_G17,45,0.8279,0.8584,0.9878,1,1.49,0,11.51,0,40.33,0,37.93,40.69,4.17,4.66,5.96,2.54,24,7
w_TrackF_r1_M255I_OFF_T_G17,46,0.8267,0.8726,0.9831,1,2.37,0,12.6,0,39.74,0,36.84,39.0,2.49,3.68,5.7,4.43,32,12
w_TrackF_r1_M255I_OFF_T_G17,47,0.8265,0.839,0.9874,0,6.19,0,12.38,0,38.09,0,35.87,37.64,1.64,3.05,5.2,7.33,18,11
w_TrackF_r1_M255I_OFF_T_G17,48,0.8265,0.8777,0.9861,0,6.72,0,13.3,0,36.13,0,34.08,35.08,1.93,4.3,2.03,7.36,27,11
w_TrackF_r1_M255I_OFF_T_G17,49,0.826,0.9502,0.9922,1,3.0,0,14.34,0,33.92,0,27.58,33.43,2.79,6.08,3.59,2.25,34,15
w_TrackF_r1_M255I_OFF_T_G17,5,0.8562,0.9037,0.989,1,3.08,0,13.51,0,34.62,0,34.62,36.57,1.47,4.83,8.69,4.04,34,13
w_TrackF_r1_M255I_OFF_T_G17,50,0.8252,0.8715,0.9866,1,2.94,0,13.78,0,38.62,0,37.96,39.64,2.76,3.96,6.8,2.11,29,9
w_TrackF_r1_M255I_OFF_T_G17,51,0.8247,0.8582,0.985,1,3.43,0,11.27,0,36.2,0,35.65,35.92,2.36,4.37,3.85,2.08,31,11
w_TrackF_r1_M255I_OFF_T_G17,52,0.8246,0.9347,0.9905,1,2.59,0,9.47,0,5.07,0,8.37,9.5,0.78,2.85,4.15,4.3,37,15
w_TrackF_r1_M255I_OFF_T_G17,53,0.8227,0.9002,0.9897,1,3.22,0,13.33,0,38.47,0,36.86,38.73,1.53,3.53,3.35,1.89,32,10
w_TrackF_r1_M255I_OFF_T_G17,54,0.8221,0.9139,0.9898,0,6.08,0,14.54,0,41.04,0,38.48,40.21,1.72,5.48,5.36,6.23,25,12
w_TrackF_r1_M255I_OFF_T_G17,55,0.8216,0.8933,0.9863,1,3.85,0,9.9,0,5.86,0,14.13,15.08,2.78,3.84,4.39,4.7,45,19
w_TrackF_r1_M255I_OFF_T_G17,56,0.8214,0.875,0.9862,1,2.16,0,12.87,0,33.81,0,33.12,34.24,2.42,3.86,1.4,3.35,42,13
w_TrackF_r1_M255I_OFF_T_G17,57,0.8211,0.7911,0.9847,1,2.58,0,12.97,0,37.13,0,34.96,36.18,1.47,4.37,3.22,2.19,28,10
w_TrackF_r1_M255I_OFF_T_G17,58,0.8201,0.8872,0.9885,1,4.27,0,7.78,0,30.35,0,28.61,33.49,2.75,5.38,3.48,3.02,17,11
w_TrackF_r1_M255I_OFF_T_G17,59,0.8195,0.8307,0.9879,0,6.45,0,22.54,0,27.48,0,31.27,34.88,3.61,5.06,5.39,5.83,19,11
w_TrackF_r1_M255I_OFF_T_G17,6,0.8553,0.9283,0.9905,1,1.69,0,12.44,0,37.66,0,35.73,36.62,2.68,4.23,2.83,2.99,35,10
w_TrackF_r1_M255I_OFF_T_G17,60,0.8194,0.8231,0.9853,0,8.35,0,15.55,0,28.44,0,22.29,27.98,4.03,3.06,3.84,6.83,32,12
w_TrackF_r1_M255I_OFF_T_G17,61,0.8193,0.8815,0.9885,0,6.55,0,12.79,0,39.75,0,37.08,39.4,2.9,3.14,5.09,7.02,19,10
w_TrackF_r1_M255I_OFF_T_G17,62,0.8189,0.912,0.9904,0,6.89,0,13.05,0,39.77,0,37.26,39.16,1.59,5.13,5.66,6.28,24,11
w_TrackF_r1_M255I_OFF_T_G17,63,0.8189,0.7975,0.984,1,1.75,0,10.75,0,38.58,0,37.51,38.75,1.38,3.92,5.54,2.5,32,11
w_TrackF_r1_M255I_OFF_T_G17,64,0.8169,0.8995,0.9865,0,7.38,0,11.16,0,36.82,0,35.42,37.14,2.41,3.65,3.79,8.14,27,13
w_TrackF_r1_M255I_OFF_T_G17,65,0.8164,0.8149,0.9843,0,6.68,0,15.05,0,36.69,0,34.78,36.67,2.1,4.77,3.44,7.25,20,10
w_TrackF_r1_M255I_OFF_T_G17,66,0.8163,0.8194,0.9846,1,2.3,0,10.07,0,39.55,0,36.39,38.82,2.55,5.12,4.5,1.63,27,8
w_TrackF_r1_M255I_OFF_T_G17,67,0.8146,0.864,0.9849,0,6.45,0,16.47,0,42.14,0,38.89,41.13,1.98,5.07,6.05,8.08,21,11
w_TrackF_r1_M255I_OFF_T_G17,68,0.8141,0.817,0.9838,0,8.08,0,15.36,0,37.7,0,37.02,37.48,2.38,4.52,4.94,5.26,26,13
w_TrackF_r1_M255I_OFF_T_G17,69,0.8135,0.8847,0.9879,1,2.06,0,13.21,0,38.81,0,37.05,38.93,2.96,5.23,5.38,4.11,24,8
w_TrackF_r1_M255I_OFF_T_G17,7,0.8553,0.891,0.9897,1,1.79,0,11.26,0,39.03,0,36.53,38.29,2.31,5.08,4.1,2.62,34,14
w_TrackF_r1_M255I_OFF_T_G17,70,0.8133,0.8077,0.9799,0,5.13,0,16.01,0,41.43,0,38.93,41.45,3.1,4.61,5.02,5.87,21,11
w_TrackF_r1_M255I_OFF_T_G17,71,0.8112,0.819,0.9857,0,6.34,0,11.71,0,39.38,0,36.81,38.33,3.35,5.41,2.83,6.76,23,9
w_TrackF_r1_M255I_OFF_T_G17,72,0.8104,0.7877,0.984,0,5.85,0,14.89,0,34.11,0,33.33,34.33,2.52,3.69,5.95,6.25,18,11
w_TrackF_r1_M255I_OFF_T_G17,73,0.8102,0.7951,0.9854,1,1.67,0,11.07,0,40.16,0,38.2,39.86,2.16,5.65,5.85,4.53,24,8
w_TrackF_r1_M255I_OFF_T_G17,74,0.8102,0.8362,0.9842,0,11.83,0,15.32,0,22.89,0,22.57,27.67,5.84,2.52,4.95,12.88,16,8
w_TrackF_r1_M255I_OFF_T_G17,75,0.8087,0.7505,0.98,0,8.36,0,13.49,0,39.88,0,37.65,39.56,1.75,3.98,5.07,9.28,19,10
w_TrackF_r1_M255I_OFF_T_G17,76,0.8084,0.8699,0.9859,1,4.37,0,9.45,0,12.91,0,13.94,17.89,0.8,3.47,5.12,4.35,37,12
w_TrackF_r1_M255I_OFF_T_G17,77,0.808,0.8963,0.9861,1,2.59,0,11.07,0,39.78,0,33.42,41.02,2.78,3.54,4.03,2.43,33,15
w_TrackF_r1_M255I_OFF_T_G17,78,0.808,0.8492,0.9851,0,5.22,0,12.88,0,41.95,0,38.78,41.51,0.93,4.43,5.33,7.09,24,11
w_TrackF_r1_M255I_OFF_T_G17,79,0.8057,0.7484,0.9815,1,2.78,0,14.01,0,38.51,0,37.36,38.28,2.04,3.4,4.81,2.9,31,11
w_TrackF_r1_M255I_OFF_T_G17,8,0.8521,0.9031,0.9888,1,2.09,0,10.53,0,43.44,0,39.93,42.21,3.12,3.04,5.61,4.8,25,8
w_TrackF_r1_M255I_OFF_T_G17,80,0.8053,0.7603,0.9806,1,3.47,0,11.92,0,36.52,0,34.93,35.81,3.36,3.56,4.07,3.57,24,10
w_TrackF_r1_M255I_OFF_T_G17,81,0.8033,0.8688,0.9863,0,7.81,0,13.21,0,14.45,0,8.49,15.61,2.01,3.77,2.31,8.08,22,12
w_TrackF_r1_M255I_OFF_T_G17,82,0.8023,0.8669,0.9848,1,4.66,0,8.87,0,22.19,0,18.84,25.54,2.53,3.06,2.92,4.62,38,14
w_TrackF_r1_M255I_OFF_T_G17,83,0.8011,0.844,0.982,1,4.24,0,9.58,0,19.0,0,19.4,23.52,1.96,2.36,4.05,4.47,42,14
w_TrackF_r1_M255I_OFF_T_G17,84,0.8005,0.8347,0.985,0,7.45,0,14.96,0,38.49,0,35.54,37.32,2.98,2.56,3.63,8.0,22,10
w_TrackF_r1_M255I_OFF_T_G17,85,0.8002,0.8708,0.9861,0,5.59,0,8.87,0,39.0,0,36.56,37.88,3.7,4.25,3.93,6.8,24,11
w_TrackF_r1_M255I_OFF_T_G17,86,0.8001,0.793,0.9831,1,3.18,0,11.5,0,37.63,0,36.44,38.83,2.36,4.38,6.35,6.97,22,8
w_TrackF_r1_M255I_OFF_T_G17,87,0.7986,0.8695,0.9879,1,2.17,0,12.51,0,25.73,0,23.35,29.39,0.24,4.33,3.67,4.15,26,12
w_TrackF_r1_M255I_OFF_T_G17,88,0.7968,0.8598,0.9857,0,7.87,0,11.76,0,17.16,0,10.49,18.38,2.46,3.3,3.94,7.06,21,11
w_TrackF_r1_M255I_OFF_T_G17,89,0.7952,0.8641,0.9866,1,4.71,0,12.01,0,14.08,0,18.1,21.1,1.08,3.4,4.46,4.69,36,14
w_TrackF_r1_M255I_OFF_T_G17,9,0.8516,0.8998,0.9888,1,1.47,0,12.69,0,37.01,0,34.84,36.95,2.79,3.44,4.17,4.31,34,12
w_TrackF_r1_M255I_OFF_T_G17,90,0.7949,0.8489,0.9817,1,3.72,0,10.17,0,17.05,0,11.72,18.12,1.82,3.26,4.79,4.35,32,14
w_TrackF_r1_M255I_OFF_T_G17,91,0.7895,0.678,0.9794,0,6.99,0,15.01,0,38.71,0,36.59,37.74,3.09,5.82,2.66,6.99,25,11
w_TrackF_r1_M255I_OFF_T_G17,92,0.788,0.8347,0.983,1,3.8,0,7.88,0,22.68,0,21.98,26.65,1.16,2.86,3.0,3.68,39,12
w_TrackF_r1_M255I_OFF_T_G17,93,0.7878,0.706,0.9819,1,1.3,0,12.78,0,37.06,0,35.02,37.0,2.17,5.02,4.21,2.8,32,12
w_TrackF_r1_M255I_OFF_T_G17,94,0.7811,0.7182,0.9847,0,17.69,0,26.2,0,56.68,0,54.07,54.79,8.11,4.97,3.97,22.83,8,4
w_TrackF_r1_M255I_OFF_T_G17,95,0.7771,0.8214,0.9837,0,5.88,0,10.5,0,26.07,0,17.95,24.6,2.27,3.14,1.2,5.7,34,14
w_TrackF_r1_M255I_OFF_T_G17,96,0.7767,0.7605,0.9732,1,1.65,0,6.15,0,23.33,0,20.06,25.8,2.65,3.53,2.56,2.08,30,11
w_TrackF_r1_M255I_OFF_T_G17,97,0.7719,0.6749,0.9814,0,7.01,0,16.44,0,43.93,0,41.76,43.45,1.85,5.52,5.63,5.5,23,10
w_TrackF_r1_M255I_OFF_T_G17,98,0.7634,0.7089,0.9743,1,2.5,1,4.09,0,21.71,0,18.99,25.17,3.84,2.31,3.72,1.76,27,12
w_TrackF_r1_M255I_OFF_T_G17,99,0.7455,0.6092,0.9828,0,7.53,0,13.97,0,38.31,0,35.44,37.35,2.06,5.4,4.97,9.08,17,9
d_F88F_M255I_Y217Y_S1_G17,0,0.8671,0.9195,0.9921,0,5.33,0,11.38,0,25.22,0,15.08,22.38,2.87,6.63,3.96,5.37,37,15
d_F88F_M255I_Y217Y_S1_G17,1,0.8639,0.8922,0.9891,1,3.01,0,10.69,0,16.7,0,7.88,15.61,4.77,3.33,2.83,3.54,52,14
d_F88F_M255I_Y217Y_S1_G17,10,0.8524,0.8359,0.9845,1,2.15,0,12.72,0,29.32,0,20.85,28.29,4.8,4.52,8.36,2.76,38,14
d_F88F_M255I_Y217Y_S1_G17,11,0.8511,0.87,0.9896,1,2.9,0,21.29,0,26.76,0,18.01,25.76,5.35,4.73,11.23,2.78,40,12
d_F88F_M255I_Y217Y_S1_G17,12,0.851,0.8936,0.992,1,2.85,0,20.19,0,28.29,0,19.23,27.48,5.46,4.78,10.47,2.92,38,9
d_F88F_M255I_Y217Y_S1_G17,13,0.8506,0.8586,0.9891,1,2.1,0,21.47,0,28.79,0,19.25,26.75,5.68,3.6,11.63,2.42,34,11
d_F88F_M255I_Y217Y_S1_G17,14,0.8502,0.9547,0.9936,1,2.93,0,16.91,0,6.59,0,10.4,11.33,5.6,5.51,10.19,2.87,36,14
d_F88F_M255I_Y217Y_S1_G17,15,0.8494,0.8757,0.9897,1,3.36,0,11.23,0,22.86,0,13.22,20.5,3.33,3.97,4.3,4.15,38,12
d_F88F_M255I_Y217Y_S1_G17,16,0.8492,0.942,0.993,1,4.94,0,19.56,0,23.4,0,14.45,21.63,3.73,3.72,5.72,3.3,35,15
d_F88F_M255I_Y217Y_S1_G17,17,0.8477,0.8726,0.9915,1,2.65,0,23.05,0,29.73,0,20.17,27.84,5.5,7.23,6.77,2.6,38,14
d_F88F_M255I_Y217Y_S1_G17,18,0.8472,0.8553,0.991,0,5.66,0,19.56,0,17.6,0,7.48,15.15,3.99,3.85,7.59,6.25,35,10
d_F88F_M255I_Y217Y_S1_G17,19,0.8466,0.9416,0.9926,1,2.7,0,17.78,0,29.45,0,21.16,28.26,3.5,4.15,5.69,2.66,42,16
d_F88F_M255I_Y217Y_S1_G17,2,0.8637,0.9083,0.9916,1,4.05,0,11.24,0,22.85,0,14.42,20.98,3.66,2.47,4.59,3.57,36,15
d_F88F_M255I_Y217Y_S1_G17,20,0.8462,0.8547,0.9909,1,4.88,0,13.28,0,17.14,0,7.07,14.94,4.01,3.12,3.6,4.35,30,9
d_F88F_M255I_Y217Y_S1_G17,21,0.8451,0.8678,0.9913,1,3.74,0,15.25,0,17.47,0,7.57,15.26,3.45,3.27,2.72,3.11,40,11
d_F88F_M255I_Y217Y_S1_G17,22,0.8407,0.8231,0.988,1,3.6,0,12.32,0,17.01,0,9.14,15.33,3.49,4.31,5.04,3.7,29,9
d_F88F_M255I_Y217Y_S1_G17,23,0.8391,0.8589,0.9897,0,5.51,0,14.4,0,16.38,0,6.22,13.69,4.41,3.76,3.12,5.78,34,9
d_F88F_M255I_Y217Y_S1_G17,24,0.8385,0.9017,0.9902,0,5.91,0,15.93,0,18.82,0,9.17,15.73,4.5,5.41,5.36,5.98,36,13
d_F88F_M255I_Y217Y_S1_G17,25,0.8384,0.8568,0.9903,1,1.97,0,19.87,0,32.79,0,24.27,31.42,4.89,5.28,13.26,2.95,40,11
d_F88F_M255I_Y217Y_S1_G17,26,0.8382,0.8499,0.9897,1,2.13,0,20.95,0,29.2,0,21.13,27.13,5.46,7.93,13.36,2.54,32,9
d_F88F_M255I_Y217Y_S1_G17,27,0.8376,0.9391,0.9943,1,1.94,0,19.09,0,39.92,0,30.11,37.71,5.29,2.6,5.27,3.65,45,11
d_F88F_M255I_Y217Y_S1_G17,28,0.8375,0.834,0.9909,1,1.76,0,20.31,0,32.36,0,24.66,31.62,5.23,6.09,10.23,2.75,37,9
d_F88F_M255I_Y217Y_S1_G17,29,0.8375,0.8663,0.99,1,4.72,0,12.14,0,18.0,0,8.11,15.71,4.54,3.39,2.59,5.07,34,11
d_F88F_M255I_Y217Y_S1_G17,3,0.8632,0.8772,0.9888,0,5.62,0,11.77,0,16.28,0,6.28,13.71,4.92,2.99,7.12,5.84,42,14
d_F88F_M255I_Y217Y_S1_G17,30,0.8372,0.89,0.9923,1,4.47,0,11.36,0,17.16,0,7.77,16.39,3.55,3.48,4.54,4.21,37,9
d_F88F_M255I_Y217Y_S1_G17,31,0.8371,0.8374,0.9886,1,4.6,1,4.36,1,3.27,1,4.68,5.89,2.42,2.17,4.81,6.06,44,13
d_F88F_M255I_Y217Y_S1_G17,32,0.8363,0.8549,0.9869,1,2.78,0,25.14,0,27.84,0,18.92,26.23,5.44,6.36,7.69,2.78,56,22
d_F88F_M255I_Y217Y_S1_G17,33,0.8363,0.8385,0.9858,0,6.07,0,16.29,0,15.2,0,6.48,13.86,6.65,3.35,6.05,6.52,43,16
d_F88F_M255I_Y217Y_S1_G17,34,0.8361,0.8706,0.9876,0,6.02,0,17.88,0,16.66,0,7.91,14.26,4.35,3.5,4.89,5.08,40,15
d_F88F_M255I_Y217Y_S1_G17,35,0.8358,0.8189,0.9886,1,4.29,0,14.77,0,15.68,0,6.57,12.86,4.72,4.43,2.16,6.0,35,9
d_F88F_M255I_Y217Y_S1_G17,36,0.8354,0.8453,0.9897,1,4.52,0,11.74,0,16.97,0,7.16,15.31,2.92,3.09,2.22,5.52,33,13
d_F88F_M255I_Y217Y_S1_G17,37,0.8351,0.8421,0.9896,1,1.68,0,20.62,0,21.39,0,12.3,20.34,4.42,5.24,11.51,2.29,40,12
d_F88F_M255I_Y217Y_S1_G17,38,0.8351,0.8446,0.9902,1,3.07,1,3.34,1,2.11,1,2.55,5.8,3.72,3.77,3.57,4.78,42,12
d_F88F_M255I_Y217Y_S1_G17,39,0.835,0.8314,0.9898,1,2.55,0,13.92,0,28.34,0,19.69,26.83,5.05,2.9,5.15,2.56,27,9
d_F88F_M255I_Y217Y_S1_G17,4,0.8579,0.9237,0.9903,1,4.3,0,14.4,0,17.82,0,8.49,15.62,2.95,3.77,5.66,4.89,38,17
d_F88F_M255I_Y217Y_S1_G17,40,0.8338,0.9461,0.9922,1,3.34,0,15.6,0,32.44,0,24.76,30.87,4.93,4.53,4.23,0.64,44,16
d_F88F_M255I_Y217Y_S1_G17,41,0.833,0.8133,0.9878,1,4.29,0,14.28,0,15.89,0,5.75,13.3,3.7,2.95,3.17,5.54,34,9
d_F88F_M255I_Y217Y_S1_G17,42,0.8323,0.8204,0.9887,1,2.3,0,19.68,0,34.08,0,25.62,32.81,5.14,6.43,10.67,2.31,36,10
d_F88F_M255I_Y217Y_S1_G17,43,0.83,0.8094,0.9888,1,4.77,0,12.56,0,18.69,0,9.56,16.07,2.4,1.76,2.89,4.88,43,10
d_F88F_M255I_Y217Y_S1_G17,44,0.8298,0.8311,0.9884,0,5.14,0,13.99,0,16.22,0,7.03,14.51,5.48,3.75,3.34,5.31,28,9
d_F88F_M255I_Y217Y_S1_G17,45,0.8283,0.809,0.9895,1,4.56,0,11.45,0,12.61,0,3.75,11.13,3.55,4.81,3.76,5.22,40,12
d_F88F_M255I_Y217Y_S1_G17,46,0.8278,0.8611,0.9898,0,5.97,0,14.6,0,15.07,0,6.01,13.82,4.66,1.83,2.05,6.47,35,9
d_F88F_M255I_Y217Y_S1_G17,47,0.8277,0.8201,0.9884,1,3.78,0,13.05,0,17.32,0,7.96,15.25,2.41,3.84,3.54,5.22,30,9
d_F88F_M255I_Y217Y_S1_G17,48,0.8275,0.8298,0.9898,1,2.4,1,3.23,1,2.99,1,4.03,6.45,2.74,2.15,3.54,5.14,46,13
d_F88F_M255I_Y217Y_S1_G17,49,0.8273,0.8193,0.99,1,3.53,0,15.27,0,16.67,0,8.89,14.72,4.1,4.59,4.34,2.99,31,10
d_F88F_M255I_Y217Y_S1_G17,5,0.8558,0.883,0.9914,1,4.02,0,16.19,0,24.28,0,14.97,21.61,4.71,3.67,4.35,5.91,43,11
d_F88F_M255I_Y217Y_S1_G17,50,0.8271,0.8351,0.991,1,2.58,0,13.6,0,16.7,0,6.36,14.28,3.25,2.55,4.29,3.49,37,10
d_F88F_M255I_Y217Y_S1_G17,51,0.8269,0.8245,0.988,0,5.57,0,12.45,0,16.98,0,7.7,14.14,3.46,3.51,3.48,6.29,32,9
d_F88F_M255I_Y217Y_S1_G17,52,0.8267,0.7442,0.9851,1,1.33,0,20.47,0,28.23,0,19.59,26.93,4.71,7.49,11.99,2.81,36,11
d_F88F_M255I_Y217Y_S1_G17,53,0.8265,0.8189,0.9892,0,6.25,1,4.03,1,2.65,1,3.47,5.9,2.63,4.16,3.58,6.13,44,14
d_F88F_M255I_Y217Y_S1_G17,54,0.8256,0.8447,0.9855,0,5.65,0,14.55,0,16.26,0,6.29,14.13,5.33,3.5,3.87,6.32,26,11
d_F88F_M255I_Y217Y_S1_G17,55,0.8242,0.8287,0.9902,1,2.77,1,3.62,1,2.98,1,4.67,6.13,3.89,3.24,3.52,4.28,42,12
d_F88F_M255I_Y217Y_S1_G17,56,0.8238,0.9023,0.991,1,4.3,0,17.22,0,16.92,0,6.52,14.32,3.25,3.1,3.25,4.13,47,11
d_F88F_M255I_Y217Y_S1_G17,57,0.8232,0.854,0.9897,1,2.14,1,3.25,1,3.59,1,3.68,3.94,2.97,3.93,4.3,5.63,39,12
d_F88F_M255I_Y217Y_S1_G17,58,0.8231,0.7727,0.9879,0,5.73,0,12.38,0,11.22,0,2.97,10.37,2.32,3.44,3.32,5.22,29,9
d_F88F_M255I_Y217Y_S1_G17,59,0.8228,0.8261,0.9864,0,6.93,1,3.2,1,2.05,1,3.69,5.48,3.28,2.17,2.38,7.23,40,13
d_F88F_M255I_Y217Y_S1_G17,6,0.854,0.8785,0.9897,1,4.29,0,13.27,0,23.04,0,14.89,21.13,5.1,4.13,2.72,5.2,39,12
d_F88F_M255I_Y217Y_S1_G17,60,0.8212,0.9026,0.9906,1,4.64,0,17.16,0,20.62,0,12.64,18.71,2.34,4.83,6.39,5.15,39,13
d_F88F_M255I_Y217Y_S1_G17,61,0.8202,0.8517,0.9904,1,2.41,1,2.52,1,4.58,1,3.35,6.25,2.48,2.1,5.6,4.83,44,14
d_F88F_M255I_Y217Y_S1_G17,62,0.8197,0.9194,0.9886,1,3.62,0,12.97,0,17.32,0,9.18,15.61,4.32,2.37,5.91,2.69,42,13
d_F88F_M255I_Y217Y_S1_G17,63,0.8182,0.7821,0.9852,1,3.4,1,3.39,1,1.67,1,5.38,6.61,3.77,2.45,3.72,3.96,44,12
d_F88F_M255I_Y217Y_S1_G17,64,0.8177,0.8197,0.9902,1,4.43,1,3.9,1,2.58,1,1.91,5.02,3.68,4.37,4.31,4.78,43,13
d_F88F_M255I_Y217Y_S1_G17,65,0.8176,0.7991,0.9879,1,2.7,1,3.24,1,3.49,1,4.27,5.88,3.15,3.01,3.35,4.99,46,14
d_F88F_M255I_Y217Y_S1_G17,66,0.817,0.7964,0.9852,1,2.45,0,11.56,0,25.25,0,14.33,21.97,3.38,3.91,5.48,3.77,39,16
d_F88F_M255I_Y217Y_S1_G17,67,0.817,0.7847,0.9868,0,6.17,1,3.66,1,0.88,1,2.83,4.68,2.11,3.75,4.09,6.69,42,13
d_F88F_M255I_Y217Y_S1_G17,68,0.8162,0.8009,0.9872,0,6.47,1,3.62,1,1.19,1,2.56,5.8,1.93,4.82,3.53,6.7,40,12
d_F88F_M255I_Y217Y_S1_G17,69,0.816,0.8464,0.9856,1,3.96,0,17.49,0,16.15,0,6.58,13.13,2.95,4.45,6.74,5.61,45,13
d_F88F_M255I_Y217Y_S1_G17,7,0.8534,0.8436,0.9899,0,6.08,0,15.62,0,15.93,0,5.93,13.29,5.32,2.97,4.95,5.44,34,10
d_F88F_M255I_Y217Y_S1_G17,70,0.8156,0.8178,0.9882,0,6.25,1,4.06,1,2.69,1,3.26,5.12,2.47,3.97,4.64,6.35,40,13
d_F88F_M255I_Y217Y_S1_G17,71,0.8153,0.8458,0.9873,0,6.23,0,22.2,0,17.49,0,8.98,16.32,3.76,2.81,5.61,6.55,38,13
d_F88F_M255I_Y217Y_S1_G17,72,0.8153,0.8317,0.9901,1,1.57,0,12.46,0,29.02,0,21.77,27.53,4.5,3.61,5.95,2.75,27,12
d_F88F_M255I_Y217Y_S1_G17,73,0.8144,0.8087,0.9879,1,4.05,1,4.41,1,2.06,1,2.36,4.76,2.65,2.45,3.75,5.91,41,13
d_F88F_M255I_Y217Y_S1_G17,74,0.814,0.8661,0.9871,1,1.47,0,18.1,0,25.72,0,14.73,22.02,5.64,4.37,7.09,2.66,50,16
d_F88F_M255I_Y217Y_S1_G17,75,0.8137,0.7435,0.9779,1,2.57,0,22.3,0,28.38,0,19.54,27.14,5.98,5.06,11.6,1.82,37,11
d_F88F_M255I_Y217Y_S1_G17,76,0.812,0.7987,0.9867,1,3.47,1,3.84,1,1.84,1,3.68,5.24,3.39,4.08,3.75,6.58,43,12
d_F88F_M255I_Y217Y_S1_G17,77,0.8107,0.7981,0.9879,0,6.54,1,3.36,1,2.45,1,3.92,4.72,1.51,3.23,4.16,6.47,44,13
d_F88F_M255I_Y217Y_S1_G17,78,0.8101,0.8673,0.9875,0,5.7,0,15.74,0,16.4,0,7.42,13.92,2.7,3.64,4.36,6.36,46,19
d_F88F_M255I_Y217Y_S1_G17,79,0.8099,0.7846,0.987,0,6.07,1,3.63,1,3.25,1,3.32,4.26,2.91,2.7,1.6,6.55,47,12
d_F88F_M255I_Y217Y_S1_G17,8,0.8532,0.9201,0.9902,1,1.88,0,20.87,0,30.27,0,20.59,28.46,4.64,7.21,11.35,2.95,37,11
d_F88F_M255I_Y217Y_S1_G17,80,0.8097,0.767,0.9845,1,3.37,0,12.4,0,15.41,0,6.34,13.73,3.56,2.46,3.02,5.5,37,10
d_F88F_M255I_Y217Y_S1_G17,81,0.8084,0.766,0.9882,0,5.02,0,10.25,0,7.18,0,3.27,9.97,4.06,2.11,4.34,5.21,38,11
d_F88F_M255I_Y217Y_S1_G17,82,0.8071,0.8532,0.9891,1,3.25,0,14.89,0,21.85,0,11.9,19.15,5.53,3.38,4.25,3.15,36,10
d_F88F_M255I_Y217Y_S1_G17,83,0.8066,0.8121,0.9885,0,5.09,0,15.13,1,3.16,0,3.99,5.88,4.94,2.35,4.59,5.36,39,13
d_F88F_M255I_Y217Y_S1_G17,84,0.805,0.8565,0.9888,1,3.28,0,14.75,0,16.38,0,6.53,13.9,4.56,3.9,6.11,3.6,37,13
d_F88F_M255I_Y217Y_S1_G17,85,0.8043,0.7594,0.9856,0,7.14,1,3.05,1,2.93,1,3.22,4.61,3.55,3.74,2.61,7.04,42,13
d_F88F_M255I_Y217Y_S1_G17,86,0.8033,0.754,0.9852,1,2.4,1,3.51,1,3.8,1,3.93,7.31,3.52,1.66,5.95,6.07,39,15
d_F88F_M255I_Y217Y_S1_G17,87,0.8013,0.7277,0.9849,0,6.58,0,11.96,0,20.35,0,13.08,20.54,3.15,4.24,3.18,5.2,30,11
d_F88F_M255I_Y217Y_S1_G17,88,0.7972,0.7573,0.9844,1,2.56,1,3.36,1,3.27,1,4.39,5.61,3.37,2.97,4.58,4.57,43,13
d_F88F_M255I_Y217Y_S1_G17,89,0.7958,0.8691,0.9865,1,2.81,0,15.12,0,25.99,0,16.61,22.75,4.87,2.98,4.49,3.26,39,15
d_F88F_M255I_Y217Y_S1_G17,9,0.8528,0.8861,0.992,1,1.83,0,20.14,0,29.0,0,19.84,27.34,5.27,6.34,12.08,2.45,30,11
d_F88F_M255I_Y217Y_S1_G17,90,0.7928,0.7664,0.9806,1,1.55,0,17.98,0,25.08,0,16.82,22.97,2.34,3.97,8.48,2.57,48,17
d_F88F_M255I_Y217Y_S1_G17,91,0.7928,0.8797,0.9836,0,6.25,0,18.7,1,1.3,0,2.47,5.61,5.78,4.47,11.0,6.41,29,12
d_F88F_M255I_Y217Y_S1_G17,92,0.7837,0.6884,0.9843,0,6.1,1,3.97,1,2.79,1,3.46,5.28,2.32,3.83,1.94,6.06,40,14
d_F88F_M255I_Y217Y_S1_G17,93,0.7806,0.6787,0.9814,1,1.21,0,18.24,0,24.04,0,13.35,21.31,5.92,5.1,9.15,2.11,43,17
d_F88F_M255I_Y217Y_S1_G17,94,0.7741,0.6732,0.9823,1,4.42,1,3.18,1,3.85,1,3.18,4.08,2.71,2.73,2.75,6.88,46,16
d_F88F_M255I_Y217Y_S1_G17,95,0.7722,0.6242,0.9803,1,4.23,0,13.17,0,17.59,0,8.89,15.77,5.32,3.67,5.62,2.68,26,9
d_F88F_M255I_Y217Y_S1_G17,96,0.7661,0.6563,0.9794,0,6.25,0,13.44,0,18.51,0,10.85,17.31,5.07,3.93,1.99,6.8,36,12
d_F88F_M255I_Y217Y_S1_G17,97,0.763,0.5832,0.9782,1,4.15,0,12.53,0,21.76,0,12.67,19.14,2.8,4.3,4.39,5.39,35,14
d_F88F_M255I_Y217Y_S1_G17,98,0.7594,0.6251,0.981,1,3.01,1,2.45,1,3.39,1,4.01,4.52,3.46,2.26,4.19,3.18,42,13
d_F88F_M255I_Y217Y_S1_G17,99,0.7572,0.6508,0.9765,1,4.95,0,14.67,0,15.93,0,6.91,14.77,4.56,4.29,6.79,5.14,40,13
d_F88K_M255I_Y217Y_S1_G17,0,0.8539,0.9422,0.9882,0,8.3,0,6.55,1,4.84,0,4.62,5.49,5.9,1.43,2.86,7.64,38,17
d_F88K_M255I_Y217Y_S1_G17,1,0.8489,0.8574,0.9916,0,5.24,0,14.39,0,17.81,0,9.08,15.27,4.78,3.84,3.96,5.9,28,11
d_F88K_M255I_Y217Y_S1_G17,10,0.8387,0.891,0.9929,1,2.63,1,3.64,1,2.91,1,2.85,6.79,3.78,2.72,4.6,4.91,45,13
d_F88K_M255I_Y217Y_S1_G17,11,0.8367,0.8825,0.9905,1,2.79,0,21.42,0,32.57,0,24.23,31.54,5.25,4.51,7.42,2.07,55,18
d_F88K_M255I_Y217Y_S1_G17,12,0.8351,0.8612,0.9896,1,2.1,0,21.01,0,30.97,0,23.16,30.53,6.52,5.75,7.47,2.76,43,16
d_F88K_M255I_Y217Y_S1_G17,13,0.8334,0.8369,0.9895,1,3.12,1,3.46,1,3.48,1,3.62,5.85,3.7,4.25,3.55,4.87,40,14
d_F88K_M255I_Y217Y_S1_G17,14,0.8326,0.8532,0.9914,1,2.98,1,3.15,1,4.03,1,3.88,6.38,4.56,3.51,5.19,5.15,37,14
d_F88K_M255I_Y217Y_S1_G17,15,0.8323,0.8558,0.9909,1,3.24,1,3.53,1,1.72,1,2.68,5.29,4.05,2.8,5.51,4.52,44,12
d_F88K_M255I_Y217Y_S1_G17,16,0.8305,0.9144,0.9891,0,6.24,1,3.12,0,37.46,0,36.39,38.31,5.65,4.65,5.1,6.2,34,16
d_F88K_M255I_Y217Y_S1_G17,17,0.8305,0.9322,0.9891,0,8.23,0,14.71,1,3.6,0,3.74,6.51,5.83,1.55,3.88,6.31,37,17
d_F88K_M255I_Y217Y_S1_G17,18,0.8269,0.84,0.989,0,7.58,1,3.35,1,2.49,1,4.12,4.72,3.1,3.31,2.63,7.17,36,14
d_F88K_M255I_Y217Y_S1_G17,19,0.8268,0.9312,0.9907,0,5.29,0,14.14,1,1.93,0,2.61,4.47,3.57,4.67,5.35,6.8,37,14
d_F88K_M255I_Y217Y_S1_G17,2,0.8475,0.8554,0.9894,1,2.75,0,20.48,0,30.64,0,21.27,28.84,4.66,5.31,12.2,2.86,36,9
d_F88K_M255I_Y217Y_S1_G17,20,0.8263,0.8544,0.9912,0,7.05,1,3.46,1,3.43,1,3.64,5.39,3.35,6.29,4.39,6.61,33,14
d_F88K_M255I_Y217Y_S1_G17,21,0.826,0.8478,0.9919,1,2.41,1,2.9,1,2.72,1,2.67,6.23,3.61,3.59,4.65,3.53,39,14
d_F88K_M255I_Y217Y_S1_G17,22,0.8254,0.8609,0.9909,1,2.73,1,3.98,1,3.38,1,5.06,7.5,4.08,4.73,4.83,4.95,42,13
d_F88K_M255I_Y217Y_S1_G17,23,0.8252,0.8552,0.9912,1,2.4,1,3.01,1,1.76,1,7.98,7.09,4.16,3.28,3.92,3.29,41,14
d_F88K_M255I_Y217Y_S1_G17,24,0.825,0.8643,0.9913,1,2.3,1,4.75,1,0.67,1,2.41,4.75,5.01,1.83,4.01,4.72,40,14
d_F88K_M255I_Y217Y_S1_G17,25,0.8247,0.8049,0.9864,1,2.67,1,2.88,1,3.37,1,3.34,6.33,3.98,2.99,5.14,4.19,44,14
d_F88K_M255I_Y217Y_S1_G17,26,0.8238,0.8727,0.9921,1,2.53,1,1.82,1,2.45,1,3.24,5.32,3.8,3.61,5.02,4.82,40,14
d_F88K_M255I_Y217Y_S1_G17,27,0.8233,0.7998,0.9885,1,3.62,0,14.62,0,17.61,0,7.62,14.88,5.32,3.08,6.26,3.32,35,12
d_F88K_M255I_Y217Y_S1_G17,28,0.8228,0.811,0.9885,1,2.47,1,4.02,1,2.5,1,4.51,4.6,3.87,2.22,3.09,3.12,43,15
d_F88K_M255I_Y217Y_S1_G17,29,0.8224,0.8496,0.9914,1,2.93,0,12.19,0,16.42,0,6.51,14.03,6.02,1.2,1.51,4.06,36,10
d_F88K_M255I_Y217Y_S1_G17,3,0.8472,0.8564,0.9914,1,1.7,0,20.36,0,33.19,0,23.51,32.48,5.87,2.12,11.76,2.05,41,13
d_F88K_M255I_Y217Y_S1_G17,30,0.8224,0.8136,0.9886,1,3.33,1,4.24,1,3.96,1,3.5,6.69,4.72,2.18,3.52,4.34,44,13
d_F88K_M255I_Y217Y_S1_G17,31,0.8221,0.7736,0.9859,1,4.99,0,12.72,0,18.44,0,7.5,15.38,4.94,3.28,5.04,5.38,36,11
d_F88K_M255I_Y217Y_S1_G17,32,0.8214,0.9003,0.99,1,4.71,0,14.76,0,18.99,0,8.85,16.53,3.19,2.83,3.69,5.61,41,15
d_F88K_M255I_Y217Y_S1_G17,33,0.8206,0.7862,0.9858,1,3.34,1,3.33,1,1.82,1,3.03,6.32,4.52,2.29,5.5,4.25,36,13
d_F88K_M255I_Y217Y_S1_G17,34,0.8204,0.8156,0.9891,1,2.95,1,4.34,1,2.42,1,4.28,6.82,4.85,1.55,3.76,5.0,35,13
d_F88K_M255I_Y217Y_S1_G17,35,0.8199,0.8405,0.9899,0,5.98,1,3.17,1,4.27,1,2.76,6.34,0.34,4.36,4.0,6.91,47,13
d_F88K_M255I_Y217Y_S1_G17,36,0.8198,0.8472,0.991,1,2.36,1,2.43,1,1.74,1,3.37,6.14,3.61,3.45,3.16,3.97,43,14
d_F88K_M255I_Y217Y_S1_G17,37,0.8195,0.8272,0.987,1,4.74,0,6.3,1,2.04,0,3.64,6.64,4.56,3.72,4.95,5.57,44,14
d_F88K_M255I_Y217Y_S1_G17,38,0.8195,0.8186,0.9851,0,5.66,0,10.18,1,3.01,0,2.91,6.87,4.87,3.43,4.61,5.81,39,13
d_F88K_M255I_Y217Y_S1_G17,39,0.8194,0.8509,0.9906,1,2.34,1,4.6,1,0.36,1,3.52,5.56,3.93,1.48,5.23,2.33,38,13
d_F88K_M255I_Y217Y_S1_G17,4,0.8459,0.9251,0.9911,1,1.11,0,16.94,0,33.7,0,24.15,31.9,5.19,4.41,7.66,2.37,48,17
d_F88K_M255I_Y217Y_S1_G17,40,0.8193,0.8546,0.9908,1,2.59,1,2.27,1,0.78,1,2.34,3.51,3.38,2.42,4.2,5.37,41,15
d_F88K_M255I_Y217Y_S1_G17,41,0.8171,0.7616,0.9843,1,1.96,0,20.72,0,26.3,0,16.99,24.71,4.76,7.87,13.43,2.11,38,11
d_F88K_M255I_Y217Y_S1_G17,42,0.8169,0.8387,0.9887,0,6.5,0,13.98,1,1.47,0,2.47,5.62,4.17,1.9,3.87,6.43,34,14
d_F88K_M255I_Y217Y_S1_G17,43,0.8169,0.8294,0.99,1,3.19,1,3.81,1,2.01,1,3.3,5.99,3.5,3.04,3.02,5.09,39,13
d_F88K_M255I_Y217Y_S1_G17,44,0.8152,0.8193,0.9878,1,3.44,1,3.55,1,2.85,1,3.33,3.82,3.86,2.98,4.23,6.48,43,13
d_F88K_M255I_Y217Y_S1_G17,45,0.815,0.8093,0.9885,1,3.53,1,2.23,1,1.87,1,3.91,5.7,3.03,4.07,4.36,4.89,44,13
d_F88K_M255I_Y217Y_S1_G17,46,0.8146,0.8958,0.9885,1,4.84,0,14.37,1,3.24,0,2.28,2.52,5.04,4.21,5.33,5.35,41,16
d_F88K_M255I_Y217Y_S1_G17,47,0.8135,0.8043,0.9887,1,3.74,1,2.12,1,3.53,1,4.57,5.85,2.88,1.36,3.08,5.05,39,13
d_F88K_M255I_Y217Y_S1_G17,48,0.8131,0.8255,0.9894,1,2.43,0,13.71,0,40.77,0,30.81,38.5,5.11,7.82,11.73,2.74,55,12
d_F88K_M255I_Y217Y_S1_G17,49,0.8108,0.7688,0.9881,1,3.05,0,20.7,0,33.83,0,23.8,31.62,4.73,6.97,11.34,2.57,38,11
d_F88K_M255I_Y217Y_S1_G17,5,0.8456,0.8465,0.9887,1,3.29,0,21.7,0,30.93,0,21.87,29.34,4.99,5.06,11.39,2.56,34,11
d_F88K_M255I_Y217Y_S1_G17,50,0.8105,0.7755,0.9869,0,6.95,1,3.7,1,4.0,1,3.5,4.55,4.05,7.66,1.88,7.2,32,12
d_F88K_M255I_Y217Y_S1_G17,51,0.8104,0.818,0.9894,1,2.68,1,3.48,1,2.39,1,3.18,6.14,4.55,3.72,3.28,4.09,42,13
d_F88K_M255I_Y217Y_S1_G17,52,0.8102,0.8928,0.9848,0,6.51,0,14.8,1,2.86,0,3.16,6.44,6.21,3.6,5.58,6.41,35,16
d_F88K_M255I_Y217Y_S1_G17,53,0.8101,0.8075,0.9885,1,2.22,1,2.34,1,2.85,1,3.86,5.32,3.06,1.59,3.73,5.0,40,13
d_F88K_M255I_Y217Y_S1_G17,54,0.8097,0.8474,0.9889,1,1.82,0,15.4,0,38.99,0,28.98,36.8,3.7,5.0,7.86,1.04,52,18
d_F88K_M255I_Y217Y_S1_G17,55,0.8092,0.8316,0.9869,1,3.35,0,17.89,1,1.64,0,1.96,4.26,3.53,2.65,6.81,4.52,36,15
d_F88K_M255I_Y217Y_S1_G17,56,0.8088,0.792,0.9871,1,3.49,1,3.98,1,2.83,1,3.92,5.63,4.33,3.15,2.58,6.17,40,13
d_F88K_M255I_Y217Y_S1_G17,57,0.8084,0.7897,0.9871,1,3.31,1,2.78,1,1.47,1,3.44,4.74,2.75,2.21,4.14,4.37,44,13
d_F88K_M255I_Y217Y_S1_G17,58,0.8077,0.7594,0.9848,1,3.29,1,3.89,1,3.01,1,3.37,6.67,3.37,4.34,3.93,5.93,44,15
d_F88K_M255I_Y217Y_S1_G17,59,0.807,0.7734,0.9865,1,2.81,1,3.33,1,1.57,1,3.9,4.47,3.32,3.69,4.98,6.16,38,12
d_F88K_M255I_Y217Y_S1_G17,6,0.8442,0.9208,0.9913,1,4.38,0,13.58,0,17.31,0,8.53,15.87,3.59,4.47,5.35,4.79,38,14
d_F88K_M255I_Y217Y_S1_G17,60,0.8062,0.7566,0.9859,1,4.51,1,2.51,1,2.67,1,4.25,5.99,3.04,3.24,3.94,4.61,41,15
d_F88K_M255I_Y217Y_S1_G17,61,0.8058,0.8001,0.9889,1,2.08,1,3.17,1,2.46,1,2.62,5.29,3.44,5.36,4.75,5.25,35,12
d_F88K_M255I_Y217Y_S1_G17,62,0.8057,0.8554,0.9824,0,6.37,0,20.36,1,1.57,0,3.38,3.06,7.93,4.73,11.4,6.45,31,9
d_F88K_M255I_Y217Y_S1_G17,63,0.8053,0.8072,0.9888,1,2.66,1,3.35,1,0.68,1,2.0,5.67,4.47,4.8,3.49,5.38,45,14
d_F88K_M255I_Y217Y_S1_G17,64,0.8051,0.7766,0.9867,1,2.07,1,4.12,1,0.76,1,3.12,4.62,3.72,2.17,3.95,4.92,39,11
d_F88K_M255I_Y217Y_S1_G17,65,0.8036,0.7723,0.9864,1,2.9,1,2.31,1,2.45,1,3.64,6.91,3.61,3.52,3.63,4.85,41,14
d_F88K_M255I_Y217Y_S1_G17,66,0.8033,0.7747,0.9855,1,1.99,1,3.21,1,3.32,1,3.06,5.78,3.99,2.1,4.39,4.55,45,13
d_F88K_M255I_Y217Y_S1_G17,67,0.8022,0.7405,0.9854,1,4.56,1,2.7,1,4.1,1,1.57,6.16,4.47,5.13,3.76,6.04,41,14
d_F88K_M255I_Y217Y_S1_G17,68,0.802,0.8665,0.9864,0,7.23,0,14.15,0,22.36,0,14.7,20.8,2.88,1.8,3.7,6.23,41,14
d_F88K_M255I_Y217Y_S1_G17,69,0.801,0.7544,0.9856,1,4.02,1,1.77,1,2.46,1,3.76,5.75,3.23,1.91,4.31,5.77,40,13
d_F88K_M255I_Y217Y_S1_G17,7,0.8438,0.9222,0.9907,1,1.69,0,14.68,0,38.63,0,30.38,38.09,3.62,4.3,6.92,1.96,59,17
d_F88K_M255I_Y217Y_S1_G17,70,0.8003,0.789,0.9871,0,9.41,0,9.78,1,4.14,0,3.29,3.08,6.06,5.41,8.2,12.18,35,16
d_F88K_M255I_Y217Y_S1_G17,71,0.7984,0.7853,0.9869,1,4.51,1,2.29,1,3.2,1,3.44,6.04,3.46,1.87,2.71,6.15,42,14
d_F88K_M255I_Y217Y_S1_G17,72,0.7978,0.9132,0.9884,1,4.06,0,11.38,1,2.9,0,3.24,4.88,7.76,1.81,3.1,1.97,43,20
d_F88K_M255I_Y217Y_S1_G17,73,0.7974,0.7399,0.9844,1,2.42,1,3.12,1,4.38,1,3.63,7.15,3.61,4.26,4.57,4.77,44,12
d_F88K_M255I_Y217Y_S1_G17,74,0.7942,0.754,0.9871,0,5.57,0,15.51,0,25.53,0,14.63,22.01,4.77,5.13,7.0,5.86,41,17
d_F88K_M255I_Y217Y_S1_G17,75,0.7941,0.8171,0.9836,1,1.84,0,15.05,0,38.29,0,28.75,36.57,5.26,5.03,7.45,0.91,51,15
d_F88K_M255I_Y217Y_S1_G17,76,0.794,0.7252,0.9842,1,4.23,1,3.2,1,2.08,1,2.23,2.94,4.49,1.74,3.85,4.63,33,15
d_F88K_M255I_Y217Y_S1_G17,77,0.7936,0.7668,0.9865,1,2.18,1,4.0,1,3.41,1,4.0,5.33,3.93,2.73,4.9,2.31,43,13
d_F88K_M255I_Y217Y_S1_G17,78,0.7927,0.763,0.9876,1,3.09,1,3.75,1,1.75,1,4.49,6.18,4.46,1.56,4.32,5.08,42,14
d_F88K_M255I_Y217Y_S1_G17,79,0.791,0.8045,0.9848,1,1.74,0,19.06,0,21.99,0,12.31,20.11,5.16,5.45,9.38,2.33,40,18
d_F88K_M255I_Y217Y_S1_G17,8,0.8399,0.8614,0.9897,1,2.92,0,19.2,0,33.3,0,23.87,31.56,5.38,5.28,9.91,2.53,35,11
d_F88K_M255I_Y217Y_S1_G17,80,0.7905,0.7105,0.9838,1,1.67,0,13.99,0,36.87,0,27.43,35.21,5.77,5.07,10.96,1.85,35,12
d_F88K_M255I_Y217Y_S1_G17,81,0.7902,0.754,0.985,1,2.83,1,4.72,1,3.94,1,2.65,6.28,3.7,2.56,3.92,6.42,43,13
d_F88K_M255I_Y217Y_S1_G17,82,0.7901,0.758,0.9891,1,2.93,1,2.64,1,2.92,1,6.24,7.15,5.09,2.92,4.76,4.48,36,12
d_F88K_M255I_Y217Y_S1_G17,83,0.7883,0.7226,0.9847,1,2.22,1,2.94,1,3.75,1,3.43,4.76,4.61,2.52,3.37,4.18,39,13
d_F88K_M255I_Y217Y_S1_G17,84,0.7878,0.7071,0.9849,0,8.26,1,4.37,0,21.45,0,11.38,18.91,5.74,3.22,4.48,6.22,24,11
d_F88K_M255I_Y217Y_S1_G17,85,0.7828,0.6949,0.984,1,4.38,1,3.5,1,2.82,1,2.91,4.51,3.92,3.67,3.65,6.54,39,14
d_F88K_M255I_Y217Y_S1_G17,86,0.7823,0.7237,0.9851,1,2.76,1,3.46,1,3.56,1,3.44,6.25,4.23,3.11,3.76,3.45,47,14
d_F88K_M255I_Y217Y_S1_G17,87,0.7822,0.7121,0.9859,1,3.36,1,2.14,1,2.86,1,2.24,4.69,3.91,1.8,2.7,5.14,43,14
d_F88K_M255I_Y217Y_S1_G17,88,0.7744,0.6701,0.9809,1,3.1,0,10.21,0,13.92,0,9.53,16.92,7.68,5.11,8.58,1.97,31,11
d_F88K_M255I_Y217Y_S1_G17,89,0.7719,0.705,0.9873,1,3.28,1,3.58,1,3.49,1,3.25,4.74,4.34,2.52,4.07,4.18,39,14
d_F88K_M255I_Y217Y_S1_G17,9,0.8394,0.9246,0.9913,1,1.14,0,16.99,0,40.19,0,29.95,37.83,5.21,3.86,8.5,2.83,44,12
d_F88K_M255I_Y217Y_S1_G17,90,0.7699,0.7437,0.9816,0,7.37,0,12.75,1,2.78,0,2.4,5.67,6.4,2.91,5.11,7.65,34,14
d_F88K_M255I_Y217Y_S1_G17,91,0.7675,0.7603,0.9822,1,4.53,0,14.66,1,2.62,0,2.23,5.26,7.14,2.1,2.47,3.45,36,17
d_F88K_M255I_Y217Y_S1_G17,92,0.7664,0.707,0.9871,1,1.17,0,15.14,0,39.58,0,30.49,38.64,5.67,5.69,7.7,2.41,58,17
d_F88K_M255I_Y217Y_S1_G17,93,0.7658,0.6778,0.9825,0,5.97,0,12.46,1,1.62,0,3.55,5.61,4.51,2.17,4.14,6.27,38,13
d_F88K_M255I_Y217Y_S1_G17,94,0.7657,0.7553,0.9785,0,5.32,0,11.16,1,1.04,0,3.44,5.33,2.63,1.64,4.87,5.42,42,15
d_F88K_M255I_Y217Y_S1_G17,95,0.7653,0.6174,0.9834,1,2.33,1,2.72,1,2.99,1,3.71,6.44,4.41,2.81,4.08,4.61,39,13
d_F88K_M255I_Y217Y_S1_G17,96,0.7613,0.6392,0.9877,1,2.83,1,3.49,0,18.42,0,8.53,16.12,4.23,2.49,4.09,4.82,36,12
d_F88K_M255I_Y217Y_S1_G17,97,0.7569,0.6186,0.985,1,2.48,1,3.49,1,1.42,1,2.79,5.61,3.66,2.6,4.1,3.68,42,13
d_F88K_M255I_Y217Y_S1_G17,98,0.7505,0.6411,0.9777,1,3.64,0,13.6,0,23.77,0,13.34,20.73,6.22,1.77,3.92,4.12,29,12
d_F88K_M255I_Y217Y_S1_G17,99,0.7204,0.4957,0.9821,0,6.55,0,8.94,1,3.3,0,1.88,4.07,5.57,3.19,2.22,6.13,32,14
d_F88K_M255M_Y217Y_S1_G17,0,0.8547,0.9137,0.9909,1,2.91,0,20.1,0,30.64,0,20.26,28.37,5.21,4.99,11.42,2.91,39,14
d_F88K_M255M_Y217Y_S1_G17,1,0.8539,0.9303,0.9925,1,3.21,0,20.0,0,32.01,0,22.1,30.96,6.67,6.2,12.52,2.16,35,11
d_F88K_M255M_Y217Y_S1_G17,10,0.8426,0.8543,0.9908,0,5.7,1,4.28,0,40.14,0,33.83,39.51,4.11,3.97,3.92,5.88,42,14
d_F88K_M255M_Y217Y_S1_G17,11,0.842,0.9178,0.9914,1,3.0,0,18.71,0,31.32,0,21.48,29.19,4.25,5.78,9.87,2.8,36,14
d_F88K_M255M_Y217Y_S1_G17,12,0.8392,0.8778,0.9872,1,3.02,0,16.3,0,28.98,0,19.79,28.53,5.22,3.95,12.25,2.73,46,14
d_F88K_M255M_Y217Y_S1_G17,13,0.8391,0.83,0.9889,1,2.31,0,17.41,0,38.35,0,27.82,34.74,5.41,7.32,11.19,3.06,51,12
d_F88K_M255M_Y217Y_S1_G17,14,0.8384,0.8541,0.9882,1,1.56,0,20.41,0,30.36,0,20.56,28.56,5.41,7.29,12.08,2.53,31,9
d_F88K_M255M_Y217Y_S1_G17,15,0.8384,0.8539,0.9858,1,1.4,0,19.15,0,34.67,0,26.6,32.45,4.35,7.1,10.06,2.3,39,10
d_F88K_M255M_Y217Y_S1_G17,16,0.8364,0.864,0.9907,1,2.15,1,4.22,1,3.12,1,3.61,6.44,3.71,1.91,4.71,4.7,41,14
d_F88K_M255M_Y217Y_S1_G17,17,0.835,0.9278,0.9912,1,3.79,0,10.9,0,18.3,0,8.22,14.41,3.93,3.27,3.89,3.68,43,15
d_F88K_M255M_Y217Y_S1_G17,18,0.831,0.8543,0.9916,1,3.15,1,3.56,1,2.57,1,3.09,7.95,3.89,2.22,5.45,4.31,41,12
d_F88K_M255M_Y217Y_S1_G17,19,0.8306,0.8713,0.9907,1,3.67,0,19.36,1,2.33,0,2.8,7.46,6.15,3.3,3.21,3.63,38,14
d_F88K_M255M_Y217Y_S1_G17,2,0.8538,0.8954,0.9896,1,2.83,0,17.15,0,30.72,0,20.9,29.23,5.54,5.22,11.23,2.47,37,11
d_F88K_M255M_Y217Y_S1_G17,20,0.8296,0.8363,0.9907,1,2.47,1,3.89,1,2.22,1,3.85,5.71,3.42,5.12,5.29,2.91,43,14
d_F88K_M255M_Y217Y_S1_G17,21,0.8278,0.8032,0.9869,1,2.13,0,13.42,0,36.9,0,27.48,36.6,6.7,4.43,13.42,2.56,41,12
d_F88K_M255M_Y217Y_S1_G17,22,0.8268,0.809,0.9886,0,6.02,1,1.77,1,2.29,1,2.88,6.23,6.21,3.25,5.17,5.23,42,14
d_F88K_M255M_Y217Y_S1_G17,23,0.8256,0.795,0.9864,1,2.6,1,3.24,1,1.76,1,0.37,6.64,4.04,3.07,4.67,3.99,40,13
d_F88K_M255M_Y217Y_S1_G17,24,0.8256,0.817,0.9894,1,2.66,1,3.13,1,2.81,1,2.07,7.95,3.96,1.57,3.27,4.22,39,14
d_F88K_M255M_Y217Y_S1_G17,25,0.8255,0.8524,0.9914,0,5.27,0,5.34,1,2.13,0,3.76,6.18,4.52,2.79,4.17,5.75,37,14
d_F88K_M255M_Y217Y_S1_G17,26,0.824,0.8074,0.9884,1,3.0,1,3.17,1,1.36,1,3.29,6.72,3.66,2.26,4.96,2.49,40,13
d_F88K_M255M_Y217Y_S1_G17,27,0.8239,0.8068,0.9891,1,2.57,1,4.37,1,4.42,1,3.84,8.13,4.08,3.87,4.2,5.3,40,14
d_F88K_M255M_Y217Y_S1_G17,28,0.8236,0.8456,0.9909,1,4.15,0,7.72,1,4.59,0,3.97,8.07,4.25,2.61,4.26,5.42,38,11
d_F88K_M255M_Y217Y_S1_G17,29,0.8234,0.8337,0.9894,1,3.42,1,3.88,1,3.48,1,4.47,7.64,3.82,4.08,3.33,2.63,43,12
d_F88K_M255M_Y217Y_S1_G17,3,0.8536,0.9125,0.9894,1,3.55,0,18.21,0,31.66,0,22.06,29.82,5.73,5.8,11.67,2.32,36,12
d_F88K_M255M_Y217Y_S1_G17,30,0.8231,0.8979,0.9838,0,6.56,0,21.17,1,1.28,0,2.05,4.5,6.52,3.53,10.55,6.31,31,13
d_F88K_M255M_Y217Y_S1_G17,31,0.8229,0.8375,0.9893,1,3.79,0,19.14,1,2.56,0,4.51,7.05,3.95,4.15,6.02,5.59,43,14
d_F88K_M255M_Y217Y_S1_G17,32,0.8229,0.8517,0.9899,0,5.23,0,9.27,1,0.88,0,1.28,6.14,2.25,3.49,2.92,4.91,39,13
d_F88K_M255M_Y217Y_S1_G17,33,0.8224,0.8324,0.9896,1,2.58,1,4.57,1,3.01,1,4.05,7.29,3.64,3.81,3.78,2.55,42,16
d_F88K_M255M_Y217Y_S1_G17,34,0.8204,0.8078,0.9891,1,2.63,1,4.16,1,3.66,1,3.94,8.51,3.47,3.47,3.42,1.37,43,13
d_F88K_M255M_Y217Y_S1_G17,35,0.8181,0.8025,0.9885,1,2.34,1,2.62,1,1.88,1,2.78,6.83,3.81,3.57,3.09,3.3,48,14
d_F88K_M255M_Y217Y_S1_G17,36,0.8175,0.798,0.9884,1,3.22,0,19.75,0,29.17,0,20.14,29.06,5.05,6.44,12.65,2.74,30,9
d_F88K_M255M_Y217Y_S1_G17,37,0.8171,0.8525,0.9885,1,4.0,0,17.44,1,2.51,0,5.66,7.58,3.12,1.62,3.61,5.67,35,15
d_F88K_M255M_Y217Y_S1_G17,38,0.8149,0.818,0.9847,1,3.9,0,14.45,0,17.6,0,8.33,15.45,4.18,3.6,6.8,4.26,43,17
d_F88K_M255M_Y217Y_S1_G17,39,0.814,0.8302,0.9898,0,5.1,0,10.59,1,4.35,0,3.72,7.58,5.81,4.0,4.93,5.83,37,15
d_F88K_M255M_Y217Y_S1_G17,4,0.8509,0.825,0.9882,1,3.37,0,20.89,0,29.01,0,20.98,28.16,6.37,4.97,9.49,2.43,36,11
d_F88K_M255M_Y217Y_S1_G17,40,0.8135,0.8879,0.9845,1,4.42,0,19.24,1,2.09,0,3.54,8.23,5.88,5.35,11.8,4.44,32,13
d_F88K_M255M_Y217Y_S1_G17,41,0.813,0.8912,0.986,1,2.25,0,18.35,0,29.82,0,20.83,28.39,4.79,3.88,5.41,1.84,42,14
d_F88K_M255M_Y217Y_S1_G17,42,0.8124,0.7558,0.9857,1,3.12,1,4.88,1,1.38,1,3.14,6.09,4.86,3.89,7.28,1.67,40,14
d_F88K_M255M_Y217Y_S1_G17,43,0.811,0.7797,0.9871,1,3.2,1,3.63,1,2.47,1,4.51,7.8,4.98,6.46,4.41,5.76,36,12
d_F88K_M255M_Y217Y_S1_G17,44,0.8109,0.8185,0.9863,0,5.63,0,10.76,1,1.44,0,2.42,5.19,4.19,3.47,2.42,5.14,39,14
d_F88K_M255M_Y217Y_S1_G17,45,0.8106,0.9155,0.9883,0,5.79,0,13.36,1,2.52,0,3.23,7.68,5.99,3.87,7.48,6.24,34,14
d_F88K_M255M_Y217Y_S1_G17,46,0.8105,0.8803,0.9885,1,2.48,0,16.34,0,23.27,0,11.95,19.41,3.64,3.7,8.96,1.89,39,15
d_F88K_M255M_Y217Y_S1_G17,47,0.81,0.8015,0.9909,0,5.7,1,2.95,0,42.19,0,34.79,40.9,4.88,3.2,3.9,6.65,37,11
d_F88K_M255M_Y217Y_S1_G17,48,0.8099,0.7674,0.988,1,2.41,1,2.74,1,3.02,1,3.76,7.14,4.69,2.37,4.11,4.17,41,12
d_F88K_M255M_Y217Y_S1_G17,49,0.8096,0.7529,0.9842,1,2.39,1,3.57,1,4.38,1,6.56,9.75,3.78,3.79,4.72,3.74,40,12
d_F88K_M255M_Y217Y_S1_G17,5,0.8501,0.8534,0.9871,1,3.05,0,20.3,0,29.43,0,20.06,28.3,5.44,6.3,11.85,2.56,33,11
d_F88K_M255M_Y217Y_S1_G17,50,0.8093,0.7987,0.9857,0,6.38,0,7.65,1,3.25,0,3.82,6.98,3.73,2.76,5.97,6.67,37,14
d_F88K_M255M_Y217Y_S1_G17,51,0.8093,0.8136,0.9887,0,5.8,0,6.41,1,1.57,0,2.36,6.06,4.54,3.23,5.7,5.79,38,11
d_F88K_M255M_Y217Y_S1_G17,52,0.8086,0.8055,0.9871,0,6.42,0,10.55,1,1.69,0,1.73,6.83,4.18,4.25,4.32,6.8,38,11
d_F88K_M255M_Y217Y_S1_G17,53,0.8084,0.7695,0.9867,1,2.61,1,3.19,1,1.53,1,2.53,4.92,3.98,2.04,4.1,1.06,45,14
d_F88K_M255M_Y217Y_S1_G17,54,0.8081,0.7917,0.9858,0,5.23,0,9.26,1,1.14,0,5.45,7.0,4.24,2.97,4.44,6.25,40,15
d_F88K_M255M_Y217Y_S1_G17,55,0.8081,0.7711,0.9879,1,2.57,1,3.14,1,3.5,1,2.79,6.74,4.74,2.36,4.37,4.49,41,14
d_F88K_M255M_Y217Y_S1_G17,56,0.8075,0.7924,0.99,1,2.38,0,19.54,0,32.56,0,24.93,30.81,3.41,3.6,9.38,2.28,51,15
d_F88K_M255M_Y217Y_S1_G17,57,0.8074,0.793,0.9866,0,6.06,0,10.21,1,2.45,0,1.11,6.8,2.95,3.64,4.87,4.95,40,14
d_F88K_M255M_Y217Y_S1_G17,58,0.8071,0.8755,0.987,1,3.52,0,15.48,0,32.66,0,24.71,30.23,4.11,5.76,5.66,1.99,31,16
d_F88K_M255M_Y217Y_S1_G17,59,0.8062,0.7856,0.9865,1,2.69,1,3.21,1,3.82,1,3.28,7.04,4.05,2.87,4.28,4.51,38,12
d_F88K_M255M_Y217Y_S1_G17,6,0.8455,0.957,0.9922,1,4.11,0,9.85,0,30.0,0,21.81,26.65,2.84,2.67,2.73,3.5,34,16
d_F88K_M255M_Y217Y_S1_G17,60,0.8062,0.7992,0.9868,0,6.06,0,10.42,1,2.41,0,3.58,6.02,3.92,2.84,6.25,6.08,35,12
d_F88K_M255M_Y217Y_S1_G17,61,0.8061,0.8009,0.9904,1,2.32,1,3.92,1,2.36,1,3.68,6.8,4.48,4.15,3.7,4.51,39,13
d_F88K_M255M_Y217Y_S1_G17,62,0.8056,0.8518,0.9854,0,5.37,0,10.77,1,4.07,0,1.03,6.9,5.62,3.47,3.03,4.81,44,18
d_F88K_M255M_Y217Y_S1_G17,63,0.8036,0.7539,0.9864,1,2.17,1,3.2,1,3.62,1,4.6,6.81,4.15,2.95,3.43,2.91,41,14
d_F88K_M255M_Y217Y_S1_G17,64,0.8031,0.8255,0.9852,0,6.35,0,17.06,1,2.35,0,3.21,6.27,7.26,3.72,7.63,7.32,38,15
d_F88K_M255M_Y217Y_S1_G17,65,0.8028,0.7509,0.9848,1,2.36,1,3.9,1,1.8,1,5.72,5.0,3.61,3.58,3.57,4.17,46,13
d_F88K_M255M_Y217Y_S1_G17,66,0.8025,0.7224,0.9875,1,2.75,0,17.0,0,29.3,0,19.19,27.28,4.92,4.51,12.39,2.34,34,11
d_F88K_M255M_Y217Y_S1_G17,67,0.8018,0.8805,0.9847,1,4.51,0,13.47,1,2.17,0,3.31,6.48,5.86,2.63,2.93,3.28,45,15
d_F88K_M255M_Y217Y_S1_G17,68,0.8013,0.7462,0.9827,1,2.55,0,19.92,0,30.06,0,20.51,27.63,4.93,5.99,11.59,2.46,42,12
d_F88K_M255M_Y217Y_S1_G17,69,0.8008,0.9147,0.9918,1,2.66,0,9.38,1,3.08,0,4.81,6.72,5.16,4.11,4.21,2.33,44,15
d_F88K_M255M_Y217Y_S1_G17,7,0.8454,0.9513,0.9917,1,3.26,0,10.12,1,3.15,0,4.0,6.64,3.76,3.83,3.72,3.59,45,20
d_F88K_M255M_Y217Y_S1_G17,70,0.8007,0.7666,0.9887,1,2.47,1,2.27,1,1.59,1,4.27,3.76,4.57,2.65,4.36,3.77,42,12
d_F88K_M255M_Y217Y_S1_G17,71,0.8006,0.8839,0.9855,0,5.6,0,11.45,0,24.05,0,15.52,24.39,7.47,3.61,4.27,6.64,28,16
d_F88K_M255M_Y217Y_S1_G17,72,0.8004,0.9041,0.9887,0,7.59,1,4.02,0,29.15,0,31.67,31.37,3.52,6.13,4.23,5.92,30,13
d_F88K_M255M_Y217Y_S1_G17,73,0.7999,0.8328,0.9919,1,2.6,1,2.62,1,2.33,1,3.32,6.32,4.43,3.26,3.05,3.15,43,12
d_F88K_M255M_Y217Y_S1_G17,74,0.7981,0.7883,0.9878,0,5.41,0,9.35,1,2.83,0,2.65,7.78,3.27,3.47,2.58,5.63,34,12
d_F88K_M255M_Y217Y_S1_G17,75,0.7979,0.7177,0.989,1,1.9,0,20.59,0,32.71,0,23.89,31.67,6.63,5.46,12.78,2.57,37,13
d_F88K_M255M_Y217Y_S1_G17,76,0.797,0.8294,0.9871,0,6.4,0,13.74,1,0.87,0,2.59,5.14,4.21,3.15,7.73,5.71,35,13
d_F88K_M255M_Y217Y_S1_G17,77,0.7954,0.7375,0.9857,1,3.28,1,3.82,1,3.11,1,3.07,7.81,3.65,2.29,4.7,4.24,41,14
d_F88K_M255M_Y217Y_S1_G17,78,0.7954,0.7723,0.9832,1,1.79,0,23.61,0,26.39,0,19.41,27.55,5.0,2.73,6.32,2.58,37,17
d_F88K_M255M_Y217Y_S1_G17,79,0.7954,0.7608,0.9869,1,2.47,1,3.6,1,2.25,1,3.25,5.71,4.41,2.65,4.29,4.67,41,12
d_F88K_M255M_Y217Y_S1_G17,8,0.844,0.85,0.9917,1,3.29,0,21.41,0,32.51,0,24.17,29.46,5.25,5.02,11.19,2.19,36,12
d_F88K_M255M_Y217Y_S1_G17,80,0.7946,0.7686,0.984,1,2.9,0,18.23,1,2.24,0,1.68,6.57,3.73,4.14,5.68,3.44,41,13
d_F88K_M255M_Y217Y_S1_G17,81,0.7933,0.7083,0.9856,1,2.22,1,4.36,1,1.48,1,6.07,8.79,4.72,2.99,5.01,4.15,37,13
d_F88K_M255M_Y217Y_S1_G17,82,0.793,0.7251,0.9859,1,3.81,1,2.95,1,0.97,1,3.63,7.66,3.76,2.45,3.85,3.25,43,14
d_F88K_M255M_Y217Y_S1_G17,83,0.7926,0.7783,0.9854,1,4.71,0,20.92,1,1.72,0,2.02,7.07,3.43,3.35,7.04,5.64,44,13
d_F88K_M255M_Y217Y_S1_G17,84,0.79,0.7107,0.9855,1,2.26,1,4.06,1,1.3,1,3.1,7.25,4.15,2.63,2.88,4.68,40,14
d_F88K_M255M_Y217Y_S1_G17,85,0.7891,0.7397,0.9835,0,5.54,0,16.2,0,16.03,0,6.96,15.05,3.61,4.33,4.44,5.95,33,10
d_F88K_M255M_Y217Y_S1_G17,86,0.7822,0.7336,0.9858,0,6.29,0,12.28,1,2.28,0,3.54,5.83,3.94,1.8,2.44,6.4,42,14
d_F88K_M255M_Y217Y_S1_G17,87,0.7816,0.7961,0.9858,1,3.05,0,13.41,0,29.25,0,20.88,28.94,4.91,2.8,4.4,2.72,41,16
d_F88K_M255M_Y217Y_S1_G17,88,0.7783,0.7857,0.9851,1,3.12,0,13.4,1,2.09,0,3.61,6.83,5.57,4.03,3.52,2.97,36,16
d_F88K_M255M_Y217Y_S1_G17,89,0.7763,0.6231,0.9861,1,3.01,0,19.51,0,31.97,0,22.91,31.52,4.65,5.88,10.03,2.38,34,11
d_F88K_M255M_Y217Y_S1_G17,9,0.8428,0.8524,0.9912,1,3.53,0,21.83,0,33.18,0,22.83,29.91,5.2,7.21,12.69,2.21,37,13
d_F88K_M255M_Y217Y_S1_G17,90,0.7752,0.6922,0.9826,0,7.01,0,9.78,1,4.03,0,2.4,6.97,4.1,4.78,3.66,6.94,37,13
d_F88K_M255M_Y217Y_S1_G17,91,0.7713,0.7189,0.9866,1,2.24,0,15.93,0,38.22,0,27.4,35.38,4.71,4.74,9.44,2.08,54,18
d_F88K_M255M_Y217Y_S1_G17,92,0.7713,0.7185,0.9848,1,2.42,0,18.44,0,34.9,0,24.43,31.77,4.4,4.19,4.19,2.3,44,15
d_F88K_M255M_Y217Y_S1_G17,93,0.7712,0.711,0.9858,1,3.27,0,18.25,0,29.55,0,22.88,30.84,5.25,3.31,5.64,2.71,47,18
d_F88K_M255M_Y217Y_S1_G17,94,0.7619,0.6169,0.9826,1,1.66,0,18.28,0,27.66,0,18.72,24.8,2.46,3.5,8.6,2.89,39,12
d_F88K_M255M_Y217Y_S1_G17,95,0.7375,0.6309,0.9794,0,5.1,0,10.42,1,1.29,0,1.58,6.1,3.95,3.48,1.52,4.88,51,18
d_F88K_M255M_Y217Y_S1_G17,96,0.7256,0.4622,0.9806,1,1.78,0,19.39,0,22.11,0,11.76,20.27,5.28,7.89,13.06,2.15,35,10
d_F88K_M255M_Y217Y_S1_G17,97,0.7239,0.5642,0.9828,1,4.68,0,12.17,0,20.12,0,10.1,17.78,5.54,3.83,4.34,6.77,35,12
d_F88K_M255M_Y217Y_S1_G17,98,0.7069,0.4398,0.9839,1,3.05,0,17.74,0,27.67,0,17.38,23.85,2.52,4.73,9.91,1.97,49,18
d_F88K_M255M_Y217Y_S1_G17,99,0.7069,0.4759,0.982,0,6.35,0,9.86,1,3.01,0,1.18,6.3,3.73,1.67,3.23,6.34,44,19
d_F88R_M255M_Y217Y_S1_G17,0,0.8579,0.9027,0.993,1,2.74,0,20.87,0,28.21,0,17.48,24.1,4.89,5.45,11.84,2.73,28,7
d_F88R_M255M_Y217Y_S1_G17,1,0.854,0.9151,0.9927,1,2.64,0,18.94,0,30.47,0,20.34,29.59,5.37,6.15,10.27,2.66,40,12
d_F88R_M255M_Y217Y_S1_G17,10,0.8395,0.8673,0.9905,1,2.2,0,17.7,0,34.41,0,25.64,33.57,6.04,3.81,9.79,2.66,45,13
d_F88R_M255M_Y217Y_S1_G17,11,0.8389,0.8262,0.9878,1,1.99,0,24.61,0,33.74,0,23.63,31.76,6.14,7.65,13.47,2.32,35,10
d_F88R_M255M_Y217Y_S1_G17,12,0.8378,0.8666,0.993,1,2.44,1,2.9,1,4.1,1,3.84,6.95,3.98,2.57,6.01,2.92,36,13
d_F88R_M255M_Y217Y_S1_G17,13,0.8376,0.8273,0.991,1,3.07,0,20.07,0,31.45,0,22.83,28.25,6.11,5.81,12.74,2.55,33,10
d_F88R_M255M_Y217Y_S1_G17,14,0.8362,0.8553,0.9913,1,1.84,1,1.67,1,3.44,1,3.28,7.67,2.44,4.12,3.22,1.95,48,15
d_F88R_M255M_Y217Y_S1_G17,15,0.8359,0.8447,0.9917,1,3.17,1,3.8,1,3.12,1,3.27,7.11,3.39,3.7,5.94,3.75,42,13
d_F88R_M255M_Y217Y_S1_G17,16,0.8359,0.9058,0.9882,1,2.8,0,19.81,0,34.33,0,25.73,33.37,6.56,3.02,8.95,1.96,40,12
d_F88R_M255M_Y217Y_S1_G17,17,0.8356,0.7931,0.9899,1,3.12,0,17.14,0,31.28,0,21.9,27.68,5.12,3.32,11.03,2.09,27,9
d_F88R_M255M_Y217Y_S1_G17,18,0.8348,0.8499,0.9909,1,3.24,1,4.34,1,2.56,1,3.02,7.34,3.84,4.39,4.24,3.45,42,15
d_F88R_M255M_Y217Y_S1_G17,19,0.8348,0.8278,0.9901,1,2.2,0,21.8,0,29.57,0,20.84,28.05,5.71,6.93,11.99,2.8,31,11
d_F88R_M255M_Y217Y_S1_G17,2,0.8506,0.8754,0.9892,1,2.43,0,19.42,0,31.2,0,21.04,29.0,4.62,3.46,12.26,2.64,37,12
d_F88R_M255M_Y217Y_S1_G17,20,0.8347,0.881,0.9929,1,3.45,1,2.51,1,4.08,1,2.69,6.77,3.89,5.29,4.97,4.73,32,13
d_F88R_M255M_Y217Y_S1_G17,21,0.8344,0.8957,0.9884,1,2.33,0,22.92,0,30.37,0,22.89,30.05,2.92,4.25,8.57,1.88,43,13
d_F88R_M255M_Y217Y_S1_G17,22,0.8336,0.8447,0.9904,0,6.93,1,2.62,0,36.51,0,30.3,35.81,4.07,3.15,2.17,7.0,49,11
d_F88R_M255M_Y217Y_S1_G17,23,0.8331,0.8438,0.9904,0,6.63,1,2.24,0,40.26,0,35.09,38.32,4.38,4.07,1.51,6.25,42,13
d_F88R_M255M_Y217Y_S1_G17,24,0.8326,0.8344,0.9917,1,2.29,1,4.94,1,3.51,1,2.65,7.31,4.81,3.04,3.41,2.38,40,15
d_F88R_M255M_Y217Y_S1_G17,25,0.8325,0.8013,0.9901,1,1.92,0,12.68,0,38.58,0,29.91,35.58,6.18,6.4,10.46,0.7,42,12
d_F88R_M255M_Y217Y_S1_G17,26,0.8323,0.9177,0.9897,1,2.39,0,18.87,0,33.7,0,24.94,33.23,3.62,4.57,8.12,2.73,46,16
d_F88R_M255M_Y217Y_S1_G17,27,0.8307,0.8745,0.9908,1,3.94,0,18.54,1,1.55,0,2.74,5.84,5.35,3.05,7.28,4.94,42,13
d_F88R_M255M_Y217Y_S1_G17,28,0.8304,0.9348,0.991,0,5.53,0,14.74,0,17.16,0,9.19,13.79,2.3,2.5,5.4,6.38,39,20
d_F88R_M255M_Y217Y_S1_G17,29,0.8287,0.7969,0.9886,0,5.7,1,3.05,0,43.02,0,36.17,40.51,3.93,3.6,3.13,6.17,42,14
d_F88R_M255M_Y217Y_S1_G17,3,0.8474,0.8682,0.992,0,5.54,1,3.34,0,42.71,0,35.23,41.18,4.85,3.79,3.17,5.55,42,14
d_F88R_M255M_Y217Y_S1_G17,30,0.8273,0.8859,0.9925,0,7.59,0,16.24,1,3.64,0,3.59,8.28,2.59,2.59,3.91,6.45,39,14
d_F88R_M255M_Y217Y_S1_G17,31,0.8272,0.8811,0.9905,1,4.97,0,11.38,1,1.17,0,1.05,5.42,3.54,4.09,2.95,4.59,44,16
d_F88R_M255M_Y217Y_S1_G17,32,0.8267,0.8483,0.9897,0,5.3,0,13.6,0,18.95,0,9.05,14.55,4.64,3.87,4.09,6.49,30,9
d_F88R_M255M_Y217Y_S1_G17,33,0.8257,0.8594,0.9915,1,2.2,1,2.83,1,3.5,1,4.12,6.7,4.25,2.28,4.51,3.28,43,14
d_F88R_M255M_Y217Y_S1_G17,34,0.8243,0.8458,0.9897,1,1.84,0,19.21,0,33.02,0,24.02,32.2,5.31,6.83,11.38,2.29,40,14
d_F88R_M255M_Y217Y_S1_G17,35,0.824,0.8184,0.9911,1,3.27,1,3.0,1,3.46,1,3.52,6.3,3.35,3.06,3.51,2.88,41,12
d_F88R_M255M_Y217Y_S1_G17,36,0.8233,0.8242,0.9898,1,2.58,0,5.95,1,1.8,0,2.67,5.95,3.87,2.67,2.41,2.38,42,14
d_F88R_M255M_Y217Y_S1_G17,37,0.8232,0.7904,0.9879,1,2.14,1,2.97,1,3.21,1,4.7,8.44,3.76,3.3,4.37,1.96,41,13
d_F88R_M255M_Y217Y_S1_G17,38,0.8229,0.9462,0.9884,0,5.67,0,21.23,1,1.74,0,2.91,5.04,5.18,5.96,12.92,6.38,32,13
d_F88R_M255M_Y217Y_S1_G17,39,0.8228,0.8104,0.9882,0,5.46,0,8.12,1,2.0,0,4.57,7.39,4.87,4.06,4.72,6.43,42,14
d_F88R_M255M_Y217Y_S1_G17,4,0.8455,0.8846,0.9929,1,2.98,0,21.66,0,31.36,0,22.6,28.15,5.99,5.31,12.67,2.42,33,10
d_F88R_M255M_Y217Y_S1_G17,40,0.8228,0.8178,0.9888,1,3.3,0,5.38,1,2.39,0,4.61,7.41,3.63,3.06,4.98,3.26,43,16
d_F88R_M255M_Y217Y_S1_G17,41,0.8221,0.7868,0.9895,1,2.34,0,5.51,1,1.53,0,3.78,6.75,4.1,3.96,4.8,2.5,41,13
d_F88R_M255M_Y217Y_S1_G17,42,0.8195,0.8613,0.99,0,7.4,1,4.76,0,42.31,0,35.91,40.38,3.21,4.39,4.56,6.79,36,14
d_F88R_M255M_Y217Y_S1_G17,43,0.8185,0.7851,0.9886,1,1.67,0,12.5,0,37.18,0,27.8,33.69,3.99,6.53,10.66,0.82,45,10
d_F88R_M255M_Y217Y_S1_G17,44,0.8174,0.787,0.9897,1,2.5,1,4.09,1,1.35,1,4.47,7.21,3.89,4.11,3.27,3.65,38,14
d_F88R_M255M_Y217Y_S1_G17,45,0.8166,0.8554,0.9898,0,6.97,0,16.89,1,1.56,0,2.11,7.14,4.29,2.75,7.16,6.9,37,14
d_F88R_M255M_Y217Y_S1_G17,46,0.8165,0.8733,0.9906,0,6.28,0,22.38,1,0.77,0,0.65,6.19,6.52,3.3,5.02,6.54,38,14
d_F88R_M255M_Y217Y_S1_G17,47,0.8165,0.8487,0.99,1,1.37,0,19.07,0,22.12,0,12.67,21.19,5.33,7.63,13.17,2.38,34,12
d_F88R_M255M_Y217Y_S1_G17,48,0.8162,0.8101,0.9882,0,6.78,0,8.77,1,3.56,0,2.08,7.65,4.29,4.43,3.72,6.84,36,11
d_F88R_M255M_Y217Y_S1_G17,49,0.8161,0.9165,0.9919,1,3.13,0,14.23,0,37.58,0,27.69,36.82,6.37,4.5,5.36,2.45,53,18
d_F88R_M255M_Y217Y_S1_G17,5,0.8453,0.855,0.9919,1,1.92,0,14.13,0,39.63,0,29.19,37.34,7.04,8.2,10.85,2.1,43,12
d_F88R_M255M_Y217Y_S1_G17,50,0.8145,0.7807,0.9883,1,3.16,1,2.94,1,4.39,1,3.04,8.27,4.02,2.59,4.52,3.86,45,15
d_F88R_M255M_Y217Y_S1_G17,51,0.8144,0.8439,0.9909,0,6.17,0,16.08,1,1.87,0,2.47,6.61,4.26,4.74,5.82,6.32,31,12
d_F88R_M255M_Y217Y_S1_G17,52,0.8143,0.818,0.9902,1,2.96,1,3.1,1,1.58,1,4.52,5.22,3.56,2.05,3.99,4.27,42,13
d_F88R_M255M_Y217Y_S1_G17,53,0.8142,0.8471,0.9872,0,6.46,0,16.19,1,1.42,0,3.74,7.03,3.47,2.82,2.94,5.55,34,15
d_F88R_M255M_Y217Y_S1_G17,54,0.8135,0.7625,0.9879,0,6.25,0,6.59,1,2.6,0,4.08,7.4,4.67,2.34,4.17,5.38,36,14
d_F88R_M255M_Y217Y_S1_G17,55,0.8134,0.7592,0.9876,1,3.66,0,6.78,1,3.01,0,2.5,7.52,3.58,1.78,4.97,3.6,42,14
d_F88R_M255M_Y217Y_S1_G17,56,0.8131,0.7338,0.9872,1,3.26,0,19.11,0,30.6,0,21.19,29.38,5.05,5.64,12.28,2.52,37,10
d_F88R_M255M_Y217Y_S1_G17,57,0.8129,0.7427,0.985,1,2.67,1,2.96,1,2.51,1,2.8,6.98,3.22,3.37,5.27,3.23,42,12
d_F88R_M255M_Y217Y_S1_G17,58,0.8123,0.7906,0.99,1,3.34,0,5.45,1,2.07,0,3.48,7.75,4.19,2.04,3.68,4.68,39,12
d_F88R_M255M_Y217Y_S1_G17,59,0.8121,0.903,0.9907,1,3.93,0,15.25,0,38.14,0,28.86,34.4,4.72,6.4,10.95,2.75,52,15
d_F88R_M255M_Y217Y_S1_G17,6,0.8446,0.8689,0.9927,0,5.56,1,2.91,0,42.88,0,35.75,41.69,3.82,3.63,3.15,6.12,43,12
d_F88R_M255M_Y217Y_S1_G17,60,0.8116,0.8001,0.9902,1,3.41,0,6.0,1,1.83,0,3.65,7.46,3.88,3.61,3.12,4.56,42,14
d_F88R_M255M_Y217Y_S1_G17,61,0.8115,0.7859,0.9906,1,2.45,0,11.59,0,39.35,0,31.24,35.96,5.37,3.87,11.21,2.05,44,13
d_F88R_M255M_Y217Y_S1_G17,62,0.8102,0.7529,0.9864,0,5.71,1,4.02,0,41.46,0,35.05,39.54,3.37,3.64,2.39,5.37,47,13
d_F88R_M255M_Y217Y_S1_G17,63,0.8092,0.7389,0.9841,1,2.51,0,17.26,0,35.47,0,26.19,33.19,5.92,3.57,9.97,2.05,45,12
d_F88R_M255M_Y217Y_S1_G17,64,0.8088,0.8371,0.9877,1,3.48,0,12.95,0,31.02,0,23.77,28.96,3.9,3.33,6.6,2.6,43,14
d_F88R_M255M_Y217Y_S1_G17,65,0.8085,0.9104,0.9904,0,6.79,1,2.24,0,43.59,0,36.7,40.02,5.52,4.63,4.86,4.88,38,17
d_F88R_M255M_Y217Y_S1_G17,66,0.8083,0.7544,0.9876,0,5.99,1,4.55,1,3.49,1,3.98,7.99,4.37,2.29,6.61,5.53,37,14
d_F88R_M255M_Y217Y_S1_G17,67,0.8078,0.762,0.9865,1,2.87,1,3.48,1,0.77,1,1.9,6.03,3.69,3.98,3.46,4.36,42,12
d_F88R_M255M_Y217Y_S1_G17,68,0.8073,0.8057,0.9899,1,1.96,0,11.39,0,35.51,0,27.17,34.22,5.09,6.96,9.06,1.18,42,12
d_F88R_M255M_Y217Y_S1_G17,69,0.8068,0.8016,0.9865,0,6.4,0,15.56,1,1.81,0,1.87,6.94,3.2,4.74,6.92,5.45,45,15
d_F88R_M255M_Y217Y_S1_G17,7,0.8412,0.8164,0.9899,0,6.18,1,2.96,0,37.66,0,30.15,34.71,4.17,5.36,3.38,6.24,44,13
d_F88R_M255M_Y217Y_S1_G17,70,0.8059,0.7561,0.9885,1,2.97,0,15.21,0,28.43,0,20.65,25.74,5.33,3.65,3.72,2.2,22,8
d_F88R_M255M_Y217Y_S1_G17,71,0.8059,0.7048,0.9842,1,0.91,0,10.4,0,39.31,0,29.55,35.28,2.62,8.2,10.99,1.4,39,12
d_F88R_M255M_Y217Y_S1_G17,72,0.8054,0.8186,0.9864,1,4.83,0,17.14,1,2.28,0,3.03,7.26,4.97,1.98,4.41,4.98,40,14
d_F88R_M255M_Y217Y_S1_G17,73,0.805,0.8135,0.9852,0,6.53,0,15.05,1,1.75,0,2.39,7.58,5.62,2.51,4.74,6.1,38,14
d_F88R_M255M_Y217Y_S1_G17,74,0.8046,0.749,0.9881,1,3.11,0,20.64,0,31.28,0,21.85,30.75,5.81,4.01,11.06,2.93,35,10
d_F88R_M255M_Y217Y_S1_G17,75,0.8037,0.8359,0.9856,0,5.51,0,14.13,1,1.92,0,1.12,6.47,5.03,2.63,5.39,6.68,32,15
d_F88R_M255M_Y217Y_S1_G17,76,0.8028,0.7622,0.9888,1,1.78,0,12.39,0,37.77,0,28.22,34.26,5.76,6.3,12.69,1.43,44,12
d_F88R_M255M_Y217Y_S1_G17,77,0.8009,0.8301,0.9879,0,5.29,0,17.33,1,1.24,0,2.54,6.61,4.78,2.37,2.68,5.4,39,13
d_F88R_M255M_Y217Y_S1_G17,78,0.8008,0.7125,0.9871,1,2.71,0,17.55,0,32.89,0,24.75,29.92,6.03,0.88,9.05,2.13,35,10
d_F88R_M255M_Y217Y_S1_G17,79,0.799,0.7925,0.9875,0,5.55,0,5.8,1,1.62,0,4.52,7.75,3.37,3.25,3.72,4.59,36,14
d_F88R_M255M_Y217Y_S1_G17,8,0.8405,0.8266,0.9915,1,2.46,0,23.47,0,29.39,0,19.99,27.9,5.45,9.13,13.45,2.67,30,9
d_F88R_M255M_Y217Y_S1_G17,80,0.7989,0.8209,0.99,0,7.7,0,16.87,1,0.85,0,2.17,6.04,5.27,3.29,5.89,6.99,32,12
d_F88R_M255M_Y217Y_S1_G17,81,0.7987,0.7975,0.9868,0,6.79,0,15.53,1,1.07,0,1.02,6.71,4.73,1.76,6.08,6.56,32,14
d_F88R_M255M_Y217Y_S1_G17,82,0.7983,0.7716,0.9846,1,3.02,0,18.2,0,19.29,0,11.15,18.64,5.59,5.35,10.35,3.14,32,11
d_F88R_M255M_Y217Y_S1_G17,83,0.7973,0.7098,0.9826,1,3.7,0,19.54,0,31.48,0,21.3,27.76,6.13,6.69,14.06,2.51,38,13
d_F88R_M255M_Y217Y_S1_G17,84,0.7972,0.761,0.9888,1,2.58,0,19.65,0,37.93,0,27.39,35.27,6.24,5.14,11.84,2.01,43,14
d_F88R_M255M_Y217Y_S1_G17,85,0.7955,0.7156,0.986,1,3.64,0,5.81,1,1.43,0,2.79,6.22,3.87,2.29,4.1,2.07,41,14
d_F88R_M255M_Y217Y_S1_G17,86,0.7953,0.8129,0.9872,0,6.36,0,16.55,1,4.74,0,4.86,1.97,5.15,3.18,6.76,6.73,37,12
d_F88R_M255M_Y217Y_S1_G17,87,0.7937,0.7894,0.9869,0,6.09,0,11.96,1,2.55,0,0.92,6.11,4.12,3.13,3.72,5.68,40,15
d_F88R_M255M_Y217Y_S1_G17,88,0.792,0.7958,0.987,0,7.06,0,18.14,1,1.68,0,3.03,7.41,5.99,4.42,6.32,5.98,34,11
d_F88R_M255M_Y217Y_S1_G17,89,0.7911,0.7618,0.9853,0,6.19,0,15.13,1,1.69,0,3.36,5.4,4.96,5.86,6.68,7.33,32,10
d_F88R_M255M_Y217Y_S1_G17,9,0.8403,0.8503,0.9915,1,2.64,1,4.77,1,3.88,1,5.08,8.6,3.53,2.62,5.25,3.82,38,14
d_F88R_M255M_Y217Y_S1_G17,90,0.7904,0.7451,0.986,1,0.99,0,19.21,0,33.95,0,23.94,31.93,6.07,7.0,10.58,1.89,44,15
d_F88R_M255M_Y217Y_S1_G17,91,0.7883,0.6909,0.9853,1,2.39,0,6.02,1,1.59,0,3.67,7.4,3.8,3.99,4.48,3.62,41,13
d_F88R_M255M_Y217Y_S1_G17,92,0.7874,0.7541,0.9883,1,4.11,0,11.29,0,23.97,0,14.98,19.36,3.95,4.2,2.44,2.79,32,12
d_F88R_M255M_Y217Y_S1_G17,93,0.7804,0.6885,0.9857,1,3.09,0,17.78,0,30.77,0,21.46,29.77,5.16,5.84,11.81,2.47,38,12
d_F88R_M255M_Y217Y_S1_G17,94,0.7772,0.7121,0.9863,0,5.43,0,10.67,1,1.31,0,1.1,7.45,2.38,3.13,5.25,5.45,38,11
d_F88R_M255M_Y217Y_S1_G17,95,0.7726,0.6615,0.9833,1,3.75,0,9.72,0,17.9,0,10.73,17.42,5.12,3.58,2.52,3.98,28,11
d_F88R_M255M_Y217Y_S1_G17,96,0.7726,0.6419,0.988,1,0.8,0,11.17,0,41.28,0,31.09,38.84,5.41,7.84,11.14,0.73,42,12
d_F88R_M255M_Y217Y_S1_G17,97,0.7571,0.6675,0.9875,0,5.17,0,13.51,1,2.6,0,0.66,6.37,3.92,2.91,5.17,5.06,40,16
d_F88R_M255M_Y217Y_S1_G17,98,0.7387,0.6332,0.9849,1,1.34,0,14.98,0,40.23,0,29.8,37.83,5.91,4.19,5.05,2.51,50,15
d_F88R_M255M_Y217Y_S1_G17,99,0.7333,0.6106,0.9802,1,1.94,0,16.65,0,37.47,0,27.34,35.24,4.78,2.86,3.94,1.95,50,16
d_F88W_M255M_Y217Y_S1_G17,0,0.8511,0.8963,0.9902,1,3.1,0,20.02,0,29.85,0,20.43,28.24,5.34,7.34,10.44,3.0,43,16
d_F88W_M255M_Y217Y_S1_G17,1,0.8492,0.8519,0.988,0,6.24,0,10.72,0,23.55,0,15.13,19.8,5.24,3.55,4.18,5.52,32,12
d_F88W_M255M_Y217Y_S1_G17,10,0.8387,0.8275,0.9876,1,2.93,0,17.35,0,30.39,0,24.25,29.01,4.92,4.72,11.66,2.44,39,12
d_F88W_M255M_Y217Y_S1_G17,11,0.8366,0.8637,0.9883,1,4.52,0,10.83,0,20.48,0,12.91,20.47,3.55,3.44,3.93,5.62,32,11
d_F88W_M255M_Y217Y_S1_G17,12,0.8363,0.829,0.9861,1,1.71,0,18.65,0,34.13,0,24.95,32.47,5.48,6.61,10.84,2.62,38,13
d_F88W_M255M_Y217Y_S1_G17,13,0.8357,0.9229,0.9889,0,5.51,0,14.14,1,3.62,0,2.7,7.7,3.38,4.23,2.0,4.42,42,16
d_F88W_M255M_Y217Y_S1_G17,14,0.8355,0.864,0.9871,0,5.58,0,11.92,0,24.18,0,15.5,19.93,4.82,2.85,1.97,4.62,39,15
d_F88W_M255M_Y217Y_S1_G17,15,0.835,0.9246,0.9896,0,5.37,0,14.05,1,3.36,0,3.17,6.66,3.15,1.68,1.55,4.49,51,16
d_F88W_M255M_Y217Y_S1_G17,16,0.8345,0.8732,0.9901,1,1.59,0,18.23,0,25.88,0,14.6,21.94,5.03,4.97,7.1,2.93,45,17
d_F88W_M255M_Y217Y_S1_G17,17,0.8335,0.9222,0.9896,0,6.68,0,15.56,0,16.99,0,8.31,13.3,6.19,3.44,3.92,7.44,39,16
d_F88W_M255M_Y217Y_S1_G17,18,0.8334,0.8335,0.9898,0,5.98,1,3.31,1,2.42,1,3.38,6.47,3.25,4.46,5.04,6.37,43,14
d_F88W_M255M_Y217Y_S1_G17,19,0.833,0.935,0.9904,1,4.92,0,14.16,0,23.87,0,17.13,23.03,4.04,3.03,5.5,5.26,35,15
d_F88W_M255M_Y217Y_S1_G17,2,0.8492,0.9016,0.9895,1,2.52,0,20.85,0,24.72,0,14.8,19.41,5.42,5.1,9.77,3.06,41,11
d_F88W_M255M_Y217Y_S1_G17,20,0.8326,0.9067,0.9903,1,1.73,0,17.74,0,35.12,0,26.49,34.56,4.83,4.96,8.4,2.45,41,16
d_F88W_M255M_Y217Y_S1_G17,21,0.8321,0.8258,0.9902,0,5.24,1,3.33,1,2.99,1,2.11,7.81,4.19,2.58,3.9,5.36,38,13
d_F88W_M255M_Y217Y_S1_G17,22,0.8321,0.8761,0.9867,1,4.64,0,11.08,0,23.04,0,13.69,19.04,3.55,4.01,3.07,5.88,44,15
d_F88W_M255M_Y217Y_S1_G17,23,0.832,0.8528,0.9908,0,6.34,1,3.7,1,4.06,1,3.18,7.72,2.55,3.43,3.42,6.5,43,11
d_F88W_M255M_Y217Y_S1_G17,24,0.8316,0.8087,0.9876,1,2.81,0,21.59,0,29.57,0,20.65,27.21,5.01,5.18,10.23,2.84,34,11
d_F88W_M255M_Y217Y_S1_G17,25,0.8312,0.8764,0.9865,0,6.99,0,14.4,1,3.45,0,2.0,7.46,5.09,3.62,9.64,6.54,36,13
d_F88W_M255M_Y217Y_S1_G17,26,0.8292,0.8776,0.9895,0,6.76,0,12.66,0,23.73,0,14.14,18.53,2.5,3.54,1.24,6.66,37,11
d_F88W_M255M_Y217Y_S1_G17,27,0.8287,0.8704,0.988,1,2.13,0,19.17,0,33.38,0,24.67,32.23,5.46,3.73,1.98,2.79,45,14
d_F88W_M255M_Y217Y_S1_G17,28,0.8283,0.8292,0.9863,1,3.15,0,18.49,0,31.47,0,22.9,29.3,5.29,7.68,10.8,2.74,35,13
d_F88W_M255M_Y217Y_S1_G17,29,0.8274,0.8339,0.9893,0,6.78,1,3.38,1,3.2,1,3.11,7.09,2.3,3.6,2.76,6.34,43,12
d_F88W_M255M_Y217Y_S1_G17,3,0.8485,0.8884,0.99,0,5.66,0,11.08,0,22.46,0,15.18,19.65,4.1,2.51,2.35,4.77,34,14
d_F88W_M255M_Y217Y_S1_G17,30,0.8269,0.8698,0.9901,1,4.84,0,24.01,0,24.3,0,16.06,20.07,2.94,3.96,3.47,5.98,38,11
d_F88W_M255M_Y217Y_S1_G17,31,0.826,0.8071,0.9876,0,6.23,1,3.89,1,2.91,1,4.57,8.32,3.23,5.03,3.98,7.35,35,13
d_F88W_M255M_Y217Y_S1_G17,32,0.8254,0.8709,0.987,1,2.89,0,20.13,0,31.77,0,23.28,28.86,4.74,3.1,2.23,2.7,39,15
d_F88W_M255M_Y217Y_S1_G17,33,0.8243,0.8271,0.9884,0,7.14,1,3.46,1,4.51,1,3.47,7.19,1.94,3.74,4.34,7.55,47,14
d_F88W_M255M_Y217Y_S1_G17,34,0.8242,0.8287,0.9894,1,3.87,0,5.51,0,14.93,0,4.93,10.58,2.36,3.66,5.57,6.86,33,12
d_F88W_M255M_Y217Y_S1_G17,35,0.8241,0.8006,0.9856,1,1.86,0,18.07,0,34.76,0,25.32,31.69,4.77,2.71,7.17,1.22,45,14
d_F88W_M255M_Y217Y_S1_G17,36,0.824,0.8541,0.9895,0,6.48,0,17.49,0,14.67,0,8.31,14.1,4.76,4.72,5.94,6.5,24,10
d_F88W_M255M_Y217Y_S1_G17,37,0.8239,0.9097,0.9894,0,5.5,0,15.28,0,25.4,0,16.51,22.15,4.05,3.62,4.19,3.83,35,13
d_F88W_M255M_Y217Y_S1_G17,38,0.8238,0.8251,0.9889,0,6.61,1,3.39,1,4.31,1,4.04,8.17,2.95,3.91,3.52,7.16,44,14
d_F88W_M255M_Y217Y_S1_G17,39,0.8233,0.9025,0.9896,0,5.73,0,18.79,0,16.96,0,8.92,14.82,2.83,3.01,1.19,6.45,44,16
d_F88W_M255M_Y217Y_S1_G17,4,0.8473,0.9074,0.9895,0,6.43,0,10.29,0,24.9,0,16.29,20.96,2.15,3.35,2.94,6.34,38,11
d_F88W_M255M_Y217Y_S1_G17,40,0.8232,0.8525,0.9861,1,3.13,0,16.17,0,24.76,0,15.81,21.5,4.73,5.4,6.38,3.39,42,17
d_F88W_M255M_Y217Y_S1_G17,41,0.8227,0.7968,0.9827,0,6.0,0,18.3,0,24.81,0,13.77,20.79,5.33,5.21,8.01,6.98,32,12
d_F88W_M255M_Y217Y_S1_G17,42,0.8221,0.786,0.9879,0,7.41,0,14.54,1,1.63,0,2.44,4.32,2.5,4.32,8.15,6.49,37,12
d_F88W_M255M_Y217Y_S1_G17,43,0.8215,0.9045,0.9886,0,5.19,0,11.77,1,0.57,0,2.37,7.24,2.26,0.58,2.89,5.85,42,14
d_F88W_M255M_Y217Y_S1_G17,44,0.8212,0.7896,0.9844,1,4.08,0,11.15,0,23.96,0,15.43,20.7,2.47,2.81,5.5,4.09,37,14
d_F88W_M255M_Y217Y_S1_G17,45,0.8197,0.8366,0.9861,1,2.93,0,16.34,0,20.55,0,11.44,19.3,5.28,5.97,7.47,3.36,42,14
d_F88W_M255M_Y217Y_S1_G17,46,0.8195,0.7984,0.9872,1,3.8,1,2.82,1,2.27,1,3.85,6.88,3.7,4.02,6.0,4.31,45,15
d_F88W_M255M_Y217Y_S1_G17,47,0.8194,0.7868,0.9865,0,6.0,0,5.01,1,3.07,0,2.6,7.96,4.01,4.88,4.46,6.62,38,14
d_F88W_M255M_Y217Y_S1_G17,48,0.8185,0.7954,0.9862,1,1.68,0,17.41,0,33.36,0,23.74,31.74,4.38,6.92,9.06,2.02,38,11
d_F88W_M255M_Y217Y_S1_G17,49,0.8184,0.8933,0.9893,0,6.6,0,14.55,0,16.47,0,6.88,14.65,5.29,1.38,2.94,6.77,41,15
d_F88W_M255M_Y217Y_S1_G17,5,0.847,0.9096,0.989,1,2.38,0,18.97,0,33.69,0,25.54,33.37,4.97,3.48,8.79,2.66,39,13
d_F88W_M255M_Y217Y_S1_G17,50,0.8184,0.81,0.9872,0,7.52,0,19.24,1,0.95,0,1.5,6.16,3.06,4.14,3.66,7.02,38,14
d_F88W_M255M_Y217Y_S1_G17,51,0.8173,0.8503,0.9879,0,5.68,0,17.02,0,16.93,0,8.88,14.51,4.03,4.95,4.41,7.27,46,19
d_F88W_M255M_Y217Y_S1_G17,52,0.8164,0.8459,0.9857,1,1.83,0,18.45,0,33.18,0,25.18,30.92,6.05,2.38,3.52,2.22,47,16
d_F88W_M255M_Y217Y_S1_G17,53,0.8163,0.7917,0.9892,0,5.83,1,4.0,1,3.7,1,1.82,6.9,4.5,2.43,3.93,5.94,43,13
d_F88W_M255M_Y217Y_S1_G17,54,0.8147,0.8297,0.9828,1,2.01,0,19.68,0,34.42,0,25.5,32.87,5.16,5.1,8.41,2.59,37,13
d_F88W_M255M_Y217Y_S1_G17,55,0.8132,0.8745,0.9852,1,3.45,0,17.83,0,24.74,0,16.51,23.45,4.43,5.03,6.41,3.92,41,14
d_F88W_M255M_Y217Y_S1_G17,56,0.8131,0.8158,0.9876,1,4.71,0,11.29,0,25.85,0,16.32,21.38,3.73,2.72,3.89,5.45,39,12
d_F88W_M255M_Y217Y_S1_G17,57,0.812,0.8514,0.9878,0,6.4,0,20.26,0,20.6,0,11.38,16.06,2.74,6.28,5.13,6.52,37,13
d_F88W_M255M_Y217Y_S1_G17,58,0.8099,0.8842,0.9895,0,5.84,0,17.66,0,17.61,0,8.37,16.57,3.88,1.85,2.87,6.5,43,17
d_F88W_M255M_Y217Y_S1_G17,59,0.8081,0.9027,0.9908,1,2.87,0,15.59,0,38.68,0,28.82,34.76,5.02,2.55,0.31,1.32,51,14
d_F88W_M255M_Y217Y_S1_G17,6,0.8469,0.8659,0.9862,1,2.07,0,18.73,0,32.44,0,23.88,31.28,6.15,3.01,7.72,1.6,43,12
d_F88W_M255M_Y217Y_S1_G17,60,0.8078,0.8455,0.9886,0,5.85,0,19.57,0,15.67,0,7.19,12.18,3.0,4.95,5.03,6.34,41,12
d_F88W_M255M_Y217Y_S1_G17,61,0.8076,0.7813,0.9846,0,5.64,0,11.29,1,2.91,0,4.07,6.65,4.43,3.09,4.59,5.92,40,15
d_F88W_M255M_Y217Y_S1_G17,62,0.8076,0.8023,0.9865,0,5.28,0,23.01,0,22.35,0,12.97,20.22,3.69,4.55,3.49,4.86,30,12
d_F88W_M255M_Y217Y_S1_G17,63,0.8065,0.8082,0.986,0,6.24,0,10.75,1,4.41,0,10.26,7.53,3.47,3.68,3.45,5.61,50,15
d_F88W_M255M_Y217Y_S1_G17,64,0.806,0.7583,0.9871,0,6.01,0,17.26,0,12.34,0,6.11,14.43,2.9,3.12,2.92,7.06,33,9
d_F88W_M255M_Y217Y_S1_G17,65,0.8057,0.7538,0.9866,1,4.87,1,3.61,1,4.15,1,1.63,7.77,4.61,4.34,3.75,4.67,43,12
d_F88W_M255M_Y217Y_S1_G17,66,0.8046,0.8064,0.9858,1,4.49,0,18.72,0,22.71,0,12.49,19.54,5.22,2.92,7.14,4.55,33,13
d_F88W_M255M_Y217Y_S1_G17,67,0.8037,0.842,0.9886,0,6.35,0,19.38,0,16.29,0,8.97,15.4,5.17,2.06,3.82,6.28,39,12
d_F88W_M255M_Y217Y_S1_G17,68,0.803,0.8179,0.9872,0,6.4,0,14.56,1,3.07,0,4.65,8.67,5.33,0.93,5.2,6.03,31,11
d_F88W_M255M_Y217Y_S1_G17,69,0.8023,0.7849,0.989,0,6.96,1,3.53,1,4.1,1,3.0,6.79,2.45,1.15,3.12,6.32,41,14
d_F88W_M255M_Y217Y_S1_G17,7,0.8445,0.8719,0.9884,0,6.06,0,11.85,0,24.2,0,15.19,19.74,3.6,2.53,3.34,6.61,39,10
d_F88W_M255M_Y217Y_S1_G17,70,0.8019,0.8397,0.9867,1,4.07,0,12.99,0,12.69,0,6.02,11.26,4.19,4.33,5.6,5.85,38,13
d_F88W_M255M_Y217Y_S1_G17,71,0.8018,0.7625,0.9829,0,5.84,0,12.83,1,1.01,0,1.99,6.57,4.63,3.01,4.93,5.69,41,13
d_F88W_M255M_Y217Y_S1_G17,72,0.8007,0.7338,0.9865,0,6.37,1,2.93,1,2.91,1,3.78,6.7,3.07,2.79,2.91,6.77,42,13
d_F88W_M255M_Y217Y_S1_G17,73,0.8001,0.7681,0.9843,0,6.15,0,14.92,0,16.52,0,7.43,15.0,3.39,4.54,8.78,6.42,41,14
d_F88W_M255M_Y217Y_S1_G17,74,0.7998,0.8099,0.9878,0,5.73,0,12.87,0,12.51,0,7.64,12.66,2.54,3.13,3.52,6.62,34,10
d_F88W_M255M_Y217Y_S1_G17,75,0.7977,0.686,0.9817,1,2.33,0,18.94,0,30.98,0,22.57,30.57,5.03,7.97,9.14,2.67,38,12
d_F88W_M255M_Y217Y_S1_G17,76,0.7958,0.7924,0.9852,1,3.56,0,18.4,0,21.79,0,12.62,19.19,4.75,1.71,4.94,2.88,36,13
d_F88W_M255M_Y217Y_S1_G17,77,0.7946,0.6929,0.9859,1,2.92,0,18.44,0,31.05,0,22.44,29.65,3.86,4.58,12.07,2.5,34,12
d_F88W_M255M_Y217Y_S1_G17,78,0.7944,0.7042,0.9848,0,5.1,0,20.74,1,2.5,0,2.91,6.62,4.49,4.41,7.8,4.59,31,13
d_F88W_M255M_Y217Y_S1_G17,79,0.7935,0.8535,0.9857,1,3.68,0,6.9,1,2.65,0,3.53,7.37,4.36,2.37,3.13,3.86,47,20
d_F88W_M255M_Y217Y_S1_G17,8,0.8437,0.8883,0.9904,1,4.82,0,11.34,0,22.91,0,14.43,18.92,3.3,6.26,3.1,4.16,30,12
d_F88W_M255M_Y217Y_S1_G17,80,0.7908,0.8427,0.9868,0,7.19,0,15.7,0,16.64,0,12.1,17.22,4.39,4.47,3.62,7.0,45,14
d_F88W_M255M_Y217Y_S1_G17,81,0.7877,0.7831,0.984,0,6.12,0,16.64,0,13.69,0,7.99,13.01,5.12,1.31,3.46,5.34,41,12
d_F88W_M255M_Y217Y_S1_G17,82,0.7864,0.808,0.985,1,3.77,0,15.29,0,16.87,0,8.08,13.92,3.03,2.48,3.06,4.64,43,11
d_F88W_M255M_Y217Y_S1_G17,83,0.7845,0.7544,0.9874,0,7.45,1,1.77,0,43.73,0,37.42,41.81,4.83,4.83,5.45,7.16,34,14
d_F88W_M255M_Y217Y_S1_G17,84,0.7836,0.6879,0.9819,1,3.01,0,18.7,0,23.24,0,13.82,19.35,6.17,2.68,6.73,3.33,40,15
d_F88W_M255M_Y217Y_S1_G17,85,0.7792,0.6944,0.9856,1,2.73,0,17.51,0,25.06,0,14.21,22.58,6.09,3.37,7.03,3.04,33,12
d_F88W_M255M_Y217Y_S1_G17,86,0.7759,0.7402,0.9834,1,3.17,0,18.58,0,24.89,0,15.2,20.9,3.44,4.65,6.71,3.9,39,11
d_F88W_M255M_Y217Y_S1_G17,87,0.7757,0.6735,0.9862,1,3.82,0,17.8,0,25.45,0,14.94,21.75,4.7,3.61,6.89,5.67,34,9
d_F88W_M255M_Y217Y_S1_G17,88,0.7734,0.6243,0.9804,1,1.81,0,17.0,0,34.55,0,25.43,33.34,4.44,4.35,7.02,2.35,42,15
d_F88W_M255M_Y217Y_S1_G17,89,0.7731,0.7593,0.9832,0,5.68,0,18.53,0,21.94,0,10.98,16.8,3.79,3.57,6.55,6.21,31,11
d_F88W_M255M_Y217Y_S1_G17,9,0.8423,0.8388,0.9865,1,3.03,0,19.78,0,33.36,0,24.73,32.39,5.54,6.36,10.18,2.8,34,10
d_F88W_M255M_Y217Y_S1_G17,90,0.7685,0.7155,0.9816,0,5.08,0,21.3,0,14.73,0,8.48,13.45,3.13,2.23,4.5,5.51,39,14
d_F88W_M255M_Y217Y_S1_G17,91,0.7647,0.6857,0.9884,1,2.15,0,17.79,0,32.3,0,23.43,31.45,6.0,3.14,7.36,1.36,42,14
d_F88W_M255M_Y217Y_S1_G17,92,0.7647,0.691,0.9839,1,0.82,0,16.66,0,39.42,0,29.45,38.06,3.48,4.18,5.9,2.51,53,15
d_F88W_M255M_Y217Y_S1_G17,93,0.757,0.6009,0.9818,0,6.04,0,15.42,1,2.33,0,1.71,5.12,3.23,3.36,3.65,5.23,40,13
d_F88W_M255M_Y217Y_S1_G17,94,0.7475,0.6028,0.9833,1,3.38,0,19.58,0,24.18,0,14.33,19.06,3.82,4.05,8.84,6.13,36,11
d_F88W_M255M_Y217Y_S1_G17,95,0.7442,0.6284,0.9829,1,3.35,0,16.21,0,39.36,0,28.65,36.82,4.55,2.86,6.81,1.89,47,16
d_F88W_M255M_Y217Y_S1_G17,96,0.728,0.5963,0.9842,1,4.88,0,17.39,0,22.84,0,13.47,19.3,4.79,2.93,7.43,4.65,33,14
d_F88W_M255M_Y217Y_S1_G17,97,0.7273,0.4507,0.9765,1,2.8,0,18.42,0,20.51,0,11.37,17.1,3.48,4.01,5.34,2.81,42,10
d_F88W_M255M_Y217Y_S1_G17,98,0.724,0.5413,0.9813,1,4.69,0,18.58,0,23.58,0,13.75,21.29,5.38,3.25,4.96,3.66,37,14
d_F88W_M255M_Y217Y_S1_G17,99,0.718,0.4954,0.9861,1,2.2,0,17.39,0,33.33,0,23.33,31.5,5.98,2.84,4.63,2.84,45,14
d_F88Y_M255M_Y217Y_S1_G17,0,0.8633,0.8846,0.9916,1,1.83,0,20.95,0,28.24,0,18.95,27.79,4.02,7.31,14.01,3.01,33,9
d_F88Y_M255M_Y217Y_S1_G17,1,0.8596,0.8968,0.9915,1,2.06,0,20.19,0,30.34,0,20.67,28.62,5.47,5.36,11.56,2.55,33,9
d_F88Y_M255M_Y217Y_S1_G17,10,0.8447,0.8623,0.9862,1,1.96,0,20.11,0,30.73,0,22.64,30.66,6.91,5.73,13.19,2.71,40,11
d_F88Y_M255M_Y217Y_S1_G17,11,0.8423,0.849,0.9904,0,5.9,1,3.06,0,41.91,0,35.04,38.45,4.26,2.26,4.79,5.02,40,14
d_F88Y_M255M_Y217Y_S1_G17,12,0.8422,0.8228,0.9881,1,2.69,0,21.58,0,30.5,0,21.54,28.78,6.29,7.71,13.78,2.52,33,10
d_F88Y_M255M_Y217Y_S1_G17,13,0.8414,0.8397,0.9896,1,1.52,0,19.01,0,31.55,0,23.65,29.08,6.9,5.16,12.01,2.31,39,11
d_F88Y_M255M_Y217Y_S1_G17,14,0.841,0.8456,0.9902,1,1.92,0,13.53,0,35.21,0,26.4,31.78,5.85,2.76,11.35,2.05,43,12
d_F88Y_M255M_Y217Y_S1_G17,15,0.84,0.8752,0.9914,1,1.43,0,21.73,0,31.39,0,23.08,30.77,5.68,3.87,11.93,2.65,40,11
d_F88Y_M255M_Y217Y_S1_G17,16,0.8386,0.8272,0.9895,1,2.98,0,20.37,0,31.24,0,22.35,28.42,5.93,5.9,12.06,2.23,33,10
d_F88Y_M255M_Y217Y_S1_G17,17,0.8383,0.8627,0.9915,1,1.59,0,19.06,0,32.41,0,23.32,30.72,4.7,4.64,11.06,2.56,40,10
d_F88Y_M255M_Y217Y_S1_G17,18,0.8382,0.8434,0.9906,1,3.64,1,2.55,1,2.71,1,2.71,7.16,3.9,2.61,4.47,4.01,45,16
d_F88Y_M255M_Y217Y_S1_G17,19,0.8375,0.8523,0.9913,1,4.12,1,2.94,1,1.46,1,4.37,6.53,3.55,4.06,3.04,3.34,46,14
d_F88Y_M255M_Y217Y_S1_G17,2,0.8578,0.8678,0.9912,1,1.48,0,11.78,0,28.68,0,21.38,26.73,5.21,5.28,9.36,2.78,39,12
d_F88Y_M255M_Y217Y_S1_G17,20,0.8375,0.8391,0.9907,1,1.94,0,18.28,0,32.37,0,25.3,30.7,4.66,5.37,12.25,1.49,36,12
d_F88Y_M255M_Y217Y_S1_G17,21,0.8373,0.8559,0.99,1,2.19,0,19.12,0,30.14,0,21.54,29.41,5.54,6.56,11.63,2.9,36,12
d_F88Y_M255M_Y217Y_S1_G17,22,0.8373,0.8148,0.9887,1,4.1,1,2.6,1,3.61,1,3.24,7.19,3.52,3.36,7.32,2.77,40,14
d_F88Y_M255M_Y217Y_S1_G17,23,0.8372,0.8426,0.9903,1,2.39,0,17.11,0,31.59,0,23.83,29.75,5.91,4.68,10.27,2.5,45,12
d_F88Y_M255M_Y217Y_S1_G17,24,0.8368,0.8206,0.9891,0,5.53,0,11.7,0,15.84,0,7.22,12.99,2.83,2.84,3.17,5.9,37,12
d_F88Y_M255M_Y217Y_S1_G17,25,0.8366,0.8815,0.989,1,2.6,0,18.43,0,29.33,0,20.31,28.26,5.25,4.2,11.21,2.44,42,12
d_F88Y_M255M_Y217Y_S1_G17,26,0.8364,0.8353,0.9906,1,1.56,1,2.77,1,3.07,1,2.65,6.48,3.47,3.48,2.11,1.91,41,11
d_F88Y_M255M_Y217Y_S1_G17,27,0.836,0.8661,0.9903,1,3.47,0,15.88,1,2.2,0,2.28,7.45,3.31,3.86,5.33,3.01,46,13
d_F88Y_M255M_Y217Y_S1_G17,28,0.8351,0.8467,0.9916,1,2.79,1,2.49,1,4.15,1,2.51,7.29,4.27,3.78,3.86,3.7,38,14
d_F88Y_M255M_Y217Y_S1_G17,29,0.8346,0.8471,0.9899,1,2.44,1,2.24,1,3.39,1,2.87,7.33,3.87,3.38,3.51,2.47,41,15
d_F88Y_M255M_Y217Y_S1_G17,3,0.8553,0.8903,0.9913,0,5.01,0,11.59,0,16.89,0,6.45,14.58,4.5,1.45,5.36,5.16,41,15
d_F88Y_M255M_Y217Y_S1_G17,30,0.8342,0.8142,0.9877,1,3.39,0,20.17,0,28.86,0,19.98,25.78,6.24,4.94,12.33,2.33,37,10
d_F88Y_M255M_Y217Y_S1_G17,31,0.8331,0.8531,0.991,0,6.16,1,4.25,1,2.76,1,2.87,6.86,4.42,3.28,5.91,5.87,33,14
d_F88Y_M255M_Y217Y_S1_G17,32,0.8318,0.7926,0.9863,1,3.6,1,4.98,1,3.27,1,2.81,7.31,2.2,3.36,3.34,3.84,45,14
d_F88Y_M255M_Y217Y_S1_G17,33,0.831,0.8076,0.9892,1,1.27,0,22.85,0,29.67,0,20.03,28.11,3.07,7.68,10.82,2.33,38,11
d_F88Y_M255M_Y217Y_S1_G17,34,0.8301,0.8886,0.9901,1,3.92,0,18.29,0,22.44,0,13.6,21.71,3.74,5.9,10.05,4.09,37,16
d_F88Y_M255M_Y217Y_S1_G17,35,0.83,0.8389,0.9904,1,4.95,1,3.47,1,2.06,1,4.34,7.23,3.66,7.5,3.14,6.27,39,14
d_F88Y_M255M_Y217Y_S1_G17,36,0.8298,0.8738,0.9884,1,1.36,0,17.49,0,33.57,0,24.99,32.85,5.49,2.35,7.86,2.24,38,12
d_F88Y_M255M_Y217Y_S1_G17,37,0.8282,0.8394,0.9885,1,4.16,0,12.54,0,15.3,0,5.56,13.33,3.74,3.92,3.55,5.88,27,10
d_F88Y_M255M_Y217Y_S1_G17,38,0.8282,0.8264,0.9845,1,2.86,0,13.71,0,29.37,0,21.33,29.37,2.95,0.91,4.21,2.65,35,13
d_F88Y_M255M_Y217Y_S1_G17,39,0.8255,0.8442,0.9854,1,2.18,0,17.95,0,30.39,0,22.22,29.21,5.67,5.49,11.11,2.84,35,10
d_F88Y_M255M_Y217Y_S1_G17,4,0.8543,0.8841,0.9906,0,5.91,0,12.72,0,17.84,0,7.63,13.31,4.36,3.63,7.01,5.22,42,15
d_F88Y_M255M_Y217Y_S1_G17,40,0.8241,0.8164,0.9912,1,3.15,0,12.03,0,23.65,0,16.52,21.78,4.03,5.45,9.91,2.2,42,13
d_F88Y_M255M_Y217Y_S1_G17,41,0.824,0.8307,0.9901,0,5.22,1,2.58,0,42.22,0,35.54,41.68,5.39,3.32,4.63,4.96,43,14
d_F88Y_M255M_Y217Y_S1_G17,42,0.8235,0.789,0.9874,1,2.77,1,2.85,1,2.72,1,2.14,7.28,3.95,3.93,3.7,4.15,38,12
d_F88Y_M255M_Y217Y_S1_G17,43,0.823,0.8608,0.9885,0,6.11,0,11.89,0,22.17,0,12.86,18.41,4.65,3.57,3.19,5.74,40,13
d_F88Y_M255M_Y217Y_S1_G17,44,0.8227,0.8148,0.9892,1,4.1,1,3.51,1,1.85,1,4.01,6.65,4.95,2.85,3.46,5.29,42,14
d_F88Y_M255M_Y217Y_S1_G17,45,0.8221,0.8688,0.9867,0,6.23,0,14.32,1,2.3,0,3.31,6.84,4.39,3.9,9.17,5.79,33,12
d_F88Y_M255M_Y217Y_S1_G17,46,0.8219,0.8368,0.9909,1,3.21,0,11.49,0,15.87,0,6.3,14.3,3.76,2.9,4.36,4.31,32,10
d_F88Y_M255M_Y217Y_S1_G17,47,0.8216,0.8611,0.9908,0,5.52,0,12.2,0,10.46,0,4.44,10.56,4.78,3.75,2.62,6.19,26,9
d_F88Y_M255M_Y217Y_S1_G17,48,0.8212,0.8099,0.9864,0,5.04,0,13.77,0,17.0,0,7.83,14.0,4.94,2.22,2.69,5.03,29,9
d_F88Y_M255M_Y217Y_S1_G17,49,0.8211,0.9127,0.9894,1,3.45,0,15.7,0,22.64,0,13.44,18.83,3.54,2.39,2.11,3.12,39,17
d_F88Y_M255M_Y217Y_S1_G17,5,0.8533,0.8734,0.9907,1,1.47,0,20.12,0,32.46,0,24.04,31.61,4.88,7.1,11.83,2.4,42,10
d_F88Y_M255M_Y217Y_S1_G17,50,0.8203,0.8914,0.9903,1,4.38,0,17.0,0,16.61,0,7.08,12.92,4.28,4.8,4.99,5.72,41,11
d_F88Y_M255M_Y217Y_S1_G17,51,0.8199,0.8389,0.9904,1,3.54,0,8.45,0,14.82,0,6.21,13.68,3.1,2.66,3.19,3.04,39,9
d_F88Y_M255M_Y217Y_S1_G17,52,0.8192,0.8233,0.9911,1,3.62,1,2.43,1,2.64,1,2.31,7.78,3.47,3.92,3.82,2.61,49,13
d_F88Y_M255M_Y217Y_S1_G17,53,0.8191,0.7495,0.9871,1,2.98,0,20.11,0,29.41,0,19.92,28.84,5.43,6.77,12.74,2.42,33,10
d_F88Y_M255M_Y217Y_S1_G17,54,0.8183,0.7981,0.9881,0,5.32,0,11.55,0,16.07,0,6.99,14.85,4.29,3.72,1.06,5.12,37,11
d_F88Y_M255M_Y217Y_S1_G17,55,0.8179,0.7635,0.9829,1,2.9,0,18.67,0,29.38,0,20.17,27.87,5.24,5.21,11.29,2.57,36,13
d_F88Y_M255M_Y217Y_S1_G17,56,0.8172,0.7757,0.9867,1,2.16,0,18.02,0,36.26,0,25.9,34.35,6.27,2.59,9.7,1.97,46,10
d_F88Y_M255M_Y217Y_S1_G17,57,0.816,0.7895,0.9856,0,6.38,0,17.36,1,1.24,0,3.21,5.79,5.75,3.12,10.83,6.53,33,10
d_F88Y_M255M_Y217Y_S1_G17,58,0.8152,0.8326,0.9891,1,4.33,0,10.2,0,15.92,0,7.26,12.76,4.1,1.29,2.78,4.43,33,11
d_F88Y_M255M_Y217Y_S1_G17,59,0.8146,0.7841,0.9877,1,1.58,0,20.08,0,31.46,0,22.88,30.74,5.66,5.26,10.88,2.48,41,14
d_F88Y_M255M_Y217Y_S1_G17,6,0.8516,0.8979,0.9871,1,2.51,0,17.51,0,29.54,0,19.43,27.44,5.16,5.53,12.12,2.58,37,12
d_F88Y_M255M_Y217Y_S1_G17,60,0.8146,0.7915,0.9893,1,2.58,0,20.34,0,23.56,0,12.79,20.4,5.87,6.89,10.8,0.96,33,11
d_F88Y_M255M_Y217Y_S1_G17,61,0.8146,0.8197,0.9907,1,2.46,1,2.49,1,4.12,1,2.81,6.55,3.13,4.42,3.27,2.06,38,11
d_F88Y_M255M_Y217Y_S1_G17,62,0.8142,0.8491,0.9843,1,4.46,0,13.5,0,14.89,0,6.08,13.91,3.22,4.38,5.97,5.42,39,15
d_F88Y_M255M_Y217Y_S1_G17,63,0.8136,0.7891,0.9879,1,2.6,1,2.36,1,3.59,1,2.9,5.53,3.73,2.98,3.79,4.43,42,12
d_F88Y_M255M_Y217Y_S1_G17,64,0.8115,0.7818,0.9863,1,3.48,1,2.9,1,1.68,1,3.32,6.63,3.94,3.28,6.53,5.87,40,13
d_F88Y_M255M_Y217Y_S1_G17,65,0.8114,0.8571,0.9899,0,5.0,0,11.54,0,14.64,0,4.99,10.78,5.55,4.23,5.78,5.13,38,15
d_F88Y_M255M_Y217Y_S1_G17,66,0.8113,0.8918,0.9889,0,6.59,0,12.75,1,2.07,0,4.45,6.0,5.02,6.45,10.07,5.68,29,12
d_F88Y_M255M_Y217Y_S1_G17,67,0.811,0.898,0.9862,0,6.5,0,13.87,1,3.03,0,2.75,7.5,5.16,4.75,10.13,5.72,38,14
d_F88Y_M255M_Y217Y_S1_G17,68,0.8107,0.7549,0.9887,1,3.03,0,21.51,0,22.91,0,12.33,20.37,7.47,7.85,12.97,1.18,26,7
d_F88Y_M255M_Y217Y_S1_G17,69,0.8104,0.8556,0.9885,1,1.86,0,23.88,0,31.06,0,23.75,31.58,6.63,5.82,13.33,2.2,38,11
d_F88Y_M255M_Y217Y_S1_G17,7,0.851,0.8466,0.9907,0,5.71,0,13.97,0,16.47,0,8.79,13.96,4.23,2.88,5.23,6.4,36,11
d_F88Y_M255M_Y217Y_S1_G17,70,0.8104,0.7723,0.9868,0,5.58,0,13.64,0,16.46,0,7.67,13.38,5.0,4.47,2.18,5.8,34,12
d_F88Y_M255M_Y217Y_S1_G17,71,0.81,0.7729,0.9876,1,3.03,0,18.41,0,29.1,0,19.59,27.51,4.87,7.04,11.79,2.57,36,13
d_F88Y_M255M_Y217Y_S1_G17,72,0.8094,0.8268,0.9893,0,5.43,0,16.01,1,1.62,0,1.7,5.08,2.87,3.17,6.97,5.34,36,14
d_F88Y_M255M_Y217Y_S1_G17,73,0.8087,0.8012,0.9874,1,4.01,0,16.31,1,1.49,0,4.7,6.66,3.89,3.61,6.69,6.07,36,11
d_F88Y_M255M_Y217Y_S1_G17,74,0.8072,0.7592,0.9879,1,3.16,1,2.7,1,1.25,1,3.33,7.33,4.59,3.32,3.41,4.3,39,14
d_F88Y_M255M_Y217Y_S1_G17,75,0.8042,0.7061,0.9831,1,3.92,0,5.53,1,1.69,0,2.69,6.59,3.87,2.57,4.0,3.51,32,14
d_F88Y_M255M_Y217Y_S1_G17,76,0.804,0.7267,0.9855,1,2.04,0,18.33,0,31.97,0,23.52,31.54,5.55,3.14,10.51,3.12,41,12
d_F88Y_M255M_Y217Y_S1_G17,77,0.8022,0.7846,0.9869,0,5.73,0,10.85,1,0.92,0,2.02,6.99,1.71,2.35,3.46,5.53,40,13
d_F88Y_M255M_Y217Y_S1_G17,78,0.802,0.7102,0.9857,1,1.43,0,20.76,0,30.93,0,22.3,30.06,6.16,5.35,11.36,2.25,37,9
d_F88Y_M255M_Y217Y_S1_G17,79,0.8006,0.7045,0.9809,1,4.22,0,18.19,0,17.15,0,8.12,13.72,3.39,2.67,2.92,5.39,34,12
d_F88Y_M255M_Y217Y_S1_G17,8,0.8507,0.887,0.9899,1,2.32,0,17.51,0,32.23,0,24.01,32.24,5.21,5.31,10.88,3.0,41,12
d_F88Y_M255M_Y217Y_S1_G17,80,0.7947,0.803,0.9882,0,5.38,0,19.38,0,15.76,0,6.1,14.11,4.74,4.9,3.88,5.84,45,13
d_F88Y_M255M_Y217Y_S1_G17,81,0.7939,0.7358,0.988,1,2.36,1,2.91,1,3.69,1,5.29,8.15,3.98,2.27,6.3,3.97,35,11
d_F88Y_M255M_Y217Y_S1_G17,82,0.7936,0.7629,0.9881,1,1.49,0,20.54,0,30.7,0,23.12,31.01,5.78,7.06,12.88,2.43,38,12
d_F88Y_M255M_Y217Y_S1_G17,83,0.7892,0.8799,0.9862,0,5.63,0,14.36,0,16.31,0,9.31,16.24,3.31,2.52,3.66,5.93,41,17
d_F88Y_M255M_Y217Y_S1_G17,84,0.7889,0.8164,0.9833,0,5.13,0,17.25,0,15.16,0,8.52,16.44,5.43,3.34,3.92,6.45,43,15
d_F88Y_M255M_Y217Y_S1_G17,85,0.7888,0.7484,0.9826,0,5.53,0,13.79,0,13.85,0,6.16,13.67,3.65,4.79,4.49,5.56,47,16
d_F88Y_M255M_Y217Y_S1_G17,86,0.7862,0.739,0.9868,0,6.94,0,11.26,0,9.27,0,4.87,9.63,4.49,3.48,2.91,6.27,31,9
d_F88Y_M255M_Y217Y_S1_G17,87,0.7834,0.6997,0.984,1,3.8,0,18.1,0,21.56,0,10.4,18.3,7.89,1.6,8.21,1.41,36,12
d_F88Y_M255M_Y217Y_S1_G17,88,0.7827,0.7618,0.9884,1,4.29,0,16.12,1,2.29,0,5.4,5.2,3.44,3.28,7.21,6.01,35,13
d_F88Y_M255M_Y217Y_S1_G17,89,0.7807,0.7179,0.9814,1,2.12,0,17.33,0,35.14,0,26.29,34.17,5.2,2.79,7.7,1.87,46,12
d_F88Y_M255M_Y217Y_S1_G17,9,0.8463,0.9046,0.9911,1,2.05,0,16.85,0,36.26,0,26.06,34.21,5.76,2.62,9.59,2.17,45,15
d_F88Y_M255M_Y217Y_S1_G17,90,0.7765,0.6765,0.9816,0,6.22,0,15.51,1,1.3,0,3.39,5.61,5.34,4.19,4.86,5.52,40,15
d_F88Y_M255M_Y217Y_S1_G17,91,0.7756,0.6965,0.9853,0,6.53,0,14.55,1,0.62,0,1.33,5.15,5.66,3.18,5.15,5.98,34,13
d_F88Y_M255M_Y217Y_S1_G17,92,0.7754,0.6881,0.984,1,2.04,0,12.55,0,38.02,0,27.87,36.11,5.69,7.91,10.9,0.85,42,13
d_F88Y_M255M_Y217Y_S1_G17,93,0.7753,0.7459,0.9884,1,1.19,0,17.09,0,39.4,0,29.3,37.56,6.63,4.58,5.81,2.4,47,16
d_F88Y_M255M_Y217Y_S1_G17,94,0.7711,0.6623,0.9818,0,6.09,0,15.6,1,3.16,0,2.41,6.81,4.85,3.17,4.39,5.59,41,14
d_F88Y_M255M_Y217Y_S1_G17,95,0.7701,0.668,0.9846,1,4.79,0,10.7,1,3.25,0,3.54,7.81,3.85,4.0,2.87,4.24,39,15
d_F88Y_M255M_Y217Y_S1_G17,96,0.7686,0.7248,0.9855,1,2.01,0,17.2,0,23.37,0,12.68,20.67,5.94,2.92,4.82,1.4,49,15
d_F88Y_M255M_Y217Y_S1_G17,97,0.7682,0.5982,0.9833,1,1.63,0,18.44,0,24.12,0,13.41,20.86,5.61,4.87,12.84,2.2,39,9
d_F88Y_M255M_Y217Y_S1_G17,98,0.7681,0.5646,0.982,1,2.12,0,18.67,0,31.28,0,23.46,31.26,5.04,4.84,9.73,2.67,39,10
d_F88Y_M255M_Y217Y_S1_G17,99,0.7581,0.5919,0.9825,0,5.99,0,11.16,0,10.69,0,2.74,9.12,5.33,3.35,2.14,6.49,26,8
sm_WT_F88K_S1_G17,0,0.8535,0.8961,0.9862,1,2.58,1,2.91,1,3.38,1,1.48,3.89,2.13,1.47,5.01,4.46,37,15
sm_WT_F88K_S1_G17,1,0.8411,0.8552,0.9878,1,4.08,0,6.55,1,2.22,0,2.25,4.01,3.53,3.58,3.77,5.79,40,13
sm_WT_F88K_S1_G17,10,0.8327,0.8969,0.9845,1,3.71,0,11.3,1,2.03,0,1.71,7.08,2.06,2.46,4.31,3.48,46,20
sm_WT_F88K_S1_G17,11,0.8322,0.7538,0.9828,1,2.09,0,23.42,0,31.2,0,24.96,30.82,1.69,4.11,11.64,2.45,39,10
sm_WT_F88K_S1_G17,12,0.832,0.7925,0.986,1,4.84,1,4.3,1,1.27,1,2.34,3.6,2.71,2.92,4.15,5.57,39,12
sm_WT_F88K_S1_G17,13,0.8319,0.8289,0.99,1,1.59,1,4.95,1,1.53,1,2.73,1.63,3.1,1.43,3.84,3.62,45,13
sm_WT_F88K_S1_G17,14,0.8315,0.808,0.9855,1,2.2,0,5.93,1,2.62,0,2.1,2.64,2.1,1.81,3.6,2.1,41,11
sm_WT_F88K_S1_G17,15,0.8314,0.7911,0.985,1,2.52,1,3.1,1,2.8,1,2.24,2.04,2.41,3.15,3.56,5.31,46,14
sm_WT_F88K_S1_G17,16,0.8313,0.7954,0.9856,1,4.41,1,2.46,1,1.91,1,2.47,2.54,0.8,1.81,3.78,5.51,52,14
sm_WT_F88K_S1_G17,17,0.8306,0.8837,0.9852,0,5.34,0,6.71,1,1.78,0,1.9,6.38,2.0,2.51,3.91,5.87,43,15
sm_WT_F88K_S1_G17,18,0.8303,0.7945,0.9864,0,5.89,0,6.98,1,1.66,0,3.31,0.81,3.04,3.17,4.13,5.95,38,12
sm_WT_F88K_S1_G17,19,0.8303,0.8237,0.9872,1,3.33,1,3.24,1,1.99,1,2.1,6.14,2.4,2.33,3.18,5.54,41,14
sm_WT_F88K_S1_G17,2,0.8397,0.8,0.9862,0,5.37,1,4.21,1,1.6,1,3.2,3.08,2.57,3.44,5.22,4.57,41,14
sm_WT_F88K_S1_G17,20,0.8298,0.8152,0.988,1,3.66,1,4.56,1,2.19,1,2.29,6.03,2.79,3.15,4.33,4.25,39,11
sm_WT_F88K_S1_G17,21,0.8297,0.8197,0.9871,1,2.69,0,5.44,1,3.23,0,2.9,3.81,2.61,2.8,1.86,5.44,39,12
sm_WT_F88K_S1_G17,22,0.8294,0.9126,0.9906,1,2.29,0,6.92,1,3.3,0,2.96,1.53,2.63,2.26,3.18,3.34,53,17
sm_WT_F88K_S1_G17,23,0.8293,0.7782,0.9851,0,7.31,1,4.65,1,2.76,1,2.47,2.14,1.7,1.99,4.22,6.31,39,13
sm_WT_F88K_S1_G17,24,0.829,0.808,0.9867,1,3.12,0,5.31,1,3.72,0,3.41,5.74,2.6,2.58,4.15,5.49,38,13
sm_WT_F88K_S1_G17,25,0.8278,0.8213,0.9878,1,4.54,1,4.3,1,3.35,1,2.43,1.97,2.65,2.44,3.51,6.66,40,14
sm_WT_F88K_S1_G17,26,0.8275,0.7779,0.9824,1,4.59,1,3.45,1,2.91,1,2.35,2.8,1.9,3.03,4.07,5.42,37,12
sm_WT_F88K_S1_G17,27,0.8272,0.797,0.9867,1,2.98,1,4.19,1,1.88,1,3.56,1.54,2.95,1.57,4.03,4.84,43,13
sm_WT_F88K_S1_G17,28,0.827,0.7697,0.9844,1,1.95,0,15.11,0,37.5,0,28.99,34.98,4.28,4.7,10.82,1.24,42,12
sm_WT_F88K_S1_G17,29,0.8269,0.8115,0.9861,0,5.1,1,4.03,1,2.56,1,2.24,5.18,1.71,2.23,3.14,4.31,41,15
sm_WT_F88K_S1_G17,3,0.8385,0.8073,0.9868,1,4.65,1,3.63,1,2.6,1,2.7,1.94,2.73,2.28,3.9,5.95,41,14
sm_WT_F88K_S1_G17,30,0.8268,0.8899,0.986,1,4.58,0,8.39,1,2.74,0,2.65,3.46,2.73,1.96,3.85,3.67,42,18
sm_WT_F88K_S1_G17,31,0.8262,0.7564,0.9844,1,2.94,1,4.97,1,1.25,1,2.94,1.43,1.89,2.72,4.15,5.43,42,11
sm_WT_F88K_S1_G17,32,0.8262,0.7936,0.9855,1,3.65,0,5.94,1,1.93,0,3.28,2.53,1.42,2.44,4.52,5.1,39,13
sm_WT_F88K_S1_G17,33,0.8253,0.8308,0.987,1,2.99,1,4.06,1,3.18,1,3.25,2.68,3.27,2.08,5.28,4.85,41,12
sm_WT_F88K_S1_G17,34,0.8247,0.8193,0.9866,1,3.54,1,3.92,0,7.88,0,4.79,8.58,2.44,2.87,2.18,6.37,36,13
sm_WT_F88K_S1_G17,35,0.8243,0.8355,0.9873,1,2.62,1,4.23,1,1.99,1,2.0,6.46,3.1,3.35,2.91,5.47,40,12
sm_WT_F88K_S1_G17,36,0.8243,0.8106,0.9836,0,6.32,0,23.4,1,1.31,0,2.91,5.47,2.89,3.11,7.4,6.04,29,10
sm_WT_F88K_S1_G17,37,0.8243,0.8034,0.9852,1,2.38,1,2.24,1,3.78,1,1.86,3.47,2.55,2.77,3.45,6.08,38,11
sm_WT_F88K_S1_G17,38,0.8241,0.7759,0.9858,1,4.28,1,3.94,1,3.17,1,2.66,3.22,1.99,2.55,3.36,6.38,39,13
sm_WT_F88K_S1_G17,39,0.8239,0.7433,0.985,1,2.87,0,15.78,0,37.16,0,28.87,34.19,2.71,1.93,7.6,1.69,46,14
sm_WT_F88K_S1_G17,4,0.8368,0.812,0.9868,1,2.45,1,4.75,1,2.75,1,3.08,2.24,2.16,1.98,3.24,4.77,44,12
sm_WT_F88K_S1_G17,40,0.8234,0.8821,0.9827,0,5.96,0,9.47,1,2.38,0,2.13,5.47,3.23,1.21,3.33,4.62,42,19
sm_WT_F88K_S1_G17,41,0.8232,0.7856,0.9838,1,3.89,1,4.3,1,2.97,1,2.96,2.18,2.46,2.65,3.22,5.99,41,13
sm_WT_F88K_S1_G17,42,0.8229,0.7503,0.9831,0,6.13,0,5.37,1,1.52,0,3.24,1.93,1.97,3.37,2.94,5.8,43,14
sm_WT_F88K_S1_G17,43,0.8228,0.8204,0.9894,1,2.57,1,4.63,1,2.45,1,1.54,4.96,2.54,3.21,3.61,5.21,39,14
sm_WT_F88K_S1_G17,44,0.8218,0.7811,0.9851,1,2.53,0,6.12,1,2.2,0,3.16,1.52,3.68,2.65,2.52,4.97,43,13
sm_WT_F88K_S1_G17,45,0.8216,0.7986,0.9874,1,1.79,1,4.06,1,2.24,1,2.26,7.2,2.56,3.36,3.56,5.14,42,13
sm_WT_F88K_S1_G17,46,0.8216,0.7877,0.9864,1,1.71,1,4.77,1,2.42,1,2.78,3.26,2.3,1.56,3.9,5.68,36,13
sm_WT_F88K_S1_G17,47,0.8215,0.7625,0.9864,1,3.2,0,5.73,1,0.74,0,3.53,2.26,2.78,2.79,4.11,3.82,43,12
sm_WT_F88K_S1_G17,48,0.8215,0.7624,0.9846,1,2.38,1,3.41,1,2.06,1,3.05,3.25,2.81,2.04,2.89,3.87,46,12
sm_WT_F88K_S1_G17,49,0.8212,0.7793,0.9865,1,3.49,1,4.55,1,3.22,1,3.29,6.37,3.01,2.3,3.26,3.81,38,13
sm_WT_F88K_S1_G17,5,0.836,0.8173,0.9865,0,5.54,1,3.8,1,2.0,1,3.47,1.42,2.35,2.09,4.14,5.61,41,12
sm_WT_F88K_S1_G17,50,0.821,0.7784,0.9864,1,2.58,1,3.55,1,3.07,1,2.94,2.58,2.63,2.71,3.8,5.57,38,13
sm_WT_F88K_S1_G17,51,0.8204,0.7803,0.985,1,4.27,0,5.17,1,3.61,0,1.7,2.91,2.01,1.75,2.05,5.17,46,12
sm_WT_F88K_S1_G17,52,0.8201,0.7616,0.9856,1,4.58,1,4.54,0,9.45,0,11.22,14.28,1.15,1.14,3.86,5.25,44,12
sm_WT_F88K_S1_G17,53,0.8187,0.7789,0.9838,1,4.46,1,4.94,1,2.51,1,3.13,2.99,0.37,1.16,4.13,6.56,34,14
sm_WT_F88K_S1_G17,54,0.8187,0.7434,0.9853,1,3.44,0,5.67,1,2.48,0,3.09,1.55,1.95,2.29,3.25,5.63,41,10
sm_WT_F88K_S1_G17,55,0.8181,0.7358,0.9834,0,7.02,1,3.52,1,2.23,1,2.06,6.89,1.41,2.64,3.03,6.45,43,13
sm_WT_F88K_S1_G17,56,0.8173,0.7731,0.9854,1,3.14,1,4.85,0,8.3,0,4.28,8.58,3.22,3.22,4.43,5.46,36,13
sm_WT_F88K_S1_G17,57,0.8167,0.7675,0.9833,1,2.4,0,5.16,1,2.76,0,3.47,1.68,1.73,3.38,3.29,4.82,40,15
sm_WT_F88K_S1_G17,58,0.8147,0.7294,0.9827,1,4.41,0,7.22,1,2.69,0,3.13,3.45,3.7,2.53,3.54,6.01,37,14
sm_WT_F88K_S1_G17,59,0.8146,0.7687,0.9833,1,2.56,0,7.08,1,2.82,0,0.89,4.23,3.51,3.42,3.31,4.5,44,11
sm_WT_F88K_S1_G17,6,0.8357,0.8313,0.988,1,2.29,1,3.95,1,2.44,1,1.83,5.69,3.63,3.19,3.26,6.15,36,12
sm_WT_F88K_S1_G17,60,0.8145,0.7725,0.9828,1,3.7,0,6.38,1,3.67,0,1.94,4.24,3.19,3.04,2.87,6.46,37,12
sm_WT_F88K_S1_G17,61,0.8141,0.757,0.982,0,5.54,0,5.49,1,1.36,0,3.55,3.27,2.19,2.71,3.55,5.91,38,12
sm_WT_F88K_S1_G17,62,0.8129,0.7609,0.9841,1,3.14,0,6.57,1,2.21,0,3.22,1.34,2.61,1.15,4.36,5.36,43,12
sm_WT_F88K_S1_G17,63,0.8125,0.8293,0.9905,1,1.09,0,19.24,0,37.59,0,29.53,35.56,1.34,7.4,11.92,2.1,45,11
sm_WT_F88K_S1_G17,64,0.8125,0.7413,0.9819,1,4.52,0,5.17,1,3.98,0,4.37,8.31,2.71,3.23,2.77,5.85,46,16
sm_WT_F88K_S1_G17,65,0.8113,0.7892,0.9839,1,2.89,0,5.21,1,2.78,0,2.34,6.09,2.96,3.61,2.99,5.03,38,12
sm_WT_F88K_S1_G17,66,0.8112,0.7302,0.9793,1,3.6,1,4.04,1,2.36,1,1.31,7.33,1.54,2.35,4.49,3.25,38,12
sm_WT_F88K_S1_G17,67,0.8111,0.7981,0.9807,1,4.55,0,21.59,0,24.39,0,20.47,23.58,2.27,2.93,3.4,4.37,37,12
sm_WT_F88K_S1_G17,68,0.8103,0.7161,0.9832,1,2.26,1,4.11,1,1.6,1,3.36,2.23,2.32,3.85,3.41,4.55,43,13
sm_WT_F88K_S1_G17,69,0.81,0.7255,0.9829,0,5.4,1,3.46,1,2.33,1,1.55,6.2,1.69,3.29,4.12,5.47,37,11
sm_WT_F88K_S1_G17,7,0.8352,0.8525,0.9896,1,3.03,0,6.29,1,2.84,0,3.39,2.89,2.59,2.16,4.05,6.03,37,10
sm_WT_F88K_S1_G17,70,0.8095,0.7778,0.9846,1,3.72,0,5.26,1,2.32,0,3.11,1.66,3.38,1.93,4.57,6.47,43,14
sm_WT_F88K_S1_G17,71,0.8068,0.7558,0.9843,1,4.19,1,2.39,1,1.97,1,1.26,2.25,1.87,3.09,2.61,6.18,40,13
sm_WT_F88K_S1_G17,72,0.8065,0.6659,0.9807,0,7.52,1,2.68,1,2.65,1,3.18,2.68,1.84,1.75,4.18,6.41,39,14
sm_WT_F88K_S1_G17,73,0.8047,0.7151,0.9827,1,3.86,1,4.08,1,3.16,1,3.68,4.05,2.58,2.06,3.3,3.93,38,11
sm_WT_F88K_S1_G17,74,0.801,0.8787,0.9877,1,2.61,0,19.53,0,39.53,0,30.51,37.01,3.15,3.27,7.65,1.85,45,20
sm_WT_F88K_S1_G17,75,0.8006,0.7153,0.9811,0,6.1,0,6.41,1,2.48,0,0.92,5.06,2.04,1.97,2.61,5.92,39,10
sm_WT_F88K_S1_G17,76,0.7996,0.7717,0.9788,0,7.15,0,9.92,1,3.12,0,2.29,5.01,1.47,0.71,4.27,5.64,43,18
sm_WT_F88K_S1_G17,77,0.7986,0.6932,0.9827,1,2.54,1,4.82,1,2.57,1,0.82,4.59,3.42,1.31,3.6,2.68,38,11
sm_WT_F88K_S1_G17,78,0.7983,0.7198,0.9811,1,1.96,0,13.52,0,37.69,0,29.68,35.76,0.67,4.7,7.97,2.35,44,14
sm_WT_F88K_S1_G17,79,0.7981,0.695,0.9816,1,3.15,1,4.11,1,4.97,1,7.54,10.39,1.81,2.03,4.44,5.08,38,12
sm_WT_F88K_S1_G17,8,0.8351,0.8235,0.986,0,7.31,1,4.69,0,42.91,0,37.14,40.6,1.43,2.15,4.2,6.54,43,12
sm_WT_F88K_S1_G17,80,0.7967,0.7459,0.9835,1,3.23,0,5.16,1,3.0,0,2.64,5.93,2.64,2.98,3.43,5.67,41,15
sm_WT_F88K_S1_G17,81,0.7964,0.7102,0.9824,1,2.52,1,4.98,1,3.62,1,2.52,2.4,2.79,2.81,4.2,4.8,43,12
sm_WT_F88K_S1_G17,82,0.7953,0.7231,0.981,0,7.16,0,21.85,0,24.95,0,21.4,24.89,2.67,1.21,2.66,6.63,31,10
sm_WT_F88K_S1_G17,83,0.7951,0.7788,0.9789,0,7.79,0,5.53,1,3.81,0,2.88,3.02,3.85,1.72,4.05,5.5,33,16
sm_WT_F88K_S1_G17,84,0.7945,0.6932,0.9847,1,3.12,1,3.09,1,2.59,1,3.25,2.17,1.86,2.84,3.46,4.95,40,14
sm_WT_F88K_S1_G17,85,0.7945,0.7021,0.9821,0,5.02,1,4.22,1,2.53,1,2.88,1.74,3.07,2.65,2.28,6.16,39,15
sm_WT_F88K_S1_G17,86,0.7941,0.723,0.983,1,2.81,0,5.42,1,2.97,0,1.83,5.98,3.09,2.46,3.3,4.88,39,12
sm_WT_F88K_S1_G17,87,0.7929,0.6922,0.9816,1,2.88,0,5.23,1,2.13,0,0.91,4.82,2.68,2.33,4.12,5.68,38,11
sm_WT_F88K_S1_G17,88,0.7913,0.7892,0.9765,0,6.24,0,10.31,1,2.32,0,2.35,2.94,1.86,2.35,8.14,4.47,31,11
sm_WT_F88K_S1_G17,89,0.7863,0.7675,0.9813,0,7.02,0,9.35,0,10.16,0,7.15,12.0,2.42,1.43,5.47,5.9,42,11
sm_WT_F88K_S1_G17,9,0.8328,0.8978,0.9841,0,7.16,0,10.3,1,2.71,0,1.76,2.21,2.77,2.25,2.8,5.05,42,17
sm_WT_F88K_S1_G17,90,0.7841,0.6315,0.9809,1,4.55,0,5.35,0,6.49,0,8.12,11.07,2.42,3.2,2.89,6.59,34,13
sm_WT_F88K_S1_G17,91,0.7813,0.7818,0.9788,0,5.3,0,6.29,1,1.05,0,1.46,3.33,1.11,2.78,3.42,5.6,43,16
sm_WT_F88K_S1_G17,92,0.7778,0.6782,0.9777,0,7.18,0,11.32,1,1.37,0,1.64,2.86,2.68,2.47,3.44,5.62,38,18
sm_WT_F88K_S1_G17,93,0.7728,0.7212,0.9784,0,5.1,0,9.39,1,3.12,0,1.62,5.01,2.19,1.67,3.59,2.89,47,20
sm_WT_F88K_S1_G17,94,0.7717,0.7155,0.9784,1,1.67,0,19.74,0,39.9,0,31.54,36.88,1.99,3.07,6.33,2.32,44,19
sm_WT_F88K_S1_G17,95,0.7679,0.5456,0.975,0,5.2,0,16.06,0,23.2,0,21.56,23.91,3.75,1.61,2.08,4.46,34,11
sm_WT_F88K_S1_G17,96,0.7678,0.5541,0.976,0,5.06,0,17.62,0,22.99,0,21.94,23.98,2.43,1.24,2.57,4.77,30,11
sm_WT_F88K_S1_G17,97,0.7647,0.5826,0.9778,1,4.36,0,5.51,0,5.27,0,4.29,6.72,3.38,2.64,3.08,6.03,44,13
sm_WT_F88K_S1_G17,98,0.7393,0.5848,0.9753,0,5.01,0,10.38,1,1.84,0,2.51,3.32,2.04,2.07,2.49,4.09,46,16
sm_WT_F88K_S1_G17,99,0.7239,0.5366,0.9718,0,7.87,0,6.52,1,1.7,0,2.83,7.22,2.93,1.53,4.25,7.66,35,15
w_HQL2_M255I_S1_G17,0,0.8504,0.9372,0.9891,0,7.74,0,11.93,1,1.47,0,2.93,1.76,2.08,2.37,3.16,6.54,38,19
w_HQL2_M255I_S1_G17,1,0.8474,0.9254,0.9881,0,7.32,0,11.51,1,2.35,0,2.11,5.42,3.76,1.82,4.79,6.77,35,17
w_HQL2_M255I_S1_G17,10,0.8283,0.8484,0.9895,1,2.77,1,3.16,1,2.43,1,1.85,7.08,2.31,3.0,3.39,4.4,38,14
w_HQL2_M255I_S1_G17,11,0.8281,0.8248,0.986,1,3.29,1,3.38,1,1.89,1,1.02,6.13,3.19,2.3,3.37,1.48,43,12
w_HQL2_M255I_S1_G17,12,0.8268,0.8988,0.9848,0,7.18,0,15.12,1,1.86,0,1.33,3.92,2.28,2.05,2.07,6.48,41,14
w_HQL2_M255I_S1_G17,13,0.8267,0.8388,0.9905,1,2.07,1,3.87,1,0.56,1,1.43,4.91,3.3,2.9,3.15,4.12,36,13
w_HQL2_M255I_S1_G17,14,0.8261,0.8003,0.9878,1,2.19,1,3.07,1,2.63,1,0.63,2.77,1.73,2.39,4.28,4.44,40,12
w_HQL2_M255I_S1_G17,15,0.826,0.8132,0.9873,1,3.24,1,4.51,1,2.8,1,1.18,5.14,2.34,1.99,5.8,5.74,35,13
w_HQL2_M255I_S1_G17,16,0.8259,0.8302,0.9883,1,2.63,1,2.92,1,3.7,1,1.14,2.83,1.27,3.25,3.76,4.77,41,15
w_HQL2_M255I_S1_G17,17,0.8259,0.7785,0.986,1,3.18,1,3.48,1,2.13,1,3.48,4.06,1.12,0.93,3.58,4.86,38,14
w_HQL2_M255I_S1_G17,18,0.8256,0.8223,0.9885,1,2.42,1,3.84,0,6.16,0,3.03,7.91,3.0,3.05,4.71,2.74,38,11
w_HQL2_M255I_S1_G17,19,0.825,0.8213,0.9868,1,3.19,1,4.15,1,3.05,1,3.15,2.78,3.03,3.53,4.74,5.26,41,13
w_HQL2_M255I_S1_G17,2,0.8463,0.8997,0.9875,0,8.19,0,11.4,1,1.96,0,1.6,4.08,1.91,1.96,1.78,6.94,43,17
w_HQL2_M255I_S1_G17,20,0.8223,0.8077,0.9881,1,3.36,1,3.9,1,2.85,1,1.3,5.15,1.07,3.27,4.98,4.99,40,12
w_HQL2_M255I_S1_G17,21,0.8221,0.7974,0.9871,1,4.26,1,3.04,1,3.5,1,1.53,5.81,1.93,3.5,3.92,2.39,41,11
w_HQL2_M255I_S1_G17,22,0.8214,0.7788,0.9864,1,3.3,1,3.4,1,1.67,1,1.1,6.71,1.69,2.77,2.53,4.15,39,14
w_HQL2_M255I_S1_G17,23,0.8209,0.8023,0.9857,1,1.62,1,4.12,1,2.46,1,1.97,2.67,2.62,2.83,4.1,6.11,42,12
w_HQL2_M255I_S1_G17,24,0.8199,0.769,0.9856,1,3.12,1,4.96,1,1.62,1,2.18,6.12,3.09,3.42,4.68,5.01,43,14
w_HQL2_M255I_S1_G17,25,0.8194,0.8793,0.9835,0,6.89,0,10.46,1,3.59,0,2.38,2.07,0.8,1.97,4.41,7.49,39,19
w_HQL2_M255I_S1_G17,26,0.819,0.7936,0.987,1,2.82,1,4.73,1,2.58,1,3.47,3.24,2.56,2.46,4.1,4.2,39,13
w_HQL2_M255I_S1_G17,27,0.8187,0.7911,0.9862,1,3.98,1,3.91,1,0.96,1,2.8,6.22,2.64,2.59,3.03,4.51,44,13
w_HQL2_M255I_S1_G17,28,0.8182,0.787,0.9872,1,1.74,1,4.24,1,3.1,1,2.35,1.93,1.17,2.69,4.14,4.35,40,11
w_HQL2_M255I_S1_G17,29,0.8176,0.7974,0.9875,1,3.3,1,2.74,1,2.56,1,2.49,3.62,0.94,3.87,3.39,3.02,37,10
w_HQL2_M255I_S1_G17,3,0.838,0.8934,0.9831,1,4.47,0,12.94,1,3.03,0,2.56,1.65,3.11,1.76,3.58,3.99,38,18
w_HQL2_M255I_S1_G17,30,0.817,0.7796,0.9871,1,3.6,1,3.59,1,2.8,1,3.02,5.76,1.43,3.0,4.01,4.31,38,11
w_HQL2_M255I_S1_G17,31,0.8165,0.7828,0.9842,1,3.69,1,3.98,1,3.23,1,1.59,2.55,2.83,2.2,4.78,5.88,36,12
w_HQL2_M255I_S1_G17,32,0.8165,0.8682,0.9875,0,7.88,0,23.57,1,4.64,0,6.5,8.33,6.06,4.23,8.32,5.81,32,11
w_HQL2_M255I_S1_G17,33,0.8159,0.8033,0.9893,1,2.99,1,3.23,1,2.07,1,0.84,5.19,2.4,2.69,4.28,5.06,41,12
w_HQL2_M255I_S1_G17,34,0.8157,0.8038,0.9875,1,3.25,1,3.91,1,3.15,1,1.61,3.26,0.86,2.39,3.04,4.49,35,11
w_HQL2_M255I_S1_G17,35,0.8154,0.786,0.9871,1,3.06,1,2.7,1,3.4,1,2.13,4.3,2.03,3.77,3.98,4.35,45,13
w_HQL2_M255I_S1_G17,36,0.8151,0.8724,0.9855,0,5.69,0,12.47,1,0.9,0,1.08,2.96,3.25,1.84,3.34,6.57,41,16
w_HQL2_M255I_S1_G17,37,0.815,0.7656,0.9848,1,2.93,1,2.76,1,2.9,1,3.14,4.28,2.5,3.47,2.84,5.6,35,11
w_HQL2_M255I_S1_G17,38,0.8149,0.7442,0.985,1,2.84,1,4.27,1,2.55,1,1.72,4.32,2.38,3.01,4.18,3.81,40,13
w_HQL2_M255I_S1_G17,39,0.8147,0.887,0.9867,0,7.55,0,12.98,1,2.56,0,3.14,3.53,1.75,2.79,5.04,6.96,37,13
w_HQL2_M255I_S1_G17,4,0.836,0.9047,0.9862,0,6.75,0,15.17,1,3.24,0,2.77,4.85,3.45,1.79,4.59,6.16,45,18
w_HQL2_M255I_S1_G17,40,0.8145,0.7812,0.9868,1,2.96,1,4.64,1,2.92,1,1.27,3.65,1.29,1.99,4.76,4.57,40,14
w_HQL2_M255I_S1_G17,41,0.8134,0.791,0.9842,1,4.31,0,5.75,1,2.26,0,1.11,3.35,1.47,4.36,3.81,5.75,37,12
w_HQL2_M255I_S1_G17,42,0.8124,0.781,0.9867,0,7.2,0,22.4,0,13.3,0,4.87,10.21,2.1,2.62,6.31,6.65,28,10
w_HQL2_M255I_S1_G17,43,0.8123,0.7514,0.9857,1,4.81,1,4.92,1,3.18,1,2.77,5.08,1.97,4.24,3.35,4.87,38,12
w_HQL2_M255I_S1_G17,44,0.8118,0.7739,0.9851,1,2.54,1,3.93,1,3.41,1,1.89,3.8,2.56,2.84,5.22,3.82,39,13
w_HQL2_M255I_S1_G17,45,0.8118,0.76,0.9822,1,3.43,1,3.17,1,3.02,1,1.83,4.49,2.39,3.34,3.85,3.57,38,14
w_HQL2_M255I_S1_G17,46,0.8114,0.8049,0.9875,1,2.27,1,2.46,1,1.67,1,1.24,6.05,1.67,2.32,3.46,3.73,45,13
w_HQL2_M255I_S1_G17,47,0.8112,0.7962,0.9878,1,3.09,1,3.44,1,3.02,1,1.27,2.28,1.26,3.26,4.91,4.65,34,13
w_HQL2_M255I_S1_G17,48,0.8109,0.8192,0.9876,1,2.42,1,4.4,1,3.17,1,2.11,5.87,2.35,3.34,2.79,3.45,42,13
w_HQL2_M255I_S1_G17,49,0.8105,0.7411,0.9855,1,1.79,1,4.54,1,2.88,1,1.3,4.79,3.11,4.55,4.95,4.04,39,14
w_HQL2_M255I_S1_G17,5,0.8348,0.8097,0.9877,1,2.51,1,4.82,1,1.84,1,0.22,5.6,2.46,2.75,4.67,3.92,40,13
w_HQL2_M255I_S1_G17,50,0.81,0.8542,0.9846,0,7.58,0,18.23,1,4.48,0,6.15,8.38,3.23,1.94,6.15,7.21,35,13
w_HQL2_M255I_S1_G17,51,0.8094,0.8623,0.9865,0,7.13,0,16.72,1,4.27,0,5.31,8.88,1.95,1.13,4.08,5.89,41,16
w_HQL2_M255I_S1_G17,52,0.8092,0.8575,0.9837,1,4.57,0,11.02,1,3.7,0,2.65,4.77,3.19,2.54,4.31,4.29,40,16
w_HQL2_M255I_S1_G17,53,0.8081,0.7532,0.986,1,2.37,1,3.89,1,3.13,1,1.64,4.34,2.14,2.4,4.59,3.2,41,12
w_HQL2_M255I_S1_G17,54,0.808,0.7412,0.984,1,2.11,1,4.15,1,2.78,1,1.36,3.82,1.5,3.0,3.26,4.89,41,13
w_HQL2_M255I_S1_G17,55,0.8078,0.8501,0.9805,0,5.01,0,11.3,1,2.72,0,3.35,5.11,3.27,1.7,4.07,5.74,38,18
w_HQL2_M255I_S1_G17,56,0.8078,0.7929,0.9866,1,3.4,1,4.38,1,1.3,1,2.0,3.85,0.75,3.82,4.8,4.14,40,14
w_HQL2_M255I_S1_G17,57,0.8071,0.7543,0.9843,1,2.78,1,4.94,1,2.98,1,1.04,6.0,2.28,1.44,3.63,2.43,41,13
w_HQL2_M255I_S1_G17,58,0.8064,0.7345,0.9845,1,3.12,1,2.6,1,2.96,1,1.78,4.55,0.35,3.16,3.26,4.96,45,15
w_HQL2_M255I_S1_G17,59,0.8059,0.7267,0.9849,1,2.24,0,5.16,1,2.82,0,1.86,2.66,1.74,1.53,4.91,4.66,34,12
w_HQL2_M255I_S1_G17,6,0.8336,0.8138,0.9878,1,2.56,1,2.72,1,3.41,1,0.89,5.45,0.97,3.72,4.29,4.79,38,11
w_HQL2_M255I_S1_G17,60,0.8056,0.7648,0.9847,1,3.23,1,4.05,1,2.53,1,2.02,6.0,2.11,4.29,4.46,5.05,34,12
w_HQL2_M255I_S1_G17,61,0.8052,0.7724,0.986,1,3.25,1,2.35,1,2.79,1,0.98,4.14,2.68,1.61,4.31,4.33,42,14
w_HQL2_M255I_S1_G17,62,0.805,0.8115,0.9832,0,9.02,0,16.68,0,5.33,0,6.23,9.55,3.85,1.19,5.61,7.38,32,16
w_HQL2_M255I_S1_G17,63,0.8047,0.8741,0.9837,0,6.44,0,11.59,1,3.8,0,2.36,6.39,2.01,2.08,4.01,6.12,44,13
w_HQL2_M255I_S1_G17,64,0.8045,0.7655,0.985,1,2.8,1,2.98,1,3.05,1,1.34,5.43,1.35,3.4,4.6,4.47,36,13
w_HQL2_M255I_S1_G17,65,0.8034,0.795,0.9854,1,3.56,0,19.35,1,4.17,0,2.23,7.01,2.1,1.8,5.57,4.44,38,15
w_HQL2_M255I_S1_G17,66,0.8033,0.8376,0.985,0,5.77,0,15.26,0,6.74,0,7.29,10.62,1.31,2.33,4.34,6.29,31,13
w_HQL2_M255I_S1_G17,67,0.8031,0.738,0.9838,1,2.57,1,3.14,1,3.15,1,1.59,4.71,1.72,3.11,4.27,3.43,43,13
w_HQL2_M255I_S1_G17,68,0.8029,0.7385,0.9865,1,1.82,0,14.88,0,41.16,0,32.01,38.64,3.02,5.48,9.89,1.96,42,12
w_HQL2_M255I_S1_G17,69,0.8028,0.7439,0.9844,1,2.57,0,6.49,0,6.41,0,6.13,8.45,1.06,3.04,4.21,2.64,38,12
w_HQL2_M255I_S1_G17,7,0.8313,0.8165,0.9888,1,2.11,1,3.66,1,3.76,1,2.02,3.54,2.79,1.96,3.22,5.56,36,13
w_HQL2_M255I_S1_G17,70,0.8026,0.7692,0.9855,1,3.41,1,2.06,1,3.84,1,3.53,2.01,2.32,1.81,3.62,4.32,43,12
w_HQL2_M255I_S1_G17,71,0.8026,0.7425,0.9856,0,5.58,1,3.92,1,3.29,1,2.61,5.43,1.51,2.68,3.99,5.28,36,11
w_HQL2_M255I_S1_G17,72,0.802,0.7076,0.9833,1,2.9,1,3.65,1,2.87,1,2.77,5.52,2.33,1.93,2.21,3.99,41,14
w_HQL2_M255I_S1_G17,73,0.8019,0.7871,0.9848,0,6.47,0,15.77,1,4.34,0,3.66,7.66,1.96,2.4,3.9,5.84,38,14
w_HQL2_M255I_S1_G17,74,0.8015,0.7018,0.9839,1,3.22,1,4.08,1,3.2,1,2.39,4.34,1.19,3.35,3.74,4.38,46,13
w_HQL2_M255I_S1_G17,75,0.7996,0.7686,0.9852,0,6.33,0,13.12,0,5.89,0,6.45,9.91,1.87,2.29,4.63,5.28,31,14
w_HQL2_M255I_S1_G17,76,0.7992,0.7403,0.9853,1,2.76,1,4.41,1,3.34,1,1.99,4.91,2.76,2.83,3.99,6.23,42,13
w_HQL2_M255I_S1_G17,77,0.7991,0.8018,0.9842,0,6.43,0,16.49,1,4.29,0,3.03,7.87,1.03,1.86,3.8,6.84,35,13
w_HQL2_M255I_S1_G17,78,0.7986,0.7313,0.9848,1,3.4,1,4.63,1,4.34,1,2.97,6.96,1.5,3.26,3.75,4.03,43,14
w_HQL2_M255I_S1_G17,79,0.7984,0.7212,0.9841,1,3.08,1,3.2,1,2.44,1,0.53,5.45,0.67,2.0,4.68,4.56,40,13
w_HQL2_M255I_S1_G17,8,0.8289,0.8135,0.987,1,3.21,1,4.57,1,3.21,1,2.85,4.49,0.49,3.34,4.31,4.59,40,11
w_HQL2_M255I_S1_G17,80,0.7973,0.7387,0.9847,1,1.47,1,4.05,1,2.63,1,1.97,3.77,1.18,2.18,4.4,3.93,43,13
w_HQL2_M255I_S1_G17,81,0.797,0.7019,0.9832,1,3.9,1,3.82,1,3.1,1,0.89,4.87,2.17,3.28,4.47,3.43,38,13
w_HQL2_M255I_S1_G17,82,0.7966,0.7421,0.9826,1,3.61,1,3.76,1,3.04,1,2.29,3.15,3.03,3.63,2.55,6.22,43,11
w_HQL2_M255I_S1_G17,83,0.7964,0.7381,0.9866,1,3.76,0,5.29,1,3.01,0,2.61,4.73,3.27,1.43,4.23,4.05,36,12
w_HQL2_M255I_S1_G17,84,0.795,0.8005,0.9839,1,2.65,1,3.32,1,1.87,1,1.62,3.16,2.26,2.84,4.28,4.54,40,16
w_HQL2_M255I_S1_G17,85,0.7928,0.7371,0.9856,1,2.12,1,2.56,1,3.45,1,1.72,6.34,1.41,3.57,3.93,5.27,41,13
w_HQL2_M255I_S1_G17,86,0.7922,0.8405,0.9805,0,6.91,0,11.3,1,1.75,0,0.57,2.11,2.78,1.66,3.73,6.22,34,11
w_HQL2_M255I_S1_G17,87,0.7919,0.7194,0.985,1,3.52,0,5.01,1,2.68,0,1.16,4.68,0.51,2.87,2.78,4.22,40,11
w_HQL2_M255I_S1_G17,88,0.789,0.7717,0.9798,0,5.65,0,13.02,1,2.59,0,2.61,3.3,1.06,2.15,2.81,4.7,48,19
w_HQL2_M255I_S1_G17,89,0.7866,0.6492,0.9825,1,3.82,1,4.48,1,2.91,1,1.48,4.34,2.79,3.09,4.23,5.2,38,10
w_HQL2_M255I_S1_G17,9,0.8285,0.8464,0.9889,1,2.22,0,5.07,0,7.56,0,6.94,10.36,2.98,2.41,3.65,3.96,43,16
w_HQL2_M255I_S1_G17,90,0.7851,0.7115,0.984,1,2.75,1,4.2,1,2.79,1,1.69,4.16,2.77,2.12,3.2,4.43,44,14
w_HQL2_M255I_S1_G17,91,0.7839,0.6583,0.9835,1,3.21,1,4.85,1,2.78,1,1.58,3.53,1.3,3.12,4.03,4.87,43,13
w_HQL2_M255I_S1_G17,92,0.7784,0.6464,0.983,1,2.89,1,3.85,1,2.85,1,1.62,3.91,0.73,1.76,4.49,4.73,40,13
w_HQL2_M255I_S1_G17,93,0.7781,0.6622,0.982,1,2.98,1,3.41,1,3.3,1,0.86,5.37,1.64,2.82,3.36,5.96,32,13
w_HQL2_M255I_S1_G17,94,0.7762,0.6366,0.9816,1,2.74,1,3.68,1,1.45,1,1.89,3.7,1.16,2.63,3.02,3.45,41,14
w_HQL2_M255I_S1_G17,95,0.7755,0.6603,0.9804,0,5.0,0,5.33,1,2.96,0,2.35,4.16,0.48,3.25,4.28,4.85,37,12
w_HQL2_M255I_S1_G17,96,0.7692,0.6351,0.9802,1,2.44,1,2.48,0,5.37,0,4.13,6.28,1.07,2.3,5.55,3.36,41,13
w_HQL2_M255I_S1_G17,97,0.7676,0.6893,0.9764,0,6.4,0,14.28,1,2.95,0,2.97,1.41,1.69,2.13,4.37,6.59,42,16
w_HQL2_M255I_S1_G17,98,0.7642,0.6465,0.9814,1,2.6,1,4.36,1,3.13,1,0.26,4.91,1.51,3.03,4.07,3.71,41,12
w_HQL2_M255I_S1_G17,99,0.7255,0.5623,0.9762,0,6.05,0,12.1,1,2.21,0,4.47,6.74,2.67,2.02,4.06,6.47,43,20
w_TrackF_r1_M255I_S1_G17,0,0.8302,0.9103,0.9861,0,6.28,0,7.74,0,6.24,0,3.33,3.0,1.13,3.97,4.69,7.06,36,18
w_TrackF_r1_M255I_S1_G17,1,0.8259,0.8083,0.9884,1,2.46,0,17.01,0,36.45,0,27.81,35.47,1.01,4.47,10.15,2.32,40,12
w_TrackF_r1_M255I_S1_G17,10,0.8207,0.8331,0.9892,1,2.31,0,13.45,0,17.98,0,7.96,15.5,2.1,3.43,3.95,3.3,33,9
w_TrackF_r1_M255I_S1_G17,11,0.8194,0.8469,0.9909,1,3.17,1,3.57,1,2.71,1,4.34,3.58,1.44,3.55,4.7,4.26,45,16
w_TrackF_r1_M255I_S1_G17,12,0.8189,0.8149,0.9864,1,4.51,0,5.48,1,2.94,0,3.44,3.98,1.04,2.19,4.72,5.58,41,13
w_TrackF_r1_M255I_S1_G17,13,0.8189,0.8406,0.9891,1,3.83,1,2.98,1,2.2,1,4.22,3.63,2.04,5.63,4.92,4.59,36,12
w_TrackF_r1_M255I_S1_G17,14,0.8185,0.8447,0.9894,1,4.22,1,3.51,1,2.82,1,3.63,4.43,2.44,4.39,5.41,5.56,43,15
w_TrackF_r1_M255I_S1_G17,15,0.8185,0.8205,0.9884,1,3.2,1,3.86,1,1.82,1,4.14,3.55,2.91,3.33,4.64,4.62,35,12
w_TrackF_r1_M255I_S1_G17,16,0.8179,0.8371,0.989,1,4.08,1,3.54,0,6.18,0,2.68,4.99,1.81,2.24,5.32,4.65,38,12
w_TrackF_r1_M255I_S1_G17,17,0.8173,0.855,0.9911,1,2.67,1,3.73,1,3.12,1,3.03,2.83,2.01,1.65,3.77,2.81,48,14
w_TrackF_r1_M255I_S1_G17,18,0.8172,0.8344,0.9879,1,3.21,1,3.83,1,1.56,1,4.13,4.67,2.08,2.42,4.35,3.84,46,13
w_TrackF_r1_M255I_S1_G17,19,0.8172,0.8093,0.9881,1,3.13,1,3.0,1,1.57,1,2.76,2.62,0.77,2.6,6.99,3.78,43,14
w_TrackF_r1_M255I_S1_G17,2,0.8256,0.9131,0.9867,0,6.47,0,14.88,1,3.12,0,3.98,4.22,1.05,3.6,5.28,6.29,37,17
w_TrackF_r1_M255I_S1_G17,20,0.8172,0.8766,0.9876,0,7.36,1,2.98,0,31.28,0,33.11,33.07,2.58,4.63,5.67,7.49,24,12
w_TrackF_r1_M255I_S1_G17,21,0.8168,0.9276,0.989,0,5.31,0,14.27,0,18.31,0,10.14,16.1,2.06,2.86,3.25,3.94,40,18
w_TrackF_r1_M255I_S1_G17,22,0.8167,0.8004,0.9869,1,3.51,1,3.16,1,1.21,1,3.21,3.05,1.96,2.93,4.14,4.79,43,14
w_TrackF_r1_M255I_S1_G17,23,0.8161,0.8052,0.9867,1,2.97,1,3.73,1,1.17,1,4.41,7.22,1.95,2.77,3.64,4.45,40,12
w_TrackF_r1_M255I_S1_G17,24,0.8157,0.8013,0.9863,1,3.66,1,2.99,1,4.32,1,3.45,2.05,2.88,2.63,5.84,4.62,41,16
w_TrackF_r1_M255I_S1_G17,25,0.8157,0.8544,0.986,0,6.55,0,8.8,0,32.23,0,31.4,34.1,2.77,5.05,6.14,7.12,23,10
w_TrackF_r1_M255I_S1_G17,26,0.8152,0.8402,0.9894,1,2.95,1,3.13,1,3.51,1,2.53,4.36,1.89,3.12,5.29,4.76,38,14
w_TrackF_r1_M255I_S1_G17,27,0.8149,0.8577,0.9849,1,2.97,0,13.52,0,19.37,0,9.18,16.28,1.9,3.67,3.44,5.19,41,16
w_TrackF_r1_M255I_S1_G17,28,0.8145,0.7883,0.9859,1,3.28,1,4.38,1,3.62,1,2.67,3.55,2.6,2.33,4.07,4.47,37,13
w_TrackF_r1_M255I_S1_G17,29,0.8145,0.9206,0.9901,1,2.76,0,15.99,0,26.34,0,21.12,27.73,2.48,4.57,3.76,1.46,35,14
w_TrackF_r1_M255I_S1_G17,3,0.8238,0.7996,0.9873,1,1.41,0,16.43,0,38.19,0,29.59,37.16,2.21,3.54,8.65,1.79,55,13
w_TrackF_r1_M255I_S1_G17,30,0.8142,0.8078,0.986,1,3.45,1,4.26,1,2.37,1,2.26,3.88,2.26,3.19,4.19,5.02,40,15
w_TrackF_r1_M255I_S1_G17,31,0.8135,0.9102,0.9886,1,3.61,0,10.08,1,1.34,0,6.01,3.3,2.01,1.48,3.83,3.55,41,18
w_TrackF_r1_M255I_S1_G17,32,0.8122,0.7793,0.9875,1,2.91,0,15.65,0,38.54,0,28.86,36.19,0.81,3.5,11.88,2.22,47,12
w_TrackF_r1_M255I_S1_G17,33,0.812,0.7854,0.9858,1,2.95,1,3.24,1,4.12,1,4.3,3.42,2.07,1.84,3.47,4.07,44,12
w_TrackF_r1_M255I_S1_G17,34,0.8117,0.815,0.9886,1,2.8,1,2.61,1,3.19,1,4.3,3.49,1.71,2.08,4.79,3.7,46,12
w_TrackF_r1_M255I_S1_G17,35,0.8112,0.8357,0.99,1,3.98,1,2.92,1,3.44,1,5.6,5.93,1.92,2.36,5.5,5.74,35,14
w_TrackF_r1_M255I_S1_G17,36,0.8112,0.8269,0.9885,1,2.54,1,3.19,1,2.19,1,2.26,4.02,2.86,3.22,4.77,4.63,38,13
w_TrackF_r1_M255I_S1_G17,37,0.8111,0.7594,0.9854,1,2.19,0,15.42,0,39.73,0,29.38,37.2,1.56,7.47,10.35,1.68,55,15
w_TrackF_r1_M255I_S1_G17,38,0.8098,0.772,0.9861,1,2.65,0,13.34,0,27.15,0,19.19,25.61,1.63,3.35,3.87,2.34,29,9
w_TrackF_r1_M255I_S1_G17,39,0.8097,0.788,0.9862,1,2.43,1,4.82,1,1.84,1,4.2,3.22,3.14,2.66,4.25,2.58,45,15
w_TrackF_r1_M255I_S1_G17,4,0.8237,0.8471,0.9895,1,2.1,0,15.94,0,38.99,0,28.6,36.18,0.92,4.55,10.67,2.01,48,12
w_TrackF_r1_M255I_S1_G17,40,0.8095,0.7803,0.9856,1,3.09,1,3.97,1,1.98,1,6.5,4.66,2.16,1.84,3.17,4.71,41,14
w_TrackF_r1_M255I_S1_G17,41,0.8086,0.7785,0.985,1,1.92,0,5.03,1,2.84,0,3.38,4.96,2.91,4.86,4.57,2.09,44,13
w_TrackF_r1_M255I_S1_G17,42,0.807,0.8817,0.9844,0,6.86,0,12.9,1,2.14,0,2.59,4.55,2.78,3.42,3.9,7.39,34,16
w_TrackF_r1_M255I_S1_G17,43,0.8066,0.779,0.985,1,2.58,1,3.03,1,2.26,1,4.06,3.58,2.84,1.16,4.67,4.95,41,15
w_TrackF_r1_M255I_S1_G17,44,0.8062,0.8087,0.9862,1,3.1,1,3.58,1,3.45,1,3.68,3.37,1.5,2.44,3.37,3.93,43,15
w_TrackF_r1_M255I_S1_G17,45,0.8058,0.7915,0.9861,1,3.82,1,4.37,1,3.22,1,2.12,3.57,1.89,2.15,4.96,4.87,44,15
w_TrackF_r1_M255I_S1_G17,46,0.8054,0.8174,0.9883,1,2.86,1,2.56,1,0.88,1,6.16,6.56,1.74,2.16,3.4,4.78,43,12
w_TrackF_r1_M255I_S1_G17,47,0.8054,0.7655,0.9862,1,3.74,1,2.33,1,3.93,1,3.52,3.87,1.43,2.41,5.99,4.47,36,13
w_TrackF_r1_M255I_S1_G17,48,0.8049,0.9077,0.9907,1,2.47,0,14.17,0,33.83,0,25.46,32.02,2.85,2.86,6.32,1.63,36,14
w_TrackF_r1_M255I_S1_G17,49,0.8046,0.7766,0.9872,1,2.81,1,4.82,1,1.12,1,2.91,2.96,2.11,2.18,5.06,4.4,37,11
w_TrackF_r1_M255I_S1_G17,5,0.8216,0.8599,0.9905,1,3.45,1,3.37,1,3.09,1,3.4,2.93,1.65,1.44,3.98,4.39,44,14
w_TrackF_r1_M255I_S1_G17,50,0.8041,0.788,0.986,1,2.94,1,3.27,1,3.17,1,4.34,3.44,2.56,2.97,3.39,4.25,38,12
w_TrackF_r1_M255I_S1_G17,51,0.8039,0.7724,0.9863,1,2.75,1,4.17,1,2.49,1,5.78,6.29,1.63,2.34,4.85,4.95,36,13
w_TrackF_r1_M255I_S1_G17,52,0.8038,0.8541,0.9876,0,7.06,0,5.49,0,32.14,0,32.92,33.56,2.63,4.96,6.13,7.4,22,11
w_TrackF_r1_M255I_S1_G17,53,0.8035,0.7665,0.986,1,2.79,1,4.4,1,2.67,1,3.35,3.37,2.26,1.89,5.04,4.64,42,13
w_TrackF_r1_M255I_S1_G17,54,0.8029,0.8828,0.9866,1,3.04,0,11.41,1,2.09,0,2.71,2.97,1.2,2.23,3.94,3.1,52,19
w_TrackF_r1_M255I_S1_G17,55,0.801,0.756,0.9874,1,2.66,0,14.02,0,30.46,0,22.22,28.74,1.59,2.91,4.71,2.78,29,9
w_TrackF_r1_M255I_S1_G17,56,0.8,0.7863,0.9883,1,3.47,1,2.67,0,23.01,0,13.41,20.84,2.36,2.41,4.02,5.01,32,13
w_TrackF_r1_M255I_S1_G17,57,0.7992,0.7732,0.9855,1,2.29,1,3.97,1,3.13,1,2.24,3.51,2.91,4.0,3.64,4.31,42,14
w_TrackF_r1_M255I_S1_G17,58,0.7987,0.7948,0.9872,1,1.6,0,13.34,0,31.6,0,24.05,30.6,2.33,5.58,3.51,2.09,42,16
w_TrackF_r1_M255I_S1_G17,59,0.7986,0.7754,0.986,1,2.4,0,13.51,0,34.3,0,29.28,36.99,1.86,7.41,10.81,2.1,37,14
w_TrackF_r1_M255I_S1_G17,6,0.8215,0.89,0.9914,1,2.81,1,3.51,1,1.63,1,7.44,6.04,2.21,2.64,3.82,3.25,45,14
w_TrackF_r1_M255I_S1_G17,60,0.7985,0.7756,0.9857,1,3.47,1,4.02,1,2.06,1,3.92,5.72,2.28,2.64,5.18,4.99,43,14
w_TrackF_r1_M255I_S1_G17,61,0.7984,0.7613,0.9851,1,2.21,1,3.08,1,3.37,1,3.85,3.62,1.92,3.43,4.47,3.72,44,14
w_TrackF_r1_M255I_S1_G17,62,0.798,0.7405,0.9865,1,2.01,1,3.77,0,39.93,0,31.77,38.75,1.62,3.88,2.89,0.78,48,13
w_TrackF_r1_M255I_S1_G17,63,0.7977,0.7701,0.9871,1,2.45,1,4.01,1,4.0,1,3.13,3.88,2.46,2.85,5.12,4.51,42,12
w_TrackF_r1_M255I_S1_G17,64,0.7977,0.7803,0.9858,1,4.4,1,2.73,1,0.63,1,3.94,2.03,1.74,1.86,4.36,5.16,49,13
w_TrackF_r1_M255I_S1_G17,65,0.7974,0.7934,0.987,0,7.39,0,12.62,0,44.32,0,37.86,43.77,3.25,2.9,2.15,6.29,32,15
w_TrackF_r1_M255I_S1_G17,66,0.7971,0.8698,0.9876,0,6.04,1,4.33,0,44.01,0,37.24,42.7,2.65,2.3,6.82,4.01,27,15
w_TrackF_r1_M255I_S1_G17,67,0.7958,0.7414,0.9835,1,2.04,1,2.27,1,2.67,1,4.89,3.98,2.08,2.13,3.56,3.85,47,13
w_TrackF_r1_M255I_S1_G17,68,0.7952,0.7359,0.9894,1,1.36,0,9.51,0,36.73,0,29.52,36.46,1.58,3.63,4.09,2.58,39,11
w_TrackF_r1_M255I_S1_G17,69,0.7946,0.7294,0.9831,1,3.76,1,2.92,1,3.18,1,4.05,3.0,2.03,1.73,4.22,5.03,37,13
w_TrackF_r1_M255I_S1_G17,7,0.8214,0.8339,0.9886,0,6.51,0,5.78,0,7.14,0,2.87,3.31,1.55,2.47,4.48,5.99,44,14
w_TrackF_r1_M255I_S1_G17,70,0.7934,0.7388,0.9845,1,4.22,1,2.43,1,1.8,1,3.1,2.09,1.81,1.3,4.59,5.34,48,12
w_TrackF_r1_M255I_S1_G17,71,0.7933,0.7011,0.9831,1,2.43,0,15.42,0,39.01,0,28.4,36.11,1.08,3.74,11.5,1.94,53,12
w_TrackF_r1_M255I_S1_G17,72,0.7927,0.7378,0.9826,1,2.82,0,12.9,0,17.93,0,7.42,14.4,1.67,3.77,2.86,4.34,37,14
w_TrackF_r1_M255I_S1_G17,73,0.7926,0.767,0.9848,1,2.67,1,2.54,1,3.8,1,3.48,5.42,2.12,1.62,5.63,4.35,42,14
w_TrackF_r1_M255I_S1_G17,74,0.7926,0.7587,0.9867,1,3.7,1,4.5,1,3.84,1,4.53,4.07,1.67,1.42,4.01,5.36,42,12
w_TrackF_r1_M255I_S1_G17,75,0.7922,0.7292,0.9837,1,3.26,1,4.1,1,1.25,1,4.45,5.03,0.67,2.13,4.61,4.45,40,12
w_TrackF_r1_M255I_S1_G17,76,0.7922,0.7353,0.983,1,2.95,1,3.06,0,5.69,0,3.03,3.67,1.67,4.09,4.44,4.03,37,14
w_TrackF_r1_M255I_S1_G17,77,0.791,0.8792,0.9845,1,3.57,0,13.12,1,4.42,0,4.99,5.05,2.39,2.39,2.44,3.62,51,14
w_TrackF_r1_M255I_S1_G17,78,0.7899,0.8396,0.9847,1,4.15,0,10.6,1,2.27,0,3.1,3.23,3.58,2.14,2.0,4.06,58,20
w_TrackF_r1_M255I_S1_G17,79,0.7898,0.7789,0.9867,1,4.42,1,3.43,1,2.39,1,4.21,3.05,2.84,4.47,3.35,4.4,42,12
w_TrackF_r1_M255I_S1_G17,8,0.8213,0.893,0.9868,0,6.77,0,8.56,0,30.93,0,32.61,33.21,3.27,4.94,6.22,7.61,23,13
w_TrackF_r1_M255I_S1_G17,80,0.7852,0.7405,0.9842,1,3.3,1,3.29,1,3.03,1,4.09,4.52,2.25,2.53,3.3,4.45,43,12
w_TrackF_r1_M255I_S1_G17,81,0.7849,0.8536,0.9843,1,3.9,0,16.04,0,23.81,0,14.98,22.25,2.38,5.68,5.76,4.63,30,12
w_TrackF_r1_M255I_S1_G17,82,0.7846,0.7223,0.9838,1,2.89,1,4.07,1,1.59,1,3.24,3.17,0.28,2.46,4.42,4.35,41,12
w_TrackF_r1_M255I_S1_G17,83,0.7824,0.7075,0.9839,1,3.91,1,3.74,0,6.99,0,2.99,3.74,2.86,2.91,6.21,5.3,38,13
w_TrackF_r1_M255I_S1_G17,84,0.7814,0.7082,0.9809,1,3.44,1,3.4,1,2.32,1,3.96,4.09,1.82,2.48,3.87,5.06,43,14
w_TrackF_r1_M255I_S1_G17,85,0.7795,0.7586,0.9876,1,3.0,1,2.62,1,1.47,1,1.68,3.66,1.84,2.71,4.48,4.05,40,14
w_TrackF_r1_M255I_S1_G17,86,0.7778,0.7244,0.9821,1,4.27,1,4.76,1,1.99,1,3.02,1.69,2.52,4.05,4.6,6.14,43,14
w_TrackF_r1_M255I_S1_G17,87,0.7773,0.7964,0.984,1,3.33,0,6.2,1,2.21,0,3.07,4.92,2.13,2.26,5.12,4.54,38,16
w_TrackF_r1_M255I_S1_G17,88,0.7727,0.7217,0.9847,1,1.58,1,3.52,0,29.43,0,21.17,28.02,3.25,2.77,4.83,2.19,38,13
w_TrackF_r1_M255I_S1_G17,89,0.7695,0.7915,0.981,0,5.24,1,2.12,1,0.86,1,1.22,4.22,1.3,4.11,2.86,5.55,38,15
w_TrackF_r1_M255I_S1_G17,9,0.8212,0.815,0.9875,1,1.52,0,13.4,0,28.18,0,19.35,26.25,0.98,2.37,3.77,3.48,31,11
w_TrackF_r1_M255I_S1_G17,90,0.7596,0.6245,0.9815,1,3.09,1,3.46,1,3.09,1,4.99,3.49,2.74,2.34,3.66,5.42,38,14
w_TrackF_r1_M255I_S1_G17,91,0.7596,0.7352,0.9884,1,3.04,0,17.58,0,31.7,0,22.52,29.79,2.52,3.36,6.22,2.26,47,17
w_TrackF_r1_M255I_S1_G17,92,0.7559,0.6292,0.9869,1,1.28,0,6.42,0,40.51,0,32.2,39.4,0.69,1.77,4.31,2.7,43,13
w_TrackF_r1_M255I_S1_G17,93,0.7558,0.7178,0.9824,0,5.6,0,14.98,0,27.78,0,17.76,25.78,4.33,4.88,3.74,6.91,24,15
w_TrackF_r1_M255I_S1_G17,94,0.7506,0.5941,0.9766,1,2.37,0,12.6,0,28.22,0,20.01,26.89,1.5,3.08,7.4,2.79,39,15
w_TrackF_r1_M255I_S1_G17,95,0.7498,0.6615,0.9774,1,1.78,0,17.11,0,36.52,0,28.11,35.84,3.19,3.03,2.14,1.83,48,16
w_TrackF_r1_M255I_S1_G17,96,0.7443,0.6618,0.9821,0,6.08,0,14.2,0,24.15,0,16.94,24.35,1.85,3.3,3.21,6.33,36,12
w_TrackF_r1_M255I_S1_G17,97,0.7427,0.6208,0.9792,1,2.3,0,15.99,0,37.86,0,28.79,36.99,0.99,3.99,4.46,2.0,53,16
w_TrackF_r1_M255I_S1_G17,98,0.7404,0.6283,0.9825,1,1.08,0,18.03,0,34.85,0,26.42,34.4,0.91,2.3,2.97,1.5,50,18
w_TrackF_r1_M255I_S1_G17,99,0.7398,0.6601,0.9798,0,5.09,0,15.39,0,21.08,0,15.66,22.29,1.91,4.06,4.37,5.93,32,15
d_F88F_M255K_Y217Y_OFF_T_G17,0,0.8756,0.9281,0.9923,1,2.36,0,26.26,0,15.68,0,18.93,14.74,2.7,6.47,8.66,2.82,39,12
d_F88F_M255K_Y217Y_OFF_T_G17,1,0.873,0.9448,0.9918,1,4.73,0,13.17,0,44.35,0,39.93,42.06,4.92,3.61,6.47,5.17,33,13
d_F88F_M255K_Y217Y_OFF_T_G17,10,0.8595,0.9411,0.9931,0,5.77,0,12.14,1,4.44,0,6.16,6.38,1.57,3.87,3.26,6.27,37,19
d_F88F_M255K_Y217Y_OFF_T_G17,11,0.8581,0.9014,0.991,0,6.51,0,12.01,1,1.72,0,6.76,5.66,1.8,1.73,2.83,6.46,38,19
d_F88F_M255K_Y217Y_OFF_T_G17,12,0.8565,0.9512,0.9913,0,5.72,0,13.59,0,44.84,0,38.67,43.05,4.74,3.89,4.64,5.37,38,16
d_F88F_M255K_Y217Y_OFF_T_G17,13,0.8561,0.9198,0.9917,0,6.04,0,11.88,1,3.65,0,9.21,9.13,2.44,5.87,4.61,6.07,45,16
d_F88F_M255K_Y217Y_OFF_T_G17,14,0.856,0.896,0.9898,0,6.76,0,12.09,0,5.12,0,11.24,11.21,2.11,3.73,3.01,5.85,41,17
d_F88F_M255K_Y217Y_OFF_T_G17,15,0.856,0.9452,0.991,0,7.7,0,14.37,0,31.98,0,30.06,32.32,9.98,3.68,5.39,5.95,27,13
d_F88F_M255K_Y217Y_OFF_T_G17,16,0.8559,0.8825,0.9918,1,4.1,0,29.68,0,50.64,0,50.19,53.86,2.81,3.39,2.21,5.75,47,16
d_F88F_M255K_Y217Y_OFF_T_G17,17,0.8554,0.8986,0.9918,0,6.21,0,11.56,1,3.21,0,8.83,8.02,1.94,3.52,3.53,6.6,30,10
d_F88F_M255K_Y217Y_OFF_T_G17,18,0.8553,0.9497,0.9916,1,4.57,0,13.7,0,10.45,0,10.01,13.15,3.28,4.51,2.94,3.05,46,14
d_F88F_M255K_Y217Y_OFF_T_G17,19,0.8541,0.8795,0.9882,0,5.66,0,12.14,1,2.98,0,10.85,8.84,2.38,3.61,3.09,5.63,46,18
d_F88F_M255K_Y217Y_OFF_T_G17,2,0.87,0.9532,0.9918,0,8.47,0,11.95,0,43.17,0,36.16,41.54,5.78,2.85,5.87,7.4,40,19
d_F88F_M255K_Y217Y_OFF_T_G17,20,0.8541,0.9033,0.989,0,6.17,0,12.02,1,4.95,0,11.41,10.94,2.26,4.12,2.77,5.88,36,16
d_F88F_M255K_Y217Y_OFF_T_G17,21,0.8533,0.8658,0.9874,0,5.89,0,11.78,0,5.63,0,13.39,12.17,1.98,4.73,4.16,5.75,46,19
d_F88F_M255K_Y217Y_OFF_T_G17,22,0.8523,0.9178,0.992,0,5.95,0,12.05,1,3.4,0,9.92,9.71,2.16,5.73,4.08,5.89,44,17
d_F88F_M255K_Y217Y_OFF_T_G17,23,0.8523,0.9028,0.9894,0,5.06,0,11.96,0,14.29,0,17.55,21.47,2.34,4.51,2.78,5.58,45,17
d_F88F_M255K_Y217Y_OFF_T_G17,24,0.8521,0.9282,0.9919,0,5.35,0,12.5,1,4.74,0,10.44,10.36,2.92,4.48,2.53,6.3,40,18
d_F88F_M255K_Y217Y_OFF_T_G17,25,0.8521,0.9491,0.9918,0,10.24,0,13.71,0,40.0,0,34.96,39.27,6.27,4.88,2.55,9.99,41,17
d_F88F_M255K_Y217Y_OFF_T_G17,26,0.8519,0.9218,0.9912,1,4.8,0,15.07,0,45.68,0,42.47,44.27,4.8,1.49,6.31,5.35,29,13
d_F88F_M255K_Y217Y_OFF_T_G17,27,0.8519,0.8831,0.9883,0,6.16,0,12.03,1,1.71,0,8.88,7.97,2.09,4.74,4.15,6.0,33,18
d_F88F_M255K_Y217Y_OFF_T_G17,28,0.8517,0.8983,0.9897,1,4.08,0,17.74,0,30.34,0,31.93,29.43,3.77,3.56,3.88,4.63,49,16
d_F88F_M255K_Y217Y_OFF_T_G17,29,0.8512,0.9066,0.9916,0,6.96,0,11.29,1,1.59,0,7.14,5.24,1.92,4.27,3.7,6.62,33,13
d_F88F_M255K_Y217Y_OFF_T_G17,3,0.8696,0.9398,0.9927,1,2.79,0,17.98,0,9.84,0,18.82,16.72,6.1,5.1,9.93,2.12,41,15
d_F88F_M255K_Y217Y_OFF_T_G17,30,0.8507,0.9349,0.9896,0,5.63,0,15.36,0,32.2,0,28.91,30.89,4.71,4.43,4.87,6.12,38,15
d_F88F_M255K_Y217Y_OFF_T_G17,31,0.8504,0.9226,0.9912,1,3.81,0,26.98,0,18.82,0,12.34,20.12,2.24,1.83,2.12,5.88,45,15
d_F88F_M255K_Y217Y_OFF_T_G17,32,0.8502,0.9081,0.991,1,4.9,0,17.07,0,47.55,0,43.73,46.4,5.12,3.98,5.61,3.49,33,12
d_F88F_M255K_Y217Y_OFF_T_G17,33,0.8493,0.8964,0.991,1,5.0,0,12.19,0,12.01,0,15.28,14.13,2.63,2.6,1.08,6.29,45,13
d_F88F_M255K_Y217Y_OFF_T_G17,34,0.8492,0.8812,0.9856,1,2.97,0,11.69,1,3.41,0,3.85,4.68,3.4,4.38,2.02,4.81,50,20
d_F88F_M255K_Y217Y_OFF_T_G17,35,0.8488,0.9066,0.9923,0,6.3,0,12.34,1,2.7,0,8.87,6.57,1.94,4.32,4.17,6.76,41,17
d_F88F_M255K_Y217Y_OFF_T_G17,36,0.8482,0.8581,0.9871,0,12.24,0,25.27,0,30.95,0,31.91,36.2,8.17,7.38,4.97,20.12,19,11
d_F88F_M255K_Y217Y_OFF_T_G17,37,0.8477,0.9187,0.9898,0,6.01,0,13.55,0,42.97,0,41.2,41.92,4.41,4.5,4.91,7.38,29,12
d_F88F_M255K_Y217Y_OFF_T_G17,38,0.8476,0.9362,0.9916,0,5.43,0,11.79,0,29.12,0,26.01,32.4,3.27,3.77,2.81,5.82,30,13
d_F88F_M255K_Y217Y_OFF_T_G17,39,0.8472,0.9301,0.9876,0,5.43,0,15.86,0,28.78,0,26.24,29.04,4.11,5.5,1.81,5.48,48,17
d_F88F_M255K_Y217Y_OFF_T_G17,4,0.8669,0.9367,0.9885,0,7.32,0,11.1,0,35.4,0,32.2,34.44,8.46,3.52,2.84,7.13,36,15
d_F88F_M255K_Y217Y_OFF_T_G17,40,0.8465,0.9371,0.9927,0,5.27,0,17.01,0,46.15,0,42.26,44.25,5.02,2.73,7.67,4.7,27,14
d_F88F_M255K_Y217Y_OFF_T_G17,41,0.8454,0.9479,0.9935,0,5.78,0,16.46,0,46.86,0,42.78,45.39,4.9,3.45,4.72,4.91,26,12
d_F88F_M255K_Y217Y_OFF_T_G17,42,0.8452,0.9253,0.9885,0,5.3,0,13.04,0,39.78,0,37.99,38.59,4.55,3.56,3.53,6.36,38,14
d_F88F_M255K_Y217Y_OFF_T_G17,43,0.8447,0.934,0.9907,1,4.16,0,11.75,1,3.26,0,3.97,6.53,3.44,4.04,3.39,2.75,43,15
d_F88F_M255K_Y217Y_OFF_T_G17,44,0.8441,0.9272,0.9925,0,5.93,0,12.05,1,3.64,0,7.83,8.61,2.39,4.89,2.78,5.44,39,17
d_F88F_M255K_Y217Y_OFF_T_G17,45,0.8439,0.8584,0.99,1,4.67,0,28.88,0,29.97,0,35.77,33.44,2.7,3.32,4.99,5.54,41,14
d_F88F_M255K_Y217Y_OFF_T_G17,46,0.8434,0.9421,0.9929,0,5.56,0,9.27,0,28.41,0,24.56,30.55,3.34,4.69,5.8,5.19,54,17
d_F88F_M255K_Y217Y_OFF_T_G17,47,0.8429,0.9309,0.9915,1,3.61,0,12.13,0,34.79,0,34.56,33.97,2.88,4.37,4.77,2.12,38,14
d_F88F_M255K_Y217Y_OFF_T_G17,48,0.8427,0.8761,0.9893,0,5.32,0,11.0,0,9.81,0,15.48,17.64,2.42,3.96,2.71,6.09,40,13
d_F88F_M255K_Y217Y_OFF_T_G17,49,0.8419,0.9,0.9868,0,7.41,0,7.87,0,28.83,0,28.56,29.84,11.04,3.5,6.08,5.8,28,15
d_F88F_M255K_Y217Y_OFF_T_G17,5,0.8661,0.9304,0.9881,0,8.78,0,12.15,0,43.24,0,37.32,42.32,6.5,1.58,4.35,7.88,44,20
d_F88F_M255K_Y217Y_OFF_T_G17,50,0.8419,0.9353,0.9913,1,4.61,0,13.51,0,8.56,0,14.38,15.05,4.22,3.8,0.65,3.28,43,19
d_F88F_M255K_Y217Y_OFF_T_G17,51,0.84,0.9307,0.9893,0,5.53,0,24.75,0,33.32,0,31.91,34.82,4.37,2.38,2.73,6.2,50,18
d_F88F_M255K_Y217Y_OFF_T_G17,52,0.8397,0.9089,0.9866,0,6.42,0,15.86,0,43.73,0,36.91,42.95,5.43,4.87,6.56,4.58,29,17
d_F88F_M255K_Y217Y_OFF_T_G17,53,0.8389,0.8949,0.9879,0,5.49,0,10.87,1,3.27,0,4.73,5.86,1.83,1.78,3.27,6.63,46,14
d_F88F_M255K_Y217Y_OFF_T_G17,54,0.8385,0.9325,0.9899,0,6.88,0,9.04,0,30.34,0,27.82,29.62,4.55,3.33,4.14,6.56,46,18
d_F88F_M255K_Y217Y_OFF_T_G17,55,0.8361,0.8755,0.9828,0,7.57,0,12.76,0,34.03,0,32.28,34.36,7.18,4.1,3.79,6.37,34,16
d_F88F_M255K_Y217Y_OFF_T_G17,56,0.8355,0.8385,0.9824,0,6.99,0,11.41,0,37.25,0,35.11,36.33,5.39,3.74,6.58,7.04,37,14
d_F88F_M255K_Y217Y_OFF_T_G17,57,0.8342,0.9173,0.99,0,6.33,0,11.83,1,3.63,0,9.56,10.65,2.71,3.24,3.36,6.35,41,15
d_F88F_M255K_Y217Y_OFF_T_G17,58,0.834,0.9143,0.9912,1,3.54,0,23.03,0,40.41,0,41.25,45.99,4.73,5.08,4.13,2.88,35,11
d_F88F_M255K_Y217Y_OFF_T_G17,59,0.8322,0.8554,0.9881,1,3.76,0,19.64,0,35.2,0,36.1,34.01,3.27,3.62,6.75,4.63,39,12
d_F88F_M255K_Y217Y_OFF_T_G17,6,0.864,0.9329,0.9917,0,6.52,0,11.48,1,4.35,0,6.96,7.04,1.9,4.05,3.65,6.36,43,18
d_F88F_M255K_Y217Y_OFF_T_G17,60,0.8317,0.8854,0.9886,0,6.74,0,15.28,0,22.06,0,18.5,24.64,3.28,3.73,4.68,7.61,32,11
d_F88F_M255K_Y217Y_OFF_T_G17,61,0.8312,0.8574,0.9872,0,6.51,0,14.58,0,40.33,0,38.13,39.19,3.45,4.63,3.52,6.11,27,11
d_F88F_M255K_Y217Y_OFF_T_G17,62,0.8297,0.9336,0.987,1,4.72,0,10.55,0,7.26,0,2.17,7.43,3.23,3.89,3.59,4.45,32,17
d_F88F_M255K_Y217Y_OFF_T_G17,63,0.8295,0.9223,0.9916,1,3.87,0,21.04,0,24.56,0,24.83,31.34,3.13,2.78,4.7,6.4,38,12
d_F88F_M255K_Y217Y_OFF_T_G17,64,0.8292,0.8314,0.9883,0,5.06,0,24.8,0,32.01,0,34.79,37.15,3.19,3.6,4.1,5.48,37,15
d_F88F_M255K_Y217Y_OFF_T_G17,65,0.8281,0.8917,0.9871,0,5.18,0,9.91,0,9.23,0,9.2,9.12,3.55,3.61,5.39,5.73,40,19
d_F88F_M255K_Y217Y_OFF_T_G17,66,0.8277,0.8877,0.9856,0,6.21,0,16.49,0,42.59,0,38.46,44.2,4.77,4.53,4.02,5.52,55,20
d_F88F_M255K_Y217Y_OFF_T_G17,67,0.8276,0.9068,0.9902,0,5.34,0,11.1,0,28.24,0,26.31,33.64,3.17,3.33,3.37,4.45,25,11
d_F88F_M255K_Y217Y_OFF_T_G17,68,0.8276,0.8752,0.99,0,5.38,0,21.58,0,30.74,0,33.72,35.5,3.74,2.79,2.61,5.76,39,14
d_F88F_M255K_Y217Y_OFF_T_G17,69,0.8269,0.92,0.9875,1,3.2,0,17.31,0,25.57,0,24.57,28.65,4.65,4.83,2.48,3.04,51,19
d_F88F_M255K_Y217Y_OFF_T_G17,7,0.8602,0.9303,0.9919,0,5.86,0,12.37,0,9.32,0,15.45,15.81,2.08,4.52,3.53,5.37,46,18
d_F88F_M255K_Y217Y_OFF_T_G17,70,0.8264,0.8102,0.9872,1,2.98,0,11.02,1,3.86,0,7.95,6.53,4.04,3.7,1.92,6.7,42,17
d_F88F_M255K_Y217Y_OFF_T_G17,71,0.826,0.9063,0.9916,0,5.66,0,15.36,0,42.02,0,40.02,40.4,4.25,5.23,5.28,6.0,20,10
d_F88F_M255K_Y217Y_OFF_T_G17,72,0.8259,0.8186,0.9883,0,5.38,0,12.57,0,5.07,0,10.68,11.03,2.39,4.41,2.64,5.76,37,15
d_F88F_M255K_Y217Y_OFF_T_G17,73,0.8257,0.9146,0.991,0,5.92,0,13.78,0,13.59,0,10.11,14.53,2.72,3.42,4.81,6.47,33,13
d_F88F_M255K_Y217Y_OFF_T_G17,74,0.8243,0.8467,0.9895,0,5.53,0,11.91,0,6.84,0,13.5,13.15,2.24,4.44,4.04,5.26,44,18
d_F88F_M255K_Y217Y_OFF_T_G17,75,0.8234,0.8718,0.986,0,5.11,0,10.89,0,17.8,0,20.28,24.57,3.57,4.72,1.39,4.12,31,15
d_F88F_M255K_Y217Y_OFF_T_G17,76,0.823,0.935,0.99,1,1.97,0,26.1,0,5.12,0,11.58,7.66,5.06,4.39,12.64,1.2,47,12
d_F88F_M255K_Y217Y_OFF_T_G17,77,0.8226,0.847,0.9876,0,11.68,0,20.92,0,60.93,0,58.44,60.82,8.84,4.88,3.99,14.98,19,10
d_F88F_M255K_Y217Y_OFF_T_G17,78,0.8203,0.9187,0.9907,0,5.66,0,14.84,0,42.13,0,41.61,40.85,4.19,3.13,3.04,6.81,39,14
d_F88F_M255K_Y217Y_OFF_T_G17,79,0.8191,0.8418,0.9869,0,17.22,0,27.36,0,33.64,0,36.27,38.34,6.46,8.79,6.08,19.99,8,5
d_F88F_M255K_Y217Y_OFF_T_G17,8,0.8602,0.9092,0.9891,0,5.45,0,12.07,1,3.27,0,10.71,9.38,2.59,2.11,3.93,5.27,36,16
d_F88F_M255K_Y217Y_OFF_T_G17,80,0.819,0.888,0.9879,0,6.32,0,16.3,0,37.99,0,36.56,36.97,4.7,4.69,5.44,6.49,34,11
d_F88F_M255K_Y217Y_OFF_T_G17,81,0.8185,0.91,0.9904,0,6.07,0,14.94,0,15.19,0,8.19,16.33,4.65,4.76,3.69,5.94,26,12
d_F88F_M255K_Y217Y_OFF_T_G17,82,0.8175,0.9069,0.9903,1,4.88,0,11.91,0,18.26,0,16.05,19.84,3.76,2.29,4.14,5.94,33,13
d_F88F_M255K_Y217Y_OFF_T_G17,83,0.8154,0.7941,0.9853,0,16.35,0,26.42,0,33.88,0,32.79,38.46,8.26,5.93,4.49,21.69,9,7
d_F88F_M255K_Y217Y_OFF_T_G17,84,0.8152,0.872,0.987,0,6.55,0,13.43,0,29.14,0,28.27,30.7,9.4,5.27,9.48,6.16,26,13
d_F88F_M255K_Y217Y_OFF_T_G17,85,0.8146,0.9603,0.9932,1,4.26,0,21.43,0,21.71,0,11.69,19.74,5.55,3.84,7.97,4.56,43,17
d_F88F_M255K_Y217Y_OFF_T_G17,86,0.8138,0.8226,0.9882,1,4.72,0,26.92,0,42.62,0,44.72,46.63,2.78,2.99,2.34,5.91,45,14
d_F88F_M255K_Y217Y_OFF_T_G17,87,0.8133,0.7703,0.9851,0,6.88,0,29.89,0,44.24,0,47.13,47.52,4.34,3.1,2.89,6.7,38,13
d_F88F_M255K_Y217Y_OFF_T_G17,88,0.8117,0.7729,0.9894,0,5.94,0,13.13,0,7.62,0,14.58,14.17,3.27,2.96,3.96,6.06,43,17
d_F88F_M255K_Y217Y_OFF_T_G17,89,0.8089,0.847,0.9862,0,11.5,0,23.64,0,31.62,0,37.44,35.53,7.26,4.57,4.58,18.97,19,9
d_F88F_M255K_Y217Y_OFF_T_G17,9,0.8598,0.9456,0.9896,1,4.23,0,15.4,0,44.82,0,37.29,43.13,4.48,2.92,5.92,3.79,46,21
d_F88F_M255K_Y217Y_OFF_T_G17,90,0.8078,0.8583,0.9875,0,6.99,0,12.13,0,39.84,0,38.83,39.28,6.28,3.61,4.05,6.61,33,11
d_F88F_M255K_Y217Y_OFF_T_G17,91,0.8075,0.858,0.9867,0,5.99,0,25.67,0,31.6,0,35.47,37.77,4.45,4.36,5.79,5.17,29,11
d_F88F_M255K_Y217Y_OFF_T_G17,92,0.8041,0.8288,0.987,0,6.1,0,21.96,0,32.92,0,29.8,36.86,3.03,3.81,3.04,6.15,48,14
d_F88F_M255K_Y217Y_OFF_T_G17,93,0.8019,0.8286,0.9866,1,1.14,0,21.34,0,10.66,0,13.05,12.07,4.79,4.17,10.85,1.86,29,7
d_F88F_M255K_Y217Y_OFF_T_G17,94,0.799,0.8093,0.9832,0,16.76,0,23.93,0,41.83,0,40.81,45.65,6.19,4.93,4.37,19.76,12,7
d_F88F_M255K_Y217Y_OFF_T_G17,95,0.7966,0.8346,0.9854,1,4.74,0,8.3,0,24.42,0,19.62,25.5,4.53,4.47,1.78,4.83,38,14
d_F88F_M255K_Y217Y_OFF_T_G17,96,0.7886,0.6894,0.9804,1,3.76,0,14.58,0,44.81,0,40.9,43.28,4.11,4.23,4.84,3.72,35,13
d_F88F_M255K_Y217Y_OFF_T_G17,97,0.7883,0.7845,0.9833,0,5.28,0,9.55,0,11.81,0,15.15,17.19,3.59,2.85,0.38,4.78,38,18
d_F88F_M255K_Y217Y_OFF_T_G17,98,0.7764,0.6763,0.9806,0,10.57,0,21.44,0,54.25,0,46.65,54.37,8.1,6.92,4.32,18.99,12,6
d_F88F_M255K_Y217Y_OFF_T_G17,99,0.7646,0.7168,0.9833,1,4.66,0,11.14,0,24.33,0,18.45,24.57,4.22,2.73,2.39,5.77,35,14
d_F88K_M255K_Y217Y_OFF_T_G17,0,0.8554,0.9158,0.9882,0,6.49,0,14.88,0,45.75,0,40.55,43.64,3.69,6.31,5.76,5.63,25,12
d_F88K_M255K_Y217Y_OFF_T_G17,1,0.8547,0.94,0.9905,0,5.54,0,24.0,0,13.92,0,14.41,11.99,4.72,4.76,9.1,6.28,28,8
d_F88K_M255K_Y217Y_OFF_T_G17,10,0.8448,0.9078,0.9879,1,2.07,0,16.66,1,4.24,0,2.2,6.72,4.21,3.7,1.69,4.36,43,16
d_F88K_M255K_Y217Y_OFF_T_G17,11,0.8437,0.9064,0.9877,0,5.78,0,6.81,0,32.12,0,30.29,32.39,9.74,3.49,4.53,4.74,25,15
d_F88K_M255K_Y217Y_OFF_T_G17,12,0.8431,0.9335,0.9899,1,2.8,0,12.17,1,4.88,0,4.17,6.03,4.22,3.34,1.94,4.74,39,19
d_F88K_M255K_Y217Y_OFF_T_G17,13,0.8429,0.903,0.9867,0,6.81,0,13.18,0,42.1,0,39.15,39.02,4.66,5.32,7.52,8.02,25,12
d_F88K_M255K_Y217Y_OFF_T_G17,14,0.8427,0.9325,0.9912,1,3.83,0,12.19,0,40.21,0,37.35,38.87,3.94,4.53,3.86,5.89,35,13
d_F88K_M255K_Y217Y_OFF_T_G17,15,0.8426,0.9109,0.9922,0,8.13,0,25.9,0,27.69,0,32.01,33.29,3.39,7.1,3.81,6.31,40,14
d_F88K_M255K_Y217Y_OFF_T_G17,16,0.8423,0.8887,0.9869,0,7.11,0,7.33,0,28.48,0,29.87,32.32,11.04,5.92,13.23,7.05,25,11
d_F88K_M255K_Y217Y_OFF_T_G17,17,0.842,0.9248,0.9869,0,9.44,0,20.26,0,23.29,0,19.38,25.66,4.96,2.82,4.85,8.29,43,17
d_F88K_M255K_Y217Y_OFF_T_G17,18,0.8417,0.9199,0.9885,0,5.3,0,13.52,0,29.65,0,27.73,31.87,5.42,6.07,4.7,3.7,46,18
d_F88K_M255K_Y217Y_OFF_T_G17,19,0.8408,0.9074,0.985,0,9.67,0,14.27,0,35.62,0,33.35,36.39,7.77,4.09,5.11,8.63,26,9
d_F88K_M255K_Y217Y_OFF_T_G17,2,0.8539,0.9335,0.991,1,4.13,0,13.47,0,36.52,0,33.73,33.4,4.78,4.81,4.56,5.27,27,10
d_F88K_M255K_Y217Y_OFF_T_G17,20,0.84,0.9298,0.9863,0,7.2,0,6.96,0,30.63,0,31.44,33.56,11.51,5.96,10.66,6.43,23,11
d_F88K_M255K_Y217Y_OFF_T_G17,21,0.8378,0.923,0.9889,1,2.28,0,9.64,0,32.19,0,31.35,32.5,5.24,3.99,4.41,5.75,38,12
d_F88K_M255K_Y217Y_OFF_T_G17,22,0.8374,0.8951,0.9851,0,6.98,0,8.23,0,31.28,0,31.92,34.38,10.56,6.83,12.81,6.65,23,10
d_F88K_M255K_Y217Y_OFF_T_G17,23,0.8369,0.8955,0.986,1,3.52,0,10.28,0,42.76,0,36.79,41.31,6.14,3.78,6.34,4.85,37,18
d_F88K_M255K_Y217Y_OFF_T_G17,24,0.8368,0.9017,0.9866,1,3.06,0,12.62,0,41.38,0,38.94,40.17,3.79,3.69,4.83,5.52,31,13
d_F88K_M255K_Y217Y_OFF_T_G17,25,0.8364,0.8888,0.9867,1,1.75,0,23.56,0,11.89,0,21.62,17.78,6.81,4.25,10.97,0.81,37,12
d_F88K_M255K_Y217Y_OFF_T_G17,26,0.8361,0.8847,0.986,0,7.06,0,13.9,0,44.1,0,39.41,42.21,6.32,4.05,4.95,5.67,27,11
d_F88K_M255K_Y217Y_OFF_T_G17,27,0.8353,0.9152,0.9899,0,6.26,0,15.77,0,41.53,0,39.87,40.61,3.75,5.27,5.22,4.64,28,11
d_F88K_M255K_Y217Y_OFF_T_G17,28,0.8345,0.9136,0.9861,1,2.74,0,15.24,1,4.12,0,3.61,7.39,4.78,0.99,2.02,4.8,41,18
d_F88K_M255K_Y217Y_OFF_T_G17,29,0.8337,0.9341,0.9917,1,4.41,0,13.77,0,35.09,0,34.67,35.4,5.54,4.64,6.16,4.94,33,13
d_F88K_M255K_Y217Y_OFF_T_G17,3,0.8515,0.9084,0.9895,0,7.17,0,13.27,1,2.09,0,9.21,7.73,4.67,3.44,4.34,6.91,44,15
d_F88K_M255K_Y217Y_OFF_T_G17,30,0.8335,0.8646,0.9822,0,8.5,0,12.59,0,34.82,0,33.34,35.22,10.49,3.94,1.65,7.79,26,12
d_F88K_M255K_Y217Y_OFF_T_G17,31,0.8333,0.9407,0.9902,0,5.95,0,18.77,0,26.09,0,20.4,28.25,4.37,1.89,3.13,6.13,45,14
d_F88K_M255K_Y217Y_OFF_T_G17,32,0.8326,0.8755,0.9876,0,5.62,0,12.01,1,1.32,0,6.58,7.81,2.43,5.37,3.48,6.0,37,15
d_F88K_M255K_Y217Y_OFF_T_G17,33,0.8315,0.9028,0.9879,1,1.97,0,24.81,0,20.9,0,21.56,26.69,5.09,7.04,8.74,1.76,36,11
d_F88K_M255K_Y217Y_OFF_T_G17,34,0.8313,0.9194,0.9883,1,1.88,0,13.86,0,38.3,0,35.31,37.0,5.05,2.04,3.64,4.17,28,10
d_F88K_M255K_Y217Y_OFF_T_G17,35,0.831,0.8977,0.9836,0,7.69,0,12.7,0,35.17,0,33.24,35.65,6.9,3.7,5.67,6.86,26,13
d_F88K_M255K_Y217Y_OFF_T_G17,36,0.8303,0.8562,0.9906,1,3.21,0,22.15,0,53.52,0,48.52,55.57,2.72,4.18,10.31,2.93,47,15
d_F88K_M255K_Y217Y_OFF_T_G17,37,0.8301,0.9124,0.9879,0,5.77,0,9.07,0,39.18,0,36.61,38.15,3.44,5.45,4.55,5.25,31,16
d_F88K_M255K_Y217Y_OFF_T_G17,38,0.8297,0.9125,0.9875,0,6.91,0,17.23,0,29.74,0,30.36,29.53,3.59,5.11,4.69,5.95,29,16
d_F88K_M255K_Y217Y_OFF_T_G17,39,0.8297,0.8649,0.9889,0,7.27,0,28.12,0,46.87,0,45.32,43.97,4.06,1.9,4.96,6.39,41,14
d_F88K_M255K_Y217Y_OFF_T_G17,4,0.8509,0.9251,0.9896,1,2.36,0,12.29,0,42.25,0,35.77,40.94,4.81,3.51,3.08,3.15,59,20
d_F88K_M255K_Y217Y_OFF_T_G17,40,0.8294,0.8284,0.9861,0,8.02,0,22.45,0,55.33,0,48.61,53.59,5.53,4.74,5.51,7.05,35,12
d_F88K_M255K_Y217Y_OFF_T_G17,41,0.8292,0.8823,0.9846,0,7.39,0,6.71,1,2.6,0,4.77,5.04,3.04,2.26,2.31,6.02,42,17
d_F88K_M255K_Y217Y_OFF_T_G17,42,0.8288,0.8905,0.9868,0,6.61,0,17.26,0,38.03,0,37.22,36.9,3.59,4.54,5.53,5.48,24,12
d_F88K_M255K_Y217Y_OFF_T_G17,43,0.8277,0.8651,0.9888,0,12.12,0,25.45,0,32.02,0,36.05,36.81,7.68,5.72,5.44,18.9,12,8
d_F88K_M255K_Y217Y_OFF_T_G17,44,0.8267,0.916,0.989,0,7.43,0,13.41,0,41.97,0,38.36,40.25,5.63,5.31,4.2,6.99,24,10
d_F88K_M255K_Y217Y_OFF_T_G17,45,0.8255,0.9016,0.987,0,5.45,0,7.96,0,31.46,0,31.52,33.39,8.69,3.67,7.31,5.33,24,12
d_F88K_M255K_Y217Y_OFF_T_G17,46,0.8255,0.9018,0.987,0,7.42,0,18.09,0,43.9,0,37.84,42.81,8.23,4.64,2.71,7.59,45,14
d_F88K_M255K_Y217Y_OFF_T_G17,47,0.8251,0.843,0.9835,1,3.83,0,13.27,0,42.26,0,36.89,40.36,5.65,5.12,5.71,4.92,39,17
d_F88K_M255K_Y217Y_OFF_T_G17,48,0.8247,0.9008,0.9891,0,5.44,0,26.13,0,11.69,0,20.29,18.44,4.45,4.66,9.21,7.4,34,11
d_F88K_M255K_Y217Y_OFF_T_G17,49,0.8244,0.8844,0.9881,0,5.95,0,10.55,0,38.32,0,36.22,36.91,4.94,3.37,3.13,7.94,24,10
d_F88K_M255K_Y217Y_OFF_T_G17,5,0.8504,0.9311,0.9903,1,4.14,0,13.19,0,41.16,0,37.37,37.7,3.26,5.11,5.21,6.4,32,10
d_F88K_M255K_Y217Y_OFF_T_G17,50,0.8243,0.8344,0.9818,0,6.89,0,13.08,0,47.9,0,43.6,46.79,5.78,2.62,4.93,5.45,27,12
d_F88K_M255K_Y217Y_OFF_T_G17,51,0.8243,0.8471,0.9859,1,4.97,0,13.42,0,36.99,0,34.82,36.57,7.32,3.53,4.24,6.58,28,11
d_F88K_M255K_Y217Y_OFF_T_G17,52,0.8241,0.8106,0.9842,0,5.72,0,25.88,0,17.31,0,22.71,23.32,10.52,7.16,11.39,5.0,38,10
d_F88K_M255K_Y217Y_OFF_T_G17,53,0.8227,0.9172,0.9888,0,7.97,0,26.51,0,42.81,0,35.22,41.82,3.68,2.26,2.98,5.98,53,17
d_F88K_M255K_Y217Y_OFF_T_G17,54,0.8224,0.8928,0.9868,1,3.54,0,12.89,0,39.71,0,37.25,39.15,5.48,5.31,4.69,6.51,25,9
d_F88K_M255K_Y217Y_OFF_T_G17,55,0.8223,0.822,0.9879,0,5.36,0,23.29,0,38.83,0,40.52,42.76,2.75,4.09,3.62,5.48,40,14
d_F88K_M255K_Y217Y_OFF_T_G17,56,0.8221,0.8527,0.9832,0,5.86,0,14.28,0,38.84,0,36.35,37.66,6.74,6.31,3.6,5.52,24,10
d_F88K_M255K_Y217Y_OFF_T_G17,57,0.8219,0.8234,0.9834,0,8.44,0,24.55,0,47.37,0,46.78,45.96,5.11,3.37,6.48,8.04,40,14
d_F88K_M255K_Y217Y_OFF_T_G17,58,0.8215,0.9219,0.9883,1,2.29,0,8.87,0,26.87,0,26.22,29.21,3.52,4.37,4.27,4.34,59,18
d_F88K_M255K_Y217Y_OFF_T_G17,59,0.8202,0.8767,0.9879,1,4.54,0,23.31,0,22.24,0,20.68,22.34,4.49,4.35,11.21,4.86,24,6
d_F88K_M255K_Y217Y_OFF_T_G17,6,0.8503,0.9242,0.9871,0,6.85,0,9.37,0,36.0,0,34.42,35.97,8.74,3.78,4.38,6.06,35,15
d_F88K_M255K_Y217Y_OFF_T_G17,60,0.8191,0.9175,0.9883,0,5.97,0,15.93,0,44.07,0,40.48,42.3,5.83,4.79,5.91,4.92,26,10
d_F88K_M255K_Y217Y_OFF_T_G17,61,0.8188,0.8865,0.9863,1,1.47,0,12.92,0,36.32,0,34.92,36.2,5.94,5.21,3.27,4.9,33,10
d_F88K_M255K_Y217Y_OFF_T_G17,62,0.8188,0.9313,0.9899,0,6.12,0,14.81,0,40.09,0,36.87,37.84,6.15,3.5,2.36,5.65,25,11
d_F88K_M255K_Y217Y_OFF_T_G17,63,0.8186,0.9302,0.9876,0,6.07,0,8.86,0,29.76,0,24.52,30.58,4.46,5.33,4.29,5.79,46,16
d_F88K_M255K_Y217Y_OFF_T_G17,64,0.8179,0.8307,0.9835,0,7.06,0,17.95,0,38.12,0,35.65,43.19,5.01,4.87,3.79,8.67,15,11
d_F88K_M255K_Y217Y_OFF_T_G17,65,0.8168,0.8556,0.9828,0,9.04,0,12.26,0,31.65,0,31.34,33.55,8.07,3.1,7.63,6.59,23,14
d_F88K_M255K_Y217Y_OFF_T_G17,66,0.8152,0.8985,0.9872,1,2.55,0,14.16,0,32.5,0,32.2,32.4,5.21,3.85,3.01,3.99,35,11
d_F88K_M255K_Y217Y_OFF_T_G17,67,0.815,0.9438,0.9931,1,2.86,0,24.25,0,5.13,0,11.22,7.7,5.89,4.84,12.97,3.32,32,10
d_F88K_M255K_Y217Y_OFF_T_G17,68,0.814,0.87,0.9867,0,6.3,0,9.5,0,31.47,0,31.73,33.9,10.22,3.57,8.26,5.35,23,10
d_F88K_M255K_Y217Y_OFF_T_G17,69,0.8134,0.8744,0.9878,1,4.97,0,23.79,0,24.35,0,24.07,29.01,7.07,5.17,9.14,5.44,15,7
d_F88K_M255K_Y217Y_OFF_T_G17,7,0.8492,0.9207,0.99,1,3.86,0,14.57,0,39.37,0,38.04,38.31,3.41,4.81,6.01,5.27,30,11
d_F88K_M255K_Y217Y_OFF_T_G17,70,0.8132,0.8638,0.9856,1,4.01,0,13.28,0,27.39,0,24.42,27.47,2.41,5.32,4.32,5.21,38,15
d_F88K_M255K_Y217Y_OFF_T_G17,71,0.8124,0.8057,0.9861,0,6.79,0,27.51,0,32.06,0,36.9,36.96,3.05,3.59,4.35,7.11,33,13
d_F88K_M255K_Y217Y_OFF_T_G17,72,0.8119,0.8034,0.985,0,11.42,0,13.16,0,34.42,0,32.63,38.15,13.57,4.86,11.04,8.44,22,9
d_F88K_M255K_Y217Y_OFF_T_G17,73,0.8115,0.8655,0.9844,1,1.87,0,12.21,0,36.3,0,34.91,36.78,6.23,4.63,5.63,3.08,33,11
d_F88K_M255K_Y217Y_OFF_T_G17,74,0.8109,0.7994,0.9814,0,5.81,0,8.4,0,30.76,0,30.91,33.88,10.88,6.25,12.71,5.74,22,11
d_F88K_M255K_Y217Y_OFF_T_G17,75,0.8099,0.8951,0.986,0,7.27,0,9.41,0,34.1,0,32.38,34.15,8.53,4.67,3.58,6.35,26,10
d_F88K_M255K_Y217Y_OFF_T_G17,76,0.8093,0.8322,0.9854,0,5.14,0,7.13,0,30.08,0,30.47,32.56,8.07,5.98,8.64,6.35,25,10
d_F88K_M255K_Y217Y_OFF_T_G17,77,0.8092,0.8494,0.9871,0,7.21,0,10.62,1,3.59,0,4.47,8.56,3.74,6.37,3.44,4.71,39,19
d_F88K_M255K_Y217Y_OFF_T_G17,78,0.8092,0.8177,0.9873,0,10.13,0,26.17,0,35.5,0,38.56,39.02,8.3,10.59,5.6,18.87,10,7
d_F88K_M255K_Y217Y_OFF_T_G17,79,0.8087,0.7733,0.9825,0,6.46,0,8.24,0,30.61,0,29.13,31.19,9.28,3.96,5.82,4.3,29,14
d_F88K_M255K_Y217Y_OFF_T_G17,8,0.8489,0.907,0.9883,1,3.98,0,12.37,0,43.1,0,40.33,41.8,4.79,3.08,4.93,4.95,29,12
d_F88K_M255K_Y217Y_OFF_T_G17,80,0.8064,0.8582,0.9837,0,6.99,0,14.74,0,33.0,0,30.78,34.89,5.52,3.63,6.09,7.44,41,16
d_F88K_M255K_Y217Y_OFF_T_G17,81,0.8055,0.8511,0.9862,0,6.82,0,13.53,0,35.4,0,34.05,34.03,5.14,7.56,8.13,5.1,39,12
d_F88K_M255K_Y217Y_OFF_T_G17,82,0.8029,0.8175,0.9855,0,17.38,0,26.66,0,47.03,0,45.24,50.56,7.71,6.5,7.11,20.07,8,5
d_F88K_M255K_Y217Y_OFF_T_G17,83,0.8015,0.8231,0.9817,0,6.94,0,19.93,0,27.0,0,22.12,27.81,5.13,4.19,8.2,6.05,31,13
d_F88K_M255K_Y217Y_OFF_T_G17,84,0.7996,0.8404,0.9867,1,2.72,0,13.03,0,31.44,0,31.48,32.19,3.64,6.17,10.75,5.66,49,19
d_F88K_M255K_Y217Y_OFF_T_G17,85,0.7983,0.7011,0.9803,0,6.66,0,8.0,0,30.29,0,30.03,32.44,11.36,3.21,8.06,5.39,30,13
d_F88K_M255K_Y217Y_OFF_T_G17,86,0.7971,0.8743,0.9865,0,7.71,0,15.15,0,43.66,0,40.78,42.51,6.71,6.46,5.88,6.24,18,10
d_F88K_M255K_Y217Y_OFF_T_G17,87,0.7965,0.8022,0.9819,0,10.79,0,18.63,0,37.21,0,34.69,41.97,5.54,3.98,6.57,12.55,13,7
d_F88K_M255K_Y217Y_OFF_T_G17,88,0.7916,0.7951,0.982,0,16.02,0,27.3,0,35.46,0,38.78,39.84,6.16,3.7,4.92,19.66,11,11
d_F88K_M255K_Y217Y_OFF_T_G17,89,0.7882,0.7258,0.9802,0,6.24,0,8.82,0,30.72,0,30.76,32.71,9.94,3.3,5.5,5.04,25,12
d_F88K_M255K_Y217Y_OFF_T_G17,9,0.8486,0.8993,0.9888,0,6.62,0,17.51,0,37.08,0,36.28,35.8,3.7,6.0,9.78,5.86,34,12
d_F88K_M255K_Y217Y_OFF_T_G17,90,0.7878,0.806,0.986,0,5.32,0,5.91,0,30.95,0,30.61,33.08,9.64,4.38,8.38,4.93,23,10
d_F88K_M255K_Y217Y_OFF_T_G17,91,0.7867,0.7956,0.9817,0,7.23,0,11.88,0,32.03,0,32.21,32.45,2.28,3.72,4.16,7.35,31,11
d_F88K_M255K_Y217Y_OFF_T_G17,92,0.7847,0.7917,0.9837,0,5.8,0,17.45,0,41.11,0,38.04,41.24,6.18,6.98,12.65,4.63,33,13
d_F88K_M255K_Y217Y_OFF_T_G17,93,0.7845,0.7274,0.9793,0,6.06,0,15.34,0,42.15,0,39.36,40.64,6.76,6.15,4.44,6.2,24,10
d_F88K_M255K_Y217Y_OFF_T_G17,94,0.7803,0.705,0.9796,0,5.93,0,12.62,0,39.21,0,36.4,38.42,7.68,5.25,4.2,6.14,24,10
d_F88K_M255K_Y217Y_OFF_T_G17,95,0.7679,0.7125,0.9839,1,4.63,0,16.92,0,25.22,0,25.0,28.55,3.9,2.86,4.03,4.26,46,19
d_F88K_M255K_Y217Y_OFF_T_G17,96,0.7633,0.7725,0.984,0,7.16,0,11.25,0,20.36,0,10.87,18.64,6.24,5.26,2.91,6.96,19,9
d_F88K_M255K_Y217Y_OFF_T_G17,97,0.7494,0.5981,0.979,1,5.0,0,14.87,0,29.18,0,30.78,30.52,4.38,5.49,10.31,4.95,42,16
d_F88K_M255K_Y217Y_OFF_T_G17,98,0.7433,0.5311,0.9774,1,1.22,0,15.98,0,5.12,0,8.09,6.11,3.81,3.51,1.28,3.17,39,17
d_F88K_M255K_Y217Y_OFF_T_G17,99,0.7332,0.5038,0.9768,1,2.51,0,13.18,0,34.75,0,33.79,34.28,3.6,4.5,4.38,4.87,36,12
d_F88R_M255A_Y217Y_OFF_T_G17,0,0.8724,0.9437,0.9928,0,7.16,0,15.92,0,5.04,0,6.21,5.78,4.52,3.04,4.89,5.63,40,14
d_F88R_M255A_Y217Y_OFF_T_G17,1,0.8665,0.9359,0.989,1,2.75,0,8.68,0,42.81,0,38.3,40.71,4.69,5.27,6.37,4.79,38,19
d_F88R_M255A_Y217Y_OFF_T_G17,10,0.8495,0.9046,0.9882,0,6.12,0,12.64,0,37.01,0,36.15,44.47,3.85,3.03,3.57,6.65,28,10
d_F88R_M255A_Y217Y_OFF_T_G17,11,0.8486,0.9057,0.9873,0,6.85,0,11.57,0,42.93,0,40.02,40.84,5.46,2.7,5.64,7.63,25,14
d_F88R_M255A_Y217Y_OFF_T_G17,12,0.8476,0.908,0.9891,1,4.91,0,14.87,0,52.09,0,47.93,51.6,4.84,3.27,5.65,5.43,43,13
d_F88R_M255A_Y217Y_OFF_T_G17,13,0.846,0.9043,0.9877,1,4.69,0,11.25,0,39.83,0,36.81,38.46,6.74,3.08,5.0,6.71,24,11
d_F88R_M255A_Y217Y_OFF_T_G17,14,0.8453,0.8991,0.9843,0,6.85,0,13.24,0,44.2,0,38.88,42.87,4.79,2.08,6.07,7.5,40,18
d_F88R_M255A_Y217Y_OFF_T_G17,15,0.8447,0.8822,0.9863,0,7.11,0,13.43,0,41.49,0,38.1,39.46,5.05,3.08,3.27,7.98,27,11
d_F88R_M255A_Y217Y_OFF_T_G17,16,0.8439,0.8892,0.9848,0,5.61,0,12.36,0,44.91,0,38.58,42.99,4.9,3.28,6.82,6.85,32,16
d_F88R_M255A_Y217Y_OFF_T_G17,17,0.8436,0.8932,0.9874,0,7.65,0,13.61,0,32.95,0,32.17,40.2,5.14,4.98,2.37,7.11,26,10
d_F88R_M255A_Y217Y_OFF_T_G17,18,0.8435,0.9348,0.991,1,1.36,0,9.64,0,43.13,0,37.94,46.81,4.27,4.84,2.79,1.96,37,14
d_F88R_M255A_Y217Y_OFF_T_G17,19,0.8433,0.8701,0.989,0,5.56,0,28.65,0,26.4,0,26.91,34.46,3.8,4.07,4.2,6.56,40,16
d_F88R_M255A_Y217Y_OFF_T_G17,2,0.8657,0.9528,0.9923,1,4.7,0,5.88,0,37.82,0,36.82,37.82,4.65,3.06,4.86,5.0,42,17
d_F88R_M255A_Y217Y_OFF_T_G17,20,0.8426,0.9131,0.9887,0,6.94,1,4.96,0,36.69,0,34.64,34.83,5.52,3.5,2.94,6.83,20,12
d_F88R_M255A_Y217Y_OFF_T_G17,21,0.8422,0.8513,0.9847,0,6.31,0,14.35,0,40.4,0,38.06,38.75,6.4,4.98,2.71,6.47,24,10
d_F88R_M255A_Y217Y_OFF_T_G17,22,0.8419,0.9095,0.9902,1,1.83,0,10.37,0,37.89,0,35.34,37.07,5.7,4.71,5.04,4.01,32,8
d_F88R_M255A_Y217Y_OFF_T_G17,23,0.8416,0.8886,0.9875,0,6.2,0,12.72,0,40.7,0,37.31,38.86,5.74,5.09,3.84,7.16,20,11
d_F88R_M255A_Y217Y_OFF_T_G17,24,0.8396,0.9017,0.9866,0,6.47,0,12.21,0,25.4,0,26.59,29.22,3.46,6.3,4.63,4.69,27,12
d_F88R_M255A_Y217Y_OFF_T_G17,25,0.8393,0.9039,0.9897,1,3.39,0,10.09,1,4.06,0,9.28,9.74,3.86,3.72,3.48,4.28,45,16
d_F88R_M255A_Y217Y_OFF_T_G17,26,0.839,0.9049,0.9868,0,6.75,0,10.5,0,41.06,0,38.08,39.04,3.94,3.96,2.65,7.16,28,11
d_F88R_M255A_Y217Y_OFF_T_G17,27,0.8383,0.8987,0.9868,0,6.32,0,11.86,0,39.05,0,36.37,37.77,5.86,4.09,4.47,7.51,25,11
d_F88R_M255A_Y217Y_OFF_T_G17,28,0.8382,0.949,0.9857,0,6.98,0,20.65,0,30.35,0,27.31,32.59,4.26,3.38,3.09,6.83,43,18
d_F88R_M255A_Y217Y_OFF_T_G17,29,0.8381,0.8654,0.9907,0,5.91,0,27.16,0,29.8,0,35.57,33.43,4.38,3.86,3.25,6.71,40,13
d_F88R_M255A_Y217Y_OFF_T_G17,3,0.8636,0.9445,0.9895,0,6.01,0,10.07,0,34.17,0,31.76,31.77,5.95,2.29,2.3,5.93,41,16
d_F88R_M255A_Y217Y_OFF_T_G17,30,0.8373,0.8661,0.9892,0,6.0,0,27.21,0,28.99,0,34.09,33.18,3.2,4.03,2.65,6.07,34,15
d_F88R_M255A_Y217Y_OFF_T_G17,31,0.8372,0.9195,0.9901,1,3.98,0,11.71,0,39.27,0,35.93,38.3,5.28,6.23,6.19,5.4,28,13
d_F88R_M255A_Y217Y_OFF_T_G17,32,0.8365,0.8859,0.9843,0,5.46,0,12.23,0,42.13,0,36.68,40.5,6.48,1.48,5.4,6.43,30,16
d_F88R_M255A_Y217Y_OFF_T_G17,33,0.8365,0.8997,0.9855,0,5.47,0,12.4,0,36.9,0,34.47,34.85,4.67,4.75,1.74,4.65,33,12
d_F88R_M255A_Y217Y_OFF_T_G17,34,0.835,0.9502,0.9929,0,5.74,0,10.02,0,23.77,0,24.38,26.86,3.57,5.72,5.28,6.07,45,18
d_F88R_M255A_Y217Y_OFF_T_G17,35,0.835,0.9297,0.991,0,7.52,0,13.35,0,26.86,0,23.1,32.1,4.13,4.17,3.91,8.04,36,14
d_F88R_M255A_Y217Y_OFF_T_G17,36,0.834,0.8844,0.9849,0,5.72,0,13.86,0,41.72,0,38.57,40.26,5.03,3.45,4.13,6.92,33,11
d_F88R_M255A_Y217Y_OFF_T_G17,37,0.8333,0.9013,0.9908,0,6.52,0,9.72,0,33.02,0,35.3,36.53,4.29,5.44,4.99,5.57,39,17
d_F88R_M255A_Y217Y_OFF_T_G17,38,0.8332,0.8677,0.9866,1,1.72,0,13.01,0,36.42,0,36.27,37.99,5.5,2.28,9.49,3.53,30,11
d_F88R_M255A_Y217Y_OFF_T_G17,39,0.8324,0.9275,0.9908,0,8.46,0,16.54,0,36.94,0,35.93,35.68,4.49,4.84,5.23,7.54,32,12
d_F88R_M255A_Y217Y_OFF_T_G17,4,0.8626,0.931,0.9884,0,6.94,0,8.3,0,44.72,0,39.62,42.51,6.09,1.58,6.88,7.26,36,20
d_F88R_M255A_Y217Y_OFF_T_G17,40,0.8317,0.9461,0.9932,1,1.28,0,9.2,0,39.86,0,35.54,44.29,3.72,4.23,3.71,2.52,39,15
d_F88R_M255A_Y217Y_OFF_T_G17,41,0.8311,0.913,0.9891,0,7.32,0,8.31,0,34.79,0,33.6,34.74,10.71,3.57,4.22,6.96,25,11
d_F88R_M255A_Y217Y_OFF_T_G17,42,0.8302,0.9204,0.9897,0,7.36,0,13.03,0,43.84,0,36.86,41.91,4.94,4.07,6.51,6.73,46,16
d_F88R_M255A_Y217Y_OFF_T_G17,43,0.8302,0.9252,0.9905,0,7.33,0,14.0,0,41.86,0,39.23,39.93,4.15,3.27,4.48,7.85,25,13
d_F88R_M255A_Y217Y_OFF_T_G17,44,0.8298,0.9129,0.9903,1,4.43,0,17.3,0,39.5,0,38.6,42.06,6.25,7.01,11.1,3.45,29,9
d_F88R_M255A_Y217Y_OFF_T_G17,45,0.8297,0.8915,0.9872,0,5.31,1,3.1,0,31.86,0,30.56,33.32,7.55,7.03,11.62,5.97,27,12
d_F88R_M255A_Y217Y_OFF_T_G17,46,0.8282,0.8613,0.9857,1,4.79,0,12.72,0,45.64,0,42.09,44.79,4.94,4.06,3.99,5.69,49,15
d_F88R_M255A_Y217Y_OFF_T_G17,47,0.8277,0.9016,0.9922,0,5.34,0,11.88,0,38.11,0,36.3,38.93,3.57,3.92,2.48,5.46,52,12
d_F88R_M255A_Y217Y_OFF_T_G17,48,0.8277,0.898,0.9885,0,5.35,0,12.39,0,41.82,0,38.28,40.36,5.52,5.85,5.68,7.02,21,9
d_F88R_M255A_Y217Y_OFF_T_G17,49,0.8275,0.8998,0.988,0,5.53,0,9.8,0,44.25,0,38.78,42.24,5.91,3.23,5.03,6.19,22,15
d_F88R_M255A_Y217Y_OFF_T_G17,5,0.8561,0.9331,0.991,0,6.54,0,15.88,0,43.12,0,39.09,41.19,5.33,4.84,5.39,4.66,26,12
d_F88R_M255A_Y217Y_OFF_T_G17,50,0.8265,0.8646,0.9843,0,5.65,0,8.56,0,35.14,0,34.77,35.71,3.81,3.82,4.36,7.07,31,11
d_F88R_M255A_Y217Y_OFF_T_G17,51,0.8262,0.8741,0.9851,0,6.04,0,11.96,0,36.59,0,33.28,35.55,7.45,4.1,4.39,6.39,21,13
d_F88R_M255A_Y217Y_OFF_T_G17,52,0.8261,0.9106,0.9871,0,5.06,0,12.79,0,41.07,0,36.02,39.67,5.82,4.21,4.99,6.21,27,15
d_F88R_M255A_Y217Y_OFF_T_G17,53,0.8258,0.8605,0.985,1,4.06,0,12.95,0,40.07,0,37.06,39.26,4.57,4.47,4.63,4.69,30,10
d_F88R_M255A_Y217Y_OFF_T_G17,54,0.825,0.8606,0.9868,0,6.16,0,14.97,0,43.56,0,41.03,42.68,5.21,4.11,6.45,5.59,23,13
d_F88R_M255A_Y217Y_OFF_T_G17,55,0.8249,0.8989,0.9873,0,8.09,0,9.09,0,36.41,0,35.91,36.07,6.56,3.72,3.02,8.45,23,10
d_F88R_M255A_Y217Y_OFF_T_G17,56,0.8248,0.8773,0.9847,1,3.29,0,9.42,0,33.73,0,32.74,32.89,3.82,4.66,7.33,5.65,34,9
d_F88R_M255A_Y217Y_OFF_T_G17,57,0.824,0.7791,0.9829,1,3.06,0,12.63,0,41.54,0,38.62,40.02,4.48,4.52,5.62,3.79,21,8
d_F88R_M255A_Y217Y_OFF_T_G17,58,0.8232,0.9067,0.9874,0,6.19,0,14.55,0,41.54,0,36.23,39.93,6.79,5.56,4.73,5.84,28,14
d_F88R_M255A_Y217Y_OFF_T_G17,59,0.8229,0.9013,0.9894,1,2.83,0,9.12,0,36.62,0,35.21,35.5,5.76,3.74,3.71,1.93,27,10
d_F88R_M255A_Y217Y_OFF_T_G17,6,0.8531,0.9171,0.9897,0,5.86,0,13.64,0,39.52,0,37.89,38.31,3.33,3.52,5.25,6.51,29,12
d_F88R_M255A_Y217Y_OFF_T_G17,60,0.8227,0.9239,0.9908,0,5.59,0,12.16,0,44.07,0,40.0,42.26,5.74,4.36,4.11,7.07,21,11
d_F88R_M255A_Y217Y_OFF_T_G17,61,0.8225,0.9345,0.9918,0,6.3,0,15.24,0,33.99,0,33.58,33.31,2.53,6.41,4.47,5.41,29,14
d_F88R_M255A_Y217Y_OFF_T_G17,62,0.822,0.917,0.9884,0,6.44,0,11.31,0,40.56,0,36.4,39.08,4.91,3.67,5.42,5.11,30,14
d_F88R_M255A_Y217Y_OFF_T_G17,63,0.8215,0.9008,0.9879,1,3.59,0,6.58,0,20.46,0,19.49,27.82,4.85,2.77,2.87,3.96,41,13
d_F88R_M255A_Y217Y_OFF_T_G17,64,0.8207,0.8579,0.9853,0,5.29,0,14.28,0,41.79,0,38.8,40.61,6.37,4.9,5.48,7.36,22,11
d_F88R_M255A_Y217Y_OFF_T_G17,65,0.8204,0.918,0.9877,0,5.65,0,11.95,0,39.07,0,37.24,37.83,5.98,3.14,4.31,6.66,25,11
d_F88R_M255A_Y217Y_OFF_T_G17,66,0.8198,0.9006,0.9856,1,2.46,0,11.28,0,44.17,0,38.93,42.33,3.66,2.66,4.98,3.19,36,14
d_F88R_M255A_Y217Y_OFF_T_G17,67,0.8192,0.8682,0.9852,1,0.81,0,12.0,0,43.46,0,38.47,47.1,4.49,4.13,3.87,3.15,33,12
d_F88R_M255A_Y217Y_OFF_T_G17,68,0.819,0.8389,0.9837,0,7.31,0,13.51,0,38.14,0,36.34,37.26,5.57,4.44,3.21,8.47,20,10
d_F88R_M255A_Y217Y_OFF_T_G17,69,0.8185,0.8674,0.9851,0,7.92,0,11.8,0,42.57,0,37.92,41.0,5.44,3.85,5.49,8.55,26,15
d_F88R_M255A_Y217Y_OFF_T_G17,7,0.8504,0.9048,0.9871,0,5.75,0,12.37,0,40.04,0,37.68,38.72,7.22,4.67,3.73,6.56,23,10
d_F88R_M255A_Y217Y_OFF_T_G17,70,0.8177,0.9073,0.9891,0,5.25,1,4.06,0,33.21,0,32.67,33.49,6.17,4.46,1.02,6.75,28,11
d_F88R_M255A_Y217Y_OFF_T_G17,71,0.8171,0.907,0.9882,0,5.48,0,14.31,0,22.29,0,18.74,27.31,4.76,3.4,3.21,5.69,35,13
d_F88R_M255A_Y217Y_OFF_T_G17,72,0.8127,0.8878,0.9857,0,6.18,0,13.14,0,38.2,0,36.36,37.0,6.92,2.87,3.47,7.19,25,11
d_F88R_M255A_Y217Y_OFF_T_G17,73,0.8126,0.9362,0.9917,1,1.64,0,13.78,0,24.48,0,20.45,29.14,4.0,4.73,2.46,2.76,42,16
d_F88R_M255A_Y217Y_OFF_T_G17,74,0.8115,0.8896,0.9871,0,6.34,0,10.45,0,38.21,0,35.65,35.73,6.48,5.62,3.67,8.04,24,10
d_F88R_M255A_Y217Y_OFF_T_G17,75,0.8113,0.7679,0.9827,0,5.9,0,11.08,0,42.84,0,40.65,41.51,5.95,4.66,5.83,6.02,27,11
d_F88R_M255A_Y217Y_OFF_T_G17,76,0.8111,0.8566,0.9863,1,4.49,0,11.86,0,40.28,0,38.11,39.09,6.79,4.79,5.28,5.95,21,12
d_F88R_M255A_Y217Y_OFF_T_G17,77,0.8104,0.7904,0.9812,0,5.16,0,12.83,0,43.67,0,37.26,41.65,6.04,5.0,4.73,4.5,39,17
d_F88R_M255A_Y217Y_OFF_T_G17,78,0.81,0.907,0.9905,0,6.42,0,15.4,0,33.83,0,29.27,34.61,4.75,2.81,5.04,5.58,38,18
d_F88R_M255A_Y217Y_OFF_T_G17,79,0.8085,0.8762,0.9864,0,7.25,0,16.93,0,38.33,0,37.33,37.43,3.09,5.15,3.92,5.91,27,10
d_F88R_M255A_Y217Y_OFF_T_G17,8,0.8503,0.9489,0.9897,0,8.42,0,8.03,0,40.4,0,35.44,39.2,5.92,2.29,3.71,8.21,40,18
d_F88R_M255A_Y217Y_OFF_T_G17,80,0.8079,0.8641,0.9845,0,7.28,0,14.66,0,37.07,0,36.68,36.11,4.24,5.02,3.78,6.13,27,11
d_F88R_M255A_Y217Y_OFF_T_G17,81,0.8071,0.8236,0.9887,0,6.2,0,25.07,0,52.08,0,46.67,49.73,3.15,2.96,3.96,6.18,37,13
d_F88R_M255A_Y217Y_OFF_T_G17,82,0.8058,0.9,0.9894,0,6.05,0,10.85,0,39.56,0,37.81,38.52,6.42,4.33,4.51,7.25,26,12
d_F88R_M255A_Y217Y_OFF_T_G17,83,0.8054,0.846,0.9861,0,6.33,0,11.2,0,38.74,0,36.08,36.74,5.41,4.16,3.31,7.6,22,10
d_F88R_M255A_Y217Y_OFF_T_G17,84,0.8051,0.8455,0.9868,0,6.13,0,11.03,0,33.7,0,30.9,32.67,6.2,5.27,8.86,6.66,33,14
d_F88R_M255A_Y217Y_OFF_T_G17,85,0.8046,0.8583,0.9851,0,7.0,0,16.77,0,43.53,0,37.26,42.7,3.63,5.27,8.62,5.58,28,13
d_F88R_M255A_Y217Y_OFF_T_G17,86,0.804,0.8112,0.9866,0,5.41,0,13.92,0,34.52,0,31.38,35.0,4.67,2.37,5.31,5.28,37,16
d_F88R_M255A_Y217Y_OFF_T_G17,87,0.8018,0.8831,0.9863,0,6.84,0,13.7,0,21.92,0,19.59,28.58,3.69,3.62,3.22,6.87,37,14
d_F88R_M255A_Y217Y_OFF_T_G17,88,0.8016,0.8025,0.9804,0,6.43,0,13.06,0,43.6,0,37.67,41.51,7.16,4.22,5.91,6.03,27,17
d_F88R_M255A_Y217Y_OFF_T_G17,89,0.8014,0.8369,0.9841,1,4.15,0,14.48,0,41.28,0,38.28,40.45,5.97,4.91,4.49,6.87,24,11
d_F88R_M255A_Y217Y_OFF_T_G17,9,0.8503,0.9168,0.988,1,4.48,0,13.19,0,46.72,0,41.27,44.56,5.05,3.48,5.12,4.93,38,17
d_F88R_M255A_Y217Y_OFF_T_G17,90,0.8,0.8148,0.9818,0,5.53,0,11.74,0,39.13,0,34.34,37.79,6.04,5.2,7.22,5.09,28,16
d_F88R_M255A_Y217Y_OFF_T_G17,91,0.7968,0.837,0.987,0,13.29,0,18.76,0,29.04,0,27.96,36.4,6.85,4.73,4.6,12.82,13,8
d_F88R_M255A_Y217Y_OFF_T_G17,92,0.7959,0.7906,0.9817,0,6.22,0,14.84,0,40.65,0,38.39,39.16,4.81,5.58,4.81,7.46,23,10
d_F88R_M255A_Y217Y_OFF_T_G17,93,0.7936,0.812,0.9869,1,4.33,0,12.64,1,3.33,0,7.42,11.09,4.75,4.52,2.65,1.91,39,14
d_F88R_M255A_Y217Y_OFF_T_G17,94,0.7908,0.8586,0.986,0,5.18,0,6.9,0,21.01,0,22.3,29.0,4.27,5.06,2.84,5.47,35,13
d_F88R_M255A_Y217Y_OFF_T_G17,95,0.786,0.7602,0.9854,0,5.57,0,6.76,0,30.57,0,30.45,31.12,5.23,3.68,3.08,6.61,30,14
d_F88R_M255A_Y217Y_OFF_T_G17,96,0.7839,0.6641,0.9788,1,4.89,0,15.11,0,44.27,0,41.22,43.63,5.14,4.2,7.3,4.15,32,15
d_F88R_M255A_Y217Y_OFF_T_G17,97,0.7763,0.7212,0.9833,0,7.05,0,14.03,0,49.09,0,44.74,47.66,4.75,2.03,5.93,5.5,26,14
d_F88R_M255A_Y217Y_OFF_T_G17,98,0.7651,0.777,0.9842,0,7.76,0,10.97,0,14.9,0,10.68,19.77,6.82,2.4,3.87,6.56,30,15
d_F88R_M255A_Y217Y_OFF_T_G17,99,0.7647,0.7227,0.9848,0,6.23,0,16.48,0,43.95,0,41.44,44.33,6.85,6.64,12.74,5.65,37,14
d_F88W_M255A_Y217Y_OFF_T_G17,0,0.8715,0.9444,0.9894,1,2.99,0,13.51,0,43.68,0,37.6,41.72,4.96,4.43,5.54,4.03,36,16
d_F88W_M255A_Y217Y_OFF_T_G17,1,0.8636,0.9304,0.9882,1,4.86,0,13.55,0,44.04,0,38.05,42.15,3.53,1.86,6.27,5.55,36,17
d_F88W_M255A_Y217Y_OFF_T_G17,10,0.8548,0.9277,0.9915,0,5.57,0,14.97,0,44.57,0,41.37,42.78,4.22,5.51,4.15,5.13,29,11
d_F88W_M255A_Y217Y_OFF_T_G17,11,0.8546,0.9322,0.9909,0,6.22,0,13.91,0,42.0,0,39.35,40.07,3.61,3.84,2.91,5.84,32,12
d_F88W_M255A_Y217Y_OFF_T_G17,12,0.854,0.9111,0.9901,1,4.28,0,26.53,0,10.62,0,13.28,13.31,7.63,6.28,11.51,5.07,31,9
d_F88W_M255A_Y217Y_OFF_T_G17,13,0.8536,0.9122,0.9895,1,4.13,0,15.91,0,34.91,0,34.49,33.96,4.1,5.95,3.48,3.88,30,13
d_F88W_M255A_Y217Y_OFF_T_G17,14,0.8533,0.9236,0.9887,1,3.9,0,14.69,0,42.69,0,37.38,41.56,5.41,3.68,5.24,4.76,42,18
d_F88W_M255A_Y217Y_OFF_T_G17,15,0.8532,0.9067,0.9876,0,6.12,0,13.3,0,40.95,0,38.17,39.44,3.49,4.23,3.13,6.53,26,12
d_F88W_M255A_Y217Y_OFF_T_G17,16,0.8531,0.9372,0.9915,0,5.28,0,14.73,0,39.84,0,37.59,37.89,4.69,3.76,3.2,4.43,35,11
d_F88W_M255A_Y217Y_OFF_T_G17,17,0.8531,0.846,0.9882,0,5.93,0,25.66,0,25.53,0,26.03,33.02,5.43,3.01,3.41,6.74,31,13
d_F88W_M255A_Y217Y_OFF_T_G17,18,0.853,0.9075,0.9854,1,3.75,0,13.63,0,44.99,0,39.28,42.91,4.63,2.86,5.26,4.83,37,15
d_F88W_M255A_Y217Y_OFF_T_G17,19,0.8525,0.9273,0.9902,0,5.34,0,14.84,0,41.64,0,39.19,39.67,4.22,4.92,5.03,4.2,29,12
d_F88W_M255A_Y217Y_OFF_T_G17,2,0.8624,0.9242,0.9899,0,5.06,0,14.66,0,37.77,0,36.21,36.15,4.55,5.25,3.78,5.18,31,10
d_F88W_M255A_Y217Y_OFF_T_G17,20,0.8524,0.9323,0.9913,0,5.07,0,14.64,0,43.16,0,40.0,41.21,4.4,3.52,4.45,3.87,36,13
d_F88W_M255A_Y217Y_OFF_T_G17,21,0.8522,0.881,0.9873,0,6.77,0,14.66,0,41.9,0,39.63,40.25,3.39,4.81,4.55,5.94,27,12
d_F88W_M255A_Y217Y_OFF_T_G17,22,0.8522,0.9331,0.9916,0,6.27,0,14.02,0,40.24,0,37.82,37.95,3.97,3.96,3.98,5.07,33,14
d_F88W_M255A_Y217Y_OFF_T_G17,23,0.8519,0.9104,0.9878,1,4.83,0,14.96,0,37.9,0,36.19,36.27,3.9,4.94,3.72,3.16,29,13
d_F88W_M255A_Y217Y_OFF_T_G17,24,0.8517,0.9171,0.99,1,3.95,0,14.4,0,46.15,0,44.12,45.54,5.39,5.07,6.34,5.3,26,12
d_F88W_M255A_Y217Y_OFF_T_G17,25,0.8508,0.9168,0.9896,0,5.57,0,14.54,0,43.02,0,40.3,41.88,4.11,4.78,4.63,5.35,33,12
d_F88W_M255A_Y217Y_OFF_T_G17,26,0.8503,0.8985,0.9881,1,3.3,0,14.41,0,40.56,0,38.55,39.41,5.19,5.47,4.63,4.16,30,12
d_F88W_M255A_Y217Y_OFF_T_G17,27,0.8499,0.7989,0.9872,1,4.47,0,24.92,0,30.47,0,35.9,34.16,3.95,2.62,4.67,5.73,33,13
d_F88W_M255A_Y217Y_OFF_T_G17,28,0.8497,0.9098,0.9902,1,4.68,0,15.78,0,35.39,0,34.81,34.69,3.97,6.1,4.22,5.61,29,13
d_F88W_M255A_Y217Y_OFF_T_G17,29,0.8497,0.8992,0.988,0,5.98,0,14.0,0,45.67,0,42.53,43.98,3.61,4.22,5.01,4.9,29,11
d_F88W_M255A_Y217Y_OFF_T_G17,3,0.8596,0.9359,0.9889,0,6.42,0,10.06,0,35.63,0,33.66,35.57,6.23,3.55,4.15,6.06,28,11
d_F88W_M255A_Y217Y_OFF_T_G17,30,0.8495,0.8523,0.9862,1,4.65,0,14.63,0,43.34,0,40.02,41.55,4.59,1.68,5.95,5.1,37,12
d_F88W_M255A_Y217Y_OFF_T_G17,31,0.8494,0.8725,0.986,1,4.82,0,14.93,0,45.08,0,42.22,43.2,5.08,5.37,5.47,5.27,28,14
d_F88W_M255A_Y217Y_OFF_T_G17,32,0.8484,0.913,0.9886,1,4.3,0,14.74,0,36.7,0,34.92,34.73,4.3,4.85,4.73,4.76,34,12
d_F88W_M255A_Y217Y_OFF_T_G17,33,0.8477,0.936,0.9916,0,6.69,0,16.65,0,46.47,0,42.12,45.25,6.54,4.03,4.99,6.75,26,12
d_F88W_M255A_Y217Y_OFF_T_G17,34,0.8475,0.8854,0.9861,0,5.5,0,13.68,0,43.64,0,40.55,42.17,4.46,3.57,3.96,4.91,39,14
d_F88W_M255A_Y217Y_OFF_T_G17,35,0.8471,0.9243,0.9917,0,5.08,0,15.7,0,45.8,0,42.33,44.14,4.8,4.73,4.27,5.49,28,12
d_F88W_M255A_Y217Y_OFF_T_G17,36,0.8468,0.91,0.9891,1,4.58,0,14.43,0,43.53,0,40.4,42.26,6.48,3.41,3.04,7.08,25,12
d_F88W_M255A_Y217Y_OFF_T_G17,37,0.8463,0.8994,0.9886,0,5.78,0,15.47,0,46.08,0,42.83,44.84,4.33,4.22,5.21,5.55,27,12
d_F88W_M255A_Y217Y_OFF_T_G17,38,0.8462,0.931,0.9922,1,2.7,0,16.19,0,32.05,0,33.08,32.66,3.14,5.92,5.51,2.7,36,16
d_F88W_M255A_Y217Y_OFF_T_G17,39,0.8459,0.8792,0.9856,1,4.76,0,13.74,0,42.32,0,39.81,40.67,5.01,4.68,3.77,5.36,28,11
d_F88W_M255A_Y217Y_OFF_T_G17,4,0.8593,0.9326,0.9898,0,5.31,0,13.87,0,39.96,0,37.09,38.83,4.15,5.84,3.48,5.76,30,13
d_F88W_M255A_Y217Y_OFF_T_G17,40,0.8458,0.8935,0.987,1,4.76,0,15.11,0,35.46,0,34.69,34.71,4.95,5.23,4.25,4.36,33,13
d_F88W_M255A_Y217Y_OFF_T_G17,41,0.8458,0.9059,0.9881,0,5.01,0,14.41,0,44.65,0,41.11,42.9,4.81,3.66,5.64,5.48,39,14
d_F88W_M255A_Y217Y_OFF_T_G17,42,0.8451,0.9383,0.9906,1,2.22,0,12.06,0,39.64,0,37.14,45.51,4.55,4.11,1.47,1.35,37,10
d_F88W_M255A_Y217Y_OFF_T_G17,43,0.8447,0.918,0.989,0,5.5,0,14.98,0,43.03,0,40.69,41.82,3.94,5.01,5.78,5.59,22,12
d_F88W_M255A_Y217Y_OFF_T_G17,44,0.8443,0.9236,0.9868,1,4.68,0,13.58,0,44.51,0,38.66,43.04,4.74,1.66,4.4,6.5,40,15
d_F88W_M255A_Y217Y_OFF_T_G17,45,0.8439,0.9263,0.9875,1,3.95,0,13.97,0,45.27,0,39.65,43.11,5.18,3.63,6.38,4.74,36,15
d_F88W_M255A_Y217Y_OFF_T_G17,46,0.8438,0.9048,0.9894,0,6.01,0,15.08,0,34.69,0,34.55,33.86,4.39,5.31,3.38,6.46,29,10
d_F88W_M255A_Y217Y_OFF_T_G17,47,0.8437,0.8862,0.9876,0,5.79,0,15.59,0,45.06,0,41.01,43.33,5.2,2.37,4.13,4.1,30,12
d_F88W_M255A_Y217Y_OFF_T_G17,48,0.8436,0.9007,0.9898,0,5.38,0,14.7,0,38.51,0,36.84,37.43,4.24,5.82,3.03,5.42,30,10
d_F88W_M255A_Y217Y_OFF_T_G17,49,0.8434,0.8841,0.9878,0,5.28,0,15.86,0,44.52,0,41.04,43.45,7.06,5.52,5.71,4.95,24,11
d_F88W_M255A_Y217Y_OFF_T_G17,5,0.8574,0.9025,0.9863,1,4.96,0,13.74,0,41.73,0,35.9,39.8,5.76,4.47,5.07,5.96,39,15
d_F88W_M255A_Y217Y_OFF_T_G17,50,0.8433,0.9153,0.9897,1,4.42,0,14.38,0,41.89,0,39.01,40.25,4.42,4.49,4.08,5.03,32,12
d_F88W_M255A_Y217Y_OFF_T_G17,51,0.8432,0.8479,0.9833,0,6.26,0,15.58,0,42.88,0,39.51,41.41,6.8,5.08,5.62,6.19,23,11
d_F88W_M255A_Y217Y_OFF_T_G17,52,0.843,0.8894,0.9896,0,5.05,0,16.57,0,40.64,0,34.72,39.06,5.7,3.61,8.48,3.52,41,15
d_F88W_M255A_Y217Y_OFF_T_G17,53,0.8427,0.9004,0.9889,0,5.75,0,14.51,0,38.13,0,35.55,35.98,3.74,4.03,4.27,6.48,36,13
d_F88W_M255A_Y217Y_OFF_T_G17,54,0.8422,0.8611,0.9837,0,5.79,0,15.13,0,47.06,0,43.57,46.31,4.86,3.76,6.23,6.39,33,14
d_F88W_M255A_Y217Y_OFF_T_G17,55,0.8421,0.8822,0.988,0,5.72,0,14.4,0,40.12,0,38.17,38.48,4.15,4.84,4.65,6.03,27,10
d_F88W_M255A_Y217Y_OFF_T_G17,56,0.842,0.9084,0.9866,0,5.32,0,16.52,0,44.02,0,38.35,42.5,6.23,3.25,7.17,5.3,36,16
d_F88W_M255A_Y217Y_OFF_T_G17,57,0.8419,0.89,0.9865,0,8.26,0,13.84,0,40.35,0,37.74,38.64,2.38,4.4,4.45,5.8,28,10
d_F88W_M255A_Y217Y_OFF_T_G17,58,0.8416,0.916,0.9898,0,5.84,0,10.77,0,39.31,0,37.27,38.91,6.68,3.5,5.14,6.83,26,11
d_F88W_M255A_Y217Y_OFF_T_G17,59,0.8414,0.8997,0.9889,0,6.61,0,15.83,0,41.19,0,37.98,39.22,4.83,4.83,5.59,4.96,22,12
d_F88W_M255A_Y217Y_OFF_T_G17,6,0.8566,0.904,0.9878,1,4.73,0,14.41,0,43.8,0,39.57,40.91,4.7,4.77,4.74,4.99,36,11
d_F88W_M255A_Y217Y_OFF_T_G17,60,0.8413,0.9135,0.9894,0,6.06,0,14.94,0,42.51,0,40.1,41.76,5.82,4.7,4.95,5.53,26,11
d_F88W_M255A_Y217Y_OFF_T_G17,61,0.8405,0.8938,0.9863,0,6.16,0,13.67,0,44.04,0,40.8,43.06,5.37,3.13,5.11,6.72,29,12
d_F88W_M255A_Y217Y_OFF_T_G17,62,0.8396,0.8485,0.9847,0,6.51,0,14.21,0,41.03,0,39.5,40.05,3.04,4.23,4.03,5.14,30,11
d_F88W_M255A_Y217Y_OFF_T_G17,63,0.8394,0.8817,0.9863,0,5.78,0,14.26,0,37.02,0,35.01,35.54,4.74,4.84,3.59,5.53,29,10
d_F88W_M255A_Y217Y_OFF_T_G17,64,0.8393,0.901,0.9876,0,6.24,0,15.58,0,43.25,0,39.68,41.09,5.27,4.93,2.58,4.35,32,14
d_F88W_M255A_Y217Y_OFF_T_G17,65,0.8391,0.8737,0.9866,0,6.95,0,14.73,0,42.5,0,38.8,39.83,4.98,4.44,5.24,6.86,22,10
d_F88W_M255A_Y217Y_OFF_T_G17,66,0.8383,0.8436,0.9849,0,5.77,0,14.07,0,40.62,0,39.02,39.89,3.05,4.96,3.11,4.0,37,12
d_F88W_M255A_Y217Y_OFF_T_G17,67,0.8372,0.8677,0.986,0,6.03,0,14.9,0,41.62,0,39.9,41.56,6.29,6.09,4.94,7.04,26,13
d_F88W_M255A_Y217Y_OFF_T_G17,68,0.8367,0.9292,0.9896,0,5.62,0,8.72,0,34.97,0,34.37,35.24,7.07,3.91,3.66,6.07,30,12
d_F88W_M255A_Y217Y_OFF_T_G17,69,0.8364,0.9237,0.991,1,4.85,0,14.84,0,38.86,0,36.29,36.47,5.21,4.74,3.2,5.11,34,11
d_F88W_M255A_Y217Y_OFF_T_G17,7,0.8553,0.9381,0.9923,0,5.35,0,17.56,0,28.29,0,27.34,29.45,4.74,5.67,2.6,5.08,45,18
d_F88W_M255A_Y217Y_OFF_T_G17,70,0.835,0.911,0.9898,0,6.38,0,16.48,0,46.46,0,42.89,44.98,4.21,3.92,5.17,6.25,30,13
d_F88W_M255A_Y217Y_OFF_T_G17,71,0.8346,0.877,0.9877,0,6.5,0,22.76,0,34.18,0,37.26,42.34,4.43,3.39,3.51,6.1,31,12
d_F88W_M255A_Y217Y_OFF_T_G17,72,0.8335,0.8615,0.9858,0,5.04,0,14.67,0,41.76,0,38.53,39.79,4.39,4.82,5.33,5.47,25,11
d_F88W_M255A_Y217Y_OFF_T_G17,73,0.8311,0.7967,0.9841,0,5.14,0,16.43,0,44.93,0,41.53,43.49,5.55,3.27,5.49,5.41,29,13
d_F88W_M255A_Y217Y_OFF_T_G17,74,0.8289,0.8709,0.9878,0,5.1,0,15.36,0,31.42,0,30.72,29.74,3.75,5.79,8.57,5.63,40,14
d_F88W_M255A_Y217Y_OFF_T_G17,75,0.8272,0.8942,0.9889,0,7.25,0,7.87,0,31.43,0,34.0,33.55,4.74,7.02,7.83,6.26,31,12
d_F88W_M255A_Y217Y_OFF_T_G17,76,0.8268,0.8809,0.9882,0,5.51,0,14.65,0,44.93,0,42.29,43.19,4.36,2.96,3.89,5.29,25,12
d_F88W_M255A_Y217Y_OFF_T_G17,77,0.8254,0.8626,0.9869,0,8.2,0,13.83,0,29.7,0,33.08,36.05,3.74,3.88,4.22,7.78,38,12
d_F88W_M255A_Y217Y_OFF_T_G17,78,0.8244,0.8194,0.9811,0,7.21,0,14.73,0,42.69,0,39.86,41.87,3.96,3.94,5.79,7.7,26,12
d_F88W_M255A_Y217Y_OFF_T_G17,79,0.8238,0.8741,0.9875,0,14.33,0,22.3,0,38.34,0,37.43,44.71,6.81,2.38,4.3,14.86,13,12
d_F88W_M255A_Y217Y_OFF_T_G17,8,0.8551,0.918,0.9898,0,5.76,0,17.73,0,41.47,0,40.38,40.24,4.1,3.08,5.37,5.49,25,13
d_F88W_M255A_Y217Y_OFF_T_G17,80,0.8235,0.8908,0.9861,0,5.5,0,8.18,0,30.1,0,31.55,32.71,6.61,4.57,5.26,6.35,35,15
d_F88W_M255A_Y217Y_OFF_T_G17,81,0.8231,0.8315,0.9842,1,4.95,0,12.66,0,36.56,0,35.9,37.0,6.04,4.69,5.38,6.55,28,11
d_F88W_M255A_Y217Y_OFF_T_G17,82,0.823,0.8835,0.9876,1,4.98,0,14.61,0,45.45,0,42.56,43.87,4.16,3.17,4.77,5.95,29,12
d_F88W_M255A_Y217Y_OFF_T_G17,83,0.8225,0.8212,0.9841,1,4.39,0,23.38,0,16.89,0,17.42,21.68,4.45,5.95,8.09,3.95,21,7
d_F88W_M255A_Y217Y_OFF_T_G17,84,0.8211,0.8413,0.9857,0,5.96,0,11.01,0,11.96,0,14.07,18.18,4.26,3.85,3.56,5.75,36,13
d_F88W_M255A_Y217Y_OFF_T_G17,85,0.8205,0.8578,0.988,1,4.21,0,22.25,0,20.02,0,22.66,28.16,3.84,3.76,5.57,4.35,29,8
d_F88W_M255A_Y217Y_OFF_T_G17,86,0.8196,0.7248,0.9844,0,5.7,0,21.14,0,39.21,0,41.27,39.76,4.71,4.41,3.39,5.8,42,14
d_F88W_M255A_Y217Y_OFF_T_G17,87,0.8189,0.8916,0.9871,0,6.43,0,13.18,0,39.99,0,38.42,38.98,5.07,4.5,4.28,4.89,24,12
d_F88W_M255A_Y217Y_OFF_T_G17,88,0.8126,0.8114,0.9853,0,5.18,0,14.93,0,43.91,0,40.9,42.54,5.64,4.17,3.97,7.12,25,10
d_F88W_M255A_Y217Y_OFF_T_G17,89,0.812,0.8206,0.9863,0,6.21,0,23.42,0,26.22,0,26.99,34.09,2.77,4.59,8.78,6.75,23,8
d_F88W_M255A_Y217Y_OFF_T_G17,9,0.8549,0.9156,0.9901,1,4.14,0,13.96,0,40.04,0,36.91,37.94,5.16,6.0,3.39,4.57,31,11
d_F88W_M255A_Y217Y_OFF_T_G17,90,0.8105,0.8752,0.9897,0,6.99,0,25.64,0,10.47,0,15.39,16.85,4.91,4.57,10.11,5.75,25,8
d_F88W_M255A_Y217Y_OFF_T_G17,91,0.8072,0.8414,0.9827,0,5.93,0,14.37,0,40.43,0,37.5,39.21,5.85,3.97,4.5,7.57,24,12
d_F88W_M255A_Y217Y_OFF_T_G17,92,0.8003,0.8326,0.9872,0,5.93,0,8.67,0,31.35,0,30.73,30.71,5.71,6.31,8.86,7.64,29,14
d_F88W_M255A_Y217Y_OFF_T_G17,93,0.7995,0.7397,0.9813,0,5.59,0,21.61,0,27.24,0,27.0,35.0,3.27,5.3,7.75,6.47,29,7
d_F88W_M255A_Y217Y_OFF_T_G17,94,0.794,0.741,0.979,1,4.19,0,14.11,0,46.78,0,40.02,44.5,4.73,3.01,5.02,3.21,32,15
d_F88W_M255A_Y217Y_OFF_T_G17,95,0.783,0.6411,0.9792,1,4.29,0,16.2,0,37.15,0,36.17,35.96,3.99,6.41,4.85,1.49,33,14
d_F88W_M255A_Y217Y_OFF_T_G17,96,0.7754,0.6313,0.9786,0,5.89,0,14.8,0,37.37,0,36.56,36.14,3.96,5.6,3.6,5.06,27,12
d_F88W_M255A_Y217Y_OFF_T_G17,97,0.7658,0.6453,0.9804,0,5.74,0,16.9,0,33.43,0,29.67,32.08,4.57,4.4,6.7,5.9,42,18
d_F88W_M255A_Y217Y_OFF_T_G17,98,0.7561,0.5638,0.9753,0,6.71,0,14.53,0,38.87,0,37.11,37.84,3.6,3.5,4.12,6.36,34,11
d_F88W_M255A_Y217Y_OFF_T_G17,99,0.7459,0.6229,0.9804,0,5.65,0,18.06,0,19.95,0,18.04,25.14,3.79,3.23,3.99,4.62,38,10
d_F88Y_M255A_Y217Y_OFF_T_G17,0,0.8647,0.9496,0.991,1,4.89,0,15.16,0,41.46,0,38.59,40.13,4.75,3.43,4.19,5.62,39,15
d_F88Y_M255A_Y217Y_OFF_T_G17,1,0.8635,0.9429,0.9916,0,6.99,0,14.78,0,53.89,0,47.35,52.82,4.7,2.59,6.68,6.12,34,15
d_F88Y_M255A_Y217Y_OFF_T_G17,10,0.8567,0.9585,0.9938,1,3.94,0,13.5,0,46.64,0,40.58,44.94,3.3,1.95,4.92,6.39,38,19
d_F88Y_M255A_Y217Y_OFF_T_G17,11,0.8563,0.9441,0.9904,1,4.74,0,14.08,0,44.94,0,38.58,43.12,5.61,3.77,5.67,5.22,41,16
d_F88Y_M255A_Y217Y_OFF_T_G17,12,0.8555,0.9295,0.9901,0,5.97,0,11.41,0,30.78,0,29.29,31.3,5.41,2.38,2.5,5.16,32,11
d_F88Y_M255A_Y217Y_OFF_T_G17,13,0.8554,0.9547,0.9937,1,3.82,0,19.32,0,29.91,0,28.5,32.02,3.55,4.49,3.51,3.19,58,18
d_F88Y_M255A_Y217Y_OFF_T_G17,14,0.855,0.9235,0.9913,1,4.27,0,16.01,0,49.38,0,44.82,48.57,3.41,2.67,6.51,6.8,40,14
d_F88Y_M255A_Y217Y_OFF_T_G17,15,0.8542,0.9462,0.9935,1,4.21,0,15.77,0,36.24,0,36.25,35.83,3.93,5.75,4.91,2.55,33,13
d_F88Y_M255A_Y217Y_OFF_T_G17,16,0.853,0.9372,0.9912,1,4.87,0,13.01,0,31.9,0,28.33,32.41,4.81,4.98,5.61,4.54,53,21
d_F88Y_M255A_Y217Y_OFF_T_G17,17,0.8528,0.9161,0.9899,1,4.34,0,15.08,0,48.35,0,44.58,47.01,3.89,3.43,6.51,6.13,31,13
d_F88Y_M255A_Y217Y_OFF_T_G17,18,0.8526,0.9163,0.9925,0,6.5,0,12.83,0,32.66,0,36.07,35.15,3.33,5.22,5.37,5.29,36,16
d_F88Y_M255A_Y217Y_OFF_T_G17,19,0.8522,0.8835,0.9884,1,2.44,0,25.65,0,12.26,0,18.46,14.68,5.1,3.45,10.38,2.59,36,13
d_F88Y_M255A_Y217Y_OFF_T_G17,2,0.8626,0.944,0.9912,1,3.5,0,14.36,0,45.91,0,39.51,43.68,4.45,3.78,7.05,5.34,36,15
d_F88Y_M255A_Y217Y_OFF_T_G17,20,0.8522,0.9393,0.9923,1,4.62,0,16.08,0,47.18,0,41.93,44.24,4.27,3.74,6.8,5.59,31,14
d_F88Y_M255A_Y217Y_OFF_T_G17,21,0.8512,0.9467,0.9933,1,3.16,0,15.97,0,28.78,0,30.7,28.79,3.73,5.44,4.5,1.87,36,15
d_F88Y_M255A_Y217Y_OFF_T_G17,22,0.8511,0.9473,0.9925,1,4.48,0,15.41,0,31.11,0,31.45,30.37,3.85,4.99,3.94,6.11,34,14
d_F88Y_M255A_Y217Y_OFF_T_G17,23,0.8508,0.9188,0.9887,0,5.13,0,15.13,0,43.88,0,37.59,42.77,6.02,3.39,5.07,2.84,34,12
d_F88Y_M255A_Y217Y_OFF_T_G17,24,0.8505,0.9301,0.9896,1,4.77,0,15.08,0,10.33,0,14.77,16.84,2.37,3.44,2.71,5.32,39,18
d_F88Y_M255A_Y217Y_OFF_T_G17,25,0.8499,0.8925,0.9888,0,6.46,0,14.91,0,43.65,0,38.57,41.7,4.37,3.74,4.05,5.01,35,12
d_F88Y_M255A_Y217Y_OFF_T_G17,26,0.8497,0.9355,0.989,0,6.74,0,12.03,0,36.07,0,32.75,35.37,8.14,2.94,3.77,5.75,33,16
d_F88Y_M255A_Y217Y_OFF_T_G17,27,0.8495,0.9302,0.9911,1,3.92,0,14.79,0,44.72,0,41.75,43.33,4.41,4.39,5.05,5.1,30,11
d_F88Y_M255A_Y217Y_OFF_T_G17,28,0.8483,0.9189,0.9911,1,3.28,0,17.47,0,29.92,0,33.53,32.21,3.46,2.9,2.91,2.46,36,13
d_F88Y_M255A_Y217Y_OFF_T_G17,29,0.8478,0.8688,0.991,0,5.02,0,21.15,0,35.45,0,37.45,38.83,3.87,3.02,1.98,5.08,41,13
d_F88Y_M255A_Y217Y_OFF_T_G17,3,0.8622,0.9374,0.991,0,5.93,0,13.37,0,43.57,0,38.48,41.06,3.49,4.72,5.25,6.18,35,11
d_F88Y_M255A_Y217Y_OFF_T_G17,30,0.8473,0.9353,0.9907,1,3.4,0,14.92,0,15.95,0,11.47,19.76,4.27,3.84,2.94,4.46,39,16
d_F88Y_M255A_Y217Y_OFF_T_G17,31,0.8457,0.9358,0.9919,1,4.57,0,16.55,0,43.0,0,39.91,41.32,5.53,3.86,4.41,3.62,33,12
d_F88Y_M255A_Y217Y_OFF_T_G17,32,0.8454,0.8518,0.9903,0,7.15,0,25.38,0,31.52,0,36.34,35.01,4.85,4.49,4.33,5.72,43,14
d_F88Y_M255A_Y217Y_OFF_T_G17,33,0.8449,0.919,0.9895,1,3.69,0,14.61,0,43.18,0,38.83,41.21,4.63,2.31,6.75,4.6,33,13
d_F88Y_M255A_Y217Y_OFF_T_G17,34,0.8449,0.8508,0.9896,0,5.89,0,24.63,0,34.47,0,37.03,38.68,3.48,2.87,3.83,5.64,40,15
d_F88Y_M255A_Y217Y_OFF_T_G17,35,0.8445,0.9162,0.9856,0,5.92,0,10.43,0,28.68,0,28.62,29.93,11.08,6.05,9.62,4.94,39,13
d_F88Y_M255A_Y217Y_OFF_T_G17,36,0.8444,0.9099,0.9911,0,10.25,0,19.39,0,38.0,0,39.63,38.07,7.84,3.0,5.92,20.0,17,11
d_F88Y_M255A_Y217Y_OFF_T_G17,37,0.844,0.9383,0.9918,0,5.77,0,11.13,0,29.71,0,30.02,32.6,10.69,6.7,12.11,4.92,27,12
d_F88Y_M255A_Y217Y_OFF_T_G17,38,0.8435,0.8731,0.9923,0,7.29,0,24.65,0,48.48,0,49.78,48.05,2.95,3.91,5.09,6.79,36,14
d_F88Y_M255A_Y217Y_OFF_T_G17,39,0.8425,0.9279,0.9895,1,3.44,0,14.2,0,44.59,0,37.87,43.89,5.12,2.41,6.33,4.85,39,17
d_F88Y_M255A_Y217Y_OFF_T_G17,4,0.8615,0.9365,0.9906,1,4.02,0,13.57,0,46.63,0,41.5,45.07,3.53,4.14,6.82,5.24,31,16
d_F88Y_M255A_Y217Y_OFF_T_G17,40,0.8416,0.9449,0.9933,0,6.04,0,16.26,0,42.89,0,40.02,40.45,5.11,4.58,6.13,3.94,31,12
d_F88Y_M255A_Y217Y_OFF_T_G17,41,0.8414,0.86,0.9867,1,3.97,0,15.94,0,43.93,0,37.45,42.1,3.88,3.14,5.92,5.26,40,16
d_F88Y_M255A_Y217Y_OFF_T_G17,42,0.841,0.9299,0.9905,0,5.99,0,9.41,0,31.5,0,31.64,33.17,9.3,2.9,5.16,5.43,25,11
d_F88Y_M255A_Y217Y_OFF_T_G17,43,0.8403,0.9564,0.9918,1,3.52,0,13.83,0,43.61,0,37.22,41.77,4.61,2.46,4.08,3.07,43,20
d_F88Y_M255A_Y217Y_OFF_T_G17,44,0.8398,0.904,0.9887,0,6.37,0,14.11,0,42.44,0,39.63,41.43,5.43,5.08,5.95,7.57,19,13
d_F88Y_M255A_Y217Y_OFF_T_G17,45,0.8396,0.9263,0.9897,0,7.87,0,12.24,0,31.1,0,29.57,31.46,9.93,4.98,6.1,6.44,26,11
d_F88Y_M255A_Y217Y_OFF_T_G17,46,0.8393,0.9521,0.9918,1,4.85,0,14.88,0,43.73,0,37.37,43.11,4.58,3.64,6.93,4.24,36,19
d_F88Y_M255A_Y217Y_OFF_T_G17,47,0.8384,0.8876,0.9917,0,6.03,0,11.08,0,10.54,0,15.21,16.82,2.34,4.48,1.62,6.45,45,16
d_F88Y_M255A_Y217Y_OFF_T_G17,48,0.8372,0.8956,0.9886,0,5.89,0,14.9,0,11.29,0,14.24,16.03,4.83,1.8,2.13,5.1,34,19
d_F88Y_M255A_Y217Y_OFF_T_G17,49,0.8371,0.8553,0.9896,0,7.29,0,27.35,0,31.77,0,32.89,36.47,2.39,1.12,4.33,5.87,36,14
d_F88Y_M255A_Y217Y_OFF_T_G17,5,0.8602,0.9353,0.9922,1,4.93,0,14.78,0,45.83,0,41.15,43.63,4.69,4.01,6.77,3.11,36,14
d_F88Y_M255A_Y217Y_OFF_T_G17,50,0.8371,0.8704,0.991,0,5.63,0,10.66,1,2.23,0,6.27,3.77,2.27,3.68,3.96,5.61,47,17
d_F88Y_M255A_Y217Y_OFF_T_G17,51,0.836,0.8018,0.9883,0,5.54,0,24.11,0,31.26,0,35.17,35.28,3.97,1.5,2.24,5.93,39,13
d_F88Y_M255A_Y217Y_OFF_T_G17,52,0.8359,0.875,0.988,1,4.15,0,15.82,0,40.31,0,39.87,39.5,3.56,3.97,5.07,4.14,35,12
d_F88Y_M255A_Y217Y_OFF_T_G17,53,0.8339,0.8958,0.9904,1,3.57,0,19.88,0,31.78,0,30.59,33.17,4.36,5.98,3.49,4.19,40,17
d_F88Y_M255A_Y217Y_OFF_T_G17,54,0.8337,0.9114,0.9916,1,4.41,0,20.99,0,21.61,0,21.08,28.09,5.45,4.44,10.5,3.69,25,12
d_F88Y_M255A_Y217Y_OFF_T_G17,55,0.8322,0.8665,0.99,0,5.62,0,25.95,0,18.98,0,21.05,25.73,4.74,4.31,10.95,5.77,23,9
d_F88Y_M255A_Y217Y_OFF_T_G17,56,0.8322,0.8718,0.988,1,4.38,0,16.94,1,3.36,0,2.06,8.75,5.09,3.79,1.58,2.32,42,17
d_F88Y_M255A_Y217Y_OFF_T_G17,57,0.8317,0.8722,0.9876,1,4.0,0,15.07,0,44.47,0,39.69,42.72,4.97,3.59,3.9,3.88,38,13
d_F88Y_M255A_Y217Y_OFF_T_G17,58,0.8315,0.876,0.985,1,4.82,0,14.47,0,44.48,0,38.01,43.51,5.12,3.97,6.48,5.19,34,14
d_F88Y_M255A_Y217Y_OFF_T_G17,59,0.8301,0.9002,0.9915,1,4.36,0,26.06,0,16.8,0,18.17,21.47,4.72,5.91,9.36,3.51,24,6
d_F88Y_M255A_Y217Y_OFF_T_G17,6,0.8593,0.9275,0.9903,1,4.65,0,17.42,0,43.71,0,37.3,41.61,8.32,1.91,4.76,4.67,46,19
d_F88Y_M255A_Y217Y_OFF_T_G17,60,0.8281,0.9285,0.9903,0,6.0,0,13.86,0,28.87,0,28.62,29.41,4.66,4.6,6.13,6.2,51,20
d_F88Y_M255A_Y217Y_OFF_T_G17,61,0.8269,0.9031,0.9905,1,3.88,0,22.2,0,15.51,0,17.04,19.12,7.8,4.3,11.53,1.88,25,11
d_F88Y_M255A_Y217Y_OFF_T_G17,62,0.8268,0.8712,0.9852,0,6.73,0,15.0,0,43.79,0,39.51,41.87,3.87,2.05,6.57,6.59,31,15
d_F88Y_M255A_Y217Y_OFF_T_G17,63,0.8254,0.9314,0.9909,0,6.44,0,11.73,0,28.54,0,27.78,31.17,4.13,4.2,4.67,6.3,59,21
d_F88Y_M255A_Y217Y_OFF_T_G17,64,0.8248,0.9063,0.9875,1,4.3,0,12.75,0,40.17,0,37.87,39.97,6.04,4.53,4.02,4.7,35,14
d_F88Y_M255A_Y217Y_OFF_T_G17,65,0.8237,0.8625,0.9844,0,6.76,0,14.67,0,47.84,0,43.04,45.63,5.63,4.21,5.15,4.94,34,13
d_F88Y_M255A_Y217Y_OFF_T_G17,66,0.8235,0.7383,0.9782,0,5.52,0,21.16,0,42.41,0,35.59,40.95,6.93,3.54,6.47,5.84,53,20
d_F88Y_M255A_Y217Y_OFF_T_G17,67,0.8232,0.9292,0.99,0,5.69,0,12.85,0,27.83,0,28.78,30.42,9.95,4.73,8.77,4.33,35,12
d_F88Y_M255A_Y217Y_OFF_T_G17,68,0.823,0.8997,0.9915,1,4.32,0,26.73,0,29.52,0,29.49,31.92,5.12,4.11,1.89,5.47,37,15
d_F88Y_M255A_Y217Y_OFF_T_G17,69,0.8221,0.8832,0.9868,0,6.05,0,23.74,0,33.92,0,32.29,35.61,3.59,3.31,1.85,6.07,48,19
d_F88Y_M255A_Y217Y_OFF_T_G17,7,0.859,0.9223,0.9881,0,7.12,0,15.16,0,45.39,0,39.1,43.88,5.08,3.51,5.11,6.74,31,15
d_F88Y_M255A_Y217Y_OFF_T_G17,70,0.8214,0.8926,0.9875,0,7.52,0,14.91,0,35.3,0,34.53,34.22,4.07,3.38,3.35,8.3,25,10
d_F88Y_M255A_Y217Y_OFF_T_G17,71,0.8211,0.9111,0.9891,0,7.04,0,14.71,0,30.09,0,29.39,31.75,10.3,4.01,8.51,5.6,27,11
d_F88Y_M255A_Y217Y_OFF_T_G17,72,0.8209,0.9077,0.9886,0,6.38,0,12.26,0,32.77,0,32.02,33.88,9.85,3.72,6.46,5.98,24,8
d_F88Y_M255A_Y217Y_OFF_T_G17,73,0.8204,0.9149,0.9894,0,6.06,0,17.5,0,40.81,0,34.54,38.39,4.65,3.69,7.3,5.38,40,18
d_F88Y_M255A_Y217Y_OFF_T_G17,74,0.8202,0.8504,0.9829,0,6.5,0,12.4,0,30.67,0,30.16,32.34,9.47,4.42,6.17,5.39,27,8
d_F88Y_M255A_Y217Y_OFF_T_G17,75,0.82,0.8708,0.9859,0,6.22,0,12.44,0,34.81,0,31.88,34.62,8.73,3.33,2.22,5.65,34,15
d_F88Y_M255A_Y217Y_OFF_T_G17,76,0.8197,0.8595,0.9888,0,5.47,0,15.17,0,43.05,0,39.72,41.35,4.01,4.51,6.73,4.75,37,14
d_F88Y_M255A_Y217Y_OFF_T_G17,77,0.8192,0.8726,0.9855,1,4.69,0,19.09,0,28.08,0,24.49,26.71,5.98,3.08,1.45,5.33,46,18
d_F88Y_M255A_Y217Y_OFF_T_G17,78,0.8192,0.9343,0.9914,0,7.36,0,10.88,0,14.44,0,15.8,21.33,4.42,3.86,5.52,6.01,45,14
d_F88Y_M255A_Y217Y_OFF_T_G17,79,0.8184,0.9177,0.9907,1,3.18,0,11.44,0,30.57,0,33.14,34.08,3.8,3.47,6.73,1.64,44,17
d_F88Y_M255A_Y217Y_OFF_T_G17,8,0.8587,0.9256,0.9912,1,4.86,0,26.18,0,14.09,0,12.57,14.67,5.7,4.51,9.22,3.09,40,10
d_F88Y_M255A_Y217Y_OFF_T_G17,80,0.817,0.8788,0.9852,0,8.1,0,13.26,0,32.59,0,31.07,33.26,4.11,1.93,2.44,6.55,33,16
d_F88Y_M255A_Y217Y_OFF_T_G17,81,0.816,0.7742,0.9852,1,3.05,0,27.43,0,12.31,0,21.35,16.85,6.91,1.9,9.38,3.59,35,12
d_F88Y_M255A_Y217Y_OFF_T_G17,82,0.815,0.749,0.9782,1,4.85,0,15.49,0,50.61,0,45.53,49.8,4.69,3.25,7.5,4.72,36,16
d_F88Y_M255A_Y217Y_OFF_T_G17,83,0.8147,0.8124,0.9883,0,7.14,0,17.2,0,30.83,0,32.91,35.92,4.84,3.72,2.65,5.96,39,14
d_F88Y_M255A_Y217Y_OFF_T_G17,84,0.8146,0.8753,0.9889,1,3.35,0,24.12,0,9.41,0,13.52,12.13,5.66,6.31,10.56,2.53,28,12
d_F88Y_M255A_Y217Y_OFF_T_G17,85,0.8137,0.8723,0.988,0,9.45,0,19.76,0,32.02,0,37.14,35.15,6.68,3.59,2.64,16.65,24,12
d_F88Y_M255A_Y217Y_OFF_T_G17,86,0.8135,0.8722,0.9874,1,3.87,0,9.68,0,22.75,0,24.8,29.79,4.29,3.73,1.76,4.21,36,18
d_F88Y_M255A_Y217Y_OFF_T_G17,87,0.8116,0.886,0.9872,1,4.98,0,14.09,0,40.4,0,37.78,39.16,7.0,4.61,4.53,5.77,28,12
d_F88Y_M255A_Y217Y_OFF_T_G17,88,0.8092,0.9168,0.9911,0,6.63,0,12.0,0,35.27,0,33.91,34.11,5.69,3.48,2.49,8.24,20,10
d_F88Y_M255A_Y217Y_OFF_T_G17,89,0.8063,0.9141,0.989,1,4.89,0,17.34,0,8.83,0,5.21,14.17,6.67,4.05,5.13,6.58,29,13
d_F88Y_M255A_Y217Y_OFF_T_G17,9,0.8584,0.9388,0.9925,1,3.61,0,14.54,0,43.62,0,40.54,41.39,4.01,4.07,6.49,4.88,36,14
d_F88Y_M255A_Y217Y_OFF_T_G17,90,0.8039,0.8275,0.9833,0,5.78,0,11.04,0,23.29,0,24.66,32.3,4.63,4.63,2.08,4.76,30,14
d_F88Y_M255A_Y217Y_OFF_T_G17,91,0.7998,0.7664,0.9808,0,5.83,0,18.17,0,44.96,0,38.06,43.23,4.77,2.07,3.15,5.25,55,17
d_F88Y_M255A_Y217Y_OFF_T_G17,92,0.7957,0.8701,0.987,1,4.47,0,8.62,0,21.77,0,19.05,27.68,3.98,3.48,2.27,4.36,38,16
d_F88Y_M255A_Y217Y_OFF_T_G17,93,0.7948,0.8802,0.988,0,7.28,0,16.06,0,12.92,0,8.43,17.35,8.32,4.25,4.6,7.43,24,13
d_F88Y_M255A_Y217Y_OFF_T_G17,94,0.7923,0.8098,0.9836,0,5.94,0,13.94,0,38.71,0,36.1,36.99,6.79,4.72,3.44,5.95,25,11
d_F88Y_M255A_Y217Y_OFF_T_G17,95,0.7865,0.7234,0.9798,0,15.21,0,25.3,0,33.07,0,33.08,37.94,4.63,3.26,3.86,16.48,17,8
d_F88Y_M255A_Y217Y_OFF_T_G17,96,0.7844,0.7075,0.9808,0,5.47,0,16.39,0,36.2,0,34.81,34.2,4.86,3.17,5.7,4.47,42,16
d_F88Y_M255A_Y217Y_OFF_T_G17,97,0.7782,0.6636,0.9766,1,4.96,0,13.85,0,46.37,0,40.06,45.17,3.83,2.84,5.24,4.5,43,17
d_F88Y_M255A_Y217Y_OFF_T_G17,98,0.7602,0.5899,0.977,0,17.73,0,27.21,0,33.14,0,33.17,37.8,7.76,5.94,6.59,20.09,7,6
d_F88Y_M255A_Y217Y_OFF_T_G17,99,0.7508,0.6137,0.9856,0,7.54,0,18.5,1,3.66,0,8.14,7.01,6.51,3.25,1.99,4.78,39,19
sm_TrackF_F88R_OFF_T_G17,0,0.8605,0.9252,0.993,1,1.21,0,13.39,0,35.63,0,34.45,35.67,1.94,3.18,3.63,4.46,40,14
sm_TrackF_F88R_OFF_T_G17,1,0.8598,0.9165,0.9915,0,6.39,0,12.01,0,36.6,0,33.85,38.73,2.86,4.53,4.84,5.92,21,9
sm_TrackF_F88R_OFF_T_G17,10,0.8472,0.8926,0.9895,1,2.03,0,11.21,0,37.9,0,36.88,37.84,3.19,5.57,4.31,2.57,31,11
sm_TrackF_F88R_OFF_T_G17,11,0.8456,0.8906,0.9897,1,2.24,0,13.06,0,36.4,0,34.69,36.79,2.51,4.7,2.87,2.54,32,10
sm_TrackF_F88R_OFF_T_G17,12,0.8445,0.9149,0.9908,1,2.29,0,11.6,0,35.39,0,34.05,38.53,2.14,5.66,2.54,3.58,34,14
sm_TrackF_F88R_OFF_T_G17,13,0.8445,0.8995,0.9889,1,1.82,0,11.45,0,36.44,0,35.99,36.6,1.53,3.98,4.05,3.83,33,12
sm_TrackF_F88R_OFF_T_G17,14,0.844,0.9244,0.9892,1,2.12,0,12.33,0,30.87,0,32.1,32.5,2.79,3.28,5.72,5.29,30,10
sm_TrackF_F88R_OFF_T_G17,15,0.844,0.891,0.9882,1,3.27,0,12.98,0,38.69,0,36.78,38.78,1.79,5.41,4.93,2.15,37,11
sm_TrackF_F88R_OFF_T_G17,16,0.8434,0.8785,0.9866,0,6.29,0,14.03,0,40.37,0,38.15,39.61,0.92,3.86,4.36,7.36,30,12
sm_TrackF_F88R_OFF_T_G17,17,0.8428,0.9139,0.9895,0,6.22,0,14.7,0,40.92,0,37.2,39.49,0.85,3.61,4.81,4.1,32,13
sm_TrackF_F88R_OFF_T_G17,18,0.8424,0.9046,0.9875,1,2.32,0,15.21,0,36.98,0,36.36,37.9,1.5,6.78,11.29,2.96,31,9
sm_TrackF_F88R_OFF_T_G17,19,0.8421,0.9127,0.9916,1,2.45,0,12.85,0,36.53,0,35.1,36.33,3.31,2.28,4.04,1.47,31,9
sm_TrackF_F88R_OFF_T_G17,2,0.8564,0.9176,0.9907,1,2.49,0,12.75,0,38.14,0,35.08,36.78,2.07,4.08,2.87,5.03,36,10
sm_TrackF_F88R_OFF_T_G17,20,0.8419,0.8974,0.9891,1,3.17,0,13.26,0,40.56,0,37.56,39.65,2.41,4.87,3.26,2.94,39,12
sm_TrackF_F88R_OFF_T_G17,21,0.8415,0.9233,0.9888,1,3.56,0,13.64,0,37.9,0,35.41,37.8,1.64,3.52,3.31,4.38,33,10
sm_TrackF_F88R_OFF_T_G17,22,0.8412,0.8775,0.9881,1,2.1,0,13.25,0,40.24,0,38.1,40.04,1.54,4.51,5.34,2.66,36,11
sm_TrackF_F88R_OFF_T_G17,23,0.841,0.902,0.9896,1,1.81,0,11.73,0,42.1,0,39.86,42.65,1.28,4.0,6.36,4.0,28,9
sm_TrackF_F88R_OFF_T_G17,24,0.8407,0.8909,0.9881,1,1.61,0,12.66,0,32.61,0,31.64,32.53,2.16,3.99,2.11,3.18,35,12
sm_TrackF_F88R_OFF_T_G17,25,0.8401,0.8505,0.9874,1,3.6,0,12.99,0,37.04,0,35.72,36.75,2.95,4.6,5.36,3.53,30,9
sm_TrackF_F88R_OFF_T_G17,26,0.8396,0.8754,0.9866,1,3.52,0,14.41,0,38.67,0,37.31,39.12,2.03,3.89,6.09,2.5,30,9
sm_TrackF_F88R_OFF_T_G17,27,0.8382,0.8673,0.9862,0,5.33,0,13.68,0,39.7,0,37.44,39.11,1.42,2.91,4.24,6.4,25,11
sm_TrackF_F88R_OFF_T_G17,28,0.8381,0.8871,0.9849,0,6.0,0,14.06,0,37.5,0,35.71,36.86,0.8,4.7,4.89,7.56,31,10
sm_TrackF_F88R_OFF_T_G17,29,0.8368,0.8929,0.9869,1,4.28,0,9.01,0,26.18,0,25.59,29.57,2.66,4.23,2.85,4.53,29,14
sm_TrackF_F88R_OFF_T_G17,3,0.8554,0.9273,0.9911,1,1.57,0,12.67,0,39.25,0,37.85,39.05,2.17,4.64,8.15,4.24,34,10
sm_TrackF_F88R_OFF_T_G17,30,0.8367,0.8656,0.9849,0,5.87,0,17.5,0,41.25,0,39.64,40.66,4.53,4.93,6.23,6.72,28,11
sm_TrackF_F88R_OFF_T_G17,31,0.8363,0.894,0.9876,0,8.55,0,10.87,0,36.21,0,36.58,36.19,2.79,3.51,4.83,9.28,25,9
sm_TrackF_F88R_OFF_T_G17,32,0.8351,0.849,0.9851,1,3.69,0,13.55,0,38.89,0,37.49,38.95,2.37,3.07,6.22,2.39,30,11
sm_TrackF_F88R_OFF_T_G17,33,0.8343,0.9087,0.9878,1,1.77,0,10.12,0,41.23,0,35.25,42.22,3.67,3.66,3.09,3.34,40,15
sm_TrackF_F88R_OFF_T_G17,34,0.8339,0.8686,0.9873,0,7.89,0,14.4,0,38.62,0,36.76,38.49,1.1,4.85,4.5,8.54,26,11
sm_TrackF_F88R_OFF_T_G17,35,0.8336,0.8344,0.9843,0,7.14,0,14.07,0,38.08,0,37.24,37.83,1.29,3.61,3.3,7.72,26,12
sm_TrackF_F88R_OFF_T_G17,36,0.8334,0.8881,0.9864,0,5.67,0,12.4,0,36.9,0,35.08,36.3,3.07,4.58,4.68,7.4,30,11
sm_TrackF_F88R_OFF_T_G17,37,0.8328,0.8823,0.9858,1,2.31,0,13.48,0,33.77,0,33.5,33.41,1.92,3.56,4.29,2.18,33,10
sm_TrackF_F88R_OFF_T_G17,38,0.8327,0.8983,0.9884,1,4.25,0,19.77,0,43.52,0,41.65,43.51,2.84,6.13,12.16,3.05,30,10
sm_TrackF_F88R_OFF_T_G17,39,0.8325,0.8639,0.9867,1,1.66,0,12.35,0,36.34,0,35.65,36.19,1.83,3.95,5.37,2.42,32,8
sm_TrackF_F88R_OFF_T_G17,4,0.8522,0.8948,0.987,0,5.86,0,14.66,0,41.1,0,37.89,40.31,3.39,4.84,4.17,7.76,29,11
sm_TrackF_F88R_OFF_T_G17,40,0.8325,0.886,0.9888,1,1.48,0,13.63,0,40.78,0,39.53,40.77,2.28,3.62,3.24,3.9,35,8
sm_TrackF_F88R_OFF_T_G17,41,0.8322,0.8235,0.9843,0,6.91,0,28.34,0,29.94,0,37.44,32.16,3.08,4.19,3.94,5.34,33,15
sm_TrackF_F88R_OFF_T_G17,42,0.832,0.8917,0.9888,1,2.51,0,13.52,0,38.38,0,37.98,38.82,2.38,3.88,5.42,2.19,33,12
sm_TrackF_F88R_OFF_T_G17,43,0.832,0.8853,0.9835,0,7.27,0,14.6,0,36.27,0,35.87,36.21,2.7,2.05,4.67,6.39,31,12
sm_TrackF_F88R_OFF_T_G17,44,0.832,0.8713,0.9868,1,3.9,0,13.61,0,44.25,0,41.59,43.89,2.28,2.36,6.24,3.45,29,10
sm_TrackF_F88R_OFF_T_G17,45,0.8289,0.8467,0.9859,0,6.87,0,14.58,0,42.36,0,40.17,41.6,1.91,4.54,7.13,6.7,23,10
sm_TrackF_F88R_OFF_T_G17,46,0.8289,0.872,0.9879,1,2.13,0,13.63,0,40.2,0,38.04,39.48,1.97,3.24,6.78,2.81,28,9
sm_TrackF_F88R_OFF_T_G17,47,0.8288,0.9333,0.9927,1,1.87,0,6.44,0,25.84,0,20.81,27.33,2.58,3.47,2.73,2.66,29,13
sm_TrackF_F88R_OFF_T_G17,48,0.8287,0.8426,0.9872,0,7.62,0,14.63,0,36.29,0,33.47,35.12,1.73,4.37,3.5,8.37,22,12
sm_TrackF_F88R_OFF_T_G17,49,0.8287,0.9044,0.9883,1,1.67,0,11.07,0,44.08,0,40.82,46.7,3.54,4.48,4.15,2.65,35,12
sm_TrackF_F88R_OFF_T_G17,5,0.8508,0.9102,0.9884,0,6.15,0,9.97,0,38.23,0,37.76,36.69,3.47,3.26,5.57,6.33,20,12
sm_TrackF_F88R_OFF_T_G17,50,0.8276,0.893,0.9874,0,6.69,0,15.17,0,34.86,0,33.01,33.58,3.56,5.51,8.64,6.87,38,16
sm_TrackF_F88R_OFF_T_G17,51,0.8276,0.852,0.9848,0,7.01,0,11.61,0,32.19,0,33.06,31.81,3.2,6.11,4.96,6.58,27,10
sm_TrackF_F88R_OFF_T_G17,52,0.8271,0.8742,0.9872,1,4.59,0,14.56,0,38.99,0,37.01,38.07,1.49,5.13,5.29,4.04,35,11
sm_TrackF_F88R_OFF_T_G17,53,0.825,0.8275,0.9846,0,6.69,0,14.74,0,37.97,0,35.36,36.7,3.21,5.39,2.58,6.36,31,11
sm_TrackF_F88R_OFF_T_G17,54,0.8239,0.8498,0.9877,0,6.47,0,14.04,0,38.6,0,36.19,38.06,1.65,5.38,4.02,7.0,21,12
sm_TrackF_F88R_OFF_T_G17,55,0.8227,0.8353,0.9879,1,4.66,0,23.98,0,35.79,0,34.16,33.0,2.05,4.61,7.2,4.61,34,14
sm_TrackF_F88R_OFF_T_G17,56,0.8223,0.8755,0.9865,0,6.67,0,13.41,0,30.94,0,26.26,33.05,3.88,3.13,4.04,7.41,30,11
sm_TrackF_F88R_OFF_T_G17,57,0.8216,0.8173,0.9848,1,3.03,0,15.61,0,39.46,0,37.02,39.26,4.4,5.68,5.07,3.07,29,11
sm_TrackF_F88R_OFF_T_G17,58,0.8213,0.8411,0.986,0,6.35,0,13.62,0,40.15,0,37.64,39.28,1.53,4.11,4.0,6.33,26,11
sm_TrackF_F88R_OFF_T_G17,59,0.821,0.8685,0.9874,0,7.66,0,15.1,0,34.93,0,35.38,35.2,3.34,4.65,3.66,7.49,26,11
sm_TrackF_F88R_OFF_T_G17,6,0.8506,0.9318,0.9931,1,2.25,0,11.56,0,37.03,0,33.95,38.45,2.56,3.84,4.7,2.92,40,12
sm_TrackF_F88R_OFF_T_G17,60,0.8209,0.8092,0.9824,1,3.6,0,14.01,0,42.78,0,40.95,42.27,2.22,2.56,6.09,4.9,41,12
sm_TrackF_F88R_OFF_T_G17,61,0.8208,0.8957,0.9875,1,4.5,0,8.86,0,10.53,0,15.03,17.46,2.38,2.62,4.69,4.65,39,19
sm_TrackF_F88R_OFF_T_G17,62,0.8203,0.8553,0.9855,0,6.5,0,9.44,0,44.04,0,39.95,43.09,2.06,4.46,4.63,7.6,21,11
sm_TrackF_F88R_OFF_T_G17,63,0.8191,0.8179,0.9842,1,1.78,0,12.67,0,35.62,0,35.4,36.03,2.83,4.78,4.43,2.74,32,10
sm_TrackF_F88R_OFF_T_G17,64,0.8181,0.8476,0.9852,1,1.76,0,12.43,0,36.34,0,34.92,36.18,2.63,5.21,4.36,4.01,32,10
sm_TrackF_F88R_OFF_T_G17,65,0.8173,0.8188,0.9838,0,5.94,0,13.96,0,36.49,0,34.16,36.04,3.2,3.8,3.99,7.43,29,10
sm_TrackF_F88R_OFF_T_G17,66,0.8171,0.8341,0.9845,1,3.42,0,10.13,0,31.54,0,31.13,32.18,2.34,5.48,7.27,4.27,27,11
sm_TrackF_F88R_OFF_T_G17,67,0.8171,0.8332,0.9831,1,2.37,0,13.31,0,35.16,0,34.02,34.82,3.39,3.36,4.47,3.81,33,8
sm_TrackF_F88R_OFF_T_G17,68,0.817,0.9142,0.9853,1,4.6,0,7.08,0,20.85,0,14.74,19.55,2.18,3.25,4.19,4.84,44,18
sm_TrackF_F88R_OFF_T_G17,69,0.8169,0.8896,0.9901,0,5.96,0,22.65,0,30.97,0,31.06,36.61,1.83,2.71,2.66,7.16,23,8
sm_TrackF_F88R_OFF_T_G17,7,0.8505,0.902,0.9888,1,1.58,0,12.6,0,38.86,0,36.49,37.76,2.53,2.81,5.41,4.8,39,14
sm_TrackF_F88R_OFF_T_G17,70,0.8157,0.8287,0.9847,0,6.59,0,10.87,0,37.94,0,36.63,37.58,2.13,4.34,4.18,7.44,17,8
sm_TrackF_F88R_OFF_T_G17,71,0.8156,0.8718,0.986,0,5.54,0,14.01,0,38.01,0,33.72,36.29,0.88,4.41,3.34,4.75,30,13
sm_TrackF_F88R_OFF_T_G17,72,0.8142,0.7898,0.9832,0,7.32,0,11.94,0,18.61,0,14.7,20.52,3.37,4.47,4.05,8.07,27,11
sm_TrackF_F88R_OFF_T_G17,73,0.8136,0.8537,0.9861,0,5.6,0,20.28,0,34.45,0,31.62,36.32,4.89,3.8,3.52,6.12,28,9
sm_TrackF_F88R_OFF_T_G17,74,0.8136,0.8165,0.9845,1,1.79,0,12.18,0,37.75,0,35.61,36.82,2.21,4.43,4.38,2.53,33,10
sm_TrackF_F88R_OFF_T_G17,75,0.8129,0.863,0.9876,1,2.09,0,13.85,0,35.34,0,35.31,35.88,2.58,5.78,5.21,3.19,32,10
sm_TrackF_F88R_OFF_T_G17,76,0.8128,0.8313,0.9837,0,7.63,0,13.88,0,39.31,0,37.71,38.83,1.46,4.87,4.97,8.36,21,10
sm_TrackF_F88R_OFF_T_G17,77,0.8122,0.9296,0.9906,1,2.05,0,9.2,0,20.78,0,15.54,20.9,1.08,3.2,3.76,2.73,44,17
sm_TrackF_F88R_OFF_T_G17,78,0.8122,0.8964,0.9865,1,2.53,0,25.17,0,31.26,0,22.92,29.83,1.23,2.57,3.66,3.56,49,18
sm_TrackF_F88R_OFF_T_G17,79,0.8114,0.8132,0.9883,0,7.29,0,23.56,0,48.23,0,43.48,45.25,2.34,4.02,2.89,7.32,32,11
sm_TrackF_F88R_OFF_T_G17,8,0.8495,0.9102,0.9875,0,5.47,0,15.33,0,38.16,0,36.52,38.31,2.49,5.94,6.62,5.84,25,12
sm_TrackF_F88R_OFF_T_G17,80,0.8078,0.912,0.9895,1,1.59,0,10.79,0,44.49,0,40.84,46.66,3.31,4.44,3.92,2.01,35,12
sm_TrackF_F88R_OFF_T_G17,81,0.8065,0.7643,0.9849,1,1.62,0,10.13,0,33.89,0,32.27,33.31,3.0,3.2,2.36,2.09,39,15
sm_TrackF_F88R_OFF_T_G17,82,0.8048,0.7933,0.9828,1,3.15,0,13.45,0,34.11,0,32.72,34.61,2.58,3.48,3.97,2.39,30,11
sm_TrackF_F88R_OFF_T_G17,83,0.8046,0.8498,0.987,1,4.34,0,22.48,0,30.41,0,29.4,33.79,2.51,4.45,9.33,3.71,23,10
sm_TrackF_F88R_OFF_T_G17,84,0.8042,0.7613,0.98,0,8.6,0,17.79,0,42.27,0,40.73,47.16,3.18,3.43,2.87,7.26,13,8
sm_TrackF_F88R_OFF_T_G17,85,0.8016,0.8555,0.9888,0,7.02,0,13.99,0,36.44,0,34.23,35.32,2.07,1.84,4.73,5.29,29,12
sm_TrackF_F88R_OFF_T_G17,86,0.8015,0.7732,0.98,1,2.69,0,12.59,0,38.72,0,37.13,37.66,2.31,3.57,3.25,2.34,31,10
sm_TrackF_F88R_OFF_T_G17,87,0.8004,0.8213,0.984,1,2.34,0,12.92,0,36.86,0,34.74,36.41,2.2,4.49,4.35,3.12,33,10
sm_TrackF_F88R_OFF_T_G17,88,0.798,0.7604,0.9835,0,7.17,0,11.16,0,20.73,0,17.13,20.98,2.51,3.91,2.57,7.64,25,7
sm_TrackF_F88R_OFF_T_G17,89,0.7978,0.7991,0.9847,0,9.82,0,13.21,0,50.72,0,50.41,52.59,3.26,3.61,4.75,10.82,17,8
sm_TrackF_F88R_OFF_T_G17,9,0.8474,0.8848,0.9879,1,2.18,0,13.15,0,36.77,0,34.86,36.03,2.85,4.93,3.99,2.18,31,10
sm_TrackF_F88R_OFF_T_G17,90,0.7946,0.7769,0.9832,1,2.14,0,12.79,0,38.99,0,38.22,39.04,1.87,5.12,7.35,4.44,34,9
sm_TrackF_F88R_OFF_T_G17,91,0.7938,0.7137,0.9819,1,3.32,0,13.14,0,40.56,0,38.39,39.51,2.48,2.98,4.98,2.84,31,12
sm_TrackF_F88R_OFF_T_G17,92,0.7936,0.7591,0.9821,0,6.47,0,16.75,0,42.01,0,40.01,42.01,1.03,5.74,5.54,6.13,22,12
sm_TrackF_F88R_OFF_T_G17,93,0.7893,0.7812,0.985,1,2.22,0,13.12,0,37.34,0,35.84,37.22,1.63,5.53,4.66,2.36,28,10
sm_TrackF_F88R_OFF_T_G17,94,0.7825,0.7138,0.9812,0,6.07,0,14.04,0,38.26,0,35.84,37.35,1.13,5.27,5.17,6.36,19,12
sm_TrackF_F88R_OFF_T_G17,95,0.7771,0.6256,0.9786,1,3.31,0,14.57,0,37.98,0,37.07,38.4,1.74,5.49,6.31,3.55,25,9
sm_TrackF_F88R_OFF_T_G17,96,0.7768,0.8213,0.9831,1,2.89,1,4.16,0,29.25,0,22.47,28.68,3.16,3.23,2.62,1.55,25,13
sm_TrackF_F88R_OFF_T_G17,97,0.7722,0.6682,0.9763,0,5.26,0,13.98,0,39.4,0,38.24,39.07,1.1,4.82,4.62,5.95,29,11
sm_TrackF_F88R_OFF_T_G17,98,0.7646,0.6255,0.9769,0,6.79,0,11.18,0,36.8,0,34.98,36.05,2.1,3.79,3.32,7.93,28,10
sm_TrackF_F88R_OFF_T_G17,99,0.7468,0.5807,0.9812,1,4.64,0,9.85,0,25.71,0,25.5,29.75,2.63,4.18,4.82,4.11,28,10
sm_WT_F88R_OFF_T_G17,0,0.8648,0.9348,0.9851,0,6.43,0,17.72,1,3.6,0,6.26,4.75,3.48,2.36,2.72,6.02,45,20
sm_WT_F88R_OFF_T_G17,1,0.8634,0.8973,0.9884,1,4.66,0,27.72,0,14.82,0,23.77,21.1,3.22,1.5,6.78,5.2,42,13
sm_WT_F88R_OFF_T_G17,10,0.8521,0.9429,0.9878,0,5.56,0,15.02,1,3.03,0,2.64,6.24,3.42,2.7,3.73,3.58,51,19
sm_WT_F88R_OFF_T_G17,11,0.8508,0.868,0.9852,0,8.28,0,21.84,0,11.87,0,13.78,19.46,2.45,2.25,3.73,5.86,37,13
sm_WT_F88R_OFF_T_G17,12,0.8504,0.8403,0.9799,0,6.26,0,15.9,0,7.08,0,7.02,12.29,2.74,2.51,5.13,5.77,37,16
sm_WT_F88R_OFF_T_G17,13,0.8495,0.9167,0.986,0,7.03,0,13.51,0,27.37,0,26.74,28.03,3.26,1.31,5.5,4.45,37,16
sm_WT_F88R_OFF_T_G17,14,0.8491,0.879,0.9863,0,5.27,0,15.85,0,27.68,0,27.68,33.44,3.15,0.93,3.2,6.12,27,14
sm_WT_F88R_OFF_T_G17,15,0.8478,0.8708,0.9881,0,7.77,0,19.25,1,3.84,0,8.64,5.29,3.92,1.75,3.56,5.79,35,15
sm_WT_F88R_OFF_T_G17,16,0.8471,0.9177,0.9872,1,4.45,0,17.75,0,6.6,0,4.39,8.33,2.68,1.72,3.33,5.17,43,16
sm_WT_F88R_OFF_T_G17,17,0.8464,0.8768,0.9846,0,6.08,0,18.72,0,26.84,0,24.83,30.5,2.32,2.4,5.58,5.81,36,15
sm_WT_F88R_OFF_T_G17,18,0.8463,0.8545,0.9825,0,6.98,0,19.41,0,14.3,0,11.56,16.57,4.19,1.73,3.24,5.95,37,16
sm_WT_F88R_OFF_T_G17,19,0.8447,0.8666,0.9853,0,7.64,0,15.57,1,3.99,0,7.77,4.32,2.94,2.32,4.1,5.56,40,15
sm_WT_F88R_OFF_T_G17,2,0.8596,0.9155,0.986,0,6.43,0,13.12,1,4.18,0,2.97,6.73,2.34,3.47,2.88,5.71,41,18
sm_WT_F88R_OFF_T_G17,20,0.8444,0.9246,0.9878,0,6.52,0,15.92,0,11.09,0,7.3,9.72,3.59,2.55,5.27,5.75,52,18
sm_WT_F88R_OFF_T_G17,21,0.8438,0.859,0.9861,1,3.96,0,16.65,1,3.67,0,5.95,4.86,2.59,1.99,5.78,5.25,44,17
sm_WT_F88R_OFF_T_G17,22,0.8436,0.9014,0.9866,1,3.89,0,15.98,1,3.47,0,8.81,9.29,2.6,2.29,3.0,5.7,51,16
sm_WT_F88R_OFF_T_G17,23,0.842,0.9011,0.9877,1,2.73,0,15.14,1,2.68,0,4.36,6.83,2.3,2.51,2.77,2.12,48,17
sm_WT_F88R_OFF_T_G17,24,0.8418,0.8679,0.9858,1,4.1,0,10.52,0,8.82,0,14.16,16.53,2.42,2.46,3.13,3.94,44,17
sm_WT_F88R_OFF_T_G17,25,0.8407,0.8694,0.9879,0,7.43,0,17.49,0,22.91,0,20.94,26.88,3.62,2.83,3.75,5.41,30,13
sm_WT_F88R_OFF_T_G17,26,0.8394,0.8175,0.9819,0,7.13,0,17.68,0,19.75,0,21.46,26.98,0.67,1.26,3.36,6.01,38,16
sm_WT_F88R_OFF_T_G17,27,0.8394,0.9029,0.9874,0,5.01,0,16.62,0,21.12,0,16.55,22.87,2.39,1.83,6.63,5.5,34,15
sm_WT_F88R_OFF_T_G17,28,0.8392,0.892,0.9851,1,1.42,0,11.1,0,29.21,0,26.33,28.93,3.02,1.54,5.85,2.31,39,19
sm_WT_F88R_OFF_T_G17,29,0.8388,0.8546,0.9827,0,7.6,0,17.55,1,2.73,0,6.32,4.81,2.17,3.08,3.91,6.71,41,14
sm_WT_F88R_OFF_T_G17,3,0.8595,0.9114,0.9825,0,6.6,0,12.41,0,32.88,0,30.69,33.02,2.86,2.69,2.83,4.85,37,14
sm_WT_F88R_OFF_T_G17,30,0.8388,0.8769,0.9847,0,6.73,0,18.93,0,24.36,0,24.26,29.96,2.63,1.6,3.87,6.97,28,14
sm_WT_F88R_OFF_T_G17,31,0.8388,0.8973,0.9836,0,6.73,0,17.06,0,5.28,0,12.89,9.04,3.57,2.08,3.16,4.99,43,19
sm_WT_F88R_OFF_T_G17,32,0.8382,0.9084,0.9867,1,2.66,0,12.16,1,2.64,0,2.16,7.1,2.28,3.64,3.05,0.91,54,19
sm_WT_F88R_OFF_T_G17,33,0.8377,0.9401,0.9895,1,4.0,0,15.97,1,2.53,0,0.85,3.61,3.22,1.23,2.84,5.75,41,18
sm_WT_F88R_OFF_T_G17,34,0.8376,0.8542,0.9865,1,3.94,0,17.15,0,9.07,0,15.44,8.98,3.13,3.23,3.36,5.71,44,17
sm_WT_F88R_OFF_T_G17,35,0.8371,0.9202,0.9861,0,6.8,0,11.9,0,30.59,0,28.96,31.38,4.18,2.82,6.09,5.02,30,16
sm_WT_F88R_OFF_T_G17,36,0.8355,0.8865,0.9839,1,3.26,0,15.61,0,6.87,0,3.99,9.25,1.13,2.37,3.65,4.22,51,18
sm_WT_F88R_OFF_T_G17,37,0.8341,0.8264,0.9802,1,4.48,0,16.03,0,11.18,0,18.47,21.36,3.04,1.33,2.7,5.85,38,14
sm_WT_F88R_OFF_T_G17,38,0.8327,0.834,0.9818,1,4.39,0,17.27,0,7.23,0,2.77,8.17,2.51,2.04,3.19,4.85,44,18
sm_WT_F88R_OFF_T_G17,39,0.8321,0.8522,0.9849,1,4.92,0,13.25,0,27.13,0,24.88,31.24,1.23,1.44,3.39,5.33,37,15
sm_WT_F88R_OFF_T_G17,4,0.8577,0.9071,0.9844,1,4.62,0,15.9,1,3.73,0,5.18,11.1,3.07,4.18,3.5,6.19,49,20
sm_WT_F88R_OFF_T_G17,40,0.832,0.8298,0.9831,0,6.23,0,15.38,0,6.56,0,5.09,4.6,2.75,2.77,4.9,4.37,43,17
sm_WT_F88R_OFF_T_G17,41,0.8319,0.9142,0.986,1,2.56,0,10.38,1,1.66,0,3.94,4.2,1.44,2.21,4.23,2.94,60,20
sm_WT_F88R_OFF_T_G17,42,0.8305,0.8916,0.9816,0,6.75,0,14.08,0,29.03,0,27.69,29.81,2.71,2.04,4.54,4.1,35,14
sm_WT_F88R_OFF_T_G17,43,0.8304,0.8144,0.9802,0,5.38,0,17.88,0,5.47,0,5.93,3.26,2.97,2.71,4.33,5.73,44,14
sm_WT_F88R_OFF_T_G17,44,0.83,0.8981,0.9863,0,6.57,0,28.85,0,14.67,0,6.64,12.46,4.26,2.15,3.35,5.25,40,14
sm_WT_F88R_OFF_T_G17,45,0.8296,0.7562,0.9808,0,8.36,0,19.28,0,39.55,0,41.96,38.02,3.16,1.55,3.93,5.82,43,14
sm_WT_F88R_OFF_T_G17,46,0.8294,0.8196,0.9805,1,4.97,0,15.15,0,7.0,0,10.58,9.34,2.27,1.88,2.99,4.83,48,16
sm_WT_F88R_OFF_T_G17,47,0.8293,0.8571,0.9854,0,7.16,0,16.64,0,18.21,0,13.95,19.71,2.11,2.67,4.45,5.05,37,16
sm_WT_F88R_OFF_T_G17,48,0.829,0.8076,0.986,1,4.52,0,13.18,0,7.37,0,8.44,15.24,0.81,1.34,3.48,3.9,36,11
sm_WT_F88R_OFF_T_G17,49,0.8287,0.8478,0.9858,0,6.71,0,13.82,1,4.73,0,10.95,12.7,1.61,3.41,5.25,4.86,47,14
sm_WT_F88R_OFF_T_G17,5,0.8565,0.8648,0.9832,1,4.37,0,17.22,0,9.26,0,15.02,17.5,3.09,2.82,3.42,4.37,50,18
sm_WT_F88R_OFF_T_G17,50,0.8284,0.8983,0.9818,0,6.63,0,14.1,0,33.22,0,32.71,33.92,3.26,3.35,5.88,5.46,31,12
sm_WT_F88R_OFF_T_G17,51,0.8273,0.7418,0.982,0,7.96,0,15.66,0,15.46,0,13.11,19.08,2.72,1.68,2.6,6.06,38,11
sm_WT_F88R_OFF_T_G17,52,0.827,0.8659,0.9826,0,6.33,0,19.23,1,1.92,0,8.7,8.47,2.69,1.75,3.23,4.95,43,16
sm_WT_F88R_OFF_T_G17,53,0.8265,0.8694,0.9869,1,2.19,0,22.35,0,21.59,0,21.18,26.7,2.28,2.72,4.34,6.47,43,13
sm_WT_F88R_OFF_T_G17,54,0.8264,0.8417,0.9833,0,6.02,0,18.68,0,27.15,0,25.24,31.43,2.85,1.31,5.03,5.75,30,15
sm_WT_F88R_OFF_T_G17,55,0.826,0.8327,0.9791,0,5.07,0,26.96,1,1.3,0,1.15,6.32,2.25,2.54,6.7,5.38,37,16
sm_WT_F88R_OFF_T_G17,56,0.8254,0.7827,0.9782,1,4.88,0,16.36,0,5.03,0,7.66,6.49,1.96,1.2,3.04,5.44,48,20
sm_WT_F88R_OFF_T_G17,57,0.8252,0.8087,0.9839,1,4.07,0,15.8,0,8.31,0,11.58,13.6,2.11,2.1,3.41,5.28,41,13
sm_WT_F88R_OFF_T_G17,58,0.8244,0.7812,0.9828,0,6.39,0,24.98,0,47.22,0,50.53,48.96,2.99,2.52,5.48,6.01,39,14
sm_WT_F88R_OFF_T_G17,59,0.8238,0.8052,0.9853,1,4.61,0,16.63,0,9.09,0,8.23,14.02,1.55,1.56,4.64,4.38,44,12
sm_WT_F88R_OFF_T_G17,6,0.8546,0.9291,0.9903,1,3.13,0,15.54,1,3.4,0,7.47,5.93,2.51,2.71,3.88,1.98,52,16
sm_WT_F88R_OFF_T_G17,60,0.8237,0.8073,0.9851,1,2.37,0,14.74,1,4.68,0,6.28,10.56,3.08,3.73,3.25,3.02,53,21
sm_WT_F88R_OFF_T_G17,61,0.8236,0.8021,0.9802,0,5.45,0,18.86,1,2.46,0,6.31,5.3,0.49,1.55,5.91,5.1,42,16
sm_WT_F88R_OFF_T_G17,62,0.8235,0.8948,0.9873,1,4.5,0,13.98,0,12.96,0,10.87,17.45,1.4,2.28,4.63,4.38,34,14
sm_WT_F88R_OFF_T_G17,63,0.8229,0.8834,0.982,0,6.93,0,17.22,0,5.7,0,5.23,9.35,2.99,1.15,5.02,6.21,47,18
sm_WT_F88R_OFF_T_G17,64,0.8217,0.7965,0.9851,0,6.76,0,17.06,0,20.83,0,18.0,24.53,2.75,3.45,4.77,6.97,29,13
sm_WT_F88R_OFF_T_G17,65,0.8215,0.7051,0.9772,0,5.39,0,15.85,1,4.76,0,12.25,14.83,2.73,1.27,3.59,5.42,51,17
sm_WT_F88R_OFF_T_G17,66,0.8211,0.7811,0.9797,0,5.91,0,16.31,0,6.28,0,9.3,13.25,3.32,2.5,3.49,5.53,49,17
sm_WT_F88R_OFF_T_G17,67,0.8206,0.7758,0.9838,0,6.45,0,14.62,1,1.68,0,2.88,3.16,0.96,2.35,5.32,4.19,47,18
sm_WT_F88R_OFF_T_G17,68,0.8202,0.8592,0.9812,0,5.42,0,14.02,1,3.7,0,7.09,6.0,1.64,2.01,3.76,4.2,41,18
sm_WT_F88R_OFF_T_G17,69,0.8199,0.817,0.9833,0,9.43,0,21.3,0,15.98,0,19.88,25.04,4.49,3.22,3.34,8.12,28,10
sm_WT_F88R_OFF_T_G17,7,0.8534,0.9005,0.9847,0,5.02,0,17.4,0,10.86,0,15.45,10.38,2.41,1.41,4.8,5.74,46,17
sm_WT_F88R_OFF_T_G17,70,0.8184,0.8966,0.9858,1,2.58,0,14.63,0,41.89,0,34.72,40.06,1.7,2.85,3.53,2.35,45,20
sm_WT_F88R_OFF_T_G17,71,0.8178,0.8981,0.9848,0,5.25,0,27.62,0,15.53,0,11.96,16.87,1.92,2.51,3.17,4.17,43,19
sm_WT_F88R_OFF_T_G17,72,0.8172,0.8103,0.9829,0,6.76,0,18.36,1,4.03,0,5.92,4.55,2.83,2.09,4.85,6.35,38,14
sm_WT_F88R_OFF_T_G17,73,0.8161,0.7883,0.9803,0,5.97,0,19.09,0,7.3,0,10.5,9.54,1.73,2.19,4.07,5.8,40,18
sm_WT_F88R_OFF_T_G17,74,0.8153,0.8619,0.9844,0,5.95,0,18.68,0,25.58,0,23.99,29.87,1.02,1.81,4.49,4.61,35,14
sm_WT_F88R_OFF_T_G17,75,0.8146,0.7821,0.9799,0,5.3,0,22.94,0,12.87,0,15.4,19.4,1.58,0.99,5.21,5.65,40,15
sm_WT_F88R_OFF_T_G17,76,0.8145,0.8622,0.9857,0,7.16,0,14.64,0,20.03,0,14.29,19.79,1.57,3.96,4.02,5.89,36,13
sm_WT_F88R_OFF_T_G17,77,0.8119,0.8622,0.9807,0,5.81,0,25.33,0,16.36,0,12.0,17.12,1.48,3.13,4.03,5.42,37,16
sm_WT_F88R_OFF_T_G17,78,0.8111,0.7772,0.9818,0,5.79,0,18.81,1,4.71,0,3.88,8.7,2.84,1.23,4.24,6.29,34,14
sm_WT_F88R_OFF_T_G17,79,0.81,0.7296,0.9789,0,6.28,0,17.58,1,4.56,0,7.4,6.41,0.52,2.67,2.23,5.92,36,12
sm_WT_F88R_OFF_T_G17,8,0.8532,0.9155,0.9896,1,1.99,0,14.55,0,6.69,0,8.92,13.47,2.69,2.93,3.67,3.29,57,17
sm_WT_F88R_OFF_T_G17,80,0.8037,0.8124,0.9823,0,6.64,0,17.18,0,22.81,0,19.7,23.96,2.06,3.01,4.01,6.82,37,16
sm_WT_F88R_OFF_T_G17,81,0.8019,0.8081,0.9848,1,2.14,0,15.85,0,9.09,0,7.88,3.56,1.25,0.73,2.78,3.46,55,18
sm_WT_F88R_OFF_T_G17,82,0.8011,0.7138,0.9838,0,6.34,0,17.47,1,2.72,0,10.14,11.44,1.93,1.59,3.91,6.07,25,9
sm_WT_F88R_OFF_T_G17,83,0.8005,0.8104,0.9815,0,6.68,0,18.69,0,14.65,0,15.28,19.07,1.37,2.2,4.14,6.35,42,19
sm_WT_F88R_OFF_T_G17,84,0.7993,0.8224,0.9852,1,0.86,0,14.97,1,2.72,0,7.37,7.09,1.09,1.95,4.1,3.33,57,16
sm_WT_F88R_OFF_T_G17,85,0.7978,0.7951,0.9801,0,6.18,0,12.41,0,31.66,0,30.22,32.02,2.19,2.07,3.54,4.41,38,14
sm_WT_F88R_OFF_T_G17,86,0.7948,0.7882,0.9822,0,6.93,0,15.81,0,17.85,0,13.54,19.27,2.36,2.67,5.0,6.37,30,11
sm_WT_F88R_OFF_T_G17,87,0.7947,0.7902,0.9829,0,7.54,0,16.45,0,5.77,0,5.77,4.28,2.46,1.94,4.65,5.04,46,20
sm_WT_F88R_OFF_T_G17,88,0.7916,0.7483,0.9823,1,2.4,0,15.53,1,3.31,0,2.76,6.76,2.14,2.37,4.2,2.92,50,20
sm_WT_F88R_OFF_T_G17,89,0.7901,0.6899,0.9823,0,5.05,0,16.88,1,2.4,0,5.28,5.77,3.25,2.64,3.77,5.64,41,14
sm_WT_F88R_OFF_T_G17,9,0.8524,0.8763,0.9831,1,3.85,0,16.55,1,3.84,0,8.19,9.84,1.93,1.97,4.98,5.93,46,16
sm_WT_F88R_OFF_T_G17,90,0.7874,0.6889,0.9795,1,2.49,0,18.51,0,12.53,0,10.24,15.46,3.88,2.96,8.41,2.86,29,10
sm_WT_F88R_OFF_T_G17,91,0.7873,0.7076,0.9835,1,4.85,0,16.19,1,2.57,0,2.29,7.64,0.19,2.53,3.43,4.82,40,13
sm_WT_F88R_OFF_T_G17,92,0.786,0.7428,0.9807,1,2.77,0,14.86,0,38.0,0,35.06,40.85,1.33,2.52,3.83,2.59,44,14
sm_WT_F88R_OFF_T_G17,93,0.7851,0.6482,0.9814,0,7.67,0,17.51,0,13.19,0,17.77,22.62,2.7,2.93,5.26,5.97,29,9
sm_WT_F88R_OFF_T_G17,94,0.7812,0.8182,0.9846,1,1.71,0,11.63,0,44.67,0,39.17,44.89,1.69,2.06,2.51,2.84,50,16
sm_WT_F88R_OFF_T_G17,95,0.7779,0.7263,0.9797,0,7.01,0,17.3,1,3.43,0,7.18,10.94,1.83,2.44,3.89,6.24,21,10
sm_WT_F88R_OFF_T_G17,96,0.7757,0.7124,0.9749,1,2.78,0,14.41,0,6.03,0,0.73,5.63,2.22,1.3,3.68,2.59,60,19
sm_WT_F88R_OFF_T_G17,97,0.7716,0.616,0.975,1,4.95,0,11.58,0,28.47,0,28.72,29.62,2.18,1.36,2.45,5.8,39,16
sm_WT_F88R_OFF_T_G17,98,0.7632,0.5901,0.9764,1,4.67,0,14.62,0,13.06,0,8.89,7.51,1.86,3.04,3.53,5.38,53,21
sm_WT_F88R_OFF_T_G17,99,0.7599,0.6123,0.9808,1,4.32,0,30.03,0,54.58,0,55.79,54.7,3.13,0.92,2.98,4.74,41,12
w_HQL2_OFF_T_G17,0,0.8697,0.9226,0.9819,0,6.88,0,9.75,0,33.03,0,31.71,33.36,3.99,3.31,3.49,6.26,35,13
w_HQL2_OFF_T_G17,1,0.8667,0.9562,0.9924,1,1.38,0,14.85,1,4.41,0,5.43,3.88,3.23,2.17,2.95,3.64,53,18
w_HQL2_OFF_T_G17,10,0.8447,0.9131,0.9875,1,1.59,0,12.41,0,33.56,0,32.4,33.32,3.21,2.46,3.58,4.09,30,11
w_HQL2_OFF_T_G17,11,0.8423,0.9196,0.988,1,2.19,0,9.1,0,36.78,0,34.99,36.44,2.86,2.76,3.12,5.14,27,9
w_HQL2_OFF_T_G17,12,0.842,0.9033,0.9851,0,6.82,0,14.29,1,4.61,0,8.59,14.19,1.86,2.47,2.28,6.91,42,17
w_HQL2_OFF_T_G17,13,0.8409,0.9268,0.9896,1,2.58,0,12.85,0,35.6,0,34.82,36.01,2.65,2.74,1.94,1.45,36,13
w_HQL2_OFF_T_G17,14,0.8399,0.8944,0.9853,0,7.52,0,15.78,0,35.41,0,36.19,34.42,1.9,2.51,7.55,6.82,39,14
w_HQL2_OFF_T_G17,15,0.8388,0.9173,0.9834,0,6.54,0,11.92,0,29.25,0,28.86,30.04,8.44,1.56,3.49,5.65,30,11
w_HQL2_OFF_T_G17,16,0.8375,0.9355,0.9889,1,2.68,0,12.91,0,16.72,0,12.32,17.76,2.04,3.26,6.22,2.8,41,14
w_HQL2_OFF_T_G17,17,0.8375,0.8296,0.9798,1,1.79,0,11.5,0,34.71,0,32.39,34.57,4.43,3.13,3.23,4.25,41,12
w_HQL2_OFF_T_G17,18,0.8372,0.8772,0.9853,1,3.21,0,13.4,0,39.14,0,37.69,38.94,3.28,3.01,4.95,2.42,36,10
w_HQL2_OFF_T_G17,19,0.8366,0.931,0.9872,0,6.84,0,15.77,0,6.06,0,5.78,8.43,2.72,2.76,3.93,6.32,44,19
w_HQL2_OFF_T_G17,2,0.8659,0.9126,0.9814,0,6.76,0,11.45,0,32.1,0,30.95,32.34,4.58,1.97,3.16,6.68,32,11
w_HQL2_OFF_T_G17,20,0.8365,0.8961,0.9864,1,1.49,0,12.51,0,36.74,0,35.88,37.19,2.85,3.35,2.39,4.58,28,12
w_HQL2_OFF_T_G17,21,0.836,0.9035,0.9868,1,2.76,0,11.96,0,37.45,0,35.81,36.99,3.27,3.51,3.59,5.71,30,10
w_HQL2_OFF_T_G17,22,0.8356,0.8979,0.9869,1,1.57,0,11.31,0,35.54,0,33.32,34.96,3.26,1.97,3.83,2.77,33,10
w_HQL2_OFF_T_G17,23,0.8347,0.9456,0.9913,1,1.87,0,11.67,0,6.77,0,5.58,10.99,2.54,0.66,4.73,2.76,57,13
w_HQL2_OFF_T_G17,24,0.8341,0.8954,0.99,0,7.89,0,23.3,0,45.15,0,43.29,43.6,3.08,2.91,2.73,6.56,37,12
w_HQL2_OFF_T_G17,25,0.8339,0.8905,0.986,1,2.06,0,12.62,0,37.22,0,35.22,36.58,3.24,2.75,3.5,4.09,30,11
w_HQL2_OFF_T_G17,26,0.8333,0.8862,0.9879,1,1.33,0,12.04,0,37.24,0,35.36,36.94,3.18,3.03,4.81,3.25,32,9
w_HQL2_OFF_T_G17,27,0.8329,0.9205,0.9885,1,2.04,0,13.01,0,37.44,0,36.28,37.64,2.68,3.52,3.18,4.59,27,9
w_HQL2_OFF_T_G17,28,0.8325,0.8848,0.9862,1,3.74,0,12.8,0,37.72,0,35.85,37.42,1.87,3.05,3.58,4.22,35,9
w_HQL2_OFF_T_G17,29,0.8322,0.8774,0.9871,1,2.46,0,12.04,0,37.71,0,35.61,37.48,2.81,3.07,3.58,4.76,30,12
w_HQL2_OFF_T_G17,3,0.8546,0.9061,0.9843,0,7.96,0,10.09,0,35.22,0,33.79,35.76,6.11,2.46,2.79,6.55,30,8
w_HQL2_OFF_T_G17,30,0.8307,0.8998,0.9871,1,1.96,0,11.45,0,36.67,0,35.22,36.72,3.18,2.47,3.02,4.6,37,13
w_HQL2_OFF_T_G17,31,0.8305,0.8794,0.9853,1,2.21,0,11.11,0,37.74,0,35.91,37.71,4.46,1.55,4.3,3.68,36,10
w_HQL2_OFF_T_G17,32,0.8286,0.9045,0.9884,1,1.23,0,8.42,0,36.35,0,34.88,35.6,2.47,1.99,2.79,2.24,36,12
w_HQL2_OFF_T_G17,33,0.8284,0.8708,0.9853,1,1.89,0,12.95,0,36.86,0,35.44,36.42,2.51,3.33,3.31,4.48,26,8
w_HQL2_OFF_T_G17,34,0.8277,0.852,0.9845,1,1.54,0,10.51,0,34.28,0,32.88,33.88,2.48,3.06,1.65,4.79,34,13
w_HQL2_OFF_T_G17,35,0.8274,0.9076,0.9884,1,1.51,0,12.09,0,38.42,0,36.52,37.97,1.95,2.91,4.43,4.01,31,9
w_HQL2_OFF_T_G17,36,0.8272,0.8983,0.9856,0,5.91,0,7.66,0,33.06,0,32.5,33.72,2.79,3.4,4.1,6.44,29,14
w_HQL2_OFF_T_G17,37,0.8271,0.9159,0.9877,1,2.75,0,9.53,0,25.59,0,21.81,26.95,2.33,3.17,1.05,3.97,38,16
w_HQL2_OFF_T_G17,38,0.8257,0.9456,0.9927,1,1.0,0,6.72,0,14.27,0,10.69,16.22,2.45,3.19,7.74,2.85,47,14
w_HQL2_OFF_T_G17,39,0.8255,0.8758,0.9848,1,1.44,0,13.25,0,36.77,0,35.64,37.0,2.45,3.56,3.66,3.77,31,8
w_HQL2_OFF_T_G17,4,0.8541,0.927,0.9844,0,6.67,0,10.64,0,35.5,0,34.1,36.11,6.24,1.95,2.35,5.39,32,13
w_HQL2_OFF_T_G17,40,0.8253,0.8486,0.9842,0,8.93,0,16.86,0,30.43,0,25.28,30.63,3.67,2.77,4.51,9.38,34,13
w_HQL2_OFF_T_G17,41,0.8252,0.8925,0.9853,1,1.6,0,12.63,0,34.48,0,32.87,34.33,4.23,3.06,4.13,4.29,30,10
w_HQL2_OFF_T_G17,42,0.8249,0.8586,0.9872,1,1.46,0,12.85,0,36.43,0,35.68,36.67,3.52,3.57,3.39,4.1,33,13
w_HQL2_OFF_T_G17,43,0.8248,0.9301,0.9884,1,3.2,0,8.23,0,11.03,0,6.82,13.03,0.9,3.19,2.89,4.68,42,17
w_HQL2_OFF_T_G17,44,0.8238,0.8393,0.982,1,1.59,0,11.93,0,33.59,0,32.89,34.05,2.94,2.23,3.14,3.51,39,12
w_HQL2_OFF_T_G17,45,0.8236,0.8548,0.9867,1,1.64,0,9.89,0,37.67,0,36.25,37.77,2.92,2.97,2.66,2.82,35,10
w_HQL2_OFF_T_G17,46,0.8228,0.8849,0.9869,0,5.86,0,12.3,0,28.39,0,25.48,31.07,1.45,3.12,2.74,6.34,30,12
w_HQL2_OFF_T_G17,47,0.8218,0.8801,0.9858,1,2.76,0,12.51,0,34.77,0,33.74,34.56,2.75,2.77,3.82,2.4,32,11
w_HQL2_OFF_T_G17,48,0.8213,0.8728,0.9833,1,1.12,0,10.96,0,35.63,0,34.83,35.7,2.86,3.13,4.19,4.05,35,10
w_HQL2_OFF_T_G17,49,0.8198,0.8648,0.9836,0,5.2,0,13.7,0,39.25,0,36.74,38.35,3.02,2.25,3.86,6.34,30,15
w_HQL2_OFF_T_G17,5,0.8533,0.9119,0.9858,1,1.8,0,10.84,0,33.94,0,32.35,33.12,3.6,2.29,3.19,5.02,32,12
w_HQL2_OFF_T_G17,50,0.8193,0.8555,0.9858,1,1.65,0,13.49,0,36.7,0,34.56,36.3,2.67,3.01,4.06,3.05,31,13
w_HQL2_OFF_T_G17,51,0.8184,0.8941,0.9888,1,3.75,0,12.13,0,38.06,0,36.88,38.22,2.86,1.98,4.13,3.14,34,10
w_HQL2_OFF_T_G17,52,0.8183,0.9295,0.988,1,3.06,0,17.16,0,27.21,0,20.28,26.62,1.78,2.06,4.22,1.46,45,17
w_HQL2_OFF_T_G17,53,0.818,0.8769,0.9851,1,1.76,0,12.75,0,39.93,0,37.97,40.11,3.08,3.19,4.13,3.37,31,11
w_HQL2_OFF_T_G17,54,0.818,0.872,0.9843,1,1.86,0,12.79,0,39.55,0,37.69,39.11,2.77,3.71,2.4,3.52,33,11
w_HQL2_OFF_T_G17,55,0.8169,0.8802,0.985,1,2.0,0,10.3,0,36.96,0,36.23,37.2,2.79,3.29,3.92,3.0,32,11
w_HQL2_OFF_T_G17,56,0.8169,0.9077,0.9857,0,5.71,0,10.87,0,31.46,0,27.2,33.4,0.53,2.35,4.15,4.51,36,14
w_HQL2_OFF_T_G17,57,0.8168,0.869,0.9833,0,7.74,0,13.11,0,36.82,0,35.71,36.4,2.91,4.76,10.17,8.47,32,13
w_HQL2_OFF_T_G17,58,0.8164,0.9221,0.9837,0,6.69,0,6.42,1,2.82,0,2.42,7.31,2.48,1.96,4.25,7.8,42,16
w_HQL2_OFF_T_G17,59,0.8147,0.8764,0.984,1,2.52,0,11.5,0,37.87,0,35.75,37.55,3.43,2.94,2.71,5.65,25,11
w_HQL2_OFF_T_G17,6,0.8525,0.9161,0.9846,0,8.89,0,10.93,0,33.83,0,32.47,34.34,6.4,1.62,2.63,8.25,27,11
w_HQL2_OFF_T_G17,60,0.8146,0.8093,0.984,1,2.46,0,11.05,1,2.85,0,3.29,7.32,2.93,2.61,3.18,4.34,58,17
w_HQL2_OFF_T_G17,61,0.8141,0.8347,0.9832,1,1.77,0,13.75,0,36.24,0,35.2,36.83,2.79,3.34,5.83,3.62,38,13
w_HQL2_OFF_T_G17,62,0.813,0.8955,0.9815,1,3.25,0,8.19,1,3.04,0,3.2,7.11,0.74,1.6,4.28,3.52,56,18
w_HQL2_OFF_T_G17,63,0.8127,0.823,0.9843,1,3.08,0,10.22,0,39.45,0,37.48,38.53,2.38,2.87,2.53,2.77,28,10
w_HQL2_OFF_T_G17,64,0.8117,0.8783,0.9838,0,5.78,0,10.45,0,21.85,0,19.19,25.1,2.1,3.11,2.88,5.92,37,15
w_HQL2_OFF_T_G17,65,0.8116,0.8856,0.9876,1,1.75,0,12.6,0,38.45,0,36.57,38.01,2.75,3.61,3.99,2.98,35,8
w_HQL2_OFF_T_G17,66,0.8088,0.8481,0.9871,1,1.95,0,12.72,0,39.58,0,37.91,39.02,2.64,2.7,4.33,3.22,30,10
w_HQL2_OFF_T_G17,67,0.8087,0.8524,0.9866,1,1.68,0,11.06,0,35.43,0,34.18,35.1,2.63,4.52,3.04,3.77,31,10
w_HQL2_OFF_T_G17,68,0.8068,0.8565,0.9868,1,2.28,0,12.82,0,37.59,0,36.6,37.55,3.13,3.47,3.21,1.62,29,12
w_HQL2_OFF_T_G17,69,0.8051,0.8741,0.9855,1,1.31,0,12.44,0,34.23,0,32.71,34.14,3.06,3.13,4.83,4.18,34,13
w_HQL2_OFF_T_G17,7,0.849,0.9119,0.9877,1,2.57,0,9.4,0,35.9,0,34.81,35.64,1.03,2.98,1.35,1.94,32,10
w_HQL2_OFF_T_G17,70,0.8046,0.8641,0.9848,1,4.8,0,22.22,0,31.72,0,29.67,35.21,1.74,1.48,3.19,4.21,31,11
w_HQL2_OFF_T_G17,71,0.803,0.7682,0.9839,1,1.4,0,9.19,0,35.29,0,33.73,34.76,2.89,3.56,3.23,2.49,33,13
w_HQL2_OFF_T_G17,72,0.8012,0.7753,0.9812,0,14.68,0,21.23,0,36.03,0,33.06,38.65,3.2,3.9,6.59,15.33,14,10
w_HQL2_OFF_T_G17,73,0.8007,0.8761,0.9867,0,7.63,0,13.36,0,16.53,0,11.58,16.55,2.64,2.02,2.82,7.3,21,12
w_HQL2_OFF_T_G17,74,0.8003,0.7795,0.9806,0,9.27,0,15.36,0,26.91,0,21.53,26.41,5.19,2.82,3.87,7.88,25,15
w_HQL2_OFF_T_G17,75,0.7998,0.863,0.9834,1,2.44,0,11.99,0,34.94,0,33.35,34.74,2.7,4.13,3.24,2.16,31,11
w_HQL2_OFF_T_G17,76,0.7961,0.8676,0.9846,0,5.76,0,12.25,1,2.75,0,2.27,4.22,0.93,3.45,8.05,5.7,47,17
w_HQL2_OFF_T_G17,77,0.7958,0.8054,0.983,0,6.54,0,12.29,0,34.4,0,30.93,36.5,2.85,1.69,3.92,6.58,21,11
w_HQL2_OFF_T_G17,78,0.7945,0.8141,0.9827,0,6.91,0,11.48,0,19.16,0,12.59,18.5,2.84,1.74,2.97,6.68,26,13
w_HQL2_OFF_T_G17,79,0.7941,0.8487,0.9831,0,6.24,0,12.38,0,26.32,0,20.09,24.73,3.74,1.42,4.35,7.14,36,14
w_HQL2_OFF_T_G17,8,0.8472,0.8942,0.9866,1,1.22,0,11.96,0,38.23,0,36.14,38.0,3.07,2.63,4.09,2.84,32,10
w_HQL2_OFF_T_G17,80,0.7936,0.8207,0.9822,1,3.9,0,13.36,0,35.69,0,33.77,35.46,2.24,5.75,8.95,3.64,44,14
w_HQL2_OFF_T_G17,81,0.793,0.8181,0.9844,0,7.17,0,12.52,0,16.1,0,9.74,15.23,4.92,3.58,3.0,7.42,15,8
w_HQL2_OFF_T_G17,82,0.7916,0.8156,0.981,0,8.1,0,14.97,0,15.79,0,10.53,15.93,3.08,3.56,3.13,6.73,21,10
w_HQL2_OFF_T_G17,83,0.7909,0.7804,0.9806,1,2.1,0,12.72,0,36.72,0,34.76,36.7,3.49,3.4,3.5,4.76,27,10
w_HQL2_OFF_T_G17,84,0.7907,0.8133,0.9833,1,1.55,0,13.18,0,36.46,0,35.02,36.27,2.79,3.37,3.62,2.35,33,11
w_HQL2_OFF_T_G17,85,0.7906,0.7581,0.9802,0,7.58,0,17.79,0,45.25,0,40.53,45.99,5.11,4.87,11.87,5.15,24,11
w_HQL2_OFF_T_G17,86,0.7888,0.8389,0.985,1,2.21,0,11.19,0,37.98,0,35.91,37.23,2.61,2.06,4.12,3.45,34,11
w_HQL2_OFF_T_G17,87,0.7858,0.813,0.9836,0,8.24,0,13.09,0,15.98,0,10.54,16.25,2.33,3.46,2.9,7.54,20,11
w_HQL2_OFF_T_G17,88,0.7847,0.7984,0.9832,1,2.01,0,12.76,0,40.64,0,38.8,40.8,3.03,3.78,4.44,3.24,28,11
w_HQL2_OFF_T_G17,89,0.7835,0.7205,0.9817,0,14.68,0,19.97,0,28.92,0,25.83,31.07,6.13,2.12,5.79,12.13,13,8
w_HQL2_OFF_T_G17,9,0.8451,0.9089,0.9872,1,1.86,0,12.91,0,35.12,0,33.97,34.79,3.45,2.74,2.07,4.35,42,13
w_HQL2_OFF_T_G17,90,0.7831,0.8,0.9831,0,8.4,0,16.38,0,27.81,0,24.6,29.89,3.17,2.82,2.29,8.55,37,15
w_HQL2_OFF_T_G17,91,0.7817,0.7833,0.9803,0,7.31,0,13.63,0,15.58,0,10.38,15.84,3.17,4.1,5.18,6.85,20,10
w_HQL2_OFF_T_G17,92,0.778,0.7734,0.9854,1,2.1,0,11.44,0,37.06,0,35.55,37.0,2.73,3.34,3.86,4.82,31,11
w_HQL2_OFF_T_G17,93,0.7776,0.7102,0.9816,1,1.81,0,11.22,0,33.94,0,33.22,34.53,2.65,4.0,4.53,2.98,34,11
w_HQL2_OFF_T_G17,94,0.774,0.73,0.9796,1,4.91,0,11.94,0,25.29,0,20.38,26.09,2.28,2.55,5.75,5.84,26,13
w_HQL2_OFF_T_G17,95,0.7709,0.6946,0.9787,1,1.52,0,9.85,0,38.31,0,36.5,37.68,2.7,3.33,3.24,4.74,31,11
w_HQL2_OFF_T_G17,96,0.7587,0.7021,0.9797,1,1.77,0,9.54,0,39.41,0,38.13,39.1,2.83,2.31,4.61,4.4,32,12
w_HQL2_OFF_T_G17,97,0.7585,0.6609,0.9749,1,2.02,0,12.07,0,38.91,0,36.69,38.82,2.76,2.12,2.78,4.64,31,9
w_HQL2_OFF_T_G17,98,0.7566,0.637,0.9771,1,3.26,0,12.52,0,25.69,0,25.83,27.44,4.1,1.33,4.83,3.2,30,13
w_HQL2_OFF_T_G17,99,0.7519,0.6257,0.9833,1,1.91,0,11.26,0,36.15,0,33.79,35.1,2.46,3.12,2.91,3.3,36,11
w_TrackF_r1_OFF_T_G17,0,0.8569,0.9324,0.9903,1,2.1,0,10.89,0,35.37,0,35.01,35.01,2.63,4.7,4.56,5.38,31,10
w_TrackF_r1_OFF_T_G17,1,0.8532,0.9044,0.9879,1,2.61,0,13.07,0,36.58,0,34.84,36.61,2.87,3.08,4.86,1.93,30,12
w_TrackF_r1_OFF_T_G17,10,0.8433,0.9202,0.991,1,2.64,0,12.96,0,37.14,0,36.88,37.0,2.44,4.91,5.8,3.07,24,9
w_TrackF_r1_OFF_T_G17,11,0.8432,0.9161,0.9892,1,3.11,0,9.76,0,36.59,0,34.85,36.05,2.83,5.46,4.79,4.88,34,11
w_TrackF_r1_OFF_T_G17,12,0.8427,0.8629,0.9863,1,1.94,0,12.48,0,36.75,0,35.22,37.0,3.32,2.35,3.33,2.38,33,10
w_TrackF_r1_OFF_T_G17,13,0.8426,0.9177,0.9907,1,2.87,0,12.93,0,8.41,0,11.79,11.92,2.57,3.14,4.27,3.75,33,10
w_TrackF_r1_OFF_T_G17,14,0.8418,0.866,0.9872,1,2.51,0,13.96,0,38.68,0,38.07,38.48,2.19,3.0,6.21,1.93,28,9
w_TrackF_r1_OFF_T_G17,15,0.8417,0.8798,0.9857,0,5.47,0,14.73,0,40.36,0,38.48,39.5,0.59,3.11,4.26,4.1,28,12
w_TrackF_r1_OFF_T_G17,16,0.8408,0.8708,0.9872,1,2.65,0,12.65,0,37.53,0,36.75,37.28,1.6,4.05,4.1,1.82,29,12
w_TrackF_r1_OFF_T_G17,17,0.8407,0.9032,0.9887,1,1.59,0,12.04,0,38.06,0,37.28,38.16,2.07,2.84,3.88,2.65,27,8
w_TrackF_r1_OFF_T_G17,18,0.84,0.9311,0.9913,1,2.26,0,12.87,0,37.73,0,36.83,37.31,1.57,3.57,3.46,2.79,33,10
w_TrackF_r1_OFF_T_G17,19,0.8399,0.9192,0.9883,0,6.44,0,14.44,0,39.73,0,37.33,38.5,2.07,3.56,4.9,6.98,26,10
w_TrackF_r1_OFF_T_G17,2,0.8531,0.9016,0.9891,1,2.44,0,13.71,0,38.82,0,37.3,39.02,2.35,3.38,5.83,2.74,33,10
w_TrackF_r1_OFF_T_G17,20,0.8395,0.8898,0.9885,1,1.51,0,14.84,0,35.0,0,34.89,40.41,3.27,3.76,3.58,3.34,36,10
w_TrackF_r1_OFF_T_G17,21,0.8394,0.8723,0.9872,1,2.3,0,13.33,0,38.96,0,36.88,38.64,1.84,4.09,5.01,2.06,29,13
w_TrackF_r1_OFF_T_G17,22,0.8388,0.8696,0.9843,0,6.27,0,13.55,0,41.5,0,38.94,40.61,1.95,4.36,5.12,7.32,24,10
w_TrackF_r1_OFF_T_G17,23,0.8375,0.9,0.9895,1,1.15,0,12.15,0,37.05,0,35.53,37.74,2.64,5.28,4.53,3.75,32,10
w_TrackF_r1_OFF_T_G17,24,0.837,0.8516,0.9851,1,2.24,0,13.19,0,39.04,0,36.57,38.52,2.62,4.05,5.0,3.41,33,11
w_TrackF_r1_OFF_T_G17,25,0.8352,0.8735,0.9862,1,4.72,0,13.57,0,32.14,0,31.76,32.71,2.86,4.26,3.43,2.69,35,15
w_TrackF_r1_OFF_T_G17,26,0.8348,0.8596,0.9878,1,2.82,0,12.48,0,41.83,0,37.5,43.37,2.11,5.86,5.88,3.69,20,8
w_TrackF_r1_OFF_T_G17,27,0.8345,0.8907,0.9884,1,1.2,0,9.02,0,39.42,0,37.35,39.57,3.05,4.37,6.26,3.47,30,12
w_TrackF_r1_OFF_T_G17,28,0.8342,0.8646,0.9862,1,1.32,0,9.7,0,40.19,0,37.94,39.49,2.53,3.66,4.63,4.05,33,11
w_TrackF_r1_OFF_T_G17,29,0.8338,0.8608,0.9862,1,2.27,0,10.3,0,36.16,0,34.57,36.74,1.77,4.38,4.21,3.88,32,14
w_TrackF_r1_OFF_T_G17,3,0.8527,0.9034,0.9898,0,8.4,0,16.7,0,43.63,0,42.19,46.59,3.35,4.8,3.49,8.67,17,7
w_TrackF_r1_OFF_T_G17,30,0.8329,0.8666,0.9882,0,11.58,0,15.9,0,35.33,0,31.18,35.92,4.49,4.31,7.0,12.72,14,8
w_TrackF_r1_OFF_T_G17,31,0.8328,0.9141,0.9922,1,2.07,0,12.02,0,46.93,0,43.29,48.65,3.72,4.78,8.64,2.65,27,9
w_TrackF_r1_OFF_T_G17,32,0.8323,0.8275,0.9847,0,11.59,0,19.18,0,43.41,0,40.88,45.78,4.52,4.47,5.97,12.38,15,11
w_TrackF_r1_OFF_T_G17,33,0.8319,0.8699,0.9871,1,1.6,0,10.21,0,38.21,0,35.53,37.66,3.29,3.55,4.48,2.92,28,6
w_TrackF_r1_OFF_T_G17,34,0.8305,0.9019,0.9889,1,2.43,0,12.31,0,40.13,0,37.86,39.33,1.48,4.93,4.37,2.14,31,10
w_TrackF_r1_OFF_T_G17,35,0.8304,0.9105,0.9901,1,1.77,0,12.28,0,10.73,0,9.57,13.26,3.66,3.8,3.2,2.86,36,11
w_TrackF_r1_OFF_T_G17,36,0.8304,0.913,0.988,1,1.95,0,11.48,0,39.96,0,37.9,39.68,3.0,4.33,5.65,4.86,28,9
w_TrackF_r1_OFF_T_G17,37,0.8304,0.8849,0.9871,0,6.88,0,18.37,0,38.25,0,38.72,41.57,3.96,5.94,3.99,6.3,16,12
w_TrackF_r1_OFF_T_G17,38,0.829,0.864,0.9873,0,10.35,0,15.52,0,26.42,0,22.87,29.04,3.29,4.18,8.74,6.94,22,9
w_TrackF_r1_OFF_T_G17,39,0.829,0.9002,0.9864,1,3.87,0,9.24,0,23.81,0,25.69,30.81,0.99,3.93,3.6,3.53,34,14
w_TrackF_r1_OFF_T_G17,4,0.8517,0.8973,0.9882,1,2.57,0,12.88,0,43.73,0,40.01,42.34,2.41,3.68,5.7,3.1,26,10
w_TrackF_r1_OFF_T_G17,40,0.8287,0.876,0.9883,1,4.45,0,13.78,0,37.21,0,36.37,36.89,2.28,4.09,4.7,2.84,28,10
w_TrackF_r1_OFF_T_G17,41,0.8284,0.8716,0.9873,1,2.75,0,12.27,0,41.03,0,39.16,40.7,3.07,5.32,5.99,1.81,30,11
w_TrackF_r1_OFF_T_G17,42,0.8282,0.8685,0.9866,1,1.89,0,11.76,0,34.2,0,33.44,33.69,2.04,4.52,4.29,2.06,29,11
w_TrackF_r1_OFF_T_G17,43,0.8271,0.8375,0.9874,1,4.28,0,11.55,0,16.79,0,19.6,24.43,2.2,3.54,3.0,4.23,30,13
w_TrackF_r1_OFF_T_G17,44,0.827,0.8953,0.9858,0,11.78,0,18.44,0,51.81,0,47.4,51.64,4.09,4.09,2.55,14.64,24,10
w_TrackF_r1_OFF_T_G17,45,0.8266,0.87,0.989,0,6.04,0,21.47,0,34.85,0,35.59,37.2,3.13,1.35,4.06,6.36,24,11
w_TrackF_r1_OFF_T_G17,46,0.8261,0.8597,0.9868,0,6.24,0,13.13,0,38.55,0,36.15,37.83,3.05,5.16,3.72,7.17,21,10
w_TrackF_r1_OFF_T_G17,47,0.826,0.8606,0.9847,0,5.69,0,10.98,0,41.04,0,38.16,39.69,3.21,3.74,4.36,6.23,20,11
w_TrackF_r1_OFF_T_G17,48,0.8259,0.8609,0.987,1,1.92,0,10.75,0,39.25,0,37.58,38.47,2.09,5.25,4.04,3.16,28,10
w_TrackF_r1_OFF_T_G17,49,0.8252,0.9071,0.9882,0,8.19,0,14.48,0,24.64,0,21.03,27.28,2.27,5.16,3.45,6.82,24,13
w_TrackF_r1_OFF_T_G17,5,0.8502,0.9038,0.9884,1,1.9,0,14.13,0,35.36,0,34.54,36.08,2.27,4.02,5.51,2.86,27,11
w_TrackF_r1_OFF_T_G17,50,0.8247,0.8576,0.9841,0,7.29,0,16.98,0,46.09,0,42.25,44.59,0.93,4.95,5.4,8.88,24,12
w_TrackF_r1_OFF_T_G17,51,0.8245,0.8747,0.9889,1,2.75,0,11.81,0,24.98,0,20.54,27.11,3.97,4.86,7.01,2.88,27,11
w_TrackF_r1_OFF_T_G17,52,0.8237,0.8391,0.985,0,6.86,0,12.94,0,35.35,0,35.98,35.46,1.18,4.21,5.14,7.39,21,11
w_TrackF_r1_OFF_T_G17,53,0.8233,0.8364,0.9852,1,3.59,0,12.14,0,15.83,0,18.26,21.18,2.72,3.94,1.32,3.11,40,16
w_TrackF_r1_OFF_T_G17,54,0.8231,0.8994,0.9877,1,3.83,0,18.18,0,45.08,0,42.87,45.2,3.53,6.56,12.02,3.86,29,10
w_TrackF_r1_OFF_T_G17,55,0.8226,0.8691,0.9845,1,2.03,0,12.56,0,38.89,0,36.77,38.43,2.2,4.16,3.85,2.75,31,10
w_TrackF_r1_OFF_T_G17,56,0.8225,0.8929,0.9873,1,1.49,0,11.61,0,43.35,0,41.48,47.43,2.27,4.71,4.11,2.88,37,13
w_TrackF_r1_OFF_T_G17,57,0.8223,0.9136,0.9874,1,4.9,0,14.46,0,39.46,0,38.13,38.87,1.97,3.01,4.68,3.9,31,10
w_TrackF_r1_OFF_T_G17,58,0.8221,0.827,0.9823,1,3.93,0,10.9,0,39.94,0,37.93,39.03,1.86,5.36,4.63,4.19,33,11
w_TrackF_r1_OFF_T_G17,59,0.8219,0.815,0.985,0,5.21,0,11.56,0,34.73,0,32.52,34.41,3.05,4.49,5.2,6.05,28,13
w_TrackF_r1_OFF_T_G17,6,0.8482,0.8954,0.9916,1,2.59,0,18.57,0,40.9,0,40.54,45.91,1.7,3.59,4.14,1.49,47,14
w_TrackF_r1_OFF_T_G17,60,0.8217,0.8905,0.9863,0,5.71,0,12.37,0,40.03,0,38.24,39.23,1.82,1.86,3.83,6.34,25,10
w_TrackF_r1_OFF_T_G17,61,0.8199,0.8826,0.9884,1,1.84,0,12.1,0,39.44,0,37.64,39.47,2.39,3.73,5.66,3.81,34,11
w_TrackF_r1_OFF_T_G17,62,0.8198,0.8982,0.987,1,2.23,0,12.91,0,37.43,0,35.1,36.56,3.05,3.05,4.22,2.3,31,9
w_TrackF_r1_OFF_T_G17,63,0.8195,0.8483,0.9868,0,7.8,0,15.71,0,22.29,0,16.86,22.47,3.61,4.42,6.91,8.71,27,10
w_TrackF_r1_OFF_T_G17,64,0.8182,0.845,0.9854,0,9.78,0,20.13,0,63.33,0,59.85,62.76,7.28,4.67,4.22,17.38,15,8
w_TrackF_r1_OFF_T_G17,65,0.8182,0.8487,0.984,0,7.03,0,11.97,0,39.5,0,38.14,38.93,1.16,3.86,5.25,8.63,21,9
w_TrackF_r1_OFF_T_G17,66,0.8179,0.8055,0.9838,0,10.48,0,20.82,0,42.76,0,41.42,46.6,4.84,3.8,4.45,10.15,13,8
w_TrackF_r1_OFF_T_G17,67,0.8162,0.8434,0.9851,0,6.9,0,14.7,0,21.15,0,22.14,25.38,2.7,2.27,2.9,4.19,25,11
w_TrackF_r1_OFF_T_G17,68,0.8113,0.8597,0.9874,1,3.74,0,11.85,0,37.72,0,35.61,36.79,2.63,5.46,5.35,3.33,21,7
w_TrackF_r1_OFF_T_G17,69,0.8099,0.8388,0.9872,1,2.91,0,15.47,0,32.69,0,31.28,32.21,2.55,6.11,10.09,5.06,43,17
w_TrackF_r1_OFF_T_G17,7,0.8458,0.8769,0.986,0,5.69,0,12.9,0,39.85,0,37.1,38.88,2.87,3.37,3.81,6.4,26,11
w_TrackF_r1_OFF_T_G17,70,0.8088,0.8329,0.9857,1,2.27,0,10.09,0,38.24,0,37.04,38.11,1.39,4.42,4.89,2.64,40,12
w_TrackF_r1_OFF_T_G17,71,0.8086,0.7927,0.9847,1,1.99,0,11.61,0,33.46,0,32.02,33.22,2.9,4.19,5.33,4.8,38,13
w_TrackF_r1_OFF_T_G17,72,0.8075,0.9201,0.9908,1,2.2,0,11.21,0,29.92,0,28.89,34.7,1.69,3.5,3.91,3.09,36,14
w_TrackF_r1_OFF_T_G17,73,0.807,0.8761,0.9863,1,3.79,0,10.44,0,22.77,0,21.14,25.73,1.85,5.77,3.59,3.9,35,13
w_TrackF_r1_OFF_T_G17,74,0.8061,0.8161,0.9836,0,5.89,0,14.17,0,40.78,0,38.14,40.28,3.74,3.89,6.12,5.9,23,11
w_TrackF_r1_OFF_T_G17,75,0.8057,0.8479,0.9856,0,6.1,0,15.41,0,32.92,0,30.37,36.1,2.17,4.02,5.91,5.6,24,9
w_TrackF_r1_OFF_T_G17,76,0.8023,0.8117,0.9835,1,2.45,0,13.46,0,35.27,0,33.14,35.08,2.18,4.59,4.92,1.69,32,12
w_TrackF_r1_OFF_T_G17,77,0.8016,0.8111,0.9856,0,6.07,0,14.58,0,40.07,0,38.01,39.39,2.65,4.32,5.85,6.04,22,10
w_TrackF_r1_OFF_T_G17,78,0.8014,0.8886,0.9868,1,3.03,0,10.98,0,23.78,0,21.71,26.57,1.14,4.27,2.58,3.71,35,13
w_TrackF_r1_OFF_T_G17,79,0.7998,0.8152,0.9849,0,6.97,0,12.02,0,36.77,0,35.71,36.15,1.24,4.45,3.29,5.45,23,12
w_TrackF_r1_OFF_T_G17,8,0.8435,0.8857,0.9878,1,1.43,0,10.16,0,40.72,0,39.0,40.13,2.02,2.66,4.38,3.3,31,10
w_TrackF_r1_OFF_T_G17,80,0.7997,0.8239,0.985,0,7.45,0,14.64,0,34.56,0,32.39,33.95,1.68,4.96,4.64,7.57,24,12
w_TrackF_r1_OFF_T_G17,81,0.7983,0.8979,0.9849,1,2.46,1,2.9,0,24.98,0,22.45,27.79,3.89,3.21,2.54,2.67,30,12
w_TrackF_r1_OFF_T_G17,82,0.798,0.8623,0.9874,1,4.5,0,17.47,0,23.55,0,23.72,29.03,3.49,5.18,4.17,3.74,27,10
w_TrackF_r1_OFF_T_G17,83,0.7977,0.7819,0.9817,1,1.91,0,9.61,0,39.89,0,37.51,38.95,1.54,2.82,4.48,2.36,28,10
w_TrackF_r1_OFF_T_G17,84,0.7971,0.8598,0.9847,1,4.85,0,10.82,0,27.57,0,26.16,29.91,1.72,2.54,2.55,4.72,32,11
w_TrackF_r1_OFF_T_G17,85,0.7962,0.8967,0.9871,0,7.22,0,11.6,0,13.93,0,8.61,15.11,1.51,3.52,4.14,7.41,25,12
w_TrackF_r1_OFF_T_G17,86,0.7958,0.8297,0.9836,1,4.51,0,9.28,0,33.97,0,33.88,33.85,2.82,5.0,4.9,3.52,38,11
w_TrackF_r1_OFF_T_G17,87,0.7943,0.8211,0.9805,1,3.89,0,8.35,0,23.26,0,21.77,26.25,1.21,3.66,3.26,4.27,33,12
w_TrackF_r1_OFF_T_G17,88,0.7921,0.8627,0.9864,0,7.28,0,12.51,0,16.21,0,11.3,17.37,2.25,4.76,1.69,7.41,22,9
w_TrackF_r1_OFF_T_G17,89,0.7902,0.8077,0.9848,0,8.44,0,13.92,0,42.03,0,39.94,41.14,3.27,4.56,6.14,8.06,24,10
w_TrackF_r1_OFF_T_G17,9,0.8434,0.8793,0.9875,1,1.43,0,10.99,0,38.34,0,36.17,37.73,1.44,3.18,2.87,3.2,34,11
w_TrackF_r1_OFF_T_G17,90,0.7847,0.8681,0.9855,0,6.05,0,14.66,0,17.45,0,12.63,17.85,1.99,5.07,4.17,4.39,25,9
w_TrackF_r1_OFF_T_G17,91,0.7832,0.829,0.9834,0,7.71,0,11.92,0,11.09,0,8.57,13.95,2.31,4.82,4.55,6.25,20,11
w_TrackF_r1_OFF_T_G17,92,0.7826,0.8314,0.9842,0,7.73,0,13.67,0,27.14,0,22.58,29.47,3.7,3.17,3.39,6.84,30,13
w_TrackF_r1_OFF_T_G17,93,0.7799,0.7458,0.9793,1,1.89,0,13.23,0,39.7,0,37.52,38.92,2.25,4.48,3.9,4.04,36,10
w_TrackF_r1_OFF_T_G17,94,0.7655,0.7259,0.9792,0,6.79,0,13.33,0,31.5,0,29.69,36.33,3.68,2.9,3.15,6.47,37,11
w_TrackF_r1_OFF_T_G17,95,0.7651,0.6693,0.9765,0,6.27,0,14.94,0,38.71,0,36.5,38.19,1.49,4.29,2.82,7.51,26,9
w_TrackF_r1_OFF_T_G17,96,0.7612,0.6626,0.9807,1,2.59,0,10.7,0,37.56,0,36.07,37.35,2.31,5.12,4.15,3.29,25,9
w_TrackF_r1_OFF_T_G17,97,0.7511,0.6327,0.9809,0,7.21,0,13.4,0,39.53,0,37.27,39.18,2.36,5.37,4.89,7.5,22,10
w_TrackF_r1_OFF_T_G17,98,0.7432,0.6589,0.9788,0,6.28,0,20.16,0,28.73,0,25.4,27.77,1.39,3.65,1.83,7.27,42,17
w_TrackF_r1_OFF_T_G17,99,0.7406,0.6109,0.9804,1,4.4,0,13.4,0,18.92,0,21.31,25.24,3.0,2.56,3.4,4.57,25,10
d_F88F_M255K_Y217Y_S1_G17,0,0.8732,0.9098,0.9909,0,5.07,0,10.87,0,17.3,0,8.04,16.46,4.84,2.05,6.15,5.2,41,16
d_F88F_M255K_Y217Y_S1_G17,1,0.8681,0.9171,0.9914,0,5.02,0,11.69,0,18.5,0,8.69,16.36,2.5,3.63,4.35,5.71,41,13
d_F88F_M255K_Y217Y_S1_G17,10,0.8554,0.8708,0.9897,0,6.03,0,13.6,0,15.52,0,7.07,15.3,4.72,3.72,4.07,6.24,52,13
d_F88F_M255K_Y217Y_S1_G17,11,0.8548,0.9071,0.9907,1,2.57,0,19.27,0,28.07,0,18.73,27.19,5.32,4.56,11.87,2.77,32,12
d_F88F_M255K_Y217Y_S1_G17,12,0.854,0.9214,0.9907,0,5.55,0,18.54,0,16.26,0,6.38,14.17,5.76,4.17,3.14,5.55,43,16
d_F88F_M255K_Y217Y_S1_G17,13,0.8522,0.8725,0.9922,0,6.02,0,15.16,0,15.71,0,7.36,14.85,5.05,3.68,1.65,6.56,42,14
d_F88F_M255K_Y217Y_S1_G17,14,0.8521,0.8719,0.9918,1,4.48,0,13.29,0,16.48,0,6.13,14.33,3.16,3.33,6.71,5.42,35,12
d_F88F_M255K_Y217Y_S1_G17,15,0.8518,0.9398,0.9925,1,3.21,0,19.43,0,24.55,0,14.15,22.53,3.44,3.33,7.56,2.51,48,17
d_F88F_M255K_Y217Y_S1_G17,16,0.8511,0.8546,0.989,1,3.38,0,17.95,0,28.2,0,18.96,27.54,5.24,6.97,10.95,2.93,28,12
d_F88F_M255K_Y217Y_S1_G17,17,0.8508,0.9285,0.9917,1,3.13,0,20.89,0,26.79,0,18.84,26.97,5.33,5.01,8.38,2.91,46,21
d_F88F_M255K_Y217Y_S1_G17,18,0.8504,0.8305,0.9886,1,4.81,0,13.52,0,16.64,0,7.73,15.84,5.22,4.41,5.62,5.34,33,14
d_F88F_M255K_Y217Y_S1_G17,19,0.85,0.8333,0.9885,0,5.22,0,12.67,0,16.87,0,7.65,14.96,3.71,2.32,4.01,6.29,41,11
d_F88F_M255K_Y217Y_S1_G17,2,0.864,0.8865,0.9931,1,4.49,0,13.68,0,24.4,0,13.9,21.32,3.19,3.44,4.19,3.03,38,11
d_F88F_M255K_Y217Y_S1_G17,20,0.849,0.8878,0.9891,1,2.66,0,20.69,0,28.56,0,20.41,27.51,5.47,7.39,7.73,3.02,40,17
d_F88F_M255K_Y217Y_S1_G17,21,0.8481,0.888,0.9927,0,5.34,0,14.72,0,15.71,0,6.71,14.49,4.26,1.6,4.06,6.35,32,9
d_F88F_M255K_Y217Y_S1_G17,22,0.8469,0.8214,0.9864,0,5.1,0,8.04,0,14.62,0,7.1,14.9,3.44,5.58,5.02,6.28,42,12
d_F88F_M255K_Y217Y_S1_G17,23,0.8458,0.85,0.9894,0,5.8,0,11.62,0,17.12,0,7.07,14.95,5.51,4.61,3.41,6.11,38,11
d_F88F_M255K_Y217Y_S1_G17,24,0.845,0.8483,0.989,1,2.22,0,20.36,0,28.57,0,20.29,28.33,5.21,7.05,12.45,2.18,43,12
d_F88F_M255K_Y217Y_S1_G17,25,0.8438,0.8211,0.9885,1,4.07,0,13.7,0,18.32,0,7.86,16.36,4.1,4.24,4.29,3.87,28,9
d_F88F_M255K_Y217Y_S1_G17,26,0.8427,0.9132,0.9901,0,5.09,0,10.56,0,24.11,0,13.58,20.97,5.34,3.05,5.06,5.91,35,13
d_F88F_M255K_Y217Y_S1_G17,27,0.8426,0.85,0.9897,0,5.35,0,14.52,0,15.26,0,5.8,14.45,4.59,3.18,1.65,5.45,35,11
d_F88F_M255K_Y217Y_S1_G17,28,0.8425,0.9281,0.9904,1,4.39,0,16.58,0,19.58,0,10.09,17.87,3.93,4.82,6.13,5.09,36,14
d_F88F_M255K_Y217Y_S1_G17,29,0.8419,0.843,0.9916,1,3.81,0,10.87,0,6.91,0,3.09,11.05,3.59,1.2,3.25,5.06,40,11
d_F88F_M255K_Y217Y_S1_G17,3,0.8612,0.885,0.9926,1,2.63,0,16.93,0,30.89,0,21.77,29.94,5.58,6.36,11.05,2.6,33,11
d_F88F_M255K_Y217Y_S1_G17,30,0.8409,0.8511,0.9902,1,4.42,0,11.96,0,14.95,0,6.72,14.58,3.37,4.77,3.04,6.29,42,11
d_F88F_M255K_Y217Y_S1_G17,31,0.8409,0.8353,0.9888,0,5.46,0,12.61,0,17.26,0,6.32,14.0,3.69,3.43,2.33,5.62,33,10
d_F88F_M255K_Y217Y_S1_G17,32,0.8391,0.8587,0.9913,1,3.54,0,15.43,0,17.84,0,6.92,14.94,4.68,3.08,2.52,4.84,34,10
d_F88F_M255K_Y217Y_S1_G17,33,0.8385,0.8657,0.9917,1,2.15,0,10.96,0,16.02,0,6.17,13.88,4.01,3.69,3.24,3.17,40,9
d_F88F_M255K_Y217Y_S1_G17,34,0.838,0.867,0.9911,1,4.56,0,15.24,0,14.63,0,5.73,13.88,3.91,3.45,4.04,5.8,36,8
d_F88F_M255K_Y217Y_S1_G17,35,0.8369,0.843,0.9888,0,5.53,0,19.46,0,15.67,0,7.15,14.91,3.74,4.49,6.2,5.43,39,14
d_F88F_M255K_Y217Y_S1_G17,36,0.8366,0.8553,0.9907,1,3.91,0,14.67,0,15.16,0,6.26,13.65,4.44,2.58,5.01,5.03,36,10
d_F88F_M255K_Y217Y_S1_G17,37,0.835,0.9153,0.9885,1,4.38,0,17.53,0,19.35,0,8.0,15.19,3.74,5.06,5.54,3.66,49,17
d_F88F_M255K_Y217Y_S1_G17,38,0.8349,0.8801,0.9885,0,5.41,0,18.35,0,18.5,0,8.15,15.98,3.02,2.77,6.96,5.83,39,15
d_F88F_M255K_Y217Y_S1_G17,39,0.8342,0.833,0.9877,0,5.63,0,17.53,0,17.01,0,6.72,14.79,4.03,3.63,3.7,5.9,38,14
d_F88F_M255K_Y217Y_S1_G17,4,0.8581,0.872,0.9899,1,4.53,0,11.81,0,25.03,0,14.53,22.45,3.63,4.11,4.46,3.66,41,15
d_F88F_M255K_Y217Y_S1_G17,40,0.834,0.8506,0.9904,0,5.74,0,17.72,0,16.85,0,6.62,14.6,4.63,0.86,5.34,5.84,30,8
d_F88F_M255K_Y217Y_S1_G17,41,0.8338,0.8156,0.9885,1,4.9,0,10.48,0,12.27,0,3.01,9.26,3.83,4.17,2.78,6.34,34,11
d_F88F_M255K_Y217Y_S1_G17,42,0.8331,0.825,0.9872,1,3.75,0,13.25,0,14.18,0,7.07,15.53,4.0,2.99,3.37,3.42,33,11
d_F88F_M255K_Y217Y_S1_G17,43,0.8328,0.873,0.9894,0,5.94,0,11.2,0,24.84,0,14.78,21.59,3.96,4.16,6.21,6.03,41,15
d_F88F_M255K_Y217Y_S1_G17,44,0.8311,0.9085,0.9913,0,5.98,0,21.68,0,16.05,0,5.97,13.55,4.3,2.41,5.42,5.44,42,11
d_F88F_M255K_Y217Y_S1_G17,45,0.831,0.8559,0.9886,1,2.9,0,16.41,0,28.22,0,18.7,27.29,5.7,3.38,5.46,2.5,38,15
d_F88F_M255K_Y217Y_S1_G17,46,0.8303,0.8146,0.9876,0,5.3,0,10.75,0,7.86,0,3.72,10.03,3.83,5.39,2.4,4.83,28,10
d_F88F_M255K_Y217Y_S1_G17,47,0.8301,0.9284,0.9918,0,5.37,0,21.27,0,16.82,0,9.03,16.06,3.56,4.16,5.63,5.88,43,15
d_F88F_M255K_Y217Y_S1_G17,48,0.8296,0.8813,0.9892,1,4.82,0,17.3,0,13.94,0,6.67,14.25,3.45,4.32,6.12,6.49,40,16
d_F88F_M255K_Y217Y_S1_G17,49,0.8292,0.8138,0.9894,1,4.2,0,14.9,0,16.41,0,6.61,14.69,4.32,3.01,3.1,3.93,43,10
d_F88F_M255K_Y217Y_S1_G17,5,0.8575,0.8706,0.9878,1,2.35,0,22.47,0,27.81,0,18.26,26.62,5.03,5.64,9.0,3.01,50,16
d_F88F_M255K_Y217Y_S1_G17,50,0.8285,0.8352,0.9878,0,5.89,0,13.39,0,14.83,0,6.16,13.97,4.42,4.27,2.83,6.58,33,11
d_F88F_M255K_Y217Y_S1_G17,51,0.8284,0.768,0.9862,1,4.32,0,11.1,0,16.88,0,7.03,15.0,5.67,3.09,5.72,4.85,37,14
d_F88F_M255K_Y217Y_S1_G17,52,0.8277,0.8832,0.9877,0,6.0,0,18.65,0,16.11,0,7.13,15.16,2.79,3.89,5.85,5.65,45,15
d_F88F_M255K_Y217Y_S1_G17,53,0.8276,0.8271,0.9893,1,2.98,0,17.95,0,29.78,0,21.12,28.95,3.89,3.96,5.38,2.37,43,18
d_F88F_M255K_Y217Y_S1_G17,54,0.8271,0.8627,0.9884,1,2.01,0,22.2,0,29.88,0,22.0,30.09,2.98,2.79,6.21,2.33,38,13
d_F88F_M255K_Y217Y_S1_G17,55,0.8258,0.907,0.991,0,5.99,0,18.09,0,17.75,0,7.23,15.63,3.92,2.06,6.17,6.14,39,15
d_F88F_M255K_Y217Y_S1_G17,56,0.8249,0.8838,0.989,1,2.04,0,18.52,0,19.36,0,11.3,18.66,5.53,4.22,5.98,2.99,40,16
d_F88F_M255K_Y217Y_S1_G17,57,0.8241,0.8143,0.986,0,6.24,1,3.89,1,4.3,1,3.27,6.21,3.39,3.28,1.92,6.51,40,12
d_F88F_M255K_Y217Y_S1_G17,58,0.8237,0.8235,0.989,1,3.9,0,13.33,0,16.73,0,6.2,14.58,3.61,4.76,1.84,5.89,35,9
d_F88F_M255K_Y217Y_S1_G17,59,0.8228,0.896,0.9906,0,6.01,0,18.88,0,14.43,0,7.05,15.14,3.38,3.56,2.51,6.05,42,12
d_F88F_M255K_Y217Y_S1_G17,6,0.8572,0.8897,0.9871,1,1.62,0,19.08,0,29.08,0,20.29,28.54,5.38,7.16,12.44,2.28,34,11
d_F88F_M255K_Y217Y_S1_G17,60,0.8222,0.7975,0.9874,0,5.98,0,15.94,0,18.5,0,6.62,15.11,5.47,2.56,4.45,5.83,33,9
d_F88F_M255K_Y217Y_S1_G17,61,0.8219,0.7545,0.985,1,3.95,0,11.31,0,16.75,0,5.61,13.49,3.31,3.62,3.36,5.74,34,8
d_F88F_M255K_Y217Y_S1_G17,62,0.8219,0.8226,0.9875,1,3.84,0,12.32,0,23.71,0,15.11,22.72,5.17,3.3,1.91,5.29,46,12
d_F88F_M255K_Y217Y_S1_G17,63,0.8218,0.8192,0.9891,0,5.93,0,17.49,0,18.49,0,8.01,15.06,4.2,2.1,5.49,6.16,36,14
d_F88F_M255K_Y217Y_S1_G17,64,0.8214,0.796,0.9852,0,6.3,0,11.94,0,11.81,0,2.83,10.62,4.11,1.98,3.11,5.84,42,14
d_F88F_M255K_Y217Y_S1_G17,65,0.8213,0.7715,0.9855,1,4.83,0,13.45,0,16.14,0,6.96,14.65,4.48,4.85,1.8,5.35,35,10
d_F88F_M255K_Y217Y_S1_G17,66,0.8202,0.8526,0.9865,1,2.46,0,17.52,0,20.0,0,11.4,19.16,4.45,3.32,8.28,2.71,41,17
d_F88F_M255K_Y217Y_S1_G17,67,0.8198,0.8466,0.9899,1,2.99,1,2.96,0,5.52,0,2.51,6.94,2.76,2.72,2.87,5.9,45,12
d_F88F_M255K_Y217Y_S1_G17,68,0.8197,0.7823,0.9846,1,2.14,0,20.94,0,31.46,0,23.51,31.12,5.07,6.88,8.14,2.17,50,17
d_F88F_M255K_Y217Y_S1_G17,69,0.8175,0.8443,0.9894,1,2.62,1,3.54,1,3.26,1,5.11,8.07,3.26,1.82,2.33,5.09,36,14
d_F88F_M255K_Y217Y_S1_G17,7,0.8567,0.914,0.9936,1,2.58,0,23.65,0,29.79,0,21.84,29.63,3.83,3.73,5.75,2.54,27,10
d_F88F_M255K_Y217Y_S1_G17,70,0.8153,0.8087,0.9871,0,5.9,0,17.46,0,15.64,0,6.04,13.59,6.22,3.49,5.21,6.2,44,13
d_F88F_M255K_Y217Y_S1_G17,71,0.8147,0.8018,0.987,0,6.93,1,3.29,1,3.35,1,3.32,5.07,3.58,3.84,2.87,6.63,38,13
d_F88F_M255K_Y217Y_S1_G17,72,0.8137,0.9237,0.9891,1,3.97,0,9.43,1,4.6,0,3.31,6.32,3.44,2.71,1.87,3.47,52,19
d_F88F_M255K_Y217Y_S1_G17,73,0.8133,0.8258,0.9862,1,2.05,0,18.44,0,19.76,0,11.21,19.48,5.14,4.83,9.52,3.57,45,16
d_F88F_M255K_Y217Y_S1_G17,74,0.8129,0.7933,0.9854,1,4.61,1,3.1,1,2.23,1,3.95,8.53,1.7,5.05,5.69,6.74,46,14
d_F88F_M255K_Y217Y_S1_G17,75,0.8117,0.7689,0.9829,1,1.68,0,20.07,0,28.09,0,19.03,27.48,5.48,6.75,8.06,2.52,52,17
d_F88F_M255K_Y217Y_S1_G17,76,0.8116,0.8634,0.9886,1,2.22,0,19.53,0,22.99,0,12.43,19.67,5.65,3.46,7.66,2.27,43,13
d_F88F_M255K_Y217Y_S1_G17,77,0.8116,0.7743,0.9873,1,1.49,0,19.91,0,21.02,0,12.03,19.51,4.79,4.51,7.29,2.74,45,18
d_F88F_M255K_Y217Y_S1_G17,78,0.8112,0.7868,0.9868,0,6.12,0,10.05,0,13.38,0,3.93,10.41,3.06,4.55,4.26,6.32,38,12
d_F88F_M255K_Y217Y_S1_G17,79,0.811,0.8308,0.9863,1,3.63,0,20.49,0,23.08,0,11.99,19.35,3.57,4.44,6.07,3.09,40,15
d_F88F_M255K_Y217Y_S1_G17,8,0.8566,0.8913,0.9914,0,5.02,0,11.63,0,23.79,0,13.75,21.51,3.33,3.48,3.52,5.62,38,13
d_F88F_M255K_Y217Y_S1_G17,80,0.8086,0.9158,0.9888,1,2.45,0,13.51,0,5.73,0,3.1,7.28,2.85,1.54,3.4,3.4,48,18
d_F88F_M255K_Y217Y_S1_G17,81,0.8084,0.8154,0.9895,1,3.39,1,3.73,1,2.74,1,2.63,7.58,2.13,2.25,3.59,6.07,45,12
d_F88F_M255K_Y217Y_S1_G17,82,0.8061,0.7836,0.9862,0,6.75,1,4.31,1,4.09,1,3.81,6.87,2.17,3.4,2.97,6.75,35,12
d_F88F_M255K_Y217Y_S1_G17,83,0.8052,0.7277,0.9838,0,7.2,1,3.24,0,5.52,0,2.9,7.09,3.58,4.34,3.38,6.77,39,14
d_F88F_M255K_Y217Y_S1_G17,84,0.8018,0.7432,0.9846,1,3.25,0,9.23,0,9.5,0,2.69,10.48,2.81,2.62,2.35,3.99,35,8
d_F88F_M255K_Y217Y_S1_G17,85,0.8009,0.7665,0.9869,0,7.21,1,3.73,1,4.04,1,3.18,6.29,1.57,2.44,3.98,6.95,40,13
d_F88F_M255K_Y217Y_S1_G17,86,0.8,0.7725,0.9858,0,6.69,1,3.26,1,4.46,1,3.6,6.91,1.92,3.33,2.62,6.62,41,13
d_F88F_M255K_Y217Y_S1_G17,87,0.7986,0.6832,0.9801,0,5.66,0,15.08,0,13.75,0,6.69,14.52,4.67,2.04,1.91,6.3,38,14
d_F88F_M255K_Y217Y_S1_G17,88,0.7921,0.7652,0.9837,0,6.15,0,16.13,0,24.39,0,14.42,22.73,4.43,3.24,3.49,5.29,43,12
d_F88F_M255K_Y217Y_S1_G17,89,0.7914,0.7544,0.9848,0,5.51,1,4.16,1,4.07,1,3.03,6.76,2.44,1.57,4.48,6.89,38,13
d_F88F_M255K_Y217Y_S1_G17,9,0.8565,0.9331,0.9911,1,1.53,0,16.58,0,20.87,0,11.89,19.71,5.34,4.95,5.18,2.86,45,15
d_F88F_M255K_Y217Y_S1_G17,90,0.7913,0.7234,0.9839,0,6.35,1,3.77,1,4.03,1,2.84,7.14,1.77,2.07,1.43,6.92,39,12
d_F88F_M255K_Y217Y_S1_G17,91,0.7895,0.7754,0.9866,0,6.46,1,3.76,1,2.97,1,2.53,7.14,2.27,2.4,2.67,6.33,47,14
d_F88F_M255K_Y217Y_S1_G17,92,0.789,0.7745,0.9826,1,2.85,1,4.56,1,4.25,1,3.76,6.37,3.8,1.87,5.54,6.08,41,18
d_F88F_M255K_Y217Y_S1_G17,93,0.781,0.706,0.984,0,7.16,1,3.57,1,4.59,1,2.8,7.23,2.04,4.02,4.2,6.3,40,13
d_F88F_M255K_Y217Y_S1_G17,94,0.7762,0.7059,0.9832,1,1.44,0,17.88,0,20.52,0,11.96,19.95,4.8,4.34,6.83,2.58,47,19
d_F88F_M255K_Y217Y_S1_G17,95,0.7716,0.7027,0.9823,1,2.01,0,20.0,0,21.74,0,12.76,20.28,5.23,3.46,8.56,2.33,44,15
d_F88F_M255K_Y217Y_S1_G17,96,0.7715,0.5894,0.9813,1,3.84,0,11.77,0,14.67,0,4.83,10.05,4.16,3.85,5.57,4.84,37,11
d_F88F_M255K_Y217Y_S1_G17,97,0.7678,0.6404,0.9845,1,3.29,0,20.73,0,33.42,0,24.38,32.64,6.08,4.48,7.22,2.74,44,16
d_F88F_M255K_Y217Y_S1_G17,98,0.7657,0.7392,0.9815,1,2.33,0,22.53,0,20.58,0,12.44,20.05,6.56,4.37,8.62,2.07,33,10
d_F88F_M255K_Y217Y_S1_G17,99,0.7617,0.6494,0.978,1,3.05,0,15.59,0,16.02,0,8.27,16.25,3.14,3.29,3.57,2.4,46,13
d_F88K_M255K_Y217Y_S1_G17,0,0.8512,0.944,0.9923,1,3.25,0,17.0,0,28.92,0,17.59,25.83,3.67,5.75,5.62,3.62,50,16
d_F88K_M255K_Y217Y_S1_G17,1,0.8477,0.9024,0.9917,1,4.26,0,13.93,0,17.88,0,8.23,16.26,4.46,3.8,6.59,5.24,37,13
d_F88K_M255K_Y217Y_S1_G17,10,0.8348,0.8319,0.9862,0,6.17,0,11.54,0,18.84,0,8.29,16.24,5.64,4.44,7.26,6.17,35,13
d_F88K_M255K_Y217Y_S1_G17,11,0.8344,0.8668,0.9896,0,6.21,0,11.67,0,14.91,0,6.44,13.85,6.29,3.77,5.78,6.62,33,14
d_F88K_M255K_Y217Y_S1_G17,12,0.8331,0.9246,0.9921,1,3.59,0,15.67,0,16.96,0,7.77,16.24,4.13,3.78,3.44,4.45,35,16
d_F88K_M255K_Y217Y_S1_G17,13,0.8317,0.9019,0.9863,1,2.67,0,17.5,0,31.96,0,23.26,31.87,5.5,5.56,9.52,2.18,40,16
d_F88K_M255K_Y217Y_S1_G17,14,0.8314,0.9286,0.9894,0,7.01,0,8.74,0,44.48,0,37.3,42.27,3.42,3.25,4.96,7.3,37,16
d_F88K_M255K_Y217Y_S1_G17,15,0.8313,0.8982,0.9896,1,2.55,0,13.55,0,38.3,0,29.95,37.93,4.22,4.27,7.45,2.52,48,17
d_F88K_M255K_Y217Y_S1_G17,16,0.8313,0.8939,0.988,1,2.46,1,3.51,1,2.6,1,3.24,8.5,4.01,2.31,4.74,3.75,52,17
d_F88K_M255K_Y217Y_S1_G17,17,0.8303,0.8603,0.9921,1,1.93,0,15.61,0,34.11,0,23.42,31.94,5.21,7.43,11.91,1.46,41,11
d_F88K_M255K_Y217Y_S1_G17,18,0.8287,0.8553,0.9906,1,2.95,1,3.51,1,4.1,1,2.17,6.79,3.67,3.19,4.06,5.3,40,10
d_F88K_M255K_Y217Y_S1_G17,19,0.8274,0.8946,0.9901,0,6.84,0,15.45,0,15.55,0,6.18,14.41,5.68,5.52,6.62,5.91,31,15
d_F88K_M255K_Y217Y_S1_G17,2,0.8471,0.935,0.9904,0,5.36,0,14.99,0,17.2,0,6.95,15.44,5.0,5.36,8.08,6.96,41,15
d_F88K_M255K_Y217Y_S1_G17,20,0.8259,0.9144,0.9867,0,6.24,1,3.66,0,42.13,0,34.77,40.17,4.01,3.39,6.29,6.62,42,17
d_F88K_M255K_Y217Y_S1_G17,21,0.8257,0.9288,0.9874,0,7.02,0,15.13,1,2.38,0,3.28,7.48,4.41,5.04,3.25,7.83,36,13
d_F88K_M255K_Y217Y_S1_G17,22,0.8246,0.8744,0.9863,1,2.5,0,18.67,0,29.68,0,21.65,29.94,6.53,5.56,6.7,1.92,47,18
d_F88K_M255K_Y217Y_S1_G17,23,0.8242,0.9043,0.9907,1,0.75,0,16.08,0,37.98,0,30.58,39.12,4.7,4.43,6.23,2.75,56,17
d_F88K_M255K_Y217Y_S1_G17,24,0.8241,0.7979,0.9884,1,3.22,0,18.22,0,28.02,0,21.73,30.8,7.22,5.19,12.32,2.28,31,10
d_F88K_M255K_Y217Y_S1_G17,25,0.822,0.8806,0.9864,1,2.15,0,21.51,0,28.4,0,19.1,27.68,4.63,5.69,6.57,2.9,37,13
d_F88K_M255K_Y217Y_S1_G17,26,0.8208,0.8984,0.9899,1,2.42,1,0.9,1,3.01,1,3.31,7.2,3.24,3.15,3.33,3.82,49,13
d_F88K_M255K_Y217Y_S1_G17,27,0.8205,0.9173,0.9877,0,5.82,0,14.48,0,5.3,0,3.76,7.83,5.73,4.57,6.56,7.17,36,17
d_F88K_M255K_Y217Y_S1_G17,28,0.8204,0.8933,0.9899,1,4.31,0,19.27,1,3.33,0,3.23,7.58,4.06,3.17,5.83,3.61,39,15
d_F88K_M255K_Y217Y_S1_G17,29,0.8194,0.777,0.9849,1,2.1,0,21.15,0,30.67,0,21.13,29.35,5.41,6.85,12.01,2.23,29,12
d_F88K_M255K_Y217Y_S1_G17,3,0.8436,0.9331,0.9895,1,3.68,0,15.8,0,18.85,0,9.51,17.95,3.22,3.41,4.64,3.89,46,16
d_F88K_M255K_Y217Y_S1_G17,30,0.8185,0.8229,0.9888,0,6.74,1,3.8,0,5.16,0,3.52,6.65,1.7,4.01,2.68,6.03,40,13
d_F88K_M255K_Y217Y_S1_G17,31,0.8174,0.7822,0.9867,1,2.41,0,16.4,0,37.48,0,27.53,36.06,5.25,5.36,11.34,1.54,43,11
d_F88K_M255K_Y217Y_S1_G17,32,0.8172,0.8196,0.9875,0,5.68,1,4.69,1,3.79,1,3.4,7.04,3.24,2.36,3.26,4.35,37,13
d_F88K_M255K_Y217Y_S1_G17,33,0.8151,0.9221,0.9887,0,6.79,0,15.71,1,2.37,0,5.1,6.71,4.14,2.45,5.88,5.97,37,15
d_F88K_M255K_Y217Y_S1_G17,34,0.815,0.8269,0.9882,1,4.1,1,2.73,1,2.25,1,4.88,8.04,2.8,3.99,5.35,6.35,39,13
d_F88K_M255K_Y217Y_S1_G17,35,0.8136,0.8575,0.9882,1,4.19,0,17.96,1,3.63,0,4.35,6.55,2.18,2.71,4.15,6.08,42,14
d_F88K_M255K_Y217Y_S1_G17,36,0.812,0.8102,0.9887,0,7.05,0,15.37,0,16.3,0,5.52,13.58,4.67,4.44,3.21,6.4,32,10
d_F88K_M255K_Y217Y_S1_G17,37,0.8115,0.7989,0.9878,0,5.46,1,4.68,1,2.58,1,3.68,6.52,3.66,3.69,2.74,7.38,32,12
d_F88K_M255K_Y217Y_S1_G17,38,0.8114,0.8349,0.9902,1,1.8,1,3.83,1,4.1,1,4.03,4.53,3.8,2.39,4.14,3.9,41,13
d_F88K_M255K_Y217Y_S1_G17,39,0.8108,0.8792,0.9906,1,1.46,0,16.29,0,39.34,0,30.17,38.82,5.27,4.4,5.39,2.09,50,17
d_F88K_M255K_Y217Y_S1_G17,4,0.8404,0.9106,0.9851,0,6.73,0,22.07,1,2.83,0,2.94,4.71,8.1,2.92,11.15,6.19,27,12
d_F88K_M255K_Y217Y_S1_G17,40,0.81,0.7148,0.9843,0,7.59,0,11.29,0,14.14,0,6.2,12.84,4.55,4.19,5.0,6.23,40,10
d_F88K_M255K_Y217Y_S1_G17,41,0.8098,0.8694,0.985,0,5.09,0,17.92,0,18.21,0,8.41,16.43,4.1,4.66,6.84,5.26,45,18
d_F88K_M255K_Y217Y_S1_G17,42,0.8096,0.7887,0.9872,1,3.01,1,2.19,1,4.99,1,3.18,7.84,2.35,2.22,3.93,4.39,42,12
d_F88K_M255K_Y217Y_S1_G17,43,0.8091,0.812,0.989,1,2.65,1,3.52,1,3.88,1,2.72,6.75,3.29,3.0,4.88,4.82,36,14
d_F88K_M255K_Y217Y_S1_G17,44,0.8085,0.7898,0.9863,1,3.39,1,2.47,1,1.85,1,3.6,7.03,3.67,3.89,4.67,5.6,45,13
d_F88K_M255K_Y217Y_S1_G17,45,0.8077,0.7606,0.9846,1,4.43,1,3.78,1,2.78,1,2.93,6.19,1.11,3.3,4.08,4.9,39,11
d_F88K_M255K_Y217Y_S1_G17,46,0.8077,0.7753,0.985,0,6.12,1,2.33,1,2.7,1,4.29,7.69,4.58,3.54,2.69,6.61,35,13
d_F88K_M255K_Y217Y_S1_G17,47,0.8067,0.895,0.9852,0,6.68,0,13.76,1,3.47,0,3.66,4.65,6.01,2.89,5.06,7.04,37,14
d_F88K_M255K_Y217Y_S1_G17,48,0.8062,0.7925,0.9878,0,9.04,0,10.15,1,3.32,0,3.6,6.98,6.49,4.13,8.52,7.25,37,14
d_F88K_M255K_Y217Y_S1_G17,49,0.805,0.8389,0.9896,1,3.83,1,1.74,1,1.76,1,3.51,5.94,4.17,4.35,3.97,6.08,38,14
d_F88K_M255K_Y217Y_S1_G17,5,0.84,0.8601,0.9898,1,1.37,0,14.6,0,35.23,0,24.4,32.86,5.2,5.23,10.62,1.85,46,13
d_F88K_M255K_Y217Y_S1_G17,50,0.8045,0.8989,0.9891,0,8.46,0,14.46,0,41.39,0,34.03,41.24,2.34,3.89,5.44,8.4,41,15
d_F88K_M255K_Y217Y_S1_G17,51,0.8037,0.7754,0.9866,0,6.34,1,3.69,1,3.25,1,4.39,6.54,1.63,3.42,2.55,6.36,43,13
d_F88K_M255K_Y217Y_S1_G17,52,0.8036,0.796,0.9871,1,3.93,1,4.65,0,5.01,0,3.12,5.37,2.93,3.01,3.36,6.31,35,12
d_F88K_M255K_Y217Y_S1_G17,53,0.8029,0.7872,0.9875,1,4.07,1,2.85,1,3.13,1,4.54,7.59,3.57,1.44,3.94,6.31,42,13
d_F88K_M255K_Y217Y_S1_G17,54,0.8026,0.8329,0.991,1,2.96,1,4.82,1,4.52,1,0.53,6.77,4.47,3.97,4.77,4.96,45,12
d_F88K_M255K_Y217Y_S1_G17,55,0.8013,0.7619,0.9866,1,4.37,1,3.1,1,2.88,1,3.57,8.02,2.98,3.29,3.19,6.72,42,15
d_F88K_M255K_Y217Y_S1_G17,56,0.8006,0.782,0.9853,1,2.79,1,4.63,1,3.04,1,4.72,6.25,3.8,2.3,3.78,5.33,40,13
d_F88K_M255K_Y217Y_S1_G17,57,0.8004,0.7374,0.9844,0,5.61,1,2.44,1,4.14,1,2.99,6.44,2.75,3.08,3.81,6.75,37,13
d_F88K_M255K_Y217Y_S1_G17,58,0.8003,0.7956,0.9807,1,2.21,0,21.66,0,29.19,0,20.45,28.58,4.58,4.58,7.1,3.03,43,17
d_F88K_M255K_Y217Y_S1_G17,59,0.8,0.786,0.9866,1,4.56,1,3.08,1,2.76,1,2.63,6.83,2.68,2.65,3.02,6.81,41,12
d_F88K_M255K_Y217Y_S1_G17,6,0.8393,0.9194,0.9897,1,2.8,0,15.8,0,27.81,0,18.78,28.08,3.26,3.59,6.19,2.31,40,17
d_F88K_M255K_Y217Y_S1_G17,60,0.7996,0.8465,0.9859,0,8.29,0,19.91,1,2.86,0,2.61,7.45,5.43,6.36,12.43,7.78,22,12
d_F88K_M255K_Y217Y_S1_G17,61,0.7991,0.8223,0.9887,0,5.29,0,6.95,1,3.78,0,2.88,7.29,3.47,1.74,3.86,6.41,37,10
d_F88K_M255K_Y217Y_S1_G17,62,0.7985,0.8128,0.9884,1,3.01,0,17.57,0,29.01,0,19.88,28.22,3.51,4.66,8.38,2.87,41,16
d_F88K_M255K_Y217Y_S1_G17,63,0.7981,0.7831,0.9878,1,1.82,0,15.59,0,38.8,0,29.04,37.38,6.62,8.23,11.73,2.97,43,12
d_F88K_M255K_Y217Y_S1_G17,64,0.7976,0.7949,0.9877,1,3.13,1,3.2,1,3.16,1,4.12,7.88,3.68,3.05,3.99,3.97,42,13
d_F88K_M255K_Y217Y_S1_G17,65,0.7967,0.7902,0.9856,1,2.17,0,13.76,0,39.2,0,30.12,38.53,6.74,4.13,6.0,2.08,59,19
d_F88K_M255K_Y217Y_S1_G17,66,0.7953,0.7657,0.9874,0,6.02,1,3.85,1,2.43,1,2.57,5.01,3.14,2.23,4.16,6.1,36,12
d_F88K_M255K_Y217Y_S1_G17,67,0.7951,0.8664,0.9906,1,1.88,0,16.29,0,31.55,0,22.98,31.28,4.19,3.86,9.34,2.11,37,17
d_F88K_M255K_Y217Y_S1_G17,68,0.7945,0.836,0.9836,1,4.47,0,13.89,1,4.7,0,3.09,7.61,5.52,4.38,4.8,6.12,39,18
d_F88K_M255K_Y217Y_S1_G17,69,0.7944,0.7747,0.9858,1,0.97,0,15.06,0,38.46,0,27.69,37.05,2.82,4.92,5.51,0.51,54,18
d_F88K_M255K_Y217Y_S1_G17,7,0.8367,0.8413,0.9903,1,1.87,0,22.3,0,30.52,0,20.84,29.31,4.4,4.47,11.75,2.64,35,12
d_F88K_M255K_Y217Y_S1_G17,70,0.794,0.8539,0.9838,1,4.5,0,13.35,0,16.79,0,8.1,16.59,3.82,1.37,3.44,5.34,40,16
d_F88K_M255K_Y217Y_S1_G17,71,0.7938,0.8753,0.9862,0,6.48,0,13.87,0,5.2,0,2.97,5.94,4.99,3.07,5.52,5.05,37,13
d_F88K_M255K_Y217Y_S1_G17,72,0.7938,0.7352,0.9841,1,3.41,1,2.73,1,4.62,1,3.56,6.9,3.18,3.54,3.63,3.13,44,13
d_F88K_M255K_Y217Y_S1_G17,73,0.7936,0.7945,0.9862,0,5.39,0,15.16,0,16.9,0,8.38,15.88,3.73,5.26,4.75,6.02,37,14
d_F88K_M255K_Y217Y_S1_G17,74,0.7928,0.7403,0.9846,1,2.42,1,4.05,1,1.87,1,3.75,7.04,3.63,3.94,4.63,1.74,46,14
d_F88K_M255K_Y217Y_S1_G17,75,0.7921,0.8216,0.985,0,5.92,0,13.8,1,3.11,0,4.0,7.6,5.44,3.94,7.02,7.42,38,16
d_F88K_M255K_Y217Y_S1_G17,76,0.7918,0.794,0.9874,1,2.43,1,3.48,1,2.05,1,3.72,8.26,3.33,2.14,3.78,4.9,44,13
d_F88K_M255K_Y217Y_S1_G17,77,0.7914,0.8015,0.9829,1,4.52,0,13.43,0,5.92,0,2.76,6.18,5.95,3.96,4.1,6.05,39,19
d_F88K_M255K_Y217Y_S1_G17,78,0.7912,0.7519,0.989,1,2.81,1,2.89,1,3.55,1,4.02,7.29,3.17,4.98,4.0,4.03,35,13
d_F88K_M255K_Y217Y_S1_G17,79,0.7878,0.7658,0.9875,1,2.55,1,3.9,1,4.07,1,2.83,7.52,3.34,5.77,3.86,4.73,42,13
d_F88K_M255K_Y217Y_S1_G17,8,0.8363,0.8666,0.9877,1,1.65,0,21.03,0,31.17,0,21.8,30.29,4.3,6.3,11.53,2.95,32,15
d_F88K_M255K_Y217Y_S1_G17,80,0.7869,0.7407,0.9881,1,4.76,0,5.53,1,4.28,0,2.84,5.78,3.2,2.53,5.55,7.21,36,13
d_F88K_M255K_Y217Y_S1_G17,81,0.7858,0.7361,0.9865,1,3.8,1,4.75,1,2.86,1,4.03,7.77,3.54,3.02,5.16,5.88,40,13
d_F88K_M255K_Y217Y_S1_G17,82,0.7853,0.7621,0.9894,1,2.41,1,2.51,1,3.09,1,3.74,7.01,2.83,2.51,6.33,4.13,44,12
d_F88K_M255K_Y217Y_S1_G17,83,0.7811,0.7091,0.9856,1,4.84,1,4.69,1,2.99,1,4.44,7.73,3.48,2.73,3.14,6.12,36,14
d_F88K_M255K_Y217Y_S1_G17,84,0.7795,0.6955,0.9861,1,1.72,0,19.11,0,33.41,0,24.2,32.23,6.32,5.91,10.9,1.69,43,11
d_F88K_M255K_Y217Y_S1_G17,85,0.7778,0.7812,0.9886,1,1.07,0,15.75,0,37.97,0,28.29,36.47,6.27,4.45,6.24,1.78,52,17
d_F88K_M255K_Y217Y_S1_G17,86,0.7762,0.7953,0.9826,1,1.97,0,18.44,0,24.74,0,13.73,20.91,5.07,2.52,9.15,2.63,31,12
d_F88K_M255K_Y217Y_S1_G17,87,0.7676,0.7373,0.9841,0,7.3,0,15.07,1,2.0,0,2.73,5.55,3.2,3.71,4.54,6.71,35,13
d_F88K_M255K_Y217Y_S1_G17,88,0.7672,0.6567,0.984,1,2.95,1,3.35,1,2.89,1,4.17,6.37,3.4,1.74,4.99,3.12,42,13
d_F88K_M255K_Y217Y_S1_G17,89,0.7667,0.687,0.9853,1,2.38,1,3.99,1,0.7,1,4.81,6.52,3.97,2.04,3.51,4.93,39,14
d_F88K_M255K_Y217Y_S1_G17,9,0.8353,0.842,0.99,1,2.68,0,23.87,0,28.94,0,20.94,29.55,4.9,4.7,13.32,2.95,34,11
d_F88K_M255K_Y217Y_S1_G17,90,0.7663,0.7808,0.9831,0,6.33,0,6.58,0,43.08,0,35.56,41.75,4.91,5.24,3.45,5.11,41,17
d_F88K_M255K_Y217Y_S1_G17,91,0.7646,0.6737,0.986,1,3.42,1,2.75,1,3.03,1,3.95,7.96,3.45,3.8,4.92,6.29,41,12
d_F88K_M255K_Y217Y_S1_G17,92,0.7627,0.6578,0.9851,1,2.86,1,4.52,1,1.93,1,3.39,7.1,3.2,1.99,4.68,4.35,39,13
d_F88K_M255K_Y217Y_S1_G17,93,0.7621,0.6897,0.9873,1,3.83,1,4.1,1,2.98,1,3.27,6.87,4.19,3.32,4.33,5.47,39,15
d_F88K_M255K_Y217Y_S1_G17,94,0.7458,0.6715,0.9776,0,5.15,0,13.63,0,5.32,0,3.08,7.35,5.04,2.69,3.93,6.54,44,19
d_F88K_M255K_Y217Y_S1_G17,95,0.7396,0.6039,0.9808,0,7.71,0,7.19,1,2.78,0,3.56,6.84,5.77,2.3,1.92,6.64,37,18
d_F88K_M255K_Y217Y_S1_G17,96,0.7314,0.5165,0.9805,1,2.77,0,20.73,0,30.42,0,21.95,29.84,5.11,4.16,11.44,2.85,41,15
d_F88K_M255K_Y217Y_S1_G17,97,0.7282,0.5738,0.9801,0,5.77,0,16.84,0,21.24,0,13.14,20.1,6.57,3.67,8.05,5.46,38,15
d_F88K_M255K_Y217Y_S1_G17,98,0.7255,0.6196,0.9827,1,2.54,0,19.09,0,41.31,0,31.39,39.53,5.06,3.89,8.56,1.1,44,13
d_F88K_M255K_Y217Y_S1_G17,99,0.6902,0.4477,0.9763,1,1.32,0,15.26,0,37.1,0,25.87,33.98,5.83,5.14,5.99,2.47,50,18
d_F88R_M255A_Y217Y_S1_G17,0,0.8538,0.8982,0.991,1,2.82,0,12.01,0,25.8,0,21.01,29.57,2.84,1.97,8.08,2.76,33,13
d_F88R_M255A_Y217Y_S1_G17,1,0.8524,0.9428,0.9928,1,3.24,0,21.9,0,31.35,0,21.08,30.46,5.88,6.02,7.06,2.67,41,17
d_F88R_M255A_Y217Y_S1_G17,10,0.8388,0.9349,0.9898,0,5.28,0,6.29,0,43.17,0,37.0,41.89,4.38,1.95,2.2,5.85,37,16
d_F88R_M255A_Y217Y_S1_G17,11,0.8365,0.8529,0.99,1,2.15,0,23.41,0,31.31,0,23.24,32.17,5.28,4.1,11.77,2.57,39,12
d_F88R_M255A_Y217Y_S1_G17,12,0.8363,0.8543,0.9908,1,3.02,0,23.07,0,31.23,0,21.59,30.39,5.97,6.77,12.27,2.6,29,10
d_F88R_M255A_Y217Y_S1_G17,13,0.8362,0.9106,0.9892,1,4.87,0,11.57,0,15.13,0,8.09,16.62,4.76,3.84,6.85,5.24,41,14
d_F88R_M255A_Y217Y_S1_G17,14,0.8361,0.8735,0.9889,1,2.58,0,19.84,0,31.14,0,22.56,31.0,4.66,2.95,11.77,2.54,37,13
d_F88R_M255A_Y217Y_S1_G17,15,0.8337,0.9208,0.9892,0,6.56,1,2.15,0,44.42,0,37.7,42.6,5.44,5.93,5.07,3.64,39,18
d_F88R_M255A_Y217Y_S1_G17,16,0.8336,0.9199,0.9904,1,1.98,0,14.36,0,39.85,0,30.56,39.7,6.35,4.1,6.12,1.83,51,19
d_F88R_M255A_Y217Y_S1_G17,17,0.8321,0.8521,0.9911,1,4.82,1,1.4,1,3.3,1,3.97,7.4,4.21,4.79,3.6,6.15,32,14
d_F88R_M255A_Y217Y_S1_G17,18,0.8296,0.9157,0.9908,0,5.39,0,18.44,0,14.82,0,8.49,17.12,4.25,5.04,6.25,5.97,39,14
d_F88R_M255A_Y217Y_S1_G17,19,0.8295,0.8792,0.9915,0,6.89,0,6.34,0,44.27,0,36.8,42.34,2.96,5.41,4.85,7.27,34,16
d_F88R_M255A_Y217Y_S1_G17,2,0.8445,0.8872,0.9892,1,3.16,0,11.37,0,25.24,0,18.9,27.77,5.04,3.7,8.16,2.52,37,14
d_F88R_M255A_Y217Y_S1_G17,20,0.8288,0.9045,0.9905,1,3.1,0,16.9,0,28.92,0,22.92,31.8,4.06,4.47,4.31,2.29,36,14
d_F88R_M255A_Y217Y_S1_G17,21,0.828,0.8593,0.9906,0,7.32,0,5.85,1,4.13,0,3.4,6.14,3.43,2.76,3.1,6.61,41,14
d_F88R_M255A_Y217Y_S1_G17,22,0.8279,0.8447,0.9914,0,7.05,1,3.16,1,1.15,1,2.6,3.21,2.84,1.09,4.37,7.03,39,14
d_F88R_M255A_Y217Y_S1_G17,23,0.827,0.8215,0.9898,1,3.28,1,4.27,1,4.58,1,4.12,6.98,3.89,2.39,4.03,3.71,44,14
d_F88R_M255A_Y217Y_S1_G17,24,0.8265,0.8278,0.9887,1,2.18,0,10.66,0,18.92,0,8.63,17.68,4.61,4.49,4.5,3.37,32,11
d_F88R_M255A_Y217Y_S1_G17,25,0.8262,0.9306,0.991,0,6.72,0,14.76,1,2.94,0,3.3,8.07,4.6,4.23,8.28,6.24,26,8
d_F88R_M255A_Y217Y_S1_G17,26,0.825,0.9158,0.9892,1,3.33,0,13.93,1,2.29,0,4.05,7.36,5.57,4.05,6.08,3.96,38,14
d_F88R_M255A_Y217Y_S1_G17,27,0.8248,0.8468,0.9905,1,2.33,1,4.62,1,2.97,1,3.23,7.21,4.42,2.77,4.85,2.49,40,14
d_F88R_M255A_Y217Y_S1_G17,28,0.8238,0.9255,0.9929,1,1.49,0,13.59,0,38.36,0,31.68,41.21,4.62,5.82,7.74,2.58,52,16
d_F88R_M255A_Y217Y_S1_G17,29,0.8237,0.8829,0.9929,0,6.18,1,4.81,0,43.28,0,36.74,42.68,2.9,4.18,2.74,7.05,40,11
d_F88R_M255A_Y217Y_S1_G17,3,0.8438,0.8745,0.992,1,3.08,0,25.48,0,29.16,0,19.46,28.48,5.96,4.76,13.0,2.92,35,10
d_F88R_M255A_Y217Y_S1_G17,30,0.8233,0.8176,0.99,1,3.4,1,4.29,1,4.84,1,3.26,4.88,3.91,3.49,4.87,2.73,41,11
d_F88R_M255A_Y217Y_S1_G17,31,0.823,0.834,0.9899,1,4.13,1,3.44,1,2.89,1,3.16,4.86,4.29,2.76,2.52,4.26,40,12
d_F88R_M255A_Y217Y_S1_G17,32,0.823,0.8427,0.9896,0,6.39,1,3.86,1,3.98,1,3.2,6.24,3.46,4.88,3.81,6.24,40,12
d_F88R_M255A_Y217Y_S1_G17,33,0.8225,0.8777,0.9879,1,1.8,0,14.98,0,42.75,0,33.25,42.17,5.36,5.48,7.12,2.01,53,16
d_F88R_M255A_Y217Y_S1_G17,34,0.8222,0.8219,0.9892,0,7.12,0,5.16,1,3.48,0,3.7,8.64,4.85,3.77,4.0,6.25,41,14
d_F88R_M255A_Y217Y_S1_G17,35,0.8215,0.8335,0.9898,1,4.12,1,4.85,1,2.5,1,3.22,3.49,3.74,3.11,5.06,4.79,41,12
d_F88R_M255A_Y217Y_S1_G17,36,0.8205,0.8224,0.9891,0,6.12,0,13.06,0,13.55,0,6.88,15.17,4.77,4.32,2.79,6.48,23,9
d_F88R_M255A_Y217Y_S1_G17,37,0.8204,0.8546,0.9929,1,2.8,1,4.01,1,3.19,1,2.01,7.7,4.15,3.23,6.09,3.31,38,12
d_F88R_M255A_Y217Y_S1_G17,38,0.8201,0.9134,0.989,0,7.21,0,19.69,1,2.59,0,2.36,7.41,3.01,6.73,12.57,5.1,27,11
d_F88R_M255A_Y217Y_S1_G17,39,0.8199,0.8202,0.9896,1,3.18,1,3.8,1,2.41,1,2.48,5.83,3.67,3.07,3.13,4.4,40,12
d_F88R_M255A_Y217Y_S1_G17,4,0.8433,0.8681,0.9921,1,2.33,0,18.37,0,28.81,0,22.86,31.78,4.22,1.71,10.8,2.47,33,11
d_F88R_M255A_Y217Y_S1_G17,40,0.8198,0.7895,0.9894,1,2.98,0,20.68,0,29.2,0,23.4,32.13,6.17,7.27,13.2,2.3,33,11
d_F88R_M255A_Y217Y_S1_G17,41,0.8197,0.8571,0.9915,0,7.12,1,4.72,1,3.57,1,4.63,6.6,2.58,4.77,6.19,6.39,38,14
d_F88R_M255A_Y217Y_S1_G17,42,0.8197,0.903,0.9868,1,4.7,0,20.75,1,2.96,0,0.5,5.97,5.24,5.05,9.46,6.65,32,10
d_F88R_M255A_Y217Y_S1_G17,43,0.8196,0.8421,0.9892,1,4.38,1,2.45,1,3.69,1,3.35,7.97,3.72,1.34,4.66,5.79,43,13
d_F88R_M255A_Y217Y_S1_G17,44,0.8194,0.8547,0.9912,0,5.29,1,2.94,1,2.49,1,3.9,7.22,4.23,2.1,4.2,5.85,36,12
d_F88R_M255A_Y217Y_S1_G17,45,0.8192,0.8993,0.9887,1,3.56,1,1.93,0,42.67,0,36.34,41.43,5.4,3.45,5.61,4.93,35,15
d_F88R_M255A_Y217Y_S1_G17,46,0.8191,0.8473,0.9914,1,2.77,1,3.79,1,3.54,1,2.78,6.93,4.2,1.59,5.29,4.19,35,12
d_F88R_M255A_Y217Y_S1_G17,47,0.8189,0.9514,0.9921,0,5.63,0,19.33,1,0.39,0,2.62,6.49,5.35,4.84,12.31,5.41,35,11
d_F88R_M255A_Y217Y_S1_G17,48,0.8184,0.7934,0.9874,0,6.31,1,3.5,1,3.74,1,2.61,6.33,5.04,3.97,3.82,6.5,37,12
d_F88R_M255A_Y217Y_S1_G17,49,0.8166,0.7988,0.9886,1,3.82,0,6.22,1,2.18,0,2.53,7.17,3.95,3.96,4.3,3.48,38,13
d_F88R_M255A_Y217Y_S1_G17,5,0.8426,0.8553,0.9918,0,5.59,1,3.77,0,41.04,0,34.52,40.31,3.75,3.58,2.28,5.57,40,13
d_F88R_M255A_Y217Y_S1_G17,50,0.8161,0.8261,0.9894,1,3.3,1,3.57,1,3.69,1,3.76,7.1,3.37,3.49,3.97,2.35,49,15
d_F88R_M255A_Y217Y_S1_G17,51,0.8156,0.7772,0.9853,0,6.44,0,10.85,0,23.07,0,15.55,23.4,5.09,4.03,6.51,6.62,33,13
d_F88R_M255A_Y217Y_S1_G17,52,0.8151,0.8991,0.9911,1,1.52,0,16.56,0,24.57,0,15.13,23.68,5.31,4.44,5.39,2.22,48,18
d_F88R_M255A_Y217Y_S1_G17,53,0.8144,0.852,0.9894,1,1.58,0,18.49,0,31.08,0,23.82,32.41,6.14,5.49,11.53,2.05,42,14
d_F88R_M255A_Y217Y_S1_G17,54,0.8144,0.801,0.9881,0,6.86,0,5.93,1,2.8,0,3.39,7.42,2.63,2.1,4.22,6.69,39,12
d_F88R_M255A_Y217Y_S1_G17,55,0.8137,0.8229,0.9868,0,6.89,1,3.8,1,3.14,1,5.08,7.49,3.57,5.35,4.03,6.55,38,13
d_F88R_M255A_Y217Y_S1_G17,56,0.8136,0.7891,0.9868,1,4.13,1,2.04,1,2.61,1,2.6,6.74,3.22,2.54,3.45,6.66,36,13
d_F88R_M255A_Y217Y_S1_G17,57,0.8133,0.8179,0.989,1,3.95,1,2.3,1,2.78,1,1.71,5.05,3.58,2.74,4.64,5.75,38,12
d_F88R_M255A_Y217Y_S1_G17,58,0.8128,0.8285,0.9892,1,3.99,1,4.64,1,4.17,1,2.99,7.97,3.69,3.1,4.33,5.92,41,13
d_F88R_M255A_Y217Y_S1_G17,59,0.8112,0.9214,0.99,1,4.18,0,10.8,1,2.89,0,5.19,6.87,4.67,2.93,2.45,3.12,45,17
d_F88R_M255A_Y217Y_S1_G17,6,0.842,0.8799,0.993,1,2.94,0,22.1,0,27.3,0,20.75,29.37,5.2,5.89,12.86,2.51,30,9
d_F88R_M255A_Y217Y_S1_G17,60,0.8105,0.8377,0.9909,0,5.49,1,3.83,0,42.12,0,35.38,41.1,3.72,5.11,2.36,4.97,45,14
d_F88R_M255A_Y217Y_S1_G17,61,0.8089,0.8361,0.9906,0,7.23,1,4.4,1,3.17,1,3.65,6.43,3.33,8.15,4.25,6.55,38,13
d_F88R_M255A_Y217Y_S1_G17,62,0.8085,0.9276,0.9917,0,10.53,0,18.83,0,39.43,0,34.01,39.47,6.05,3.42,6.86,13.19,23,13
d_F88R_M255A_Y217Y_S1_G17,63,0.8077,0.804,0.9882,0,6.45,1,3.18,1,3.88,1,2.61,7.13,3.64,1.61,3.17,7.81,47,15
d_F88R_M255A_Y217Y_S1_G17,64,0.8075,0.7947,0.9895,0,5.14,1,2.39,0,42.04,0,36.43,41.98,3.34,4.19,4.33,6.14,44,13
d_F88R_M255A_Y217Y_S1_G17,65,0.8074,0.8602,0.9881,1,2.25,0,13.86,0,39.83,0,30.71,39.32,5.69,4.99,5.28,2.66,55,19
d_F88R_M255A_Y217Y_S1_G17,66,0.8066,0.8088,0.9894,1,3.56,1,2.75,1,3.04,1,4.46,6.65,4.05,3.68,4.93,4.97,43,14
d_F88R_M255A_Y217Y_S1_G17,67,0.806,0.7744,0.9866,1,4.91,0,5.21,1,2.9,0,3.12,7.23,3.67,1.62,3.74,5.93,36,11
d_F88R_M255A_Y217Y_S1_G17,68,0.8058,0.7836,0.9862,1,4.99,1,4.14,1,2.47,1,2.8,5.85,2.16,1.19,3.97,6.77,44,14
d_F88R_M255A_Y217Y_S1_G17,69,0.8054,0.8051,0.9911,1,4.64,1,4.05,1,3.54,1,1.85,4.13,4.2,2.75,4.3,5.92,37,15
d_F88R_M255A_Y217Y_S1_G17,7,0.8403,0.8555,0.9894,1,3.02,0,18.15,0,28.25,0,21.64,30.11,5.86,4.82,11.32,2.39,39,11
d_F88R_M255A_Y217Y_S1_G17,70,0.8051,0.776,0.9898,0,6.27,1,2.27,1,2.36,1,3.13,7.21,2.94,3.14,3.99,8.03,32,11
d_F88R_M255A_Y217Y_S1_G17,71,0.8047,0.7814,0.9857,1,4.28,0,5.79,1,3.01,0,4.76,7.14,4.31,2.64,4.76,5.4,42,13
d_F88R_M255A_Y217Y_S1_G17,72,0.8026,0.8401,0.9901,1,4.24,1,3.56,1,3.31,1,1.44,7.11,3.49,1.66,4.75,5.94,44,13
d_F88R_M255A_Y217Y_S1_G17,73,0.8014,0.7162,0.9862,0,6.29,0,11.92,0,24.07,0,13.74,21.38,4.73,3.09,5.89,6.9,38,11
d_F88R_M255A_Y217Y_S1_G17,74,0.8014,0.8855,0.9835,0,7.61,1,3.17,1,3.69,1,3.25,7.39,4.01,2.3,4.99,8.2,41,16
d_F88R_M255A_Y217Y_S1_G17,75,0.8013,0.8773,0.9903,1,0.86,0,14.45,0,39.87,0,30.85,39.81,6.39,4.72,7.52,0.22,51,17
d_F88R_M255A_Y217Y_S1_G17,76,0.798,0.7537,0.9852,0,7.27,1,4.4,1,3.37,1,2.88,8.1,3.25,2.77,3.34,7.09,43,13
d_F88R_M255A_Y217Y_S1_G17,77,0.7968,0.8415,0.9859,1,1.74,0,13.41,0,38.12,0,29.45,38.57,5.92,5.09,7.11,0.47,53,18
d_F88R_M255A_Y217Y_S1_G17,78,0.7949,0.7558,0.987,1,1.85,0,17.31,0,34.56,0,27.97,37.07,4.96,6.42,10.17,1.92,45,12
d_F88R_M255A_Y217Y_S1_G17,79,0.7944,0.7695,0.9872,1,2.76,1,4.99,1,2.95,1,4.34,6.96,4.39,3.68,4.57,5.58,44,15
d_F88R_M255A_Y217Y_S1_G17,8,0.8401,0.858,0.991,1,2.27,0,17.42,0,32.76,0,23.88,32.58,5.48,3.03,11.0,2.41,38,12
d_F88R_M255A_Y217Y_S1_G17,80,0.7934,0.7715,0.9887,1,2.03,0,15.44,0,41.64,0,32.42,41.24,5.19,4.64,8.05,0.93,46,12
d_F88R_M255A_Y217Y_S1_G17,81,0.7909,0.7187,0.9837,1,4.02,1,3.97,1,3.58,1,3.3,6.23,4.08,5.15,3.93,5.6,41,14
d_F88R_M255A_Y217Y_S1_G17,82,0.7901,0.737,0.9868,1,4.83,0,6.57,1,2.18,0,2.41,5.24,4.43,2.42,4.59,7.05,39,11
d_F88R_M255A_Y217Y_S1_G17,83,0.7899,0.7388,0.9866,1,3.16,1,3.91,1,1.61,1,2.25,4.39,3.23,4.93,4.38,3.83,41,12
d_F88R_M255A_Y217Y_S1_G17,84,0.7864,0.7341,0.9867,1,3.29,1,4.46,1,3.76,1,3.7,5.44,4.37,5.12,3.22,4.11,40,13
d_F88R_M255A_Y217Y_S1_G17,85,0.7851,0.7061,0.986,1,3.85,1,4.18,1,3.65,1,3.91,8.15,4.31,2.52,3.38,5.41,40,14
d_F88R_M255A_Y217Y_S1_G17,86,0.7835,0.6751,0.9848,1,2.65,1,2.27,1,3.04,1,4.39,8.0,3.81,2.08,6.74,4.12,34,13
d_F88R_M255A_Y217Y_S1_G17,87,0.7834,0.7482,0.9871,1,3.08,1,3.69,0,23.72,0,16.8,25.75,3.18,3.51,4.14,5.13,33,11
d_F88R_M255A_Y217Y_S1_G17,88,0.7814,0.7231,0.9858,0,7.29,1,4.16,1,2.31,1,1.49,6.36,3.0,3.2,4.06,7.14,39,11
d_F88R_M255A_Y217Y_S1_G17,89,0.7791,0.8282,0.988,1,2.36,0,14.4,0,33.17,0,25.79,34.48,4.42,3.56,5.14,1.02,45,17
d_F88R_M255A_Y217Y_S1_G17,9,0.8394,0.8328,0.9909,0,6.43,1,3.06,0,41.07,0,34.51,40.37,4.32,4.58,2.05,6.05,42,11
d_F88R_M255A_Y217Y_S1_G17,90,0.7771,0.6581,0.9837,0,5.61,0,5.16,1,3.01,0,2.0,7.81,4.23,2.42,5.51,5.3,31,12
d_F88R_M255A_Y217Y_S1_G17,91,0.7756,0.6651,0.9833,1,3.39,1,4.25,1,2.6,1,1.67,6.66,3.59,2.48,3.92,3.92,43,12
d_F88R_M255A_Y217Y_S1_G17,92,0.7735,0.6757,0.9857,1,1.64,1,4.48,1,3.8,1,4.32,7.17,4.07,2.25,4.45,3.06,42,11
d_F88R_M255A_Y217Y_S1_G17,93,0.7731,0.6818,0.9866,0,6.7,1,3.89,1,3.57,1,3.99,6.86,3.43,3.63,4.1,6.32,39,12
d_F88R_M255A_Y217Y_S1_G17,94,0.7644,0.639,0.9849,0,6.2,1,4.75,1,2.87,1,4.72,8.19,3.04,2.67,4.27,6.65,36,12
d_F88R_M255A_Y217Y_S1_G17,95,0.7636,0.6342,0.9847,1,2.53,1,3.27,1,3.2,1,1.76,5.65,3.87,3.69,3.79,3.05,42,14
d_F88R_M255A_Y217Y_S1_G17,96,0.7463,0.6553,0.9826,0,6.99,1,2.41,0,42.51,0,35.72,41.01,5.52,6.11,5.28,6.3,34,15
d_F88R_M255A_Y217Y_S1_G17,97,0.7379,0.6409,0.9798,0,6.33,1,2.41,0,43.6,0,36.95,42.03,4.3,4.67,5.5,4.71,40,16
d_F88R_M255A_Y217Y_S1_G17,98,0.7372,0.6599,0.9842,0,6.58,1,4.44,0,42.22,0,35.99,41.79,4.42,3.27,3.99,5.61,35,17
d_F88R_M255A_Y217Y_S1_G17,99,0.7347,0.5974,0.9842,1,2.34,0,17.65,0,31.59,0,22.7,31.53,3.9,4.85,9.61,2.63,37,14
d_F88W_M255A_Y217Y_S1_G17,0,0.8647,0.9398,0.9918,1,2.44,0,11.6,0,33.02,0,25.24,32.84,3.99,3.83,3.7,2.77,38,12
d_F88W_M255A_Y217Y_S1_G17,1,0.853,0.8919,0.9891,1,2.16,0,24.77,0,27.37,0,22.28,30.8,5.72,5.03,6.28,2.73,44,18
d_F88W_M255A_Y217Y_S1_G17,10,0.8377,0.9142,0.9897,1,1.97,0,16.63,0,27.73,0,21.78,30.71,3.37,5.66,5.54,2.99,36,13
d_F88W_M255A_Y217Y_S1_G17,11,0.8375,0.8919,0.9877,0,6.55,0,18.05,0,15.4,0,5.79,14.49,4.56,2.77,2.94,6.59,41,15
d_F88W_M255A_Y217Y_S1_G17,12,0.8347,0.8695,0.9919,0,5.46,0,15.75,0,14.88,0,8.25,16.29,4.66,2.25,3.09,6.24,20,9
d_F88W_M255A_Y217Y_S1_G17,13,0.8342,0.8829,0.9886,0,6.69,0,19.43,0,14.85,0,8.87,16.36,4.77,3.0,5.08,6.57,39,13
d_F88W_M255A_Y217Y_S1_G17,14,0.833,0.8593,0.991,1,4.75,0,14.06,0,17.47,0,8.52,16.63,2.32,2.75,3.01,6.06,26,11
d_F88W_M255A_Y217Y_S1_G17,15,0.8329,0.8532,0.9906,0,7.09,1,4.04,1,3.92,1,3.47,7.79,3.49,3.27,3.4,6.49,43,10
d_F88W_M255A_Y217Y_S1_G17,16,0.8322,0.8948,0.9891,0,6.4,0,17.04,0,16.32,0,7.03,15.62,2.54,3.96,5.21,6.89,35,16
d_F88W_M255A_Y217Y_S1_G17,17,0.8313,0.8371,0.9914,1,2.21,0,21.95,0,27.0,0,20.47,29.13,4.89,5.91,11.57,2.6,33,10
d_F88W_M255A_Y217Y_S1_G17,18,0.8311,0.9359,0.9896,1,3.16,0,14.12,1,1.73,0,3.57,6.85,5.05,4.88,5.72,3.18,43,18
d_F88W_M255A_Y217Y_S1_G17,19,0.8297,0.8033,0.9877,0,6.46,0,12.2,0,17.6,0,6.4,15.6,5.72,3.05,2.86,6.56,39,15
d_F88W_M255A_Y217Y_S1_G17,2,0.846,0.8737,0.9891,0,6.45,0,12.71,0,13.28,0,6.47,14.34,2.08,6.42,3.64,5.89,41,14
d_F88W_M255A_Y217Y_S1_G17,20,0.8289,0.843,0.9903,1,4.29,1,2.61,1,2.71,1,3.39,2.27,2.73,3.94,3.43,5.29,42,12
d_F88W_M255A_Y217Y_S1_G17,21,0.8286,0.8332,0.9872,1,2.94,0,17.3,0,18.28,0,11.14,20.25,4.25,5.18,6.61,3.43,38,14
d_F88W_M255A_Y217Y_S1_G17,22,0.8284,0.9015,0.9905,0,5.37,0,15.78,0,13.86,0,6.27,14.54,4.48,1.72,3.86,5.05,42,14
d_F88W_M255A_Y217Y_S1_G17,23,0.8276,0.9016,0.9899,0,6.29,0,18.86,0,15.83,0,7.36,16.34,4.49,3.3,3.87,6.65,43,16
d_F88W_M255A_Y217Y_S1_G17,24,0.8275,0.9137,0.9905,1,2.41,0,14.02,0,36.31,0,29.97,38.19,3.02,4.44,5.47,1.82,55,17
d_F88W_M255A_Y217Y_S1_G17,25,0.8272,0.9142,0.9901,0,6.01,0,15.61,0,14.12,0,7.77,16.42,5.26,1.96,6.24,5.72,37,16
d_F88W_M255A_Y217Y_S1_G17,26,0.8267,0.8644,0.9877,0,6.68,0,15.49,0,14.31,0,6.05,14.95,3.33,4.53,4.42,6.81,45,11
d_F88W_M255A_Y217Y_S1_G17,27,0.8266,0.8749,0.9887,0,5.72,0,17.12,0,15.65,0,8.55,17.8,2.97,3.66,2.43,5.46,44,13
d_F88W_M255A_Y217Y_S1_G17,28,0.8262,0.867,0.9905,0,5.83,0,11.09,0,17.3,0,8.86,17.41,4.46,4.07,1.8,6.47,26,9
d_F88W_M255A_Y217Y_S1_G17,29,0.8262,0.9404,0.9902,1,3.93,0,14.42,1,2.47,0,3.63,6.18,4.31,2.97,4.12,4.28,49,17
d_F88W_M255A_Y217Y_S1_G17,3,0.8405,0.9088,0.9909,1,4.88,0,20.99,0,22.93,0,16.21,23.76,3.6,2.98,4.06,3.46,36,13
d_F88W_M255A_Y217Y_S1_G17,30,0.8255,0.9015,0.99,1,2.31,0,18.63,0,31.77,0,23.59,32.04,2.82,7.18,6.05,2.29,46,16
d_F88W_M255A_Y217Y_S1_G17,31,0.8244,0.8885,0.9899,0,5.17,0,16.35,0,13.51,0,6.1,15.25,4.13,4.52,5.67,6.32,44,15
d_F88W_M255A_Y217Y_S1_G17,32,0.8238,0.8068,0.9893,1,1.96,0,20.83,0,32.46,0,24.79,32.65,5.38,8.41,13.31,2.53,34,11
d_F88W_M255A_Y217Y_S1_G17,33,0.8232,0.8086,0.9881,0,5.13,0,15.36,0,16.08,0,9.82,18.21,3.24,3.65,5.36,4.16,22,9
d_F88W_M255A_Y217Y_S1_G17,34,0.823,0.8639,0.9881,0,5.38,0,15.55,0,14.22,0,7.54,15.78,4.85,5.67,6.63,4.34,34,12
d_F88W_M255A_Y217Y_S1_G17,35,0.8226,0.8539,0.9864,1,1.94,0,16.5,0,23.18,0,14.21,22.34,5.64,3.67,5.83,2.23,37,14
d_F88W_M255A_Y217Y_S1_G17,36,0.8224,0.7967,0.988,0,6.73,0,12.78,0,11.39,0,4.14,12.9,3.13,4.41,4.97,5.75,37,14
d_F88W_M255A_Y217Y_S1_G17,37,0.8223,0.815,0.9876,0,6.11,0,9.8,0,17.27,0,10.2,17.84,3.42,3.07,4.73,5.42,36,10
d_F88W_M255A_Y217Y_S1_G17,38,0.8217,0.8916,0.9904,1,4.06,0,19.74,0,22.57,0,13.96,21.94,3.86,3.9,4.68,3.98,43,14
d_F88W_M255A_Y217Y_S1_G17,39,0.8212,0.8917,0.9882,1,3.71,0,18.63,0,24.59,0,14.77,23.51,4.18,4.54,5.75,4.72,36,15
d_F88W_M255A_Y217Y_S1_G17,4,0.8403,0.8967,0.9888,1,2.52,0,16.99,0,30.11,0,21.76,31.27,4.4,4.9,4.79,2.72,46,19
d_F88W_M255A_Y217Y_S1_G17,40,0.821,0.7982,0.9881,1,3.42,0,12.61,0,22.85,0,16.11,23.08,4.0,3.34,3.43,4.02,41,13
d_F88W_M255A_Y217Y_S1_G17,41,0.8201,0.8118,0.9875,0,7.0,1,3.75,1,2.59,1,3.85,7.03,3.09,3.66,2.94,6.92,41,14
d_F88W_M255A_Y217Y_S1_G17,42,0.8173,0.835,0.988,1,4.57,0,22.77,0,23.09,0,15.07,22.48,3.13,2.85,5.87,4.21,33,13
d_F88W_M255A_Y217Y_S1_G17,43,0.8172,0.8445,0.9884,1,2.57,0,16.73,0,32.13,0,23.93,32.6,5.55,3.21,5.17,2.21,42,16
d_F88W_M255A_Y217Y_S1_G17,44,0.8166,0.9128,0.9926,1,0.5,0,14.64,0,37.59,0,30.39,39.52,4.09,4.85,6.16,1.98,62,18
d_F88W_M255A_Y217Y_S1_G17,45,0.8163,0.8326,0.988,0,5.79,0,16.75,0,9.5,0,3.57,12.35,2.61,4.89,6.48,7.31,43,14
d_F88W_M255A_Y217Y_S1_G17,46,0.8162,0.8164,0.9868,0,6.11,0,11.86,0,10.58,0,3.73,12.43,1.92,4.55,4.29,6.64,41,16
d_F88W_M255A_Y217Y_S1_G17,47,0.8161,0.7893,0.9871,1,4.38,0,11.98,0,17.1,0,8.1,16.76,5.71,3.55,2.93,2.8,30,10
d_F88W_M255A_Y217Y_S1_G17,48,0.8153,0.9089,0.9872,0,6.73,0,14.87,1,2.68,0,4.15,7.45,5.35,2.4,5.64,6.06,34,17
d_F88W_M255A_Y217Y_S1_G17,49,0.8151,0.8635,0.9874,0,6.03,0,17.33,0,14.38,0,6.67,15.09,1.93,4.64,4.65,7.06,42,15
d_F88W_M255A_Y217Y_S1_G17,5,0.8402,0.8357,0.9906,0,5.28,0,9.21,0,16.84,0,7.16,15.32,3.3,3.49,4.58,7.05,36,14
d_F88W_M255A_Y217Y_S1_G17,50,0.8148,0.829,0.9855,0,5.96,0,19.78,0,15.5,0,9.4,17.23,3.48,2.84,5.1,6.36,43,14
d_F88W_M255A_Y217Y_S1_G17,51,0.8145,0.8837,0.9866,0,6.27,0,14.85,0,15.26,0,6.8,15.38,3.15,1.76,3.68,6.12,40,12
d_F88W_M255A_Y217Y_S1_G17,52,0.8131,0.8176,0.9879,0,5.07,0,16.97,1,0.59,0,3.98,6.78,4.29,2.32,5.56,5.37,36,12
d_F88W_M255A_Y217Y_S1_G17,53,0.813,0.8706,0.9932,1,1.3,0,14.73,0,27.72,0,22.63,30.88,4.9,2.53,5.39,3.82,45,14
d_F88W_M255A_Y217Y_S1_G17,54,0.813,0.8086,0.9874,0,6.86,1,3.75,1,3.5,1,2.96,6.41,3.13,3.23,3.45,6.32,40,11
d_F88W_M255A_Y217Y_S1_G17,55,0.8126,0.8253,0.9911,1,2.42,0,8.12,0,8.76,0,4.06,12.61,4.38,5.17,8.38,1.89,39,10
d_F88W_M255A_Y217Y_S1_G17,56,0.8125,0.897,0.9906,0,5.43,0,15.06,1,3.03,0,3.24,7.79,2.4,4.33,6.85,4.87,44,16
d_F88W_M255A_Y217Y_S1_G17,57,0.8122,0.7809,0.9859,0,5.09,0,18.57,0,17.86,0,9.4,18.16,4.76,5.05,5.34,5.32,28,12
d_F88W_M255A_Y217Y_S1_G17,58,0.8115,0.7985,0.9852,0,5.17,0,14.75,0,13.75,0,6.41,14.93,3.69,5.62,3.73,5.9,30,8
d_F88W_M255A_Y217Y_S1_G17,59,0.8113,0.8769,0.9907,1,2.09,0,15.34,0,38.29,0,31.42,40.22,3.34,4.45,6.9,1.94,50,16
d_F88W_M255A_Y217Y_S1_G17,6,0.8395,0.9338,0.9923,0,6.53,0,16.19,1,3.38,0,3.84,8.1,5.37,4.48,6.22,5.4,46,14
d_F88W_M255A_Y217Y_S1_G17,60,0.8096,0.889,0.9865,1,3.33,0,14.85,0,5.4,0,5.3,8.02,4.25,5.47,7.04,4.23,39,15
d_F88W_M255A_Y217Y_S1_G17,61,0.809,0.8196,0.9889,0,6.22,0,10.68,0,13.64,0,5.54,14.41,4.08,3.96,2.81,6.47,35,9
d_F88W_M255A_Y217Y_S1_G17,62,0.8074,0.7836,0.9877,0,6.56,0,16.34,0,14.61,0,7.21,15.82,4.15,2.22,4.57,6.88,30,9
d_F88W_M255A_Y217Y_S1_G17,63,0.8054,0.8839,0.9884,1,4.1,0,19.39,0,20.82,0,12.76,21.27,3.82,3.93,3.12,5.67,23,11
d_F88W_M255A_Y217Y_S1_G17,64,0.8053,0.8206,0.9892,1,2.61,1,2.3,1,3.43,1,3.89,6.68,3.51,4.03,3.93,4.37,47,13
d_F88W_M255A_Y217Y_S1_G17,65,0.8045,0.8011,0.9878,0,5.78,0,15.23,0,9.5,0,2.86,11.81,3.57,3.1,5.68,6.02,44,13
d_F88W_M255A_Y217Y_S1_G17,66,0.8035,0.763,0.9859,0,6.55,0,20.64,0,14.55,0,6.64,14.97,3.63,3.56,4.06,6.56,36,11
d_F88W_M255A_Y217Y_S1_G17,67,0.8028,0.7969,0.9875,0,5.86,1,1.91,1,3.9,1,3.89,6.33,4.22,4.11,3.0,6.25,35,11
d_F88W_M255A_Y217Y_S1_G17,68,0.802,0.798,0.9855,0,5.15,0,20.45,0,23.21,0,15.97,23.28,4.16,4.4,5.12,5.6,32,13
d_F88W_M255A_Y217Y_S1_G17,69,0.8019,0.8524,0.9857,0,5.8,0,14.49,1,2.52,0,3.83,7.08,2.56,3.2,4.5,4.99,45,19
d_F88W_M255A_Y217Y_S1_G17,7,0.8385,0.9277,0.9901,1,4.46,0,15.0,1,2.24,0,3.99,6.91,3.26,4.46,6.49,4.31,45,17
d_F88W_M255A_Y217Y_S1_G17,70,0.8018,0.8313,0.989,1,4.93,0,15.8,0,14.54,0,8.55,16.54,3.17,5.27,5.64,5.63,32,13
d_F88W_M255A_Y217Y_S1_G17,71,0.8013,0.8699,0.9873,0,6.88,0,12.02,0,18.68,0,14.82,21.86,2.95,4.86,3.32,5.5,32,15
d_F88W_M255A_Y217Y_S1_G17,72,0.8011,0.8686,0.9897,1,2.21,0,16.38,0,32.95,0,24.19,32.53,7.04,5.4,6.71,3.39,54,17
d_F88W_M255A_Y217Y_S1_G17,73,0.7998,0.7686,0.9852,0,6.49,0,9.3,0,9.8,0,3.76,12.85,3.78,3.32,3.37,7.22,36,13
d_F88W_M255A_Y217Y_S1_G17,74,0.7994,0.8617,0.9858,1,3.6,0,14.73,1,3.62,0,3.74,6.48,4.14,5.73,8.8,3.23,44,16
d_F88W_M255A_Y217Y_S1_G17,75,0.7986,0.8796,0.9873,1,4.41,0,14.3,1,2.65,0,3.58,6.49,4.15,4.2,6.34,5.53,36,13
d_F88W_M255A_Y217Y_S1_G17,76,0.7976,0.7225,0.9817,0,5.54,0,11.03,0,22.9,0,13.25,21.26,3.26,3.24,2.56,4.64,33,15
d_F88W_M255A_Y217Y_S1_G17,77,0.795,0.7366,0.9849,0,7.39,1,4.63,1,2.62,1,2.61,7.34,2.16,4.49,3.03,6.47,39,13
d_F88W_M255A_Y217Y_S1_G17,78,0.7943,0.7827,0.9857,1,4.82,0,19.08,0,23.74,0,13.61,22.06,5.16,4.34,5.62,5.13,40,16
d_F88W_M255A_Y217Y_S1_G17,79,0.7924,0.8585,0.9871,0,6.94,0,12.72,1,3.34,0,3.87,5.89,2.74,1.25,2.63,6.34,36,12
d_F88W_M255A_Y217Y_S1_G17,8,0.8379,0.9186,0.9909,1,3.92,0,17.92,0,16.54,0,7.82,16.42,5.56,4.46,6.15,3.53,43,16
d_F88W_M255A_Y217Y_S1_G17,80,0.7923,0.7572,0.9859,0,6.32,0,14.5,0,17.02,0,7.8,15.72,5.13,2.0,2.08,7.12,27,10
d_F88W_M255A_Y217Y_S1_G17,81,0.7896,0.8152,0.9867,0,5.63,0,17.77,0,21.62,0,14.24,22.2,5.2,3.96,5.08,5.65,22,11
d_F88W_M255A_Y217Y_S1_G17,82,0.787,0.7455,0.9877,1,2.37,0,16.1,0,32.92,0,23.46,32.36,6.0,3.0,7.14,3.26,43,16
d_F88W_M255A_Y217Y_S1_G17,83,0.7838,0.7531,0.9839,0,6.44,0,19.35,0,16.48,0,9.1,17.66,4.11,2.6,6.43,6.54,36,13
d_F88W_M255A_Y217Y_S1_G17,84,0.7837,0.7205,0.9846,0,6.83,1,3.44,1,3.89,1,2.4,6.98,2.49,4.27,3.3,6.75,40,11
d_F88W_M255A_Y217Y_S1_G17,85,0.7821,0.7507,0.9871,1,4.65,0,22.02,0,20.3,0,14.15,22.18,5.86,4.0,3.72,5.62,29,12
d_F88W_M255A_Y217Y_S1_G17,86,0.7788,0.763,0.989,1,2.06,0,15.62,0,40.99,0,32.11,40.81,2.16,4.21,7.21,1.05,54,17
d_F88W_M255A_Y217Y_S1_G17,87,0.7782,0.7426,0.9804,1,3.05,0,16.92,0,28.45,0,23.3,31.2,3.36,3.41,5.4,1.69,42,16
d_F88W_M255A_Y217Y_S1_G17,88,0.7744,0.6846,0.983,1,4.89,0,16.78,0,9.55,0,8.35,16.47,6.24,4.07,4.18,4.02,26,10
d_F88W_M255A_Y217Y_S1_G17,89,0.7636,0.6501,0.9828,0,5.67,1,2.12,1,4.3,1,2.75,6.82,3.29,3.5,3.33,6.51,39,11
d_F88W_M255A_Y217Y_S1_G17,9,0.8379,0.9125,0.9886,1,4.72,0,15.55,0,15.95,0,8.89,17.35,3.72,2.68,4.59,4.89,46,21
d_F88W_M255A_Y217Y_S1_G17,90,0.76,0.6814,0.9801,1,3.21,0,11.02,0,33.49,0,25.92,33.47,5.53,2.29,2.46,2.95,45,19
d_F88W_M255A_Y217Y_S1_G17,91,0.7589,0.6412,0.9823,0,5.07,0,14.39,0,20.07,0,13.84,22.25,6.07,2.52,3.51,3.41,30,10
d_F88W_M255A_Y217Y_S1_G17,92,0.7577,0.6557,0.98,0,6.47,0,17.62,0,15.6,0,7.96,16.65,5.0,4.34,3.93,6.12,38,14
d_F88W_M255A_Y217Y_S1_G17,93,0.7532,0.5959,0.9785,1,4.96,0,18.73,0,19.05,0,12.68,20.39,6.2,3.78,5.59,5.16,19,9
d_F88W_M255A_Y217Y_S1_G17,94,0.7443,0.6299,0.9809,0,6.77,0,17.44,0,16.03,0,9.56,17.56,3.61,4.67,6.22,5.64,42,15
d_F88W_M255A_Y217Y_S1_G17,95,0.742,0.5648,0.9785,0,6.18,0,14.63,0,9.73,0,7.2,16.17,2.83,4.49,2.85,6.54,31,8
d_F88W_M255A_Y217Y_S1_G17,96,0.7351,0.5948,0.9853,1,1.69,0,22.98,0,21.6,0,14.24,21.8,4.43,5.26,4.49,1.89,34,12
d_F88W_M255A_Y217Y_S1_G17,97,0.733,0.5197,0.9796,0,6.55,0,17.72,0,14.4,0,7.88,16.98,4.69,4.68,6.03,6.76,40,16
d_F88W_M255A_Y217Y_S1_G17,98,0.7318,0.4735,0.9797,1,3.92,0,11.14,0,24.09,0,14.46,22.4,4.02,3.7,3.48,4.53,40,14
d_F88W_M255A_Y217Y_S1_G17,99,0.7318,0.4687,0.9813,1,4.1,0,16.37,0,22.4,0,14.87,22.38,4.41,3.79,4.79,4.92,33,12
d_F88Y_M255A_Y217Y_S1_G17,0,0.8607,0.9182,0.9917,1,4.5,0,11.88,0,14.4,0,7.53,15.62,3.37,2.11,4.48,5.97,45,17
d_F88Y_M255A_Y217Y_S1_G17,1,0.8587,0.8969,0.9904,0,5.12,0,13.87,0,16.36,0,7.13,15.77,5.37,2.02,5.88,5.66,36,13
d_F88Y_M255A_Y217Y_S1_G17,10,0.8483,0.8819,0.9918,1,4.27,0,12.19,0,16.22,0,7.54,16.08,3.08,2.31,3.83,4.88,39,12
d_F88Y_M255A_Y217Y_S1_G17,11,0.8482,0.9527,0.9932,0,8.03,0,13.84,0,8.18,0,3.59,12.54,7.26,2.44,8.65,7.24,46,19
d_F88Y_M255A_Y217Y_S1_G17,12,0.8481,0.9336,0.9919,1,4.47,0,15.05,0,16.34,0,6.74,15.82,4.89,2.84,4.06,6.07,38,19
d_F88Y_M255A_Y217Y_S1_G17,13,0.8463,0.9269,0.9914,0,5.28,0,16.52,0,14.43,0,6.99,14.91,3.78,2.13,3.39,6.28,48,15
d_F88Y_M255A_Y217Y_S1_G17,14,0.8452,0.8551,0.9884,0,5.25,0,12.08,0,16.04,0,8.18,16.62,6.23,2.12,6.51,5.32,41,14
d_F88Y_M255A_Y217Y_S1_G17,15,0.8442,0.8822,0.9901,1,1.25,0,19.72,0,32.96,0,24.6,33.33,5.2,4.1,11.66,2.26,40,11
d_F88Y_M255A_Y217Y_S1_G17,16,0.8439,0.8515,0.9904,0,5.43,0,12.31,0,14.39,0,7.02,15.51,6.15,2.93,4.99,5.32,40,13
d_F88Y_M255A_Y217Y_S1_G17,17,0.8421,0.9131,0.9895,1,4.6,0,19.38,0,18.02,0,7.96,16.21,6.31,5.04,5.9,3.23,43,15
d_F88Y_M255A_Y217Y_S1_G17,18,0.8397,0.8912,0.9884,0,5.54,0,15.56,0,14.55,0,6.62,14.9,5.59,3.77,4.09,5.4,39,18
d_F88Y_M255A_Y217Y_S1_G17,19,0.8393,0.862,0.9912,1,2.06,0,13.28,0,34.73,0,25.12,33.84,5.68,3.4,12.53,1.89,41,12
d_F88Y_M255A_Y217Y_S1_G17,2,0.8578,0.9122,0.9924,1,4.47,0,12.04,0,15.58,0,7.08,16.24,3.8,3.4,3.03,3.32,40,13
d_F88Y_M255A_Y217Y_S1_G17,20,0.8384,0.8251,0.9887,1,4.15,0,11.34,0,14.4,0,7.15,15.19,4.09,3.13,4.14,5.0,39,12
d_F88Y_M255A_Y217Y_S1_G17,21,0.8371,0.9039,0.99,0,5.33,0,13.73,0,7.91,0,4.65,13.25,5.9,3.24,5.6,6.3,43,15
d_F88Y_M255A_Y217Y_S1_G17,22,0.8361,0.8265,0.988,0,5.6,0,14.76,0,13.84,0,6.46,14.92,6.77,2.76,3.8,6.24,44,15
d_F88Y_M255A_Y217Y_S1_G17,23,0.8356,0.9341,0.9928,1,4.17,0,16.32,0,16.19,0,9.03,17.01,2.74,4.28,6.45,4.52,42,14
d_F88Y_M255A_Y217Y_S1_G17,24,0.8356,0.858,0.9898,1,3.02,0,20.31,0,29.84,0,20.04,29.19,5.8,7.19,13.41,2.89,33,14
d_F88Y_M255A_Y217Y_S1_G17,25,0.8346,0.8035,0.9868,1,3.19,0,11.99,0,13.73,0,7.44,15.82,4.64,2.64,7.22,5.22,36,16
d_F88Y_M255A_Y217Y_S1_G17,26,0.8331,0.9035,0.9909,1,4.89,0,18.95,0,16.03,0,7.39,16.46,4.05,4.96,5.13,4.39,46,14
d_F88Y_M255A_Y217Y_S1_G17,27,0.833,0.8642,0.9906,0,5.72,1,2.31,0,42.09,0,35.28,41.06,3.76,3.3,4.09,6.19,34,13
d_F88Y_M255A_Y217Y_S1_G17,28,0.8329,0.8546,0.9904,0,5.3,0,12.43,0,20.79,0,12.85,21.48,6.4,2.1,3.41,5.5,38,12
d_F88Y_M255A_Y217Y_S1_G17,29,0.8326,0.828,0.9896,1,4.23,0,12.52,0,12.6,0,6.36,15.08,3.9,2.68,4.4,5.37,42,14
d_F88Y_M255A_Y217Y_S1_G17,3,0.8553,0.887,0.9886,0,6.4,0,12.36,0,12.51,0,6.35,15.07,5.9,1.53,6.18,5.9,36,17
d_F88Y_M255A_Y217Y_S1_G17,30,0.8312,0.8579,0.9914,1,3.24,0,12.77,0,14.48,0,7.51,15.23,5.89,3.68,2.34,3.75,27,10
d_F88Y_M255A_Y217Y_S1_G17,31,0.8306,0.8349,0.9912,0,6.87,0,12.77,0,11.83,0,3.3,12.21,3.6,3.47,3.02,6.81,40,12
d_F88Y_M255A_Y217Y_S1_G17,32,0.83,0.8331,0.9892,1,4.4,0,13.66,0,15.66,0,7.88,15.93,2.65,2.23,2.99,5.73,40,14
d_F88Y_M255A_Y217Y_S1_G17,33,0.8296,0.8661,0.9914,0,6.78,1,3.89,1,3.44,1,3.7,7.41,3.12,4.21,3.76,6.03,38,12
d_F88Y_M255A_Y217Y_S1_G17,34,0.8294,0.8403,0.9902,0,6.45,0,9.68,0,9.86,0,3.36,11.82,4.99,5.53,2.12,6.34,36,9
d_F88Y_M255A_Y217Y_S1_G17,35,0.8289,0.8401,0.9884,1,4.07,0,15.07,0,16.51,0,6.17,14.88,4.37,4.53,6.06,5.49,39,13
d_F88Y_M255A_Y217Y_S1_G17,36,0.8283,0.8655,0.9913,0,6.32,1,2.97,1,3.56,1,3.72,7.39,3.38,3.03,3.47,5.79,41,14
d_F88Y_M255A_Y217Y_S1_G17,37,0.8282,0.8591,0.9873,1,4.07,0,14.78,0,15.9,0,7.39,15.38,3.65,4.64,4.21,5.72,41,15
d_F88Y_M255A_Y217Y_S1_G17,38,0.8272,0.9112,0.9924,1,3.06,0,16.45,0,27.64,0,21.2,29.81,2.84,4.96,6.63,2.53,37,13
d_F88Y_M255A_Y217Y_S1_G17,39,0.8271,0.936,0.9913,0,5.12,0,14.74,0,12.17,0,6.58,14.69,1.91,4.3,5.64,4.65,43,17
d_F88Y_M255A_Y217Y_S1_G17,4,0.8515,0.8627,0.9918,0,5.18,0,11.09,0,17.83,0,8.08,16.73,3.12,4.05,3.89,5.95,39,12
d_F88Y_M255A_Y217Y_S1_G17,40,0.8266,0.794,0.9851,1,3.95,0,11.43,0,16.71,0,8.63,16.8,3.63,3.31,5.77,5.53,40,14
d_F88Y_M255A_Y217Y_S1_G17,41,0.826,0.8621,0.9918,1,3.58,1,2.68,1,3.73,1,4.37,7.74,3.58,3.79,5.59,4.91,36,13
d_F88Y_M255A_Y217Y_S1_G17,42,0.8258,0.8694,0.9925,0,6.89,1,2.81,1,2.49,1,2.43,7.18,2.47,4.36,3.49,6.74,39,11
d_F88Y_M255A_Y217Y_S1_G17,43,0.8256,0.9196,0.9912,1,2.34,0,12.4,0,15.12,0,4.49,12.97,3.6,2.17,5.54,5.42,45,18
d_F88Y_M255A_Y217Y_S1_G17,44,0.8256,0.9285,0.9915,1,4.31,0,17.92,0,13.08,0,6.94,16.25,4.83,5.04,6.55,4.94,37,14
d_F88Y_M255A_Y217Y_S1_G17,45,0.8252,0.8549,0.9899,1,3.61,0,10.89,0,9.15,0,4.97,13.51,5.33,4.46,3.22,4.93,32,12
d_F88Y_M255A_Y217Y_S1_G17,46,0.8252,0.807,0.988,1,4.06,1,3.32,1,2.36,1,3.04,7.38,3.17,1.6,2.79,5.33,46,13
d_F88Y_M255A_Y217Y_S1_G17,47,0.8252,0.8091,0.9894,1,4.32,0,10.45,0,8.7,0,3.74,12.11,3.93,3.74,2.22,4.59,40,10
d_F88Y_M255A_Y217Y_S1_G17,48,0.8249,0.8484,0.9896,0,6.94,1,2.76,1,3.36,1,2.6,6.85,4.13,3.67,2.83,6.88,45,13
d_F88Y_M255A_Y217Y_S1_G17,49,0.8248,0.8179,0.9886,1,2.01,0,19.15,0,32.36,0,25.06,33.12,5.3,4.14,10.7,2.75,41,10
d_F88Y_M255A_Y217Y_S1_G17,5,0.8504,0.8813,0.9871,1,4.72,0,11.93,0,20.5,0,13.52,22.05,4.08,3.43,3.33,5.87,36,14
d_F88Y_M255A_Y217Y_S1_G17,50,0.8245,0.8849,0.9928,1,1.61,0,17.23,0,34.75,0,25.15,34.04,5.96,3.73,10.06,2.74,44,12
d_F88Y_M255A_Y217Y_S1_G17,51,0.8237,0.8484,0.9909,0,7.15,1,3.55,1,3.27,1,3.33,7.33,1.88,4.64,2.94,6.49,44,12
d_F88Y_M255A_Y217Y_S1_G17,52,0.8234,0.8316,0.9906,0,6.06,0,11.74,0,10.77,0,4.49,13.27,4.22,2.84,4.32,6.54,35,9
d_F88Y_M255A_Y217Y_S1_G17,53,0.8225,0.8496,0.9893,0,5.79,0,10.21,0,12.61,0,4.69,12.92,3.71,6.02,2.16,7.03,32,11
d_F88Y_M255A_Y217Y_S1_G17,54,0.8217,0.8569,0.9886,0,6.68,0,16.27,0,9.6,0,3.5,11.78,5.0,4.11,4.22,6.34,42,19
d_F88Y_M255A_Y217Y_S1_G17,55,0.8205,0.841,0.9898,0,6.04,1,4.55,1,0.93,1,3.79,7.08,2.67,2.29,1.89,6.54,42,13
d_F88Y_M255A_Y217Y_S1_G17,56,0.8201,0.8025,0.9886,1,3.16,1,3.25,1,3.72,1,2.76,6.38,3.85,2.63,5.35,5.28,42,12
d_F88Y_M255A_Y217Y_S1_G17,57,0.8197,0.8608,0.9899,0,5.46,0,17.93,0,14.23,0,7.51,15.72,2.3,4.36,5.0,5.85,35,12
d_F88Y_M255A_Y217Y_S1_G17,58,0.8194,0.9041,0.99,0,6.13,0,12.06,0,13.27,0,5.67,14.47,3.87,3.53,3.6,7.04,46,15
d_F88Y_M255A_Y217Y_S1_G17,59,0.8191,0.8561,0.9916,1,2.9,1,2.99,0,5.47,0,3.48,7.24,3.25,0.76,5.09,5.55,41,15
d_F88Y_M255A_Y217Y_S1_G17,6,0.8498,0.8691,0.9896,1,3.62,0,12.55,0,22.34,0,13.0,21.66,4.92,2.85,6.05,4.68,39,13
d_F88Y_M255A_Y217Y_S1_G17,60,0.8188,0.8127,0.9895,1,4.04,1,3.53,1,2.84,1,3.86,7.54,2.43,4.45,6.13,5.41,39,15
d_F88Y_M255A_Y217Y_S1_G17,61,0.8185,0.8039,0.9892,0,7.25,1,3.1,1,2.88,1,4.38,7.42,4.19,0.98,3.41,6.57,43,15
d_F88Y_M255A_Y217Y_S1_G17,62,0.8177,0.8499,0.9864,1,3.9,0,16.11,0,14.24,0,6.78,15.38,4.74,4.25,5.24,3.1,48,14
d_F88Y_M255A_Y217Y_S1_G17,63,0.817,0.8441,0.9879,1,4.66,0,14.87,0,12.23,0,4.17,13.09,2.99,6.73,8.42,4.77,43,15
d_F88Y_M255A_Y217Y_S1_G17,64,0.8155,0.7673,0.987,0,5.1,1,2.85,1,2.47,1,3.43,7.63,3.21,3.26,3.69,5.01,40,15
d_F88Y_M255A_Y217Y_S1_G17,65,0.8155,0.7856,0.9894,0,6.58,0,8.43,0,8.33,0,3.02,11.63,3.7,3.18,1.36,5.75,34,10
d_F88Y_M255A_Y217Y_S1_G17,66,0.8149,0.8172,0.9882,1,3.13,1,3.49,1,2.53,1,3.6,7.65,2.96,3.68,6.22,5.68,35,11
d_F88Y_M255A_Y217Y_S1_G17,67,0.8143,0.8286,0.9881,0,5.08,0,16.3,0,15.58,0,7.11,15.09,4.95,5.35,6.47,5.56,42,14
d_F88Y_M255A_Y217Y_S1_G17,68,0.8124,0.7816,0.9885,1,2.41,1,3.74,1,2.27,1,3.21,7.59,3.92,2.43,4.18,4.57,40,14
d_F88Y_M255A_Y217Y_S1_G17,69,0.8123,0.7707,0.9865,0,6.73,1,3.53,1,3.34,1,1.19,7.46,2.68,2.94,2.78,6.44,38,12
d_F88Y_M255A_Y217Y_S1_G17,7,0.8495,0.8349,0.9905,0,5.67,0,12.65,0,16.22,0,8.09,16.71,4.63,2.26,5.71,6.47,44,12
d_F88Y_M255A_Y217Y_S1_G17,70,0.8106,0.9062,0.9887,1,2.78,0,13.75,1,2.67,0,3.17,7.08,6.27,1.73,3.38,2.37,50,18
d_F88Y_M255A_Y217Y_S1_G17,71,0.8104,0.7822,0.9854,0,6.38,1,3.11,1,3.0,1,3.05,7.27,3.33,6.8,3.12,6.08,41,13
d_F88Y_M255A_Y217Y_S1_G17,72,0.8101,0.7515,0.986,0,6.7,0,15.59,0,10.58,0,3.68,11.85,8.44,5.74,4.63,3.71,32,11
d_F88Y_M255A_Y217Y_S1_G17,73,0.8094,0.832,0.9911,1,3.63,1,2.73,1,2.6,1,2.95,7.38,2.95,2.42,5.03,6.09,41,12
d_F88Y_M255A_Y217Y_S1_G17,74,0.8091,0.776,0.9866,1,2.41,1,2.46,1,4.52,1,4.06,6.81,3.22,4.2,4.85,4.94,46,12
d_F88Y_M255A_Y217Y_S1_G17,75,0.8086,0.8113,0.989,0,7.37,1,2.69,1,2.33,1,3.62,6.86,3.36,1.56,3.4,6.83,36,12
d_F88Y_M255A_Y217Y_S1_G17,76,0.8079,0.7087,0.984,1,4.94,0,13.85,0,16.53,0,9.47,17.92,3.21,3.2,4.87,6.27,46,11
d_F88Y_M255A_Y217Y_S1_G17,77,0.8075,0.7378,0.9857,1,4.7,0,11.21,0,12.82,0,6.68,14.6,5.06,5.73,4.33,5.55,40,11
d_F88Y_M255A_Y217Y_S1_G17,78,0.8058,0.8758,0.9883,1,4.7,0,16.75,0,15.38,0,7.87,15.93,5.26,4.12,5.53,4.33,43,13
d_F88Y_M255A_Y217Y_S1_G17,79,0.805,0.7228,0.9855,1,3.73,0,12.01,0,15.83,0,6.79,14.86,4.23,3.61,4.45,5.87,45,15
d_F88Y_M255A_Y217Y_S1_G17,8,0.8486,0.8217,0.9868,0,6.51,0,10.8,0,14.12,0,6.19,14.55,5.73,3.99,5.34,5.48,44,14
d_F88Y_M255A_Y217Y_S1_G17,80,0.805,0.8194,0.9902,1,1.86,0,19.54,0,31.64,0,23.47,31.82,5.6,5.11,11.94,2.59,39,14
d_F88Y_M255A_Y217Y_S1_G17,81,0.8031,0.7975,0.9884,1,2.55,0,14.08,0,36.68,0,27.32,36.36,4.41,6.79,9.79,1.07,48,12
d_F88Y_M255A_Y217Y_S1_G17,82,0.803,0.7654,0.9862,1,1.75,1,3.55,1,3.25,1,3.88,7.69,3.65,1.42,4.21,3.62,43,14
d_F88Y_M255A_Y217Y_S1_G17,83,0.8022,0.753,0.9849,1,3.41,1,2.28,1,4.4,1,4.58,7.45,3.58,3.57,6.44,5.07,40,13
d_F88Y_M255A_Y217Y_S1_G17,84,0.8014,0.8767,0.9919,1,4.58,0,9.46,1,3.44,0,4.06,6.5,5.22,2.31,3.02,4.38,50,17
d_F88Y_M255A_Y217Y_S1_G17,85,0.8004,0.7966,0.9848,0,7.11,0,17.32,0,8.68,0,2.23,10.89,8.05,3.31,4.14,4.54,38,13
d_F88Y_M255A_Y217Y_S1_G17,86,0.8001,0.7496,0.9868,0,5.77,0,10.85,0,11.1,0,6.53,15.3,4.45,3.43,4.51,5.66,23,8
d_F88Y_M255A_Y217Y_S1_G17,87,0.7989,0.8307,0.9864,1,1.69,0,15.75,0,39.37,0,29.76,39.09,4.63,5.11,6.96,0.87,55,17
d_F88Y_M255A_Y217Y_S1_G17,88,0.7961,0.7682,0.9868,1,2.23,1,2.51,1,3.88,1,3.0,7.6,3.25,3.58,4.86,4.72,39,12
d_F88Y_M255A_Y217Y_S1_G17,89,0.7942,0.7626,0.9874,1,1.75,1,2.93,1,2.66,1,2.78,6.75,3.18,2.45,4.38,4.59,38,11
d_F88Y_M255A_Y217Y_S1_G17,9,0.8484,0.8702,0.9871,1,4.68,0,11.98,0,15.93,0,7.33,15.15,4.8,4.01,5.32,5.16,45,15
d_F88Y_M255A_Y217Y_S1_G17,90,0.7932,0.7356,0.9862,0,6.64,1,3.24,1,2.55,1,4.48,7.4,4.29,3.65,3.58,6.42,41,16
d_F88Y_M255A_Y217Y_S1_G17,91,0.7905,0.8578,0.9878,1,1.37,0,10.21,0,37.79,0,30.85,39.72,5.59,3.61,4.97,3.37,61,19
d_F88Y_M255A_Y217Y_S1_G17,92,0.7866,0.7563,0.9877,1,2.73,1,2.98,1,3.4,1,2.61,7.45,3.44,1.59,5.02,4.86,39,13
d_F88Y_M255A_Y217Y_S1_G17,93,0.7848,0.8153,0.9862,0,7.37,0,14.63,1,1.66,0,5.74,9.5,6.08,1.94,6.95,5.75,48,17
d_F88Y_M255A_Y217Y_S1_G17,94,0.7667,0.6097,0.9855,0,5.04,0,8.84,0,7.64,0,4.55,9.21,3.75,3.64,1.17,4.85,39,10
d_F88Y_M255A_Y217Y_S1_G17,95,0.7626,0.6681,0.9848,0,5.84,1,2.43,1,2.76,1,4.44,8.22,2.87,3.85,2.12,6.76,42,13
d_F88Y_M255A_Y217Y_S1_G17,96,0.7514,0.6307,0.9832,0,7.02,1,3.29,1,3.25,1,4.15,8.08,2.81,1.77,3.79,6.46,45,13
d_F88Y_M255A_Y217Y_S1_G17,97,0.7425,0.5934,0.9805,0,6.02,1,2.43,1,1.09,1,1.23,6.71,0.36,6.56,4.6,5.45,50,14
d_F88Y_M255A_Y217Y_S1_G17,98,0.7398,0.6412,0.9838,1,2.45,0,15.25,0,35.96,0,28.41,37.44,6.38,4.45,5.05,2.86,52,16
d_F88Y_M255A_Y217Y_S1_G17,99,0.7048,0.4866,0.982,1,2.88,0,14.61,0,36.68,0,26.73,35.91,6.51,5.71,9.1,1.68,59,17
sm_TrackF_F88R_S1_G17,0,0.838,0.8534,0.9913,1,3.2,1,1.71,0,41.61,0,32.97,39.22,2.75,5.5,6.84,3.61,46,13
sm_TrackF_F88R_S1_G17,1,0.8285,0.8241,0.989,1,3.63,1,3.93,1,3.32,1,2.97,3.17,1.88,2.11,3.26,5.19,44,14
sm_TrackF_F88R_S1_G17,10,0.8197,0.8169,0.9893,1,3.57,1,4.65,1,2.44,1,3.06,4.85,1.45,2.57,5.16,4.56,42,12
sm_TrackF_F88R_S1_G17,11,0.8196,0.842,0.9912,1,2.91,1,2.5,1,2.39,1,3.34,7.0,3.07,3.91,6.14,4.17,40,15
sm_TrackF_F88R_S1_G17,12,0.8195,0.8936,0.9941,1,1.8,1,3.68,0,40.18,0,30.3,37.89,1.98,0.98,4.61,1.56,44,15
sm_TrackF_F88R_S1_G17,13,0.8187,0.8186,0.988,1,3.41,1,4.9,1,0.93,1,1.66,2.85,1.93,4.7,4.81,4.74,49,12
sm_TrackF_F88R_S1_G17,14,0.8184,0.8051,0.9885,1,2.56,1,2.46,1,3.41,1,2.15,5.13,1.36,3.81,4.32,3.08,39,13
sm_TrackF_F88R_S1_G17,15,0.8183,0.8124,0.9876,0,5.38,1,1.52,0,39.13,0,32.27,38.32,1.82,4.27,3.39,6.18,38,13
sm_TrackF_F88R_S1_G17,16,0.8181,0.789,0.9905,1,3.11,1,3.48,0,36.73,0,29.32,37.13,2.19,2.06,4.19,2.27,47,13
sm_TrackF_F88R_S1_G17,17,0.8178,0.8171,0.9884,1,3.05,1,4.21,1,2.49,1,4.39,4.52,2.39,3.96,4.26,5.34,47,14
sm_TrackF_F88R_S1_G17,18,0.8173,0.7988,0.9875,1,3.14,1,4.69,1,2.2,1,3.24,2.5,2.22,4.05,3.91,4.89,39,13
sm_TrackF_F88R_S1_G17,19,0.8168,0.8693,0.9894,0,5.5,0,8.3,0,32.82,0,34.75,34.26,0.98,6.21,6.19,6.84,23,10
sm_TrackF_F88R_S1_G17,2,0.8277,0.8532,0.9914,1,2.89,1,3.59,1,3.02,1,2.57,3.68,2.58,4.6,5.33,4.42,42,13
sm_TrackF_F88R_S1_G17,20,0.8167,0.8372,0.9907,1,2.85,1,4.07,1,1.58,1,3.5,3.38,2.58,2.05,4.83,4.16,47,13
sm_TrackF_F88R_S1_G17,21,0.8165,0.9154,0.9861,0,7.17,0,13.78,0,23.86,0,14.72,20.89,1.44,2.57,2.73,7.12,39,12
sm_TrackF_F88R_S1_G17,22,0.8165,0.8026,0.9879,1,4.49,1,4.44,1,1.83,1,4.98,5.19,2.71,3.79,2.64,6.13,40,11
sm_TrackF_F88R_S1_G17,23,0.8162,0.8,0.9872,1,1.98,1,3.64,1,3.25,1,4.01,2.07,1.13,2.71,4.24,4.52,52,14
sm_TrackF_F88R_S1_G17,24,0.8159,0.8122,0.9877,1,1.34,0,15.7,0,36.97,0,28.51,36.56,0.41,5.5,10.53,2.27,45,12
sm_TrackF_F88R_S1_G17,25,0.8152,0.8145,0.9867,1,4.12,1,4.89,1,1.79,1,1.54,4.19,2.21,3.66,3.72,5.35,47,13
sm_TrackF_F88R_S1_G17,26,0.815,0.8072,0.9881,1,3.86,1,3.16,1,2.6,1,3.97,1.38,2.26,2.59,5.55,4.75,44,15
sm_TrackF_F88R_S1_G17,27,0.8149,0.7981,0.9888,1,3.15,1,2.8,1,2.51,1,1.22,2.92,2.08,4.84,5.68,4.34,34,13
sm_TrackF_F88R_S1_G17,28,0.8146,0.7816,0.9865,1,2.66,1,3.67,1,1.85,1,2.98,2.95,2.0,2.1,4.54,4.41,44,13
sm_TrackF_F88R_S1_G17,29,0.8142,0.8274,0.9884,1,4.19,1,4.95,1,0.97,1,4.96,5.1,3.01,3.76,4.18,5.27,44,14
sm_TrackF_F88R_S1_G17,3,0.8272,0.8336,0.99,1,2.72,1,3.69,1,1.96,1,2.86,1.17,2.83,2.99,6.09,4.58,39,13
sm_TrackF_F88R_S1_G17,30,0.8132,0.7859,0.986,1,1.58,0,16.23,0,26.79,0,21.64,26.99,0.84,2.45,4.28,2.66,32,11
sm_TrackF_F88R_S1_G17,31,0.8126,0.7813,0.9879,1,2.36,1,4.37,1,2.26,1,3.2,3.83,1.75,1.93,5.38,3.23,38,11
sm_TrackF_F88R_S1_G17,32,0.8123,0.813,0.9877,1,4.36,0,14.72,0,18.74,0,8.66,15.37,3.4,2.68,4.79,4.2,39,13
sm_TrackF_F88R_S1_G17,33,0.8121,0.7753,0.9861,1,2.6,1,2.49,1,1.71,1,6.0,7.27,2.82,4.08,4.44,2.49,48,14
sm_TrackF_F88R_S1_G17,34,0.812,0.8499,0.9866,0,5.27,0,16.73,0,20.74,0,10.83,17.62,0.24,2.96,4.37,4.36,40,14
sm_TrackF_F88R_S1_G17,35,0.8115,0.8168,0.9893,1,3.82,1,3.89,1,4.72,1,1.78,2.9,2.4,2.72,4.41,3.49,46,14
sm_TrackF_F88R_S1_G17,36,0.8113,0.8165,0.9856,0,6.18,0,22.15,1,2.24,0,4.97,5.91,3.44,2.85,6.39,6.02,35,12
sm_TrackF_F88R_S1_G17,37,0.8108,0.8488,0.9886,1,1.78,1,3.53,1,2.34,1,3.67,3.29,2.51,2.3,4.14,4.25,49,15
sm_TrackF_F88R_S1_G17,38,0.8107,0.9137,0.9891,1,4.18,0,14.34,0,17.61,0,7.34,13.77,2.08,3.42,1.73,2.92,41,15
sm_TrackF_F88R_S1_G17,39,0.8104,0.7993,0.9849,1,1.6,0,13.79,0,30.1,0,21.62,27.12,1.26,2.36,4.07,0.64,32,10
sm_TrackF_F88R_S1_G17,4,0.8265,0.81,0.9878,1,0.92,0,16.3,0,31.91,0,22.1,28.24,2.83,4.54,4.17,2.15,35,11
sm_TrackF_F88R_S1_G17,40,0.8097,0.7609,0.9862,1,3.48,1,2.9,1,3.46,1,5.45,6.57,1.95,3.1,3.23,3.11,40,14
sm_TrackF_F88R_S1_G17,41,0.8093,0.7575,0.9865,1,3.22,1,3.0,1,3.01,1,3.19,2.04,1.82,2.6,4.51,4.09,43,15
sm_TrackF_F88R_S1_G17,42,0.8089,0.8396,0.9869,0,5.72,0,14.07,0,19.81,0,10.55,16.3,1.75,3.1,5.48,5.76,36,14
sm_TrackF_F88R_S1_G17,43,0.8085,0.8765,0.9847,0,6.46,0,13.21,1,2.3,0,2.37,2.85,2.89,4.2,4.94,5.97,41,19
sm_TrackF_F88R_S1_G17,44,0.808,0.7967,0.9882,1,4.7,1,4.36,1,2.68,1,4.15,3.13,2.49,2.56,5.83,5.4,46,15
sm_TrackF_F88R_S1_G17,45,0.8077,0.7947,0.9886,1,2.18,1,2.5,1,2.7,1,3.09,2.9,2.17,3.11,5.0,5.08,40,13
sm_TrackF_F88R_S1_G17,46,0.8074,0.7862,0.9862,1,3.83,1,3.66,1,1.5,1,3.45,1.61,1.22,1.66,2.58,5.12,41,13
sm_TrackF_F88R_S1_G17,47,0.8066,0.7797,0.9892,1,2.99,0,11.58,0,41.55,0,34.87,39.67,1.24,1.57,6.25,2.72,32,11
sm_TrackF_F88R_S1_G17,48,0.8064,0.7782,0.9863,1,3.13,1,3.44,1,1.79,1,3.57,6.27,2.08,1.81,4.28,4.72,44,12
sm_TrackF_F88R_S1_G17,49,0.8064,0.7801,0.9854,1,2.55,1,2.84,1,2.54,1,4.09,7.03,2.78,3.17,3.83,3.55,46,12
sm_TrackF_F88R_S1_G17,5,0.8255,0.8728,0.9921,1,4.28,1,2.83,1,3.11,1,1.81,4.32,2.55,4.69,4.09,5.97,45,12
sm_TrackF_F88R_S1_G17,50,0.8064,0.7653,0.9867,1,2.37,1,4.48,1,3.19,1,2.41,5.79,1.91,3.2,4.67,5.23,45,13
sm_TrackF_F88R_S1_G17,51,0.8061,0.7765,0.9875,1,2.56,1,2.9,1,2.76,1,2.14,3.29,2.23,3.14,4.81,3.85,41,12
sm_TrackF_F88R_S1_G17,52,0.8059,0.9117,0.9902,0,5.26,0,5.34,0,42.37,0,35.5,39.63,1.81,2.47,6.19,5.35,34,16
sm_TrackF_F88R_S1_G17,53,0.8055,0.7671,0.9849,1,3.96,1,2.55,1,3.56,1,3.6,2.6,3.05,4.2,5.79,4.95,39,14
sm_TrackF_F88R_S1_G17,54,0.8042,0.758,0.9863,1,3.23,1,2.6,1,2.97,1,3.85,4.51,1.76,3.44,4.52,3.86,48,15
sm_TrackF_F88R_S1_G17,55,0.8041,0.8081,0.9896,1,0.92,1,2.36,0,36.42,0,29.92,36.81,1.19,4.18,3.23,2.78,51,11
sm_TrackF_F88R_S1_G17,56,0.8041,0.8004,0.9864,1,3.93,1,4.37,1,2.48,1,3.79,2.16,2.21,2.9,4.3,4.96,48,14
sm_TrackF_F88R_S1_G17,57,0.804,0.763,0.9869,1,3.44,0,5.08,1,1.27,0,3.0,5.01,1.61,2.07,5.15,4.89,41,14
sm_TrackF_F88R_S1_G17,58,0.8027,0.7817,0.9869,1,1.97,0,13.96,0,37.02,0,28.5,35.83,2.65,6.82,10.52,1.95,47,12
sm_TrackF_F88R_S1_G17,59,0.8025,0.7613,0.9861,1,3.47,1,2.56,1,2.92,1,3.95,7.04,2.22,3.66,7.46,5.28,44,13
sm_TrackF_F88R_S1_G17,6,0.8251,0.9381,0.9919,1,2.65,0,15.62,0,32.61,0,24.24,30.62,0.41,4.72,3.62,0.33,40,17
sm_TrackF_F88R_S1_G17,60,0.8023,0.7716,0.986,1,2.65,1,3.92,1,2.81,1,4.95,3.12,2.55,2.21,4.79,4.55,42,13
sm_TrackF_F88R_S1_G17,61,0.8011,0.7953,0.9871,1,4.48,1,3.15,1,2.16,1,3.28,2.65,2.65,1.46,6.31,5.99,41,14
sm_TrackF_F88R_S1_G17,62,0.8004,0.7893,0.9869,1,3.42,1,3.52,1,1.63,1,2.56,2.64,1.32,2.17,4.96,5.03,50,16
sm_TrackF_F88R_S1_G17,63,0.8,0.7763,0.9866,1,4.49,0,5.8,1,2.83,0,2.67,3.51,1.48,4.01,5.43,4.73,49,13
sm_TrackF_F88R_S1_G17,64,0.7997,0.8212,0.9881,1,3.34,0,5.24,1,2.76,0,4.72,6.78,2.96,1.87,3.62,5.29,44,13
sm_TrackF_F88R_S1_G17,65,0.7978,0.7468,0.9841,1,2.61,1,4.64,1,2.46,1,4.41,7.34,2.17,1.98,4.06,3.81,43,15
sm_TrackF_F88R_S1_G17,66,0.7977,0.7644,0.9857,1,4.32,1,1.94,1,2.59,1,4.01,6.44,2.08,4.23,2.75,6.43,48,16
sm_TrackF_F88R_S1_G17,67,0.7975,0.7448,0.9852,1,3.21,1,3.14,1,3.61,1,3.25,1.77,2.94,5.25,5.85,3.75,33,12
sm_TrackF_F88R_S1_G17,68,0.7955,0.7699,0.9848,1,2.91,1,4.04,1,2.79,1,3.93,3.17,1.98,3.72,5.05,4.45,43,12
sm_TrackF_F88R_S1_G17,69,0.7953,0.7385,0.9841,1,3.86,0,5.08,1,2.35,0,2.35,3.36,2.78,5.75,5.1,5.18,40,14
sm_TrackF_F88R_S1_G17,7,0.8211,0.8155,0.9874,1,2.5,1,3.6,1,4.14,1,3.99,1.97,2.25,3.1,4.49,4.14,39,12
sm_TrackF_F88R_S1_G17,70,0.7933,0.734,0.9854,1,1.62,0,13.9,0,26.24,0,21.07,28.28,1.62,3.05,5.67,2.84,30,9
sm_TrackF_F88R_S1_G17,71,0.7929,0.7307,0.9839,1,3.17,1,4.32,1,1.55,1,5.03,4.19,1.27,1.39,4.84,4.32,44,14
sm_TrackF_F88R_S1_G17,72,0.7912,0.7401,0.9869,1,2.89,1,4.11,1,1.17,1,5.04,4.73,1.7,1.68,3.58,4.49,45,15
sm_TrackF_F88R_S1_G17,73,0.7908,0.8852,0.987,1,5.0,0,9.84,1,2.28,0,2.69,2.33,2.36,3.23,3.24,4.29,50,19
sm_TrackF_F88R_S1_G17,74,0.7896,0.7844,0.9838,1,1.83,0,13.67,0,36.55,0,28.42,36.38,2.38,4.03,6.59,2.48,57,18
sm_TrackF_F88R_S1_G17,75,0.7895,0.7481,0.9833,0,7.27,1,3.02,1,2.7,1,2.83,7.09,1.11,1.22,4.44,7.17,48,13
sm_TrackF_F88R_S1_G17,76,0.7887,0.7168,0.984,1,3.95,1,3.28,1,0.54,1,2.61,3.14,2.47,2.02,5.43,5.47,37,12
sm_TrackF_F88R_S1_G17,77,0.7887,0.7497,0.9865,1,4.47,1,3.62,1,2.39,1,3.96,6.82,2.74,4.18,5.28,6.03,41,14
sm_TrackF_F88R_S1_G17,78,0.7885,0.7833,0.9889,1,3.2,1,3.79,1,1.37,1,4.71,6.22,3.11,3.34,4.99,4.91,51,15
sm_TrackF_F88R_S1_G17,79,0.7883,0.7652,0.9854,1,3.57,1,2.21,1,3.38,1,4.54,4.08,1.85,3.08,4.23,5.67,46,14
sm_TrackF_F88R_S1_G17,8,0.8208,0.8043,0.9896,0,6.05,1,2.99,1,2.17,1,3.31,4.56,2.13,4.23,4.04,5.89,47,15
sm_TrackF_F88R_S1_G17,80,0.7824,0.8219,0.9863,1,3.91,0,13.65,0,17.22,0,16.77,19.66,3.2,5.48,12.37,4.75,29,9
sm_TrackF_F88R_S1_G17,81,0.7812,0.6898,0.9828,0,5.32,1,2.34,0,5.0,0,3.65,1.99,2.6,1.93,4.87,6.25,34,12
sm_TrackF_F88R_S1_G17,82,0.7796,0.7347,0.9856,0,5.2,1,3.91,1,1.75,1,5.65,3.73,2.61,3.7,3.8,6.24,48,11
sm_TrackF_F88R_S1_G17,83,0.7777,0.7575,0.985,1,3.03,0,17.66,0,19.9,0,11.13,16.2,3.63,6.75,4.87,2.54,39,16
sm_TrackF_F88R_S1_G17,84,0.7757,0.7149,0.9882,1,1.53,0,13.19,0,35.51,0,28.51,36.17,2.49,8.65,11.6,2.48,47,14
sm_TrackF_F88R_S1_G17,85,0.7748,0.7735,0.9835,1,2.43,0,13.54,0,35.55,0,27.2,35.23,1.1,3.32,4.51,1.78,55,18
sm_TrackF_F88R_S1_G17,86,0.7736,0.6751,0.983,1,2.63,1,2.7,1,2.11,1,4.09,7.2,2.14,1.88,4.54,2.3,48,12
sm_TrackF_F88R_S1_G17,87,0.7685,0.6414,0.9841,1,4.25,1,3.31,1,3.22,1,2.5,5.56,2.07,3.75,5.2,5.82,32,11
sm_TrackF_F88R_S1_G17,88,0.767,0.6663,0.9833,0,7.21,0,11.49,0,44.56,0,37.2,42.61,2.37,4.77,5.54,5.94,32,11
sm_TrackF_F88R_S1_G17,89,0.7665,0.7624,0.9856,1,2.07,1,4.37,0,42.0,0,32.33,38.81,1.73,4.29,1.94,2.03,50,15
sm_TrackF_F88R_S1_G17,9,0.8197,0.8227,0.9896,1,4.72,1,3.36,1,3.26,1,2.47,3.83,2.45,3.13,4.81,5.03,41,14
sm_TrackF_F88R_S1_G17,90,0.7635,0.625,0.9821,1,2.26,0,18.13,0,29.67,0,24.19,29.61,1.52,3.88,8.96,2.99,31,10
sm_TrackF_F88R_S1_G17,91,0.7606,0.8009,0.9845,1,4.03,0,11.75,0,26.55,0,17.82,25.29,2.66,3.33,2.14,2.75,45,16
sm_TrackF_F88R_S1_G17,92,0.7592,0.6325,0.9794,0,6.91,1,3.16,1,3.34,1,3.73,2.05,1.23,1.47,3.73,7.04,43,12
sm_TrackF_F88R_S1_G17,93,0.7543,0.6527,0.9766,1,3.64,0,13.94,0,17.32,0,10.77,16.0,2.58,3.23,4.35,3.19,33,12
sm_TrackF_F88R_S1_G17,94,0.7519,0.7191,0.9846,1,2.86,0,11.68,0,42.73,0,32.4,39.4,2.85,2.96,2.75,1.81,45,17
sm_TrackF_F88R_S1_G17,95,0.7517,0.6798,0.9845,1,2.38,0,14.58,0,37.9,0,30.24,36.86,1.17,4.98,6.86,2.37,60,19
sm_TrackF_F88R_S1_G17,96,0.7507,0.6251,0.9846,1,1.81,0,11.71,0,37.89,0,30.67,37.29,1.86,7.8,14.31,2.75,41,12
sm_TrackF_F88R_S1_G17,97,0.7212,0.5872,0.984,1,1.34,0,14.61,0,39.75,0,28.75,35.9,2.47,4.06,7.94,2.84,58,18
sm_TrackF_F88R_S1_G17,98,0.7143,0.5742,0.9819,1,4.88,1,1.45,1,3.02,1,2.6,2.84,2.09,4.36,4.19,4.72,49,14
sm_TrackF_F88R_S1_G17,99,0.7123,0.5476,0.9776,0,6.04,0,11.39,1,3.27,0,3.32,5.05,1.54,2.63,2.76,4.3,49,17
sm_WT_F88R_S1_G17,0,0.8513,0.8348,0.9881,1,1.27,0,22.1,0,28.86,0,21.91,26.43,0.93,6.69,11.35,1.11,39,11
sm_WT_F88R_S1_G17,1,0.8421,0.8371,0.9846,0,6.15,1,2.65,0,41.46,0,35.27,39.01,1.4,2.95,6.53,6.45,44,14
sm_WT_F88R_S1_G17,10,0.8349,0.8082,0.9861,1,2.65,1,3.11,1,2.77,1,3.02,3.21,2.42,2.13,3.37,5.47,44,13
sm_WT_F88R_S1_G17,11,0.8334,0.8752,0.9865,1,3.41,1,3.84,1,3.07,1,2.52,2.28,2.47,2.22,2.45,6.34,48,15
sm_WT_F88R_S1_G17,12,0.833,0.7353,0.9847,1,1.88,0,22.38,0,31.96,0,24.46,30.58,1.55,4.0,11.03,2.14,35,11
sm_WT_F88R_S1_G17,13,0.8327,0.7746,0.9852,1,4.89,1,3.46,1,1.94,1,1.58,3.42,2.33,2.21,4.56,5.99,39,11
sm_WT_F88R_S1_G17,14,0.8325,0.8054,0.9848,1,1.55,1,4.4,1,2.43,1,2.55,3.16,3.12,3.31,2.78,5.45,43,11
sm_WT_F88R_S1_G17,15,0.8324,0.8409,0.9887,1,3.55,1,4.09,0,5.9,0,5.23,8.74,3.03,1.37,2.87,4.89,34,11
sm_WT_F88R_S1_G17,16,0.8322,0.7824,0.9861,1,3.41,1,4.66,1,2.54,1,3.64,3.02,3.33,2.81,4.47,3.91,42,13
sm_WT_F88R_S1_G17,17,0.8319,0.8042,0.9865,1,4.95,1,4.72,1,2.45,1,2.41,2.06,2.94,1.52,3.24,5.79,41,14
sm_WT_F88R_S1_G17,18,0.8311,0.8422,0.991,1,3.34,1,4.32,1,2.55,1,0.42,4.88,2.52,2.3,3.84,4.9,45,14
sm_WT_F88R_S1_G17,19,0.8308,0.8292,0.9873,1,3.17,0,5.11,1,2.05,0,3.14,3.52,2.25,3.09,3.27,5.33,45,14
sm_WT_F88R_S1_G17,2,0.8402,0.8279,0.9874,0,6.47,1,2.56,0,42.86,0,37.25,40.75,2.55,2.15,4.68,5.86,47,13
sm_WT_F88R_S1_G17,20,0.8304,0.7917,0.9864,1,2.51,0,5.44,1,1.6,0,2.8,1.6,0.99,2.46,2.91,6.18,39,13
sm_WT_F88R_S1_G17,21,0.83,0.7954,0.9864,1,2.31,1,4.81,1,2.16,1,3.35,1.34,1.72,3.13,3.59,5.32,42,13
sm_WT_F88R_S1_G17,22,0.8292,0.8034,0.9866,1,4.41,0,5.05,1,2.33,0,2.36,6.28,2.84,3.16,4.17,5.72,42,13
sm_WT_F88R_S1_G17,23,0.8288,0.7804,0.9872,1,3.61,0,5.24,1,1.16,0,3.16,1.05,1.77,1.8,5.43,5.73,40,12
sm_WT_F88R_S1_G17,24,0.8286,0.7851,0.9856,1,3.08,1,4.53,1,2.5,1,3.05,1.08,3.11,2.54,3.53,5.6,41,13
sm_WT_F88R_S1_G17,25,0.828,0.8051,0.9872,1,2.65,0,21.75,0,31.6,0,25.56,31.83,3.22,3.84,10.03,2.5,38,12
sm_WT_F88R_S1_G17,26,0.8279,0.7524,0.9828,1,2.85,0,22.13,0,32.66,0,26.21,31.68,1.31,5.23,11.47,2.56,37,11
sm_WT_F88R_S1_G17,27,0.8275,0.7736,0.9844,1,3.71,0,5.11,1,2.1,0,3.16,2.12,2.77,2.6,3.22,5.99,40,14
sm_WT_F88R_S1_G17,28,0.8275,0.7629,0.9832,0,5.24,1,4.58,1,2.29,1,2.24,2.66,2.28,3.33,3.74,6.05,41,13
sm_WT_F88R_S1_G17,29,0.8273,0.8627,0.9812,1,2.65,0,11.91,1,0.68,0,1.76,3.85,1.77,2.32,5.46,2.73,37,15
sm_WT_F88R_S1_G17,3,0.8394,0.7794,0.9847,1,1.42,0,21.35,0,31.75,0,25.55,30.37,2.99,4.92,10.2,3.19,40,11
sm_WT_F88R_S1_G17,30,0.8268,0.7841,0.9857,1,3.29,1,4.24,1,2.4,1,3.08,1.85,3.12,2.91,1.8,6.42,43,14
sm_WT_F88R_S1_G17,31,0.8265,0.8879,0.985,1,3.81,0,13.65,1,0.82,0,1.52,5.87,2.0,1.84,4.48,3.71,38,16
sm_WT_F88R_S1_G17,32,0.8262,0.8066,0.9863,1,2.69,1,4.65,1,2.66,1,2.31,2.11,2.38,2.69,2.75,5.42,37,11
sm_WT_F88R_S1_G17,33,0.8251,0.7879,0.9887,1,3.47,1,4.32,1,2.51,1,2.82,2.0,2.65,2.67,3.96,3.86,39,13
sm_WT_F88R_S1_G17,34,0.8251,0.8593,0.9857,1,2.54,1,1.06,1,3.02,1,1.62,3.26,3.59,2.86,5.81,3.01,40,10
sm_WT_F88R_S1_G17,35,0.8242,0.7959,0.9853,1,3.98,1,4.67,1,2.4,1,3.19,3.02,3.19,3.09,3.61,6.15,44,13
sm_WT_F88R_S1_G17,36,0.8241,0.7902,0.9842,1,3.0,1,4.59,1,2.46,1,2.58,2.59,3.36,2.78,4.52,5.92,44,12
sm_WT_F88R_S1_G17,37,0.824,0.797,0.9855,1,2.09,0,5.18,1,2.17,0,3.45,2.19,2.69,3.07,3.21,5.47,44,14
sm_WT_F88R_S1_G17,38,0.8237,0.7717,0.985,1,2.18,0,5.23,1,2.67,0,3.25,1.94,3.0,3.55,3.61,3.65,44,12
sm_WT_F88R_S1_G17,39,0.8236,0.8147,0.9866,1,2.06,1,4.5,1,2.51,1,0.61,4.0,2.05,2.18,3.61,5.74,41,13
sm_WT_F88R_S1_G17,4,0.8394,0.8465,0.9842,1,2.73,1,1.99,1,2.95,1,1.87,3.48,1.89,1.96,5.85,4.75,37,11
sm_WT_F88R_S1_G17,40,0.8232,0.7631,0.9834,1,4.02,1,3.98,1,2.47,1,2.9,2.24,2.42,2.53,3.71,6.21,39,13
sm_WT_F88R_S1_G17,41,0.8227,0.7571,0.9845,1,2.73,1,4.73,1,2.57,1,2.72,2.5,3.32,3.08,3.33,4.47,40,11
sm_WT_F88R_S1_G17,42,0.8226,0.7608,0.985,0,5.33,0,5.2,1,1.59,0,3.36,2.1,3.21,1.02,3.85,6.13,37,14
sm_WT_F88R_S1_G17,43,0.8221,0.7832,0.986,1,3.74,1,4.23,1,2.12,1,3.19,1.53,3.14,2.47,3.53,6.63,41,12
sm_WT_F88R_S1_G17,44,0.8208,0.7642,0.9853,1,2.19,1,4.36,1,1.34,1,1.45,2.85,2.43,3.3,3.99,6.08,34,12
sm_WT_F88R_S1_G17,45,0.8205,0.7382,0.9835,1,2.34,1,4.54,1,2.56,1,1.15,3.93,2.37,3.61,3.7,4.97,38,11
sm_WT_F88R_S1_G17,46,0.8203,0.7746,0.985,1,3.6,1,3.78,1,2.78,1,2.13,2.5,3.47,2.71,3.45,5.02,38,12
sm_WT_F88R_S1_G17,47,0.8202,0.7523,0.9839,0,5.09,0,5.64,1,1.45,0,2.51,2.83,2.59,2.77,4.23,6.15,39,12
sm_WT_F88R_S1_G17,48,0.8197,0.7815,0.9868,1,2.81,0,18.14,0,36.28,0,27.53,33.82,2.0,4.27,11.58,1.55,48,13
sm_WT_F88R_S1_G17,49,0.8193,0.7931,0.9839,1,2.63,0,5.82,1,4.3,0,3.47,5.84,3.42,3.25,3.51,5.12,40,13
sm_WT_F88R_S1_G17,5,0.8381,0.801,0.9884,1,2.68,0,19.97,0,31.19,0,25.2,31.66,1.59,4.33,10.17,2.99,36,9
sm_WT_F88R_S1_G17,50,0.8182,0.7998,0.9864,0,5.41,0,17.55,0,24.01,0,21.38,24.41,0.33,2.19,4.69,5.71,34,13
sm_WT_F88R_S1_G17,51,0.818,0.7657,0.9835,1,2.66,1,3.46,1,2.1,1,1.36,6.1,2.72,2.3,2.43,3.37,47,11
sm_WT_F88R_S1_G17,52,0.8178,0.8188,0.9857,0,6.05,0,19.2,0,18.82,0,13.88,19.37,4.02,0.82,7.17,6.08,36,13
sm_WT_F88R_S1_G17,53,0.8175,0.773,0.9851,1,3.06,1,4.68,1,2.37,1,1.91,3.84,3.03,2.48,2.67,5.65,41,13
sm_WT_F88R_S1_G17,54,0.8169,0.7778,0.9856,1,1.93,1,3.71,1,1.81,1,2.95,1.48,2.0,3.06,2.82,4.93,41,15
sm_WT_F88R_S1_G17,55,0.8168,0.7459,0.9845,1,0.97,0,17.42,0,37.01,0,28.66,34.92,1.75,4.39,11.15,1.55,46,12
sm_WT_F88R_S1_G17,56,0.8164,0.7831,0.9842,1,4.07,1,3.39,1,3.34,1,2.16,3.01,2.42,2.81,2.51,6.23,41,12
sm_WT_F88R_S1_G17,57,0.8162,0.7363,0.984,1,2.36,1,4.66,1,2.17,1,2.63,1.64,2.5,2.73,3.19,3.46,39,13
sm_WT_F88R_S1_G17,58,0.8159,0.7373,0.9819,1,3.43,1,3.79,1,1.6,1,3.12,1.52,3.39,1.49,3.0,5.79,44,13
sm_WT_F88R_S1_G17,59,0.8156,0.8414,0.9835,1,1.65,0,5.34,1,2.38,0,3.7,3.52,3.74,3.27,4.78,2.91,61,21
sm_WT_F88R_S1_G17,6,0.8376,0.8138,0.9874,1,2.4,0,18.27,0,37.26,0,28.76,34.48,2.33,5.42,10.01,2.53,43,12
sm_WT_F88R_S1_G17,60,0.8154,0.7503,0.9839,1,3.31,0,5.29,1,2.04,0,1.1,6.29,2.52,3.4,2.73,6.63,41,12
sm_WT_F88R_S1_G17,61,0.8153,0.733,0.9838,1,2.18,0,11.41,0,35.38,0,27.22,32.74,2.35,5.64,7.49,0.72,50,11
sm_WT_F88R_S1_G17,62,0.815,0.7509,0.9856,1,2.6,1,4.88,1,2.76,1,2.91,2.72,3.02,3.76,4.25,5.53,41,13
sm_WT_F88R_S1_G17,63,0.8148,0.783,0.9866,1,3.11,1,2.95,0,11.34,0,11.2,15.33,2.61,1.82,2.93,4.3,45,13
sm_WT_F88R_S1_G17,64,0.8114,0.7278,0.9837,0,5.66,0,16.34,0,24.82,0,23.7,25.6,3.18,3.11,3.88,6.26,37,13
sm_WT_F88R_S1_G17,65,0.8099,0.7514,0.9831,1,2.95,0,5.77,1,2.9,0,3.06,3.25,3.7,2.47,3.04,4.86,40,13
sm_WT_F88R_S1_G17,66,0.8094,0.6843,0.9815,1,2.23,0,11.73,0,37.63,0,28.91,34.34,3.59,4.93,11.48,2.46,42,12
sm_WT_F88R_S1_G17,67,0.8094,0.7567,0.983,1,2.09,1,3.85,1,1.84,1,1.91,5.21,2.59,1.33,4.49,5.66,39,13
sm_WT_F88R_S1_G17,68,0.8092,0.7342,0.9812,1,2.82,1,4.03,1,3.04,1,2.91,2.61,3.65,3.1,3.41,4.53,45,11
sm_WT_F88R_S1_G17,69,0.8081,0.7593,0.9824,1,2.06,1,3.18,1,3.23,1,3.21,3.58,1.76,1.6,2.39,4.95,48,13
sm_WT_F88R_S1_G17,7,0.8372,0.8198,0.9865,1,1.32,0,12.47,0,36.49,0,28.31,33.95,4.49,5.51,8.75,2.1,51,13
sm_WT_F88R_S1_G17,70,0.8077,0.775,0.9842,1,2.28,1,4.68,0,8.99,0,12.28,15.48,1.73,3.75,6.22,3.24,40,13
sm_WT_F88R_S1_G17,71,0.8072,0.7505,0.9872,1,3.78,1,4.27,1,2.01,1,1.96,5.77,2.81,3.23,4.2,5.93,36,13
sm_WT_F88R_S1_G17,72,0.8057,0.8319,0.9851,1,2.46,0,19.34,0,34.63,0,26.8,33.34,3.6,3.3,6.33,2.18,38,17
sm_WT_F88R_S1_G17,73,0.8046,0.8535,0.9837,1,0.93,0,18.18,0,38.8,0,30.87,37.21,3.54,1.95,4.84,2.05,54,17
sm_WT_F88R_S1_G17,74,0.8036,0.7711,0.9872,1,2.3,1,3.07,1,3.15,1,2.51,3.7,1.63,1.52,3.97,5.2,37,13
sm_WT_F88R_S1_G17,75,0.8028,0.7436,0.9828,1,2.98,1,2.55,1,2.3,1,2.48,6.87,1.89,1.41,7.61,1.04,38,14
sm_WT_F88R_S1_G17,76,0.8005,0.7035,0.9806,1,2.76,1,2.56,1,1.75,1,2.08,5.76,1.78,1.55,5.77,4.55,40,13
sm_WT_F88R_S1_G17,77,0.8001,0.7138,0.9834,1,2.33,1,3.73,1,2.72,1,2.02,6.38,2.6,2.71,4.88,4.72,40,13
sm_WT_F88R_S1_G17,78,0.7994,0.6917,0.9813,0,6.03,0,16.92,0,24.51,0,23.3,25.4,3.15,1.3,3.41,6.6,39,12
sm_WT_F88R_S1_G17,79,0.7979,0.7206,0.9826,1,4.23,1,3.91,1,3.29,1,2.99,2.87,2.19,2.45,2.65,5.99,37,13
sm_WT_F88R_S1_G17,8,0.837,0.8592,0.9875,1,2.05,1,4.87,1,1.83,1,2.94,4.02,2.28,1.77,3.09,5.4,44,13
sm_WT_F88R_S1_G17,80,0.7967,0.7125,0.9827,1,3.11,0,5.66,1,4.0,0,2.77,8.32,3.15,2.62,4.96,5.41,40,15
sm_WT_F88R_S1_G17,81,0.796,0.6628,0.9801,1,3.17,1,4.71,1,2.66,1,0.65,4.65,2.43,2.48,3.45,4.29,39,11
sm_WT_F88R_S1_G17,82,0.7953,0.675,0.9759,1,3.84,1,3.34,1,3.14,1,1.78,2.32,1.48,1.72,5.63,5.89,47,12
sm_WT_F88R_S1_G17,83,0.7928,0.6738,0.981,1,2.74,0,5.18,1,1.78,0,3.59,2.24,2.2,2.31,3.85,5.65,37,12
sm_WT_F88R_S1_G17,84,0.7923,0.7505,0.9781,1,4.94,1,2.91,1,3.25,1,1.35,3.53,0.66,1.83,5.8,1.66,36,15
sm_WT_F88R_S1_G17,85,0.7908,0.7086,0.9817,1,1.73,0,5.23,1,3.01,0,1.97,5.24,2.05,1.7,2.7,5.28,38,13
sm_WT_F88R_S1_G17,86,0.7907,0.6943,0.9826,1,2.79,1,4.6,1,2.78,1,1.42,5.24,2.91,2.23,4.4,6.64,40,10
sm_WT_F88R_S1_G17,87,0.7905,0.6722,0.9806,1,2.35,0,5.14,1,1.89,0,2.12,2.19,3.14,2.45,3.35,4.97,42,12
sm_WT_F88R_S1_G17,88,0.7903,0.7651,0.9793,1,2.08,1,3.76,1,3.34,1,3.26,7.17,3.02,3.06,2.93,5.17,45,15
sm_WT_F88R_S1_G17,89,0.7898,0.7412,0.9817,1,3.24,1,2.53,1,2.24,1,2.46,6.2,2.88,1.64,3.68,4.94,44,13
sm_WT_F88R_S1_G17,9,0.8358,0.8292,0.9868,1,2.4,1,4.51,1,2.49,1,3.52,1.36,2.43,3.21,2.71,4.75,45,13
sm_WT_F88R_S1_G17,90,0.7875,0.7619,0.9852,1,2.03,0,14.44,0,39.87,0,33.23,38.57,1.54,7.85,13.05,1.44,41,14
sm_WT_F88R_S1_G17,91,0.7846,0.6414,0.9797,1,4.12,1,4.61,1,2.52,1,1.9,4.39,0.97,2.28,3.66,4.14,35,11
sm_WT_F88R_S1_G17,92,0.7823,0.8069,0.9835,1,2.1,0,12.02,0,37.28,0,28.97,35.04,2.55,1.86,2.81,0.29,60,18
sm_WT_F88R_S1_G17,93,0.7755,0.664,0.9816,1,3.88,1,2.82,1,2.7,1,1.8,6.69,3.01,3.12,6.34,4.29,37,13
sm_WT_F88R_S1_G17,94,0.775,0.676,0.9841,1,3.11,0,5.03,1,3.13,0,2.17,6.32,3.61,2.44,2.8,4.88,41,14
sm_WT_F88R_S1_G17,95,0.7643,0.602,0.978,1,3.61,0,19.29,0,22.47,0,18.23,23.13,3.63,1.81,5.16,5.39,30,12
sm_WT_F88R_S1_G17,96,0.7639,0.7317,0.9807,1,2.91,1,3.74,1,3.15,1,1.26,3.05,1.37,2.6,2.74,3.89,42,15
sm_WT_F88R_S1_G17,97,0.7517,0.6379,0.9811,1,1.59,0,16.85,0,37.7,0,28.87,35.11,2.76,2.07,5.42,2.29,46,17
sm_WT_F88R_S1_G17,98,0.7499,0.6581,0.9757,0,8.81,1,3.79,1,1.5,1,1.81,3.43,1.66,2.02,4.59,6.48,41,17
sm_WT_F88R_S1_G17,99,0.7347,0.48,0.9746,1,4.29,1,4.7,1,2.31,1,1.41,5.79,1.43,2.12,6.49,4.19,40,11
w_HQL2_S1_G17,0,0.845,0.9395,0.9881,0,7.08,0,12.89,1,2.25,0,3.0,5.13,1.25,2.86,5.25,6.65,36,17
w_HQL2_S1_G17,1,0.839,0.9266,0.9861,0,5.92,0,11.59,1,2.8,0,1.69,4.53,2.86,1.83,5.6,6.6,40,17
w_HQL2_S1_G17,10,0.8298,0.8396,0.9884,1,3.42,1,4.57,1,3.0,1,2.96,1.3,3.43,3.98,5.36,5.82,38,13
w_HQL2_S1_G17,11,0.8298,0.8343,0.9902,1,2.56,1,3.59,1,3.39,1,2.34,4.98,1.32,2.55,3.99,3.88,43,15
w_HQL2_S1_G17,12,0.8296,0.931,0.9874,0,6.36,0,12.61,1,1.31,0,1.89,3.25,1.56,3.25,5.22,6.85,37,17
w_HQL2_S1_G17,13,0.8295,0.8499,0.989,1,2.32,1,4.12,1,0.64,1,2.33,3.8,2.32,1.61,6.05,3.25,36,12
w_HQL2_S1_G17,14,0.8286,0.836,0.9887,1,3.8,1,4.7,1,1.77,1,2.32,4.32,0.51,2.89,3.92,4.12,42,12
w_HQL2_S1_G17,15,0.8282,0.8229,0.9884,1,2.7,1,3.61,1,3.05,1,2.96,5.27,1.51,3.61,2.53,4.03,42,11
w_HQL2_S1_G17,16,0.828,0.903,0.9859,0,7.19,0,12.28,1,3.43,0,2.92,5.33,1.6,2.58,3.37,7.3,43,21
w_HQL2_S1_G17,17,0.828,0.8383,0.9889,1,2.92,1,2.75,1,2.93,1,0.94,2.98,1.38,3.2,4.06,4.92,38,13
w_HQL2_S1_G17,18,0.8272,0.8118,0.9873,1,3.03,1,4.55,1,3.17,1,2.08,5.38,1.8,2.95,4.54,4.25,45,14
w_HQL2_S1_G17,19,0.8269,0.82,0.9875,1,3.33,1,4.82,1,3.19,1,3.46,4.83,0.76,2.84,4.38,3.54,40,12
w_HQL2_S1_G17,2,0.8373,0.8407,0.9897,1,3.9,1,4.68,1,3.12,1,2.63,6.23,2.71,3.3,2.56,2.2,39,13
w_HQL2_S1_G17,20,0.8262,0.76,0.9829,0,5.75,1,2.76,1,2.74,1,3.05,5.25,1.13,3.12,3.56,4.79,38,10
w_HQL2_S1_G17,21,0.826,0.8129,0.9868,1,3.33,1,4.23,1,3.03,1,3.32,6.14,1.97,2.28,4.66,2.86,40,13
w_HQL2_S1_G17,22,0.8254,0.8245,0.9868,1,2.66,1,3.68,1,2.84,1,0.84,2.69,2.54,3.14,4.05,4.68,41,14
w_HQL2_S1_G17,23,0.8245,0.9005,0.987,0,6.84,0,9.62,1,1.3,0,3.13,4.16,1.5,2.21,4.41,7.12,38,16
w_HQL2_S1_G17,24,0.824,0.808,0.9873,1,2.55,1,4.59,1,3.52,1,2.99,4.22,1.94,3.25,5.38,4.95,38,12
w_HQL2_S1_G17,25,0.8239,0.7976,0.9853,1,4.15,0,5.09,1,3.59,0,3.35,3.06,3.31,1.88,4.75,5.17,41,14
w_HQL2_S1_G17,26,0.8238,0.8296,0.989,1,3.99,1,3.53,1,2.85,1,2.07,4.73,2.63,1.38,3.68,5.09,40,12
w_HQL2_S1_G17,27,0.8237,0.803,0.9875,1,2.24,1,3.47,1,3.08,1,2.96,4.98,2.1,3.58,4.33,3.92,41,13
w_HQL2_S1_G17,28,0.8235,0.8198,0.9878,1,3.15,1,3.21,1,2.72,1,2.99,2.98,2.22,4.33,3.66,4.08,42,12
w_HQL2_S1_G17,29,0.8232,0.8901,0.9855,0,6.54,0,13.68,1,3.9,0,1.89,3.72,0.8,2.07,3.66,5.57,38,18
w_HQL2_S1_G17,3,0.8338,0.8156,0.9849,1,2.88,1,3.17,0,9.67,0,11.41,14.33,1.06,3.58,4.25,3.71,47,15
w_HQL2_S1_G17,30,0.8225,0.7905,0.9836,0,7.66,1,4.56,1,1.96,1,3.12,4.89,0.85,3.16,4.44,6.96,39,14
w_HQL2_S1_G17,31,0.8216,0.8458,0.9901,1,3.05,1,2.84,1,2.87,1,0.98,5.21,2.28,2.4,4.33,3.02,38,14
w_HQL2_S1_G17,32,0.8212,0.7924,0.9863,0,6.27,1,3.52,1,3.06,1,2.47,5.35,2.48,3.58,4.2,6.72,38,12
w_HQL2_S1_G17,33,0.8211,0.7447,0.9861,1,1.32,1,3.78,1,2.04,1,1.47,3.22,0.85,2.41,5.3,0.93,43,14
w_HQL2_S1_G17,34,0.8208,0.7977,0.9848,1,1.99,1,4.71,1,3.3,1,2.6,5.39,1.7,2.36,4.92,3.59,43,12
w_HQL2_S1_G17,35,0.8207,0.7936,0.9856,1,2.48,1,4.29,0,10.34,0,11.61,15.05,1.47,4.32,4.45,2.17,45,13
w_HQL2_S1_G17,36,0.8206,0.8239,0.9869,1,2.53,1,3.88,1,3.18,1,1.75,3.31,2.49,2.51,5.29,1.53,44,11
w_HQL2_S1_G17,37,0.8203,0.8016,0.9891,1,3.61,1,2.87,1,2.74,1,2.38,1.75,2.77,2.66,4.73,4.81,36,13
w_HQL2_S1_G17,38,0.8196,0.795,0.9887,1,2.92,1,3.9,1,1.88,1,3.0,2.83,2.91,3.53,3.46,4.1,44,12
w_HQL2_S1_G17,39,0.8192,0.7835,0.9853,1,2.68,1,4.62,1,3.57,1,1.45,2.7,2.39,2.76,2.38,4.89,43,12
w_HQL2_S1_G17,4,0.8327,0.7904,0.9872,1,1.63,1,3.46,1,3.54,1,1.62,2.91,3.19,2.84,5.28,3.85,47,14
w_HQL2_S1_G17,40,0.8188,0.7875,0.9854,1,2.34,1,3.9,1,3.55,1,3.22,4.97,2.58,2.99,4.91,5.61,39,12
w_HQL2_S1_G17,41,0.8187,0.7959,0.9842,1,3.8,1,3.41,1,2.32,1,1.6,6.12,1.83,2.04,4.0,5.12,45,12
w_HQL2_S1_G17,42,0.8186,0.7999,0.9869,1,3.6,1,4.77,1,2.9,1,3.73,1.24,2.58,1.7,3.94,4.5,46,13
w_HQL2_S1_G17,43,0.8179,0.7897,0.9833,1,2.48,1,4.02,1,2.73,1,0.74,3.17,2.58,2.35,4.34,4.58,42,13
w_HQL2_S1_G17,44,0.8178,0.8195,0.9862,1,2.42,1,3.82,1,2.97,1,2.52,6.34,2.19,3.41,4.64,3.09,40,14
w_HQL2_S1_G17,45,0.8178,0.8315,0.9902,1,4.28,1,4.47,1,2.99,1,2.89,4.81,2.3,1.21,4.69,6.9,36,11
w_HQL2_S1_G17,46,0.8172,0.7953,0.9854,1,3.55,1,3.0,1,2.9,1,2.64,2.83,2.59,1.69,4.02,5.33,37,12
w_HQL2_S1_G17,47,0.8171,0.9052,0.985,0,6.56,0,12.44,1,1.69,0,1.82,4.39,1.0,1.78,5.2,6.78,38,15
w_HQL2_S1_G17,48,0.8166,0.7733,0.9864,1,3.58,1,3.96,1,2.84,1,1.52,6.06,2.16,1.85,4.51,5.33,44,10
w_HQL2_S1_G17,49,0.8164,0.7895,0.9849,1,2.51,1,3.32,1,2.7,1,1.52,5.1,3.03,2.21,3.5,2.43,45,13
w_HQL2_S1_G17,5,0.8325,0.8016,0.9864,1,2.13,1,3.29,1,2.99,1,3.15,1.68,2.28,3.2,4.34,3.7,43,14
w_HQL2_S1_G17,50,0.8155,0.7803,0.9861,1,4.07,1,2.75,1,2.18,1,3.2,2.79,1.83,3.0,2.88,5.18,45,13
w_HQL2_S1_G17,51,0.8149,0.8015,0.9881,1,2.6,1,3.74,1,2.86,1,2.14,3.64,2.24,1.86,4.33,4.62,41,12
w_HQL2_S1_G17,52,0.8144,0.805,0.9849,1,2.81,1,3.06,1,3.63,1,1.55,5.77,2.16,1.98,3.01,5.75,44,11
w_HQL2_S1_G17,53,0.8141,0.7457,0.9823,0,6.06,1,3.51,1,3.34,1,2.74,5.42,2.11,3.21,3.66,6.47,39,11
w_HQL2_S1_G17,54,0.8136,0.7681,0.9867,1,1.71,1,3.72,1,0.17,1,2.58,2.89,1.4,3.89,3.64,3.65,42,12
w_HQL2_S1_G17,55,0.8132,0.801,0.9871,1,1.7,1,3.87,1,2.6,1,2.49,5.06,0.93,2.58,2.91,2.59,47,14
w_HQL2_S1_G17,56,0.813,0.7681,0.9864,1,3.3,1,4.06,1,2.92,1,2.2,3.12,0.53,3.11,2.79,4.24,49,14
w_HQL2_S1_G17,57,0.8126,0.7695,0.9845,1,4.1,1,3.23,1,3.32,1,2.76,5.94,3.24,3.03,4.26,5.82,38,12
w_HQL2_S1_G17,58,0.8126,0.8013,0.9865,1,3.05,1,3.5,0,6.52,0,3.58,7.73,1.23,3.23,4.19,4.73,47,14
w_HQL2_S1_G17,59,0.8121,0.79,0.9862,1,3.12,1,4.21,1,3.09,1,1.03,2.38,2.43,2.04,4.78,3.31,41,12
w_HQL2_S1_G17,6,0.832,0.8374,0.9856,1,2.83,1,2.98,1,2.39,1,1.59,4.45,1.91,2.4,5.09,4.34,36,10
w_HQL2_S1_G17,60,0.8117,0.8159,0.9882,1,4.18,1,2.88,1,3.19,1,1.54,3.36,2.64,4.97,4.8,4.34,38,12
w_HQL2_S1_G17,61,0.8117,0.7636,0.9834,1,2.76,1,4.44,1,2.94,1,2.92,5.24,2.27,3.28,6.78,4.18,37,12
w_HQL2_S1_G17,62,0.8107,0.7631,0.9834,1,1.92,0,13.98,0,39.55,0,30.9,36.02,2.25,5.34,11.79,1.27,42,13
w_HQL2_S1_G17,63,0.8104,0.7866,0.9894,1,2.21,1,4.89,1,2.66,1,1.69,4.58,3.08,3.11,4.75,4.48,40,13
w_HQL2_S1_G17,64,0.8098,0.7695,0.9842,1,2.86,1,3.06,1,2.17,1,2.49,1.77,2.01,3.34,3.39,4.56,44,14
w_HQL2_S1_G17,65,0.8098,0.8036,0.9855,1,1.92,1,3.61,0,44.93,0,35.42,40.56,2.41,3.39,10.38,2.61,52,12
w_HQL2_S1_G17,66,0.8087,0.7847,0.9851,1,2.45,0,5.46,1,2.77,0,2.53,2.5,0.64,1.89,2.95,4.36,41,13
w_HQL2_S1_G17,67,0.8081,0.8421,0.9825,1,3.76,0,13.63,1,1.18,0,2.29,2.86,1.43,2.95,10.88,4.23,35,11
w_HQL2_S1_G17,68,0.8079,0.836,0.9862,1,3.54,0,16.82,1,0.44,0,2.68,5.25,1.05,1.82,6.67,3.81,37,14
w_HQL2_S1_G17,69,0.8067,0.7687,0.9848,1,2.22,1,4.66,1,1.72,1,0.73,2.82,2.3,2.99,3.46,2.94,42,13
w_HQL2_S1_G17,7,0.8319,0.8442,0.9893,1,3.96,1,4.07,1,3.58,1,2.87,2.73,1.66,2.7,4.36,4.93,41,13
w_HQL2_S1_G17,70,0.8062,0.753,0.9878,1,3.96,1,4.87,1,3.46,1,3.11,2.04,2.03,2.15,5.07,4.75,38,11
w_HQL2_S1_G17,71,0.8061,0.7703,0.9859,1,1.96,1,4.43,1,2.43,1,1.9,4.19,1.64,1.72,3.42,4.45,42,13
w_HQL2_S1_G17,72,0.8056,0.9012,0.985,1,4.21,0,11.48,1,3.55,0,2.66,2.48,4.1,1.54,3.67,3.38,47,19
w_HQL2_S1_G17,73,0.8046,0.7734,0.9874,1,2.33,1,3.77,1,2.51,1,3.0,2.38,2.09,2.47,4.49,3.56,44,15
w_HQL2_S1_G17,74,0.8042,0.7449,0.9834,1,3.04,1,3.95,1,3.39,1,1.47,4.51,2.64,3.22,4.42,3.87,42,14
w_HQL2_S1_G17,75,0.8024,0.7414,0.9864,1,2.37,1,4.9,1,2.64,1,1.6,4.28,1.01,2.37,3.78,4.02,44,13
w_HQL2_S1_G17,76,0.8021,0.7207,0.9806,1,3.14,1,3.26,1,2.11,1,3.1,3.21,2.18,2.05,5.46,5.11,36,12
w_HQL2_S1_G17,77,0.8021,0.8163,0.9832,0,5.93,0,15.41,1,1.24,0,2.55,6.65,0.36,1.15,2.5,6.08,33,13
w_HQL2_S1_G17,78,0.8013,0.7356,0.9831,1,2.59,1,3.55,1,3.26,1,2.77,5.55,2.44,3.04,3.97,4.5,41,12
w_HQL2_S1_G17,79,0.8004,0.7854,0.987,1,3.49,1,2.94,1,3.43,1,2.08,4.83,2.84,3.7,2.18,5.28,41,13
w_HQL2_S1_G17,8,0.8317,0.8228,0.9874,1,1.86,1,3.88,1,4.08,1,3.35,3.14,1.81,2.86,3.36,2.89,50,13
w_HQL2_S1_G17,80,0.7999,0.7208,0.983,1,1.88,1,3.95,1,2.38,1,1.67,4.22,3.37,3.68,3.39,3.97,46,14
w_HQL2_S1_G17,81,0.7999,0.7633,0.9838,1,2.12,1,4.18,1,1.99,1,3.0,3.74,1.32,4.33,4.41,4.18,37,14
w_HQL2_S1_G17,82,0.7972,0.8857,0.9878,0,6.46,0,14.64,1,1.23,0,2.49,6.49,1.77,2.11,5.69,6.26,35,12
w_HQL2_S1_G17,83,0.7969,0.7791,0.9848,1,1.49,1,3.93,1,2.09,1,0.96,4.75,1.5,2.29,4.16,5.03,42,13
w_HQL2_S1_G17,84,0.7961,0.7098,0.9822,1,2.87,1,4.18,1,2.61,1,2.55,3.33,2.86,3.83,4.71,4.08,43,14
w_HQL2_S1_G17,85,0.796,0.8193,0.9846,0,6.33,0,16.29,1,1.12,0,2.32,5.91,2.31,0.79,3.29,5.86,29,11
w_HQL2_S1_G17,86,0.7959,0.7326,0.9851,1,1.73,1,4.98,1,2.43,1,2.45,3.75,2.02,3.04,4.38,3.97,40,12
w_HQL2_S1_G17,87,0.7945,0.7324,0.985,1,2.79,1,3.17,1,1.49,1,3.13,2.84,2.62,2.39,3.57,4.95,45,12
w_HQL2_S1_G17,88,0.7902,0.7107,0.9858,1,1.62,1,4.61,1,2.9,1,1.72,5.12,0.84,2.91,4.64,2.13,40,12
w_HQL2_S1_G17,89,0.7894,0.8084,0.9836,0,6.6,0,10.56,1,2.42,0,3.3,1.24,0.68,1.09,2.65,6.54,36,13
w_HQL2_S1_G17,9,0.8311,0.811,0.988,1,2.22,1,3.57,1,2.46,1,2.88,1.86,2.73,3.34,4.6,3.4,42,13
w_HQL2_S1_G17,90,0.7885,0.7117,0.9783,0,7.97,0,20.69,1,1.7,0,1.78,4.87,2.37,2.63,8.56,7.68,28,9
w_HQL2_S1_G17,91,0.787,0.7888,0.9812,0,5.07,0,11.48,1,3.38,0,1.79,6.23,0.91,2.59,4.75,6.03,43,14
w_HQL2_S1_G17,92,0.7868,0.6697,0.9803,1,3.18,1,4.55,1,3.13,1,1.89,3.85,2.26,1.7,3.58,4.58,38,11
w_HQL2_S1_G17,93,0.7861,0.7479,0.9822,0,6.7,0,13.77,1,1.61,0,2.07,6.12,0.77,1.18,4.36,6.66,42,15
w_HQL2_S1_G17,94,0.7837,0.6447,0.9796,1,3.13,1,3.64,1,2.66,1,1.73,5.05,2.0,2.56,2.32,4.8,40,12
w_HQL2_S1_G17,95,0.7783,0.6809,0.9827,1,3.45,1,4.05,1,3.34,1,2.17,5.23,2.83,3.66,5.13,4.11,42,13
w_HQL2_S1_G17,96,0.7776,0.7701,0.981,0,6.93,0,11.2,1,3.06,0,1.8,4.37,1.69,2.37,3.82,7.08,38,13
w_HQL2_S1_G17,97,0.7772,0.6794,0.9823,1,3.36,0,5.07,1,2.68,0,3.74,6.5,2.22,2.85,3.98,4.22,39,13
w_HQL2_S1_G17,98,0.768,0.716,0.9813,1,4.95,0,11.57,1,2.29,0,2.21,2.51,1.84,3.02,9.67,4.95,31,9
w_HQL2_S1_G17,99,0.7673,0.6303,0.9787,1,3.14,0,5.57,1,2.81,0,1.86,4.41,3.21,2.51,4.0,5.06,37,12
w_TrackF_r1_S1_G17,0,0.8342,0.8465,0.9894,1,1.4,0,19.94,0,30.78,0,25.5,31.9,1.58,5.88,12.77,2.78,34,11
w_TrackF_r1_S1_G17,1,0.8259,0.8247,0.9889,1,2.88,1,3.6,1,0.92,1,2.43,3.62,0.87,3.1,3.77,4.16,43,12
w_TrackF_r1_S1_G17,10,0.8185,0.8151,0.9888,1,4.24,1,4.59,1,1.3,1,3.2,2.67,1.98,2.34,5.23,5.23,42,14
w_TrackF_r1_S1_G17,11,0.8182,0.8164,0.9884,1,3.09,1,3.01,1,1.36,1,3.87,7.31,1.49,2.29,5.1,3.3,44,13
w_TrackF_r1_S1_G17,12,0.8178,0.8646,0.9908,1,3.46,1,3.91,1,2.22,1,4.35,2.77,2.17,1.98,5.91,4.85,43,14
w_TrackF_r1_S1_G17,13,0.8164,0.823,0.9869,1,2.46,0,12.17,0,20.2,0,12.85,17.71,2.37,2.95,3.15,1.69,30,10
w_TrackF_r1_S1_G17,14,0.8161,0.8211,0.9894,1,3.13,1,3.23,1,1.96,1,3.9,2.81,2.82,3.93,4.92,4.97,42,14
w_TrackF_r1_S1_G17,15,0.8157,0.8078,0.9882,1,3.05,1,4.28,1,2.35,1,2.05,4.69,0.79,5.23,2.63,4.75,44,12
w_TrackF_r1_S1_G17,16,0.8157,0.8005,0.988,1,2.61,1,3.38,1,2.38,1,2.97,4.84,1.13,4.15,5.22,3.88,40,14
w_TrackF_r1_S1_G17,17,0.8156,0.8122,0.9861,1,1.88,1,3.57,1,1.72,1,2.62,3.22,2.54,3.24,3.78,3.46,36,13
w_TrackF_r1_S1_G17,18,0.8156,0.8733,0.9888,0,6.13,0,5.83,0,32.44,0,33.79,33.23,1.47,5.46,5.01,6.08,24,10
w_TrackF_r1_S1_G17,19,0.8154,0.826,0.99,1,2.15,1,4.38,1,0.93,1,3.73,3.52,2.94,3.56,4.63,5.04,36,11
w_TrackF_r1_S1_G17,2,0.8233,0.8387,0.9904,1,3.59,0,5.16,1,3.43,0,2.65,2.63,2.17,1.98,3.81,5.21,39,11
w_TrackF_r1_S1_G17,20,0.8147,0.8484,0.9906,1,3.01,1,2.31,1,4.95,1,2.34,2.65,2.41,2.37,4.75,5.27,40,13
w_TrackF_r1_S1_G17,21,0.8146,0.8007,0.9886,1,2.65,1,3.35,1,1.72,1,2.53,2.5,2.2,2.64,4.66,4.19,37,13
w_TrackF_r1_S1_G17,22,0.8145,0.7883,0.9866,1,2.07,1,2.62,1,2.25,1,2.17,2.49,1.59,2.87,6.0,4.28,38,13
w_TrackF_r1_S1_G17,23,0.8143,0.8526,0.9864,0,7.29,1,4.16,0,33.98,0,33.48,35.74,2.54,5.0,5.74,7.71,17,9
w_TrackF_r1_S1_G17,24,0.8137,0.8353,0.9894,1,2.96,1,3.51,1,3.35,1,1.0,4.99,0.5,4.36,5.9,4.38,49,14
w_TrackF_r1_S1_G17,25,0.8136,0.8065,0.9887,1,2.71,0,5.44,1,3.84,0,2.48,1.55,2.65,2.88,3.57,5.05,38,14
w_TrackF_r1_S1_G17,26,0.8127,0.8328,0.9893,1,2.17,1,4.58,1,3.08,1,3.86,4.2,2.39,2.52,3.53,4.38,46,13
w_TrackF_r1_S1_G17,27,0.8126,0.7831,0.987,1,3.47,1,2.68,1,1.97,1,2.63,3.0,3.1,2.27,5.27,4.91,37,12
w_TrackF_r1_S1_G17,28,0.8119,0.774,0.9872,1,2.69,1,3.56,1,1.87,1,5.72,3.93,2.14,2.08,5.35,3.81,39,13
w_TrackF_r1_S1_G17,29,0.8112,0.7711,0.9862,1,1.87,1,3.22,1,1.65,1,2.3,3.01,1.35,3.18,4.51,2.82,44,15
w_TrackF_r1_S1_G17,3,0.8217,0.8224,0.9896,1,2.48,1,3.76,1,2.03,1,3.13,4.06,1.0,2.53,5.23,3.09,40,13
w_TrackF_r1_S1_G17,30,0.8112,0.7933,0.9848,1,3.01,1,4.62,1,2.6,1,2.73,4.28,1.14,1.83,4.62,4.41,43,13
w_TrackF_r1_S1_G17,31,0.8111,0.7986,0.9868,1,3.55,1,3.66,1,2.26,1,2.04,2.68,2.61,4.13,4.4,4.94,43,13
w_TrackF_r1_S1_G17,32,0.8108,0.7932,0.9862,1,3.64,1,3.91,1,2.46,1,1.35,4.58,2.12,4.75,4.56,4.86,45,13
w_TrackF_r1_S1_G17,33,0.8108,0.8365,0.9892,1,2.23,1,3.17,1,2.3,1,2.68,3.08,2.49,5.05,3.15,3.09,48,14
w_TrackF_r1_S1_G17,34,0.8103,0.7585,0.9888,1,2.41,1,4.69,0,40.07,0,30.69,37.57,2.35,3.09,4.64,2.52,44,14
w_TrackF_r1_S1_G17,35,0.8101,0.7828,0.9876,1,2.76,1,3.04,0,5.34,0,1.81,3.69,1.58,2.67,6.12,4.28,40,14
w_TrackF_r1_S1_G17,36,0.8094,0.7854,0.9859,1,3.03,1,3.53,1,2.76,1,2.05,3.06,2.37,4.01,4.23,4.69,46,15
w_TrackF_r1_S1_G17,37,0.8093,0.8024,0.9881,1,2.5,1,3.03,0,7.46,0,8.23,10.38,2.34,5.67,7.02,4.7,29,10
w_TrackF_r1_S1_G17,38,0.8089,0.7794,0.9868,1,4.24,1,3.37,1,1.95,1,2.92,2.92,2.24,2.39,4.82,4.75,40,13
w_TrackF_r1_S1_G17,39,0.8088,0.8049,0.9887,1,3.09,1,2.85,1,1.97,1,3.05,3.12,2.63,3.29,3.72,4.35,51,15
w_TrackF_r1_S1_G17,4,0.8215,0.8285,0.9888,1,3.03,1,4.26,1,0.43,1,5.05,4.24,0.64,3.46,3.61,4.13,44,12
w_TrackF_r1_S1_G17,40,0.8075,0.7772,0.9856,1,3.13,1,3.2,1,4.07,1,4.32,5.68,2.65,2.33,3.86,5.15,45,15
w_TrackF_r1_S1_G17,41,0.8065,0.7866,0.9874,1,3.34,1,3.82,1,2.19,1,2.25,3.66,2.06,1.87,4.34,4.38,42,15
w_TrackF_r1_S1_G17,42,0.8063,0.7763,0.9863,1,1.98,1,4.15,1,2.35,1,3.1,3.39,2.07,1.36,4.32,2.62,37,10
w_TrackF_r1_S1_G17,43,0.8061,0.7822,0.9861,1,3.68,1,3.51,1,2.39,1,2.8,4.56,2.32,1.48,4.51,4.5,48,14
w_TrackF_r1_S1_G17,44,0.8059,0.7959,0.9863,1,3.02,1,2.98,1,2.71,1,2.16,4.94,2.2,4.19,5.15,3.92,44,14
w_TrackF_r1_S1_G17,45,0.8058,0.7954,0.9881,1,3.75,0,5.57,1,2.72,0,3.11,2.26,2.38,2.65,4.79,5.49,42,13
w_TrackF_r1_S1_G17,46,0.8058,0.7842,0.9869,1,3.76,1,3.43,1,1.74,1,3.01,1.55,1.5,1.07,3.96,4.26,49,13
w_TrackF_r1_S1_G17,47,0.8046,0.7737,0.9871,1,1.73,0,13.61,0,31.55,0,24.36,30.8,1.38,2.9,5.8,2.77,31,10
w_TrackF_r1_S1_G17,48,0.8041,0.7165,0.9859,1,1.91,0,16.87,0,34.24,0,27.99,34.39,3.02,6.25,11.43,2.0,38,12
w_TrackF_r1_S1_G17,49,0.804,0.7512,0.9839,1,1.91,0,17.91,0,30.56,0,23.82,31.67,1.73,5.35,10.6,2.56,41,12
w_TrackF_r1_S1_G17,5,0.8206,0.8784,0.9881,0,5.3,0,7.31,0,27.47,0,29.88,29.23,3.2,4.28,5.46,6.31,25,12
w_TrackF_r1_S1_G17,50,0.8038,0.862,0.9854,1,3.86,0,8.77,1,2.52,0,2.14,4.22,3.2,2.61,3.27,3.23,45,17
w_TrackF_r1_S1_G17,51,0.8038,0.8009,0.989,1,2.88,1,3.8,1,1.84,1,3.1,5.48,2.12,3.7,4.25,4.19,44,14
w_TrackF_r1_S1_G17,52,0.8031,0.7799,0.9868,1,1.06,0,18.78,0,31.59,0,22.7,30.51,2.27,5.15,6.56,2.29,30,11
w_TrackF_r1_S1_G17,53,0.8031,0.7662,0.9852,1,2.28,1,3.47,1,1.8,1,3.85,3.28,1.47,3.26,4.35,3.4,38,11
w_TrackF_r1_S1_G17,54,0.8029,0.8091,0.9869,1,2.33,1,4.05,1,2.14,1,2.13,1.88,1.61,2.39,4.15,4.45,42,14
w_TrackF_r1_S1_G17,55,0.8028,0.7779,0.9857,1,2.6,1,3.89,1,2.08,1,3.04,3.68,2.1,2.35,3.37,4.38,42,11
w_TrackF_r1_S1_G17,56,0.8027,0.7841,0.9876,1,3.03,1,3.51,1,3.29,1,2.82,5.69,0.71,2.46,4.91,3.89,43,14
w_TrackF_r1_S1_G17,57,0.8025,0.8599,0.9901,1,2.61,1,4.68,1,2.55,1,3.07,2.55,1.64,1.07,4.93,2.16,54,17
w_TrackF_r1_S1_G17,58,0.8023,0.7531,0.9854,1,3.73,1,3.71,1,2.6,1,2.28,3.74,2.69,2.89,5.72,4.49,46,15
w_TrackF_r1_S1_G17,59,0.8015,0.7795,0.9859,1,3.32,1,4.17,1,2.79,1,2.53,1.33,2.03,2.42,3.08,4.36,45,15
w_TrackF_r1_S1_G17,6,0.8199,0.8715,0.9913,1,2.86,1,4.53,1,2.44,1,3.12,4.34,2.74,3.69,4.08,4.08,46,13
w_TrackF_r1_S1_G17,60,0.8008,0.7698,0.9855,1,3.08,1,2.75,1,4.13,1,2.43,2.81,2.32,3.21,4.19,4.68,43,14
w_TrackF_r1_S1_G17,61,0.8005,0.7651,0.9846,1,3.43,1,3.28,1,2.19,1,2.87,6.29,1.52,4.32,5.38,4.77,39,13
w_TrackF_r1_S1_G17,62,0.8005,0.9081,0.9901,1,4.73,0,11.62,0,24.66,0,19.23,25.74,2.02,4.15,4.5,6.23,32,15
w_TrackF_r1_S1_G17,63,0.7999,0.8811,0.988,1,4.52,0,13.5,0,29.35,0,19.04,25.68,1.02,3.08,2.67,3.73,32,12
w_TrackF_r1_S1_G17,64,0.7992,0.7811,0.9868,1,2.93,1,2.62,1,1.99,1,2.07,4.37,3.16,3.27,5.7,4.9,43,13
w_TrackF_r1_S1_G17,65,0.7978,0.743,0.9839,1,3.19,1,4.35,0,5.87,0,1.63,3.08,1.56,1.84,4.76,4.65,41,13
w_TrackF_r1_S1_G17,66,0.7975,0.7808,0.9872,1,2.55,1,4.0,1,3.43,1,1.78,3.94,2.17,2.38,4.15,4.48,36,12
w_TrackF_r1_S1_G17,67,0.7958,0.7467,0.9865,1,2.98,1,3.76,1,2.22,1,2.13,2.48,2.27,2.02,4.56,4.3,42,13
w_TrackF_r1_S1_G17,68,0.7945,0.7927,0.9872,1,3.41,1,3.83,1,3.08,1,3.38,2.21,1.72,3.26,3.86,4.57,50,14
w_TrackF_r1_S1_G17,69,0.7935,0.7308,0.987,1,2.7,1,3.94,1,3.52,1,1.73,4.61,1.22,2.48,5.63,4.08,41,14
w_TrackF_r1_S1_G17,7,0.8192,0.8348,0.9891,1,2.54,1,3.42,1,3.2,1,3.68,7.51,1.76,1.06,4.97,4.55,43,14
w_TrackF_r1_S1_G17,70,0.7929,0.8773,0.9879,0,7.34,1,4.42,0,32.59,0,34.65,34.69,1.79,5.28,4.61,6.2,23,13
w_TrackF_r1_S1_G17,71,0.7916,0.7524,0.9843,1,2.73,1,4.53,1,1.91,1,2.75,2.77,2.59,4.71,4.59,4.71,38,12
w_TrackF_r1_S1_G17,72,0.7916,0.6827,0.9821,1,1.42,0,21.97,0,25.72,0,19.1,25.48,1.18,7.83,13.43,2.43,42,12
w_TrackF_r1_S1_G17,73,0.7911,0.8276,0.9874,0,5.29,0,19.58,0,26.19,0,15.22,21.24,1.09,3.65,10.08,6.28,21,10
w_TrackF_r1_S1_G17,74,0.791,0.7592,0.9846,1,3.28,1,3.73,0,19.9,0,14.06,21.01,1.95,3.73,4.2,4.24,45,11
w_TrackF_r1_S1_G17,75,0.7899,0.7513,0.9848,1,1.84,1,3.0,0,22.33,0,14.24,22.41,1.9,2.35,5.01,3.74,39,13
w_TrackF_r1_S1_G17,76,0.7894,0.7311,0.9833,1,2.7,1,3.75,1,3.44,1,1.8,7.01,0.4,4.03,4.29,4.13,44,14
w_TrackF_r1_S1_G17,77,0.7891,0.818,0.9801,0,5.79,0,13.95,1,2.72,0,3.24,5.84,2.02,2.74,3.8,4.81,51,20
w_TrackF_r1_S1_G17,78,0.7883,0.7406,0.9859,1,3.13,1,4.32,1,1.58,1,4.66,4.51,2.12,2.35,3.86,3.24,45,12
w_TrackF_r1_S1_G17,79,0.7881,0.8358,0.9856,1,2.33,0,5.44,1,2.35,0,2.06,6.73,3.04,2.9,2.09,2.59,49,19
w_TrackF_r1_S1_G17,8,0.8188,0.7819,0.9854,1,4.02,0,12.56,0,29.4,0,21.21,27.97,2.69,3.52,3.39,3.68,26,11
w_TrackF_r1_S1_G17,80,0.788,0.7211,0.9834,1,3.05,1,4.61,1,3.04,1,3.08,3.72,0.44,2.21,3.76,3.14,43,13
w_TrackF_r1_S1_G17,81,0.7869,0.7622,0.9857,1,2.27,1,3.73,1,4.08,1,3.2,6.53,1.99,3.51,4.16,3.45,55,16
w_TrackF_r1_S1_G17,82,0.7859,0.7856,0.9896,0,6.25,1,2.19,0,41.11,0,34.34,38.75,2.95,2.47,5.02,6.15,25,9
w_TrackF_r1_S1_G17,83,0.7841,0.7601,0.9855,1,3.37,1,3.2,1,3.27,1,4.2,2.69,1.26,2.47,4.8,4.61,45,15
w_TrackF_r1_S1_G17,84,0.7837,0.7239,0.9853,1,2.33,1,4.79,1,2.85,1,2.64,3.3,2.56,3.14,4.26,3.16,47,14
w_TrackF_r1_S1_G17,85,0.7837,0.7284,0.9843,1,2.35,0,5.14,1,2.46,0,1.69,6.61,0.78,1.56,4.33,4.11,45,13
w_TrackF_r1_S1_G17,86,0.7797,0.6893,0.9829,1,1.24,0,18.72,0,33.84,0,25.1,31.0,1.53,1.65,5.8,2.66,28,11
w_TrackF_r1_S1_G17,87,0.7759,0.6789,0.9838,1,3.37,1,3.6,1,4.05,1,4.46,3.95,2.1,2.62,4.22,4.14,38,13
w_TrackF_r1_S1_G17,88,0.7727,0.6879,0.9831,1,2.75,1,2.79,1,1.84,1,2.99,5.3,0.62,1.52,3.45,4.02,44,13
w_TrackF_r1_S1_G17,89,0.7722,0.6853,0.9834,1,3.79,0,5.07,1,0.92,0,3.71,4.95,1.61,3.58,4.44,4.77,44,12
w_TrackF_r1_S1_G17,9,0.8187,0.9308,0.9888,1,3.79,0,15.39,0,25.3,0,13.97,20.99,2.23,3.33,6.8,2.87,34,16
w_TrackF_r1_S1_G17,90,0.7678,0.6798,0.9818,1,2.85,1,3.13,1,1.75,1,3.14,1.74,1.85,3.46,4.57,4.54,40,11
w_TrackF_r1_S1_G17,91,0.7667,0.777,0.9859,0,5.43,0,12.75,0,26.44,0,18.23,25.85,2.12,3.79,4.03,6.35,35,13
w_TrackF_r1_S1_G17,92,0.766,0.6356,0.9826,1,1.83,0,9.87,0,30.28,0,21.56,28.28,1.43,3.82,3.61,2.14,38,11
w_TrackF_r1_S1_G17,93,0.7633,0.7856,0.9848,0,6.67,0,11.68,0,24.18,0,19.94,26.44,2.73,4.77,6.14,7.29,32,12
w_TrackF_r1_S1_G17,94,0.7607,0.7179,0.9828,1,1.72,0,6.67,0,38.73,0,29.89,37.62,0.95,2.44,2.3,0.7,56,16
w_TrackF_r1_S1_G17,95,0.7587,0.609,0.9843,1,2.17,0,9.77,0,38.43,0,31.26,37.77,2.32,3.21,5.67,1.07,34,11
w_TrackF_r1_S1_G17,96,0.7448,0.6933,0.9847,1,1.59,0,14.65,0,40.38,0,32.14,38.6,2.13,3.88,3.08,2.6,57,17
w_TrackF_r1_S1_G17,97,0.7444,0.7042,0.9803,1,3.7,0,13.51,1,2.74,0,3.19,5.25,3.05,3.03,2.73,3.37,46,18
w_TrackF_r1_S1_G17,98,0.7384,0.5939,0.9869,1,2.52,0,15.95,0,38.58,0,31.73,38.5,2.25,3.53,3.9,2.71,39,12
w_TrackF_r1_S1_G17,99,0.7346,0.5442,0.9773,1,2.17,0,15.21,0,20.31,0,12.22,17.62,2.76,3.48,4.37,2.81,29,11
d_F88F_M255M_Y217Y_OFF_T_G17,0,0.8705,0.916,0.9908,0,6.07,0,11.7,1,3.4,0,2.74,2.52,2.0,3.67,3.55,6.02,51,15
d_F88F_M255M_Y217Y_OFF_T_G17,1,0.8701,0.9295,0.9914,0,6.07,0,11.71,1,2.52,0,4.08,3.86,1.48,4.4,4.71,6.2,51,19
d_F88F_M255M_Y217Y_OFF_T_G17,10,0.86,0.9377,0.9906,1,2.95,0,11.5,1,2.28,0,7.1,2.99,3.5,5.95,3.56,4.52,49,16
d_F88F_M255M_Y217Y_OFF_T_G17,11,0.8589,0.9471,0.9939,0,5.69,0,11.98,1,2.02,0,8.29,7.88,2.15,3.94,1.46,6.45,43,21
d_F88F_M255M_Y217Y_OFF_T_G17,12,0.8578,0.9132,0.9907,0,6.39,0,12.31,0,6.0,0,14.22,12.57,3.53,3.64,0.96,6.49,38,20
d_F88F_M255M_Y217Y_OFF_T_G17,13,0.8566,0.9234,0.9909,1,4.05,0,14.34,0,44.27,0,41.34,43.53,3.97,4.86,6.38,4.96,31,11
d_F88F_M255M_Y217Y_OFF_T_G17,14,0.8549,0.8903,0.9897,0,5.64,0,11.97,0,8.26,0,5.58,11.74,2.27,5.57,4.13,6.32,46,17
d_F88F_M255M_Y217Y_OFF_T_G17,15,0.8548,0.9301,0.9888,1,4.06,0,13.14,0,30.41,0,26.71,30.56,3.65,3.91,4.78,2.35,59,18
d_F88F_M255M_Y217Y_OFF_T_G17,16,0.8544,0.9221,0.9914,1,3.83,0,16.87,0,40.96,0,38.96,42.55,6.48,6.4,10.4,3.46,23,10
d_F88F_M255M_Y217Y_OFF_T_G17,17,0.8537,0.9015,0.9911,0,6.76,0,11.23,1,2.61,0,6.34,5.57,1.4,3.44,3.75,6.39,45,16
d_F88F_M255M_Y217Y_OFF_T_G17,18,0.8532,0.9184,0.992,0,6.54,0,12.14,1,2.78,0,8.33,6.83,1.82,6.37,3.85,6.71,37,18
d_F88F_M255M_Y217Y_OFF_T_G17,19,0.853,0.9023,0.9907,1,4.41,0,24.45,0,33.01,0,31.01,35.35,2.87,2.24,3.55,4.83,50,14
d_F88F_M255M_Y217Y_OFF_T_G17,2,0.87,0.936,0.9926,0,6.01,0,11.75,0,6.56,0,2.83,2.08,1.78,4.7,4.56,6.38,46,17
d_F88F_M255M_Y217Y_OFF_T_G17,20,0.8516,0.9364,0.9914,1,4.12,0,15.31,0,29.04,0,27.84,29.86,4.99,3.61,4.14,4.27,52,18
d_F88F_M255M_Y217Y_OFF_T_G17,21,0.8513,0.8681,0.99,1,3.66,0,19.78,0,34.87,0,38.44,38.6,3.87,4.89,3.38,3.7,48,14
d_F88F_M255M_Y217Y_OFF_T_G17,22,0.8511,0.8816,0.9906,1,4.36,0,23.75,0,29.33,0,34.81,32.13,2.6,3.97,3.2,4.84,45,15
d_F88F_M255M_Y217Y_OFF_T_G17,23,0.851,0.9318,0.9905,0,5.52,0,13.16,0,42.01,0,37.53,39.04,4.97,4.19,4.35,5.77,28,12
d_F88F_M255M_Y217Y_OFF_T_G17,24,0.8502,0.8915,0.9902,1,3.72,0,19.23,0,34.81,0,34.63,36.29,4.76,4.52,3.28,3.81,59,15
d_F88F_M255M_Y217Y_OFF_T_G17,25,0.8488,0.8842,0.99,0,5.03,0,27.05,0,32.81,0,37.56,36.28,3.24,3.16,3.59,5.63,41,16
d_F88F_M255M_Y217Y_OFF_T_G17,26,0.8481,0.9297,0.9926,1,3.46,0,12.9,0,41.2,0,40.17,40.01,2.66,4.7,1.57,5.06,50,15
d_F88F_M255M_Y217Y_OFF_T_G17,27,0.8475,0.9238,0.9909,0,6.03,0,15.82,1,4.45,0,11.79,5.8,2.73,3.47,3.74,5.85,46,16
d_F88F_M255M_Y217Y_OFF_T_G17,28,0.8473,0.9247,0.991,0,6.54,0,11.61,0,30.33,0,28.86,33.59,2.04,4.85,3.32,6.56,29,11
d_F88F_M255M_Y217Y_OFF_T_G17,29,0.8466,0.9484,0.9916,0,8.49,0,11.79,0,39.06,0,34.66,37.83,6.51,2.34,2.95,7.38,36,17
d_F88F_M255M_Y217Y_OFF_T_G17,3,0.8673,0.9223,0.9912,1,4.58,0,13.0,0,10.23,0,6.86,5.17,4.01,4.96,3.12,5.52,45,17
d_F88F_M255M_Y217Y_OFF_T_G17,30,0.8465,0.8915,0.9895,0,5.53,0,12.18,1,2.16,0,6.27,3.18,2.89,6.29,1.37,6.2,42,13
d_F88F_M255M_Y217Y_OFF_T_G17,31,0.8461,0.9375,0.9937,0,6.13,0,11.55,0,6.21,0,5.47,10.15,2.36,4.4,2.84,5.9,37,16
d_F88F_M255M_Y217Y_OFF_T_G17,32,0.8457,0.9138,0.9912,0,5.73,0,11.73,0,5.63,0,12.33,10.53,2.1,4.58,4.18,6.26,63,18
d_F88F_M255M_Y217Y_OFF_T_G17,33,0.8454,0.8936,0.988,0,5.65,0,11.68,0,8.76,0,15.97,15.5,2.34,3.99,3.32,6.66,50,18
d_F88F_M255M_Y217Y_OFF_T_G17,34,0.8436,0.8922,0.9881,0,5.82,0,12.35,0,5.87,0,13.14,12.12,3.41,4.1,3.43,6.09,49,19
d_F88F_M255M_Y217Y_OFF_T_G17,35,0.8434,0.9144,0.991,0,5.65,0,14.74,0,41.29,0,37.72,39.29,5.45,5.23,4.22,6.97,28,12
d_F88F_M255M_Y217Y_OFF_T_G17,36,0.8419,0.9411,0.9907,1,3.8,0,13.78,1,1.29,0,4.51,2.25,2.96,3.79,3.0,2.04,51,17
d_F88F_M255M_Y217Y_OFF_T_G17,37,0.8415,0.8713,0.9885,0,9.02,0,24.65,0,33.57,0,38.88,36.03,8.66,4.38,4.86,18.01,21,10
d_F88F_M255M_Y217Y_OFF_T_G17,38,0.8412,0.9235,0.9901,1,4.83,0,22.09,0,28.53,0,30.51,31.11,3.53,3.47,2.59,5.08,49,18
d_F88F_M255M_Y217Y_OFF_T_G17,39,0.8399,0.9446,0.9897,1,4.67,0,18.83,0,33.54,0,28.68,31.61,4.47,2.48,3.95,6.46,56,19
d_F88F_M255M_Y217Y_OFF_T_G17,4,0.8663,0.9082,0.9904,0,8.48,0,17.52,0,34.5,0,30.19,37.51,11.89,6.77,15.38,6.78,27,9
d_F88F_M255M_Y217Y_OFF_T_G17,40,0.8399,0.8359,0.9867,1,4.95,0,24.93,0,50.98,0,47.58,52.11,3.96,3.8,5.27,4.94,45,15
d_F88F_M255M_Y217Y_OFF_T_G17,41,0.8381,0.9454,0.9915,1,4.89,0,21.43,0,30.17,0,28.56,30.2,4.35,4.62,2.58,4.8,46,18
d_F88F_M255M_Y217Y_OFF_T_G17,42,0.8378,0.8463,0.9876,0,9.11,0,24.29,0,30.83,0,36.6,34.37,5.85,6.41,3.89,19.56,22,9
d_F88F_M255M_Y217Y_OFF_T_G17,43,0.8371,0.9147,0.9902,1,3.24,0,16.94,0,33.31,0,31.35,34.11,4.6,3.67,3.17,3.13,55,17
d_F88F_M255M_Y217Y_OFF_T_G17,44,0.8357,0.8917,0.9864,0,8.92,0,13.1,0,32.47,0,30.0,32.46,10.42,2.8,3.75,7.78,35,12
d_F88F_M255M_Y217Y_OFF_T_G17,45,0.8356,0.8695,0.9893,0,5.91,0,11.86,1,1.61,0,5.31,4.31,3.1,3.56,2.32,7.02,47,17
d_F88F_M255M_Y217Y_OFF_T_G17,46,0.8346,0.8826,0.9845,0,6.83,0,14.04,1,3.04,0,6.0,4.32,3.98,4.49,2.49,6.42,48,19
d_F88F_M255M_Y217Y_OFF_T_G17,47,0.8337,0.8694,0.9903,0,6.52,0,11.27,1,2.94,0,5.77,4.7,2.61,4.89,2.4,6.21,33,16
d_F88F_M255M_Y217Y_OFF_T_G17,48,0.8331,0.8289,0.9876,1,4.31,0,21.79,0,29.23,0,34.57,34.15,4.66,2.69,4.03,4.65,45,16
d_F88F_M255M_Y217Y_OFF_T_G17,49,0.8328,0.848,0.9888,1,3.87,0,12.12,0,7.71,0,14.94,10.72,3.96,2.37,3.99,4.55,40,13
d_F88F_M255M_Y217Y_OFF_T_G17,5,0.8656,0.8939,0.9886,1,2.24,0,22.05,0,13.93,0,23.49,20.7,3.05,2.2,4.99,3.61,47,12
d_F88F_M255M_Y217Y_OFF_T_G17,50,0.8324,0.8732,0.9887,1,3.99,0,20.87,0,29.32,0,30.24,32.35,3.33,3.38,3.88,4.22,48,17
d_F88F_M255M_Y217Y_OFF_T_G17,51,0.8317,0.9305,0.9912,0,5.58,0,24.52,0,24.49,0,16.47,24.17,3.58,5.22,5.99,5.08,40,14
d_F88F_M255M_Y217Y_OFF_T_G17,52,0.8312,0.8358,0.991,1,4.78,0,27.66,0,34.87,0,39.66,37.13,2.65,4.69,5.69,6.17,38,14
d_F88F_M255M_Y217Y_OFF_T_G17,53,0.8301,0.9027,0.9904,1,3.43,0,16.53,0,31.45,0,30.13,33.76,4.3,3.72,4.39,3.25,47,16
d_F88F_M255M_Y217Y_OFF_T_G17,54,0.8301,0.8565,0.9894,1,4.05,0,22.82,0,37.14,0,39.15,41.53,1.33,3.4,2.14,4.04,47,16
d_F88F_M255M_Y217Y_OFF_T_G17,55,0.8297,0.8994,0.9875,0,5.98,0,11.98,0,33.01,0,33.69,31.36,1.95,4.62,2.3,6.12,52,21
d_F88F_M255M_Y217Y_OFF_T_G17,56,0.8295,0.8949,0.99,0,5.72,0,19.36,0,34.35,0,31.68,36.25,3.76,3.51,1.96,5.31,51,15
d_F88F_M255M_Y217Y_OFF_T_G17,57,0.8293,0.8724,0.9865,0,9.37,0,13.65,0,29.21,0,26.3,27.66,9.04,3.29,7.53,7.27,26,11
d_F88F_M255M_Y217Y_OFF_T_G17,58,0.8285,0.9074,0.9904,1,3.71,0,21.13,0,39.54,0,38.1,38.06,4.48,3.75,7.82,4.1,42,13
d_F88F_M255M_Y217Y_OFF_T_G17,59,0.8276,0.9424,0.9914,0,5.63,0,15.05,0,13.31,0,16.62,19.12,3.91,2.93,3.56,6.15,39,17
d_F88F_M255M_Y217Y_OFF_T_G17,6,0.8648,0.9225,0.9908,1,2.18,0,12.13,1,1.98,0,4.3,3.3,3.23,4.9,2.33,4.14,51,17
d_F88F_M255M_Y217Y_OFF_T_G17,60,0.8274,0.8812,0.9892,0,6.45,0,13.65,1,1.7,0,5.77,5.17,2.42,5.8,2.34,6.7,34,16
d_F88F_M255M_Y217Y_OFF_T_G17,61,0.8259,0.8669,0.9902,1,4.29,0,25.06,0,36.13,0,38.8,39.34,2.76,4.27,4.37,5.02,47,13
d_F88F_M255M_Y217Y_OFF_T_G17,62,0.8256,0.8639,0.9908,1,4.49,0,25.16,0,36.14,0,37.79,40.45,3.5,2.98,2.5,4.84,47,16
d_F88F_M255M_Y217Y_OFF_T_G17,63,0.8247,0.8436,0.9899,1,4.88,0,27.81,0,34.21,0,39.32,38.44,3.72,4.67,5.1,5.16,36,14
d_F88F_M255M_Y217Y_OFF_T_G17,64,0.8244,0.9215,0.9885,0,6.07,0,12.16,0,8.42,0,14.69,12.45,3.88,3.8,3.25,5.58,42,15
d_F88F_M255M_Y217Y_OFF_T_G17,65,0.8231,0.9424,0.9908,0,6.06,0,26.46,0,14.14,0,9.49,13.88,3.39,3.72,2.29,4.68,49,18
d_F88F_M255M_Y217Y_OFF_T_G17,66,0.8225,0.9087,0.9904,0,6.06,0,11.44,0,26.36,0,23.9,28.14,4.25,4.26,5.54,4.67,36,13
d_F88F_M255M_Y217Y_OFF_T_G17,67,0.8216,0.8854,0.9879,1,2.61,0,25.62,1,4.45,0,12.48,6.98,1.99,1.78,3.42,5.38,51,20
d_F88F_M255M_Y217Y_OFF_T_G17,68,0.8207,0.7593,0.9847,0,6.01,0,12.16,1,2.86,0,5.72,4.82,2.63,3.56,3.94,6.05,43,17
d_F88F_M255M_Y217Y_OFF_T_G17,69,0.8199,0.8407,0.9845,1,4.97,0,11.32,1,1.83,0,9.91,9.02,3.37,3.56,3.75,4.12,48,17
d_F88F_M255M_Y217Y_OFF_T_G17,7,0.8644,0.9402,0.9933,0,5.68,0,12.34,1,4.89,0,13.96,10.38,2.37,3.9,2.91,5.82,57,19
d_F88F_M255M_Y217Y_OFF_T_G17,70,0.8196,0.8832,0.9896,1,4.45,0,17.95,0,25.36,0,23.45,28.4,3.39,3.66,4.89,6.17,49,21
d_F88F_M255M_Y217Y_OFF_T_G17,71,0.8189,0.7993,0.986,0,6.89,0,15.37,0,44.35,0,40.79,42.47,4.07,3.18,5.28,5.88,33,13
d_F88F_M255M_Y217Y_OFF_T_G17,72,0.8178,0.8966,0.9902,1,2.77,0,23.47,0,11.73,0,10.69,15.65,5.0,5.61,9.36,3.45,20,7
d_F88F_M255M_Y217Y_OFF_T_G17,73,0.8168,0.8664,0.9887,1,4.48,0,24.57,0,25.13,0,29.71,31.06,5.04,3.8,7.22,5.04,24,7
d_F88F_M255M_Y217Y_OFF_T_G17,74,0.8167,0.8573,0.9879,1,4.27,0,25.1,0,34.72,0,34.46,33.77,3.11,4.42,2.67,4.91,47,15
d_F88F_M255M_Y217Y_OFF_T_G17,75,0.8157,0.8769,0.9877,0,5.77,0,17.38,0,38.33,0,34.36,36.4,4.8,4.96,8.2,6.3,39,14
d_F88F_M255M_Y217Y_OFF_T_G17,76,0.8154,0.8719,0.9866,1,4.21,0,10.72,0,18.27,0,21.96,25.87,4.82,4.15,0.95,3.87,37,16
d_F88F_M255M_Y217Y_OFF_T_G17,77,0.815,0.8436,0.9909,0,5.31,0,16.21,0,45.17,0,45.84,43.57,3.33,4.87,4.26,5.58,47,14
d_F88F_M255M_Y217Y_OFF_T_G17,78,0.8148,0.846,0.9869,0,8.76,0,22.27,0,20.29,0,18.33,23.64,6.54,4.55,4.31,7.63,15,8
d_F88F_M255M_Y217Y_OFF_T_G17,79,0.8135,0.8759,0.9886,1,2.82,0,9.52,1,1.5,0,6.66,4.49,4.16,3.42,0.88,4.78,45,16
d_F88F_M255M_Y217Y_OFF_T_G17,8,0.8634,0.9313,0.9927,0,6.43,0,11.38,1,4.77,0,7.49,4.66,2.44,4.32,3.96,6.32,49,17
d_F88F_M255M_Y217Y_OFF_T_G17,80,0.8096,0.8945,0.9891,0,5.29,0,11.42,0,17.37,0,14.64,19.96,4.57,4.18,2.59,6.11,38,15
d_F88F_M255M_Y217Y_OFF_T_G17,81,0.809,0.8132,0.9901,1,3.8,0,20.19,0,31.47,0,33.1,33.77,3.17,2.78,3.08,4.28,48,16
d_F88F_M255M_Y217Y_OFF_T_G17,82,0.8082,0.8658,0.9881,0,6.23,0,16.83,0,43.84,0,40.83,43.13,5.0,4.68,5.55,7.03,22,10
d_F88F_M255M_Y217Y_OFF_T_G17,83,0.8072,0.8913,0.9913,1,4.13,0,24.93,0,17.95,0,12.98,19.3,3.76,2.77,9.52,4.6,22,7
d_F88F_M255M_Y217Y_OFF_T_G17,84,0.8069,0.9116,0.9908,1,3.59,0,16.26,0,17.88,0,11.02,16.24,4.46,4.11,2.16,3.89,30,13
d_F88F_M255M_Y217Y_OFF_T_G17,85,0.8067,0.8054,0.9881,0,5.26,0,26.84,0,35.69,0,35.95,39.62,2.59,4.37,2.81,4.85,42,14
d_F88F_M255M_Y217Y_OFF_T_G17,86,0.8056,0.8678,0.9873,1,4.72,0,25.5,0,18.96,0,22.73,25.56,3.78,5.04,8.51,3.08,35,13
d_F88F_M255M_Y217Y_OFF_T_G17,87,0.8053,0.8226,0.9842,0,6.24,0,28.01,0,13.92,0,7.68,13.99,2.2,3.93,1.83,6.46,45,14
d_F88F_M255M_Y217Y_OFF_T_G17,88,0.8008,0.7629,0.9886,1,3.79,0,25.07,0,34.32,0,35.09,39.54,2.4,4.39,2.29,4.91,48,15
d_F88F_M255M_Y217Y_OFF_T_G17,89,0.8007,0.7772,0.9838,0,5.73,0,15.0,0,37.8,0,35.24,35.85,4.68,4.23,3.59,4.41,36,13
d_F88F_M255M_Y217Y_OFF_T_G17,9,0.862,0.8871,0.9893,0,5.13,0,10.26,1,4.73,0,6.99,6.6,2.78,3.77,3.64,6.03,51,16
d_F88F_M255M_Y217Y_OFF_T_G17,90,0.7997,0.8332,0.9842,0,5.75,0,10.91,1,1.97,0,7.97,6.04,4.21,3.17,1.85,4.77,39,18
d_F88F_M255M_Y217Y_OFF_T_G17,91,0.7896,0.7369,0.9834,1,4.81,0,23.88,0,33.82,0,35.57,38.34,0.75,3.43,3.11,5.46,51,14
d_F88F_M255M_Y217Y_OFF_T_G17,92,0.7893,0.7018,0.9823,0,10.92,0,25.12,0,34.07,0,37.31,35.97,7.03,5.13,5.18,18.65,18,9
d_F88F_M255M_Y217Y_OFF_T_G17,93,0.7885,0.8151,0.9871,0,10.09,0,19.36,0,20.21,0,18.77,23.78,7.42,2.44,3.6,7.96,18,9
d_F88F_M255M_Y217Y_OFF_T_G17,94,0.788,0.8189,0.9837,0,6.05,0,14.98,0,41.71,0,35.67,40.76,4.29,3.64,4.01,6.21,56,20
d_F88F_M255M_Y217Y_OFF_T_G17,95,0.7863,0.8084,0.9878,1,4.84,0,28.81,0,12.28,0,15.05,13.27,3.61,2.35,5.63,5.94,48,14
d_F88F_M255M_Y217Y_OFF_T_G17,96,0.7826,0.7413,0.9854,0,5.13,0,10.11,0,28.7,0,24.53,29.72,3.79,4.41,2.66,4.87,35,14
d_F88F_M255M_Y217Y_OFF_T_G17,97,0.7811,0.6676,0.9827,1,3.85,0,13.74,0,46.08,0,41.1,44.33,3.83,2.49,6.13,6.13,37,13
d_F88F_M255M_Y217Y_OFF_T_G17,98,0.7585,0.7416,0.9886,0,6.47,0,14.07,0,31.08,0,26.84,30.11,5.07,4.77,4.14,7.19,49,16
d_F88F_M255M_Y217Y_OFF_T_G17,99,0.7446,0.6077,0.982,1,4.63,0,22.12,0,6.79,0,3.73,2.35,2.32,2.59,1.31,2.45,62,18
d_F88K_M255M_Y217F_OFF_T_G17,0,0.8648,0.8859,0.9835,0,5.5,0,12.71,1,4.46,0,3.07,1.58,4.81,3.86,6.72,6.26,54,17
d_F88K_M255M_Y217F_OFF_T_G17,1,0.8606,0.9254,0.9926,1,2.03,0,13.25,0,35.09,0,34.58,36.08,5.47,5.59,6.62,1.23,27,9
d_F88K_M255M_Y217F_OFF_T_G17,10,0.8458,0.9223,0.988,0,7.34,0,13.79,0,5.3,0,4.98,4.01,3.78,3.81,1.59,7.52,51,18
d_F88K_M255M_Y217F_OFF_T_G17,11,0.8445,0.9036,0.9883,0,5.34,0,12.84,0,43.55,0,36.97,41.52,5.87,3.1,3.84,5.49,36,18
d_F88K_M255M_Y217F_OFF_T_G17,12,0.8445,0.9073,0.9913,0,11.0,0,21.6,0,37.73,0,39.89,37.27,5.9,6.69,3.69,19.7,26,10
d_F88K_M255M_Y217F_OFF_T_G17,13,0.8441,0.9196,0.9897,1,3.14,0,12.3,1,4.11,0,7.48,5.97,3.69,3.26,2.63,3.7,49,15
d_F88K_M255M_Y217F_OFF_T_G17,14,0.8434,0.903,0.9892,0,7.43,0,15.5,1,4.27,0,2.18,2.61,3.3,3.89,3.07,7.03,49,17
d_F88K_M255M_Y217F_OFF_T_G17,15,0.843,0.9094,0.9903,1,4.14,0,15.79,0,41.51,0,43.01,44.82,3.4,4.22,3.53,5.46,36,14
d_F88K_M255M_Y217F_OFF_T_G17,16,0.8417,0.9159,0.9886,1,3.66,0,15.08,0,21.37,0,16.43,22.46,2.9,2.68,7.03,2.71,42,16
d_F88K_M255M_Y217F_OFF_T_G17,17,0.8413,0.85,0.9851,1,4.69,0,12.69,0,42.13,0,40.2,40.91,2.92,5.15,4.92,6.84,30,13
d_F88K_M255M_Y217F_OFF_T_G17,18,0.8413,0.9357,0.992,0,8.89,0,13.38,0,36.8,0,38.52,36.68,4.82,5.58,4.08,15.33,23,11
d_F88K_M255M_Y217F_OFF_T_G17,19,0.8411,0.8923,0.9867,0,7.89,0,13.08,0,45.7,0,39.27,43.15,5.23,3.13,5.72,7.24,28,14
d_F88K_M255M_Y217F_OFF_T_G17,2,0.8576,0.9251,0.9905,0,7.24,0,15.79,0,53.24,0,47.59,52.28,4.78,3.7,7.34,6.76,31,14
d_F88K_M255M_Y217F_OFF_T_G17,20,0.8386,0.9075,0.9907,0,9.8,0,18.29,0,35.24,0,37.91,37.73,6.53,3.13,5.25,16.36,19,9
d_F88K_M255M_Y217F_OFF_T_G17,21,0.8383,0.8907,0.9858,0,6.77,0,9.85,0,30.81,0,29.29,31.53,9.94,1.68,6.68,5.12,26,13
d_F88K_M255M_Y217F_OFF_T_G17,22,0.8383,0.8655,0.9893,0,11.66,0,24.22,0,26.22,0,28.73,32.43,8.09,6.88,4.66,19.83,12,8
d_F88K_M255M_Y217F_OFF_T_G17,23,0.8345,0.9289,0.9913,0,9.99,0,17.86,0,56.0,0,47.81,55.34,5.06,3.91,0.98,9.66,24,14
d_F88K_M255M_Y217F_OFF_T_G17,24,0.8337,0.9063,0.9894,0,10.16,0,24.28,0,33.13,0,31.1,36.65,7.63,5.46,2.18,18.65,21,14
d_F88K_M255M_Y217F_OFF_T_G17,25,0.8334,0.8892,0.9874,0,5.81,0,6.02,0,33.8,0,33.67,35.71,9.31,4.93,5.97,5.66,24,10
d_F88K_M255M_Y217F_OFF_T_G17,26,0.8325,0.8773,0.9863,1,3.03,0,12.35,0,34.7,0,32.81,34.55,5.46,3.74,3.76,5.34,30,10
d_F88K_M255M_Y217F_OFF_T_G17,27,0.8324,0.9042,0.9881,0,10.0,0,14.55,0,30.15,0,32.53,31.95,3.98,3.93,4.66,13.33,22,14
d_F88K_M255M_Y217F_OFF_T_G17,28,0.8316,0.9291,0.99,0,5.44,0,21.49,0,31.0,0,29.27,33.97,2.24,3.09,2.74,5.8,46,13
d_F88K_M255M_Y217F_OFF_T_G17,29,0.8311,0.9252,0.9872,0,8.11,0,20.35,0,23.57,0,21.15,26.45,3.61,4.64,2.2,7.01,45,17
d_F88K_M255M_Y217F_OFF_T_G17,3,0.8542,0.9363,0.991,1,2.51,0,9.57,0,43.44,0,37.19,40.77,6.51,3.2,4.76,3.33,32,14
d_F88K_M255M_Y217F_OFF_T_G17,30,0.8307,0.8678,0.9907,0,5.69,0,23.98,0,38.15,0,36.13,40.78,2.92,3.57,4.35,6.61,42,14
d_F88K_M255M_Y217F_OFF_T_G17,31,0.8305,0.9204,0.988,0,10.52,0,16.42,0,52.7,0,45.52,52.32,5.38,4.11,0.95,12.01,23,12
d_F88K_M255M_Y217F_OFF_T_G17,32,0.8301,0.8803,0.991,1,2.58,0,11.67,0,23.97,0,24.06,28.67,4.83,2.16,3.64,4.76,34,14
d_F88K_M255M_Y217F_OFF_T_G17,33,0.83,0.8945,0.9854,0,5.83,0,13.35,0,42.55,0,36.56,40.69,6.3,3.45,4.34,6.93,30,15
d_F88K_M255M_Y217F_OFF_T_G17,34,0.8297,0.9149,0.9872,0,10.06,0,23.35,0,25.23,0,22.17,27.47,6.16,2.0,5.06,6.95,33,16
d_F88K_M255M_Y217F_OFF_T_G17,35,0.8296,0.8866,0.9836,0,9.53,0,10.47,0,35.2,0,32.8,34.98,8.96,2.94,3.7,9.25,29,12
d_F88K_M255M_Y217F_OFF_T_G17,36,0.8277,0.8636,0.988,0,10.9,0,24.36,0,35.12,0,38.31,38.55,8.47,7.05,3.59,19.49,13,6
d_F88K_M255M_Y217F_OFF_T_G17,37,0.8271,0.8733,0.9884,1,4.08,0,17.0,0,43.21,0,41.08,41.29,3.87,5.31,6.74,5.98,38,14
d_F88K_M255M_Y217F_OFF_T_G17,38,0.8263,0.8852,0.9867,0,7.59,0,13.15,0,44.46,0,38.6,42.36,3.71,3.06,5.74,8.07,36,16
d_F88K_M255M_Y217F_OFF_T_G17,39,0.8259,0.7817,0.9839,0,10.63,0,23.68,0,32.49,0,33.96,37.39,8.09,7.78,6.35,18.45,12,6
d_F88K_M255M_Y217F_OFF_T_G17,4,0.8524,0.8752,0.9879,0,12.54,0,23.69,0,32.26,0,36.68,34.97,7.91,6.73,5.28,19.45,13,10
d_F88K_M255M_Y217F_OFF_T_G17,40,0.8258,0.8732,0.9887,0,13.19,0,26.48,0,31.3,0,34.84,36.29,7.47,2.67,5.14,18.31,11,7
d_F88K_M255M_Y217F_OFF_T_G17,41,0.8253,0.8896,0.9874,0,6.1,0,13.23,0,45.04,0,41.01,43.12,5.13,3.47,2.95,6.66,22,11
d_F88K_M255M_Y217F_OFF_T_G17,42,0.8249,0.939,0.9921,0,6.2,0,12.39,0,31.31,0,29.07,31.69,3.19,2.46,4.22,6.83,41,13
d_F88K_M255M_Y217F_OFF_T_G17,43,0.8244,0.8964,0.9914,1,4.6,0,10.96,0,30.44,0,25.76,32.22,3.83,3.89,3.87,3.83,41,14
d_F88K_M255M_Y217F_OFF_T_G17,44,0.8241,0.8907,0.9889,1,4.23,0,9.63,0,29.91,0,27.89,34.23,4.62,3.73,2.6,3.11,28,12
d_F88K_M255M_Y217F_OFF_T_G17,45,0.8238,0.8157,0.9849,0,11.07,0,24.66,0,32.44,0,33.99,36.27,7.34,7.03,5.92,18.46,13,7
d_F88K_M255M_Y217F_OFF_T_G17,46,0.8235,0.8776,0.988,0,16.63,0,24.6,0,32.7,0,30.87,36.33,6.72,7.16,3.94,19.02,10,8
d_F88K_M255M_Y217F_OFF_T_G17,47,0.8234,0.8901,0.989,0,6.96,0,17.09,0,55.61,0,48.43,56.04,5.38,8.51,4.28,9.23,23,11
d_F88K_M255M_Y217F_OFF_T_G17,48,0.8232,0.8672,0.9879,0,12.31,0,20.64,0,30.31,0,34.62,33.83,6.89,8.11,6.07,19.0,17,12
d_F88K_M255M_Y217F_OFF_T_G17,49,0.8224,0.9405,0.9892,0,7.18,0,17.36,0,17.52,0,9.66,17.44,4.74,3.31,7.99,6.65,37,18
d_F88K_M255M_Y217F_OFF_T_G17,5,0.8511,0.9,0.9892,1,1.69,0,14.46,0,37.41,0,36.74,38.46,4.77,5.33,8.09,3.44,30,10
d_F88K_M255M_Y217F_OFF_T_G17,50,0.8222,0.872,0.9883,0,11.08,0,19.46,0,55.92,0,47.29,54.33,7.33,5.57,4.16,16.63,16,7
d_F88K_M255M_Y217F_OFF_T_G17,51,0.8222,0.7794,0.9802,0,7.25,0,9.05,1,2.91,0,6.45,2.4,5.45,2.96,3.35,5.44,51,16
d_F88K_M255M_Y217F_OFF_T_G17,52,0.8222,0.8209,0.9827,0,6.89,0,15.36,0,35.28,0,34.62,34.48,5.34,5.75,8.38,7.35,40,17
d_F88K_M255M_Y217F_OFF_T_G17,53,0.82,0.8772,0.9874,0,12.18,0,20.34,0,33.86,0,37.13,36.32,8.14,4.65,2.43,18.68,16,9
d_F88K_M255M_Y217F_OFF_T_G17,54,0.8196,0.859,0.9874,0,6.81,0,14.5,1,4.76,0,13.67,8.4,5.01,4.67,2.6,6.73,59,18
d_F88K_M255M_Y217F_OFF_T_G17,55,0.8196,0.7689,0.9863,0,10.22,0,22.25,0,38.38,0,42.61,41.71,5.48,4.49,1.86,18.35,22,8
d_F88K_M255M_Y217F_OFF_T_G17,56,0.8185,0.8516,0.9895,0,6.87,0,28.19,0,30.74,0,35.66,33.04,3.54,3.74,3.75,5.66,37,12
d_F88K_M255M_Y217F_OFF_T_G17,57,0.8176,0.874,0.987,0,10.65,0,19.22,0,34.65,0,38.36,36.59,7.85,4.78,3.72,19.71,16,9
d_F88K_M255M_Y217F_OFF_T_G17,58,0.8176,0.8836,0.9844,1,4.75,0,19.07,0,42.71,0,35.3,40.09,8.34,4.93,6.06,5.03,43,19
d_F88K_M255M_Y217F_OFF_T_G17,59,0.8156,0.9044,0.9893,1,1.99,0,12.43,0,39.44,0,37.41,38.19,6.23,3.67,4.21,2.59,31,13
d_F88K_M255M_Y217F_OFF_T_G17,6,0.8507,0.9201,0.988,1,4.02,0,12.6,0,44.43,0,38.15,42.12,3.46,3.7,5.64,6.58,37,14
d_F88K_M255M_Y217F_OFF_T_G17,60,0.8154,0.8731,0.9872,0,10.21,0,22.45,0,32.03,0,36.35,32.79,7.74,8.04,4.44,19.31,14,9
d_F88K_M255M_Y217F_OFF_T_G17,61,0.8152,0.842,0.9848,0,6.9,0,15.27,0,22.73,0,25.08,29.5,3.99,5.15,6.06,5.03,33,15
d_F88K_M255M_Y217F_OFF_T_G17,62,0.8152,0.8251,0.9831,0,6.43,0,9.8,0,29.64,0,29.92,32.26,12.49,6.92,13.02,5.29,23,10
d_F88K_M255M_Y217F_OFF_T_G17,63,0.8138,0.7765,0.9858,0,7.03,0,30.34,0,35.71,0,40.8,37.55,4.58,4.64,3.98,5.87,34,15
d_F88K_M255M_Y217F_OFF_T_G17,64,0.8134,0.7794,0.9823,0,5.27,0,12.73,0,39.08,0,36.25,38.12,7.2,3.58,3.13,6.07,22,10
d_F88K_M255M_Y217F_OFF_T_G17,65,0.813,0.7915,0.9833,0,5.97,0,13.8,0,37.11,0,34.6,36.01,6.18,6.09,5.67,6.55,25,12
d_F88K_M255M_Y217F_OFF_T_G17,66,0.8129,0.92,0.9905,1,1.68,0,11.5,0,25.36,0,15.41,23.16,3.96,4.52,4.39,1.5,47,14
d_F88K_M255M_Y217F_OFF_T_G17,67,0.8119,0.902,0.9897,0,5.4,0,11.74,0,32.96,0,32.22,34.9,7.31,5.67,8.27,6.29,24,8
d_F88K_M255M_Y217F_OFF_T_G17,68,0.8108,0.8722,0.9881,0,6.06,0,8.03,0,29.21,0,29.88,31.57,6.5,4.34,8.11,7.27,27,12
d_F88K_M255M_Y217F_OFF_T_G17,69,0.8097,0.8149,0.9838,0,6.3,0,8.95,0,29.49,0,30.8,32.59,9.74,3.49,9.01,5.24,20,7
d_F88K_M255M_Y217F_OFF_T_G17,7,0.849,0.9114,0.9887,1,3.15,0,13.86,1,3.82,0,6.44,4.2,4.27,4.1,3.53,5.13,47,18
d_F88K_M255M_Y217F_OFF_T_G17,70,0.8078,0.7929,0.9862,0,7.75,0,22.38,0,30.74,0,30.48,35.16,4.18,2.89,3.46,6.53,38,15
d_F88K_M255M_Y217F_OFF_T_G17,71,0.8076,0.8057,0.9852,0,7.97,0,22.99,0,27.81,0,27.62,32.46,5.69,3.31,3.48,7.94,39,14
d_F88K_M255M_Y217F_OFF_T_G17,72,0.8069,0.8934,0.9898,0,8.03,0,13.88,0,15.53,0,8.34,15.88,7.59,4.16,2.08,7.7,21,12
d_F88K_M255M_Y217F_OFF_T_G17,73,0.8063,0.8263,0.9859,0,13.27,0,16.54,0,38.45,0,34.45,41.28,5.53,2.5,5.2,14.17,19,10
d_F88K_M255M_Y217F_OFF_T_G17,74,0.8057,0.8517,0.9831,0,6.67,0,17.15,0,44.86,0,37.67,44.24,5.97,2.57,6.92,7.94,32,15
d_F88K_M255M_Y217F_OFF_T_G17,75,0.8032,0.825,0.9855,0,9.27,0,17.94,0,52.52,0,43.92,50.01,7.05,5.37,3.7,17.95,16,11
d_F88K_M255M_Y217F_OFF_T_G17,76,0.8029,0.7992,0.9848,0,9.78,0,19.43,0,65.28,0,60.26,63.79,7.54,4.28,4.36,16.95,14,8
d_F88K_M255M_Y217F_OFF_T_G17,77,0.8023,0.8283,0.9829,0,7.17,0,17.78,1,2.97,0,4.61,2.3,3.15,4.99,5.58,7.27,45,17
d_F88K_M255M_Y217F_OFF_T_G17,78,0.8023,0.838,0.9865,0,7.32,0,13.57,0,32.91,0,33.15,32.45,5.49,5.4,11.07,8.74,35,13
d_F88K_M255M_Y217F_OFF_T_G17,79,0.801,0.8505,0.9846,0,6.75,0,12.02,0,16.31,0,8.99,16.45,6.82,3.1,3.69,5.34,26,13
d_F88K_M255M_Y217F_OFF_T_G17,8,0.8481,0.8915,0.9868,0,5.93,0,13.69,0,49.21,0,43.49,46.96,3.93,3.16,5.66,5.72,43,16
d_F88K_M255M_Y217F_OFF_T_G17,80,0.8006,0.861,0.986,0,6.8,0,11.71,0,39.37,0,36.08,37.48,6.95,5.32,4.87,5.65,26,11
d_F88K_M255M_Y217F_OFF_T_G17,81,0.8004,0.8155,0.9844,0,11.71,0,18.74,0,41.21,0,35.31,42.75,5.64,3.97,6.22,12.97,13,9
d_F88K_M255M_Y217F_OFF_T_G17,82,0.8,0.7731,0.9819,0,11.46,0,17.58,0,28.26,0,23.55,29.95,5.94,1.3,5.99,12.38,16,7
d_F88K_M255M_Y217F_OFF_T_G17,83,0.7986,0.806,0.985,0,9.9,0,21.99,0,32.46,0,36.44,35.19,5.56,3.68,2.66,18.47,22,11
d_F88K_M255M_Y217F_OFF_T_G17,84,0.7985,0.8264,0.986,1,3.36,0,13.0,0,35.31,0,33.64,34.17,7.08,4.59,3.7,2.58,24,7
d_F88K_M255M_Y217F_OFF_T_G17,85,0.7984,0.8398,0.9865,0,7.41,0,14.76,0,16.29,0,10.83,18.79,8.02,5.25,3.18,7.23,19,12
d_F88K_M255M_Y217F_OFF_T_G17,86,0.7951,0.7774,0.9802,0,10.83,0,15.06,0,26.42,0,24.92,27.52,7.17,4.77,3.41,20.35,17,5
d_F88K_M255M_Y217F_OFF_T_G17,87,0.795,0.8359,0.9838,0,5.55,0,15.88,0,20.54,0,12.37,20.72,4.92,4.92,7.37,7.83,28,12
d_F88K_M255M_Y217F_OFF_T_G17,88,0.7899,0.6578,0.9808,1,1.5,0,10.99,0,42.04,0,39.97,41.1,4.71,6.43,6.62,4.19,20,9
d_F88K_M255M_Y217F_OFF_T_G17,89,0.7884,0.8181,0.9844,0,7.57,0,11.66,0,14.6,0,10.21,17.3,7.65,5.55,2.57,7.29,18,10
d_F88K_M255M_Y217F_OFF_T_G17,9,0.8473,0.9057,0.9897,0,11.51,0,16.05,0,32.55,0,35.3,34.51,6.62,3.3,4.86,13.42,17,13
d_F88K_M255M_Y217F_OFF_T_G17,90,0.7879,0.7985,0.9848,0,6.98,0,13.36,0,43.12,0,40.32,41.75,6.8,4.9,4.24,7.97,17,8
d_F88K_M255M_Y217F_OFF_T_G17,91,0.7874,0.8302,0.9815,0,5.89,0,5.28,0,8.11,0,4.44,6.52,4.84,3.81,3.81,4.48,31,19
d_F88K_M255M_Y217F_OFF_T_G17,92,0.7852,0.7394,0.9808,0,6.25,0,12.4,0,39.01,0,35.34,37.65,6.69,4.03,2.6,7.0,22,10
d_F88K_M255M_Y217F_OFF_T_G17,93,0.7849,0.7848,0.9853,0,8.32,0,12.97,0,19.18,0,10.65,17.73,8.35,5.32,4.39,7.15,21,8
d_F88K_M255M_Y217F_OFF_T_G17,94,0.7846,0.7176,0.9827,0,5.95,0,13.62,0,31.49,0,28.63,35.14,4.37,2.63,2.38,4.48,38,14
d_F88K_M255M_Y217F_OFF_T_G17,95,0.7825,0.7992,0.9835,0,8.48,0,17.59,0,47.75,0,41.05,45.44,4.41,4.09,1.52,10.54,24,13
d_F88K_M255M_Y217F_OFF_T_G17,96,0.7787,0.7666,0.9825,1,4.45,0,16.8,0,29.17,0,32.18,29.92,4.01,3.28,2.48,4.75,41,13
d_F88K_M255M_Y217F_OFF_T_G17,97,0.7709,0.7214,0.9843,0,7.65,0,13.28,0,16.13,0,9.39,17.17,9.38,5.42,5.57,7.13,18,9
d_F88K_M255M_Y217F_OFF_T_G17,98,0.7694,0.6653,0.9745,1,4.63,0,14.83,0,42.61,0,35.98,40.68,5.52,3.78,5.46,4.32,39,19
d_F88K_M255M_Y217F_OFF_T_G17,99,0.7525,0.6481,0.9723,0,6.32,0,14.95,0,43.76,0,37.45,42.18,6.9,3.54,7.0,5.13,42,18
d_F88R_M255I_Y217Y_OFF_T_G17,0,0.863,0.9417,0.9915,1,4.29,0,14.7,0,7.32,0,3.24,7.76,4.72,4.21,2.1,2.65,40,16
d_F88R_M255I_Y217Y_OFF_T_G17,1,0.8564,0.8994,0.9887,0,6.03,0,13.49,0,41.57,0,38.66,39.81,5.72,4.18,5.64,5.87,25,12
d_F88R_M255I_Y217Y_OFF_T_G17,10,0.8433,0.9392,0.9919,1,2.15,0,12.0,1,2.64,0,4.98,5.41,3.7,3.37,3.14,2.73,31,17
d_F88R_M255I_Y217Y_OFF_T_G17,11,0.8432,0.9146,0.9893,0,5.82,0,11.42,0,32.52,0,32.78,31.9,3.07,5.77,3.4,4.38,31,13
d_F88R_M255I_Y217Y_OFF_T_G17,12,0.8425,0.9,0.987,0,6.46,0,12.82,0,41.72,0,38.04,38.9,6.37,3.45,4.53,8.07,23,12
d_F88R_M255I_Y217Y_OFF_T_G17,13,0.8424,0.886,0.9872,0,7.83,0,16.24,0,6.76,0,8.73,9.36,5.49,4.24,3.51,6.37,28,18
d_F88R_M255I_Y217Y_OFF_T_G17,14,0.842,0.9337,0.9891,0,6.56,0,8.55,0,30.08,0,26.08,31.61,3.44,3.68,4.78,6.24,40,16
d_F88R_M255I_Y217Y_OFF_T_G17,15,0.8411,0.8713,0.9857,0,6.61,0,12.34,0,6.26,0,7.77,7.65,4.8,4.62,3.53,5.14,29,12
d_F88R_M255I_Y217Y_OFF_T_G17,16,0.8403,0.9049,0.9883,0,6.03,0,11.53,0,42.43,0,36.25,40.78,5.65,1.99,5.49,6.13,47,22
d_F88R_M255I_Y217Y_OFF_T_G17,17,0.8377,0.8762,0.9836,0,7.23,0,14.06,0,42.76,0,39.41,40.98,5.32,5.16,4.91,8.32,25,13
d_F88R_M255I_Y217Y_OFF_T_G17,18,0.8369,0.8688,0.9902,0,5.56,0,23.11,0,31.1,0,32.84,35.69,4.09,5.03,3.8,6.95,41,14
d_F88R_M255I_Y217Y_OFF_T_G17,19,0.8369,0.9073,0.9884,1,4.96,0,19.07,0,28.77,0,27.81,26.58,3.86,4.7,6.73,3.9,39,16
d_F88R_M255I_Y217Y_OFF_T_G17,2,0.8518,0.9404,0.9888,0,5.37,0,10.27,1,2.67,0,5.79,4.54,4.18,1.9,2.51,4.53,47,18
d_F88R_M255I_Y217Y_OFF_T_G17,20,0.8364,0.927,0.9845,0,7.41,0,7.79,0,26.97,0,24.38,28.49,3.7,5.15,3.59,6.39,51,20
d_F88R_M255I_Y217Y_OFF_T_G17,21,0.8362,0.8076,0.9792,1,4.57,0,6.95,0,42.58,0,38.43,40.19,5.2,2.7,4.69,5.06,24,10
d_F88R_M255I_Y217Y_OFF_T_G17,22,0.8359,0.8984,0.9882,0,5.75,0,13.61,0,40.55,0,38.39,38.63,5.17,4.64,3.77,7.61,27,12
d_F88R_M255I_Y217Y_OFF_T_G17,23,0.8357,0.9311,0.9882,0,6.78,0,9.27,0,42.79,0,36.65,41.0,5.48,3.79,4.93,7.11,34,15
d_F88R_M255I_Y217Y_OFF_T_G17,24,0.8357,0.8639,0.9899,0,5.91,0,13.97,0,6.52,0,14.11,13.08,3.07,2.94,2.5,6.64,33,15
d_F88R_M255I_Y217Y_OFF_T_G17,25,0.8354,0.9244,0.9896,0,6.0,0,11.23,0,33.29,0,31.64,29.81,2.21,6.13,5.69,6.68,44,17
d_F88R_M255I_Y217Y_OFF_T_G17,26,0.8352,0.9332,0.9909,1,4.99,0,17.87,0,40.59,0,34.66,39.42,4.97,4.47,6.18,3.52,52,20
d_F88R_M255I_Y217Y_OFF_T_G17,27,0.8348,0.9086,0.988,0,7.9,0,8.8,0,42.1,0,36.32,40.27,6.44,3.11,4.73,9.06,45,18
d_F88R_M255I_Y217Y_OFF_T_G17,28,0.8346,0.8887,0.989,0,6.42,0,15.68,0,19.44,0,15.6,21.12,4.28,3.43,4.22,7.57,25,12
d_F88R_M255I_Y217Y_OFF_T_G17,29,0.8341,0.8469,0.9847,0,7.07,0,13.75,0,36.51,0,34.83,34.56,3.82,4.35,4.03,5.39,30,13
d_F88R_M255I_Y217Y_OFF_T_G17,3,0.8488,0.8852,0.9849,0,6.56,0,11.46,0,39.9,0,37.29,38.18,4.85,4.36,4.64,7.32,24,11
d_F88R_M255I_Y217Y_OFF_T_G17,30,0.8339,0.8664,0.9847,0,5.52,0,11.38,0,37.25,0,35.34,36.16,6.09,4.54,4.55,7.64,26,14
d_F88R_M255I_Y217Y_OFF_T_G17,31,0.8336,0.9322,0.9914,0,5.38,1,4.78,0,34.15,0,32.4,34.39,6.62,3.34,3.68,6.65,32,13
d_F88R_M255I_Y217Y_OFF_T_G17,32,0.8317,0.8634,0.9848,0,5.91,0,11.27,0,40.17,0,37.16,38.76,6.24,3.64,4.21,7.29,23,14
d_F88R_M255I_Y217Y_OFF_T_G17,33,0.8311,0.8847,0.9839,0,5.31,0,11.83,0,35.61,0,30.74,34.51,5.13,3.07,5.6,7.5,54,19
d_F88R_M255I_Y217Y_OFF_T_G17,34,0.8306,0.8882,0.9856,0,6.96,0,13.21,0,27.86,0,25.28,29.86,5.27,3.89,1.15,7.23,28,12
d_F88R_M255I_Y217Y_OFF_T_G17,35,0.8298,0.8723,0.9892,0,11.45,0,24.44,0,34.4,0,34.42,38.52,6.78,4.37,4.7,20.05,15,6
d_F88R_M255I_Y217Y_OFF_T_G17,36,0.8297,0.8677,0.9861,0,6.81,0,13.09,0,42.35,0,37.93,40.4,4.46,3.85,3.93,5.44,26,11
d_F88R_M255I_Y217Y_OFF_T_G17,37,0.8296,0.9137,0.9873,0,6.13,0,11.97,0,37.68,0,34.85,36.12,5.06,3.11,5.65,7.51,25,13
d_F88R_M255I_Y217Y_OFF_T_G17,38,0.8296,0.9016,0.9861,0,7.52,0,19.13,0,33.87,0,32.82,35.64,4.02,3.69,2.48,7.22,43,17
d_F88R_M255I_Y217Y_OFF_T_G17,39,0.8296,0.9082,0.9883,0,6.82,0,6.5,0,38.38,0,35.22,37.34,6.31,3.34,3.81,7.61,24,12
d_F88R_M255I_Y217Y_OFF_T_G17,4,0.8477,0.9076,0.9871,0,6.29,0,10.2,0,34.18,0,32.75,36.85,3.66,2.94,4.95,5.31,45,18
d_F88R_M255I_Y217Y_OFF_T_G17,40,0.8289,0.9395,0.9929,0,6.42,0,18.34,0,27.82,0,24.09,29.96,3.17,5.07,4.39,6.38,33,12
d_F88R_M255I_Y217Y_OFF_T_G17,41,0.8278,0.8654,0.9848,0,6.19,0,13.27,0,41.87,0,38.76,40.36,5.1,2.47,4.47,7.43,23,11
d_F88R_M255I_Y217Y_OFF_T_G17,42,0.827,0.881,0.9907,0,6.0,0,17.95,0,32.04,0,33.62,31.99,3.73,7.12,9.25,3.86,42,12
d_F88R_M255I_Y217Y_OFF_T_G17,43,0.827,0.8981,0.9878,0,5.91,0,10.5,0,32.47,0,29.23,33.77,4.19,6.63,3.97,6.55,39,20
d_F88R_M255I_Y217Y_OFF_T_G17,44,0.8259,0.8931,0.9849,0,6.7,0,14.63,0,41.03,0,38.05,39.54,5.7,4.45,3.61,5.35,30,12
d_F88R_M255I_Y217Y_OFF_T_G17,45,0.8259,0.8873,0.984,0,5.78,0,8.95,0,27.64,0,23.41,28.48,4.37,5.67,4.11,5.37,46,15
d_F88R_M255I_Y217Y_OFF_T_G17,46,0.8257,0.8814,0.9865,0,6.14,0,14.37,0,39.24,0,37.3,38.31,4.71,6.55,5.09,7.14,29,14
d_F88R_M255I_Y217Y_OFF_T_G17,47,0.8254,0.8644,0.9866,0,6.07,0,6.22,0,31.86,0,32.71,32.12,4.02,5.35,9.88,5.78,39,14
d_F88R_M255I_Y217Y_OFF_T_G17,48,0.8246,0.8783,0.9861,0,6.7,0,12.71,0,41.07,0,37.88,39.31,6.04,4.25,3.61,7.84,28,11
d_F88R_M255I_Y217Y_OFF_T_G17,49,0.8242,0.8892,0.9875,0,6.14,0,12.63,0,40.91,0,37.61,38.98,4.81,3.86,1.89,6.83,29,12
d_F88R_M255I_Y217Y_OFF_T_G17,5,0.8469,0.934,0.9921,0,7.67,0,10.08,0,33.65,0,33.35,35.4,4.5,4.84,3.93,6.69,59,16
d_F88R_M255I_Y217Y_OFF_T_G17,50,0.8236,0.846,0.9845,0,7.46,0,14.48,0,43.75,0,39.29,41.47,4.43,4.02,5.29,3.89,30,14
d_F88R_M255I_Y217Y_OFF_T_G17,51,0.823,0.8655,0.9844,0,6.03,0,9.26,0,39.77,0,35.02,38.93,5.92,4.04,3.89,5.46,38,15
d_F88R_M255I_Y217Y_OFF_T_G17,52,0.8228,0.9134,0.9878,0,5.91,0,14.29,0,41.96,0,36.77,39.84,7.01,2.42,3.31,6.21,32,15
d_F88R_M255I_Y217Y_OFF_T_G17,53,0.8225,0.9117,0.9861,1,4.9,0,10.08,0,35.31,0,33.38,34.38,7.74,3.81,2.11,5.26,26,11
d_F88R_M255I_Y217Y_OFF_T_G17,54,0.8222,0.9186,0.9907,0,5.57,0,12.15,0,31.27,0,28.16,31.79,5.13,3.53,5.45,6.77,24,12
d_F88R_M255I_Y217Y_OFF_T_G17,55,0.8212,0.856,0.9837,0,7.21,0,8.65,0,39.64,0,34.92,38.68,6.55,4.23,5.62,6.13,29,14
d_F88R_M255I_Y217Y_OFF_T_G17,56,0.8207,0.8175,0.9817,0,5.55,0,7.5,0,30.99,0,29.98,31.83,9.83,5.01,6.76,5.17,33,13
d_F88R_M255I_Y217Y_OFF_T_G17,57,0.8201,0.8836,0.9899,0,13.27,0,14.92,0,32.68,0,26.82,33.05,5.98,1.56,3.79,13.09,14,7
d_F88R_M255I_Y217Y_OFF_T_G17,58,0.8194,0.8397,0.9803,0,6.94,0,13.48,0,44.1,0,38.26,42.5,4.29,3.74,5.72,6.74,35,17
d_F88R_M255I_Y217Y_OFF_T_G17,59,0.8189,0.8541,0.9859,0,7.23,0,18.95,0,41.81,0,35.08,40.18,2.67,4.76,3.83,5.96,47,18
d_F88R_M255I_Y217Y_OFF_T_G17,6,0.8456,0.9458,0.9904,0,6.36,0,7.63,0,24.55,0,23.37,27.88,3.54,4.45,5.8,5.48,44,17
d_F88R_M255I_Y217Y_OFF_T_G17,60,0.8185,0.8443,0.9868,0,8.17,0,13.6,0,16.03,0,12.91,17.64,4.64,2.72,3.33,9.35,27,12
d_F88R_M255I_Y217Y_OFF_T_G17,61,0.8183,0.9326,0.9916,1,1.97,0,10.07,0,45.22,0,38.45,44.72,3.7,1.59,4.73,2.56,42,14
d_F88R_M255I_Y217Y_OFF_T_G17,62,0.8164,0.8346,0.9849,1,4.74,0,11.71,0,38.06,0,35.68,36.43,4.78,4.28,3.01,6.53,26,12
d_F88R_M255I_Y217Y_OFF_T_G17,63,0.8156,0.9086,0.9879,0,5.58,0,7.41,0,27.08,0,23.83,28.75,3.51,4.05,2.81,5.72,49,18
d_F88R_M255I_Y217Y_OFF_T_G17,64,0.8145,0.7681,0.9847,0,6.39,0,13.31,1,3.72,0,7.71,7.57,5.68,4.12,2.26,6.27,40,13
d_F88R_M255I_Y217Y_OFF_T_G17,65,0.8135,0.8538,0.987,0,7.91,0,16.8,0,36.29,0,35.85,35.41,4.41,5.82,9.25,6.06,41,16
d_F88R_M255I_Y217Y_OFF_T_G17,66,0.8128,0.8353,0.9867,0,6.34,0,14.24,0,32.84,0,29.92,35.37,4.5,3.08,4.69,6.82,27,10
d_F88R_M255I_Y217Y_OFF_T_G17,67,0.8119,0.9139,0.99,0,7.0,0,10.16,0,30.3,0,24.07,30.78,4.16,6.24,7.3,6.46,32,15
d_F88R_M255I_Y217Y_OFF_T_G17,68,0.8118,0.8516,0.9837,0,6.4,0,12.54,0,38.84,0,36.06,37.29,5.08,4.39,3.58,8.02,25,11
d_F88R_M255I_Y217Y_OFF_T_G17,69,0.8117,0.9009,0.987,0,5.23,0,10.54,0,39.9,0,37.38,38.65,6.61,4.97,2.23,6.1,21,13
d_F88R_M255I_Y217Y_OFF_T_G17,7,0.8451,0.8902,0.9882,0,7.35,0,12.02,1,4.18,0,12.32,10.54,4.39,4.4,2.86,6.85,39,15
d_F88R_M255I_Y217Y_OFF_T_G17,70,0.8111,0.8631,0.8981,1,4.38,0,8.84,0,34.44,0,31.99,33.52,6.47,4.96,4.37,5.81,21,10
d_F88R_M255I_Y217Y_OFF_T_G17,71,0.8101,0.8485,0.9843,0,7.63,0,7.93,0,38.57,0,36.19,38.3,6.36,5.04,5.1,7.63,18,10
d_F88R_M255I_Y217Y_OFF_T_G17,72,0.8099,0.9181,0.9898,0,5.59,0,24.36,0,22.52,0,15.02,21.14,2.72,4.54,8.53,6.32,30,12
d_F88R_M255I_Y217Y_OFF_T_G17,73,0.8096,0.8421,0.9843,0,5.62,0,14.87,0,30.75,0,26.27,33.32,4.74,4.32,4.29,7.08,27,10
d_F88R_M255I_Y217Y_OFF_T_G17,74,0.8075,0.7413,0.9833,1,2.36,0,15.17,1,3.84,0,8.14,8.12,5.01,2.72,2.92,2.16,34,15
d_F88R_M255I_Y217Y_OFF_T_G17,75,0.8073,0.9041,0.9885,0,5.78,0,11.28,0,10.49,0,8.57,12.82,4.59,4.25,4.99,5.84,38,19
d_F88R_M255I_Y217Y_OFF_T_G17,76,0.8066,0.8716,0.9869,0,6.17,0,13.41,0,20.95,0,20.84,26.43,4.46,2.94,3.22,5.67,33,14
d_F88R_M255I_Y217Y_OFF_T_G17,77,0.803,0.8782,0.9886,0,7.75,0,14.46,0,18.69,0,13.12,18.53,6.16,5.18,3.79,7.67,20,9
d_F88R_M255I_Y217Y_OFF_T_G17,78,0.8014,0.7382,0.9858,0,7.04,0,12.27,0,12.03,0,14.0,18.2,4.52,4.16,3.68,5.57,38,13
d_F88R_M255I_Y217Y_OFF_T_G17,79,0.8009,0.7402,0.9852,0,5.55,0,9.38,0,28.75,0,27.63,31.27,3.9,3.85,0.67,5.37,34,12
d_F88R_M255I_Y217Y_OFF_T_G17,8,0.8442,0.8907,0.9868,0,6.4,0,9.86,0,40.61,0,35.33,39.01,6.17,5.03,4.2,6.2,33,15
d_F88R_M255I_Y217Y_OFF_T_G17,80,0.8008,0.7963,0.9818,0,6.58,0,12.14,0,40.65,0,36.76,38.83,5.3,4.38,3.62,7.31,25,12
d_F88R_M255I_Y217Y_OFF_T_G17,81,0.7989,0.8031,0.9848,0,5.88,0,10.99,0,44.79,0,37.27,42.76,6.31,3.91,5.69,6.44,44,21
d_F88R_M255I_Y217Y_OFF_T_G17,82,0.7986,0.8497,0.9854,0,5.58,0,7.94,0,28.17,0,28.67,27.77,3.39,6.1,8.41,6.25,39,15
d_F88R_M255I_Y217Y_OFF_T_G17,83,0.7969,0.8285,0.9883,0,6.92,0,14.67,0,19.95,0,18.67,23.26,3.64,3.28,3.41,7.24,33,11
d_F88R_M255I_Y217Y_OFF_T_G17,84,0.7963,0.8377,0.9872,0,6.17,0,11.81,0,32.76,0,33.37,36.62,3.46,2.57,2.29,6.57,42,17
d_F88R_M255I_Y217Y_OFF_T_G17,85,0.7934,0.806,0.9846,1,1.87,0,12.11,0,35.33,0,33.16,35.26,5.81,3.5,2.84,4.66,25,10
d_F88R_M255I_Y217Y_OFF_T_G17,86,0.7934,0.7307,0.9836,0,6.63,0,13.55,0,5.25,0,11.48,10.76,2.88,3.47,2.15,5.85,47,18
d_F88R_M255I_Y217Y_OFF_T_G17,87,0.7933,0.7458,0.9834,0,5.48,0,11.21,0,31.87,0,33.56,34.77,5.07,6.38,5.37,4.25,35,14
d_F88R_M255I_Y217Y_OFF_T_G17,88,0.79,0.7416,0.9788,0,5.39,0,11.7,0,39.95,0,37.46,38.79,6.29,4.43,4.82,6.6,26,11
d_F88R_M255I_Y217Y_OFF_T_G17,89,0.7857,0.7804,0.9808,0,6.42,0,12.71,0,38.29,0,36.18,36.5,4.5,3.28,3.41,7.59,26,12
d_F88R_M255I_Y217Y_OFF_T_G17,9,0.8434,0.9379,0.9907,0,6.27,0,6.0,0,32.19,0,32.76,31.77,3.31,3.68,4.29,5.89,28,13
d_F88R_M255I_Y217Y_OFF_T_G17,90,0.7855,0.7626,0.9813,0,5.73,0,10.71,0,39.87,0,37.27,38.67,5.62,2.82,3.8,7.35,26,12
d_F88R_M255I_Y217Y_OFF_T_G17,91,0.7808,0.8026,0.9848,0,7.97,0,15.66,0,14.66,0,8.73,14.25,8.15,5.15,5.07,8.7,19,8
d_F88R_M255I_Y217Y_OFF_T_G17,92,0.7803,0.7266,0.9801,0,5.85,0,12.69,0,29.83,0,22.66,28.27,5.62,4.22,2.15,5.89,29,16
d_F88R_M255I_Y217Y_OFF_T_G17,93,0.7801,0.6668,0.9769,0,5.3,0,11.88,0,39.35,0,33.84,38.61,5.26,3.84,5.61,6.23,40,18
d_F88R_M255I_Y217Y_OFF_T_G17,94,0.7784,0.7351,0.9828,0,6.42,0,11.75,0,31.17,0,29.92,30.94,6.92,5.9,8.41,5.44,32,13
d_F88R_M255I_Y217Y_OFF_T_G17,95,0.7727,0.6917,0.9851,0,7.18,0,13.76,1,3.94,0,8.74,7.99,5.19,4.14,4.23,6.56,33,18
d_F88R_M255I_Y217Y_OFF_T_G17,96,0.7714,0.7091,0.9824,0,6.32,0,8.8,0,27.57,0,22.81,28.52,3.46,5.24,4.45,5.77,44,18
d_F88R_M255I_Y217Y_OFF_T_G17,97,0.766,0.6788,0.9804,1,4.44,0,15.24,0,40.58,0,34.33,38.89,5.67,2.34,5.5,4.44,35,14
d_F88R_M255I_Y217Y_OFF_T_G17,98,0.7635,0.6692,0.9771,1,4.99,0,11.42,0,31.45,0,26.75,32.54,4.88,3.54,5.49,7.07,38,13
d_F88R_M255I_Y217Y_OFF_T_G17,99,0.7344,0.5437,0.9752,0,6.63,0,15.1,0,36.65,0,33.85,34.73,5.02,6.29,3.16,6.1,30,11
d_F88W_M255I_Y217Y_OFF_T_G17,0,0.8716,0.9495,0.9907,1,2.79,0,13.28,0,42.66,0,37.15,40.71,5.02,3.6,5.12,4.79,36,16
d_F88W_M255I_Y217Y_OFF_T_G17,1,0.8673,0.9192,0.9908,0,5.29,0,26.59,0,8.0,0,15.4,11.51,6.41,3.81,9.93,4.94,35,13
d_F88W_M255I_Y217Y_OFF_T_G17,10,0.8552,0.8721,0.9898,0,6.05,0,24.17,0,32.18,0,28.61,35.17,5.13,4.23,7.07,6.82,40,15
d_F88W_M255I_Y217Y_OFF_T_G17,11,0.8547,0.9244,0.9894,0,6.37,0,12.26,0,24.24,0,23.24,26.72,2.95,5.81,5.35,6.82,50,17
d_F88W_M255I_Y217Y_OFF_T_G17,12,0.8543,0.8444,0.99,1,3.73,0,24.24,0,28.26,0,25.42,30.07,2.88,4.57,4.39,6.53,46,15
d_F88W_M255I_Y217Y_OFF_T_G17,13,0.8524,0.8957,0.9866,0,5.46,0,13.18,0,30.34,0,31.24,32.9,3.56,5.57,5.42,6.39,39,15
d_F88W_M255I_Y217Y_OFF_T_G17,14,0.8515,0.8583,0.9854,1,3.52,0,15.86,0,38.19,0,37.05,40.14,4.52,6.9,9.46,1.1,29,9
d_F88W_M255I_Y217Y_OFF_T_G17,15,0.8505,0.9131,0.9884,0,5.3,0,8.4,0,31.67,0,29.93,32.16,8.47,3.28,5.35,5.19,38,12
d_F88W_M255I_Y217Y_OFF_T_G17,16,0.8502,0.8952,0.9881,0,5.34,0,26.39,0,10.45,0,16.2,13.99,4.32,4.29,6.97,6.35,33,12
d_F88W_M255I_Y217Y_OFF_T_G17,17,0.8501,0.867,0.9894,1,4.68,0,20.1,0,32.52,0,36.15,36.15,3.89,4.28,2.9,4.37,38,14
d_F88W_M255I_Y217Y_OFF_T_G17,18,0.85,0.9001,0.9914,1,3.63,0,24.0,0,12.47,0,9.76,16.79,6.17,5.18,11.76,4.36,27,7
d_F88W_M255I_Y217Y_OFF_T_G17,19,0.8493,0.925,0.9891,0,7.37,0,11.05,0,40.91,0,35.32,39.92,6.5,3.61,3.17,6.36,34,17
d_F88W_M255I_Y217Y_OFF_T_G17,2,0.8666,0.9458,0.9913,0,5.56,0,13.82,0,44.07,0,36.87,42.08,4.78,3.58,5.16,6.55,43,16
d_F88W_M255I_Y217Y_OFF_T_G17,20,0.8486,0.9441,0.9931,1,1.96,0,12.48,0,44.86,0,37.44,43.92,3.53,3.36,3.2,2.84,38,12
d_F88W_M255I_Y217Y_OFF_T_G17,21,0.8485,0.8996,0.9882,0,7.23,0,16.12,0,33.2,0,31.81,30.84,4.6,4.9,5.83,7.09,44,17
d_F88W_M255I_Y217Y_OFF_T_G17,22,0.8481,0.8848,0.9862,1,4.66,0,14.64,0,41.19,0,38.28,39.51,4.91,3.6,4.97,5.34,36,12
d_F88W_M255I_Y217Y_OFF_T_G17,23,0.8477,0.9062,0.9901,0,5.4,0,13.7,0,42.04,0,39.78,40.15,4.44,3.93,4.48,5.38,28,12
d_F88W_M255I_Y217Y_OFF_T_G17,24,0.8475,0.909,0.9899,1,5.0,0,13.04,0,32.92,0,33.24,36.37,6.1,5.17,9.66,4.12,32,10
d_F88W_M255I_Y217Y_OFF_T_G17,25,0.8473,0.8844,0.9924,1,3.09,0,24.01,0,29.33,0,27.8,31.89,2.37,6.45,11.21,1.61,46,14
d_F88W_M255I_Y217Y_OFF_T_G17,26,0.8469,0.918,0.9883,0,5.4,0,14.1,0,43.64,0,37.66,41.53,6.03,3.11,4.68,6.02,35,16
d_F88W_M255I_Y217Y_OFF_T_G17,27,0.8469,0.9195,0.9904,1,3.77,0,18.89,0,36.27,0,35.81,35.16,4.24,6.18,4.98,2.56,31,14
d_F88W_M255I_Y217Y_OFF_T_G17,28,0.846,0.8985,0.9869,1,4.95,0,13.81,0,35.16,0,32.31,33.46,4.22,3.9,4.43,5.81,40,17
d_F88W_M255I_Y217Y_OFF_T_G17,29,0.8447,0.8756,0.9883,1,4.59,0,16.07,0,31.54,0,34.81,31.69,4.63,2.37,4.43,5.72,27,12
d_F88W_M255I_Y217Y_OFF_T_G17,3,0.8637,0.9372,0.9892,1,3.9,0,13.29,0,43.15,0,37.37,40.85,5.64,5.77,5.79,5.1,35,18
d_F88W_M255I_Y217Y_OFF_T_G17,30,0.8445,0.9302,0.9882,0,5.27,0,15.79,0,42.58,0,36.14,40.85,5.84,4.2,5.38,5.73,39,14
d_F88W_M255I_Y217Y_OFF_T_G17,31,0.8441,0.8842,0.9882,1,4.62,0,20.78,0,20.38,0,22.66,27.72,3.19,3.64,5.65,5.28,29,10
d_F88W_M255I_Y217Y_OFF_T_G17,32,0.8438,0.8767,0.9866,0,5.6,0,14.29,0,40.12,0,37.58,38.93,4.41,5.33,5.01,5.8,30,10
d_F88W_M255I_Y217Y_OFF_T_G17,33,0.8433,0.8774,0.9879,0,6.46,0,14.08,0,46.63,0,43.37,45.24,3.57,3.89,6.05,5.87,27,12
d_F88W_M255I_Y217Y_OFF_T_G17,34,0.8428,0.9056,0.9903,0,5.93,0,16.53,0,41.69,0,38.28,40.11,4.99,2.51,4.64,4.9,30,12
d_F88W_M255I_Y217Y_OFF_T_G17,35,0.8425,0.8977,0.9891,1,4.62,0,14.97,0,40.93,0,37.53,39.39,4.53,4.32,3.15,4.88,35,12
d_F88W_M255I_Y217Y_OFF_T_G17,36,0.8422,0.8713,0.9872,1,4.87,0,14.64,0,40.64,0,38.34,39.25,4.45,4.91,5.05,3.46,32,12
d_F88W_M255I_Y217Y_OFF_T_G17,37,0.842,0.9211,0.9911,1,3.49,0,14.64,0,39.99,0,38.08,38.1,4.22,5.46,4.4,5.82,29,12
d_F88W_M255I_Y217Y_OFF_T_G17,38,0.8414,0.843,0.9845,0,5.76,0,15.25,0,42.39,0,38.44,40.38,4.77,3.87,4.17,5.25,29,12
d_F88W_M255I_Y217Y_OFF_T_G17,39,0.8406,0.902,0.9858,0,8.7,0,11.58,0,40.15,0,35.17,39.52,6.99,2.19,2.32,8.66,35,18
d_F88W_M255I_Y217Y_OFF_T_G17,4,0.8635,0.9499,0.9907,1,4.88,0,13.3,0,42.11,0,35.04,40.05,3.9,3.5,3.72,6.39,44,17
d_F88W_M255I_Y217Y_OFF_T_G17,40,0.8402,0.895,0.9875,0,5.02,0,28.65,0,19.34,0,22.98,24.66,6.59,3.99,8.16,5.95,32,10
d_F88W_M255I_Y217Y_OFF_T_G17,41,0.8402,0.8302,0.9808,0,7.64,0,10.79,0,33.72,0,31.04,33.88,8.46,4.12,2.19,6.86,31,14
d_F88W_M255I_Y217Y_OFF_T_G17,42,0.8395,0.8649,0.9849,0,7.34,0,14.09,0,40.77,0,37.14,38.69,4.16,4.12,5.06,7.62,30,16
d_F88W_M255I_Y217Y_OFF_T_G17,43,0.8395,0.8925,0.9845,1,3.78,0,14.03,0,44.59,0,38.44,43.02,4.99,3.03,6.19,4.82,36,15
d_F88W_M255I_Y217Y_OFF_T_G17,44,0.8386,0.9154,0.9899,1,4.32,0,24.62,0,5.02,0,12.69,10.81,5.3,4.32,7.59,4.78,35,15
d_F88W_M255I_Y217Y_OFF_T_G17,45,0.8386,0.8321,0.9873,0,11.71,0,24.54,0,32.76,0,36.67,35.58,7.34,8.26,5.88,19.96,10,6
d_F88W_M255I_Y217Y_OFF_T_G17,46,0.8385,0.9249,0.9902,1,4.6,0,13.94,0,44.96,0,40.66,43.39,4.76,4.06,4.79,5.06,35,13
d_F88W_M255I_Y217Y_OFF_T_G17,47,0.8373,0.8782,0.9869,0,5.98,0,13.65,0,17.98,0,16.2,20.92,5.64,2.82,3.37,5.67,30,12
d_F88W_M255I_Y217Y_OFF_T_G17,48,0.8367,0.8443,0.988,1,4.88,0,22.18,0,34.28,0,30.15,36.16,3.75,4.87,7.28,5.83,25,8
d_F88W_M255I_Y217Y_OFF_T_G17,49,0.8365,0.8782,0.9853,0,6.44,0,15.24,0,41.49,0,39.03,39.78,3.43,4.56,4.57,5.38,26,11
d_F88W_M255I_Y217Y_OFF_T_G17,5,0.861,0.9355,0.9905,0,5.94,0,13.89,0,40.85,0,35.05,38.92,6.3,3.9,4.64,3.91,30,14
d_F88W_M255I_Y217Y_OFF_T_G17,50,0.8361,0.8843,0.9907,1,4.89,0,20.91,0,28.27,0,31.85,33.28,3.64,4.71,6.49,5.58,32,10
d_F88W_M255I_Y217Y_OFF_T_G17,51,0.8356,0.9009,0.9921,0,5.85,0,22.64,0,30.19,0,26.41,32.63,3.71,2.93,4.9,6.14,28,10
d_F88W_M255I_Y217Y_OFF_T_G17,52,0.8353,0.8839,0.9855,0,7.13,0,11.76,0,42.67,0,36.84,41.13,6.54,3.27,5.84,5.93,32,17
d_F88W_M255I_Y217Y_OFF_T_G17,53,0.8343,0.8914,0.9874,1,2.91,0,23.41,0,8.27,0,13.09,13.36,6.35,4.8,10.34,1.45,31,8
d_F88W_M255I_Y217Y_OFF_T_G17,54,0.8341,0.8285,0.9896,1,3.96,0,25.02,0,30.71,0,33.37,29.84,3.79,2.49,6.35,5.76,27,11
d_F88W_M255I_Y217Y_OFF_T_G17,55,0.833,0.9253,0.988,0,9.3,0,12.41,0,33.68,0,30.91,33.17,9.38,3.2,2.87,8.07,32,11
d_F88W_M255I_Y217Y_OFF_T_G17,56,0.8314,0.8846,0.9885,0,6.7,0,17.12,0,34.64,0,34.15,33.7,4.95,4.54,3.95,5.54,32,13
d_F88W_M255I_Y217Y_OFF_T_G17,57,0.8309,0.851,0.9874,0,6.42,0,15.91,0,42.21,0,39.3,40.35,4.75,4.98,7.54,6.33,39,16
d_F88W_M255I_Y217Y_OFF_T_G17,58,0.8302,0.8436,0.9902,0,6.25,0,28.25,0,36.02,0,40.92,38.63,4.11,4.53,2.1,6.62,32,13
d_F88W_M255I_Y217Y_OFF_T_G17,59,0.829,0.8337,0.9867,1,4.21,0,17.96,0,27.07,0,30.47,31.45,3.89,1.59,3.98,5.51,39,16
d_F88W_M255I_Y217Y_OFF_T_G17,6,0.8608,0.9417,0.9914,1,4.9,0,9.27,0,32.67,0,31.73,33.65,6.47,4.83,5.81,5.46,32,15
d_F88W_M255I_Y217Y_OFF_T_G17,60,0.8283,0.7921,0.9845,1,4.92,0,20.73,0,40.69,0,38.94,38.37,4.25,3.67,5.33,5.67,35,12
d_F88W_M255I_Y217Y_OFF_T_G17,61,0.8282,0.8969,0.9883,1,4.98,0,14.86,0,40.97,0,37.62,39.28,7.05,4.28,4.23,6.79,25,10
d_F88W_M255I_Y217Y_OFF_T_G17,62,0.8281,0.8549,0.9858,1,4.6,0,26.19,0,13.89,0,22.29,20.38,4.51,3.63,8.33,6.4,32,9
d_F88W_M255I_Y217Y_OFF_T_G17,63,0.8264,0.8902,0.9898,0,5.55,0,20.73,0,17.61,0,16.55,19.65,3.9,4.01,7.6,4.98,37,12
d_F88W_M255I_Y217Y_OFF_T_G17,64,0.8263,0.8771,0.9873,0,5.55,0,16.88,0,38.95,0,35.39,36.74,5.23,5.32,3.8,7.09,31,12
d_F88W_M255I_Y217Y_OFF_T_G17,65,0.8261,0.8552,0.9867,1,4.67,0,23.45,0,27.23,0,22.54,28.24,5.66,5.47,6.7,4.66,20,9
d_F88W_M255I_Y217Y_OFF_T_G17,66,0.826,0.9034,0.9903,0,5.52,0,10.39,0,23.22,0,22.71,25.53,2.17,4.87,3.64,6.04,34,14
d_F88W_M255I_Y217Y_OFF_T_G17,67,0.8259,0.861,0.9849,0,6.62,0,15.7,0,46.84,0,42.63,45.35,4.13,3.76,5.07,6.24,26,12
d_F88W_M255I_Y217Y_OFF_T_G17,68,0.8258,0.8545,0.9875,1,4.55,0,21.95,0,42.73,0,38.21,44.59,5.65,3.38,9.11,5.36,20,8
d_F88W_M255I_Y217Y_OFF_T_G17,69,0.8257,0.8175,0.9828,1,4.77,0,14.34,0,38.3,0,36.45,36.7,4.55,5.55,2.59,5.02,31,11
d_F88W_M255I_Y217Y_OFF_T_G17,7,0.8595,0.9276,0.992,1,4.67,0,14.01,0,54.15,0,48.23,52.8,4.72,3.82,4.71,3.58,34,13
d_F88W_M255I_Y217Y_OFF_T_G17,70,0.8241,0.8602,0.9879,1,4.2,0,22.31,0,16.87,0,17.13,20.24,3.88,4.97,7.33,5.49,22,6
d_F88W_M255I_Y217Y_OFF_T_G17,71,0.8236,0.7682,0.9825,0,5.24,0,26.66,0,11.06,0,19.16,15.97,5.99,2.81,9.9,4.57,32,12
d_F88W_M255I_Y217Y_OFF_T_G17,72,0.8218,0.8223,0.9851,1,4.78,0,24.39,0,27.1,0,27.36,31.27,5.52,6.22,8.89,3.88,18,6
d_F88W_M255I_Y217Y_OFF_T_G17,73,0.8215,0.8474,0.9864,1,4.7,0,25.65,0,12.08,0,18.87,17.88,5.82,3.56,7.71,6.09,32,10
d_F88W_M255I_Y217Y_OFF_T_G17,74,0.8212,0.8973,0.9869,0,7.04,0,11.9,0,5.83,0,3.76,3.51,3.55,3.66,3.17,7.23,43,18
d_F88W_M255I_Y217Y_OFF_T_G17,75,0.8202,0.8158,0.9883,0,5.53,0,16.59,0,29.81,0,31.78,31.63,3.49,5.54,7.76,6.55,31,9
d_F88W_M255I_Y217Y_OFF_T_G17,76,0.819,0.9155,0.9905,0,5.75,0,12.7,0,35.31,0,32.05,33.64,7.02,6.38,7.88,5.73,48,17
d_F88W_M255I_Y217Y_OFF_T_G17,77,0.8153,0.8142,0.9854,0,5.9,0,13.75,0,40.69,0,38.23,39.19,4.74,4.46,3.95,5.45,27,11
d_F88W_M255I_Y217Y_OFF_T_G17,78,0.8149,0.877,0.9871,0,5.91,0,10.59,0,29.09,0,25.92,30.04,2.92,4.23,3.69,6.11,46,18
d_F88W_M255I_Y217Y_OFF_T_G17,79,0.8143,0.8121,0.9821,0,6.73,0,15.99,0,43.45,0,37.6,41.47,5.59,4.95,6.84,6.01,28,15
d_F88W_M255I_Y217Y_OFF_T_G17,8,0.8586,0.9321,0.9909,0,7.3,0,7.58,0,26.3,0,23.19,26.67,3.51,4.4,4.7,5.96,54,18
d_F88W_M255I_Y217Y_OFF_T_G17,80,0.8133,0.8386,0.9854,1,4.89,0,15.91,0,46.57,0,43.43,44.86,4.18,3.57,4.49,4.69,35,11
d_F88W_M255I_Y217Y_OFF_T_G17,81,0.8115,0.7798,0.9873,0,6.15,0,25.67,0,40.82,0,40.76,44.06,4.1,4.21,3.08,5.01,41,13
d_F88W_M255I_Y217Y_OFF_T_G17,82,0.811,0.9188,0.9885,1,2.74,0,11.88,0,21.67,0,15.59,22.76,4.51,4.01,1.72,2.45,45,17
d_F88W_M255I_Y217Y_OFF_T_G17,83,0.8098,0.7871,0.9832,0,5.82,0,18.71,0,39.86,0,33.75,39.17,5.42,5.93,6.64,4.67,41,21
d_F88W_M255I_Y217Y_OFF_T_G17,84,0.8087,0.8406,0.9883,0,5.42,0,25.48,0,14.57,0,18.43,19.88,4.75,4.3,8.2,6.32,23,7
d_F88W_M255I_Y217Y_OFF_T_G17,85,0.8086,0.8171,0.9858,0,5.45,0,17.44,0,27.38,0,27.01,29.99,4.84,3.56,4.9,5.99,43,16
d_F88W_M255I_Y217Y_OFF_T_G17,86,0.8064,0.7968,0.9826,0,6.53,0,13.69,0,40.31,0,38.9,40.02,5.04,5.34,4.31,7.5,21,11
d_F88W_M255I_Y217Y_OFF_T_G17,87,0.8037,0.8361,0.9838,0,6.81,0,14.48,0,36.37,0,34.1,34.62,4.55,2.85,3.58,7.31,30,14
d_F88W_M255I_Y217Y_OFF_T_G17,88,0.802,0.8799,0.989,0,7.58,0,18.74,0,11.33,0,7.53,12.26,5.89,4.57,5.1,8.37,24,12
d_F88W_M255I_Y217Y_OFF_T_G17,89,0.8004,0.856,0.987,0,5.99,0,10.43,0,22.65,0,18.72,26.18,4.88,4.83,3.91,6.16,37,14
d_F88W_M255I_Y217Y_OFF_T_G17,9,0.8555,0.922,0.9911,0,5.14,0,14.79,0,44.41,0,40.82,42.46,5.05,4.59,5.65,5.75,24,12
d_F88W_M255I_Y217Y_OFF_T_G17,90,0.8003,0.7932,0.9866,0,5.76,0,18.52,0,34.51,0,32.5,32.01,4.5,5.05,8.08,6.73,34,17
d_F88W_M255I_Y217Y_OFF_T_G17,91,0.7995,0.7366,0.9791,0,6.17,0,12.89,0,42.6,0,36.12,40.09,6.86,3.89,5.59,7.59,29,15
d_F88W_M255I_Y217Y_OFF_T_G17,92,0.7992,0.8179,0.9828,0,6.21,0,9.61,0,34.28,0,34.51,35.99,5.43,6.26,8.08,6.07,30,14
d_F88W_M255I_Y217Y_OFF_T_G17,93,0.7959,0.8694,0.9874,0,6.4,0,12.61,0,24.49,0,18.13,24.84,3.58,5.86,5.38,6.88,35,12
d_F88W_M255I_Y217Y_OFF_T_G17,94,0.7947,0.8648,0.9866,0,6.88,0,11.29,0,22.58,0,17.93,23.7,4.55,3.92,6.89,6.47,34,13
d_F88W_M255I_Y217Y_OFF_T_G17,95,0.7929,0.6948,0.9822,1,4.53,0,16.11,0,35.16,0,34.13,34.13,4.59,4.37,4.01,3.4,31,12
d_F88W_M255I_Y217Y_OFF_T_G17,96,0.7881,0.68,0.9839,0,5.14,0,22.53,0,30.68,0,28.64,33.44,5.48,4.56,9.36,5.77,24,8
d_F88W_M255I_Y217Y_OFF_T_G17,97,0.7815,0.7029,0.9835,1,4.38,0,23.56,0,15.41,0,21.35,21.98,4.38,3.26,7.73,6.26,36,11
d_F88W_M255I_Y217Y_OFF_T_G17,98,0.7539,0.6181,0.9816,0,7.02,0,8.64,0,33.51,0,35.55,36.85,4.42,4.46,5.95,5.83,29,13
d_F88W_M255I_Y217Y_OFF_T_G17,99,0.738,0.4693,0.9735,0,12.85,0,22.49,0,34.6,0,33.95,38.04,5.64,8.04,4.27,19.5,14,6
d_F88Y_M255I_Y217Y_OFF_T_G17,0,0.8624,0.9028,0.9898,1,1.84,0,10.72,1,3.4,0,5.02,3.32,4.37,3.93,4.5,3.93,36,15
d_F88Y_M255I_Y217Y_OFF_T_G17,1,0.8608,0.9333,0.9911,1,3.79,0,14.76,0,48.96,0,43.93,47.03,4.65,3.52,6.75,3.97,36,15
d_F88Y_M255I_Y217Y_OFF_T_G17,10,0.8535,0.9207,0.9911,1,4.85,0,14.06,0,42.04,0,38.8,40.27,4.92,3.16,5.59,6.01,30,12
d_F88Y_M255I_Y217Y_OFF_T_G17,11,0.8529,0.9066,0.9889,0,6.13,0,15.26,0,46.73,0,42.67,44.88,4.87,4.35,6.14,5.9,27,13
d_F88Y_M255I_Y217Y_OFF_T_G17,12,0.8523,0.943,0.9908,1,4.71,0,11.71,1,2.91,0,5.74,6.66,3.33,3.22,2.81,5.66,48,21
d_F88Y_M255I_Y217Y_OFF_T_G17,13,0.8522,0.9516,0.993,1,4.14,0,12.84,0,6.72,0,13.46,12.79,3.68,3.12,3.29,5.69,35,14
d_F88Y_M255I_Y217Y_OFF_T_G17,14,0.8517,0.8348,0.9875,0,10.61,0,25.55,0,29.49,0,33.82,32.45,7.91,10.21,6.26,18.85,14,7
d_F88Y_M255I_Y217Y_OFF_T_G17,15,0.8511,0.9064,0.9881,1,2.96,0,24.25,0,20.6,0,14.82,20.9,3.75,3.57,2.99,3.89,52,17
d_F88Y_M255I_Y217Y_OFF_T_G17,16,0.8506,0.9116,0.9861,0,7.94,0,14.0,0,34.72,0,32.53,34.49,7.52,2.81,3.42,7.32,35,14
d_F88Y_M255I_Y217Y_OFF_T_G17,17,0.8498,0.947,0.9908,1,3.68,0,9.0,0,27.36,0,24.37,29.95,3.88,3.92,2.82,1.54,39,18
d_F88Y_M255I_Y217Y_OFF_T_G17,18,0.8498,0.9118,0.9885,0,6.27,0,13.4,0,41.7,0,37.99,40.43,5.93,1.31,6.32,6.42,31,12
d_F88Y_M255I_Y217Y_OFF_T_G17,19,0.8496,0.9161,0.9881,1,3.09,0,9.3,0,26.14,0,24.79,28.99,4.1,3.94,1.8,4.38,37,12
d_F88Y_M255I_Y217Y_OFF_T_G17,2,0.8591,0.9243,0.9897,1,4.0,0,20.5,0,42.63,0,36.05,40.88,4.08,2.57,3.09,3.74,58,21
d_F88Y_M255I_Y217Y_OFF_T_G17,20,0.8494,0.8874,0.9863,0,6.26,0,10.17,0,29.24,0,29.32,31.02,10.13,5.29,8.52,5.48,30,12
d_F88Y_M255I_Y217Y_OFF_T_G17,21,0.8486,0.9371,0.9898,1,4.73,0,11.12,0,32.66,0,28.65,33.48,4.92,5.68,3.63,5.96,43,17
d_F88Y_M255I_Y217Y_OFF_T_G17,22,0.8485,0.9281,0.9891,0,6.59,0,17.67,0,39.86,0,34.97,39.9,4.34,5.26,4.61,6.86,55,20
d_F88Y_M255I_Y217Y_OFF_T_G17,23,0.848,0.9254,0.9919,1,3.24,0,26.09,0,8.68,0,16.52,11.93,5.78,4.93,11.95,3.04,35,12
d_F88Y_M255I_Y217Y_OFF_T_G17,24,0.8479,0.8878,0.9873,1,4.45,0,19.28,0,31.86,0,29.24,33.98,4.72,2.25,2.32,6.11,51,18
d_F88Y_M255I_Y217Y_OFF_T_G17,25,0.8472,0.9062,0.9891,0,5.67,0,15.12,0,42.48,0,39.21,41.05,3.84,3.62,6.21,4.15,35,13
d_F88Y_M255I_Y217Y_OFF_T_G17,26,0.8466,0.9182,0.9884,0,6.37,0,11.53,0,32.9,0,30.23,32.6,9.39,3.47,4.56,5.58,30,12
d_F88Y_M255I_Y217Y_OFF_T_G17,27,0.8466,0.9158,0.9879,0,6.24,0,11.09,0,29.24,0,29.01,31.51,10.72,6.92,14.64,4.48,35,14
d_F88Y_M255I_Y217Y_OFF_T_G17,28,0.8456,0.9286,0.9888,0,8.0,0,11.19,0,40.35,0,34.96,39.3,5.81,3.56,5.51,7.55,39,18
d_F88Y_M255I_Y217Y_OFF_T_G17,29,0.8448,0.9322,0.9899,0,6.82,0,10.57,0,38.27,0,36.97,37.22,5.46,3.13,3.87,6.69,31,13
d_F88Y_M255I_Y217Y_OFF_T_G17,3,0.8581,0.9306,0.9867,1,4.55,0,16.37,1,2.41,0,2.62,7.35,3.61,3.4,2.16,3.85,48,19
d_F88Y_M255I_Y217Y_OFF_T_G17,30,0.8437,0.86,0.9892,0,5.64,0,11.11,0,5.07,0,5.52,11.16,2.05,5.32,3.38,5.68,35,14
d_F88Y_M255I_Y217Y_OFF_T_G17,31,0.8435,0.9331,0.9899,1,3.89,0,13.23,0,40.44,0,34.63,39.03,5.28,3.56,5.47,5.72,40,15
d_F88Y_M255I_Y217Y_OFF_T_G17,32,0.8432,0.9381,0.991,0,8.88,0,11.89,0,40.92,0,35.46,39.64,6.37,3.03,4.54,8.38,36,17
d_F88Y_M255I_Y217Y_OFF_T_G17,33,0.8415,0.8694,0.9861,0,5.79,0,31.75,0,23.79,0,21.87,25.62,5.22,3.3,4.37,4.08,38,16
d_F88Y_M255I_Y217Y_OFF_T_G17,34,0.8413,0.8978,0.9848,0,7.35,0,12.43,0,35.71,0,33.57,36.51,5.77,2.77,5.48,5.82,25,10
d_F88Y_M255I_Y217Y_OFF_T_G17,35,0.8404,0.8715,0.9897,0,10.97,0,25.36,0,32.98,0,36.65,37.5,8.05,8.12,5.32,17.85,15,8
d_F88Y_M255I_Y217Y_OFF_T_G17,36,0.8397,0.9046,0.9881,0,6.14,0,13.35,0,42.32,0,36.35,40.29,6.17,3.71,3.96,7.77,38,16
d_F88Y_M255I_Y217Y_OFF_T_G17,37,0.8397,0.8914,0.9893,1,4.89,0,18.53,0,46.33,0,42.9,48.4,7.36,6.28,10.89,3.54,28,12
d_F88Y_M255I_Y217Y_OFF_T_G17,38,0.8394,0.9195,0.9922,1,3.22,0,12.05,1,2.75,0,8.92,8.05,3.82,3.11,2.3,4.9,34,14
d_F88Y_M255I_Y217Y_OFF_T_G17,39,0.8392,0.877,0.9909,1,4.17,0,21.06,0,39.56,0,38.99,42.99,2.69,2.3,2.97,5.39,42,13
d_F88Y_M255I_Y217Y_OFF_T_G17,4,0.8567,0.9478,0.99,0,8.14,0,12.79,0,35.34,0,31.61,34.6,8.02,2.74,4.05,6.41,35,15
d_F88Y_M255I_Y217Y_OFF_T_G17,40,0.8384,0.8769,0.9846,0,6.7,0,14.53,0,46.45,0,38.11,44.67,5.35,3.01,5.34,4.97,39,20
d_F88Y_M255I_Y217Y_OFF_T_G17,41,0.8379,0.8822,0.9915,1,4.78,0,24.79,0,34.02,0,35.61,38.15,3.31,3.8,2.59,5.4,48,15
d_F88Y_M255I_Y217Y_OFF_T_G17,42,0.837,0.9232,0.9919,1,2.21,0,14.81,0,37.75,0,40.5,40.77,4.62,3.95,2.3,0.64,36,13
d_F88Y_M255I_Y217Y_OFF_T_G17,43,0.837,0.8768,0.987,0,7.11,0,13.9,0,13.63,0,10.5,15.83,3.43,2.77,3.3,6.35,27,8
d_F88Y_M255I_Y217Y_OFF_T_G17,44,0.8365,0.9173,0.9913,1,1.92,0,25.89,0,13.03,0,19.71,16.84,5.32,3.37,10.21,1.52,38,12
d_F88Y_M255I_Y217Y_OFF_T_G17,45,0.8362,0.9084,0.9883,1,4.44,0,15.75,0,7.03,0,9.18,12.85,4.06,2.98,3.43,5.9,43,17
d_F88Y_M255I_Y217Y_OFF_T_G17,46,0.8359,0.9205,0.9897,0,5.1,0,23.59,0,8.03,0,12.24,12.26,3.77,5.0,7.71,6.04,27,9
d_F88Y_M255I_Y217Y_OFF_T_G17,47,0.8356,0.92,0.9909,0,6.64,0,12.02,0,34.16,0,33.06,33.7,6.13,4.02,10.6,6.96,42,12
d_F88Y_M255I_Y217Y_OFF_T_G17,48,0.8351,0.9125,0.9915,0,11.85,0,24.07,0,30.18,0,35.26,34.17,8.1,5.54,5.7,19.85,19,12
d_F88Y_M255I_Y217Y_OFF_T_G17,49,0.835,0.9137,0.9892,0,6.07,0,17.26,0,53.24,0,47.09,53.61,3.49,3.91,7.9,4.92,39,14
d_F88Y_M255I_Y217Y_OFF_T_G17,5,0.8565,0.9269,0.9915,0,5.45,0,14.05,0,45.51,0,41.75,44.18,3.6,3.2,5.74,5.58,33,14
d_F88Y_M255I_Y217Y_OFF_T_G17,50,0.8349,0.9333,0.9898,0,7.33,0,13.17,0,28.68,0,27.99,30.02,9.98,3.06,8.2,6.05,28,14
d_F88Y_M255I_Y217Y_OFF_T_G17,51,0.8348,0.9079,0.9885,1,4.52,0,15.32,0,41.68,0,38.76,40.75,5.65,5.08,5.68,4.35,32,11
d_F88Y_M255I_Y217Y_OFF_T_G17,52,0.8346,0.8985,0.9848,0,5.88,0,7.4,0,30.43,0,29.86,31.8,11.09,3.02,8.34,5.57,28,14
d_F88Y_M255I_Y217Y_OFF_T_G17,53,0.834,0.8862,0.9871,1,4.09,0,13.93,1,4.39,0,1.89,5.18,3.94,3.22,2.97,1.96,41,20
d_F88Y_M255I_Y217Y_OFF_T_G17,54,0.8317,0.9244,0.9906,0,5.8,0,13.83,0,11.73,0,9.83,14.13,3.29,4.26,5.33,7.55,29,13
d_F88Y_M255I_Y217Y_OFF_T_G17,55,0.8316,0.9197,0.9892,0,5.97,0,13.42,0,37.41,0,35.63,37.93,6.78,5.95,6.5,6.94,24,9
d_F88Y_M255I_Y217Y_OFF_T_G17,56,0.8312,0.9186,0.9915,0,5.9,0,19.75,0,39.45,0,38.08,38.04,5.17,5.2,9.75,3.72,37,18
d_F88Y_M255I_Y217Y_OFF_T_G17,57,0.83,0.903,0.8377,0,5.24,0,13.84,0,31.1,0,26.56,31.92,3.83,3.56,2.09,6.39,43,15
d_F88Y_M255I_Y217Y_OFF_T_G17,58,0.8299,0.8872,0.9867,0,8.19,0,12.05,0,40.47,0,35.79,39.48,6.36,3.29,4.82,8.03,44,20
d_F88Y_M255I_Y217Y_OFF_T_G17,59,0.8293,0.8726,0.9872,1,4.84,0,13.78,0,37.9,0,34.28,36.84,7.16,4.01,3.98,4.45,31,11
d_F88Y_M255I_Y217Y_OFF_T_G17,6,0.8564,0.9183,0.9878,1,2.45,0,22.14,0,32.3,0,30.16,33.39,3.9,4.07,2.93,2.08,64,20
d_F88Y_M255I_Y217Y_OFF_T_G17,60,0.8291,0.8668,0.9829,0,6.77,0,12.27,0,32.26,0,30.32,32.75,9.66,3.5,4.4,5.24,29,11
d_F88Y_M255I_Y217Y_OFF_T_G17,61,0.8286,0.8799,0.9837,0,6.58,0,7.98,0,29.7,0,29.55,31.42,11.09,5.04,7.54,4.86,26,12
d_F88Y_M255I_Y217Y_OFF_T_G17,62,0.8265,0.9085,0.989,1,2.56,0,22.33,0,8.89,0,13.89,16.13,3.99,5.16,9.92,2.29,40,15
d_F88Y_M255I_Y217Y_OFF_T_G17,63,0.8261,0.8548,0.9862,0,5.52,0,20.88,0,30.84,0,29.01,32.65,2.94,3.99,2.8,5.88,46,16
d_F88Y_M255I_Y217Y_OFF_T_G17,64,0.8238,0.8344,0.9833,1,4.45,0,10.99,0,27.57,0,27.79,30.62,4.33,1.59,1.65,3.69,28,12
d_F88Y_M255I_Y217Y_OFF_T_G17,65,0.8233,0.8893,0.9853,0,5.31,0,17.45,0,30.16,0,29.08,32.01,4.36,4.65,3.22,5.37,49,16
d_F88Y_M255I_Y217Y_OFF_T_G17,66,0.8216,0.8831,0.9898,1,3.63,0,16.42,0,39.58,0,36.94,36.69,3.12,4.34,4.59,5.31,41,16
d_F88Y_M255I_Y217Y_OFF_T_G17,67,0.8193,0.7991,0.984,0,6.55,0,15.28,0,48.42,0,42.96,46.06,4.26,3.45,7.1,7.68,27,9
d_F88Y_M255I_Y217Y_OFF_T_G17,68,0.8186,0.9013,0.9877,0,6.45,0,14.86,0,15.64,0,9.86,16.8,5.76,3.89,2.21,7.27,35,16
d_F88Y_M255I_Y217Y_OFF_T_G17,69,0.8182,0.8856,0.9912,1,4.34,0,20.52,0,36.3,0,35.12,34.01,3.97,1.86,6.66,6.0,46,16
d_F88Y_M255I_Y217Y_OFF_T_G17,7,0.8564,0.9472,0.9925,1,2.8,0,12.78,0,38.66,0,35.85,37.28,5.87,5.58,2.99,3.76,30,10
d_F88Y_M255I_Y217Y_OFF_T_G17,70,0.8164,0.8465,0.9876,1,3.92,0,25.27,0,19.03,0,22.32,23.27,5.94,4.83,10.39,2.86,25,7
d_F88Y_M255I_Y217Y_OFF_T_G17,71,0.8161,0.8631,0.99,0,5.44,0,26.98,0,39.33,0,38.77,42.78,9.4,4.97,12.24,3.76,20,9
d_F88Y_M255I_Y217Y_OFF_T_G17,72,0.8153,0.896,0.9911,1,2.71,0,24.84,0,18.3,0,25.67,24.96,4.92,3.06,11.43,1.97,41,11
d_F88Y_M255I_Y217Y_OFF_T_G17,73,0.8152,0.8676,0.9858,0,6.15,0,16.28,0,41.95,0,41.47,41.55,2.97,3.56,5.97,6.4,48,14
d_F88Y_M255I_Y217Y_OFF_T_G17,74,0.8146,0.8864,0.9884,0,5.89,0,13.2,0,42.35,0,39.23,40.59,5.4,3.76,4.34,6.88,26,12
d_F88Y_M255I_Y217Y_OFF_T_G17,75,0.8144,0.845,0.987,0,5.82,0,11.54,1,1.77,0,4.52,7.89,2.38,2.56,2.3,5.24,35,16
d_F88Y_M255I_Y217Y_OFF_T_G17,76,0.814,0.8081,0.9854,0,5.59,0,13.33,0,38.48,0,36.62,37.58,6.55,4.14,5.16,7.28,26,11
d_F88Y_M255I_Y217Y_OFF_T_G17,77,0.809,0.8737,0.9898,1,4.04,0,23.11,0,17.38,0,19.82,21.71,3.91,5.13,10.41,3.34,21,7
d_F88Y_M255I_Y217Y_OFF_T_G17,78,0.808,0.8504,0.9867,0,5.44,0,15.97,0,40.04,0,37.69,42.53,3.54,1.92,4.87,4.15,36,13
d_F88Y_M255I_Y217Y_OFF_T_G17,79,0.8069,0.7924,0.9888,1,4.76,0,25.2,0,35.57,0,36.07,34.37,3.24,3.29,8.79,4.96,44,14
d_F88Y_M255I_Y217Y_OFF_T_G17,8,0.8541,0.9127,0.9857,0,5.76,0,13.32,0,41.81,0,35.39,39.71,4.0,3.49,3.5,6.66,44,17
d_F88Y_M255I_Y217Y_OFF_T_G17,80,0.8045,0.9404,0.9934,1,4.07,0,23.88,0,22.61,0,14.5,20.3,5.86,7.07,10.74,4.45,27,11
d_F88Y_M255I_Y217Y_OFF_T_G17,81,0.8043,0.8166,0.9834,0,5.91,0,13.62,0,38.01,0,34.92,36.56,5.67,4.33,3.95,6.82,30,11
d_F88Y_M255I_Y217Y_OFF_T_G17,82,0.8028,0.8649,0.9874,0,5.84,0,13.01,0,27.3,0,23.74,28.5,3.38,2.55,4.55,5.31,57,18
d_F88Y_M255I_Y217Y_OFF_T_G17,83,0.8028,0.8123,0.9877,0,6.2,0,23.36,0,40.35,0,32.53,40.04,11.31,3.47,9.94,5.38,28,11
d_F88Y_M255I_Y217Y_OFF_T_G17,84,0.7996,0.712,0.9793,0,5.41,0,15.22,0,39.99,0,37.55,38.08,4.94,4.42,4.22,3.75,31,13
d_F88Y_M255I_Y217Y_OFF_T_G17,85,0.7989,0.7103,0.9828,1,3.8,0,14.72,0,49.82,0,43.99,48.11,4.5,2.99,6.2,4.31,35,15
d_F88Y_M255I_Y217Y_OFF_T_G17,86,0.7976,0.7974,0.9884,0,7.09,0,10.14,0,28.18,0,25.61,30.74,5.17,3.8,5.3,5.05,31,12
d_F88Y_M255I_Y217Y_OFF_T_G17,87,0.7973,0.7555,0.9841,1,4.7,0,16.51,0,53.2,0,47.41,51.73,4.71,4.22,5.42,4.17,32,14
d_F88Y_M255I_Y217Y_OFF_T_G17,88,0.7951,0.8788,0.9886,1,4.08,0,22.12,0,16.97,0,18.14,20.65,5.94,3.63,10.95,3.66,23,10
d_F88Y_M255I_Y217Y_OFF_T_G17,89,0.794,0.8444,0.989,0,5.16,0,23.71,0,24.02,0,23.51,27.94,3.05,2.39,5.28,5.27,22,8
d_F88Y_M255I_Y217Y_OFF_T_G17,9,0.8535,0.8849,0.9872,1,4.21,0,12.36,0,6.22,0,14.32,12.93,4.26,5.65,2.53,4.84,44,19
d_F88Y_M255I_Y217Y_OFF_T_G17,90,0.7938,0.904,0.9896,1,2.9,0,23.71,0,24.69,0,16.41,23.15,5.95,7.35,9.8,1.8,34,11
d_F88Y_M255I_Y217Y_OFF_T_G17,91,0.7929,0.7902,0.9834,0,5.83,0,13.75,0,41.08,0,37.77,39.79,5.76,3.85,5.28,5.98,25,12
d_F88Y_M255I_Y217Y_OFF_T_G17,92,0.7899,0.7719,0.9822,1,4.2,0,9.32,0,25.62,0,24.2,29.12,4.06,5.23,0.85,3.67,37,15
d_F88Y_M255I_Y217Y_OFF_T_G17,93,0.7886,0.8482,0.9841,1,2.6,0,7.57,0,28.22,0,20.24,26.27,4.04,3.49,4.15,2.25,43,16
d_F88Y_M255I_Y217Y_OFF_T_G17,94,0.7849,0.7565,0.9824,0,7.28,0,12.63,0,43.42,0,36.96,42.43,7.21,2.95,5.45,5.65,44,24
d_F88Y_M255I_Y217Y_OFF_T_G17,95,0.7793,0.7133,0.9826,0,5.49,0,13.45,0,29.19,0,31.37,33.76,4.81,4.29,4.42,6.72,37,14
d_F88Y_M255I_Y217Y_OFF_T_G17,96,0.7789,0.6419,0.9836,1,3.24,0,20.37,0,30.02,0,34.18,32.6,2.99,1.65,2.14,3.09,51,14
d_F88Y_M255I_Y217Y_OFF_T_G17,97,0.7787,0.7064,0.984,1,3.33,0,17.14,0,34.7,0,34.55,37.6,5.44,7.27,11.15,1.52,34,11
d_F88Y_M255I_Y217Y_OFF_T_G17,98,0.7695,0.7009,0.9787,1,1.69,0,16.55,0,27.4,0,26.95,29.92,3.23,5.0,4.55,1.32,51,21
d_F88Y_M255I_Y217Y_OFF_T_G17,99,0.742,0.5592,0.9779,1,4.51,0,9.14,0,24.42,0,21.94,27.19,3.59,3.48,2.9,4.99,32,13
sm_TrackF_F88W_OFF_T_G17,0,0.8668,0.9265,0.9899,1,4.98,0,14.85,0,40.97,0,38.4,40.11,1.68,3.3,4.85,4.37,31,11
sm_TrackF_F88W_OFF_T_G17,1,0.8645,0.8951,0.9855,0,5.26,0,15.27,0,43.9,0,40.12,42.97,1.66,3.1,4.54,6.43,34,13
sm_TrackF_F88W_OFF_T_G17,10,0.8587,0.9015,0.9876,0,6.28,0,16.06,0,40.39,0,38.13,39.06,0.84,5.77,2.68,6.21,23,11
sm_TrackF_F88W_OFF_T_G17,11,0.8586,0.895,0.9881,0,6.8,0,16.67,0,38.82,0,36.81,38.41,1.24,3.01,5.16,6.67,26,13
sm_TrackF_F88W_OFF_T_G17,12,0.8554,0.8887,0.9864,1,4.64,0,14.21,0,37.85,0,36.7,37.2,1.96,2.08,5.26,3.27,34,12
sm_TrackF_F88W_OFF_T_G17,13,0.855,0.9099,0.9889,0,5.33,0,17.62,0,49.53,0,45.16,47.73,2.67,3.03,6.06,5.25,29,12
sm_TrackF_F88W_OFF_T_G17,14,0.8541,0.8827,0.9854,0,5.03,0,13.88,0,41.09,0,37.77,40.14,3.82,4.51,3.04,5.78,32,12
sm_TrackF_F88W_OFF_T_G17,15,0.8531,0.8971,0.9874,1,2.91,0,14.1,0,38.93,0,36.89,39.35,1.07,2.94,5.49,4.59,37,9
sm_TrackF_F88W_OFF_T_G17,16,0.8528,0.8822,0.989,1,4.25,0,15.1,0,38.55,0,36.89,37.92,1.65,4.47,4.96,4.53,34,12
sm_TrackF_F88W_OFF_T_G17,17,0.8511,0.8809,0.9864,0,5.35,0,16.99,0,42.88,0,39.37,41.19,2.08,3.6,5.28,6.1,25,11
sm_TrackF_F88W_OFF_T_G17,18,0.8503,0.8941,0.9881,0,6.72,0,16.11,0,40.94,0,38.65,41.29,2.01,4.85,6.48,6.35,31,12
sm_TrackF_F88W_OFF_T_G17,19,0.8503,0.8699,0.9864,0,5.88,0,14.42,0,41.1,0,38.8,40.45,2.25,4.43,3.83,5.94,28,11
sm_TrackF_F88W_OFF_T_G17,2,0.8642,0.9134,0.9891,0,6.36,0,17.34,0,39.91,0,37.14,38.26,2.34,2.25,4.05,5.67,26,12
sm_TrackF_F88W_OFF_T_G17,20,0.8502,0.8969,0.9884,1,3.07,0,14.05,0,41.57,0,39.29,40.79,2.34,5.85,5.81,3.22,36,10
sm_TrackF_F88W_OFF_T_G17,21,0.8491,0.8789,0.9878,0,5.53,0,13.63,0,38.16,0,36.77,37.53,1.86,4.24,3.78,6.23,27,10
sm_TrackF_F88W_OFF_T_G17,22,0.8486,0.8938,0.987,1,1.1,0,12.91,0,34.96,0,33.88,36.38,2.01,3.8,6.08,2.85,35,11
sm_TrackF_F88W_OFF_T_G17,23,0.8472,0.8771,0.9864,1,5.0,0,18.2,0,48.08,0,45.44,47.8,1.32,4.82,6.46,5.2,32,13
sm_TrackF_F88W_OFF_T_G17,24,0.8466,0.9154,0.9892,0,5.23,0,10.18,0,32.63,0,34.18,32.53,0.42,3.95,6.64,4.99,30,14
sm_TrackF_F88W_OFF_T_G17,25,0.8456,0.8866,0.9877,1,2.2,0,12.3,0,27.67,0,26.5,29.29,2.56,3.6,5.53,3.07,36,12
sm_TrackF_F88W_OFF_T_G17,26,0.8453,0.8374,0.9829,0,6.1,0,14.38,0,44.02,0,41.43,43.24,2.53,4.07,5.51,7.03,26,12
sm_TrackF_F88W_OFF_T_G17,27,0.845,0.8219,0.9836,1,4.77,0,17.55,0,49.3,0,45.33,48.42,0.93,3.19,5.57,5.88,32,14
sm_TrackF_F88W_OFF_T_G17,28,0.8445,0.8821,0.987,0,5.92,0,15.43,0,45.35,0,42.47,44.11,2.95,3.61,6.35,5.56,33,15
sm_TrackF_F88W_OFF_T_G17,29,0.8444,0.8493,0.9835,1,3.62,0,14.37,0,37.04,0,35.48,36.29,2.99,4.17,5.91,4.83,37,14
sm_TrackF_F88W_OFF_T_G17,3,0.8627,0.8914,0.989,1,1.8,0,13.96,0,38.13,0,37.26,39.8,2.06,4.2,6.7,4.6,37,12
sm_TrackF_F88W_OFF_T_G17,30,0.8437,0.8987,0.9905,0,5.71,0,22.82,0,34.16,0,32.58,36.74,2.48,5.08,6.74,6.33,19,8
sm_TrackF_F88W_OFF_T_G17,31,0.843,0.9102,0.9901,1,2.27,0,13.44,0,42.26,0,41.11,42.87,3.05,3.87,6.4,4.51,36,9
sm_TrackF_F88W_OFF_T_G17,32,0.8427,0.901,0.9893,1,1.7,0,13.87,0,37.95,0,37.12,37.82,1.07,4.81,5.37,4.26,30,9
sm_TrackF_F88W_OFF_T_G17,33,0.8426,0.8577,0.9826,0,6.75,0,15.9,0,38.67,0,36.48,38.02,1.02,4.67,3.18,6.97,30,12
sm_TrackF_F88W_OFF_T_G17,34,0.8424,0.8718,0.986,0,6.17,0,15.28,0,43.64,0,40.38,42.92,2.9,4.87,4.91,6.99,30,13
sm_TrackF_F88W_OFF_T_G17,35,0.8421,0.8249,0.9824,1,4.06,0,14.13,0,36.99,0,35.19,35.98,2.33,2.06,3.05,4.45,41,12
sm_TrackF_F88W_OFF_T_G17,36,0.8417,0.8617,0.9858,0,5.87,0,15.52,0,39.43,0,37.23,39.0,1.96,4.98,4.86,6.63,35,11
sm_TrackF_F88W_OFF_T_G17,37,0.8416,0.8252,0.983,0,5.39,0,14.27,0,39.28,0,36.81,38.57,1.77,5.39,4.04,5.77,30,12
sm_TrackF_F88W_OFF_T_G17,38,0.8407,0.9305,0.9896,1,3.94,0,12.4,0,34.74,0,32.97,35.54,3.01,2.69,3.67,3.17,34,9
sm_TrackF_F88W_OFF_T_G17,39,0.8397,0.8931,0.9866,0,6.38,0,16.1,0,40.33,0,37.54,40.17,2.14,5.35,4.74,5.53,28,13
sm_TrackF_F88W_OFF_T_G17,4,0.8617,0.9159,0.9883,0,7.07,0,15.69,0,43.37,0,40.54,42.42,2.38,1.74,5.48,6.04,28,12
sm_TrackF_F88W_OFF_T_G17,40,0.8392,0.8645,0.986,0,8.33,0,15.05,0,34.97,0,34.03,34.51,1.84,4.52,2.81,8.92,25,12
sm_TrackF_F88W_OFF_T_G17,41,0.839,0.8115,0.9831,0,6.83,0,15.21,0,43.32,0,40.94,42.09,3.21,3.1,5.92,7.79,28,13
sm_TrackF_F88W_OFF_T_G17,42,0.839,0.8905,0.9875,0,6.88,0,16.36,0,38.26,0,36.29,38.31,1.93,4.32,5.27,5.26,24,9
sm_TrackF_F88W_OFF_T_G17,43,0.8385,0.8147,0.9832,1,3.12,0,14.29,0,37.57,0,35.75,36.68,1.71,5.47,5.44,3.03,31,9
sm_TrackF_F88W_OFF_T_G17,44,0.8385,0.861,0.9832,0,6.98,0,15.01,0,41.21,0,38.49,40.76,2.19,4.27,4.55,6.8,23,10
sm_TrackF_F88W_OFF_T_G17,45,0.8371,0.8739,0.9855,0,7.8,0,16.31,0,35.57,0,33.96,35.21,2.36,1.85,3.37,5.91,30,13
sm_TrackF_F88W_OFF_T_G17,46,0.8366,0.9052,0.9894,1,2.03,0,13.29,0,39.78,0,37.57,39.92,2.89,4.57,5.17,4.59,34,9
sm_TrackF_F88W_OFF_T_G17,47,0.8362,0.8618,0.9831,0,7.92,0,14.58,0,42.39,0,39.77,40.84,1.81,3.85,5.62,6.35,31,13
sm_TrackF_F88W_OFF_T_G17,48,0.8355,0.799,0.9834,0,5.38,0,14.64,0,41.34,0,38.1,40.03,3.1,4.42,5.81,5.45,22,10
sm_TrackF_F88W_OFF_T_G17,49,0.8355,0.8848,0.9885,0,6.79,0,11.31,0,29.77,0,33.02,30.22,2.24,3.34,7.95,6.18,30,11
sm_TrackF_F88W_OFF_T_G17,5,0.8617,0.8963,0.9883,0,7.36,0,17.13,0,44.08,0,41.41,42.66,1.93,4.78,3.83,6.59,27,10
sm_TrackF_F88W_OFF_T_G17,50,0.8348,0.8215,0.9823,0,6.45,0,17.24,0,40.94,0,38.91,41.26,1.3,4.29,5.46,6.44,21,13
sm_TrackF_F88W_OFF_T_G17,51,0.8345,0.8688,0.9866,1,3.72,0,14.38,0,36.46,0,35.4,36.32,2.97,5.96,3.99,3.16,35,11
sm_TrackF_F88W_OFF_T_G17,52,0.8342,0.8499,0.981,1,4.94,0,14.62,0,43.39,0,40.61,42.45,1.69,4.78,4.98,5.47,30,11
sm_TrackF_F88W_OFF_T_G17,53,0.834,0.89,0.9905,0,5.45,0,22.46,0,30.97,0,27.09,32.29,2.93,5.04,7.45,6.03,24,10
sm_TrackF_F88W_OFF_T_G17,54,0.8337,0.846,0.984,0,7.17,0,12.05,0,36.85,0,36.01,36.79,1.88,4.54,4.44,6.57,33,11
sm_TrackF_F88W_OFF_T_G17,55,0.833,0.8811,0.9906,0,5.97,0,23.76,0,25.4,0,27.19,30.77,1.86,3.19,7.86,6.21,21,9
sm_TrackF_F88W_OFF_T_G17,56,0.8328,0.8833,0.9867,1,2.61,0,14.6,0,36.79,0,36.1,36.36,1.82,3.6,6.27,4.36,39,14
sm_TrackF_F88W_OFF_T_G17,57,0.8317,0.7569,0.9826,1,3.59,0,14.17,0,42.53,0,40.01,41.41,2.7,2.34,4.99,5.39,38,13
sm_TrackF_F88W_OFF_T_G17,58,0.831,0.8578,0.9865,1,4.8,0,24.08,0,24.74,0,25.93,29.69,1.83,4.3,9.92,3.85,27,9
sm_TrackF_F88W_OFF_T_G17,59,0.8306,0.862,0.987,0,5.1,0,23.92,0,30.13,0,29.89,34.82,2.95,3.95,5.58,5.93,30,10
sm_TrackF_F88W_OFF_T_G17,6,0.8613,0.9022,0.9901,1,3.11,0,14.16,0,38.2,0,37.47,37.8,2.27,3.47,5.46,2.08,32,11
sm_TrackF_F88W_OFF_T_G17,60,0.83,0.8472,0.9846,0,6.0,0,22.43,0,29.55,0,24.2,30.74,2.72,3.71,8.76,6.25,22,10
sm_TrackF_F88W_OFF_T_G17,61,0.8295,0.8517,0.9844,0,5.47,0,17.76,0,49.17,0,45.36,47.74,2.36,3.11,6.59,5.3,25,12
sm_TrackF_F88W_OFF_T_G17,62,0.829,0.8652,0.9888,0,5.58,0,24.3,0,24.09,0,22.96,27.61,2.27,4.76,6.55,5.01,23,10
sm_TrackF_F88W_OFF_T_G17,63,0.8285,0.8323,0.9797,1,3.2,0,14.11,0,37.65,0,36.4,36.81,2.5,5.18,3.95,4.22,32,10
sm_TrackF_F88W_OFF_T_G17,64,0.8269,0.8921,0.9859,0,7.12,0,14.96,0,36.17,0,35.53,35.45,1.14,3.1,5.08,6.94,25,11
sm_TrackF_F88W_OFF_T_G17,65,0.8255,0.8475,0.9871,0,5.49,0,24.02,0,28.97,0,28.27,33.58,2.78,4.6,7.24,6.66,25,8
sm_TrackF_F88W_OFF_T_G17,66,0.8249,0.8457,0.9874,0,6.36,0,22.95,0,25.7,0,23.6,27.32,2.57,4.03,9.11,5.41,19,7
sm_TrackF_F88W_OFF_T_G17,67,0.8247,0.8572,0.9851,0,6.73,0,15.7,0,38.59,0,37.02,37.99,2.48,3.62,4.17,6.93,32,13
sm_TrackF_F88W_OFF_T_G17,68,0.8246,0.8417,0.9871,1,4.55,0,23.62,0,29.46,0,28.71,32.96,2.51,3.48,6.67,3.9,24,8
sm_TrackF_F88W_OFF_T_G17,69,0.8235,0.7944,0.9823,1,3.48,0,14.56,0,39.65,0,38.33,39.28,2.05,4.64,4.61,2.37,32,13
sm_TrackF_F88W_OFF_T_G17,7,0.861,0.8778,0.9853,1,4.58,0,15.09,0,41.2,0,38.82,40.87,2.36,3.82,3.32,4.89,37,13
sm_TrackF_F88W_OFF_T_G17,70,0.8232,0.7439,0.9806,1,4.01,0,16.6,0,41.54,0,39.17,40.7,2.39,4.19,6.57,4.85,33,13
sm_TrackF_F88W_OFF_T_G17,71,0.8222,0.8076,0.9822,1,3.92,0,14.28,0,41.24,0,39.08,41.27,2.52,3.4,4.63,2.81,33,11
sm_TrackF_F88W_OFF_T_G17,72,0.8213,0.879,0.9883,1,4.44,0,23.41,0,24.34,0,23.74,27.98,0.47,3.85,8.45,3.59,24,9
sm_TrackF_F88W_OFF_T_G17,73,0.8199,0.8329,0.9834,1,4.3,0,23.78,0,24.88,0,25.62,30.14,1.25,2.84,5.84,4.74,25,10
sm_TrackF_F88W_OFF_T_G17,74,0.8189,0.827,0.9833,0,5.17,0,24.38,0,27.68,0,32.87,34.17,1.75,3.68,5.58,5.27,26,11
sm_TrackF_F88W_OFF_T_G17,75,0.8181,0.9076,0.9891,1,4.29,0,19.09,0,43.41,0,40.53,42.74,0.84,4.85,5.98,3.97,25,12
sm_TrackF_F88W_OFF_T_G17,76,0.8174,0.7956,0.9801,0,6.87,0,15.81,0,37.81,0,36.74,37.37,1.51,4.75,3.78,6.96,22,10
sm_TrackF_F88W_OFF_T_G17,77,0.8173,0.8623,0.9876,0,5.18,0,24.08,0,38.16,0,37.51,39.55,1.57,2.55,4.79,5.5,22,10
sm_TrackF_F88W_OFF_T_G17,78,0.8169,0.8652,0.9857,1,1.99,0,15.18,0,33.89,0,32.68,35.01,0.81,5.04,6.27,4.69,27,11
sm_TrackF_F88W_OFF_T_G17,79,0.8074,0.7074,0.9761,0,5.8,0,14.63,0,42.39,0,36.8,39.8,2.21,5.15,5.93,6.26,28,15
sm_TrackF_F88W_OFF_T_G17,8,0.8605,0.9127,0.9891,1,3.41,0,13.6,0,39.9,0,38.1,39.6,3.57,2.21,6.19,4.99,30,13
sm_TrackF_F88W_OFF_T_G17,80,0.8062,0.7084,0.982,0,7.43,0,16.42,0,38.43,0,37.39,37.64,2.04,5.33,4.12,7.47,25,9
sm_TrackF_F88W_OFF_T_G17,81,0.8016,0.8322,0.981,0,5.92,0,10.17,0,27.49,0,25.97,29.52,6.72,6.01,11.23,4.74,32,9
sm_TrackF_F88W_OFF_T_G17,82,0.8007,0.6263,0.9765,0,5.0,0,14.63,0,39.04,0,37.3,38.08,0.99,6.03,5.36,6.25,25,13
sm_TrackF_F88W_OFF_T_G17,83,0.7997,0.8063,0.9799,0,7.07,0,15.79,0,34.81,0,34.24,35.05,1.9,3.25,5.47,5.55,28,12
sm_TrackF_F88W_OFF_T_G17,84,0.7989,0.8111,0.9816,0,6.45,0,17.92,0,49.51,0,45.15,47.74,0.88,3.2,5.34,6.9,32,13
sm_TrackF_F88W_OFF_T_G17,85,0.7975,0.7706,0.9803,1,4.51,0,24.54,0,24.83,0,29.49,32.38,1.16,4.33,7.23,5.02,22,9
sm_TrackF_F88W_OFF_T_G17,86,0.7967,0.7435,0.9835,0,5.83,0,22.91,0,27.64,0,28.67,33.63,0.81,2.92,3.75,7.0,22,8
sm_TrackF_F88W_OFF_T_G17,87,0.7947,0.6967,0.9788,0,5.42,0,15.47,0,47.55,0,44.98,47.07,2.51,3.49,5.36,6.27,35,12
sm_TrackF_F88W_OFF_T_G17,88,0.7938,0.6874,0.9779,0,6.65,0,15.58,0,41.32,0,38.5,40.88,2.63,5.76,4.15,7.0,23,11
sm_TrackF_F88W_OFF_T_G17,89,0.7929,0.7762,0.9831,0,6.0,0,23.88,0,32.76,0,34.76,37.57,0.53,2.98,1.18,7.14,26,9
sm_TrackF_F88W_OFF_T_G17,9,0.859,0.8652,0.9852,1,4.84,0,17.01,0,45.22,0,42.24,43.99,1.68,4.84,4.14,4.52,30,12
sm_TrackF_F88W_OFF_T_G17,90,0.7873,0.6173,0.9757,1,4.25,0,14.36,0,39.24,0,38.23,38.64,2.94,3.97,5.35,5.41,36,13
sm_TrackF_F88W_OFF_T_G17,91,0.7812,0.6248,0.9747,1,4.71,0,15.11,0,37.49,0,35.48,37.12,2.84,5.55,3.58,5.38,33,11
sm_TrackF_F88W_OFF_T_G17,92,0.7741,0.7111,0.9801,0,6.14,0,23.97,0,26.04,0,29.43,34.25,1.14,2.94,8.07,6.56,22,7
sm_TrackF_F88W_OFF_T_G17,93,0.7725,0.6635,0.9775,1,2.84,0,13.54,0,40.83,0,39.31,40.36,2.31,4.46,5.45,1.65,31,12
sm_TrackF_F88W_OFF_T_G17,94,0.7721,0.6628,0.9798,0,5.22,0,13.3,0,38.63,0,37.79,38.05,2.96,3.05,3.43,7.1,28,12
sm_TrackF_F88W_OFF_T_G17,95,0.7544,0.6016,0.9766,0,7.23,0,13.92,0,36.86,0,34.23,35.35,1.74,4.72,2.15,7.36,26,13
sm_TrackF_F88W_OFF_T_G17,96,0.7539,0.5368,0.9718,1,4.89,0,15.55,0,41.17,0,39.25,41.87,2.39,5.29,7.41,5.8,30,12
sm_TrackF_F88W_OFF_T_G17,97,0.7448,0.6383,0.9782,0,6.31,0,11.79,0,28.76,0,28.38,28.1,2.13,5.9,8.48,5.51,37,15
sm_TrackF_F88W_OFF_T_G17,98,0.7446,0.6028,0.9777,0,5.83,0,15.19,0,37.11,0,35.89,36.68,2.25,4.14,4.43,6.67,24,12
sm_TrackF_F88W_OFF_T_G17,99,0.7375,0.6545,0.9794,1,2.39,0,11.36,0,34.73,0,33.46,38.08,2.76,3.91,4.18,3.0,41,10
sm_WT_F88W_OFF_T_G17,0,0.8844,0.9073,0.9849,0,6.16,0,27.71,0,8.75,0,8.24,11.47,1.17,2.25,4.1,3.6,42,14
sm_WT_F88W_OFF_T_G17,1,0.8769,0.9074,0.9881,0,6.87,0,25.08,0,16.44,0,22.73,23.69,2.13,1.1,5.02,6.49,41,13
sm_WT_F88W_OFF_T_G17,10,0.8581,0.9261,0.9894,1,1.34,0,16.43,1,4.0,0,4.02,5.89,2.09,1.18,4.27,3.43,50,17
sm_WT_F88W_OFF_T_G17,11,0.8578,0.9221,0.9861,0,7.25,0,9.93,0,31.61,0,30.0,31.67,3.1,1.82,4.76,5.75,33,13
sm_WT_F88W_OFF_T_G17,12,0.857,0.9128,0.9852,0,6.07,0,10.12,0,33.37,0,31.16,33.53,3.96,3.0,3.29,4.49,39,13
sm_WT_F88W_OFF_T_G17,13,0.8548,0.8168,0.985,0,7.12,0,29.02,0,27.8,0,34.59,29.47,4.09,2.19,2.76,4.24,45,15
sm_WT_F88W_OFF_T_G17,14,0.8527,0.9087,0.986,0,6.54,0,11.09,0,32.03,0,30.94,33.12,4.61,2.38,3.91,4.72,31,11
sm_WT_F88W_OFF_T_G17,15,0.8522,0.9077,0.9867,0,5.94,0,17.42,0,7.72,0,8.95,10.65,3.39,3.01,4.38,4.36,48,18
sm_WT_F88W_OFF_T_G17,16,0.8512,0.9154,0.9839,0,8.6,0,12.92,0,29.15,0,26.98,29.5,4.18,1.91,5.3,6.5,29,18
sm_WT_F88W_OFF_T_G17,17,0.8504,0.9289,0.9865,0,6.97,0,11.37,0,32.22,0,29.51,32.24,5.18,1.75,5.44,5.7,27,11
sm_WT_F88W_OFF_T_G17,18,0.8501,0.7812,0.9854,0,6.66,0,33.78,0,25.98,0,23.27,30.12,1.27,1.53,2.57,6.0,30,11
sm_WT_F88W_OFF_T_G17,19,0.8481,0.8302,0.9811,0,5.57,0,26.76,0,18.03,0,26.38,25.1,2.26,0.62,5.0,5.17,36,15
sm_WT_F88W_OFF_T_G17,2,0.8706,0.9027,0.9855,0,7.25,0,26.69,0,9.14,0,14.55,16.65,1.37,1.17,5.77,4.63,32,13
sm_WT_F88W_OFF_T_G17,20,0.8478,0.886,0.9878,0,7.34,0,13.81,0,40.95,0,43.5,41.31,1.65,2.41,3.93,5.5,27,10
sm_WT_F88W_OFF_T_G17,21,0.8471,0.8769,0.9843,1,3.61,0,14.92,1,2.82,0,9.43,11.4,0.27,1.63,3.61,4.27,56,17
sm_WT_F88W_OFF_T_G17,22,0.8468,0.9045,0.9842,0,6.82,0,12.03,0,29.58,0,28.4,30.11,3.31,2.64,5.52,5.33,33,15
sm_WT_F88W_OFF_T_G17,23,0.8466,0.8284,0.9824,0,9.5,0,18.2,0,8.92,0,6.73,12.05,3.55,4.06,3.54,7.16,33,15
sm_WT_F88W_OFF_T_G17,24,0.846,0.9264,0.9867,0,9.17,0,11.97,0,29.98,0,28.83,30.99,5.16,2.8,6.03,6.87,28,15
sm_WT_F88W_OFF_T_G17,25,0.8453,0.887,0.9842,0,8.1,0,12.23,0,31.1,0,29.77,31.75,5.31,2.68,6.38,5.83,33,14
sm_WT_F88W_OFF_T_G17,26,0.8452,0.8861,0.9902,1,2.52,0,24.48,0,20.48,0,21.66,28.39,0.38,2.45,3.55,2.61,40,13
sm_WT_F88W_OFF_T_G17,27,0.8449,0.9,0.9848,0,5.93,0,10.09,0,35.04,0,33.71,35.29,4.87,3.06,4.29,4.7,30,14
sm_WT_F88W_OFF_T_G17,28,0.8428,0.8799,0.9817,0,7.76,0,9.94,0,30.61,0,29.03,31.01,6.05,2.51,3.51,5.53,28,11
sm_WT_F88W_OFF_T_G17,29,0.8428,0.7981,0.9852,0,6.4,0,33.04,0,22.15,0,18.43,19.55,2.08,2.16,5.23,5.72,31,11
sm_WT_F88W_OFF_T_G17,3,0.8663,0.9352,0.9885,0,7.95,0,11.12,0,34.14,0,31.78,34.06,4.67,2.45,4.38,6.54,29,12
sm_WT_F88W_OFF_T_G17,30,0.8426,0.8189,0.9861,1,4.21,0,34.02,0,19.53,0,17.38,20.79,2.06,1.47,4.54,5.87,37,12
sm_WT_F88W_OFF_T_G17,31,0.8422,0.9069,0.9895,0,6.52,0,20.99,0,21.37,0,17.21,22.99,1.95,2.57,3.25,4.61,30,11
sm_WT_F88W_OFF_T_G17,32,0.8414,0.8997,0.986,0,6.49,0,10.68,0,33.11,0,31.3,33.52,5.16,2.84,6.16,5.02,25,10
sm_WT_F88W_OFF_T_G17,33,0.8412,0.8959,0.9848,0,7.9,0,10.76,0,29.71,0,28.2,30.24,4.3,2.52,6.45,5.9,26,12
sm_WT_F88W_OFF_T_G17,34,0.8406,0.8949,0.9853,1,3.76,0,16.67,1,3.01,0,7.07,4.68,2.07,2.44,4.68,5.19,57,20
sm_WT_F88W_OFF_T_G17,35,0.8403,0.8881,0.9878,0,6.05,0,20.57,0,17.65,0,16.67,23.17,0.88,0.73,2.28,4.79,30,13
sm_WT_F88W_OFF_T_G17,36,0.8399,0.895,0.9827,0,9.26,0,12.95,0,28.88,0,27.43,29.62,3.28,2.82,5.66,7.28,29,15
sm_WT_F88W_OFF_T_G17,37,0.8396,0.8387,0.9849,0,8.11,0,19.93,0,24.53,0,22.1,28.7,2.32,3.75,3.29,7.91,25,14
sm_WT_F88W_OFF_T_G17,38,0.8387,0.9141,0.9863,0,6.64,0,10.86,0,31.13,0,29.8,31.67,6.43,3.34,4.49,4.89,28,14
sm_WT_F88W_OFF_T_G17,39,0.8385,0.8965,0.9865,0,10.17,0,13.73,0,30.37,0,28.52,30.99,3.42,2.3,5.68,8.98,26,15
sm_WT_F88W_OFF_T_G17,4,0.8651,0.8983,0.986,1,4.39,0,23.21,0,15.71,0,24.03,23.19,1.65,2.59,6.99,5.05,37,13
sm_WT_F88W_OFF_T_G17,40,0.8382,0.8938,0.9879,0,5.78,0,19.3,0,25.76,0,22.57,28.55,1.09,2.36,2.87,4.41,39,13
sm_WT_F88W_OFF_T_G17,41,0.8373,0.8549,0.985,0,8.58,0,7.61,0,29.64,0,33.35,30.59,3.9,2.94,7.85,8.77,23,11
sm_WT_F88W_OFF_T_G17,42,0.8368,0.8868,0.9834,0,9.53,0,11.68,0,31.42,0,30.43,32.4,5.44,2.58,4.55,6.79,26,11
sm_WT_F88W_OFF_T_G17,43,0.834,0.8993,0.986,0,8.44,0,12.19,0,30.58,0,29.72,31.65,3.44,2.16,5.34,6.67,31,14
sm_WT_F88W_OFF_T_G17,44,0.8338,0.8655,0.985,0,6.13,0,12.79,0,42.64,0,45.56,45.03,1.14,2.3,3.21,5.51,29,11
sm_WT_F88W_OFF_T_G17,45,0.8334,0.8628,0.9855,1,4.84,0,20.86,0,21.35,0,19.18,24.7,1.54,2.96,5.96,4.18,31,12
sm_WT_F88W_OFF_T_G17,46,0.8323,0.8424,0.9854,0,6.15,0,19.97,0,15.06,0,13.83,20.94,0.94,2.31,3.8,5.38,30,12
sm_WT_F88W_OFF_T_G17,47,0.8319,0.8781,0.985,0,6.2,0,10.17,0,32.84,0,31.98,33.54,5.04,3.84,5.09,5.77,27,11
sm_WT_F88W_OFF_T_G17,48,0.8316,0.873,0.9867,1,3.23,0,21.55,0,6.93,0,10.52,16.92,0.94,3.36,7.86,2.28,26,10
sm_WT_F88W_OFF_T_G17,49,0.8308,0.8941,0.9831,0,7.37,0,22.27,0,9.61,0,4.35,8.55,1.36,3.07,4.49,5.93,43,17
sm_WT_F88W_OFF_T_G17,5,0.8648,0.9065,0.9864,0,6.74,0,26.31,0,12.55,0,22.27,18.09,2.01,2.65,4.85,6.36,42,14
sm_WT_F88W_OFF_T_G17,50,0.8276,0.8613,0.9826,0,7.64,0,21.29,0,15.93,0,10.48,16.57,1.3,2.77,3.67,6.17,41,15
sm_WT_F88W_OFF_T_G17,51,0.8275,0.8124,0.985,0,7.54,0,8.08,0,33.99,0,36.33,34.79,2.5,2.78,8.96,8.37,21,9
sm_WT_F88W_OFF_T_G17,52,0.8274,0.7721,0.9824,0,7.63,0,20.17,0,20.55,0,18.67,25.03,2.3,1.14,5.4,6.27,29,11
sm_WT_F88W_OFF_T_G17,53,0.8273,0.8114,0.9839,0,7.92,0,7.22,0,34.6,0,37.95,35.98,3.07,2.22,8.24,6.58,27,10
sm_WT_F88W_OFF_T_G17,54,0.8266,0.8379,0.9843,0,5.13,0,22.29,0,18.15,0,19.21,25.78,1.43,3.21,6.39,4.62,24,10
sm_WT_F88W_OFF_T_G17,55,0.8263,0.89,0.9883,0,6.53,0,11.9,0,29.72,0,28.14,30.57,2.35,2.01,5.59,4.78,38,13
sm_WT_F88W_OFF_T_G17,56,0.8262,0.786,0.9852,1,3.33,0,37.84,0,21.33,0,26.27,32.08,1.63,2.0,3.6,4.6,40,11
sm_WT_F88W_OFF_T_G17,57,0.8261,0.7674,0.982,0,7.56,0,15.73,0,6.8,0,7.97,12.21,3.76,2.74,4.37,5.6,38,12
sm_WT_F88W_OFF_T_G17,58,0.8252,0.7879,0.984,0,8.15,0,16.01,0,5.16,0,3.56,9.44,2.74,2.65,4.17,5.98,31,14
sm_WT_F88W_OFF_T_G17,59,0.825,0.7604,0.9799,0,6.36,0,19.52,0,23.17,0,19.18,25.8,1.73,2.62,2.55,6.12,29,13
sm_WT_F88W_OFF_T_G17,6,0.8632,0.8398,0.9826,0,6.84,0,29.52,0,12.02,0,22.1,20.72,1.16,1.74,5.23,5.74,38,14
sm_WT_F88W_OFF_T_G17,60,0.8249,0.8284,0.9808,1,4.37,0,26.83,0,5.06,0,11.46,11.03,1.08,4.66,6.68,4.78,39,16
sm_WT_F88W_OFF_T_G17,61,0.8247,0.7356,0.9847,0,6.44,0,42.74,0,18.44,0,26.39,28.03,3.54,2.27,4.48,5.69,34,10
sm_WT_F88W_OFF_T_G17,62,0.8237,0.8764,0.9829,0,7.76,0,11.83,0,28.79,0,28.21,30.33,5.48,3.48,4.91,6.03,28,13
sm_WT_F88W_OFF_T_G17,63,0.8233,0.7722,0.9835,0,5.44,0,34.85,0,23.88,0,22.8,30.02,2.45,1.21,6.1,5.78,31,11
sm_WT_F88W_OFF_T_G17,64,0.8221,0.8464,0.9823,0,7.07,0,35.56,0,19.81,0,11.26,16.85,2.68,3.11,3.81,5.49,45,14
sm_WT_F88W_OFF_T_G17,65,0.8219,0.8161,0.9849,0,8.79,0,16.98,1,3.6,0,3.02,7.69,2.86,4.27,5.77,6.97,30,12
sm_WT_F88W_OFF_T_G17,66,0.82,0.8615,0.9847,1,4.94,0,19.71,0,20.41,0,17.79,23.4,1.34,2.01,3.48,4.03,40,15
sm_WT_F88W_OFF_T_G17,67,0.8199,0.8709,0.9837,1,4.81,0,19.92,0,12.23,0,13.08,18.54,2.39,1.66,3.12,3.12,44,16
sm_WT_F88W_OFF_T_G17,68,0.8187,0.796,0.9823,0,5.98,0,19.45,0,16.51,0,14.4,20.26,2.2,1.32,2.96,5.49,32,12
sm_WT_F88W_OFF_T_G17,69,0.8178,0.7235,0.9834,1,4.51,0,18.68,0,5.83,0,6.86,3.97,2.78,2.34,3.62,5.67,43,14
sm_WT_F88W_OFF_T_G17,7,0.8622,0.8404,0.9839,0,5.04,0,28.22,0,12.4,0,21.49,19.5,1.61,2.12,6.53,5.54,42,13
sm_WT_F88W_OFF_T_G17,70,0.8168,0.8798,0.9863,0,5.23,0,18.54,0,19.52,0,15.65,21.52,1.43,1.51,4.64,4.04,36,13
sm_WT_F88W_OFF_T_G17,71,0.8159,0.856,0.9872,0,6.75,0,9.15,0,33.42,0,34.61,32.86,2.67,2.17,8.91,7.53,28,12
sm_WT_F88W_OFF_T_G17,72,0.8151,0.8064,0.9857,0,6.71,0,26.61,0,18.2,0,23.8,26.92,2.6,1.23,3.2,6.28,27,10
sm_WT_F88W_OFF_T_G17,73,0.8149,0.7745,0.9804,1,4.16,0,16.95,0,7.89,0,9.59,13.65,1.28,1.64,3.12,4.51,44,16
sm_WT_F88W_OFF_T_G17,74,0.8122,0.813,0.9838,0,5.52,0,20.55,0,19.07,0,16.85,22.79,1.12,2.42,5.79,4.62,30,13
sm_WT_F88W_OFF_T_G17,75,0.8119,0.8865,0.9858,1,2.16,0,11.64,0,29.26,0,26.4,29.13,2.44,3.28,5.42,0.84,40,20
sm_WT_F88W_OFF_T_G17,76,0.8109,0.8287,0.9846,0,6.25,0,20.99,0,21.18,0,18.94,25.84,2.04,1.93,6.75,4.77,32,12
sm_WT_F88W_OFF_T_G17,77,0.8108,0.8211,0.9842,0,5.46,0,20.25,0,17.69,0,14.91,20.83,1.65,2.74,6.71,4.54,25,10
sm_WT_F88W_OFF_T_G17,78,0.8098,0.6975,0.9792,0,5.7,0,28.79,0,17.37,0,26.87,25.58,2.17,0.6,5.73,4.52,35,15
sm_WT_F88W_OFF_T_G17,79,0.8086,0.7534,0.9807,0,6.97,0,18.56,0,21.44,0,18.31,22.99,2.02,2.81,4.53,6.89,37,12
sm_WT_F88W_OFF_T_G17,8,0.8608,0.9064,0.9887,0,6.57,0,18.74,0,27.68,0,24.86,30.76,1.46,2.48,5.25,6.3,36,14
sm_WT_F88W_OFF_T_G17,80,0.8082,0.8224,0.9802,0,5.54,0,18.69,0,8.45,0,14.08,19.25,1.93,2.08,2.77,6.55,39,15
sm_WT_F88W_OFF_T_G17,81,0.8072,0.7843,0.9813,0,5.41,0,18.94,0,21.73,0,18.81,25.53,3.36,2.18,2.73,3.73,33,13
sm_WT_F88W_OFF_T_G17,82,0.8055,0.7561,0.9862,0,6.5,0,35.37,0,23.29,0,22.53,28.32,2.9,1.26,3.8,6.23,20,9
sm_WT_F88W_OFF_T_G17,83,0.8055,0.8406,0.982,0,6.86,0,8.44,0,25.23,0,20.63,25.13,3.29,2.91,5.34,6.6,34,15
sm_WT_F88W_OFF_T_G17,84,0.8024,0.7441,0.9827,0,5.85,0,20.21,0,17.51,0,17.75,23.91,1.68,1.65,5.48,6.59,32,9
sm_WT_F88W_OFF_T_G17,85,0.7945,0.7285,0.9799,1,4.56,0,19.06,1,3.1,0,3.08,8.58,1.72,2.74,5.09,5.82,34,16
sm_WT_F88W_OFF_T_G17,86,0.7924,0.6367,0.9773,0,10.55,0,20.63,0,6.33,0,8.16,12.68,3.72,2.99,3.76,8.14,22,8
sm_WT_F88W_OFF_T_G17,87,0.7888,0.8232,0.9787,0,13.72,0,16.63,0,27.01,0,26.01,28.01,7.03,2.23,6.74,11.32,23,13
sm_WT_F88W_OFF_T_G17,88,0.7871,0.7194,0.9842,1,4.92,0,17.57,1,1.07,0,1.8,6.31,2.75,1.87,2.05,5.74,31,14
sm_WT_F88W_OFF_T_G17,89,0.7867,0.7837,0.9817,0,5.74,0,8.22,0,26.18,0,22.65,26.73,2.91,2.2,5.47,6.62,45,18
sm_WT_F88W_OFF_T_G17,9,0.8594,0.8794,0.9854,0,5.27,0,24.44,0,5.75,0,9.59,12.08,0.49,1.26,5.97,3.7,34,13
sm_WT_F88W_OFF_T_G17,90,0.786,0.7275,0.985,0,6.15,0,20.4,0,5.39,0,12.45,11.78,2.37,2.44,4.4,6.62,27,11
sm_WT_F88W_OFF_T_G17,91,0.7827,0.6918,0.9809,1,2.27,0,13.89,0,40.54,0,43.82,44.11,0.29,2.68,5.78,4.04,30,11
sm_WT_F88W_OFF_T_G17,92,0.7826,0.7063,0.9776,0,8.04,0,19.72,0,13.03,0,15.83,19.66,3.33,2.04,2.81,7.67,50,16
sm_WT_F88W_OFF_T_G17,93,0.7783,0.7144,0.981,1,4.86,0,20.67,0,23.12,0,20.43,26.68,2.12,1.82,5.5,3.93,25,11
sm_WT_F88W_OFF_T_G17,94,0.7752,0.7999,0.9772,0,6.65,0,21.46,0,24.02,0,19.35,23.31,3.69,2.0,7.05,6.22,27,11
sm_WT_F88W_OFF_T_G17,95,0.7725,0.6161,0.9787,0,6.73,0,20.35,0,38.64,0,43.55,42.2,3.67,3.19,5.95,6.15,31,10
sm_WT_F88W_OFF_T_G17,96,0.7555,0.5806,0.9767,0,6.32,0,30.11,0,29.7,0,27.6,33.42,1.64,1.17,3.41,5.02,32,11
sm_WT_F88W_OFF_T_G17,97,0.7522,0.5527,0.9782,0,7.73,0,23.23,0,10.13,0,9.21,15.5,2.39,3.15,9.06,8.3,20,10
sm_WT_F88W_OFF_T_G17,98,0.7485,0.497,0.9726,1,3.94,0,19.9,0,44.25,0,47.23,47.18,1.2,3.54,3.86,4.05,30,12
sm_WT_F88W_OFF_T_G17,99,0.7421,0.567,0.9745,0,5.94,0,19.33,0,19.06,0,16.36,23.29,1.21,2.14,2.75,3.42,36,12
w_RDP2_OFF_T_G17,0,0.8612,0.9329,0.9897,1,2.48,0,8.02,1,4.12,0,12.17,9.69,2.38,2.33,4.86,3.17,43,18
w_RDP2_OFF_T_G17,1,0.8609,0.9232,0.9867,0,6.95,0,19.33,0,11.15,0,15.18,17.56,3.04,0.45,4.23,4.64,40,18
w_RDP2_OFF_T_G17,10,0.8522,0.918,0.9883,1,4.85,0,14.59,0,5.06,0,13.04,8.72,2.09,1.16,4.66,5.74,45,17
w_RDP2_OFF_T_G17,11,0.8517,0.9221,0.9831,0,8.27,0,15.92,0,5.55,0,8.4,10.75,3.6,4.84,4.08,5.98,39,16
w_RDP2_OFF_T_G17,12,0.8509,0.8822,0.9888,1,2.55,0,14.68,0,11.3,0,14.32,16.76,1.85,5.37,5.42,3.24,36,16
w_RDP2_OFF_T_G17,13,0.85,0.921,0.9881,0,5.15,0,11.85,1,2.46,0,10.22,10.24,2.02,2.1,3.48,8.25,41,17
w_RDP2_OFF_T_G17,14,0.8494,0.9149,0.9909,1,2.26,0,11.9,0,11.96,0,13.35,18.32,3.98,2.45,3.5,2.09,42,15
w_RDP2_OFF_T_G17,15,0.8494,0.9237,0.9871,1,4.68,0,10.91,0,6.58,0,8.31,15.83,2.14,2.54,2.44,4.78,39,16
w_RDP2_OFF_T_G17,16,0.8493,0.8826,0.9849,0,5.92,0,12.62,1,2.36,0,1.66,7.94,1.6,1.81,4.11,6.3,40,16
w_RDP2_OFF_T_G17,17,0.8487,0.9182,0.9911,1,2.42,0,13.09,0,7.26,0,7.88,13.0,1.89,1.43,6.03,3.61,42,16
w_RDP2_OFF_T_G17,18,0.8468,0.9069,0.9903,1,3.49,0,10.6,0,6.36,0,8.32,10.58,2.51,3.22,2.3,6.14,43,16
w_RDP2_OFF_T_G17,19,0.8463,0.9074,0.9886,1,4.38,0,12.94,0,5.57,0,9.61,12.28,1.95,1.43,3.37,5.02,43,18
w_RDP2_OFF_T_G17,2,0.8602,0.9263,0.9888,1,2.6,0,7.64,1,0.74,0,5.52,5.98,2.52,2.81,6.52,3.18,40,16
w_RDP2_OFF_T_G17,20,0.846,0.8983,0.9875,0,6.63,0,15.42,0,9.62,0,13.99,16.92,1.64,2.78,4.19,6.96,39,17
w_RDP2_OFF_T_G17,21,0.8443,0.909,0.9872,1,4.99,0,12.54,1,2.09,0,1.79,4.95,2.5,3.62,2.62,3.48,42,16
w_RDP2_OFF_T_G17,22,0.8434,0.8915,0.9865,1,2.37,0,16.15,0,5.56,0,9.03,10.3,2.0,2.51,2.05,3.79,49,16
w_RDP2_OFF_T_G17,23,0.842,0.8919,0.9846,0,7.09,0,11.04,1,4.2,0,11.4,9.15,3.04,2.25,2.73,7.41,37,19
w_RDP2_OFF_T_G17,24,0.8406,0.8944,0.9836,0,5.85,0,10.95,0,6.39,0,11.89,12.25,2.8,1.33,7.44,6.77,36,14
w_RDP2_OFF_T_G17,25,0.8405,0.9096,0.9893,1,2.92,1,4.9,0,19.38,0,13.82,22.11,3.08,4.28,5.92,5.12,24,10
w_RDP2_OFF_T_G17,26,0.8404,0.9002,0.9898,1,2.75,0,11.69,0,10.5,0,14.4,16.55,1.82,3.1,6.44,1.82,39,14
w_RDP2_OFF_T_G17,27,0.84,0.9145,0.9895,1,2.75,0,8.52,1,2.41,0,9.85,6.05,1.56,2.28,7.15,3.26,44,16
w_RDP2_OFF_T_G17,28,0.8375,0.8691,0.9867,1,2.29,0,12.51,1,4.68,0,9.94,5.65,0.91,1.97,6.83,1.86,42,14
w_RDP2_OFF_T_G17,29,0.8356,0.8402,0.9816,1,3.98,0,12.01,1,1.56,0,7.44,5.65,3.06,1.02,3.56,5.27,41,16
w_RDP2_OFF_T_G17,3,0.8593,0.9399,0.9916,1,3.13,0,8.18,0,5.67,0,5.6,12.02,2.98,1.18,4.25,3.71,44,15
w_RDP2_OFF_T_G17,30,0.8352,0.8687,0.9836,0,5.16,0,9.63,1,4.8,0,11.32,9.12,2.23,1.49,5.18,5.11,39,17
w_RDP2_OFF_T_G17,31,0.8345,0.8724,0.9815,0,8.45,0,13.74,0,7.2,0,6.83,12.06,1.58,2.15,4.26,7.57,32,15
w_RDP2_OFF_T_G17,32,0.8344,0.8967,0.987,1,4.35,0,11.86,0,11.56,0,11.7,17.25,1.01,1.33,2.6,6.15,41,16
w_RDP2_OFF_T_G17,33,0.8344,0.8553,0.9826,0,6.13,0,12.95,1,4.29,0,11.02,7.8,4.28,1.37,3.91,5.99,34,16
w_RDP2_OFF_T_G17,34,0.8341,0.9225,0.9908,1,0.94,0,14.09,0,19.81,0,13.6,21.2,2.26,2.18,3.97,2.52,25,10
w_RDP2_OFF_T_G17,35,0.8332,0.8993,0.9866,0,5.74,0,13.35,0,12.22,0,12.18,18.01,2.25,1.38,3.86,5.94,40,17
w_RDP2_OFF_T_G17,36,0.8331,0.887,0.9841,0,6.56,0,17.61,0,10.7,0,13.14,17.57,4.51,0.41,3.98,6.75,45,14
w_RDP2_OFF_T_G17,37,0.831,0.85,0.9826,1,3.95,0,8.5,0,5.27,0,6.66,11.56,2.35,3.16,5.94,4.65,48,15
w_RDP2_OFF_T_G17,38,0.8309,0.9116,0.9869,0,5.11,0,14.04,1,2.74,0,6.84,7.29,2.57,2.06,5.18,6.11,44,18
w_RDP2_OFF_T_G17,39,0.83,0.8617,0.9877,1,3.85,0,12.58,0,5.93,0,12.69,9.25,1.35,2.59,6.68,2.45,36,14
w_RDP2_OFF_T_G17,4,0.8583,0.9455,0.9916,1,2.44,0,11.27,0,7.28,0,6.2,12.02,2.2,1.79,3.24,2.18,46,15
w_RDP2_OFF_T_G17,40,0.8292,0.9181,0.9863,0,5.64,0,16.81,0,7.28,0,14.65,8.47,2.95,1.91,3.39,7.11,36,17
w_RDP2_OFF_T_G17,41,0.8287,0.8493,0.9841,0,5.94,0,15.03,1,4.47,0,12.04,6.66,3.7,2.15,6.86,6.33,32,16
w_RDP2_OFF_T_G17,42,0.8282,0.9258,0.9871,0,8.46,0,17.57,1,2.76,0,1.39,7.14,3.82,1.74,2.76,6.5,36,14
w_RDP2_OFF_T_G17,43,0.8278,0.9077,0.9883,1,2.51,0,14.43,1,1.34,0,3.17,6.04,2.79,1.54,4.12,2.57,36,15
w_RDP2_OFF_T_G17,44,0.8278,0.845,0.9865,1,3.18,0,8.57,1,4.94,0,9.61,10.41,3.06,1.52,3.88,3.09,48,16
w_RDP2_OFF_T_G17,45,0.8265,0.9053,0.9876,1,3.04,0,13.32,1,4.75,0,8.92,7.12,3.56,2.5,6.3,2.61,42,13
w_RDP2_OFF_T_G17,46,0.8257,0.886,0.9855,0,6.09,0,15.46,1,4.43,0,9.74,9.46,2.16,2.14,4.04,6.94,42,12
w_RDP2_OFF_T_G17,47,0.8257,0.8542,0.9862,1,3.15,0,15.37,0,18.66,0,12.34,19.44,4.25,1.25,4.34,1.57,24,10
w_RDP2_OFF_T_G17,48,0.8257,0.8152,0.9839,0,6.17,0,16.23,0,25.59,0,22.71,27.95,2.5,1.66,5.2,6.89,27,13
w_RDP2_OFF_T_G17,49,0.8253,0.8964,0.9857,0,7.72,0,20.82,1,2.84,0,12.61,8.58,3.52,2.44,3.53,7.9,29,16
w_RDP2_OFF_T_G17,5,0.856,0.935,0.9916,1,2.17,0,10.25,0,23.09,0,18.7,24.12,3.66,0.99,4.79,2.92,36,13
w_RDP2_OFF_T_G17,50,0.8248,0.8572,0.9848,1,2.91,0,12.24,0,11.55,0,15.04,17.53,1.88,1.37,3.38,3.17,44,16
w_RDP2_OFF_T_G17,51,0.8246,0.8687,0.9842,1,2.8,0,22.87,0,26.19,0,20.67,27.09,1.09,4.86,11.23,4.13,21,10
w_RDP2_OFF_T_G17,52,0.8246,0.8919,0.9887,1,2.77,0,15.94,0,16.37,0,11.9,18.25,3.31,1.67,4.63,0.79,22,8
w_RDP2_OFF_T_G17,53,0.8241,0.8796,0.9851,0,6.69,0,16.18,0,12.3,0,6.8,13.29,2.56,3.38,4.28,7.23,29,11
w_RDP2_OFF_T_G17,54,0.8241,0.8778,0.9881,1,2.44,0,8.17,0,5.13,0,11.81,9.71,3.28,1.36,5.31,2.88,40,16
w_RDP2_OFF_T_G17,55,0.8237,0.9011,0.9868,0,8.06,0,17.5,1,2.93,0,2.28,7.95,4.86,4.32,4.7,6.64,30,15
w_RDP2_OFF_T_G17,56,0.8237,0.8483,0.9821,0,5.64,0,12.89,1,3.15,0,9.03,6.47,1.15,3.05,5.65,6.45,44,18
w_RDP2_OFF_T_G17,57,0.8236,0.8267,0.9841,1,4.92,0,11.4,1,3.66,0,9.92,9.18,0.95,1.69,4.35,5.35,35,16
w_RDP2_OFF_T_G17,58,0.8232,0.8953,0.9883,1,3.29,0,5.94,1,2.92,0,8.73,6.68,3.71,1.99,4.2,4.15,44,16
w_RDP2_OFF_T_G17,59,0.8218,0.9176,0.9845,0,8.99,0,14.45,1,2.52,0,1.97,7.88,4.52,3.06,3.96,8.54,32,17
w_RDP2_OFF_T_G17,6,0.8539,0.9041,0.9884,1,2.76,0,11.78,0,6.99,0,7.1,11.77,3.3,1.72,1.9,3.16,46,14
w_RDP2_OFF_T_G17,60,0.8216,0.9165,0.989,0,8.15,0,16.82,1,3.08,0,3.43,7.15,2.02,1.91,4.0,5.73,24,15
w_RDP2_OFF_T_G17,61,0.8216,0.9113,0.9855,0,8.44,0,15.43,1,2.88,0,2.66,8.78,3.57,2.85,4.02,6.16,29,16
w_RDP2_OFF_T_G17,62,0.8186,0.9194,0.9878,0,8.65,0,15.36,1,3.24,0,1.73,8.23,5.96,3.22,3.64,7.74,21,14
w_RDP2_OFF_T_G17,63,0.8179,0.8598,0.9864,1,3.36,0,23.44,0,27.04,0,21.25,27.64,0.17,3.6,9.88,3.85,23,9
w_RDP2_OFF_T_G17,64,0.8178,0.8935,0.9884,1,2.64,0,22.6,0,26.88,0,20.86,27.18,0.47,3.86,9.86,4.12,25,10
w_RDP2_OFF_T_G17,65,0.8173,0.8475,0.9873,1,3.24,0,9.7,1,4.79,0,9.19,11.32,2.12,1.19,3.38,2.63,42,16
w_RDP2_OFF_T_G17,66,0.8171,0.8385,0.9849,1,1.99,0,14.74,0,17.97,0,12.56,18.18,2.63,1.79,2.96,2.95,27,10
w_RDP2_OFF_T_G17,67,0.8132,0.7674,0.9817,0,6.85,0,23.99,0,30.11,0,25.63,32.2,0.61,6.4,13.7,7.15,14,8
w_RDP2_OFF_T_G17,68,0.8129,0.8109,0.9841,0,6.13,0,14.5,0,10.89,0,13.05,16.49,1.87,1.37,5.64,6.39,38,13
w_RDP2_OFF_T_G17,69,0.8128,0.8878,0.9847,0,6.22,0,17.13,1,3.25,0,1.98,6.75,4.11,2.91,4.66,6.68,33,15
w_RDP2_OFF_T_G17,7,0.8537,0.9277,0.9902,1,2.21,0,5.85,1,4.63,0,7.17,9.3,2.48,0.86,5.75,2.66,41,15
w_RDP2_OFF_T_G17,70,0.8122,0.8664,0.9827,0,8.92,0,16.34,1,3.16,0,1.68,8.65,4.52,2.2,4.2,6.13,30,16
w_RDP2_OFF_T_G17,71,0.8104,0.8513,0.9802,0,12.53,0,18.58,1,0.97,0,5.2,6.47,4.98,2.86,7.03,10.51,16,13
w_RDP2_OFF_T_G17,72,0.8084,0.7924,0.9836,1,3.29,0,11.55,1,4.45,0,11.98,8.74,1.51,1.68,3.91,4.84,42,18
w_RDP2_OFF_T_G17,73,0.8082,0.7896,0.9795,1,4.35,0,13.45,0,10.08,0,14.98,16.15,0.8,1.19,5.38,5.25,30,14
w_RDP2_OFF_T_G17,74,0.8077,0.8863,0.9863,1,3.26,0,19.78,0,27.76,0,22.24,29.09,2.5,5.04,9.91,5.09,17,10
w_RDP2_OFF_T_G17,75,0.8077,0.8045,0.9828,1,2.79,0,23.73,0,28.56,0,22.42,29.03,3.47,5.26,11.68,3.72,22,9
w_RDP2_OFF_T_G17,76,0.8049,0.8032,0.9812,0,7.52,0,14.0,0,6.0,0,14.69,9.7,1.65,2.54,6.12,6.21,37,17
w_RDP2_OFF_T_G17,77,0.8039,0.828,0.9823,0,7.99,0,16.85,1,2.64,0,1.73,7.89,3.2,2.38,4.58,5.33,26,13
w_RDP2_OFF_T_G17,78,0.8036,0.8582,0.9867,1,1.31,0,7.07,1,3.24,0,2.28,5.98,3.39,1.89,4.42,2.62,43,17
w_RDP2_OFF_T_G17,79,0.8028,0.8244,0.9806,1,2.5,0,22.22,0,26.22,0,20.87,27.63,1.93,6.01,13.36,4.68,18,11
w_RDP2_OFF_T_G17,8,0.8533,0.9386,0.9921,1,2.74,0,10.17,0,8.7,0,13.63,14.02,2.88,1.87,4.49,2.88,42,17
w_RDP2_OFF_T_G17,80,0.8021,0.8199,0.985,1,3.34,0,11.81,0,7.74,0,10.29,11.75,1.08,2.08,3.2,5.28,41,16
w_RDP2_OFF_T_G17,81,0.8015,0.8673,0.987,0,7.28,0,15.81,0,18.86,0,11.01,16.65,2.52,2.46,5.59,7.77,21,12
w_RDP2_OFF_T_G17,82,0.8008,0.8526,0.9869,1,2.99,0,21.06,0,28.4,0,23.67,30.2,0.5,7.21,13.33,4.14,20,9
w_RDP2_OFF_T_G17,83,0.8,0.8638,0.9853,1,3.56,0,22.26,0,30.16,0,25.13,31.96,2.96,4.78,11.62,4.74,21,10
w_RDP2_OFF_T_G17,84,0.7995,0.7973,0.9818,1,2.96,0,22.09,0,31.56,0,24.3,31.04,2.3,4.91,13.43,3.24,23,7
w_RDP2_OFF_T_G17,85,0.7991,0.878,0.9861,0,10.16,0,15.11,1,4.02,0,2.53,8.74,5.06,3.2,5.86,7.66,30,13
w_RDP2_OFF_T_G17,86,0.7971,0.7344,0.9851,0,7.02,0,20.84,0,64.01,0,59.59,61.61,2.2,2.4,3.62,7.28,32,16
w_RDP2_OFF_T_G17,87,0.7963,0.8507,0.9856,0,5.29,0,21.8,0,28.09,0,22.68,29.16,0.64,8.12,15.8,4.96,16,6
w_RDP2_OFF_T_G17,88,0.7939,0.787,0.9817,0,6.52,0,14.28,0,24.94,0,22.17,25.79,2.89,4.35,4.29,6.86,26,12
w_RDP2_OFF_T_G17,89,0.7933,0.7433,0.9795,1,4.9,0,11.58,1,4.25,0,10.78,5.63,2.79,2.2,5.65,5.98,35,17
w_RDP2_OFF_T_G17,9,0.8525,0.9107,0.9857,0,5.22,0,10.82,0,8.82,0,14.02,15.07,2.18,1.45,6.78,6.61,38,17
w_RDP2_OFF_T_G17,90,0.7878,0.7459,0.9801,1,3.39,0,11.65,1,4.27,0,13.9,8.53,1.63,2.08,2.29,5.09,46,19
w_RDP2_OFF_T_G17,91,0.7863,0.741,0.9796,1,3.95,0,12.02,1,1.41,0,9.21,4.79,1.12,1.42,3.95,5.34,44,16
w_RDP2_OFF_T_G17,92,0.7846,0.7314,0.9811,1,2.71,0,12.25,0,17.82,0,9.44,18.09,2.14,1.84,5.84,3.03,19,9
w_RDP2_OFF_T_G17,93,0.7846,0.732,0.9792,0,9.33,0,14.27,0,10.01,0,10.6,16.49,2.86,2.0,3.98,5.78,39,16
w_RDP2_OFF_T_G17,94,0.7819,0.71,0.9788,1,4.14,0,6.9,1,2.13,0,6.24,5.43,1.14,2.62,2.81,4.88,47,19
w_RDP2_OFF_T_G17,95,0.7788,0.8103,0.9814,0,5.78,0,14.02,1,1.56,0,1.31,5.0,2.64,3.11,3.4,3.31,45,17
w_RDP2_OFF_T_G17,96,0.7681,0.682,0.9816,0,7.49,0,14.67,1,4.27,0,12.83,10.39,2.62,4.54,6.3,7.35,32,16
w_RDP2_OFF_T_G17,97,0.7678,0.7242,0.9788,0,6.05,0,16.91,0,7.83,0,10.31,15.67,1.79,1.68,5.33,6.36,42,16
w_RDP2_OFF_T_G17,98,0.7592,0.7018,0.9812,0,9.22,0,16.22,1,2.93,0,0.85,8.25,2.89,2.95,5.77,7.41,22,12
w_RDP2_OFF_T_G17,99,0.745,0.4438,0.9818,0,16.23,0,24.37,0,72.27,0,64.44,70.11,16.29,28.18,26.99,18.82,2,1
w_WT_OFF_T_G17,0,0.8603,0.8874,0.9831,0,6.34,0,16.96,1,3.15,0,10.52,11.09,2.62,2.93,2.94,6.05,45,15
w_WT_OFF_T_G17,1,0.8597,0.9245,0.9832,0,7.34,0,11.53,0,32.37,0,30.69,32.57,3.72,1.18,4.14,5.95,32,16
w_WT_OFF_T_G17,10,0.8524,0.8785,0.9841,0,7.67,0,18.98,0,11.84,0,8.62,13.74,2.32,3.24,3.71,6.97,37,14
w_WT_OFF_T_G17,11,0.8519,0.8877,0.9845,1,4.88,0,18.05,0,13.08,0,17.32,21.72,2.57,3.42,3.26,5.49,41,17
w_WT_OFF_T_G17,12,0.8514,0.8361,0.9838,0,6.55,0,14.24,1,3.81,0,9.25,13.54,2.17,3.58,3.54,5.93,38,13
w_WT_OFF_T_G17,13,0.851,0.8575,0.9838,0,7.96,0,18.47,0,8.74,0,6.55,12.91,1.45,1.71,2.65,6.99,33,12
w_WT_OFF_T_G17,14,0.8502,0.8856,0.9804,0,7.93,0,17.94,0,29.38,0,27.14,32.65,2.22,2.37,3.12,5.96,29,16
w_WT_OFF_T_G17,15,0.8461,0.8974,0.9868,1,4.0,0,18.5,0,16.11,0,19.49,24.81,1.65,2.71,4.36,5.31,50,19
w_WT_OFF_T_G17,16,0.8451,0.8291,0.9861,1,4.65,0,13.54,0,8.63,0,12.57,18.9,2.49,3.12,4.41,5.32,38,11
w_WT_OFF_T_G17,17,0.8443,0.8706,0.9848,1,4.43,0,17.41,0,12.37,0,18.24,20.94,1.19,3.94,3.92,4.24,38,14
w_WT_OFF_T_G17,18,0.8425,0.9066,0.983,1,4.28,0,17.44,0,9.22,0,8.61,15.14,1.72,2.23,4.1,4.8,44,20
w_WT_OFF_T_G17,19,0.8424,0.8832,0.9876,1,4.97,0,12.35,0,7.04,0,5.26,9.92,2.49,2.42,2.42,5.17,42,13
w_WT_OFF_T_G17,2,0.8565,0.9058,0.9823,1,4.31,0,16.13,1,4.1,0,6.8,4.36,2.48,2.62,2.59,5.5,52,17
w_WT_OFF_T_G17,20,0.8411,0.82,0.983,0,5.02,0,11.88,0,6.69,0,7.54,11.78,2.84,1.77,3.24,5.39,39,12
w_WT_OFF_T_G17,21,0.8411,0.8521,0.987,0,5.12,0,12.84,0,8.85,0,10.95,15.62,3.17,3.69,3.28,5.9,40,12
w_WT_OFF_T_G17,22,0.8398,0.8653,0.9819,0,6.39,0,13.25,0,5.04,0,9.41,13.07,2.7,0.98,3.57,5.58,47,16
w_WT_OFF_T_G17,23,0.8391,0.8534,0.9833,0,6.88,0,15.64,0,9.32,0,4.43,9.51,3.06,2.79,3.9,5.65,37,14
w_WT_OFF_T_G17,24,0.8386,0.8879,0.9804,0,6.14,0,22.38,0,14.55,0,8.85,14.03,2.67,2.32,3.42,5.41,50,20
w_WT_OFF_T_G17,25,0.8384,0.9014,0.9837,0,7.67,0,11.54,0,27.86,0,26.78,28.72,2.32,2.22,4.51,4.91,33,17
w_WT_OFF_T_G17,26,0.8362,0.9141,0.984,0,5.73,0,23.22,1,3.44,0,5.53,11.63,0.95,2.0,4.58,3.83,56,17
w_WT_OFF_T_G17,27,0.8361,0.9355,0.9877,0,7.11,0,21.36,0,17.46,0,13.12,18.15,2.93,2.47,4.11,6.37,48,18
w_WT_OFF_T_G17,28,0.836,0.7995,0.9804,0,5.25,0,28.0,0,10.71,0,18.85,18.98,2.43,2.49,6.45,5.58,39,14
w_WT_OFF_T_G17,29,0.836,0.8753,0.9867,0,5.54,0,25.02,0,16.09,0,20.73,17.76,1.33,3.11,2.99,4.67,40,13
w_WT_OFF_T_G17,3,0.8564,0.882,0.984,0,5.59,0,27.7,0,8.16,0,12.15,11.44,2.42,2.74,8.0,6.02,46,15
w_WT_OFF_T_G17,30,0.8359,0.8361,0.984,0,6.3,0,12.97,1,4.97,0,4.99,7.1,2.53,3.26,4.1,6.22,36,12
w_WT_OFF_T_G17,31,0.8332,0.8533,0.9877,1,4.42,0,13.39,0,8.94,0,8.49,11.27,1.96,3.01,2.51,4.2,43,18
w_WT_OFF_T_G17,32,0.8328,0.893,0.9851,1,4.29,0,17.21,1,4.1,0,7.86,12.01,2.18,1.76,2.95,5.11,49,19
w_WT_OFF_T_G17,33,0.8328,0.8509,0.9824,0,6.84,0,18.55,0,13.86,0,10.97,16.85,1.19,3.09,3.11,7.02,31,14
w_WT_OFF_T_G17,34,0.8324,0.9267,0.989,1,4.1,0,16.83,0,10.12,0,7.06,14.09,2.04,1.53,2.41,4.93,55,18
w_WT_OFF_T_G17,35,0.8316,0.8451,0.9856,1,4.37,0,19.26,1,4.08,0,8.84,13.11,2.39,2.58,2.65,5.1,44,12
w_WT_OFF_T_G17,36,0.8303,0.8903,0.9845,1,4.18,0,17.94,0,7.34,0,5.97,3.23,2.82,1.73,2.78,5.19,49,17
w_WT_OFF_T_G17,37,0.8295,0.874,0.9838,0,6.97,0,10.63,0,35.61,0,37.01,36.0,1.15,1.47,8.38,6.4,30,16
w_WT_OFF_T_G17,38,0.8286,0.9235,0.9864,0,6.77,0,17.99,1,3.36,0,3.56,8.42,2.99,2.99,3.29,5.93,48,19
w_WT_OFF_T_G17,39,0.8278,0.905,0.9842,1,4.14,0,36.89,1,3.24,0,10.44,10.61,1.91,2.32,4.94,4.19,40,15
w_WT_OFF_T_G17,4,0.8556,0.8974,0.9866,1,4.74,0,12.44,0,14.67,0,12.39,19.7,2.92,2.26,4.17,5.43,47,16
w_WT_OFF_T_G17,40,0.8278,0.8867,0.9877,1,1.59,0,16.15,0,5.64,0,5.52,8.51,3.11,2.71,3.64,3.26,54,18
w_WT_OFF_T_G17,41,0.8276,0.8652,0.9811,1,4.87,0,15.59,0,5.34,0,5.84,4.9,1.51,1.83,3.42,5.41,56,20
w_WT_OFF_T_G17,42,0.8273,0.8779,0.986,0,6.1,0,21.18,1,3.72,0,5.79,9.09,1.5,1.93,6.85,5.47,42,12
w_WT_OFF_T_G17,43,0.8268,0.9331,0.99,1,2.39,0,11.23,0,5.33,0,7.71,11.85,2.99,2.2,3.82,2.69,48,18
w_WT_OFF_T_G17,44,0.8266,0.829,0.9828,1,4.81,0,12.45,0,15.83,0,9.44,16.96,2.63,2.84,4.91,6.1,43,15
w_WT_OFF_T_G17,45,0.8249,0.8418,0.9861,0,5.74,0,12.16,0,8.27,0,6.72,10.92,2.18,2.37,0.79,3.99,27,11
w_WT_OFF_T_G17,46,0.8233,0.7901,0.983,0,8.35,0,17.85,1,2.09,0,8.01,4.94,1.49,3.26,1.66,6.65,36,14
w_WT_OFF_T_G17,47,0.823,0.886,0.9876,1,4.39,0,20.87,0,19.48,0,18.42,24.97,1.68,2.92,5.54,4.01,31,12
w_WT_OFF_T_G17,48,0.8229,0.8037,0.9831,1,4.46,0,16.67,0,16.05,0,13.6,20.18,2.9,1.36,2.22,5.76,38,12
w_WT_OFF_T_G17,49,0.8228,0.8974,0.9887,1,3.99,0,23.9,0,14.52,0,10.69,16.07,0.74,3.02,5.95,3.95,38,17
w_WT_OFF_T_G17,5,0.8555,0.9333,0.9871,0,6.85,0,14.47,1,4.29,0,5.11,5.88,3.05,2.25,4.7,6.44,44,18
w_WT_OFF_T_G17,50,0.8228,0.8796,0.9829,1,3.8,0,17.57,1,4.92,0,1.94,4.67,1.32,2.87,2.67,5.34,50,18
w_WT_OFF_T_G17,51,0.8227,0.8067,0.9843,1,4.68,0,12.62,0,7.5,0,7.1,11.35,3.32,2.77,4.97,5.59,41,14
w_WT_OFF_T_G17,52,0.821,0.8583,0.9825,1,2.4,0,23.69,0,13.12,0,14.7,19.27,1.29,2.58,2.32,3.8,48,17
w_WT_OFF_T_G17,53,0.821,0.8838,0.9834,1,4.31,0,15.12,1,2.5,0,1.46,3.51,3.43,2.42,2.53,2.24,47,19
w_WT_OFF_T_G17,54,0.8195,0.9141,0.9859,0,5.95,0,15.29,1,1.63,0,0.86,4.08,3.99,2.98,3.0,4.57,51,18
w_WT_OFF_T_G17,55,0.819,0.8316,0.9851,1,4.13,0,11.42,0,8.25,0,10.22,15.09,2.76,3.16,5.03,5.07,36,13
w_WT_OFF_T_G17,56,0.8189,0.8367,0.9803,0,9.56,0,12.24,0,38.64,0,38.3,37.66,2.88,1.86,7.58,7.87,28,12
w_WT_OFF_T_G17,57,0.8185,0.8512,0.9849,0,6.42,0,18.23,1,4.17,0,4.66,9.23,2.88,2.11,4.98,6.53,30,16
w_WT_OFF_T_G17,58,0.8181,0.8362,0.9802,0,6.95,0,20.73,0,14.45,0,13.98,19.2,2.41,3.3,3.97,5.14,32,12
w_WT_OFF_T_G17,59,0.8181,0.895,0.9849,1,4.36,0,11.67,0,13.91,0,10.03,16.72,1.92,2.18,5.54,5.17,51,18
w_WT_OFF_T_G17,6,0.8544,0.8707,0.9852,1,4.38,0,13.38,0,7.28,0,8.05,12.66,2.83,3.36,2.99,4.72,39,12
w_WT_OFF_T_G17,60,0.818,0.8366,0.9846,0,5.22,0,19.45,0,25.14,0,23.03,28.32,1.81,2.21,5.28,4.37,25,11
w_WT_OFF_T_G17,61,0.8179,0.7472,0.9831,0,9.95,0,20.12,1,3.75,0,7.73,11.67,2.39,3.47,3.12,8.37,24,11
w_WT_OFF_T_G17,62,0.8178,0.8844,0.9852,1,1.49,0,11.53,1,2.33,0,9.4,12.11,1.39,1.8,5.29,1.88,68,16
w_WT_OFF_T_G17,63,0.8177,0.8075,0.9828,0,8.78,0,16.67,1,4.41,0,2.71,7.18,1.71,2.31,2.8,6.62,34,12
w_WT_OFF_T_G17,64,0.8151,0.8262,0.9842,1,4.28,0,18.24,0,15.16,0,15.3,20.16,2.7,2.15,4.26,4.2,43,14
w_WT_OFF_T_G17,65,0.8146,0.8542,0.9859,0,8.37,0,18.21,0,11.82,0,16.74,20.72,0.92,1.75,4.56,5.73,30,17
w_WT_OFF_T_G17,66,0.8138,0.879,0.9815,0,5.26,0,10.95,1,0.98,0,1.14,5.88,2.16,2.69,4.9,5.99,41,17
w_WT_OFF_T_G17,67,0.8132,0.8188,0.9808,0,8.02,0,13.49,0,35.66,0,39.44,37.55,2.82,2.38,4.39,6.59,31,13
w_WT_OFF_T_G17,68,0.813,0.8175,0.9856,1,4.16,0,18.03,0,8.63,0,15.8,15.3,3.48,3.87,4.58,5.4,33,15
w_WT_OFF_T_G17,69,0.8129,0.8,0.98,0,7.79,0,19.88,0,23.0,0,20.6,26.16,1.89,3.35,4.21,6.15,29,11
w_WT_OFF_T_G17,7,0.8529,0.9071,0.9882,1,3.77,0,16.46,0,7.74,0,10.04,14.74,1.88,2.78,2.74,6.16,43,16
w_WT_OFF_T_G17,70,0.812,0.8944,0.9899,1,1.88,0,11.99,1,4.67,0,11.75,15.69,2.22,2.95,4.36,2.79,49,17
w_WT_OFF_T_G17,71,0.8114,0.8798,0.9861,0,6.36,0,18.61,0,12.86,0,9.64,13.44,1.45,0.99,3.22,6.79,34,14
w_WT_OFF_T_G17,72,0.8073,0.8732,0.9848,0,10.18,0,6.96,0,26.21,0,24.2,28.49,4.01,3.91,4.29,9.42,31,15
w_WT_OFF_T_G17,73,0.8065,0.7949,0.981,0,5.9,0,21.45,1,3.86,0,6.26,8.95,3.52,2.37,5.07,5.09,22,13
w_WT_OFF_T_G17,74,0.8065,0.7162,0.9795,0,8.72,0,18.6,0,17.14,0,12.36,17.33,1.72,2.08,5.98,8.7,26,10
w_WT_OFF_T_G17,75,0.8016,0.8623,0.9829,0,6.54,0,24.76,0,7.37,0,4.63,11.84,1.44,2.16,4.1,5.62,34,14
w_WT_OFF_T_G17,76,0.7997,0.803,0.9793,0,5.72,0,18.03,0,17.97,0,15.86,23.08,1.81,2.28,3.32,5.21,42,15
w_WT_OFF_T_G17,77,0.7984,0.8274,0.9787,0,6.5,0,12.93,1,0.93,0,2.31,6.73,2.85,2.73,4.11,5.29,41,15
w_WT_OFF_T_G17,78,0.7976,0.8451,0.9815,0,6.5,0,18.39,0,5.31,0,10.97,10.09,1.98,2.94,5.24,6.73,44,17
w_WT_OFF_T_G17,79,0.7974,0.795,0.9806,0,5.05,0,17.12,0,10.04,0,6.28,13.03,2.57,2.32,3.03,5.16,44,19
w_WT_OFF_T_G17,8,0.8524,0.9301,0.9874,1,4.46,0,15.8,1,1.21,0,4.12,4.56,1.49,2.03,2.85,5.88,47,18
w_WT_OFF_T_G17,80,0.7973,0.8331,0.9804,0,5.79,0,26.78,0,13.48,0,9.3,14.91,1.35,1.95,3.46,4.48,38,15
w_WT_OFF_T_G17,81,0.7933,0.8568,0.9822,1,4.92,0,18.53,0,5.79,0,10.93,12.15,2.11,2.01,4.66,4.83,39,19
w_WT_OFF_T_G17,82,0.7911,0.7293,0.9809,0,7.31,0,19.5,0,8.55,0,7.27,11.98,1.47,3.67,2.76,7.08,24,11
w_WT_OFF_T_G17,83,0.7904,0.867,0.9825,0,6.22,0,9.3,0,19.49,0,17.5,22.04,1.65,3.42,3.46,4.52,45,18
w_WT_OFF_T_G17,84,0.7898,0.7289,0.9775,0,7.46,0,19.04,0,14.08,0,12.03,19.58,3.01,2.7,4.27,7.35,28,13
w_WT_OFF_T_G17,85,0.7888,0.7787,0.9826,0,6.86,0,27.1,0,11.83,0,18.94,18.32,0.74,2.84,3.25,6.0,25,10
w_WT_OFF_T_G17,86,0.7882,0.8567,0.9822,1,2.33,0,30.46,0,26.06,0,19.7,25.89,1.75,2.92,3.88,1.89,43,15
w_WT_OFF_T_G17,87,0.7848,0.6775,0.9785,0,6.9,0,20.5,1,3.18,0,5.32,8.4,3.16,3.1,4.73,6.32,24,13
w_WT_OFF_T_G17,88,0.7843,0.6798,0.9816,0,8.91,0,19.0,1,2.91,0,6.21,10.45,2.3,3.76,2.19,8.5,21,8
w_WT_OFF_T_G17,89,0.7775,0.7486,0.9788,0,5.5,0,19.02,0,5.06,0,6.22,12.38,1.49,2.73,2.23,6.26,49,19
w_WT_OFF_T_G17,9,0.8524,0.929,0.9863,1,4.45,0,13.21,1,2.41,0,5.49,3.98,2.7,3.5,2.63,3.21,52,21
w_WT_OFF_T_G17,90,0.7768,0.8115,0.9757,1,4.57,0,18.26,0,5.6,0,7.43,12.85,0.79,1.24,3.18,5.18,51,18
w_WT_OFF_T_G17,91,0.7748,0.7528,0.9788,0,8.86,0,21.37,0,12.8,0,13.99,16.7,3.42,1.79,3.95,7.33,43,22
w_WT_OFF_T_G17,92,0.7739,0.619,0.9742,0,6.82,0,19.62,0,23.21,0,19.19,25.27,2.41,1.29,5.26,5.97,28,12
w_WT_OFF_T_G17,93,0.7654,0.6231,0.9752,0,7.83,0,18.81,0,22.94,0,20.79,26.56,2.34,3.21,4.1,7.18,31,12
w_WT_OFF_T_G17,94,0.7646,0.5921,0.9734,0,7.23,0,20.09,0,18.52,0,17.32,23.12,3.17,2.55,3.73,6.59,29,12
w_WT_OFF_T_G17,95,0.7644,0.6849,0.9778,1,4.29,0,16.89,0,10.39,0,10.28,16.01,1.47,2.06,4.18,5.28,45,15
w_WT_OFF_T_G17,96,0.763,0.7378,0.9776,0,6.74,0,21.49,0,15.88,0,9.48,15.06,2.47,1.32,4.59,6.03,41,19
w_WT_OFF_T_G17,97,0.7605,0.7124,0.9791,1,0.82,0,10.11,1,4.1,0,4.72,10.86,1.9,2.89,4.18,3.16,54,18
w_WT_OFF_T_G17,98,0.7528,0.6409,0.9761,1,4.16,0,11.76,1,2.59,0,4.05,7.19,1.85,3.35,3.58,4.77,45,17
w_WT_OFF_T_G17,99,0.7478,0.7062,0.9749,1,2.38,0,15.02,0,18.82,0,14.49,20.17,2.11,1.79,3.36,2.89,47,16
d_F88F_M255M_Y217Y_S1_G17,0,0.8649,0.8943,0.9909,1,3.2,0,19.06,0,28.36,0,18.47,26.44,5.45,3.88,10.25,2.58,33,11
d_F88F_M255M_Y217Y_S1_G17,1,0.863,0.8891,0.9918,1,3.03,0,19.49,0,29.78,0,20.22,26.29,5.53,6.66,11.38,2.77,31,11
d_F88F_M255M_Y217Y_S1_G17,10,0.8536,0.8878,0.9879,1,2.9,0,19.15,0,29.01,0,19.79,28.06,5.18,6.79,11.89,2.99,31,12
d_F88F_M255M_Y217Y_S1_G17,11,0.8529,0.8533,0.99,1,1.69,0,21.65,0,29.49,0,19.87,28.14,4.45,6.78,11.39,2.97,39,10
d_F88F_M255M_Y217Y_S1_G17,12,0.8515,0.8872,0.9902,1,4.73,0,13.55,0,18.05,0,8.91,15.14,2.33,1.71,2.77,6.16,42,14
d_F88F_M255M_Y217Y_S1_G17,13,0.8505,0.872,0.9906,1,2.18,0,19.13,0,33.33,0,25.31,33.31,5.49,6.17,10.39,2.44,35,10
d_F88F_M255M_Y217Y_S1_G17,14,0.8485,0.8836,0.9892,1,1.79,0,18.95,0,34.21,0,24.17,32.69,4.7,3.9,9.91,1.96,40,13
d_F88F_M255M_Y217Y_S1_G17,15,0.8474,0.8758,0.9914,1,2.11,0,21.1,0,29.45,0,20.02,28.67,5.3,6.75,12.6,2.5,31,11
d_F88F_M255M_Y217Y_S1_G17,16,0.8471,0.881,0.9926,0,5.39,0,15.33,0,19.34,0,8.88,15.79,4.03,3.17,4.36,4.64,36,13
d_F88F_M255M_Y217Y_S1_G17,17,0.846,0.8039,0.9881,1,1.57,0,20.17,0,27.75,0,19.04,26.33,5.27,7.06,12.5,2.49,35,12
d_F88F_M255M_Y217Y_S1_G17,18,0.8443,0.855,0.9917,0,5.94,0,12.46,0,16.15,0,6.83,12.35,5.56,5.25,4.88,6.9,21,8
d_F88F_M255M_Y217Y_S1_G17,19,0.8413,0.8519,0.9878,1,1.43,0,19.76,0,19.15,0,10.78,17.52,5.44,4.38,10.94,2.82,36,13
d_F88F_M255M_Y217Y_S1_G17,2,0.8608,0.9366,0.9911,0,5.97,0,14.67,0,17.22,0,7.09,13.07,4.58,2.63,6.65,5.37,46,16
d_F88F_M255M_Y217Y_S1_G17,20,0.8399,0.8232,0.9886,1,4.86,0,14.26,0,16.41,0,7.1,12.09,3.44,4.06,2.48,5.53,36,12
d_F88F_M255M_Y217Y_S1_G17,21,0.8389,0.8157,0.9893,1,2.76,0,22.92,0,28.9,0,21.39,26.85,5.02,7.41,12.46,2.68,30,11
d_F88F_M255M_Y217Y_S1_G17,22,0.8377,0.8789,0.9921,0,5.87,0,13.66,0,16.04,0,6.4,13.85,5.37,3.1,2.63,6.3,27,8
d_F88F_M255M_Y217Y_S1_G17,23,0.8373,0.9199,0.9899,1,1.4,0,19.0,0,31.06,0,23.03,28.47,5.61,4.85,7.24,2.03,54,17
d_F88F_M255M_Y217Y_S1_G17,24,0.837,0.8787,0.99,0,6.09,0,15.27,0,23.54,0,13.49,18.44,3.96,2.09,1.51,6.35,39,12
d_F88F_M255M_Y217Y_S1_G17,25,0.837,0.8579,0.9921,1,3.18,1,4.95,1,4.02,1,2.19,8.08,3.73,2.94,5.33,5.25,42,15
d_F88F_M255M_Y217Y_S1_G17,26,0.8364,0.8458,0.9873,0,5.5,0,13.32,0,17.52,0,7.69,13.6,4.35,3.79,4.08,5.33,43,16
d_F88F_M255M_Y217Y_S1_G17,27,0.8359,0.7986,0.9859,1,2.47,0,19.29,0,31.77,0,22.04,28.78,4.46,4.41,10.16,2.56,40,11
d_F88F_M255M_Y217Y_S1_G17,28,0.8349,0.8759,0.9923,1,1.98,1,3.8,1,2.96,1,4.11,8.0,3.07,3.43,4.05,4.48,45,13
d_F88F_M255M_Y217Y_S1_G17,29,0.8349,0.8334,0.9902,1,3.68,1,4.11,1,0.94,1,1.15,5.41,2.55,3.52,4.35,3.72,45,13
d_F88F_M255M_Y217Y_S1_G17,3,0.8606,0.8747,0.9903,1,3.12,0,19.79,0,28.9,0,19.47,26.11,5.51,6.61,11.28,2.78,31,8
d_F88F_M255M_Y217Y_S1_G17,30,0.8347,0.8221,0.9873,1,3.7,0,13.35,0,17.16,0,8.2,14.03,3.8,3.0,4.35,2.95,36,10
d_F88F_M255M_Y217Y_S1_G17,31,0.8346,0.8542,0.989,1,3.15,0,20.17,0,29.41,0,18.89,27.25,5.36,3.91,8.09,2.75,41,12
d_F88F_M255M_Y217Y_S1_G17,32,0.8345,0.8523,0.9904,0,5.5,1,3.91,1,2.34,1,2.57,7.22,3.25,2.42,3.73,6.93,37,13
d_F88F_M255M_Y217Y_S1_G17,33,0.8342,0.8573,0.9906,0,5.08,0,14.4,0,17.34,0,7.22,15.07,3.6,4.14,3.05,4.72,27,10
d_F88F_M255M_Y217Y_S1_G17,34,0.8338,0.8217,0.9881,1,4.59,0,13.64,0,17.18,0,7.59,13.66,4.06,1.71,2.89,4.56,29,9
d_F88F_M255M_Y217Y_S1_G17,35,0.8326,0.8784,0.9894,0,5.88,0,15.91,0,14.78,0,7.34,12.25,6.48,3.71,5.4,6.47,36,17
d_F88F_M255M_Y217Y_S1_G17,36,0.8316,0.8586,0.9912,1,4.5,0,11.49,0,18.78,0,8.55,13.75,3.94,3.98,3.91,4.46,42,13
d_F88F_M255M_Y217Y_S1_G17,37,0.8316,0.852,0.9909,0,5.24,1,4.09,1,1.25,1,2.44,5.38,2.32,3.54,2.88,6.59,41,14
d_F88F_M255M_Y217Y_S1_G17,38,0.8315,0.8554,0.9913,1,2.51,1,3.0,1,2.82,1,3.16,7.77,2.89,3.23,4.28,5.61,42,13
d_F88F_M255M_Y217Y_S1_G17,39,0.8315,0.8378,0.9881,1,2.73,0,16.55,0,29.77,0,23.88,29.49,5.38,5.59,5.36,2.57,41,15
d_F88F_M255M_Y217Y_S1_G17,4,0.8586,0.9174,0.9923,1,3.9,0,11.74,0,18.63,0,9.02,16.03,4.85,2.79,1.42,4.38,44,15
d_F88F_M255M_Y217Y_S1_G17,40,0.8314,0.8475,0.9909,0,5.68,0,17.67,0,17.12,0,7.03,13.91,3.38,4.47,2.79,5.75,35,10
d_F88F_M255M_Y217Y_S1_G17,41,0.8314,0.8119,0.9883,1,4.72,0,17.24,0,17.54,0,7.71,13.85,2.78,4.41,3.54,5.31,30,11
d_F88F_M255M_Y217Y_S1_G17,42,0.8307,0.8325,0.9909,1,2.13,1,3.1,1,1.36,1,3.4,6.19,4.18,3.88,3.2,1.23,44,13
d_F88F_M255M_Y217Y_S1_G17,43,0.8303,0.9201,0.9917,0,5.85,0,19.58,0,16.2,0,6.9,12.78,5.52,3.57,5.03,6.09,41,14
d_F88F_M255M_Y217Y_S1_G17,44,0.8303,0.8399,0.9907,1,3.91,0,15.83,0,16.93,0,7.13,14.81,4.01,3.59,4.55,5.46,32,8
d_F88F_M255M_Y217Y_S1_G17,45,0.8297,0.8305,0.9895,0,5.03,1,3.71,1,2.5,1,2.01,6.3,2.83,5.41,4.47,6.24,42,13
d_F88F_M255M_Y217Y_S1_G17,46,0.829,0.8021,0.9878,1,2.82,1,3.95,1,2.59,1,3.09,7.54,3.82,5.35,3.42,5.68,41,14
d_F88F_M255M_Y217Y_S1_G17,47,0.8279,0.8483,0.9898,0,6.74,1,3.23,1,2.45,1,2.88,6.44,1.83,5.63,1.42,6.56,38,12
d_F88F_M255M_Y217Y_S1_G17,48,0.8276,0.7535,0.9878,1,2.54,0,18.95,0,28.67,0,18.62,25.94,5.25,7.72,12.88,2.75,32,11
d_F88F_M255M_Y217Y_S1_G17,49,0.8273,0.8449,0.9906,1,2.42,1,2.87,1,3.23,1,4.47,6.72,3.05,3.36,2.96,3.95,41,15
d_F88F_M255M_Y217Y_S1_G17,5,0.8577,0.9424,0.9919,0,5.49,0,11.89,0,19.19,0,8.21,16.6,2.06,3.59,4.41,7.21,39,16
d_F88F_M255M_Y217Y_S1_G17,50,0.8247,0.8105,0.9898,1,2.26,1,3.26,1,2.31,1,2.65,5.17,3.17,4.63,4.24,3.9,40,12
d_F88F_M255M_Y217Y_S1_G17,51,0.8234,0.8691,0.9912,0,5.23,0,15.4,0,16.58,0,7.55,15.04,4.68,3.21,3.08,6.07,30,10
d_F88F_M255M_Y217Y_S1_G17,52,0.8234,0.7912,0.9864,1,3.77,1,4.63,1,2.64,1,4.56,8.71,2.91,2.41,3.1,5.36,44,15
d_F88F_M255M_Y217Y_S1_G17,53,0.8231,0.8156,0.9902,1,2.08,0,14.03,0,32.33,0,24.18,31.86,4.03,3.76,2.91,2.66,37,10
d_F88F_M255M_Y217Y_S1_G17,54,0.8231,0.8033,0.9895,1,2.41,0,9.84,0,9.62,0,3.38,8.44,3.01,2.27,2.23,3.49,39,10
d_F88F_M255M_Y217Y_S1_G17,55,0.8226,0.8238,0.9892,0,6.72,1,4.17,1,3.81,1,5.88,6.89,1.98,4.65,1.58,6.05,44,13
d_F88F_M255M_Y217Y_S1_G17,56,0.8222,0.8039,0.988,1,4.67,0,13.07,0,13.44,0,7.25,12.65,4.02,3.75,3.17,6.09,35,10
d_F88F_M255M_Y217Y_S1_G17,57,0.8206,0.83,0.9891,1,2.37,0,17.26,0,25.39,0,18.44,26.36,4.92,4.54,4.9,2.78,29,9
d_F88F_M255M_Y217Y_S1_G17,58,0.8201,0.7818,0.986,1,3.59,1,4.7,1,1.56,1,2.5,6.66,3.47,3.62,4.63,4.37,43,14
d_F88F_M255M_Y217Y_S1_G17,59,0.82,0.9002,0.989,0,6.54,0,15.41,1,4.43,0,3.01,7.12,6.24,3.86,10.26,5.75,37,11
d_F88F_M255M_Y217Y_S1_G17,6,0.8573,0.8862,0.9913,1,2.06,0,19.43,0,30.02,0,20.43,28.4,4.9,5.21,10.44,3.26,39,10
d_F88F_M255M_Y217Y_S1_G17,60,0.819,0.8398,0.9901,0,6.76,1,3.65,1,2.17,1,3.63,6.02,2.57,6.19,3.76,6.63,38,12
d_F88F_M255M_Y217Y_S1_G17,61,0.8182,0.8082,0.989,1,3.56,1,4.35,1,1.34,1,3.08,7.08,3.68,2.56,3.35,4.82,43,13
d_F88F_M255M_Y217Y_S1_G17,62,0.8178,0.8459,0.9866,0,5.92,0,20.0,0,14.29,0,6.5,14.03,4.26,2.03,4.75,6.49,47,14
d_F88F_M255M_Y217Y_S1_G17,63,0.8173,0.8019,0.9881,1,3.17,1,2.69,1,2.99,1,4.98,6.28,2.07,1.44,4.93,4.02,48,15
d_F88F_M255M_Y217Y_S1_G17,64,0.8169,0.7804,0.9895,1,3.41,1,4.58,1,0.6,1,3.13,5.99,2.51,3.61,4.64,2.95,43,12
d_F88F_M255M_Y217Y_S1_G17,65,0.8165,0.784,0.9867,0,5.55,1,3.87,1,4.39,1,4.04,7.87,3.77,3.65,4.15,4.51,44,14
d_F88F_M255M_Y217Y_S1_G17,66,0.8148,0.8116,0.9888,0,5.99,0,9.22,0,13.73,0,5.47,11.67,3.83,3.82,2.27,5.29,35,8
d_F88F_M255M_Y217Y_S1_G17,67,0.8148,0.8327,0.9879,0,5.79,0,16.45,0,13.47,0,6.8,11.88,5.2,4.18,5.25,6.1,43,14
d_F88F_M255M_Y217Y_S1_G17,68,0.8135,0.7601,0.9864,1,3.94,0,14.21,0,15.76,0,6.09,11.65,3.86,3.63,3.47,3.78,32,8
d_F88F_M255M_Y217Y_S1_G17,69,0.8132,0.8498,0.9883,1,2.4,0,14.67,0,18.85,0,8.93,14.94,4.25,4.13,5.04,2.58,39,12
d_F88F_M255M_Y217Y_S1_G17,7,0.8569,0.8779,0.9921,1,1.56,0,22.01,0,28.52,0,19.71,25.83,4.95,6.46,11.03,2.66,30,9
d_F88F_M255M_Y217Y_S1_G17,70,0.8122,0.713,0.9874,1,2.49,0,19.74,0,29.0,0,19.08,27.05,5.1,5.58,13.5,2.69,30,8
d_F88F_M255M_Y217Y_S1_G17,71,0.8114,0.7958,0.9866,1,4.83,1,4.37,1,2.36,1,2.62,8.68,3.47,4.2,4.15,5.13,46,13
d_F88F_M255M_Y217Y_S1_G17,72,0.8095,0.7798,0.9879,1,2.41,1,3.36,1,4.18,1,4.62,7.51,3.54,4.03,4.47,3.62,44,14
d_F88F_M255M_Y217Y_S1_G17,73,0.8066,0.7992,0.9889,1,3.28,1,4.38,1,3.12,1,5.34,7.29,4.97,2.59,2.9,5.35,38,14
d_F88F_M255M_Y217Y_S1_G17,74,0.8064,0.7796,0.9848,0,5.6,0,13.31,0,15.57,0,9.11,14.43,3.66,4.22,2.87,6.53,36,14
d_F88F_M255M_Y217Y_S1_G17,75,0.8046,0.8739,0.9852,1,2.58,0,16.82,0,22.02,0,13.26,18.68,5.51,3.17,4.17,1.08,33,14
d_F88F_M255M_Y217Y_S1_G17,76,0.8043,0.7594,0.9866,1,1.38,0,21.05,0,31.55,0,23.67,31.55,5.83,7.27,12.85,2.13,42,11
d_F88F_M255M_Y217Y_S1_G17,77,0.8042,0.7614,0.986,0,6.65,0,17.18,1,1.23,0,2.22,6.42,4.47,4.06,6.79,6.61,43,13
d_F88F_M255M_Y217Y_S1_G17,78,0.8039,0.8955,0.9905,0,5.88,0,18.46,0,14.34,0,8.1,13.98,4.66,2.22,4.61,6.86,40,13
d_F88F_M255M_Y217Y_S1_G17,79,0.8033,0.7438,0.9869,1,2.54,1,2.46,1,2.78,1,3.37,7.1,3.26,3.53,4.52,4.46,44,14
d_F88F_M255M_Y217Y_S1_G17,8,0.8557,0.8468,0.9902,1,2.08,1,3.7,0,33.55,0,26.91,32.63,4.53,4.17,8.66,2.7,34,12
d_F88F_M255M_Y217Y_S1_G17,80,0.8031,0.7356,0.9859,0,5.51,0,12.53,0,21.69,0,14.4,19.59,2.59,5.43,3.24,4.53,35,12
d_F88F_M255M_Y217Y_S1_G17,81,0.8027,0.7682,0.9876,0,6.14,1,4.04,1,3.57,1,2.62,7.28,2.21,3.89,2.48,7.2,40,12
d_F88F_M255M_Y217Y_S1_G17,82,0.8018,0.7449,0.9874,1,3.45,1,3.15,1,1.73,1,2.62,6.96,4.15,4.32,3.97,1.77,43,14
d_F88F_M255M_Y217Y_S1_G17,83,0.8014,0.7724,0.9894,0,5.14,0,12.65,0,23.88,0,14.77,20.04,2.71,3.86,4.91,5.74,38,10
d_F88F_M255M_Y217Y_S1_G17,84,0.8011,0.7794,0.9877,1,3.9,0,5.27,1,3.18,0,5.09,5.25,3.54,4.21,4.82,4.11,50,13
d_F88F_M255M_Y217Y_S1_G17,85,0.8003,0.7685,0.9833,1,2.69,0,17.86,0,28.72,0,19.96,26.4,4.29,3.83,6.13,2.11,45,17
d_F88F_M255M_Y217Y_S1_G17,86,0.8002,0.7765,0.9863,0,5.8,1,3.82,1,3.6,1,2.8,5.88,2.76,7.48,4.57,6.45,41,15
d_F88F_M255M_Y217Y_S1_G17,87,0.7999,0.7624,0.9879,1,2.28,1,3.54,1,1.22,1,4.2,6.24,3.4,3.54,2.69,4.04,42,14
d_F88F_M255M_Y217Y_S1_G17,88,0.7993,0.8071,0.9904,1,3.44,1,3.79,1,3.76,1,3.54,7.44,2.67,2.38,4.97,5.77,44,15
d_F88F_M255M_Y217Y_S1_G17,89,0.7977,0.7705,0.9878,1,2.68,1,3.96,1,2.19,1,2.99,5.22,3.39,3.75,4.78,6.12,38,14
d_F88F_M255M_Y217Y_S1_G17,9,0.8542,0.9336,0.9916,0,5.67,0,15.95,0,18.2,0,9.9,14.98,3.91,3.89,3.68,6.2,45,20
d_F88F_M255M_Y217Y_S1_G17,90,0.7968,0.7126,0.9852,1,4.92,0,10.7,0,23.29,0,13.71,18.56,2.79,2.17,1.62,3.62,40,12
d_F88F_M255M_Y217Y_S1_G17,91,0.796,0.7395,0.9862,0,5.65,1,4.05,1,1.52,1,2.29,6.71,2.64,5.44,3.78,6.58,41,14
d_F88F_M255M_Y217Y_S1_G17,92,0.7949,0.8215,0.9893,0,6.16,0,19.58,0,21.16,0,12.66,17.8,3.18,1.93,3.94,5.96,39,14
d_F88F_M255M_Y217Y_S1_G17,93,0.7848,0.706,0.9814,0,5.73,0,19.18,1,0.78,0,3.24,5.6,5.37,3.18,1.97,6.29,44,14
d_F88F_M255M_Y217Y_S1_G17,94,0.7809,0.6509,0.9872,1,2.7,0,23.04,0,29.42,0,20.14,26.8,5.05,7.68,9.4,2.9,38,13
d_F88F_M255M_Y217Y_S1_G17,95,0.7774,0.7207,0.9864,0,7.21,1,3.42,1,2.49,1,4.14,6.03,3.4,3.77,1.97,6.68,38,13
d_F88F_M255M_Y217Y_S1_G17,96,0.7741,0.7081,0.9879,0,5.22,0,17.05,1,1.93,0,7.39,7.33,4.6,2.17,5.63,5.13,33,13
d_F88F_M255M_Y217Y_S1_G17,97,0.77,0.6307,0.9815,1,1.71,0,16.92,0,32.82,0,23.22,31.17,4.11,3.11,7.79,2.42,41,14
d_F88F_M255M_Y217Y_S1_G17,98,0.7692,0.595,0.9817,0,6.05,0,13.52,0,24.55,0,15.38,20.62,3.37,1.67,3.6,5.89,41,13
d_F88F_M255M_Y217Y_S1_G17,99,0.7652,0.6874,0.9817,1,3.64,0,16.31,1,1.99,0,2.39,7.01,4.35,2.67,4.27,4.32,40,12
d_F88K_M255M_Y217F_S1_G17,0,0.8531,0.9398,0.9921,1,4.44,0,10.0,0,15.88,0,8.17,16.15,3.01,1.32,6.8,4.45,43,15
d_F88K_M255M_Y217F_S1_G17,1,0.848,0.9369,0.9923,1,4.79,0,11.79,0,15.84,0,8.02,16.0,5.98,2.81,4.01,5.97,42,20
d_F88K_M255M_Y217F_S1_G17,10,0.8258,0.8054,0.9864,1,2.47,1,4.35,1,2.65,1,2.48,4.77,3.67,2.41,5.45,1.77,40,15
d_F88K_M255M_Y217F_S1_G17,11,0.8243,0.8246,0.9898,1,2.52,1,4.29,1,2.68,1,3.59,4.56,3.91,2.44,4.87,3.33,43,14
d_F88K_M255M_Y217F_S1_G17,12,0.8241,0.7983,0.9874,1,2.65,1,3.85,1,1.51,1,4.22,7.54,4.1,3.02,3.65,3.26,45,14
d_F88K_M255M_Y217F_S1_G17,13,0.8235,0.8716,0.9906,1,3.07,1,3.8,1,3.09,1,3.0,3.99,4.69,3.82,4.41,5.03,43,12
d_F88K_M255M_Y217F_S1_G17,14,0.8234,0.8647,0.9896,0,6.29,0,15.97,1,1.69,0,1.24,5.29,3.43,3.62,3.71,6.85,41,12
d_F88K_M255M_Y217F_S1_G17,15,0.8232,0.7991,0.9882,1,3.51,0,20.44,0,30.74,0,21.64,30.35,6.92,7.5,12.79,2.47,31,9
d_F88K_M255M_Y217F_S1_G17,16,0.8226,0.8267,0.988,1,2.85,1,3.55,1,1.56,1,2.97,5.49,4.34,2.34,4.33,4.63,47,13
d_F88K_M255M_Y217F_S1_G17,17,0.8222,0.7965,0.9892,1,2.79,1,4.12,1,2.47,1,3.19,6.31,3.19,4.53,5.1,4.35,35,12
d_F88K_M255M_Y217F_S1_G17,18,0.8221,0.8379,0.9907,1,4.81,1,4.12,1,1.49,1,3.46,4.84,4.37,4.17,4.49,5.61,42,13
d_F88K_M255M_Y217F_S1_G17,19,0.8218,0.8521,0.9889,0,6.78,0,8.44,1,3.16,0,4.59,5.85,3.38,3.56,4.14,6.07,37,14
d_F88K_M255M_Y217F_S1_G17,2,0.8467,0.9302,0.9913,1,3.58,0,14.01,0,15.91,0,8.19,16.66,3.82,4.81,6.11,3.53,41,15
d_F88K_M255M_Y217F_S1_G17,20,0.8217,0.8208,0.9878,1,1.75,0,8.15,0,29.2,0,20.61,28.29,3.49,3.01,1.72,3.13,35,14
d_F88K_M255M_Y217F_S1_G17,21,0.821,0.836,0.9874,0,6.63,0,10.54,1,4.06,0,3.77,6.22,5.27,3.15,5.59,6.25,36,14
d_F88K_M255M_Y217F_S1_G17,22,0.8204,0.8417,0.9919,1,2.85,1,3.95,1,2.12,1,2.97,4.98,4.81,6.26,4.34,3.59,36,14
d_F88K_M255M_Y217F_S1_G17,23,0.8202,0.8305,0.9858,0,5.11,0,10.44,0,22.8,0,13.91,21.3,3.42,2.42,5.13,3.64,39,15
d_F88K_M255M_Y217F_S1_G17,24,0.8198,0.8012,0.9875,1,3.17,1,3.01,1,3.62,1,3.9,6.92,3.66,1.53,4.2,4.78,37,14
d_F88K_M255M_Y217F_S1_G17,25,0.8194,0.808,0.9887,1,3.34,1,3.92,1,1.37,1,2.23,5.65,4.84,1.19,4.08,4.81,38,13
d_F88K_M255M_Y217F_S1_G17,26,0.8176,0.7541,0.9806,1,3.05,0,11.98,0,17.29,0,8.57,16.28,3.2,2.17,5.94,4.53,37,17
d_F88K_M255M_Y217F_S1_G17,27,0.8175,0.807,0.9898,1,3.76,1,4.63,1,2.67,1,3.54,6.14,4.05,4.7,6.7,4.42,38,14
d_F88K_M255M_Y217F_S1_G17,28,0.8172,0.7819,0.9868,1,2.54,1,3.1,1,3.46,1,3.19,4.74,3.73,3.87,3.68,3.83,41,12
d_F88K_M255M_Y217F_S1_G17,29,0.8171,0.818,0.9869,0,6.52,0,6.93,1,2.0,0,3.37,5.18,3.22,3.05,6.49,6.61,38,14
d_F88K_M255M_Y217F_S1_G17,3,0.8453,0.8786,0.9861,1,2.66,0,20.17,0,29.76,0,20.3,28.44,5.62,5.77,11.71,2.59,34,8
d_F88K_M255M_Y217F_S1_G17,30,0.8157,0.7637,0.9846,1,2.82,1,4.69,1,3.04,1,3.07,5.52,3.99,2.99,4.17,4.02,41,15
d_F88K_M255M_Y217F_S1_G17,31,0.815,0.8939,0.9868,0,6.87,0,13.63,1,2.95,0,2.89,3.52,5.6,3.45,6.78,7.3,36,14
d_F88K_M255M_Y217F_S1_G17,32,0.8148,0.776,0.987,1,2.38,1,3.11,1,2.54,1,3.47,4.45,3.88,2.28,5.52,2.52,43,14
d_F88K_M255M_Y217F_S1_G17,33,0.8147,0.8548,0.9878,1,4.58,0,11.02,0,18.41,0,8.42,17.41,4.23,3.17,4.54,5.83,38,18
d_F88K_M255M_Y217F_S1_G17,34,0.8144,0.9147,0.9886,0,6.29,0,13.15,1,2.86,0,2.62,5.6,6.07,3.09,5.11,7.51,37,14
d_F88K_M255M_Y217F_S1_G17,35,0.8135,0.891,0.9905,0,5.22,0,16.64,0,16.09,0,7.91,15.88,4.92,3.62,4.52,6.83,33,16
d_F88K_M255M_Y217F_S1_G17,36,0.8129,0.7587,0.9868,1,2.9,1,3.45,1,1.22,1,3.44,4.59,4.36,3.29,5.91,3.82,40,14
d_F88K_M255M_Y217F_S1_G17,37,0.8127,0.9226,0.9883,0,7.07,0,14.91,1,1.18,0,5.22,8.29,6.17,3.9,4.35,6.76,35,18
d_F88K_M255M_Y217F_S1_G17,38,0.8126,0.8172,0.9882,0,7.86,0,11.47,1,1.2,0,2.9,5.45,4.82,2.98,3.12,6.13,45,14
d_F88K_M255M_Y217F_S1_G17,39,0.8125,0.839,0.9898,0,6.92,0,9.53,1,2.54,0,3.29,5.13,5.1,2.35,2.67,6.13,38,14
d_F88K_M255M_Y217F_S1_G17,4,0.8401,0.8203,0.9864,0,5.65,0,10.11,0,14.76,0,8.82,16.71,4.16,2.27,5.03,6.56,40,14
d_F88K_M255M_Y217F_S1_G17,40,0.8116,0.771,0.9876,1,2.47,1,3.83,1,2.69,1,3.44,6.63,3.87,3.16,5.0,2.74,44,14
d_F88K_M255M_Y217F_S1_G17,41,0.8101,0.8191,0.9877,0,7.04,0,12.47,1,1.2,0,3.99,7.11,4.97,2.69,4.41,7.01,37,12
d_F88K_M255M_Y217F_S1_G17,42,0.8098,0.8154,0.986,0,7.04,0,7.39,1,1.72,0,3.36,6.78,5.3,2.57,4.02,6.66,35,13
d_F88K_M255M_Y217F_S1_G17,43,0.8095,0.848,0.9887,0,5.87,0,12.56,1,3.12,0,3.03,6.96,4.79,2.79,2.39,4.5,43,13
d_F88K_M255M_Y217F_S1_G17,44,0.8084,0.8548,0.9876,0,6.84,0,10.53,1,3.58,0,3.17,7.69,5.58,2.89,3.5,4.9,39,15
d_F88K_M255M_Y217F_S1_G17,45,0.8077,0.8545,0.9893,0,6.17,0,11.3,1,3.87,0,3.39,6.82,4.81,3.43,2.05,4.98,47,16
d_F88K_M255M_Y217F_S1_G17,46,0.8073,0.8343,0.988,0,5.38,0,9.66,1,3.92,0,2.41,6.6,3.13,3.02,3.33,5.57,37,13
d_F88K_M255M_Y217F_S1_G17,47,0.8066,0.7806,0.9854,0,5.38,0,8.42,1,3.18,0,4.44,6.92,4.48,4.0,3.62,6.07,42,14
d_F88K_M255M_Y217F_S1_G17,48,0.8064,0.9069,0.9874,0,5.28,0,11.24,1,3.63,0,2.6,4.54,6.32,3.35,3.79,5.54,43,18
d_F88K_M255M_Y217F_S1_G17,49,0.8052,0.8105,0.9866,0,6.77,0,11.56,1,2.36,0,3.82,5.33,4.86,3.41,4.95,6.39,40,15
d_F88K_M255M_Y217F_S1_G17,5,0.8385,0.8494,0.9909,1,2.8,0,11.4,0,29.47,0,20.94,29.08,5.4,4.94,13.43,2.6,38,12
d_F88K_M255M_Y217F_S1_G17,50,0.8047,0.7678,0.9864,1,4.37,1,4.45,1,1.98,1,3.28,5.3,5.05,1.49,4.27,4.91,41,13
d_F88K_M255M_Y217F_S1_G17,51,0.8043,0.7909,0.9875,0,7.08,0,10.04,1,2.18,0,3.18,4.89,3.87,3.15,6.41,6.85,36,13
d_F88K_M255M_Y217F_S1_G17,52,0.8038,0.7815,0.9856,0,5.89,0,14.76,1,3.34,0,3.21,6.0,5.74,2.09,5.61,6.26,35,11
d_F88K_M255M_Y217F_S1_G17,53,0.8033,0.8072,0.9897,1,2.9,1,3.76,1,1.34,1,2.39,4.87,3.61,2.3,3.99,2.91,39,15
d_F88K_M255M_Y217F_S1_G17,54,0.803,0.8375,0.9881,0,6.25,0,12.06,1,0.87,0,4.27,7.37,4.97,3.08,2.98,5.8,36,14
d_F88K_M255M_Y217F_S1_G17,55,0.8027,0.8044,0.9877,0,6.23,0,10.49,1,3.39,0,2.97,7.25,3.45,3.89,2.29,5.03,39,15
d_F88K_M255M_Y217F_S1_G17,56,0.8024,0.7966,0.9847,0,6.53,0,10.24,1,3.25,0,3.51,6.46,6.12,2.56,3.8,6.38,38,15
d_F88K_M255M_Y217F_S1_G17,57,0.8022,0.8044,0.9877,0,6.27,0,10.26,1,3.06,0,3.5,5.95,2.28,3.78,6.43,5.09,38,15
d_F88K_M255M_Y217F_S1_G17,58,0.802,0.7436,0.9835,0,6.43,0,10.17,0,14.94,0,10.25,18.23,4.56,3.34,6.08,7.01,36,13
d_F88K_M255M_Y217F_S1_G17,59,0.8019,0.8014,0.9883,0,5.65,0,9.37,1,2.51,0,2.85,6.23,4.59,2.95,4.42,5.79,39,15
d_F88K_M255M_Y217F_S1_G17,6,0.8363,0.805,0.9886,0,6.02,0,12.56,0,15.8,0,8.02,16.11,3.57,3.51,3.37,6.73,34,12
d_F88K_M255M_Y217F_S1_G17,60,0.8016,0.7794,0.9868,0,6.68,0,17.54,1,1.14,0,2.26,5.67,2.58,3.1,2.95,6.38,43,13
d_F88K_M255M_Y217F_S1_G17,61,0.8009,0.8112,0.9878,0,7.52,0,14.76,1,1.15,0,3.77,6.69,4.98,2.92,5.87,6.87,37,12
d_F88K_M255M_Y217F_S1_G17,62,0.8008,0.7847,0.9852,0,6.56,0,10.82,1,1.49,0,3.56,7.48,6.57,3.12,6.81,5.27,32,13
d_F88K_M255M_Y217F_S1_G17,63,0.8008,0.7722,0.9865,0,7.04,0,10.15,1,1.51,0,1.88,6.83,4.44,2.76,6.36,6.01,32,15
d_F88K_M255M_Y217F_S1_G17,64,0.8007,0.7461,0.9848,0,5.72,0,8.95,1,1.2,0,3.54,5.61,3.79,3.93,6.28,6.08,39,12
d_F88K_M255M_Y217F_S1_G17,65,0.8006,0.7658,0.9884,1,2.99,1,2.83,1,3.28,1,3.02,3.85,4.21,3.14,4.87,2.98,47,15
d_F88K_M255M_Y217F_S1_G17,66,0.799,0.8172,0.9878,1,3.28,0,19.22,1,4.22,0,6.87,8.5,4.48,2.25,3.25,4.85,40,12
d_F88K_M255M_Y217F_S1_G17,67,0.7979,0.7931,0.9867,0,5.84,0,10.36,1,2.36,0,3.76,7.24,3.91,2.66,4.01,4.88,40,14
d_F88K_M255M_Y217F_S1_G17,68,0.7978,0.746,0.9863,1,2.59,1,3.41,1,2.59,1,4.01,7.17,3.98,2.87,4.75,4.62,37,14
d_F88K_M255M_Y217F_S1_G17,69,0.7977,0.7647,0.9874,0,5.54,0,9.16,1,3.77,0,3.12,6.62,4.94,3.99,5.39,5.68,33,13
d_F88K_M255M_Y217F_S1_G17,7,0.8271,0.8882,0.9888,0,6.86,0,15.43,0,18.48,0,10.5,18.13,2.18,3.38,3.91,6.2,39,11
d_F88K_M255M_Y217F_S1_G17,70,0.794,0.8323,0.9809,0,5.36,0,14.43,1,3.78,0,4.66,8.35,2.32,4.08,3.14,4.46,45,17
d_F88K_M255M_Y217F_S1_G17,71,0.7903,0.8496,0.985,0,5.27,0,14.13,1,3.02,0,2.96,5.25,6.14,3.09,6.31,5.95,30,14
d_F88K_M255M_Y217F_S1_G17,72,0.7888,0.6986,0.9867,0,9.44,0,11.36,0,5.26,0,4.25,9.29,5.9,2.69,7.74,7.2,28,12
d_F88K_M255M_Y217F_S1_G17,73,0.7887,0.697,0.9868,1,2.65,0,21.55,0,33.1,0,23.47,31.56,5.15,5.83,12.29,2.05,36,9
d_F88K_M255M_Y217F_S1_G17,74,0.788,0.6673,0.9811,1,2.5,0,12.43,0,37.26,0,26.69,34.8,5.2,4.72,10.09,1.0,42,13
d_F88K_M255M_Y217F_S1_G17,75,0.7879,0.7798,0.9838,0,7.67,0,13.33,1,1.43,0,3.29,7.22,3.92,3.5,3.57,6.07,38,14
d_F88K_M255M_Y217F_S1_G17,76,0.7867,0.7159,0.9855,0,5.62,0,5.9,1,1.62,0,4.44,6.24,4.39,2.15,4.0,5.81,37,12
d_F88K_M255M_Y217F_S1_G17,77,0.7866,0.7226,0.9812,0,5.84,0,9.26,1,1.07,0,3.6,7.43,5.55,4.28,4.17,5.69,34,13
d_F88K_M255M_Y217F_S1_G17,78,0.786,0.7596,0.9876,0,5.6,0,8.92,1,3.37,0,2.66,5.17,3.4,3.39,4.01,5.66,38,14
d_F88K_M255M_Y217F_S1_G17,79,0.7848,0.7457,0.9887,0,7.08,0,20.07,1,1.96,0,3.62,7.61,3.47,4.88,5.86,7.0,37,14
d_F88K_M255M_Y217F_S1_G17,8,0.8267,0.8352,0.9888,1,4.02,1,3.75,1,3.53,1,3.07,6.27,3.3,3.63,3.53,2.73,40,15
d_F88K_M255M_Y217F_S1_G17,80,0.7813,0.6731,0.9835,0,6.49,0,10.75,1,0.69,0,5.83,7.69,4.36,5.05,5.39,5.74,36,14
d_F88K_M255M_Y217F_S1_G17,81,0.7803,0.7553,0.9844,0,5.98,0,13.81,1,2.37,0,3.18,7.69,4.92,1.82,3.46,6.88,36,14
d_F88K_M255M_Y217F_S1_G17,82,0.7792,0.6642,0.9787,1,4.98,0,9.63,1,2.22,0,3.01,7.35,4.1,2.81,4.28,6.02,43,14
d_F88K_M255M_Y217F_S1_G17,83,0.7785,0.7961,0.9849,1,3.08,0,11.95,1,4.76,0,4.07,7.2,3.62,2.25,5.6,3.37,48,20
d_F88K_M255M_Y217F_S1_G17,84,0.7776,0.7274,0.9865,0,7.66,0,16.47,1,1.61,0,2.91,6.1,4.37,5.64,7.36,6.84,42,14
d_F88K_M255M_Y217F_S1_G17,85,0.775,0.7194,0.9857,0,7.31,0,10.45,1,2.73,0,3.43,4.4,4.98,3.39,4.37,5.99,37,14
d_F88K_M255M_Y217F_S1_G17,86,0.7741,0.6537,0.986,0,7.65,0,12.19,0,14.75,0,7.35,14.81,3.01,3.78,5.39,7.5,35,10
d_F88K_M255M_Y217F_S1_G17,87,0.7737,0.6726,0.9831,0,6.02,0,10.07,1,1.73,0,1.63,6.57,4.33,3.55,3.97,5.34,39,14
d_F88K_M255M_Y217F_S1_G17,88,0.7674,0.6832,0.9852,0,6.13,0,12.75,1,3.0,0,5.59,7.91,4.04,3.34,3.4,4.75,43,15
d_F88K_M255M_Y217F_S1_G17,89,0.7661,0.7375,0.9826,1,4.17,0,15.25,0,20.13,0,11.5,19.04,5.51,2.37,4.6,3.33,25,15
d_F88K_M255M_Y217F_S1_G17,9,0.8262,0.9162,0.9902,1,3.34,0,14.12,1,2.22,0,3.8,6.3,3.26,4.15,5.34,4.36,41,17
d_F88K_M255M_Y217F_S1_G17,90,0.7648,0.6654,0.984,0,6.41,0,10.81,0,24.32,0,14.12,20.65,3.5,1.57,4.59,6.81,36,14
d_F88K_M255M_Y217F_S1_G17,91,0.7642,0.6642,0.9798,0,5.37,0,10.08,1,2.29,0,2.03,5.77,3.2,3.46,2.5,5.93,39,12
d_F88K_M255M_Y217F_S1_G17,92,0.7609,0.6423,0.9814,0,5.55,0,9.27,1,2.59,0,2.56,5.67,4.89,3.42,4.97,5.65,39,14
d_F88K_M255M_Y217F_S1_G17,93,0.7574,0.6125,0.9826,0,6.28,0,11.04,1,1.38,0,5.52,6.66,3.38,3.45,6.12,5.73,34,13
d_F88K_M255M_Y217F_S1_G17,94,0.7573,0.6305,0.9835,0,5.88,0,9.85,1,1.56,0,2.99,5.81,5.71,3.28,4.52,5.38,36,13
d_F88K_M255M_Y217F_S1_G17,95,0.7556,0.7316,0.9781,1,4.03,0,13.77,1,3.88,0,4.01,5.75,6.67,3.57,3.65,3.93,48,17
d_F88K_M255M_Y217F_S1_G17,96,0.7548,0.6469,0.9817,0,5.5,0,12.28,1,1.83,0,2.64,7.39,2.69,2.9,3.07,5.54,38,14
d_F88K_M255M_Y217F_S1_G17,97,0.7512,0.638,0.9812,0,6.66,0,11.39,1,2.76,0,2.9,6.57,4.12,3.73,3.58,5.42,37,15
d_F88K_M255M_Y217F_S1_G17,98,0.7472,0.5814,0.9824,0,6.47,0,12.43,1,0.67,0,3.33,7.54,5.25,1.45,6.44,6.16,33,12
d_F88K_M255M_Y217F_S1_G17,99,0.7435,0.6211,0.9802,0,6.86,0,10.56,1,2.45,0,1.98,6.39,3.39,4.03,3.77,6.23,33,14
d_F88R_M255I_Y217Y_S1_G17,0,0.8494,0.8982,0.9908,1,2.55,0,10.88,0,28.19,0,19.03,26.3,5.36,1.55,6.82,2.31,37,15
d_F88R_M255I_Y217Y_S1_G17,1,0.8403,0.841,0.9899,0,5.39,1,3.79,0,40.67,0,34.4,40.19,4.55,3.94,3.9,5.84,40,14
d_F88R_M255I_Y217Y_S1_G17,10,0.8345,0.8437,0.9912,1,3.06,0,5.71,1,3.53,0,4.28,6.15,4.33,3.21,5.2,4.3,41,15
d_F88R_M255I_Y217Y_S1_G17,11,0.8339,0.8482,0.9907,1,1.75,0,24.19,0,31.08,0,21.72,29.42,5.08,6.83,10.19,2.84,31,11
d_F88R_M255I_Y217Y_S1_G17,12,0.8338,0.9174,0.9911,1,2.41,0,13.73,0,40.89,0,30.27,38.23,5.27,5.01,6.52,1.66,47,16
d_F88R_M255I_Y217Y_S1_G17,13,0.831,0.8277,0.9893,0,5.5,1,2.95,0,40.34,0,33.98,39.19,4.19,3.73,0.74,5.6,41,13
d_F88R_M255I_Y217Y_S1_G17,14,0.8304,0.8246,0.9886,1,4.36,1,3.4,0,40.41,0,33.99,39.72,4.08,4.49,3.4,6.01,50,14
d_F88R_M255I_Y217Y_S1_G17,15,0.83,0.8296,0.9907,1,2.82,0,22.11,0,33.22,0,24.25,31.75,5.25,8.31,13.51,2.07,38,10
d_F88R_M255I_Y217Y_S1_G17,16,0.8296,0.8695,0.9926,1,3.46,1,3.63,1,1.75,1,5.81,3.31,3.75,2.65,4.92,6.1,36,12
d_F88R_M255I_Y217Y_S1_G17,17,0.8295,0.8107,0.9872,1,2.93,0,19.47,0,29.5,0,19.87,27.6,6.3,6.02,12.98,2.65,34,11
d_F88R_M255I_Y217Y_S1_G17,18,0.8285,0.8557,0.99,0,8.36,0,6.71,1,2.72,0,3.29,5.07,3.32,4.13,3.52,6.96,38,12
d_F88R_M255I_Y217Y_S1_G17,19,0.8281,0.842,0.9903,0,7.39,0,5.54,1,3.57,0,4.34,6.51,3.49,0.96,4.92,7.17,41,15
d_F88R_M255I_Y217Y_S1_G17,2,0.8392,0.857,0.9913,1,3.01,0,26.71,0,29.53,0,19.48,27.36,6.03,6.69,12.86,2.47,33,10
d_F88R_M255I_Y217Y_S1_G17,20,0.828,0.8369,0.9886,1,3.12,0,18.41,0,30.34,0,24.64,30.5,5.1,3.7,10.12,2.27,42,10
d_F88R_M255I_Y217Y_S1_G17,21,0.8274,0.9201,0.9895,1,1.22,0,13.08,0,38.48,0,28.58,36.89,4.89,5.1,5.74,1.62,58,16
d_F88R_M255I_Y217Y_S1_G17,22,0.8266,0.8547,0.9919,0,5.69,1,4.07,0,42.4,0,35.11,41.2,4.52,4.51,3.95,6.46,43,13
d_F88R_M255I_Y217Y_S1_G17,23,0.826,0.8543,0.9913,0,7.33,1,3.54,1,3.14,1,4.1,5.77,3.32,3.19,4.34,6.92,37,12
d_F88R_M255I_Y217Y_S1_G17,24,0.8256,0.8475,0.9887,1,4.28,1,4.12,1,4.04,1,3.0,5.1,3.47,3.49,3.74,4.4,42,12
d_F88R_M255I_Y217Y_S1_G17,25,0.825,0.909,0.9908,1,1.53,0,14.3,0,40.15,0,30.14,38.15,6.04,4.28,6.55,2.51,50,18
d_F88R_M255I_Y217Y_S1_G17,26,0.8236,0.8532,0.9902,1,1.63,0,17.41,0,38.73,0,28.28,36.38,5.27,3.84,10.54,1.46,45,12
d_F88R_M255I_Y217Y_S1_G17,27,0.8227,0.8114,0.9887,0,5.7,1,3.42,1,3.52,1,3.85,6.11,3.21,4.03,3.33,5.2,40,14
d_F88R_M255I_Y217Y_S1_G17,28,0.8215,0.7739,0.9871,1,1.52,1,3.44,1,3.75,1,3.8,7.13,4.02,2.34,6.62,3.23,39,14
d_F88R_M255I_Y217Y_S1_G17,29,0.8214,0.8407,0.9894,0,6.92,1,4.64,1,3.16,1,5.31,6.19,2.47,1.14,2.75,6.13,40,14
d_F88R_M255I_Y217Y_S1_G17,3,0.8379,0.8531,0.9911,0,5.38,1,3.54,0,41.74,0,34.98,41.05,4.0,3.52,1.8,5.63,43,13
d_F88R_M255I_Y217Y_S1_G17,30,0.8204,0.8052,0.9886,1,2.13,1,2.84,1,3.49,1,3.87,5.41,3.34,3.36,1.86,4.99,40,13
d_F88R_M255I_Y217Y_S1_G17,31,0.8202,0.7918,0.9889,1,2.56,0,16.66,0,32.89,0,23.63,31.26,4.88,2.61,10.54,2.36,41,11
d_F88R_M255I_Y217Y_S1_G17,32,0.8193,0.7923,0.9868,1,2.27,1,3.89,1,0.32,1,3.55,4.93,3.92,4.61,3.93,2.68,39,14
d_F88R_M255I_Y217Y_S1_G17,33,0.8193,0.8401,0.9899,1,2.99,0,6.4,1,1.92,0,2.68,5.61,4.21,3.22,5.06,3.28,38,14
d_F88R_M255I_Y217Y_S1_G17,34,0.8192,0.9047,0.99,1,1.69,0,13.59,0,40.68,0,30.3,38.02,5.55,4.73,6.43,1.2,52,19
d_F88R_M255I_Y217Y_S1_G17,35,0.819,0.8386,0.9908,1,2.65,1,4.57,1,2.39,1,2.95,6.32,4.18,3.49,4.01,4.26,39,14
d_F88R_M255I_Y217Y_S1_G17,36,0.8189,0.8653,0.9929,1,3.97,1,4.54,1,3.21,1,4.91,5.98,3.64,2.73,4.3,6.16,38,14
d_F88R_M255I_Y217Y_S1_G17,37,0.8187,0.7906,0.9892,1,3.9,1,3.12,1,0.47,1,5.89,6.41,3.75,2.77,5.73,3.95,36,14
d_F88R_M255I_Y217Y_S1_G17,38,0.8187,0.8221,0.991,0,7.57,0,6.01,0,41.41,0,35.02,39.79,4.28,2.89,3.82,7.16,40,11
d_F88R_M255I_Y217Y_S1_G17,39,0.8186,0.8609,0.9867,1,2.02,0,17.94,0,32.3,0,24.38,30.86,5.29,3.74,7.29,2.33,64,20
d_F88R_M255I_Y217Y_S1_G17,4,0.8374,0.8721,0.991,1,2.34,0,16.66,0,35.19,0,25.75,33.57,4.02,6.51,9.28,2.49,43,13
d_F88R_M255I_Y217Y_S1_G17,40,0.8184,0.8024,0.9897,1,3.17,1,3.27,1,3.33,1,4.33,5.82,2.93,2.37,3.82,3.43,39,13
d_F88R_M255I_Y217Y_S1_G17,41,0.8178,0.8957,0.9892,1,2.24,0,14.93,0,41.08,0,30.77,39.88,4.24,4.33,7.47,2.02,49,16
d_F88R_M255I_Y217Y_S1_G17,42,0.8177,0.8309,0.9903,1,4.0,1,2.44,1,2.05,1,2.05,5.75,3.93,4.87,3.75,3.53,45,14
d_F88R_M255I_Y217Y_S1_G17,43,0.8174,0.9105,0.9903,1,2.85,0,18.37,0,23.72,0,12.45,20.5,6.3,6.43,10.54,0.65,36,10
d_F88R_M255I_Y217Y_S1_G17,44,0.8165,0.7666,0.985,1,4.16,0,5.88,1,3.86,0,3.1,6.97,3.95,3.34,4.34,5.11,38,13
d_F88R_M255I_Y217Y_S1_G17,45,0.8162,0.8091,0.9892,1,3.25,1,3.81,1,3.93,1,3.16,5.95,3.71,2.62,5.48,4.88,37,12
d_F88R_M255I_Y217Y_S1_G17,46,0.8162,0.8285,0.9893,0,6.54,0,12.22,0,45.17,0,37.29,43.43,2.78,3.81,5.08,6.7,31,13
d_F88R_M255I_Y217Y_S1_G17,47,0.816,0.8008,0.9892,1,3.08,1,4.49,1,1.0,1,2.66,5.55,3.9,3.52,4.43,4.36,42,12
d_F88R_M255I_Y217Y_S1_G17,48,0.8155,0.8055,0.9889,1,2.45,1,4.13,1,3.01,1,3.69,5.99,5.18,2.67,4.05,5.29,41,16
d_F88R_M255I_Y217Y_S1_G17,49,0.8149,0.8591,0.9886,1,2.2,0,16.06,0,32.59,0,22.78,30.56,4.87,5.1,6.47,2.77,41,15
d_F88R_M255I_Y217Y_S1_G17,5,0.8372,0.9135,0.9904,1,2.02,0,13.81,0,36.56,0,26.3,34.03,4.65,4.15,7.17,1.27,54,18
d_F88R_M255I_Y217Y_S1_G17,50,0.814,0.7874,0.9868,1,3.38,0,5.03,1,3.4,0,1.91,7.51,4.08,2.72,3.79,4.35,39,13
d_F88R_M255I_Y217Y_S1_G17,51,0.8132,0.8489,0.9879,0,5.87,0,15.87,1,2.12,0,2.09,6.77,5.06,1.11,6.0,5.55,33,14
d_F88R_M255I_Y217Y_S1_G17,52,0.8122,0.7744,0.9876,1,4.93,0,6.17,1,4.25,0,4.12,6.99,4.69,4.76,7.09,5.75,39,14
d_F88R_M255I_Y217Y_S1_G17,53,0.812,0.7629,0.9863,1,1.69,0,21.59,0,33.81,0,24.72,31.87,6.28,7.6,12.86,1.83,44,11
d_F88R_M255I_Y217Y_S1_G17,54,0.8099,0.7784,0.9886,0,5.04,0,5.88,1,3.28,0,2.01,5.88,3.86,3.57,3.96,2.41,41,15
d_F88R_M255I_Y217Y_S1_G17,55,0.8088,0.9118,0.9886,0,7.02,0,16.71,1,0.49,0,2.76,4.32,6.06,4.68,10.75,7.33,27,8
d_F88R_M255I_Y217Y_S1_G17,56,0.8087,0.8077,0.9895,0,5.15,1,4.16,1,2.81,1,3.36,4.82,3.1,4.47,3.8,5.14,41,14
d_F88R_M255I_Y217Y_S1_G17,57,0.8077,0.7902,0.9894,0,7.05,1,3.45,1,3.0,1,3.32,4.57,3.09,2.41,4.55,6.91,42,14
d_F88R_M255I_Y217Y_S1_G17,58,0.8058,0.8592,0.9834,0,5.97,0,11.63,1,2.62,0,3.65,4.72,7.19,3.58,8.08,7.21,36,15
d_F88R_M255I_Y217Y_S1_G17,59,0.8057,0.7574,0.9869,1,3.76,0,5.45,1,2.6,0,3.39,4.34,3.98,5.41,6.04,4.9,35,13
d_F88R_M255I_Y217Y_S1_G17,6,0.8369,0.818,0.9895,1,3.01,0,21.28,0,28.14,0,19.08,26.98,5.93,6.05,10.25,2.86,32,9
d_F88R_M255I_Y217Y_S1_G17,60,0.8057,0.7456,0.986,0,7.84,1,3.78,1,2.18,1,1.85,5.45,3.19,2.71,5.26,7.03,37,15
d_F88R_M255I_Y217Y_S1_G17,61,0.805,0.7882,0.9878,1,3.76,1,4.11,1,2.41,1,4.0,5.66,4.41,2.19,3.99,5.28,39,13
d_F88R_M255I_Y217Y_S1_G17,62,0.804,0.8459,0.9864,1,1.04,0,13.89,0,38.07,0,28.38,36.02,5.28,4.36,7.46,2.04,56,18
d_F88R_M255I_Y217Y_S1_G17,63,0.8039,0.8645,0.9886,0,5.76,0,12.09,0,23.08,0,15.12,22.76,4.34,4.02,1.73,6.09,35,13
d_F88R_M255I_Y217Y_S1_G17,64,0.8037,0.7528,0.9891,0,5.15,1,2.91,0,39.91,0,33.56,39.75,3.64,2.55,6.81,5.03,44,13
d_F88R_M255I_Y217Y_S1_G17,65,0.802,0.7726,0.9856,0,5.69,0,8.6,1,1.87,0,5.8,6.57,3.44,2.35,3.2,6.37,34,13
d_F88R_M255I_Y217Y_S1_G17,66,0.8019,0.7954,0.9853,0,5.77,0,14.21,1,3.08,0,3.03,6.25,4.73,2.72,5.11,5.18,36,13
d_F88R_M255I_Y217Y_S1_G17,67,0.8007,0.8127,0.9867,0,5.46,0,15.2,1,2.22,0,2.16,5.82,4.5,2.37,4.8,5.89,33,11
d_F88R_M255I_Y217Y_S1_G17,68,0.7999,0.8671,0.9883,1,1.58,0,14.82,0,38.54,0,30.37,36.96,4.44,5.11,6.22,0.85,58,19
d_F88R_M255I_Y217Y_S1_G17,69,0.797,0.7299,0.9861,1,2.34,1,4.45,1,2.89,1,3.64,6.05,4.62,3.65,4.63,3.31,36,10
d_F88R_M255I_Y217Y_S1_G17,7,0.8352,0.877,0.9916,1,4.42,1,4.04,1,4.39,1,3.01,6.83,2.93,4.12,2.65,6.55,40,14
d_F88R_M255I_Y217Y_S1_G17,70,0.7962,0.7898,0.9847,0,5.34,0,8.52,1,3.62,0,1.97,5.62,3.86,3.12,1.67,6.17,41,12
d_F88R_M255I_Y217Y_S1_G17,71,0.7961,0.7639,0.9892,1,4.17,1,3.33,1,1.84,1,3.52,4.88,4.54,2.25,4.82,6.63,36,13
d_F88R_M255I_Y217Y_S1_G17,72,0.7959,0.721,0.9854,1,3.52,0,6.16,1,2.92,0,3.62,4.62,3.5,3.91,4.63,5.59,35,12
d_F88R_M255I_Y217Y_S1_G17,73,0.7921,0.8716,0.9915,1,2.56,0,15.75,0,31.42,0,22.91,30.23,4.44,4.76,4.94,2.39,48,15
d_F88R_M255I_Y217Y_S1_G17,74,0.7919,0.7616,0.989,1,3.83,1,4.6,1,2.33,1,3.31,4.89,2.72,1.57,3.09,7.02,41,11
d_F88R_M255I_Y217Y_S1_G17,75,0.7912,0.7205,0.9871,1,3.21,1,4.89,1,1.94,1,4.34,4.53,3.98,2.47,3.56,4.41,46,12
d_F88R_M255I_Y217Y_S1_G17,76,0.791,0.7386,0.9883,1,3.45,0,20.34,0,30.17,0,20.82,28.68,5.64,7.55,11.61,2.66,31,11
d_F88R_M255I_Y217Y_S1_G17,77,0.7907,0.8315,0.9882,1,2.43,0,15.87,0,30.21,0,23.1,30.59,4.21,4.99,5.48,2.49,37,13
d_F88R_M255I_Y217Y_S1_G17,78,0.7877,0.7967,0.9814,1,2.77,0,18.44,0,39.68,0,29.93,37.76,5.14,4.95,7.06,1.22,39,14
d_F88R_M255I_Y217Y_S1_G17,79,0.7842,0.6841,0.9817,1,3.64,0,6.41,1,3.0,0,3.24,6.94,4.25,2.24,4.25,2.08,46,14
d_F88R_M255I_Y217Y_S1_G17,8,0.8352,0.875,0.9882,1,3.4,0,19.3,0,33.55,0,24.46,32.12,4.96,5.97,9.46,2.49,33,11
d_F88R_M255I_Y217Y_S1_G17,80,0.7837,0.7355,0.9829,0,6.47,0,15.4,1,0.7,0,2.98,4.99,4.75,1.81,5.74,6.13,30,10
d_F88R_M255I_Y217Y_S1_G17,81,0.7825,0.8424,0.9834,1,3.82,0,10.04,1,2.32,0,5.11,5.48,5.04,2.93,2.53,3.74,46,17
d_F88R_M255I_Y217Y_S1_G17,82,0.7824,0.8451,0.9861,0,6.09,0,12.74,1,3.31,0,3.37,4.59,5.83,3.38,4.86,6.29,40,16
d_F88R_M255I_Y217Y_S1_G17,83,0.7821,0.8378,0.9849,0,6.94,1,2.96,0,43.61,0,36.91,42.32,4.58,4.43,5.44,4.6,40,17
d_F88R_M255I_Y217Y_S1_G17,84,0.7819,0.7248,0.9892,1,1.51,0,20.38,0,35.27,0,26.04,33.66,6.16,3.58,9.96,2.87,38,12
d_F88R_M255I_Y217Y_S1_G17,85,0.7807,0.8628,0.988,1,2.32,0,8.54,0,42.37,0,32.58,40.8,4.14,4.57,5.81,2.29,53,12
d_F88R_M255I_Y217Y_S1_G17,86,0.7787,0.6551,0.9838,1,3.64,1,4.08,1,2.4,1,3.72,5.15,3.11,2.49,5.7,5.63,37,13
d_F88R_M255I_Y217Y_S1_G17,87,0.7768,0.6459,0.9832,1,2.04,1,2.63,1,3.38,1,3.72,4.99,4.32,2.25,5.26,4.05,32,12
d_F88R_M255I_Y217Y_S1_G17,88,0.7714,0.8045,0.9799,1,4.49,0,17.07,0,20.02,0,12.18,19.46,4.98,3.23,3.51,4.74,40,14
d_F88R_M255I_Y217Y_S1_G17,89,0.7679,0.6884,0.9872,1,2.75,0,20.03,0,30.29,0,20.99,28.89,5.03,5.26,10.69,2.77,35,11
d_F88R_M255I_Y217Y_S1_G17,9,0.8349,0.8532,0.9912,1,3.57,1,3.08,1,1.93,1,3.36,5.55,2.92,2.49,3.64,3.42,40,13
d_F88R_M255I_Y217Y_S1_G17,90,0.7674,0.6448,0.9833,1,4.72,1,4.29,1,2.0,1,3.18,6.41,4.55,2.6,3.76,6.06,41,11
d_F88R_M255I_Y217Y_S1_G17,91,0.7672,0.7264,0.9841,1,2.1,0,19.09,0,36.56,0,26.9,34.67,5.06,4.42,10.29,1.94,47,15
d_F88R_M255I_Y217Y_S1_G17,92,0.7664,0.6139,0.9825,1,3.15,0,6.48,1,3.02,0,1.79,3.9,4.53,2.95,5.94,4.5,35,15
d_F88R_M255I_Y217Y_S1_G17,93,0.7632,0.6985,0.9859,0,6.88,0,15.27,1,1.91,0,2.96,4.39,4.47,2.57,4.27,6.18,43,13
d_F88R_M255I_Y217Y_S1_G17,94,0.7593,0.5732,0.9808,1,3.3,0,12.11,0,30.79,0,22.08,29.05,3.4,2.91,5.7,2.32,36,12
d_F88R_M255I_Y217Y_S1_G17,95,0.7592,0.6935,0.9846,1,1.55,0,14.24,0,39.75,0,29.68,37.43,5.11,4.09,7.66,1.55,58,18
d_F88R_M255I_Y217Y_S1_G17,96,0.7531,0.6098,0.9836,1,3.12,0,18.62,1,0.8,0,3.1,5.08,4.35,2.6,5.26,1.56,44,15
d_F88R_M255I_Y217Y_S1_G17,97,0.7521,0.6582,0.9798,0,6.78,0,15.23,1,1.77,0,4.74,6.83,4.57,3.0,7.42,6.29,30,11
d_F88R_M255I_Y217Y_S1_G17,98,0.7381,0.623,0.9817,1,3.6,0,8.23,1,3.04,0,3.02,5.02,5.77,3.38,2.33,3.94,42,15
d_F88R_M255I_Y217Y_S1_G17,99,0.7336,0.5914,0.9785,1,2.26,0,14.05,0,38.17,0,28.21,35.92,5.31,3.94,7.29,0.78,55,18
d_F88W_M255I_Y217Y_S1_G17,0,0.8458,0.9301,0.9928,1,1.88,0,16.66,0,32.92,0,24.08,31.45,4.64,5.3,7.47,1.16,47,17
d_F88W_M255I_Y217Y_S1_G17,1,0.8456,0.8814,0.9911,1,1.68,0,19.52,0,35.16,0,25.82,33.41,5.09,3.57,10.5,2.79,40,13
d_F88W_M255I_Y217Y_S1_G17,10,0.8345,0.8426,0.9848,1,1.79,0,17.68,0,25.25,0,15.0,23.07,5.0,4.5,5.6,2.88,38,17
d_F88W_M255I_Y217Y_S1_G17,11,0.8327,0.9159,0.9906,1,4.01,0,17.55,0,24.96,0,14.5,21.4,5.93,4.4,6.03,3.56,34,13
d_F88W_M255I_Y217Y_S1_G17,12,0.8305,0.9079,0.9909,1,1.13,0,16.9,0,32.51,0,24.43,31.5,5.09,3.18,5.34,2.43,40,18
d_F88W_M255I_Y217Y_S1_G17,13,0.8293,0.8163,0.9873,1,2.82,0,17.79,0,31.34,0,22.53,30.28,4.98,4.74,10.48,2.45,38,13
d_F88W_M255I_Y217Y_S1_G17,14,0.8292,0.811,0.9866,0,6.08,0,11.59,0,20.96,0,14.33,21.62,3.09,3.5,2.56,4.83,32,12
d_F88W_M255I_Y217Y_S1_G17,15,0.8285,0.8893,0.9894,1,4.84,0,20.04,0,18.17,0,8.25,15.8,3.27,1.74,3.38,4.99,41,13
d_F88W_M255I_Y217Y_S1_G17,16,0.8285,0.901,0.9914,1,4.66,0,16.91,0,15.45,0,6.07,13.62,5.93,2.77,2.58,5.4,42,13
d_F88W_M255I_Y217Y_S1_G17,17,0.8281,0.898,0.9903,1,2.96,0,14.58,0,37.45,0,27.7,35.75,5.75,5.11,5.49,1.37,59,17
d_F88W_M255I_Y217Y_S1_G17,18,0.8275,0.9342,0.9904,1,4.21,0,15.03,0,24.26,0,13.42,21.3,4.75,2.99,2.81,2.92,37,14
d_F88W_M255I_Y217Y_S1_G17,19,0.8266,0.8343,0.9888,0,5.62,1,2.97,1,2.99,1,3.19,5.02,3.39,3.72,3.07,5.75,39,11
d_F88W_M255I_Y217Y_S1_G17,2,0.8448,0.8771,0.9911,1,1.61,0,19.64,0,33.54,0,24.82,32.22,5.25,5.99,12.32,2.36,41,9
d_F88W_M255I_Y217Y_S1_G17,20,0.8226,0.8556,0.9867,1,2.42,0,19.51,0,33.84,0,25.07,32.58,4.86,2.58,7.47,2.5,38,16
d_F88W_M255I_Y217Y_S1_G17,21,0.8217,0.8836,0.9877,1,4.03,0,17.29,0,18.83,0,9.58,16.65,4.58,2.94,2.84,3.29,43,17
d_F88W_M255I_Y217Y_S1_G17,22,0.8206,0.7963,0.9846,0,6.03,0,11.22,0,24.66,0,15.65,21.62,5.14,5.0,4.57,5.29,34,13
d_F88W_M255I_Y217Y_S1_G17,23,0.8205,0.8009,0.9876,1,4.83,0,13.66,0,16.96,0,7.17,14.17,3.74,4.89,6.85,3.77,31,8
d_F88W_M255I_Y217Y_S1_G17,24,0.8204,0.8845,0.9885,0,5.19,0,17.87,0,24.61,0,14.14,22.06,5.89,1.87,5.35,3.64,38,13
d_F88W_M255I_Y217Y_S1_G17,25,0.8198,0.856,0.9894,0,5.83,0,18.08,0,18.45,0,8.72,16.27,3.7,4.73,5.84,4.75,35,14
d_F88W_M255I_Y217Y_S1_G17,26,0.8177,0.7925,0.9867,0,6.56,0,16.59,0,15.89,0,6.17,13.88,5.08,3.52,4.21,6.74,26,9
d_F88W_M255I_Y217Y_S1_G17,27,0.8172,0.883,0.9887,1,4.71,0,17.06,0,25.31,0,14.51,21.74,5.22,4.83,5.44,2.91,48,17
d_F88W_M255I_Y217Y_S1_G17,28,0.8171,0.8195,0.9889,0,5.87,1,2.23,1,2.6,1,2.57,4.97,2.89,3.17,5.23,6.43,35,12
d_F88W_M255I_Y217Y_S1_G17,29,0.8168,0.8092,0.988,0,6.01,0,14.52,0,17.47,0,7.96,14.91,4.77,4.16,5.49,6.02,19,7
d_F88W_M255I_Y217Y_S1_G17,3,0.8428,0.8477,0.9905,0,6.23,0,14.51,0,9.79,0,3.16,10.13,2.23,2.3,2.95,7.48,43,14
d_F88W_M255I_Y217Y_S1_G17,30,0.8167,0.8306,0.9903,0,5.24,0,14.85,0,14.74,0,6.72,13.95,2.15,2.75,3.99,5.96,25,6
d_F88W_M255I_Y217Y_S1_G17,31,0.8159,0.8574,0.9869,0,5.54,0,14.68,0,18.04,0,9.03,15.47,3.37,3.1,4.83,5.42,42,12
d_F88W_M255I_Y217Y_S1_G17,32,0.8154,0.8156,0.9885,1,4.73,0,12.07,0,10.12,0,3.3,10.4,1.83,1.49,3.52,6.17,39,10
d_F88W_M255I_Y217Y_S1_G17,33,0.8151,0.7655,0.9872,0,6.56,0,11.6,0,14.93,0,6.01,12.29,4.84,3.85,2.74,6.25,31,9
d_F88W_M255I_Y217Y_S1_G17,34,0.8145,0.8534,0.9914,1,1.25,0,16.66,0,41.03,0,31.35,39.36,6.03,6.74,9.48,2.21,47,13
d_F88W_M255I_Y217Y_S1_G17,35,0.8138,0.7689,0.9873,1,2.67,0,20.57,0,32.24,0,24.07,31.43,5.35,7.28,11.45,2.61,35,11
d_F88W_M255I_Y217Y_S1_G17,36,0.8133,0.7918,0.9826,1,2.5,0,17.2,0,22.14,0,12.8,20.08,5.85,5.19,6.85,3.49,36,13
d_F88W_M255I_Y217Y_S1_G17,37,0.8125,0.7837,0.9877,0,5.28,1,3.25,1,2.69,1,3.73,4.96,4.81,3.96,5.07,5.7,39,12
d_F88W_M255I_Y217Y_S1_G17,38,0.8115,0.839,0.9851,1,4.08,0,17.61,0,22.77,0,13.65,20.99,4.67,5.43,8.5,3.53,34,14
d_F88W_M255I_Y217Y_S1_G17,39,0.8111,0.7749,0.9844,1,3.87,0,19.63,0,26.89,0,20.36,26.16,1.87,4.19,6.6,1.45,47,12
d_F88W_M255I_Y217Y_S1_G17,4,0.8411,0.8657,0.9902,0,5.83,0,11.54,0,24.42,0,15.59,21.8,3.61,2.74,4.4,4.38,37,12
d_F88W_M255I_Y217Y_S1_G17,40,0.8108,0.8474,0.9883,0,5.62,0,23.48,0,24.8,0,15.02,23.75,2.74,3.64,6.31,6.17,34,12
d_F88W_M255I_Y217Y_S1_G17,41,0.8107,0.8158,0.9878,0,6.73,0,17.74,1,0.86,0,3.31,4.7,3.1,2.2,4.23,7.37,40,12
d_F88W_M255I_Y217Y_S1_G17,42,0.8105,0.879,0.9868,0,5.45,0,14.88,1,2.56,0,2.4,4.37,4.46,4.9,6.29,4.23,40,16
d_F88W_M255I_Y217Y_S1_G17,43,0.8105,0.8818,0.9877,1,4.12,0,17.33,0,21.42,0,12.34,19.61,5.06,3.49,5.15,3.74,31,13
d_F88W_M255I_Y217Y_S1_G17,44,0.8101,0.8256,0.9862,1,4.33,0,15.46,0,18.49,0,8.84,16.37,2.91,4.61,4.56,5.23,40,15
d_F88W_M255I_Y217Y_S1_G17,45,0.8093,0.8608,0.9886,0,6.68,0,16.22,0,17.14,0,7.61,14.0,4.81,5.36,5.97,6.0,40,14
d_F88W_M255I_Y217Y_S1_G17,46,0.8089,0.7723,0.9863,0,7.86,1,3.2,1,3.22,1,5.14,6.46,2.47,5.51,4.44,7.24,39,13
d_F88W_M255I_Y217Y_S1_G17,47,0.8081,0.8535,0.9894,1,3.24,0,18.44,0,24.58,0,13.74,21.56,6.24,2.79,4.1,2.11,43,15
d_F88W_M255I_Y217Y_S1_G17,48,0.8074,0.8468,0.9878,0,7.08,0,22.11,0,21.02,0,12.44,21.0,2.93,3.4,3.04,5.98,29,12
d_F88W_M255I_Y217Y_S1_G17,49,0.8064,0.7961,0.9833,0,5.69,0,20.7,0,24.79,0,17.32,24.37,5.3,2.89,4.81,6.24,35,16
d_F88W_M255I_Y217Y_S1_G17,5,0.8408,0.8945,0.9875,1,2.69,0,17.77,0,23.64,0,13.19,20.62,6.38,4.73,5.87,2.08,42,19
d_F88W_M255I_Y217Y_S1_G17,50,0.8063,0.823,0.9841,1,4.82,0,9.46,1,0.8,0,2.56,3.85,5.37,2.84,4.35,3.26,45,18
d_F88W_M255I_Y217Y_S1_G17,51,0.8052,0.8375,0.9884,1,1.45,0,18.65,0,34.68,0,25.96,33.23,4.52,1.74,5.95,2.63,40,15
d_F88W_M255I_Y217Y_S1_G17,52,0.8048,0.7922,0.9892,0,7.25,1,3.18,1,2.97,1,2.78,4.58,4.32,5.42,3.85,6.72,35,13
d_F88W_M255I_Y217Y_S1_G17,53,0.8042,0.7828,0.9878,1,2.04,0,19.58,0,32.64,0,23.5,31.31,5.51,6.7,11.49,2.54,30,10
d_F88W_M255I_Y217Y_S1_G17,54,0.8041,0.752,0.9877,0,7.08,0,15.11,0,15.12,0,5.77,13.8,4.88,3.63,4.73,6.27,23,9
d_F88W_M255I_Y217Y_S1_G17,55,0.8041,0.8515,0.9893,0,5.17,0,16.89,0,23.73,0,13.27,21.04,4.71,3.72,2.91,3.57,33,15
d_F88W_M255I_Y217Y_S1_G17,56,0.8022,0.8359,0.9881,1,2.05,0,13.23,0,33.73,0,25.26,32.8,5.32,2.96,5.03,2.58,52,16
d_F88W_M255I_Y217Y_S1_G17,57,0.8016,0.7715,0.9863,1,1.33,0,18.21,0,32.6,0,23.67,31.15,3.48,0.98,5.39,2.13,43,16
d_F88W_M255I_Y217Y_S1_G17,58,0.8012,0.8064,0.9871,0,7.66,0,15.17,0,16.47,0,6.23,13.88,3.91,2.7,5.76,6.45,36,12
d_F88W_M255I_Y217Y_S1_G17,59,0.7997,0.7939,0.9865,1,1.86,0,14.54,0,40.64,0,32.65,38.63,6.23,4.76,7.55,2.4,54,19
d_F88W_M255I_Y217Y_S1_G17,6,0.837,0.9503,0.9928,1,4.6,0,13.8,0,27.28,0,17.51,25.24,3.51,2.83,2.59,2.7,41,14
d_F88W_M255I_Y217Y_S1_G17,60,0.799,0.822,0.9874,1,4.02,0,16.48,0,14.85,0,5.56,12.44,4.87,3.29,6.0,4.79,41,14
d_F88W_M255I_Y217Y_S1_G17,61,0.7985,0.7916,0.9864,1,1.86,0,16.76,0,32.64,0,24.89,31.33,4.18,2.67,5.59,0.25,50,18
d_F88W_M255I_Y217Y_S1_G17,62,0.7976,0.8128,0.9842,1,4.18,0,15.14,0,16.88,0,8.31,15.26,5.21,2.69,4.21,3.28,42,12
d_F88W_M255I_Y217Y_S1_G17,63,0.7967,0.7769,0.987,0,5.03,1,2.38,1,2.54,1,4.41,5.5,3.33,3.33,3.43,6.33,41,12
d_F88W_M255I_Y217Y_S1_G17,64,0.7967,0.8471,0.9872,1,2.22,0,14.63,0,41.34,0,31.62,39.76,5.41,3.8,6.45,0.51,58,16
d_F88W_M255I_Y217Y_S1_G17,65,0.7967,0.7269,0.987,0,5.65,1,3.09,1,2.62,1,2.44,4.54,4.57,4.36,3.9,7.77,35,12
d_F88W_M255I_Y217Y_S1_G17,66,0.7967,0.7634,0.9855,0,6.54,1,2.91,1,2.55,1,3.32,6.62,4.75,3.36,2.05,7.0,41,13
d_F88W_M255I_Y217Y_S1_G17,67,0.7955,0.8322,0.9872,0,6.58,0,16.4,0,16.33,0,8.6,14.76,3.56,3.28,5.76,6.7,40,13
d_F88W_M255I_Y217Y_S1_G17,68,0.7934,0.749,0.9823,0,5.71,0,17.83,0,24.3,0,14.1,21.26,6.42,4.33,5.3,5.08,37,15
d_F88W_M255I_Y217Y_S1_G17,69,0.7929,0.7166,0.9843,0,6.78,0,9.05,0,14.04,0,3.78,11.12,2.81,2.9,4.75,6.56,29,9
d_F88W_M255I_Y217Y_S1_G17,7,0.8356,0.8978,0.9898,0,5.42,0,21.23,0,25.02,0,15.42,21.85,2.88,2.94,2.41,3.87,35,15
d_F88W_M255I_Y217Y_S1_G17,70,0.7919,0.7638,0.9821,1,4.93,0,16.39,0,18.86,0,9.37,16.97,4.58,3.44,1.87,5.42,35,13
d_F88W_M255I_Y217Y_S1_G17,71,0.7901,0.7492,0.9857,1,1.48,0,21.48,0,30.69,0,21.78,29.18,4.58,5.47,4.5,2.88,44,18
d_F88W_M255I_Y217Y_S1_G17,72,0.7892,0.7101,0.9865,0,5.48,0,8.91,0,24.33,0,14.61,21.75,5.19,4.03,4.81,3.51,29,14
d_F88W_M255I_Y217Y_S1_G17,73,0.7885,0.8199,0.9873,1,3.15,0,14.89,0,24.63,0,14.0,22.62,6.28,3.35,4.92,2.67,34,14
d_F88W_M255I_Y217Y_S1_G17,74,0.7882,0.7205,0.9874,0,7.09,1,3.92,1,3.17,1,1.47,3.74,3.59,2.81,3.14,7.16,45,14
d_F88W_M255I_Y217Y_S1_G17,75,0.7876,0.728,0.9873,0,6.23,1,3.77,1,2.5,1,3.1,5.14,2.83,3.7,3.07,7.2,34,13
d_F88W_M255I_Y217Y_S1_G17,76,0.7874,0.7167,0.9847,0,6.19,1,2.92,1,3.24,1,2.57,4.81,3.85,2.14,4.45,5.8,43,13
d_F88W_M255I_Y217Y_S1_G17,77,0.7871,0.7107,0.9843,1,4.52,0,10.7,0,24.98,0,14.35,21.98,4.33,3.49,2.83,4.09,43,11
d_F88W_M255I_Y217Y_S1_G17,78,0.7871,0.7049,0.9829,0,6.75,0,15.99,0,16.01,0,5.89,13.76,6.63,3.64,3.49,6.77,36,13
d_F88W_M255I_Y217Y_S1_G17,79,0.7869,0.7288,0.9853,1,4.88,1,3.85,1,4.48,1,3.22,7.28,4.49,3.39,3.74,5.38,41,12
d_F88W_M255I_Y217Y_S1_G17,8,0.8354,0.8483,0.989,1,2.8,0,10.35,0,24.12,0,13.99,21.13,4.03,2.68,4.59,3.5,35,15
d_F88W_M255I_Y217Y_S1_G17,80,0.7849,0.8062,0.9864,1,4.19,0,17.9,0,22.05,0,12.24,19.95,5.03,2.83,5.19,3.63,37,15
d_F88W_M255I_Y217Y_S1_G17,81,0.7763,0.6919,0.9873,0,8.12,1,2.54,1,2.73,1,2.56,4.65,2.24,3.07,5.08,7.52,37,11
d_F88W_M255I_Y217Y_S1_G17,82,0.7753,0.745,0.9843,0,5.57,0,8.73,0,23.91,0,13.93,21.38,5.04,4.35,2.85,4.67,37,13
d_F88W_M255I_Y217Y_S1_G17,83,0.773,0.6794,0.9841,1,3.49,0,21.87,0,24.65,0,13.78,21.64,5.45,5.14,7.12,1.0,38,12
d_F88W_M255I_Y217Y_S1_G17,84,0.7724,0.7467,0.9862,1,3.65,0,17.64,0,21.87,0,12.18,19.95,4.27,4.48,3.85,3.88,33,13
d_F88W_M255I_Y217Y_S1_G17,85,0.7644,0.6868,0.9845,1,2.18,0,15.06,0,34.59,0,25.05,33.04,5.42,4.22,6.75,1.65,52,17
d_F88W_M255I_Y217Y_S1_G17,86,0.7631,0.6923,0.9849,1,1.5,0,15.4,0,40.47,0,31.0,38.68,5.03,1.53,5.03,1.89,53,17
d_F88W_M255I_Y217Y_S1_G17,87,0.7608,0.6198,0.9788,0,5.67,0,10.5,0,24.52,0,13.98,21.59,2.6,4.44,3.53,5.83,33,12
d_F88W_M255I_Y217Y_S1_G17,88,0.7601,0.6637,0.9853,1,3.67,0,19.67,0,23.72,0,13.75,20.97,3.83,2.31,4.17,3.71,36,13
d_F88W_M255I_Y217Y_S1_G17,89,0.7591,0.6533,0.9825,1,4.1,0,18.09,0,20.82,0,11.44,18.83,4.88,1.89,2.78,3.65,31,13
d_F88W_M255I_Y217Y_S1_G17,9,0.8349,0.829,0.9895,0,5.65,0,9.71,0,23.0,0,13.38,20.6,2.93,2.64,5.05,4.86,23,8
d_F88W_M255I_Y217Y_S1_G17,90,0.7567,0.6061,0.9798,1,3.62,0,22.65,0,24.34,0,15.2,21.38,5.42,2.44,2.83,3.51,32,11
d_F88W_M255I_Y217Y_S1_G17,91,0.756,0.606,0.9804,0,6.18,0,16.69,0,17.78,0,7.37,14.98,2.98,4.51,3.58,6.94,43,11
d_F88W_M255I_Y217Y_S1_G17,92,0.7452,0.57,0.9866,1,3.39,0,17.26,0,32.0,0,23.26,31.72,5.05,5.32,6.58,3.05,41,16
d_F88W_M255I_Y217Y_S1_G17,93,0.7439,0.5771,0.985,1,2.08,0,16.47,0,22.83,0,13.46,21.09,5.41,5.31,7.28,2.42,49,18
d_F88W_M255I_Y217Y_S1_G17,94,0.7415,0.5933,0.9852,1,1.9,0,16.59,0,32.17,0,24.02,31.34,4.26,3.29,3.67,2.72,43,15
d_F88W_M255I_Y217Y_S1_G17,95,0.7402,0.5455,0.9831,0,5.6,0,13.59,0,47.39,0,39.8,45.48,4.76,3.28,7.16,6.33,33,15
d_F88W_M255I_Y217Y_S1_G17,96,0.7394,0.5643,0.9749,0,5.06,0,12.78,0,22.56,0,13.97,20.2,4.9,2.54,6.94,5.44,23,14
d_F88W_M255I_Y217Y_S1_G17,97,0.7386,0.6452,0.9815,0,5.15,0,13.52,0,20.57,0,14.54,20.23,5.81,3.97,4.47,5.09,34,14
d_F88W_M255I_Y217Y_S1_G17,98,0.7346,0.5578,0.9777,1,4.26,0,15.24,0,15.74,0,9.76,15.47,3.47,3.6,5.28,4.43,35,15
d_F88W_M255I_Y217Y_S1_G17,99,0.7023,0.392,0.9832,1,3.01,0,17.92,0,23.37,0,13.06,21.0,4.33,5.92,9.32,1.85,30,11
d_F88Y_M255I_Y217Y_S1_G17,0,0.8714,0.9046,0.9909,1,3.61,0,11.39,0,17.7,0,8.62,14.93,4.02,1.71,4.13,5.36,45,15
d_F88Y_M255I_Y217Y_S1_G17,1,0.8619,0.9046,0.9915,1,4.18,0,11.27,0,15.9,0,5.95,12.86,5.92,5.16,5.16,5.39,39,16
d_F88Y_M255I_Y217Y_S1_G17,10,0.8479,0.9429,0.9932,1,1.48,0,16.13,0,34.29,0,23.75,31.77,5.2,4.17,5.91,2.31,56,18
d_F88Y_M255I_Y217Y_S1_G17,11,0.8478,0.9066,0.9923,0,5.64,0,13.16,0,24.34,0,14.88,22.02,3.3,3.52,4.29,5.51,42,14
d_F88Y_M255I_Y217Y_S1_G17,12,0.8477,0.8624,0.9923,1,4.88,0,13.61,0,15.53,0,6.09,13.53,4.85,4.32,4.41,5.54,45,13
d_F88Y_M255I_Y217Y_S1_G17,13,0.8474,0.8352,0.9883,1,3.37,0,13.39,0,29.36,0,21.19,28.25,4.98,4.65,11.2,3.29,35,12
d_F88Y_M255I_Y217Y_S1_G17,14,0.8461,0.8772,0.9921,1,1.3,0,16.33,0,30.56,0,22.55,29.9,5.7,5.01,11.75,2.58,36,12
d_F88Y_M255I_Y217Y_S1_G17,15,0.846,0.9259,0.9889,1,3.83,0,20.89,1,3.37,0,3.74,5.04,6.38,6.83,13.02,4.53,30,11
d_F88Y_M255I_Y217Y_S1_G17,16,0.8456,0.8597,0.9902,0,5.36,0,14.07,0,16.25,0,5.94,13.54,4.93,2.86,4.94,5.47,39,14
d_F88Y_M255I_Y217Y_S1_G17,17,0.8442,0.9051,0.99,1,1.34,0,16.98,0,23.48,0,12.74,20.39,5.35,1.98,5.99,2.51,42,14
d_F88Y_M255I_Y217Y_S1_G17,18,0.8434,0.8286,0.9861,1,3.89,0,12.49,0,16.4,0,6.96,14.24,4.94,1.89,4.9,5.03,46,14
d_F88Y_M255I_Y217Y_S1_G17,19,0.8426,0.8549,0.991,1,1.48,0,21.03,0,32.26,0,23.61,30.95,4.43,5.36,11.61,1.93,40,10
d_F88Y_M255I_Y217Y_S1_G17,2,0.8596,0.8741,0.9881,0,6.33,0,11.78,0,15.21,0,5.4,11.87,5.51,2.64,6.55,5.89,43,15
d_F88Y_M255I_Y217Y_S1_G17,20,0.8416,0.8758,0.9881,1,2.25,0,18.46,0,31.48,0,23.39,30.44,6.04,4.19,12.41,2.71,36,13
d_F88Y_M255I_Y217Y_S1_G17,21,0.8415,0.8846,0.9888,1,1.91,0,18.81,0,32.1,0,24.01,31.15,5.25,4.91,11.5,2.65,40,13
d_F88Y_M255I_Y217Y_S1_G17,22,0.8393,0.8329,0.9896,0,5.79,0,11.96,0,16.15,0,6.34,14.15,5.53,1.5,4.34,6.04,40,14
d_F88Y_M255I_Y217Y_S1_G17,23,0.8389,0.8443,0.99,0,6.1,0,16.85,0,9.02,0,3.52,10.07,6.52,5.67,7.06,6.0,28,11
d_F88Y_M255I_Y217Y_S1_G17,24,0.8381,0.8773,0.9876,0,5.62,0,10.47,0,7.97,0,3.41,9.74,3.83,3.14,3.75,5.77,47,16
d_F88Y_M255I_Y217Y_S1_G17,25,0.8358,0.8093,0.9882,1,4.4,1,2.57,1,3.32,1,2.81,6.48,3.22,3.3,1.9,2.72,43,14
d_F88Y_M255I_Y217Y_S1_G17,26,0.8357,0.7877,0.9878,1,4.17,0,12.41,0,14.76,0,6.03,13.1,4.53,2.45,4.51,5.02,38,11
d_F88Y_M255I_Y217Y_S1_G17,27,0.8355,0.8443,0.9927,1,2.59,0,11.38,0,9.6,0,4.29,10.69,3.71,5.66,9.16,1.59,43,10
d_F88Y_M255I_Y217Y_S1_G17,28,0.8346,0.8582,0.9936,1,1.73,0,9.6,0,12.18,0,6.57,12.17,3.25,6.81,10.32,2.11,40,11
d_F88Y_M255I_Y217Y_S1_G17,29,0.8346,0.8087,0.9905,0,6.5,0,11.24,0,15.47,0,6.95,15.56,6.49,3.43,1.2,5.65,37,12
d_F88Y_M255I_Y217Y_S1_G17,3,0.8581,0.9148,0.9927,1,2.88,0,19.58,0,29.43,0,19.39,27.26,5.19,5.74,11.76,2.58,35,11
d_F88Y_M255I_Y217Y_S1_G17,30,0.8345,0.8328,0.9898,1,2.1,0,18.31,0,32.67,0,24.06,31.57,5.35,4.19,11.49,2.93,44,12
d_F88Y_M255I_Y217Y_S1_G17,31,0.8342,0.856,0.9918,1,3.08,1,3.12,1,4.17,1,3.63,6.48,4.07,3.4,2.44,4.84,48,15
d_F88Y_M255I_Y217Y_S1_G17,32,0.8333,0.9249,0.9896,0,7.2,0,15.65,1,3.11,0,4.37,4.9,4.74,1.83,3.64,5.34,43,18
d_F88Y_M255I_Y217Y_S1_G17,33,0.8332,0.857,0.9917,1,3.11,1,3.77,1,2.66,1,7.44,7.64,2.4,3.18,5.34,4.23,44,14
d_F88Y_M255I_Y217Y_S1_G17,34,0.8325,0.864,0.9921,1,2.86,1,3.32,1,3.0,1,3.21,4.92,3.62,3.54,5.09,4.48,42,12
d_F88Y_M255I_Y217Y_S1_G17,35,0.8315,0.8706,0.9865,1,3.79,0,14.98,0,15.65,0,6.6,13.58,4.99,4.25,3.84,5.6,33,15
d_F88Y_M255I_Y217Y_S1_G17,36,0.8313,0.8019,0.9885,0,6.27,0,7.87,0,15.98,0,5.51,13.12,3.31,2.9,3.74,5.71,35,14
d_F88Y_M255I_Y217Y_S1_G17,37,0.8312,0.7877,0.9864,1,4.76,0,12.95,0,15.79,0,7.61,13.52,3.54,2.23,3.61,6.06,42,11
d_F88Y_M255I_Y217Y_S1_G17,38,0.8306,0.8492,0.9913,1,1.81,0,20.82,0,30.58,0,21.36,28.94,4.06,7.58,10.85,2.32,34,9
d_F88Y_M255I_Y217Y_S1_G17,39,0.8301,0.7834,0.9871,1,2.41,0,19.6,0,29.18,0,19.88,27.47,5.45,6.94,11.06,2.58,35,10
d_F88Y_M255I_Y217Y_S1_G17,4,0.8518,0.868,0.9918,0,5.99,0,13.05,0,15.46,0,5.94,13.26,5.75,3.58,2.51,5.83,34,12
d_F88Y_M255I_Y217Y_S1_G17,40,0.8296,0.808,0.988,1,1.7,0,18.82,0,31.67,0,23.96,30.2,5.61,5.88,12.11,3.08,36,12
d_F88Y_M255I_Y217Y_S1_G17,41,0.8296,0.8273,0.9892,1,2.01,0,20.58,0,30.96,0,22.92,30.79,4.9,7.45,12.64,2.81,35,10
d_F88Y_M255I_Y217Y_S1_G17,42,0.8292,0.8178,0.9853,1,2.31,0,18.41,0,30.43,0,22.22,29.37,6.15,4.25,10.52,2.1,38,11
d_F88Y_M255I_Y217Y_S1_G17,43,0.8283,0.8133,0.9889,1,3.04,1,2.48,1,0.8,1,2.76,5.29,3.52,3.68,4.13,4.12,44,14
d_F88Y_M255I_Y217Y_S1_G17,44,0.8281,0.7686,0.9853,1,1.88,0,18.51,0,28.2,0,19.65,26.85,5.23,7.97,12.82,2.89,38,11
d_F88Y_M255I_Y217Y_S1_G17,45,0.8279,0.9314,0.991,1,2.68,0,16.06,0,30.98,0,23.3,29.18,2.49,5.06,4.16,1.98,47,16
d_F88Y_M255I_Y217Y_S1_G17,46,0.827,0.8451,0.9909,1,3.4,0,12.8,0,16.25,0,6.37,13.7,5.16,2.38,2.67,4.73,39,11
d_F88Y_M255I_Y217Y_S1_G17,47,0.8266,0.8388,0.9887,0,6.53,1,2.8,1,2.42,1,3.61,4.77,1.57,4.06,2.51,6.52,44,13
d_F88Y_M255I_Y217Y_S1_G17,48,0.8246,0.8605,0.9911,0,6.52,1,3.02,1,3.04,1,5.74,6.89,3.21,4.43,3.61,5.9,43,13
d_F88Y_M255I_Y217Y_S1_G17,49,0.8243,0.8125,0.9889,1,3.1,1,2.87,1,3.61,1,2.88,5.59,4.46,2.74,2.26,4.2,41,13
d_F88Y_M255I_Y217Y_S1_G17,5,0.8516,0.8786,0.9885,1,4.68,0,11.51,0,16.48,0,7.25,13.98,4.07,3.42,5.62,6.4,36,12
d_F88Y_M255I_Y217Y_S1_G17,50,0.8235,0.852,0.9905,1,4.8,0,14.8,0,16.1,0,7.2,13.9,3.94,3.58,4.83,4.47,33,12
d_F88Y_M255I_Y217Y_S1_G17,51,0.8226,0.8082,0.9881,1,1.73,1,2.87,1,1.3,1,3.55,5.75,3.5,5.26,4.39,4.76,37,13
d_F88Y_M255I_Y217Y_S1_G17,52,0.8216,0.7812,0.9866,1,3.42,1,2.8,1,3.22,1,3.25,6.82,3.93,4.47,6.04,4.95,42,15
d_F88Y_M255I_Y217Y_S1_G17,53,0.8215,0.8564,0.9898,1,1.46,0,19.29,0,38.93,0,29.55,37.21,5.54,7.59,12.45,2.09,40,13
d_F88Y_M255I_Y217Y_S1_G17,54,0.821,0.818,0.9865,1,3.75,0,15.84,0,16.08,0,7.49,13.52,4.16,4.79,4.93,5.69,37,15
d_F88Y_M255I_Y217Y_S1_G17,55,0.8205,0.7527,0.9853,1,1.91,0,18.4,0,27.81,0,18.88,26.17,4.41,8.09,13.2,2.48,40,11
d_F88Y_M255I_Y217Y_S1_G17,56,0.8203,0.8191,0.9884,0,5.49,1,3.46,1,3.24,1,3.46,5.43,4.02,3.83,3.37,5.52,39,13
d_F88Y_M255I_Y217Y_S1_G17,57,0.819,0.7898,0.986,0,6.14,1,4.5,1,2.11,1,4.88,5.96,2.9,3.71,4.03,5.28,39,13
d_F88Y_M255I_Y217Y_S1_G17,58,0.8182,0.7898,0.9897,1,2.03,0,17.26,0,32.03,0,23.59,30.94,5.67,3.22,10.95,2.9,38,11
d_F88Y_M255I_Y217Y_S1_G17,59,0.8177,0.7722,0.9869,1,4.74,1,3.81,1,3.93,1,3.26,6.43,3.99,3.34,3.79,5.56,42,14
d_F88Y_M255I_Y217Y_S1_G17,6,0.8493,0.8773,0.9922,1,2.52,0,15.3,0,36.09,0,25.98,33.75,5.34,3.3,9.67,3.09,53,12
d_F88Y_M255I_Y217Y_S1_G17,60,0.8173,0.8044,0.9892,0,7.33,1,3.22,1,2.23,1,3.45,4.94,4.43,1.91,4.92,6.52,42,13
d_F88Y_M255I_Y217Y_S1_G17,61,0.8166,0.7936,0.9823,1,2.36,0,19.25,0,33.25,0,24.48,32.21,6.3,5.23,9.62,2.39,35,11
d_F88Y_M255I_Y217Y_S1_G17,62,0.8162,0.7974,0.9901,1,2.04,1,2.38,1,3.46,1,3.13,4.13,4.0,2.19,3.98,3.12,45,13
d_F88Y_M255I_Y217Y_S1_G17,63,0.8158,0.8547,0.9849,1,2.6,0,15.61,0,21.94,0,12.21,20.02,4.67,3.79,3.58,1.31,47,15
d_F88Y_M255I_Y217Y_S1_G17,64,0.8155,0.7983,0.9878,0,6.17,0,13.6,0,9.98,0,5.26,10.53,7.51,4.12,3.6,5.0,31,12
d_F88Y_M255I_Y217Y_S1_G17,65,0.8138,0.8262,0.9911,1,2.68,1,3.05,1,1.96,1,2.88,4.76,3.46,3.28,5.17,5.26,40,14
d_F88Y_M255I_Y217Y_S1_G17,66,0.8125,0.8043,0.9886,0,6.63,1,3.25,1,1.68,1,3.21,4.73,3.97,4.16,2.22,6.63,38,12
d_F88Y_M255I_Y217Y_S1_G17,67,0.812,0.8194,0.9876,0,5.09,0,17.23,0,14.92,0,6.01,13.79,4.09,3.64,5.79,5.4,42,13
d_F88Y_M255I_Y217Y_S1_G17,68,0.8119,0.7753,0.9865,1,2.5,0,18.86,0,35.28,0,26.26,33.66,5.65,5.91,10.91,1.96,47,13
d_F88Y_M255I_Y217Y_S1_G17,69,0.8111,0.8159,0.9908,0,6.2,1,3.27,1,2.49,1,3.65,4.54,1.83,4.39,2.97,6.47,41,14
d_F88Y_M255I_Y217Y_S1_G17,7,0.849,0.8555,0.9909,1,2.86,0,22.55,0,28.87,0,19.39,27.32,5.59,6.42,12.28,2.63,34,11
d_F88Y_M255I_Y217Y_S1_G17,70,0.8111,0.8156,0.988,0,5.22,0,17.18,0,15.95,0,6.93,13.75,4.93,2.75,6.47,4.65,38,13
d_F88Y_M255I_Y217Y_S1_G17,71,0.8103,0.8529,0.9868,1,3.45,0,20.35,1,3.2,0,1.64,5.22,6.79,6.08,13.66,3.12,33,13
d_F88Y_M255I_Y217Y_S1_G17,72,0.8094,0.8248,0.9907,1,3.81,1,4.43,1,0.45,1,2.74,4.6,3.59,2.65,4.47,4.53,42,12
d_F88Y_M255I_Y217Y_S1_G17,73,0.8066,0.8511,0.9869,1,1.6,0,15.69,0,37.49,0,27.61,35.42,3.08,5.54,6.61,2.79,59,17
d_F88Y_M255I_Y217Y_S1_G17,74,0.8064,0.8176,0.9894,1,4.22,1,3.37,1,3.01,1,3.23,5.93,2.72,2.87,2.5,5.49,47,13
d_F88Y_M255I_Y217Y_S1_G17,75,0.806,0.7899,0.9892,1,3.84,1,1.82,0,41.27,0,34.72,40.0,3.62,3.78,2.85,4.52,43,14
d_F88Y_M255I_Y217Y_S1_G17,76,0.8057,0.8081,0.9839,1,1.8,0,18.22,0,21.12,0,12.23,19.54,5.07,1.56,7.74,3.59,33,12
d_F88Y_M255I_Y217Y_S1_G17,77,0.8036,0.7567,0.9828,1,2.3,0,19.81,0,31.26,0,23.5,30.46,5.88,6.84,7.38,2.08,47,19
d_F88Y_M255I_Y217Y_S1_G17,78,0.7974,0.834,0.9875,1,4.95,0,17.18,1,3.02,0,1.29,5.76,2.69,1.99,3.56,6.01,41,14
d_F88Y_M255I_Y217Y_S1_G17,79,0.7973,0.7329,0.9856,0,6.14,0,8.69,0,15.86,0,5.33,12.73,4.23,3.39,2.06,4.36,35,12
d_F88Y_M255I_Y217Y_S1_G17,8,0.8484,0.8328,0.9876,1,4.65,0,11.93,0,16.89,0,6.89,14.39,3.81,3.2,6.4,5.68,41,13
d_F88Y_M255I_Y217Y_S1_G17,80,0.7936,0.7187,0.9835,0,6.29,1,3.54,1,1.84,1,2.4,5.08,3.58,3.17,2.3,6.7,36,13
d_F88Y_M255I_Y217Y_S1_G17,81,0.7926,0.7651,0.9885,0,6.96,0,15.32,1,1.79,0,2.09,5.7,4.02,3.92,5.16,5.82,42,15
d_F88Y_M255I_Y217Y_S1_G17,82,0.7924,0.7649,0.9867,1,2.22,1,2.78,1,2.65,1,3.18,4.42,3.3,2.07,3.76,4.1,45,13
d_F88Y_M255I_Y217Y_S1_G17,83,0.7917,0.7815,0.9835,0,6.39,0,11.23,0,7.02,0,5.0,9.69,5.56,3.15,3.66,6.08,43,17
d_F88Y_M255I_Y217Y_S1_G17,84,0.7878,0.7236,0.9872,0,6.66,0,9.64,0,9.69,0,3.95,11.09,4.52,3.35,1.67,5.97,28,10
d_F88Y_M255I_Y217Y_S1_G17,85,0.7876,0.7229,0.9869,1,2.83,1,2.78,1,2.21,1,3.28,5.13,3.32,3.86,4.85,3.63,41,13
d_F88Y_M255I_Y217Y_S1_G17,86,0.7857,0.7348,0.9855,0,6.68,1,3.11,1,2.73,1,3.52,4.56,4.17,3.82,2.05,6.37,39,15
d_F88Y_M255I_Y217Y_S1_G17,87,0.7826,0.785,0.9861,1,0.95,0,17.01,0,39.72,0,29.44,37.32,5.57,4.5,9.63,2.57,56,18
d_F88Y_M255I_Y217Y_S1_G17,88,0.7804,0.7071,0.9862,1,2.65,1,3.05,1,2.47,1,3.27,4.73,4.48,3.91,4.07,3.98,45,13
d_F88Y_M255I_Y217Y_S1_G17,89,0.7785,0.6893,0.984,1,3.07,1,2.39,1,4.17,1,3.6,5.24,3.05,1.98,3.15,5.28,41,13
d_F88Y_M255I_Y217Y_S1_G17,9,0.848,0.8893,0.9912,1,3.29,0,20.26,0,30.18,0,20.76,28.3,7.16,5.39,12.46,2.63,35,10
d_F88Y_M255I_Y217Y_S1_G17,90,0.7759,0.6573,0.9836,1,2.31,1,3.01,1,1.79,1,2.81,5.51,3.4,1.56,4.08,4.25,44,14
d_F88Y_M255I_Y217Y_S1_G17,91,0.7738,0.7351,0.9865,1,1.61,0,17.63,0,39.74,0,29.28,37.27,4.33,6.06,8.7,1.64,56,13
d_F88Y_M255I_Y217Y_S1_G17,92,0.7704,0.7021,0.9854,1,1.85,0,14.92,0,40.52,0,30.61,38.39,6.6,3.63,7.02,2.35,59,19
d_F88Y_M255I_Y217Y_S1_G17,93,0.7668,0.6898,0.981,0,7.14,0,17.19,0,21.75,0,12.64,20.53,4.67,3.44,3.41,5.8,40,16
d_F88Y_M255I_Y217Y_S1_G17,94,0.7656,0.5614,0.9813,1,4.68,0,13.26,0,16.06,0,6.14,13.56,4.69,2.18,3.95,4.48,38,12
d_F88Y_M255I_Y217Y_S1_G17,95,0.7598,0.6418,0.9835,0,5.6,0,10.27,1,2.74,0,8.8,8.74,2.77,4.13,5.94,5.05,36,12
d_F88Y_M255I_Y217Y_S1_G17,96,0.7556,0.6125,0.9809,1,1.04,0,17.82,0,33.51,0,24.72,32.22,6.35,4.13,8.52,2.19,43,15
d_F88Y_M255I_Y217Y_S1_G17,97,0.7541,0.6527,0.9815,0,6.6,0,5.97,0,43.27,0,36.28,41.62,2.8,4.36,4.6,6.28,41,12
d_F88Y_M255I_Y217Y_S1_G17,98,0.7438,0.5618,0.9818,0,5.05,0,18.23,0,16.41,0,7.78,15.45,6.34,3.23,5.86,4.58,33,11
d_F88Y_M255I_Y217Y_S1_G17,99,0.7193,0.5398,0.9818,1,3.28,0,14.83,0,36.53,0,26.02,34.19,5.69,2.27,5.44,1.42,47,17
sm_TrackF_F88W_S1_G17,0,0.8497,0.9237,0.9905,0,6.03,0,6.92,0,35.09,0,35.83,35.52,2.05,6.15,5.15,6.93,33,13
sm_TrackF_F88W_S1_G17,1,0.8485,0.9238,0.9888,0,6.0,0,6.45,0,36.85,0,36.94,38.18,1.75,4.9,5.56,7.15,36,14
sm_TrackF_F88W_S1_G17,10,0.8277,0.8099,0.9883,1,3.08,0,13.46,0,16.9,0,7.91,13.68,0.49,4.35,5.86,5.07,26,9
sm_TrackF_F88W_S1_G17,11,0.8273,0.8086,0.9872,1,2.01,0,25.13,0,28.56,0,21.27,28.02,1.46,7.9,12.01,3.03,28,9
sm_TrackF_F88W_S1_G17,12,0.8263,0.7988,0.9881,1,3.58,0,13.24,0,13.15,0,6.82,12.81,3.19,3.64,5.13,3.29,31,9
sm_TrackF_F88W_S1_G17,13,0.8262,0.908,0.9898,0,7.15,1,4.76,0,36.75,0,35.52,38.1,2.0,4.84,4.46,6.18,32,12
sm_TrackF_F88W_S1_G17,14,0.8252,0.8919,0.9861,1,3.59,0,16.04,0,25.47,0,16.5,23.39,1.05,4.22,4.07,4.48,32,15
sm_TrackF_F88W_S1_G17,15,0.8248,0.8951,0.9912,0,5.73,0,16.05,0,17.7,0,7.95,14.57,1.65,4.05,5.43,6.7,35,15
sm_TrackF_F88W_S1_G17,16,0.8218,0.8596,0.9867,1,4.62,0,7.44,0,32.65,0,34.41,33.3,2.35,5.37,3.83,5.92,25,11
sm_TrackF_F88W_S1_G17,17,0.8214,0.8211,0.9843,0,5.08,0,17.28,0,15.88,0,8.8,14.92,1.94,4.44,6.73,5.75,43,16
sm_TrackF_F88W_S1_G17,18,0.8214,0.7896,0.9873,1,3.13,0,17.49,0,14.78,0,8.89,15.19,3.15,2.06,5.32,5.2,35,7
sm_TrackF_F88W_S1_G17,19,0.8213,0.9093,0.9871,0,6.07,0,12.26,0,6.22,0,2.68,4.69,3.66,2.32,4.58,5.55,35,17
sm_TrackF_F88W_S1_G17,2,0.843,0.9262,0.9907,0,6.52,0,6.41,0,36.95,0,37.31,37.5,1.85,5.22,5.29,7.09,32,12
sm_TrackF_F88W_S1_G17,20,0.8208,0.8378,0.9889,1,3.93,0,20.39,0,15.87,0,7.91,14.67,1.48,5.16,5.65,3.48,34,11
sm_TrackF_F88W_S1_G17,21,0.8194,0.8855,0.9875,0,6.1,0,8.98,0,36.4,0,37.18,37.33,0.79,5.38,6.11,6.59,33,14
sm_TrackF_F88W_S1_G17,22,0.8193,0.7786,0.9858,1,0.79,0,11.76,0,29.47,0,22.06,27.88,1.63,2.8,2.22,3.05,36,11
sm_TrackF_F88W_S1_G17,23,0.818,0.8042,0.9876,0,5.33,0,16.6,0,14.42,0,6.89,12.65,2.57,3.54,7.54,5.39,29,11
sm_TrackF_F88W_S1_G17,24,0.8178,0.776,0.9839,1,1.77,0,9.76,0,29.29,0,20.97,25.8,0.71,2.96,4.96,2.75,29,10
sm_TrackF_F88W_S1_G17,25,0.8162,0.8778,0.9866,1,2.91,0,14.28,0,18.14,0,8.67,15.27,1.78,3.16,4.62,4.6,42,18
sm_TrackF_F88W_S1_G17,26,0.8157,0.8283,0.9872,1,3.84,0,17.43,0,19.07,0,9.51,14.62,3.24,3.43,5.13,3.56,23,10
sm_TrackF_F88W_S1_G17,27,0.8145,0.8886,0.986,1,3.77,0,14.54,0,24.98,0,16.04,22.31,1.69,2.44,4.74,2.78,34,14
sm_TrackF_F88W_S1_G17,28,0.8145,0.7852,0.9856,1,3.05,0,12.3,0,15.85,0,7.15,13.39,2.27,3.64,3.41,3.87,35,10
sm_TrackF_F88W_S1_G17,29,0.8142,0.8724,0.9856,1,1.85,0,11.38,0,28.95,0,20.65,28.24,1.21,2.68,2.36,2.56,51,18
sm_TrackF_F88W_S1_G17,3,0.8401,0.8961,0.987,0,6.05,0,6.39,0,32.5,0,31.9,33.69,1.76,4.44,4.78,6.37,28,11
sm_TrackF_F88W_S1_G17,30,0.8133,0.7676,0.9867,1,4.41,0,14.61,0,17.14,0,7.87,13.02,2.92,2.55,3.9,3.49,35,13
sm_TrackF_F88W_S1_G17,31,0.8132,0.8677,0.986,1,2.99,0,15.27,0,31.25,0,22.48,29.49,1.76,2.88,3.05,2.21,44,16
sm_TrackF_F88W_S1_G17,32,0.8124,0.7983,0.9891,0,5.9,1,4.16,0,28.28,0,22.31,29.25,3.53,4.35,3.57,6.27,33,13
sm_TrackF_F88W_S1_G17,33,0.812,0.8581,0.9856,1,2.91,0,14.28,0,16.35,0,8.58,15.44,2.6,2.95,5.09,4.15,36,13
sm_TrackF_F88W_S1_G17,34,0.8117,0.8218,0.9868,1,1.3,0,18.98,0,32.94,0,26.77,32.92,1.82,2.35,6.45,2.83,36,14
sm_TrackF_F88W_S1_G17,35,0.8112,0.8999,0.9893,1,3.17,0,20.97,0,18.28,0,8.89,16.15,1.04,4.91,3.91,2.74,28,11
sm_TrackF_F88W_S1_G17,36,0.8109,0.8151,0.9849,1,2.21,0,14.88,0,31.77,0,25.97,30.15,1.02,4.72,8.38,2.55,42,14
sm_TrackF_F88W_S1_G17,37,0.8103,0.7797,0.986,0,7.79,1,3.39,1,3.41,1,3.45,4.1,2.56,1.35,3.56,6.37,48,14
sm_TrackF_F88W_S1_G17,38,0.81,0.8691,0.9885,1,3.07,0,14.59,0,15.57,0,6.96,13.61,2.3,3.28,6.23,5.01,39,15
sm_TrackF_F88W_S1_G17,39,0.8099,0.7823,0.9869,0,7.61,1,2.28,1,3.92,1,3.46,2.22,1.97,4.48,3.33,7.75,39,14
sm_TrackF_F88W_S1_G17,4,0.8357,0.814,0.9887,1,3.81,0,15.94,0,19.4,0,8.4,15.3,3.09,2.61,5.41,3.04,32,10
sm_TrackF_F88W_S1_G17,40,0.8098,0.8821,0.9865,1,1.76,0,15.78,0,33.67,0,25.58,30.47,1.12,5.31,4.14,1.3,37,15
sm_TrackF_F88W_S1_G17,41,0.8096,0.7365,0.9851,1,3.8,0,15.19,0,14.45,0,6.65,12.27,3.27,5.52,4.79,3.28,32,9
sm_TrackF_F88W_S1_G17,42,0.8093,0.8532,0.9886,1,4.83,0,15.96,0,14.63,0,7.85,14.18,2.0,4.84,5.67,5.48,41,17
sm_TrackF_F88W_S1_G17,43,0.8089,0.7617,0.9865,1,3.09,1,2.32,1,2.91,1,4.26,2.13,2.63,3.07,5.8,4.19,45,13
sm_TrackF_F88W_S1_G17,44,0.8083,0.7356,0.9834,1,3.41,0,14.68,0,15.78,0,7.76,12.42,3.18,2.1,3.53,3.27,34,8
sm_TrackF_F88W_S1_G17,45,0.8066,0.8241,0.9872,0,6.73,0,16.75,0,17.05,0,6.29,12.68,1.39,5.66,6.21,6.82,36,15
sm_TrackF_F88W_S1_G17,46,0.8065,0.7765,0.9873,1,3.23,1,3.13,1,1.28,1,2.55,3.28,2.71,3.53,3.86,4.3,41,13
sm_TrackF_F88W_S1_G17,47,0.8059,0.7656,0.9846,0,5.22,0,14.73,0,17.98,0,8.43,15.43,0.58,4.76,3.5,5.69,23,9
sm_TrackF_F88W_S1_G17,48,0.8059,0.7499,0.9864,1,1.94,0,10.06,0,30.09,0,22.98,27.92,1.29,2.08,5.13,2.81,27,9
sm_TrackF_F88W_S1_G17,49,0.8055,0.8524,0.986,1,4.57,0,13.98,0,14.89,0,6.49,12.57,1.09,2.97,2.64,4.18,42,16
sm_TrackF_F88W_S1_G17,5,0.8346,0.8956,0.9907,1,3.62,0,18.18,0,15.3,0,9.41,16.23,3.03,3.85,6.59,5.07,34,12
sm_TrackF_F88W_S1_G17,50,0.8052,0.8119,0.9861,1,3.96,0,18.12,0,18.39,0,10.18,16.67,3.16,3.54,6.51,3.37,36,14
sm_TrackF_F88W_S1_G17,51,0.8051,0.8595,0.986,1,3.42,0,17.87,0,22.19,0,13.51,19.09,2.42,2.43,3.41,3.55,31,14
sm_TrackF_F88W_S1_G17,52,0.8049,0.7605,0.9841,1,3.43,0,18.73,0,17.61,0,7.23,13.23,2.96,4.39,4.07,3.14,36,11
sm_TrackF_F88W_S1_G17,53,0.8046,0.8643,0.9868,1,3.22,0,15.2,0,16.65,0,8.69,14.5,3.54,4.63,6.35,3.62,50,14
sm_TrackF_F88W_S1_G17,54,0.8045,0.7781,0.9864,1,3.73,1,3.45,1,2.96,1,2.65,6.4,2.82,3.32,6.0,5.27,38,13
sm_TrackF_F88W_S1_G17,55,0.8043,0.7582,0.9848,1,3.97,0,16.34,0,19.77,0,9.7,16.99,1.95,2.95,3.85,2.96,30,13
sm_TrackF_F88W_S1_G17,56,0.8039,0.8712,0.9856,0,5.74,0,14.58,0,11.16,0,6.57,12.6,1.53,4.68,6.26,6.0,31,16
sm_TrackF_F88W_S1_G17,57,0.8037,0.7865,0.9875,1,2.02,1,3.73,1,3.18,1,5.8,8.82,2.67,4.71,3.35,3.62,40,11
sm_TrackF_F88W_S1_G17,58,0.803,0.8587,0.9852,1,3.6,0,17.34,0,23.2,0,14.49,20.72,3.36,5.53,5.15,3.3,43,16
sm_TrackF_F88W_S1_G17,59,0.8029,0.7478,0.9858,0,6.14,1,2.43,1,3.08,1,3.77,7.88,2.67,3.61,5.1,6.68,37,12
sm_TrackF_F88W_S1_G17,6,0.8326,0.9294,0.99,1,4.24,0,12.16,0,31.61,0,22.52,29.28,0.88,2.14,1.47,1.96,38,18
sm_TrackF_F88W_S1_G17,60,0.8022,0.9046,0.9896,1,3.39,0,17.1,0,29.66,0,21.19,26.87,2.09,5.04,4.05,0.83,38,14
sm_TrackF_F88W_S1_G17,61,0.801,0.7328,0.984,1,3.4,0,16.84,0,19.61,0,10.18,16.68,3.54,3.92,7.87,4.94,35,9
sm_TrackF_F88W_S1_G17,62,0.7999,0.7077,0.9832,1,3.13,0,12.39,0,21.54,0,12.56,17.77,2.35,2.58,2.76,2.5,24,9
sm_TrackF_F88W_S1_G17,63,0.7983,0.7712,0.9856,0,5.73,1,2.4,1,2.72,1,1.35,3.06,2.82,4.36,3.74,6.45,46,13
sm_TrackF_F88W_S1_G17,64,0.7963,0.8752,0.9878,0,6.71,0,12.39,1,0.81,0,2.04,2.73,1.57,2.1,3.31,5.92,36,14
sm_TrackF_F88W_S1_G17,65,0.7962,0.7244,0.9849,1,4.21,1,4.35,1,4.19,1,2.45,2.78,3.09,2.42,3.35,5.13,42,14
sm_TrackF_F88W_S1_G17,66,0.7962,0.764,0.9863,1,4.22,1,3.47,1,2.53,1,5.18,2.29,1.98,3.67,4.73,4.44,48,14
sm_TrackF_F88W_S1_G17,67,0.7921,0.737,0.985,1,3.85,0,16.57,0,13.96,0,7.58,13.95,3.64,4.79,3.8,3.5,32,10
sm_TrackF_F88W_S1_G17,68,0.7915,0.7762,0.9869,1,4.15,1,2.61,1,2.48,1,1.49,2.91,0.86,3.59,2.87,5.21,48,14
sm_TrackF_F88W_S1_G17,69,0.7906,0.7402,0.9861,1,4.14,1,2.92,0,29.43,0,23.0,30.45,0.8,1.73,3.49,5.08,34,13
sm_TrackF_F88W_S1_G17,7,0.832,0.9076,0.9881,0,6.19,1,4.63,0,36.48,0,36.04,36.8,1.59,4.88,4.97,6.41,33,14
sm_TrackF_F88W_S1_G17,70,0.7904,0.7369,0.9866,0,8.44,1,3.14,1,2.38,1,2.68,2.58,2.68,2.78,4.39,7.52,47,13
sm_TrackF_F88W_S1_G17,71,0.7872,0.7887,0.982,1,3.32,0,19.95,0,19.59,0,12.79,19.25,2.54,2.93,3.09,4.2,28,10
sm_TrackF_F88W_S1_G17,72,0.7861,0.8328,0.9847,1,2.78,0,19.44,0,21.22,0,12.62,18.49,2.43,3.93,5.82,3.93,24,10
sm_TrackF_F88W_S1_G17,73,0.786,0.7832,0.9832,1,3.28,0,14.19,0,22.94,0,15.79,20.53,2.15,3.25,1.44,3.13,43,16
sm_TrackF_F88W_S1_G17,74,0.7848,0.7997,0.9824,0,5.88,0,8.56,0,6.32,0,2.66,4.45,1.58,2.16,4.25,5.08,43,16
sm_TrackF_F88W_S1_G17,75,0.7846,0.7404,0.9794,1,3.66,0,14.31,0,19.12,0,12.28,17.5,2.2,2.81,3.46,3.95,26,8
sm_TrackF_F88W_S1_G17,76,0.7843,0.8427,0.9824,0,5.97,0,13.83,0,16.31,0,7.64,14.74,2.29,2.93,7.04,6.93,32,16
sm_TrackF_F88W_S1_G17,77,0.7829,0.7665,0.9844,1,4.29,0,13.46,0,13.56,0,7.6,14.03,2.77,2.85,4.55,5.62,46,16
sm_TrackF_F88W_S1_G17,78,0.7824,0.7467,0.9838,1,3.35,0,19.93,0,14.25,0,7.48,14.72,0.87,2.87,4.54,4.19,36,11
sm_TrackF_F88W_S1_G17,79,0.7822,0.8291,0.9863,0,7.34,0,16.26,0,19.22,0,12.12,17.92,2.04,3.33,5.99,6.52,36,12
sm_TrackF_F88W_S1_G17,8,0.8307,0.9127,0.9907,1,4.76,0,7.0,0,30.5,0,33.7,32.52,2.31,3.11,6.44,4.92,32,11
sm_TrackF_F88W_S1_G17,80,0.7816,0.762,0.9822,0,6.52,0,19.5,0,15.37,0,6.67,12.23,2.33,3.72,5.74,6.01,33,12
sm_TrackF_F88W_S1_G17,81,0.7805,0.6463,0.9793,0,5.75,0,12.7,0,19.43,0,9.56,15.48,2.0,2.5,6.86,5.11,22,12
sm_TrackF_F88W_S1_G17,82,0.778,0.7092,0.9824,1,3.75,0,17.6,0,15.96,0,8.86,15.82,3.32,3.2,4.41,3.6,35,14
sm_TrackF_F88W_S1_G17,83,0.7779,0.7165,0.9845,1,2.0,0,21.3,0,28.95,0,24.73,29.83,1.49,3.52,6.66,3.22,29,10
sm_TrackF_F88W_S1_G17,84,0.7773,0.7216,0.9844,1,3.58,1,2.6,1,1.51,1,2.35,1.59,0.43,3.5,3.1,3.77,47,14
sm_TrackF_F88W_S1_G17,85,0.7764,0.7465,0.9875,1,3.6,1,3.64,1,2.34,1,4.47,2.97,2.33,4.7,3.19,4.52,50,14
sm_TrackF_F88W_S1_G17,86,0.7741,0.7195,0.9838,1,2.84,1,3.6,0,21.71,0,15.93,22.25,1.51,3.12,3.03,2.41,42,13
sm_TrackF_F88W_S1_G17,87,0.7718,0.7588,0.983,0,7.38,0,15.47,0,22.75,0,16.44,23.11,2.55,4.86,5.57,6.88,29,11
sm_TrackF_F88W_S1_G17,88,0.7718,0.7472,0.9799,1,3.53,0,16.99,0,18.65,0,11.79,17.54,2.72,3.69,7.1,1.85,32,14
sm_TrackF_F88W_S1_G17,89,0.7703,0.7718,0.987,1,0.97,0,16.62,0,39.16,0,31.14,38.37,1.13,4.21,7.21,2.74,57,19
sm_TrackF_F88W_S1_G17,9,0.8305,0.8916,0.9874,0,6.94,0,8.78,0,31.32,0,30.93,32.3,3.54,4.19,4.39,7.33,25,11
sm_TrackF_F88W_S1_G17,90,0.7693,0.7198,0.9812,1,2.58,0,18.27,0,18.94,0,13.62,20.11,2.33,3.23,7.63,3.05,28,11
sm_TrackF_F88W_S1_G17,91,0.7677,0.6983,0.9802,1,1.68,0,18.0,0,22.11,0,12.94,18.34,2.0,4.52,6.43,3.23,36,13
sm_TrackF_F88W_S1_G17,92,0.7635,0.64,0.9819,1,4.5,0,13.31,0,15.87,0,8.45,15.25,3.39,2.48,3.83,3.57,27,11
sm_TrackF_F88W_S1_G17,93,0.7537,0.7208,0.9815,0,5.12,0,13.69,0,20.0,0,11.09,18.2,1.59,4.2,3.68,4.39,38,13
sm_TrackF_F88W_S1_G17,94,0.7501,0.726,0.9802,1,2.26,0,9.45,0,9.02,0,6.91,10.8,1.32,2.34,2.85,2.46,47,19
sm_TrackF_F88W_S1_G17,95,0.7411,0.5715,0.9719,1,2.95,0,18.2,0,20.68,0,13.3,19.66,2.57,5.66,6.8,3.71,36,12
sm_TrackF_F88W_S1_G17,96,0.7252,0.5936,0.9775,1,3.62,0,15.27,0,15.88,0,7.68,14.05,1.09,5.15,2.5,2.99,38,15
sm_TrackF_F88W_S1_G17,97,0.7232,0.6607,0.9779,1,4.08,0,15.36,0,15.16,0,10.76,14.5,3.17,2.09,5.58,3.45,40,12
sm_TrackF_F88W_S1_G17,98,0.7201,0.4953,0.975,1,4.65,0,21.99,0,24.27,0,14.45,21.58,2.64,3.91,3.29,4.15,30,12
sm_TrackF_F88W_S1_G17,99,0.6814,0.43,0.9815,1,3.22,0,16.05,0,30.57,0,21.71,28.1,2.58,3.44,7.1,1.89,49,17
sm_WT_F88W_S1_G17,0,0.8466,0.8281,0.989,1,1.75,0,23.88,0,27.09,0,21.04,25.62,1.76,3.33,11.69,3.61,35,10
sm_WT_F88W_S1_G17,1,0.8449,0.8997,0.9873,0,5.6,0,21.76,0,5.99,0,6.37,10.89,2.59,3.18,6.42,5.46,43,17
sm_WT_F88W_S1_G17,10,0.8375,0.827,0.9844,0,5.37,0,21.94,1,4.9,0,6.81,9.33,3.13,1.25,5.2,5.92,34,13
sm_WT_F88W_S1_G17,11,0.8372,0.894,0.9834,1,4.25,0,20.3,0,22.97,0,14.95,21.07,0.9,2.12,6.48,2.8,40,16
sm_WT_F88W_S1_G17,12,0.8366,0.8201,0.9869,0,5.66,1,4.07,0,42.52,0,36.72,41.06,0.95,2.37,3.48,5.29,44,14
sm_WT_F88W_S1_G17,13,0.8349,0.8455,0.9846,0,5.07,0,19.92,0,5.98,0,6.02,9.43,1.81,2.71,7.16,4.05,35,13
sm_WT_F88W_S1_G17,14,0.8336,0.8255,0.9861,0,7.05,1,4.11,0,26.04,0,26.34,27.08,1.64,1.72,5.88,5.69,30,9
sm_WT_F88W_S1_G17,15,0.8333,0.8063,0.9861,1,4.68,1,3.61,0,42.52,0,36.59,40.98,1.52,1.88,3.5,4.48,47,13
sm_WT_F88W_S1_G17,16,0.8319,0.7881,0.9847,1,4.91,1,3.65,0,43.62,0,37.27,42.25,2.57,3.13,4.48,5.36,43,13
sm_WT_F88W_S1_G17,17,0.8315,0.7902,0.9846,0,5.09,1,3.54,0,37.04,0,37.29,38.65,0.49,3.11,4.7,4.6,38,10
sm_WT_F88W_S1_G17,18,0.8299,0.8126,0.9854,0,5.53,0,15.99,0,23.99,0,22.12,24.24,1.8,2.63,3.09,5.42,39,12
sm_WT_F88W_S1_G17,19,0.8294,0.771,0.987,1,2.07,0,21.17,0,32.02,0,26.06,30.71,1.15,3.17,7.07,2.82,39,11
sm_WT_F88W_S1_G17,2,0.8445,0.834,0.9883,0,5.41,1,3.32,0,41.19,0,35.45,40.36,0.34,2.72,3.86,5.62,45,13
sm_WT_F88W_S1_G17,20,0.8293,0.7834,0.9834,0,6.87,0,16.12,0,18.89,0,12.68,18.45,2.82,1.65,6.42,7.41,31,11
sm_WT_F88W_S1_G17,21,0.8292,0.8005,0.9845,0,6.81,1,4.09,0,35.28,0,34.02,35.3,1.28,2.31,3.05,6.26,34,11
sm_WT_F88W_S1_G17,22,0.8289,0.7564,0.9816,1,3.96,0,6.78,0,22.61,0,14.86,20.1,2.41,2.09,3.67,3.44,45,13
sm_WT_F88W_S1_G17,23,0.8277,0.9233,0.9881,0,5.1,0,13.42,1,1.83,0,1.67,6.75,1.36,3.43,5.63,6.01,41,19
sm_WT_F88W_S1_G17,24,0.827,0.8246,0.9887,0,6.1,1,4.28,0,29.91,0,30.23,32.29,2.52,3.32,4.79,5.6,33,12
sm_WT_F88W_S1_G17,25,0.8246,0.8133,0.987,0,5.52,0,19.6,0,6.06,0,7.68,9.84,1.97,3.63,5.56,4.05,36,12
sm_WT_F88W_S1_G17,26,0.8245,0.8129,0.9873,0,5.79,1,3.9,0,40.42,0,34.78,39.37,2.51,1.77,4.26,5.9,43,13
sm_WT_F88W_S1_G17,27,0.8237,0.8849,0.9852,1,2.52,0,21.34,0,31.82,0,26.28,31.93,1.44,2.77,5.0,3.5,41,13
sm_WT_F88W_S1_G17,28,0.8217,0.767,0.9834,1,4.99,0,5.59,1,3.15,0,1.7,3.79,2.58,3.46,4.55,5.17,43,12
sm_WT_F88W_S1_G17,29,0.8205,0.8022,0.9846,1,4.48,0,21.12,1,4.93,0,6.4,9.24,1.34,3.77,6.29,6.31,34,13
sm_WT_F88W_S1_G17,3,0.8441,0.7874,0.9865,1,2.03,0,24.56,0,28.19,0,22.35,28.36,1.39,4.73,9.16,2.76,38,9
sm_WT_F88W_S1_G17,30,0.8199,0.754,0.9836,0,5.26,0,5.27,1,2.16,0,2.24,6.53,2.53,2.85,3.53,4.7,39,13
sm_WT_F88W_S1_G17,31,0.8178,0.8936,0.9851,1,3.88,0,12.44,1,2.61,0,1.92,5.18,2.09,3.23,5.08,4.82,40,17
sm_WT_F88W_S1_G17,32,0.8167,0.85,0.9821,1,4.84,0,15.5,1,2.07,0,1.71,6.77,2.58,2.9,7.94,5.34,36,13
sm_WT_F88W_S1_G17,33,0.8166,0.7966,0.985,1,4.77,1,2.6,0,40.75,0,38.46,40.2,1.66,2.55,5.21,4.61,37,11
sm_WT_F88W_S1_G17,34,0.8163,0.7396,0.9844,1,4.85,0,5.44,1,2.45,0,2.43,7.05,1.22,2.18,6.45,4.45,37,10
sm_WT_F88W_S1_G17,35,0.8163,0.8864,0.9824,1,4.48,0,20.37,0,18.63,0,14.94,19.75,2.25,2.62,3.37,5.8,43,16
sm_WT_F88W_S1_G17,36,0.8162,0.7576,0.9856,0,5.59,1,2.73,1,2.02,1,1.98,6.13,2.82,2.93,3.26,6.51,38,13
sm_WT_F88W_S1_G17,37,0.8157,0.8046,0.9881,1,2.38,1,3.55,1,2.49,1,2.29,6.94,2.78,3.08,3.3,5.02,42,14
sm_WT_F88W_S1_G17,38,0.8146,0.7779,0.9862,0,5.18,1,3.07,0,36.02,0,34.42,37.35,0.26,2.82,5.65,3.57,32,10
sm_WT_F88W_S1_G17,39,0.8142,0.7946,0.9862,0,7.27,0,18.07,0,5.59,0,6.58,9.8,1.75,2.57,5.38,6.17,34,12
sm_WT_F88W_S1_G17,4,0.8398,0.8515,0.9854,1,4.86,1,2.58,1,2.89,1,2.48,2.76,2.74,1.36,6.97,5.78,41,13
sm_WT_F88W_S1_G17,40,0.8132,0.7338,0.9806,1,3.22,0,26.34,0,29.6,0,23.46,29.61,1.74,5.58,11.24,2.45,39,10
sm_WT_F88W_S1_G17,41,0.8132,0.8646,0.9843,1,3.87,0,13.49,1,2.4,0,2.39,5.83,4.01,2.43,4.52,2.94,42,17
sm_WT_F88W_S1_G17,42,0.8124,0.8483,0.9818,0,5.73,0,14.83,1,3.08,0,2.21,5.38,0.73,2.07,7.36,5.95,36,12
sm_WT_F88W_S1_G17,43,0.812,0.8413,0.9847,1,1.19,0,7.45,0,27.18,0,19.86,25.72,2.95,2.66,4.39,2.66,59,19
sm_WT_F88W_S1_G17,44,0.8102,0.9128,0.9882,1,4.72,0,6.85,1,3.58,0,3.1,2.74,0.82,3.43,4.14,3.63,49,18
sm_WT_F88W_S1_G17,45,0.808,0.8195,0.9814,1,4.21,0,11.65,1,2.4,0,0.83,3.95,1.59,2.1,3.97,1.84,47,19
sm_WT_F88W_S1_G17,46,0.8065,0.8541,0.9818,1,3.94,0,14.2,1,0.27,0,2.78,6.23,1.14,0.89,8.18,4.25,35,18
sm_WT_F88W_S1_G17,47,0.8064,0.8924,0.9886,1,2.01,0,7.61,1,2.34,0,2.03,6.01,2.87,2.29,3.32,0.88,55,21
sm_WT_F88W_S1_G17,48,0.8059,0.7205,0.9839,0,5.14,0,5.11,1,3.03,0,3.3,2.04,3.02,3.39,3.38,6.07,38,12
sm_WT_F88W_S1_G17,49,0.8058,0.7452,0.9842,1,4.84,1,4.69,1,2.85,1,0.65,3.74,3.08,1.93,3.74,4.66,40,11
sm_WT_F88W_S1_G17,5,0.8397,0.7995,0.9879,1,2.15,0,22.35,0,31.29,0,24.5,29.41,2.49,5.7,12.67,3.2,40,10
sm_WT_F88W_S1_G17,50,0.8049,0.7323,0.9856,1,4.94,1,4.88,1,1.07,1,0.67,3.1,2.64,3.35,4.18,4.05,38,13
sm_WT_F88W_S1_G17,51,0.8045,0.8966,0.986,1,2.99,0,19.61,0,30.2,0,23.05,29.05,2.77,2.31,5.38,2.1,44,17
sm_WT_F88W_S1_G17,52,0.8044,0.7468,0.9836,1,4.97,1,2.89,1,2.75,1,1.57,6.8,1.66,3.27,2.23,5.75,43,13
sm_WT_F88W_S1_G17,53,0.804,0.9016,0.9902,1,3.2,0,21.45,0,32.58,0,24.96,31.14,1.8,3.3,6.68,4.17,50,18
sm_WT_F88W_S1_G17,54,0.8032,0.7651,0.9852,1,2.17,1,4.87,1,3.01,1,1.98,5.87,2.76,2.27,2.34,4.08,45,13
sm_WT_F88W_S1_G17,55,0.8017,0.8517,0.9854,1,2.11,0,19.09,0,38.7,0,30.52,36.83,1.75,1.07,5.41,0.84,50,18
sm_WT_F88W_S1_G17,56,0.8015,0.8623,0.9818,0,7.2,0,14.5,0,5.56,0,7.94,10.06,2.52,3.03,2.81,7.07,41,15
sm_WT_F88W_S1_G17,57,0.8004,0.8212,0.9848,1,1.93,0,19.41,0,39.66,0,31.05,37.38,1.82,1.12,5.0,2.42,51,17
sm_WT_F88W_S1_G17,58,0.7997,0.7879,0.9862,0,5.01,1,2.83,0,29.25,0,29.3,30.97,1.72,2.15,3.21,4.03,36,10
sm_WT_F88W_S1_G17,59,0.7993,0.7805,0.9886,0,7.89,0,13.77,0,41.63,0,36.05,40.6,2.72,3.85,6.26,6.64,32,12
sm_WT_F88W_S1_G17,6,0.8395,0.9393,0.9903,1,3.13,0,11.39,1,3.12,0,2.82,5.71,1.29,2.12,3.45,3.45,49,18
sm_WT_F88W_S1_G17,60,0.799,0.838,0.9839,1,4.42,0,13.91,1,1.97,0,2.28,7.19,0.63,2.91,7.36,4.87,36,11
sm_WT_F88W_S1_G17,61,0.7988,0.6958,0.9841,1,4.76,1,4.42,1,1.57,1,1.98,6.43,3.41,3.1,4.03,3.84,42,11
sm_WT_F88W_S1_G17,62,0.7985,0.6939,0.9828,0,8.29,0,5.49,1,2.68,0,2.38,6.01,3.81,3.31,3.07,6.76,39,12
sm_WT_F88W_S1_G17,63,0.7978,0.7576,0.9856,0,6.64,0,17.93,0,23.29,0,20.07,22.83,1.47,1.45,1.23,6.57,35,10
sm_WT_F88W_S1_G17,64,0.7975,0.7815,0.9796,1,4.5,0,14.85,1,1.63,0,1.83,3.73,1.09,2.41,7.21,5.36,37,13
sm_WT_F88W_S1_G17,65,0.7935,0.7904,0.9841,0,6.4,0,19.49,0,24.18,0,23.49,25.47,2.12,2.82,4.36,5.03,32,12
sm_WT_F88W_S1_G17,66,0.7908,0.7464,0.9779,1,3.46,0,11.45,0,21.37,0,14.22,18.93,1.47,2.98,3.62,3.44,53,19
sm_WT_F88W_S1_G17,67,0.7896,0.7031,0.9819,0,5.75,1,3.65,1,2.54,1,3.44,2.14,2.78,3.08,3.44,4.65,44,12
sm_WT_F88W_S1_G17,68,0.7883,0.8199,0.9848,1,1.96,0,19.36,0,30.04,0,23.04,29.16,1.33,3.12,4.5,2.6,49,16
sm_WT_F88W_S1_G17,69,0.7882,0.8229,0.9824,1,4.5,0,5.09,1,2.71,0,2.76,1.8,1.99,2.17,4.59,4.7,53,17
sm_WT_F88W_S1_G17,7,0.8394,0.9187,0.988,0,7.0,0,13.4,1,2.35,0,1.3,2.68,2.54,1.79,5.41,4.47,48,20
sm_WT_F88W_S1_G17,70,0.7872,0.7729,0.9876,1,3.43,0,14.72,0,41.38,0,35.98,40.62,1.85,8.25,11.18,1.77,43,17
sm_WT_F88W_S1_G17,71,0.7861,0.7157,0.982,0,5.37,1,3.52,1,3.17,1,1.8,6.04,3.05,3.28,3.32,5.34,39,13
sm_WT_F88W_S1_G17,72,0.7843,0.7423,0.9777,0,5.37,0,6.95,1,2.02,0,1.96,4.22,0.59,2.69,4.87,4.41,41,17
sm_WT_F88W_S1_G17,73,0.7839,0.8135,0.9809,1,4.69,0,12.89,1,4.9,0,6.52,8.44,0.65,3.58,7.29,4.77,39,16
sm_WT_F88W_S1_G17,74,0.7823,0.6994,0.9829,0,5.97,0,21.8,1,4.41,0,6.69,8.08,2.64,1.86,4.23,4.54,36,13
sm_WT_F88W_S1_G17,75,0.7822,0.6672,0.9771,1,4.28,1,2.7,0,25.58,0,25.02,28.53,1.98,3.39,5.52,5.36,34,12
sm_WT_F88W_S1_G17,76,0.7821,0.7943,0.9839,1,4.33,0,14.2,1,0.55,0,1.67,2.48,2.91,2.54,8.26,5.27,32,14
sm_WT_F88W_S1_G17,77,0.7813,0.6952,0.9843,1,3.46,1,4.53,1,2.8,1,2.48,6.53,2.38,3.14,3.38,5.58,44,12
sm_WT_F88W_S1_G17,78,0.7804,0.785,0.9821,1,2.35,0,17.77,0,37.58,0,29.33,34.78,2.48,1.84,5.74,2.18,53,17
sm_WT_F88W_S1_G17,79,0.7791,0.6867,0.9814,0,6.44,0,19.18,0,17.57,0,13.96,18.32,1.83,1.7,5.71,6.45,34,13
sm_WT_F88W_S1_G17,8,0.8391,0.803,0.987,1,1.96,0,14.58,0,26.89,0,20.32,25.21,1.65,3.47,6.75,2.46,39,12
sm_WT_F88W_S1_G17,80,0.7772,0.7529,0.9797,1,3.72,0,13.99,1,1.12,0,2.94,5.69,0.89,3.06,8.96,4.92,32,10
sm_WT_F88W_S1_G17,81,0.7766,0.6731,0.9783,0,6.31,0,15.15,1,2.99,0,1.12,4.42,2.41,4.0,5.29,5.06,32,14
sm_WT_F88W_S1_G17,82,0.7738,0.6404,0.9788,0,5.74,1,3.42,1,2.35,1,1.96,7.19,2.36,3.67,4.21,5.84,41,13
sm_WT_F88W_S1_G17,83,0.7721,0.6934,0.9785,1,2.66,0,10.53,0,39.2,0,31.22,37.36,2.94,2.34,3.65,1.05,59,16
sm_WT_F88W_S1_G17,84,0.7685,0.7834,0.9862,0,5.93,0,14.1,1,3.16,0,1.47,5.0,2.1,2.41,4.82,4.76,45,15
sm_WT_F88W_S1_G17,85,0.7683,0.7447,0.9794,1,4.14,0,13.15,1,0.75,0,0.47,4.83,1.44,2.68,7.9,4.74,34,15
sm_WT_F88W_S1_G17,86,0.7672,0.7268,0.9832,1,1.9,0,19.44,0,37.68,0,29.23,34.7,1.71,2.5,4.5,2.08,47,19
sm_WT_F88W_S1_G17,87,0.7658,0.6232,0.979,0,5.45,0,18.96,0,23.04,0,19.8,22.72,2.97,1.96,3.55,4.62,34,11
sm_WT_F88W_S1_G17,88,0.7653,0.7219,0.9839,1,2.28,0,7.77,1,2.34,0,2.09,7.08,3.52,1.27,2.7,2.22,62,20
sm_WT_F88W_S1_G17,89,0.7641,0.6496,0.9783,1,4.11,0,13.45,1,0.65,0,1.78,3.61,2.13,1.68,7.97,5.26,32,10
sm_WT_F88W_S1_G17,9,0.8386,0.817,0.9859,1,3.84,0,15.13,0,30.13,0,22.78,28.77,1.8,2.17,7.32,3.77,44,11
sm_WT_F88W_S1_G17,90,0.7608,0.5887,0.9785,1,3.71,0,7.39,1,2.21,0,1.34,4.83,2.02,2.74,4.01,5.65,38,12
sm_WT_F88W_S1_G17,91,0.7593,0.568,0.9814,1,2.54,0,12.25,0,35.53,0,27.58,33.26,3.0,5.8,11.72,1.97,41,11
sm_WT_F88W_S1_G17,92,0.7586,0.7289,0.9827,1,3.2,0,19.74,0,37.79,0,29.1,34.98,1.48,3.27,5.38,1.89,51,19
sm_WT_F88W_S1_G17,93,0.7537,0.7108,0.9754,0,6.37,1,4.44,1,1.89,1,2.18,6.71,2.53,1.94,3.23,6.54,48,21
sm_WT_F88W_S1_G17,94,0.7532,0.6575,0.9796,0,6.41,0,10.33,1,0.93,0,0.9,4.57,2.65,3.63,5.52,4.65,39,13
sm_WT_F88W_S1_G17,95,0.7407,0.62,0.982,1,4.26,0,13.44,0,41.77,0,36.15,40.36,1.39,3.41,5.93,4.87,35,12
sm_WT_F88W_S1_G17,96,0.7403,0.5832,0.9754,0,5.51,0,16.14,1,2.28,0,1.59,3.03,2.4,2.64,8.16,5.4,29,13
sm_WT_F88W_S1_G17,97,0.7327,0.5905,0.9762,0,5.6,0,12.92,1,2.34,0,1.03,6.76,0.56,3.04,3.39,3.71,48,18
sm_WT_F88W_S1_G17,98,0.7307,0.6275,0.9753,1,3.29,0,5.63,1,2.68,0,0.86,5.54,1.12,2.38,3.48,2.39,48,19
sm_WT_F88W_S1_G17,99,0.7294,0.5705,0.9771,1,3.04,0,18.09,0,18.36,0,13.56,18.28,1.48,1.46,6.2,4.07,47,15
w_RDP2_S1_G17,0,0.8397,0.8032,0.9903,1,2.71,0,19.1,0,36.5,0,28.45,34.63,2.48,4.78,11.93,1.88,32,11
w_RDP2_S1_G17,1,0.8365,0.7608,0.9876,1,1.32,0,21.34,0,37.86,0,29.08,35.03,3.11,5.08,8.05,3.32,33,11
w_RDP2_S1_G17,10,0.8229,0.9132,0.9908,1,1.56,0,23.19,0,35.4,0,27.57,34.27,3.16,5.74,9.12,2.12,33,11
w_RDP2_S1_G17,11,0.8223,0.8734,0.9907,1,4.19,0,6.57,0,40.71,0,34.37,39.67,3.05,3.36,6.16,2.62,50,18
w_RDP2_S1_G17,12,0.8217,0.9162,0.9901,1,1.2,0,22.06,0,38.48,0,30.73,37.01,2.9,5.62,8.65,2.01,42,13
w_RDP2_S1_G17,13,0.8211,0.8794,0.9897,1,3.4,1,2.05,0,46.93,0,38.55,43.94,2.28,3.42,5.01,1.25,53,16
w_RDP2_S1_G17,14,0.8195,0.7784,0.9866,1,1.97,0,10.23,0,36.34,0,28.79,35.61,2.62,4.29,7.09,3.16,34,13
w_RDP2_S1_G17,15,0.8184,0.8939,0.985,0,5.38,0,6.41,0,15.35,0,13.08,20.12,2.19,1.86,6.2,6.4,24,12
w_RDP2_S1_G17,16,0.8183,0.8848,0.9853,1,3.8,0,18.16,0,5.62,0,2.98,9.94,2.72,5.04,6.88,6.31,23,12
w_RDP2_S1_G17,17,0.8182,0.9271,0.9911,1,3.95,0,23.17,0,35.38,0,28.46,35.35,1.39,4.85,7.2,2.89,36,13
w_RDP2_S1_G17,18,0.8163,0.8778,0.9878,0,5.87,0,18.28,1,4.99,0,2.38,10.08,1.05,2.86,7.81,6.16,19,9
w_RDP2_S1_G17,19,0.8155,0.8542,0.9893,1,2.48,1,3.31,0,42.92,0,34.15,39.92,1.57,3.18,6.67,1.49,45,16
w_RDP2_S1_G17,2,0.8362,0.8007,0.9904,1,2.46,0,11.97,0,29.96,0,23.62,30.11,1.43,3.62,4.56,2.69,36,9
w_RDP2_S1_G17,20,0.8153,0.914,0.9888,1,3.49,1,4.02,0,15.72,0,11.66,20.09,1.86,3.35,7.85,4.65,29,12
w_RDP2_S1_G17,21,0.8152,0.8785,0.9902,1,2.5,1,3.01,0,49.13,0,40.6,45.59,0.96,3.07,7.64,3.14,51,16
w_RDP2_S1_G17,22,0.813,0.9163,0.9881,1,2.23,0,22.94,0,30.83,0,26.44,33.42,4.15,4.15,7.27,1.98,27,12
w_RDP2_S1_G17,23,0.8127,0.7338,0.989,1,1.54,0,17.43,0,39.43,0,31.36,37.15,3.83,5.15,11.65,2.87,35,10
w_RDP2_S1_G17,24,0.8127,0.8842,0.9884,1,2.41,0,23.73,0,36.26,0,28.43,35.02,3.31,6.12,9.49,3.16,32,9
w_RDP2_S1_G17,25,0.8125,0.718,0.9888,1,1.96,0,13.41,0,41.07,0,32.05,37.95,3.03,5.85,12.74,1.17,42,12
w_RDP2_S1_G17,26,0.8119,0.8993,0.9905,1,2.0,0,23.49,0,38.36,0,30.6,37.32,4.58,6.04,8.93,2.56,31,11
w_RDP2_S1_G17,27,0.8113,0.9283,0.99,1,3.32,0,22.93,0,30.19,0,25.39,31.6,1.22,4.59,6.1,1.79,29,12
w_RDP2_S1_G17,28,0.8113,0.7431,0.9876,1,0.92,0,16.25,0,39.95,0,32.13,38.43,5.13,6.67,12.4,2.21,38,12
w_RDP2_S1_G17,29,0.8112,0.8556,0.9843,0,5.01,0,5.21,1,3.07,0,3.27,3.55,2.67,2.89,6.25,6.12,30,14
w_RDP2_S1_G17,3,0.8331,0.7695,0.9881,1,2.16,0,18.2,0,37.09,0,29.55,35.77,2.66,3.79,8.92,3.25,33,10
w_RDP2_S1_G17,30,0.811,0.871,0.9853,0,8.06,0,19.48,0,5.03,0,2.45,9.49,1.55,2.14,7.83,8.17,19,10
w_RDP2_S1_G17,31,0.8106,0.7193,0.9863,1,1.75,0,19.72,0,38.1,0,30.04,36.18,2.38,6.34,11.81,2.41,29,9
w_RDP2_S1_G17,32,0.8093,0.9139,0.989,1,4.36,0,7.35,0,15.9,0,11.93,20.65,2.37,2.94,8.93,5.05,24,11
w_RDP2_S1_G17,33,0.8067,0.7237,0.9903,1,1.9,0,15.02,0,40.67,0,33.58,39.1,4.04,4.88,11.7,2.17,37,11
w_RDP2_S1_G17,34,0.8057,0.8235,0.9829,1,4.01,0,7.13,0,23.2,0,14.47,19.67,1.96,2.62,6.74,5.98,30,11
w_RDP2_S1_G17,35,0.8055,0.8996,0.9876,0,6.0,0,6.9,1,3.05,0,3.25,7.8,2.48,3.87,5.74,6.12,32,12
w_RDP2_S1_G17,36,0.8053,0.6805,0.986,1,1.95,0,20.19,0,37.11,0,29.01,35.95,3.78,5.96,12.12,2.75,27,9
w_RDP2_S1_G17,37,0.8048,0.8646,0.983,0,5.96,1,3.83,1,2.01,1,2.64,3.23,1.65,3.46,5.77,6.25,34,15
w_RDP2_S1_G17,38,0.8033,0.8465,0.9871,1,2.17,1,2.54,0,44.42,0,37.35,42.71,1.03,3.42,5.69,3.15,48,15
w_RDP2_S1_G17,39,0.7983,0.8214,0.9876,1,2.41,1,0.9,0,46.95,0,38.67,43.68,1.67,3.7,6.56,2.93,43,15
w_RDP2_S1_G17,4,0.8308,0.8902,0.9841,0,8.82,0,19.54,1,3.59,0,2.67,3.31,2.68,5.25,10.69,8.77,19,12
w_RDP2_S1_G17,40,0.7981,0.7635,0.9875,1,1.97,0,14.15,0,41.61,0,33.64,40.48,2.95,4.96,11.72,2.69,37,12
w_RDP2_S1_G17,41,0.7978,0.8566,0.9906,1,1.65,0,19.97,0,37.89,0,29.94,36.16,1.61,5.77,8.37,2.98,32,11
w_RDP2_S1_G17,42,0.7968,0.8816,0.9853,0,10.84,0,17.13,0,7.14,0,2.99,9.64,2.4,2.86,7.6,10.56,24,9
w_RDP2_S1_G17,43,0.7967,0.7705,0.9878,1,3.49,0,11.96,0,41.96,0,33.42,40.39,3.03,9.08,9.52,2.18,41,13
w_RDP2_S1_G17,44,0.7966,0.724,0.9897,1,0.99,0,18.86,0,41.56,0,32.39,38.72,2.8,4.38,11.52,2.25,37,10
w_RDP2_S1_G17,45,0.7963,0.7346,0.9888,1,1.64,0,16.8,0,43.59,0,35.34,41.25,4.03,5.54,12.98,2.74,38,10
w_RDP2_S1_G17,46,0.7958,0.6913,0.9893,1,1.65,0,15.3,0,42.28,0,34.38,40.33,4.4,7.46,14.41,2.66,38,10
w_RDP2_S1_G17,47,0.7949,0.8548,0.9852,0,10.59,0,18.87,0,5.63,0,3.7,8.72,1.89,3.5,6.8,10.49,17,10
w_RDP2_S1_G17,48,0.7937,0.6949,0.9865,1,1.36,0,13.96,0,43.82,0,35.46,41.7,1.66,7.62,11.47,2.87,44,12
w_RDP2_S1_G17,49,0.7935,0.8498,0.988,1,3.08,0,7.84,0,43.92,0,36.13,41.15,2.06,4.11,5.65,2.89,47,19
w_RDP2_S1_G17,5,0.8298,0.7662,0.9896,1,2.08,0,16.1,0,35.65,0,27.76,34.88,1.41,1.84,8.06,3.29,39,10
w_RDP2_S1_G17,50,0.7934,0.8145,0.9875,1,3.16,0,10.15,0,40.54,0,32.11,37.98,2.29,2.52,3.83,1.19,46,15
w_RDP2_S1_G17,51,0.7933,0.6939,0.9877,1,2.06,0,15.62,0,37.25,0,30.16,36.7,3.36,6.76,11.31,3.7,28,10
w_RDP2_S1_G17,52,0.7923,0.8414,0.9852,1,2.52,0,20.8,0,35.09,0,26.45,33.09,1.54,3.42,4.14,3.16,37,10
w_RDP2_S1_G17,53,0.7922,0.825,0.9828,0,5.58,0,9.65,0,14.71,0,9.57,19.99,2.25,4.0,6.43,6.79,23,14
w_RDP2_S1_G17,54,0.7916,0.8571,0.9868,1,1.18,0,17.92,0,41.76,0,34.15,40.08,2.78,2.02,6.19,2.59,42,18
w_RDP2_S1_G17,55,0.7909,0.8382,0.9884,1,1.72,0,12.42,0,35.75,0,28.63,35.88,3.05,6.13,6.74,2.69,31,13
w_RDP2_S1_G17,56,0.7903,0.8598,0.987,0,7.15,0,9.76,1,2.46,0,1.47,6.85,2.95,3.12,6.4,6.65,27,12
w_RDP2_S1_G17,57,0.7901,0.7574,0.9857,1,2.01,0,9.34,0,43.09,0,34.32,40.74,2.69,5.0,10.14,2.71,42,14
w_RDP2_S1_G17,58,0.7897,0.7049,0.9881,1,2.04,0,13.7,0,36.5,0,30.26,36.39,1.51,6.62,11.5,2.73,39,10
w_RDP2_S1_G17,59,0.7894,0.7709,0.9877,1,1.79,0,14.23,0,33.3,0,26.08,32.51,1.29,4.91,4.88,3.58,30,11
w_RDP2_S1_G17,6,0.8287,0.8895,0.9905,1,1.56,0,13.6,0,43.73,0,35.34,41.39,2.61,4.81,10.36,3.37,45,14
w_RDP2_S1_G17,60,0.788,0.6591,0.9865,1,1.96,0,16.53,0,40.67,0,31.42,37.52,3.2,3.87,11.48,2.36,39,10
w_RDP2_S1_G17,61,0.7851,0.6946,0.9874,1,1.37,0,14.83,0,40.07,0,31.96,38.13,1.81,4.29,12.56,1.48,40,11
w_RDP2_S1_G17,62,0.785,0.788,0.9862,1,1.91,0,13.62,0,43.73,0,35.98,41.69,3.73,2.72,7.2,2.44,46,15
w_RDP2_S1_G17,63,0.7807,0.6521,0.9854,1,1.68,0,12.87,0,40.82,0,34.06,40.89,3.49,4.97,10.87,1.76,39,11
w_RDP2_S1_G17,64,0.7803,0.5571,0.9835,1,1.79,0,23.63,0,33.19,0,25.32,31.8,4.58,4.66,10.76,3.26,36,10
w_RDP2_S1_G17,65,0.7802,0.7737,0.9829,0,6.06,0,18.3,1,3.52,0,1.61,8.08,2.67,4.61,9.69,6.82,22,12
w_RDP2_S1_G17,66,0.7779,0.8275,0.984,1,1.12,0,13.6,0,39.67,0,33.15,38.95,2.63,1.81,5.72,2.99,43,16
w_RDP2_S1_G17,67,0.7775,0.5731,0.9854,1,1.89,0,22.64,0,32.67,0,24.34,30.7,0.84,5.89,11.47,1.12,28,9
w_RDP2_S1_G17,68,0.7721,0.7524,0.9874,1,1.29,0,14.34,0,41.43,0,33.61,40.65,2.94,2.95,4.58,3.37,44,21
w_RDP2_S1_G17,69,0.7711,0.6803,0.9841,1,2.32,0,6.05,0,41.27,0,33.32,39.24,1.23,2.49,4.87,1.45,39,11
w_RDP2_S1_G17,7,0.8267,0.8793,0.9904,1,2.58,1,0.86,0,46.86,0,39.52,44.5,1.83,3.9,4.08,1.76,48,17
w_RDP2_S1_G17,70,0.7706,0.7494,0.9818,0,5.95,0,19.41,1,1.64,0,0.92,6.86,2.11,7.38,10.96,5.64,20,9
w_RDP2_S1_G17,71,0.7702,0.78,0.9855,1,2.97,0,6.73,0,39.87,0,33.65,40.39,1.85,3.99,6.68,2.83,49,15
w_RDP2_S1_G17,72,0.7698,0.6008,0.986,1,1.71,0,15.65,0,42.37,0,33.69,40.15,3.1,6.58,14.08,3.32,40,11
w_RDP2_S1_G17,73,0.7695,0.5953,0.9867,1,0.93,0,17.04,0,41.04,0,32.3,38.85,0.87,5.66,12.54,1.44,37,12
w_RDP2_S1_G17,74,0.7681,0.7259,0.9873,1,2.47,0,11.34,0,43.67,0,37.65,42.63,3.33,6.23,10.53,3.34,44,16
w_RDP2_S1_G17,75,0.7659,0.7627,0.9863,1,2.54,0,23.19,0,32.73,0,26.35,33.81,1.88,6.47,10.14,2.6,34,10
w_RDP2_S1_G17,76,0.7659,0.7718,0.9846,1,3.95,0,5.23,0,42.99,0,35.33,40.64,2.44,1.83,5.0,1.96,49,19
w_RDP2_S1_G17,77,0.7647,0.7195,0.9841,1,1.47,1,1.59,0,44.57,0,37.14,40.31,1.35,2.44,5.87,6.62,46,14
w_RDP2_S1_G17,78,0.7637,0.7701,0.9835,1,0.99,0,14.75,0,42.85,0,36.21,41.77,1.76,2.58,5.26,2.04,50,18
w_RDP2_S1_G17,79,0.7613,0.5569,0.9869,1,2.84,0,15.71,0,41.43,0,31.8,37.59,2.53,4.32,11.95,1.46,36,10
w_RDP2_S1_G17,8,0.8252,0.8815,0.9907,1,2.14,0,12.38,0,42.8,0,33.89,40.07,2.36,10.3,11.09,3.09,46,12
w_RDP2_S1_G17,80,0.761,0.7442,0.9821,1,4.15,0,16.97,0,5.62,0,3.34,10.36,3.53,5.47,9.45,5.08,23,10
w_RDP2_S1_G17,81,0.754,0.5047,0.9855,1,2.76,0,18.48,0,35.87,0,28.3,34.7,2.3,0.93,10.24,2.78,30,10
w_RDP2_S1_G17,82,0.7514,0.5843,0.9844,1,2.33,0,12.71,0,41.55,0,32.87,38.74,4.1,5.2,10.42,3.74,35,12
w_RDP2_S1_G17,83,0.7504,0.6924,0.9833,1,3.25,0,22.61,0,31.24,0,27.12,33.37,3.15,3.96,5.96,3.69,28,15
w_RDP2_S1_G17,84,0.75,0.6671,0.981,1,4.63,0,18.0,0,6.39,0,3.41,9.65,2.87,5.24,9.14,4.57,22,7
w_RDP2_S1_G17,85,0.7476,0.6782,0.987,1,1.03,0,21.85,0,41.68,0,32.97,39.45,0.74,4.92,8.39,2.6,43,14
w_RDP2_S1_G17,86,0.7456,0.5689,0.9867,1,3.25,0,11.51,0,44.89,0,35.77,41.91,2.49,5.54,11.65,2.89,34,11
w_RDP2_S1_G17,87,0.7455,0.654,0.9821,0,5.1,0,16.48,1,2.97,0,1.41,8.4,3.95,5.0,9.79,4.78,23,12
w_RDP2_S1_G17,88,0.7453,0.6527,0.98,0,5.11,0,18.04,0,5.45,0,3.78,9.97,1.22,4.08,8.84,5.33,19,11
w_RDP2_S1_G17,89,0.7435,0.6937,0.9852,1,0.83,0,22.71,0,33.88,0,27.92,34.67,4.11,5.04,8.11,1.54,27,13
w_RDP2_S1_G17,9,0.8241,0.811,0.991,1,1.88,0,15.78,0,39.09,0,31.15,37.32,3.35,5.87,12.02,1.96,37,10
w_RDP2_S1_G17,90,0.7433,0.485,0.9873,1,2.63,0,16.88,0,37.81,0,29.31,35.81,1.89,6.2,10.81,2.81,36,11
w_RDP2_S1_G17,91,0.7429,0.5995,0.985,1,2.05,1,4.02,0,44.43,0,34.77,40.5,2.7,2.85,6.71,1.32,57,16
w_RDP2_S1_G17,92,0.7416,0.7014,0.9849,1,1.33,0,23.2,0,35.92,0,29.62,36.33,4.51,3.79,7.75,2.06,33,14
w_RDP2_S1_G17,93,0.7361,0.6278,0.9845,1,0.9,0,23.63,0,34.04,0,27.59,33.73,1.31,4.51,7.93,2.17,32,11
w_RDP2_S1_G17,94,0.7316,0.5217,0.9854,0,9.2,0,9.54,1,2.89,0,2.03,6.54,3.65,3.27,2.98,10.38,36,11
w_RDP2_S1_G17,95,0.7263,0.6027,0.9769,1,4.26,0,18.22,0,5.33,0,3.62,10.35,2.68,5.03,9.82,4.37,23,8
w_RDP2_S1_G17,96,0.7169,0.4231,0.9842,1,2.33,0,14.02,0,42.33,0,35.19,41.36,2.96,5.17,10.12,2.58,40,13
w_RDP2_S1_G17,97,0.706,0.393,0.9807,0,7.68,1,3.48,1,3.72,1,2.27,8.74,2.68,7.0,3.83,5.53,38,11
w_RDP2_S1_G17,98,0.6988,0.4388,0.9787,1,1.38,0,23.44,0,34.97,0,28.19,34.61,2.39,5.7,7.62,0.35,31,13
w_RDP2_S1_G17,99,0.6955,0.4238,0.981,1,1.04,0,21.38,0,35.34,0,28.31,34.94,2.98,6.4,8.27,2.41,32,11
w_WT_S1_G17,0,0.8578,0.8508,0.988,1,1.63,0,22.55,0,32.55,0,26.54,32.29,1.08,4.91,10.06,2.94,35,11
w_WT_S1_G17,1,0.8537,0.8528,0.9892,1,0.7,0,24.62,0,30.27,0,23.48,29.13,1.29,5.89,11.4,2.73,40,10
w_WT_S1_G17,10,0.8455,0.8162,0.986,1,1.84,0,25.01,0,29.0,0,23.1,27.67,4.43,6.8,11.59,2.61,33,9
w_WT_S1_G17,11,0.8446,0.826,0.986,1,3.28,1,4.25,0,31.67,0,24.6,29.68,2.52,3.34,7.99,2.22,47,11
w_WT_S1_G17,12,0.8442,0.9146,0.9866,1,3.66,0,12.65,1,3.52,0,2.16,5.51,2.59,3.03,5.08,4.32,44,19
w_WT_S1_G17,13,0.8441,0.8075,0.9865,0,5.15,0,25.58,0,26.9,0,20.38,26.03,2.96,3.52,6.89,5.35,30,9
w_WT_S1_G17,14,0.8435,0.8327,0.9877,1,1.27,0,24.35,0,28.05,0,21.13,27.05,1.88,5.33,9.91,3.32,29,10
w_WT_S1_G17,15,0.8422,0.8031,0.9839,1,2.22,0,23.87,0,27.99,0,21.0,26.19,2.76,6.54,10.15,2.36,32,10
w_WT_S1_G17,16,0.8421,0.8004,0.9862,1,2.5,0,25.33,0,26.59,0,19.77,24.97,2.45,3.42,12.27,3.39,37,10
w_WT_S1_G17,17,0.8421,0.7669,0.9875,1,2.85,0,21.27,0,33.44,0,25.07,30.44,3.74,6.27,9.4,0.89,40,11
w_WT_S1_G17,18,0.841,0.7775,0.9857,1,1.78,0,20.63,0,32.82,0,25.57,31.81,3.57,2.9,9.14,2.14,39,12
w_WT_S1_G17,19,0.839,0.8423,0.9874,1,2.37,0,6.28,1,1.82,0,2.67,1.91,3.24,4.06,5.21,5.01,45,13
w_WT_S1_G17,2,0.8537,0.8264,0.9903,1,2.4,0,22.9,0,29.72,0,23.27,29.33,4.52,5.06,9.89,2.76,35,11
w_WT_S1_G17,20,0.8387,0.9342,0.9871,1,4.4,0,13.26,1,3.9,0,2.79,3.94,2.31,1.83,3.79,3.13,44,18
w_WT_S1_G17,21,0.8385,0.8993,0.9864,0,5.19,0,12.26,1,2.57,0,1.76,5.69,1.79,2.91,4.39,5.85,51,22
w_WT_S1_G17,22,0.8377,0.937,0.9891,1,4.71,0,12.77,1,2.26,0,2.55,6.05,0.75,2.95,4.12,3.46,47,18
w_WT_S1_G17,23,0.8354,0.7321,0.9813,1,2.24,0,19.99,0,33.42,0,26.54,32.38,1.98,3.48,8.52,2.81,37,11
w_WT_S1_G17,24,0.8345,0.9239,0.9878,1,3.89,0,13.28,1,2.37,0,1.72,6.29,1.41,1.61,4.09,3.22,49,20
w_WT_S1_G17,25,0.834,0.7641,0.9845,0,5.13,0,23.81,0,27.33,0,19.81,25.29,2.96,3.99,6.36,3.93,36,9
w_WT_S1_G17,26,0.8338,0.9006,0.984,0,5.49,0,13.57,1,2.57,0,2.26,6.91,1.98,2.93,4.7,2.8,47,19
w_WT_S1_G17,27,0.8319,0.7498,0.981,1,4.33,0,11.5,0,18.25,0,9.92,15.23,1.13,1.29,4.03,5.49,44,14
w_WT_S1_G17,28,0.8301,0.752,0.9843,1,1.81,0,25.43,0,26.48,0,19.66,25.54,1.53,6.22,11.69,2.97,34,8
w_WT_S1_G17,29,0.8298,0.7908,0.9866,1,1.82,0,17.08,0,31.42,0,25.31,30.16,1.86,1.93,7.74,2.98,43,13
w_WT_S1_G17,3,0.8515,0.8131,0.9868,1,2.2,0,21.93,0,27.91,0,22.04,27.94,1.53,2.5,6.92,2.92,36,11
w_WT_S1_G17,30,0.8294,0.9034,0.9868,1,4.3,0,13.48,0,26.43,0,18.71,24.0,1.38,1.86,3.45,2.31,46,20
w_WT_S1_G17,31,0.8274,0.7267,0.9833,1,2.19,0,22.45,0,31.53,0,25.78,31.79,4.77,3.51,10.09,2.39,39,10
w_WT_S1_G17,32,0.827,0.8202,0.9842,1,3.82,0,6.44,1,4.77,0,5.11,9.07,0.91,3.62,4.86,4.82,43,14
w_WT_S1_G17,33,0.8266,0.8902,0.9859,1,4.94,0,13.8,1,2.45,0,1.63,5.2,2.45,1.84,2.16,5.17,45,19
w_WT_S1_G17,34,0.8262,0.8802,0.983,0,6.52,0,14.11,1,2.06,0,2.97,6.28,3.52,2.84,9.63,5.79,30,10
w_WT_S1_G17,35,0.8258,0.844,0.988,0,5.16,0,6.0,1,2.86,0,2.38,4.87,2.67,3.31,2.96,6.08,44,13
w_WT_S1_G17,36,0.8256,0.8157,0.9854,1,3.14,0,5.78,1,2.91,0,1.7,2.27,0.9,3.05,3.05,5.82,42,13
w_WT_S1_G17,37,0.8255,0.8205,0.9843,1,4.13,0,7.53,0,6.23,0,7.07,9.8,2.92,1.23,4.11,5.7,32,13
w_WT_S1_G17,38,0.8251,0.8159,0.9836,0,5.32,0,7.49,1,2.82,0,1.21,3.14,2.56,0.95,3.45,6.56,39,12
w_WT_S1_G17,39,0.8246,0.8353,0.9873,1,2.43,1,4.64,1,2.93,1,2.84,6.88,1.68,3.36,5.3,6.12,44,14
w_WT_S1_G17,4,0.8499,0.8046,0.9895,1,1.63,0,18.08,0,33.32,0,26.72,32.76,3.54,5.05,8.77,2.63,43,13
w_WT_S1_G17,40,0.8241,0.7575,0.9834,1,4.61,0,6.1,0,23.6,0,15.73,21.43,1.92,3.97,6.34,4.41,37,12
w_WT_S1_G17,41,0.8227,0.8329,0.9884,1,3.09,0,6.5,1,2.3,0,1.51,3.57,3.55,1.83,4.8,5.33,39,11
w_WT_S1_G17,42,0.8223,0.8093,0.9841,1,2.68,1,4.85,1,3.44,1,2.66,5.15,3.44,3.0,2.52,5.71,43,13
w_WT_S1_G17,43,0.8197,0.8255,0.9825,1,2.75,1,4.41,1,2.8,1,2.69,7.26,2.31,2.96,5.29,5.21,41,10
w_WT_S1_G17,44,0.8196,0.7579,0.9819,1,4.06,0,19.36,0,21.46,0,17.67,23.33,3.9,2.54,5.63,4.68,39,12
w_WT_S1_G17,45,0.8196,0.7463,0.9833,1,2.32,0,18.44,0,34.0,0,26.62,31.58,1.22,3.43,9.28,2.8,40,11
w_WT_S1_G17,46,0.8193,0.8296,0.9866,0,5.42,0,6.26,0,39.32,0,39.67,40.95,3.28,2.68,3.58,5.62,33,11
w_WT_S1_G17,47,0.819,0.7877,0.9832,1,2.95,1,4.13,1,2.86,1,2.41,7.49,2.92,4.03,5.05,5.87,42,12
w_WT_S1_G17,48,0.8189,0.859,0.8218,1,2.37,0,5.5,1,2.81,0,2.39,2.09,2.5,3.11,3.66,5.45,41,15
w_WT_S1_G17,49,0.8185,0.811,0.9879,1,2.94,0,5.01,1,2.26,0,2.05,6.52,3.67,3.14,3.71,6.55,42,11
w_WT_S1_G17,5,0.849,0.8283,0.9836,1,1.01,0,23.57,0,28.2,0,21.43,27.63,0.98,5.83,10.86,3.1,30,10
w_WT_S1_G17,50,0.8185,0.8822,0.9843,1,1.43,0,10.19,0,30.73,0,24.47,30.13,1.11,2.05,4.25,2.02,46,19
w_WT_S1_G17,51,0.818,0.7989,0.985,1,3.53,0,6.32,1,1.82,0,1.46,5.32,2.87,2.81,4.49,6.27,43,12
w_WT_S1_G17,52,0.8169,0.8059,0.9867,1,2.12,0,18.96,0,38.01,0,29.62,35.1,2.31,6.39,11.24,2.82,42,12
w_WT_S1_G17,53,0.816,0.8056,0.9848,1,3.95,0,21.01,0,20.56,0,16.86,22.33,2.19,3.48,5.85,4.71,29,9
w_WT_S1_G17,54,0.8153,0.801,0.9854,1,3.04,1,4.4,1,4.4,1,4.39,6.04,3.11,2.77,2.79,6.27,46,11
w_WT_S1_G17,55,0.815,0.7805,0.9844,1,3.72,0,6.41,1,2.8,0,1.43,5.04,3.48,2.84,4.32,5.82,43,12
w_WT_S1_G17,56,0.815,0.8844,0.9849,1,4.67,0,12.1,1,2.85,0,1.08,5.21,2.38,3.32,5.64,4.8,47,21
w_WT_S1_G17,57,0.8148,0.7584,0.9833,1,2.15,0,6.13,1,2.53,0,3.06,4.83,3.32,3.2,3.74,5.72,40,12
w_WT_S1_G17,58,0.8147,0.802,0.9869,1,2.1,1,4.97,1,2.45,1,1.49,5.14,3.44,3.16,3.31,5.75,40,13
w_WT_S1_G17,59,0.8143,0.8448,0.9838,0,5.59,0,5.36,1,3.25,0,0.89,3.61,0.84,2.53,6.9,3.62,38,12
w_WT_S1_G17,6,0.8474,0.8909,0.9804,0,7.6,0,22.02,1,0.36,0,2.74,5.77,3.5,3.27,9.29,5.67,34,11
w_WT_S1_G17,60,0.8141,0.7997,0.984,1,2.26,0,5.23,1,2.66,0,1.61,6.81,3.13,3.02,2.83,5.69,46,13
w_WT_S1_G17,61,0.814,0.7894,0.9856,1,2.19,1,4.18,1,2.55,1,2.2,6.4,2.48,3.12,3.43,5.25,39,12
w_WT_S1_G17,62,0.8136,0.8366,0.9873,1,4.77,0,6.21,1,1.81,0,2.07,6.51,1.59,3.3,3.39,6.6,42,11
w_WT_S1_G17,63,0.8136,0.7847,0.9844,1,3.93,0,5.86,1,2.56,0,3.39,5.63,3.2,2.34,3.35,6.04,39,11
w_WT_S1_G17,64,0.8128,0.7679,0.98,1,4.71,0,15.9,0,23.16,0,19.98,23.6,2.88,1.58,2.35,5.57,36,13
w_WT_S1_G17,65,0.812,0.7784,0.9835,1,2.13,1,4.77,1,3.17,1,1.98,3.25,3.69,3.55,4.44,4.31,40,12
w_WT_S1_G17,66,0.8112,0.7686,0.984,1,3.49,0,5.25,1,2.21,0,2.5,5.88,2.82,0.72,3.41,5.53,44,13
w_WT_S1_G17,67,0.8109,0.8996,0.987,1,3.89,0,12.55,1,3.31,0,2.14,6.53,1.63,2.04,3.17,2.93,47,18
w_WT_S1_G17,68,0.8106,0.7729,0.9838,1,3.75,0,6.08,1,2.28,0,1.89,6.19,3.45,2.51,5.35,6.32,37,12
w_WT_S1_G17,69,0.8101,0.7695,0.9846,1,3.11,0,5.93,1,2.49,0,1.49,5.32,2.91,2.85,4.23,5.93,38,11
w_WT_S1_G17,7,0.8464,0.8308,0.9877,1,1.37,0,23.05,0,28.61,0,21.93,27.36,3.39,6.11,10.24,3.49,29,11
w_WT_S1_G17,70,0.81,0.802,0.8215,1,3.71,0,6.77,1,2.56,0,3.47,3.02,3.39,3.3,4.42,4.68,44,14
w_WT_S1_G17,71,0.8095,0.7822,0.981,1,3.54,0,20.02,1,3.76,0,3.68,7.33,3.7,3.55,4.46,5.55,39,14
w_WT_S1_G17,72,0.809,0.7681,0.9839,1,4.65,0,7.47,1,3.14,0,2.02,5.31,2.15,3.73,3.33,6.52,40,12
w_WT_S1_G17,73,0.807,0.7594,0.9819,1,2.0,0,5.38,1,2.43,0,2.03,6.45,2.58,3.5,4.14,4.69,43,13
w_WT_S1_G17,74,0.8066,0.756,0.9818,0,5.16,0,16.28,0,24.11,0,21.3,25.15,1.87,2.52,3.7,5.31,34,11
w_WT_S1_G17,75,0.8061,0.7251,0.9723,0,5.99,0,17.67,0,18.03,0,14.3,19.46,3.22,2.2,6.6,6.53,31,12
w_WT_S1_G17,76,0.805,0.817,0.9798,1,4.87,0,12.85,1,3.09,0,1.75,5.05,1.41,3.13,4.68,2.93,44,15
w_WT_S1_G17,77,0.8047,0.754,0.9823,1,2.96,1,4.7,1,2.93,1,1.68,6.77,2.65,3.12,3.78,5.07,41,11
w_WT_S1_G17,78,0.8043,0.7878,0.9848,1,4.43,0,6.53,0,42.55,0,41.39,44.53,2.6,3.21,3.88,4.65,33,12
w_WT_S1_G17,79,0.8034,0.7704,0.9796,0,5.22,0,11.57,0,26.65,0,17.85,23.61,1.8,1.51,4.06,5.9,45,18
w_WT_S1_G17,8,0.8462,0.8514,0.9875,0,6.12,1,3.71,0,40.9,0,35.1,39.59,2.8,3.17,3.36,6.02,47,13
w_WT_S1_G17,80,0.8028,0.7748,0.9834,1,1.91,0,6.64,1,2.59,0,1.67,4.63,2.91,2.51,2.21,4.51,46,12
w_WT_S1_G17,81,0.8025,0.7366,0.9794,1,4.03,0,17.96,0,21.76,0,17.94,21.47,3.25,1.49,6.45,4.56,29,12
w_WT_S1_G17,82,0.8022,0.777,0.9843,1,2.37,1,4.38,1,2.19,1,2.7,6.17,2.41,3.41,3.93,5.41,41,14
w_WT_S1_G17,83,0.8012,0.7388,0.9822,1,3.28,0,6.15,1,2.33,0,1.26,4.28,3.1,1.81,4.37,5.7,38,13
w_WT_S1_G17,84,0.8005,0.7285,0.9797,0,5.1,0,18.43,0,18.77,0,14.18,19.88,1.58,2.38,5.92,6.07,35,13
w_WT_S1_G17,85,0.7997,0.8635,0.9845,1,3.59,0,14.07,1,2.35,0,1.72,6.13,3.26,1.69,1.98,2.71,51,19
w_WT_S1_G17,86,0.7997,0.7338,0.9816,1,2.66,0,6.23,1,2.83,0,1.68,4.99,2.91,2.37,4.13,4.84,41,11
w_WT_S1_G17,87,0.7989,0.8795,0.9831,0,5.86,0,23.54,0,18.49,0,9.54,15.13,1.7,3.54,6.74,4.87,44,16
w_WT_S1_G17,88,0.7984,0.6311,0.9756,1,4.95,0,14.39,0,20.42,0,17.93,22.43,1.71,2.14,5.48,3.77,33,11
w_WT_S1_G17,89,0.7969,0.7592,0.986,1,1.93,0,6.51,1,2.62,0,1.25,4.56,3.71,2.58,3.14,5.67,37,12
w_WT_S1_G17,9,0.8461,0.8262,0.9852,0,6.6,0,17.12,0,17.21,0,8.48,13.79,3.7,4.45,7.24,6.41,38,11
w_WT_S1_G17,90,0.7965,0.7823,0.9803,1,3.23,0,6.57,1,0.54,0,1.38,3.8,3.09,3.07,5.81,6.47,40,13
w_WT_S1_G17,91,0.794,0.7529,0.9801,0,6.66,0,19.11,0,20.06,0,18.27,22.65,3.32,3.22,8.03,6.82,32,11
w_WT_S1_G17,92,0.7936,0.657,0.9756,0,6.55,0,17.58,0,25.89,0,23.95,25.92,2.46,1.31,3.57,6.51,26,10
w_WT_S1_G17,93,0.7921,0.805,0.9784,1,4.91,0,14.44,1,2.24,0,2.5,6.35,1.83,2.82,7.63,5.7,31,10
w_WT_S1_G17,94,0.7897,0.7164,0.9814,1,2.48,0,7.47,1,2.69,0,1.17,6.08,0.66,2.44,3.02,5.65,37,10
w_WT_S1_G17,95,0.7863,0.7256,0.9788,1,3.37,0,5.52,1,2.72,0,2.21,5.78,3.31,2.39,5.1,5.62,39,10
w_WT_S1_G17,96,0.7836,0.6419,0.9763,0,7.2,0,13.84,0,17.51,0,13.46,18.88,2.15,1.85,4.43,5.91,38,11
w_WT_S1_G17,97,0.7829,0.779,0.9829,1,2.33,1,4.86,1,2.34,1,2.23,6.37,2.59,2.44,3.79,6.07,47,15
w_WT_S1_G17,98,0.7696,0.688,0.9789,0,5.46,0,12.01,1,2.22,0,2.2,5.2,2.31,2.5,3.35,4.57,44,20
w_WT_S1_G17,99,0.7682,0.5979,0.9734,0,6.04,0,11.8,0,17.9,0,14.92,20.18,2.37,2.85,8.12,6.17,36,13
