strategy,seed,budget_target,budget_used,best_found,pred_top16,spearman_5k,violations,wall_s,history
v2,11,96,96,3.8731,2.4691,0.3587,0,10.9,"[{""round"": 0, ""budget"": 24, ""best_label"": 3.87308538615}, {""round"": 1, ""budget"": 48, ""best_label"": 3.716512694680002}, {""round"": 2, ""budget"": 72, ""best_label"": 3.79314587049}, {""round"": 3, ""budget"": 96, ""best_label"": 3.75348838513}]"
v2,22,96,96,4.0268,2.483,0.3704,0,10.7,"[{""round"": 0, ""budget"": 24, ""best_label"": 3.78233167913}, {""round"": 1, ""budget"": 48, ""best_label"": 4.013864698419998}, {""round"": 2, ""budget"": 72, ""best_label"": 3.85251781873}, {""round"": 3, ""budget"": 96, ""best_label"": 4.02678534403}]"
v2,33,96,96,3.8731,2.3766,0.3784,0,9.8,"[{""round"": 0, ""budget"": 24, ""best_label"": 3.87308538615}, {""round"": 1, ""budget"": 48, ""best_label"": 3.77683687759}, {""round"": 2, ""budget"": 72, ""best_label"": 3.70947279816}, {""round"": 3, ""budget"": 96, ""best_label"": 3.67087410313}]"
v2,44,96,96,3.8496,2.5915,0.4162,0,9.7,"[{""round"": 0, ""budget"": 24, ""best_label"": 3.71926907017}, {""round"": 1, ""budget"": 48, ""best_label"": 3.84957986757}, {""round"": 2, ""budget"": 72, ""best_label"": 3.75896595024}, {""round"": 3, ""budget"": 96, ""best_label"": 3.7997754490300006}]"
v2,55,96,96,3.9546,2.1268,0.3244,0,10.2,"[{""round"": 0, ""budget"": 24, ""best_label"": 3.95462864826}, {""round"": 1, ""budget"": 48, ""best_label"": 3.75193194198}, {""round"": 2, ""budget"": 72, ""best_label"": 3.86731774083}, {""round"": 3, ""budget"": 96, ""best_label"": 3.73702369118}]"
v2,66,96,96,3.8763,2.2599,0.3852,0,10.2,"[{""round"": 0, ""budget"": 24, ""best_label"": 3.75983880995}, {""round"": 1, ""budget"": 48, ""best_label"": 3.87634027049}, {""round"": 2, ""budget"": 72, ""best_label"": 3.78029799109}, {""round"": 3, ""budget"": 96, ""best_label"": 3.8024267471800006}]"
v2,77,96,96,3.8581,1.7476,0.3829,0,9.9,"[{""round"": 0, ""budget"": 24, ""best_label"": 3.7378860328900014}, {""round"": 1, ""budget"": 48, ""best_label"": 3.8425349291300006}, {""round"": 2, ""budget"": 72, ""best_label"": 3.85805760359}, {""round"": 3, ""budget"": 96, ""best_label"": 3.7718812519}]"
v2,88,96,96,3.9755,2.6886,0.399,0,9.9,"[{""round"": 0, ""budget"": 24, ""best_label"": 3.72143940023}, {""round"": 1, ""budget"": 48, ""best_label"": 3.87308538615}, {""round"": 2, ""budget"": 72, ""best_label"": 3.893948897869999}, {""round"": 3, ""budget"": 96, ""best_label"": 3.9755409443}]"
v2,11,192,192,3.8731,2.7723,0.401,0,19.2,"[{""round"": 0, ""budget"": 24, ""best_label"": 3.87308538615}, {""round"": 1, ""budget"": 48, ""best_label"": 3.716512694680002}, {""round"": 2, ""budget"": 72, ""best_label"": 3.79314587049}, {""round"": 3, ""budget"": 96, ""best_label"": 3.75348838513}, {""round"": 4, ""budget"": 120, ""best_label"": 3.77251984464}, {""round"": 5, ""budget"": 144, ""best_label"": 3.72666073217}, {""round"": 6, ""budget"": 168, ""best_label"": 3.71248820447}, {""round"": 7, ""budget"": 192, ""best_label"": 3.80844757179}]"
v2,22,192,192,4.0268,2.8993,0.4299,0,18.7,"[{""round"": 0, ""budget"": 24, ""best_label"": 3.78233167913}, {""round"": 1, ""budget"": 48, ""best_label"": 4.013864698419998}, {""round"": 2, ""budget"": 72, ""best_label"": 3.85251781873}, {""round"": 3, ""budget"": 96, ""best_label"": 4.02678534403}, {""round"": 4, ""budget"": 120, ""best_label"": 3.87752330556}, {""round"": 5, ""budget"": 144, ""best_label"": 3.75737598819}, {""round"": 6, ""budget"": 168, ""best_label"": 3.66324761447}, {""round"": 7, ""budget"": 192, ""best_label"": 3.857330835630001}]"
v2,33,192,192,3.8731,2.7966,0.4619,0,19.1,"[{""round"": 0, ""budget"": 24, ""best_label"": 3.87308538615}, {""round"": 1, ""budget"": 48, ""best_label"": 3.77683687759}, {""round"": 2, ""budget"": 72, ""best_label"": 3.70947279816}, {""round"": 3, ""budget"": 96, ""best_label"": 3.67087410313}, {""round"": 4, ""budget"": 120, ""best_label"": 3.8105863929}, {""round"": 5, ""budget"": 144, ""best_label"": 3.79726321519}, {""round"": 6, ""budget"": 168, ""best_label"": 3.77597388736}, {""round"": 7, ""budget"": 192, ""best_label"": 3.78055739073}]"
v2,44,192,192,4.1231,2.5008,0.4115,0,18.7,"[{""round"": 0, ""budget"": 24, ""best_label"": 3.71926907017}, {""round"": 1, ""budget"": 48, ""best_label"": 3.84957986757}, {""round"": 2, ""budget"": 72, ""best_label"": 3.75896595024}, {""round"": 3, ""budget"": 96, ""best_label"": 3.7997754490300006}, {""round"": 4, ""budget"": 120, ""best_label"": 3.82757335017}, {""round"": 5, ""budget"": 144, ""best_label"": 3.95462864826}, {""round"": 6, ""budget"": 168, ""best_label"": 4.12310906338}, {""round"": 7, ""budget"": 192, ""best_label"": 3.82689906554}]"
v2,55,192,192,3.9546,2.838,0.4192,0,18.9,"[{""round"": 0, ""budget"": 24, ""best_label"": 3.95462864826}, {""round"": 1, ""budget"": 48, ""best_label"": 3.75193194198}, {""round"": 2, ""budget"": 72, ""best_label"": 3.86731774083}, {""round"": 3, ""budget"": 96, ""best_label"": 3.73702369118}, {""round"": 4, ""budget"": 120, ""best_label"": 3.75801739335}, {""round"": 5, ""budget"": 144, ""best_label"": 3.8363316404}, {""round"": 6, ""budget"": 168, ""best_label"": 3.79740829371}, {""round"": 7, ""budget"": 192, ""best_label"": 3.8467486153400015}]"
v2,66,192,192,3.8763,2.4707,0.4561,0,19.0,"[{""round"": 0, ""budget"": 24, ""best_label"": 3.75983880995}, {""round"": 1, ""budget"": 48, ""best_label"": 3.87634027049}, {""round"": 2, ""budget"": 72, ""best_label"": 3.78029799109}, {""round"": 3, ""budget"": 96, ""best_label"": 3.8024267471800006}, {""round"": 4, ""budget"": 120, ""best_label"": 3.76495602132}, {""round"": 5, ""budget"": 144, ""best_label"": 3.77088099505}, {""round"": 6, ""budget"": 168, ""best_label"": 3.68029104611}, {""round"": 7, ""budget"": 192, ""best_label"": 3.80641710227}]"
v2,77,192,192,3.8581,2.4103,0.461,0,18.6,"[{""round"": 0, ""budget"": 24, ""best_label"": 3.7378860328900014}, {""round"": 1, ""budget"": 48, ""best_label"": 3.8425349291300006}, {""round"": 2, ""budget"": 72, ""best_label"": 3.85805760359}, {""round"": 3, ""budget"": 96, ""best_label"": 3.7718812519}, {""round"": 4, ""budget"": 120, ""best_label"": 3.76447009302}, {""round"": 5, ""budget"": 144, ""best_label"": 3.69453143335}, {""round"": 6, ""budget"": 168, ""best_label"": 3.79471033133}, {""round"": 7, ""budget"": 192, ""best_label"": 3.75167068505}]"
v2,88,192,192,3.9755,2.49,0.4338,0,18.8,"[{""round"": 0, ""budget"": 24, ""best_label"": 3.72143940023}, {""round"": 1, ""budget"": 48, ""best_label"": 3.87308538615}, {""round"": 2, ""budget"": 72, ""best_label"": 3.893948897869999}, {""round"": 3, ""budget"": 96, ""best_label"": 3.9755409443}, {""round"": 4, ""budget"": 120, ""best_label"": 3.63401367453}, {""round"": 5, ""budget"": 144, ""best_label"": 3.88443774884}, {""round"": 6, ""budget"": 168, ""best_label"": 3.78987906099}, {""round"": 7, ""budget"": 192, ""best_label"": 3.79002316523}]"
v2,11,384,384,3.8731,2.9741,0.4839,0,38.3,"[{""round"": 0, ""budget"": 24, ""best_label"": 3.87308538615}, {""round"": 1, ""budget"": 48, ""best_label"": 3.716512694680002}, {""round"": 2, ""budget"": 72, ""best_label"": 3.79314587049}, {""round"": 3, ""budget"": 96, ""best_label"": 3.75348838513}, {""round"": 4, ""budget"": 120, ""best_label"": 3.77251984464}, {""round"": 5, ""budget"": 144, ""best_label"": 3.72666073217}, {""round"": 6, ""budget"": 168, ""best_label"": 3.71248820447}, {""round"": 7, ""budget"": 192, ""best_label"": 3.80844757179}, {""round"": 8, ""budget"": 216, ""best_label"": 3.74820126255}, {""round"": 9, ""budget"": 240, ""best_label"": 3.80500105479}, {""round"": 10, ""budget"": 264, ""best_label"": 3.76142704641}, {""round"": 11, ""budget"": 288, ""best_label"": 3.7370332346300006}, {""round"": 12, ""budget"": 312, ""best_label"": 3.80934230119}, {""round"": 13, ""budget"": 336, ""best_label"": 3.79909374382}, {""round"": 14, ""budget"": 360, ""best_label"": 3.7716750253}, {""round"": 15, ""budget"": 384, ""best_label"": 3.69728085694}]"
v2,22,384,384,4.0268,3.1326,0.5085,0,37.9,"[{""round"": 0, ""budget"": 24, ""best_label"": 3.78233167913}, {""round"": 1, ""budget"": 48, ""best_label"": 4.013864698419998}, {""round"": 2, ""budget"": 72, ""best_label"": 3.85251781873}, {""round"": 3, ""budget"": 96, ""best_label"": 4.02678534403}, {""round"": 4, ""budget"": 120, ""best_label"": 3.87752330556}, {""round"": 5, ""budget"": 144, ""best_label"": 3.75737598819}, {""round"": 6, ""budget"": 168, ""best_label"": 3.66324761447}, {""round"": 7, ""budget"": 192, ""best_label"": 3.857330835630001}, {""round"": 8, ""budget"": 216, ""best_label"": 3.79456151883}, {""round"": 9, ""budget"": 240, ""best_label"": 3.89524312593}, {""round"": 10, ""budget"": 264, ""best_label"": 3.84298958161}, {""round"": 11, ""budget"": 288, ""best_label"": 3.7259711916300007}, {""round"": 12, ""budget"": 312, ""best_label"": 3.91808635647}, {""round"": 13, ""budget"": 336, ""best_label"": 3.81970210089}, {""round"": 14, ""budget"": 360, ""best_label"": 3.953950192}, {""round"": 15, ""budget"": 384, ""best_label"": 3.84061261185}]"
v2,33,384,384,3.8975,3.1929,0.5004,0,41.0,"[{""round"": 0, ""budget"": 24, ""best_label"": 3.87308538615}, {""round"": 1, ""budget"": 48, ""best_label"": 3.77683687759}, {""round"": 2, ""budget"": 72, ""best_label"": 3.70947279816}, {""round"": 3, ""budget"": 96, ""best_label"": 3.67087410313}, {""round"": 4, ""budget"": 120, ""best_label"": 3.8105863929}, {""round"": 5, ""budget"": 144, ""best_label"": 3.79726321519}, {""round"": 6, ""budget"": 168, ""best_label"": 3.77597388736}, {""round"": 7, ""budget"": 192, ""best_label"": 3.78055739073}, {""round"": 8, ""budget"": 216, ""best_label"": 3.8182206826}, {""round"": 9, ""budget"": 240, ""best_label"": 3.79107222206}, {""round"": 10, ""budget"": 264, ""best_label"": 3.8420717683800008}, {""round"": 11, ""budget"": 288, ""best_label"": 3.77841386426}, {""round"": 12, ""budget"": 312, ""best_label"": 3.8974692349}, {""round"": 13, ""budget"": 336, ""best_label"": 3.80121852139}, {""round"": 14, ""budget"": 360, ""best_label"": 3.7392550754}, {""round"": 15, ""budget"": 384, ""best_label"": 3.7718812519}]"
v2,44,384,384,4.1231,2.7873,0.5018,0,41.2,"[{""round"": 0, ""budget"": 24, ""best_label"": 3.71926907017}, {""round"": 1, ""budget"": 48, ""best_label"": 3.84957986757}, {""round"": 2, ""budget"": 72, ""best_label"": 3.75896595024}, {""round"": 3, ""budget"": 96, ""best_label"": 3.7997754490300006}, {""round"": 4, ""budget"": 120, ""best_label"": 3.82757335017}, {""round"": 5, ""budget"": 144, ""best_label"": 3.95462864826}, {""round"": 6, ""budget"": 168, ""best_label"": 4.12310906338}, {""round"": 7, ""budget"": 192, ""best_label"": 3.82689906554}, {""round"": 8, ""budget"": 216, ""best_label"": 3.87186570787}, {""round"": 9, ""budget"": 240, ""best_label"": 3.71538026011}, {""round"": 10, ""budget"": 264, ""best_label"": 3.83644186505}, {""round"": 11, ""budget"": 288, ""best_label"": 3.77171765063}, {""round"": 12, ""budget"": 312, ""best_label"": 3.72442794925667}, {""round"": 13, ""budget"": 336, ""best_label"": 3.80093557575}, {""round"": 14, ""budget"": 360, ""best_label"": 3.89801527925}, {""round"": 15, ""budget"": 384, ""best_label"": 3.8847714694}]"
v2,55,384,384,3.9546,3.1272,0.5168,0,37.2,"[{""round"": 0, ""budget"": 24, ""best_label"": 3.95462864826}, {""round"": 1, ""budget"": 48, ""best_label"": 3.75193194198}, {""round"": 2, ""budget"": 72, ""best_label"": 3.86731774083}, {""round"": 3, ""budget"": 96, ""best_label"": 3.73702369118}, {""round"": 4, ""budget"": 120, ""best_label"": 3.75801739335}, {""round"": 5, ""budget"": 144, ""best_label"": 3.8363316404}, {""round"": 6, ""budget"": 168, ""best_label"": 3.79740829371}, {""round"": 7, ""budget"": 192, ""best_label"": 3.8467486153400015}, {""round"": 8, ""budget"": 216, ""best_label"": 3.90389095979}, {""round"": 9, ""budget"": 240, ""best_label"": 3.853267411080002}, {""round"": 10, ""budget"": 264, ""best_label"": 3.9297767208800014}, {""round"": 11, ""budget"": 288, ""best_label"": 3.77188127951}, {""round"": 12, ""budget"": 312, ""best_label"": 3.70366132061}, {""round"": 13, ""budget"": 336, ""best_label"": 3.76157113959}, {""round"": 14, ""budget"": 360, ""best_label"": 3.88413151855}, {""round"": 15, ""budget"": 384, ""best_label"": 3.8926150629}]"
v2,66,384,384,3.9885,3.0377,0.522,0,38.8,"[{""round"": 0, ""budget"": 24, ""best_label"": 3.75983880995}, {""round"": 1, ""budget"": 48, ""best_label"": 3.87634027049}, {""round"": 2, ""budget"": 72, ""best_label"": 3.78029799109}, {""round"": 3, ""budget"": 96, ""best_label"": 3.8024267471800006}, {""round"": 4, ""budget"": 120, ""best_label"": 3.76495602132}, {""round"": 5, ""budget"": 144, ""best_label"": 3.77088099505}, {""round"": 6, ""budget"": 168, ""best_label"": 3.68029104611}, {""round"": 7, ""budget"": 192, ""best_label"": 3.80641710227}, {""round"": 8, ""budget"": 216, ""best_label"": 3.84374539121}, {""round"": 9, ""budget"": 240, ""best_label"": 3.67454016989}, {""round"": 10, ""budget"": 264, ""best_label"": 3.774418186865}, {""round"": 11, ""budget"": 288, ""best_label"": 3.91195804468}, {""round"": 12, ""budget"": 312, ""best_label"": 3.73674820301}, {""round"": 13, ""budget"": 336, ""best_label"": 3.81340999167}, {""round"": 14, ""budget"": 360, ""best_label"": 3.98846861193}, {""round"": 15, ""budget"": 384, ""best_label"": 3.73896815569}]"
v2,77,384,384,3.8817,3.0426,0.5339,0,43.1,"[{""round"": 0, ""budget"": 24, ""best_label"": 3.7378860328900014}, {""round"": 1, ""budget"": 48, ""best_label"": 3.8425349291300006}, {""round"": 2, ""budget"": 72, ""best_label"": 3.85805760359}, {""round"": 3, ""budget"": 96, ""best_label"": 3.7718812519}, {""round"": 4, ""budget"": 120, ""best_label"": 3.76447009302}, {""round"": 5, ""budget"": 144, ""best_label"": 3.69453143335}, {""round"": 6, ""budget"": 168, ""best_label"": 3.79471033133}, {""round"": 7, ""budget"": 192, ""best_label"": 3.75167068505}, {""round"": 8, ""budget"": 216, ""best_label"": 3.77015362216}, {""round"": 9, ""budget"": 240, ""best_label"": 3.88165204632}, {""round"": 10, ""budget"": 264, ""best_label"": 3.7872300293}, {""round"": 11, ""budget"": 288, ""best_label"": 3.78978080696}, {""round"": 12, ""budget"": 312, ""best_label"": 3.73044553411}, {""round"": 13, ""budget"": 336, ""best_label"": 3.714627734730002}, {""round"": 14, ""budget"": 360, ""best_label"": 3.77769544731}, {""round"": 15, ""budget"": 384, ""best_label"": 3.85888137894}]"
v2,88,384,384,4.0956,3.234,0.5321,0,39.0,"[{""round"": 0, ""budget"": 24, ""best_label"": 3.72143940023}, {""round"": 1, ""budget"": 48, ""best_label"": 3.87308538615}, {""round"": 2, ""budget"": 72, ""best_label"": 3.893948897869999}, {""round"": 3, ""budget"": 96, ""best_label"": 3.9755409443}, {""round"": 4, ""budget"": 120, ""best_label"": 3.63401367453}, {""round"": 5, ""budget"": 144, ""best_label"": 3.88443774884}, {""round"": 6, ""budget"": 168, ""best_label"": 3.78987906099}, {""round"": 7, ""budget"": 192, ""best_label"": 3.79002316523}, {""round"": 8, ""budget"": 216, ""best_label"": 3.77597430847}, {""round"": 9, ""budget"": 240, ""best_label"": 3.82876468265}, {""round"": 10, ""budget"": 264, ""best_label"": 3.76263005562}, {""round"": 11, ""budget"": 288, ""best_label"": 3.85686379695}, {""round"": 12, ""budget"": 312, ""best_label"": 4.09563969548}, {""round"": 13, ""budget"": 336, ""best_label"": 3.77189726}, {""round"": 14, ""budget"": 360, ""best_label"": 3.83992850846}, {""round"": 15, ""budget"": 384, ""best_label"": 3.8830984534199993}]"
v2-prior,11,96,96,3.8731,2.9869,0.3631,0,9.5,"[{""round"": 0, ""budget"": 24, ""best_label"": 3.87308538615}, {""round"": 1, ""budget"": 48, ""best_label"": 3.716512694680002}, {""round"": 2, ""budget"": 72, ""best_label"": 3.79314587049}, {""round"": 3, ""budget"": 96, ""best_label"": 3.75348838513}]"
v2-prior,22,96,96,4.0268,3.3153,0.4133,0,9.5,"[{""round"": 0, ""budget"": 24, ""best_label"": 3.78233167913}, {""round"": 1, ""budget"": 48, ""best_label"": 4.013864698419998}, {""round"": 2, ""budget"": 72, ""best_label"": 3.85251781873}, {""round"": 3, ""budget"": 96, ""best_label"": 4.02678534403}]"
v2-prior,33,96,96,3.8731,3.0213,0.3679,0,9.3,"[{""round"": 0, ""budget"": 24, ""best_label"": 3.87308538615}, {""round"": 1, ""budget"": 48, ""best_label"": 3.77683687759}, {""round"": 2, ""budget"": 72, ""best_label"": 3.70947279816}, {""round"": 3, ""budget"": 96, ""best_label"": 3.67087410313}]"
v2-prior,44,96,96,3.8496,2.6838,0.3703,0,10.1,"[{""round"": 0, ""budget"": 24, ""best_label"": 3.71926907017}, {""round"": 1, ""budget"": 48, ""best_label"": 3.84957986757}, {""round"": 2, ""budget"": 72, ""best_label"": 3.75896595024}, {""round"": 3, ""budget"": 96, ""best_label"": 3.7997754490300006}]"
v2-prior,55,96,96,3.9546,3.526,0.337,0,9.4,"[{""round"": 0, ""budget"": 24, ""best_label"": 3.95462864826}, {""round"": 1, ""budget"": 48, ""best_label"": 3.75193194198}, {""round"": 2, ""budget"": 72, ""best_label"": 3.86731774083}, {""round"": 3, ""budget"": 96, ""best_label"": 3.73702369118}]"
v2-prior,66,96,96,3.8763,2.7503,0.3807,0,9.2,"[{""round"": 0, ""budget"": 24, ""best_label"": 3.75983880995}, {""round"": 1, ""budget"": 48, ""best_label"": 3.87634027049}, {""round"": 2, ""budget"": 72, ""best_label"": 3.78029799109}, {""round"": 3, ""budget"": 96, ""best_label"": 3.8024267471800006}]"
v2-prior,77,96,96,3.8581,3.348,0.4562,0,9.4,"[{""round"": 0, ""budget"": 24, ""best_label"": 3.7378860328900014}, {""round"": 1, ""budget"": 48, ""best_label"": 3.8425349291300006}, {""round"": 2, ""budget"": 72, ""best_label"": 3.85805760359}, {""round"": 3, ""budget"": 96, ""best_label"": 3.7718812519}]"
v2-prior,88,96,96,3.9755,3.0421,0.3644,0,9.4,"[{""round"": 0, ""budget"": 24, ""best_label"": 3.72143940023}, {""round"": 1, ""budget"": 48, ""best_label"": 3.87308538615}, {""round"": 2, ""budget"": 72, ""best_label"": 3.893948897869999}, {""round"": 3, ""budget"": 96, ""best_label"": 3.9755409443}]"
v2-prior,11,192,192,3.8731,2.9314,0.4026,0,22.1,"[{""round"": 0, ""budget"": 24, ""best_label"": 3.87308538615}, {""round"": 1, ""budget"": 48, ""best_label"": 3.716512694680002}, {""round"": 2, ""budget"": 72, ""best_label"": 3.79314587049}, {""round"": 3, ""budget"": 96, ""best_label"": 3.75348838513}, {""round"": 4, ""budget"": 120, ""best_label"": 3.77251984464}, {""round"": 5, ""budget"": 144, ""best_label"": 3.72666073217}, {""round"": 6, ""budget"": 168, ""best_label"": 3.71248820447}, {""round"": 7, ""budget"": 192, ""best_label"": 3.80844757179}]"
v2-prior,22,192,192,4.0268,3.5784,0.4753,0,21.2,"[{""round"": 0, ""budget"": 24, ""best_label"": 3.78233167913}, {""round"": 1, ""budget"": 48, ""best_label"": 4.013864698419998}, {""round"": 2, ""budget"": 72, ""best_label"": 3.85251781873}, {""round"": 3, ""budget"": 96, ""best_label"": 4.02678534403}, {""round"": 4, ""budget"": 120, ""best_label"": 3.87752330556}, {""round"": 5, ""budget"": 144, ""best_label"": 3.75737598819}, {""round"": 6, ""budget"": 168, ""best_label"": 3.66324761447}, {""round"": 7, ""budget"": 192, ""best_label"": 3.857330835630001}]"
v2-prior,33,192,192,3.8731,2.7765,0.4339,0,29.0,"[{""round"": 0, ""budget"": 24, ""best_label"": 3.87308538615}, {""round"": 1, ""budget"": 48, ""best_label"": 3.77683687759}, {""round"": 2, ""budget"": 72, ""best_label"": 3.70947279816}, {""round"": 3, ""budget"": 96, ""best_label"": 3.67087410313}, {""round"": 4, ""budget"": 120, ""best_label"": 3.8105863929}, {""round"": 5, ""budget"": 144, ""best_label"": 3.79726321519}, {""round"": 6, ""budget"": 168, ""best_label"": 3.77597388736}, {""round"": 7, ""budget"": 192, ""best_label"": 3.78055739073}]"
v2-prior,44,192,192,4.1231,3.0235,0.4177,0,30.6,"[{""round"": 0, ""budget"": 24, ""best_label"": 3.71926907017}, {""round"": 1, ""budget"": 48, ""best_label"": 3.84957986757}, {""round"": 2, ""budget"": 72, ""best_label"": 3.75896595024}, {""round"": 3, ""budget"": 96, ""best_label"": 3.7997754490300006}, {""round"": 4, ""budget"": 120, ""best_label"": 3.82757335017}, {""round"": 5, ""budget"": 144, ""best_label"": 3.95462864826}, {""round"": 6, ""budget"": 168, ""best_label"": 4.12310906338}, {""round"": 7, ""budget"": 192, ""best_label"": 3.82689906554}]"
v2-prior,55,192,192,3.9546,3.4899,0.4384,0,25.5,"[{""round"": 0, ""budget"": 24, ""best_label"": 3.95462864826}, {""round"": 1, ""budget"": 48, ""best_label"": 3.75193194198}, {""round"": 2, ""budget"": 72, ""best_label"": 3.86731774083}, {""round"": 3, ""budget"": 96, ""best_label"": 3.73702369118}, {""round"": 4, ""budget"": 120, ""best_label"": 3.75801739335}, {""round"": 5, ""budget"": 144, ""best_label"": 3.8363316404}, {""round"": 6, ""budget"": 168, ""best_label"": 3.79740829371}, {""round"": 7, ""budget"": 192, ""best_label"": 3.8467486153400015}]"
v2-prior,66,192,192,3.8763,2.9367,0.4588,0,23.2,"[{""round"": 0, ""budget"": 24, ""best_label"": 3.75983880995}, {""round"": 1, ""budget"": 48, ""best_label"": 3.87634027049}, {""round"": 2, ""budget"": 72, ""best_label"": 3.78029799109}, {""round"": 3, ""budget"": 96, ""best_label"": 3.8024267471800006}, {""round"": 4, ""budget"": 120, ""best_label"": 3.76495602132}, {""round"": 5, ""budget"": 144, ""best_label"": 3.77088099505}, {""round"": 6, ""budget"": 168, ""best_label"": 3.68029104611}, {""round"": 7, ""budget"": 192, ""best_label"": 3.80641710227}]"
v2-prior,77,192,192,3.8581,3.4222,0.4845,0,28.0,"[{""round"": 0, ""budget"": 24, ""best_label"": 3.7378860328900014}, {""round"": 1, ""budget"": 48, ""best_label"": 3.8425349291300006}, {""round"": 2, ""budget"": 72, ""best_label"": 3.85805760359}, {""round"": 3, ""budget"": 96, ""best_label"": 3.7718812519}, {""round"": 4, ""budget"": 120, ""best_label"": 3.76447009302}, {""round"": 5, ""budget"": 144, ""best_label"": 3.69453143335}, {""round"": 6, ""budget"": 168, ""best_label"": 3.79471033133}, {""round"": 7, ""budget"": 192, ""best_label"": 3.75167068505}]"
v2-prior,88,192,192,3.9755,3.065,0.4184,0,22.0,"[{""round"": 0, ""budget"": 24, ""best_label"": 3.72143940023}, {""round"": 1, ""budget"": 48, ""best_label"": 3.87308538615}, {""round"": 2, ""budget"": 72, ""best_label"": 3.893948897869999}, {""round"": 3, ""budget"": 96, ""best_label"": 3.9755409443}, {""round"": 4, ""budget"": 120, ""best_label"": 3.63401367453}, {""round"": 5, ""budget"": 144, ""best_label"": 3.88443774884}, {""round"": 6, ""budget"": 168, ""best_label"": 3.78987906099}, {""round"": 7, ""budget"": 192, ""best_label"": 3.79002316523}]"
v2-prior,11,384,384,3.8731,3.4516,0.5012,0,39.8,"[{""round"": 0, ""budget"": 24, ""best_label"": 3.87308538615}, {""round"": 1, ""budget"": 48, ""best_label"": 3.716512694680002}, {""round"": 2, ""budget"": 72, ""best_label"": 3.79314587049}, {""round"": 3, ""budget"": 96, ""best_label"": 3.75348838513}, {""round"": 4, ""budget"": 120, ""best_label"": 3.77251984464}, {""round"": 5, ""budget"": 144, ""best_label"": 3.72666073217}, {""round"": 6, ""budget"": 168, ""best_label"": 3.71248820447}, {""round"": 7, ""budget"": 192, ""best_label"": 3.80844757179}, {""round"": 8, ""budget"": 216, ""best_label"": 3.74820126255}, {""round"": 9, ""budget"": 240, ""best_label"": 3.80500105479}, {""round"": 10, ""budget"": 264, ""best_label"": 3.76142704641}, {""round"": 11, ""budget"": 288, ""best_label"": 3.7370332346300006}, {""round"": 12, ""budget"": 312, ""best_label"": 3.80934230119}, {""round"": 13, ""budget"": 336, ""best_label"": 3.79909374382}, {""round"": 14, ""budget"": 360, ""best_label"": 3.7716750253}, {""round"": 15, ""budget"": 384, ""best_label"": 3.69728085694}]"
v2-prior,22,384,384,4.0268,3.2639,0.5309,0,38.2,"[{""round"": 0, ""budget"": 24, ""best_label"": 3.78233167913}, {""round"": 1, ""budget"": 48, ""best_label"": 4.013864698419998}, {""round"": 2, ""budget"": 72, ""best_label"": 3.85251781873}, {""round"": 3, ""budget"": 96, ""best_label"": 4.02678534403}, {""round"": 4, ""budget"": 120, ""best_label"": 3.87752330556}, {""round"": 5, ""budget"": 144, ""best_label"": 3.75737598819}, {""round"": 6, ""budget"": 168, ""best_label"": 3.66324761447}, {""round"": 7, ""budget"": 192, ""best_label"": 3.857330835630001}, {""round"": 8, ""budget"": 216, ""best_label"": 3.79456151883}, {""round"": 9, ""budget"": 240, ""best_label"": 3.89524312593}, {""round"": 10, ""budget"": 264, ""best_label"": 3.84298958161}, {""round"": 11, ""budget"": 288, ""best_label"": 3.7259711916300007}, {""round"": 12, ""budget"": 312, ""best_label"": 3.91808635647}, {""round"": 13, ""budget"": 336, ""best_label"": 3.81970210089}, {""round"": 14, ""budget"": 360, ""best_label"": 3.953950192}, {""round"": 15, ""budget"": 384, ""best_label"": 3.84061261185}]"
v2-prior,33,384,384,3.8975,3.4094,0.4875,0,42.4,"[{""round"": 0, ""budget"": 24, ""best_label"": 3.87308538615}, {""round"": 1, ""budget"": 48, ""best_label"": 3.77683687759}, {""round"": 2, ""budget"": 72, ""best_label"": 3.70947279816}, {""round"": 3, ""budget"": 96, ""best_label"": 3.67087410313}, {""round"": 4, ""budget"": 120, ""best_label"": 3.8105863929}, {""round"": 5, ""budget"": 144, ""best_label"": 3.79726321519}, {""round"": 6, ""budget"": 168, ""best_label"": 3.77597388736}, {""round"": 7, ""budget"": 192, ""best_label"": 3.78055739073}, {""round"": 8, ""budget"": 216, ""best_label"": 3.8182206826}, {""round"": 9, ""budget"": 240, ""best_label"": 3.79107222206}, {""round"": 10, ""budget"": 264, ""best_label"": 3.8420717683800008}, {""round"": 11, ""budget"": 288, ""best_label"": 3.77841386426}, {""round"": 12, ""budget"": 312, ""best_label"": 3.8974692349}, {""round"": 13, ""budget"": 336, ""best_label"": 3.80121852139}, {""round"": 14, ""budget"": 360, ""best_label"": 3.7392550754}, {""round"": 15, ""budget"": 384, ""best_label"": 3.7718812519}]"
v2-prior,44,384,384,4.1231,3.0732,0.4965,0,37.1,"[{""round"": 0, ""budget"": 24, ""best_label"": 3.71926907017}, {""round"": 1, ""budget"": 48, ""best_label"": 3.84957986757}, {""round"": 2, ""budget"": 72, ""best_label"": 3.75896595024}, {""round"": 3, ""budget"": 96, ""best_label"": 3.7997754490300006}, {""round"": 4, ""budget"": 120, ""best_label"": 3.82757335017}, {""round"": 5, ""budget"": 144, ""best_label"": 3.95462864826}, {""round"": 6, ""budget"": 168, ""best_label"": 4.12310906338}, {""round"": 7, ""budget"": 192, ""best_label"": 3.82689906554}, {""round"": 8, ""budget"": 216, ""best_label"": 3.87186570787}, {""round"": 9, ""budget"": 240, ""best_label"": 3.71538026011}, {""round"": 10, ""budget"": 264, ""best_label"": 3.83644186505}, {""round"": 11, ""budget"": 288, ""best_label"": 3.77171765063}, {""round"": 12, ""budget"": 312, ""best_label"": 3.72442794925667}, {""round"": 13, ""budget"": 336, ""best_label"": 3.80093557575}, {""round"": 14, ""budget"": 360, ""best_label"": 3.89801527925}, {""round"": 15, ""budget"": 384, ""best_label"": 3.8847714694}]"
v2-prior,55,384,384,3.9546,3.361,0.5404,0,37.0,"[{""round"": 0, ""budget"": 24, ""best_label"": 3.95462864826}, {""round"": 1, ""budget"": 48, ""best_label"": 3.75193194198}, {""round"": 2, ""budget"": 72, ""best_label"": 3.86731774083}, {""round"": 3, ""budget"": 96, ""best_label"": 3.73702369118}, {""round"": 4, ""budget"": 120, ""best_label"": 3.75801739335}, {""round"": 5, ""budget"": 144, ""best_label"": 3.8363316404}, {""round"": 6, ""budget"": 168, ""best_label"": 3.79740829371}, {""round"": 7, ""budget"": 192, ""best_label"": 3.8467486153400015}, {""round"": 8, ""budget"": 216, ""best_label"": 3.90389095979}, {""round"": 9, ""budget"": 240, ""best_label"": 3.853267411080002}, {""round"": 10, ""budget"": 264, ""best_label"": 3.9297767208800014}, {""round"": 11, ""budget"": 288, ""best_label"": 3.77188127951}, {""round"": 12, ""budget"": 312, ""best_label"": 3.70366132061}, {""round"": 13, ""budget"": 336, ""best_label"": 3.76157113959}, {""round"": 14, ""budget"": 360, ""best_label"": 3.88413151855}, {""round"": 15, ""budget"": 384, ""best_label"": 3.8926150629}]"
v2-prior,66,384,384,3.9885,3.4496,0.5213,0,37.3,"[{""round"": 0, ""budget"": 24, ""best_label"": 3.75983880995}, {""round"": 1, ""budget"": 48, ""best_label"": 3.87634027049}, {""round"": 2, ""budget"": 72, ""best_label"": 3.78029799109}, {""round"": 3, ""budget"": 96, ""best_label"": 3.8024267471800006}, {""round"": 4, ""budget"": 120, ""best_label"": 3.76495602132}, {""round"": 5, ""budget"": 144, ""best_label"": 3.77088099505}, {""round"": 6, ""budget"": 168, ""best_label"": 3.68029104611}, {""round"": 7, ""budget"": 192, ""best_label"": 3.80641710227}, {""round"": 8, ""budget"": 216, ""best_label"": 3.84374539121}, {""round"": 9, ""budget"": 240, ""best_label"": 3.67454016989}, {""round"": 10, ""budget"": 264, ""best_label"": 3.774418186865}, {""round"": 11, ""budget"": 288, ""best_label"": 3.91195804468}, {""round"": 12, ""budget"": 312, ""best_label"": 3.73674820301}, {""round"": 13, ""budget"": 336, ""best_label"": 3.81340999167}, {""round"": 14, ""budget"": 360, ""best_label"": 3.98846861193}, {""round"": 15, ""budget"": 384, ""best_label"": 3.73896815569}]"
v2-prior,77,384,384,3.8817,3.0761,0.536,0,38.7,"[{""round"": 0, ""budget"": 24, ""best_label"": 3.7378860328900014}, {""round"": 1, ""budget"": 48, ""best_label"": 3.8425349291300006}, {""round"": 2, ""budget"": 72, ""best_label"": 3.85805760359}, {""round"": 3, ""budget"": 96, ""best_label"": 3.7718812519}, {""round"": 4, ""budget"": 120, ""best_label"": 3.76447009302}, {""round"": 5, ""budget"": 144, ""best_label"": 3.69453143335}, {""round"": 6, ""budget"": 168, ""best_label"": 3.79471033133}, {""round"": 7, ""budget"": 192, ""best_label"": 3.75167068505}, {""round"": 8, ""budget"": 216, ""best_label"": 3.77015362216}, {""round"": 9, ""budget"": 240, ""best_label"": 3.88165204632}, {""round"": 10, ""budget"": 264, ""best_label"": 3.7872300293}, {""round"": 11, ""budget"": 288, ""best_label"": 3.78978080696}, {""round"": 12, ""budget"": 312, ""best_label"": 3.73044553411}, {""round"": 13, ""budget"": 336, ""best_label"": 3.714627734730002}, {""round"": 14, ""budget"": 360, ""best_label"": 3.77769544731}, {""round"": 15, ""budget"": 384, ""best_label"": 3.85888137894}]"
v2-prior,88,384,384,4.0956,3.3097,0.514,0,37.2,"[{""round"": 0, ""budget"": 24, ""best_label"": 3.72143940023}, {""round"": 1, ""budget"": 48, ""best_label"": 3.87308538615}, {""round"": 2, ""budget"": 72, ""best_label"": 3.893948897869999}, {""round"": 3, ""budget"": 96, ""best_label"": 3.9755409443}, {""round"": 4, ""budget"": 120, ""best_label"": 3.63401367453}, {""round"": 5, ""budget"": 144, ""best_label"": 3.88443774884}, {""round"": 6, ""budget"": 168, ""best_label"": 3.78987906099}, {""round"": 7, ""budget"": 192, ""best_label"": 3.79002316523}, {""round"": 8, ""budget"": 216, ""best_label"": 3.77597430847}, {""round"": 9, ""budget"": 240, ""best_label"": 3.82876468265}, {""round"": 10, ""budget"": 264, ""best_label"": 3.76263005562}, {""round"": 11, ""budget"": 288, ""best_label"": 3.85686379695}, {""round"": 12, ""budget"": 312, ""best_label"": 4.09563969548}, {""round"": 13, ""budget"": 336, ""best_label"": 3.77189726}, {""round"": 14, ""budget"": 360, ""best_label"": 3.83992850846}, {""round"": 15, ""budget"": 384, ""best_label"": 3.8830984534199993}]"
v1,11,96,30,4.0192,1.8006,0.2467,0,362.7,"[{""round"": 0, ""budget"": 1, ""best_label"": 3.54112870241}, {""round"": 1, ""budget"": 2, ""best_label"": 3.69390273611}, {""round"": 2, ""budget"": 3, ""best_label"": 2.1638268982900004}, {""round"": 3, ""budget"": 4, ""best_label"": 3.95462864826}, {""round"": 4, ""budget"": 5, ""best_label"": 3.87308538615}, {""round"": 5, ""budget"": 6, ""best_label"": 3.42437310143}, {""round"": 6, ""budget"": 7, ""best_label"": 3.7487968834300007}, {""round"": 7, ""budget"": 8, ""best_label"": 3.49218309006}, {""round"": 8, ""budget"": 9, ""best_label"": 3.83426512387}, {""round"": 9, ""budget"": 10, ""best_label"": 3.77088099505}, {""round"": 10, ""budget"": 11, ""best_label"": 3.69418676746}, {""round"": 11, ""budget"": 12, ""best_label"": 1.5122822007}, {""round"": 12, ""budget"": 13, ""best_label"": 1.40879223401}, {""round"": 13, ""budget"": 14, ""best_label"": 3.63762290154}, {""round"": 14, ""budget"": 15, ""best_label"": 3.4990486760300006}, {""round"": 15, ""budget"": 16, ""best_label"": 3.6341516808}, {""round"": 16, ""budget"": 17, ""best_label"": 3.85358391604}, {""round"": 17, ""budget"": 18, ""best_label"": 3.48354386051}, {""round"": 18, ""budget"": 19, ""best_label"": 3.70183740323}, {""round"": 19, ""budget"": 20, ""best_label"": 1.30102997143}, {""round"": 20, ""budget"": 21, ""best_label"": 3.09255122459}, {""round"": 21, ""budget"": 22, ""best_label"": 3.64218740652}, {""round"": 22, ""budget"": 23, ""best_label"": 3.77577975757}, {""round"": 23, ""budget"": 24, ""best_label"": 4.01921979179}, {""round"": 24, ""budget"": 25, ""best_label"": 3.73135734639}, {""round"": 25, ""budget"": 26, ""best_label"": 1.30103169828}, {""round"": 26, ""budget"": 27, ""best_label"": 3.62485171381}, {""round"": 27, ""budget"": 28, ""best_label"": 3.5320684740099995}, {""round"": 28, ""budget"": 29, ""best_label"": 3.53908519797}, {""round"": 29, ""budget"": 30, ""best_label"": 3.5060989489}]"
v1,22,96,30,4.0192,1.8006,0.2218,0,453.5,"[{""round"": 0, ""budget"": 1, ""best_label"": 3.49218309006}, {""round"": 1, ""budget"": 2, ""best_label"": 3.54112870241}, {""round"": 2, ""budget"": 3, ""best_label"": 3.7487968834300007}, {""round"": 3, ""budget"": 4, ""best_label"": 3.95462864826}, {""round"": 4, ""budget"": 5, ""best_label"": 3.42437310143}, {""round"": 5, ""budget"": 6, ""best_label"": 3.87308538615}, {""round"": 6, ""budget"": 7, ""best_label"": 2.1638268982900004}, {""round"": 7, ""budget"": 8, ""best_label"": 3.63762290154}, {""round"": 8, ""budget"": 9, ""best_label"": 3.77577975757}, {""round"": 9, ""budget"": 10, ""best_label"": 3.62485171381}, {""round"": 10, ""budget"": 11, ""best_label"": 3.53908519797}, {""round"": 11, ""budget"": 12, ""best_label"": 1.30102997143}, {""round"": 12, ""budget"": 13, ""best_label"": 3.85358391604}, {""round"": 13, ""budget"": 14, ""best_label"": 4.01921979179}, {""round"": 14, ""budget"": 15, ""best_label"": 1.5122822007}, {""round"": 15, ""budget"": 16, ""best_label"": 3.63318319672}, {""round"": 16, ""budget"": 17, ""best_label"": 1.40879223401}, {""round"": 17, ""budget"": 18, ""best_label"": 3.73135734639}, {""round"": 18, ""budget"": 19, ""best_label"": 3.70183740323}, {""round"": 19, ""budget"": 20, ""best_label"": 3.69418676746}, {""round"": 20, ""budget"": 21, ""best_label"": 3.83426512387}, {""round"": 21, ""budget"": 22, ""best_label"": 3.6341516808}, {""round"": 22, ""budget"": 23, ""best_label"": 3.40897894389}, {""round"": 23, ""budget"": 24, ""best_label"": 3.56330936636}, {""round"": 24, ""budget"": 25, ""best_label"": 3.61386054768}, {""round"": 25, ""budget"": 26, ""best_label"": 3.77088099505}, {""round"": 26, ""budget"": 27, ""best_label"": 1.60475831556}, {""round"": 27, ""budget"": 28, ""best_label"": 3.39539009576}, {""round"": 28, ""budget"": 29, ""best_label"": 3.64218740652}, {""round"": 29, ""budget"": 30, ""best_label"": 3.70881558511}]"
v1,33,96,30,4.0192,1.8006,0.2384,0,333.2,"[{""round"": 0, ""budget"": 1, ""best_label"": 3.87308538615}, {""round"": 1, ""budget"": 2, ""best_label"": 3.54112870241}, {""round"": 2, ""budget"": 3, ""best_label"": 2.1638268982900004}, {""round"": 3, ""budget"": 4, ""best_label"": 3.42437310143}, {""round"": 4, ""budget"": 5, ""best_label"": 3.69390273611}, {""round"": 5, ""budget"": 6, ""best_label"": 3.7487968834300007}, {""round"": 6, ""budget"": 7, ""best_label"": 3.49218309006}, {""round"": 7, ""budget"": 8, ""best_label"": 3.95462864826}, {""round"": 8, ""budget"": 9, ""best_label"": 3.62485171381}, {""round"": 9, ""budget"": 10, ""best_label"": 3.63318319672}, {""round"": 10, ""budget"": 11, ""best_label"": 3.69418676746}, {""round"": 11, ""budget"": 12, ""best_label"": 3.85358391604}, {""round"": 12, ""budget"": 13, ""best_label"": 3.83426512387}, {""round"": 13, ""budget"": 14, ""best_label"": 3.56330936636}, {""round"": 14, ""budget"": 15, ""best_label"": 4.01921979179}, {""round"": 15, ""budget"": 16, ""best_label"": 1.40879223401}, {""round"": 16, ""budget"": 17, ""best_label"": 3.63762290154}, {""round"": 17, ""budget"": 18, ""best_label"": 3.6341516808}, {""round"": 18, ""budget"": 19, ""best_label"": 3.4990486760300006}, {""round"": 19, ""budget"": 20, ""best_label"": 1.30102997143}, {""round"": 20, ""budget"": 21, ""best_label"": 3.40897894389}, {""round"": 21, ""budget"": 22, ""best_label"": 1.5122822007}, {""round"": 22, ""budget"": 23, ""best_label"": 1.30103169828}, {""round"": 23, ""budget"": 24, ""best_label"": 3.73135734639}, {""round"": 24, ""budget"": 25, ""best_label"": 3.64218740652}, {""round"": 25, ""budget"": 26, ""best_label"": 1.60475831556}, {""round"": 26, ""budget"": 27, ""best_label"": 3.53908519797}, {""round"": 27, ""budget"": 28, ""best_label"": 3.70183740323}, {""round"": 28, ""budget"": 29, ""best_label"": 3.69277808698}, {""round"": 29, ""budget"": 30, ""best_label"": 3.77088099505}]"
v1,44,96,30,4.0192,1.8006,0.2379,0,465.4,"[{""round"": 0, ""budget"": 1, ""best_label"": 3.87308538615}, {""round"": 1, ""budget"": 2, ""best_label"": 3.95462864826}, {""round"": 2, ""budget"": 3, ""best_label"": 3.49218309006}, {""round"": 3, ""budget"": 4, ""best_label"": 2.1638268982900004}, {""round"": 4, ""budget"": 5, ""best_label"": 3.42437310143}, {""round"": 5, ""budget"": 6, ""best_label"": 3.69418676746}, {""round"": 6, ""budget"": 7, ""best_label"": 3.54112870241}, {""round"": 7, ""budget"": 8, ""best_label"": 3.56330936636}, {""round"": 8, ""budget"": 9, ""best_label"": 3.53908519797}, {""round"": 9, ""budget"": 10, ""best_label"": 3.7487968834300007}, {""round"": 10, ""budget"": 11, ""best_label"": 4.01921979179}, {""round"": 11, ""budget"": 12, ""best_label"": 3.63762290154}, {""round"": 12, ""budget"": 13, ""best_label"": 3.77088099505}, {""round"": 13, ""budget"": 14, ""best_label"": 3.70183740323}, {""round"": 14, ""budget"": 15, ""best_label"": 3.6341516808}, {""round"": 15, ""budget"": 16, ""best_label"": 3.62485171381}, {""round"": 16, ""budget"": 17, ""best_label"": 3.77577975757}, {""round"": 17, ""budget"": 18, ""best_label"": 3.64218740652}, {""round"": 18, ""budget"": 19, ""best_label"": 1.40879223401}, {""round"": 19, ""budget"": 20, ""best_label"": 3.73135734639}, {""round"": 20, ""budget"": 21, ""best_label"": 3.4990486760300006}, {""round"": 21, ""budget"": 22, ""best_label"": 3.83426512387}, {""round"": 22, ""budget"": 23, ""best_label"": 3.85358391604}, {""round"": 23, ""budget"": 24, ""best_label"": 3.49986073334}, {""round"": 24, ""budget"": 25, ""best_label"": 1.5122822007}, {""round"": 25, ""budget"": 26, ""best_label"": 1.30103169828}, {""round"": 26, ""budget"": 27, ""best_label"": 3.50269064231}, {""round"": 27, ""budget"": 28, ""best_label"": 3.72536944655}, {""round"": 28, ""budget"": 29, ""best_label"": 3.69368827921}, {""round"": 29, ""budget"": 30, ""best_label"": 3.7061678975}]"
v1,55,96,30,4.0192,1.8006,0.2522,0,231.7,"[{""round"": 0, ""budget"": 1, ""best_label"": 3.87308538615}, {""round"": 1, ""budget"": 2, ""best_label"": 3.49218309006}, {""round"": 2, ""budget"": 3, ""best_label"": 3.69390273611}, {""round"": 3, ""budget"": 4, ""best_label"": 3.54112870241}, {""round"": 4, ""budget"": 5, ""best_label"": 3.95462864826}, {""round"": 5, ""budget"": 6, ""best_label"": 3.7487968834300007}, {""round"": 6, ""budget"": 7, ""best_label"": 3.69418676746}, {""round"": 7, ""budget"": 8, ""best_label"": 3.42437310143}, {""round"": 8, ""budget"": 9, ""best_label"": 1.40879223401}, {""round"": 9, ""budget"": 10, ""best_label"": 3.83426512387}, {""round"": 10, ""budget"": 11, ""best_label"": 3.70183740323}, {""round"": 11, ""budget"": 12, ""best_label"": 4.01921979179}, {""round"": 12, ""budget"": 13, ""best_label"": 3.85358391604}, {""round"": 13, ""budget"": 14, ""best_label"": 1.3020584742}, {""round"": 14, ""budget"": 15, ""best_label"": 3.73135734639}, {""round"": 15, ""budget"": 16, ""best_label"": 3.6341516808}, {""round"": 16, ""budget"": 17, ""best_label"": 1.5122822007}, {""round"": 17, ""budget"": 18, ""best_label"": 3.59115823128}, {""round"": 18, ""budget"": 19, ""best_label"": 3.77088099505}, {""round"": 19, ""budget"": 20, ""best_label"": 3.63762290154}, {""round"": 20, ""budget"": 21, ""best_label"": 3.64218740652}, {""round"": 21, ""budget"": 22, ""best_label"": 3.48354386051}, {""round"": 22, ""budget"": 23, ""best_label"": 3.53908519797}, {""round"": 23, ""budget"": 24, ""best_label"": 3.58638604133}, {""round"": 24, ""budget"": 25, ""best_label"": 1.30103169828}, {""round"": 25, ""budget"": 26, ""best_label"": 2.1638268982900004}, {""round"": 26, ""budget"": 27, ""best_label"": 3.5262850372}, {""round"": 27, ""budget"": 28, ""best_label"": 3.62485171381}, {""round"": 28, ""budget"": 29, ""best_label"": 1.64890944412}, {""round"": 29, ""budget"": 30, ""best_label"": 3.56330936636}]"
v1,66,96,30,4.0192,1.8006,0.2533,0,349.2,"[{""round"": 0, ""budget"": 1, ""best_label"": 3.95462864826}, {""round"": 1, ""budget"": 2, ""best_label"": 3.54112870241}, {""round"": 2, ""budget"": 3, ""best_label"": 2.1638268982900004}, {""round"": 3, ""budget"": 4, ""best_label"": 3.49218309006}, {""round"": 4, ""budget"": 5, ""best_label"": 3.87308538615}, {""round"": 5, ""budget"": 6, ""best_label"": 3.7487968834300007}, {""round"": 6, ""budget"": 7, ""best_label"": 3.6341516808}, {""round"": 7, ""budget"": 8, ""best_label"": 3.48354386051}, {""round"": 8, ""budget"": 9, ""best_label"": 3.77088099505}, {""round"": 9, ""budget"": 10, ""best_label"": 3.77577975757}, {""round"": 10, ""budget"": 11, ""best_label"": 4.01921979179}, {""round"": 11, ""budget"": 12, ""best_label"": 3.85358391604}, {""round"": 12, ""budget"": 13, ""best_label"": 3.83426512387}, {""round"": 13, ""budget"": 14, ""best_label"": 3.5320684740099995}, {""round"": 14, ""budget"": 15, ""best_label"": 3.69418676746}, {""round"": 15, ""budget"": 16, ""best_label"": 3.42437310143}, {""round"": 16, ""budget"": 17, ""best_label"": 3.73135734639}, {""round"": 17, ""budget"": 18, ""best_label"": 3.70183740323}, {""round"": 18, ""budget"": 19, ""best_label"": 3.5262850372}, {""round"": 19, ""budget"": 20, ""best_label"": 1.6038397938}, {""round"": 20, ""budget"": 21, ""best_label"": 1.40879223401}, {""round"": 21, ""budget"": 22, ""best_label"": 3.62485171381}, {""round"": 22, ""budget"": 23, ""best_label"": 1.3010299877200002}, {""round"": 23, ""budget"": 24, ""best_label"": 3.53908519797}, {""round"": 24, ""budget"": 25, ""best_label"": 3.56330936636}, {""round"": 25, ""budget"": 26, ""best_label"": 3.66751301021}, {""round"": 26, ""budget"": 27, ""best_label"": 3.4990486760300006}, {""round"": 27, ""budget"": 28, ""best_label"": 1.30102997143}, {""round"": 28, ""budget"": 29, ""best_label"": 1.5122822007}, {""round"": 29, ""budget"": 30, ""best_label"": 3.58718023282}]"
v1,77,96,30,4.0192,1.8006,0.2496,0,267.3,"[{""round"": 0, ""budget"": 1, ""best_label"": 3.49218309006}, {""round"": 1, ""budget"": 2, ""best_label"": 3.95462864826}, {""round"": 2, ""budget"": 3, ""best_label"": 3.54112870241}, {""round"": 3, ""budget"": 4, ""best_label"": 3.7487968834300007}, {""round"": 4, ""budget"": 5, ""best_label"": 2.1638268982900004}, {""round"": 5, ""budget"": 6, ""best_label"": 3.87308538615}, {""round"": 6, ""budget"": 7, ""best_label"": 3.63762290154}, {""round"": 7, ""budget"": 8, ""best_label"": 3.85358391604}, {""round"": 8, ""budget"": 9, ""best_label"": 3.64218740652}, {""round"": 9, ""budget"": 10, ""best_label"": 3.77577975757}, {""round"": 10, ""budget"": 11, ""best_label"": 3.4188163993000003}, {""round"": 11, ""budget"": 12, ""best_label"": 3.53908519797}, {""round"": 12, ""budget"": 13, ""best_label"": 3.42437310143}, {""round"": 13, ""budget"": 14, ""best_label"": 3.69418676746}, {""round"": 14, ""budget"": 15, ""best_label"": 3.62485171381}, {""round"": 15, ""budget"": 16, ""best_label"": 3.5500401630300003}, {""round"": 16, ""budget"": 17, ""best_label"": 3.6341516808}, {""round"": 17, ""budget"": 18, ""best_label"": 4.01921979179}, {""round"": 18, ""budget"": 19, ""best_label"": 1.5122822007}, {""round"": 19, ""budget"": 20, ""best_label"": 1.60475831556}, {""round"": 20, ""budget"": 21, ""best_label"": 1.40879223401}, {""round"": 21, ""budget"": 22, ""best_label"": 3.73135734639}, {""round"": 22, ""budget"": 23, ""best_label"": 3.59115823128}, {""round"": 23, ""budget"": 24, ""best_label"": 3.4990486760300006}, {""round"": 24, ""budget"": 25, ""best_label"": 3.70183740323}, {""round"": 25, ""budget"": 26, ""best_label"": 3.56330936636}, {""round"": 26, ""budget"": 27, ""best_label"": 3.5320684740099995}, {""round"": 27, ""budget"": 28, ""best_label"": 3.48354386051}, {""round"": 28, ""budget"": 29, ""best_label"": 1.30102997143}, {""round"": 29, ""budget"": 30, ""best_label"": 3.66751301021}]"
v1,88,96,30,4.0192,1.8006,0.2443,0,247.1,"[{""round"": 0, ""budget"": 1, ""best_label"": 2.1638268982900004}, {""round"": 1, ""budget"": 2, ""best_label"": 3.49218309006}, {""round"": 2, ""budget"": 3, ""best_label"": 3.87308538615}, {""round"": 3, ""budget"": 4, ""best_label"": 3.95462864826}, {""round"": 4, ""budget"": 5, ""best_label"": 3.7487968834300007}, {""round"": 5, ""budget"": 6, ""best_label"": 3.69418676746}, {""round"": 6, ""budget"": 7, ""best_label"": 3.54112870241}, {""round"": 7, ""budget"": 8, ""best_label"": 3.6341516808}, {""round"": 8, ""budget"": 9, ""best_label"": 3.72536944655}, {""round"": 9, ""budget"": 10, ""best_label"": 3.5320684740099995}, {""round"": 10, ""budget"": 11, ""best_label"": 3.85358391604}, {""round"": 11, ""budget"": 12, ""best_label"": 3.63762290154}, {""round"": 12, ""budget"": 13, ""best_label"": 3.42437310143}, {""round"": 13, ""budget"": 14, ""best_label"": 3.64218740652}, {""round"": 14, ""budget"": 15, ""best_label"": 3.73135734639}, {""round"": 15, ""budget"": 16, ""best_label"": 3.4990486760300006}, {""round"": 16, ""budget"": 17, ""best_label"": 3.70183740323}, {""round"": 17, ""budget"": 18, ""best_label"": 3.53908519797}, {""round"": 18, ""budget"": 19, ""best_label"": 1.40879223401}, {""round"": 19, ""budget"": 20, ""best_label"": 3.77088099505}, {""round"": 20, ""budget"": 21, ""best_label"": 3.58638604133}, {""round"": 21, ""budget"": 22, ""best_label"": 4.01921979179}, {""round"": 22, ""budget"": 23, ""best_label"": 3.77577975757}, {""round"": 23, ""budget"": 24, ""best_label"": 3.83426512387}, {""round"": 24, ""budget"": 25, ""best_label"": 1.3020584742}, {""round"": 25, ""budget"": 26, ""best_label"": 3.62485171381}, {""round"": 26, ""budget"": 27, ""best_label"": 1.5122822007}, {""round"": 27, ""budget"": 28, ""best_label"": 3.69368827921}, {""round"": 28, ""budget"": 29, ""best_label"": 3.58262161652}, {""round"": 29, ""budget"": 30, ""best_label"": 1.30102997143}]"
v1,11,192,30,4.0192,1.8006,0.2467,0,302.6,"[{""round"": 0, ""budget"": 1, ""best_label"": 3.54112870241}, {""round"": 1, ""budget"": 2, ""best_label"": 3.69390273611}, {""round"": 2, ""budget"": 3, ""best_label"": 2.1638268982900004}, {""round"": 3, ""budget"": 4, ""best_label"": 3.95462864826}, {""round"": 4, ""budget"": 5, ""best_label"": 3.87308538615}, {""round"": 5, ""budget"": 6, ""best_label"": 3.42437310143}, {""round"": 6, ""budget"": 7, ""best_label"": 3.7487968834300007}, {""round"": 7, ""budget"": 8, ""best_label"": 3.49218309006}, {""round"": 8, ""budget"": 9, ""best_label"": 3.83426512387}, {""round"": 9, ""budget"": 10, ""best_label"": 3.77088099505}, {""round"": 10, ""budget"": 11, ""best_label"": 3.69418676746}, {""round"": 11, ""budget"": 12, ""best_label"": 1.5122822007}, {""round"": 12, ""budget"": 13, ""best_label"": 1.40879223401}, {""round"": 13, ""budget"": 14, ""best_label"": 3.63762290154}, {""round"": 14, ""budget"": 15, ""best_label"": 3.4990486760300006}, {""round"": 15, ""budget"": 16, ""best_label"": 3.6341516808}, {""round"": 16, ""budget"": 17, ""best_label"": 3.85358391604}, {""round"": 17, ""budget"": 18, ""best_label"": 3.48354386051}, {""round"": 18, ""budget"": 19, ""best_label"": 3.70183740323}, {""round"": 19, ""budget"": 20, ""best_label"": 1.30102997143}, {""round"": 20, ""budget"": 21, ""best_label"": 3.09255122459}, {""round"": 21, ""budget"": 22, ""best_label"": 3.64218740652}, {""round"": 22, ""budget"": 23, ""best_label"": 3.77577975757}, {""round"": 23, ""budget"": 24, ""best_label"": 4.01921979179}, {""round"": 24, ""budget"": 25, ""best_label"": 3.73135734639}, {""round"": 25, ""budget"": 26, ""best_label"": 1.30103169828}, {""round"": 26, ""budget"": 27, ""best_label"": 3.62485171381}, {""round"": 27, ""budget"": 28, ""best_label"": 3.5320684740099995}, {""round"": 28, ""budget"": 29, ""best_label"": 3.53908519797}, {""round"": 29, ""budget"": 30, ""best_label"": 3.5060989489}]"
v1,22,192,30,4.0192,1.8006,0.2218,0,397.6,"[{""round"": 0, ""budget"": 1, ""best_label"": 3.49218309006}, {""round"": 1, ""budget"": 2, ""best_label"": 3.54112870241}, {""round"": 2, ""budget"": 3, ""best_label"": 3.7487968834300007}, {""round"": 3, ""budget"": 4, ""best_label"": 3.95462864826}, {""round"": 4, ""budget"": 5, ""best_label"": 3.42437310143}, {""round"": 5, ""budget"": 6, ""best_label"": 3.87308538615}, {""round"": 6, ""budget"": 7, ""best_label"": 2.1638268982900004}, {""round"": 7, ""budget"": 8, ""best_label"": 3.63762290154}, {""round"": 8, ""budget"": 9, ""best_label"": 3.77577975757}, {""round"": 9, ""budget"": 10, ""best_label"": 3.62485171381}, {""round"": 10, ""budget"": 11, ""best_label"": 3.53908519797}, {""round"": 11, ""budget"": 12, ""best_label"": 1.30102997143}, {""round"": 12, ""budget"": 13, ""best_label"": 3.85358391604}, {""round"": 13, ""budget"": 14, ""best_label"": 4.01921979179}, {""round"": 14, ""budget"": 15, ""best_label"": 1.5122822007}, {""round"": 15, ""budget"": 16, ""best_label"": 3.63318319672}, {""round"": 16, ""budget"": 17, ""best_label"": 1.40879223401}, {""round"": 17, ""budget"": 18, ""best_label"": 3.73135734639}, {""round"": 18, ""budget"": 19, ""best_label"": 3.70183740323}, {""round"": 19, ""budget"": 20, ""best_label"": 3.69418676746}, {""round"": 20, ""budget"": 21, ""best_label"": 3.83426512387}, {""round"": 21, ""budget"": 22, ""best_label"": 3.6341516808}, {""round"": 22, ""budget"": 23, ""best_label"": 3.40897894389}, {""round"": 23, ""budget"": 24, ""best_label"": 3.56330936636}, {""round"": 24, ""budget"": 25, ""best_label"": 3.61386054768}, {""round"": 25, ""budget"": 26, ""best_label"": 3.77088099505}, {""round"": 26, ""budget"": 27, ""best_label"": 1.60475831556}, {""round"": 27, ""budget"": 28, ""best_label"": 3.39539009576}, {""round"": 28, ""budget"": 29, ""best_label"": 3.64218740652}, {""round"": 29, ""budget"": 30, ""best_label"": 3.70881558511}]"
v1,33,192,30,4.0192,1.8006,0.2384,0,240.5,"[{""round"": 0, ""budget"": 1, ""best_label"": 3.87308538615}, {""round"": 1, ""budget"": 2, ""best_label"": 3.54112870241}, {""round"": 2, ""budget"": 3, ""best_label"": 2.1638268982900004}, {""round"": 3, ""budget"": 4, ""best_label"": 3.42437310143}, {""round"": 4, ""budget"": 5, ""best_label"": 3.69390273611}, {""round"": 5, ""budget"": 6, ""best_label"": 3.7487968834300007}, {""round"": 6, ""budget"": 7, ""best_label"": 3.49218309006}, {""round"": 7, ""budget"": 8, ""best_label"": 3.95462864826}, {""round"": 8, ""budget"": 9, ""best_label"": 3.62485171381}, {""round"": 9, ""budget"": 10, ""best_label"": 3.63318319672}, {""round"": 10, ""budget"": 11, ""best_label"": 3.69418676746}, {""round"": 11, ""budget"": 12, ""best_label"": 3.85358391604}, {""round"": 12, ""budget"": 13, ""best_label"": 3.83426512387}, {""round"": 13, ""budget"": 14, ""best_label"": 3.56330936636}, {""round"": 14, ""budget"": 15, ""best_label"": 4.01921979179}, {""round"": 15, ""budget"": 16, ""best_label"": 1.40879223401}, {""round"": 16, ""budget"": 17, ""best_label"": 3.63762290154}, {""round"": 17, ""budget"": 18, ""best_label"": 3.6341516808}, {""round"": 18, ""budget"": 19, ""best_label"": 3.4990486760300006}, {""round"": 19, ""budget"": 20, ""best_label"": 1.30102997143}, {""round"": 20, ""budget"": 21, ""best_label"": 3.40897894389}, {""round"": 21, ""budget"": 22, ""best_label"": 1.5122822007}, {""round"": 22, ""budget"": 23, ""best_label"": 1.30103169828}, {""round"": 23, ""budget"": 24, ""best_label"": 3.73135734639}, {""round"": 24, ""budget"": 25, ""best_label"": 3.64218740652}, {""round"": 25, ""budget"": 26, ""best_label"": 1.60475831556}, {""round"": 26, ""budget"": 27, ""best_label"": 3.53908519797}, {""round"": 27, ""budget"": 28, ""best_label"": 3.70183740323}, {""round"": 28, ""budget"": 29, ""best_label"": 3.69277808698}, {""round"": 29, ""budget"": 30, ""best_label"": 3.77088099505}]"
v1,44,192,30,4.0192,1.8006,0.2379,0,359.5,"[{""round"": 0, ""budget"": 1, ""best_label"": 3.87308538615}, {""round"": 1, ""budget"": 2, ""best_label"": 3.95462864826}, {""round"": 2, ""budget"": 3, ""best_label"": 3.49218309006}, {""round"": 3, ""budget"": 4, ""best_label"": 2.1638268982900004}, {""round"": 4, ""budget"": 5, ""best_label"": 3.42437310143}, {""round"": 5, ""budget"": 6, ""best_label"": 3.69418676746}, {""round"": 6, ""budget"": 7, ""best_label"": 3.54112870241}, {""round"": 7, ""budget"": 8, ""best_label"": 3.56330936636}, {""round"": 8, ""budget"": 9, ""best_label"": 3.53908519797}, {""round"": 9, ""budget"": 10, ""best_label"": 3.7487968834300007}, {""round"": 10, ""budget"": 11, ""best_label"": 4.01921979179}, {""round"": 11, ""budget"": 12, ""best_label"": 3.63762290154}, {""round"": 12, ""budget"": 13, ""best_label"": 3.77088099505}, {""round"": 13, ""budget"": 14, ""best_label"": 3.70183740323}, {""round"": 14, ""budget"": 15, ""best_label"": 3.6341516808}, {""round"": 15, ""budget"": 16, ""best_label"": 3.62485171381}, {""round"": 16, ""budget"": 17, ""best_label"": 3.77577975757}, {""round"": 17, ""budget"": 18, ""best_label"": 3.64218740652}, {""round"": 18, ""budget"": 19, ""best_label"": 1.40879223401}, {""round"": 19, ""budget"": 20, ""best_label"": 3.73135734639}, {""round"": 20, ""budget"": 21, ""best_label"": 3.4990486760300006}, {""round"": 21, ""budget"": 22, ""best_label"": 3.83426512387}, {""round"": 22, ""budget"": 23, ""best_label"": 3.85358391604}, {""round"": 23, ""budget"": 24, ""best_label"": 3.49986073334}, {""round"": 24, ""budget"": 25, ""best_label"": 1.5122822007}, {""round"": 25, ""budget"": 26, ""best_label"": 1.30103169828}, {""round"": 26, ""budget"": 27, ""best_label"": 3.50269064231}, {""round"": 27, ""budget"": 28, ""best_label"": 3.72536944655}, {""round"": 28, ""budget"": 29, ""best_label"": 3.69368827921}, {""round"": 29, ""budget"": 30, ""best_label"": 3.7061678975}]"
v1,55,192,30,4.0192,1.8006,0.2522,0,165.3,"[{""round"": 0, ""budget"": 1, ""best_label"": 3.87308538615}, {""round"": 1, ""budget"": 2, ""best_label"": 3.49218309006}, {""round"": 2, ""budget"": 3, ""best_label"": 3.69390273611}, {""round"": 3, ""budget"": 4, ""best_label"": 3.54112870241}, {""round"": 4, ""budget"": 5, ""best_label"": 3.95462864826}, {""round"": 5, ""budget"": 6, ""best_label"": 3.7487968834300007}, {""round"": 6, ""budget"": 7, ""best_label"": 3.69418676746}, {""round"": 7, ""budget"": 8, ""best_label"": 3.42437310143}, {""round"": 8, ""budget"": 9, ""best_label"": 1.40879223401}, {""round"": 9, ""budget"": 10, ""best_label"": 3.83426512387}, {""round"": 10, ""budget"": 11, ""best_label"": 3.70183740323}, {""round"": 11, ""budget"": 12, ""best_label"": 4.01921979179}, {""round"": 12, ""budget"": 13, ""best_label"": 3.85358391604}, {""round"": 13, ""budget"": 14, ""best_label"": 1.3020584742}, {""round"": 14, ""budget"": 15, ""best_label"": 3.73135734639}, {""round"": 15, ""budget"": 16, ""best_label"": 3.6341516808}, {""round"": 16, ""budget"": 17, ""best_label"": 1.5122822007}, {""round"": 17, ""budget"": 18, ""best_label"": 3.59115823128}, {""round"": 18, ""budget"": 19, ""best_label"": 3.77088099505}, {""round"": 19, ""budget"": 20, ""best_label"": 3.63762290154}, {""round"": 20, ""budget"": 21, ""best_label"": 3.64218740652}, {""round"": 21, ""budget"": 22, ""best_label"": 3.48354386051}, {""round"": 22, ""budget"": 23, ""best_label"": 3.53908519797}, {""round"": 23, ""budget"": 24, ""best_label"": 3.58638604133}, {""round"": 24, ""budget"": 25, ""best_label"": 1.30103169828}, {""round"": 25, ""budget"": 26, ""best_label"": 2.1638268982900004}, {""round"": 26, ""budget"": 27, ""best_label"": 3.5262850372}, {""round"": 27, ""budget"": 28, ""best_label"": 3.62485171381}, {""round"": 28, ""budget"": 29, ""best_label"": 1.64890944412}, {""round"": 29, ""budget"": 30, ""best_label"": 3.56330936636}]"
v1,66,192,30,4.0192,1.8006,0.2533,0,260.4,"[{""round"": 0, ""budget"": 1, ""best_label"": 3.95462864826}, {""round"": 1, ""budget"": 2, ""best_label"": 3.54112870241}, {""round"": 2, ""budget"": 3, ""best_label"": 2.1638268982900004}, {""round"": 3, ""budget"": 4, ""best_label"": 3.49218309006}, {""round"": 4, ""budget"": 5, ""best_label"": 3.87308538615}, {""round"": 5, ""budget"": 6, ""best_label"": 3.7487968834300007}, {""round"": 6, ""budget"": 7, ""best_label"": 3.6341516808}, {""round"": 7, ""budget"": 8, ""best_label"": 3.48354386051}, {""round"": 8, ""budget"": 9, ""best_label"": 3.77088099505}, {""round"": 9, ""budget"": 10, ""best_label"": 3.77577975757}, {""round"": 10, ""budget"": 11, ""best_label"": 4.01921979179}, {""round"": 11, ""budget"": 12, ""best_label"": 3.85358391604}, {""round"": 12, ""budget"": 13, ""best_label"": 3.83426512387}, {""round"": 13, ""budget"": 14, ""best_label"": 3.5320684740099995}, {""round"": 14, ""budget"": 15, ""best_label"": 3.69418676746}, {""round"": 15, ""budget"": 16, ""best_label"": 3.42437310143}, {""round"": 16, ""budget"": 17, ""best_label"": 3.73135734639}, {""round"": 17, ""budget"": 18, ""best_label"": 3.70183740323}, {""round"": 18, ""budget"": 19, ""best_label"": 3.5262850372}, {""round"": 19, ""budget"": 20, ""best_label"": 1.6038397938}, {""round"": 20, ""budget"": 21, ""best_label"": 1.40879223401}, {""round"": 21, ""budget"": 22, ""best_label"": 3.62485171381}, {""round"": 22, ""budget"": 23, ""best_label"": 1.3010299877200002}, {""round"": 23, ""budget"": 24, ""best_label"": 3.53908519797}, {""round"": 24, ""budget"": 25, ""best_label"": 3.56330936636}, {""round"": 25, ""budget"": 26, ""best_label"": 3.66751301021}, {""round"": 26, ""budget"": 27, ""best_label"": 3.4990486760300006}, {""round"": 27, ""budget"": 28, ""best_label"": 1.30102997143}, {""round"": 28, ""budget"": 29, ""best_label"": 1.5122822007}, {""round"": 29, ""budget"": 30, ""best_label"": 3.58718023282}]"
v1,77,192,30,4.0192,1.8006,0.2496,0,209.8,"[{""round"": 0, ""budget"": 1, ""best_label"": 3.49218309006}, {""round"": 1, ""budget"": 2, ""best_label"": 3.95462864826}, {""round"": 2, ""budget"": 3, ""best_label"": 3.54112870241}, {""round"": 3, ""budget"": 4, ""best_label"": 3.7487968834300007}, {""round"": 4, ""budget"": 5, ""best_label"": 2.1638268982900004}, {""round"": 5, ""budget"": 6, ""best_label"": 3.87308538615}, {""round"": 6, ""budget"": 7, ""best_label"": 3.63762290154}, {""round"": 7, ""budget"": 8, ""best_label"": 3.85358391604}, {""round"": 8, ""budget"": 9, ""best_label"": 3.64218740652}, {""round"": 9, ""budget"": 10, ""best_label"": 3.77577975757}, {""round"": 10, ""budget"": 11, ""best_label"": 3.4188163993000003}, {""round"": 11, ""budget"": 12, ""best_label"": 3.53908519797}, {""round"": 12, ""budget"": 13, ""best_label"": 3.42437310143}, {""round"": 13, ""budget"": 14, ""best_label"": 3.69418676746}, {""round"": 14, ""budget"": 15, ""best_label"": 3.62485171381}, {""round"": 15, ""budget"": 16, ""best_label"": 3.5500401630300003}, {""round"": 16, ""budget"": 17, ""best_label"": 3.6341516808}, {""round"": 17, ""budget"": 18, ""best_label"": 4.01921979179}, {""round"": 18, ""budget"": 19, ""best_label"": 1.5122822007}, {""round"": 19, ""budget"": 20, ""best_label"": 1.60475831556}, {""round"": 20, ""budget"": 21, ""best_label"": 1.40879223401}, {""round"": 21, ""budget"": 22, ""best_label"": 3.73135734639}, {""round"": 22, ""budget"": 23, ""best_label"": 3.59115823128}, {""round"": 23, ""budget"": 24, ""best_label"": 3.4990486760300006}, {""round"": 24, ""budget"": 25, ""best_label"": 3.70183740323}, {""round"": 25, ""budget"": 26, ""best_label"": 3.56330936636}, {""round"": 26, ""budget"": 27, ""best_label"": 3.5320684740099995}, {""round"": 27, ""budget"": 28, ""best_label"": 3.48354386051}, {""round"": 28, ""budget"": 29, ""best_label"": 1.30102997143}, {""round"": 29, ""budget"": 30, ""best_label"": 3.66751301021}]"
v1,88,192,30,4.0192,1.8006,0.2443,0,210.3,"[{""round"": 0, ""budget"": 1, ""best_label"": 2.1638268982900004}, {""round"": 1, ""budget"": 2, ""best_label"": 3.49218309006}, {""round"": 2, ""budget"": 3, ""best_label"": 3.87308538615}, {""round"": 3, ""budget"": 4, ""best_label"": 3.95462864826}, {""round"": 4, ""budget"": 5, ""best_label"": 3.7487968834300007}, {""round"": 5, ""budget"": 6, ""best_label"": 3.69418676746}, {""round"": 6, ""budget"": 7, ""best_label"": 3.54112870241}, {""round"": 7, ""budget"": 8, ""best_label"": 3.6341516808}, {""round"": 8, ""budget"": 9, ""best_label"": 3.72536944655}, {""round"": 9, ""budget"": 10, ""best_label"": 3.5320684740099995}, {""round"": 10, ""budget"": 11, ""best_label"": 3.85358391604}, {""round"": 11, ""budget"": 12, ""best_label"": 3.63762290154}, {""round"": 12, ""budget"": 13, ""best_label"": 3.42437310143}, {""round"": 13, ""budget"": 14, ""best_label"": 3.64218740652}, {""round"": 14, ""budget"": 15, ""best_label"": 3.73135734639}, {""round"": 15, ""budget"": 16, ""best_label"": 3.4990486760300006}, {""round"": 16, ""budget"": 17, ""best_label"": 3.70183740323}, {""round"": 17, ""budget"": 18, ""best_label"": 3.53908519797}, {""round"": 18, ""budget"": 19, ""best_label"": 1.40879223401}, {""round"": 19, ""budget"": 20, ""best_label"": 3.77088099505}, {""round"": 20, ""budget"": 21, ""best_label"": 3.58638604133}, {""round"": 21, ""budget"": 22, ""best_label"": 4.01921979179}, {""round"": 22, ""budget"": 23, ""best_label"": 3.77577975757}, {""round"": 23, ""budget"": 24, ""best_label"": 3.83426512387}, {""round"": 24, ""budget"": 25, ""best_label"": 1.3020584742}, {""round"": 25, ""budget"": 26, ""best_label"": 3.62485171381}, {""round"": 26, ""budget"": 27, ""best_label"": 1.5122822007}, {""round"": 27, ""budget"": 28, ""best_label"": 3.69368827921}, {""round"": 28, ""budget"": 29, ""best_label"": 3.58262161652}, {""round"": 29, ""budget"": 30, ""best_label"": 1.30102997143}]"
v1,11,384,30,4.0192,1.8006,0.2467,0,271.2,"[{""round"": 0, ""budget"": 1, ""best_label"": 3.54112870241}, {""round"": 1, ""budget"": 2, ""best_label"": 3.69390273611}, {""round"": 2, ""budget"": 3, ""best_label"": 2.1638268982900004}, {""round"": 3, ""budget"": 4, ""best_label"": 3.95462864826}, {""round"": 4, ""budget"": 5, ""best_label"": 3.87308538615}, {""round"": 5, ""budget"": 6, ""best_label"": 3.42437310143}, {""round"": 6, ""budget"": 7, ""best_label"": 3.7487968834300007}, {""round"": 7, ""budget"": 8, ""best_label"": 3.49218309006}, {""round"": 8, ""budget"": 9, ""best_label"": 3.83426512387}, {""round"": 9, ""budget"": 10, ""best_label"": 3.77088099505}, {""round"": 10, ""budget"": 11, ""best_label"": 3.69418676746}, {""round"": 11, ""budget"": 12, ""best_label"": 1.5122822007}, {""round"": 12, ""budget"": 13, ""best_label"": 1.40879223401}, {""round"": 13, ""budget"": 14, ""best_label"": 3.63762290154}, {""round"": 14, ""budget"": 15, ""best_label"": 3.4990486760300006}, {""round"": 15, ""budget"": 16, ""best_label"": 3.6341516808}, {""round"": 16, ""budget"": 17, ""best_label"": 3.85358391604}, {""round"": 17, ""budget"": 18, ""best_label"": 3.48354386051}, {""round"": 18, ""budget"": 19, ""best_label"": 3.70183740323}, {""round"": 19, ""budget"": 20, ""best_label"": 1.30102997143}, {""round"": 20, ""budget"": 21, ""best_label"": 3.09255122459}, {""round"": 21, ""budget"": 22, ""best_label"": 3.64218740652}, {""round"": 22, ""budget"": 23, ""best_label"": 3.77577975757}, {""round"": 23, ""budget"": 24, ""best_label"": 4.01921979179}, {""round"": 24, ""budget"": 25, ""best_label"": 3.73135734639}, {""round"": 25, ""budget"": 26, ""best_label"": 1.30103169828}, {""round"": 26, ""budget"": 27, ""best_label"": 3.62485171381}, {""round"": 27, ""budget"": 28, ""best_label"": 3.5320684740099995}, {""round"": 28, ""budget"": 29, ""best_label"": 3.53908519797}, {""round"": 29, ""budget"": 30, ""best_label"": 3.5060989489}]"
v1,22,384,30,4.0192,1.8006,0.2218,0,354.1,"[{""round"": 0, ""budget"": 1, ""best_label"": 3.49218309006}, {""round"": 1, ""budget"": 2, ""best_label"": 3.54112870241}, {""round"": 2, ""budget"": 3, ""best_label"": 3.7487968834300007}, {""round"": 3, ""budget"": 4, ""best_label"": 3.95462864826}, {""round"": 4, ""budget"": 5, ""best_label"": 3.42437310143}, {""round"": 5, ""budget"": 6, ""best_label"": 3.87308538615}, {""round"": 6, ""budget"": 7, ""best_label"": 2.1638268982900004}, {""round"": 7, ""budget"": 8, ""best_label"": 3.63762290154}, {""round"": 8, ""budget"": 9, ""best_label"": 3.77577975757}, {""round"": 9, ""budget"": 10, ""best_label"": 3.62485171381}, {""round"": 10, ""budget"": 11, ""best_label"": 3.53908519797}, {""round"": 11, ""budget"": 12, ""best_label"": 1.30102997143}, {""round"": 12, ""budget"": 13, ""best_label"": 3.85358391604}, {""round"": 13, ""budget"": 14, ""best_label"": 4.01921979179}, {""round"": 14, ""budget"": 15, ""best_label"": 1.5122822007}, {""round"": 15, ""budget"": 16, ""best_label"": 3.63318319672}, {""round"": 16, ""budget"": 17, ""best_label"": 1.40879223401}, {""round"": 17, ""budget"": 18, ""best_label"": 3.73135734639}, {""round"": 18, ""budget"": 19, ""best_label"": 3.70183740323}, {""round"": 19, ""budget"": 20, ""best_label"": 3.69418676746}, {""round"": 20, ""budget"": 21, ""best_label"": 3.83426512387}, {""round"": 21, ""budget"": 22, ""best_label"": 3.6341516808}, {""round"": 22, ""budget"": 23, ""best_label"": 3.40897894389}, {""round"": 23, ""budget"": 24, ""best_label"": 3.56330936636}, {""round"": 24, ""budget"": 25, ""best_label"": 3.61386054768}, {""round"": 25, ""budget"": 26, ""best_label"": 3.77088099505}, {""round"": 26, ""budget"": 27, ""best_label"": 1.60475831556}, {""round"": 27, ""budget"": 28, ""best_label"": 3.39539009576}, {""round"": 28, ""budget"": 29, ""best_label"": 3.64218740652}, {""round"": 29, ""budget"": 30, ""best_label"": 3.70881558511}]"
v1,33,384,30,4.0192,1.8006,0.2384,0,224.1,"[{""round"": 0, ""budget"": 1, ""best_label"": 3.87308538615}, {""round"": 1, ""budget"": 2, ""best_label"": 3.54112870241}, {""round"": 2, ""budget"": 3, ""best_label"": 2.1638268982900004}, {""round"": 3, ""budget"": 4, ""best_label"": 3.42437310143}, {""round"": 4, ""budget"": 5, ""best_label"": 3.69390273611}, {""round"": 5, ""budget"": 6, ""best_label"": 3.7487968834300007}, {""round"": 6, ""budget"": 7, ""best_label"": 3.49218309006}, {""round"": 7, ""budget"": 8, ""best_label"": 3.95462864826}, {""round"": 8, ""budget"": 9, ""best_label"": 3.62485171381}, {""round"": 9, ""budget"": 10, ""best_label"": 3.63318319672}, {""round"": 10, ""budget"": 11, ""best_label"": 3.69418676746}, {""round"": 11, ""budget"": 12, ""best_label"": 3.85358391604}, {""round"": 12, ""budget"": 13, ""best_label"": 3.83426512387}, {""round"": 13, ""budget"": 14, ""best_label"": 3.56330936636}, {""round"": 14, ""budget"": 15, ""best_label"": 4.01921979179}, {""round"": 15, ""budget"": 16, ""best_label"": 1.40879223401}, {""round"": 16, ""budget"": 17, ""best_label"": 3.63762290154}, {""round"": 17, ""budget"": 18, ""best_label"": 3.6341516808}, {""round"": 18, ""budget"": 19, ""best_label"": 3.4990486760300006}, {""round"": 19, ""budget"": 20, ""best_label"": 1.30102997143}, {""round"": 20, ""budget"": 21, ""best_label"": 3.40897894389}, {""round"": 21, ""budget"": 22, ""best_label"": 1.5122822007}, {""round"": 22, ""budget"": 23, ""best_label"": 1.30103169828}, {""round"": 23, ""budget"": 24, ""best_label"": 3.73135734639}, {""round"": 24, ""budget"": 25, ""best_label"": 3.64218740652}, {""round"": 25, ""budget"": 26, ""best_label"": 1.60475831556}, {""round"": 26, ""budget"": 27, ""best_label"": 3.53908519797}, {""round"": 27, ""budget"": 28, ""best_label"": 3.70183740323}, {""round"": 28, ""budget"": 29, ""best_label"": 3.69277808698}, {""round"": 29, ""budget"": 30, ""best_label"": 3.77088099505}]"
v1,44,384,30,4.0192,1.8006,0.2379,0,309.6,"[{""round"": 0, ""budget"": 1, ""best_label"": 3.87308538615}, {""round"": 1, ""budget"": 2, ""best_label"": 3.95462864826}, {""round"": 2, ""budget"": 3, ""best_label"": 3.49218309006}, {""round"": 3, ""budget"": 4, ""best_label"": 2.1638268982900004}, {""round"": 4, ""budget"": 5, ""best_label"": 3.42437310143}, {""round"": 5, ""budget"": 6, ""best_label"": 3.69418676746}, {""round"": 6, ""budget"": 7, ""best_label"": 3.54112870241}, {""round"": 7, ""budget"": 8, ""best_label"": 3.56330936636}, {""round"": 8, ""budget"": 9, ""best_label"": 3.53908519797}, {""round"": 9, ""budget"": 10, ""best_label"": 3.7487968834300007}, {""round"": 10, ""budget"": 11, ""best_label"": 4.01921979179}, {""round"": 11, ""budget"": 12, ""best_label"": 3.63762290154}, {""round"": 12, ""budget"": 13, ""best_label"": 3.77088099505}, {""round"": 13, ""budget"": 14, ""best_label"": 3.70183740323}, {""round"": 14, ""budget"": 15, ""best_label"": 3.6341516808}, {""round"": 15, ""budget"": 16, ""best_label"": 3.62485171381}, {""round"": 16, ""budget"": 17, ""best_label"": 3.77577975757}, {""round"": 17, ""budget"": 18, ""best_label"": 3.64218740652}, {""round"": 18, ""budget"": 19, ""best_label"": 1.40879223401}, {""round"": 19, ""budget"": 20, ""best_label"": 3.73135734639}, {""round"": 20, ""budget"": 21, ""best_label"": 3.4990486760300006}, {""round"": 21, ""budget"": 22, ""best_label"": 3.83426512387}, {""round"": 22, ""budget"": 23, ""best_label"": 3.85358391604}, {""round"": 23, ""budget"": 24, ""best_label"": 3.49986073334}, {""round"": 24, ""budget"": 25, ""best_label"": 1.5122822007}, {""round"": 25, ""budget"": 26, ""best_label"": 1.30103169828}, {""round"": 26, ""budget"": 27, ""best_label"": 3.50269064231}, {""round"": 27, ""budget"": 28, ""best_label"": 3.72536944655}, {""round"": 28, ""budget"": 29, ""best_label"": 3.69368827921}, {""round"": 29, ""budget"": 30, ""best_label"": 3.7061678975}]"
v1,55,384,30,4.0192,1.8006,0.2522,0,148.1,"[{""round"": 0, ""budget"": 1, ""best_label"": 3.87308538615}, {""round"": 1, ""budget"": 2, ""best_label"": 3.49218309006}, {""round"": 2, ""budget"": 3, ""best_label"": 3.69390273611}, {""round"": 3, ""budget"": 4, ""best_label"": 3.54112870241}, {""round"": 4, ""budget"": 5, ""best_label"": 3.95462864826}, {""round"": 5, ""budget"": 6, ""best_label"": 3.7487968834300007}, {""round"": 6, ""budget"": 7, ""best_label"": 3.69418676746}, {""round"": 7, ""budget"": 8, ""best_label"": 3.42437310143}, {""round"": 8, ""budget"": 9, ""best_label"": 1.40879223401}, {""round"": 9, ""budget"": 10, ""best_label"": 3.83426512387}, {""round"": 10, ""budget"": 11, ""best_label"": 3.70183740323}, {""round"": 11, ""budget"": 12, ""best_label"": 4.01921979179}, {""round"": 12, ""budget"": 13, ""best_label"": 3.85358391604}, {""round"": 13, ""budget"": 14, ""best_label"": 1.3020584742}, {""round"": 14, ""budget"": 15, ""best_label"": 3.73135734639}, {""round"": 15, ""budget"": 16, ""best_label"": 3.6341516808}, {""round"": 16, ""budget"": 17, ""best_label"": 1.5122822007}, {""round"": 17, ""budget"": 18, ""best_label"": 3.59115823128}, {""round"": 18, ""budget"": 19, ""best_label"": 3.77088099505}, {""round"": 19, ""budget"": 20, ""best_label"": 3.63762290154}, {""round"": 20, ""budget"": 21, ""best_label"": 3.64218740652}, {""round"": 21, ""budget"": 22, ""best_label"": 3.48354386051}, {""round"": 22, ""budget"": 23, ""best_label"": 3.53908519797}, {""round"": 23, ""budget"": 24, ""best_label"": 3.58638604133}, {""round"": 24, ""budget"": 25, ""best_label"": 1.30103169828}, {""round"": 25, ""budget"": 26, ""best_label"": 2.1638268982900004}, {""round"": 26, ""budget"": 27, ""best_label"": 3.5262850372}, {""round"": 27, ""budget"": 28, ""best_label"": 3.62485171381}, {""round"": 28, ""budget"": 29, ""best_label"": 1.64890944412}, {""round"": 29, ""budget"": 30, ""best_label"": 3.56330936636}]"
v1,66,384,30,4.0192,1.8006,0.2533,0,220.7,"[{""round"": 0, ""budget"": 1, ""best_label"": 3.95462864826}, {""round"": 1, ""budget"": 2, ""best_label"": 3.54112870241}, {""round"": 2, ""budget"": 3, ""best_label"": 2.1638268982900004}, {""round"": 3, ""budget"": 4, ""best_label"": 3.49218309006}, {""round"": 4, ""budget"": 5, ""best_label"": 3.87308538615}, {""round"": 5, ""budget"": 6, ""best_label"": 3.7487968834300007}, {""round"": 6, ""budget"": 7, ""best_label"": 3.6341516808}, {""round"": 7, ""budget"": 8, ""best_label"": 3.48354386051}, {""round"": 8, ""budget"": 9, ""best_label"": 3.77088099505}, {""round"": 9, ""budget"": 10, ""best_label"": 3.77577975757}, {""round"": 10, ""budget"": 11, ""best_label"": 4.01921979179}, {""round"": 11, ""budget"": 12, ""best_label"": 3.85358391604}, {""round"": 12, ""budget"": 13, ""best_label"": 3.83426512387}, {""round"": 13, ""budget"": 14, ""best_label"": 3.5320684740099995}, {""round"": 14, ""budget"": 15, ""best_label"": 3.69418676746}, {""round"": 15, ""budget"": 16, ""best_label"": 3.42437310143}, {""round"": 16, ""budget"": 17, ""best_label"": 3.73135734639}, {""round"": 17, ""budget"": 18, ""best_label"": 3.70183740323}, {""round"": 18, ""budget"": 19, ""best_label"": 3.5262850372}, {""round"": 19, ""budget"": 20, ""best_label"": 1.6038397938}, {""round"": 20, ""budget"": 21, ""best_label"": 1.40879223401}, {""round"": 21, ""budget"": 22, ""best_label"": 3.62485171381}, {""round"": 22, ""budget"": 23, ""best_label"": 1.3010299877200002}, {""round"": 23, ""budget"": 24, ""best_label"": 3.53908519797}, {""round"": 24, ""budget"": 25, ""best_label"": 3.56330936636}, {""round"": 25, ""budget"": 26, ""best_label"": 3.66751301021}, {""round"": 26, ""budget"": 27, ""best_label"": 3.4990486760300006}, {""round"": 27, ""budget"": 28, ""best_label"": 1.30102997143}, {""round"": 28, ""budget"": 29, ""best_label"": 1.5122822007}, {""round"": 29, ""budget"": 30, ""best_label"": 3.58718023282}]"
v1,77,384,30,4.0192,1.8006,0.2496,0,180.8,"[{""round"": 0, ""budget"": 1, ""best_label"": 3.49218309006}, {""round"": 1, ""budget"": 2, ""best_label"": 3.95462864826}, {""round"": 2, ""budget"": 3, ""best_label"": 3.54112870241}, {""round"": 3, ""budget"": 4, ""best_label"": 3.7487968834300007}, {""round"": 4, ""budget"": 5, ""best_label"": 2.1638268982900004}, {""round"": 5, ""budget"": 6, ""best_label"": 3.87308538615}, {""round"": 6, ""budget"": 7, ""best_label"": 3.63762290154}, {""round"": 7, ""budget"": 8, ""best_label"": 3.85358391604}, {""round"": 8, ""budget"": 9, ""best_label"": 3.64218740652}, {""round"": 9, ""budget"": 10, ""best_label"": 3.77577975757}, {""round"": 10, ""budget"": 11, ""best_label"": 3.4188163993000003}, {""round"": 11, ""budget"": 12, ""best_label"": 3.53908519797}, {""round"": 12, ""budget"": 13, ""best_label"": 3.42437310143}, {""round"": 13, ""budget"": 14, ""best_label"": 3.69418676746}, {""round"": 14, ""budget"": 15, ""best_label"": 3.62485171381}, {""round"": 15, ""budget"": 16, ""best_label"": 3.5500401630300003}, {""round"": 16, ""budget"": 17, ""best_label"": 3.6341516808}, {""round"": 17, ""budget"": 18, ""best_label"": 4.01921979179}, {""round"": 18, ""budget"": 19, ""best_label"": 1.5122822007}, {""round"": 19, ""budget"": 20, ""best_label"": 1.60475831556}, {""round"": 20, ""budget"": 21, ""best_label"": 1.40879223401}, {""round"": 21, ""budget"": 22, ""best_label"": 3.73135734639}, {""round"": 22, ""budget"": 23, ""best_label"": 3.59115823128}, {""round"": 23, ""budget"": 24, ""best_label"": 3.4990486760300006}, {""round"": 24, ""budget"": 25, ""best_label"": 3.70183740323}, {""round"": 25, ""budget"": 26, ""best_label"": 3.56330936636}, {""round"": 26, ""budget"": 27, ""best_label"": 3.5320684740099995}, {""round"": 27, ""budget"": 28, ""best_label"": 3.48354386051}, {""round"": 28, ""budget"": 29, ""best_label"": 1.30102997143}, {""round"": 29, ""budget"": 30, ""best_label"": 3.66751301021}]"
v1,88,384,30,4.0192,1.8006,0.2443,0,179.9,"[{""round"": 0, ""budget"": 1, ""best_label"": 2.1638268982900004}, {""round"": 1, ""budget"": 2, ""best_label"": 3.49218309006}, {""round"": 2, ""budget"": 3, ""best_label"": 3.87308538615}, {""round"": 3, ""budget"": 4, ""best_label"": 3.95462864826}, {""round"": 4, ""budget"": 5, ""best_label"": 3.7487968834300007}, {""round"": 5, ""budget"": 6, ""best_label"": 3.69418676746}, {""round"": 6, ""budget"": 7, ""best_label"": 3.54112870241}, {""round"": 7, ""budget"": 8, ""best_label"": 3.6341516808}, {""round"": 8, ""budget"": 9, ""best_label"": 3.72536944655}, {""round"": 9, ""budget"": 10, ""best_label"": 3.5320684740099995}, {""round"": 10, ""budget"": 11, ""best_label"": 3.85358391604}, {""round"": 11, ""budget"": 12, ""best_label"": 3.63762290154}, {""round"": 12, ""budget"": 13, ""best_label"": 3.42437310143}, {""round"": 13, ""budget"": 14, ""best_label"": 3.64218740652}, {""round"": 14, ""budget"": 15, ""best_label"": 3.73135734639}, {""round"": 15, ""budget"": 16, ""best_label"": 3.4990486760300006}, {""round"": 16, ""budget"": 17, ""best_label"": 3.70183740323}, {""round"": 17, ""budget"": 18, ""best_label"": 3.53908519797}, {""round"": 18, ""budget"": 19, ""best_label"": 1.40879223401}, {""round"": 19, ""budget"": 20, ""best_label"": 3.77088099505}, {""round"": 20, ""budget"": 21, ""best_label"": 3.58638604133}, {""round"": 21, ""budget"": 22, ""best_label"": 4.01921979179}, {""round"": 22, ""budget"": 23, ""best_label"": 3.77577975757}, {""round"": 23, ""budget"": 24, ""best_label"": 3.83426512387}, {""round"": 24, ""budget"": 25, ""best_label"": 1.3020584742}, {""round"": 25, ""budget"": 26, ""best_label"": 3.62485171381}, {""round"": 26, ""budget"": 27, ""best_label"": 1.5122822007}, {""round"": 27, ""budget"": 28, ""best_label"": 3.69368827921}, {""round"": 28, ""budget"": 29, ""best_label"": 3.58262161652}, {""round"": 29, ""budget"": 30, ""best_label"": 1.30102997143}]"
random,11,96,96,3.7931,2.6872,,0,0.0,"[{""round"": 0, ""budget"": 24, ""best_label"": 3.67628946805}, {""round"": 1, ""budget"": 48, ""best_label"": 3.716512694680002}, {""round"": 2, ""budget"": 72, ""best_label"": 3.67228222699}, {""round"": 3, ""budget"": 96, ""best_label"": 3.79314587049}]"
random,22,96,96,4.0139,2.5787,,0,0.0,"[{""round"": 0, ""budget"": 24, ""best_label"": 3.78233167913}, {""round"": 1, ""budget"": 48, ""best_label"": 4.013864698419998}, {""round"": 2, ""budget"": 72, ""best_label"": 3.91218570489}, {""round"": 3, ""budget"": 96, ""best_label"": 3.85251781873}]"
random,33,96,96,3.8082,2.4201,,0,0.0,"[{""round"": 0, ""budget"": 24, ""best_label"": 3.78685404806}, {""round"": 1, ""budget"": 48, ""best_label"": 3.787969844030002}, {""round"": 2, ""budget"": 72, ""best_label"": 3.80815456747}, {""round"": 3, ""budget"": 96, ""best_label"": 3.70947279816}]"
random,44,96,96,3.8496,2.3967,,0,0.0,"[{""round"": 0, ""budget"": 24, ""best_label"": 3.71926907017}, {""round"": 1, ""budget"": 48, ""best_label"": 3.70932586506667}, {""round"": 2, ""budget"": 72, ""best_label"": 3.84957986757}, {""round"": 3, ""budget"": 96, ""best_label"": 3.75896595024}]"
random,55,96,96,3.8601,3.0027,,0,0.0,"[{""round"": 0, ""budget"": 24, ""best_label"": 3.72533450719}, {""round"": 1, ""budget"": 48, ""best_label"": 3.81970711477}, {""round"": 2, ""budget"": 72, ""best_label"": 3.86011149749}, {""round"": 3, ""budget"": 96, ""best_label"": 3.75588120116}]"
random,66,96,96,3.8763,3.0465,,0,0.0,"[{""round"": 0, ""budget"": 24, ""best_label"": 3.75983880995}, {""round"": 1, ""budget"": 48, ""best_label"": 3.87634027049}, {""round"": 2, ""budget"": 72, ""best_label"": 3.81197040681}, {""round"": 3, ""budget"": 96, ""best_label"": 3.78029799109}]"
random,77,96,96,3.8581,2.6046,,0,0.0,"[{""round"": 0, ""budget"": 24, ""best_label"": 3.7378860328900014}, {""round"": 1, ""budget"": 48, ""best_label"": 3.8425349291300006}, {""round"": 2, ""budget"": 72, ""best_label"": 3.781251268879}, {""round"": 3, ""budget"": 96, ""best_label"": 3.85805760359}]"
random,88,96,96,3.8939,3.0055,,0,0.0,"[{""round"": 0, ""budget"": 24, ""best_label"": 3.72143940023}, {""round"": 1, ""budget"": 48, ""best_label"": 3.73218881905}, {""round"": 2, ""budget"": 72, ""best_label"": 3.7912422047400014}, {""round"": 3, ""budget"": 96, ""best_label"": 3.893948897869999}]"
random,11,192,192,3.9191,2.7828,,0,0.0,"[{""round"": 0, ""budget"": 24, ""best_label"": 3.67628946805}, {""round"": 1, ""budget"": 48, ""best_label"": 3.716512694680002}, {""round"": 2, ""budget"": 72, ""best_label"": 3.67228222699}, {""round"": 3, ""budget"": 96, ""best_label"": 3.79314587049}, {""round"": 4, ""budget"": 120, ""best_label"": 3.82757335017}, {""round"": 5, ""budget"": 144, ""best_label"": 3.75338387167}, {""round"": 6, ""budget"": 168, ""best_label"": 3.77251984464}, {""round"": 7, ""budget"": 192, ""best_label"": 3.91908327688}]"
random,22,192,192,4.0268,2.6408,,0,0.0,"[{""round"": 0, ""budget"": 24, ""best_label"": 3.78233167913}, {""round"": 1, ""budget"": 48, ""best_label"": 4.013864698419998}, {""round"": 2, ""budget"": 72, ""best_label"": 3.91218570489}, {""round"": 3, ""budget"": 96, ""best_label"": 3.85251781873}, {""round"": 4, ""budget"": 120, ""best_label"": 3.74273916464}, {""round"": 5, ""budget"": 144, ""best_label"": 4.02678534403}, {""round"": 6, ""budget"": 168, ""best_label"": 3.87752330556}, {""round"": 7, ""budget"": 192, ""best_label"": 3.75580911102}]"
random,33,192,192,3.8311,2.6564,,0,0.0,"[{""round"": 0, ""budget"": 24, ""best_label"": 3.78685404806}, {""round"": 1, ""budget"": 48, ""best_label"": 3.787969844030002}, {""round"": 2, ""budget"": 72, ""best_label"": 3.80815456747}, {""round"": 3, ""budget"": 96, ""best_label"": 3.70947279816}, {""round"": 4, ""budget"": 120, ""best_label"": 3.65212809833}, {""round"": 5, ""budget"": 144, ""best_label"": 3.83105581227}, {""round"": 6, ""budget"": 168, ""best_label"": 3.8105863929}, {""round"": 7, ""budget"": 192, ""best_label"": 3.77046081955}]"
random,44,192,192,3.8496,2.6231,,0,0.0,"[{""round"": 0, ""budget"": 24, ""best_label"": 3.71926907017}, {""round"": 1, ""budget"": 48, ""best_label"": 3.70932586506667}, {""round"": 2, ""budget"": 72, ""best_label"": 3.84957986757}, {""round"": 3, ""budget"": 96, ""best_label"": 3.75896595024}, {""round"": 4, ""budget"": 120, ""best_label"": 3.7641315453199993}, {""round"": 5, ""budget"": 144, ""best_label"": 3.7997754490300006}, {""round"": 6, ""budget"": 168, ""best_label"": 3.82757335017}, {""round"": 7, ""budget"": 192, ""best_label"": 3.7350767384900014}]"
random,55,192,192,3.8688,2.4751,,0,0.0,"[{""round"": 0, ""budget"": 24, ""best_label"": 3.72533450719}, {""round"": 1, ""budget"": 48, ""best_label"": 3.81970711477}, {""round"": 2, ""budget"": 72, ""best_label"": 3.86011149749}, {""round"": 3, ""budget"": 96, ""best_label"": 3.75588120116}, {""round"": 4, ""budget"": 120, ""best_label"": 3.73988924891}, {""round"": 5, ""budget"": 144, ""best_label"": 3.86876186265}, {""round"": 6, ""budget"": 168, ""best_label"": 3.75801739335}, {""round"": 7, ""budget"": 192, ""best_label"": 3.8363316404}]"
random,66,192,192,3.8763,2.4692,,0,0.0,"[{""round"": 0, ""budget"": 24, ""best_label"": 3.75983880995}, {""round"": 1, ""budget"": 48, ""best_label"": 3.87634027049}, {""round"": 2, ""budget"": 72, ""best_label"": 3.81197040681}, {""round"": 3, ""budget"": 96, ""best_label"": 3.78029799109}, {""round"": 4, ""budget"": 120, ""best_label"": 3.7382290922400014}, {""round"": 5, ""budget"": 144, ""best_label"": 3.8024267471800006}, {""round"": 6, ""budget"": 168, ""best_label"": 3.76495602132}, {""round"": 7, ""budget"": 192, ""best_label"": 3.76581310061}]"
random,77,192,192,3.8581,2.9279,,0,0.0,"[{""round"": 0, ""budget"": 24, ""best_label"": 3.7378860328900014}, {""round"": 1, ""budget"": 48, ""best_label"": 3.8425349291300006}, {""round"": 2, ""budget"": 72, ""best_label"": 3.781251268879}, {""round"": 3, ""budget"": 96, ""best_label"": 3.85805760359}, {""round"": 4, ""budget"": 120, ""best_label"": 3.72505190977}, {""round"": 5, ""budget"": 144, ""best_label"": 3.78777279634}, {""round"": 6, ""budget"": 168, ""best_label"": 3.76447009302}, {""round"": 7, ""budget"": 192, ""best_label"": 3.72330442023}]"
random,88,192,192,3.9755,2.8032,,0,0.0,"[{""round"": 0, ""budget"": 24, ""best_label"": 3.72143940023}, {""round"": 1, ""budget"": 48, ""best_label"": 3.73218881905}, {""round"": 2, ""budget"": 72, ""best_label"": 3.7912422047400014}, {""round"": 3, ""budget"": 96, ""best_label"": 3.893948897869999}, {""round"": 4, ""budget"": 120, ""best_label"": 3.81135846948}, {""round"": 5, ""budget"": 144, ""best_label"": 3.9755409443}, {""round"": 6, ""budget"": 168, ""best_label"": 3.63401367453}, {""round"": 7, ""budget"": 192, ""best_label"": 3.88443774884}]"
random,11,384,384,3.927,1.955,,0,0.0,"[{""round"": 0, ""budget"": 24, ""best_label"": 3.67628946805}, {""round"": 1, ""budget"": 48, ""best_label"": 3.716512694680002}, {""round"": 2, ""budget"": 72, ""best_label"": 3.67228222699}, {""round"": 3, ""budget"": 96, ""best_label"": 3.79314587049}, {""round"": 4, ""budget"": 120, ""best_label"": 3.82757335017}, {""round"": 5, ""budget"": 144, ""best_label"": 3.75338387167}, {""round"": 6, ""budget"": 168, ""best_label"": 3.77251984464}, {""round"": 7, ""budget"": 192, ""best_label"": 3.91908327688}, {""round"": 8, ""budget"": 216, ""best_label"": 3.73473925465}, {""round"": 9, ""budget"": 240, ""best_label"": 3.71248820447}, {""round"": 10, ""budget"": 264, ""best_label"": 3.75732089506}, {""round"": 11, ""budget"": 288, ""best_label"": 3.911256855965}, {""round"": 12, ""budget"": 312, ""best_label"": 3.74820126255}, {""round"": 13, ""budget"": 336, ""best_label"": 3.92696065083}, {""round"": 14, ""budget"": 360, ""best_label"": 3.80500105479}, {""round"": 15, ""budget"": 384, ""best_label"": 3.76142704641}]"
random,22,384,384,4.0268,2.2119,,0,0.0,"[{""round"": 0, ""budget"": 24, ""best_label"": 3.78233167913}, {""round"": 1, ""budget"": 48, ""best_label"": 4.013864698419998}, {""round"": 2, ""budget"": 72, ""best_label"": 3.91218570489}, {""round"": 3, ""budget"": 96, ""best_label"": 3.85251781873}, {""round"": 4, ""budget"": 120, ""best_label"": 3.74273916464}, {""round"": 5, ""budget"": 144, ""best_label"": 4.02678534403}, {""round"": 6, ""budget"": 168, ""best_label"": 3.87752330556}, {""round"": 7, ""budget"": 192, ""best_label"": 3.75580911102}, {""round"": 8, ""budget"": 216, ""best_label"": 3.68017670545}, {""round"": 9, ""budget"": 240, ""best_label"": 3.66324761447}, {""round"": 10, ""budget"": 264, ""best_label"": 3.857330835630001}, {""round"": 11, ""budget"": 288, ""best_label"": 3.81412260502}, {""round"": 12, ""budget"": 312, ""best_label"": 3.79456151883}, {""round"": 13, ""budget"": 336, ""best_label"": 3.77778835707}, {""round"": 14, ""budget"": 360, ""best_label"": 3.68350861992}, {""round"": 15, ""budget"": 384, ""best_label"": 3.84298958161}]"
random,33,384,384,3.8838,3.1037,,0,0.0,"[{""round"": 0, ""budget"": 24, ""best_label"": 3.78685404806}, {""round"": 1, ""budget"": 48, ""best_label"": 3.787969844030002}, {""round"": 2, ""budget"": 72, ""best_label"": 3.80815456747}, {""round"": 3, ""budget"": 96, ""best_label"": 3.70947279816}, {""round"": 4, ""budget"": 120, ""best_label"": 3.65212809833}, {""round"": 5, ""budget"": 144, ""best_label"": 3.83105581227}, {""round"": 6, ""budget"": 168, ""best_label"": 3.8105863929}, {""round"": 7, ""budget"": 192, ""best_label"": 3.77046081955}, {""round"": 8, ""budget"": 216, ""best_label"": 3.79726321519}, {""round"": 9, ""budget"": 240, ""best_label"": 3.77597388736}, {""round"": 10, ""budget"": 264, ""best_label"": 3.88378812607}, {""round"": 11, ""budget"": 288, ""best_label"": 3.7540769493}, {""round"": 12, ""budget"": 312, ""best_label"": 3.8182206826}, {""round"": 13, ""budget"": 336, ""best_label"": 3.79107222206}, {""round"": 14, ""budget"": 360, ""best_label"": 3.77597434502}, {""round"": 15, ""budget"": 384, ""best_label"": 3.8420717683800008}]"
random,44,384,384,4.1231,2.4198,,0,0.0,"[{""round"": 0, ""budget"": 24, ""best_label"": 3.71926907017}, {""round"": 1, ""budget"": 48, ""best_label"": 3.70932586506667}, {""round"": 2, ""budget"": 72, ""best_label"": 3.84957986757}, {""round"": 3, ""budget"": 96, ""best_label"": 3.75896595024}, {""round"": 4, ""budget"": 120, ""best_label"": 3.7641315453199993}, {""round"": 5, ""budget"": 144, ""best_label"": 3.7997754490300006}, {""round"": 6, ""budget"": 168, ""best_label"": 3.82757335017}, {""round"": 7, ""budget"": 192, ""best_label"": 3.7350767384900014}, {""round"": 8, ""budget"": 216, ""best_label"": 3.71466300189}, {""round"": 9, ""budget"": 240, ""best_label"": 4.12310906338}, {""round"": 10, ""budget"": 264, ""best_label"": 3.758831765225}, {""round"": 11, ""budget"": 288, ""best_label"": 3.82689906554}, {""round"": 12, ""budget"": 312, ""best_label"": 3.87186570787}, {""round"": 13, ""budget"": 336, ""best_label"": 3.75462700228}, {""round"": 14, ""budget"": 360, ""best_label"": 3.7381543283800007}, {""round"": 15, ""budget"": 384, ""best_label"": 3.83644186505}]"
random,55,384,384,3.9298,2.831,,0,0.0,"[{""round"": 0, ""budget"": 24, ""best_label"": 3.72533450719}, {""round"": 1, ""budget"": 48, ""best_label"": 3.81970711477}, {""round"": 2, ""budget"": 72, ""best_label"": 3.86011149749}, {""round"": 3, ""budget"": 96, ""best_label"": 3.75588120116}, {""round"": 4, ""budget"": 120, ""best_label"": 3.73988924891}, {""round"": 5, ""budget"": 144, ""best_label"": 3.86876186265}, {""round"": 6, ""budget"": 168, ""best_label"": 3.75801739335}, {""round"": 7, ""budget"": 192, ""best_label"": 3.8363316404}, {""round"": 8, ""budget"": 216, ""best_label"": 3.74654316669}, {""round"": 9, ""budget"": 240, ""best_label"": 3.79740829371}, {""round"": 10, ""budget"": 264, ""best_label"": 3.792771406630002}, {""round"": 11, ""budget"": 288, ""best_label"": 3.8467486153400015}, {""round"": 12, ""budget"": 312, ""best_label"": 3.90389095979}, {""round"": 13, ""budget"": 336, ""best_label"": 3.76107069124}, {""round"": 14, ""budget"": 360, ""best_label"": 3.853267411080002}, {""round"": 15, ""budget"": 384, ""best_label"": 3.9297767208800014}]"
random,66,384,384,3.8763,2.6629,,0,0.0,"[{""round"": 0, ""budget"": 24, ""best_label"": 3.75983880995}, {""round"": 1, ""budget"": 48, ""best_label"": 3.87634027049}, {""round"": 2, ""budget"": 72, ""best_label"": 3.81197040681}, {""round"": 3, ""budget"": 96, ""best_label"": 3.78029799109}, {""round"": 4, ""budget"": 120, ""best_label"": 3.7382290922400014}, {""round"": 5, ""budget"": 144, ""best_label"": 3.8024267471800006}, {""round"": 6, ""budget"": 168, ""best_label"": 3.76495602132}, {""round"": 7, ""budget"": 192, ""best_label"": 3.76581310061}, {""round"": 8, ""budget"": 216, ""best_label"": 3.81096417971}, {""round"": 9, ""budget"": 240, ""best_label"": 3.69739291472}, {""round"": 10, ""budget"": 264, ""best_label"": 3.80641710227}, {""round"": 11, ""budget"": 288, ""best_label"": 3.74302127624}, {""round"": 12, ""budget"": 312, ""best_label"": 3.84374539121}, {""round"": 13, ""budget"": 336, ""best_label"": 3.874866509630001}, {""round"": 14, ""budget"": 360, ""best_label"": 3.80080608128}, {""round"": 15, ""budget"": 384, ""best_label"": 3.774418186865}]"
random,77,384,384,3.8817,2.7872,,0,0.0,"[{""round"": 0, ""budget"": 24, ""best_label"": 3.7378860328900014}, {""round"": 1, ""budget"": 48, ""best_label"": 3.8425349291300006}, {""round"": 2, ""budget"": 72, ""best_label"": 3.781251268879}, {""round"": 3, ""budget"": 96, ""best_label"": 3.85805760359}, {""round"": 4, ""budget"": 120, ""best_label"": 3.72505190977}, {""round"": 5, ""budget"": 144, ""best_label"": 3.78777279634}, {""round"": 6, ""budget"": 168, ""best_label"": 3.76447009302}, {""round"": 7, ""budget"": 192, ""best_label"": 3.72330442023}, {""round"": 8, ""budget"": 216, ""best_label"": 3.862432867375}, {""round"": 9, ""budget"": 240, ""best_label"": 3.79471033133}, {""round"": 10, ""budget"": 264, ""best_label"": 3.79538913632}, {""round"": 11, ""budget"": 288, ""best_label"": 3.74211818427}, {""round"": 12, ""budget"": 312, ""best_label"": 3.77015362216}, {""round"": 13, ""budget"": 336, ""best_label"": 3.87127290838}, {""round"": 14, ""budget"": 360, ""best_label"": 3.88165204632}, {""round"": 15, ""budget"": 384, ""best_label"": 3.7872300293}]"
random,88,384,384,3.9755,2.5668,,0,0.0,"[{""round"": 0, ""budget"": 24, ""best_label"": 3.72143940023}, {""round"": 1, ""budget"": 48, ""best_label"": 3.73218881905}, {""round"": 2, ""budget"": 72, ""best_label"": 3.7912422047400014}, {""round"": 3, ""budget"": 96, ""best_label"": 3.893948897869999}, {""round"": 4, ""budget"": 120, ""best_label"": 3.81135846948}, {""round"": 5, ""budget"": 144, ""best_label"": 3.9755409443}, {""round"": 6, ""budget"": 168, ""best_label"": 3.63401367453}, {""round"": 7, ""budget"": 192, ""best_label"": 3.88443774884}, {""round"": 8, ""budget"": 216, ""best_label"": 3.83142109672}, {""round"": 9, ""budget"": 240, ""best_label"": 3.78987906099}, {""round"": 10, ""budget"": 264, ""best_label"": 3.7215695208800006}, {""round"": 11, ""budget"": 288, ""best_label"": 3.79002316523}, {""round"": 12, ""budget"": 312, ""best_label"": 3.77597430847}, {""round"": 13, ""budget"": 336, ""best_label"": 3.82876468265}, {""round"": 14, ""budget"": 360, ""best_label"": 3.77597448813}, {""round"": 15, ""budget"": 384, ""best_label"": 3.76263005562}]"
random-prior,11,96,96,3.7973,2.6872,,0,0.4,"[{""round"": 0, ""budget"": 24, ""best_label"": 3.78401025256}, {""round"": 1, ""budget"": 48, ""best_label"": 3.76962261142}, {""round"": 2, ""budget"": 72, ""best_label"": 3.79726321519}, {""round"": 3, ""budget"": 96, ""best_label"": 3.793548817130002}]"
random-prior,22,96,96,3.8501,2.5787,,0,0.3,"[{""round"": 0, ""budget"": 24, ""best_label"": 3.78404769899}, {""round"": 1, ""budget"": 48, ""best_label"": 3.85008641169}, {""round"": 2, ""budget"": 72, ""best_label"": 3.8115665115383295}, {""round"": 3, ""budget"": 96, ""best_label"": 3.82337579652}]"
random-prior,33,96,96,3.8899,2.4201,,0,0.3,"[{""round"": 0, ""budget"": 24, ""best_label"": 3.88860160002}, {""round"": 1, ""budget"": 48, ""best_label"": 3.88990290766}, {""round"": 2, ""budget"": 72, ""best_label"": 3.82321886712}, {""round"": 3, ""budget"": 96, ""best_label"": 3.75955935845}]"
random-prior,44,96,96,3.8117,2.3967,,0,0.3,"[{""round"": 0, ""budget"": 24, ""best_label"": 3.81167189936}, {""round"": 1, ""budget"": 48, ""best_label"": 3.776162609972}, {""round"": 2, ""budget"": 72, ""best_label"": 3.75837718083}, {""round"": 3, ""budget"": 96, ""best_label"": 3.76581310061}]"
random-prior,55,96,96,3.8975,3.0027,,0,0.3,"[{""round"": 0, ""budget"": 24, ""best_label"": 3.8974692349}, {""round"": 1, ""budget"": 48, ""best_label"": 3.8095446764}, {""round"": 2, ""budget"": 72, ""best_label"": 3.83430419605}, {""round"": 3, ""budget"": 96, ""best_label"": 3.83430419605}]"
random-prior,66,96,96,3.9122,3.0465,,0,0.3,"[{""round"": 0, ""budget"": 24, ""best_label"": 3.88860160002}, {""round"": 1, ""budget"": 48, ""best_label"": 3.8231935446900014}, {""round"": 2, ""budget"": 72, ""best_label"": 3.91218570489}, {""round"": 3, ""budget"": 96, ""best_label"": 3.803737540765}]"
random-prior,77,96,96,3.9105,2.6046,,0,0.3,"[{""round"": 0, ""budget"": 24, ""best_label"": 3.8109936534800006}, {""round"": 1, ""budget"": 48, ""best_label"": 3.910500967830002}, {""round"": 2, ""budget"": 72, ""best_label"": 3.8367989063514303}, {""round"": 3, ""budget"": 96, ""best_label"": 3.79312030725}]"
random-prior,88,96,96,3.8269,3.0055,,0,0.3,"[{""round"": 0, ""budget"": 24, ""best_label"": 3.80040312923}, {""round"": 1, ""budget"": 48, ""best_label"": 3.772891574780002}, {""round"": 2, ""budget"": 72, ""best_label"": 3.82689906554}, {""round"": 3, ""budget"": 96, ""best_label"": 3.803737540765}]"
random-prior,11,192,192,3.9923,2.7828,,0,0.3,"[{""round"": 0, ""budget"": 24, ""best_label"": 3.78401025256}, {""round"": 1, ""budget"": 48, ""best_label"": 3.76962261142}, {""round"": 2, ""budget"": 72, ""best_label"": 3.79726321519}, {""round"": 3, ""budget"": 96, ""best_label"": 3.793548817130002}, {""round"": 4, ""budget"": 120, ""best_label"": 3.81163900632}, {""round"": 5, ""budget"": 144, ""best_label"": 3.9923212258}, {""round"": 6, ""budget"": 168, ""best_label"": 3.82663130139}, {""round"": 7, ""budget"": 192, ""best_label"": 3.86861083016}]"
random-prior,22,192,192,3.9462,2.6408,,0,0.3,"[{""round"": 0, ""budget"": 24, ""best_label"": 3.78404769899}, {""round"": 1, ""budget"": 48, ""best_label"": 3.85008641169}, {""round"": 2, ""budget"": 72, ""best_label"": 3.8115665115383295}, {""round"": 3, ""budget"": 96, ""best_label"": 3.82337579652}, {""round"": 4, ""budget"": 120, ""best_label"": 3.788957254512}, {""round"": 5, ""budget"": 144, ""best_label"": 3.9462448390699993}, {""round"": 6, ""budget"": 168, ""best_label"": 3.9074431998}, {""round"": 7, ""budget"": 192, ""best_label"": 3.7654405957254498}]"
random-prior,33,192,192,3.9288,2.6564,,0,0.4,"[{""round"": 0, ""budget"": 24, ""best_label"": 3.88860160002}, {""round"": 1, ""budget"": 48, ""best_label"": 3.88990290766}, {""round"": 2, ""budget"": 72, ""best_label"": 3.82321886712}, {""round"": 3, ""budget"": 96, ""best_label"": 3.75955935845}, {""round"": 4, ""budget"": 120, ""best_label"": 3.83733679738}, {""round"": 5, ""budget"": 144, ""best_label"": 3.92875026083}, {""round"": 6, ""budget"": 168, ""best_label"": 3.70308803086}, {""round"": 7, ""budget"": 192, ""best_label"": 3.83657727083}]"
random-prior,44,192,192,3.9226,2.6231,,0,0.3,"[{""round"": 0, ""budget"": 24, ""best_label"": 3.81167189936}, {""round"": 1, ""budget"": 48, ""best_label"": 3.776162609972}, {""round"": 2, ""budget"": 72, ""best_label"": 3.75837718083}, {""round"": 3, ""budget"": 96, ""best_label"": 3.76581310061}, {""round"": 4, ""budget"": 120, ""best_label"": 3.777502142130001}, {""round"": 5, ""budget"": 144, ""best_label"": 3.81283242906}, {""round"": 6, ""budget"": 168, ""best_label"": 3.89725211269}, {""round"": 7, ""budget"": 192, ""best_label"": 3.92264093089}]"
random-prior,55,192,192,3.8975,2.4751,,0,0.4,"[{""round"": 0, ""budget"": 24, ""best_label"": 3.8974692349}, {""round"": 1, ""budget"": 48, ""best_label"": 3.8095446764}, {""round"": 2, ""budget"": 72, ""best_label"": 3.83430419605}, {""round"": 3, ""budget"": 96, ""best_label"": 3.83430419605}, {""round"": 4, ""budget"": 120, ""best_label"": 3.85554797578}, {""round"": 5, ""budget"": 144, ""best_label"": 3.88965191239}, {""round"": 6, ""budget"": 168, ""best_label"": 3.78842978365}, {""round"": 7, ""budget"": 192, ""best_label"": 3.8949242631}]"
random-prior,66,192,192,3.9218,2.4692,,0,0.4,"[{""round"": 0, ""budget"": 24, ""best_label"": 3.88860160002}, {""round"": 1, ""budget"": 48, ""best_label"": 3.8231935446900014}, {""round"": 2, ""budget"": 72, ""best_label"": 3.91218570489}, {""round"": 3, ""budget"": 96, ""best_label"": 3.803737540765}, {""round"": 4, ""budget"": 120, ""best_label"": 3.75774692977333}, {""round"": 5, ""budget"": 144, ""best_label"": 3.9218424121900006}, {""round"": 6, ""budget"": 168, ""best_label"": 3.80718392505}, {""round"": 7, ""budget"": 192, ""best_label"": 3.87506031443}]"
random-prior,77,192,192,3.9122,2.9279,,0,0.4,"[{""round"": 0, ""budget"": 24, ""best_label"": 3.8109936534800006}, {""round"": 1, ""budget"": 48, ""best_label"": 3.910500967830002}, {""round"": 2, ""budget"": 72, ""best_label"": 3.8367989063514303}, {""round"": 3, ""budget"": 96, ""best_label"": 3.79312030725}, {""round"": 4, ""budget"": 120, ""best_label"": 3.91218570489}, {""round"": 5, ""budget"": 144, ""best_label"": 3.803737540765}, {""round"": 6, ""budget"": 168, ""best_label"": 3.7134090578185694}, {""round"": 7, ""budget"": 192, ""best_label"": 3.77057133739}]"
random-prior,88,192,192,3.9923,2.8032,,0,0.4,"[{""round"": 0, ""budget"": 24, ""best_label"": 3.80040312923}, {""round"": 1, ""budget"": 48, ""best_label"": 3.772891574780002}, {""round"": 2, ""budget"": 72, ""best_label"": 3.82689906554}, {""round"": 3, ""budget"": 96, ""best_label"": 3.803737540765}, {""round"": 4, ""budget"": 120, ""best_label"": 3.87168399712}, {""round"": 5, ""budget"": 144, ""best_label"": 3.9923212258}, {""round"": 6, ""budget"": 168, ""best_label"": 3.79312030725}, {""round"": 7, ""budget"": 192, ""best_label"": 3.92875026083}]"
random-prior,11,384,384,4.008,1.955,,0,0.4,"[{""round"": 0, ""budget"": 24, ""best_label"": 3.78401025256}, {""round"": 1, ""budget"": 48, ""best_label"": 3.76962261142}, {""round"": 2, ""budget"": 72, ""best_label"": 3.79726321519}, {""round"": 3, ""budget"": 96, ""best_label"": 3.793548817130002}, {""round"": 4, ""budget"": 120, ""best_label"": 3.81163900632}, {""round"": 5, ""budget"": 144, ""best_label"": 3.9923212258}, {""round"": 6, ""budget"": 168, ""best_label"": 3.82663130139}, {""round"": 7, ""budget"": 192, ""best_label"": 3.86861083016}, {""round"": 8, ""budget"": 216, ""best_label"": 3.79238590905}, {""round"": 9, ""budget"": 240, ""best_label"": 3.792177927330002}, {""round"": 10, ""budget"": 264, ""best_label"": 3.95708916547}, {""round"": 11, ""budget"": 288, ""best_label"": 4.0079749859}, {""round"": 12, ""budget"": 312, ""best_label"": 3.89999651157}, {""round"": 13, ""budget"": 336, ""best_label"": 3.9297767208800014}, {""round"": 14, ""budget"": 360, ""best_label"": 3.79312030725}, {""round"": 15, ""budget"": 384, ""best_label"": 3.8115665115383295}]"
random-prior,22,384,384,4.0108,2.2119,,0,0.4,"[{""round"": 0, ""budget"": 24, ""best_label"": 3.78404769899}, {""round"": 1, ""budget"": 48, ""best_label"": 3.85008641169}, {""round"": 2, ""budget"": 72, ""best_label"": 3.8115665115383295}, {""round"": 3, ""budget"": 96, ""best_label"": 3.82337579652}, {""round"": 4, ""budget"": 120, ""best_label"": 3.788957254512}, {""round"": 5, ""budget"": 144, ""best_label"": 3.9462448390699993}, {""round"": 6, ""budget"": 168, ""best_label"": 3.9074431998}, {""round"": 7, ""budget"": 192, ""best_label"": 3.7654405957254498}, {""round"": 8, ""budget"": 216, ""best_label"": 3.76661276003}, {""round"": 9, ""budget"": 240, ""best_label"": 4.01084338675}, {""round"": 10, ""budget"": 264, ""best_label"": 3.80650794833}, {""round"": 11, ""budget"": 288, ""best_label"": 3.91363956578}, {""round"": 12, ""budget"": 312, ""best_label"": 3.76620196619}, {""round"": 13, ""budget"": 336, ""best_label"": 3.78401025256}, {""round"": 14, ""budget"": 360, ""best_label"": 3.90224338822}, {""round"": 15, ""budget"": 384, ""best_label"": 3.91456346659}]"
random-prior,33,384,384,4.0306,3.1037,,0,0.4,"[{""round"": 0, ""budget"": 24, ""best_label"": 3.88860160002}, {""round"": 1, ""budget"": 48, ""best_label"": 3.88990290766}, {""round"": 2, ""budget"": 72, ""best_label"": 3.82321886712}, {""round"": 3, ""budget"": 96, ""best_label"": 3.75955935845}, {""round"": 4, ""budget"": 120, ""best_label"": 3.83733679738}, {""round"": 5, ""budget"": 144, ""best_label"": 3.92875026083}, {""round"": 6, ""budget"": 168, ""best_label"": 3.70308803086}, {""round"": 7, ""budget"": 192, ""best_label"": 3.83657727083}, {""round"": 8, ""budget"": 216, ""best_label"": 3.80963566179}, {""round"": 9, ""budget"": 240, ""best_label"": 4.030607799019998}, {""round"": 10, ""budget"": 264, ""best_label"": 3.97213372817}, {""round"": 11, ""budget"": 288, ""best_label"": 3.88650863036}, {""round"": 12, ""budget"": 312, ""best_label"": 3.81836024891}, {""round"": 13, ""budget"": 336, ""best_label"": 3.88860160002}, {""round"": 14, ""budget"": 360, ""best_label"": 4.0079749859}, {""round"": 15, ""budget"": 384, ""best_label"": 3.76971726314}]"
random-prior,44,384,384,4.1136,2.4198,,0,0.4,"[{""round"": 0, ""budget"": 24, ""best_label"": 3.81167189936}, {""round"": 1, ""budget"": 48, ""best_label"": 3.776162609972}, {""round"": 2, ""budget"": 72, ""best_label"": 3.75837718083}, {""round"": 3, ""budget"": 96, ""best_label"": 3.76581310061}, {""round"": 4, ""budget"": 120, ""best_label"": 3.777502142130001}, {""round"": 5, ""budget"": 144, ""best_label"": 3.81283242906}, {""round"": 6, ""budget"": 168, ""best_label"": 3.89725211269}, {""round"": 7, ""budget"": 192, ""best_label"": 3.92264093089}, {""round"": 8, ""budget"": 216, ""best_label"": 3.9923212258}, {""round"": 9, ""budget"": 240, ""best_label"": 4.11357579525}, {""round"": 10, ""budget"": 264, ""best_label"": 3.89725211269}, {""round"": 11, ""budget"": 288, ""best_label"": 3.791608025115}, {""round"": 12, ""budget"": 312, ""best_label"": 3.75151272063}, {""round"": 13, ""budget"": 336, ""best_label"": 3.73313256047}, {""round"": 14, ""budget"": 360, ""best_label"": 3.84011592586}, {""round"": 15, ""budget"": 384, ""best_label"": 3.8847714694}]"
random-prior,55,384,384,3.9462,2.831,,0,0.4,"[{""round"": 0, ""budget"": 24, ""best_label"": 3.8974692349}, {""round"": 1, ""budget"": 48, ""best_label"": 3.8095446764}, {""round"": 2, ""budget"": 72, ""best_label"": 3.83430419605}, {""round"": 3, ""budget"": 96, ""best_label"": 3.83430419605}, {""round"": 4, ""budget"": 120, ""best_label"": 3.85554797578}, {""round"": 5, ""budget"": 144, ""best_label"": 3.88965191239}, {""round"": 6, ""budget"": 168, ""best_label"": 3.78842978365}, {""round"": 7, ""budget"": 192, ""best_label"": 3.8949242631}, {""round"": 8, ""budget"": 216, ""best_label"": 3.803737540765}, {""round"": 9, ""budget"": 240, ""best_label"": 3.79726321519}, {""round"": 10, ""budget"": 264, ""best_label"": 3.81283242906}, {""round"": 11, ""budget"": 288, ""best_label"": 3.78401025256}, {""round"": 12, ""budget"": 312, ""best_label"": 3.789131896295}, {""round"": 13, ""budget"": 336, ""best_label"": 3.9462448390699993}, {""round"": 14, ""budget"": 360, ""best_label"": 3.8564872496699993}, {""round"": 15, ""budget"": 384, ""best_label"": 3.7510042}]"
random-prior,66,384,384,4.008,2.6629,,0,0.4,"[{""round"": 0, ""budget"": 24, ""best_label"": 3.88860160002}, {""round"": 1, ""budget"": 48, ""best_label"": 3.8231935446900014}, {""round"": 2, ""budget"": 72, ""best_label"": 3.91218570489}, {""round"": 3, ""budget"": 96, ""best_label"": 3.803737540765}, {""round"": 4, ""budget"": 120, ""best_label"": 3.75774692977333}, {""round"": 5, ""budget"": 144, ""best_label"": 3.9218424121900006}, {""round"": 6, ""budget"": 168, ""best_label"": 3.80718392505}, {""round"": 7, ""budget"": 192, ""best_label"": 3.87506031443}, {""round"": 8, ""budget"": 216, ""best_label"": 4.0079749859}, {""round"": 9, ""budget"": 240, ""best_label"": 3.87297019732}, {""round"": 10, ""budget"": 264, ""best_label"": 3.87601051656}, {""round"": 11, ""budget"": 288, ""best_label"": 3.97910423572}, {""round"": 12, ""budget"": 312, ""best_label"": 3.77087325896083}, {""round"": 13, ""budget"": 336, ""best_label"": 3.7069700963}, {""round"": 14, ""budget"": 360, ""best_label"": 3.80660527477}, {""round"": 15, ""budget"": 384, ""best_label"": 3.8115665115383295}]"
random-prior,77,384,384,3.956,2.7872,,0,0.4,"[{""round"": 0, ""budget"": 24, ""best_label"": 3.8109936534800006}, {""round"": 1, ""budget"": 48, ""best_label"": 3.910500967830002}, {""round"": 2, ""budget"": 72, ""best_label"": 3.8367989063514303}, {""round"": 3, ""budget"": 96, ""best_label"": 3.79312030725}, {""round"": 4, ""budget"": 120, ""best_label"": 3.91218570489}, {""round"": 5, ""budget"": 144, ""best_label"": 3.803737540765}, {""round"": 6, ""budget"": 168, ""best_label"": 3.7134090578185694}, {""round"": 7, ""budget"": 192, ""best_label"": 3.77057133739}, {""round"": 8, ""budget"": 216, ""best_label"": 3.77240542127}, {""round"": 9, ""budget"": 240, ""best_label"": 3.786293910940002}, {""round"": 10, ""budget"": 264, ""best_label"": 3.82663130139}, {""round"": 11, ""budget"": 288, ""best_label"": 3.95603200407}, {""round"": 12, ""budget"": 312, ""best_label"": 3.7557456715216695}, {""round"": 13, ""budget"": 336, ""best_label"": 3.90677578216}, {""round"": 14, ""budget"": 360, ""best_label"": 3.899559507}, {""round"": 15, ""budget"": 384, ""best_label"": 3.81283242906}]"
random-prior,88,384,384,3.9923,2.5668,,0,0.3,"[{""round"": 0, ""budget"": 24, ""best_label"": 3.80040312923}, {""round"": 1, ""budget"": 48, ""best_label"": 3.772891574780002}, {""round"": 2, ""budget"": 72, ""best_label"": 3.82689906554}, {""round"": 3, ""budget"": 96, ""best_label"": 3.803737540765}, {""round"": 4, ""budget"": 120, ""best_label"": 3.87168399712}, {""round"": 5, ""budget"": 144, ""best_label"": 3.9923212258}, {""round"": 6, ""budget"": 168, ""best_label"": 3.79312030725}, {""round"": 7, ""budget"": 192, ""best_label"": 3.92875026083}, {""round"": 8, ""budget"": 216, ""best_label"": 3.81255140901}, {""round"": 9, ""budget"": 240, ""best_label"": 3.9843820033}, {""round"": 10, ""budget"": 264, ""best_label"": 3.86684438382}, {""round"": 11, ""budget"": 288, ""best_label"": 3.92264093089}, {""round"": 12, ""budget"": 312, ""best_label"": 3.8971122241300007}, {""round"": 13, ""budget"": 336, ""best_label"": 3.82663130139}, {""round"": 14, ""budget"": 360, ""best_label"": 3.88965191239}, {""round"": 15, ""budget"": 384, ""best_label"": 3.85125237013}]"
ridge-AL,11,96,96,3.8239,3.141,0.2584,0,0.6,"[{""round"": 0, ""budget"": 24, ""best_label"": 3.82387087061}, {""round"": 1, ""budget"": 48, ""best_label"": 3.82387087061}, {""round"": 2, ""budget"": 72, ""best_label"": 3.82387087061}, {""round"": 3, ""budget"": 96, ""best_label"": 3.82387087061}]"
ridge-AL,22,96,96,3.7663,3.0768,0.3195,0,0.5,"[{""round"": 0, ""budget"": 24, ""best_label"": 3.76626498185}, {""round"": 1, ""budget"": 48, ""best_label"": 3.76626498185}, {""round"": 2, ""budget"": 72, ""best_label"": 3.76626498185}, {""round"": 3, ""budget"": 96, ""best_label"": 3.76626498185}]"
ridge-AL,33,96,96,3.8419,2.8525,0.3019,0,0.5,"[{""round"": 0, ""budget"": 24, ""best_label"": 3.841910466}, {""round"": 1, ""budget"": 48, ""best_label"": 3.841910466}, {""round"": 2, ""budget"": 72, ""best_label"": 3.841910466}, {""round"": 3, ""budget"": 96, ""best_label"": 3.841910466}]"
ridge-AL,44,96,96,3.696,2.4559,0.2158,0,0.5,"[{""round"": 0, ""budget"": 24, ""best_label"": 3.65578107564}, {""round"": 1, ""budget"": 48, ""best_label"": 3.65578107564}, {""round"": 2, ""budget"": 72, ""best_label"": 3.69604485805}, {""round"": 3, ""budget"": 96, ""best_label"": 3.69604485805}]"
ridge-AL,55,96,96,3.8667,3.4431,0.3239,0,0.5,"[{""round"": 0, ""budget"": 24, ""best_label"": 3.86668366764}, {""round"": 1, ""budget"": 48, ""best_label"": 3.86668366764}, {""round"": 2, ""budget"": 72, ""best_label"": 3.86668366764}, {""round"": 3, ""budget"": 96, ""best_label"": 3.86668366764}]"
ridge-AL,66,96,96,3.9529,2.9845,0.3174,0,0.5,"[{""round"": 0, ""budget"": 24, ""best_label"": 3.95288280165}, {""round"": 1, ""budget"": 48, ""best_label"": 3.95288280165}, {""round"": 2, ""budget"": 72, ""best_label"": 3.95288280165}, {""round"": 3, ""budget"": 96, ""best_label"": 3.95288280165}]"
ridge-AL,77,96,96,3.8733,3.4554,0.2476,0,0.5,"[{""round"": 0, ""budget"": 24, ""best_label"": 3.87331675619}, {""round"": 1, ""budget"": 48, ""best_label"": 3.87331675619}, {""round"": 2, ""budget"": 72, ""best_label"": 3.87331675619}, {""round"": 3, ""budget"": 96, ""best_label"": 3.87331675619}]"
ridge-AL,88,96,96,3.7909,3.2942,0.3522,0,0.5,"[{""round"": 0, ""budget"": 24, ""best_label"": 3.7909265646}, {""round"": 1, ""budget"": 48, ""best_label"": 3.7909265646}, {""round"": 2, ""budget"": 72, ""best_label"": 3.7909265646}, {""round"": 3, ""budget"": 96, ""best_label"": 3.7909265646}]"
ridge-AL,11,192,192,3.8239,3.0787,0.2538,0,1.3,"[{""round"": 0, ""budget"": 24, ""best_label"": 3.82387087061}, {""round"": 1, ""budget"": 48, ""best_label"": 3.82387087061}, {""round"": 2, ""budget"": 72, ""best_label"": 3.82387087061}, {""round"": 3, ""budget"": 96, ""best_label"": 3.82387087061}, {""round"": 4, ""budget"": 120, ""best_label"": 3.82387087061}, {""round"": 5, ""budget"": 144, ""best_label"": 3.82387087061}, {""round"": 6, ""budget"": 168, ""best_label"": 3.82387087061}, {""round"": 7, ""budget"": 192, ""best_label"": 3.82387087061}]"
ridge-AL,22,192,192,3.7663,3.4101,0.2848,0,1.2,"[{""round"": 0, ""budget"": 24, ""best_label"": 3.76626498185}, {""round"": 1, ""budget"": 48, ""best_label"": 3.76626498185}, {""round"": 2, ""budget"": 72, ""best_label"": 3.76626498185}, {""round"": 3, ""budget"": 96, ""best_label"": 3.76626498185}, {""round"": 4, ""budget"": 120, ""best_label"": 3.76626498185}, {""round"": 5, ""budget"": 144, ""best_label"": 3.76626498185}, {""round"": 6, ""budget"": 168, ""best_label"": 3.76626498185}, {""round"": 7, ""budget"": 192, ""best_label"": 3.76626498185}]"
ridge-AL,33,192,192,3.8419,2.7491,0.2998,0,1.1,"[{""round"": 0, ""budget"": 24, ""best_label"": 3.841910466}, {""round"": 1, ""budget"": 48, ""best_label"": 3.841910466}, {""round"": 2, ""budget"": 72, ""best_label"": 3.841910466}, {""round"": 3, ""budget"": 96, ""best_label"": 3.841910466}, {""round"": 4, ""budget"": 120, ""best_label"": 3.841910466}, {""round"": 5, ""budget"": 144, ""best_label"": 3.841910466}, {""round"": 6, ""budget"": 168, ""best_label"": 3.841910466}, {""round"": 7, ""budget"": 192, ""best_label"": 3.841910466}]"
ridge-AL,44,192,192,3.875,3.16,0.2346,0,1.1,"[{""round"": 0, ""budget"": 24, ""best_label"": 3.65578107564}, {""round"": 1, ""budget"": 48, ""best_label"": 3.65578107564}, {""round"": 2, ""budget"": 72, ""best_label"": 3.69604485805}, {""round"": 3, ""budget"": 96, ""best_label"": 3.69604485805}, {""round"": 4, ""budget"": 120, ""best_label"": 3.87501518006}, {""round"": 5, ""budget"": 144, ""best_label"": 3.87501518006}, {""round"": 6, ""budget"": 168, ""best_label"": 3.87501518006}, {""round"": 7, ""budget"": 192, ""best_label"": 3.87501518006}]"
ridge-AL,55,192,192,3.8667,3.2883,0.3141,0,1.1,"[{""round"": 0, ""budget"": 24, ""best_label"": 3.86668366764}, {""round"": 1, ""budget"": 48, ""best_label"": 3.86668366764}, {""round"": 2, ""budget"": 72, ""best_label"": 3.86668366764}, {""round"": 3, ""budget"": 96, ""best_label"": 3.86668366764}, {""round"": 4, ""budget"": 120, ""best_label"": 3.86668366764}, {""round"": 5, ""budget"": 144, ""best_label"": 3.86668366764}, {""round"": 6, ""budget"": 168, ""best_label"": 3.86668366764}, {""round"": 7, ""budget"": 192, ""best_label"": 3.86668366764}]"
ridge-AL,66,192,192,3.9529,3.1254,0.2948,0,1.1,"[{""round"": 0, ""budget"": 24, ""best_label"": 3.95288280165}, {""round"": 1, ""budget"": 48, ""best_label"": 3.95288280165}, {""round"": 2, ""budget"": 72, ""best_label"": 3.95288280165}, {""round"": 3, ""budget"": 96, ""best_label"": 3.95288280165}, {""round"": 4, ""budget"": 120, ""best_label"": 3.95288280165}, {""round"": 5, ""budget"": 144, ""best_label"": 3.95288280165}, {""round"": 6, ""budget"": 168, ""best_label"": 3.95288280165}, {""round"": 7, ""budget"": 192, ""best_label"": 3.95288280165}]"
ridge-AL,77,192,192,3.8733,3.2983,0.2339,0,1.1,"[{""round"": 0, ""budget"": 24, ""best_label"": 3.87331675619}, {""round"": 1, ""budget"": 48, ""best_label"": 3.87331675619}, {""round"": 2, ""budget"": 72, ""best_label"": 3.87331675619}, {""round"": 3, ""budget"": 96, ""best_label"": 3.87331675619}, {""round"": 4, ""budget"": 120, ""best_label"": 3.87331675619}, {""round"": 5, ""budget"": 144, ""best_label"": 3.87331675619}, {""round"": 6, ""budget"": 168, ""best_label"": 3.87331675619}, {""round"": 7, ""budget"": 192, ""best_label"": 3.87331675619}]"
ridge-AL,88,192,192,3.7909,3.2918,0.298,0,1.3,"[{""round"": 0, ""budget"": 24, ""best_label"": 3.7909265646}, {""round"": 1, ""budget"": 48, ""best_label"": 3.7909265646}, {""round"": 2, ""budget"": 72, ""best_label"": 3.7909265646}, {""round"": 3, ""budget"": 96, ""best_label"": 3.7909265646}, {""round"": 4, ""budget"": 120, ""best_label"": 3.7909265646}, {""round"": 5, ""budget"": 144, ""best_label"": 3.7909265646}, {""round"": 6, ""budget"": 168, ""best_label"": 3.7909265646}, {""round"": 7, ""budget"": 192, ""best_label"": 3.7909265646}]"
ridge-AL,11,384,384,3.8239,3.268,0.2777,0,3.0,"[{""round"": 0, ""budget"": 24, ""best_label"": 3.82387087061}, {""round"": 1, ""budget"": 48, ""best_label"": 3.82387087061}, {""round"": 2, ""budget"": 72, ""best_label"": 3.82387087061}, {""round"": 3, ""budget"": 96, ""best_label"": 3.82387087061}, {""round"": 4, ""budget"": 120, ""best_label"": 3.82387087061}, {""round"": 5, ""budget"": 144, ""best_label"": 3.82387087061}, {""round"": 6, ""budget"": 168, ""best_label"": 3.82387087061}, {""round"": 7, ""budget"": 192, ""best_label"": 3.82387087061}, {""round"": 8, ""budget"": 216, ""best_label"": 3.82387087061}, {""round"": 9, ""budget"": 240, ""best_label"": 3.82387087061}, {""round"": 10, ""budget"": 264, ""best_label"": 3.82387087061}, {""round"": 11, ""budget"": 288, ""best_label"": 3.82387087061}, {""round"": 12, ""budget"": 312, ""best_label"": 3.82387087061}, {""round"": 13, ""budget"": 336, ""best_label"": 3.82387087061}, {""round"": 14, ""budget"": 360, ""best_label"": 3.82387087061}, {""round"": 15, ""budget"": 384, ""best_label"": 3.82387087061}]"
ridge-AL,22,384,384,3.7663,3.4294,0.3092,0,2.8,"[{""round"": 0, ""budget"": 24, ""best_label"": 3.76626498185}, {""round"": 1, ""budget"": 48, ""best_label"": 3.76626498185}, {""round"": 2, ""budget"": 72, ""best_label"": 3.76626498185}, {""round"": 3, ""budget"": 96, ""best_label"": 3.76626498185}, {""round"": 4, ""budget"": 120, ""best_label"": 3.76626498185}, {""round"": 5, ""budget"": 144, ""best_label"": 3.76626498185}, {""round"": 6, ""budget"": 168, ""best_label"": 3.76626498185}, {""round"": 7, ""budget"": 192, ""best_label"": 3.76626498185}, {""round"": 8, ""budget"": 216, ""best_label"": 3.76626498185}, {""round"": 9, ""budget"": 240, ""best_label"": 3.76626498185}, {""round"": 10, ""budget"": 264, ""best_label"": 3.76626498185}, {""round"": 11, ""budget"": 288, ""best_label"": 3.76626498185}, {""round"": 12, ""budget"": 312, ""best_label"": 3.76626498185}, {""round"": 13, ""budget"": 336, ""best_label"": 3.76626498185}, {""round"": 14, ""budget"": 360, ""best_label"": 3.76626498185}, {""round"": 15, ""budget"": 384, ""best_label"": 3.76626498185}]"
ridge-AL,33,384,384,3.8419,3.2616,0.3107,0,2.9,"[{""round"": 0, ""budget"": 24, ""best_label"": 3.841910466}, {""round"": 1, ""budget"": 48, ""best_label"": 3.841910466}, {""round"": 2, ""budget"": 72, ""best_label"": 3.841910466}, {""round"": 3, ""budget"": 96, ""best_label"": 3.841910466}, {""round"": 4, ""budget"": 120, ""best_label"": 3.841910466}, {""round"": 5, ""budget"": 144, ""best_label"": 3.841910466}, {""round"": 6, ""budget"": 168, ""best_label"": 3.841910466}, {""round"": 7, ""budget"": 192, ""best_label"": 3.841910466}, {""round"": 8, ""budget"": 216, ""best_label"": 3.841910466}, {""round"": 9, ""budget"": 240, ""best_label"": 3.841910466}, {""round"": 10, ""budget"": 264, ""best_label"": 3.841910466}, {""round"": 11, ""budget"": 288, ""best_label"": 3.841910466}, {""round"": 12, ""budget"": 312, ""best_label"": 3.841910466}, {""round"": 13, ""budget"": 336, ""best_label"": 3.841910466}, {""round"": 14, ""budget"": 360, ""best_label"": 3.841910466}, {""round"": 15, ""budget"": 384, ""best_label"": 3.841910466}]"
ridge-AL,44,384,384,3.875,3.4456,0.258,0,2.8,"[{""round"": 0, ""budget"": 24, ""best_label"": 3.65578107564}, {""round"": 1, ""budget"": 48, ""best_label"": 3.65578107564}, {""round"": 2, ""budget"": 72, ""best_label"": 3.69604485805}, {""round"": 3, ""budget"": 96, ""best_label"": 3.69604485805}, {""round"": 4, ""budget"": 120, ""best_label"": 3.87501518006}, {""round"": 5, ""budget"": 144, ""best_label"": 3.87501518006}, {""round"": 6, ""budget"": 168, ""best_label"": 3.87501518006}, {""round"": 7, ""budget"": 192, ""best_label"": 3.87501518006}, {""round"": 8, ""budget"": 216, ""best_label"": 3.87501518006}, {""round"": 9, ""budget"": 240, ""best_label"": 3.87501518006}, {""round"": 10, ""budget"": 264, ""best_label"": 3.87501518006}, {""round"": 11, ""budget"": 288, ""best_label"": 3.87501518006}, {""round"": 12, ""budget"": 312, ""best_label"": 3.87501518006}, {""round"": 13, ""budget"": 336, ""best_label"": 3.87501518006}, {""round"": 14, ""budget"": 360, ""best_label"": 3.87501518006}, {""round"": 15, ""budget"": 384, ""best_label"": 3.87501518006}]"
ridge-AL,55,384,384,3.8667,3.1312,0.3391,0,2.8,"[{""round"": 0, ""budget"": 24, ""best_label"": 3.86668366764}, {""round"": 1, ""budget"": 48, ""best_label"": 3.86668366764}, {""round"": 2, ""budget"": 72, ""best_label"": 3.86668366764}, {""round"": 3, ""budget"": 96, ""best_label"": 3.86668366764}, {""round"": 4, ""budget"": 120, ""best_label"": 3.86668366764}, {""round"": 5, ""budget"": 144, ""best_label"": 3.86668366764}, {""round"": 6, ""budget"": 168, ""best_label"": 3.86668366764}, {""round"": 7, ""budget"": 192, ""best_label"": 3.86668366764}, {""round"": 8, ""budget"": 216, ""best_label"": 3.86668366764}, {""round"": 9, ""budget"": 240, ""best_label"": 3.86668366764}, {""round"": 10, ""budget"": 264, ""best_label"": 3.86668366764}, {""round"": 11, ""budget"": 288, ""best_label"": 3.86668366764}, {""round"": 12, ""budget"": 312, ""best_label"": 3.86668366764}, {""round"": 13, ""budget"": 336, ""best_label"": 3.86668366764}, {""round"": 14, ""budget"": 360, ""best_label"": 3.86668366764}, {""round"": 15, ""budget"": 384, ""best_label"": 3.86668366764}]"
ridge-AL,66,384,384,3.9529,3.5647,0.3018,0,2.8,"[{""round"": 0, ""budget"": 24, ""best_label"": 3.95288280165}, {""round"": 1, ""budget"": 48, ""best_label"": 3.95288280165}, {""round"": 2, ""budget"": 72, ""best_label"": 3.95288280165}, {""round"": 3, ""budget"": 96, ""best_label"": 3.95288280165}, {""round"": 4, ""budget"": 120, ""best_label"": 3.95288280165}, {""round"": 5, ""budget"": 144, ""best_label"": 3.95288280165}, {""round"": 6, ""budget"": 168, ""best_label"": 3.95288280165}, {""round"": 7, ""budget"": 192, ""best_label"": 3.95288280165}, {""round"": 8, ""budget"": 216, ""best_label"": 3.95288280165}, {""round"": 9, ""budget"": 240, ""best_label"": 3.95288280165}, {""round"": 10, ""budget"": 264, ""best_label"": 3.95288280165}, {""round"": 11, ""budget"": 288, ""best_label"": 3.95288280165}, {""round"": 12, ""budget"": 312, ""best_label"": 3.95288280165}, {""round"": 13, ""budget"": 336, ""best_label"": 3.95288280165}, {""round"": 14, ""budget"": 360, ""best_label"": 3.95288280165}, {""round"": 15, ""budget"": 384, ""best_label"": 3.95288280165}]"
ridge-AL,77,384,384,3.8733,3.1479,0.2382,0,2.8,"[{""round"": 0, ""budget"": 24, ""best_label"": 3.87331675619}, {""round"": 1, ""budget"": 48, ""best_label"": 3.87331675619}, {""round"": 2, ""budget"": 72, ""best_label"": 3.87331675619}, {""round"": 3, ""budget"": 96, ""best_label"": 3.87331675619}, {""round"": 4, ""budget"": 120, ""best_label"": 3.87331675619}, {""round"": 5, ""budget"": 144, ""best_label"": 3.87331675619}, {""round"": 6, ""budget"": 168, ""best_label"": 3.87331675619}, {""round"": 7, ""budget"": 192, ""best_label"": 3.87331675619}, {""round"": 8, ""budget"": 216, ""best_label"": 3.87331675619}, {""round"": 9, ""budget"": 240, ""best_label"": 3.87331675619}, {""round"": 10, ""budget"": 264, ""best_label"": 3.87331675619}, {""round"": 11, ""budget"": 288, ""best_label"": 3.87331675619}, {""round"": 12, ""budget"": 312, ""best_label"": 3.87331675619}, {""round"": 13, ""budget"": 336, ""best_label"": 3.87331675619}, {""round"": 14, ""budget"": 360, ""best_label"": 3.87331675619}, {""round"": 15, ""budget"": 384, ""best_label"": 3.87331675619}]"
ridge-AL,88,384,384,3.7909,3.3656,0.281,0,2.9,"[{""round"": 0, ""budget"": 24, ""best_label"": 3.7909265646}, {""round"": 1, ""budget"": 48, ""best_label"": 3.7909265646}, {""round"": 2, ""budget"": 72, ""best_label"": 3.7909265646}, {""round"": 3, ""budget"": 96, ""best_label"": 3.7909265646}, {""round"": 4, ""budget"": 120, ""best_label"": 3.7909265646}, {""round"": 5, ""budget"": 144, ""best_label"": 3.7909265646}, {""round"": 6, ""budget"": 168, ""best_label"": 3.7909265646}, {""round"": 7, ""budget"": 192, ""best_label"": 3.7909265646}, {""round"": 8, ""budget"": 216, ""best_label"": 3.7909265646}, {""round"": 9, ""budget"": 240, ""best_label"": 3.7909265646}, {""round"": 10, ""budget"": 264, ""best_label"": 3.7909265646}, {""round"": 11, ""budget"": 288, ""best_label"": 3.7909265646}, {""round"": 12, ""budget"": 312, ""best_label"": 3.7909265646}, {""round"": 13, ""budget"": 336, ""best_label"": 3.7909265646}, {""round"": 14, ""budget"": 360, ""best_label"": 3.7909265646}, {""round"": 15, ""budget"": 384, ""best_label"": 3.7909265646}]"
